Algorithm: GEMM Simple
Result matrix:
5138 5027 5102 4846 5028 5092 5153 4894 5170 4891 4986 4588 4754 4887 5374 5202 4874 5035 4835 5028 4901 5361 4693 5273 4985 4711 4657 5103 5067 4966 5187 4903 4997 5015 5204 5125 5028 5163 5134 4966 4907 4788 4871 4906 4919 4972 4783 5192 4970 5317 5375 4874 5124 4909 5049 5357 4693 4757 4900 4951 4806 5020 4962 5071 4761 5016 4443 5300 4990 5119 5053 4847 4963 4987 5093 4820 4921 4857 4729 5190 4669 5119 4891 5186 4905 4921 5601 5026 4965 4745 5020 4728 4802 5426 4761 4829 5235 4495 5086 4999 5075 4681 4812 4674 4661 4983 5219 5053 5223 4510 5680 4713 5353 4795 5185 4764 4722 4817 5364 5204 4881 4991 5355 5162 4930 4784 4945 4650 5377 5177 5327 5125 5034 4831 4386 5298 5163 4386 5212 4917 4685 5414 5258 5778 5062 5203 5003 4843 5417 5032 5179 5037 4727 5136 4658 4839 4835 4752 4914 4716 5069 4562 5061 5238 4549 5053 4914 5144 4784 4827 4933 4402 5081 4795 4881 5010 4696 4510 4892 5214 4914 5055 5176 5292 4568 4961 4937 5222 4923 5139 5293 4724 5122 5267 5229 4772 5213 5097 5141 5094 5101 5285 4945 4776 5003 4784 5442 5018 4952 4793 4672 4715 5138 5224 5273 4839 5044 5048 5170 5046 4701 5213 5191 4816 5422 4464 4886 5361 4954 4511 4711 4731 5309 5282 4908 4701 4936 5483 5084 5213 4913 4874 5237 5337 4720 5158 5231 4706 5089 5064 
5252 5301 5306 4868 5231 5684 5352 4965 5262 4718 5252 4778 4911 5117 5293 5283 5090 5238 4877 5101 5238 5075 5149 5293 5232 5000 4899 5121 5257 5235 5071 4679 5041 5248 5340 5149 5362 5321 5338 5348 5125 5041 5240 5286 5025 5217 5159 5431 5178 5605 5206 5096 5262 5275 5049 5465 4856 4775 4993 5395 4732 5298 5327 5453 4822 5098 4951 5454 4965 5076 5396 5056 4911 5102 5302 5226 5309 5015 5014 5080 4870 4841 5390 5201 5260 5205 5542 5158 4772 4821 4938 4853 5135 5296 4992 5343 5204 4694 5378 5296 4890 5236 5278 5017 5377 5083 5400 5491 5231 4775 5886 4604 5302 5058 5444 5032 4821 5080 5473 5026 5105 5331 5485 5439 5147 5272 5157 5094 5098 5151 5416 5163 4919 4780 4701 5493 5658 4625 5284 5317 4916 5670 5036 5482 5188 5457 5350 5271 5682 5363 5093 5094 4987 5154 4899 5234 4964 4608 5317 4976 5333 5003 5349 5429 4648 4946 4977 5386 5295 5188 4906 4900 5188 5195 4857 5194 5219 5020 5096 5218 5438 5022 5405 5285 5041 4998 4967 5663 5471 5104 5648 5047 5095 5638 5333 4822 5268 5439 5170 5263 5035 5146 5492 5389 5313 4813 5755 5185 5057 5265 4869 5165 5076 5720 5597 5422 5292 5286 5138 5252 4993 5298 5030 5087 5495 4837 4887 5238 5024 4796 4962 4899 5149 5510 5376 5250 5541 5724 5200 5100 5284 4734 5283 5541 4710 5669 5429 5008 5175 5282 
5171 4880 5060 4795 4811 5016 4971 4986 5274 4557 5002 4623 4731 4402 5051 4980 4764 5004 4548 4887 5043 4892 4894 4984 5042 4981 4844 4830 4787 4821 5146 4428 4609 4788 4873 4818 4713 4787 5052 4738 4882 4841 4649 4834 4830 4838 4716 4602 4961 5239 4908 4775 5122 4672 4897 5010 4360 4675 4710 5099 4372 4861 4829 5132 4459 4896 4456 4987 4852 4915 4764 5026 4799 4752 4898 4796 5040 4982 5041 4364 4699 4904 5048 4913 4788 4537 5291 4725 4662 5183 4866 4801 4927 4998 4831 5249 4949 4583 5278 4862 4873 4813 4790 4637 4657 4935 5196 5035 4833 4717 5363 4364 5085 5093 4968 4716 4302 4994 5042 4900 4961 4908 5211 5010 4549 4782 4738 4866 4963 4785 5264 4885 4634 4817 4512 4985 4940 4730 5152 5186 4502 5048 4765 5394 4933 5175 4608 4933 5075 4904 4777 4966 4918 4555 4830 5028 4793 4684 4870 4524 5140 4840 4915 4825 4434 4938 4833 4915 4738 4911 4531 4412 4904 4902 4616 4800 4758 4543 4730 4942 4947 4720 4932 5062 4733 5168 4556 5276 5248 4883 5152 5007 5181 5127 4955 4551 5087 4796 4584 5145 4722 4877 4652 4754 4915 4925 5250 4760 4995 4930 4188 4858 4754 5039 4986 5003 4870 4735 4819 4762 4445 5105 4983 4762 5180 4602 4780 4879 4974 4436 4575 4614 4857 5198 4822 4849 4972 5180 4845 5052 4865 4493 4768 5195 4506 5086 4697 4442 4869 4723 
5308 5171 5129 4895 5251 5412 5275 4903 5145 4654 5048 4671 5134 4865 5315 4987 4813 5072 4726 5264 5057 5091 4913 5202 5028 5133 5064 4743 4890 5209 5260 4679 4757 4861 5044 4914 5040 4937 5203 5002 5157 4894 4753 4894 4934 4873 4892 5260 5029 4954 5283 4741 5374 4792 5209 5637 4588 4730 5024 5224 4922 5067 5091 5112 4646 4940 4506 5071 5084 5226 4976 5064 4870 4746 5244 4988 5226 5127 5129 4593 4697 5001 5079 5300 4974 4932 5515 5060 4792 4990 4970 5040 4840 5017 4844 5377 5029 4477 5398 5016 5006 4901 5148 4898 4738 5037 5398 5310 5035 4811 5554 4357 5244 5214 5315 4830 4766 4854 5322 5153 4733 5060 5294 4971 4973 4812 4857 4892 5142 5062 5394 5149 4930 4824 4794 5476 5157 4956 5069 4970 4850 5497 5011 5534 4979 5411 5025 4988 5544 4963 5310 4976 4611 5035 4689 5015 4764 4795 5067 4771 5259 5132 5262 5147 4667 5043 5167 5037 5054 5093 4900 4587 4963 5021 4922 5164 5124 4850 5118 5168 5248 4801 4977 5077 5116 5195 4877 5196 5281 5074 5412 4562 5296 5254 5288 4768 5291 5101 4841 5323 5361 5138 5134 4884 4842 5035 5381 4967 5030 5108 4770 4913 5113 5378 5029 4939 5161 4980 5055 4978 5121 5362 5122 4967 5375 4670 4974 5259 4848 4669 5128 4832 5064 5512 4726 4861 5202 5386 5248 5255 5080 4804 5022 5476 4821 5172 5221 4765 5199 5094 
5152 4826 4801 4445 4898 5093 4955 4547 5113 4490 4971 4492 4489 4542 4957 5013 4795 4897 4784 4811 4903 4832 4649 4820 4763 4787 4930 4850 4776 4830 4994 4420 4651 4595 4867 4831 4786 4782 4900 4730 4766 4768 4814 5000 4723 4616 4437 4701 4873 5026 4768 4800 4725 4756 4364 5187 4569 4586 4865 4953 4088 4820 4495 5100 4721 4721 4518 5158 4552 4785 4947 5042 4803 4669 4829 4514 4809 4699 4541 4852 4303 4879 5105 4795 4507 4741 5228 4969 4613 4668 4672 4523 4598 4994 4836 4920 4640 4332 4908 4770 4564 4676 4413 4684 4669 4702 4975 4833 4725 4503 5446 4160 5056 4812 4984 4562 4487 4852 5220 4858 4898 4841 5014 4744 4706 4676 4603 4571 4871 4833 4910 4849 4572 4729 4341 5012 5025 4705 5010 4943 4344 5177 4719 5212 4774 5022 4734 4844 5098 4927 4698 4942 4874 4484 4491 4928 4328 4167 4893 4648 5050 4566 4842 5021 4458 4815 4780 4982 4708 4811 4562 4345 4805 4863 4511 4995 4717 4292 4854 4954 5115 4791 4954 4909 4666 4561 4288 5113 4967 4911 4977 4786 5081 4838 5008 4606 4964 4754 4645 4997 4907 4959 4774 4843 4843 4716 4997 4733 4926 4765 4110 4567 4814 5220 4922 4752 4895 4958 4905 4628 4715 4988 4746 4627 5035 4780 4575 5051 4583 4515 4546 4600 4939 5117 4637 4787 5006 5181 4960 5040 4762 4524 4747 4824 4440 5081 5002 4620 4738 4793 
4952 5098 4973 4831 4810 5205 5211 4837 5269 4637 5117 4537 4817 4802 5178 4859 4831 4981 5074 4863 4975 4849 4866 4762 4830 4846 4865 5052 4717 5012 5124 4805 4662 4958 5107 4897 4905 4928 5020 4808 4835 4725 4692 5160 4857 4767 4737 4892 4788 5190 5022 4807 4932 4805 4895 5236 4551 4653 5013 5119 4523 4851 4783 5136 4474 4803 4224 5208 4604 5087 4928 4703 4927 4811 5042 4672 4916 4851 4759 4723 4396 4960 5187 4964 4751 4772 5404 5085 4587 4718 4900 4713 4869 5123 5194 4916 4966 4702 5096 5002 4765 4798 4616 4703 4861 5020 5248 4941 4760 4814 5258 4591 5102 5012 5158 5034 4627 4638 5350 4862 5076 4841 5035 5265 4999 4679 4817 4751 5126 4886 5575 4988 4735 4683 4216 5109 4985 4829 5007 4977 4731 5349 4705 5555 5226 4965 5274 4733 5581 5111 5042 4869 4716 4665 4609 4701 4608 4650 4969 4783 5149 4861 5040 5406 4742 4930 4798 5224 4970 4855 4805 4609 5031 4831 4463 4983 4853 4438 4741 5120 5169 4958 4963 4882 4959 4840 4431 5266 5141 4968 5433 4846 5147 5214 5063 4261 5062 5095 4796 4958 4721 4942 4975 4876 4696 4853 5428 4910 5312 5090 4465 4978 4866 5167 4916 5010 4795 5071 5102 4958 4535 5034 4786 4714 5262 4742 4945 5238 4498 4458 4755 4691 5033 5324 4823 4918 4981 5410 5050 4998 4895 4658 4915 4851 4218 5284 5217 4429 4760 4963 
5256 4882 5209 5016 5135 5320 5337 5082 5437 4586 5108 4822 4784 4910 5161 5234 5072 4885 5203 5167 5053 4700 5151 5111 5054 5111 5245 5004 4851 4999 5424 4713 4720 5078 5091 5239 5195 5068 5413 4961 4877 4804 4972 5354 5021 5031 4798 5081 5404 5145 5137 4944 5300 4862 5005 5535 4874 4822 5067 5340 4665 5125 4855 5091 4540 4759 4533 5142 5096 5176 4932 5325 5051 5109 5259 4762 5199 5061 5005 4978 4529 5228 5109 5036 4977 4922 5335 4874 5089 4837 4947 4904 4904 5105 4671 5176 4816 4496 5286 5119 5144 4903 5004 4625 4986 5213 5542 5144 5168 4635 5846 4488 5233 5030 5336 4980 4729 5172 5528 4826 4880 5036 5551 4954 5319 4707 5043 4941 5095 5146 5706 4989 4968 4802 4884 5305 5376 4878 5386 5169 4835 5586 5051 5585 5324 5498 5119 4893 5486 5234 5426 4910 5066 4920 4690 4888 4631 4746 5109 5030 5263 5207 5107 5137 4651 5080 4820 5133 4987 5177 4815 4806 5187 5032 4799 4836 4970 4935 5055 4999 5137 4840 5137 5215 4866 4970 4809 5106 5152 4996 5492 5221 5055 5193 5389 4987 5374 5321 4925 5213 5272 4997 5490 5018 5203 5055 5374 4795 5109 5188 4662 5170 4980 5325 5086 5035 5177 4992 5098 5162 4756 5136 4932 4765 5249 4700 4791 5177 4905 4633 4963 4877 5120 5383 4807 5204 4939 5564 5319 5183 4907 4631 4675 5108 4611 5372 5120 4909 4967 5095 
4863 4718 5069 4527 4733 5147 4909 4671 5010 4362 4964 4376 4435 4578 4926 4816 4874 4839 4469 4895 4840 4898 4785 5034 4691 4752 4742 4557 4722 4804 4854 4446 4639 4489 5017 4761 4674 4811 4793 4896 4744 4577 4860 4702 4501 4786 4759 4668 4668 5090 4781 4821 5026 4532 4882 5108 4703 4486 4743 4785 4384 4833 4763 5093 4573 4712 4106 5038 4772 4649 4451 4684 4485 4530 4875 4791 4909 4613 4650 4659 4424 4910 4833 4825 4816 4684 5304 4490 4609 4603 4659 4438 4639 5124 4628 4714 4860 4276 4507 4957 4598 4596 4645 4415 4514 4554 5029 5142 4648 4282 5551 4135 4807 4797 4923 4438 4583 4791 5017 4909 4733 4766 4917 4798 4787 4835 4853 4617 5033 4871 4971 4639 4475 4465 4357 5119 4934 4429 4959 4914 4645 5175 5023 5142 4848 4910 4520 4797 5010 4744 4749 4844 4935 4637 4256 4844 4536 4092 4769 4522 4761 4492 4943 5083 4222 4924 4790 5128 4547 4814 4622 4311 4632 4709 4582 4628 4584 4641 4715 4801 4960 4595 4792 4877 4330 4561 4557 4883 5010 4791 5150 4552 5114 4740 5196 4437 4825 4801 4783 5035 4664 4661 4617 4879 4697 4812 4978 4749 4598 4884 4256 4647 4704 5072 4999 4633 4712 4822 4762 4655 4612 4872 4815 4537 5052 4380 4639 4701 4644 4466 4513 4390 4973 5270 4845 4641 5023 4902 4963 5082 4690 4462 4596 4914 4317 4976 4940 4424 4656 4822 
5149 5041 5207 4901 4890 5376 5084 4865 5389 4366 5099 4784 4815 4897 5509 5340 4965 5113 5065 5015 5062 4827 5138 5150 5211 4970 5188 5056 4863 5375 5287 4778 4599 4971 5322 4932 5346 4943 5113 4984 5003 4718 5063 5294 4854 5234 4926 4863 5028 5265 5070 4858 5202 5073 4934 5541 4809 4753 4925 5317 4925 5124 4919 5272 4425 4853 4534 5167 5030 5326 5143 5108 4933 4811 5247 4895 5119 4984 4631 5121 4563 5087 5346 5286 4610 4918 5550 4948 5012 4935 4799 4681 4974 5305 4935 5145 5075 4712 5063 5010 5017 4747 4785 5010 4856 5006 5435 5211 5092 4562 5721 4642 5404 4971 5233 4784 4552 4853 5357 5025 4763 5109 5300 5279 5148 4588 4757 4862 4845 5076 5435 4900 4728 4748 4499 5274 5381 4908 5374 4926 4805 5614 5205 5769 5295 5342 5016 4860 5423 5084 5317 5169 5173 4919 4732 4961 4813 4581 5177 4482 5246 4888 5335 5153 4376 4922 5056 5369 4854 5041 4896 4790 4976 4956 4820 5016 4882 4607 4909 4765 5167 5081 5051 5298 4920 4672 4622 5148 5230 5024 5600 4975 5195 5395 5387 4841 5133 5084 4952 4904 5060 5029 5120 4768 4953 4805 5369 5083 5044 4971 4638 4913 4976 5458 5033 5057 4910 4937 5384 4985 5084 5193 5096 4794 5246 4898 4829 5089 4873 4594 4659 4902 5299 5437 5007 4920 4968 5487 5173 5228 5197 4646 4880 5034 4791 5310 5295 4762 4973 5105 
5678 5537 5713 5282 5687 5740 5864 5343 5558 5150 5632 5209 5362 5300 5842 5613 5255 5632 5130 5407 5493 5188 5257 5528 5320 5326 5393 5169 5268 5355 5568 5157 5212 5092 5621 5432 5624 5523 5486 5269 5206 4952 5408 5251 5491 5416 5624 5760 5446 5728 5571 5237 5500 5334 5273 6099 4679 5171 5298 5640 5059 5510 5208 5622 4850 5348 4905 5587 5297 5372 5287 5268 5242 5211 5844 5472 5590 5134 5497 5346 4842 5274 5486 5427 5284 5369 6090 5404 5265 5149 5524 5194 5132 5805 5310 5528 5159 5033 5701 5185 5144 5203 5470 5258 5104 5414 5569 5350 5316 4994 6055 5074 5604 5566 5687 5187 4978 5279 5739 5297 5252 5558 5722 5683 5591 5341 5059 5182 5470 5384 5809 5463 5407 5284 5156 5842 5583 5195 5684 5733 5152 5987 5504 6106 5673 5741 5530 5425 6126 5492 5188 5756 5270 5269 5301 5552 5305 4877 5595 5269 5389 5221 5567 5740 5129 5436 5499 5357 5506 5487 5155 5375 5481 5624 5130 5370 5407 4970 5358 5777 5635 5337 5430 5500 5175 5386 5091 5858 5763 5397 5852 5244 5515 5736 5594 5086 5467 5555 5465 5702 5225 5455 5412 5293 5552 5164 5845 5444 5300 5284 4898 5305 5576 5923 5299 5580 5356 5692 5548 5462 5541 5484 5130 5148 5703 5152 5366 5424 5401 5151 5099 5273 5745 5631 5398 5409 5582 5764 5486 5602 5716 5398 5207 5491 4996 5996 5661 4935 5748 5506 
5171 4660 5007 4947 4933 5098 5028 4834 5209 4704 5015 4801 4597 4723 5133 4995 4648 5111 4828 4981 5083 5282 4718 5198 4721 4716 4831 4848 4823 5054 5365 4668 4773 4869 4999 5006 4908 4946 5092 5007 4958 4989 4830 4706 5084 4994 4821 5003 4952 5106 5036 4862 4979 4755 5159 5304 4302 4868 5087 4948 4504 4848 4731 5107 4705 4897 4296 5198 4928 5098 5102 4792 4886 4955 5110 4859 5198 4787 4775 4738 4517 5012 5162 5160 4612 4939 5605 5198 4876 4914 4741 4635 4805 5126 4780 5169 5121 4454 4948 5140 4829 4694 4767 4670 4583 4741 5202 5016 4899 4860 5462 4502 5110 4822 5243 4999 4527 4825 5412 4829 4672 4980 5045 4909 4979 4951 4486 4902 5187 4853 5416 4853 4437 4763 4322 5295 5227 4888 5100 4993 4599 5430 4902 5564 5185 5344 5041 4998 5377 4946 5107 4945 4844 4601 4603 4820 4717 4531 5156 4701 5051 5021 4983 5056 4779 5072 4977 5105 4672 5142 4659 4568 4968 4892 4662 4996 4572 4503 5075 4897 5041 4813 4963 5270 4573 5072 4692 5292 5296 4723 5299 4852 4992 5140 5082 4720 4950 5084 4834 5138 5019 4819 4851 5025 4934 4969 5323 4863 5027 4746 4277 4846 5050 5133 4816 4826 4895 4844 5000 5010 4810 4998 4985 4727 5127 4299 4962 5051 4898 4840 4736 4746 5135 5121 4757 4732 4903 5335 5216 5101 5030 4836 5148 5227 4625 4969 5291 4701 5105 4993 
5272 5175 5168 4912 5090 5573 5333 4892 5500 5058 5336 4972 4874 5000 5550 5168 5051 5040 5039 5222 5102 5375 4871 5220 5114 4994 5015 5241 5218 5162 5413 5293 4698 5237 5218 4960 5030 5410 5253 5360 5106 5034 4891 5449 5278 5322 4933 5018 5111 5300 5246 5024 5365 5012 5201 5393 4734 4923 5203 5456 4905 5219 5093 5319 4951 5271 4522 5414 5032 5391 5318 5334 5255 4951 5082 5114 4991 5074 5403 5090 5155 5061 5383 5394 4989 5018 5535 5175 5110 4946 4986 4881 4894 5397 5030 5391 5327 4601 5294 5186 4905 4983 5002 4953 5276 5024 5496 5506 5059 4843 5870 4924 5441 5157 5675 5028 5051 5122 5638 5292 5226 5204 5352 5385 5187 4950 5169 5180 5616 5265 5458 5198 4755 5060 4605 5519 5439 4882 5247 5269 5130 5611 5134 5549 5185 5335 5465 5084 5646 5295 5164 5213 4977 4958 4753 5049 4885 4886 5345 4983 5703 5260 5294 5171 4615 5454 5191 5477 5144 5270 4936 4501 5140 5102 4712 5091 5086 4912 5078 5148 5200 5215 5269 5339 5139 5053 4734 5524 5357 5321 5548 5274 5309 5490 5450 4773 5323 5266 4901 5443 5213 5309 5178 5147 5044 5225 5512 5134 5174 5195 4800 5150 5365 5238 5357 5353 5273 5077 5189 5292 4797 5347 5024 5038 5545 4915 4904 5314 5253 4830 4902 4930 5403 5583 5100 4952 5469 5663 5512 5338 5084 5053 5373 5342 4465 5296 5393 4781 5153 5352 
5168 5090 5463 4777 5318 5494 5388 5014 5380 4729 4989 4620 5085 4785 5324 5244 5128 5172 4984 5391 5003 5272 4858 5257 5034 4940 5097 5063 5147 5011 5251 4741 5015 4892 5136 5468 4980 5127 5108 5145 5195 4854 5051 5112 4901 5288 4939 5151 5158 5071 5400 5002 5326 5382 5088 5463 4780 5121 5112 5294 4660 5323 4995 5229 4954 5172 4447 5598 5066 4969 4988 5066 4923 5313 5155 4941 5292 5254 5087 4959 4547 5136 5127 4857 5193 4771 5649 5291 4972 4988 5198 4993 5127 5434 4712 5013 5207 4669 5315 5353 5038 5187 5092 4745 4999 5086 5566 5156 5052 4654 6031 4644 5003 5263 5253 4882 4683 5053 5577 5069 5258 5077 5326 5290 5275 5177 4975 5180 5262 5204 5797 5196 4996 5082 4857 5444 5364 4603 5466 5199 4813 5433 5083 5644 5305 5482 5059 5253 5259 5034 5139 5135 5058 4735 5030 5228 4568 4772 5265 4562 5141 4896 5160 5224 4698 5215 5213 5235 4935 4901 4992 4788 5071 5136 5002 5083 4881 4877 4973 5371 5264 5140 5290 5156 4909 4793 5035 5006 5344 5185 5311 4961 5211 5350 5368 4894 5114 5375 5285 5227 5095 5231 5170 5054 5033 5070 5336 5020 4854 5215 4636 5051 5297 5433 5224 4933 5036 4902 5256 5202 5155 5204 5061 4855 5636 5024 5142 5115 4731 4827 4856 4970 5176 5491 5209 4942 5286 5661 5377 5416 5252 4783 5141 5364 4858 5307 5452 4775 5271 5198 
5447 5084 5234 5265 5361 5581 5439 5640 5616 4723 5296 4761 5228 5079 5382 5566 5159 5190 5214 5510 5437 5310 5121 5374 5284 5147 5358 5360 5263 5497 5407 4985 4953 5465 5337 5318 5348 5295 5617 5142 5177 4994 5075 5459 5367 5317 5227 5482 5112 5419 5337 5112 5417 5341 5202 5708 5074 4972 5146 5345 4846 5312 5041 5540 4797 5208 4912 5593 5105 5218 5412 5284 5203 5243 5325 5088 5217 5229 5207 5201 4915 5445 5298 5252 5337 5031 5914 5166 5306 5098 5373 5164 5215 5424 5172 5285 5093 4584 5527 5374 5323 5195 5226 5162 5104 5378 5746 5241 5148 4981 5783 4730 5560 5292 5426 4909 5082 5308 5672 5306 5250 5185 5343 5302 5227 5270 5089 5109 5238 5298 5565 5461 4979 4801 4807 5491 5521 4984 5208 5368 5112 5622 5264 5725 5493 5574 5382 5322 5506 5570 5471 5151 5219 5014 4885 5072 5182 4884 5473 4932 5463 5384 5301 5432 4882 5320 5117 5433 5183 5324 5178 4837 5117 5331 5082 5404 5069 5045 5322 5258 5478 5144 5587 5619 5232 5127 5182 5509 5447 5247 5610 5371 5606 5672 5645 5110 5473 5548 4995 5575 5335 5290 5385 5463 5330 5293 5687 5357 5233 5310 4788 5121 5210 5487 5540 5368 5531 5359 5112 5360 5192 5418 5164 5001 5462 4851 4918 5316 4983 4864 5136 5149 5510 5544 5187 5299 5399 5676 5737 5447 5164 4994 5257 5527 4807 5606 5366 5042 5424 5584 
5339 5232 5299 4940 4926 5448 5606 5154 5295 4893 5198 4655 5038 5014 5237 5375 5193 5332 5168 5144 5271 5059 4978 5390 5334 5032 5126 5333 5227 5376 5204 4937 5118 5127 5254 5093 5359 5440 5089 5170 5273 5209 5094 4967 5057 5352 5161 5129 5257 5311 5372 5049 5559 5133 5070 5753 4685 4953 5154 5372 4899 5166 5140 5331 5040 5323 4530 5540 5207 5064 5046 5380 4825 5087 5314 5084 5358 4980 5240 4939 4883 5298 5058 5406 5105 4834 5637 5518 5012 5190 5037 5038 5121 5478 5034 5213 5311 4701 5276 5427 5219 5147 5090 4889 5267 5058 5362 5289 5123 4899 6026 4685 5398 5273 5347 4837 4973 5111 5329 5345 5058 5492 5542 5285 5397 5049 5155 5169 5555 5234 5611 5242 4977 5138 4757 5520 5173 4843 5307 5473 5016 5704 5339 5800 5391 5413 5195 5107 5607 5170 5330 5256 4897 4878 4916 5189 4740 4661 5239 5009 5395 5144 5414 5571 4628 4976 5244 5358 5031 5214 4912 4739 5157 4886 5049 5398 5135 4795 5146 5488 5280 5149 5375 5434 5109 5173 5181 5378 5345 5209 5179 4967 5297 5170 5394 5033 5320 5502 5232 5274 5430 5490 5239 5250 5263 5151 5417 5142 5037 5222 4657 4763 5347 5452 5530 5206 4996 5146 4857 5349 4981 5352 5465 5143 5680 4917 4992 5257 5091 4912 5217 4732 5203 5699 5106 5126 5251 5443 5359 5720 5277 4969 5144 5446 4969 5776 5462 4778 5277 5352 
4949 4718 5036 4805 4883 5272 4974 4891 4826 4550 4890 4560 4773 4329 4937 4931 4758 4972 4755 4989 4717 4930 4859 4618 4636 4868 4748 4540 4648 5046 4995 4597 4774 4785 5038 5233 4773 5038 4903 4908 4875 4419 4724 4610 4946 4830 4783 4861 4924 5114 4925 4719 5016 4827 4770 5172 4574 4602 4892 5062 4571 4861 4684 5258 4597 4688 4536 4923 4894 5177 4869 4784 4827 5036 4720 4708 4751 4783 4853 4660 4477 4986 4964 5126 4823 4675 5604 4665 4610 4832 4950 4676 4635 4986 4825 4857 4940 4444 5048 5027 4838 4708 4607 4706 4827 4859 5072 4902 4938 4398 5534 4168 4861 4589 4880 4727 4685 4659 5153 4548 4547 4867 5271 5121 4961 4702 4778 4799 4717 4655 5164 4839 4625 4473 4095 4827 5082 4661 5017 5017 4543 5412 4843 5458 5064 4887 4616 4771 5181 4921 5049 4947 4748 4652 4608 4827 4505 4442 4830 4488 4962 4588 5155 5006 4484 4819 4894 4942 4708 4805 4620 4560 4979 4791 4498 4811 4669 4576 4923 5008 4939 4893 4838 5045 4772 4956 4505 5012 4863 4749 4889 4817 5087 5225 4928 4502 5207 4889 4750 4981 4977 5027 4937 4915 4798 4569 5271 4938 4850 4783 4716 4779 4744 5178 4805 4676 4942 4988 5004 4853 4782 4967 4775 4805 5019 4685 4847 5064 4698 4751 4633 4578 5041 5355 4724 5071 5061 5107 5124 5005 4712 4586 4862 5094 4573 4958 5249 4818 5077 4849 
5165 5320 5495 5211 5179 5531 5402 5039 5434 4715 5121 4667 5211 4993 5418 5268 4965 5309 4950 5347 5149 5452 5164 5181 5101 4773 5088 5293 5043 5302 5383 5125 4985 5167 5142 5139 5386 5325 5175 5126 4958 4943 5145 4957 5125 5309 5063 5066 4844 5528 5490 4918 5254 5113 5058 5689 4785 4733 5079 5337 5213 5161 5006 5445 4943 5180 4652 5253 5154 5398 5022 5050 5088 5118 5307 4830 5205 5133 4964 5055 5160 5268 5298 5159 5055 5132 6022 5297 5186 4993 5154 4895 4824 5482 4941 5446 5621 4933 5357 5300 5084 5054 5043 5050 5220 5125 5343 5331 5113 4698 5656 4780 5664 5158 5244 4831 4832 5272 5786 5162 5044 5038 5409 5130 5234 5056 5119 4868 5326 4925 5446 5136 5033 4843 4659 5408 5228 4899 5135 5239 5147 5572 5197 5710 5360 5576 5357 5026 5723 5262 5455 5259 5163 5081 4939 5137 4850 4740 5026 4760 5500 4934 5048 5468 4786 5114 5221 5371 5084 5132 4906 4865 5136 5041 4918 5297 5265 4731 5118 5390 5508 5437 5234 5362 4902 5173 4972 5407 5295 5223 5634 5028 5522 5416 5426 5098 5417 5625 5131 5172 5048 5455 5369 5041 5227 5037 5498 5303 5306 5098 4658 4979 5255 5140 5130 5217 5166 5128 5598 5389 4919 5377 5132 5127 5515 4999 5114 5339 5016 4790 4934 4984 5358 5516 4793 5048 5246 5785 5466 5313 5188 4997 5224 5249 4786 5402 5384 4670 5086 5279 
5536 5592 5422 5182 5106 5538 5292 5386 5533 4809 5653 4987 5142 5067 5580 5399 5304 5314 4909 5234 5153 5308 5185 5403 5185 5051 5454 5059 5073 5168 5449 4947 5180 5344 5161 5104 5388 5490 5385 5178 4959 5130 5223 5204 5154 5306 5178 5607 5296 5646 5264 5061 5351 4940 5196 5650 4910 4796 5505 5416 4904 5470 5292 5434 4744 5116 5108 5427 5320 5346 5175 5218 5322 5212 5224 5236 5201 4895 5242 5312 4755 5457 5407 5242 5322 5073 5800 5166 5320 4992 5394 5010 5300 5595 5211 5193 5122 4708 5341 5406 5168 5102 5201 5240 5177 5302 5639 5234 5287 4886 5894 4881 5586 5019 5622 5059 4994 5225 5637 5281 5184 5263 5565 5554 5199 5401 5133 5321 5198 5094 5705 5117 5045 5143 4904 5937 5589 5088 5371 5504 5097 5885 5357 5705 5325 5616 5493 5207 5860 5623 5183 5189 5195 5436 4979 5381 5087 4674 5330 5071 5393 5208 5791 5626 4964 5431 5294 5579 5014 5242 5005 4737 5277 5359 5017 5257 4885 4862 5266 5554 5646 5194 5244 5471 5085 5230 5138 5483 5688 5312 5898 5439 5437 5536 5450 4968 5333 5411 5234 5044 5206 5300 5193 5251 5363 5059 5718 5293 5163 5084 4924 5135 5214 5500 5570 5050 5281 5413 5522 5586 5275 5371 5412 5062 5771 4977 5011 5354 5017 5030 5128 5247 5359 5385 5170 5033 5226 5684 5338 5558 5388 5015 5566 5467 4565 5450 5616 5009 5237 5386 
5417 5318 5339 4862 5350 5389 5193 4896 5360 4820 5074 4705 5168 5000 5299 5230 5054 5195 4963 5150 5312 5291 5108 5169 5106 4803 5042 5170 5046 5253 5170 4894 4957 5183 5476 5332 5078 5142 5321 5108 5170 5114 4967 5010 5098 5098 5111 5163 5174 5241 5485 5027 5230 4925 5363 5773 4972 5062 4900 5625 4866 5172 4945 5439 4785 5030 4861 5355 4946 5182 5174 5308 5072 5186 5349 4932 5091 5079 5105 5202 4677 5144 5322 5028 5023 5013 5542 5182 5234 5070 5031 4940 5057 5174 5140 5061 5212 4828 5648 4964 5075 4884 4903 4706 4881 5280 5591 5367 5287 4791 5928 4614 5419 5217 5218 5082 4946 5154 5337 5373 5237 5187 5407 5230 5242 5187 5091 4899 5242 5043 5264 5232 5168 5010 4737 5126 5516 4939 5442 5256 4942 5601 5282 5730 5467 5289 5180 5403 5294 5249 5388 5009 5143 5240 4842 5188 5111 4579 5414 4897 5345 5075 5340 5345 4732 5100 5484 5319 5034 5212 5009 4611 5233 5007 5143 4988 5151 4854 5282 5219 5276 5042 5306 5420 5080 5065 4875 5445 5231 5098 5495 4971 5179 5392 5453 4953 5513 5158 5069 5594 5271 5224 5051 5427 5366 4926 5565 4938 5119 5290 4897 5060 4997 5319 5253 5207 5241 5333 5302 4954 4892 5220 5004 5040 5850 4949 4902 5430 5041 4725 4976 4937 5308 5618 5229 5072 5341 5498 5296 5490 5233 4603 5093 5336 4748 5563 5305 4809 5188 5258 
5189 5349 4995 4973 5134 5402 5352 4799 5086 4505 4918 4920 4791 5151 5404 5216 4995 5176 4971 5130 4974 5244 4939 4966 5095 5002 5029 4795 5033 4952 5243 5168 4951 5117 5224 5290 5168 5150 5367 5107 5187 4844 5162 4874 5352 5142 5055 5240 4971 5167 5174 4955 5297 4824 5286 5558 4703 4727 4996 5372 4765 5356 4937 5428 4907 4945 4659 5391 4800 5152 5040 5151 5014 5091 5184 4860 5134 5151 4851 4928 4683 5234 5465 5035 4902 5163 5541 5029 5010 4854 5084 4819 4698 5239 4773 5187 5343 4809 5195 5319 4924 5225 5102 4984 4958 5225 5435 5080 5132 4808 5517 4759 5184 5273 5297 4904 4750 5165 5610 5182 4859 5004 5393 5170 5128 4783 5122 4929 5137 5125 5507 5012 5017 4896 4660 5289 5304 4940 5200 5355 4780 5660 5015 5716 5221 5661 5307 4883 5530 5252 5245 5118 4972 4913 4897 5117 4956 4857 5262 4992 5232 4806 5332 5119 4599 5259 5206 5201 5169 5211 4727 4756 5212 4880 4939 5077 4895 4739 5185 5461 5296 4974 5019 5440 4939 5014 4664 5317 5444 5262 5540 5027 5254 5410 5190 5059 5400 5356 5220 5127 5186 5306 5258 4948 4983 4822 5357 5043 5069 5057 4749 4818 5146 5239 5089 4992 4932 5196 5337 5158 4987 5246 4962 4990 5342 4638 4847 5156 4773 4653 5172 4859 5003 5503 5072 5022 5546 5532 5131 5294 4991 4844 5164 5054 4664 5380 5382 4606 5320 4959 
5630 5586 5340 5158 5642 5700 5531 5233 5317 5038 5304 5046 5042 5156 5419 5422 5112 5215 4949 5017 5285 5596 5397 5363 5275 5282 5214 5229 5429 5440 5646 5140 5047 5491 5518 5366 5155 5402 5475 5164 5171 5391 5247 5502 5128 5159 5241 5511 5375 5824 5448 5066 5382 5082 5102 5776 5025 4954 5235 5404 5010 5487 5267 5509 5034 5227 4994 5568 5465 5508 5401 5379 5048 5173 5241 5065 5246 5083 5423 5266 4815 5353 5591 5243 4996 5322 6053 5188 5447 4903 5338 5123 5302 5373 5331 5243 5206 4873 5330 5408 5155 5068 5218 4984 5121 5438 5700 5563 5387 5010 5841 4951 5654 5259 5646 4940 4989 5056 5547 5368 5210 5431 5542 5603 5103 5246 5145 4999 5364 5282 5721 5383 5276 5079 4810 5469 5489 4794 5295 5356 4729 6000 5281 5921 5372 5576 5367 5457 5805 5547 5311 5058 5383 5277 4948 5203 5127 4846 5191 5093 5499 5213 5703 5493 4898 5354 5309 5542 4999 5309 4858 5208 5414 5454 5276 5269 5047 4769 5330 5561 5336 5288 5343 5419 5275 5140 5107 5500 5705 5598 5817 5313 5370 5678 5799 5081 5542 5310 5181 5574 5094 5286 5158 5301 5433 5180 5628 5320 5359 5300 4902 5119 5154 5856 5318 5331 5380 5633 5606 5557 5170 5371 5269 4828 5605 5044 5212 5424 4977 4820 5001 5068 5557 5592 5186 5234 5435 5813 5478 5596 5343 5024 5492 5474 4697 5664 5482 5140 5114 5183 
5145 5029 5277 4859 5117 5193 5091 4838 5324 4565 5125 4767 4702 4894 5212 5170 4902 5261 4615 5067 5117 5057 4848 4990 5091 4720 4715 4958 4823 5069 5109 4689 4667 4953 5296 5061 5122 5061 5124 4905 4918 4543 4908 4872 4798 4832 4915 5173 4903 5279 5252 4573 5177 5076 5029 5452 4840 4594 4640 4999 4754 5301 4897 5210 4804 5091 4525 5211 4987 5168 4925 4987 4944 4929 5235 4800 5008 4847 5116 4839 4703 5122 5039 5039 5175 5148 5741 5138 4860 4750 4914 4669 4837 5186 5012 5035 5159 4405 5232 5063 4874 4612 5066 4767 4957 5268 5253 5135 5071 4636 5553 4522 5272 4910 5406 4831 4680 5153 5355 5000 5054 4826 5244 5303 4944 4935 4920 5056 5006 5177 5409 5118 4946 4672 4594 5537 5172 4610 5050 5250 5010 5305 5098 5690 5038 5514 4967 5193 5694 5046 4958 5213 4982 4991 4679 5104 4793 4743 5103 4805 5265 4916 5206 5306 4663 5090 5046 5256 4969 4821 4880 4827 5139 5123 5003 5340 5079 4828 5005 5348 5214 5017 5092 5172 4974 4999 4881 5376 5322 4991 5444 5119 5327 5302 5533 4583 5242 5268 5181 5390 4908 5059 4830 4973 5109 4807 5621 5434 5075 5141 4838 4961 5189 5307 5057 5016 5124 5114 5254 5295 5053 5038 5069 4786 5284 4782 5025 5109 4933 4679 4885 4931 5219 5442 4850 5009 5140 5401 5431 5327 4960 4761 5289 5239 4523 5182 5253 4728 4895 5273 
5431 5530 5664 5132 5464 5810 5555 5442 5767 4893 5453 5004 5363 5144 5520 5434 5527 5621 5119 5528 5379 5471 5132 5323 5323 5511 5427 5492 5369 5657 5652 5112 5322 5385 5427 5575 5273 5358 5260 5300 5185 5294 5200 5296 5516 5367 5258 5382 5275 5604 5472 5151 5507 5505 5470 5861 5000 4911 5432 5542 4969 5438 5062 5679 5142 5381 4872 5648 5485 5641 5294 5416 5337 5216 5505 5033 5579 5402 5033 5216 5168 5551 5653 5495 5283 5283 6015 5249 5349 5171 5508 4931 5141 5564 5363 5566 5566 4968 5806 5468 5385 5388 5260 5061 5085 5456 5658 5655 5274 4929 6108 4889 5736 5133 5715 5078 4983 5340 5841 5490 5297 5180 5491 5373 5350 5302 5380 4883 5509 5210 5577 5555 5516 5221 4885 5783 5792 5219 5533 5770 5117 5758 5570 5933 5523 5591 5460 5431 6027 5455 5270 5404 5322 5077 5047 5296 5419 5035 5426 5082 5604 5248 5539 5688 4994 5387 5496 5704 5523 5156 5170 4973 5435 5283 5321 5561 5095 5086 5280 5675 5540 5259 5400 5484 5224 5420 5279 5568 5714 5465 5806 5500 5832 5320 5619 5283 5532 5591 5465 5779 5476 5400 5328 5411 5503 5201 5884 5544 5523 5465 5009 5248 5339 5694 5496 5491 5326 5619 5557 5630 5112 5692 5435 5133 5698 5259 5001 5480 5069 5052 5189 5321 5991 5753 4972 5244 5442 5885 5582 5625 5041 5156 5503 5674 4927 5752 5678 5165 5443 5519 
5160 5139 5253 4956 4919 5340 5093 4932 5208 4793 5078 4624 4845 4699 5138 4965 4775 5195 4776 5214 4870 5055 4902 5206 4982 5151 5024 4970 4947 5238 5465 4817 4929 5010 5055 5149 5133 5100 5360 4936 4939 4886 5150 5209 4945 5068 5020 5258 5056 5472 5150 4933 5011 4813 4912 5487 4765 4918 4735 5296 4624 5443 4922 5179 4743 5089 4564 5115 5225 5028 4982 4926 4902 4973 5122 4880 5174 5022 4789 4940 4822 5139 4995 5229 5013 5052 5597 4796 4840 4917 4991 4932 4807 5304 4758 4941 4969 4516 5203 5232 4930 4861 4926 5077 4827 5292 5435 5131 4906 4726 5464 4428 5512 4900 5277 4821 4790 4847 5647 5005 4899 5204 5363 5030 5175 4682 4777 4964 5091 4999 5542 5044 4822 4704 4643 5350 5243 4883 4982 5121 4505 5530 5200 5738 5032 5424 5013 4867 5309 5097 5137 4995 4891 5087 4616 4968 5042 4804 5379 4674 5008 5006 5251 5231 4800 5123 5396 5292 4986 4993 4543 4690 5067 5079 4886 5079 4758 4867 5140 5199 5046 4715 5048 5153 4964 4807 5064 5430 5456 4955 5442 4843 5170 5368 5108 4955 5174 5219 4664 5020 5100 5260 4911 4914 5142 4760 5570 5132 4821 5186 4839 4731 5073 5282 4916 4935 5241 5171 4947 5127 5140 5357 5045 4784 5619 4784 4910 5237 4815 4654 4988 4879 4966 5274 4942 4831 4885 5480 5291 5346 5097 4881 5259 5197 4635 5410 5282 4808 5048 5097 
5200 5349 5120 4898 5235 5317 4951 4859 5436 4611 4972 4742 4992 4856 5222 5233 4809 5171 4842 5096 5098 5048 4859 4888 5095 4746 5085 4695 5005 5098 5440 4620 4836 4964 5136 5107 4954 4944 5250 4867 4832 4906 4995 5108 5049 5104 4882 5308 5131 5192 5099 5288 5260 4733 4962 5446 4747 4757 5221 5208 4539 4939 5087 5257 4703 4811 4709 5156 5184 5222 5296 5090 4906 5014 4972 4814 5147 4935 4954 4843 4710 5129 5112 5191 4884 4909 5624 5013 4969 4942 5030 4800 4631 5199 4614 5046 5193 4515 5025 5143 4749 4900 5043 4649 4786 5252 5496 5341 4981 4685 5748 4596 5278 5017 5168 4862 4439 4973 5447 5028 4901 5126 5360 5163 4975 4892 4836 5037 5231 5260 5689 5178 4918 4872 4650 5293 5174 4869 5209 5214 4942 5590 5097 5529 5282 5523 4966 5056 5348 5318 5244 5020 4740 4886 4501 4917 4735 4566 4976 4870 5244 4929 5086 5301 4634 4956 4936 5287 4787 5012 4852 4693 5075 5001 5011 5163 4833 4697 5126 4992 5011 5080 4952 5254 5120 4946 4937 5061 5293 4844 5395 4844 5203 5455 5143 4769 5107 4994 4909 5448 5293 4938 4901 5064 4896 4789 5445 5047 4951 5026 4891 5063 5058 5296 5272 5014 5241 5087 5108 5135 5095 5132 5103 5044 5410 4847 4900 5351 4632 4582 4787 5008 5167 5303 4931 4755 5036 5593 5135 5252 5266 4911 5003 5306 4629 5198 5300 4775 5061 5231 
4988 4921 5067 4618 5096 5327 5374 4752 5152 4572 5077 4629 4950 4799 5336 4976 5218 5282 4787 4804 5110 5207 4834 5200 5008 4916 4788 5198 5097 4925 5196 4799 4743 4888 4972 4851 4927 5160 5033 5034 4890 4294 4989 4799 4864 5041 4970 4944 4843 5084 5194 4530 5221 5270 4934 5329 4529 4649 5114 5023 4703 4916 4999 5364 4610 4843 4427 5447 4984 5122 4817 4738 4898 4769 5207 4893 4958 4581 5079 5056 4664 4993 5036 5165 4927 4928 5505 4954 4538 4666 5180 4700 4518 5287 4811 5176 5110 4896 5124 5061 4737 4791 4896 4946 4767 5187 5224 5096 5026 4763 5687 4485 5014 4949 5519 4862 4744 5094 5516 5104 4882 4855 5197 5389 5043 5023 4632 5032 5207 4867 5302 4905 4830 4589 4503 5131 5146 4681 5185 5155 4783 5568 5105 5579 5070 5193 4872 4919 5482 4860 5080 5069 4825 4887 4645 5004 4896 4635 5058 4769 5251 4698 5247 5115 4820 5094 4897 4854 4712 5023 4641 4714 4826 5023 4641 4949 4861 4672 5202 5097 5336 5121 4925 5208 4781 5048 5046 5530 5207 4830 5474 4796 5194 5441 5433 4466 5148 5124 4862 5257 4878 5117 4904 4768 4837 4615 5668 4927 4772 5119 4615 4801 4930 5239 5192 5236 5046 5108 5042 5000 4666 5039 4841 4816 5408 4724 4874 5324 4859 4410 4910 4831 5287 5280 4764 4814 5084 5647 5468 5347 4914 4661 5117 5198 4622 5255 5319 4682 5096 5132 
5346 5274 5298 4903 5332 5693 5639 5346 5168 5183 5076 4668 5119 5170 5482 5247 5033 5203 5021 5052 5016 5216 5069 5277 5289 5045 4866 4997 5348 5246 5296 4867 5098 5222 5388 5427 5408 5393 5403 5129 5121 4816 4909 5152 5101 5195 5109 5357 5417 5684 5603 4955 5372 5156 5033 5987 5031 4973 5200 5552 5018 5320 5038 5498 4916 5149 4390 5564 4978 5071 5157 5281 5182 5492 5357 5274 5128 5091 4710 5265 4731 5185 5275 5244 5130 5093 5768 5297 5126 4865 5311 5087 4953 5581 4944 5138 5245 4810 5381 5400 5129 5181 5060 5039 4811 5478 5500 5056 5343 4688 5720 4821 5368 5359 5417 5058 5177 4839 5447 5222 5220 5234 5531 5353 5342 5092 5041 5087 5360 5001 5426 5125 5097 5014 4663 5479 5398 4930 5256 5111 4997 5838 5362 5573 5375 5485 5341 5252 5643 5260 5258 5135 5171 5120 4884 5171 4769 4760 5416 4960 5175 5151 5467 5509 4884 5356 4988 5169 5209 5114 4983 4924 5306 5105 5107 5293 5317 4773 5237 5636 5294 5329 5183 5413 4911 4954 5126 5377 5579 5119 5263 5147 5414 5363 5522 5016 5251 5426 5237 5429 5241 5553 5328 4983 5174 5003 5521 5178 5323 5211 4840 5173 5180 5762 5403 5430 5218 5245 5318 5229 5294 5245 5294 5069 5658 4764 5162 5412 4985 4791 4900 4721 5399 5522 5047 4985 5323 5741 5393 5414 5123 4866 5101 5405 4803 5377 5618 4976 5307 5395 
4911 4698 4826 4587 4560 4852 4921 4550 4834 4381 4901 4338 4215 4425 5084 4876 4860 4886 4680 4762 4581 4618 4679 4930 5054 4683 4716 4570 4810 4628 4710 4504 4475 4631 4783 4823 4868 4946 4983 4839 4862 4759 4826 4681 4570 4852 4734 4686 4797 5085 5007 4630 5017 4416 4829 5263 4297 4573 4905 4980 4376 4738 4701 4903 4385 4683 4265 5038 4746 4712 4714 4533 4832 4694 5019 4783 4719 4621 4299 4634 4434 4539 4688 4963 4803 4596 4949 4683 4477 4514 4613 4660 4535 5008 4622 4775 4802 4258 4810 5044 4493 4872 4680 4696 4384 4755 4969 4989 4678 4256 5299 4404 5025 4774 5061 4523 4159 4660 5115 4570 4700 4793 5123 4831 4648 4690 4445 4763 4947 4670 5261 4708 4595 4422 4129 5177 4928 4423 4887 4777 4658 5147 4972 5161 5063 5069 4782 4920 5322 4534 4851 4807 4838 4776 4536 4830 4474 4471 4907 4355 4513 4655 4840 4911 4079 5033 4500 4999 4563 4573 4665 4474 4618 4607 4668 4487 4361 4420 4617 4660 4955 4843 4884 5031 4473 4658 4618 4986 4840 4600 5136 4693 4811 4898 4843 4482 5011 4891 4865 4607 4625 4998 4697 4637 4719 4534 5240 4681 4711 4507 4419 4464 4985 4927 4971 4544 4879 4780 4788 4838 4674 5013 4918 4711 4918 4553 4395 4723 4551 4615 4659 4482 4811 5224 4756 4648 4881 5274 4809 4704 4829 4604 4867 4925 4395 4987 5130 4380 4584 4859 
4916 4808 5046 4902 4955 5018 4797 4822 5005 4461 4750 4534 4537 4573 5107 4872 4619 4856 4529 4971 4725 4757 4542 5066 4593 4794 4713 4733 4895 4708 5179 4605 4404 4879 4820 4983 4756 4927 4901 4847 4618 4848 4578 4815 4651 4777 4504 4785 4828 5138 4872 4519 5026 4804 4682 5107 4445 4712 4918 5031 4413 4948 4585 4723 4493 4591 4297 5063 4660 4754 5020 4757 4848 4931 5065 4747 4957 4825 4717 4437 4405 4711 4990 4870 4758 4731 5233 4951 4550 4835 4690 4738 4688 4608 4761 5063 4842 4276 5052 4844 4723 4935 4530 4439 4848 4665 5249 4773 4969 4536 5587 4277 4727 4819 4888 4794 4452 4569 5025 4923 4731 4978 4940 5102 4776 4883 4940 4782 5051 4633 5282 4857 4539 4497 4488 5044 5060 4512 4662 4958 4658 5181 4613 5249 4839 4959 5167 5007 5090 4849 4898 4771 4712 4382 4447 4932 4761 4287 5161 4758 4870 4681 4831 5183 4731 4904 4755 4748 4700 4613 4720 4503 4985 4696 4432 4769 4488 4612 4753 4896 4805 4719 4764 4914 4820 4783 4736 5194 5103 4834 5143 4796 5112 5004 4853 4464 4945 4859 4636 4867 4733 4641 4940 5077 4774 4672 5155 4802 4805 4859 4266 4767 4935 5105 4862 4639 4621 4726 4818 5071 4634 4903 4848 4634 5222 4657 4743 4937 4723 4583 4863 4473 4726 5097 4569 4518 4711 5288 4979 4978 4812 4704 4980 5129 4495 4907 5141 4845 4930 4688 
5335 5122 5510 4868 5156 5409 5204 5312 5528 4802 5150 4708 5143 5070 5405 5144 5089 5297 4986 5513 5210 5136 5165 5150 4934 5009 5206 5217 5239 5204 5484 4902 5039 5130 5140 5153 5448 5197 5144 4988 5076 4843 5202 5173 5125 4918 5034 5290 5183 5331 5504 5114 5258 4959 5168 5673 4862 4655 5029 5215 4921 5414 5059 5283 4823 5190 4813 5298 4986 5217 5259 4949 4973 5201 5113 4951 5206 5133 5186 5078 4957 5189 5285 5144 5143 4964 5668 5184 5256 5022 5063 4977 4911 5294 4901 5396 5259 4778 5458 5161 5188 4927 4986 4985 4996 5105 5631 5233 4945 4781 5893 4885 5367 5138 5398 5006 4822 5275 5499 5264 5272 5377 5084 5241 5301 5282 4976 5075 5112 5001 5371 5157 5044 5018 4834 5589 5412 4871 5444 5401 4910 5408 5334 5703 5106 5517 5332 5274 5482 5144 5155 5292 4976 5024 4604 5144 5101 4770 5265 4800 5295 4903 5323 5389 4660 5165 5360 5426 5069 5111 4988 4485 5246 5215 5176 5098 4928 4852 5041 5229 5211 5070 5262 5376 4987 4858 5100 5309 5439 5062 5516 4967 5247 5352 5144 5073 5126 5409 5147 5048 5082 5190 5197 5114 5028 5061 5608 5280 5096 5090 4638 5005 5417 5405 5276 5123 5095 5279 5192 5293 4966 5312 5234 4932 5687 4951 5066 5239 5104 4672 5154 5086 5243 5379 5175 4974 5105 5611 5422 5499 5050 4749 5335 5406 4545 5635 5244 4765 5438 5140 
5303 5299 5250 5140 5191 5483 5338 4937 5258 4667 5263 4620 5080 4959 5419 5459 5081 5424 5096 5086 5066 5244 5047 5497 5124 4966 4907 4808 5298 5285 5144 5050 5004 4966 5274 5185 5110 5391 5547 5143 5149 5096 4955 4991 5123 5285 5304 5127 5019 5050 5248 4947 5446 5042 5001 5509 4656 4756 4985 5537 4732 5129 5060 5242 4897 5002 4653 5497 5057 5197 5283 5010 5193 5003 5233 5217 4889 5192 5219 5289 4468 5208 5456 5351 5138 5149 5722 5182 5228 4873 5284 4763 4824 5025 4831 5224 5251 4479 5504 5179 4729 4923 4901 4878 4855 5232 5635 5326 5376 4554 5648 4808 5328 5169 5433 4974 4727 5196 5514 5172 5018 4970 5313 5446 5108 5223 5288 5108 5255 5140 5400 5198 5232 5047 4647 5430 5381 4875 5228 5119 4804 5590 5036 5646 5144 5364 5424 5115 5522 5443 5366 5223 5001 4965 4932 4985 5193 4657 4859 4641 5494 4939 5375 5238 4917 5356 5225 5296 4981 5239 4898 4599 5143 5124 4770 4958 4779 4828 5375 5185 5363 5066 5262 5320 5110 4985 4933 5389 5334 5379 5320 5106 5351 5619 5185 4703 5293 5229 4926 5197 5316 5564 5183 5166 5252 4891 5657 5189 5123 4860 4834 4992 5215 5202 5238 4866 5525 5082 5166 5122 5052 5284 5014 5095 5319 4755 4840 5269 4987 4741 4989 5135 5023 5602 5197 5073 5443 5719 5456 5400 4866 4755 5218 5169 4531 5277 5342 4836 5292 5175 
5265 5205 5297 4985 5093 5423 5267 5134 5226 4600 5138 4822 5060 4945 5162 5340 5099 5311 5083 5159 4997 5128 4963 5166 5341 5176 4859 5056 4960 5400 5410 4734 4844 5163 5102 5077 5103 5079 5062 4757 5097 4837 5202 4862 5030 5445 4767 5080 5056 5222 5365 4983 5485 4938 4976 5636 4700 4812 5138 5217 4532 5225 4896 5355 4931 4987 4598 5374 5033 4975 4906 5319 4981 5100 5085 4669 4999 4778 5042 4846 4703 5042 5153 5161 4700 4859 5677 5184 4910 5048 5178 4706 4880 5282 4814 5360 5082 4806 5150 5265 5058 4908 4949 4946 5047 5050 5391 5184 5096 4778 5555 4429 5361 5177 5221 4987 4674 4923 5538 5018 5046 5345 5364 5136 5204 5088 4876 5241 5016 4784 5434 5140 5011 5064 4716 5363 5434 4918 5222 5011 4795 5453 5387 5777 5281 5361 5268 5245 5607 5084 5269 5165 5030 4825 4842 5048 4906 4638 5438 4879 5233 5043 5279 5462 4653 5358 5129 5127 4980 5143 4625 4741 5036 4951 4889 5031 4831 4631 5232 5188 5086 5204 5180 5441 4912 5143 4713 5545 5384 4982 5306 5188 5336 5369 5243 4902 5256 5046 4955 5264 5179 5152 5014 5153 4711 4982 5369 5060 4865 5273 4797 4921 5066 5410 5094 4894 5123 5088 4893 5208 5220 5034 4842 5298 5401 5070 5213 5154 5106 4589 4837 4913 5310 5205 4957 4846 5146 5623 5369 5420 5034 4957 5094 5321 4793 5398 5392 4830 5141 5002 
5178 5359 5210 4983 5024 5426 5288 4966 5249 4786 5293 4901 5117 4756 5226 5269 4913 5310 4919 5014 5210 5288 4929 5527 4871 4925 5052 4863 4889 5084 5238 4824 4876 5023 4918 5008 5108 5453 5285 5145 5145 4829 5173 5012 5064 5156 4961 5093 4989 5245 5123 4892 5199 5165 5092 5515 4737 4616 4969 5146 4804 5099 4953 5363 4697 5139 4739 5198 5058 5233 5030 5212 5016 4767 5100 5100 5206 5019 5061 4713 4901 5089 5069 5312 4917 4973 5675 5013 5017 4920 5189 4737 5066 5490 4885 4991 5205 4748 4947 4859 4947 5079 5101 4958 5032 5029 5343 5438 5011 4482 5616 4566 5279 5147 5341 4696 4807 5174 5528 5182 4996 5168 5165 5452 5123 5108 4807 4983 5092 5131 5465 5057 5030 4957 4716 5404 5585 4673 5059 5340 4857 5603 5136 5741 4932 5360 5039 4976 5377 5064 5125 5008 4939 4747 4767 4952 4938 4414 5018 5061 5179 4902 5316 5498 4970 5062 4995 5348 4727 5373 4750 4562 5072 5092 4723 4877 4889 4765 4644 5338 5227 4876 5186 5221 4962 5054 4877 5227 5224 5072 5631 5002 5351 5440 5301 4896 5342 5142 4810 5038 5203 4998 5104 5133 5157 5051 5619 5218 5079 5074 4478 5062 4764 5420 5232 5106 5095 5373 5189 5181 4845 4997 5013 5007 5301 4716 4738 5388 5120 4622 4853 4862 5418 5524 4981 4793 5182 5668 5351 5163 4941 5062 5005 5230 4538 5383 5348 4676 4970 5036 
5753 5300 5340 5091 5293 5636 5440 5255 5468 4958 5243 4880 5042 5190 5666 5647 5145 5650 5099 5465 5241 5542 5031 5546 5140 5244 5348 5180 5418 5505 5411 4763 5194 5361 5601 5473 5425 5686 5518 5305 5151 5328 5203 5359 5254 5373 5164 5191 5482 5640 5421 5204 5419 5334 5333 5926 4930 5103 5287 5640 4902 5377 5030 5819 4995 5406 5005 5421 5273 5292 5202 5544 5211 5299 5162 5057 5291 5384 5146 5348 4871 5407 5688 5572 5271 5193 5834 5381 5156 5151 5295 4941 5236 5559 5254 5362 5545 4968 5577 5397 5354 5246 5248 5154 5540 5348 5565 5434 5370 5027 5957 4698 5535 5260 5518 5097 4999 5216 5681 5250 5234 5474 5558 5505 5482 5417 5345 5410 5160 5097 5625 5302 4973 5299 4798 5564 5383 5096 5291 5466 5022 5701 5393 5837 5642 5683 5251 5337 5761 5305 5402 5080 5146 5300 5121 5476 5253 4640 5471 4831 5640 5292 5569 5427 5022 5370 5547 5539 5195 5335 4960 4507 5408 5257 5237 5406 5133 5032 5234 5553 5385 5217 5326 5743 5362 5574 5365 5604 5771 5359 5598 5191 5743 5514 5575 4935 5641 5463 5414 5324 5323 5633 5260 5525 5336 4949 5732 5250 5277 5293 5006 4986 5249 5666 5739 5289 5299 5428 5482 5093 5016 5554 5165 4993 5776 5078 5293 5780 5175 4945 5078 5063 5607 5760 5210 5078 5475 5625 5498 5754 5021 5017 5284 5768 4998 5412 5463 5147 5287 5400 
5150 5086 5065 4766 5284 5220 5301 4546 4947 4499 4810 4685 4904 4781 5349 5020 4653 5107 4787 4962 5047 5133 4751 5161 4850 4925 5020 4768 4890 5050 5155 4576 4657 4844 5144 4925 5120 4809 5143 4826 5142 4780 4929 4851 4920 4907 4894 5006 4956 5004 4940 4790 5139 4734 4852 5602 4475 4666 4950 5152 4636 4930 4751 5185 4746 4820 4339 4983 4961 5180 4993 4828 4943 4800 5234 4668 4970 4951 5006 4876 4729 4954 5057 4937 4844 4896 5510 4975 4952 4531 4845 4650 4630 5141 4655 4911 5066 4493 4985 4883 4695 4799 4692 4425 4773 4965 5105 5302 4882 4483 5672 4478 5125 5047 4964 5000 4627 4956 5211 4888 4681 4927 5338 4980 4658 4920 4848 4901 5191 4706 5102 5008 4947 4789 4344 5111 4857 4694 4948 4783 4588 5386 5234 5394 5061 5322 5025 4967 5478 5068 4940 4928 4822 4891 4660 4906 4655 4546 4935 4497 5134 4658 4889 5103 4697 4922 4954 5070 4945 4985 4612 4378 4943 4903 4894 4884 4681 4534 4835 4739 5195 5040 4907 5000 4755 4832 4814 5111 5159 5094 5190 4821 5260 5231 5080 4617 4931 5026 5174 5082 4935 4945 4808 4831 5003 4813 5361 4912 4922 5064 4393 4819 5065 5211 5287 4877 4862 4995 4784 4905 4592 5259 4826 4586 5223 4729 4861 4943 4611 4346 4748 4661 5256 5367 4880 4714 5021 5275 5264 5059 5308 4660 4968 5097 4489 5403 5159 4526 4904 4811 
5447 5252 5300 4850 5310 5445 5243 5001 5299 4765 5323 4759 4675 5011 5314 5056 4829 5167 5048 5390 5118 4997 4895 5259 5072 5001 4852 5083 5222 5116 5461 5044 4992 4792 5403 5263 5192 5380 5399 5248 5162 4921 5132 5062 5059 5160 5196 5237 5216 5443 5217 5141 5305 5024 4795 5610 4744 4844 5303 5365 4755 5110 5032 5649 4780 5357 4684 5510 4897 5294 5243 5094 5110 5023 5342 5176 5053 4932 5096 4995 4629 5152 5263 5101 5148 5017 5701 5113 5212 4694 4958 4825 4730 5192 4909 5174 5183 4705 5147 4941 5011 4823 4963 4594 5012 5012 5196 5328 5131 4726 5731 4716 5453 5230 5207 4934 4748 5035 5301 5177 5023 5387 5273 5447 5387 4967 5125 4928 5284 5103 5472 5157 4901 5055 4719 5433 5276 4814 5489 5336 4878 5604 5359 5748 5175 5434 5177 5028 5634 5075 5211 5188 5020 4807 4664 5188 5063 4656 5076 5060 4993 4795 5310 5457 4658 5216 5215 5154 5010 4974 4832 4862 5234 4937 4851 5193 5002 4809 4938 5110 5479 5192 5129 5216 4851 5094 4945 5299 5474 5148 5380 5200 5365 5267 5367 4917 5252 5063 4929 5192 4893 5088 5094 5130 5085 5125 5640 5140 5152 5008 4452 5034 5155 5452 4992 4954 5327 5140 5264 5307 4986 5295 5166 5165 5517 4698 5126 5195 4800 4470 5268 4877 4995 5590 5277 5018 5006 5492 5169 5402 4890 5014 5257 5051 4529 5341 5215 4910 4999 5088 
5812 5789 5631 5578 5672 5835 5922 5462 5910 5000 5590 4934 5247 5269 5826 5645 5394 5925 5521 5692 5301 5683 5480 5623 5446 5520 5621 5473 5601 5528 5713 5051 5315 5414 5853 5623 5665 5696 5686 5560 5430 5290 5622 5441 5599 5511 5491 5681 5766 5592 5738 5740 5845 5232 5542 6060 5117 5105 5524 5825 5257 5705 5338 5879 5236 5376 5158 5871 5606 5675 5600 5648 5430 5626 5671 5382 5687 5607 5520 5639 5099 5464 5739 5594 5403 5717 6216 5426 5262 5250 5383 5348 5278 5685 5540 5864 5596 5045 5739 5626 5511 5439 5592 5189 5592 5544 5950 5663 5514 5210 6155 5040 5595 5390 5641 5344 5123 5585 5845 5463 5485 5520 5845 5681 5480 5641 5402 5443 5724 5569 6006 5648 5312 5257 5235 5841 5895 5421 5869 5497 5265 6069 5644 6289 5678 5891 5708 5708 6058 5862 5634 5411 5581 5161 4985 5642 5392 5124 5691 5375 5695 5420 5746 5843 5256 5713 5609 5666 5114 5680 5430 5263 5870 5609 5420 5569 5327 5200 5594 5584 5939 5478 5643 5729 5448 5316 5392 5882 5843 5563 6079 5500 5628 5813 5490 5343 5706 5701 5596 5438 5536 5441 5743 5646 5570 5368 6121 5701 5556 5676 5210 5424 5711 6085 5771 5369 5666 5670 5660 5757 5462 5721 5504 5256 5929 5318 5374 5817 5292 4974 5566 5287 5750 5910 5438 5732 5683 5901 5620 5776 5569 5227 5683 5711 4815 5985 5907 5447 5635 5577 
5386 5262 5345 5108 5253 5702 5354 5281 5477 5037 5130 4738 5109 5008 5285 5257 5227 5319 5198 5378 5322 5345 5241 5156 5028 5007 5112 5289 4947 5507 5339 4730 5077 5326 5363 5389 5260 5362 5285 5364 5161 5098 5234 5305 4903 5157 5298 5159 5221 5571 5389 5215 5219 5052 5039 5666 4843 5195 5283 5274 4924 5207 5169 5502 4972 4898 4658 5610 5204 5305 5264 5429 4933 5411 5148 5093 5234 5334 5234 5279 4849 5326 5408 5339 5361 5171 5663 5338 5129 5002 5280 5091 5199 5544 5149 5327 5352 4819 5239 5401 5186 5392 5185 4800 5050 5292 5684 5335 5257 5045 5895 4669 5360 5219 5320 5211 4920 5381 5618 5150 5075 5321 5513 5388 5291 5411 5128 5210 5262 4951 5501 5221 5073 4978 4977 5368 5500 4970 5334 5351 5180 5681 5504 5910 5340 5463 5262 5371 5384 5192 5327 5102 5172 4837 4986 5355 4768 4784 5253 4874 5595 5220 5310 5165 4843 5038 5101 5458 5097 5315 4857 4943 5328 5050 5097 5398 5155 5077 5383 5415 5327 5263 5594 5457 5233 5209 5084 5486 5519 4945 5374 5170 5295 5671 5590 4841 5467 5503 5256 5681 5166 4988 5245 5318 5265 5017 5638 5001 5322 5124 4997 5004 5391 5586 5339 5427 5256 5275 5004 5303 4946 5250 5224 5095 5715 4898 5098 5456 5197 4895 5241 5174 5465 5829 5197 5274 5204 5600 5397 5237 5268 4923 5410 5273 4944 5603 5618 4880 5231 5304 
5365 5221 5306 4803 5111 5596 5273 4982 5285 4829 5088 4823 4958 5114 5175 5057 4848 5074 4814 5098 5025 5329 4852 5240 5098 5055 5129 5326 5106 5267 5283 4835 4877 5118 5284 5244 5169 5093 5274 5000 4967 5001 4641 4905 5087 4971 5241 5280 5051 5366 5228 4816 5367 5236 5050 5561 4938 4695 5009 5316 4818 5262 4779 5218 4622 5048 4622 5501 5301 5286 5160 5242 5045 5217 5249 5001 4982 4936 5024 4819 4817 5168 5322 4980 5061 4917 5714 5188 5170 4666 5152 4793 4801 5075 5104 5002 5339 4884 5435 5154 4708 5135 4991 5075 5021 5100 5556 5221 4978 4579 5753 4691 5329 5096 5374 4687 4786 4881 5570 5127 5014 4975 5290 5366 5048 5027 5221 5029 5269 5174 5354 4941 4953 4879 4626 5397 5589 4653 5277 5225 4669 5650 5304 5519 4957 5437 5143 5137 5652 4930 5182 5076 5045 4863 4715 5077 4822 4657 5189 4963 5221 4830 5187 5228 4488 4891 5147 5209 4950 4965 4930 4623 5062 5054 5022 5325 5096 4562 4782 5482 5525 5109 5097 5195 4929 4960 4934 5585 5319 5303 5279 5053 5335 5337 5419 4736 5477 5219 5112 5061 5073 5235 5171 5140 5174 4886 5355 5253 5274 5298 4777 4976 4976 5420 5248 5027 5012 5067 5191 5339 4981 5198 5220 4929 5350 4766 4907 5430 4997 4634 4937 4790 5341 5500 4968 4924 5180 5636 5155 5190 5054 4692 5113 5275 4611 5220 5649 4935 5144 5272 
5160 5160 5092 4951 5042 5344 5082 4934 5275 4949 4987 4694 5134 4917 4992 5109 4932 5049 4804 5027 5143 5066 5069 4968 5053 4853 4906 4830 4828 5145 5385 4836 4897 4979 5089 4986 4929 4984 5030 5016 4836 4678 4945 4951 5029 4920 4826 5039 4986 5189 5058 4922 5300 4899 4933 5136 4427 4981 4915 5021 4820 5077 4849 5268 4821 4884 4834 5049 4939 5105 5106 4869 4868 5121 5018 4866 4997 5075 5070 4952 4639 5077 5194 5049 4913 4826 5465 4983 5051 4739 4924 4862 5106 5041 4999 5303 5244 4455 5197 5095 5160 4779 4864 4754 4935 5079 5487 5211 4959 4851 5309 4699 5043 4963 5185 4910 4684 4612 5377 5090 4981 4929 4878 5299 4925 4911 4877 4767 5001 4942 5301 5023 4817 4819 4637 5228 5198 4546 5173 5235 4708 5363 4741 5747 5203 5265 5260 4908 5157 5188 5066 4676 4865 4653 4676 4680 4809 4872 4966 4756 5407 4938 5206 5272 4750 4877 5047 5013 4808 5146 4835 4694 5061 4802 5038 5021 4802 4641 5065 4982 5133 4903 5121 5168 5142 4895 4914 5193 5097 5143 5156 4893 5173 5426 5223 4860 5079 5221 4887 5159 5187 4954 4999 4894 5091 4881 5468 4750 4805 5023 4635 4864 4918 5067 4988 5004 4917 5246 4938 5153 4802 4926 4944 4772 5508 4515 4805 5148 4701 4497 4745 4836 5473 5315 5053 5007 4913 5519 5082 5259 4979 4791 5313 5109 4337 5107 5283 4730 4994 4965 
5427 5361 5463 5053 5138 5560 5430 5265 5339 4849 5308 4773 4988 5250 5511 5235 5158 5505 5051 5267 5020 5211 4896 5339 4956 4942 5206 5125 5198 5104 5376 4968 5115 5285 5361 5182 5338 5133 5188 5454 5278 4904 5293 5043 5210 5153 5251 5338 5168 5433 5299 5171 5446 5114 5035 5707 4554 4972 5215 5636 4689 5311 5241 5351 4836 5061 4779 5234 5010 5032 5113 5332 5248 5173 5094 5078 5423 5082 5455 5107 4678 5294 5301 5403 5004 5140 5704 5172 4993 4874 5103 4952 4852 5375 5151 5201 5257 4751 5200 5430 4973 5034 5145 5141 5217 5265 5494 5310 5047 4847 5892 4636 5278 5243 5376 4807 5008 5108 5768 5053 4964 5497 5502 5255 5326 5459 5082 5369 5138 5114 5768 5156 4794 4857 4928 5572 5600 5021 5379 5129 4854 5698 5250 5829 5270 5553 5316 5379 5658 5187 5267 5015 4946 5005 4781 5191 5005 4419 5490 4844 5234 5096 5478 5502 4609 5560 5332 5363 5094 5327 5043 4948 5447 5249 4937 5175 5108 4900 5170 5511 5463 5045 5437 5535 4977 5154 5065 5463 5538 5184 5676 5028 5317 5685 5461 4899 5382 5360 5309 5058 5295 5348 5305 4989 5144 5263 5690 5106 4994 5401 4824 4916 5268 5594 5246 5067 5225 5432 5311 5315 5220 5606 5301 4959 5575 4947 5190 5426 5024 4720 5140 5076 5359 5465 5112 5231 5312 5489 5299 5291 5257 4872 5202 5159 4475 5687 5611 4839 5411 5395 
5294 5534 5213 5127 5303 5605 5467 5200 5478 4739 5395 4965 5173 5081 5525 5329 5121 5325 5082 5291 5261 5116 5017 5371 5366 5182 5106 5297 5328 5206 5358 4858 5178 5171 5344 5338 5297 5371 5333 5449 5586 4848 5056 5233 5186 5272 5275 5350 5344 5267 5454 4865 5485 5211 4973 5799 4719 4997 5181 5552 4953 5528 5272 5610 5263 5411 4770 5261 5185 5471 5258 5183 5259 5347 5339 5085 5185 5295 5165 4956 5122 5537 5267 5558 5202 5041 5855 5123 5228 5239 5259 5182 5070 5523 5023 5241 5218 4862 5684 5253 5141 5128 5118 5111 5145 5616 5760 5469 5307 5028 5794 4790 5317 5507 5532 5119 5055 5007 5507 5397 5263 5312 5494 5485 5294 5167 5126 5336 5349 5338 5576 5235 5166 5137 4616 5733 5334 5053 5269 5290 5163 5942 5325 5742 5401 5560 5186 5127 5617 5083 5420 5224 4866 5025 5135 5203 4957 5206 5165 5202 5569 5321 5512 5554 4692 5271 5212 5392 5358 5110 4987 4687 5183 5087 4903 5700 5326 5050 5092 5476 5340 5160 5220 5500 5288 5363 5398 5545 5718 5188 5457 5330 5540 5311 5689 4934 5536 5305 5315 5379 5117 5362 5065 5079 5441 5029 5965 5480 5248 5504 4933 5163 5087 5697 5456 5464 5199 5201 5200 5277 5170 5469 5416 5418 5594 4850 5251 5459 5115 4907 5265 4996 4949 5711 4831 5068 5319 5461 5724 5431 5290 4900 5285 5775 4907 5668 5646 5068 5458 5288 
5114 5070 5453 5090 5322 5632 5264 4955 5519 4669 5058 4862 5064 4906 5168 5208 5051 5275 4968 5321 5146 4916 5222 5500 4961 5088 4965 5038 5263 5223 5459 4857 4857 5281 5236 5343 5182 5321 5269 5078 5080 5104 4971 5112 5146 5216 4982 5386 5032 5222 5478 5022 5430 5229 5108 5512 4724 4746 5193 5212 4731 5261 4822 5584 4722 5293 4684 5422 5053 5091 5082 5089 5272 5102 5324 4817 5422 5149 5101 5128 5004 4938 5174 5206 5417 5067 5643 5107 5008 5384 5052 4992 4917 5192 5069 5383 5312 4961 5451 5270 4951 4918 4838 4910 4977 5207 5498 5552 5081 4885 5803 4635 5318 5345 5515 5088 4665 5551 5675 5265 5004 4903 5215 5262 5222 5072 5030 4957 5485 5175 5332 5159 5050 4854 4534 5384 5475 4968 5294 5297 4785 5810 5344 5603 5125 5639 5050 5289 5529 5302 5377 5370 5101 4920 4910 5177 5114 4846 5369 4875 5164 5031 5271 5030 4837 5127 5239 5172 5109 5408 4855 4727 4951 5145 4830 4944 4964 5002 5161 5196 5594 5102 5335 5544 5330 5010 5013 5371 5448 5207 5495 4721 5454 5420 4998 4875 5374 5074 4926 5341 5143 5522 5200 5101 5133 4894 5172 5209 5185 5206 4598 5190 5228 5271 5282 5204 5366 4967 5114 4935 4989 5402 4997 5208 5633 4971 5002 5375 4754 4749 4655 4898 5174 5643 4787 5166 5319 5549 5439 5507 4821 5044 5101 5034 4953 5330 5250 4867 5363 5332 
5218 5467 5229 5191 5405 5563 5142 5001 5452 4813 5042 5146 5170 4962 5329 5342 4769 5175 5117 5351 5102 5015 5328 5290 5200 4942 5096 5189 5054 5130 5362 5065 4934 5113 5257 5223 5174 4919 5519 5091 4820 4797 5212 5183 5312 4921 5068 5356 5101 5635 5072 4974 5330 5283 5210 5575 4848 4863 4953 5346 4833 5433 4957 5439 4936 5133 4768 5197 5333 5613 5243 5086 5131 5022 5168 5153 5240 5089 5179 4819 4887 4977 4963 5165 5286 4942 5665 5091 5285 5095 5100 4810 4909 5407 5002 5230 5323 4828 5082 5273 5036 5074 4955 4989 5120 5387 5675 5404 5161 4800 5644 4543 5507 5155 5303 5057 4699 5015 5661 5209 5214 5009 5556 5200 5170 5045 5056 5053 5481 5091 5622 5148 5035 4945 4725 5675 5423 4754 5241 5326 4762 5760 5166 5628 5208 5470 5400 5134 5700 5490 5334 4964 4856 5158 4844 5018 4779 4885 5422 4974 5294 5031 5319 5110 4550 5164 5323 5372 5381 5011 5043 4835 5083 5325 5108 5323 5274 4884 4978 5194 5528 5006 5131 5294 4986 5151 4932 5419 5473 5089 5729 5089 5407 5362 5340 4870 5626 5402 5217 5407 5226 5089 5237 5311 5099 5005 5675 5049 5271 5399 4806 5050 5203 5395 5208 5220 5470 5176 5341 5202 4915 5194 5151 5146 5707 4775 5098 5408 5170 4756 5066 4923 5534 5564 5014 4992 5332 5849 5393 5298 5269 4888 5376 5267 4453 5200 5442 4832 5207 5210 
5522 5584 5591 5184 5644 5905 5763 5277 5810 4890 5469 5137 5223 5357 5869 5757 5328 5559 5324 5449 5356 5721 5619 5691 5477 5504 5391 5411 5461 5799 5679 4906 5295 5398 5743 5606 5538 5579 5653 5362 5336 5127 5500 5664 5494 5313 5473 5743 5445 5795 5811 5618 5713 5342 5542 6175 5237 5300 5419 5714 5314 5773 5486 5909 5135 5529 4999 5754 5453 5699 5595 5834 5346 5405 5650 5555 5782 5578 5340 5537 4953 5696 5660 5542 5589 5518 5955 5582 5469 5330 5565 5262 5219 5840 5324 5431 5418 5069 5649 5594 5281 5187 5406 5184 5358 5526 5833 5579 5584 5245 6187 4887 5515 5292 5768 5336 5111 5399 5815 5613 5553 5466 6266 5746 5569 5455 5414 5722 5680 5459 5795 5756 5593 5313 5139 5890 5867 5317 5632 5582 5063 6065 5520 6055 5769 5914 5496 5479 6203 5750 5723 5578 5404 5406 4947 5519 5258 5084 5701 5278 5710 5465 5745 5670 5181 5589 5524 5678 5319 5579 5402 5186 5462 5619 5389 5310 5449 5277 5555 5605 5934 5420 5601 5634 5427 5479 5264 5837 5726 5456 5955 5234 5448 5870 5998 5264 5699 5687 5706 5692 5627 5462 5786 5605 5221 5289 6074 5482 5679 5715 5082 5458 5512 5983 5685 5503 5840 5681 5571 5518 5505 5680 5542 5329 5883 5113 5247 5633 5231 5110 5232 5222 5640 6124 5458 5565 5668 6131 5781 5783 5503 5019 5621 5771 5066 5927 6039 5182 5702 5533 
5672 5586 5393 5159 5575 5645 5588 5164 5524 4970 5330 5252 5140 5056 5492 5659 5192 5469 5276 5410 5427 5137 5125 5558 5290 5107 5198 5258 5167 5174 5749 4909 4983 5199 5232 5538 5315 5460 5448 5238 5245 5274 5115 5479 5416 5202 5099 5494 5397 5643 5859 5012 5574 5286 5399 5739 4883 5094 5452 5682 4874 5368 5007 5588 4930 5304 4787 5626 5149 5502 5477 5240 5431 5225 5429 5382 5458 5330 5427 5220 4793 5100 5339 5269 5399 5070 5707 5301 5488 5227 5225 5085 5133 5379 5145 5359 5510 5064 5477 5210 5386 5129 5238 5136 5215 5407 5693 5516 5401 5004 5983 4822 5715 5676 5443 5367 5057 5416 5622 5313 5328 5363 5587 5144 5484 5162 5125 5185 5589 5299 5842 5529 5167 5151 4671 5742 5525 5084 5326 5325 5026 5778 5264 5856 5403 5631 5613 5204 5689 5377 5596 5336 5256 5203 4894 5356 4901 5132 5439 5122 5359 5491 5376 5482 4911 5517 5396 5506 5279 5581 5231 4900 5506 5332 5210 5240 5306 4901 5371 5518 5675 5195 5603 5544 5273 5082 5062 5500 5583 5303 5711 5195 5320 5384 5536 4910 5523 5427 5116 5425 5567 5511 5176 5501 5170 5172 5659 5454 5465 5402 4846 5258 5344 5862 5422 5330 5531 5280 5419 5204 5104 5414 5282 5122 5843 4959 5306 5654 5169 4671 5259 4816 5572 5888 5181 5155 5392 6012 5490 5639 5251 4994 5335 5378 4909 5611 5774 5090 5409 5361 
4767 5078 4917 4592 4866 5066 4877 4601 5107 4643 4814 4556 4737 4871 5179 4703 4820 5008 4713 4950 4496 4746 4751 5148 4804 4433 4870 4822 4719 4860 4985 4413 4674 4779 4920 4964 4755 4884 4917 4943 4495 4700 4666 4748 4891 4975 4682 5079 4908 5175 5087 4703 5087 4898 4757 5217 4070 4668 4795 5017 4667 4762 4720 5113 4345 4735 4456 4930 4705 4980 4808 4718 4835 4825 5012 4847 4726 4752 4704 4894 4368 4884 4927 5031 4919 4795 5437 4703 4865 4808 4730 4837 4658 4772 4683 4976 4788 4420 5084 4898 4627 4842 4736 4723 4739 4721 5117 4750 4736 4640 5613 4238 5047 4618 4968 4629 4539 4700 5190 4800 4788 4576 4859 5137 4968 4745 4627 4602 5034 4680 5346 4946 4721 4543 4611 4901 5040 4563 4977 4948 4679 5274 4631 5540 4832 5244 5111 4972 5125 4999 4831 4895 4531 4702 4473 4752 4828 4550 5016 4399 4950 4513 5088 4989 4441 5033 4860 4765 4725 4888 4751 4496 4856 4793 4559 4688 4831 4591 4773 4985 5051 4612 4885 4932 4847 4892 4832 4943 4872 4990 5448 4693 5165 5156 5118 4642 5198 5220 4892 4792 4898 4634 5037 4884 5047 4633 5429 4670 4597 4924 4690 4601 4840 5006 4895 5113 4759 5022 5167 4883 4608 4904 4485 4530 5207 4555 4859 5062 4737 4447 4851 4706 4942 5270 4583 4829 4881 5202 4897 5075 4669 4575 4851 4880 4557 5041 5173 4464 4836 4899 
5019 4925 5033 4825 5093 5273 5445 5094 5208 4587 4945 4724 4804 5019 5258 5283 5004 5312 4600 5068 5115 4914 4797 5211 5246 4926 4916 5183 5159 4925 5109 4568 4891 5415 4843 5121 5422 5204 5114 5084 4920 4940 5059 4883 5133 5088 4951 5325 5295 5378 5190 4804 5256 4993 4749 5602 4560 4496 4558 5236 4586 5267 4875 5405 4653 5234 4412 5248 5054 5090 5229 5002 5241 4879 5529 5104 5259 5103 4816 4946 4802 4949 5240 5232 5155 4960 5693 5007 4979 4736 5079 4926 5263 5257 5170 5194 5088 4397 5219 5395 5046 4953 5036 4985 5029 5152 5417 5130 4984 4599 5485 4720 5331 5039 5233 5031 4897 4999 5356 5031 5029 5241 5346 5432 5040 4856 4912 5139 5002 5042 5326 5088 4935 4883 4598 5309 5526 4914 5059 5274 4801 5613 5389 5450 5207 5515 5068 5149 5457 5147 5173 5156 5018 4810 4685 5280 5002 4568 5283 4647 5179 5216 5476 5273 4594 5099 4833 5285 5132 5096 4796 4825 5115 5147 4736 5088 4964 5044 5074 4926 5241 5049 5049 5320 4941 5133 5075 5309 5425 5147 5437 5012 5177 5512 5197 4805 5136 5083 5125 5199 4929 5204 5153 4954 5541 5122 5708 5225 5208 4846 4829 5050 4802 5428 5211 5342 4839 4979 5082 5080 4818 5222 5038 4710 5229 4650 4831 5195 5105 4482 5035 4938 5221 5310 4927 5049 5320 5857 4966 5321 5009 4622 5183 5586 4753 5148 5285 5063 5134 5350 
5174 5032 5311 4912 4828 5420 5204 4864 4763 4930 5267 4678 4874 4594 5401 5239 5020 4934 4780 4782 5110 4881 4923 5091 4994 4894 4981 4550 5005 4884 5313 4895 4802 5016 4787 5114 4852 5103 5030 5010 5089 4776 5012 4956 4834 5096 4717 4797 5082 5053 4945 4787 5259 4712 4828 5229 4494 4920 4988 4966 4589 5152 4878 5280 4646 4976 4602 5207 4914 5168 4981 5071 4801 4983 5180 4900 5140 4955 5152 5022 4495 5215 5161 5175 4732 4853 5595 5195 5096 4646 4851 4737 5133 5348 4913 5302 4787 4764 5094 5118 5039 5021 4747 4636 4780 4800 5311 5137 4859 4679 5542 4744 5127 5016 5252 4943 4755 4862 5227 5087 5001 5269 5215 5232 4947 5040 4882 4748 5149 4852 5559 4904 4931 4922 4464 5298 5178 4724 4895 4984 4696 5354 4989 5432 5069 5015 5114 4675 5305 5123 5083 5124 4845 4842 4741 4785 4711 4569 5155 4777 5174 4889 5291 5234 4548 5168 4849 5329 4597 5352 4836 4476 4964 5060 4735 4856 4745 4722 4914 4962 4972 4848 5030 5175 5052 4872 4884 5040 5218 5091 5183 4980 5116 5004 5161 4694 5072 5124 5020 5198 4800 5145 5004 5071 4972 4873 5362 4863 4856 4885 4369 4976 4712 5207 5337 4994 4784 4889 5051 5202 4763 5070 5082 4772 4996 4783 4871 5034 4911 4798 4795 4932 5022 5450 4806 4954 5069 5433 5020 5321 5085 4585 5025 5361 4687 5223 5306 4899 4914 5076 
5328 5295 5340 4793 5120 5348 5159 5045 5322 4527 5058 4599 4814 4705 5299 5288 5046 5157 5161 5304 5105 5305 5219 4939 5240 5285 4973 4959 5123 5207 5326 4829 5133 4953 5287 5025 5163 5128 5305 5095 4917 4774 5238 5017 4988 4984 4922 4931 5245 5175 5244 4947 5021 4808 5024 5749 4747 4885 5032 5170 4763 5207 5064 5478 5129 4846 4691 5299 4981 5421 5201 5150 4890 5070 5202 5027 4979 5098 4929 5063 4583 5261 5279 5149 5044 4986 5588 5058 4934 4935 5071 4893 5083 5341 4794 5120 5132 4745 5219 5116 4970 4874 4825 4848 4583 5121 5386 5062 5034 4699 5735 4633 5375 5042 5129 4961 4661 5065 5319 4946 5125 4947 5438 5082 5141 4863 5075 4902 5033 4937 5436 5209 5064 4944 4862 5191 5510 5107 5266 5078 4833 5628 5304 5585 5325 5346 5318 5117 5600 4968 5255 4885 4883 4769 5068 5203 4845 4660 5251 4850 5211 4959 5284 4972 4736 5118 5189 5315 5078 4969 4664 4858 5190 4877 5101 5062 5011 4611 5014 4950 5424 5056 5181 5178 4703 5039 4925 5391 5259 4943 5634 4990 5078 5321 5400 4974 5528 5355 5222 5041 5201 5052 5032 5109 5020 4848 5998 5120 5235 5056 4853 4658 5018 5494 5211 5095 5124 5182 5208 5039 5004 5365 5067 5224 5508 4954 4941 5207 5131 4736 5385 5022 5217 5515 5086 5013 5321 5750 5277 5380 5100 4681 5337 5080 4782 5319 5232 4903 5108 4999 
5078 4844 5141 4478 4656 5131 5025 4891 4903 4663 4936 4571 4594 4908 5279 4942 5048 4719 4718 5152 4832 4887 4795 4957 4839 4556 4840 4776 4974 4856 5178 4728 4665 4776 4869 4932 4738 4940 5089 5000 4946 4726 4602 4726 4743 5032 4690 5060 5052 5197 5282 4812 4944 4630 5095 5342 4512 4771 4847 5113 4497 4802 4811 5266 4415 4575 4484 5075 4863 4753 4715 4766 4604 4951 4894 4707 5047 4916 4947 4958 4180 4984 4974 5018 4763 4759 5321 4889 4697 4550 4754 4588 4690 5076 4823 4804 4707 4478 4852 5078 4874 4783 4915 4528 4667 4850 5310 4876 4820 4931 5501 4257 4923 4649 5091 4847 4753 4768 5172 4870 4989 4943 5279 5014 4877 4969 4949 4945 4722 4847 5170 4956 4606 4733 4699 5192 5161 4600 5094 5038 4896 5367 4884 5410 4931 5299 4904 4910 5305 4939 4857 4837 4681 4938 4536 4969 4689 4299 4951 4837 4875 4646 5080 4925 4467 5015 4949 4906 4610 4870 4583 4346 4932 4780 4555 4770 4881 4401 4653 5091 4982 4859 4950 5081 4576 5082 4525 5078 5091 4915 5337 4873 5075 5074 5120 4749 5101 4967 4648 5207 4895 4818 4995 5100 5011 4696 5297 4903 4837 4917 4730 4773 4841 5290 5094 4713 4937 5005 5003 5196 4766 5196 4992 4828 5056 4434 4695 5062 4747 4650 4858 4850 4785 5219 4834 4716 4975 5304 5126 5344 4926 4752 5046 5202 4460 5316 5088 4396 4958 5025 
5635 5561 5612 5470 5498 5865 5625 5409 5760 5044 5659 5176 5431 5249 5634 5558 5457 5521 5451 5305 5401 5645 5391 5636 5501 5342 5245 5470 5278 5756 5771 5319 5407 5465 5486 5523 5556 5644 5531 5405 5354 5256 5524 5539 5403 5703 5412 5508 5481 6084 5800 5277 5714 5464 5402 5957 5069 5232 5473 5871 5168 5556 5448 5606 5009 5446 5119 5824 5279 5553 5519 5460 5289 5587 5590 5410 5563 5468 5411 5459 5232 5498 5653 5513 5280 5198 6243 5367 5623 5123 5312 5161 5537 6116 5152 5493 5574 4894 5681 5606 5423 5355 5285 5239 5359 5718 6038 5533 5576 4788 6077 5135 5797 5424 5483 5232 4970 5383 6066 5448 5474 5614 5890 5695 5389 5473 5351 5222 5632 5595 6059 5656 5672 5302 4968 5792 5752 4902 5669 5532 5250 5890 5710 6250 5672 5795 5747 5417 5936 5686 5327 5395 5684 5583 5270 5594 5339 5134 5649 5310 5778 5459 5600 5632 4905 5663 5550 5640 5247 5524 4953 5167 5508 5639 5289 5382 5461 5165 5355 5551 5562 5603 5604 5772 5036 5495 5503 5724 5868 5747 5792 5688 5568 5688 5862 5339 5712 5646 5421 5425 5325 5756 5664 5471 5434 5401 5982 5586 5618 5430 4896 5328 5425 6188 5668 5413 5619 5664 5828 5946 5172 5592 5668 5567 5960 5305 5344 5514 5224 5228 5088 5105 5642 5703 5542 5524 5501 6181 5733 5786 5324 4975 5572 5404 5028 5901 5987 5269 5255 5474 
5548 5565 5483 5013 5321 5602 5506 4872 5161 5136 5403 4901 5129 5211 5656 5576 5017 5405 4984 5130 5155 5343 5027 5501 5193 4971 5255 4989 5006 5439 5398 4956 5242 5143 5418 5408 5366 5319 5494 5388 5252 4866 5072 5329 5305 5090 5305 5195 5072 5472 5582 5171 5355 5174 5155 5748 4865 5240 5488 5434 4915 5491 5088 5518 4786 5121 4711 5572 5330 5550 5104 5124 5075 5131 5476 5161 5451 5294 5239 5321 5040 5329 5573 5363 5249 5233 5678 5432 5151 4993 5246 5034 5056 5548 4913 5179 5282 5070 5431 5455 5101 5205 5138 5076 5169 5289 5620 5264 5346 4867 5814 4818 5400 5371 5388 5394 4946 5183 5567 5308 5092 5154 5331 5638 5254 5053 5185 5149 5572 5283 5773 5329 5148 4795 4729 5445 5691 5126 5240 5603 5110 5896 5380 6034 5425 5341 5369 5168 5807 5438 5170 5276 5138 5087 4941 5309 5300 4732 5500 4904 5617 5078 5554 5743 4870 5294 5555 5414 5111 5376 5133 4861 5198 5361 5185 5401 5144 5243 5333 5259 5458 5047 5290 5347 5345 5152 5050 5676 5737 5319 5717 5124 5508 5500 5436 5029 5463 5237 5434 5196 5340 5265 5473 5381 5200 4775 5609 5343 5281 5099 5009 4732 5365 5724 5612 5177 5273 5461 5573 5177 5130 5241 5444 5036 5637 4679 5307 5452 4873 4731 5109 5230 5407 5821 5176 5058 5595 5689 5367 5579 5333 4914 5250 5531 4854 5783 5864 5078 5380 5386 
5104 4650 4705 4932 4910 4767 4722 4759 4919 4500 4400 4466 4706 4404 4829 4764 4535 4752 4703 4739 4759 4610 4694 4696 4785 4886 4766 4707 4426 4540 4991 4456 4404 4421 4889 4736 4746 4613 4552 4528 4732 4311 4651 4303 4816 4692 4674 4700 4668 4870 4990 4897 4998 4648 4965 5248 4599 4538 4988 4702 4451 4948 4569 5136 4279 4587 4483 4963 4627 4931 4849 4644 4500 4699 4890 4305 4818 4555 4722 4692 4397 4661 4653 4617 4487 4427 5422 4522 4484 4403 4571 4679 4436 5006 4595 4775 5041 4288 5007 4609 4831 4707 4551 4327 4664 5025 5203 4917 4926 4443 5290 4406 4650 4608 5032 4674 4507 4696 5277 4728 4649 4731 5033 4516 4733 4845 4681 4633 4989 4726 4790 4795 4565 4635 4279 4840 5021 4500 4767 4959 4579 5046 4756 5302 4822 4977 4728 4899 5036 4764 4978 4706 4507 4640 4361 4501 4562 4402 4746 4675 4798 4613 4784 4777 4377 4647 4802 4858 4537 4672 4530 4533 4731 4781 4514 4870 4422 4485 4788 4747 4713 4823 5004 4925 4697 4562 4574 4863 5078 4590 4912 4754 4804 4624 4963 4724 4874 4945 4724 4868 4865 4948 4966 4759 4779 4651 4873 4779 4853 4997 4227 4648 4699 4999 4872 4637 4980 5117 4637 5013 4664 4906 4792 4746 5120 4297 4815 4950 4731 4534 4785 4478 4906 4862 4678 4589 4564 5039 4902 5137 4696 4422 4729 4845 4311 4989 4941 4494 4640 4780 
5080 5471 5240 5021 5128 5464 5331 4941 5550 4811 5087 4824 4857 4864 5435 5074 4925 5149 4919 5171 5063 4993 5335 4864 5176 5182 4820 4883 5035 5213 5271 4863 4874 5090 5263 5201 5156 5091 5274 5123 5044 4812 5226 5145 5006 4888 4876 5027 5190 5425 5379 5090 5288 4694 4821 5624 4626 4691 5092 5334 4496 5077 4907 5488 4689 5157 4460 5143 4902 5225 5057 5264 5121 5058 5025 4896 5239 5108 5128 4976 4921 5065 5058 5315 5030 4887 5598 4975 5059 5023 5229 4899 4857 5309 4951 5253 5086 4787 5177 5111 5035 4837 4999 4839 4649 5322 5432 5156 5067 4899 5568 4707 5261 5105 5162 4973 4652 5051 5575 5024 5108 5013 5447 5301 5063 5074 4987 4960 5102 4985 5380 5255 5000 5077 4879 5428 5314 4858 5126 5387 4876 5503 5150 5818 5216 5407 5138 4798 5450 5130 5263 4996 5210 4979 4759 5142 4948 4812 5243 4893 5532 5078 5143 5264 4530 4967 5150 5552 4874 5340 4927 4913 5116 5060 4906 5244 4895 4873 5244 4921 5279 5089 5332 5157 5060 5088 4790 5373 5409 5155 5210 5009 5296 5187 5393 4728 5145 5161 5134 5288 5267 5222 4920 5048 5180 4977 5472 5057 5210 5383 4713 5067 4995 5412 5211 5201 5268 4964 5243 5034 5163 5032 5131 4946 5494 4844 4829 5210 4913 4694 5010 4914 5131 5599 5191 5203 5125 5448 5197 5342 5114 4635 5143 5140 4638 5286 5248 4965 5381 5128 
5352 5223 5131 4898 5212 5204 5153 5191 5434 4821 4957 5012 4897 5016 5567 5280 5234 5322 4964 5214 5047 5295 5047 5231 5133 4890 5127 5196 4918 5087 5104 4891 4422 5015 5016 5175 4914 5257 5142 4944 5065 4893 4891 5124 4986 5214 4920 5144 5334 5130 5273 5024 5238 4915 5022 5851 4748 4630 5206 5222 4625 5151 4827 5388 4623 5135 4457 5116 4707 5059 4803 5087 5041 5078 5273 5023 5148 5247 5260 4976 4644 5176 5415 5024 5027 4708 5431 5123 4893 5059 4884 5007 5027 4997 5321 5396 5021 4637 5381 5164 5023 4955 5080 4709 5081 5262 5568 5131 5064 4692 5867 4619 5377 5165 5307 4979 4805 5120 5344 5227 5303 4988 5504 5299 5002 5097 5083 5137 5341 4938 5714 5075 5079 4894 4865 5176 5496 4817 5170 5274 4934 5455 5184 5542 5403 5260 5020 5075 5440 5209 5148 5265 4827 5022 4594 5261 4779 4443 5203 4767 5351 5091 5479 5335 4811 5088 5151 4967 4801 5090 4925 4755 4985 5209 4824 4906 4978 4960 5125 4938 5107 5006 5059 5151 4860 5166 4818 5130 5426 5144 5394 4991 5263 5430 5323 4931 5269 5253 4932 5385 5079 5210 4905 5024 5136 5077 5390 5136 4999 5082 4721 5229 5357 5411 5145 5079 5114 5279 5093 5179 4904 5215 4857 4880 5546 5006 5109 5213 5353 4681 4920 4799 5182 5426 4936 4700 5121 5587 5069 5276 5225 4975 5140 5296 4349 5267 5137 4835 4934 5157 
5084 4851 5117 4662 4768 5069 5210 4945 4949 4764 4795 4355 4837 4873 5140 5017 5005 4735 4901 4964 4715 4955 4939 4921 4741 4781 5249 4580 4847 5119 5014 4866 4721 4831 4986 5141 4706 4807 5108 4975 4976 4829 4694 4787 4791 5192 5019 5111 4894 5008 5050 4875 5034 4721 5037 5411 4686 4574 4743 5016 4697 4819 4683 5126 4514 4850 4408 5101 4892 5033 4936 5188 4614 4904 4960 4746 5011 5014 4978 4738 4257 4897 5082 4894 4954 4717 5262 4761 4806 4567 4865 4481 4704 5003 4786 5064 4791 4495 5054 5114 4749 4763 5034 4596 4865 5052 5292 4854 4754 4627 5624 4538 5087 4854 5036 4800 4695 4720 5391 5009 4779 4889 5224 5154 4830 4832 4891 4833 5114 4744 4996 4952 5062 4714 4658 5042 5062 4468 5317 5148 4700 5210 4983 5493 4839 5208 5026 4659 5315 5155 4848 4633 4583 4951 4606 4751 4692 4447 4967 4547 5034 4753 5291 5138 4478 4855 4939 4890 4488 4924 4655 4344 4808 4922 4723 4815 4695 4538 4897 5093 5000 4900 4699 5035 4671 4741 4531 5011 5018 4928 4952 4712 5103 5378 4944 4817 5009 5060 4737 5168 5043 5072 4892 4851 4898 4526 5100 4741 4918 4916 4452 4898 4921 5258 5151 4633 5015 4943 4843 4980 4750 5052 4922 4749 5431 4800 4643 5281 4614 4609 4660 4632 4946 5200 5075 4761 5041 5228 5008 5284 5233 4602 4977 5056 4701 5211 5138 4287 4871 4963 
5296 5172 5011 4766 5110 5275 5275 4834 4925 4734 4951 4298 4854 5017 5259 5174 5081 5174 4934 5174 4975 4970 4842 5173 4922 4900 4805 4878 4963 5176 4797 4765 4914 4866 5004 5061 4749 5144 5063 4795 5019 4611 5003 4833 4788 5201 4825 4863 4736 5221 4971 4810 5200 4799 5093 5316 4505 4559 4946 4866 4609 4908 4600 5076 4452 4900 4519 5313 4967 4920 4946 5069 4988 4688 5061 4907 5083 5041 4965 4772 4384 4789 5275 4690 4729 4685 5645 4988 5003 4906 4982 4542 4726 4919 4866 5052 4821 4394 5140 4900 4582 5110 5062 4694 4813 4976 5293 4932 4675 4564 5361 4499 5071 4926 5364 4567 4795 4661 5090 5000 4874 5003 5284 4997 4890 5003 4921 4833 5209 4811 5235 5006 4732 4634 4657 5089 5289 4942 5075 4966 4656 5252 5059 5522 4829 4927 5142 4862 5475 4864 5052 4973 4688 4794 4767 4770 4810 4354 4923 4707 4843 4787 5221 5157 4388 4968 4711 4976 4939 4884 4899 4682 4886 5099 4844 5041 5029 4455 4824 5029 5175 4814 5056 4875 5117 4798 4931 5061 5013 4869 5088 4838 5105 5148 4950 4743 5298 5154 4949 4953 4993 4984 4986 5042 4872 4794 5473 4889 4961 4822 4572 4821 4918 5395 5125 4941 4948 4915 5321 5149 4628 5095 4884 4664 5212 4732 4656 5060 4798 4609 4688 4456 5155 5232 4675 4986 5209 5543 4999 5257 4761 4631 4959 5363 4711 5105 5479 4777 4893 5133 
4700 4655 4737 4419 4557 4715 4680 4496 4566 4184 4700 4358 4305 4299 4624 4534 4349 4690 4230 4672 4525 4421 4415 4766 4265 4424 4586 4547 4324 4809 4672 4174 4499 4461 4460 4671 4699 4642 4738 4527 4585 4503 4551 4565 4624 4483 4423 4615 4551 4766 4556 4567 4550 4133 4548 4850 4084 4284 4671 4713 4179 4568 4261 4665 4164 4639 4057 4808 4387 4357 4303 4390 4755 4320 4806 4573 4689 4829 4327 4141 4270 4654 4770 4731 4579 4396 4853 4455 4274 4709 4344 4369 4098 4685 4249 4424 4556 4299 4882 4423 4311 4428 4273 4328 4433 4550 4609 4777 4523 4317 5178 4139 4948 4764 4867 4612 4173 4701 4750 4529 4648 4293 4826 4528 4369 4395 4064 4478 4755 4476 5034 4284 4440 4266 4119 4675 4838 4271 4428 4523 4253 4881 4482 4922 4342 4868 4493 4511 4992 4374 4766 4703 4467 4434 4260 4869 4348 4323 4871 4139 4785 4711 4601 4418 4025 4733 4493 4623 4471 4748 4169 4217 4610 4334 4299 4467 4504 4319 4666 4564 4559 4436 4678 4878 4287 4263 4191 4745 4833 4555 4743 4498 4446 4517 4701 4203 4627 4634 4567 4566 4543 4344 4546 4379 4463 4375 4901 4591 4681 4445 3982 4421 4533 4676 4414 4496 4536 4461 4682 4264 4322 4555 4521 4362 4899 4175 4436 4495 4451 4149 4646 4108 4612 4900 4264 4327 4764 5017 4559 4637 4644 4053 4490 4436 4364 4807 4501 4230 4524 4554 
5424 5182 5261 4914 5276 5447 5403 5326 5614 4770 5140 4859 5107 5122 5412 5154 5031 5278 5148 5216 4913 5268 5139 5126 5094 5030 5047 5379 5358 5313 5359 4833 5224 5231 5292 5299 5251 5136 5240 5311 5082 5106 5351 5060 5069 5014 5112 5309 5148 5461 5356 5151 5130 5159 5077 5791 4937 4987 5007 5489 4765 5358 4799 5248 4890 5070 5062 5532 5038 5094 5007 5341 5298 5295 5242 5050 5102 5196 4729 4940 4762 5067 5269 5233 5037 5152 5832 5245 5137 4898 5327 4985 4922 5374 5180 5094 5112 4622 5224 5346 5039 4964 4772 5058 4820 5261 5713 5457 5055 4769 5673 4650 5507 4964 5571 5045 4818 4871 5592 5198 5068 5377 5358 5249 5290 5073 5094 4994 5400 4975 5387 5339 5036 5077 4871 5171 5490 4836 5159 5295 4840 5588 5292 5611 5357 5434 5292 5349 5718 5161 5255 4975 5001 5116 4768 5348 4943 4583 5312 4797 5142 5058 5217 5527 4900 5071 5222 5247 5063 5033 4890 4812 5328 5411 4906 5135 4775 4568 5129 5323 5430 5265 5382 5173 4959 5065 5295 5428 5324 5029 5475 5297 5223 5188 5329 5123 5383 5235 5160 5158 5074 5316 5229 5269 5180 4981 5652 5125 5005 5202 4677 5060 5167 5584 5163 5097 5255 5304 5343 5129 5032 5220 5021 5235 5657 5156 4998 5483 5078 4896 5051 4798 5367 5437 5203 5005 5396 5735 5405 5334 5102 4874 5105 5243 4729 5270 5409 5141 5353 5134 
5432 5183 5184 5011 5215 5446 5584 4970 5157 4642 5071 4809 4816 5010 5427 5023 5188 5312 4875 5199 5060 5287 5132 5338 5151 5050 5130 5185 5089 5032 5248 5043 4804 4905 5192 5280 5038 5269 5521 5114 5268 4843 5004 5056 5114 5334 5140 4957 5140 5311 5206 5157 5341 4977 4787 5745 4632 4790 5102 5610 4816 5125 4944 5451 4739 5086 4504 5438 5088 5014 5070 5170 4902 5057 5474 5079 5306 5037 5326 5129 4640 5114 5220 5286 4857 4986 5754 5363 4856 4853 5059 5031 5162 5069 5050 5193 5238 4931 5376 5323 4778 4970 5060 4814 4991 5178 5482 5596 5174 4758 6020 4589 5210 5376 5329 4978 4830 5043 5342 5165 5280 4982 5411 5363 5125 5151 5019 5195 5313 4745 5603 5093 4983 5050 4729 5374 5559 5117 5535 5410 4787 5678 5459 5622 5379 5434 5421 5081 5566 5168 5280 5216 5029 4841 4485 5196 4925 4524 5224 4801 5347 5109 5134 5414 4809 5055 4920 5329 4732 5292 4920 4616 5198 4981 4769 5347 4807 5047 5246 5098 5393 5054 5286 5269 4945 4906 4986 5444 5506 5176 5586 4945 5362 5217 5350 4760 5291 5246 4998 5336 5164 5164 5076 5159 5323 5224 5272 5074 5099 5247 4741 4998 5149 5114 5312 5241 5088 5379 5071 5187 5066 5107 5064 4953 5294 4919 4908 5454 5001 4752 4827 5005 5209 5470 5055 5309 5169 5262 5496 5569 5153 4944 5053 5333 4469 5411 5483 4906 5285 5281 
5539 5705 5520 5257 5548 5923 5403 5426 5759 4965 5339 5125 5127 5250 5693 5661 5448 5292 5238 5715 5524 5711 5285 5853 5438 5374 5323 5291 5478 5627 5729 5235 5248 5391 5548 5563 5356 5366 5579 5361 5371 5280 5302 5557 5318 5245 5372 5405 5532 5630 5476 5143 5685 5350 5270 6047 5120 5165 5590 5896 5155 5580 5303 5696 5390 5140 4843 5580 5498 5607 5380 5518 5398 5371 5394 5439 5433 5303 5363 5305 5199 5459 5576 5343 5170 5228 5743 5535 5569 5408 5266 5225 5177 5438 5111 5596 5429 4935 5537 5569 5426 5175 5132 5137 5214 5350 5962 5394 5562 4972 6141 4714 5721 5409 5757 5432 4865 5381 5737 5401 5372 5549 5679 5390 5315 5292 5121 5304 5521 5203 6098 5350 5314 5192 5008 5896 5778 5035 5574 5347 4863 6128 5530 6062 5728 5620 5656 5258 5865 5355 5558 5386 5283 5431 5089 5234 5336 4961 5613 5363 5732 5279 5458 5775 4983 5375 5360 5302 5247 5432 5194 5047 5434 5409 5351 5430 5084 5337 5246 5634 5668 5264 5344 5607 5145 5641 5286 5684 5553 5620 5655 5240 5492 5765 5856 5314 5475 5450 5306 5605 5437 5571 5326 5183 5640 5463 5818 5394 5209 5496 4877 5394 5549 5699 5506 5400 5516 5301 5397 5563 5334 5614 5524 5047 5720 5158 5371 5566 5175 5200 5290 5319 5329 5870 5012 5328 5472 5740 5717 5654 5424 5162 5397 5776 5240 5726 5757 5114 5468 5541 
5264 5322 5352 5058 5198 5717 5384 5002 5224 4808 4991 4933 4970 4927 5212 5203 5137 5113 4964 5222 5013 5082 4871 5137 4874 4970 5223 4973 5114 5387 5137 4993 4900 5184 5030 5446 5324 5302 5307 4904 5059 5157 5083 4995 5012 5313 5131 5426 5299 5176 5348 5014 5359 5016 4907 5679 4816 4781 5215 5276 4950 5188 4758 5477 4887 5117 4857 5354 5166 4925 4867 5192 5177 5197 5257 4927 5094 4815 5132 4983 4650 5065 5459 5137 5427 4752 5724 5237 5139 4994 5088 4755 4717 5108 4834 5112 5205 4716 5391 5218 5053 5164 4850 4960 5137 5023 5284 5312 5257 4615 5919 4660 5389 5023 5463 5205 5021 5201 5708 4968 5023 5247 5407 5178 5309 4867 4923 5036 5135 4949 5353 5030 4920 4858 4760 5345 5553 4808 5019 5044 4759 5554 5235 5396 5186 5401 5073 5210 5599 5184 5292 5081 5069 4974 4792 4906 4726 4909 5295 4745 5146 5155 5280 5302 4705 5140 5101 5157 5078 4986 4792 4857 5299 5029 4795 5063 4883 4858 5125 5438 5328 5046 5241 5476 4859 5059 4835 5200 5613 5094 5372 5184 5289 5363 5318 4937 5195 5440 4954 4852 4985 5340 5469 5234 5028 4885 5461 5098 5207 5118 4572 5090 5275 5375 5122 5045 5170 5123 5169 5120 5206 5158 5087 5017 5372 5068 4958 5261 5118 4874 5220 4843 5331 5382 5055 4936 5251 5706 5330 5358 5165 4866 5105 5330 4670 5456 5539 4703 5155 5458 
4948 4735 5082 4694 4715 5445 5183 4984 5262 4717 4957 4872 4813 4672 4915 5143 5167 4825 4765 5089 5126 5119 4800 5125 4823 4805 4867 4706 4831 5101 5071 4667 4708 4900 4987 4984 4975 5063 4910 4810 4918 4874 4624 4987 4825 5282 4940 4668 5033 5278 5085 4711 5085 4814 4894 5298 4668 4525 4872 5178 4571 4975 4546 5126 4797 4961 4335 5100 4927 4948 4580 5282 4981 5049 4858 4977 5000 4958 5038 4823 4725 4981 5013 4743 4814 4784 5249 5053 4902 4789 4925 4810 4985 5181 4720 4956 4783 4483 5236 4993 4841 4570 4874 4424 4832 5096 5125 5060 4820 4580 5459 4469 5161 4902 5224 4848 4630 4869 5259 5002 4808 4734 5511 5162 5215 4643 4800 4862 5209 4954 5181 5073 4899 4642 4490 5069 5235 4684 5092 5093 4385 5394 5181 5537 5286 5190 4948 4877 5411 4863 4943 4958 4898 4697 4543 5205 4780 4527 5013 4574 5221 4904 5141 5060 4666 4956 4757 4884 4745 4830 4628 4325 4751 5020 4864 4940 4919 4619 4988 4923 4881 4730 4958 5128 4890 4846 4726 5247 5048 4770 5290 4975 4882 5148 4969 4893 5011 5160 4741 4984 5140 5181 5072 4859 4831 4710 5252 5078 4731 4847 4410 5109 4915 5278 5029 4995 4692 4861 4912 5085 4656 5348 4840 4532 5102 4634 4787 4959 4554 4557 4489 4586 4970 5274 4651 4797 5118 5339 5128 5089 5134 4683 4989 5086 4735 5307 5213 4675 5069 5269 
4949 4888 5168 4556 4828 5169 5203 5007 5219 4398 4998 4693 4873 4741 5090 5112 4997 5157 4841 4989 4946 4825 4801 5152 4709 4850 4937 5109 4758 5302 5130 4557 4585 4916 5027 5000 4819 5224 5083 4944 5027 4776 4667 4994 4905 5033 4796 5149 4821 4994 4957 4895 5257 4616 4957 5518 4591 4619 4979 5131 4629 5082 4885 5227 4726 5081 4391 5049 4729 4852 4875 4705 4856 4834 5225 4734 4915 4916 4979 4800 4675 5032 5019 5049 4809 4935 5595 5005 4652 4861 4904 4683 4666 5196 4849 4957 5047 4582 5237 5011 4771 4697 4866 4706 4596 4902 5169 4769 4895 4582 5775 4391 5361 5113 5253 4765 4556 4927 5046 4807 4981 4864 5283 5123 5021 4834 4839 4742 4742 5040 5277 4995 4665 4839 4409 5326 5032 4788 5055 4923 4884 5387 4995 5177 4981 5161 4998 5017 5540 4977 5178 4980 4788 4808 4543 5026 4891 4478 5146 4529 5100 4769 5222 5316 4775 5239 4919 4860 4819 5001 4812 4444 4864 4772 4765 4944 4879 4742 4882 5134 5202 4589 5156 5189 4937 4773 4850 5009 5239 5192 5463 4814 5131 5200 5252 4706 5017 5016 4859 5039 4921 5358 5053 4740 4729 4879 5249 5075 4803 5253 4707 4910 5111 5196 5183 4793 4730 5052 5020 4826 4962 5301 4943 4589 5292 4802 4824 5079 4463 4793 4494 4727 5211 5135 4764 4797 5175 5523 5266 5321 4825 4713 4994 5065 4577 5142 5414 4766 5124 4914 
5595 5345 5192 5087 5276 5425 5531 4866 5391 4961 5279 5130 5007 5236 5487 5271 4987 5406 5003 5141 5113 5372 5050 5342 4929 5068 5100 5253 4810 5305 5379 4949 5030 5100 5289 5200 5032 5306 5080 5124 5350 5221 5046 5232 5099 5202 5438 5446 5297 5423 5528 5137 5274 4954 5095 5700 4700 4891 5239 5392 4761 5384 5015 5380 5000 5251 4815 5389 5331 5314 5067 5212 5307 5318 5296 5218 5282 5027 5284 5209 4750 5144 5161 5225 5213 5205 5647 5188 5040 4935 5004 5252 4934 5427 5142 5455 5322 4798 5462 5313 5169 4831 5088 5012 5145 5350 5532 5457 5117 4833 5763 4849 5527 5253 5486 5030 4977 5010 5459 5342 5255 5166 5412 5566 4978 4856 5057 5206 5354 5262 5575 5290 5082 4818 4605 5772 5435 4944 5337 5437 4839 5845 5222 5966 5450 5454 5138 5424 5613 5456 5289 5045 5056 4912 4973 5047 4815 4897 5272 4955 5486 5093 5398 5502 4899 5293 5395 5152 5243 5110 4928 5105 5335 5226 4951 5434 5160 4800 5299 5276 5329 5229 5222 5401 5184 5186 5010 5531 5527 5418 5638 5194 5476 5451 5515 5091 5473 5154 5249 5262 5100 5169 5212 5402 5083 5010 5630 5203 5121 5188 4824 5251 5339 5430 5153 5220 5288 5293 5442 5030 5125 5334 5224 5176 5713 4989 4946 5384 4789 4621 5150 4890 5244 5501 5058 5215 5421 5623 5123 5457 5324 4974 5545 5406 4570 5354 5587 4959 5158 5043 
5413 5071 5386 5050 4977 5359 5245 4967 5376 4777 4913 4666 4934 4940 5118 5204 5174 5152 4998 5073 5089 4962 5166 4844 5028 4928 4905 5190 4841 5172 5266 4830 4940 5374 5098 4934 5248 5025 5108 5067 5021 4644 5172 5043 5050 5220 4721 5309 4967 5427 5358 4907 5098 5039 5026 5478 4910 4889 5135 5008 4653 5065 4874 5079 4342 4961 4533 5347 4926 5026 5091 5054 5181 5123 4983 4770 5056 5136 5002 5044 4760 5005 5102 5280 4974 4656 5774 5021 4770 4788 5173 4833 4754 5338 4826 5296 4956 4615 5152 5093 4901 4919 4756 4734 4956 5039 5565 5114 5114 4649 5667 4813 5131 4819 4993 4643 4749 5125 5453 4893 4954 5151 5183 5306 4971 5017 4856 4870 5287 4924 5615 5181 4930 4862 4585 5301 5308 4766 5157 5099 4791 5533 5010 5547 5486 5409 5094 4855 5472 5283 5310 5088 4696 4860 4768 4806 4572 4541 5106 4863 5387 4847 5104 5218 4503 4810 4957 5227 4905 5288 4510 4964 5016 4775 4879 4999 4947 4727 5290 5057 5067 5004 5387 5280 4864 4760 5122 5118 4890 5154 5318 5039 5144 5397 5405 4794 5217 5093 5092 5046 5205 5302 5125 5186 5046 4694 5471 4956 4796 5094 4548 4829 4946 5156 5037 5003 5169 5118 5337 5150 4941 5018 5190 4923 5265 4917 4988 4936 4616 4596 5197 4601 5305 5383 4947 4984 4908 5429 5074 5399 4998 4568 5180 5127 4843 5265 5337 4732 5087 4964 
5366 5232 5161 5074 5063 5310 5135 5009 5141 4793 5166 4907 4833 5073 5211 5447 4869 5103 4814 5087 5311 5292 4825 5275 5056 4793 4736 4817 4954 5154 5133 4934 4850 4982 5486 5174 5029 5119 5257 4947 5132 4955 4918 5094 4831 5231 4967 5022 4989 5345 5216 4974 5077 4906 5012 5486 4756 4785 5032 5131 4848 5114 4805 5274 4784 4987 4815 5248 5075 5104 4952 4964 5056 5174 5114 5054 5072 5032 5187 4953 4689 4893 5139 5310 5161 5059 5594 5179 4979 4817 4991 4864 4869 5225 4883 5132 5118 4619 4973 4912 4965 4753 4968 4711 4909 5247 5515 5262 5122 4750 5638 4590 5126 4846 5164 4961 4606 5153 5469 5140 5167 4906 5341 5409 4891 4928 5085 4938 5316 4828 5451 5177 4930 5081 4663 5271 5309 4790 5260 4721 4534 5536 5120 5659 5206 5175 5213 4970 5497 5056 5216 5105 4810 4893 4746 5008 5008 4336 4994 4798 5266 4715 5288 5184 4781 5194 4875 4959 5021 5368 4891 4653 5205 5084 5013 5055 4933 4489 5003 4985 5253 5088 5290 5177 4909 4823 4999 5324 5238 4930 5528 4934 5096 5383 5168 4854 5178 5006 5010 5093 4985 5006 5225 5000 5109 4917 5572 5209 5057 5001 4552 4975 5096 5339 5046 5013 5101 5053 5289 5197 4856 5411 5147 4986 5216 4698 4943 5262 4914 4597 4692 4868 5201 5311 4801 5024 5165 5516 5197 5411 4778 4936 5027 5426 4569 5323 5271 4905 4990 5004 
5430 5339 5210 5151 5216 5249 5378 5233 5400 4825 5081 5067 5125 4977 5458 5220 4916 5186 5125 5060 5051 5263 5123 5159 5140 5054 5030 5155 4963 5324 5262 4867 5140 5136 5152 5247 5244 5465 5166 5225 4827 5074 5259 5145 5114 5090 5155 5119 5127 5575 5217 5065 5175 5041 4769 5589 4853 4920 5081 5309 4857 5186 4990 5397 4908 4895 4715 5243 5064 5413 5300 5223 4825 5156 5220 5088 5558 5078 5147 4827 4756 5153 5159 5431 4925 5081 5766 4999 5043 5125 5078 4802 5111 5311 5105 5169 5227 4841 5085 5200 5147 4919 5112 5015 4859 5034 5577 5189 4937 4744 5572 4631 5397 4966 5028 4941 4900 4929 5352 5191 4833 5186 5415 5070 5047 4911 5031 5057 5080 5060 5792 5262 4969 5065 4718 5425 5324 5001 5242 5135 4989 5579 4977 5935 5280 5121 5342 5094 5775 5122 5432 5018 5013 4735 4731 5026 4897 4564 5305 5024 5133 5240 5432 5449 4760 5077 5278 5387 4946 5255 4792 5006 5126 5145 5082 5101 5151 4951 5114 5219 5199 5101 5213 5219 5102 5099 5016 5554 5265 5074 5324 4949 5133 5513 5501 4636 5528 5301 4916 5110 5070 5133 5318 5092 4953 4885 5694 4902 5171 5108 4980 4718 5328 5716 5129 5054 5054 5262 5238 4956 5006 5203 5092 4862 5427 4671 5179 5281 5242 4705 4983 4999 5197 5508 5218 4956 5398 5446 5209 5230 5127 4953 5157 5136 4816 5213 5461 4830 5208 5103 
5257 5113 5121 4790 5126 5175 5145 4924 5253 4641 5360 4850 4622 4830 5299 5459 4981 4953 4897 5037 5038 5070 4772 5347 4968 4979 4946 5290 5173 5034 5154 4739 4785 4976 5070 5323 5278 5295 5050 4986 4895 4754 4811 5251 5111 5346 5072 5071 5065 5138 4893 4734 4904 4863 4939 5607 4654 4892 4936 5144 4831 5098 4940 5464 4824 5102 4440 5346 4862 5201 5080 5011 5140 4993 5283 4849 4952 5097 4598 5087 4852 5153 5299 5187 4986 4881 5520 5202 5260 4857 5099 4899 4877 5318 4963 4821 5055 4236 5043 5014 4908 5079 5127 4659 5042 5019 5220 5203 5009 4664 5700 4488 5364 4949 5317 4873 4818 4879 5359 5127 5156 4999 5314 5039 5119 4956 4926 4878 5295 4969 5505 4922 5003 4903 4397 5500 5538 4770 4943 5026 5011 5443 5231 5590 5194 5168 5093 5139 5509 5020 5120 5172 5096 4905 4680 5016 5054 4437 5116 5073 5187 5059 5248 5223 4420 5277 5088 5208 4982 4673 4866 4668 4954 4880 4654 5189 4999 4774 4672 5293 5166 5094 4990 5369 4819 5001 5089 5192 5149 5007 5553 5059 5020 5214 5325 4911 5195 5194 4892 5345 4956 5036 4915 5278 5391 4994 5461 5133 5109 5110 4621 4698 4883 5615 5362 5118 4989 4990 5073 5326 4875 5158 5036 4727 5374 4786 4829 5062 5022 4814 4734 4932 5225 5347 4873 4874 5221 5429 4993 5141 5085 4811 4943 5380 4591 5456 5368 5032 5072 5269 
5534 5190 5434 5211 5395 5347 5466 5030 5541 4866 4894 4976 5017 5146 5567 5111 5177 5503 5165 5275 5336 5371 5266 5444 4951 5119 5116 5362 4936 5326 5699 5035 5047 5137 5583 5537 5316 5385 5243 5369 5283 4850 5250 5248 5281 5365 5048 5355 5377 5726 5449 5274 5696 5334 5207 5898 4795 4732 5262 5556 4912 5231 4920 5686 4968 5073 4781 5531 5241 5531 5194 5110 5301 5274 5361 5199 5385 5180 5139 5137 4980 5205 5210 5378 5314 5201 5795 5123 5148 5090 5085 5060 4942 5594 5223 5392 5333 4928 5420 5299 5187 4842 5117 5052 5189 5430 5490 5088 5211 4897 6099 4544 5576 5172 5385 5100 5034 5333 5565 5144 5199 5164 5521 5571 5461 5121 5011 5244 5473 4943 5540 5392 4910 4907 4814 5526 5584 5054 5717 5587 5119 5716 5576 5890 5557 5725 5236 5115 5860 5273 5520 5426 5061 5039 5115 5389 4990 4907 5394 4868 5353 4833 5612 5661 4789 5394 5362 5267 4906 5250 5105 5006 5138 5391 4923 5345 4955 4924 5339 5409 5493 5258 5440 5416 4969 5185 5059 5598 5437 5001 5742 5238 5088 5563 5447 5121 5691 5348 5111 5308 5282 5389 5363 5377 5355 5156 5945 5386 5162 5358 4808 5213 5179 5505 5402 5436 5363 5303 5581 5415 5123 5212 5194 5010 5632 5032 5330 5463 5062 4754 4934 4811 5488 5712 5013 5206 5277 5503 5457 5669 5318 5018 4910 5400 4866 5709 5529 4990 5362 5171 
5505 5492 5549 4994 5241 5769 5527 5016 5729 4910 5326 4828 5125 5107 5536 5667 5397 5583 5393 5562 5495 5388 5361 5633 5441 5451 5164 5414 5540 5513 5632 4831 5026 5500 5589 5386 5503 5533 5704 5279 5274 5166 5391 5394 5230 5451 5394 5479 5535 5606 5412 5138 5537 5402 5205 5828 5082 5274 5387 5661 5212 5516 5142 5619 5248 5553 5058 5468 5443 5354 5267 5534 5470 5067 5261 5299 5426 5356 5268 5394 5151 5592 5372 5608 5589 5362 6125 5242 5392 5172 5438 5097 5131 5674 5157 5185 5499 4906 5491 5531 5202 5310 5087 5217 5247 5365 5562 5707 5496 4916 5954 5014 5530 5341 5494 5340 5016 5276 5969 5412 4979 5549 5736 5573 5368 5445 5408 5288 5393 5331 5693 5465 5072 5222 4965 5627 5515 5276 5520 5357 5200 5993 5273 5902 5254 5441 5406 5386 6040 5393 5640 5185 5352 5093 5021 5409 5035 4761 5543 5311 5408 5332 5305 5530 5072 5454 5582 5492 5480 5322 5071 5086 5364 5306 5162 5293 5220 4994 5234 5563 5657 5238 5519 5574 5261 5181 5320 5657 5529 5472 5699 5315 5250 5716 5531 5109 5420 5410 5298 5412 5371 5551 5233 5369 5272 4952 5705 5218 5208 5463 4725 5257 5212 5750 5242 5329 5737 5481 5363 5457 5440 5573 5377 5483 6013 5049 5220 5502 5301 5038 5193 5259 5674 5688 5343 5197 5407 5907 5635 5459 5069 5167 5444 5652 4792 5832 5532 5229 5510 5407 
4945 4686 4545 4805 4825 4841 4831 4513 5055 4109 4779 4558 4400 4468 4948 4877 4705 4830 4710 4806 4674 4922 4493 5059 4843 4814 4498 4594 4568 4808 4937 4676 4358 4655 4823 4788 4735 4867 4906 4639 4870 4507 4839 4556 4876 4937 4904 4812 4636 4935 4595 4676 4926 4763 4736 5054 4119 4444 4834 4685 4337 4946 4556 5196 4539 4654 4338 5006 4614 5001 4785 4613 4500 4637 4785 4522 4842 4804 4712 4818 4394 4700 5048 4533 4746 4517 5298 4897 4694 4510 4531 4585 4472 4696 4701 4883 4865 4212 4777 4730 4613 4458 4720 4406 4588 4718 5077 4834 4768 4599 5253 4234 4781 4737 5137 4805 4164 4698 5135 4756 4605 4751 5019 4730 4519 4811 4453 4619 4743 4474 5076 4596 4607 4697 4211 5053 4799 4566 4946 4733 4484 5039 4517 5534 4849 5135 4904 4616 5233 4857 4936 4990 4498 4523 4542 4772 4644 4323 4736 4659 5085 4622 4750 4680 4562 4935 4696 4845 4614 4800 4620 4463 4811 4781 4300 4660 4618 4259 4785 4528 5081 4716 4810 4994 4503 4765 4708 5018 4885 4718 5155 4746 4639 5033 4956 4689 4803 4876 4623 4818 4779 4744 4725 4745 4610 4704 5126 4837 4652 4882 4251 4817 4743 5082 4841 4557 4764 4637 4537 4918 4444 4832 4633 4719 5230 4563 4747 5102 4515 4461 4596 4665 4863 4975 4542 4720 4698 5318 5154 4936 4664 4476 5050 4980 4166 4943 4898 4553 4572 4748 
5755 5398 5479 5212 5520 5672 5523 4959 5755 4978 5322 5048 5258 5070 5450 5316 5313 5341 5178 5194 5242 5365 5275 5552 5488 5282 5214 5358 5176 5444 5753 5108 5243 5265 5336 5450 5500 5314 5593 5269 5468 5153 5316 5258 5404 5555 5198 5384 5544 5520 5550 5272 5695 5136 5143 6054 4973 5029 5475 5486 4935 5388 5310 5644 5073 5382 4783 5431 5262 5500 5320 5278 5367 5376 5626 5326 5210 4956 5213 5344 4868 5135 5458 5300 5229 5445 6295 5394 5114 5266 5248 4938 5046 5676 5365 5420 5553 5104 5581 5631 5064 5075 5013 5250 5300 5338 5550 5434 5267 4750 5907 4945 5627 5261 5600 5212 4992 5121 5715 5377 4974 5333 5754 5421 5200 5009 5206 5142 5373 5414 5631 5507 5179 5118 4905 5755 5607 5197 5490 5596 5048 5893 5443 5997 5376 6042 5482 5373 6058 5564 5325 5453 5445 5391 4994 5429 5289 4962 5422 5179 5391 5170 5606 5528 5102 5357 5476 5526 5207 5293 4998 5167 5401 5260 4801 5354 5208 5032 5492 5423 5527 5399 5441 5502 5090 5430 4966 5500 5707 5551 5606 5322 5608 5703 5563 5100 5606 5449 5329 5272 5211 5571 5578 5317 5580 5094 5739 5282 5284 5303 5022 5125 5361 5433 5580 5303 5454 5586 5616 5617 5387 5320 5364 5249 5636 5266 5466 5294 5080 4965 5273 5056 5463 5548 5226 5316 5410 5606 5640 5646 5526 4879 5473 5414 4843 5792 5628 5003 5422 5390 
5143 5111 5194 5000 5340 5486 5197 4996 5247 4841 5020 4753 4880 5086 5083 5237 4868 5355 4989 5172 5195 5315 5104 5189 4941 4950 4968 4967 5014 5135 5244 4945 4670 4941 5445 5177 5180 5294 5166 4883 4934 4920 5144 5210 4983 5077 5174 5061 5023 5464 5341 5013 5378 4902 4798 5414 4755 5039 4777 5348 4806 5150 5097 5395 4953 4864 4516 5367 5190 5348 5244 5224 4866 5007 5125 4905 5324 4994 5220 4956 4831 4972 5254 4980 4921 4934 5681 5332 4961 4816 4762 5019 4691 5122 4806 5255 5185 4739 5353 5025 5063 4950 4993 4687 4923 5173 5422 5291 5375 4596 5869 4535 5297 5325 5399 4934 4679 5067 5487 5009 5106 5232 5397 5208 5231 5009 5203 5111 5194 5139 5345 5085 4957 4966 4770 5292 5189 4660 5201 5214 4640 5426 5097 5496 5326 5292 5226 5155 5651 5140 5091 5165 4991 4799 4909 4951 4988 4833 5247 4961 5444 5225 5206 5258 4767 5096 5136 5422 5045 5204 4883 4855 5218 5315 5022 5139 5103 4899 5035 5154 5399 4844 5199 4986 4994 5202 4951 5499 5528 5150 5264 5027 5391 5522 5331 4775 5353 5018 4859 5430 5179 5252 5004 5109 4947 5065 5433 4959 5231 5233 4911 5008 5154 5430 5241 5056 5294 5037 4962 5106 4676 5332 5088 4839 5438 5045 4924 5226 4905 4808 4834 4985 4961 5639 5140 5215 5152 5711 5196 5372 5026 4736 5045 5079 4641 5381 5317 4786 5118 5080 
5079 4954 5149 4754 5101 5425 5433 5118 5244 4699 4735 4713 5150 4766 5216 4986 4849 5171 4860 4987 4947 5030 4972 5027 4728 4716 5063 4918 4648 5267 5317 4911 4853 5221 5265 5361 4988 5184 4633 5015 5203 4847 4979 4818 5042 4888 5033 5135 4990 5239 5019 4975 5189 5035 5032 5482 4759 4884 5087 5024 4749 5036 4871 5231 4587 5030 4584 5185 5009 5038 4925 5270 4740 5026 4997 4678 5315 5226 4988 4867 4562 5046 5110 5069 5113 4797 5538 5049 4851 4674 4957 4574 4845 5204 5158 4935 5271 4664 5098 5119 4923 4788 4962 4502 4876 5320 5427 5074 4799 4674 5679 4592 4913 4881 5078 4785 4980 4723 5392 4868 4789 4968 5460 5101 4849 4838 4959 4965 4943 5070 5382 5122 4826 4802 4483 5310 5185 4602 4926 5343 4678 5624 5311 5553 4977 5470 4954 5028 5596 5055 5229 4979 4784 4804 4656 4988 4676 4704 5223 4756 5112 4826 5185 5152 4679 4910 5217 5028 4586 5108 4883 4782 4870 4899 4811 5210 4775 4663 5046 5230 5243 5026 5141 5175 4973 4818 4999 5068 5091 5062 5218 4857 5234 5130 5192 4935 5202 5022 4903 5173 5219 5436 5060 4907 5163 4713 5150 4996 5078 5334 4519 4908 5076 5340 5158 4980 5056 5255 5155 5377 4736 5244 5275 4707 5327 4603 4800 5063 4663 4654 4851 4785 5300 5435 4946 4782 5187 5499 5327 5101 5108 4735 5056 4887 4557 5207 5301 4783 4940 4904 
5124 5040 4992 4668 4925 5280 5064 4933 5074 4394 4795 4492 5013 4973 5035 5249 4641 4898 4729 4609 4697 5078 4796 4826 4955 4981 4845 4817 4851 4733 5240 4654 4809 4896 5188 4755 5174 4995 4950 4704 4754 4672 5104 4813 4705 5068 4771 5011 5000 5076 5194 4685 4970 4619 4666 5443 4643 4783 4827 5217 4694 4858 4818 5213 4668 4601 4595 5037 4731 5013 4880 5280 4947 4876 5201 4629 4932 4780 5019 4882 4438 4969 5173 4982 4542 4796 5516 4874 4690 4480 4720 4745 4718 5168 4815 5098 4848 4405 5224 4895 4655 4726 4795 4567 4858 4817 5275 5043 4923 4699 5524 4585 5006 4902 4789 4848 4531 4944 5494 4963 4741 5226 5378 5013 4853 4797 4789 4759 5098 4810 5007 4759 4733 4736 4541 4979 5418 4714 4911 4781 4713 5315 5123 5232 5179 5065 5200 4980 5338 4422 5231 4908 4809 4598 4515 4975 4767 4460 5177 4621 4784 4591 5015 5466 4481 4942 4950 4910 4721 4767 4574 4576 4849 4962 4876 4785 4871 4332 4833 5000 5044 5125 5167 5034 4763 4842 4918 5195 5102 5062 5042 4950 4922 5245 4995 4895 4996 4895 4732 4872 4695 5115 4741 4759 5022 4791 5006 5035 4799 4849 4678 4854 4903 5328 4859 5021 5081 4861 4936 4899 4766 5324 5002 4556 5063 4837 4860 4850 4934 4707 4605 4566 5150 4997 4853 4605 4934 5471 4826 5123 4974 4577 5210 5224 4552 5137 5281 4648 4675 4895 
5316 5256 5199 4767 5172 5382 5303 4806 5201 4712 4894 4743 4849 4860 5170 5286 4807 5304 4753 5066 5089 4968 4825 5116 4840 4630 5017 4930 4971 5117 5197 4668 4956 5169 4962 5166 5092 5077 5253 4950 4939 4943 5097 4872 4771 5037 4931 5202 5407 5074 4959 4979 5275 4696 5045 5601 4850 4688 5175 5226 4627 5206 4950 5290 4737 4832 4495 5562 4791 4889 4992 4738 4861 5032 5220 4895 5118 4915 4836 5052 4542 4814 5413 5098 4947 5045 5691 4984 4837 4781 4977 4721 5012 5064 4939 5089 5153 4316 5036 5102 4882 4839 4920 4731 4801 5067 5603 5311 5169 4529 5463 4696 5029 4701 5085 4919 4709 5027 5402 5064 5083 4876 5150 5239 4755 4945 4943 4583 5323 4703 5187 5251 4959 4550 4519 5134 5467 4609 4964 5031 4616 5506 5188 5543 5118 5306 4967 5253 5240 5121 5084 4967 4963 4985 4554 4955 5033 4226 5048 4605 5126 4821 5227 5402 4811 4922 4985 5437 4896 4933 4646 4583 5163 5009 4716 4993 4597 4679 5091 5164 4924 5188 4979 4958 4906 4916 4711 5249 5270 5107 5244 4852 5203 5204 5190 4922 5142 4781 4895 5028 5023 5189 5151 5055 5140 5047 5471 5191 4856 4881 4509 4994 5155 5388 5206 4964 4944 4959 5064 4895 4871 5152 5003 4789 5197 4688 4843 5144 4951 4412 4640 4968 5123 5153 4909 4856 4983 5370 5147 5246 5189 4771 5082 5221 4639 4945 5324 4573 5225 5268 
5291 5414 5319 5194 5195 5383 5361 5068 5524 4785 5265 4962 4934 5099 5459 5452 5029 5144 5242 5383 5221 5378 5064 5520 5299 5189 5140 5289 5330 5160 5456 5010 5166 5224 5416 5389 5055 5386 5013 4915 5098 5053 5258 5005 5246 5049 5341 5194 5389 5301 5482 5432 5278 4958 5157 5593 5026 5067 5240 5514 5001 5374 5313 5550 5072 5178 4784 5531 4826 5180 5142 5483 5002 5374 5387 5226 5280 5296 5226 5336 4901 5304 5214 5155 5130 5032 5732 5211 5148 4913 5332 5075 5253 5522 5029 4977 5288 4850 5500 5433 4901 5047 5146 4963 5173 5165 5663 5447 5345 4836 5651 4948 5690 5362 5491 4997 4965 5039 5772 5337 5432 5190 5467 5206 5246 4970 5148 5087 5340 5291 5587 5506 5168 4912 4715 5472 5312 5133 5491 5603 4908 6017 5509 5764 5231 5468 5567 5404 5751 5159 5340 5100 5044 5414 4626 5122 5097 5020 5275 5019 5535 5052 5203 5297 4915 5354 5328 5403 5190 5259 4937 4771 5227 5156 5013 5084 5162 4840 5226 5196 5221 5268 5103 5338 4913 5144 5235 5405 5490 5414 5616 5099 5224 5189 5568 5235 5405 5444 5283 5280 5194 5477 5312 5143 5276 5237 5695 5446 5332 5298 5132 5045 5188 5544 5359 5202 5280 5585 5305 5467 4980 5373 5418 4988 5833 5095 5244 5374 5290 4807 5184 5045 5517 5539 5154 5357 5394 5852 5390 5434 5424 5018 5255 5463 4723 5571 5375 4971 5283 5336 
4616 4944 4866 4602 4697 4936 5067 4707 4881 4409 5020 4194 4729 4499 4902 4800 4731 4904 4678 4821 4593 4795 4776 4821 4866 4526 4726 4654 4844 4786 4926 4588 4676 4475 4863 5024 4774 4987 4922 4702 4876 4575 4818 4761 4667 4835 4701 4807 4564 4684 4647 4541 4867 4539 4682 5186 4349 4593 4712 5146 4541 4849 4829 4965 4559 4848 4186 4951 4630 4592 4725 4654 4399 4683 4941 4529 4894 4518 4592 4579 4276 5034 4824 4573 4774 4504 5262 4859 4477 4624 4814 4610 4502 4855 4667 4647 4922 4427 4874 4860 4578 4568 4928 4672 4569 4617 4799 4910 4743 4346 5452 4310 4795 4755 4959 4384 4537 4595 5112 4795 4564 4737 4888 4824 4773 4824 4794 4633 4654 4668 4984 4735 4694 4517 4286 4903 4804 4339 4982 4970 4668 5243 4779 5308 4697 5161 4685 4889 5274 4666 5041 4778 4685 4568 4496 4453 4456 4330 4912 4414 4659 4622 5033 4867 4337 4826 4841 4963 4563 4607 4631 4421 4624 4374 4572 4681 4427 4223 4635 4854 4920 4639 4813 4964 4696 4712 4355 4815 4844 4751 4921 4692 5087 4838 4886 4425 4963 4893 4885 4804 4841 4870 4678 4559 4757 4608 5134 4839 4822 4797 4425 4643 4810 4875 4861 4797 4880 4828 4586 4698 4826 4778 4818 4575 5037 4578 4651 4620 4656 4476 4421 4507 4841 4856 4743 4877 4578 5274 5032 5012 4504 4691 4901 4889 4298 4857 4889 4467 4891 4788 
5729 5452 5519 5196 5679 5637 5549 5327 5626 4997 5563 5014 5251 5174 5744 5453 5203 5392 5345 5572 5140 5485 5281 5550 5579 5295 5674 5311 5344 5506 5454 5183 5348 5173 5471 5289 5393 5469 5530 5551 5341 5083 5515 5576 5435 5613 5291 5531 5473 5543 5561 5470 5517 5372 5207 6033 4990 5210 5272 5370 5016 5471 5229 5535 5349 5343 4879 5647 5388 5553 5538 5402 5306 5213 5481 5172 5344 5339 5230 5249 5124 5457 5627 5323 5474 5154 6113 5408 5002 5324 5317 5178 5127 5708 5272 5597 5654 5082 5639 5495 5306 5433 5516 5315 5250 5240 5678 5772 5382 5100 6120 4834 5529 5426 5554 5279 5001 5499 5570 5531 5273 5191 5640 5310 5425 5266 5330 5347 5495 5309 5887 5695 5177 5200 4951 5574 5709 5245 5682 5660 5180 5788 5150 5801 5512 5781 5615 5518 6116 5360 5115 5199 5361 4997 5110 5551 4970 5064 5770 5019 5784 5381 5641 5453 4956 5447 5352 5613 5032 5449 5212 5136 5549 5415 5247 5597 5537 5148 5289 5612 5504 5239 5495 5710 5148 5180 5304 5536 6023 5442 5681 5350 5696 5674 5884 5103 5644 5772 5388 5512 5598 5538 5526 5215 5414 5073 6021 5542 5458 5519 5396 5033 5609 6026 5541 5391 5382 5533 5534 5462 5094 5595 5470 5212 5734 5210 5160 5571 5369 5390 5509 5099 5627 5876 5392 5351 5708 5928 5642 5616 5554 5111 5457 5517 4937 5798 5642 5220 5259 5469 
5097 4961 4884 4330 4728 5027 4947 4734 4763 4485 4647 4577 4533 4612 4888 5141 4668 4953 4578 4808 4968 4801 4655 4851 4724 4596 4775 4383 4633 4644 4735 4632 4506 4645 4903 4867 4875 4880 4803 4687 4745 4516 4615 4639 4922 4871 4780 4991 4939 5012 4776 4659 4916 4731 4658 5623 4426 4473 4936 4889 4458 4848 4634 5175 4801 4706 4314 4733 4502 4815 5153 4614 4769 4795 4859 4637 4756 4859 4551 4733 4312 4815 4829 4824 4634 4774 5138 4824 4830 4351 4691 4668 4449 5120 4785 4654 4795 4321 4771 4870 4838 4472 4655 4659 4835 4874 5030 4824 4671 4609 5313 4318 5041 4694 4902 4639 4599 4807 5216 4789 4580 4725 5319 4963 4752 4557 4544 4697 4828 4791 5078 4720 4520 4752 4556 4913 5045 4460 4815 4787 4640 5286 4584 5440 4976 5367 4836 4704 5262 4633 5054 4953 4422 4946 4447 4712 4587 4202 4893 4533 5085 4457 5159 4966 4227 4879 4767 4907 4660 4657 4483 4411 4766 4583 4733 4905 4637 4271 4843 4797 4852 4925 4943 4866 4580 4697 4530 4951 4752 4770 4925 4504 4804 5125 4866 4918 4842 4806 4773 4740 5116 4953 5133 4514 4948 4733 5156 4914 4699 4693 4366 4587 4634 5209 4847 4802 4676 5060 4950 4757 4492 4950 4604 4537 5054 4357 4771 4995 4445 4627 4397 4710 4772 4998 4716 4755 4939 5254 4948 4761 4770 4587 4652 4880 4450 5061 4977 4354 4787 4947 
5321 5493 5448 5059 5474 5958 5584 5252 5525 4814 5299 4948 5262 5185 5390 5311 5314 5447 5193 5427 5433 5370 5405 5497 5202 5242 5264 5340 5335 5350 5404 5003 5311 5144 5553 5616 5504 5656 5305 5293 5382 5258 5491 5347 5179 5177 5407 5683 5300 5570 5568 5366 5537 5148 5256 5784 4822 5018 5306 5681 5012 5323 5185 5517 4883 5474 4858 5557 5199 5474 5401 5337 5118 5405 5439 5222 5469 5081 5352 5216 4921 5139 5506 5371 5668 4978 5945 5240 5190 5506 5410 5120 5050 5448 5179 5400 5460 4829 5569 5308 5196 5197 5207 5145 5044 5231 5594 5496 5574 4747 6027 4941 5601 5383 5472 5162 5129 5182 5689 5087 5337 5405 5546 5558 5228 5260 5137 5136 5459 5157 5580 5362 5088 5146 4809 5589 5649 4894 5396 5581 4964 5687 5342 5948 5134 5763 5521 5203 5892 5481 5423 5343 5378 5299 4949 5482 4997 4959 5267 5017 5385 5265 5646 5521 5064 5347 5501 5623 5233 5294 5226 5109 5547 5367 4976 5401 4976 5031 5317 5598 5449 5209 5409 5603 4899 5178 5068 5548 5774 5301 5382 5154 5686 5553 5787 5172 5539 5394 5245 5227 5160 5455 5239 5282 5216 5397 5832 5123 5387 5433 4812 5245 5438 5708 5570 5452 5465 5381 5549 5315 5303 5417 5449 5171 5606 5169 5119 5439 5114 5168 5266 5206 5561 5760 5395 5467 5407 5872 5543 5568 5335 5150 5442 5407 4696 5555 5764 5115 5439 5223 
5474 5175 5371 5061 5109 5521 5442 4981 5550 4797 5192 5037 4862 5062 5376 5466 4943 5237 5143 4975 5327 5354 5217 5494 5071 5146 5079 4947 5126 5369 5522 4825 4869 5272 5079 5648 5191 5313 5217 5380 5410 5175 5287 5193 5171 5467 5161 5338 5168 5428 5462 5161 5437 5212 5335 5722 4899 4874 5080 5600 4809 5442 5219 5522 4826 5192 4775 5344 5249 5544 5364 5413 5081 5036 5469 4989 5333 4994 5320 5066 4986 5176 5392 5392 5087 5095 5841 5344 5111 4980 5169 5065 5241 5383 5017 4998 5395 4714 5429 5246 5116 5255 5243 4820 5121 5242 5614 5240 5307 4615 5849 4774 5580 5356 5432 5013 4986 5135 5462 5287 5067 5400 5782 5624 5092 5272 5022 4981 5358 5417 5837 5500 5008 5033 4614 5615 5380 5010 5349 5561 5021 5777 5540 5808 5271 5450 5279 5075 5573 5386 5271 5285 5192 5064 5011 5399 4869 4998 5297 5178 5351 5121 5520 5459 4878 5383 5258 5373 5199 5176 4779 4930 5235 5110 4919 5209 5008 5043 5137 5516 5294 5009 5505 5456 5127 5146 5005 5364 5463 5372 5617 5369 5280 5435 5453 5157 5382 5369 5177 5425 5313 5379 5178 5370 5358 4949 5620 5329 5194 5377 4875 5100 5228 5514 5598 5293 5141 5230 5304 5455 5015 5340 5307 4901 5805 4727 4908 5190 4992 4901 4866 4930 5517 5535 5265 5154 5397 5588 5415 5405 5196 5035 5378 5628 4759 5519 5618 5310 5218 5289 
5109 5062 5196 5090 4975 5496 5172 4784 5047 4561 5282 4735 4847 4863 5458 5188 4824 5341 5017 5365 5175 4899 5003 5369 5042 4953 5037 4994 5222 5009 5279 5033 4665 4969 5071 5203 5102 5052 5336 5025 5051 4978 4875 5242 5071 5184 4938 5114 5212 5123 5324 5062 5163 5073 4858 5669 4733 4772 4862 5368 4882 5303 4733 5456 4656 5254 4604 5393 4737 5072 5108 5002 5076 5125 5237 4837 5260 5231 5078 5007 4868 5019 5165 5344 4982 5113 5493 4923 5336 4839 4948 4838 4839 5351 4863 4969 5103 4539 5070 4937 4799 4835 4722 4810 4919 5089 5706 5055 4960 4669 5621 4644 5198 5136 5245 5001 4800 5118 5332 5075 5078 5155 5191 5140 5154 4940 5173 4854 5124 5094 5142 5183 5055 4956 4642 5384 5407 4881 5225 5018 4720 5478 5190 5881 5107 5384 5138 5143 5378 5183 5180 5185 4932 4867 4695 5058 4964 4693 5063 4798 5144 5026 5189 5095 4646 5301 5231 5245 5068 5031 4767 4498 5291 5133 4820 5148 4921 4929 4913 5106 5025 5343 5073 5438 4959 4727 4751 5256 5470 5018 5189 4922 5035 5456 5166 5084 5391 5192 4993 5152 4801 5026 5129 5008 4903 4923 5450 5130 4987 4927 4559 5057 4970 5451 5234 5034 5009 5018 5159 5185 4772 5048 4895 4783 5491 4955 4980 5249 4671 4763 4994 4763 5370 5507 4875 4946 5163 5342 5409 5536 5029 4821 5048 5142 4401 5549 5382 4623 5246 5127 
5150 5025 5028 4992 4956 5118 5239 4903 4966 4539 4934 4749 4793 4623 5231 5194 4964 5126 4743 5060 5031 5183 5308 5204 5192 4870 4856 4585 4813 4813 5119 4875 4738 4989 5148 5041 5116 5045 5391 5165 4968 4849 5193 5116 4815 4921 5000 5144 5118 5272 5135 4570 5379 4839 4869 5415 4651 4565 4819 5240 4747 5165 4822 5358 4605 5051 4518 5205 5155 5214 5079 4782 5037 5041 5379 5055 5208 4875 4992 5126 4681 5223 5090 5049 5071 5173 5572 4875 4868 4804 4878 4865 4772 5374 4710 4862 5198 4586 5183 5145 4765 5003 4872 4931 4942 5237 5105 5103 5134 4656 5695 4486 5026 5012 5204 4959 4550 5097 5452 5257 4784 5112 5319 5285 4962 5081 5143 5031 5144 4984 5369 5082 4849 4679 4750 5290 5191 4785 5224 5071 4885 5358 5252 5707 5235 5340 4905 4949 5421 5048 5138 4918 4996 4909 4696 5070 4864 4629 4998 4745 5256 4853 5235 5083 4788 5119 4979 5083 4945 5005 4890 4809 5020 5030 4758 4724 4862 4784 4859 5040 5106 4902 5123 5217 4756 4823 4891 5050 5362 5086 5526 5116 4923 5520 5129 4833 5170 5137 5100 4965 5041 5100 4993 4853 5102 4542 5426 4935 4978 4966 4739 4856 5024 5389 5276 5105 5100 5007 5295 5305 4907 5266 5073 4628 5310 4713 4810 5191 4861 4561 4800 4727 4724 5329 5186 5000 5028 5374 5220 5217 4971 4518 5032 5281 4603 5398 5432 4705 4963 4977 
4926 4867 4970 4545 4833 5094 4705 4607 5141 4390 4735 4243 4733 4623 4892 4840 4651 4806 4839 4917 4725 4577 4684 4733 4693 4495 4845 4861 4721 5024 5015 4518 4357 4901 4789 4800 4696 4929 5045 4925 4779 4538 4683 4622 4770 4578 4592 4867 4864 4805 5085 4549 5050 4959 4830 5204 4347 4410 4714 4934 4412 4959 4532 4918 4484 4591 4426 5044 4636 4771 4809 4837 4490 4714 4793 4609 4903 4630 4860 4521 4252 5076 4690 4906 4668 4531 5168 4640 4774 4639 4657 4477 4432 4770 4871 4788 4532 4214 4990 4854 4389 4589 4628 4520 4786 4865 5083 4817 4774 4556 5434 4098 4738 4888 4865 4617 4592 4956 5087 4757 4876 5153 5107 4710 4592 4579 4434 4686 4906 4736 5101 4664 4727 4505 4380 5354 4740 4584 4894 4763 4811 5563 4782 5493 4622 4894 4694 4778 4994 4758 4879 4912 4703 4828 4551 5006 4402 4383 4924 4663 4796 4630 4842 4985 4353 4755 4848 4763 4731 4834 4581 4294 4685 4652 4440 4770 4701 4315 4850 4852 4917 4657 4634 4788 4897 4671 4376 5052 4812 4756 4934 4773 4896 5163 4907 4632 4944 4665 4610 4874 4758 4680 4803 4745 4767 4632 5034 4661 4625 4876 4462 4678 4894 5041 4811 4817 5037 4740 5017 4846 4666 4733 4725 4816 5335 4618 4470 4990 4755 4547 4827 4761 4787 5042 4526 4738 4591 5124 5126 5015 4906 4439 4804 4864 4473 5243 4828 4354 4585 4879 
5530 5261 5154 5056 5459 5434 5466 5168 5419 4792 4996 4817 5184 5050 5404 5465 4881 5376 5172 5270 5219 5412 5085 5301 5087 5069 4997 5123 5014 5184 5451 4854 5088 5165 5539 5395 5599 5321 5484 5159 5125 5124 5265 5143 5164 4987 5407 5507 5334 5349 5336 5077 5436 5177 5285 5854 4959 4901 5171 5620 4770 5388 4909 5394 4891 5090 4899 5521 4958 5207 4874 5418 5124 5264 5283 4949 5273 5030 5087 4957 4818 5229 5390 5310 5118 5369 5786 4943 5198 5001 5040 4612 5071 5495 5171 5285 5332 4976 5617 5134 5332 5157 5125 4993 5048 5256 5705 5672 5168 4744 5884 4584 5470 5213 5526 5186 4949 5248 5530 5286 4805 5399 5668 5376 5204 5340 5071 4816 5285 5511 5538 5293 4958 4753 4513 5472 5441 4921 5333 5400 5013 5749 5396 5898 5580 5619 5477 5266 5836 5351 5448 5258 5069 5193 4772 5272 5082 4859 5460 5049 5075 5151 5298 5377 4717 4893 5130 5367 5219 5054 4983 4735 5366 5287 5133 5215 5233 4941 5196 5253 5366 5142 5237 5627 5193 5024 4947 5616 5613 5059 5446 4958 5099 5414 5565 5024 5416 5456 5218 5367 5226 5446 5154 5286 5105 4939 5788 5112 5052 5209 4932 4953 5419 5590 5430 5071 5239 5317 5348 5314 5030 5567 5249 5014 5680 4988 5016 5426 5187 4836 5067 4887 5379 5522 5179 5172 5212 5755 5491 5494 5192 5004 5170 5208 4590 5499 5421 4918 5280 5391 
5433 5433 5487 5242 5462 5506 5609 5166 5461 5189 5229 4925 5157 5247 5863 5564 5343 5229 5240 5035 5452 5541 5285 5413 5434 5210 5183 5414 5549 5349 5640 5047 5170 5477 5453 5143 5522 5498 5677 5296 5143 5148 5240 5317 5313 5628 5344 5675 5557 5652 5896 5108 5561 5364 5221 5857 4807 4926 5325 5568 4951 5510 5236 5700 5053 5405 4739 5544 5459 5418 5089 5517 5050 5282 5509 5272 5486 5313 5374 5220 5031 5359 5282 5396 5126 5005 6116 5509 5210 5390 5486 5113 4965 5627 5192 5561 5316 5107 5325 5540 5132 5294 5204 5269 5176 5236 5671 5498 5287 5093 5976 4890 5515 5475 5387 5145 5162 5244 5849 5334 5154 5376 5817 5535 5565 5436 5310 5087 5532 5087 5871 5603 5036 5160 5225 5649 5676 5318 5445 5573 5187 5837 5433 6188 5631 5589 5620 5205 6003 5336 5547 5422 5009 5226 5080 5602 4896 4562 5375 5164 5333 5203 5368 5744 4699 5195 5498 5688 5150 5596 5093 4864 5301 5477 5237 5296 5310 4929 5325 5597 5191 5289 5319 5479 5204 5434 5125 5605 5505 5369 5950 5291 5444 5655 5426 4983 5566 5452 5185 5609 5254 5460 5222 5322 5411 5108 6036 5204 5306 5473 5033 5184 5422 5735 5488 5446 5313 5228 5793 5416 5373 5538 5192 5154 5730 5210 5182 5752 5326 4992 5073 5196 5615 5565 5243 5068 5466 5697 5537 5916 5411 5103 5302 5522 4888 5690 5560 4875 5626 5548 
5363 5168 5238 4868 4879 5158 5148 5057 5203 4720 5103 4777 5140 4945 5061 5317 5174 5042 4955 5210 5120 5010 5049 5169 4940 4955 5133 4990 5005 5182 5338 4851 4901 5271 5382 5312 5126 5469 5100 5024 5099 4866 4901 5064 5122 4953 5033 4983 5000 5408 5320 4857 5148 5134 5066 5273 4782 4840 5234 5323 4833 5292 4912 5124 4592 4857 4575 5350 4921 5179 5187 5019 5150 5364 5095 5007 5065 5124 5185 4958 4716 5363 5240 5114 5019 5013 5422 5387 5166 4911 5133 4725 5096 5266 5048 5080 5081 5006 5127 5044 4996 4857 4837 4744 5048 5064 5522 5184 5242 4632 5691 4622 5145 5189 5179 4976 4821 5160 5564 5290 4933 5105 5464 5334 5032 5076 4837 4995 5300 4952 5535 5084 4844 4851 4460 5229 5298 4494 5172 5148 4990 5628 5017 5494 5194 5418 5167 5048 5542 5201 5126 4909 4918 5186 4575 5204 4857 4781 5192 4886 5326 4814 5222 5203 4653 5144 5006 5040 4904 5275 4914 4366 5044 4956 5083 4874 4867 4592 4987 5127 5271 5175 5209 5295 4999 4868 5129 5212 4862 5114 5398 5273 5220 5098 5376 4848 5434 5251 4887 5040 5219 5369 5049 5105 5119 4846 5361 5123 4840 5041 4638 4914 5209 5454 5171 4941 5166 5133 5265 5345 4894 5322 5165 4791 5354 4760 4888 5022 4902 4729 4807 4841 5312 5064 5005 4883 5014 5568 5364 5370 4968 4661 5220 5337 4777 5380 5149 4832 4878 4900 
5695 5506 5567 5405 5629 5669 5740 5482 5664 4900 5410 5360 5125 5170 5546 5769 5403 5492 5225 5382 5459 5501 5347 5492 5407 5348 5385 5190 5228 5458 5527 4992 5149 5370 5539 5365 5472 5518 5576 5135 5357 5267 5514 5602 5336 5209 5245 5597 5454 5706 5760 5386 5661 5180 5317 5824 5071 5002 5111 5647 4913 5705 5232 5652 5134 5498 4859 5807 5157 5536 5300 5749 5608 5507 5703 5253 5473 5456 5204 5342 5054 5566 5468 5456 5250 5447 6045 5484 5394 5233 5675 5060 5270 5679 5559 5531 5354 5201 5991 5434 5280 5056 5394 5108 5174 5439 5798 5697 5544 4936 6003 4996 5594 5694 5806 5369 4949 5722 5826 5436 5438 5346 5962 5544 5326 5373 5271 5399 5551 5441 5803 5446 5249 5521 4743 5911 5572 5056 5618 5489 5019 5791 5409 6075 5673 5781 5501 5387 6087 5541 5574 5607 5473 5290 5089 5506 5224 5121 5426 5032 5607 5518 5741 5586 5073 5619 5355 5765 5139 5560 5176 4862 5426 5360 5274 5415 5229 5046 5462 5669 5729 5134 5771 5745 5238 5388 5340 5701 5796 5711 6066 5422 5606 5917 5829 5124 5546 5603 5260 5445 5434 5706 5453 5283 5408 5233 5854 5500 5491 5417 4877 5124 5331 5912 5500 5388 5495 5536 5670 5204 5359 5448 5516 5043 5651 5358 5143 5528 5362 4912 5305 5277 5574 5690 5563 5286 5547 6172 5623 5519 5516 4846 5487 5546 5002 5747 5630 5170 5378 5434 
5239 4951 5293 4945 4847 5242 5024 4974 5208 4763 5033 4448 4784 4784 5019 4966 4754 5023 4704 4973 5089 5051 4956 4992 4760 4816 4881 4854 4905 5227 5252 4530 5125 4873 5183 4830 5089 5186 4893 5098 4931 4820 4981 4952 4888 4978 4763 5079 4804 5163 5276 5011 5093 4986 4890 5366 4713 4878 4933 5030 4448 4945 4861 5167 4503 4749 4571 5202 4660 5048 5119 4857 4696 5065 5113 4834 5310 5034 4886 5017 4824 4995 5357 5189 4572 5000 5541 4981 4828 4709 4730 4506 4907 5188 5047 4837 5036 4547 4989 5060 4613 4962 5006 4733 5019 4982 5179 5256 4810 4593 5515 4498 4929 5064 5123 4609 4477 4799 5525 4934 4923 4996 5395 5177 4880 5018 4892 4686 4861 5082 5436 4931 4760 4634 4562 5223 4993 4891 5042 5161 4767 5286 4940 5544 5248 4985 4989 5112 5348 4861 4961 5105 5026 4620 4762 5051 4842 4587 5107 4860 5055 4652 4943 5320 4472 5122 5083 5288 4989 5132 4766 4620 4985 4873 4825 4959 4868 4537 4852 5091 4880 4921 5042 5107 4788 4820 4698 5365 5080 5137 5352 5082 5055 5183 4957 4527 5258 5130 5185 5307 4812 4917 5111 5067 4945 4591 5394 5084 4933 5096 4731 4840 4953 5438 5144 4815 4627 4954 5171 5200 4755 4923 4884 4569 5322 4667 4777 4837 4637 4742 4565 4922 5149 5434 5001 5003 5081 5236 5154 5069 5217 4741 4824 4868 4722 5204 5244 4813 5058 4917 
5414 5565 5337 5244 5359 5402 5533 5164 5512 4728 5227 4776 4997 5106 5614 5346 5101 5457 5111 5114 4932 5087 5288 5231 5282 5098 5123 5072 4924 5369 5448 5168 4944 5369 5419 5427 5624 5389 5225 5175 5138 4858 5235 4984 5219 5421 5006 5384 5259 5443 5650 5345 5597 4914 5207 6083 4824 5039 5149 5318 4895 5382 5101 5582 4677 5085 4685 5304 5208 5555 5245 5349 5202 5347 5440 5048 5061 5304 5210 5312 4878 5375 5407 5405 4995 5057 5847 5315 5065 4623 5260 5050 5261 5601 5247 5426 5236 5035 5433 5208 5217 5118 5257 5084 5201 5309 5903 5271 5290 4914 5717 5101 5512 5376 5667 5324 5061 5266 5699 5387 5282 5162 5720 5416 5250 5092 4865 5195 5249 5192 5947 5102 5265 5091 4903 5887 5773 5029 5404 5194 5127 5801 5240 5778 5645 5580 5514 5247 5761 5332 5337 5192 5008 5111 5085 5291 5225 4908 5352 5295 5377 5183 5623 5512 4892 5347 5184 5465 5091 5377 5013 5022 5215 5190 4970 5071 5119 4774 5307 5373 5617 5401 5297 5455 5289 5317 5376 5326 5549 5331 5652 5032 5399 5586 5704 5142 5607 5438 5476 5204 5174 5439 5350 5043 5590 5227 5527 5273 5355 5375 5043 5175 5088 5832 5424 5513 5263 5259 5285 5604 5196 5408 5327 5089 5708 5067 5062 5204 5273 5041 5041 5068 5472 5646 5065 4973 5325 5742 5545 5516 5066 4946 5282 5415 4527 5593 5661 4958 5148 5307 
4912 5244 5120 5055 4962 5233 5079 4652 5317 4605 4807 4654 4936 4747 5205 4847 4952 5061 4996 4880 4951 4911 4910 5045 4891 4735 4836 4886 4870 4898 5056 4735 4820 5126 5107 5016 5036 4889 5138 4849 4886 4787 4957 4652 4843 4947 4970 4939 5136 5109 5094 4752 5566 5044 4809 5341 4445 4564 4851 5362 4477 5083 4562 5114 4695 4725 4485 5012 4698 4897 4718 5128 4721 4990 5098 4769 5093 4640 5127 4621 4464 4966 5165 5058 4777 4844 5444 4864 4925 4886 4899 4603 4979 4993 4838 5093 5024 4520 5032 5012 4741 4722 4725 4816 4897 4902 5200 4915 4958 4612 5481 4461 5121 4923 5264 5020 4733 4968 5230 5072 4674 5047 5222 5131 5122 4900 4811 4909 5016 4946 5217 4961 4747 4691 4565 5268 5229 4748 4933 4985 4691 5468 4949 5585 4917 5143 5127 5094 5345 4940 5149 5026 4804 4646 4733 4922 4789 4272 5219 4560 4955 4980 5214 5315 4534 4836 5046 5231 4739 5140 4783 4584 5029 4929 4638 4752 4696 4586 4997 5004 5039 4706 5136 4961 4778 5004 4539 5358 5238 4911 5106 4670 5067 5456 5069 4484 5195 4913 4792 4942 5034 5245 5011 4808 4978 4931 5201 4969 4759 4965 4503 4852 4913 5419 4996 5095 4982 4723 4962 4952 4862 4953 4704 4881 5533 4716 4878 5200 5017 4533 4582 4681 5256 5409 4890 4794 4936 5359 5189 5132 4895 4828 5117 4921 4246 4991 5290 4561 4980 5007 
5467 5138 5446 5031 5251 5247 5187 5189 5324 4687 5282 4887 4963 4916 5243 5232 5085 5376 5159 5435 5451 5331 5150 5236 5084 4928 4958 5371 5003 5369 5606 4727 4918 5302 5218 4929 5267 5225 5270 5171 5036 5110 5198 5093 5109 5191 5030 5094 5189 5253 5106 4906 5476 4978 5151 5633 4716 5113 5279 5231 4676 5049 4988 5197 4957 5003 4855 5549 5036 5071 5238 5251 5267 5108 5303 5238 5273 4963 5000 5083 4999 5260 5255 5456 4988 5275 5621 5277 5277 4928 5034 4756 4997 5417 4985 5365 5160 4836 5289 5260 5130 4782 4947 4823 4970 5032 5396 5211 5273 4902 5921 4600 5373 5089 5561 5077 4827 5163 5603 5123 5040 5393 5324 5104 5352 5048 5197 5210 5271 5046 5312 5199 5128 4976 4791 5374 5494 4874 5541 5225 5231 5473 5263 5764 5452 5488 5373 5152 5734 5197 5165 5203 5049 5037 4662 5258 4988 4745 5056 5006 5443 5028 5411 5406 4667 5118 5155 5364 5013 5267 4959 4794 5072 5137 4914 5208 4765 4695 5052 4924 5378 4846 5193 5266 5060 5145 5154 5342 5417 5378 5711 5098 5131 5453 5449 4922 5273 5121 5154 5428 5190 5019 5230 5138 5024 5149 5874 5087 5242 5097 4753 5155 5331 5265 5163 5267 5321 4932 5508 5264 4943 5206 5185 4971 5471 4834 5176 5116 5025 4753 5091 4904 5307 5523 4997 5008 5122 5788 5491 5459 5127 4961 5177 5072 4787 5537 5553 4911 5322 5196 
5465 4991 5170 5009 4940 5319 5222 5141 5428 4859 4922 4673 4583 4590 5361 5308 4979 5016 4813 5129 5086 4995 5122 5222 4861 4901 4921 5056 4906 5175 4961 4672 4721 4888 5061 5196 5121 5028 5247 5081 4991 4611 5288 5164 4910 5163 4635 4985 5130 5358 5318 5104 5032 4931 4807 5429 4839 4831 4990 5349 4794 5188 4966 5376 4601 5192 4543 5205 5078 5184 5078 5271 5001 5115 4894 5016 5160 4926 5176 5136 4679 4864 5244 5194 4931 4894 5816 5218 5011 4830 5146 4964 5056 5470 4739 5146 5276 4830 5329 5205 4967 5007 5075 4925 4886 5067 5515 5227 4945 4755 5756 4655 5534 5057 5092 4769 4564 5088 5375 5041 5064 5134 5439 5365 5043 5161 4873 5229 5119 4934 5389 4993 4702 4838 4749 5215 5283 4893 5099 5021 4669 5509 5069 5598 5315 5069 5156 4976 5187 5349 5264 4901 5102 4634 4835 4982 4824 4688 5140 4856 5300 4915 5138 5177 4815 5181 5023 5246 4702 5113 4562 4773 5048 5094 4738 5063 4724 4836 5095 5171 5470 5075 5445 5369 4858 4931 5105 5386 5326 5088 5443 5241 5202 5339 5363 4865 5337 5336 4964 5225 5103 4856 5136 5169 5152 4868 5409 4958 4970 5284 4492 4838 5039 5651 5586 5001 5251 5118 5065 4965 4934 4998 4931 4839 5377 4792 4961 5041 4940 4579 4878 4810 5184 5467 5206 5168 5004 5445 5390 5191 4997 4565 4958 5188 4672 5159 5450 4995 5043 4995 
5367 5347 5388 4902 5316 5186 5584 5221 5380 4998 5304 5166 4904 4868 5621 5458 5181 5404 5043 5220 5296 5107 5126 5228 5111 5124 5420 4965 4988 5100 5330 5282 4925 5106 5291 5224 5331 5141 5385 4998 5359 4913 5188 5257 5389 5310 5172 5205 5375 5085 5311 5133 5494 4881 5242 5813 4902 5109 5106 5355 4672 5319 4987 5446 4886 5152 4540 5337 5204 5319 5117 5139 5244 5387 5364 5027 5236 5308 5247 4970 4817 5219 5288 5354 5282 5131 5696 5352 5084 5018 5360 4991 5162 5528 5285 5524 5059 4856 5429 5432 5248 5064 5186 4875 5179 5345 5674 5482 4921 5037 6010 4965 5388 5400 5582 5002 4945 5171 5725 5285 5302 5112 5551 5550 5176 5001 4981 5178 5429 5128 5569 5217 4903 4960 4704 5739 5539 5017 5357 5322 5093 5697 5586 5654 5503 5561 5297 5236 5599 5015 5335 5202 5001 5082 4907 5269 5247 4932 5588 4911 5500 5005 5619 5425 4635 5296 5289 5314 5117 5229 5125 4893 5071 5245 5188 5336 5026 4780 5317 5219 5309 5096 5131 5502 4967 5059 5182 5394 5407 5261 5919 4979 5368 5420 5323 5140 5412 5371 5424 5194 5460 5294 5339 5179 5197 4968 5801 5069 5026 5488 4809 5160 5283 5604 5208 5247 4952 5165 5264 5305 5095 5274 5425 5019 5340 5162 5083 5312 5227 4904 5041 4922 5379 5424 5145 4931 5161 5811 5497 5558 5332 4912 5038 5541 4952 5534 5405 4899 5194 5335 
5667 5477 5581 5170 5489 5822 5476 4926 5467 4777 5283 4954 5182 5063 5462 5564 5035 5483 5285 5122 5420 5309 5005 5349 5415 5277 5152 5184 5141 5218 5560 5108 4783 5478 5390 5522 5266 5232 5405 5167 5447 4799 5249 5208 5252 5354 5158 5382 5281 5554 5519 5239 5714 5342 5114 5897 4935 5044 5272 5432 4829 5411 5267 5625 4970 5016 4565 5456 5120 5632 5395 5448 5045 5306 5379 5112 5276 5228 5252 5063 4887 5450 5500 5471 5063 5156 6046 5342 5359 5049 5195 5096 5061 5444 5048 5348 5393 5113 5253 5355 5132 5239 4864 5010 5321 5351 5682 5505 5229 5020 5709 4844 5218 5409 5433 5152 4818 5081 5637 5281 5080 5574 5766 5523 5402 5360 5158 5289 5282 5312 5854 5347 5230 5197 4838 5473 5543 5239 5486 5463 4982 5862 5406 5932 5471 5731 5431 5300 5704 5308 5396 5377 5230 5170 4958 5185 4928 5027 5239 5263 5413 4952 5621 5508 4601 5245 5238 5486 5144 5531 5032 5133 5360 5075 4850 5286 5207 4793 5275 5545 5466 5302 5565 5527 5265 5178 5005 5420 5521 5477 5811 5142 5339 5583 5637 4900 5598 5234 5194 5511 5314 5537 4875 5153 5260 5084 5651 5318 5325 5541 4999 5253 5334 5598 5367 5414 5356 5359 5273 5471 5147 5341 5166 5312 5786 4830 5378 5403 5104 4854 5066 5155 5544 5773 5341 5113 5235 5722 5472 5475 5282 5056 5329 5500 4533 5579 5626 4895 5322 5256 
5309 5196 5431 5048 5240 5447 5374 4903 5298 4617 5147 4626 4783 4854 5285 5033 5151 5146 4964 5216 5186 5265 4913 5336 5175 4998 5106 5308 5269 5091 5322 4941 4900 4850 5339 5025 5218 5203 4942 5101 5149 4817 5133 4980 5058 5169 5024 5116 5234 5225 5295 4949 5626 4996 4890 5734 4602 4708 5023 5266 4962 5178 4992 5532 4763 4963 4544 5481 4908 5344 5268 5186 5070 5186 5363 4971 5347 4946 5098 5021 4885 5173 4934 5207 4914 4849 5791 5188 5075 4732 5062 4912 4733 5289 5094 5150 5203 4628 5219 5129 5035 4833 4829 4739 5147 5211 5174 5405 5067 4752 5767 4522 5153 5100 5357 4919 4914 4902 5340 5353 5274 5147 5599 5293 5140 5171 5097 5312 5393 4947 5322 5272 5025 5117 4738 5477 5206 4884 5347 5177 5095 5576 5450 5761 5081 5347 5032 5178 5347 5015 5351 5122 5071 4832 4672 4944 4913 4586 5003 4870 5266 5054 5512 5270 4623 5184 5239 5028 4869 5137 4845 4909 5216 5139 4724 5283 4937 4502 5083 5161 5154 5268 5058 5303 4977 5089 5000 5350 5520 5119 5503 5141 5325 5405 5266 4895 5225 4983 5063 5083 5082 4958 5270 5025 5144 5168 5752 5261 5233 5227 4469 5043 5164 5501 5022 5282 4976 5073 5404 5267 4987 5050 4996 4988 5484 4767 4858 5175 5093 4751 4878 5056 5167 5358 4878 5226 5031 5712 5408 5422 5205 4898 4990 5381 4705 5491 5385 4854 5214 5292 
4956 5077 4916 4620 5003 5093 4998 4896 5066 4291 4881 4599 4619 4842 5156 5033 4918 5130 4701 5026 5020 4803 4799 5106 4785 4680 4702 4780 5085 4739 5065 4580 4687 4888 4979 5008 5046 4879 4929 4921 4702 4759 4814 4774 4862 5067 4742 5133 4934 4823 5075 4850 4898 4981 4911 5502 4601 4768 4832 5179 4674 4817 4641 5276 4486 4851 4622 5198 4808 4814 4849 4858 4784 5098 4887 4715 5002 5043 4894 5119 4569 4681 4800 4989 4816 4651 5380 4654 4864 4825 4742 4631 4881 5027 4843 4773 4868 4655 5014 4865 4611 4871 4933 4755 4701 4931 5420 5060 4919 4498 5604 4607 5072 5069 5118 4916 4612 4700 5506 4794 4759 4894 4975 5036 4893 5016 4851 4600 4920 4872 5104 4796 4878 4841 4793 5046 5339 4412 5014 4855 4745 5506 5025 5349 5132 5591 4987 4708 5399 4761 5157 4667 4860 4590 4579 5079 4621 4264 4779 4704 5036 4855 4891 4675 4610 4921 4971 5078 4707 5030 4723 4291 4674 5012 4696 4670 4735 4521 4733 4876 4875 4947 4813 5084 4543 4778 4863 5205 5165 4806 5121 4801 4942 5357 4980 4657 5104 4890 4753 4775 4793 5106 4823 4916 5079 4698 5146 4858 4928 5007 4430 4744 4901 5177 5068 4889 4696 4944 4955 4956 4871 5140 5017 4791 5292 4833 4884 4956 4481 4690 4511 4574 4987 5228 4914 4545 5013 5566 5037 5268 4845 4631 4612 4749 4428 5176 4974 4497 4904 4890 
5327 5185 5309 4976 5137 5351 5303 5018 5048 4773 4806 4489 4969 4914 5057 5250 4982 5160 4810 5082 5078 5155 4779 4912 4976 4925 4785 5001 4876 5012 5178 4815 5112 4867 5213 4998 4835 5160 5474 4936 5137 4927 5002 4950 4983 5003 4781 5131 4934 5363 5249 5151 5094 4711 4995 5687 4823 4790 4911 5174 4795 5116 5108 5426 4811 4984 4584 4984 4798 5202 4966 4952 4873 5056 5180 5025 4900 5169 4915 5003 4722 4879 5130 5179 4947 4888 5806 5102 4892 4906 5080 4881 4830 5214 5165 4989 5241 4860 5127 5288 4810 4964 5042 4798 4873 5091 5376 5255 4899 4853 5397 4608 5242 4955 5303 4763 4841 4859 5343 5121 5152 4972 5378 5366 5057 4851 5110 4815 5125 4916 5216 4945 4993 5135 4806 5338 5284 4760 5009 5197 4812 5420 4952 5480 5128 5397 5132 4995 5318 5268 5146 4969 4816 5152 4727 5141 4804 4723 5142 4763 5284 4720 5371 5417 4760 4957 5182 5246 4994 4991 5097 4509 5212 4882 5021 5172 5053 4786 5038 5364 5177 4914 5141 5062 4916 5076 4786 5158 5332 5133 5273 4898 5217 5349 5233 4867 5282 5224 4848 5067 5046 5122 5143 5192 5054 4791 5442 5069 5192 5129 4930 4751 4790 5349 5233 5075 5184 5012 5126 5012 4891 5134 5042 4819 5335 4843 5025 5318 4957 4636 5017 4762 5184 5656 4975 4995 5142 5526 5095 5290 4867 4608 5036 5317 4603 5267 5313 4987 4964 5197 
5528 5371 5336 5102 5305 5693 5530 5140 5526 5027 5282 5246 5236 5127 5821 5306 5099 5422 5247 5582 5342 5012 5405 5235 5349 5257 5468 5298 5207 5566 5516 4855 4924 5340 5573 5307 5096 5444 5754 5265 5007 5106 5356 5290 5203 5073 5254 5403 5679 5401 5593 5008 5689 5235 5263 5884 4894 5007 5427 5532 5139 5547 4980 5780 5090 5306 4720 5628 5291 5557 5072 5207 5349 5314 5488 5130 5451 5332 5300 5328 4826 5459 5423 5513 5217 5247 5916 5246 5335 5224 5203 5164 5152 5408 5010 5581 5160 4819 5405 5489 5264 5271 4975 4995 5363 5179 5476 5371 5358 4980 5815 4666 5559 5231 5518 5167 4863 5339 5633 5299 5403 5033 5709 5623 5399 5296 5313 5342 5778 5161 5592 5452 5067 4942 5069 5462 5576 5179 5627 5605 5207 6048 5734 6025 5382 5538 5210 5520 5897 5131 5325 5304 5277 5269 5098 5522 5024 5041 5387 4884 5581 5348 5462 5349 4844 5226 5375 5405 5265 5682 4932 4922 5275 5277 5137 5282 5175 5112 5410 5238 5538 5162 5503 5490 5263 5433 5212 5576 5760 5441 5736 5275 5562 5522 5496 5001 5582 5263 5444 5372 5253 5315 5302 5358 5200 4916 5732 5281 5433 5226 4867 5385 5501 5457 5314 5344 5421 5691 5396 5299 5248 5535 4939 5171 5601 4894 5388 5492 5425 4969 5052 5296 5538 5743 5124 5190 5384 5891 5619 5466 5287 5257 5428 5367 4881 5307 5698 5009 5321 5457 
5233 5003 5201 4803 5129 5282 4969 4907 5286 4505 5087 4645 4716 4773 5267 5404 4912 5065 4750 4985 4858 5028 4820 5112 5024 4934 4824 5023 5156 5217 5135 5046 4704 5121 5152 5355 5006 5159 5160 5025 4853 4827 4885 4796 4931 5160 4938 5251 4935 5306 5108 4827 5019 4955 5081 5371 4708 4526 5004 4652 4679 5211 4996 5472 4744 4900 4716 5226 4999 5155 5078 5036 4845 4984 5083 5044 5257 4866 5002 4987 4455 4942 5217 4899 4978 5132 5893 5101 4955 4853 4936 4737 4691 5357 5007 5170 5073 4643 5291 5084 4762 4930 4908 4927 4865 5164 5353 5282 5082 4763 5516 4659 5107 4866 5311 4744 4622 4926 5353 5209 4928 5170 5198 5233 5222 4932 4986 4993 4916 5251 5243 5066 4674 4659 4524 5355 5463 4606 5254 5009 4763 5305 5050 5495 5141 5310 5175 5106 5473 5083 4935 4967 5121 4819 4816 4947 4974 4757 5144 4923 4955 4841 5227 5332 4905 5108 4899 5129 4836 4936 4846 4813 5004 5230 4692 4888 4699 4715 4709 5021 5383 4809 5045 5123 5015 4849 4898 5461 5190 4951 5733 5038 5323 5340 5114 4840 5096 5146 4933 5029 4808 5105 4995 4971 4928 4665 5432 5158 4836 5040 4652 4954 4921 5510 5231 4861 4968 5197 5053 5132 4864 5119 5003 5032 5251 4577 4899 5182 5009 4690 4826 4903 5194 5242 5033 4848 5249 5625 5273 5171 4993 4792 5265 5431 4623 5279 5307 4707 4905 4973 
5193 5187 5258 4997 5143 5369 5316 4969 5015 4827 5088 4745 4869 4978 5295 5038 5076 5098 4796 5174 5366 5263 4685 5241 5042 5058 4899 5052 5286 4914 5281 4940 4980 4909 5252 5071 5030 5052 5403 4989 5139 4741 4833 5067 4991 4972 5063 4888 5148 5362 5110 4938 5086 4906 4714 5316 4572 4698 4983 5419 4633 5175 4983 5353 4907 5003 4616 5316 5002 5078 4908 5151 4762 4870 5106 4974 5408 4853 5095 4990 4741 5075 4982 4955 4794 4621 5496 4857 4976 4943 4891 4901 4623 5127 4719 4916 4832 4538 5148 5125 4884 4930 4873 4847 4867 4869 5446 4993 4887 4772 5523 4676 5217 5271 5093 4740 4765 4937 5372 5090 5055 5012 5151 5275 4931 4880 5074 4857 5178 5081 5459 5185 4628 4893 4408 5245 5167 4782 5131 5241 4730 5564 5321 5629 5327 5415 5395 4923 5742 5161 5030 5100 4851 4920 4859 4965 4893 4574 5554 5086 5285 4885 5269 5192 4545 4907 5134 5140 5027 4936 5041 4430 4923 5114 4732 5234 4969 4587 4973 5004 5022 4953 4901 5233 4651 4887 4772 5436 5272 5242 5309 5011 4985 5292 5086 4776 5251 4988 4883 5001 4894 5015 4718 4980 4823 5024 5559 4896 4928 4876 4687 4884 4949 5405 5119 4865 5061 4941 5249 4747 4968 5195 4967 4900 5465 4775 4985 5299 4672 4612 4734 4877 5299 5339 4777 4924 5176 5537 5202 5367 5005 4876 5048 5198 4475 5369 5333 4742 5126 5204 
5480 5517 5291 5042 5336 5537 5217 5187 5365 4884 5132 4782 5073 5039 5253 5381 5230 5414 5399 5304 5256 5265 5088 5486 5226 4950 5342 5186 5229 5128 5338 4900 5138 5294 5387 5495 5486 5502 5451 5478 5264 5078 5263 5248 5313 5360 5220 5165 5278 5448 5467 5038 5406 5341 5271 5783 4835 5067 5291 5513 5030 5343 5052 5413 4703 5256 4629 5467 5252 5342 5447 5095 5040 5170 5427 5156 5315 5240 5179 5123 4809 5348 5351 5405 5081 4993 6101 5368 5110 5074 5160 5026 5308 5238 5066 5174 5221 4862 5330 5154 4875 5225 4945 4861 5271 5037 5633 5385 5274 4621 5938 4774 5388 5380 5362 4818 4813 5110 5687 5252 5436 5278 5413 5369 5157 5194 5304 5112 5275 5287 5619 5596 5156 5142 4516 5496 5485 4859 5347 5566 5097 5609 5308 5910 5441 5620 5576 5432 5703 5361 5308 5166 5003 5096 4992 5144 5008 4703 5319 4819 5162 5211 5358 5322 4613 5326 5104 5660 5003 5364 5174 4699 5257 5414 5165 5252 5231 4729 5203 5668 5352 5261 5362 5504 5237 5209 5171 5430 5360 5237 5688 5045 5359 5591 5505 4885 5590 5336 5335 5211 5325 5336 5279 5411 5466 5025 5699 5294 5292 5111 4903 5050 5224 5551 5351 5408 5440 5338 5592 5451 5366 5349 5320 5060 5519 5200 5018 5497 5046 5007 5130 5192 5190 5449 5352 5243 5322 5901 5548 5543 5272 4933 5296 5501 4913 5662 5656 4632 5350 5366 
5005 4742 4772 4555 4681 4802 4762 4468 4881 4349 4766 4146 4598 4685 4835 4792 4542 4948 4687 4866 4815 4657 4606 4740 4788 4779 4650 4756 4669 4810 4864 4548 4531 4795 4722 4773 4485 4906 4722 4535 4546 4674 4818 4343 4596 4792 4759 4794 4774 4856 4758 4681 4934 4677 4630 5158 4369 4348 4647 4694 4507 4762 4821 4939 4338 4885 4170 4960 4741 4918 4514 4582 4650 4808 4817 4492 4622 4668 4712 4812 4482 4631 4983 4870 4723 4768 5244 4901 4386 4537 4816 4561 4500 4926 4761 4960 5055 4587 4868 4994 4606 4617 4788 4504 4407 4658 5160 4859 4654 4465 5119 4448 5005 4701 4867 4685 4654 4613 5297 4557 4551 4556 5012 4880 4765 4658 4658 4677 4798 4466 5224 4760 4670 4800 4191 4873 4720 4444 4964 4911 4578 5173 4750 5343 4697 5084 4584 4690 5052 4931 5048 4784 4431 4651 4546 4912 4369 4528 4648 4314 4939 4450 4741 4695 4348 5017 5000 4959 4760 5187 4326 4210 4580 4708 4525 4828 4387 4326 4781 5011 4899 4808 4934 4911 4661 4850 4704 5128 4845 4841 4851 4553 4967 5047 4940 4359 4868 4865 4823 5011 4744 4887 4709 4584 4651 4707 5132 4629 4674 4754 4486 4523 4801 4713 5073 4686 4848 4611 4781 4675 4447 4929 4732 4523 4999 4397 4658 4723 4739 4406 4616 4612 4881 4921 4733 4703 4951 5131 4887 5170 4663 4463 4855 4746 4540 4756 4633 4573 5062 4684 
5261 5357 5486 4739 5194 5393 5435 4979 5315 4821 5080 5008 5139 4841 5269 5098 5016 4960 5020 5177 4986 5230 5182 5450 4916 5010 5193 4864 5092 5182 5339 4825 5000 5244 5086 5199 5208 5424 5367 5165 5119 4821 5345 5001 5168 5190 4983 5141 5185 5418 5092 4966 5373 5124 5185 5583 4663 4911 4894 5452 4557 5379 4868 5245 4923 4859 4684 5377 5082 5171 5070 5105 4933 4894 5077 5129 5056 5095 4968 5204 4724 5002 5260 4981 5176 4794 5676 5095 4787 5044 5119 4758 4994 5194 5170 5172 5069 4555 5281 5083 5132 4979 4938 4775 5088 5023 5259 5387 5298 4659 5838 4654 5424 4998 5350 4968 4670 5085 5303 5089 4914 4896 5380 5149 5205 4969 5100 4683 5273 5126 5581 5385 5048 4808 4832 5399 5272 4848 5386 5404 4774 5550 5255 5711 5511 5140 5403 5132 5764 5195 5257 5091 5022 4923 4839 5179 4846 4493 5198 4907 5124 4948 5630 5202 4785 4925 4970 5490 4960 4972 4924 4773 5216 5256 4928 5154 4937 4544 5311 5043 5385 4801 5079 5316 4961 4884 4826 5045 5402 5125 5690 4905 5356 5564 5273 5077 5481 5301 4958 5185 5423 5139 5255 4956 5110 4893 5545 4873 4887 4944 4692 5075 5214 5569 5160 5294 5016 5256 5427 5210 4958 5290 5093 4921 5433 4847 4776 5151 4924 4770 4827 4903 5373 5674 4907 5011 5194 5623 4975 5199 5317 4708 5213 5008 4705 5279 5464 4982 5068 5070 
5485 5515 5306 5273 5537 6011 5609 5557 5576 5134 5503 5279 5381 5261 5854 5508 5299 5570 5200 5251 5238 5234 5504 5623 5434 5285 5535 5211 5248 5710 5589 5155 5252 5342 5531 5422 5333 5648 5895 5301 5345 5102 5067 5461 5609 5395 5293 5498 5666 5808 5823 5306 5638 5333 5336 5804 5145 5166 5353 5895 5303 5647 5267 5660 5238 5624 5073 5587 5563 5543 5265 5537 5717 5276 5380 5230 5542 5336 5443 5322 5066 5551 5612 5438 5223 5285 6082 5431 5238 5192 5468 5538 5117 5775 5315 5658 5598 5015 5694 5587 5089 5356 5149 5293 5468 5613 5832 5727 5409 5137 6019 5201 5506 5257 5579 5390 5082 5238 5683 5434 5475 5286 5943 5741 5620 5004 5399 5455 5803 5537 5700 5516 5099 5260 4744 5584 5742 5251 5592 5747 5062 5972 5591 5847 5610 5905 5300 5383 5965 5536 5656 5297 5543 5390 5213 5552 5258 4948 5730 5365 5767 5207 5682 5757 5085 5401 5652 5512 5223 5483 5060 4863 5463 5610 5207 5477 5267 5040 5298 5817 5733 5418 5523 5808 5326 5547 5278 5556 5700 5553 5712 5557 5716 5869 5600 5217 5898 5459 5301 5499 5413 5588 5498 5281 5346 5023 5858 5431 5365 5434 4853 5374 5263 5701 5442 5442 5625 5508 5288 5263 5083 5410 5348 5263 5915 5097 5119 5706 5268 5214 5209 4890 5386 5827 5548 5176 5701 6011 5828 5882 5634 5201 5429 5664 5011 5752 5870 5238 5523 5422 
5629 5148 5348 4972 5444 5287 5324 5220 5328 4751 5257 4849 4841 4807 5498 5436 4948 5259 5103 5161 5387 5227 5078 5521 5526 5114 5156 4776 5320 5192 5367 4835 4745 4886 5501 5358 5155 5201 5461 4970 5002 5097 4903 5151 5119 5099 5067 5083 5322 5354 5520 5207 5452 5140 5168 5584 4662 4768 5100 5347 4669 5380 5001 5645 4797 5197 4842 5280 5222 4965 5062 5205 5135 5190 5200 5073 5223 5207 5320 5271 4728 5120 5118 5053 5029 4899 5536 5117 5187 5198 5034 4942 5015 5455 5057 5192 5006 4878 5441 5093 4905 5056 5110 4948 4923 5419 5466 5145 5106 4853 5792 4887 5514 5262 5372 4797 4870 5085 5603 5402 5182 5138 5546 5279 5342 5151 5014 4994 5333 5075 5533 5273 4995 4948 4781 5494 5342 4980 5293 5244 4961 5792 5222 5729 5519 5512 5351 4988 5403 5304 5310 5052 5040 5016 4805 5020 4876 4674 5269 4970 5366 5146 5212 5271 4739 5339 5121 5208 5097 5174 5068 4871 5038 5192 5178 4978 5279 4947 5030 5240 5544 5143 5282 5346 5017 5085 4976 5456 5359 5216 5828 5211 5420 5336 5402 5320 5459 5448 5161 5199 5241 5081 5347 5060 5128 5158 5521 5324 5279 5319 4701 5082 5379 5583 5363 5187 5238 5416 5257 5318 4982 5428 5167 5151 5482 4603 4943 5514 5145 4759 4758 4804 5428 5649 5032 4988 5212 5596 5523 5572 5168 4834 4876 5300 4832 5703 5343 4876 4958 5229 
4632 4826 4812 4464 4780 4724 4923 4439 4709 4096 4655 4632 4231 4423 4798 4731 4575 4910 4318 4653 4619 4651 4647 4744 4538 4347 4701 4430 4254 4391 4681 4486 4455 4428 4628 4787 4594 4731 4665 4424 4666 4521 4740 4637 4561 4688 4649 4690 4599 4831 4744 4657 4800 4297 4525 5002 4345 4442 4447 4530 4223 4692 4589 4696 4345 4770 3939 4754 4400 4590 4548 4538 4813 4746 4818 4509 4707 4547 4469 4364 4327 4641 4632 4599 4727 4446 5000 4432 4456 4527 4589 4534 4241 4711 4681 4718 4496 4382 4692 4581 4419 4414 4354 4303 4564 4513 4705 4731 4343 4252 5122 4136 4772 4509 4737 4426 4354 4612 4924 4717 4683 4556 5026 4754 4613 4766 4503 4655 4759 4519 5076 4350 4482 4520 4256 4721 4856 4391 4768 4809 4318 5014 4469 5043 4934 4916 4797 4555 4863 4739 4641 4732 4551 4411 4312 4652 4375 4008 4565 4509 4789 4273 4964 4782 4150 4721 4656 4649 4420 4607 4487 4229 4432 4705 4311 4410 4454 4209 4934 4470 4856 4550 4567 4930 4348 4395 4441 4557 4841 4539 4858 4359 4713 5016 4673 4220 4699 4667 4406 4686 4381 4250 4271 4530 4384 4489 5164 4668 4514 4634 4047 4817 4601 4688 4534 4570 4454 4484 4773 4519 4433 4660 4466 4492 4911 4356 4542 4598 4183 4264 4514 4378 4617 4851 4504 4488 4766 5062 4630 4904 4522 4138 4698 4763 3844 4998 4670 4194 4530 4560 
5299 5499 5054 5129 5371 5335 5196 4833 5172 4616 5067 4809 4772 4809 5435 5110 4848 5253 4871 5084 4982 5184 4816 5155 5098 5016 4777 4869 5278 5148 5131 4928 4820 5090 5233 5154 4987 5099 5347 4949 5151 5046 5192 5137 5075 5289 4985 5046 5034 5448 5129 4982 5339 5017 4802 5587 4618 4815 5156 5410 4799 5255 4800 5225 4763 5136 4716 4940 4964 5262 5166 5059 4941 4882 4980 4794 5021 5057 4970 5146 4726 5033 5088 5148 5230 4853 5595 5073 4824 5123 5136 4907 5040 5126 4827 5053 5019 4869 5266 5008 4839 4886 4855 4822 4975 5098 5427 5250 5398 4843 5567 4664 5273 5117 5559 5040 4790 5076 5417 5167 5144 5089 5146 5360 4950 5123 4853 4988 5160 4786 5282 4941 4887 5201 4586 5342 5266 4817 5159 5118 4690 5565 5156 5695 5025 5379 5330 4790 5493 5098 5255 4921 4757 4884 4699 5054 4945 4756 5200 4844 5349 5056 5167 5318 4754 5123 4931 5561 4900 5349 4959 4610 5160 5216 4728 4989 4731 4721 5085 5157 5258 5078 5060 5226 4781 5056 4861 5342 5650 5023 5384 4891 5241 5287 5289 4729 5131 4948 5019 5324 5086 5168 5159 4818 4992 4774 5629 4957 5024 5253 4583 4879 5028 5167 5020 5195 5183 5074 5124 4948 5027 5302 5102 4962 5520 4836 4937 5476 4829 4722 4976 4934 5355 5394 4705 4845 5347 5554 5513 5326 4932 5016 5428 5393 4349 5202 5189 4896 5004 5030 
5249 5049 5407 5160 5184 5599 5354 5348 5275 4820 5184 5068 5084 4932 5287 5384 5262 5333 5087 5419 5278 5270 5266 5424 5295 5098 5190 5048 5134 5414 5469 4988 4871 5071 5225 5046 5153 5476 5492 5035 5256 4977 5159 5326 5153 5494 5361 5128 5299 5239 5521 5107 5464 5239 4951 5792 4894 4969 5238 5485 4707 5240 5123 5576 4866 5333 4904 5581 4980 5339 5202 5074 4992 5027 5278 4969 5245 4891 5240 5217 4846 5245 5213 5342 5278 4942 5734 5045 4805 5146 5119 5063 5222 5296 5005 5163 5151 4791 5457 5429 5090 5166 5078 4900 5262 4902 5454 5475 5247 4769 5955 4668 5521 5359 5539 4900 4894 5197 5619 5213 5272 5356 5243 5384 5246 5149 5239 5048 5284 5116 5484 5235 4883 5035 4686 5386 5450 5011 5251 5360 5025 5591 5385 5916 5418 5338 5430 5181 5663 5019 5344 5230 5146 5016 5005 5370 5034 4604 5520 4795 5365 5006 5424 5354 4626 5462 5345 5417 5181 5257 4988 4687 5276 5050 4866 5340 5162 4996 4984 5333 5520 4963 5330 5407 4982 5405 4897 5310 5492 5343 5502 4944 5374 5655 5599 4910 5266 5192 4837 5238 5033 5475 5307 5169 5166 5140 5641 5064 5264 5429 4896 5233 5053 5492 5513 5070 5481 5082 5206 5163 5134 5441 5128 5111 5466 5193 5182 5352 5099 4999 4989 5061 5462 5608 5172 5119 5508 5689 5292 5523 5236 5134 5239 5322 4781 5549 5509 4791 5193 5538 
5475 5216 5526 5022 5034 5368 5313 5023 5469 4857 5271 4781 4992 4907 5228 5291 4957 5262 4894 5093 5360 5272 4932 5304 5034 5033 5093 5154 5133 5109 5119 4979 5180 5024 5364 5204 4925 5450 5174 4972 5280 4904 5033 5016 5268 5119 5147 5015 5054 5501 5494 5059 5359 5085 5230 5498 4743 4770 4982 5438 4776 5192 5036 5363 4832 5191 4674 5462 4777 5345 5303 5357 5079 5226 5370 4978 5249 5190 4964 5099 5126 5383 5383 5009 4998 5028 5686 5154 5202 5068 5090 4895 4961 5299 5108 5252 5372 4698 5484 5126 5023 4906 5054 4714 5014 5396 5353 5056 5139 4489 5748 4802 5213 5177 5332 4947 4854 5141 5406 5115 5187 5333 5568 5238 5072 5004 5009 5085 5260 5081 5334 5265 4930 5181 4537 5420 5135 4891 5376 5342 4899 5253 5138 5582 5351 5424 5118 5114 5742 5185 5122 5157 5161 5028 4863 5251 5111 4631 5530 5019 5301 5167 5376 5248 4586 5246 5305 5247 5004 5261 5126 4664 5319 5158 5146 5350 5061 4788 5053 5311 5136 5020 5161 5398 4942 5047 5042 5300 5566 5273 5382 5103 5159 5394 5394 4788 5557 5091 5116 5131 5136 5497 5205 5098 5092 5109 5675 5323 5262 5135 4679 5026 5144 5654 5113 5088 5218 5021 5395 5265 4652 5210 5274 5092 5512 4896 5031 5379 5075 4720 4975 5064 5213 5435 5328 5131 5466 5612 5131 5125 5038 4570 5093 5282 4827 5540 5298 4995 5000 5142 
5643 5610 5502 5562 5580 5864 5348 5464 5684 5070 5560 5071 5166 5491 5786 5734 5460 5619 5354 5456 5382 5481 5415 5624 5514 5284 5565 5463 5413 5430 5845 5165 5133 5427 5836 5447 5679 5482 5561 5579 5474 5048 5530 5483 5291 5593 5478 5527 5614 5783 5627 5356 5548 5518 5386 6018 5322 5128 5740 5438 5182 5834 5231 5838 4994 5147 5095 5587 5605 5552 5353 5601 5341 5447 5568 5280 5627 5376 5383 5382 5211 5621 5738 5246 5327 5505 6022 5355 5416 5256 5411 5107 5380 5580 5369 5636 5634 5163 5709 5577 5481 5476 5294 5258 5320 5410 5949 5516 5696 5317 6179 4980 5627 5479 5502 5214 5155 5488 6007 5654 5295 5292 5751 5825 5400 5218 5528 5409 5504 5494 6145 5537 5097 4963 4930 5707 5898 5120 5421 5688 5448 5961 5382 6305 5691 5945 5495 5425 6003 5619 5738 5558 5523 5388 5091 5422 5351 4898 5888 5138 5657 5158 5417 5738 5099 5701 5584 5537 5273 5632 5432 5194 5565 5644 5194 5398 5160 5339 5401 5531 5715 5576 5490 5763 5280 5351 5140 6024 5800 5412 6057 5573 5706 5751 5735 5420 5588 5757 5323 5608 5365 5520 5582 5524 5395 5386 5786 5567 5099 5725 5245 5383 5526 5642 5525 5515 5426 5557 5659 5798 5323 5682 5494 5159 5832 5248 5189 5579 5206 5163 5401 5266 5654 5623 5423 5354 5552 5828 5628 5896 5662 5348 5677 5832 4909 5980 5799 5056 5419 5419 
4875 4841 5072 4477 4747 4789 5048 4591 4962 4443 4872 4533 4748 4668 4731 4898 4744 4964 4435 4617 4911 4999 4396 4799 4609 4585 4801 4638 4653 4696 5081 4354 4514 4713 4762 4790 5029 4856 4986 4635 4938 4648 4846 4667 4598 4892 4415 4949 5073 4895 4899 4795 4781 4629 4508 5149 4584 4357 4595 4891 4350 4784 4643 5160 4679 4643 4367 4772 4588 4672 4606 4891 4382 4861 4730 4435 4872 4876 4946 4509 4489 4852 4838 4719 4638 4637 5247 4829 4513 4389 4716 4430 4626 4833 4683 4704 4768 4250 5063 4764 4585 4626 4894 4518 4833 4847 5136 5132 4621 4329 5356 4338 4821 4975 4957 4569 4376 4946 5211 4730 4888 4758 5187 5024 4719 4504 4700 4951 4789 4725 5290 4655 4821 4641 4309 5168 4895 4566 4973 4781 4573 5286 4829 5059 4743 5093 5003 4816 5125 5100 5038 4543 4585 4678 4519 4675 4398 4431 4937 4709 4968 4670 5035 4864 4631 4854 4760 4791 4840 4638 4510 4370 4710 4654 4708 4960 4717 4305 4685 5044 5080 4816 4591 4846 4289 4668 4623 5046 4974 5073 5087 4841 4897 4953 4849 4942 5156 4907 4700 4816 4563 4624 4914 4768 4818 4611 5216 4710 4883 4800 4733 4774 4656 5092 4982 4835 4667 4738 4770 4913 4456 4799 4601 4630 5042 4539 4501 4915 4643 4430 4711 4638 5041 5075 4368 4726 4771 5238 4858 4795 4714 4445 4793 4865 4395 4966 5146 4435 4769 4603 
5162 4624 4965 4724 4838 5228 5011 4792 5130 4591 5011 4554 4363 4752 4982 5081 4885 4913 4437 4917 4771 4765 4740 4999 4704 4615 4543 4888 4861 4754 4985 4359 4535 4825 4835 4991 4869 4898 5076 4768 4647 4627 4641 4765 4662 4865 4607 5232 5013 5238 4995 4819 5105 4380 4889 5088 4690 4848 4872 5093 4453 5059 4980 5016 4578 4580 4550 5056 4848 5032 5081 4954 4704 5011 4908 4833 5006 4629 4783 4703 4418 4652 4936 5042 4887 4811 5371 4718 4668 4585 4836 4746 4804 4823 4708 4835 4724 4192 5084 4941 4813 4624 4902 4428 4575 4906 5396 5090 5015 4532 5337 4518 4886 4721 4911 4600 4675 4456 4996 4732 4758 4981 5237 5062 4701 4966 4939 4676 5066 4729 5309 4718 4530 4758 4163 5088 5004 4471 4812 5064 4642 5415 4952 5287 4972 5040 5086 4715 5237 5000 5180 4702 4939 4880 4593 4693 4579 4500 4888 4847 4990 4835 5217 5132 4280 5127 4935 4943 4882 4860 4661 4707 5211 4968 4827 4790 4648 4382 4940 4967 5075 4743 4960 5028 4798 4767 4547 5114 5038 4913 5437 5007 4719 5146 5072 4407 5256 4815 4584 4963 4762 4984 4733 4794 4758 4675 5378 4719 4687 5044 4411 4767 4802 5298 5007 4885 4851 5106 4736 4691 4821 5043 4630 4757 5260 4384 4599 4694 4667 4434 4919 4700 5056 5094 5164 4807 5168 5231 4860 5071 5043 4577 4803 5115 4285 4868 4986 4548 4762 4785 
5665 5647 5691 5189 5402 5564 5638 5258 5726 5001 5387 5154 5213 5191 5943 5516 5379 5516 5130 5153 5576 5470 5269 5728 5476 5330 5609 5261 5551 5524 5706 5207 5186 5209 5526 5531 5512 5394 5727 5291 5122 5208 5298 5299 5184 5346 5333 5621 5611 5595 5924 5283 5808 5354 5340 5878 4929 4952 5325 5709 4962 5588 5336 5840 5309 5328 4852 5706 5558 5380 5347 5465 5237 5389 5485 5336 5635 5452 5472 5272 5126 5297 5431 5579 5361 5105 6173 5487 5271 5276 5440 5181 5080 5499 5183 5515 5577 4984 5712 5374 5343 5123 5385 5280 5334 5623 5904 5780 5337 4955 6149 5090 5702 5579 5862 5399 5042 5391 6011 5619 5487 5428 5765 5670 5653 5416 5071 5155 5718 5487 6029 5709 5252 5077 5139 5996 5572 5272 5635 5765 5087 5890 5747 6100 5516 5746 5618 5419 5813 5711 5473 5303 5292 5280 4956 5282 5248 5175 5621 5391 5672 5370 5728 5693 5157 5327 5085 5646 5570 5592 5213 5091 5357 5661 5268 5432 5247 4979 5664 5700 5661 5229 5368 5683 5219 5389 5323 5614 5934 5355 6008 5508 5680 5706 5602 5390 5724 5628 5467 5673 5513 5267 5428 5470 5369 5283 5801 5798 5314 5402 5080 5532 5508 5828 5850 5725 5171 5575 5603 5583 5252 5646 5307 5213 5807 5293 5282 5619 5369 5030 5068 5534 5691 6015 5122 5272 5496 5770 5773 5820 5415 5278 5449 5565 5086 5914 5703 4941 5529 5453 
5424 5593 5390 4992 5454 5602 5483 5187 5532 4767 5121 4779 4909 5119 5360 5465 5039 5367 5045 5143 5194 5186 4948 5216 5229 5250 5128 5039 5114 5136 5290 4751 5180 5258 5449 5195 5213 5065 5313 4942 4992 5082 4984 5137 4968 5202 4913 5192 5451 5527 5354 5353 5444 5032 4846 5793 4989 4911 5014 5245 4983 5416 5015 5259 5174 5443 4885 5263 5190 5388 4966 5313 4972 5269 5382 4901 5227 5111 5110 5346 4696 5109 5344 5143 5084 5344 5633 5180 5001 4923 5336 4856 5032 5371 5009 5146 5295 4774 5426 5132 5154 5019 5164 4786 5255 5162 5443 5226 5268 4815 5698 4727 5217 4963 5455 5158 4861 4840 5350 5156 5177 5020 5550 5309 5265 5008 5195 5039 5261 5166 5399 4978 5146 5300 4820 5509 5426 4956 5424 5269 4534 5887 5254 5780 5533 5639 5310 5311 5683 5303 5092 5242 5189 4938 4785 5198 4968 4736 5472 5081 5437 5077 5375 5213 5017 5033 5095 5184 4982 5146 5074 4587 4863 5248 5011 5562 5056 4669 5464 5177 5513 4891 5341 5331 4963 5055 5085 5565 5472 5337 5608 4977 5256 5422 5432 5069 5404 5112 5125 5261 5316 5229 5445 5061 5264 4843 5366 5091 4978 5324 4692 4905 5071 5436 5291 5105 5067 5116 5324 5026 5188 5245 5141 5053 5528 4886 5034 5332 4980 4771 5043 5161 5473 5505 4848 5199 5578 5777 5319 5386 5233 5023 5289 5234 4687 5519 5359 5072 5405 5196 
5223 5177 4944 5002 5087 5243 5175 4752 5048 4642 4913 4744 4890 4795 5157 4918 4805 4910 4865 5211 5045 4982 4955 5094 4831 4933 5006 4868 4842 4905 4960 4869 4697 4943 5172 4930 4907 5068 5129 4932 4941 4700 4755 4643 4941 5073 4637 4918 5062 5108 5006 4839 5147 4945 5039 5476 4846 4620 5045 5105 4744 5247 4949 5319 4540 4866 4566 5204 4914 4873 4967 4891 4787 4838 5111 4873 5227 4944 5048 4847 4388 4853 4818 5041 5045 4926 5533 4852 4877 4742 4938 4588 4757 5154 4610 4900 5083 4518 5327 4905 4651 4939 4959 4630 5009 4993 5106 5092 4906 4752 5411 4467 5078 4962 5151 4570 4630 4987 5091 5053 4892 4830 5355 5211 4767 4987 4922 4980 5090 5059 5105 4972 4827 4779 4390 5220 5057 4889 5243 5038 4805 5397 4968 5397 5103 5287 4975 4921 5094 4930 5002 4922 4652 4764 4656 4806 4641 4383 4978 4640 5030 4676 5032 4950 4555 5146 4884 4965 4629 5031 4848 4309 4926 4827 4567 5019 5000 4504 4926 5036 5122 5055 5046 5126 4754 4931 4611 5346 5031 4868 5326 4804 4987 5292 5264 4459 5228 5088 4778 5158 4992 4909 5026 5055 5126 4738 5148 4881 4934 4706 4355 4924 4894 5169 5119 4853 5048 5015 4978 5011 4791 4887 4894 4814 5446 4537 4879 5161 4902 4446 4920 4559 5033 5197 4782 4907 5242 5331 5291 5140 4972 4744 4878 5184 4501 5036 5098 4606 4912 5035 
4906 5075 5062 4897 4786 5367 5099 4927 5084 4557 4922 4633 4837 4949 5047 5213 5087 5090 4827 5082 4918 4789 4957 4970 5135 4662 4922 4997 5062 5045 5095 4641 4939 5265 4954 5038 5111 5104 5067 4938 4658 4693 5157 4752 4847 5209 4714 4996 4822 5400 5111 4681 5237 4814 4811 5544 4594 4553 5037 5055 4902 5239 4823 5129 4308 5085 4515 4861 4920 5050 4971 4846 4909 5133 5081 5026 4829 4840 4864 4960 4910 4978 4980 5100 4943 4776 5407 5009 4889 4574 5065 4573 4942 5377 4699 4933 5057 4460 4826 5132 4726 4828 4766 4685 5085 5054 5409 4989 5007 4589 5558 4600 5263 4829 5284 4589 4795 4856 5420 4989 5078 4838 5411 5532 4879 5036 5065 5004 5003 4892 5052 4793 4960 4825 4478 5368 5056 4395 5156 5038 4968 5433 4885 5477 5057 5332 5071 4925 5246 5317 5032 4875 4698 5066 4682 4930 4726 4561 5271 4794 5092 4795 5195 5037 4595 5088 4895 5052 4846 5158 4572 4437 5102 4929 4749 4950 4876 4659 5103 4924 5347 4923 5104 5195 4782 4952 5175 5092 5142 4917 5265 5071 4955 5409 5066 4665 5064 5180 4805 5021 5027 4948 5026 4910 4992 4747 5330 4975 4704 5025 4509 5002 4965 5145 5268 4888 5074 4972 4844 5154 4804 5080 5026 5014 5520 4711 4717 5143 4680 4400 4673 4946 5155 5110 4881 5048 4810 5349 5113 5228 4973 4649 5062 5087 4688 5282 5393 4755 4899 4910 
5179 5372 5247 4963 5170 5256 5315 5100 5229 4927 5208 5064 5154 4779 5378 5084 4989 5309 4824 5100 4958 5384 4854 5324 5060 4977 5060 5247 5046 5067 5410 4745 5031 5053 5244 5342 5010 5269 5386 5087 5035 4848 4970 5142 5240 5257 5063 4980 5172 5482 5152 5118 4986 4962 5087 5578 4894 4927 5250 5075 5044 5204 5149 5537 4779 5126 4483 5244 4955 5251 5055 4727 5044 5092 5225 5070 5196 5171 5003 5003 4913 5268 5196 5358 5199 4890 5825 5004 5071 5108 5249 4987 5033 5530 4777 5247 5381 4813 5070 5360 4994 5012 5123 5030 5121 4960 5266 5212 5281 4921 5864 4714 5438 5036 5404 4939 4728 5269 5614 5097 5253 4904 5237 5035 5069 4870 5026 5265 5292 5046 5579 5173 4876 4741 4705 5346 5516 4915 4920 5346 4983 5678 5114 5444 5216 5482 5192 5405 5652 5241 5107 5159 5007 4873 4564 5309 4834 4620 5327 4850 5221 5167 5337 5261 4681 5197 5210 5233 5051 5061 4909 4668 5246 5036 4740 5155 4774 4644 5007 5113 5243 5272 5042 5418 4848 4991 4971 5074 5440 5155 5470 5162 5382 5222 5359 4908 5066 5315 5231 5106 5212 5073 5015 5065 5324 4935 5430 4874 5066 4967 4764 5027 4761 5289 5109 5061 5325 5184 5419 5057 5069 5295 5078 5058 5489 4773 5217 5305 4954 4534 5082 4893 5537 5390 4926 5120 5397 5678 5407 5280 4898 4808 5369 5320 4568 5452 5309 4860 5335 5196 
5348 5604 5281 5141 5360 5433 5343 5271 5208 4768 5357 4828 5226 5007 5646 5493 4924 5551 5081 5451 5247 5286 5563 5297 5088 5417 5184 4957 4898 5594 5441 5145 5174 5251 5272 5225 5345 5179 5126 5133 5083 4918 5427 5092 5340 5277 5161 5313 5174 5367 5159 5022 5215 5180 5037 5819 4985 4847 5166 5401 5073 5182 5164 5430 4840 5119 4916 5367 5304 5627 5358 5144 5340 5229 5269 5069 5337 5343 5100 5179 4816 5364 5382 5432 5484 5256 5874 5012 5091 4995 5264 4745 4882 5426 5025 5606 5176 4842 5536 5383 5201 5144 5220 5115 5162 5366 5663 5515 5107 5039 5900 5016 5630 5136 5565 5000 5141 4911 5635 5185 5165 5137 5392 5448 5290 5253 4882 5199 5282 4971 5686 5352 5142 5018 4851 5625 5553 4990 5181 5478 5001 5866 5484 5688 5360 5417 5498 5334 5590 5350 5376 5334 4985 4966 4952 5008 5172 4992 5433 4841 5444 5012 5556 5352 4864 5341 5311 5463 5279 5325 5250 4747 5119 5114 4828 5302 5111 4968 5226 5388 5421 5198 5267 5359 5063 5117 5148 5390 5490 5245 5834 4971 5453 5488 5430 5109 5347 5562 5395 5371 5375 5191 5218 5320 5206 4892 5931 5338 5463 5131 4876 4922 5258 5611 5384 5150 5286 5229 5499 5416 5008 5498 5413 5242 5566 4943 4995 5203 5129 4931 5078 4824 5495 5501 4954 5174 5459 5676 5457 5612 5237 4820 5320 5302 5139 5523 5296 4879 5187 5066 
5121 5192 5088 4764 5078 5287 4977 5120 5125 4336 5122 4599 4619 4774 4965 5088 4987 5010 4867 5134 4751 4777 4587 5111 4637 4774 4861 4794 4823 4813 4957 4573 4809 4867 5019 5113 4601 4900 4865 4987 4992 4552 4747 4786 4815 5003 4763 5053 5040 5007 5118 4962 5042 4853 5002 5315 4597 4829 4857 4950 4551 4883 4518 4952 4499 4829 4333 5334 4713 4887 4693 4712 4672 5016 4751 4790 4876 4934 4990 4628 4442 5005 5041 4811 5067 4765 5335 4535 4801 5044 4699 4542 4741 4972 5017 4910 4745 4486 4864 4759 4906 4840 4547 4600 4868 4755 5240 4935 4745 4670 5349 4403 4957 4750 5072 4835 4664 4584 5026 5140 4957 4917 5172 5020 4759 4972 4809 4774 5186 4747 5156 4901 4484 4780 4409 5005 5029 4855 4877 4791 4613 5423 4877 5321 4965 5254 5074 4680 5170 4994 4799 4863 4668 4620 4668 4873 4602 4397 4951 4663 4886 4818 5369 4611 4533 4899 4988 4896 4745 4816 4637 4450 4825 4650 4566 4886 4711 4433 4925 5050 4961 4700 5093 5073 4627 4829 4858 4971 4977 4862 5056 4845 5150 5116 5192 4524 5153 4839 4810 4930 5012 4896 4733 4777 4783 4828 5275 4571 4889 4939 4349 4676 5000 5336 4867 4836 4952 4817 5090 4888 4730 5083 5004 4820 5283 4505 4730 4979 4526 4693 4737 4452 5150 5114 4609 4524 4974 5340 5052 5070 4623 4694 5079 4987 4291 4999 5267 4533 4911 5030 
5411 5312 5107 5099 5147 5127 5388 5023 5217 4856 4755 4864 4794 4797 5205 5191 5116 5469 4822 5012 4926 5318 4969 5222 5005 5014 4792 5048 5151 5019 5309 4729 4946 5239 5118 4918 4792 5254 5331 4905 4922 4937 4886 5117 5234 5015 4783 5099 5181 5591 5190 5034 5202 4825 5091 5466 4746 4821 5101 5400 4740 5135 4887 5353 4705 4905 4709 5257 4999 4951 5102 4943 5122 5140 5057 5022 5150 5080 5074 4974 4864 4841 5184 5157 4984 4793 5557 5081 4775 4916 5072 4763 4988 5223 4952 5153 5126 4733 5227 5316 5046 4916 4982 4971 4861 5036 5450 5198 5118 4687 5614 4760 5052 4885 5362 4862 4762 4891 4998 5122 5119 4949 5218 5182 4952 4914 4880 4971 5279 4810 5633 5319 4829 5008 4569 5300 5649 4817 5173 5149 4546 5470 5251 5682 5359 5163 4994 5185 5399 5379 5090 5098 4795 5031 4623 4818 5019 4785 5386 4777 5060 5078 5375 5230 4865 5226 5132 5077 4926 5167 4910 4605 5271 4929 4775 5069 4503 4731 4888 5207 5048 4884 5138 5135 4616 5132 4895 5461 5216 5133 5673 5109 5080 5434 5190 4686 5219 4932 4990 5070 5317 5125 5331 5160 5102 5055 5578 5287 4937 5048 4560 4896 5033 5386 5439 5053 5253 5248 5240 4938 4993 4982 5059 4778 5359 4623 5017 5236 4964 4417 5025 4724 5360 5543 4726 4946 5136 5339 5114 5369 5062 4760 5233 5180 4659 5093 5466 4853 5067 5202 
5174 4899 5388 5064 5133 5168 5065 5029 5505 4785 4911 4736 4967 4825 5073 5247 5023 5343 5078 5276 5245 5253 5041 5058 5143 5096 5026 5233 5328 4955 5499 4761 5147 5129 5253 5129 5312 5139 5384 4866 5114 4773 5247 4941 5096 5141 4916 5197 5356 5163 5553 4951 5447 4900 5194 5642 4837 4918 5032 5394 4885 5442 5107 5391 4621 4917 4678 5308 4896 5234 5073 5013 5046 5381 5398 5137 5267 5105 5126 4873 4705 5246 5089 5161 5228 4875 5792 4982 4822 5043 5170 4901 5047 5564 4870 5364 5188 4493 5352 5222 4984 4864 5241 5012 4813 5351 5412 5247 5025 5007 5745 4747 5086 4970 5489 4702 4937 5044 5379 5168 5117 4773 5538 5036 4994 5299 4870 4999 5331 5058 5373 5186 5054 4975 4487 5431 5382 4883 5556 5336 4923 5639 5330 5634 5253 5571 5036 5314 5292 5187 4999 5254 5102 5283 4997 5228 4945 4803 5333 4722 5023 4886 5295 5256 4710 5081 5192 5169 5107 5234 5053 4799 5206 5173 4995 5165 4888 4686 5142 4815 5307 5172 5126 5254 4668 5216 5065 5469 5044 4893 5489 5090 5208 5318 5244 4961 5243 5374 5195 5008 5402 5181 4897 5015 5261 5032 5765 4992 5195 5122 4643 4996 5274 5354 5308 4997 5277 5123 4960 5214 5049 5220 5075 4873 5600 4753 4991 4920 5112 4841 4951 4789 5274 5251 5006 5137 5121 5453 5322 5480 5206 4717 5037 5194 4772 5215 5174 5048 5329 5035 
5395 5020 5175 4910 5089 5378 5310 4869 5401 4572 4928 4814 4912 5193 5139 5141 4977 5082 4966 5322 5121 4944 5221 5374 4755 5031 5152 5082 4702 5105 5099 4946 4932 4982 5198 4953 5060 5233 5211 4979 4969 4829 4936 5115 5051 4858 4945 5279 5122 5204 5245 4837 5214 4821 4749 5653 4688 4706 5033 5287 4638 5114 4997 5302 4486 5260 4471 5374 4542 5277 5085 4881 4947 4870 5163 5015 5073 4916 4990 5086 4861 5018 5267 5140 5045 4989 5567 5241 4993 4912 4911 4722 4790 5122 4890 5028 5267 4788 5215 5000 5037 5132 4706 5028 5028 4870 5342 5197 4874 4577 5417 4517 5438 4951 5257 4947 4760 4884 5379 5269 4946 5002 5320 5236 5137 5103 4965 4944 5169 4971 5227 4949 4933 4930 4490 5243 5257 4774 5135 5239 4621 5464 5305 5564 4914 5273 5295 5021 5386 5265 4914 5026 4889 4997 4669 5057 4847 4608 5284 4751 5507 4957 5212 5233 4755 5200 5221 4987 4986 5394 4890 4651 4995 4839 4729 5061 4979 4843 5046 5301 5449 4840 5490 4998 4807 5040 4748 5327 5258 5254 5324 4941 5181 5361 5451 4801 5502 5002 4894 5163 5232 5236 5274 5084 4909 5023 5319 5068 4626 5128 4550 4869 5097 5390 5292 5043 5205 5278 4959 4916 4742 5141 4851 4904 5336 4733 4916 5021 4881 4657 4832 4745 5279 5678 5061 4959 5193 5343 5240 5562 5107 4725 5086 5110 4689 5432 5390 4674 5117 5226 
5042 4913 5083 4445 4909 5403 4932 4651 5102 4452 4868 4303 4417 4650 4927 4885 4754 4894 4676 4965 4772 4679 4744 4904 4582 4780 4697 4712 4619 4589 5141 4494 4670 4734 4958 4677 4930 4786 4904 4800 4954 4435 4731 4684 4530 4716 4370 4692 5048 4981 4911 4842 5182 4481 4653 5329 4678 4691 5079 4957 4328 5059 4573 4794 4488 4785 4256 4786 4966 4617 4619 4969 4671 4794 5088 4722 4865 4628 5073 4606 4365 4724 4962 4574 4798 4854 5168 4909 4853 4598 4709 4524 4684 4813 4520 4942 5108 4248 5188 4868 4625 4604 4437 4306 4733 4952 5064 5029 4855 4422 5268 4319 4914 4968 4817 4843 4445 4703 4853 4622 4938 4893 5127 4931 4650 4749 4818 4728 5079 4823 4960 4709 4505 4626 4168 5214 5073 4579 4962 4795 4601 5017 4658 5254 4944 5024 4937 4915 4970 4933 4740 4887 4970 4489 4461 4811 4739 4523 4991 4494 5017 4680 4779 4975 4703 4806 4796 4916 4397 4887 4519 4233 4691 4926 4508 4814 4526 4493 4698 4942 4913 4656 4981 4995 4490 4843 4561 5248 5086 4985 5093 4756 5008 4896 5053 4513 5075 4804 4740 4902 4566 4692 4884 4913 4767 4829 5033 4832 4683 4964 4418 4833 4833 4814 4880 4724 4764 4780 4709 4964 4721 4816 4655 4637 5036 4587 4708 4742 4466 4444 4728 4789 4826 5221 4767 4689 4740 5175 4865 5006 4667 4637 4872 4900 4061 5154 5143 4579 4828 4783 
5179 4980 4878 4906 4998 5125 5225 4744 5297 4236 4775 4558 4740 4784 5158 5151 4838 4983 4970 5053 4997 5011 4902 5023 4850 4989 4933 5004 4802 5104 5057 4588 4690 4873 4957 5044 4927 4828 5030 4804 4991 4771 4797 4872 4713 5047 4989 5063 4911 4991 5066 4731 4974 4665 4807 5287 4520 4570 4901 5235 4536 5055 4718 5189 4742 4756 4570 5213 4912 5044 5106 4899 4788 4958 5069 4719 4991 5131 4744 4611 4537 4980 5092 4921 4895 4721 5646 4814 4888 4838 4747 4794 4791 5134 4827 4952 4743 4504 5165 4963 4832 4950 4733 4811 4576 5237 5258 5038 4901 4566 5450 4232 4969 4885 5113 4733 4542 4942 5181 5054 4845 4907 5088 4929 4815 5064 4737 4869 5002 4784 5155 5063 4837 4707 4528 5239 5151 4760 5013 4935 4505 5411 4925 5478 5014 5021 4956 5114 5327 5161 5229 5137 4826 4764 4677 4819 4529 4475 4828 4640 5075 4682 5014 5047 4592 5017 5034 5049 4716 4831 4803 4444 4828 4768 4646 4822 4840 4497 4935 5065 5156 4810 5033 4862 4867 4539 4605 5234 4951 5058 5354 4975 4933 5286 5078 4665 4998 5262 4609 4869 5049 5023 4938 5006 4680 4613 5391 4825 4965 5023 4419 4600 5060 5269 5078 4713 4976 4831 5093 4896 4796 4953 4777 4717 5347 4834 4480 5023 4709 4463 4696 4801 5081 5330 4964 4988 5212 5355 5059 5264 5076 4652 5042 5040 4500 5356 5278 4626 5003 5120 
5036 5127 5344 4660 5070 5531 5002 5034 5414 4525 4839 4746 4896 4709 4992 5060 4911 5189 4856 5515 4953 5009 5281 5341 4925 4764 4989 5347 5062 5222 5287 4881 4762 4895 4822 5171 4936 5065 5142 4924 5104 4847 5046 5048 4978 4955 5003 5015 5037 5220 5287 4851 4925 4843 4795 5562 4692 4686 4817 5197 4708 5064 4999 5280 4911 5023 4420 5463 4937 5232 5103 5069 4870 4763 5231 5169 5385 4902 4680 4947 4691 5241 5182 5099 5029 4873 5613 5037 4989 4751 4793 4868 4668 5072 4932 5159 5045 4502 5199 5149 5018 4876 4776 4577 4829 5019 5399 5053 5011 4579 5521 4678 5264 5078 5141 4632 4619 4861 5283 5062 5207 5029 5226 5172 4876 4778 5055 4626 5202 4969 5432 5407 4731 4934 4378 5276 5403 4894 5132 5388 4649 5477 5254 5255 5003 5435 5013 5042 5463 5053 5134 5097 5077 4653 4598 4963 4843 4561 5115 4889 5123 4895 5041 5330 4652 5006 5187 5151 4987 4850 4918 4778 5182 4922 4771 4762 4845 4649 4884 4999 5228 4848 5075 4979 4605 4863 4865 5084 5185 5008 5467 4780 5094 5139 5175 4817 5138 5300 4842 5178 4948 5072 4942 5134 5081 4949 5520 4971 4906 5003 4585 5018 4898 5228 4964 4888 5207 5187 5237 4934 4859 4927 5076 4995 5520 4787 4571 5046 4662 4724 5085 4633 5202 5250 5057 4841 5213 5618 5108 5249 4858 4695 5022 5176 4545 5260 5174 4849 5224 5115 
4814 4788 4694 4536 5103 4884 5048 4797 4981 4403 4765 4579 4528 4653 4863 4789 4390 4647 4709 4807 4789 4964 4509 4945 4499 4582 4921 4624 4808 4727 4922 4555 4753 4549 5088 4774 4842 4685 4615 4500 4765 4647 4544 4734 4781 4687 4813 4977 4904 4808 4748 4689 4924 4519 4647 5097 4321 4519 4630 4817 4301 4515 4538 4967 4342 4747 4579 4942 4523 4984 4768 4952 4534 4678 4766 4428 4566 4790 4703 4549 4553 4656 4857 4694 4732 4603 5423 4524 4462 4649 4538 4616 4578 4510 4550 4704 4491 4290 4830 4510 4721 4776 4651 4472 4847 4946 5148 5100 4766 4557 5471 4191 5155 4742 5007 4661 4631 4714 5192 4598 4633 4828 4858 5065 4979 4615 4272 4750 4842 4735 5086 4643 4528 4615 4218 4826 4744 4267 4619 4807 4499 5060 4682 5374 4902 5090 4964 4668 5188 4649 4850 4517 4527 4725 4359 4621 4573 4401 4788 4687 4873 4690 5233 5073 4285 4578 4643 5056 4729 4674 4613 4308 4701 4921 4546 5036 4707 4347 4883 5098 4591 4695 4525 4964 4713 4669 4613 5097 5138 4548 4932 4379 4817 4979 5009 4625 4900 4900 4751 4880 4727 4695 4782 4669 4708 4420 5001 4514 4721 4935 4323 4750 4616 5242 4789 4773 4777 4910 4809 4834 4463 4883 4714 4495 5229 4497 4678 5048 4590 4375 4534 4325 4928 4938 4797 4517 4888 5319 5023 4945 4815 4656 4555 4781 4411 5015 4765 4426 4883 4770 
5184 4937 5230 5037 4967 5169 5198 4825 5119 4762 4831 4643 4967 4815 5086 5189 4670 4871 4663 4930 4936 4887 4900 5093 4927 4970 4712 4998 4728 5078 5252 4773 4933 4987 5047 4987 5266 5248 5058 4742 4916 4659 4920 4971 4870 5024 4704 4810 4870 5219 5278 4628 5167 4773 4822 5312 4605 4967 5010 5232 4509 5013 4830 5422 4620 4923 4671 5124 4875 5235 4907 4902 4759 5106 5099 5061 5052 4961 4605 5061 4589 4855 4860 5162 4926 4911 5666 4869 4855 4890 4770 4701 4942 5059 4878 4865 4910 4549 5274 4919 4751 5134 4912 4760 5085 4979 5291 5182 4916 4439 5236 4606 5184 4891 5218 4793 4585 4816 5501 4882 4841 4854 5225 5157 4919 4698 4745 4900 4930 4879 5439 4978 5076 4691 4354 5187 5219 4770 4891 5129 4730 5308 5132 5460 5147 5337 5225 5085 5490 4904 5010 4935 4847 4870 4789 5069 4832 4434 5148 4973 4967 4872 5098 4903 4730 4995 4846 5066 5248 5169 4690 4794 4802 4829 4656 4758 5005 4673 4942 5179 5035 4863 5006 5168 4715 4867 4719 5064 5209 5198 5394 4869 5016 5154 5178 4543 5302 5098 4952 4855 4886 4975 5101 5110 5151 4565 5259 4870 4963 4942 4540 4857 5010 5301 4919 4944 5061 4802 5124 4922 4908 5066 4790 5053 5263 4782 5006 4981 4810 4542 4688 4782 4996 5397 4841 4829 5271 5399 4930 4932 4810 4692 4786 4866 4673 5103 5243 4750 5124 5089 
5521 5002 5304 4822 5389 5507 5426 5128 5506 4742 5242 4819 4838 4780 5351 5447 5258 5390 4955 5196 5079 5283 5184 5249 5193 5077 5144 4951 5347 4991 5489 4586 4837 4988 5314 5287 5429 5301 5306 4979 4948 4796 4971 5323 5102 5176 5085 5166 5497 5440 5378 5135 5164 5261 5176 5527 4854 5019 5037 5199 4792 5077 5038 5355 4925 5072 4736 5368 5193 5292 5142 5318 4912 5068 5141 5018 4951 4803 5256 5138 4696 5112 5125 5042 5064 4657 5831 4933 4974 5126 4989 5225 5198 5260 5315 5306 5202 4722 5311 5279 5165 5252 5048 4991 5159 5128 5519 5406 5204 4594 5736 4784 5350 5343 5135 4813 4871 5249 5573 5130 5071 5262 5479 5477 5163 5062 5133 4804 5144 5352 5434 5288 4854 4965 4592 5392 5538 5056 5318 5258 4862 5631 5360 5721 5582 5436 5074 5364 5709 5295 5459 5406 5161 5042 4798 5251 4843 4818 5240 5110 5301 5023 5010 5311 4703 4993 5081 5370 5005 5020 4894 4753 5055 5235 4914 5217 5003 4855 4978 5325 5213 5227 5176 5240 4983 5076 4845 5201 5328 5391 5620 5244 5407 5296 5063 5174 5299 5189 5109 5253 5144 5318 5108 5288 5215 5026 5547 4892 5142 5207 4702 4925 5219 5322 5325 5225 5166 5093 5286 5074 5015 5305 5202 4928 5543 5053 4959 5288 5038 4914 4837 4986 5344 5515 5108 5232 5175 5623 4909 5423 5368 4882 5212 5429 4574 5473 5414 4926 5263 5471 
5299 5123 5148 5006 5062 5307 5240 5044 5171 4653 4947 4912 4925 4814 5200 5070 4932 5275 5029 5249 5127 5036 4834 5360 4942 4993 4891 4885 5055 4978 5342 4795 4873 4965 5205 5193 4979 5139 5301 4990 5123 4968 4896 5059 5178 5108 4932 5012 5298 5415 5105 5106 5315 4649 5070 5443 4873 4902 5004 5367 4766 5377 4797 5326 4889 5080 4746 5177 5174 5107 5145 5012 4819 4909 5045 5001 5086 4914 5121 5102 4855 5160 5401 5217 4999 4766 5407 4910 4959 4732 4744 4788 4857 5083 4867 4889 5130 4888 5488 5037 5012 4858 4689 4920 4923 5068 5375 5044 5235 4632 5812 4612 5362 4937 5252 4957 4824 4920 5386 5191 5071 5060 5282 5136 5183 5019 5176 4909 5168 4950 5486 4887 4701 5004 4656 5289 5381 4779 5235 5131 4829 5567 5151 5732 5280 5315 5156 4988 5422 5106 5306 5040 4967 5204 4778 4966 4918 4661 5273 4737 5247 4788 5358 5128 4673 5234 5237 5332 4991 5042 4937 4436 5162 5026 4778 5124 5095 4635 5064 5018 5164 4970 5094 5232 4797 4861 4714 5300 5367 5244 5400 5229 5158 4943 5045 4919 5112 5030 4741 5218 5191 5093 5195 4917 4992 4916 5371 5211 5191 5165 4605 4833 5195 5130 5153 5076 5207 5209 5452 5089 4926 5193 5146 4739 5661 4528 5061 5321 4963 4581 4897 4928 5244 5561 4676 4879 5090 5296 5347 5326 4930 4830 5102 5147 4269 5365 5500 4891 5160 5397 
5400 5281 5338 5038 5105 5366 5205 4925 5295 4888 5120 5079 5162 4901 5332 5291 4894 5344 4931 5089 5127 5379 4902 5242 4945 5090 5077 5147 4917 5229 5400 4711 4937 5091 4961 5064 5331 5471 5126 4961 5174 5102 4901 5032 5203 5187 4895 5200 5216 5280 5257 4893 5351 5252 5224 5573 4788 4985 5431 5335 4792 5119 5030 5284 4638 5225 4844 5217 5200 5247 5038 5177 5077 4991 5058 5098 5345 5160 5124 5175 4831 5218 5323 5240 5208 4993 5697 5079 5072 5079 5094 4878 4881 5441 5040 5209 5311 4707 5258 5278 4990 5153 5110 5074 4956 5572 5342 5458 5302 4640 5736 4716 5306 5025 5537 4997 4730 5282 5881 4836 4858 5033 5177 5227 5236 5167 5100 5040 5157 5015 5592 4942 5127 4937 4786 5455 5489 5015 5095 5193 5043 5669 5053 5671 5173 5503 5295 5171 5735 5192 5373 5046 4914 4892 4878 5224 4756 4543 5010 4923 5454 5127 5162 5318 4825 5217 5497 5516 5045 5193 4884 4625 5228 5229 4904 5199 4968 4598 5223 5160 5204 5123 5031 5348 5026 4997 4893 5332 5383 5245 5401 5159 5362 5310 5217 4786 5162 5350 5131 5277 5249 5248 5169 5264 4914 4840 5694 5273 5318 5118 4644 5064 5176 5346 5177 4986 5204 5197 5579 5372 5298 5335 5241 5159 5563 4869 5165 5324 4840 4612 5116 4793 5441 5370 4907 4812 5084 5745 5467 5337 5057 4877 5429 5274 4732 5326 5390 5122 5090 5246 
5358 5244 5176 4975 5372 5577 5355 5048 5457 4991 5047 4914 4881 4828 5262 5231 5038 5165 4805 5206 5226 5339 5016 5322 5190 4945 4988 5015 5147 4955 5509 4837 4590 5008 5281 5340 5144 5278 5406 5084 5121 4957 5020 5037 5123 5153 5109 5158 5138 5442 5443 4876 5233 4964 4989 5700 5003 4860 5319 5454 4628 5228 4975 5489 4846 5241 4621 5380 5128 5167 5335 5291 5098 4935 5345 5024 5002 5047 5038 5214 4995 5405 5276 5213 5076 5165 5759 4986 5094 4825 5186 5016 4969 5400 5228 5294 5216 4679 5435 5050 5056 4802 5084 5061 4981 5314 5768 5363 5260 4898 5835 4786 5352 5407 5341 5258 4840 5254 5597 5259 5070 5250 5381 5330 4842 5017 4985 5022 5352 5232 5468 5112 4863 5102 4513 5427 5232 4761 5337 5162 4934 5682 5396 5853 5412 5376 5051 4929 5468 5218 5320 5435 5140 5206 4875 5458 4965 4834 5250 4914 5264 4757 5335 5462 4967 5073 4976 5291 4976 5223 4822 4830 5170 5167 5042 5159 4910 5073 5150 5321 5315 5146 5171 5285 5177 4923 5042 5696 5579 4967 5444 4770 5181 5555 5505 4949 5198 5069 4860 5230 4994 5622 4947 4688 5423 5150 5373 5092 5006 5200 4793 4912 5025 5579 5278 5188 5178 5314 5154 5185 4994 5238 5236 4689 5604 4829 4893 5413 5043 4811 4867 4946 5156 5815 5068 4908 5136 5302 5260 5463 5197 4957 5052 5403 4881 5598 5277 4763 5143 5179 
5574 5428 5589 5485 5441 5755 5662 5209 5768 5108 5664 5125 5021 5308 5626 5550 5503 5455 5101 5627 5454 5753 5305 5647 5328 5402 5220 5382 5479 5239 5679 5285 5305 5449 5680 5708 5424 5600 5687 5495 5598 5100 5261 5277 5601 5515 5340 5716 5808 5749 5865 5463 5626 5416 5255 5878 5481 5094 5434 5509 5155 5828 5489 5904 5427 5473 4941 5811 5258 5399 5430 5560 5285 5779 5523 5193 5834 5381 5443 5399 5175 5384 5554 5395 5671 5640 6165 5468 5213 5074 5485 5017 5207 5574 5569 5507 5918 5081 5516 5850 5098 5259 5653 5062 5371 5540 5818 5530 5436 5040 6058 5046 5738 5463 5684 5605 5263 5417 5982 5398 5625 5398 5830 5535 5447 5495 5250 5590 5551 5302 5909 5359 5479 5296 5024 5935 5596 5051 5465 5650 5414 6149 5408 5987 5609 5900 5612 5535 5972 5490 5297 5627 5394 5383 4921 5554 5135 5052 5622 5300 5619 5458 5566 5645 5081 5637 5414 5533 5271 5640 5073 5254 5449 5399 5190 5395 5406 5142 5434 5666 5516 5519 5609 5775 5087 5131 5480 5872 5590 5533 5880 5394 5397 5760 5740 5264 5494 5508 5511 5776 5347 5619 5408 5277 5649 5215 5751 5770 5499 5543 5176 5447 5546 6034 5743 5443 5442 5411 5348 5698 5267 5540 5475 5447 5889 5217 5491 5672 5363 4993 5317 5292 5421 5911 5508 5281 5660 6148 5843 5530 5499 5025 5509 5566 4895 5942 5656 5119 5609 5506 
5191 5256 5280 5082 5170 5255 5173 4791 5381 4604 5049 4695 4787 5010 5313 5097 4706 5315 5000 5262 5204 5383 4990 5376 4867 4705 5035 5033 5023 5244 5347 4805 4761 4966 4951 5310 5126 5036 5166 5050 4970 4951 5302 5241 4986 5028 4928 5176 5013 5128 5147 5005 5177 4897 4945 5626 4732 4806 5138 5477 4780 5254 5028 5043 4755 5050 4391 5457 4965 5042 5052 5093 5226 5238 5154 4940 5164 5094 4897 4938 4814 5117 5204 5133 5192 5184 5504 4860 4936 4991 5091 4766 4643 5210 4733 5245 5195 4975 5333 5346 4987 4767 4963 4830 5056 5019 5438 5330 4976 4695 5824 4809 5514 4976 5471 5077 4873 5204 5576 5007 5005 4924 5390 5049 4833 5071 5030 4918 5341 5178 5355 5254 4994 4740 4603 5372 5384 4681 5187 5187 4761 5833 5221 5364 5058 5321 5383 5318 5657 5152 5102 5078 4968 4907 4544 4942 4499 4943 5165 4614 5136 4807 5142 5050 4694 5357 5050 5032 5161 5008 4848 4511 5132 4807 4752 4956 5066 4803 5083 5171 5261 5093 5319 5180 4922 4839 4876 5229 5371 5161 5458 4959 5208 5335 5257 5043 5287 5212 4999 5073 5041 5091 5145 4960 4990 4892 5537 5169 4965 4901 4814 5181 5424 5436 5343 4957 5355 4941 5333 5290 5085 5453 5030 4955 5503 4818 4869 5200 5179 4569 4958 4807 5217 5309 4999 4969 5073 5781 5301 5149 5044 4742 5266 4949 4635 5290 5187 4753 5059 4888 
5421 5551 5605 5187 5463 5835 5424 5170 5467 4844 5440 5053 5166 4988 5465 5558 5102 5406 5189 5300 5415 5632 5439 5458 5193 5289 5528 5496 5261 5407 5506 5139 5169 5355 5420 5260 5564 5413 5414 5267 5390 5058 5342 5490 5352 5346 5220 5528 5314 5440 5502 5173 5685 5394 5294 6005 4962 5048 5135 5518 5112 5566 5192 5652 5131 5377 4805 5500 5340 5456 5510 5513 5240 5293 5627 5003 5210 5154 5105 5442 5080 5317 5402 5449 5461 5295 5986 5204 5136 5277 5444 4988 5230 5510 5392 5352 5581 4840 5560 5620 5380 5265 5105 5122 5394 5265 5790 5475 5232 4745 6044 4853 5679 5413 5709 5286 5088 5443 6011 4874 5493 5301 5590 5660 5286 5225 5022 5326 5298 5227 5480 5249 5235 5431 4812 5609 5848 4994 5423 5512 5171 5622 5655 6000 5238 5776 5688 5345 5878 5409 5549 5282 5340 5129 4779 5292 5054 5032 5671 5071 5561 5582 5534 5444 4825 5395 5351 5750 5209 5478 4975 4891 5351 5225 4795 5554 5103 5149 5420 5688 5436 5424 5534 5723 4988 5231 5121 5499 5698 5558 5760 5232 5636 5718 5807 5249 5639 5673 5214 5408 5251 5375 5490 5253 5462 5426 5878 5412 5465 5645 4968 5226 5531 5562 5503 5404 5502 5260 5450 5542 5388 5361 5310 5153 5837 5118 5116 5465 5248 5143 5183 5266 5675 5654 5495 5126 5337 6017 5612 5336 5370 5138 5449 5399 4824 5672 5647 5049 5361 5441 
5442 5466 5449 5013 5215 5651 5435 4906 5512 4889 5743 4996 4990 5191 5450 5498 5329 5525 5155 5485 5387 5253 5145 5373 5251 5255 5309 5221 5165 5251 5583 4839 5329 5059 5419 5375 5330 5400 5559 5161 5294 5197 5319 5275 5128 5270 5281 5508 5446 5459 5363 5246 5520 5296 5371 5714 5112 5149 5399 5166 5068 5443 5211 5494 4902 5467 4948 5550 5305 5542 5232 5277 5153 5095 5567 5106 5448 5018 5294 5140 4705 5293 5487 5478 5248 5211 5903 5002 5021 5028 5359 5161 5124 5469 5198 5228 5506 4663 5298 5454 5001 5153 5133 4911 5117 5491 5571 5403 5349 4791 5670 4858 5515 5310 5689 5022 4993 5144 5752 5264 5333 5321 5488 5622 5417 5139 5004 4963 5738 5335 5604 5276 5173 5054 4743 5662 5399 4949 5477 5491 4928 5919 5485 5975 5324 5570 5102 5378 5777 5202 5340 5346 5348 5271 5052 5337 4938 4716 5396 5060 5370 5020 5405 5583 5005 5325 5346 5448 5083 5291 5200 4895 5056 5448 5129 5229 5040 4855 5134 5579 5306 5413 5089 5379 5025 5152 5233 5483 5459 5189 5374 5345 5443 5470 5611 5297 5543 5185 5262 5284 5124 5165 5227 5107 5293 4988 5877 5242 5223 5254 4756 5062 5131 5595 5327 5036 5317 5400 5434 5525 5200 5332 5334 5080 5517 4918 5159 5224 5074 5165 5171 5143 5446 5788 5034 5239 5419 5639 5243 5527 5428 5321 5379 5580 4921 5612 5585 4981 5220 5227 
4889 5055 5112 4593 4559 5045 4909 4587 4826 4546 4916 4405 4518 4652 5157 5134 4729 5043 4763 4899 4745 4825 4700 5137 4694 4669 4736 4822 4897 4900 4848 4540 4564 5011 4739 4910 4879 4918 5013 4897 4980 4736 4680 4658 4669 4990 4841 5145 4908 5303 5105 4720 5038 4497 4647 5248 4550 4496 5148 4913 4543 4889 4751 5072 4596 4763 4407 5106 4949 4835 4933 4872 4776 4900 4888 4909 4980 4857 4734 4918 4337 4938 5117 5272 4666 4981 5259 4833 4834 4387 4841 4859 4578 5114 4611 4849 4921 4367 5012 4874 4606 4910 4686 4761 4765 4720 5294 4930 4864 4462 5476 4526 4691 4831 4993 4804 4520 4851 5176 4876 4746 4994 5028 4934 4834 4961 4840 5011 4938 4586 5200 4789 4740 4567 4472 5265 5124 4472 4899 4687 4892 5482 5051 5221 4764 5165 4843 5063 5169 4847 5122 4904 4863 4549 4414 4879 4563 4295 5037 4591 5150 4682 4861 5021 4545 5123 4964 4953 4849 4834 4658 4360 4781 4766 4673 4611 4704 4584 4789 5029 5019 4673 5280 4989 4781 4629 4833 5252 4978 4815 5104 5124 4863 5007 4903 4537 5132 4973 4896 4582 4999 4960 5166 5038 4816 4532 5329 4844 4607 4968 4544 4578 4888 5013 5065 4624 4813 4933 4844 4830 4835 5021 4776 5007 5236 4572 4654 5025 4680 4435 4784 4620 4816 5237 4913 4738 5003 5228 4955 4966 4752 4660 4966 5133 4566 4906 5162 4613 4906 4855 
5622 5567 5670 5425 5889 5776 5897 5509 5523 5167 5693 5125 5490 5399 5721 5647 5341 5569 5257 5850 5470 5819 5588 5538 5421 5513 5392 5461 5391 5593 5630 5475 5447 5529 5824 5656 5534 5720 5575 5485 5587 5201 5554 5533 5634 5496 5487 5701 5759 5520 5716 5563 5656 5338 5491 6134 5370 5158 5306 5698 5058 5638 5197 5969 5244 5368 5153 5940 5440 5555 5662 5408 5315 5716 5725 5632 5387 5677 5415 5525 5267 5609 5666 5521 5491 5619 6239 5546 5505 5317 5360 5168 5373 5750 5280 5540 5685 5264 5779 5633 5357 5582 5343 5170 5382 5531 5943 5711 5424 5241 6026 4945 5806 5482 5674 5306 5382 5272 5959 5610 5465 5499 5692 5821 5346 5509 5281 5534 5591 5280 5977 5519 5619 5366 5064 5707 5785 5476 5430 5655 5455 6189 5507 6313 5891 5620 5691 5630 5988 5631 5684 5400 5480 5480 5142 5454 5254 5209 5732 5207 5799 5400 5664 5738 5120 5701 5525 5544 5581 5634 5548 5315 5591 5508 5413 5635 5435 5222 5529 5695 5547 5521 5669 5634 5313 5484 5394 5917 5819 5595 5705 5193 5567 5743 5881 5385 5695 5435 5521 5623 5496 5539 5620 5707 5482 5393 6008 5290 5842 5620 5417 5439 5556 5873 5530 5441 5570 5426 5646 5528 5401 5553 5364 5341 6241 5207 5347 5758 5383 5172 5518 5239 5697 5977 5540 5455 5834 6007 5842 5775 5271 5184 5431 5731 4996 5710 5540 5235 5581 5519 
4957 5264 4866 4953 5033 4887 5376 4915 5009 4607 5106 4634 4874 4852 5537 5050 4793 5306 4945 5091 4985 5271 4938 5164 5091 5099 4940 4958 4971 5082 5298 4914 4856 4850 5054 5060 4865 5185 5079 4971 4946 4937 4950 4915 5152 4935 5132 5055 4805 5320 4961 4990 4976 4862 4961 5293 4575 4858 4978 5173 4522 4832 5041 5219 4577 5070 4582 5237 4918 5470 4850 4901 4861 4916 5076 4760 5347 4829 4640 4976 4712 5044 5037 5077 4770 5014 5404 4790 4665 4906 5058 4839 4532 5329 4755 4847 5167 4782 5054 5072 4927 5185 4743 5004 4907 4897 5226 5311 5054 4689 5417 4456 5327 5015 5295 4973 4778 5133 5380 5098 4804 4994 5220 5400 4848 4857 5028 4698 4959 4895 5436 5142 4648 4703 4434 5210 5186 4857 5083 5283 4986 5283 4990 5647 4979 5161 5261 4958 5511 5045 5104 5000 4832 5065 4820 4987 4962 4645 5197 4900 5286 4808 5310 5131 4446 5034 4898 5216 4982 5141 4919 4571 5044 4821 4652 5099 4988 4390 4973 5106 5230 4999 4882 5015 4871 4850 4575 5251 5002 4910 5277 4960 5024 5213 5671 4936 4964 5265 5114 5152 4914 5070 4829 4854 4970 4793 5601 4873 5127 5016 4587 4689 4902 5215 5201 5020 5088 5106 5277 4834 4515 5252 5061 4765 5597 4830 4733 5230 4747 4689 4879 4933 5327 5401 4760 4983 5151 5680 5067 5262 4914 4802 4998 5314 4460 5400 5288 4622 4923 5023 
5402 5339 5449 5389 5372 5505 5358 5177 5517 4957 5420 4976 5204 5196 5592 5637 5167 5181 5244 5189 5419 5308 5390 5428 5340 5320 5182 5105 5125 5506 5453 4878 5077 5215 5179 5213 5240 5160 5414 5238 5046 4952 5267 5204 5073 5302 5077 5200 5233 5599 5532 5049 5502 5269 5084 5843 4913 5007 5230 5429 4879 5411 5363 5568 4970 5131 4621 5320 5011 5445 5269 5493 5174 5139 5409 5172 5419 5395 5062 5216 4824 5229 5258 5265 5101 5155 5666 5275 5300 5045 5369 5141 5245 5413 5004 5249 5184 4794 5464 5559 5270 5175 5320 5220 5065 5223 5991 5203 5105 5067 5821 4760 5574 5593 5464 5262 4745 5296 5675 5271 5196 5330 5716 5314 5387 5317 5173 5098 5550 5323 5517 5373 5137 5126 4781 5459 5511 5000 5361 5251 5064 5495 5463 6000 5703 5486 5475 5214 5688 5397 5744 4977 5359 4838 5061 5281 5121 4907 5471 5207 5502 5165 5580 5456 4642 5139 5098 5383 5203 5622 4881 4976 5016 5306 5213 5204 5285 4923 5360 5322 5501 5492 5324 5515 5098 5415 5065 5357 5532 5355 5573 5185 5262 5710 5635 5088 5518 5776 5398 5485 5149 5087 5461 5229 5233 5191 5881 5166 5100 5130 4891 5101 5060 5825 5559 5095 5231 5206 5261 5364 5139 5229 4975 5065 5702 5156 5256 5261 5241 5021 5229 4808 5624 5635 5292 5153 5501 5958 5475 5465 5201 4944 5397 5481 5011 5546 5689 5046 5443 5410 
5366 5205 5259 5003 5508 5514 5240 5243 5548 4654 5142 4924 4863 5103 5357 5316 5045 5365 5188 5362 4835 5140 5302 4957 5241 5230 5377 5218 5158 5238 5352 4876 5179 5091 5394 5431 5400 5024 5236 5294 5112 4948 5325 5144 5277 5351 4994 5442 5286 5284 5351 5323 5233 4973 4934 6082 5011 5045 4802 5183 4736 5377 5156 5550 4987 5030 4643 5423 4985 5542 5337 5367 5105 5088 5430 4954 5294 5185 4840 4979 4874 5143 5303 5447 5027 5173 5898 5175 5029 5059 5291 4910 5095 5352 5227 5403 5216 4639 5307 5292 5012 5301 5179 5019 5103 5113 5774 5428 5154 4866 5770 4616 5485 5172 5651 5042 4810 5130 5586 5006 5066 5231 5430 5376 5404 5058 5097 5300 5251 5072 5578 5174 4960 5160 4641 5456 5544 5026 5511 5286 4949 5442 5359 5523 5431 5754 5302 5252 5746 5178 5166 5219 5082 4938 4681 5292 4892 4598 5365 4946 5214 5142 5364 5598 4609 5040 4965 5496 4912 5127 4972 4913 5282 5295 4831 5225 4804 4774 5169 5285 5458 5296 5180 5378 5056 5225 5205 5324 5175 4971 5608 4990 5289 5459 5364 4998 5188 5573 5067 5217 5226 5283 5202 5097 5266 4934 5669 5061 5051 5277 4583 4973 5328 5709 5270 5255 5234 4992 5141 5026 5260 5471 5320 5152 5494 5234 5225 5386 5106 5123 5039 4893 5263 5434 5243 5112 5318 5610 5220 5495 5368 4874 5194 5422 4903 5543 5410 5049 5360 5186 
4881 4751 5204 4598 4808 5159 5058 4726 4983 4456 4975 4654 4633 4549 4984 5130 4745 4662 4705 4800 4912 4917 5055 4857 4620 4873 4832 4673 4604 4785 4907 4625 4751 4655 4909 4877 4768 5094 4902 4702 4756 4552 4731 5133 4618 4909 4781 4575 4743 4931 5002 4689 4805 4793 4906 5090 4595 4713 4820 5017 4595 5048 4892 4916 4565 4627 4298 5054 4870 4994 4581 5022 4910 4968 4982 4785 4751 4843 4809 4925 4688 4841 4778 5039 4696 4621 5162 4633 4863 4622 4874 4792 4605 5004 4484 4650 4757 4476 5102 4947 4636 4659 4692 4474 4575 4651 5387 4939 4725 4465 5414 4370 4881 4832 5094 4713 4594 4799 5112 4664 4662 4794 5171 4933 4957 4673 4781 4625 4808 4893 5295 4755 4792 4637 4231 5250 5061 4471 4936 4897 4724 5232 5125 5582 4958 5079 4980 4707 5218 4685 5093 4835 4977 4533 4653 5012 4595 4338 4895 4778 5206 4516 4913 5063 4296 5226 5003 4894 4580 4959 4489 4308 4706 4968 4729 4852 4695 4524 4814 4977 4854 4924 4841 4998 4524 4780 4708 4907 5020 5028 5292 4824 4704 5104 4967 4593 5170 4968 4552 4904 4682 4678 4846 4716 4867 4589 5149 4707 4646 4815 4591 4899 4443 5316 4758 4707 4670 4744 5161 5004 4508 4766 4869 4539 5084 4572 4589 4805 4653 4623 4681 4572 5190 5096 4568 4561 5259 5304 5185 5193 4818 4496 4683 4818 4387 5074 5019 4743 4745 4686 
5700 5165 5231 5029 5331 5609 5580 5085 5651 4853 5423 5026 5226 5116 5518 5491 5173 5262 4886 5161 5278 5280 5113 5344 5164 5042 5069 5001 5154 5248 5336 5192 5092 5040 5291 5214 5155 5622 5417 5181 4965 4910 5411 5015 5118 5195 5128 5371 5348 5461 5292 4894 5230 5233 5001 5610 4836 4793 5114 5290 4581 5182 5109 5541 5060 5011 4704 5393 5081 5456 5235 5367 5226 5123 5216 5045 5005 5009 5104 5332 4786 5147 5116 5241 5170 5194 5954 5087 5048 5117 5131 4922 5043 5436 4977 5103 5046 4660 5362 4943 4998 4927 5138 4979 4694 5255 5442 5239 5325 4654 5760 4655 5513 5260 5341 5002 5006 5229 5654 5284 4983 5170 5513 5435 5182 5056 4935 5189 5204 5041 5471 5007 5078 5006 4548 5324 5210 4752 5040 5355 5038 5664 5389 5881 5428 5594 5386 5030 5764 5396 5130 5152 5297 4988 4882 5412 4910 4817 5243 5091 5488 4893 5540 5265 4892 5333 5145 5326 5003 5325 4883 4961 4857 5242 5003 5030 4906 4891 5213 5303 5559 5076 5092 5305 5020 4937 5084 5353 5350 5175 5737 5221 5459 5469 5469 5002 5520 5345 5085 5128 5254 5239 5140 5027 5149 5022 5536 5241 4944 5360 4842 5174 5231 5341 5504 5257 5260 5225 5427 4960 4902 5392 4926 4994 5291 5053 5204 5335 4914 4780 5132 4942 5379 5495 5149 5077 5353 5691 5371 5506 5211 4883 5291 5203 4580 5525 5538 4956 5170 5304 
5633 5504 5607 5137 5291 5930 5634 5424 5617 5131 5184 5153 5188 5020 5531 5352 5306 5390 5293 5272 5272 5146 5347 5522 5299 5312 5337 4862 5306 5483 5823 4925 5207 5293 5483 5442 5346 5397 5322 5438 5391 5098 5352 5261 5567 5424 5348 5402 5326 5610 5809 5270 5673 5108 5341 5863 4930 5237 5570 5465 5153 5446 5286 5687 4833 5268 4882 5769 5552 5618 5482 5460 5438 5233 5517 5287 5537 5287 5381 5074 4903 5045 5219 5646 5358 5120 5827 5164 5230 4846 5408 5455 5319 5684 5108 5491 5311 4966 5451 5270 5316 5331 5217 5213 5273 5408 5989 5494 5219 4900 6039 5096 5401 5322 5678 5363 5106 5218 5633 5304 5302 5260 5729 5420 5427 5303 5389 5294 5537 5549 5529 5459 4906 5257 4911 5699 5844 5071 5581 5496 5061 5913 5502 5719 5555 5583 5376 5561 5761 5512 5507 5513 5341 5081 5010 5342 5186 4876 5616 5175 5312 5204 5946 5419 4830 5353 5464 5737 5178 5472 5117 4755 5236 5328 5101 5348 5080 4862 5359 5431 5584 5383 5552 5612 5250 5103 5336 5360 5637 5133 5822 5403 5566 5621 5304 5079 5738 5425 5222 5313 5498 5417 5400 5443 5396 5033 5746 5302 5170 5499 4859 5238 5535 5989 5614 5490 5466 5467 5394 5584 5388 5412 5329 5249 5792 5153 5334 5343 5305 5173 4899 5148 5763 5783 5271 5096 5531 6090 5339 5631 5396 5069 5480 5476 4889 5522 5898 5111 5378 5381 
4961 5077 5388 4896 5210 5339 5456 5083 5098 4757 5142 5010 4975 4790 5319 5172 5038 5303 4771 5053 4823 5161 4913 5058 4869 4758 4865 5106 5145 5191 5272 4829 4855 5229 5017 5429 5188 5091 5066 5037 4925 4703 5043 4823 5080 5173 4673 4943 4970 5118 5353 4956 5319 4967 5220 5442 4580 4896 4883 5034 4626 5230 4559 5188 4786 4800 4526 5330 4946 4970 4966 5169 4939 5269 4919 4866 5150 5214 4872 5024 4597 5046 5137 5164 4735 4926 5776 5182 4979 4867 5285 4667 4894 5060 5052 4901 5046 4685 5216 5295 4651 4694 4973 4611 5059 5106 5558 5296 5129 4786 5570 4753 4969 5237 5407 5069 4825 4942 5409 5136 5033 5064 5291 4984 5196 4854 4959 4854 5219 4917 5391 5116 4973 4762 4634 5450 5301 4710 4949 5199 4683 5514 5251 5570 5318 5234 5098 5077 5367 4985 5339 5068 5006 4827 4675 5008 4906 4757 5211 4851 5260 4973 5180 5191 4695 5116 5030 5124 5023 5042 4902 4724 5189 5193 4857 4963 4560 4710 5436 5091 5086 4712 5114 5237 4982 4962 4757 5104 5396 5126 5408 4942 5216 5099 5100 4698 5314 5178 5121 5096 5005 5196 4853 5308 5155 4804 5093 5052 5010 4974 4640 5061 4868 5544 5100 5089 4850 4911 5122 5276 4945 4970 4868 4846 5434 4903 5078 5332 4964 4595 4873 5054 5418 5373 4990 5011 5344 5418 5260 5197 4925 4667 5011 5179 4729 5201 5176 5109 5313 4881 
5447 5082 5328 4868 5361 5478 5441 5141 5397 5105 4948 4864 5244 5096 5327 5436 5133 5218 5056 5388 5273 5358 5043 5211 4934 5050 5138 5137 5142 5218 5453 4778 4971 5263 5328 5201 5270 5276 5284 5052 5073 4715 5003 5165 5169 5146 4995 5186 5285 5273 5352 5048 5306 5205 5282 5650 4952 4964 5098 5172 4861 5258 5113 5436 4874 4920 4396 5477 5040 5236 5222 5102 5150 5313 5125 4984 4996 5192 5139 5338 4526 5258 5166 5376 5080 5198 5745 5136 5070 4794 5199 4962 5048 5241 5255 5172 5033 4627 5286 5412 5058 4798 4970 4797 5102 5273 5756 5184 5166 4894 5730 4673 5491 5319 5734 4943 5113 5293 5528 5060 5237 5159 5491 5344 5043 5212 5128 5219 5336 5013 5507 5047 5077 5180 4942 5400 5262 4619 5026 5168 4808 5664 5349 5694 5324 5508 5377 5285 5485 5405 5452 5337 5043 5255 4618 5081 4837 4766 5288 4887 5395 5073 5443 5321 5039 5357 5189 5169 5073 5214 4843 4487 5275 4968 4855 5275 4828 4907 5476 5334 5361 5220 5151 5176 4966 5312 5071 5257 5418 5310 5645 5234 5431 5524 5436 5044 5344 5373 5086 5382 5283 5215 5468 5260 5268 5130 5517 5108 5152 5257 4647 5141 5032 5435 5392 4878 5200 5366 5023 5368 4847 5166 4992 4890 5526 4858 5124 5260 5089 4543 5284 4960 5533 5305 5252 4957 5191 5647 5491 5423 5312 4831 5266 5234 4755 5236 5408 4970 5151 5271 
5333 5322 5351 5278 5228 5686 5478 4877 5506 4885 5092 4773 4755 5158 5743 5186 5078 5235 4982 5173 5042 5296 4953 5239 5042 5014 5096 5176 5417 5040 5172 5123 5027 5125 5311 5394 5228 5412 5276 5117 5087 5052 5188 5247 5289 5391 4951 5171 5273 5716 5364 5003 5477 5177 5019 5364 4812 4802 5214 5612 5166 5237 4831 5623 4739 4994 4602 5431 4934 5196 5153 5331 5111 5246 5261 5266 5186 5222 5253 4848 4712 5077 5467 5261 5366 5142 5797 5308 5108 5113 5313 4921 4958 5189 5010 5405 5380 5006 5353 5186 4895 5053 5136 4957 5126 5257 5373 5356 5249 4788 5638 4643 5555 5133 5365 5017 5061 5210 5391 5336 4942 5264 5384 5267 5399 5195 5164 4949 5356 4972 5640 5286 5024 4903 4665 5259 5382 4871 5151 5305 4871 5738 5246 5443 5444 5490 5172 5190 5742 5309 5406 5056 5129 5213 5079 5345 5126 4674 5223 4745 5171 5045 5375 5312 4653 5297 5295 5034 5214 5142 5046 4985 5212 5218 5149 5257 5240 4938 5110 5145 5312 5058 5165 5198 4908 5201 5045 5375 5154 5288 5644 4881 5464 5520 5114 5082 5688 5178 5032 5459 5080 5307 5154 5303 5159 4937 5842 5261 5120 5104 4741 4995 5268 5376 5329 5340 5280 5110 5329 5244 4790 5458 4865 4880 5621 4909 5052 5422 4991 4584 5124 4782 5467 5650 4933 5018 5519 5687 5328 5360 5005 4915 5168 5144 4530 5428 5368 5008 5191 5101 
5022 5008 5311 4678 5036 5255 5323 4865 5116 4578 4970 4606 4843 4885 5191 4901 4929 4769 4740 5043 4849 5085 4901 5294 4931 4788 4930 4938 4881 4945 5192 4545 4801 4875 5120 4941 5043 5028 4781 4888 4813 4587 4842 4887 4752 4948 5070 4822 4943 5006 5137 4639 5110 4857 5014 5328 4522 4668 4921 5274 4600 5027 4948 5204 4737 4994 4712 5276 4841 5036 4708 5101 4669 4812 4902 4858 5075 4715 4947 4850 4578 4948 5068 4938 4891 4719 5559 4943 5073 4953 4756 4627 4884 4902 4817 4949 5062 4504 5170 4935 4948 4892 4924 4718 4867 4802 5206 5064 5053 4540 5644 4280 5374 5002 5236 4798 4570 5048 5209 5059 4904 4950 5015 5086 5043 4986 4954 4468 5092 4750 5371 5158 4937 4660 4648 5174 5165 4806 5261 4999 4725 5291 5226 5697 5011 5035 5222 4839 5694 4952 5132 5019 4868 4701 4402 4918 4712 4492 4898 4711 5141 4891 5228 5238 4529 4818 4807 5083 4802 4902 4774 4560 5041 4980 4677 4842 4816 4688 4812 4939 4968 4794 5053 5042 4685 4688 4647 5215 5285 4848 5280 4810 4960 5066 5356 4847 4948 5183 5063 4980 4965 4837 5023 5012 4953 4912 5335 5004 4884 5081 4514 4979 4838 5297 5019 4843 4968 5024 5080 5144 4939 5129 4981 4589 5202 4823 4830 4987 4786 4573 4626 4963 5136 5366 4786 4924 5030 5499 5204 5115 4771 4733 4899 4986 4338 5131 5287 4868 5056 5099 
5225 5397 5255 4914 5392 5749 5417 5110 5418 4886 5470 4891 5197 5159 5559 5230 5147 5473 5111 5451 5243 5423 5284 5432 5275 5338 5094 5410 5196 5397 5554 4964 5038 5197 5398 5242 5266 5356 5287 5339 5357 4836 5199 5262 5203 5226 4858 5198 5505 5419 5555 5223 5502 5197 5259 5641 5102 5131 5184 5323 4980 5281 5135 5739 5035 5159 4953 5767 5195 5234 5278 5320 5270 5250 5289 5058 5462 5118 5109 5067 5042 5254 5298 5260 5124 5176 5892 5184 5036 4972 5035 5054 5043 5395 5187 5319 5187 4860 5363 5403 5301 5321 5065 4916 5329 5168 5677 5387 5129 4916 5661 4692 5391 4977 5558 5110 5284 5131 5441 5223 5271 5331 5511 5600 5415 5151 4914 5257 5352 5187 5469 5267 5097 4919 4710 5583 5906 4939 5453 5373 4965 5926 5532 5869 5326 5378 5442 5478 5590 5369 5114 5234 5151 5274 4942 5071 5128 5072 5561 5110 5507 5221 5460 5679 4890 5093 5063 5414 5138 5244 4956 5004 5106 5197 4927 5418 5125 4901 5138 5452 5505 5305 5422 5113 5308 5211 5049 5717 5337 5369 5732 5173 5280 5466 5569 5035 5507 5316 5219 5375 5063 5257 5255 5286 5386 5132 5649 5182 5376 5205 4973 5309 5176 5674 5567 5411 5250 5424 5497 5553 5010 5416 5223 5023 5554 5074 5085 5327 5053 5199 5128 4943 5664 5703 4833 5212 5516 5600 5330 5407 5371 5257 5445 5457 4881 5643 5784 4913 5150 5490 
5505 5389 5419 5019 5388 5355 5304 5449 5538 4938 5102 5030 5118 5305 5414 5400 5017 5227 5112 5295 5219 5516 5069 5275 5207 5216 5395 5336 5555 5217 5447 5124 5249 5583 5544 5424 5526 5697 5629 5316 5310 5053 5268 5385 5276 5413 5330 5280 5454 5367 5672 5040 5401 5360 4951 5697 5108 5016 5405 5507 5025 5496 5123 5339 4705 5074 4857 5577 5110 5220 5408 5380 5235 5465 5386 5120 5393 5161 5145 5046 4929 5377 5259 5486 5177 5143 6019 5123 5034 5448 5283 5014 5158 5194 5154 5510 5392 4821 5685 5362 5005 5410 5100 5072 5350 5448 5520 5441 5300 5004 6011 4851 5636 5224 5584 4982 4957 5354 5714 5441 5338 5236 5558 5501 5381 5170 5292 5102 5488 5186 5222 5487 5104 5078 4777 5493 5461 5070 5459 5396 5079 5607 5378 5929 5496 5543 5441 5244 5550 5308 5046 5263 5165 5101 4755 5449 5126 4744 5617 4824 5486 5159 5515 5678 4898 5093 5169 5305 5235 5358 5038 4489 5342 5340 4830 5307 5047 4923 5212 5393 5181 5236 5268 5528 5056 5315 5029 5738 5537 5239 5540 5170 5679 5726 5446 4952 5477 5369 5052 5259 5192 5574 5216 5336 5299 4951 5534 5414 5432 5173 5122 5070 5427 5498 5357 5296 5287 5123 5392 5248 5012 5455 5288 5138 5641 5060 4956 5697 5328 4896 5119 5162 5406 5437 5206 5112 5436 5632 5435 5525 5131 4977 5236 5298 4815 5444 5307 5098 5344 5350 
5302 5111 5244 4949 5007 5511 5228 4961 5115 4537 5085 4745 5110 4853 5128 5151 4881 5387 4963 4795 5352 4918 4790 5398 4988 4930 5089 4912 5115 5167 5257 4374 4895 4906 5078 5146 5128 5086 5065 5092 5029 4956 5091 4784 5034 5101 4937 5153 5055 5443 5004 4852 5332 5112 5068 5227 4500 4945 5005 5363 4566 5087 4952 5150 4787 4985 4654 5407 5275 5245 5167 5044 4937 5059 5032 4943 5205 4806 4978 4948 4827 5095 5338 5068 5095 4950 5737 4965 5057 4864 4868 4882 4891 5105 4956 5262 4900 4607 5168 5030 5018 4830 4671 4888 4950 5096 5348 5106 5200 4584 5769 4891 5389 4915 5210 5141 4737 5092 5548 4806 5029 5029 5125 5409 4905 4980 4852 4739 5261 4996 5406 5211 4647 4701 4534 5319 5290 4755 5043 5263 4806 5299 4996 5560 5088 5444 5200 5049 5672 5473 5021 5181 4814 5010 4702 5022 4692 4912 5036 4784 5142 5036 5532 5200 4650 5086 5076 5277 4885 5140 4655 4843 4992 5209 4667 5081 4816 4760 5265 5296 5411 4958 5272 5303 5180 4722 4883 5263 5428 5292 5391 5009 5162 5186 5010 4977 5107 5152 5024 5024 4957 5253 5256 5130 5039 4743 5313 4967 4728 4873 4587 4916 4993 5293 5117 5159 5033 5332 5281 5192 4949 5104 4918 5097 5320 4789 4923 5007 4748 4770 4954 4972 5094 5181 5189 5024 5236 5668 5191 5277 5111 4663 5280 5171 4543 5387 5557 4748 5138 4859 
5422 5190 5608 5271 5475 5659 5777 5412 5600 5127 5260 5117 5607 5445 5476 5440 5212 5436 5208 5323 5394 5211 5218 5366 5238 5352 5279 5434 5267 5546 5494 5123 5250 5518 5565 5327 5510 5681 5420 5158 5292 5169 4913 5326 5521 5493 5280 5427 5460 5518 5943 5416 5751 5333 5400 5782 4934 5070 5310 5343 4938 5264 5377 5616 4849 5557 4843 5775 5291 5379 5308 5210 5197 5357 5295 5074 5236 5406 5280 5418 5211 5286 5520 5548 5378 5245 5956 5274 5221 5172 5225 5368 5250 5621 5351 5333 5532 5036 5470 5518 5346 5297 5129 5174 5199 5452 5677 5348 5262 5127 5737 4967 5606 5396 5571 5226 5129 5206 5824 5451 5182 5365 5469 5477 5764 5174 5087 5167 5468 5254 5653 5279 5213 5177 4947 5440 5668 5086 5294 5636 4964 5928 5738 6084 5513 5729 5472 5420 5712 5068 5405 5422 5397 5101 4993 5608 5142 5103 5575 4997 5772 5223 5695 5571 4809 5359 5469 5441 5179 5454 5241 4894 5078 5172 5252 5335 5233 5019 5591 5558 5530 5375 5649 5628 5411 5350 5060 5707 5573 5418 5794 5290 5759 5723 5646 5108 5600 5424 5372 5554 5556 5626 5652 5344 5220 5055 5562 5127 5336 5547 5116 5332 5053 5488 5321 5398 5272 5254 5397 5719 5163 5387 5164 5110 5554 5108 5307 5485 4991 5023 5292 5147 5778 5756 5519 5112 5635 6096 5589 5929 5353 5228 5673 5541 4857 5660 5607 5305 5489 5464 
5187 5091 5318 5156 5386 5425 5372 5087 5207 4539 5462 4811 4969 4861 5369 5520 5299 5449 4951 5422 5268 5182 5131 5485 5319 4834 4985 5018 5368 5143 5504 4887 5119 5018 5259 5184 5202 5129 5241 5079 5475 4902 5002 5088 5108 5215 5130 5251 5036 5472 5272 5234 5317 4987 5081 5626 4813 4900 5030 5194 4816 5392 5142 5413 4955 5282 4840 5362 5370 5286 5159 5251 5237 5002 5493 4907 5413 4997 5127 5273 4681 5160 5168 5110 4956 5242 5673 5003 4865 5076 5032 5159 4889 5452 5059 5268 5142 4845 5423 5309 5011 4988 4908 4819 4807 5333 5532 5342 5328 4542 5646 4828 5185 5483 5456 5096 5089 5076 5494 5193 5040 5206 5365 5274 5379 4989 5100 5089 5378 5178 5460 5167 4947 4803 4351 5461 5503 4593 5089 5417 5092 5747 5347 5595 5482 5717 5150 5144 5593 5193 5500 5348 5163 5263 4553 5342 5069 4503 5453 4833 5438 4872 5203 5382 4842 5210 5010 5415 4776 5160 5381 4751 5028 5198 4644 5146 5012 4932 5146 5146 5275 5138 5156 5280 4878 5161 5073 5270 5355 5150 5690 5147 5314 5342 5369 4980 5508 5268 4992 5352 5008 5289 5253 4980 5329 4849 5681 5216 4978 5318 4709 5083 5056 5437 5473 5230 5425 5116 5146 5009 4804 5444 5364 5172 5426 4712 4856 5137 4793 4881 5114 4886 5074 5442 4946 4714 5327 5708 5428 5495 5218 4788 5244 5562 4852 5447 5212 4949 5117 5064 
5229 5330 5398 5091 5098 5441 5516 4893 4995 4716 5030 4668 4946 4800 5232 4999 4977 5043 4798 5144 5046 5396 4972 4956 5054 5095 4734 4960 4849 5073 5306 5062 4876 5041 5247 5089 5089 5105 5281 4936 5145 4804 4921 5167 5161 5047 4934 4980 4989 5366 5178 4949 5308 5042 4986 5482 4817 4614 4972 5524 4610 5038 4946 5259 4634 4897 4675 5402 4972 5080 4896 5149 4841 5001 5324 4945 5203 5040 5043 4976 4522 4918 5135 5141 4932 5163 5579 5265 5003 4751 5073 4760 4843 5059 4941 5080 5384 4569 5428 5278 4796 4913 4958 4562 5027 5214 5587 5322 5098 4504 5753 4407 5255 4953 5231 4956 4713 5002 5529 5013 5268 5175 5406 4962 5034 5039 5185 5083 5309 4917 5411 4985 5063 4953 4621 5252 5318 4754 5137 5148 4682 5687 5451 5536 5220 5239 5485 5205 5376 5060 5361 5206 5022 4979 4705 5090 4903 4746 5021 4876 5342 4814 5360 5059 4635 4963 5161 5226 5194 5126 4824 4845 5090 4723 4897 5410 4822 4612 5235 5130 5261 5064 5375 5293 4768 4930 5098 5260 5405 5181 5470 4878 5350 5290 5213 4801 5355 5193 5206 5205 5029 5031 5118 5248 5065 4932 5482 4951 5156 5212 4845 4701 5162 5174 5069 5260 5188 5004 5236 5395 4958 4955 5104 4965 5534 4674 5041 5024 4868 4663 4991 4832 5239 5521 5121 5049 5262 5645 5358 5360 4786 4696 5209 5326 4509 5344 5431 5047 5122 4991 
5288 5212 5164 5026 5113 5387 5310 4817 5018 4581 5137 4900 4611 4866 5547 5173 4786 4907 4862 4863 4850 5187 4829 5372 5001 4962 5028 4829 5265 5097 5113 5243 4884 5130 5258 4964 5124 5029 5328 4883 4835 5045 5067 4929 5050 5051 4979 4947 5131 5564 5124 4951 5191 4965 4812 5506 4589 5003 5135 5319 4847 5229 4783 5077 4846 4961 4531 5198 5023 5152 4945 5247 4899 5145 5270 4861 5307 4978 4796 4822 4729 4889 5077 5318 4918 4907 5717 5211 4910 4840 4979 5019 4849 4946 4946 4940 5084 4721 4999 5152 4808 5028 4734 4871 4950 5062 5555 5496 5133 4830 5337 4675 5020 4863 5249 5039 4586 4953 5247 5109 4855 5129 5422 5171 4974 4860 4997 4808 5414 5071 5647 5194 4769 4669 4479 5261 5158 4752 4985 5131 4784 5593 5194 5775 5376 5292 5509 5062 5756 5006 5196 4975 4914 4981 4577 5184 4869 4411 5129 5028 5179 4935 5102 5388 4700 5182 5215 5189 4826 5210 4897 4697 5352 5422 4930 5020 4868 4351 4893 5236 5158 5174 4776 5239 4889 4866 4860 5261 5178 5137 5361 4858 5111 5318 5241 4647 5380 5160 4878 4930 4961 5032 5092 4976 4943 4755 5396 5147 4715 5001 4677 4882 5327 5761 5219 4857 4937 5205 5247 5132 4785 5503 4867 4803 5445 4929 5021 5397 4675 4613 4791 4691 5398 5542 5046 4746 5386 5669 5419 5110 5066 4897 5040 5155 4381 5134 5428 5110 5021 5250 
5491 5078 5196 4739 5207 5489 5382 5155 5117 4981 5125 4817 4931 4919 5335 5310 4995 5172 4898 5252 4987 5292 5127 5541 5044 5068 5003 5030 5162 4937 5257 4683 4950 4986 5364 5323 5042 5279 5258 5210 5071 5002 4936 5181 5234 5083 5106 5288 5005 5596 4953 5021 5242 5142 5425 5693 4964 4719 5190 5334 4898 5310 5269 5410 4804 5113 4374 5254 5118 4993 5105 4864 5063 4954 5203 5104 5180 5133 4929 5089 4828 5355 5274 5137 5118 5138 5658 5263 4801 4991 5125 4878 4905 5548 5285 5141 5167 4674 5288 5516 4855 4784 5244 4998 4859 5109 5566 5337 5143 4822 5816 4526 5404 5150 5019 4919 4898 5019 5470 5234 4946 5107 5527 5126 4977 5144 4946 5075 5301 4912 5693 5056 4863 5246 4647 5338 5285 4580 5371 5091 4926 5627 5293 5893 5411 5536 5076 4853 5834 5032 5445 5265 4869 5145 4715 5296 4866 4630 5283 4652 5139 4941 5438 5346 4688 5213 5133 5147 4867 5057 4815 4709 5027 5159 4849 4934 4721 4829 4965 5344 5194 5121 5319 5475 4905 5145 5048 5496 5440 5251 5764 4903 5274 5316 5335 4919 5388 5101 5165 5232 5085 5283 5331 4766 5211 5235 5477 5196 4927 5135 4734 5028 5067 5611 5400 4996 5047 5322 5236 5517 4857 5355 5206 4820 5390 4718 5126 5192 4707 4905 5011 4860 5123 5495 5224 5077 5173 5564 5376 5301 5180 4920 5209 5391 4806 5453 5326 4882 5127 5117 
4729 4863 5037 4851 4801 5157 5196 5066 5053 4759 4963 4635 4514 4586 5033 5145 4738 4861 4730 4915 4757 4856 5099 5316 4762 4702 4727 4652 5015 5046 5147 4769 4663 4997 4995 4978 4904 5083 5085 4744 5030 4740 4777 4960 4898 4942 4975 4934 4960 5214 4971 4782 5168 4506 4896 5236 4427 4963 4832 5246 4697 5027 5016 5140 4678 4797 4510 5156 4778 4968 4964 5101 4839 4856 5155 4786 5141 4821 4525 4828 4558 5053 5000 5279 4958 4933 5321 4973 4580 4715 4776 5020 4679 5038 4826 4929 4502 4217 5117 5167 4806 4727 4918 4817 4941 4951 5137 4984 4993 4837 5590 4367 4844 4812 5006 4870 4604 4807 4998 5015 5018 4923 5295 5284 4635 4811 4823 4728 5251 4974 5201 4898 4613 4751 4381 5230 5333 4635 5041 4994 4713 5485 5150 5391 5191 5274 4879 4983 5434 4989 4999 5121 4861 4687 4814 4922 5136 4567 5273 4707 5006 4782 5351 5258 4532 4975 4921 4993 4705 4961 4691 4450 4761 4686 4419 4890 4599 4698 4994 5080 4952 4708 5068 5275 4794 4792 4618 5225 5239 5046 5412 4766 4843 5172 4849 4715 5027 4855 4836 5165 4734 5048 4976 4959 5059 4725 5217 4739 4907 4835 4386 4691 4886 5258 4939 4851 5037 5191 4901 5119 4808 5004 4791 4775 5261 4481 4505 4916 4762 4664 4461 5008 4910 5225 4724 4874 5239 5222 5037 5094 4940 4857 4748 5173 4632 5324 5263 4719 5070 5064 
5655 5599 5517 5205 5515 5483 5377 5104 5496 5117 5117 5217 5118 5104 5571 5352 5143 5318 5567 5348 5390 5753 5474 5435 5259 5223 5464 5057 5267 5292 5568 5159 5139 5480 5548 5500 5226 5221 5515 5236 5296 5305 5482 5466 5359 5333 5405 5543 5226 5421 5571 5057 5377 5162 5235 5905 4970 5036 5233 5527 5072 5454 5294 5561 5021 5285 4875 5287 5427 5510 5515 5473 5311 5308 5567 4962 5352 5478 5198 5237 4902 5399 5543 5408 5284 5530 5861 5368 5325 5066 5596 5185 5182 5555 5069 5477 5592 4731 5585 5408 5189 5289 5169 4996 5307 5372 5808 5459 5428 5082 5855 4856 5709 5358 5630 5214 5063 5330 5970 5383 5281 5255 5760 5378 5329 5447 5596 5407 5733 5232 5870 5388 5447 5144 4907 5418 5631 4991 5354 5425 5053 5960 5508 6017 5515 5613 5578 5657 5804 5253 5495 5394 5035 5244 5032 5265 5181 5011 5408 4883 5619 5136 5481 5639 4909 5640 5344 5404 5187 5459 5192 4961 5352 5483 5415 5426 5147 4943 5445 5567 5353 5184 5312 5584 5304 5329 5447 5599 5535 5318 5783 5330 5673 5742 5646 5333 5521 5393 5290 5467 5634 5461 5491 5257 5521 5027 6082 5242 5176 5459 5122 4999 5455 5694 5688 5223 5332 5467 5405 5378 4989 5464 5141 5150 5845 4923 5249 5571 5419 4850 5229 5129 5598 5598 5373 5170 5495 6045 5684 5638 5222 4786 5393 5636 4990 5484 5389 5242 5512 5284 
4994 4956 5035 4683 4907 5085 5205 4489 4958 4510 4986 4412 4636 4867 5125 5061 4698 5083 4520 5125 5004 4894 4880 4829 4784 4833 4743 4633 4809 4789 4942 4587 4589 4674 5082 4769 5097 4818 4668 4711 4937 4457 4812 4899 4724 4740 4836 4989 4913 4794 4857 4706 4936 4737 4676 5237 4510 4481 4963 5088 4527 4900 4743 4772 4335 4762 4372 5154 4542 5003 4896 4967 4747 4776 4954 4783 4943 4703 4872 4884 4565 5058 5065 4949 4773 5222 5031 4763 4688 4599 4769 4495 4622 4999 4752 4985 5058 4633 5228 4830 4807 4639 4369 4710 4897 4927 5173 5026 4851 4411 5262 4538 5019 4886 5170 4693 4661 4796 5265 4920 4506 4711 5148 5179 4627 4742 4868 4620 4827 4972 5027 5116 4811 4649 4431 5025 4971 4534 5119 4846 4726 5232 4850 5440 4763 5153 4922 4763 5358 4815 4756 4904 4830 5016 4291 4711 4767 4502 4721 4517 5176 4592 4857 4718 4304 4955 4920 4986 4841 4903 4713 4516 4984 4673 4650 4673 4717 4448 4846 4990 4823 5005 4890 4903 4660 4665 4556 5067 5194 4707 4949 4515 4939 5212 5109 4457 5098 4833 4973 4845 4836 5081 4660 4542 4676 4643 5418 4839 4933 4456 4285 4577 5082 4954 4799 4796 4907 5077 5159 5002 4605 4954 4875 4659 5226 4579 4647 4689 4521 4522 4593 4495 4980 5265 4874 4796 4918 5209 4805 4979 4778 4597 4674 4833 4113 5403 5004 4169 4910 4834 
5222 5188 5190 4989 5051 5015 4984 4929 4946 4653 5101 4708 4793 4671 5098 5178 4648 5072 4778 5004 4791 4836 4967 4927 5152 4689 4932 4635 5043 5069 5066 4542 4891 4866 4998 5172 5036 5078 5091 4751 4922 4624 5064 4752 4944 4966 4737 4888 4975 5192 4966 4837 5090 4790 4739 5496 4670 4743 4752 4763 4450 5220 4626 5010 4622 5017 4429 5123 4854 5019 4872 5112 4858 4928 5091 4710 5047 4960 4741 4896 4515 5183 5061 4807 4720 4874 5634 5009 5142 4534 4965 4695 4882 5145 4771 4870 5002 4684 5268 5110 4848 4745 4699 4676 4611 5058 5148 5097 4941 4467 5332 4606 5122 5010 5310 4758 4688 4726 5286 4943 4971 4724 5419 5125 5019 4957 5207 4864 5018 4668 5111 4918 4857 4823 4468 5060 5065 4668 4871 5237 4904 5221 5113 5272 5027 5340 5151 4873 5533 4975 4995 4963 5035 4849 4629 5106 4827 4575 4935 4562 4862 4651 5124 5038 4628 4898 4934 5220 4859 4902 4537 4380 4987 5049 4748 4901 4622 4277 4879 4981 4936 4719 4775 5014 4896 4840 4899 5121 5411 4844 5149 5043 5148 5073 4961 4555 5059 5180 5159 5110 4876 5213 4853 4869 5004 4477 5365 5075 5148 4777 4555 4944 4730 5076 4900 5106 4973 5053 5037 4758 4808 5028 4800 4819 5262 4532 4939 5117 5048 4873 4971 4904 5064 5198 4848 4662 5000 5482 5180 5259 4811 4590 4870 4956 4573 4868 5209 4821 5039 5044 
5397 5158 5528 4890 5347 5544 5367 5160 5408 4925 5273 4741 5160 4912 5435 5417 5026 5152 5013 5150 5194 5363 5028 5308 5319 5061 5249 4972 5167 5431 5395 4956 4987 5396 5199 5086 5373 5244 5398 5045 5014 4959 5286 5376 5180 5148 5239 5271 5294 5475 5421 5013 5320 5091 5037 5980 5004 5055 5424 5459 4909 5460 5035 5342 4935 5114 4640 5448 5145 5477 5419 5354 5420 5125 5371 5165 5217 5215 5002 5146 4865 5455 5333 5173 4991 5180 5803 5189 5141 4829 5206 5035 5127 5671 4929 5075 4996 4838 5403 5417 5048 4967 4932 5003 4997 5270 5451 5083 5073 4824 5723 4593 5333 5132 5554 4905 4907 5313 5480 5406 5066 5316 5574 5355 5045 5134 5066 5025 5187 5215 5325 5419 5040 4750 4873 5594 5497 5024 5361 5408 5064 5647 5383 5781 5194 5362 5249 5185 5657 5100 5261 5212 5332 5064 4832 5246 5117 4711 5577 4820 5308 4894 5346 5519 4528 5303 5109 5293 5033 5118 4955 4975 5314 5445 5225 5036 5375 4732 5241 5130 5302 5136 5055 5180 5141 5082 4940 5275 5368 5411 5590 5201 5199 5580 5397 4906 5315 5304 5233 5243 5300 5289 5306 4956 5268 4827 5849 5121 5200 5034 4866 5138 5178 5679 5310 5139 5278 5502 5377 5500 5125 5482 5320 4816 5538 5005 5023 5308 5085 4908 5037 4916 5430 5381 5078 4996 5552 6053 5609 5465 5137 4873 5479 5400 4887 5589 5571 5034 5137 5312 
5384 5296 5605 4997 5304 5513 5349 5207 5534 4868 5025 4828 5141 5368 5529 5598 5061 5281 5317 5391 5170 5601 5236 5168 4942 5142 5017 5136 4991 5488 5450 4958 5142 5168 5183 5286 5304 5155 5267 5094 5183 4804 5367 5080 5226 5226 4844 5221 5199 5523 5329 5175 5413 4958 5230 5783 4896 4927 5307 5426 4676 5383 4809 5392 4833 5024 4723 5244 5217 5422 5240 5386 5042 5074 5345 5091 5495 5358 5082 4953 4776 5189 5590 5398 5069 5182 5759 5244 5254 5099 5147 4747 4962 5381 4893 5304 5233 4709 5125 5375 5252 5286 4962 4896 5214 5313 5886 5484 4974 4985 5748 4668 5507 5114 5456 5163 5100 5052 5570 5241 5001 5307 5608 5299 5181 5271 5051 5045 5188 5163 5739 5306 5086 5013 4856 5239 5600 4841 5167 5702 4828 5756 5436 5886 5248 5585 5435 5242 5567 5370 5334 5166 5225 4940 4732 5319 4918 4714 5317 5041 5491 4904 5522 5381 4826 5063 5300 5337 4976 5198 4913 5003 5287 5404 5054 5272 5329 4858 5407 5239 5406 4892 5312 5250 5233 5301 4955 5282 5565 5241 5544 4917 5303 5475 5449 5022 5520 5386 4969 5395 5418 5480 5281 5375 5189 4938 5606 5250 4901 5378 4705 5033 5490 5743 5441 5031 5234 5285 5403 5316 5185 5454 5170 5000 5687 5141 4905 5276 4971 4928 4902 4981 5465 5455 5093 5120 5322 5914 5411 5569 5108 5084 5353 5218 4691 5458 5230 4944 5023 5190 
5794 5707 5603 5300 5387 5870 5536 5437 5630 4816 5680 5203 5256 5222 5639 5594 5372 5493 5193 5464 5519 5420 5494 5466 5592 5368 5375 5273 5354 5407 5471 5295 5410 5297 5787 5409 5844 5648 5511 5487 5327 5087 5489 5415 5347 5456 5404 5516 5469 5551 5866 5490 5660 5252 5479 6043 5064 5435 5486 5431 5196 5693 5251 5649 4968 5581 4934 5819 5308 5310 5356 5438 5339 5263 5495 5448 5455 5246 5537 5414 5085 5279 5502 5653 5454 5329 6026 5382 5522 5136 5492 5188 5346 5608 5247 5468 5486 5170 5804 5650 5393 5413 5179 5095 5448 5285 5887 5885 5532 5043 5941 5157 5452 5510 5666 5275 5041 5237 6051 5622 5321 5538 5631 5551 5569 5416 5510 5396 5607 5255 5913 5464 5290 5219 5073 5891 5937 5153 5610 5569 5160 5783 5405 6036 5507 5676 5622 5281 5866 5159 5611 5311 5197 5267 5029 5587 5197 5037 5456 5190 5566 5369 5441 5791 4816 5752 5227 5459 5328 5468 5322 5089 5393 5385 5230 5353 5483 4806 5500 5632 5699 5329 5639 5562 5256 5470 5469 5683 5739 5623 5981 5502 5499 5579 5796 5071 5951 5593 5309 5546 5301 5436 5452 5542 5445 5203 5863 5497 5564 5740 5172 5334 5450 5857 5549 5532 5445 5359 5667 5631 5264 5526 5654 5271 5945 5172 5319 5668 5420 4982 5283 5397 5561 5726 5209 5263 5572 5962 5783 5688 5374 5126 5375 5748 4812 5772 5754 5306 5269 5466 
4865 4590 4865 4795 5104 5038 4889 4596 4833 4299 4564 4514 4627 4473 4725 4755 4664 4871 4855 5050 4801 4790 4458 4734 4573 4732 4770 4501 4611 4724 4948 4371 4513 4772 4826 4930 4608 4745 4868 4608 4485 4625 4610 5077 4491 4577 4558 4380 4851 5045 4868 4572 4841 4564 4431 5311 4445 4527 4619 4992 4279 4862 4467 5074 4527 4747 4193 4860 4550 4875 4785 4917 4585 4646 4859 4516 4908 4660 4529 4648 4351 4777 4982 4696 4544 4503 5098 4801 4623 4415 4681 4535 4705 4921 4702 4623 4794 4433 4881 4859 4746 4448 4608 4301 4637 4736 5008 4736 4666 4398 5008 4158 4943 4872 5174 4672 4367 4614 5055 4693 4703 4475 4877 4695 4860 4640 4826 4562 4961 4796 5129 4803 4706 4301 4160 4797 5003 4249 4814 4928 4510 5231 4803 5217 5077 5125 4862 4904 5076 4553 4717 4537 4966 4671 4222 4569 4427 4317 4803 4291 5104 4963 4889 4907 4419 4828 4657 4942 4355 4719 4358 4385 4736 4613 4535 4789 4637 4562 4862 4476 4994 4817 4885 4920 4604 4659 4633 4728 4935 4694 4957 4633 5001 4945 5086 4487 5027 4979 4381 4806 4942 4827 4745 4795 4811 4684 4969 4527 4837 4653 4322 4516 4673 5262 4860 4745 5085 4887 4809 4764 4503 4830 4481 4350 5166 4472 4657 4884 4553 4440 4543 4255 4907 5258 4559 4606 4715 5219 4886 4817 4696 4413 4521 4755 4295 4871 5087 4803 4582 4884 
4804 4853 4941 4788 4816 5090 4972 4541 5023 4472 4800 4357 4570 4423 5178 4958 4782 4963 4389 4729 4762 4661 4540 4782 4720 4681 4479 4473 4758 4777 4706 4369 4419 4623 4623 4707 4927 4659 4831 4702 4652 4498 4786 4970 4798 4947 4473 4925 4835 5028 4811 4696 4716 4663 4441 5215 4450 4325 4769 4887 4360 4620 4607 4934 4313 4559 4168 4802 4802 4697 4759 4759 4582 4357 4661 4762 4925 4700 4535 4616 4613 4651 4790 5001 4605 4776 5206 4604 4581 4468 4688 4589 4737 5036 4627 4888 4569 4236 5028 4805 4539 4565 4550 4600 4680 4737 5081 4995 4721 4275 5343 4384 4754 4562 4858 4519 4591 4563 4901 4726 4705 4796 4810 4889 4575 4640 4690 4597 4797 4665 5087 4849 4640 4445 4356 4812 5161 4483 4777 5051 4464 5189 4746 5123 4840 4983 4592 4596 5155 5042 4652 4868 4702 4473 4297 4601 4413 4510 4578 4537 4864 4634 4722 4801 4192 4699 4863 4990 4540 4520 4519 4308 4618 4595 4191 4445 4254 4567 4684 4884 4695 4679 5047 4896 4719 4441 4522 4856 4839 4749 5020 4743 4656 4906 4583 4514 4875 4960 4684 5023 4635 4777 4501 4751 4728 4426 5154 4719 4771 4764 4435 4544 4749 4920 4692 4923 4728 4786 4886 5006 4477 4783 4317 4566 5049 4432 4436 4768 4590 4402 4483 4495 4998 5023 4662 4621 4931 4759 4833 4991 4740 4523 4819 4869 4144 5050 4973 4536 4707 4717 
5297 5362 5346 5108 5228 5312 5435 5331 5225 4723 5376 5190 4807 4972 5643 5376 5128 5254 4816 5301 5132 5390 5392 5409 5170 4806 5061 5022 5272 5398 5332 5091 4820 5132 5132 5496 5093 5411 5268 5323 5323 5030 5350 5141 5190 5531 5106 5211 5110 5446 5666 5253 5303 5124 5270 5829 4810 5059 5280 5378 5099 5485 5225 5596 4838 5335 4796 5327 5000 5284 5218 5127 5103 5291 5242 5131 5334 5111 4949 5124 4839 5345 5387 5516 5242 4857 5788 5289 5042 5140 5234 5023 4958 5094 5303 5269 5413 5031 5289 5351 4905 5003 5269 4928 5086 4938 5428 5319 5371 5023 5993 4660 5295 5535 5540 5039 4614 5189 5386 5304 5495 5167 5242 5478 5005 5297 5207 5003 5459 5073 5595 5189 4988 5192 4806 5643 5362 5145 5121 5420 4950 5654 5373 5674 5391 5471 5359 5214 5594 5237 5359 5321 4998 4881 4967 5375 5156 4766 5329 4999 5415 5016 5486 5350 4829 5398 5114 5330 5012 5338 5074 4591 5296 4911 4943 4945 4920 4885 5112 5146 5389 5126 5391 5548 4977 5170 5079 5271 5606 4994 5658 5007 5407 5530 5362 4877 5353 5263 5123 5397 5080 5226 5151 5376 5100 5070 5710 5536 5232 5335 4794 5184 4979 5503 5498 5055 5081 5322 5483 5195 5182 5406 5240 5271 5476 5111 5082 5402 5073 4837 5181 5105 5320 5519 5116 5166 5449 5745 5412 5475 5053 4996 5368 5713 4873 5358 5402 5133 4997 5315 
5284 5267 5051 4989 5102 5330 5307 4668 5194 4696 4948 4644 4813 4831 5203 5031 4977 5210 4814 5198 5150 5053 4894 5206 5464 5131 4887 4785 4816 5100 5352 4812 4926 4917 5243 5125 4944 5199 5158 5119 5036 4812 5050 5047 5206 5101 4707 5047 5090 5348 5319 5090 5334 4937 4638 5762 4562 4866 5338 5161 4682 5153 4830 5397 4761 4980 4390 5061 5029 5210 5193 5003 5065 5088 5081 4935 5207 4994 4975 5268 4738 5066 5125 5075 4801 5039 5578 5001 4803 4621 4940 4804 4851 5258 4993 5213 5143 4922 5124 5349 4890 4993 4750 4772 4848 5060 5359 5128 5063 4672 5587 4736 5337 5159 5368 5027 4750 4781 5641 5113 4838 4786 5526 5016 4989 4916 5013 4863 5109 4758 5396 5239 4774 4838 4742 5413 5218 4919 5429 5269 4816 5623 4931 5671 5124 5141 5073 4781 5578 4992 5103 4820 4982 5028 4804 4956 4876 4953 5171 4830 5128 4597 4994 5252 4719 5237 5141 5204 4795 5160 4926 4574 5159 5144 4788 4882 4863 4712 5110 5210 5289 5196 5107 5271 4842 5115 4844 5387 5335 5057 5390 4888 5113 5272 5193 4594 5517 5287 4945 5296 5032 5203 5077 4964 4989 4707 5342 4908 5285 5070 4647 4899 4959 5342 5215 5100 5255 5126 5088 5386 4903 5135 5027 4769 5294 4589 4938 5124 4950 4917 4881 4777 5077 5249 4962 4879 5146 5367 5251 5251 5027 4767 5148 4907 4556 5540 5347 4815 4783 4989 
5469 5163 5416 5097 4982 5517 5176 5104 5369 4775 5107 4840 5069 4935 5340 5276 5066 5223 5014 5161 5288 5111 5049 5312 5286 4893 5030 4945 5355 5068 5259 4963 5169 5132 5434 5006 5197 5105 5349 5080 4973 4867 5019 4999 5114 5139 5231 5071 5278 5384 5389 5075 5487 5050 5102 5719 4893 4863 5094 5583 5017 5261 5238 5337 4783 4977 4941 5267 5186 5286 4919 5094 4972 5221 5144 4942 5209 5037 5297 5303 4759 5086 5310 5117 4849 5072 5697 5037 5108 5189 5000 4988 5248 5445 5003 5393 5291 4722 5549 5270 5098 5058 5277 4937 4875 5158 5507 5379 5196 4730 5928 4792 5326 5317 5581 4987 4767 5063 5628 5132 5249 5062 5427 5357 5288 5280 5290 4931 5281 5299 5619 5234 4938 4948 4930 5527 5317 4912 5591 5270 5179 5705 5258 5638 5403 5601 5490 5312 5791 5307 5064 5165 4962 4926 5030 5261 5172 4852 5214 4776 5244 4824 5135 5288 4737 5413 5175 5341 5138 5126 5174 4527 5258 5259 5179 5171 5184 4972 4898 5265 5324 5090 5036 5437 4944 5183 4864 5411 5572 5330 5597 5327 5387 5479 5215 5073 5450 5321 5372 5162 5203 5307 5308 5097 5283 5058 5365 5113 5042 4993 5189 5086 5198 5331 5625 5195 5268 5248 5441 5197 4808 5494 5095 4908 5353 4742 4805 5224 5032 4619 4932 4986 5382 5581 5073 4932 5271 5778 5369 5503 5095 4821 5215 5152 4505 5350 5448 5027 5240 5194 
5338 5343 5290 5040 5152 5502 5367 4898 5556 4649 5266 5050 4968 4958 4941 5468 4942 5161 5082 5403 5150 5332 5119 5403 5182 5049 5031 4927 5055 5025 5413 4868 5011 5376 5320 5333 5274 5291 5278 5156 5266 4787 5276 5067 5278 5266 4953 5175 5169 5520 5376 5118 5374 5020 5335 5800 5113 4846 5108 5149 4743 5578 4867 5224 4757 4826 4585 5393 5131 5329 5286 5248 5251 5304 5106 5009 5151 5170 5216 5022 4983 5070 5421 5210 5076 5221 5712 5358 5152 4568 5118 4945 5159 5506 5159 5309 5087 4958 5190 5224 5143 4941 4870 4901 5210 5285 5468 5315 4984 4642 5609 4771 5151 5100 5499 4805 4587 5050 5618 5315 5137 5232 5607 5310 4995 5147 5149 5080 5283 5163 5217 5313 5024 4745 4858 5545 5516 4888 5346 5163 5077 5684 5130 5757 5507 5473 5247 5177 5365 5115 5202 5250 5179 5238 4725 5096 4926 4727 5106 4944 5340 4910 5369 5125 4730 5124 5044 5240 5091 5258 4830 4894 5330 5323 5068 4946 5129 4386 4990 5288 5500 5238 5370 5383 5124 5027 4926 5454 5359 5196 5757 5202 5096 5314 5412 4900 5427 5435 5341 5168 5284 5223 5398 5142 5267 4921 5600 5205 5247 5079 5010 5130 5157 5386 5267 5145 5133 5145 5294 5403 4977 5150 5346 4978 5471 4987 5075 5119 5040 4995 5076 4918 5191 5578 4900 5182 5384 5749 5252 5310 5272 4722 5370 5411 4911 5420 5471 4728 5064 5415 
5044 5073 4993 4785 5045 5192 4819 4908 5177 4694 4914 4716 4663 4655 5057 5037 4955 4949 4802 5070 4873 4965 4625 4866 4980 4752 4687 4654 4815 4863 5118 4686 4679 4793 4881 5115 4995 4865 5197 4871 4863 4761 4870 4907 4795 4963 4785 4876 4831 5265 5051 4792 5072 4600 4613 5422 4799 4474 4804 4846 4357 4978 4529 5194 4754 4757 4612 5021 4841 4776 4982 4766 4938 4886 4840 4577 4967 4861 4914 4844 4721 4827 4801 4899 4867 4771 5547 4826 5060 4701 4749 4533 4705 5251 4756 4705 4738 4463 4812 4823 4547 4630 4507 4719 4551 5038 5204 4976 4915 4419 5407 4561 5072 4919 4957 4707 4470 4676 5205 5238 4992 4830 5331 4957 4747 4710 4836 4797 4961 4935 5130 4838 4798 4608 4622 5285 5290 4593 4918 4955 4646 5513 5200 5395 4964 5331 5143 4934 5381 4925 4758 4772 4848 4739 4538 4728 4832 4479 5171 4626 4987 4562 5138 4949 4526 4916 4902 5061 4719 4690 4547 4656 4835 5008 4841 4773 4780 4659 4736 4702 5260 4713 5010 5272 4619 4552 4705 5119 5145 5083 5413 5211 5117 5013 5012 4836 4895 5012 4761 4903 4729 5057 4688 4793 5085 4479 5171 4933 4764 4967 4620 4691 4913 5156 4877 5136 4937 4989 4998 4982 4771 5175 4845 4875 5121 4565 4617 5013 4821 4589 4741 4807 4884 5256 4756 4659 4897 5380 5039 5178 5008 4718 5116 5094 4426 5104 5236 4613 4805 4771 
5572 5597 5297 5145 5396 5434 5391 5123 5629 4840 5416 4727 5384 5044 5463 5458 5065 5415 5040 5448 5259 5344 5159 5495 5500 5122 5214 5447 5162 5290 5776 5147 5119 5101 5455 5362 5460 5573 5515 5397 5455 5190 5415 5180 5194 5241 5012 5267 5149 5537 5407 5135 5481 5168 4975 5858 4924 4926 5038 5376 4843 5424 5391 5769 5141 5235 4656 5736 5397 5522 5176 5331 5364 5152 5327 5213 5187 5364 5221 5038 4812 5267 5267 5327 5255 5028 6039 5011 5295 4957 5191 5093 4986 5633 5227 5089 5294 4958 5283 5258 5189 5199 5159 5197 5076 5285 5470 5398 5155 5012 5877 4716 5476 5394 5210 5061 4984 5267 5695 5462 5101 5383 5790 5449 5331 5277 5181 5269 5423 5247 5766 5238 5027 5192 4878 5524 5503 4992 5197 5256 5152 5801 5382 5979 5307 5656 5518 5247 5778 5560 5567 5210 5133 5056 4781 5350 4887 4824 5698 5077 5133 5162 5636 5340 4757 5386 5194 5587 5206 5286 5139 4793 5223 5460 4936 5495 5177 4818 5172 5438 5679 5156 5436 5454 5121 5167 5158 5433 5473 5246 5620 5272 5504 5670 5637 4969 5487 5307 5162 5002 5006 5063 4987 5208 5207 5184 5800 5248 5251 5368 4923 5200 5253 5656 5617 5168 5469 5199 5401 5483 5248 5542 5185 5300 5471 5087 5506 5400 5037 4877 5206 5181 5470 5543 5003 5229 5227 5677 5362 5714 4918 4831 5509 5571 4906 5710 5612 4923 5400 5381 
5564 5447 5327 5049 5431 5565 5423 5261 5555 5060 5220 4939 4984 5088 5579 5620 5239 5383 5311 5486 5130 5153 5417 5452 5294 5166 5380 5128 5281 5371 5445 5068 4767 5472 5406 5373 5363 5474 5326 5285 5274 5029 5386 5338 5349 5408 5107 5162 5400 5531 5427 5261 5287 5024 5366 5776 4762 5022 5193 5625 4862 5293 5098 5613 4927 5113 5001 5662 5401 5565 5308 5648 5272 5382 5279 5335 5133 5184 5278 4905 4998 5415 5517 5389 5048 5005 5816 5365 5159 5124 5330 5124 5250 5706 5109 5449 5236 5162 5214 5217 5288 5410 4953 5180 5266 5349 5661 5170 5351 5157 5818 4664 5566 5264 5476 5027 5062 5296 5473 5535 5272 5383 5571 5470 5396 5353 5020 5147 5416 5428 5850 5585 4961 5066 4911 5564 5725 5065 5499 5127 5022 5829 5219 5928 5469 5409 5250 5246 5622 5307 5320 5221 5118 5362 4965 5242 5009 4707 5504 5005 5430 5237 5607 5301 4847 5551 5356 5572 5048 5471 4949 4940 5446 5479 5038 5164 5255 5040 5315 5475 5444 5325 5501 5537 5214 5187 5157 5591 5630 5122 5731 4992 5240 5667 5615 4918 5434 5349 5058 5414 5265 5235 5163 5449 5414 5224 5761 5124 5359 5319 4892 5125 5405 5878 5519 5277 5433 5585 5513 5492 5087 5254 5325 5047 5768 5066 5172 5308 5280 5035 4890 4965 5512 5540 5147 4881 5664 5595 5354 5576 5218 4979 5295 5589 4887 5538 5443 5111 5252 5373 
4790 4781 5082 4648 4816 5107 4946 4692 4960 4363 4643 4230 4769 4606 4996 4989 4841 4989 4773 4936 4734 4734 4536 4915 4767 4433 4749 4905 4858 4736 4945 4510 4786 4895 4694 4833 4760 4748 4972 4849 4760 4662 4779 4736 4438 4876 4750 4792 4889 4979 4845 4591 4865 4474 4910 5460 4487 4557 4730 4698 4683 4766 4631 4889 4356 4847 4190 5110 4585 4901 4573 4797 4566 4677 4830 4698 4980 4784 4685 4650 4509 4646 5156 4891 4594 4338 5244 4799 4763 4520 4685 4325 4599 4973 4438 4774 4903 4417 4819 4994 4743 4790 4611 4480 4486 4733 5215 4716 4708 4483 5306 4469 4857 4647 4985 4579 4522 4592 5250 4861 4806 4726 4832 4639 4917 4730 4697 4629 4794 4706 5177 4823 4679 4522 4483 4703 5098 4445 4845 4704 4421 5074 4827 5146 4968 5112 4759 4685 5171 4656 4684 4667 4772 4555 4444 4682 4425 4394 4829 4356 4756 4874 4937 5022 4514 4816 4755 4878 4660 4524 4724 4352 4682 4837 4564 4549 4459 4548 4813 4673 4829 4725 4883 4795 4672 4769 4686 4744 5209 4635 4972 4861 4985 4657 4751 4402 4857 4927 4555 4631 4843 4885 4805 4883 4774 4640 4963 4679 4702 4612 4148 4739 4860 5147 4928 4565 4846 4639 4934 4917 4669 4793 5045 4753 4967 4510 4782 4861 4511 4319 4592 4536 4955 5107 4852 4588 4939 5213 4999 4861 4544 4340 4597 4876 4222 5007 5096 4580 4633 4871 
5193 5081 5410 5094 5051 5532 5425 5071 5202 4997 5136 4819 5034 4975 5342 5317 5052 5381 5039 5295 5368 5382 5168 5487 5122 5065 5109 5038 5086 5496 5383 4987 4977 5081 5175 5347 5130 5228 5158 5143 5357 4768 5161 5095 5244 5320 4939 5221 4936 5438 5322 5105 5328 5198 5251 5704 4724 4955 5102 5272 4819 5347 5119 5420 4733 5201 4688 5462 5044 5287 5200 4882 5333 5093 5164 5095 5161 5086 5137 5225 4876 5272 5266 5216 5167 5125 5954 5331 5048 5022 5120 4983 4974 5702 5009 5187 5174 4898 5473 5374 4842 5080 5353 5072 5174 5201 5462 5431 5013 4815 5864 4764 5297 5368 5577 5004 4980 5053 5753 4967 5200 5019 5425 5467 5077 5297 5188 4927 5335 5026 5440 5104 4875 4965 4923 5629 5261 4871 5352 5404 4821 5599 5189 5657 5451 5652 5289 5185 5670 5163 5239 5283 5041 4931 4833 5004 4886 4793 5449 4874 5196 4868 5187 5273 4845 5407 5262 5271 5239 5172 4989 4567 5145 4926 5069 5250 5037 4908 5098 5337 5588 4964 5286 5369 5006 5209 5134 5493 5611 5227 5631 5030 5477 5514 5146 4944 5215 5456 5254 5235 5420 5399 5382 5249 5184 5145 5734 5466 5183 5365 4704 5259 5062 5318 5445 5142 5056 5213 5205 5381 5104 5506 4995 4878 5609 4889 5159 5183 4791 4997 5057 5166 5429 5560 5143 5222 5195 5751 5514 5413 5184 4988 5142 5379 4824 5676 5432 4807 5276 5231 
5000 4930 4921 4769 4848 5127 4875 4754 5195 4432 5193 4632 4790 4830 5174 5105 4962 5107 4894 5094 4906 4966 4832 5205 5015 4830 4966 4917 4979 5009 5241 4656 4601 4732 5030 5087 5005 4975 5014 4991 5051 4500 4837 4906 4806 4969 4759 5144 5204 4837 5238 4644 5166 5052 4913 5542 4871 4701 4969 5070 4671 5266 4760 5317 4677 5106 4640 5120 4775 5041 4956 4864 4876 5116 5054 4749 4992 4705 4956 4634 4774 4930 4871 5283 5024 4884 5519 4594 4763 4871 4807 4756 4782 4957 4726 5077 5106 4674 5135 4836 4970 4894 4833 4915 4932 4922 5187 4997 5020 4531 5368 4365 5150 5116 5144 4743 4728 5105 5394 5179 4761 5053 5168 5284 5037 4894 4773 4924 4898 4915 5226 4939 4836 4810 4407 5271 5194 4812 5087 4972 5120 5375 5076 5595 4954 5265 4934 4748 5212 4876 5100 4718 4904 4802 4558 5016 4663 4432 5274 4541 5005 4868 5188 5236 4434 5212 4845 4792 4868 4954 4645 4659 4923 4804 4734 4722 4935 4870 4976 5079 5045 4895 5055 5139 4924 4780 4891 5175 5161 4740 5179 4994 4939 5019 5218 4543 5163 4967 4647 5056 4682 5026 4986 4685 4926 4821 5413 5056 4816 5105 4513 4950 5031 5165 5191 4910 4963 4993 4764 4956 4796 5171 5082 4817 5412 4683 4736 4940 4869 4415 4762 4625 5005 4987 4789 4791 5049 5343 5445 5201 4763 4908 4939 5058 4528 5230 5082 4603 4911 5029 
5345 5008 5216 4537 4894 5067 4959 4838 5124 4576 4914 4497 4712 4949 5007 4977 4939 4933 4663 4970 4909 5077 4839 4854 4726 4837 4687 4775 5027 4878 5057 4676 4870 5084 4964 4880 4916 4886 4926 4857 4811 4530 4840 4813 4975 4984 4718 5048 4784 5056 4946 4733 4803 4791 4953 5273 4463 4570 4775 4918 4716 5102 4724 5179 4758 4945 4494 5262 5059 4958 4989 4980 4802 5060 4955 4844 5067 5134 4896 4770 4451 4735 4850 5058 4917 4581 5435 4790 4884 4679 4930 4762 4750 5039 4754 5045 5087 4530 5089 5015 4936 4754 4928 4635 4805 4928 5376 5000 4747 5024 5320 4691 4910 4820 5151 4604 4948 4730 5120 5003 5056 4804 5041 5023 5086 4823 4678 4858 5098 4852 5232 5196 4587 4930 4212 5265 5078 4492 5186 5038 4688 5473 4996 5464 4868 5297 5001 4891 5302 4952 4922 4815 4940 4798 4529 4954 4489 4568 5158 4569 5085 4623 5122 5035 4507 4912 5111 4933 5010 4902 4796 4246 4996 5024 4938 4963 4877 4342 4727 5144 5073 4978 4893 4950 4916 4852 4826 5242 5243 4637 5301 4757 4912 5184 4873 4688 5153 5081 4896 4961 4885 5088 4953 5103 4804 4600 5443 4906 4915 5151 4598 4775 4855 5375 4960 5159 4739 4650 5051 5083 4625 5126 4916 4857 5234 4606 4813 5051 4836 4444 4608 4581 4934 5239 4770 4827 5225 5307 5093 5022 4812 4609 4968 5070 4509 5047 5079 4729 5014 5043 
5565 5374 5290 5222 5313 5234 5334 5202 5499 4820 5238 5006 5015 4870 5389 5532 5010 5122 5046 5370 5622 5402 5202 5434 5181 5333 5210 5194 5116 5263 5509 4879 4963 5329 5413 5366 5242 5196 5373 5040 5146 4861 4995 5502 5213 5484 5084 5378 5248 5607 5361 5134 5280 5255 5131 5786 4977 4958 5175 5366 4710 5344 5171 5408 4938 5271 4664 5292 5000 5614 5440 5514 5251 5266 5334 5081 5354 5336 5281 5319 5148 5250 5393 5355 5276 5165 5943 5273 5001 5397 5171 5113 5016 5436 5062 5164 5016 5062 5527 5356 5346 5099 5034 5064 5343 5296 5648 5306 5305 4882 5981 4781 5605 5422 5423 4931 4955 5197 5777 5429 5044 5267 5902 5477 5028 5205 5129 5177 5180 5035 5693 5445 5047 5072 4944 5465 5463 4887 5445 5623 5216 5702 5247 5887 5310 5701 5395 5214 5626 5262 5422 5209 5227 5219 4857 5353 4981 4809 5419 5018 5503 5048 5266 5358 4641 5333 5109 5520 5240 5391 4999 5046 5337 5091 4939 5251 5210 5058 5354 5289 5429 5230 5310 5423 5188 5184 5219 5454 5451 5257 5797 5197 5457 5668 5482 4928 5508 5281 5088 5594 5171 5289 5126 5210 5313 4868 5684 5162 5295 5342 4785 5009 5280 5490 5382 5310 5446 5256 5420 5418 4909 5431 5394 5233 5862 4983 5179 5129 4940 4847 5068 5086 5139 5501 5101 5185 5394 5783 5635 5438 5265 4898 5296 5444 5044 5651 5244 4858 5356 5232 
5150 5118 5348 4860 5132 5417 5281 5111 5265 4693 5112 4668 5197 4946 5188 5190 4961 5103 4926 5234 5126 5161 5073 5343 5026 5056 5097 4936 5037 5271 5376 4815 5009 5214 5025 5320 5094 5374 5381 4978 5222 4930 4914 4930 5147 5197 5186 5216 5205 5220 5166 4939 5260 5168 5070 5649 4975 4689 5036 5282 4869 5204 4875 5370 4753 5035 4711 5345 5023 5329 4960 5191 4852 5140 5101 5088 5326 5021 5306 4840 4495 5264 5425 5009 5136 5018 5734 4912 5175 4734 5010 4729 5016 5064 4976 5232 5249 4868 5451 5253 5176 4973 5332 4879 4981 5105 5314 5210 5236 4556 5730 4696 5280 5212 5343 4974 4922 4991 5308 5301 4992 4969 5131 5405 5193 5017 5066 4919 4957 4879 5335 5124 4932 4724 4855 5430 5460 4671 5479 5264 4940 5473 5261 5760 5090 5456 5185 5094 5624 4992 5110 5088 5102 5093 4849 5081 5046 4635 5148 4779 5053 5010 5409 5156 4766 5123 4884 4966 4865 4943 5068 4581 5016 5087 5057 5167 4930 4677 4958 5108 5112 4954 4866 5049 5011 4971 4857 5318 5469 5103 5373 5078 5526 5224 5284 5007 5390 5250 4967 5276 5351 5052 5108 5010 5200 4989 5539 5063 5152 5177 4782 5109 4920 5414 5231 4914 5009 5123 5374 5317 4816 5119 5160 4825 5504 4845 4888 5031 4955 4808 4968 4903 5384 5450 4853 4914 5293 5602 5432 5362 4803 4995 4995 5281 4633 5581 5398 4885 4967 5135 
5379 5411 5412 5224 5292 5586 5171 5209 5367 4683 5428 4794 5383 5217 5421 5727 4979 5603 5286 5516 4993 5355 5107 5633 5211 5248 5245 5204 5286 5460 5440 4897 5280 5358 5533 5588 5403 5481 5529 5147 5194 4970 5261 5248 5307 5296 5187 5417 5213 5647 5219 5392 5252 5320 5460 5505 5029 5175 5195 5248 5109 5570 5030 5686 4910 5004 5028 5754 5280 5543 5327 5258 5199 5377 5372 5270 5643 5246 5317 5196 4862 5311 5502 5380 5319 5195 6154 5260 5250 5098 5146 5025 5246 5502 5006 5074 5177 4801 5253 5455 5028 5433 5033 5081 5017 5271 5754 5295 5301 4844 5749 4689 5481 5022 5272 5096 5003 5137 5515 5433 5220 5454 5557 5357 5461 5359 5018 5297 5348 5155 5750 5460 5218 4760 4519 5257 5815 4874 5422 5389 4936 5682 5388 5805 5500 5680 5594 5593 5595 5563 5415 5050 5351 5227 4760 5251 5173 4588 5632 4827 5210 5129 5548 5305 4893 5325 5315 5479 5301 5207 5117 4781 5334 5588 5022 5185 5014 4974 5152 5493 5668 5302 5349 5581 5252 5045 5067 5536 5489 5236 5845 5305 5355 5385 5363 4928 5386 5698 5401 5257 5253 5115 5125 5706 5166 4898 5657 5241 5146 5116 4888 5118 5421 5572 5511 5215 5462 5236 5452 5484 5066 5439 5348 5294 5622 5008 5415 5341 4988 5098 5312 5040 5496 5473 5178 5265 5611 5833 5427 5504 5334 5014 5737 5709 4822 5637 5577 5179 5215 5321 
5304 5193 5288 4836 5302 5576 5291 5128 5421 4949 5069 5079 5032 5093 5446 5510 5097 5368 4998 5440 5112 5308 5160 5229 5048 4944 5063 5066 5140 5235 5132 4833 5016 5259 5213 5094 5185 5293 5394 5155 5065 4950 5025 5087 5135 5251 5000 5128 5348 5388 5188 4974 5176 5068 5187 5918 4948 4918 5137 5407 4857 5294 4896 5273 4791 4939 4628 5323 4726 5483 5108 5189 5146 5193 5094 5072 5334 5073 5271 5166 4785 5234 5532 5325 5155 5129 5636 5380 5180 4902 5208 4762 4902 5360 5169 5246 5217 4796 5293 5434 4914 4972 5072 4975 5072 5166 5479 5370 5176 4973 5819 4713 5339 5188 5528 5216 4619 5297 5360 5216 5098 5108 5454 5224 5002 5240 5144 4864 5329 4866 5481 5267 5149 5043 4599 5566 5259 4908 5348 5223 5008 5561 5279 5674 5451 5409 5371 5020 5579 5128 5072 5191 4992 4992 4653 5127 5126 4571 5397 4643 5403 5082 5183 5397 4682 5315 5100 5299 4869 5330 4967 4487 5469 5282 4809 5196 5179 4679 5225 5070 5408 5036 5284 5370 5088 5065 4774 5610 5494 5385 5612 5069 5316 5325 5398 4756 5158 5479 5170 5358 5302 5490 4905 5233 5081 5170 5499 5323 5106 4967 4584 4759 5418 5398 5505 5106 5170 5204 5027 5119 4942 5325 5130 4896 5307 5128 5053 5296 5069 5010 4866 4907 5172 5567 4950 5155 5385 5485 5318 5309 5465 5004 5298 5250 4725 5210 5429 4712 5223 5381 
5230 5041 5025 4688 5134 5115 5240 4996 5224 4859 4940 4944 4832 4910 5196 5088 4963 4985 4731 4909 5058 5074 4771 5105 4979 4709 4986 4902 5159 4825 5022 4703 4938 4971 4971 4955 5168 5033 5248 4922 4888 4712 5083 4977 4945 4963 4890 5132 4995 4845 5415 4801 5103 4904 4972 5510 4625 4872 4662 5116 4787 5153 4783 5281 4455 5055 4695 4965 4907 4818 4891 5121 5033 4808 5064 4809 5022 4973 5089 4714 4586 4974 5036 4879 4862 4648 5732 5002 4945 4913 5058 4572 4879 4964 4662 5145 5009 4450 5359 4918 4776 4785 5073 4825 4890 4927 5291 5143 5037 4776 5441 4603 5071 5049 5610 4782 4741 5043 5310 5112 4776 4946 5152 4969 5022 4927 5003 4949 5194 5064 5254 4974 5007 4689 4631 5307 5165 4687 4975 5285 4427 5320 4879 5579 5171 5287 5034 4860 5386 5023 4965 4891 4822 4799 4513 4598 4980 4650 5087 4674 5204 4971 5254 5168 4518 4966 4968 5172 4812 4956 5012 4584 4935 5029 4833 5289 4749 4652 5031 5045 5026 4769 4887 5128 4855 4954 4858 5137 5484 5046 5379 4852 5251 5350 5129 4800 5339 5109 4870 4919 5062 4983 5202 5045 5013 4910 5452 5164 5214 4997 4734 4940 4949 5091 5245 5023 5070 4949 5110 4945 4981 5178 5083 4772 5026 4586 4891 5152 4955 4433 4960 4686 4982 5407 4689 4812 4930 5449 5214 5220 4877 4648 5050 5178 4346 5114 5303 4805 5091 5245 
5368 5508 5173 5005 5251 5716 5242 5028 5437 4771 5372 4716 5094 5345 5327 5377 5036 5263 5010 5475 5200 5200 5173 5653 5177 5115 5206 5379 5323 5175 5348 5016 5222 5017 5314 5193 5239 5254 5242 5354 5192 4854 4981 5249 5333 5032 5137 5449 5231 5343 5593 5145 5357 5353 5115 5780 4954 4983 5266 5561 5045 5308 5051 5397 4819 5125 4685 5493 4936 5330 5255 4946 5212 5385 5380 5196 5396 5247 5224 5247 4961 5303 5261 5231 5256 4879 5717 5079 5156 4922 5438 5095 4907 5479 5053 5329 5506 4974 5594 5409 5018 5122 4996 5200 4871 5219 5602 5441 5423 4571 5994 4735 5495 5456 5423 4993 5047 5111 5516 5134 5319 5345 5279 5312 5156 5032 4949 5128 5321 5131 5433 4999 5188 5222 4754 5365 5430 4949 5366 5357 5000 5875 5472 5764 5341 5511 5412 5385 5570 5295 5260 5303 5150 5137 4962 5280 5070 4894 5332 4731 5437 4958 5493 5185 4686 5352 5207 5138 5238 5079 5115 4698 5119 5213 5082 5271 5020 4833 5091 5335 5319 5116 5265 5272 5012 5129 5031 5412 5560 5449 5524 5144 5439 5399 5402 4728 5525 5175 5267 5198 5211 5422 5483 4898 5249 5005 5223 5193 5190 5062 5048 5228 4995 5443 5586 5327 5181 5273 5385 4945 5174 5226 5302 5025 5492 5061 5114 5187 4940 5058 5457 5049 5324 5645 5235 5474 5385 6028 5445 5632 5090 4930 5060 5324 4958 5480 5520 4965 5279 5374 
5293 5193 5100 4810 4875 5459 5105 4652 5002 4863 5144 4824 4856 4990 5319 5343 4864 5024 4738 4883 5016 5173 4987 5143 5079 4862 4932 4733 4949 5134 5265 4840 4865 5037 5100 5094 5087 5247 5304 4954 4810 4749 4942 4916 5001 5240 5013 4914 5239 5192 5341 5149 5354 5000 4956 5362 4694 4857 4812 5142 4748 5288 5005 5411 4757 4897 4632 5242 4737 5169 4911 5264 4960 4911 5283 4949 4925 4911 4995 4977 4610 5065 5346 5288 4953 4713 5463 5188 4873 4888 5080 4976 4771 5053 4904 5138 5175 4695 4988 5290 4872 4891 4813 4876 5089 4838 5166 5134 5196 4705 5530 4389 5172 5119 5248 4817 4842 4957 5196 4868 5064 5316 5399 5173 5331 4954 5204 5058 5217 5057 5265 5039 4762 5059 4635 5139 5412 4957 5137 5390 4667 5431 5279 5553 5196 5081 5056 5042 5507 5196 5055 5084 4949 4932 4720 5324 4986 4442 5171 4781 5230 4956 5320 5350 4501 5107 5159 5228 4907 5188 4531 4274 5015 4886 4641 4930 4861 4779 4929 4972 4855 4815 4869 5332 4859 5038 4654 5208 5208 5339 5527 4816 5196 5220 5187 4819 5185 5025 4789 5242 4808 5278 4951 5071 4857 4814 5564 5069 5089 5041 4784 4983 4836 5172 5098 4979 5203 5029 5012 4985 4821 5059 4771 4934 5343 4746 5161 5254 4924 4711 4819 4869 5246 5277 4836 4762 5354 5456 4921 5527 5073 4718 5178 5379 4576 5241 5346 4714 5119 5243 
5089 5054 5162 4823 5068 5368 4928 4657 5317 4642 4954 4447 4617 4782 5155 5033 5206 5127 4810 5101 5209 5077 4770 5021 4966 4675 4849 4847 4913 4894 4997 4644 4817 5140 5179 5138 5177 4865 5082 5109 5021 4700 4988 4773 4782 4882 4971 4957 5033 5126 4938 5061 5224 4922 4877 5449 4738 4666 4628 5028 4517 5123 4654 5157 4852 4843 4628 5157 4928 5117 4786 5006 4808 5236 4932 4818 4859 5043 4895 4898 4731 4667 5048 5006 4960 4710 5355 4838 4956 4621 4807 4556 4899 5313 4915 4891 5079 4362 5081 5049 4946 4919 4761 4462 4722 4930 5213 5333 4764 4560 5538 4521 5185 5229 4932 4932 4561 4953 5315 4973 5051 4969 5085 5095 4833 4996 4923 4623 5216 4946 5550 4880 4818 4655 4572 5135 5185 4646 5055 4956 4636 5347 5094 5650 4974 5171 5000 5154 5145 5083 5144 4623 4747 4720 4552 4959 4765 4378 5101 4637 5065 4788 4970 4968 4517 4861 4890 4931 4795 4886 4924 4667 4977 4901 4944 5091 4868 4626 5147 4954 5150 4767 5004 5041 4788 4802 5208 5150 4962 4913 5014 4687 4998 5071 5228 4820 5021 4988 4873 5123 4852 4997 4916 4898 5053 5033 5300 4741 4754 5047 4519 4855 4936 5057 5267 4908 4777 5066 4725 4788 4789 5037 5011 4866 5382 4517 4818 4879 4615 4549 4771 4964 5018 5402 4805 4742 4891 5354 5002 5220 4972 4785 4938 5216 4536 5280 5091 4426 5017 5243 
5143 5014 5139 4848 5219 5077 5101 4823 5008 4503 5090 4869 4895 4866 5077 5230 4713 4898 4963 4905 5165 5045 4763 5050 5052 4852 5030 4908 4884 5146 5233 4584 4790 4706 4794 5052 4955 4846 4801 4839 4762 4675 4873 4833 4741 4871 4723 4845 4958 5014 5281 4716 4937 5040 4674 5744 4585 4596 4677 5207 4428 5141 4973 5085 4656 5015 4565 5153 4799 5147 5197 4789 4715 4948 5017 5031 4914 4816 4830 4818 4566 4767 4998 4969 4756 4990 5335 5299 4819 4758 4720 4572 4742 5118 4842 5016 5031 4541 5239 4866 4801 4615 4726 4501 4581 5053 5433 5072 4900 4305 5469 4753 5484 5234 5081 4656 4364 4949 5376 4782 4900 4907 5422 5161 4858 4995 4763 4710 4662 4760 5298 5146 5209 4891 4469 5194 4972 4682 5354 5212 4588 5319 5046 5560 4954 5233 5084 4774 5167 4755 5080 4931 4713 4907 4778 4978 4665 4524 4871 4642 5165 4869 4923 4944 4444 5225 4998 5181 5008 4973 4496 4805 4917 4688 4694 4960 4791 4697 4872 5072 5159 5181 5174 4874 4744 5046 4621 5109 5075 4991 5304 4859 4958 5135 5254 4495 5171 4955 4905 5137 4768 4976 4974 4728 5050 4878 5218 4819 5022 4747 4524 4971 4867 5240 5144 5152 5152 4955 4995 4935 4815 4824 4790 4941 4983 4768 4928 4819 4966 4648 4857 4679 4935 5095 4831 4952 5213 5519 4863 5239 5026 4534 4777 4978 4851 5037 5148 4830 4965 4745 
5395 5296 5095 5038 5116 5488 5033 5091 5498 4888 5250 5015 4990 4878 4982 5135 4870 4970 5064 5047 5213 5480 5316 5148 5396 5204 5086 5144 5100 5278 5279 4789 4812 5287 5258 5001 5130 5280 5233 5188 4941 5233 5232 5163 5049 5010 5134 5267 5136 5369 5310 4896 5221 5263 4982 5580 4812 5110 4977 5260 4568 5354 5031 5450 4767 5171 4927 5171 5261 5190 5200 5543 5187 5219 5141 4882 5080 4916 4896 5045 4971 5121 5213 4814 5217 4986 5476 5111 5042 4909 5124 4892 5110 5308 5032 5341 5220 4546 5422 5427 5360 5078 4897 4991 5063 5110 5468 5256 5181 4713 5676 4690 5727 5115 5397 5040 4908 5338 5981 4910 5001 5184 5323 5348 5135 4912 5013 4890 5156 5062 5471 5280 4788 4892 4575 5269 5419 4829 5217 5328 4954 5427 5062 5874 5363 5221 5292 5057 5477 5257 5224 5042 5068 4919 4759 5340 4698 4707 5188 4968 5264 5102 5150 5311 4533 5138 5147 5420 5184 5273 4585 4918 5107 5046 4901 5137 4749 4628 5038 5256 5202 5020 5249 5439 5169 5016 5060 5416 5534 5165 5513 5024 5205 5513 5311 4826 5242 5344 5241 5289 4988 5318 5148 5126 5115 4912 5686 4832 4932 5217 4690 5317 5012 5369 5182 5141 5106 5170 5307 5137 4955 5267 5179 5218 5876 5132 4874 5354 4955 4750 4934 4995 5467 5314 5167 5140 5327 5814 5510 5347 4891 4920 5339 5197 4455 5568 5332 5135 5167 5264 
5444 5196 5535 4876 5380 5422 5315 5002 5571 4817 5197 4933 4890 5099 5507 5282 5146 5176 5143 5283 5322 5323 5048 5179 4937 5266 5081 5238 5652 5120 5189 4826 5022 5098 5409 5143 5275 5267 5230 5254 5013 4854 5089 5091 5193 5266 5434 5255 5384 5237 5446 4918 5306 5328 5056 5703 4843 5043 5166 5367 4851 5151 5024 5130 4914 5108 4854 5520 5130 5243 5337 5184 5110 5200 5404 5088 5416 5227 4987 5054 4822 5153 5202 5588 5609 5011 5727 5221 5006 5304 5180 5312 4886 5077 5077 5158 5160 4912 5642 5305 5088 4956 5078 5159 4977 5444 5465 5538 5216 4823 6031 4683 5194 5379 5556 4970 4876 5156 5651 5248 5216 5251 5341 5274 5155 5231 5306 5123 5543 5203 5360 5258 5050 5031 4843 5189 5356 4974 5439 5252 5066 5541 5382 5699 5379 5359 5122 5253 5771 5143 5365 5074 4963 4863 4855 5241 5028 4659 5252 5145 5387 5305 5558 5273 4679 4899 5284 5468 5291 5099 5082 4801 5139 5147 5003 5322 4893 4693 5110 5223 5392 5107 5019 5344 4965 5016 5251 5614 5359 5000 5621 5028 5536 5457 5264 4959 5392 5464 5318 5431 5182 5280 5158 5297 5118 4749 5637 5137 5077 5155 4800 4709 5365 5740 5314 5251 5354 5179 5588 5123 5038 5406 5006 5223 5740 5028 5042 5374 5038 4941 5114 5001 5373 5828 5149 5003 5471 5902 5325 5289 5169 5059 5335 5258 4863 5450 5464 5157 5291 5477 
5303 5389 5285 4781 5229 5443 5259 5087 5310 4971 4892 4744 4927 5239 5315 5272 5178 5124 5078 5131 5012 5529 4975 5011 4930 4904 5065 5050 5312 5249 5342 5084 5111 5073 5321 5199 5241 5372 5265 5194 4949 5048 5208 5120 5258 5185 5092 5310 5255 5528 5218 5347 5369 5162 5061 5595 4756 4921 5160 5347 4835 5009 4965 5430 4814 4908 4931 5197 4921 5055 5018 5244 4801 5157 5135 5126 5343 5178 4996 4854 4729 5069 5136 5219 5172 5056 5832 5332 5205 5088 5095 4647 4949 5148 5319 5231 5089 4606 4984 5190 4728 4775 5178 4966 5044 5141 5677 5270 5042 5027 5900 4631 4975 5138 5407 4883 4617 4947 5592 5269 5096 5219 5564 5214 5011 5039 4972 5286 5264 4850 5597 4955 4975 5151 4820 5684 5412 4648 5346 5265 4798 5805 5071 5591 5396 5718 5432 5162 5719 5426 5091 5108 4928 4997 4649 5222 5002 4527 5519 5092 5272 4833 5287 5479 4848 5089 5395 5280 4706 5126 5131 4827 5052 5520 5113 5161 4866 4481 4987 5297 5399 5210 5033 5316 4772 5015 5065 5225 5235 5166 5511 5015 5026 5465 5106 4940 5355 5479 4833 5010 5122 5165 5154 5314 5077 4901 5378 5106 4994 5252 4768 4735 5398 5532 4957 5175 5300 5262 5450 5144 5201 5250 5161 4877 5585 4950 4842 5143 5047 4885 4919 4846 5446 5366 5097 4915 5135 5542 5357 5407 5461 5121 5255 5390 4646 5253 5306 4857 5146 5218 
4983 5284 5542 4927 5175 5484 5487 4915 5186 4704 5234 4852 4955 5163 5378 5277 5126 5192 5033 5146 5164 4973 5030 5224 5380 4787 5043 5142 5111 5012 5381 4944 4902 5067 5195 5283 5209 5071 5276 5123 5206 4970 5203 4945 4889 5139 4965 5272 5238 5434 5400 5216 5564 4827 5250 5492 4803 4984 4872 5337 4895 5315 4999 5204 4870 5026 4523 5489 4903 5388 5087 5028 5227 5151 5497 4917 4961 5106 5077 5043 4569 5293 5369 5326 5234 5102 5642 5123 5063 4772 5245 5010 5058 5334 5310 4951 4907 4960 5287 5131 5038 5020 5263 4879 4989 5061 5558 5423 5063 4793 5654 4715 5305 5228 5253 5231 4846 5020 5352 5241 5387 5190 5677 5387 5245 4988 5181 5061 5378 5197 5506 5158 4971 4824 4612 5369 5295 4881 5068 4964 4969 5572 5485 5644 5459 5604 5128 5152 5649 5333 5627 5232 5003 5064 4783 5049 4843 4867 5246 4944 4968 4970 5486 5501 4817 5468 5037 5400 5021 5026 4951 4807 5419 5272 5062 5133 5173 4677 5220 5202 5276 5044 5223 5383 4881 5051 5001 5360 5588 5176 5570 5159 5195 5447 5091 5003 5384 5394 4987 5286 5085 5003 5191 4978 5051 5055 5708 5364 5097 5069 4865 5140 4891 5567 5258 5123 4989 5242 5280 5150 5184 5191 5096 4849 5561 4994 4965 5355 5090 4664 5059 4970 5326 5595 5335 5071 5292 5977 5118 5295 5225 4784 5283 5371 4690 5433 5593 4873 5201 5168 
4737 4731 5086 4471 4506 4826 5034 4489 4743 4371 4714 4231 4495 4376 4854 4636 4366 4710 4430 4885 4647 4858 4535 5023 4326 4677 4454 4547 4705 4591 4879 4504 4666 4691 4877 4820 4526 4790 4696 4584 4846 4304 4455 4558 4563 4580 4405 4592 4719 4944 4608 4726 4955 4514 4775 4792 4485 4400 4793 4796 4326 4790 4475 4994 4361 4364 4110 5072 4492 4803 4808 4326 4685 4824 4838 4542 4729 4685 4525 4555 4402 4599 4619 4838 4508 4458 5236 4573 4728 4427 4478 4298 4569 4615 4266 4407 4616 4303 4559 4772 4750 4517 4474 4362 4443 4603 4979 4849 4653 4294 5147 4056 4963 4556 4894 4553 4480 4491 4960 4609 4524 4582 4850 4668 4765 4730 4292 4620 4738 4568 5015 4561 4286 4367 4227 5039 4813 4247 4571 4584 4542 5091 4728 4985 5007 4810 4724 4974 4988 4831 4763 4655 4774 4747 4316 4574 4487 4192 4892 4240 4632 4545 5135 4850 4105 4681 4562 4842 4385 4524 4617 4033 4708 4413 4351 4788 4456 4332 4650 4629 4655 4684 4614 4801 4411 4448 4378 4642 4944 4632 4960 4646 4700 4743 4800 4425 4864 4612 4649 4463 4718 4804 4585 4771 4796 4612 4968 4815 4626 4444 4244 4443 4700 4998 4841 4415 4546 4586 4860 4725 4487 4742 4811 4241 5180 4422 4517 4675 4389 4128 4512 4518 4995 5009 4608 4500 4727 5106 4904 4962 4574 4354 4687 4773 4230 4912 4679 4410 4558 4594 
5322 5097 4893 4932 5175 5534 5402 5120 5133 4583 5108 4797 4814 4908 5283 5371 5040 5498 4870 5066 5187 4946 4930 5274 5179 5156 4697 4810 4899 4895 5088 4909 5030 4923 5202 5113 5126 5149 5374 4965 5167 4897 5091 5006 5249 5132 4809 5138 5194 5306 5297 4971 5371 4797 4580 5789 4710 4954 5121 5452 4561 5123 4672 5463 4735 5274 4647 5414 4959 5174 4954 4977 5049 5026 5180 4764 5030 4895 5187 5030 4736 4978 5232 4977 5040 4722 5592 4961 5047 4777 5092 4879 5031 5222 4864 5243 5144 4745 5082 5211 4959 5124 4959 4883 4926 5211 5137 5467 4845 4884 5761 4543 5204 4829 5404 5082 4600 4888 5400 4852 5033 4948 5436 5177 5067 5140 5069 4985 5087 4810 5205 5134 4781 4765 4922 5389 5403 4906 5192 5081 4546 5546 4851 5508 5204 5308 5143 5234 5515 5147 4938 4944 4958 4870 4777 4907 4967 4595 5085 4651 5109 4859 5224 5226 4710 5275 4926 5072 4842 5031 4977 4734 5222 5111 4835 4991 4997 4517 4976 5117 5362 5200 5322 5281 4839 5012 4812 5372 5236 5174 5383 5006 4966 5390 5311 4685 5204 5211 5030 5351 5096 5304 5054 5098 5141 4817 5332 5029 5322 5220 4770 4898 5097 5481 5163 5172 5206 5100 5014 5067 4957 5464 5121 4740 5251 4833 4892 5204 4999 4500 4718 5000 5107 5471 4816 5074 5204 5598 5077 5296 5045 4805 4990 5070 4491 5330 5477 4767 5154 5258 
4789 4954 4628 4578 4818 4799 4703 4620 4830 4456 4629 4514 4700 4622 4946 4802 4406 4693 4714 4602 4514 4646 4531 4709 4718 4522 4750 4665 4406 4492 4701 4471 4338 4336 4903 4631 4835 4797 4840 4459 4444 4442 4296 4468 4637 4862 4533 4644 4776 4657 4951 4447 4947 4669 4506 5024 4409 4370 4710 4784 4508 4684 4368 4770 4258 4648 4280 4776 4687 4728 4417 4788 4321 4723 4471 4248 4623 4551 4489 4597 4329 4538 4665 4628 4593 4486 5163 4444 4590 4352 4699 4333 4348 4980 4337 4617 4713 4293 4805 4459 4464 4433 4499 4453 4738 4521 4809 4733 4860 4289 5246 4232 4626 4475 4728 4540 4457 4714 4986 4695 4549 4644 4797 4678 4707 4538 4508 4444 4777 4784 4925 4643 4572 4668 4099 4828 4812 4372 4803 4856 4471 5084 4708 5316 4777 5054 4920 4708 5058 4734 4640 4696 4384 4446 4438 4628 4314 4159 4923 4457 4733 4342 4679 4904 4287 4837 4593 4727 4481 4677 4466 4279 4538 4603 4452 4749 4667 4315 4436 4783 4885 4550 4790 4759 4444 4477 4299 4756 4924 4909 4909 4444 4691 4752 4950 4297 4902 4536 4519 4603 4609 4796 4731 4476 4524 4365 4954 4699 4605 4809 4403 4470 4551 4861 4731 4617 4582 4830 4692 4730 4414 4599 4603 4561 4991 4431 4543 4914 4546 4182 4322 4531 4885 4806 4491 4341 4666 4771 4887 4869 4776 4328 4719 4587 4066 4801 4801 4285 4614 4627 
5307 5206 5062 5012 5333 5434 5223 5200 5164 4607 5139 4826 4803 5024 5205 5254 4895 5033 4767 5361 4968 5105 5009 4878 4957 4944 4994 4950 4976 4868 5330 4671 4785 4973 5023 5030 5132 5203 5095 5081 4699 4925 5164 4849 4870 5060 4940 5198 5040 5143 5270 5044 5287 5235 4836 5644 4888 4796 5264 5193 4508 5001 4869 5275 4412 5091 4717 5164 5189 5319 4918 5214 4847 5001 5252 4794 5390 4991 5320 4952 4604 5178 5088 5045 5082 4981 5628 4864 4802 4841 5151 4686 4935 5097 4953 5288 5052 4673 5476 5263 5075 4897 4773 4633 5026 5358 5512 5163 5063 4783 5696 4840 5197 5128 5211 4706 4701 4970 5613 4810 5210 4925 5280 5354 4881 5049 5039 4916 5040 4956 5604 5270 5091 4949 4631 5468 5180 4779 5225 5361 5016 5566 5179 5622 5378 5132 5153 5030 5575 4982 5290 5176 4711 4862 4754 5044 4774 4610 5265 4761 5160 5016 5274 5029 4631 5015 5144 5392 4890 5317 4798 4767 5191 5032 4730 5007 4823 4691 4952 5183 4912 4988 5091 5282 4952 4634 5035 5145 5446 5349 5424 5120 5036 5243 5503 4724 5290 5058 5169 5263 4785 4975 4867 4862 5049 4831 5289 5046 5101 4939 4875 4949 5126 5175 5074 5003 5151 5120 5344 5083 5136 5173 4917 4744 5379 4667 4862 5232 5000 4683 5000 4990 5169 5363 4956 4991 5152 5338 5101 5240 5118 4910 5050 4901 4575 5126 5342 4764 5050 5089 
4888 4788 4634 4748 4980 5107 4864 4623 5146 4663 4803 4557 4635 4950 5115 5167 4668 4876 4760 4917 4947 4925 4821 4754 4504 4629 4573 5002 4879 4896 5077 4691 4559 4837 4978 5009 4805 4879 4946 4839 4719 4198 4884 4856 4892 5176 4672 4773 4803 5055 5106 4856 4934 4929 4837 5368 4561 4517 4750 4974 4369 4879 4621 5118 4457 4886 4329 5094 4779 5108 5057 5138 4594 4799 4886 4902 4770 4798 4686 4731 4673 4810 4945 5024 4865 4645 5489 4891 4762 4651 5077 4498 4861 4969 5047 5061 4907 4626 4847 4906 4770 4455 4862 4742 4687 5049 5226 4930 4760 4592 5254 4421 5236 4915 5154 4593 4510 4813 5120 4768 4845 4885 5092 5185 4915 4831 4632 4795 5033 4593 4881 4802 4843 4710 4382 4939 5176 4457 5075 5077 4513 5398 4999 5454 5182 4950 5031 4666 5333 5124 4834 5039 4903 4721 4531 4963 4584 4267 5074 4644 4980 4571 5030 5123 4480 4757 4907 4777 4464 5255 4629 4791 4976 4826 4442 4916 4601 4670 4977 4776 5118 4731 5000 4891 4801 4693 4592 5247 4893 4572 5185 4885 4786 5122 5068 4617 4905 4847 4556 5262 4886 5022 4903 5013 4817 4684 5311 4989 4835 4971 4516 4631 4858 5118 4903 4989 4974 4978 4826 4968 4548 4895 4719 4728 5064 4698 4599 5091 4681 4325 4553 4572 5230 5277 4727 4924 4862 5068 5057 5135 4727 4721 4936 4818 4501 5155 4883 4610 4816 4853 
5299 5078 4917 5246 5094 5281 5266 4617 5281 4356 4951 4938 4759 4883 5356 5083 4955 4867 5014 5041 4768 5191 4838 5125 5012 4821 4989 5015 5107 5197 5208 4795 4896 4954 5107 5015 5142 5078 5012 5065 4844 4796 5248 4742 5077 4931 4811 4864 4747 5179 5243 4641 5181 5033 4814 5291 4819 4919 5033 5131 4734 5219 4876 5167 4662 4719 4451 5382 5095 5220 5180 5067 4883 5013 5065 4656 5168 5140 4960 4822 4467 5011 5028 5124 4800 4994 5788 5185 4737 4636 4953 4812 4998 5196 4736 5142 5115 4730 5191 5165 4849 4709 4863 4718 5052 5024 5305 5416 5164 4742 5525 4601 4919 4916 5355 4886 4784 5130 5446 5066 5046 4798 5299 5220 4779 4908 4954 5082 5273 5080 5416 5175 4712 4745 4552 5196 5230 4606 5117 5197 4644 5328 5257 5555 5216 5190 5053 5113 5518 4868 5158 4773 4803 4764 4561 5052 4662 4776 5142 4735 5189 4917 4887 5077 4602 5114 4770 5151 4686 5104 4588 4578 5175 5039 4756 4872 4738 4531 4926 5361 5187 5084 5192 4989 5068 4822 5050 5166 5065 5105 5462 5037 4795 5251 5193 4708 5214 5126 4841 5188 5074 5186 5138 4992 5073 4638 5246 4981 4695 5012 4766 4960 5019 5424 5182 4960 5083 5116 5213 5271 4811 5306 4962 4801 5368 4768 4839 5225 5167 4599 5006 4979 5117 5544 4835 5034 5194 5312 5352 5312 4906 4762 5196 5087 4796 5173 5331 4946 5138 5105 
5795 5861 5719 5403 5623 5845 5741 5413 5692 5141 5643 5077 5296 5304 5797 5865 5361 5743 5522 5820 5756 5599 5536 5742 5694 5301 5621 5437 5760 5466 5692 5362 5353 5506 5582 5556 5562 5633 5706 5604 5443 5452 5454 5592 5736 5610 5531 5790 5485 5850 5583 5611 5833 5415 5512 6162 5283 5206 5499 5801 5170 5402 5244 5803 5101 5531 5046 5935 5411 5672 5630 5525 5491 5587 5647 5685 5765 5525 5523 5505 5109 5372 5603 5703 5372 5576 6128 5720 5372 5557 5348 5338 5465 5934 5582 5534 5615 5055 5550 5447 5194 5739 5413 5224 5529 5549 5918 5582 5315 5149 6349 4902 5723 5800 5932 5429 5070 5528 6067 5757 5538 5562 6042 5645 5405 5550 5518 5147 5757 5538 6014 5669 5286 5378 5361 5750 6016 5386 5682 5434 5268 6091 5226 6070 5613 5940 5810 5649 6028 5534 5567 5849 5361 5436 4970 5797 5400 4919 5801 5378 5663 5487 5808 5734 5174 5639 5458 5820 5525 5534 5420 5125 5631 5562 5495 5343 5470 5309 5340 5805 5621 5587 5762 5492 5318 5620 5334 5654 5718 5578 5967 5362 5544 5914 5631 5090 5733 5874 5603 5737 5500 5684 5635 5631 5708 5346 5990 5668 5661 5673 5056 5217 5833 5960 5674 5653 5544 5736 5554 5642 5505 5883 5686 5061 6125 5294 5371 5610 5368 5548 5275 5396 5767 5888 5612 5381 5804 6015 5607 5833 5586 5284 5532 5757 4935 5920 5664 5215 5498 5716 
5275 4919 5003 4981 4948 5381 5464 5135 5183 4606 5184 4819 4919 4999 5233 5364 5040 5081 4831 5081 5012 4903 4951 5296 4903 4878 4740 4978 4971 4978 5398 4803 4821 4835 5047 4995 4952 5152 5161 5025 5038 4683 4793 5045 5069 5057 4919 5107 5261 5267 5014 5132 5225 4725 5180 5494 4651 4710 5246 5011 4431 5048 5072 5299 4521 5005 4443 5348 4656 5109 5155 4857 4844 4809 5107 4922 5221 5093 5074 5033 4653 5053 5042 5046 5002 4855 5476 4923 4769 4874 5000 5073 4992 5251 4854 4969 4972 4572 5135 5189 4997 4769 4993 4908 4846 5205 5357 5053 5085 4720 5592 4700 5097 4950 5176 4773 4744 4719 5160 5110 5063 4984 5099 5125 4930 4824 4956 4927 5257 5047 5337 5093 4723 4955 4498 5246 5108 4642 5054 4966 4876 5222 5075 5570 5179 5315 5045 4782 5459 5245 5015 5094 4924 4931 4792 4802 4794 4573 5066 4796 5266 4985 5587 4986 4607 5220 5053 5195 4994 4971 4740 4538 4990 4860 4726 4914 4734 4483 4756 4899 4995 5075 5037 5259 4742 4604 4654 5131 5093 5010 5462 5161 5113 5310 5100 4914 5230 5250 5108 5063 4934 5065 5182 4847 4761 5028 5183 5001 4798 4893 4538 4917 4883 5585 5256 5099 5027 5143 5304 5126 4740 4779 4852 4702 5200 4655 4909 5050 4685 4502 4685 4580 5388 5450 5037 4969 5151 5544 5074 5222 5009 4667 5034 5060 4500 5499 5412 4683 4882 4997 
5580 5581 5522 5332 5451 5624 5612 5329 5734 4922 5285 5063 5073 5065 5583 5675 5379 5345 5125 5566 5613 5489 5452 5483 5284 5606 5213 5417 5290 5328 5557 5202 5341 5393 5717 5533 5404 5594 5417 5280 5356 5416 5369 5471 5169 5344 5585 5338 5365 5755 5528 5340 5623 5281 5353 5671 5343 5042 5562 5783 4891 5472 5286 5715 5036 5250 5001 5645 5307 5675 5430 5561 5417 5488 5403 5447 5345 5280 5439 5278 5061 5436 5674 5471 5391 5355 5730 5712 5102 5339 5478 5311 5535 5411 5148 5498 5443 5231 5752 5568 5337 5342 5474 5174 5335 5390 6018 5710 5478 5095 6036 4833 5786 5451 5759 5377 4907 5307 5759 5502 5292 5376 5697 5758 5352 5379 5075 5471 5462 5378 6091 5452 5194 5318 4903 5706 5914 5196 5472 5722 5210 5982 5717 5934 5609 5712 5402 5562 6094 5294 5663 5174 5476 5220 5172 5417 5508 5026 5579 5318 5707 5262 5586 5571 4895 5350 5334 5592 5404 5435 5288 5140 5399 5602 5340 5449 5240 5008 5329 5578 5682 5472 5612 5790 5285 5394 5429 5777 5797 5393 5910 5259 5555 5786 5763 5091 5759 5537 5340 5632 5383 5595 5393 5371 5502 5157 5814 5317 5380 5361 5014 5364 5289 5769 5402 5337 5458 5487 5607 5511 5533 5595 5352 5108 5739 5211 5201 5320 5448 5296 5403 5036 5370 5901 5573 5457 5862 5906 5672 5653 5487 5204 5594 5631 5088 5711 5495 5360 5497 5497 
5360 5315 5353 5119 4936 5273 5605 5210 5477 4774 5112 4813 4954 5136 5424 5329 5149 5196 4871 5049 5258 5325 5077 5089 5241 5177 4959 4960 5239 5037 5060 4806 5288 5295 5340 5118 5310 5159 5285 4847 4989 4926 5049 5109 5064 5087 4971 5211 5089 5426 5425 5081 5321 5012 4949 5589 5091 4739 5051 5406 4688 5124 5021 5364 4703 4991 4564 5425 4746 5305 5105 5403 4989 5170 5242 4967 5453 5126 5177 5068 4859 5361 5363 5298 5153 5024 5577 5330 4848 4622 5185 4817 5066 5435 5100 5188 4936 4798 5211 5299 5009 4836 5163 4995 4947 5356 5605 5176 5170 4958 5728 4676 5313 5118 5530 5058 4842 5238 5621 5262 5093 5193 5603 5246 5063 5227 4977 5255 5291 4987 5557 5031 5117 4997 4853 5579 5400 4911 5217 5274 5170 5759 5452 5708 5604 5397 5360 5147 5795 5027 5275 5149 5232 5238 4691 5312 4915 4527 5440 5078 5259 5008 5455 5688 4734 5018 5143 5304 4953 5076 4894 4766 5325 5242 4876 5025 5147 4867 5302 5147 5537 5419 5295 5720 4713 5073 5072 5592 5340 5059 5638 5124 5013 5539 5442 5059 5307 5378 5339 5598 5310 5308 5198 5014 5089 4955 5792 5114 5311 5287 4850 5056 5178 5643 5191 5241 5344 5108 5141 5251 4808 5406 5275 4863 5583 4986 4971 5302 5042 4755 5006 5088 5351 5570 5100 5034 5313 5735 5553 5393 5421 4660 5280 5184 4810 5578 5335 4907 5179 5353 
5008 4818 5140 4651 4978 5194 4987 4907 5104 4514 4879 4508 4706 4548 4942 4963 4646 5056 4777 5012 4912 5127 4700 4961 4901 4802 4761 4830 4716 5074 5020 4464 4783 4816 4989 4937 4840 4966 4896 4878 4591 4568 4653 4602 4479 4701 4640 4771 4867 4920 4913 4864 5016 4606 4836 5396 4512 4636 4742 4936 4543 4842 4938 4894 4697 4663 4423 5398 4784 4952 4789 4923 4608 4961 4811 4714 4826 4779 4816 4815 4531 4843 4751 5155 4639 4721 5293 4635 4883 4644 4872 4551 4635 4837 4781 5139 4750 4341 5010 4873 4728 4777 4805 4514 4635 4597 5285 4853 4614 4631 5487 4710 5204 4897 4965 4394 4282 4630 5277 4642 4916 4870 5166 4915 4899 4704 4762 4469 5120 4901 5180 5001 4581 4556 4323 5103 4874 4950 5071 4484 4576 5225 4815 5421 5286 5098 5037 4768 5383 4724 5023 4760 4713 4644 4405 4691 4701 4500 5113 4713 5028 4597 5079 5284 4607 4866 4590 4942 4743 4804 4650 4480 4875 4774 4712 4854 4616 4379 4904 4791 4982 4889 4908 5039 4597 4878 4700 5060 4937 4910 5110 4718 4805 5005 5036 4633 4958 5087 4805 4924 4833 4832 4815 4787 4761 4728 5201 4763 4569 4729 4458 4639 4769 5278 4733 4674 4826 4783 4770 4841 4759 4958 4805 4779 5244 4615 4754 4932 4823 4663 4676 4686 5275 5000 4753 4868 5018 5502 4923 4884 4876 4538 4824 5051 4524 4863 5041 4560 4912 4698 
5284 5006 5289 4843 4906 5300 5039 4922 5338 4514 5061 4538 4727 4743 5302 5150 4779 5258 4692 5048 4744 4905 4904 5117 4873 4727 5060 4764 4902 5012 5073 4737 4606 4949 4833 5246 4931 5118 5019 4929 4822 4847 4842 4599 5305 5020 4785 5024 5186 4978 5012 4907 5059 4883 4848 5371 4584 4461 5164 5132 4653 4827 4852 5234 4747 4981 4439 5238 4635 4988 5067 5001 4867 4878 5036 4900 5147 4949 4906 4668 4558 4920 5038 5236 4820 4904 5408 4956 5002 4556 4748 4731 4579 4900 4938 5040 5106 4671 5096 4974 5016 4791 4638 4597 5104 4911 5344 5127 4796 4390 5534 4669 5147 4780 5018 4885 4654 4953 5372 4964 4678 5139 5152 5030 5014 4920 4874 4790 4926 4715 5418 4980 4740 4798 4443 5242 5100 4811 4938 5035 4815 5467 4924 5450 5097 5175 4948 4940 5223 5224 5378 5094 4749 4767 4424 4828 4623 4199 4914 4983 4963 4949 5285 5190 4351 5052 4891 5074 4737 4830 4806 4491 4967 4625 4655 4628 4698 4713 5115 5375 5091 5006 4979 5212 4900 5058 4679 5071 5103 5003 5286 4808 5023 5252 4975 4659 5188 5045 4908 4929 5009 4971 5017 5030 5005 4665 5213 4854 4860 4862 4428 4965 5067 5260 5076 4882 4917 4866 5120 4897 4828 4850 4762 4822 5181 4857 4746 5146 5016 4693 4734 4743 5231 4968 4784 4819 5182 5272 4924 5031 4884 4733 5085 5246 4575 5166 5176 4567 5088 5010 
5030 4912 5193 4662 4893 5241 5013 4819 5099 4561 4973 4709 5042 4878 5105 5000 4817 4983 4557 5155 4982 5054 4918 5220 4913 4724 4804 5094 4773 4963 5351 4800 4803 4807 5068 5056 4863 4985 5029 4841 4912 4630 4928 5016 4835 4944 4660 4952 5203 5043 5369 4823 4931 4964 4974 5590 4751 4883 4892 5221 4654 5036 4791 5242 4557 4884 4504 5114 4593 4843 4795 4952 5095 4949 4923 5036 4970 4998 4856 4817 4602 4911 5045 4756 4786 4835 5581 4807 5006 4927 4804 4733 4500 5096 5058 4958 5032 4624 5338 4968 4567 4737 4699 4765 4898 4966 5221 5175 4739 4406 5452 4539 4977 4968 5253 4592 4682 4673 5455 4889 4829 4813 5084 5094 5029 4868 5072 4886 5127 4743 5410 4861 4986 4695 4881 5320 5268 4618 5060 5083 4621 5525 4794 5511 5048 5299 5193 4967 5216 4912 4964 5070 4916 4859 4708 4939 4744 4492 4995 4655 5234 4740 4812 5122 4675 5075 5087 4951 4909 5019 5020 4585 4948 4888 4798 4949 4845 4545 4932 4970 5179 4847 4789 4934 4716 4742 4606 5147 5164 5082 5116 4640 5293 5347 5173 4621 5206 5012 4814 4778 4853 4941 4954 4870 5018 4740 5303 4794 5102 4956 4651 5031 4833 4967 4879 4951 4819 5009 5116 4975 4747 5044 4707 4856 5222 4893 4933 4792 4646 4606 4961 4544 5079 5282 4830 4583 4975 5424 4976 5315 5193 4514 4790 4989 4608 5326 5089 4369 4804 5035 
5568 5238 5494 5123 5398 5683 5516 5148 5440 4964 5188 5067 5097 5016 5304 5180 5105 5064 5039 5275 5253 5214 5135 5651 5528 4985 5207 5063 5262 5426 5458 4882 5130 5208 5184 5313 5349 5463 5242 5383 5092 5167 5268 5112 5218 5046 4952 5426 5294 5408 5489 4941 5609 5268 4925 5704 4867 4897 5149 5536 4897 5424 4938 5474 4659 5228 4784 5806 5176 5205 5219 5426 5383 5084 5348 5095 5244 4958 5053 5187 4898 5073 5245 5214 5215 5136 5673 5280 5133 4999 5248 4912 5106 5194 5049 5364 5421 4691 5387 5187 5055 5323 5196 5085 5055 5402 5684 5528 5004 4656 5906 4745 5505 5168 5514 5107 4902 5162 5695 5127 5254 5333 5633 5351 5303 5042 5248 5218 5392 5004 5407 5313 5155 4959 4685 5448 5327 4836 5533 5484 4922 5923 5282 5781 5372 5454 5251 5322 5705 5416 5441 5235 5478 4896 4744 5018 5188 4634 5381 4875 5434 5144 5573 5349 4751 5069 5072 5511 5024 5421 4898 5056 5293 5244 4888 5159 5036 4781 5399 5405 5392 5131 5585 5393 5215 4906 5020 5344 5578 5249 5537 5307 5382 5506 5506 5070 5492 5440 5198 5467 5324 5419 5361 5219 5140 5054 5556 5053 4988 5204 4663 5173 5416 5599 5285 5439 5221 5261 5341 5364 5013 5139 5072 5216 5637 4875 4956 5278 5259 5094 5004 5067 5341 5759 5137 5416 5303 6025 5462 5566 5278 4743 5201 5320 4874 5395 5704 5001 5394 5299 
4523 4537 4986 4668 4676 5039 4979 4806 4874 4426 4836 4428 4649 4255 4964 4756 4535 4802 4586 4528 4629 4779 4739 4973 4476 4421 5115 4557 4326 4861 4840 4504 4308 4566 4284 4642 4925 4985 4683 4619 4645 4517 4603 4828 4426 4675 4737 4538 4570 4767 4528 4667 4984 4727 4462 5101 4375 4339 4803 4694 4333 4527 4481 4813 4133 4803 4260 4669 4561 4840 4646 4895 4564 4558 4975 4501 4785 4385 4552 4228 4297 4842 4866 4932 4630 4634 5094 4754 4772 4573 4577 4381 4573 4727 4486 4772 4910 4305 4681 4733 4746 4609 4550 4399 4521 4689 4895 4656 4550 4331 5315 4283 5097 4401 4852 4250 4377 4564 5021 4857 4441 4477 4781 4572 4738 4668 4314 4482 4652 4735 4950 4524 4588 4163 4106 4917 4900 4410 4501 4894 4596 5029 4648 5108 4553 4802 4755 4814 5043 4601 4843 4806 4720 4509 4467 4315 4386 4134 4748 4278 4779 4490 4951 5024 4294 4633 4567 4826 4500 4631 4522 4561 4530 4680 4453 4625 4513 4580 4490 4790 4892 4583 4939 5003 4614 4471 4530 4602 5018 4569 4896 4586 4932 4855 4882 4485 4923 4928 4556 4802 4585 4424 4660 4615 4656 4539 5090 4599 4652 4709 4148 4720 4595 4845 4820 4719 4704 4853 4823 4808 4647 4690 4664 4271 4953 4184 4394 4955 4729 4263 4485 4503 5083 5084 4506 4482 4828 5018 4828 4830 4552 4562 4693 4791 4071 4870 4880 4582 4519 4589 
5365 5605 4995 5209 5308 5454 5450 4961 5296 4740 5521 4977 4799 5259 5539 5239 5049 5455 4920 5298 5236 5373 4947 5206 5001 4941 5039 5301 5116 5298 5390 5006 4974 5193 5478 5241 5135 5359 5224 5285 5375 5047 5173 5218 5248 5199 5111 5258 5088 5694 5252 5322 5386 5116 5116 5828 4951 4869 5257 5398 4931 5361 4963 5571 4890 5239 4684 5342 5096 5531 5376 5079 5102 5047 5537 5146 5259 5172 5179 5436 4818 5375 5291 5301 4987 5207 5803 5340 5065 4941 5042 5049 5116 5455 5166 4961 5178 4866 4962 5232 5144 5051 4970 4720 5308 5189 5439 5429 5277 5003 5815 4675 5562 5234 5463 5231 5053 4978 5632 5351 5202 5188 5627 5549 5078 5166 4940 5255 5455 5030 5508 5314 5191 5236 4709 5375 5171 4868 5079 5182 5321 5689 5439 5726 5322 5634 5199 5225 5675 5361 5225 5192 4929 5221 4817 5243 5064 4711 5399 4987 5626 5178 5553 5331 4902 5276 5287 5653 5306 5312 4985 4782 5331 5068 5070 5260 5004 4836 5193 5404 5498 5140 5419 5384 5117 5018 5097 5701 5439 5171 5736 5102 5327 5476 5325 4751 5464 5379 5448 5277 5108 5263 5026 5322 5178 4925 5696 5269 5213 5375 4834 5212 5080 5492 5475 5434 5170 5209 5156 5176 4978 5282 5154 5175 5690 4894 4936 5522 5070 4854 5169 4791 5399 5566 5183 5047 5235 5839 5334 5565 5200 4935 5393 5507 4738 5451 5616 4950 5174 5289 
5599 5500 5667 5144 5508 5781 5593 5460 5592 4921 5647 5399 5063 5014 5542 5610 5211 5326 5224 5405 5330 5303 5435 5807 5417 5260 5388 5379 5503 5407 5582 5166 5262 5321 5569 5477 5138 5704 5558 5362 5140 5370 5199 5291 5433 5219 5118 5421 5436 5645 5760 5281 5457 5168 5398 5866 5102 5285 5376 5607 4914 5355 5086 5712 5115 5353 4911 5767 5231 5454 5309 5316 5569 5502 5273 5189 5267 5341 5215 5458 5001 5322 5530 5390 5209 5402 5867 5313 5405 5215 5202 5104 4970 5745 5196 5187 5345 5173 5512 5341 5177 5277 5191 5244 5411 5395 5487 5658 5359 5123 6121 4846 5717 5443 5702 5307 4985 5218 5881 5284 5372 5471 5699 5326 5434 5167 5380 5251 5566 5348 5698 5263 5077 5156 4739 5899 5629 5277 5486 5425 5170 5884 5245 5913 5510 5599 5444 5269 5885 5244 5422 5290 5308 5219 4989 5427 5211 5056 5372 5382 5383 5253 5471 5580 4967 5631 5423 5499 5156 5640 4908 4852 5406 5258 5226 5426 5121 4805 5278 5467 5554 5164 5474 5613 5331 4995 5086 5628 5716 5518 5875 5260 5421 5478 5484 4990 5645 5436 5345 5504 5444 5424 5372 5292 5470 5201 5699 5543 5518 5490 5025 5348 5240 5660 5573 5328 5460 5566 5442 5286 5129 5662 5496 5174 5858 4961 5312 5562 5210 5109 5123 5097 5564 5850 5231 5098 5431 5927 5485 5736 5480 5252 5376 5387 4959 5839 5870 5214 5516 5537 
4835 4962 5055 4983 4927 5427 4858 4693 4871 4427 4856 4586 4641 4504 4961 5259 4803 4809 4619 4885 4768 4946 5183 4987 4786 4890 4987 4718 4638 4989 5005 4778 4802 4585 4744 4802 4849 4852 4890 4862 5119 4496 4968 4534 4801 4880 4874 4721 4827 5037 5132 4772 5144 4735 4557 5248 4478 4479 4782 4994 4424 4992 4978 5262 4454 4908 4311 4938 4883 5039 4881 4867 4703 4891 4959 4846 4952 4713 4751 4796 4259 4926 5035 4836 4993 4755 5504 4838 4600 4630 4927 4698 4677 4866 4843 5057 4966 4542 5218 5056 4439 4817 4832 4611 4660 4987 5430 5018 4897 4374 5403 4620 5082 4890 5181 4527 4417 4739 5303 4938 4867 4685 5232 5183 4655 4945 4724 4791 4742 4594 5194 4740 4962 4785 4235 5114 4963 4691 4840 4959 4476 5418 5064 5244 4986 5137 5123 4853 5009 5050 4923 4849 4596 4610 4752 4761 4598 4394 4988 4535 5198 4490 5071 4906 4690 4978 4887 5062 4717 4991 4673 4463 4853 4932 4480 4678 4987 4586 4751 4892 5057 5144 4785 4973 4678 4762 4663 4960 4942 4979 5087 4915 5185 5023 5247 4719 5133 5180 4879 4833 4800 4920 4802 4666 4986 4595 5261 4882 4772 4925 4572 4501 4840 5367 5099 4567 4735 4921 4994 4919 4811 5003 4919 4687 5008 4628 4467 4900 4755 4574 4699 4708 5149 5189 4759 4691 4955 5241 4990 5161 4893 4494 5043 4905 4751 4939 5158 4662 4634 4782 
5491 5363 5236 5018 5055 5502 5218 5257 5636 4511 5180 4935 5050 5198 5397 5325 5094 5334 5113 5585 5195 5354 5322 5353 5276 5275 5189 5282 5383 5473 5746 5172 5083 5135 5366 5521 5209 5182 5475 5194 5309 4988 5251 4973 5188 5187 5024 5475 5397 5343 5362 5295 5444 4890 5198 5833 4832 4931 5252 5488 4824 5465 5028 5650 5033 5049 5068 5452 5096 5343 5183 5223 5055 5258 5349 5008 5444 5396 5394 5101 4758 5217 5498 5313 5242 5197 5914 5160 5108 5186 5243 5090 4866 5410 5241 5297 5479 4927 5396 5339 5154 5111 5031 5062 5203 5503 5760 5326 5070 4899 5809 4836 5426 5146 5667 5114 4993 5129 5718 5303 5321 5353 5599 5453 5311 5072 5100 5124 5243 5065 5525 5253 4840 5114 4955 5482 5442 5127 5327 5470 4995 5934 5216 5531 5366 5745 5407 5374 5452 5125 5344 5189 5140 5184 4694 5212 5111 4692 5443 5010 5501 5129 5535 5190 4912 5303 5209 5167 5260 5137 5141 4928 5357 5043 5260 5228 5188 4628 5291 5134 5609 5195 5108 5396 5132 5117 5215 5299 5501 5197 5488 5442 5501 5474 5562 5193 5542 5441 5131 5257 5316 5383 5248 5075 5297 5155 5570 5471 4923 5061 4978 4962 5472 5421 5426 5255 5122 5289 5176 5225 5134 5370 5485 5214 5725 4925 5154 5178 5236 5045 5242 5067 5550 5625 5090 5233 5170 5995 5494 5677 5088 5098 5367 5573 4834 5370 5300 4902 5218 5221 
5363 5642 5392 5163 5492 5579 5288 5107 5452 4764 5274 5012 5104 4981 5513 5433 5203 5402 5286 5241 5325 5321 5390 5564 5293 5145 5295 5103 5272 5322 5436 4973 5045 5194 5429 5293 5224 5576 5212 5296 5176 4911 5211 5086 5129 5419 5168 5249 5106 5480 5444 5296 5591 5094 5319 5859 5065 4744 5015 5357 5109 5614 5274 5722 5060 5053 5049 5498 5308 5509 5367 5467 5323 5143 5355 5207 5280 5068 5238 5314 5099 5254 5338 5312 5066 5291 5764 5299 5367 5123 4949 4904 5057 5537 5052 5311 5369 4913 5446 5205 5138 5285 5305 5068 5023 5388 5520 5468 5331 4726 6113 4840 5740 5375 5282 5124 4904 5272 5667 5353 5261 5230 5915 5436 5168 5266 5215 5061 5513 5396 5564 5178 5167 5229 4677 5585 5540 4968 5458 5424 5200 5765 5551 5909 5348 5613 5379 5164 5783 5630 5491 5341 5388 5186 4854 5463 5007 4579 5411 5189 5515 4928 5528 5548 4795 5438 5325 5669 5287 5426 5093 4654 5314 5279 4983 5228 5203 5056 5218 5312 5495 5399 5475 5625 4889 5404 4962 5525 5631 5274 5737 5166 5465 5798 5516 5032 5465 5510 5208 5444 5285 5361 5390 5289 5240 5168 5794 5351 5175 5432 4903 5418 5274 5641 5589 5155 5443 5469 5396 5256 5187 5382 5203 5198 5935 5040 5042 5364 5162 5001 5092 5140 5515 5418 5197 5177 5552 5884 5637 5706 5269 4962 5560 5413 4756 5383 5300 5030 5260 5338 
4897 5079 5038 4660 4840 4940 5083 4681 4886 4415 4782 4396 4653 4814 5031 4977 4525 5087 4708 4889 4889 4865 4815 5117 4746 4477 4966 4673 4790 4871 5025 4522 4875 4930 4974 4819 4989 5011 4791 4703 4716 4632 4868 4885 4902 4734 4596 4788 4675 5307 4763 4672 5124 4504 4689 5218 4307 4554 4953 4759 4563 4875 5029 5169 4330 4588 4095 4979 4799 4979 4975 4923 4906 4801 5026 4817 5080 4719 4528 4801 4452 5037 5035 5004 4514 4755 5162 4893 4556 4355 4784 4810 4615 5011 4648 4878 4694 4461 4785 4925 4829 4747 4715 4565 4913 4837 5185 4667 4642 4736 5410 4476 5017 4756 5119 4778 4584 4634 5412 4800 4813 4797 5070 5019 4956 4789 4490 4773 5047 4577 5178 4777 4660 4681 4575 5023 4960 4441 4960 4851 4587 5227 4923 5194 4796 5076 4882 4874 5215 4680 5092 4811 4718 4497 4400 4809 4587 4352 4857 4576 4826 4612 5142 5190 4538 4955 4780 4804 4717 5110 4642 4464 4613 4794 4560 4697 4693 4277 4958 5094 5094 4778 4879 4892 4864 4963 4732 5115 5180 4664 5282 4788 5025 5113 4918 4678 5017 4966 5002 4770 4772 4595 5220 4838 4831 4845 5440 4873 4896 4861 4460 4588 4727 5094 5008 4831 4604 4846 4815 5089 4528 4826 4871 4483 5137 4437 4653 4764 4849 4325 4547 4584 4780 5165 4727 4736 4929 5185 4885 4900 4637 4517 4760 5118 4640 5255 5090 4533 4903 4787 
5492 5727 5575 5298 5478 5830 5752 5311 5667 5094 5680 5172 5446 5552 5826 5699 5605 5508 5345 5448 5380 5603 5340 5536 5537 5296 5353 5375 5268 5544 5295 5403 5438 5237 5531 5637 5550 5733 5718 5208 5557 5295 5386 5241 5271 5576 5622 5668 5646 5606 5885 5318 5925 5438 5437 5875 5209 5360 5413 5980 5337 5505 5360 5593 5350 5311 5062 5804 5498 5855 5420 5461 5221 5612 5463 5403 5307 5317 5240 5336 5052 5549 5443 5580 5649 5333 6185 5500 5396 5281 5600 5447 5220 5650 5193 5315 5424 5292 5638 5507 5265 5431 5333 5279 5378 5835 5810 5636 5815 4788 6116 4985 5636 5452 5747 5368 5217 5653 5878 5480 5428 5372 5655 5633 5528 5202 5269 5432 5544 5388 5995 5556 5587 5230 4982 5851 5571 5118 5643 5513 5201 6038 5596 6296 5758 5761 5464 5492 6074 5340 5364 5455 5266 5762 5432 5457 5442 5053 5517 5150 5807 5339 5756 5829 5031 5780 5505 5746 5281 5492 5293 4927 5780 5530 5484 5560 5423 5169 5561 5797 5593 5381 5579 5583 5345 5268 5277 5515 5719 5703 5906 5298 5464 5846 5638 4991 5846 5589 5245 5526 5469 5679 5521 5277 5415 5224 5982 5764 5460 5348 4967 5366 5456 6004 5611 5618 5468 5653 5582 5665 5316 5554 5664 5286 5895 5476 5526 5492 5421 5287 5348 5301 5615 5602 5506 5360 5909 5809 5687 5756 5702 5107 5545 5767 4892 5838 5684 5147 5480 5596 
5049 5214 5294 4784 5423 5340 5145 5092 5217 4570 4867 4949 4978 4704 5280 5362 4942 4870 4776 5089 5192 5073 5065 5022 5069 5120 4885 4843 5080 5130 5231 5047 4880 5189 5199 5068 5146 5006 4970 4782 5093 4895 5349 5132 4875 4972 5034 5259 5084 5204 5282 4946 5190 4916 4922 5538 4589 4945 4995 5246 4645 5266 5082 5392 4851 4944 4786 5312 4633 5167 4911 5099 5241 5185 5158 4846 4951 4973 4951 4977 4905 5053 4839 5070 5140 4887 5588 5263 4953 4983 5215 5026 4976 5345 4893 5223 4997 4589 5402 4928 5113 4951 4819 4880 4974 5084 5411 5392 5194 4628 5539 4475 5273 5105 5299 4915 4640 5163 5609 4887 5047 5148 5701 5215 5169 4867 5043 5057 5068 5089 5474 5337 4970 4797 4529 5386 5463 4709 5181 5053 4830 5457 5108 5470 5474 5576 5295 5224 5591 5126 5198 5145 4661 5036 4729 4991 4883 4649 5345 4788 5256 4775 5089 5177 4403 5084 5021 5309 5043 5262 4942 4896 5007 5272 5084 4998 4743 4779 5202 5027 5290 5027 5299 5266 4950 5084 5081 5211 5381 5109 5515 4969 5177 5282 5376 4828 4998 5324 5122 5097 5115 5352 5006 4812 4921 5006 5512 5184 4861 5027 4559 5047 5341 5424 4927 5212 5199 5132 5413 4987 5021 5522 4977 4961 5278 4822 4940 5008 4765 4836 4750 4966 5234 5245 5084 4955 5373 5825 5400 5278 4938 4862 5314 5086 4726 5238 5101 4856 5283 5111 
4891 4932 4679 4870 4824 5138 5023 4763 5057 4384 4781 4547 4820 4514 4884 4634 4635 4971 4454 4949 4962 4725 4868 4960 4854 4621 4894 4603 4750 4803 4865 4455 4513 4639 4642 5163 4763 4957 4918 4691 4801 4390 4790 4847 4665 4788 4857 4659 4936 5197 4960 4704 5012 4716 4613 5410 4494 4246 5113 5229 4664 4822 4694 5104 4464 4816 4094 5050 4520 4685 4737 4720 4580 4992 4670 4643 4901 4762 4544 4574 4514 4945 4548 4805 4778 4623 5221 4495 4462 4557 4949 4835 4690 4942 4481 4711 4814 4493 5110 4807 4588 4789 4792 4699 4845 4819 5334 4850 4898 4104 5383 4398 4832 4996 5146 4638 4456 4960 5070 4978 4783 4802 5001 5143 4654 4877 4740 4832 5050 4556 5076 4835 4737 4403 4370 5044 4970 4513 4696 5043 4778 5389 4929 5220 4949 5088 4724 4799 5219 4689 5156 4565 4783 4655 4548 4710 4454 4218 4978 4515 4920 4798 4902 4972 4439 4793 4539 4708 4630 4804 4663 4427 4782 4679 4472 4866 4788 4626 4705 5015 4762 5018 4842 5022 4431 4729 4975 4826 5169 4617 4849 4978 4913 5027 5095 4648 4874 4824 4639 4870 4738 4884 4830 4705 4708 4740 5187 4870 4740 4547 4329 4846 4909 5161 4875 4872 4769 5063 4727 4978 4732 4899 4651 4636 5416 4464 4489 5077 4753 4461 4597 4616 5283 5197 4581 4626 4602 5383 5188 4877 4647 4528 4876 5148 4331 5019 5346 4557 4817 4736 
5138 5000 5165 4821 4928 5094 5079 4991 5015 4519 4972 4750 4643 4766 5151 5130 5100 4562 4912 4726 4917 4974 5015 4965 4791 4973 5056 4843 4848 5292 5197 4715 4769 5048 5083 5082 4870 5056 5120 4665 5134 4576 4909 5028 4517 4989 4813 4869 4838 5120 4948 4936 5269 4789 5198 5511 4736 4501 5095 4957 4737 5296 4863 5277 4757 4724 4535 5159 4677 5094 4688 5050 4735 4810 5302 4760 4858 5025 4981 4742 4474 5258 5220 4816 4774 4862 5626 5022 4990 4987 5094 4697 4974 5233 4890 4858 4780 4592 5234 4970 4676 4875 4662 4682 4730 5193 5259 4907 4992 4701 5649 4457 5023 4860 5161 4788 4691 4978 5216 5114 4956 5063 5404 5309 4840 4795 4827 4800 5104 4726 5294 4819 4943 4709 4296 5278 5352 5012 5225 5006 4946 5355 5052 5450 5197 5249 5123 5050 5425 5164 5163 5078 4905 4859 4995 5051 4823 4304 5231 4681 5215 4533 5254 5274 4356 5050 4908 5236 4690 5064 4658 4457 4965 5066 5105 4923 4814 4593 5116 4975 5003 4824 4843 5187 4788 4733 4598 5115 5171 4979 5419 5079 4884 5081 5249 4554 5113 5290 4845 5088 4992 5028 4823 4973 4959 4594 5300 5028 5056 5010 4556 4728 4944 5468 4852 5057 4718 5044 5048 5113 4894 5146 4825 4775 5403 4928 4733 4929 4916 4613 4784 4854 5171 5061 4913 4762 5144 5646 5217 5233 4959 4760 4982 5206 4740 5195 5238 4802 4847 4981 
5275 5070 5220 4800 5221 5404 5335 5141 5393 4851 5315 4791 4930 5241 5311 5493 5052 5047 5060 5062 5272 4904 5041 5173 5115 4938 4961 5054 5056 4903 5297 4848 4930 5019 5168 5082 5016 5165 5039 5050 4895 4728 5032 5331 4899 5267 5133 5187 4972 5305 5460 5028 5010 4846 5020 5578 4607 4980 4958 5272 4679 5035 4986 5415 4888 5181 4459 5448 4945 5223 5351 5039 5174 4955 5252 5002 5025 4929 5158 5198 4780 5148 5096 5104 5006 5019 5615 5372 5163 5032 5194 5062 5165 5408 4727 4981 4979 4726 5103 5056 4968 4917 5146 4902 5097 5142 5526 5026 4943 4688 5750 4667 5117 5174 5309 4981 4753 4987 5538 5113 5079 5294 5446 5315 5138 5080 5055 5276 5248 4908 5550 5199 5106 4951 4519 5446 5224 4735 5362 5223 4796 5488 5066 5761 5390 5299 5209 4800 5593 5178 5242 5189 4966 4885 4688 4878 4699 4485 5175 4924 5276 5167 5238 5379 4533 5036 4953 5193 4938 5228 4886 5012 5140 4944 4773 5165 5096 4940 5021 5109 5202 5226 5375 5307 5172 4823 4858 5266 5459 5184 5558 5082 5126 5413 5358 4733 5416 5304 4988 5184 5113 5349 5265 5113 5172 5088 5526 5285 5280 5148 4692 4911 5135 5376 5158 5084 4933 5124 5097 5253 4639 5217 5191 4945 5343 4960 5076 5267 4936 4819 4836 4920 4982 5458 5136 5335 5261 5624 5233 5464 5222 4793 5046 5320 4791 5244 5599 4760 5097 5274 
5088 4786 5217 4906 4923 5080 5090 4825 4919 4553 5037 4487 4752 4892 5323 5105 4926 5265 4840 4827 4777 5130 4909 4901 4821 4906 4887 4865 4846 5146 5126 4610 4884 5145 4958 4694 5192 4985 4915 4946 4679 4810 4950 4749 4775 4937 4680 4795 4921 5199 5092 4802 4874 4869 4705 5409 4685 4766 4837 4982 4491 4976 4937 5149 4766 4511 4443 5309 4928 4775 4822 4876 5036 4861 4884 4632 4897 4932 4608 5062 4583 4932 4931 5182 4571 4865 5335 4997 4514 4487 4781 4804 4638 5471 4765 5058 5000 4435 4773 4899 4861 4604 4917 4545 4590 4973 5260 5080 4916 4663 5604 4327 5315 4697 5043 4739 4547 5100 5567 4775 4621 4832 5279 4955 5029 4900 4738 4941 4863 4874 5228 4948 4954 4737 4361 4912 5188 4662 5251 4990 4563 5396 5168 5608 5183 4991 4897 4925 5466 4893 5071 4685 4920 4889 4766 5039 4492 4443 4942 4767 5060 4865 5070 5042 4527 4754 4992 5043 4869 4941 4315 4617 4761 4869 4712 4938 4689 4479 4905 4944 4941 5038 5007 5080 4696 5042 4941 5169 4813 4887 5390 4795 4971 5337 5129 4906 5275 4872 4776 5015 4939 4936 5127 4708 4939 4750 5400 4849 4880 4934 4671 4684 4800 5464 5003 4796 4809 5003 4708 5008 4754 5192 4912 4847 5069 4785 4890 4934 4743 4576 4554 4348 4992 5238 4717 4819 5060 5310 5019 5185 5013 4672 4972 5062 4523 5241 5191 4664 4870 4655 
5554 5574 5505 5332 5617 5646 5802 5257 5536 4950 5239 5219 5328 5217 5527 5569 5311 5835 4965 5300 5429 5748 5056 5645 5287 5173 5110 5158 5183 5312 5496 5232 5474 5293 5421 5491 5252 5558 5396 5157 5368 5326 5477 5164 5486 5172 5248 5050 5299 5785 5471 5267 5612 4968 5358 5805 5068 5220 5557 5783 4928 5360 5272 5579 5164 5268 4795 5881 5073 5356 5335 5323 5325 5340 5301 5205 5682 5084 5268 5229 4802 5227 5547 5502 5216 5236 5867 5432 5196 5190 5355 5047 4948 5590 5250 5386 5452 4989 5592 5344 5017 5129 5346 5041 5285 5378 5606 5584 5143 5048 6151 4957 5431 5393 5696 5256 4856 5538 6013 5416 5562 5636 5531 5464 5246 5472 5180 5189 5569 5131 5907 5384 5207 5232 4930 5800 5530 5056 5265 5252 4939 5701 5479 6012 5493 5696 5542 5507 5850 5468 5662 5433 5310 5259 4803 5552 5288 4768 5431 5251 5569 5020 5705 5781 5063 5569 5374 5480 5124 5423 5079 5043 5503 5474 5348 5196 5236 4802 5581 5634 5744 5396 5481 5459 5118 5296 4983 5470 5496 5451 5606 5021 5298 5560 5401 4829 5397 5746 5282 5282 5412 5337 5510 5402 5453 4998 5699 5495 5084 5292 4588 5099 5508 5927 5436 5252 5589 5441 5504 5309 5188 5484 5487 5052 5576 5275 5465 5367 5179 4869 5340 5098 5524 5751 5230 5336 5586 6069 5357 5660 5506 4819 5674 5433 4931 5658 5730 4940 5343 5475 
5497 5096 5141 4868 5099 5619 5424 5020 5477 4842 5217 4813 4821 4923 5322 5238 5222 5121 4851 5202 4995 5382 5161 5421 5156 4958 5085 5070 4883 5287 5231 4905 4632 4814 5135 5353 5109 5103 5007 5106 5321 4800 5117 4989 5175 5084 5150 5081 5054 5103 5167 4970 5303 5186 5200 5637 4763 4811 5341 5295 4680 5046 4895 5441 4686 5069 4445 5324 4893 5185 5026 5226 5120 4969 5257 5080 5291 5048 5019 4816 4621 5239 5189 4981 5217 4923 5491 5150 5111 4921 5245 4868 4940 5293 5011 5305 5214 4793 5138 5362 4950 4832 4790 4758 4938 5247 5378 5213 5148 4795 5735 4619 5333 5240 5427 4903 4893 4960 5306 5499 5016 5141 5342 5216 4962 5221 4768 5033 5491 4836 5323 5160 4966 4962 4464 5441 5212 4935 4955 5161 4796 5766 5307 5630 5107 5372 5144 5017 5493 5276 5370 5192 5065 5022 4688 5015 4960 4644 5174 4812 5313 4906 5399 5274 4727 5237 5160 4973 5014 5084 4845 4937 4915 4978 4818 4960 4945 4755 4979 5271 5282 5165 4955 5293 4734 5053 4833 5313 5285 5108 5355 4778 5206 5364 5413 5065 5050 4933 5253 5207 5211 5225 4988 4935 5299 4925 5429 4993 5088 5182 4420 4965 5109 5543 5274 5020 5346 5125 5073 5058 4909 5222 5100 5084 5293 4850 5068 5181 4910 4711 4838 4663 5319 5372 4809 4864 5073 5551 5304 5273 5072 4944 5062 5427 4679 5478 5134 4649 4963 5020 
5081 4888 4804 4664 4794 4882 5082 4679 4949 4212 4573 4623 4472 4749 5010 5152 4815 4953 4744 4849 4846 4583 4761 4715 4942 4930 4690 4846 4858 4837 4699 4239 4686 4718 5004 4699 4704 4664 4797 4710 4615 4531 4674 4681 4746 4717 4594 4874 4751 4806 4997 4495 5119 4695 4667 5156 4456 4500 4791 4880 4395 4932 4619 5026 4360 4677 4299 5081 4723 4957 4690 4920 4917 4785 4799 4612 5009 4784 4654 4773 4466 4680 5005 4590 4486 4574 5218 4958 4693 4509 4532 4314 4406 4925 4575 5119 4671 4291 5030 4875 4784 4555 4617 4479 4625 4836 5244 4843 4766 4472 5405 4301 4989 4827 5177 4737 4305 4619 4995 4690 4814 4646 5157 5049 4906 4732 4682 4719 4816 4745 5200 4828 4601 4796 4543 5231 5080 4631 5088 4851 4217 5023 4770 5187 5029 4909 4778 4680 5106 4606 5076 4612 4730 4641 4552 4793 4522 4509 4848 4488 4992 4599 4799 5117 4260 4589 4772 4812 4765 4929 4563 4463 4859 4805 4689 4808 4700 4323 4656 4780 4865 4812 4905 4835 4748 4799 4733 5011 4937 4874 5147 4736 4893 4913 4859 4322 4935 4815 4937 5096 4860 4821 4701 4851 4535 4482 5361 4673 4593 4872 4284 4762 4726 5152 4809 4705 4720 4618 4815 4777 4688 4890 4739 4514 4953 4542 4773 4831 4629 4390 4620 4636 5062 5098 4542 4760 4881 5304 4821 5321 5005 4404 4766 5074 4401 4909 5050 4752 4879 4771 
5507 5311 5099 5178 5275 5263 5330 4838 5479 4715 5315 4897 4863 5037 5290 5322 4965 5235 4904 4973 5195 5394 5045 5213 5219 4957 5099 4965 5198 5269 5229 5133 4973 5193 5192 5084 5275 5233 5388 4951 5208 5109 5109 5280 5319 5293 5095 5082 5090 5543 5087 4916 5341 5028 5129 5715 4733 4942 5171 5420 4850 5240 5259 5212 4556 5030 4592 5352 5074 5386 5344 5199 5160 5019 5382 5291 5135 5088 5206 4893 4724 5199 5412 5199 4999 5077 5819 5353 4901 5066 5154 5018 5052 5270 4829 5460 5240 4582 5368 5028 4961 4914 5156 4829 4977 5146 5558 5413 5246 4803 5723 4981 5157 4992 5520 4945 4748 5077 5397 5218 5093 5308 5209 5400 4935 5133 4899 5035 5246 5063 5834 5378 4906 4911 4821 5494 5338 4724 5416 5367 4790 5405 4902 5692 5294 5472 5111 5235 5502 5262 5024 5179 4882 4678 4789 5083 4930 4644 5130 4938 5153 5358 5387 5398 4762 5161 4876 5232 4722 5366 4990 5072 5287 5206 4978 5013 4865 4616 5043 5174 5147 4899 5185 5090 5312 4840 4922 5313 5398 4941 5602 4913 5142 5659 5197 4586 5121 5332 5238 5258 5307 5141 5106 5172 4921 5012 5401 5202 4910 4898 4586 5063 5220 5394 5008 5132 5202 5125 5019 5435 5197 5175 5348 4992 5294 4946 4933 5070 5156 4609 5054 4786 5103 5267 5098 5037 5237 5759 5249 5447 4995 4784 5495 5416 4541 5419 5403 4967 5213 4975 
5341 5396 5327 5454 5254 5496 5897 5081 5394 4886 5297 5014 4777 4949 5674 5385 5337 5160 5090 5130 4964 5373 5405 5319 5190 5272 5184 5186 5329 5301 5647 5064 4849 5136 5439 5156 5134 5414 5401 5040 5170 4809 5367 5386 5155 5065 5285 5187 5198 5634 5359 4932 5330 5017 5215 5725 4893 4950 5048 5378 4994 5587 5255 5675 5101 5206 4770 5558 5164 5525 5184 5588 4904 5132 5430 4958 5421 5090 5301 5174 4722 5240 5274 5236 5071 5089 5867 5397 5153 4835 5238 5178 5130 5448 4941 5214 5238 5044 5378 5363 5275 5273 5178 4978 5242 5301 5466 5380 5317 4887 5735 4689 5320 5335 5671 5313 4930 5251 5603 5238 5316 5265 5575 5552 5417 5031 5211 5059 5357 5171 5492 5366 5049 5080 4695 5541 5363 4889 5300 5297 5074 5532 5450 5896 5544 5382 5379 5205 5868 5144 5391 5350 5330 5160 4523 5350 5079 4768 5374 5027 5507 5128 5396 5391 4856 5174 5073 5610 5135 5299 4884 4943 5324 5276 4825 5067 5105 4794 5293 5615 5331 5083 5343 5407 4961 5213 4977 5431 5679 5240 5942 5076 5180 5354 5293 5034 5493 5457 5238 5448 5172 5274 5532 5381 5223 4762 5630 5053 5228 5362 4675 5216 5281 5843 5475 5194 5286 5239 5587 5266 4984 5408 5255 4935 5650 5228 5045 5540 5163 5054 4919 5283 5530 5749 5169 5479 5363 6170 5464 5575 4949 5114 5324 5314 4650 5706 5546 5038 5446 5316 
4954 4837 4914 5012 5146 5180 5115 4717 5043 4480 5155 4657 4615 4804 5092 5201 4627 5163 4532 4940 5027 5048 4900 5109 4999 4824 4906 4698 5014 4845 5174 4814 4586 4716 5150 5012 4639 4966 4907 4724 4899 4535 4776 5087 5013 5102 4923 4819 4815 5059 4971 4812 4990 4726 5101 5336 4568 4840 4915 4878 4708 5036 4917 5222 4742 4757 4573 5143 4891 5169 5025 4896 4964 5004 5176 4839 5066 5013 4827 4811 4508 4867 5040 4802 4834 4889 5296 4898 4778 4872 5044 4858 4623 5128 4712 4951 4994 4561 4956 5180 4816 4408 4920 4524 4967 4882 5189 4994 5079 4593 5357 4572 5006 4798 5214 5019 4612 4808 5056 5048 4922 4740 4983 4867 4988 4650 4787 4942 5249 4783 5157 4899 4980 4663 4475 5211 5385 4484 5078 5120 4664 5333 4839 5447 5265 5195 4906 5021 5432 4828 5059 5200 5044 4848 4549 4859 4834 4679 4670 4592 5233 4657 5243 5022 4613 4910 4886 4844 4711 4827 4883 4630 4895 4674 4639 5047 4664 4655 4915 4790 4930 4952 4837 5046 4946 4700 4710 4980 5143 4899 5326 4867 5271 5081 5267 4863 5170 5084 5155 4984 4936 4859 4987 4711 4990 4896 5338 4835 5044 4838 4398 5003 4736 5098 5051 4668 5102 4718 5089 5055 4624 5052 5048 4600 5122 4673 4803 5022 4668 4591 4816 4740 5054 5168 4836 4868 5050 5552 4924 5213 5138 4696 5031 5158 4525 5205 5095 4685 4728 4784 
4908 4965 4791 4553 4907 5039 4988 4802 4995 4539 4755 4477 4690 4725 4907 4767 4629 4801 4821 4811 4766 4857 4556 4922 4564 4611 4866 4680 4806 4855 4778 4383 4766 4701 4890 4966 4671 5037 5106 4886 4864 4561 4754 4546 4792 4761 4687 4989 4590 4641 5106 4786 5007 4783 4836 5337 4455 4599 4779 5021 4357 4805 4802 5046 4479 4788 4148 4859 4798 4804 4619 4884 4758 4735 4906 4762 4832 4754 4706 4510 4522 4706 5119 4980 4713 4511 5355 4761 4762 4806 4654 4482 4655 4718 4567 4880 4691 4329 4926 4881 4575 4673 4767 4544 4791 4800 5210 4734 4786 4552 5489 4253 4923 4880 4935 4786 4454 4835 5038 4981 4808 4801 5186 5056 4976 4745 4571 4632 5087 4852 4994 4930 4479 4762 4200 5052 5079 4473 5060 4886 4513 5151 4904 5277 4633 4898 4852 4640 5185 4878 4978 4891 4657 4710 4572 4913 4620 4567 4904 4495 4856 4447 5201 5107 4472 4787 4782 4931 4512 5131 4779 4026 4858 4753 4558 4809 4647 4483 4632 5028 4827 4612 4962 4806 4717 4714 4543 5049 5095 4734 5233 4511 5042 4920 4856 4418 5007 4849 4721 4760 4681 5002 4745 4681 4765 4531 5204 5009 4661 4967 4395 4767 4750 5091 5032 4793 4824 4692 4876 4713 4686 4825 4751 4696 5082 4437 4668 5053 4704 4487 4566 4685 4993 5129 4729 4599 5047 5083 4892 5172 4900 4715 4873 5125 4305 5078 5185 4590 4841 4935 
4941 4879 5077 4775 5007 5323 5036 4853 5103 4550 4582 4898 4588 4555 5291 4791 4700 4985 4722 4969 4908 4938 5148 4928 4930 4872 5092 4700 4942 4959 5180 4759 4505 4904 5107 4791 4966 4866 4934 4672 4885 4593 4819 4966 4738 4887 4761 4674 4807 5208 5105 4736 5282 4737 4732 5258 4527 4577 4884 5071 4426 5165 4730 5407 4472 4789 4493 5164 4910 5002 4888 5126 4875 4801 4909 4644 4876 4816 4935 4806 4487 4804 5009 4928 4880 4857 5474 4951 4836 4690 4974 4786 4774 4883 4686 5259 4637 4681 5541 5062 4712 4991 4935 4774 4938 4916 5403 5054 4727 4640 5454 4702 5212 5074 5063 4508 4463 5038 5226 4786 4771 4837 5159 5190 4785 4813 4821 4995 4991 4872 5106 4842 4609 4650 4286 5159 5092 4687 4885 5142 4602 5290 5177 5349 5146 5356 5070 5224 5368 4996 5091 5000 4930 4769 4831 4896 4630 4642 5247 4503 5229 4744 4951 4898 4386 5194 4850 5004 4881 5038 4905 4586 4706 4742 4679 5057 4743 4652 4887 4882 5232 4958 4831 4997 4711 4895 4545 5327 5379 5128 5449 4915 5075 5383 5060 4751 5079 4977 4966 5075 4781 4985 4962 4800 4775 4709 5226 5010 4850 5063 4751 5029 4760 5063 5326 4933 4986 4982 4964 4949 4910 4937 4809 4816 5307 4801 4676 5097 4812 4234 4712 4941 5165 5421 4945 4794 5056 5441 5066 5177 4961 4640 4985 4998 4408 4990 4972 4683 4786 4905 
5476 5375 5453 5195 5129 5561 5292 5234 5702 5021 5339 5001 5049 5171 5516 5430 5144 5123 5093 5173 5166 5506 5238 5281 5227 5054 5137 5309 5153 5214 5434 5097 4985 5309 5298 5371 5433 5240 5486 5261 5084 5274 5281 5137 5425 5341 5089 5335 5331 5420 5387 5082 5375 5098 5092 5720 4936 4980 5265 5594 4596 5441 5062 5666 5015 5187 4702 5617 5041 5214 5092 5371 5239 5187 5170 5160 5136 5367 4974 5253 4878 5190 5387 5640 5323 5292 5720 5119 5194 4991 5206 4835 5154 5469 5207 5196 5172 4717 5348 5466 4934 5057 4877 4979 4949 5246 5661 5402 5175 5022 5865 4835 5596 5235 5518 5366 4845 5164 5710 5338 5118 5157 5503 5400 5018 5284 5216 5261 5240 5037 5620 5278 5099 5162 4967 5499 5591 5132 5273 5385 4886 5783 5377 5784 5268 5538 5761 5352 5937 5256 5441 5096 5071 5007 4748 5476 4976 4562 5428 5195 5251 5184 5612 5178 4785 5542 5140 5322 5139 5306 5010 4786 5255 5208 4790 5148 4914 4855 5406 5332 5442 5122 5357 5530 5033 5115 5119 5760 5552 5291 5824 5121 5143 5489 5562 5010 5284 5217 5088 5402 5118 5213 5027 5047 5269 4834 5591 4999 5048 5588 4667 5254 5350 5888 5300 5224 5130 5243 5361 5368 5194 5462 5310 5274 5719 5152 5232 5493 5116 4837 4972 5243 5411 5614 5129 5045 5405 5595 5444 5461 5167 5044 5486 5389 4672 5710 5430 4891 5219 5116 
5094 4999 5271 4910 5051 5390 5191 5121 5199 4916 5212 4769 5111 5055 5385 5031 5075 5232 5011 5241 5354 5357 5216 5246 5269 5094 5094 5025 5028 5032 5413 4724 4676 4859 5270 5200 5211 5366 5225 4997 5149 4743 4883 4911 5094 5165 5096 5141 5032 5263 5378 4926 5310 5071 5197 5381 4920 4792 5207 5390 4844 5262 5206 5601 4959 5220 4554 5696 4927 5147 4986 5039 4938 5031 5368 5032 5180 4919 4979 5064 4867 5273 5245 5216 5048 5057 5789 5114 5207 4980 4935 4941 4946 5257 5096 5033 5297 4800 5086 5338 5068 4959 4885 4970 4932 4919 5321 5229 5008 4881 5739 4608 5401 5251 5165 5023 4831 5182 5628 5028 4946 5102 5324 5281 5396 5152 4942 4910 5230 4824 5472 5200 4993 4910 4705 5399 5284 5018 5133 5210 4928 5393 5427 5772 5067 5580 5308 5200 5755 5202 5424 5211 5095 5050 4744 5231 4855 4641 5412 4833 5095 4977 5262 5463 4676 5453 5269 5300 5110 5249 5031 4705 5166 4944 5098 5228 5016 4708 5195 5291 5418 5180 5129 5406 4909 4988 4823 5702 5309 5165 5610 5033 5269 5342 5582 4916 5060 5309 5104 5294 5009 5159 5021 4958 5017 5171 5630 5320 5352 5320 4615 5206 4991 5414 5192 5129 5055 5293 4941 5256 5135 5200 4923 5069 5425 4959 5110 5282 4994 4697 5083 5133 5512 5286 5174 4947 5148 5552 5332 5397 5314 5075 5157 5304 4786 5364 5566 4505 5221 5195 
5181 5019 5107 4573 4953 5164 5100 4675 5227 4523 4927 4532 4837 4953 5163 4930 4867 5065 4665 5046 4987 5244 4633 5051 5036 4732 4766 4892 5004 4626 5069 4799 4837 4770 5114 4933 5119 5086 5157 4916 5005 4699 4722 4805 5066 4756 4743 5065 4911 5013 5398 4894 5308 4956 4848 5346 4815 4480 4781 5245 4484 5099 4685 5320 4483 4788 4541 5335 4870 5106 4910 4724 4753 4810 5209 4753 5075 4600 4871 4852 4558 4755 5066 5012 4837 4792 5649 4842 4797 4675 4844 4422 4405 4894 4913 4848 5193 4754 4989 4711 4554 4870 4880 4713 4831 4802 5191 5163 4901 4500 5679 4457 4788 5081 5283 4931 4846 4990 5271 5038 4820 4926 4861 5041 5042 4988 5064 4843 5166 4898 5228 4894 4520 4860 4545 5189 5274 4703 4940 5074 4822 5338 5001 5439 4837 5280 4965 4956 5565 4852 4804 4965 4850 4677 4601 5109 4845 4468 5176 4813 4961 4818 4918 5351 4674 5015 4878 5078 4876 5002 5021 4351 5079 5201 4743 5078 4844 4636 4771 5012 5250 4784 5027 5044 4743 4820 4519 5492 5134 5122 5414 4845 5133 4951 5126 4448 5174 4962 4711 4833 4816 5008 5046 5054 5080 4731 5244 5338 5022 5272 4636 4845 5118 5529 5440 4981 4993 5057 4774 4916 4767 5069 4950 5001 5118 4606 4776 5153 4988 4420 4731 4795 5077 5180 4858 4620 5194 5197 5084 5216 4990 4552 4826 5218 4528 5120 5024 4633 4954 5055 
5594 5463 5178 5462 5246 5661 5567 5242 5417 4736 5389 4789 4833 5058 5651 5515 5274 5443 5058 5317 5362 5439 5171 5423 5326 4953 5142 5191 5384 5206 5383 5107 4987 5091 5544 5181 5154 5204 5432 5025 5300 4936 5103 5340 5100 5155 5089 5238 5379 5622 5653 5185 5525 4935 5122 5821 4855 5025 5197 5335 5032 5355 5004 5433 4823 5133 4622 5571 5146 5267 5308 5300 4933 5271 5390 5267 5272 5275 5065 5188 4813 5217 5410 5554 5033 4995 5702 5243 5187 4966 5368 5060 5027 5467 5147 5188 5154 4787 5323 5346 5188 5154 5054 5039 5021 5274 5577 5215 5219 5037 5677 4922 5411 5223 5638 5106 4785 5159 5556 5332 5438 5317 5391 5512 5242 5049 5196 5051 5242 5234 5733 5325 5166 5127 4934 5710 5396 5310 5181 5377 5000 5769 5419 5895 5603 5460 5338 5369 5667 5281 5424 5204 5161 4937 4897 5149 5186 4851 5275 4970 5494 5107 5347 5385 4726 5333 5221 5219 5082 5350 5441 4983 5468 5177 5002 5465 5297 4622 5520 5288 5394 5288 5394 5341 5163 4851 5130 5565 5379 5350 5608 5218 5104 5498 5486 5246 5420 5255 5290 5422 5322 5219 5354 5156 5044 5313 5667 5383 5167 5154 4900 5039 5485 5647 5532 5411 5342 5135 5430 5371 5206 5425 5261 5175 5557 4962 4895 5467 5024 4768 5059 5221 5585 5629 4888 5110 5200 5724 5412 5502 5170 5042 5368 5381 4661 5536 5731 4855 5232 5495 
5250 5133 5208 4988 5137 5510 5407 5048 5280 4750 5168 4695 4920 4881 5016 5320 5055 5073 4952 5179 5134 5277 4846 5048 4890 4910 4954 4948 5090 5050 5221 5018 5155 5131 5117 5269 5360 5160 5209 5002 5104 4828 4839 4929 5067 5410 5208 5381 5234 5117 5349 4894 5405 4834 5106 5640 4589 4733 5162 5368 4822 5224 5017 5289 4971 5096 4680 5431 4970 5247 5119 5265 5015 5265 5209 5290 5057 5112 5277 5070 4788 5160 5208 5237 5129 4981 5808 5116 4967 4711 5154 5027 4761 5296 4898 5221 4911 4708 5388 5100 4799 4749 5011 4611 4884 5344 5451 5251 5259 4467 5872 4796 5128 5173 5221 5018 4833 4833 5532 5124 4967 5058 5256 5349 4969 4994 4978 4742 5552 5181 5417 5120 5045 5074 4752 5511 5301 4899 5235 5112 4797 5601 5269 5860 5306 5178 5399 5119 5489 5047 5135 5045 4718 5026 4971 5132 4893 4803 5154 4848 5182 4690 5552 5397 4594 5228 4893 5022 4999 5192 4943 4821 5240 5100 5053 5085 5221 4598 5187 5192 5224 4986 5150 5215 5085 4877 5170 5331 5142 5084 5346 4997 5015 5570 5215 4792 5139 5228 4993 5175 5064 5235 5017 5032 5117 4995 5541 5178 4825 5097 4748 5012 5121 5397 5321 5176 4884 5114 5223 5196 5082 5155 5051 4825 5531 4897 4998 5184 4994 4721 4926 5007 5139 5457 5101 5123 5315 5506 5294 5188 5125 4774 5074 5388 4724 5545 5281 4898 5261 5218 
5120 4974 5117 4832 4810 5336 5125 4780 5286 4757 5014 4581 5013 5001 5137 5196 4956 5152 5025 5022 5282 5207 4906 5238 4957 5047 4880 5037 4886 5156 4999 4727 4865 4918 4928 4984 5114 5121 5176 4810 5026 4796 4856 4934 5110 5185 5007 5159 4813 5191 5171 4898 5092 4864 4768 5223 4704 4744 4968 5163 4669 4978 4782 5189 4502 4821 4618 5471 4953 5125 5039 4906 5074 4738 5266 4863 4927 5024 4914 4906 4752 4947 4900 5271 5058 4928 5518 5021 4889 4875 5082 4645 4730 5209 4720 4995 4880 4389 5114 4932 4731 4994 4766 4866 4794 5151 5285 4995 5027 4570 5462 4501 5546 4920 5380 4759 4726 5016 5322 5211 4968 4824 5292 5217 4976 4966 4880 4942 5094 5090 5147 5168 4815 4677 4659 5155 5296 4841 5145 5187 4680 5282 4896 5510 5230 5341 5087 5078 5509 4920 5056 5088 4796 4920 4603 4817 5079 4631 4995 4803 5232 4816 5186 5291 4554 4945 4770 5010 4764 5115 4926 4651 4940 5122 4757 4972 4958 4480 5015 5189 5378 4991 5165 5139 4922 4924 5087 5385 4884 5036 5231 4895 4952 5286 5546 4902 5220 5139 4838 5012 5132 5290 5099 4920 4862 4706 5477 5019 5014 4856 4525 4577 5014 5151 5168 4869 5051 5073 5051 5142 4820 5213 5118 4967 5369 4898 4671 5259 4789 4733 4888 4497 5196 5343 4729 4835 5193 5656 4934 5124 5097 4647 5022 5236 4534 5313 5286 4476 4989 5180 
5180 5057 5210 4421 4846 5176 5218 4830 5241 4848 4898 4677 4623 4893 5057 4889 4865 4895 4726 4960 4914 5138 4846 4861 4919 4759 4958 4677 5029 5159 5100 4688 4824 5048 4918 4838 4954 4893 4544 4883 4589 4704 4885 4710 4739 4940 4805 5096 4946 5061 4841 4703 4903 4963 4927 5420 4450 4638 5014 4949 4450 4894 4839 5229 4655 4811 4687 4978 4862 4990 4751 5040 4681 4890 4633 4748 5077 4981 4731 4806 4686 4898 5061 4866 5070 4915 5314 4854 4836 4758 4889 4593 4665 5095 4849 5124 5044 4342 5066 5095 4905 4781 5003 4717 4888 4997 5315 4921 4619 4684 5546 4635 5267 4726 5174 4757 4862 4687 5484 4741 4540 5101 5087 5105 4790 4833 4733 4701 4910 4663 5354 5002 4684 4658 4485 5195 5102 4545 4978 5035 4781 5382 4827 5566 5044 5152 4776 4877 5371 4927 5005 4845 4850 4641 4538 4789 4597 4455 5111 4704 5138 4549 5109 5125 4442 4811 4820 4947 4868 4987 4802 4509 4708 4822 4701 4937 4685 4393 4808 5113 4990 4870 4745 4810 4578 5035 4598 5169 5216 4824 5295 4795 5120 5292 5189 4874 5215 4958 5146 5003 5197 4889 5054 4758 4894 4791 5210 4592 4661 4871 4272 4847 4806 5499 5034 4806 4761 4812 4905 5123 4682 5014 4733 4997 5257 4571 4788 4824 4907 4605 4662 4797 5134 5206 4836 4907 5160 5486 4926 5048 4976 4926 5080 4989 4589 5211 5010 4621 4863 4870 
5012 4817 4959 4713 4983 4930 4950 4809 5008 4455 4604 4517 4834 4424 4884 4790 4770 4793 4407 4879 4660 4483 4842 4794 4843 4490 4658 4512 4671 4799 4885 4501 4502 4778 4869 4768 4913 4428 4930 4722 4455 4472 4825 4559 4747 4745 4390 4795 4624 5004 4809 4616 4739 4760 4867 5116 4311 4418 4632 5057 4422 5058 4580 5029 4719 4670 4485 4885 4695 4758 4552 4796 4565 4737 4549 4626 5101 4860 4710 4588 4511 4450 4763 4730 4939 4578 5635 4637 4714 4554 4402 4338 4631 4898 4701 4797 4724 4342 4982 5008 4623 4387 4707 4460 4747 4842 5220 4867 4791 4360 5165 4311 4559 4730 4691 4493 4509 4738 4924 4521 4762 4633 5017 4755 4572 4509 4703 4586 5070 4800 5073 5058 4479 4446 4341 5145 5084 4388 4863 5113 4388 5169 4825 5239 4842 5257 5017 4607 5322 4679 4823 4721 4677 4853 4261 4798 4349 4345 4721 4541 4751 4486 4799 4963 4247 4896 5031 4900 4473 4947 4670 4417 4824 4837 4676 4623 4668 4615 4877 4717 4878 4819 4731 4886 4495 4520 4603 5092 5230 4787 5157 4585 4690 4973 4753 4316 4999 4874 4657 4722 4608 4852 4620 4794 4868 4433 5232 4666 4574 4869 4409 4682 4929 5218 5090 4747 4871 4937 5139 5055 4450 4776 4776 4573 4999 4347 4825 4659 4404 4423 4573 4421 5014 4934 4727 4460 4954 5332 5282 5103 4809 4327 4748 4797 4146 4946 5043 4426 4664 4770 
5234 5512 5020 4959 5051 5356 5420 4877 5456 4685 5099 4896 4857 5089 5409 5189 4953 5237 4851 5167 5078 5111 4945 4957 5153 4991 5003 5177 5336 5297 5128 4994 5021 5072 5340 5073 5160 5367 5271 5062 5073 5113 5008 5135 5179 5085 5064 5337 5109 5137 5398 4959 5286 5044 5004 5731 4636 4647 5064 5273 4811 4935 4808 5351 4830 5121 4663 5441 4973 5201 5211 5243 4957 4895 5254 5220 5129 5160 4987 5083 4849 5071 5245 5186 4955 5245 5695 4962 5130 5036 5186 4954 5009 5493 5128 5253 5299 4765 5354 5225 4996 5049 5072 5003 5078 5233 5363 5363 5203 4609 5581 4803 5101 5137 5308 4906 4707 5365 5713 5310 5017 5240 5041 5520 4962 4815 5028 5018 5180 5133 5416 5065 4979 4977 4875 5316 5469 4935 5383 5193 5027 5584 5136 5832 5162 5293 5095 4964 5836 4922 5366 5248 4953 5056 4646 5336 5055 4592 5292 5119 5395 4982 5360 5246 4532 5237 5206 5321 4844 5115 4992 4790 4990 4999 5030 5196 4785 4770 5261 5347 5181 5028 5132 5358 5020 4847 5252 5205 5361 5192 5152 5035 4961 5531 5175 4902 5369 5376 4860 5156 4942 5092 4930 4947 4906 4978 5645 4915 5112 5236 4764 4873 5194 5190 4989 5095 5091 5154 5475 5292 4855 5014 5272 4846 5690 4761 4953 5080 4999 4839 5164 4927 5266 5481 4961 5133 5455 5588 5022 5511 4978 4880 5306 5463 4615 5344 5442 4759 5183 5309 
5300 5111 5161 5073 5190 5324 5428 4897 5218 4594 4996 4848 5087 5024 5434 5260 5026 5154 5020 4949 5062 5275 5027 5397 5205 4856 5078 4883 4766 5326 5480 4870 4906 4940 5226 5214 5115 5274 5112 5178 5137 4890 5083 4872 5074 5054 5115 5194 5110 5254 5478 4944 5486 4765 5029 5684 4500 4859 4909 5354 4650 5034 5238 5540 4814 5007 4504 5369 4980 5267 4846 4993 4832 4873 5347 5058 4976 4957 5218 4998 4428 5142 5066 5254 5031 5001 5742 4956 4966 4878 4871 5080 4821 5331 5017 5204 5062 4547 5122 4883 4794 4970 5189 4864 4918 4985 5455 4889 4973 4867 5829 4701 5319 5036 5244 5020 4784 5050 5256 4998 4999 5010 5432 5114 5219 4888 5040 4975 5273 4969 5490 5221 4940 4958 4657 5468 5113 5065 5272 5147 4860 5387 5095 5768 5184 5629 5432 4883 5518 5050 5137 5234 4845 4844 4784 5146 4707 4530 5074 4845 5181 4903 5401 5494 4858 5145 4980 5299 4752 5261 4909 4876 5208 5095 4873 4881 5103 4763 5233 5402 5184 5073 5203 5272 4977 4955 4959 5218 5431 5054 5453 5048 5146 5485 5462 4626 5252 5373 5178 5186 5290 5109 5113 4981 5076 5018 5711 5129 5046 5203 4856 4770 5172 5539 5331 4969 4964 5169 4980 5235 5046 5260 5317 4737 5364 4897 5109 5188 5103 4632 4963 4915 5148 5483 5125 4923 5162 5500 5444 5711 5157 4854 5048 5266 4864 5558 5427 4693 5087 5030 
5241 5316 5171 4916 5150 5457 5402 5108 5194 4723 5100 4971 5112 5008 5395 5092 4988 5095 4913 5158 5060 5220 5040 5274 4984 5173 4871 5128 5172 5291 5633 4894 5121 5207 5017 5250 5047 5377 5046 5043 5018 4839 4984 4815 5011 5173 4936 5249 4859 5249 5180 5119 5259 5102 5087 5594 4556 4953 5265 5385 4714 5075 4910 5435 4832 5138 4369 5512 5163 5248 5213 5204 5032 5098 5119 5190 5199 5093 5071 4968 4691 5134 5221 5250 4962 5045 5635 5294 5178 5055 5292 5096 5002 5059 4910 5257 5124 4778 5169 5290 4886 5154 4968 4918 5104 5218 5479 5234 4933 4968 5523 4922 5143 5144 5534 4638 4818 4824 5475 4874 5001 5184 5354 5368 5192 4969 5000 4901 5387 5019 5506 5373 4763 5022 4500 5518 5431 4928 5398 5080 4798 5417 5086 5592 5163 5396 5234 4956 5629 5095 5146 5260 4873 5027 4807 4995 4964 4714 5045 5001 5261 4854 5282 5363 4664 5320 5054 5274 4967 5433 4819 4751 5346 5196 5024 5239 4802 4487 4978 5214 5285 5238 4947 5209 4908 5122 4988 5026 5254 5298 5631 4895 5269 5396 5276 4714 5243 5308 4879 5269 5050 5293 5018 5042 5217 4933 5634 5216 5043 4940 4616 5020 5183 5520 5195 5320 4970 5045 5268 5276 4957 4979 4936 4994 5483 4648 5003 5016 4946 4484 4966 4750 5415 5333 4931 4863 5353 5567 5363 5261 5013 4784 5036 5226 4715 5156 5498 4960 5290 4996 
5117 5134 5388 4910 5059 5660 5333 5235 4977 4845 5298 4768 4819 4910 5216 5469 5167 5471 5037 5110 5265 5324 5066 5438 5137 4959 4914 4748 5010 5035 5159 4794 4770 5187 5236 5205 5437 5229 5446 5040 4926 4988 5083 5060 4907 5083 5093 5035 5138 5319 5166 4996 5366 4764 5091 5619 4709 5055 5171 5363 4807 5207 4991 5382 4729 5080 4638 5126 5281 5161 5083 5210 4808 5173 5543 5066 5200 5057 5079 4964 4551 5164 5264 5013 5230 5064 5560 5065 5046 5246 5134 5061 5118 5339 4845 5047 5056 4731 5395 5258 4894 5012 4996 4838 5042 5004 5183 5120 5255 4864 5944 4722 5444 5402 5317 4996 4758 5100 5368 5023 5204 4935 5275 5356 5156 5054 5163 4843 5190 4930 5452 4951 5038 5019 4612 5405 5417 5082 5271 5320 4687 5506 5230 5763 5189 5284 5347 5155 5603 5102 5322 5240 4808 4956 4668 5114 5164 4661 5306 4735 5283 5065 5374 5133 4771 5219 4907 5096 4958 5355 4963 4817 5038 4992 5087 5225 5033 4753 5158 5245 5293 4822 4997 5340 5093 4978 4877 5420 5302 5151 5592 4722 4960 5409 5422 4861 5436 5131 4983 5086 5085 5054 5112 4929 5392 5021 5459 4930 5173 5103 4806 4989 5007 5350 5258 5231 4845 5201 5080 4991 4981 5298 5204 4873 5468 4785 4964 5285 4914 4722 5103 5140 5152 5428 5034 5286 5193 5552 5142 5382 5034 4967 5058 5272 4706 5387 5184 4763 5280 5240 
4813 4946 4753 4583 4582 4845 4835 4719 4910 4347 4841 4558 4678 4700 4808 4893 4523 4696 4667 4560 4469 4776 4605 4493 4678 4563 4828 4373 4397 5170 4986 4425 4378 4557 4688 4531 4701 4727 4797 4353 4693 4166 4528 4730 4730 4706 4664 4587 4568 4938 4597 4606 4666 4626 4616 5301 4385 4388 4766 4659 4248 4703 4478 4850 4378 4666 4257 4725 4519 4903 4852 4996 4561 4454 4755 4644 4605 4718 4579 4580 4168 4879 4729 4578 4434 4745 5157 4491 4522 4454 4451 4447 4491 4978 4446 4707 4469 4402 4610 4802 4465 4654 4387 4586 4546 4731 4929 4563 4408 4191 5152 4308 5050 4738 4883 4135 4506 4684 5089 4906 4608 4432 5019 4830 4719 4448 4443 4544 4615 4675 4707 4766 4591 4289 4545 4823 5115 4461 4634 4656 4435 4970 4753 5116 4679 4950 4971 4525 5182 4616 4522 4600 4663 4446 4161 4701 4287 4199 4969 4440 4700 4460 4880 4859 4235 4688 4580 4843 4553 4628 4456 4174 4578 4664 4278 4771 4812 4484 4644 4762 4772 4641 4516 4708 4613 4619 4455 4546 5000 4563 5051 4632 4961 5064 4822 4517 4667 4847 4736 4856 4629 4553 4691 4561 4312 4550 4988 4476 4698 4689 4201 4754 4714 5119 4598 4446 4835 4779 4765 4867 4671 5004 4787 4617 4889 4469 4556 4829 4470 4334 4236 4528 5130 4838 4236 4408 4767 5221 4939 4857 4401 4594 4874 4616 4238 5051 5134 4383 4422 4640 
5588 5902 5938 5489 5777 6115 5663 5692 5863 5328 5675 5407 5322 5584 5907 5731 5581 5878 5323 5712 5598 5410 5540 5456 5678 5408 5400 5467 5534 5720 5768 5223 5189 5880 5750 5694 5569 5755 5827 5775 5498 5683 5256 5429 5598 5648 5420 5825 5902 5957 5942 5632 5716 5529 5599 6185 5293 5409 5692 5800 5276 5574 5276 5881 5319 5842 5317 5783 5761 5731 5632 5508 5684 5757 5582 5397 5700 5729 5348 5666 5429 5452 5521 5924 5715 5608 6292 5521 5581 5535 5719 5644 5444 5982 5681 5714 5797 5314 5915 5712 5605 5469 5487 5322 5500 5724 6017 5861 5701 5207 6373 5437 5920 5516 5851 5490 4983 5672 6030 5655 5806 5702 5695 5909 5757 5464 5561 5340 5745 5592 6009 5700 5524 5506 5076 5974 5994 5310 5744 5764 5591 6157 5635 6235 5878 6053 5490 5532 5951 5706 5893 5874 5558 5390 5423 5754 5355 5169 5668 5489 5876 5217 5742 5925 5195 5757 5664 5864 5458 5703 5386 5142 5683 5728 5594 5669 5459 5164 5460 5826 5675 5556 5860 5864 5461 5551 5713 5730 5674 5689 5941 5745 5697 5793 5571 5260 5828 5786 5637 5705 5488 5624 5637 5606 5765 5453 6014 5746 5378 5648 5012 5898 5478 5821 5918 5895 5385 5546 5746 5529 5439 5396 5709 5609 6063 5295 5477 5802 5678 5506 5371 5328 5949 6112 5442 5427 5754 6233 5861 5934 5591 5338 5584 6147 5331 5600 5873 5462 5601 5774 
5017 5246 5369 4952 5143 5360 5040 5110 5184 4672 4892 5034 5021 4754 5304 5031 4892 5001 4834 5224 4931 5303 5075 5113 4996 5006 4967 4892 5140 5310 5277 4785 4929 4862 5226 5300 5133 5104 5268 4944 4961 4898 5027 4947 4769 5005 4986 5061 5175 5270 5355 4923 5365 5062 4774 5258 4753 4694 4693 5551 4666 5522 4746 5378 5026 4906 4804 5400 5072 5186 4996 5227 4936 5145 4854 4723 4982 5026 4721 4819 4707 5108 5139 5058 4995 4941 5671 4915 4863 5079 4999 5077 4726 5141 4904 4949 5102 4658 5299 5109 5145 5125 4711 4973 4925 5259 5447 5299 4881 4712 5625 4363 5492 5093 5289 4762 4550 5249 5555 5013 5067 5016 5304 5229 5130 5000 5062 5016 4867 5048 5563 5160 4780 4892 4475 5211 5213 4822 5290 5358 4625 5571 5100 5752 5230 5133 5260 5195 5138 5099 5279 5095 5069 5034 4921 5022 4843 4596 5256 4751 5246 4852 5370 5252 4664 5045 5188 5265 5110 5046 4558 4967 5262 5001 5024 5397 4891 4778 5163 5296 5276 4821 5134 5294 4909 4837 5032 5266 5456 5144 5556 4902 5183 5531 5269 4922 5131 5226 4854 4985 5000 4999 5076 5025 4955 4733 5676 5054 4907 5154 5014 4929 5145 5519 5136 4995 4950 5209 5190 4900 4944 4969 4958 4989 5687 4915 4849 5069 4779 4754 4677 5009 5081 5520 4968 4731 5088 5649 5224 5247 5050 4841 5100 5281 4721 5214 5450 4957 5200 5157 
5485 5524 5523 5091 5325 5793 5551 5146 5514 4888 5520 5104 5147 5110 5429 5415 5143 5423 5054 5326 5203 5369 5195 5481 5409 5003 5196 5085 5320 5297 5636 4904 5394 5283 5490 5293 5479 5486 5356 5347 5265 5136 5455 4956 5307 5311 5310 5560 5279 5537 5460 5427 5472 5270 5381 5741 4986 5233 5420 5203 4765 5630 5140 5545 4934 5243 4941 5813 5243 5267 5346 5427 5295 5191 5329 5226 5391 5011 5192 5279 4649 5300 5572 5302 5287 5293 5806 5388 5022 5209 5269 4868 5224 5654 5111 5368 5346 4943 5485 5473 5147 5357 5290 5071 5269 5238 5385 5580 5457 4840 5745 4834 5470 5259 5554 5129 5027 5332 5955 5343 5145 5224 5379 5672 5248 5533 5139 5176 5426 5309 5628 5228 4974 5052 4819 5605 5525 5015 5324 5515 5154 5785 5199 5901 5445 5559 5277 5436 5921 5293 5055 5555 5278 5304 4957 5451 5134 4771 5687 5152 5418 5240 5251 5629 4938 5484 5134 5675 5134 5335 5298 4800 5373 5289 4871 5356 5194 4796 5111 5325 5466 5145 5234 5246 5209 5190 5178 5519 5565 5234 5649 5204 5521 5362 5526 5167 5455 5149 5289 5300 5349 5409 5532 5326 5302 5074 5664 5567 5236 5423 4808 5438 5288 5608 5509 5079 5260 5505 5296 5305 5454 5367 5378 5370 5781 5175 5201 5496 5205 4933 4970 5196 5412 5754 5191 5068 5254 5859 5258 5498 5393 4978 5278 5496 4653 5747 5585 4916 5193 5457 
5510 5405 5223 5041 5293 5323 5397 4844 5279 4792 4926 4875 4899 5078 5480 5082 4892 5034 5044 5120 5221 5018 4934 5072 4834 4961 5346 5096 5069 5274 5345 5034 5192 5183 5048 5127 5241 5004 4996 4995 4920 5123 4916 5002 4965 5110 4972 5187 5025 5390 5291 4991 5327 5123 4861 5614 4641 4613 5080 5098 4713 5180 4981 5351 4685 5036 4567 5278 4976 5094 5035 4953 4962 5134 5205 4979 5216 5139 5118 5099 4645 4919 5141 5091 5234 4923 5597 5300 5014 5024 5118 4947 4867 5134 5035 5242 5106 4654 5120 5043 5023 4935 4942 4804 4988 5194 5443 5328 5053 4818 5741 4636 5347 5203 5432 4929 5045 4937 5456 4970 5005 5100 5397 5313 5053 5007 4962 5023 5136 4942 5523 5062 4923 5127 4675 5407 5249 4682 5098 5235 4820 5478 5115 5821 5021 5436 5263 5181 5383 5302 5298 4967 4780 4953 5076 4891 4850 4685 5160 4908 5297 4908 5389 5368 4493 5140 5066 5504 4939 5128 5064 4583 4959 5100 4891 5402 4866 4549 5196 5337 5272 5146 5053 5131 4943 5094 4974 5222 5206 5012 5647 5064 5244 5705 5260 4929 5402 5502 4835 5258 5060 4763 5210 5196 5058 4938 5548 5074 4973 5277 4697 5143 4891 5449 5358 5223 4965 5036 5386 5170 4901 4957 4773 4960 5579 4796 4779 5255 4936 4427 4960 4734 5321 5402 4957 4960 5199 5766 5302 5711 5127 4745 5134 5201 4696 5195 5388 4938 5060 5142 
5278 5127 5131 5093 4977 5477 5138 4902 5149 4764 5098 4832 4935 4818 5122 5210 5162 4991 5302 5474 5139 4970 5205 5197 4943 5116 5056 5011 4847 5317 5153 4953 4877 5174 5364 4980 5005 5216 4935 5210 5147 4916 4937 5040 5142 5090 4892 5087 5071 5148 5410 4932 5502 5019 5052 5736 4716 4777 5148 5191 4678 5271 4699 5499 4520 5044 4379 5385 5243 5170 5069 4996 5245 5049 5187 4874 4907 5075 5233 5274 4890 4806 5201 5160 5028 5127 5420 5141 4879 4777 5057 4876 5070 5223 4890 5112 5126 4769 5223 5034 5059 4947 4823 4685 4885 5054 5593 5136 5110 4728 5629 4659 5241 5009 5421 4989 4944 5016 5579 5095 4950 4793 5346 5163 5133 4971 5034 4810 5234 4832 5360 5148 4921 4981 4555 5121 5278 4742 5592 5159 4932 5579 5127 5851 5172 5198 5167 5130 5690 5104 5310 5148 4792 4956 4843 4982 4886 4465 5116 4511 5321 4841 5212 4975 4586 5395 5233 5386 4975 5409 4953 4498 5082 5157 4891 4923 4964 4666 5233 5085 5216 5151 5305 5245 5079 4907 4891 5264 5052 5081 5466 4899 5336 5498 5357 4767 5339 5169 5135 5335 5135 5411 5359 5010 4725 4936 5289 4963 5113 5379 4687 4866 5326 5356 5242 5178 4996 4943 5173 5258 4976 5337 4889 4722 5467 5043 5080 5125 4874 4802 4826 4774 5245 5331 4905 4981 5313 5594 5382 5371 5188 4911 5009 5302 4540 5227 5497 4670 5144 5212 
4992 5133 5000 4878 4798 5290 5257 4712 5105 4808 4984 4401 4974 4772 5364 5061 4774 5011 4947 5298 5069 4929 4964 5292 5177 5053 4936 5098 4977 5278 5257 4912 4892 4736 5027 5207 4887 4982 5138 4905 5077 4819 4701 5001 4994 5206 4858 4727 5125 5411 5229 4824 5149 4980 4909 5444 4628 4687 4941 5348 4532 4952 4768 5074 4724 4807 4175 5188 5067 5231 4875 5076 4925 4801 5184 4780 5144 4984 4717 4790 4577 4773 5213 5000 4604 4841 5473 4819 5041 4835 4802 4667 4784 5010 4871 5016 4883 4630 5066 5133 4940 4960 4910 4808 4783 4987 5216 5010 4832 4721 5459 4439 5362 5164 5126 5096 4809 4900 5325 5096 4832 5114 5394 4839 5043 4855 4827 4712 5161 4834 5335 4951 4641 4587 4657 5134 5205 4874 4954 5035 4678 5345 5049 5728 5258 5035 5140 5021 5455 4949 5355 4974 4940 4644 4736 4795 4932 4727 5157 4888 4986 4809 5183 5336 4675 5032 5063 5049 4797 4817 4811 4783 4929 4844 4732 5105 4896 4679 5101 5117 5174 4910 4883 5136 4778 4903 4580 5369 5300 4990 4930 4819 5101 5239 5004 4606 5062 5160 4688 5357 5041 4786 5020 5034 5078 4742 5268 4932 5058 4847 4562 4769 4776 5353 5008 4984 4964 4875 4890 5094 4606 4941 5074 4771 5358 4541 4752 4997 4873 4494 4899 4756 5096 5244 4864 4721 5077 5539 5144 5071 5129 4647 5100 5279 4729 5298 5382 4628 4947 5071 
5257 5046 5280 4964 5073 5264 5252 4987 5350 4706 4978 4854 5008 4913 5164 5332 4901 5094 4755 5155 4985 5268 4954 4974 4862 4833 4915 5080 4678 5389 5130 4892 4972 5235 4982 5249 5058 5314 5072 4699 5018 5058 5282 4937 4958 5094 4838 5245 4883 5278 5310 5108 5294 4907 5131 5395 4901 4621 5148 5203 4827 5195 4911 5261 4563 4847 4501 5163 4976 5305 5014 5172 4895 4970 5112 5042 5197 4719 4982 5050 4479 5171 5178 5186 4851 5102 5585 5367 4871 4601 4954 4678 4814 5173 4908 5213 5093 4550 5292 5180 4890 4769 4953 4710 5076 4976 5418 5226 5134 4665 5714 4706 5131 4846 5289 4676 4731 4927 5501 5038 4812 5209 5321 5115 4847 4959 4963 4946 5133 4840 5676 5134 4779 4964 4780 5306 5274 4523 5000 5173 4739 5483 5250 5600 5287 5163 5014 5012 5442 5086 5452 5071 5102 5002 4800 5014 4911 4609 5179 4832 5099 4791 5048 5480 4750 5206 5092 5313 4786 5170 4856 4669 5188 4982 5024 4899 4664 4534 4942 5092 5269 4830 5465 4899 4797 5296 4939 5151 5037 5101 5541 4885 5163 5334 5203 4804 5356 5109 4842 5140 5088 5163 5279 5230 5008 5035 5661 5057 5074 5238 4650 4916 5029 5184 5092 4768 5157 5092 5284 5085 5025 5083 4973 5005 5385 4713 4768 5172 5118 4503 5012 4929 5342 5114 4739 4947 5117 5399 5209 5235 4777 4587 5098 5161 4651 4893 5177 4844 4881 5146 
5408 5250 5322 5173 5215 5596 5187 5149 5587 4660 5008 4986 4930 5133 5441 5526 5170 5393 5341 5205 5438 5259 5111 5319 5375 5139 5321 5343 5338 5465 5534 4807 4960 5244 5313 5406 5397 5466 5210 5237 5099 5009 5347 5241 5153 5425 5083 5044 5433 5483 5661 5244 5389 5300 4998 5803 5241 4999 5086 5406 4939 5260 5084 5657 4931 5083 4733 5588 5247 5324 5308 5504 5216 5200 5128 5090 5315 5110 5325 5047 4973 5301 5239 5401 4994 4973 5904 5071 5206 5198 5046 5000 5187 5434 5071 5473 5383 4819 5391 5036 5048 5086 5101 4790 5417 5291 5649 5348 5123 4598 5953 4793 5657 5269 5396 5162 5046 5209 5504 5287 5244 5648 5745 5365 5341 5097 5335 5365 5195 5529 5468 5463 4970 5051 4705 5326 5659 5180 5359 5240 4912 5868 5266 5569 5763 5635 5267 5215 5484 5266 5519 5387 5231 4869 4915 5205 4933 4838 5288 5040 5424 5133 5580 5131 4952 5127 5114 5429 5321 5301 4740 4812 4955 5188 5260 5108 5269 5038 5195 4989 5118 5083 5410 5303 5129 5337 5196 5349 5321 5348 5484 5194 5340 5480 5391 4995 5539 5199 5117 5361 5309 5379 5359 5404 5297 5066 5687 5371 5246 5210 5070 5342 5135 5439 5598 5308 5223 5094 5325 5185 4982 5312 5334 5138 5464 5053 5156 5314 5209 4848 4928 4812 5521 5572 5138 5159 5254 6045 5337 5771 5043 4837 5093 5438 4752 5463 5378 4992 5179 5228 
5198 5184 5577 4721 5193 5623 5298 5223 5572 4838 4979 4772 5115 5040 5411 5510 5057 5236 5460 5380 5015 5180 5183 5402 5021 5163 5127 5218 5208 5413 5404 5023 5079 5162 5257 5135 5101 5327 5297 5021 5154 4942 5245 5233 5140 5191 4995 5329 5135 5279 5543 4975 5272 5245 5247 5764 4984 5320 5135 5138 4987 5001 4949 5234 4826 5051 4525 5233 5330 5336 4957 5129 5184 5127 5127 5017 5136 5113 5058 4761 5075 5221 5249 5459 5189 4954 5898 5093 5049 5079 5162 4912 4773 5415 4960 5362 5110 4894 5354 5091 5083 5250 4983 4967 5217 5253 5453 5475 5070 4723 5880 4904 5566 5232 5265 5018 4749 5002 5698 5077 5060 5299 5394 5397 5046 4928 5061 4974 5126 5237 5516 5112 4945 4859 4816 5544 5229 4877 5183 5190 4996 5475 5168 5665 5474 5346 5422 4989 5720 5095 5395 5074 4985 4820 5039 5028 4724 4866 5205 5000 5378 5064 5269 5142 4868 5088 5195 5170 5218 5043 4815 4767 5093 4944 4880 5111 5093 4849 5333 5417 5184 5196 5297 5355 5146 4933 4971 5223 5299 5137 5524 5084 5187 5382 5363 4995 5473 5301 5050 5214 5238 5104 5194 5015 4969 5047 5374 5102 4996 5325 4805 5260 5110 5328 5225 5093 5094 5177 5397 5269 4901 5348 5325 5210 5609 5170 5065 5126 5066 4831 5270 4898 5312 5504 5074 5097 5310 5639 5154 5350 5153 5186 5240 5351 4874 5461 5465 4727 5044 5139 
5951 5839 5867 5640 5803 5632 5758 5791 6074 5140 5669 5283 5503 5263 6072 5773 5509 5813 5447 5717 5642 5635 5535 5510 5641 5418 5568 5481 5316 5862 5754 5190 5430 5663 5836 5850 5787 5659 5660 5777 5487 5469 5835 5590 5493 5392 5310 5517 5557 5732 5623 5516 5901 5608 5883 6131 5197 5063 5620 5604 5114 5822 5360 5912 5287 5707 5301 5976 5743 5631 5433 5633 5711 5466 5827 5407 5839 5484 5575 5690 5187 5510 5911 5721 5645 5810 6165 5393 5646 5358 5585 5339 5386 6022 5565 5719 5966 5162 6178 5763 5813 5304 5526 5265 5480 5906 5944 5796 5644 5267 6461 5195 5959 5574 5841 5641 5426 5724 6167 5622 5630 5735 6062 5854 5884 5423 5548 5409 5715 5573 6114 5776 5726 5439 4999 6053 5947 5283 5773 5805 5458 6062 5901 6278 5932 5798 5608 5577 6080 5789 5919 5553 5699 5542 5001 5864 5513 5232 5844 5118 5982 5289 5821 6093 5386 5713 5764 5860 5515 5910 5479 5218 5563 5705 5398 5557 5258 5415 5758 5686 5842 5395 5849 5908 5543 5424 5580 6108 5977 5462 6185 5713 5751 5883 5848 5373 5714 5797 5771 5838 5737 5895 5617 5535 5798 5322 6114 5860 5586 5844 5199 5608 5744 6023 5920 5618 5642 5615 5815 5950 5287 5901 5358 5458 6188 5146 5558 6028 5686 5213 5541 5498 5790 6028 5666 5479 5648 6271 5916 5750 5753 5405 5565 5835 5075 5852 5791 5464 5575 5619 
Execution time: 14.9955 ms
