Algorithm: Greedy Vertex Coloring
Vertex colors:
0 1
1 0
2 2
3 1
4 1
5 2
6 2
7 3
8 2
9 0
10 1
11 0
12 2
13 1
14 1
15 0
16 0
17 0
18 1
19 0
20 0
21 0
22 0
23 0
24 0
25 0
26 0
27 2
28 0
29 0
30 1
31 2
32 1
33 3
34 1
35 0
36 1
37 1
38 2
39 2
40 2
41 1
42 1
43 2
44 0
45 0
46 0
47 0
48 0
49 1
50 1
51 1
52 2
53 0
54 3
55 0
56 1
57 0
58 3
59 1
60 1
61 1
62 2
63 2
64 1
65 1
66 1
67 1
68 2
69 1
70 2
71 0
72 2
73 0
74 1
75 0
76 0
77 1
78 0
79 1
80 2
81 0
82 2
83 0
84 0
85 1
86 1
87 1
88 2
89 2
90 3
91 0
92 1
93 0
94 3
95 2
96 1
97 1
98 0
99 1
100 0
101 1
102 1
103 1
104 2
105 1
106 0
107 0
108 1
109 2
110 2
111 2
112 0
113 2
114 0
115 0
116 0
117 0
118 1
119 1
120 2
121 1
122 1
123 0
124 0
125 2
126 0
127 3
128 1
129 1
130 0
131 0
132 1
133 1
134 3
135 0
136 1
137 1
138 1
139 1
140 1
141 2
142 0
143 1
144 1
145 0
146 2
147 0
148 1
149 2
150 0
151 2
152 3
153 2
154 1
155 1
156 0
157 0
158 2
159 3
160 0
161 1
162 3
163 2
164 2
165 1
166 0
167 1
168 2
169 0
170 2
171 1
172 2
173 0
174 1
175 1
176 2
177 1
178 0
179 0
180 0
181 0
182 1
183 1
184 0
185 3
186 0
187 1
188 2
189 3
190 0
191 1
192 1
193 1
194 0
195 2
196 2
197 1
198 3
199 1
200 1
201 0
202 1
203 1
204 2
205 0
206 3
207 1
208 1
209 1
210 1
211 0
212 1
213 0
214 0
215 0
216 3
217 2
218 0
219 0
220 2
221 1
222 3
223 1
224 1
225 2
226 2
227 1
228 1
229 0
230 2
231 0
232 0
233 2
234 0
235 2
236 2
237 0
238 1
239 1
240 1
241 0
242 1
243 2
244 0
245 0
246 3
247 0
248 2
249 2
250 1
251 1
252 0
253 0
254 0
255 0
256 0
257 1
258 1
259 2
260 1
261 0
262 0
263 3
264 2
265 2
266 0
267 1
268 0
269 0
270 4
271 0
272 0
273 2
274 2
275 0
276 2
277 1
278 1
279 1
280 2
281 1
282 0
283 0
284 0
285 0
286 1
287 1
288 1
289 0
290 1
291 0
292 2
293 1
294 1
295 1
296 0
297 1
298 0
299 1
300 0
301 1
302 1
303 0
304 0
305 0
306 1
307 2
308 0
309 0
310 0
311 2
312 0
313 1
314 3
315 2
316 1
317 1
318 1
319 0
320 1
321 1
322 0
323 1
324 0
325 1
326 1
327 2
328 1
329 1
330 0
331 3
332 1
333 0
334 1
335 1
336 1
337 2
338 0
339 1
340 2
341 2
342 1
343 0
344 2
345 0
346 1
347 1
348 1
349 2
350 1
351 1
352 2
353 0
354 3
355 1
356 0
357 2
358 1
359 2
360 2
361 2
362 1
363 1
364 0
365 2
366 1
367 1
368 3
369 2
370 1
371 2
372 0
373 3
374 0
375 1
376 0
377 2
378 1
379 2
380 2
381 0
382 1
383 2
384 0
385 3
386 1
387 0
388 2
389 0
390 0
391 3
392 0
393 0
394 0
395 1
396 2
397 2
398 0
399 0
400 3
401 1
402 0
403 2
404 1
405 1
406 1
407 0
408 0
409 1
410 1
411 2
412 1
413 1
414 0
415 2
416 1
417 0
418 0
419 1
420 3
421 0
422 2
423 0
424 1
425 2
426 0
427 2
428 2
429 1
430 0
431 1
432 1
433 0
434 1
435 1
436 0
437 2
438 0
439 0
440 2
441 1
442 2
443 1
444 0
445 1
446 1
447 1
448 1
449 0
450 2
451 0
452 1
453 2
454 0
455 0
456 3
457 1
458 2
459 2
460 2
461 0
462 2
463 1
464 1
465 3
466 0
467 2
468 1
469 1
470 0
471 1
472 1
473 1
474 1
475 1
476 3
477 2
478 2
479 0
480 1
481 1
482 2
483 0
484 1
485 1
486 1
487 1
488 1
489 2
490 1
491 0
492 1
493 1
494 2
495 0
496 1
497 1
498 1
499 1
500 2
501 0
502 0
503 2
504 1
505 2
506 1
507 0
508 0
509 0
510 1
511 0
512 1
513 1
514 0
515 1
516 1
517 0
518 3
519 3
520 1
521 2
522 2
523 0
524 1
525 1
526 1
527 1
528 0
529 0
530 2
531 2
532 0
533 2
534 0
535 2
536 1
537 0
538 2
539 1
540 0
541 2
542 1
543 0
544 0
545 0
546 1
547 2
548 1
549 0
550 3
551 0
552 0
553 2
554 0
555 1
556 0
557 1
558 2
559 3
560 0
561 2
562 1
563 2
564 0
565 2
566 0
567 0
568 1
569 1
570 0
571 2
572 1
573 0
574 1
575 1
576 2
577 0
578 1
579 0
580 2
581 0
582 0
583 3
584 2
585 0
586 1
587 1
588 0
589 0
590 1
591 2
592 0
593 2
594 1
595 1
596 2
597 1
598 2
599 0
600 0
601 0
602 0
603 2
604 0
605 2
606 0
607 0
608 2
609 1
610 1
611 1
612 3
613 0
614 0
615 0
616 1
617 1
618 1
619 2
620 0
621 2
622 1
623 3
624 0
625 0
626 1
627 0
628 0
629 1
630 0
631 2
632 0
633 0
634 0
635 0
636 2
637 0
638 0
639 1
640 0
641 0
642 0
643 0
644 0
645 1
646 1
647 1
648 0
649 1
650 1
651 1
652 2
653 1
654 0
655 0
656 1
657 0
658 2
659 1
660 1
661 0
662 0
663 1
664 2
665 1
666 0
667 1
668 1
669 0
670 0
671 1
672 2
673 0
674 1
675 0
676 0
677 1
678 3
679 0
680 1
681 0
682 1
683 2
684 0
685 2
686 2
687 2
688 0
689 0
690 1
691 3
692 1
693 1
694 0
695 1
696 1
697 2
698 2
699 0
700 2
701 1
702 0
703 1
704 2
705 2
706 2
707 0
708 1
709 2
710 1
711 1
712 1
713 0
714 0
715 0
716 3
717 0
718 1
719 0
720 1
721 0
722 1
723 1
724 2
725 3
726 1
727 1
728 1
729 3
730 1
731 3
732 2
733 1
734 1
735 0
736 2
737 0
738 2
739 1
740 0
741 0
742 2
743 1
744 1
745 0
746 1
747 1
748 1
749 1
750 2
751 2
752 1
753 0
754 1
755 1
756 0
757 0
758 0
759 1
760 3
761 1
762 2
763 1
764 0
765 0
766 0
767 0
768 1
769 0
770 2
771 0
772 3
773 0
774 1
775 2
776 1
777 2
778 2
779 0
780 2
781 3
782 1
783 1
784 0
785 1
786 1
787 0
788 1
789 1
790 1
791 1
792 2
793 2
794 2
795 0
796 2
797 1
798 1
799 0
800 0
801 2
802 2
803 2
804 0
805 0
806 0
807 2
808 0
809 1
810 2
811 0
812 2
813 0
814 2
815 1
816 2
817 2
818 1
819 0
820 1
821 1
822 1
823 1
824 1
825 2
826 2
827 1
828 0
829 1
830 1
831 1
832 2
833 0
834 0
835 3
836 2
837 0
838 0
839 0
840 0
841 0
842 1
843 0
844 0
845 1
846 0
847 1
848 1
849 2
850 2
851 0
852 1
853 0
854 2
855 0
856 0
857 0
858 0
859 0
860 2
861 0
862 0
863 0
864 1
865 1
866 2
867 2
868 2
869 2
870 3
871 1
872 1
873 0
874 1
875 2
876 3
877 1
878 0
879 2
880 1
881 0
882 2
883 1
884 1
885 1
886 2
887 2
888 2
889 1
890 0
891 1
892 2
893 0
894 0
895 1
896 2
897 1
898 1
899 0
900 1
901 2
902 1
903 1
904 0
905 1
906 2
907 0
908 0
909 0
910 1
911 2
912 1
913 1
914 0
915 0
916 1
917 0
918 1
919 1
920 0
921 1
922 0
923 0
924 1
925 2
926 1
927 0
928 0
929 1
930 0
931 1
932 0
933 0
934 0
935 0
936 0
937 1
938 3
939 2
940 0
941 3
942 2
943 0
944 0
945 1
946 0
947 2
948 0
949 0
950 0
951 2
952 0
953 2
954 2
955 2
956 0
957 0
958 1
959 0
960 0
961 2
962 1
963 1
964 1
965 0
966 1
967 1
968 1
969 0
970 0
971 0
972 2
973 0
974 2
975 2
976 2
977 1
978 1
979 2
980 2
981 0
982 1
983 1
984 1
985 1
986 1
987 0
988 2
989 1
990 0
991 1
992 1
993 2
994 3
995 1
996 0
997 1
998 3
999 2
1000 3
1001 1
1002 2
1003 3
1004 1
1005 2
1006 2
1007 2
1008 1
1009 1
1010 1
1011 2
1012 0
1013 1
1014 1
1015 3
1016 2
1017 1
1018 1
1019 0
1020 1
1021 2
1022 2
1023 1
1024 2
1025 0
1026 0
1027 2
1028 2
1029 2
1030 3
1031 0
1032 1
1033 0
1034 0
1035 1
1036 2
1037 2
1038 3
1039 2
1040 2
1041 0
1042 1
1043 2
1044 2
1045 1
1046 0
1047 0
1048 1
1049 0
1050 0
1051 0
1052 1
1053 2
1054 2
1055 0
1056 1
1057 1
1058 1
1059 1
1060 0
1061 0
1062 1
1063 1
1064 3
1065 1
1066 1
1067 2
1068 1
1069 0
1070 3
1071 1
1072 3
1073 0
1074 2
1075 2
1076 2
1077 0
1078 1
1079 1
1080 0
1081 0
1082 1
1083 2
1084 0
1085 1
1086 0
1087 1
1088 0
1089 0
1090 2
1091 0
1092 1
1093 0
1094 2
1095 2
1096 1
1097 1
1098 2
1099 2
1100 2
1101 1
1102 2
1103 0
1104 1
1105 0
1106 2
1107 0
1108 2
1109 2
1110 1
1111 2
1112 1
1113 1
1114 2
1115 1
1116 0
1117 0
1118 0
1119 0
1120 0
1121 1
1122 1
1123 0
1124 1
1125 2
1126 2
1127 1
1128 1
1129 2
1130 1
1131 1
1132 2
1133 3
1134 1
1135 2
1136 1
1137 1
1138 1
1139 1
1140 0
1141 1
1142 2
1143 0
1144 1
1145 1
1146 2
1147 0
1148 2
1149 0
1150 0
1151 1
1152 2
1153 0
1154 0
1155 0
1156 3
1157 2
1158 2
1159 2
1160 1
1161 0
1162 2
1163 1
1164 1
1165 0
1166 1
1167 1
1168 3
1169 2
1170 0
1171 1
1172 0
1173 1
1174 1
1175 2
1176 1
1177 2
1178 3
1179 0
1180 0
1181 1
1182 2
1183 0
1184 0
1185 2
1186 1
1187 2
1188 1
1189 0
1190 2
1191 0
1192 1
1193 1
1194 2
1195 2
1196 0
1197 1
1198 0
1199 1
1200 0
1201 2
1202 1
1203 1
1204 0
1205 1
1206 2
1207 0
1208 1
1209 1
1210 2
1211 1
1212 1
1213 0
1214 0
1215 0
1216 0
1217 0
1218 0
1219 0
1220 0
1221 1
1222 0
1223 0
1224 2
1225 0
1226 2
1227 0
1228 2
1229 0
1230 1
1231 1
1232 1
1233 2
1234 2
1235 2
1236 0
1237 1
1238 1
1239 3
1240 0
1241 1
1242 0
1243 1
1244 1
1245 2
1246 0
1247 3
1248 2
1249 2
1250 2
1251 2
1252 1
1253 0
1254 2
1255 0
1256 0
1257 1
1258 2
1259 2
1260 1
1261 2
1262 2
1263 0
1264 1
1265 1
1266 0
1267 0
1268 1
1269 3
1270 2
1271 0
1272 2
1273 1
1274 1
1275 0
1276 3
1277 0
1278 1
1279 2
1280 2
1281 0
1282 0
1283 0
1284 1
1285 3
1286 1
1287 0
1288 2
1289 0
1290 0
1291 0
1292 1
1293 1
1294 0
1295 1
1296 2
1297 1
1298 3
1299 0
1300 0
1301 0
1302 1
1303 2
1304 1
1305 0
1306 1
1307 1
1308 0
1309 2
1310 0
1311 1
1312 1
1313 0
1314 2
1315 2
1316 0
1317 1
1318 0
1319 3
1320 0
1321 2
1322 1
1323 0
1324 1
1325 1
1326 2
1327 0
1328 0
1329 0
1330 2
1331 1
1332 2
1333 0
1334 1
1335 0
1336 0
1337 0
1338 2
1339 1
1340 1
1341 0
1342 1
1343 2
1344 0
1345 0
1346 0
1347 2
1348 1
1349 1
1350 1
1351 1
1352 0
1353 1
1354 3
1355 1
1356 1
1357 0
1358 2
1359 0
1360 2
1361 0
1362 1
1363 2
1364 1
1365 2
1366 1
1367 2
1368 1
1369 0
1370 1
1371 2
1372 0
1373 0
1374 2
1375 3
1376 3
1377 1
1378 2
1379 0
1380 0
1381 2
1382 0
1383 1
1384 0
1385 1
1386 2
1387 3
1388 1
1389 1
1390 1
1391 0
1392 2
1393 2
1394 0
1395 0
1396 1
1397 1
1398 1
1399 1
1400 1
1401 1
1402 0
1403 1
1404 0
1405 0
1406 3
1407 1
1408 0
1409 2
1410 1
1411 1
1412 2
1413 2
1414 1
1415 2
1416 0
1417 1
1418 2
1419 1
1420 3
1421 1
1422 2
1423 1
1424 0
1425 2
1426 3
1427 1
1428 3
1429 0
1430 2
1431 1
1432 1
1433 1
1434 2
1435 1
1436 2
1437 2
1438 2
1439 1
1440 2
1441 3
1442 1
1443 0
1444 2
1445 1
1446 0
1447 1
1448 1
1449 0
1450 2
1451 2
1452 0
1453 1
1454 2
1455 2
1456 2
1457 0
1458 1
1459 0
1460 1
1461 1
1462 2
1463 2
1464 0
1465 0
1466 0
1467 1
1468 2
1469 1
1470 2
1471 2
1472 0
1473 0
1474 1
1475 2
1476 2
1477 3
1478 1
1479 0
1480 0
1481 0
1482 0
1483 1
1484 2
1485 0
1486 0
1487 2
1488 1
1489 1
1490 1
1491 1
1492 2
1493 2
1494 0
1495 1
1496 1
1497 2
1498 2
1499 1
1500 3
1501 1
1502 2
1503 1
1504 1
1505 1
1506 0
1507 2
1508 1
1509 1
1510 0
1511 3
1512 3
1513 0
1514 0
1515 0
1516 0
1517 0
1518 2
1519 1
1520 0
1521 1
1522 0
1523 2
1524 0
1525 2
1526 0
1527 0
1528 1
1529 0
1530 0
1531 0
1532 0
1533 0
1534 1
1535 0
1536 1
1537 0
1538 3
1539 1
1540 0
1541 0
1542 0
1543 1
1544 0
1545 0
1546 0
1547 1
1548 1
1549 2
1550 0
1551 1
1552 2
1553 0
1554 0
1555 0
1556 0
1557 0
1558 0
1559 1
1560 0
1561 0
1562 1
1563 1
1564 2
1565 1
1566 0
1567 1
1568 1
1569 1
1570 2
1571 3
1572 0
1573 0
1574 1
1575 1
1576 2
1577 2
1578 0
1579 0
1580 1
1581 2
1582 2
1583 3
1584 2
1585 0
1586 0
1587 1
1588 1
1589 0
1590 1
1591 2
1592 1
1593 1
1594 2
1595 1
1596 0
1597 0
1598 1
1599 1
1600 1
1601 2
1602 3
1603 1
1604 2
1605 2
1606 1
1607 0
1608 1
1609 0
1610 0
1611 2
1612 2
1613 0
1614 0
1615 3
1616 0
1617 1
1618 2
1619 1
1620 1
1621 3
1622 2
1623 0
1624 2
1625 1
1626 3
1627 1
1628 0
1629 1
1630 0
1631 2
1632 3
1633 2
1634 1
1635 1
1636 0
1637 0
1638 2
1639 1
1640 0
1641 2
1642 1
1643 1
1644 2
1645 0
1646 1
1647 1
1648 2
1649 2
1650 1
1651 2
1652 1
1653 2
1654 0
1655 0
1656 1
1657 2
1658 2
1659 1
1660 3
1661 1
1662 2
1663 2
1664 2
1665 0
1666 0
1667 1
1668 2
1669 0
1670 1
1671 2
1672 0
1673 2
1674 2
1675 0
1676 0
1677 2
1678 1
1679 2
1680 1
1681 2
1682 0
1683 3
1684 1
1685 2
1686 1
1687 1
1688 0
1689 0
1690 2
1691 1
1692 0
1693 1
1694 1
1695 2
1696 2
1697 2
1698 0
1699 1
1700 2
1701 1
1702 1
1703 1
1704 2
1705 1
1706 2
1707 1
1708 1
1709 0
1710 1
1711 3
1712 2
1713 3
1714 0
1715 0
1716 0
1717 1
1718 0
1719 1
1720 0
1721 2
1722 2
1723 2
1724 0
1725 0
1726 1
1727 2
1728 0
1729 0
1730 1
1731 0
1732 1
1733 0
1734 1
1735 0
1736 0
1737 1
1738 3
1739 2
1740 1
1741 1
1742 0
1743 2
1744 3
1745 1
1746 3
1747 1
1748 0
1749 2
1750 2
1751 1
1752 2
1753 1
1754 2
1755 1
1756 3
1757 1
1758 1
1759 2
1760 0
1761 1
1762 1
1763 1
1764 0
1765 0
1766 2
1767 0
1768 1
1769 3
1770 1
1771 0
1772 1
1773 1
1774 1
1775 0
1776 2
1777 2
1778 1
1779 2
1780 0
1781 0
1782 2
1783 0
1784 2
1785 1
1786 1
1787 2
1788 2
1789 0
1790 1
1791 1
1792 2
1793 0
1794 2
1795 0
1796 2
1797 0
1798 1
1799 0
1800 2
1801 1
1802 0
1803 0
1804 0
1805 0
1806 1
1807 0
1808 2
1809 1
1810 3
1811 1
1812 2
1813 0
1814 2
1815 2
1816 0
1817 2
1818 1
1819 1
1820 2
1821 2
1822 1
1823 0
1824 0
1825 0
1826 2
1827 0
1828 1
1829 2
1830 1
1831 0
1832 0
1833 0
1834 2
1835 0
1836 3
1837 2
1838 2
1839 1
1840 0
1841 0
1842 0
1843 1
1844 2
1845 1
1846 1
1847 2
1848 0
1849 2
1850 0
1851 2
1852 0
1853 0
1854 1
1855 0
1856 1
1857 1
1858 0
1859 0
1860 1
1861 0
1862 0
1863 1
1864 2
1865 1
1866 2
1867 1
1868 0
1869 2
1870 2
1871 3
1872 2
1873 0
1874 1
1875 1
1876 2
1877 0
1878 1
1879 0
1880 3
1881 0
1882 3
1883 0
1884 2
1885 0
1886 0
1887 0
1888 0
1889 0
1890 2
1891 2
1892 0
1893 1
1894 2
1895 2
1896 1
1897 1
1898 0
1899 1
1900 0
1901 0
1902 0
1903 3
1904 2
1905 1
1906 2
1907 3
1908 0
1909 0
1910 0
1911 3
1912 1
1913 1
1914 0
1915 0
1916 0
1917 0
1918 1
1919 1
1920 2
1921 1
1922 1
1923 2
1924 1
1925 1
1926 0
1927 1
1928 0
1929 1
1930 2
1931 2
1932 0
1933 0
1934 3
1935 1
1936 3
1937 1
1938 1
1939 0
1940 1
1941 2
1942 3
1943 1
1944 2
1945 1
1946 0
1947 0
1948 0
1949 0
1950 2
1951 0
1952 1
1953 0
1954 0
1955 0
1956 2
1957 2
1958 2
1959 0
1960 1
1961 1
1962 3
1963 1
1964 2
1965 1
1966 2
1967 2
1968 3
1969 1
1970 2
1971 0
1972 3
1973 1
1974 2
1975 3
1976 0
1977 2
1978 0
1979 1
1980 2
1981 0
1982 1
1983 1
1984 0
1985 3
1986 1
1987 1
1988 2
1989 3
1990 0
1991 1
1992 0
1993 0
1994 0
1995 0
1996 0
1997 0
1998 0
1999 1
2000 1
2001 0
2002 2
2003 0
2004 0
2005 3
2006 2
2007 1
2008 0
2009 1
2010 1
2011 1
2012 1
2013 2
2014 0
2015 1
2016 3
2017 0
2018 2
2019 1
2020 2
2021 2
2022 1
2023 0
2024 0
2025 1
2026 2
2027 0
2028 0
2029 0
2030 1
2031 1
2032 2
2033 1
2034 3
2035 0
2036 2
2037 1
2038 1
2039 1
2040 1
2041 0
2042 0
2043 0
2044 3
2045 2
2046 0
2047 1
2048 0
2049 1
2050 2
2051 1
2052 0
2053 2
2054 2
2055 1
2056 1
2057 2
2058 1
2059 0
2060 1
2061 1
2062 2
2063 2
2064 0
2065 3
2066 2
2067 1
2068 2
2069 0
2070 0
2071 1
2072 2
2073 1
2074 2
2075 0
2076 0
2077 0
2078 0
2079 1
2080 0
2081 1
2082 0
2083 1
2084 0
2085 2
2086 0
2087 1
2088 0
2089 3
2090 2
2091 2
2092 0
2093 1
2094 1
2095 2
2096 2
2097 1
2098 1
2099 1
2100 2
2101 2
2102 1
2103 0
2104 0
2105 1
2106 2
2107 1
2108 2
2109 2
2110 0
2111 0
2112 1
2113 0
2114 3
2115 1
2116 0
2117 1
2118 2
2119 0
2120 1
2121 0
2122 2
2123 0
2124 2
2125 1
2126 1
2127 1
2128 1
2129 2
2130 1
2131 0
2132 0
2133 1
2134 0
2135 0
2136 2
2137 0
2138 0
2139 0
2140 3
2141 2
2142 2
2143 0
2144 2
2145 0
2146 1
2147 2
2148 2
2149 2
2150 1
2151 1
2152 1
2153 2
2154 0
2155 1
2156 2
2157 0
2158 1
2159 2
2160 0
2161 0
2162 2
2163 1
2164 2
2165 0
2166 0
2167 1
2168 1
2169 0
2170 0
2171 0
2172 2
2173 0
2174 0
2175 1
2176 2
2177 0
2178 1
2179 2
2180 2
2181 2
2182 1
2183 0
2184 3
2185 0
2186 0
2187 0
2188 1
2189 1
2190 1
2191 2
2192 1
2193 2
2194 1
2195 1
2196 1
2197 0
2198 2
2199 0
2200 0
2201 1
2202 2
2203 0
2204 0
2205 3
2206 1
2207 0
2208 0
2209 2
2210 0
2211 2
2212 1
2213 2
2214 1
2215 0
2216 0
2217 1
2218 1
2219 0
2220 1
2221 0
2222 2
2223 0
2224 2
2225 0
2226 0
2227 0
2228 0
2229 1
2230 1
2231 1
2232 1
2233 1
2234 1
2235 3
2236 2
2237 0
2238 0
2239 2
2240 1
2241 2
2242 2
2243 2
2244 1
2245 0
2246 1
2247 0
2248 0
2249 0
2250 1
2251 1
2252 1
2253 1
2254 0
2255 1
2256 1
2257 1
2258 0
2259 0
2260 0
2261 0
2262 0
2263 1
2264 2
2265 1
2266 1
2267 0
2268 1
2269 1
2270 2
2271 1
2272 1
2273 0
2274 0
2275 0
2276 0
2277 0
2278 2
2279 1
2280 0
2281 2
2282 2
2283 1
2284 0
2285 0
2286 2
2287 0
2288 0
2289 1
2290 2
2291 1
2292 2
2293 1
2294 2
2295 0
2296 2
2297 2
2298 1
2299 1
2300 0
2301 0
2302 2
2303 2
2304 2
2305 1
2306 2
2307 2
2308 1
2309 0
2310 2
2311 0
2312 2
2313 0
2314 2
2315 3
2316 1
2317 1
2318 0
2319 1
2320 2
2321 1
2322 2
2323 0
2324 0
2325 0
2326 1
2327 0
2328 1
2329 2
2330 0
2331 3
2332 1
2333 1
2334 2
2335 1
2336 2
2337 3
2338 1
2339 1
2340 0
2341 0
2342 2
2343 2
2344 1
2345 0
2346 1
2347 0
2348 0
2349 2
2350 1
2351 0
2352 2
2353 0
2354 0
2355 1
2356 0
2357 0
2358 1
2359 1
2360 3
2361 1
2362 3
2363 0
2364 2
2365 1
2366 2
2367 1
2368 2
2369 2
2370 2
2371 0
2372 0
2373 1
2374 0
2375 3
2376 2
2377 0
2378 1
2379 0
2380 2
2381 1
2382 0
2383 1
2384 0
2385 0
2386 1
2387 0
2388 0
2389 0
2390 1
2391 1
2392 0
2393 3
2394 3
2395 2
2396 1
2397 2
2398 1
2399 2
2400 2
2401 0
2402 0
2403 0
2404 2
2405 2
2406 0
2407 0
2408 0
2409 2
2410 2
2411 2
2412 0
2413 1
2414 1
2415 2
2416 1
2417 0
2418 2
2419 1
2420 0
2421 1
2422 1
2423 0
2424 2
2425 2
2426 2
2427 0
2428 3
2429 2
2430 1
2431 1
2432 1
2433 0
2434 0
2435 2
2436 2
2437 0
2438 2
2439 1
2440 0
2441 0
2442 1
2443 1
2444 2
2445 0
2446 0
2447 0
2448 0
2449 0
2450 0
2451 1
2452 3
2453 2
2454 2
2455 0
2456 1
2457 2
2458 1
2459 0
2460 1
2461 3
2462 0
2463 1
2464 0
2465 1
2466 1
2467 1
2468 0
2469 0
2470 2
2471 1
2472 3
2473 3
2474 1
2475 1
2476 0
2477 0
2478 0
2479 2
2480 1
2481 0
2482 2
2483 0
2484 1
2485 0
2486 0
2487 2
2488 0
2489 0
2490 1
2491 0
2492 1
2493 2
2494 1
2495 3
2496 0
2497 3
2498 3
2499 2
2500 1
2501 1
2502 1
2503 0
2504 3
2505 1
2506 0
2507 1
2508 3
2509 0
2510 2
2511 1
2512 1
2513 0
2514 2
2515 1
2516 0
2517 2
2518 2
2519 0
2520 0
2521 2
2522 1
2523 0
2524 0
2525 1
2526 0
2527 0
2528 2
2529 0
2530 2
2531 2
2532 0
2533 0
2534 0
2535 0
2536 2
2537 3
2538 0
2539 1
2540 0
2541 1
2542 0
2543 0
2544 1
2545 1
2546 3
2547 0
2548 1
2549 2
2550 1
2551 2
2552 0
2553 1
2554 2
2555 2
2556 0
2557 1
2558 0
2559 2
2560 1
2561 1
2562 2
2563 0
2564 1
2565 2
2566 1
2567 1
2568 0
2569 1
2570 0
2571 0
2572 1
2573 0
2574 1
2575 2
2576 3
2577 1
2578 1
2579 1
2580 3
2581 2
2582 2
2583 0
2584 3
2585 2
2586 2
2587 2
2588 2
2589 2
2590 0
2591 2
2592 0
2593 0
2594 0
2595 1
2596 1
2597 0
2598 2
2599 2
2600 1
2601 0
2602 2
2603 3
2604 1
2605 0
2606 1
2607 0
2608 1
2609 0
2610 3
2611 0
2612 1
2613 1
2614 3
2615 1
2616 2
2617 0
2618 0
2619 0
2620 1
2621 2
2622 2
2623 2
2624 1
2625 0
2626 1
2627 2
2628 1
2629 3
2630 2
2631 0
2632 0
2633 0
2634 0
2635 2
2636 1
2637 0
2638 1
2639 1
2640 3
2641 1
2642 2
2643 2
2644 2
2645 2
2646 1
2647 1
2648 0
2649 1
2650 0
2651 2
2652 1
2653 3
2654 0
2655 0
2656 0
2657 0
2658 1
2659 3
2660 0
2661 3
2662 0
2663 2
2664 1
2665 1
2666 0
2667 1
2668 2
2669 2
2670 1
2671 4
2672 1
2673 2
2674 0
2675 3
2676 0
2677 1
2678 0
2679 0
2680 0
2681 0
2682 0
2683 1
2684 1
2685 1
2686 1
2687 3
2688 1
2689 1
2690 2
2691 1
2692 2
2693 1
2694 1
2695 1
2696 1
2697 0
2698 1
2699 1
2700 2
2701 2
2702 0
2703 1
2704 0
2705 1
2706 0
2707 2
2708 0
2709 1
2710 1
2711 0
2712 0
2713 1
2714 1
2715 0
2716 2
2717 1
2718 2
2719 2
2720 1
2721 1
2722 0
2723 0
2724 0
2725 0
2726 2
2727 0
2728 1
2729 2
2730 0
2731 1
2732 1
2733 0
2734 2
2735 1
2736 1
2737 0
2738 0
2739 0
2740 0
2741 2
2742 1
2743 2
2744 3
2745 0
2746 1
2747 2
2748 0
2749 2
2750 1
2751 0
2752 0
2753 0
2754 2
2755 0
2756 2
2757 1
2758 0
2759 1
2760 0
2761 2
2762 0
2763 1
2764 0
2765 0
2766 0
2767 0
2768 1
2769 2
2770 1
2771 1
2772 1
2773 1
2774 2
2775 0
2776 0
2777 1
2778 2
2779 2
2780 0
2781 0
2782 0
2783 1
2784 2
2785 0
2786 2
2787 1
2788 0
2789 2
2790 1
2791 1
2792 2
2793 2
2794 0
2795 2
2796 0
2797 2
2798 1
2799 2
2800 1
2801 0
2802 1
2803 1
2804 0
2805 0
2806 0
2807 0
2808 2
2809 0
2810 2
2811 2
2812 0
2813 0
2814 0
2815 0
2816 0
2817 0
2818 0
2819 1
2820 1
2821 2
2822 2
2823 0
2824 1
2825 0
2826 0
2827 1
2828 2
2829 0
2830 1
2831 0
2832 2
2833 0
2834 2
2835 0
2836 0
2837 1
2838 1
2839 1
2840 2
2841 3
2842 1
2843 2
2844 0
2845 2
2846 2
2847 0
2848 3
2849 2
2850 3
2851 2
2852 0
2853 0
2854 1
2855 2
2856 0
2857 0
2858 1
2859 1
2860 3
2861 2
2862 0
2863 0
2864 1
2865 1
2866 2
2867 2
2868 0
2869 1
2870 0
2871 1
2872 0
2873 1
2874 1
2875 0
2876 1
2877 1
2878 1
2879 2
2880 2
2881 2
2882 0
2883 3
2884 1
2885 1
2886 0
2887 0
2888 1
2889 2
2890 1
2891 0
2892 1
2893 2
2894 0
2895 2
2896 1
2897 2
2898 0
2899 3
2900 0
2901 0
2902 1
2903 1
2904 0
2905 3
2906 0
2907 0
2908 0
2909 1
2910 0
2911 3
2912 0
2913 2
2914 1
2915 1
2916 0
2917 2
2918 1
2919 2
2920 2
2921 2
2922 0
2923 0
2924 0
2925 0
2926 0
2927 0
2928 1
2929 2
2930 2
2931 0
2932 0
2933 1
2934 2
2935 2
2936 2
2937 0
2938 0
2939 0
2940 0
2941 0
2942 0
2943 0
2944 0
2945 1
2946 3
2947 0
2948 0
2949 1
2950 1
2951 0
2952 2
2953 0
2954 2
2955 3
2956 1
2957 3
2958 3
2959 1
2960 0
2961 1
2962 0
2963 2
2964 1
2965 2
2966 0
2967 2
2968 1
2969 0
2970 2
2971 1
2972 3
2973 3
2974 1
2975 2
2976 1
2977 2
2978 1
2979 1
2980 1
2981 2
2982 0
2983 1
2984 1
2985 0
2986 0
2987 1
2988 0
2989 0
2990 1
2991 2
2992 2
2993 3
2994 2
2995 1
2996 1
2997 0
2998 1
2999 0
3000 1
3001 1
3002 0
3003 3
3004 0
3005 3
3006 0
3007 1
3008 0
3009 3
3010 1
3011 1
3012 0
3013 0
3014 2
3015 2
3016 1
3017 0
3018 0
3019 1
3020 1
3021 0
3022 1
3023 0
3024 0
3025 0
3026 1
3027 1
3028 2
3029 1
3030 1
3031 0
3032 2
3033 1
3034 1
3035 2
3036 1
3037 2
3038 2
3039 1
3040 1
3041 0
3042 1
3043 0
3044 0
3045 1
3046 1
3047 1
3048 3
3049 1
3050 0
3051 0
3052 1
3053 0
3054 0
3055 0
3056 2
3057 0
3058 1
3059 0
3060 1
3061 2
3062 0
3063 1
3064 1
3065 2
3066 2
3067 1
3068 1
3069 1
3070 1
3071 0
3072 1
3073 1
3074 1
3075 1
3076 1
3077 0
3078 2
3079 2
3080 0
3081 1
3082 0
3083 1
3084 1
3085 0
3086 1
3087 1
3088 2
3089 0
3090 1
3091 0
3092 1
3093 0
3094 1
3095 1
3096 0
3097 0
3098 2
3099 0
3100 0
3101 2
3102 1
3103 1
3104 0
3105 0
3106 0
3107 1
3108 1
3109 0
3110 0
3111 1
3112 1
3113 3
3114 1
3115 1
3116 2
3117 0
3118 1
3119 1
3120 0
3121 1
3122 2
3123 1
3124 1
3125 2
3126 1
3127 3
3128 0
3129 1
3130 2
3131 0
3132 0
3133 1
3134 0
3135 1
3136 1
3137 1
3138 0
3139 3
3140 2
3141 2
3142 1
3143 1
3144 0
3145 1
3146 1
3147 2
3148 0
3149 0
3150 2
3151 0
3152 0
3153 1
3154 0
3155 2
3156 1
3157 0
3158 0
3159 2
3160 0
3161 1
3162 2
3163 1
3164 3
3165 0
3166 1
3167 3
3168 0
3169 0
3170 1
3171 1
3172 1
3173 0
3174 2
3175 2
3176 2
3177 1
3178 0
3179 1
3180 2
3181 0
3182 1
3183 1
3184 1
3185 2
3186 0
3187 3
3188 1
3189 1
3190 2
3191 0
3192 1
3193 1
3194 1
3195 0
3196 1
3197 2
3198 3
3199 2
3200 0
3201 2
3202 0
3203 0
3204 0
3205 0
3206 1
3207 0
3208 1
3209 1
3210 1
3211 1
3212 0
3213 2
3214 0
3215 2
3216 2
3217 0
3218 1
3219 2
3220 0
3221 0
3222 0
3223 2
3224 0
3225 2
3226 0
3227 0
3228 1
3229 2
3230 0
3231 0
3232 1
3233 0
3234 2
3235 2
3236 1
3237 1
3238 2
3239 1
3240 1
3241 2
3242 0
3243 0
3244 1
3245 0
3246 1
3247 0
3248 0
3249 0
3250 2
3251 2
3252 1
3253 2
3254 1
3255 1
3256 1
3257 0
3258 3
3259 0
3260 1
3261 0
3262 0
3263 0
3264 1
3265 0
3266 1
3267 1
3268 1
3269 1
3270 1
3271 0
3272 3
3273 0
3274 0
3275 0
3276 1
3277 0
3278 1
3279 0
3280 1
3281 0
3282 1
3283 1
3284 0
3285 1
3286 2
3287 2
3288 1
3289 1
3290 1
3291 0
3292 1
3293 0
3294 0
3295 1
3296 1
3297 0
3298 2
3299 2
3300 1
3301 1
3302 2
3303 1
3304 2
3305 0
3306 2
3307 2
3308 2
3309 1
3310 0
3311 0
3312 0
3313 2
3314 1
3315 1
3316 1
3317 0
3318 1
3319 1
3320 1
3321 1
3322 0
3323 1
3324 1
3325 2
3326 1
3327 0
3328 2
3329 1
3330 1
3331 1
3332 2
3333 0
3334 2
3335 0
3336 1
3337 1
3338 1
3339 1
3340 2
3341 1
3342 2
3343 0
3344 1
3345 1
3346 0
3347 1
3348 1
3349 1
3350 1
3351 1
3352 0
3353 1
3354 0
3355 1
3356 1
3357 1
3358 2
3359 0
3360 0
3361 0
3362 1
3363 1
3364 2
3365 2
3366 0
3367 0
3368 1
3369 2
3370 3
3371 0
3372 0
3373 0
3374 0
3375 2
3376 1
3377 0
3378 2
3379 1
3380 3
3381 1
3382 2
3383 0
3384 1
3385 1
3386 2
3387 2
3388 2
3389 1
3390 0
3391 1
3392 1
3393 1
3394 2
3395 2
3396 0
3397 2
3398 0
3399 2
3400 0
3401 0
3402 1
3403 1
3404 0
3405 1
3406 2
3407 2
3408 0
3409 0
3410 3
3411 0
3412 3
3413 1
3414 2
3415 2
3416 0
3417 3
3418 2
3419 1
3420 0
3421 2
3422 1
3423 1
3424 1
3425 0
3426 0
3427 1
3428 1
3429 3
3430 2
3431 0
3432 1
3433 3
3434 3
3435 3
3436 1
3437 0
3438 2
3439 2
3440 0
3441 1
3442 2
3443 2
3444 1
3445 1
3446 0
3447 0
3448 2
3449 0
3450 1
3451 2
3452 2
3453 1
3454 1
3455 1
3456 0
3457 1
3458 1
3459 2
3460 0
3461 0
3462 0
3463 0
3464 1
3465 1
3466 2
3467 0
3468 1
3469 0
3470 2
3471 2
3472 1
3473 2
3474 0
3475 2
3476 2
3477 1
3478 1
3479 2
3480 1
3481 1
3482 2
3483 2
3484 1
3485 0
3486 0
3487 1
3488 0
3489 2
3490 2
3491 0
3492 0
3493 1
3494 2
3495 1
3496 0
3497 0
3498 2
3499 0
3500 1
3501 2
3502 2
3503 2
3504 0
3505 0
3506 0
3507 1
3508 0
3509 1
3510 1
3511 3
3512 1
3513 0
3514 0
3515 0
3516 1
3517 0
3518 1
3519 1
3520 1
3521 1
3522 2
3523 0
3524 1
3525 1
3526 0
3527 2
3528 2
3529 1
3530 2
3531 2
3532 1
3533 2
3534 1
3535 1
3536 1
3537 0
3538 0
3539 0
3540 0
3541 1
3542 1
3543 1
3544 1
3545 0
3546 1
3547 0
3548 2
3549 0
3550 0
3551 1
3552 2
3553 3
3554 0
3555 0
3556 0
3557 1
3558 1
3559 1
3560 0
3561 2
3562 0
3563 0
3564 1
3565 0
3566 2
3567 3
3568 0
3569 1
3570 0
3571 0
3572 1
3573 2
3574 0
3575 0
3576 1
3577 1
3578 1
3579 1
3580 0
3581 1
3582 2
3583 0
3584 2
3585 0
3586 2
3587 0
3588 3
3589 0
3590 1
3591 2
3592 0
3593 1
3594 0
3595 0
3596 1
3597 1
3598 2
3599 1
3600 2
3601 1
3602 1
3603 0
3604 1
3605 1
3606 0
3607 0
3608 0
3609 1
3610 2
3611 1
3612 2
3613 1
3614 1
3615 2
3616 2
3617 0
3618 1
3619 1
3620 1
3621 0
3622 2
3623 1
3624 1
3625 0
3626 0
3627 2
3628 2
3629 1
3630 1
3631 1
3632 1
3633 3
3634 2
3635 1
3636 1
3637 2
3638 2
3639 1
3640 2
3641 1
3642 1
3643 1
3644 0
3645 3
3646 0
3647 0
3648 0
3649 0
3650 1
3651 1
3652 2
3653 1
3654 0
3655 1
3656 2
3657 2
3658 0
3659 1
3660 2
3661 2
3662 1
3663 0
3664 0
3665 0
3666 1
3667 0
3668 1
3669 1
3670 1
3671 2
3672 0
3673 2
3674 0
3675 0
3676 0
3677 0
3678 0
3679 1
3680 1
3681 0
3682 1
3683 0
3684 2
3685 1
3686 1
3687 2
3688 1
3689 3
3690 1
3691 2
3692 1
3693 1
3694 0
3695 1
3696 1
3697 2
3698 0
3699 1
3700 3
3701 2
3702 0
3703 0
3704 2
3705 0
3706 1
3707 0
3708 1
3709 1
3710 1
3711 1
3712 0
3713 0
3714 1
3715 0
3716 2
3717 0
3718 2
3719 1
3720 0
3721 0
3722 0
3723 3
3724 1
3725 2
3726 0
3727 1
3728 2
3729 2
3730 0
3731 2
3732 0
3733 2
3734 0
3735 1
3736 1
3737 0
3738 0
3739 0
3740 2
3741 1
3742 1
3743 0
3744 2
3745 2
3746 0
3747 2
3748 1
3749 2
3750 0
3751 0
3752 2
3753 0
3754 1
3755 3
3756 2
3757 2
3758 1
3759 0
3760 2
3761 1
3762 1
3763 0
3764 2
3765 2
3766 3
3767 2
3768 0
3769 1
3770 1
3771 1
3772 2
3773 2
3774 2
3775 2
3776 1
3777 1
3778 1
3779 0
3780 1
3781 2
3782 3
3783 2
3784 0
3785 0
3786 2
3787 1
3788 1
3789 3
3790 1
3791 0
3792 1
3793 0
3794 1
3795 0
3796 1
3797 1
3798 1
3799 3
3800 0
3801 0
3802 0
3803 2
3804 1
3805 2
3806 0
3807 0
3808 0
3809 0
3810 2
3811 0
3812 1
3813 2
3814 0
3815 1
3816 3
3817 1
3818 1
3819 1
3820 1
3821 2
3822 0
3823 0
3824 2
3825 0
3826 1
3827 1
3828 0
3829 0
3830 0
3831 1
3832 1
3833 0
3834 0
3835 0
3836 1
3837 1
3838 0
3839 0
3840 0
3841 0
3842 0
3843 2
3844 0
3845 1
3846 0
3847 2
3848 1
3849 2
3850 1
3851 1
3852 0
3853 2
3854 1
3855 0
3856 0
3857 1
3858 2
3859 0
3860 2
3861 2
3862 3
3863 1
3864 1
3865 0
3866 2
3867 0
3868 0
3869 1
3870 2
3871 1
3872 1
3873 0
3874 1
3875 0
3876 2
3877 2
3878 1
3879 0
3880 2
3881 1
3882 0
3883 1
3884 1
3885 0
3886 2
3887 2
3888 1
3889 0
3890 1
3891 2
3892 0
3893 2
3894 2
3895 1
3896 0
3897 0
3898 2
3899 1
3900 2
3901 1
3902 0
3903 2
3904 0
3905 0
3906 0
3907 2
3908 1
3909 1
3910 0
3911 1
3912 1
3913 1
3914 1
3915 0
3916 0
3917 1
3918 0
3919 1
3920 0
3921 2
3922 2
3923 1
3924 2
3925 2
3926 1
3927 3
3928 0
3929 2
3930 2
3931 1
3932 2
3933 1
3934 0
3935 0
3936 1
3937 2
3938 1
3939 0
3940 2
3941 2
3942 2
3943 2
3944 2
3945 1
3946 0
3947 0
3948 0
3949 2
3950 0
3951 2
3952 2
3953 1
3954 0
3955 1
3956 1
3957 2
3958 0
3959 0
3960 2
3961 2
3962 1
3963 2
3964 2
3965 2
3966 1
3967 0
3968 1
3969 1
3970 1
3971 2
3972 2
3973 1
3974 0
3975 2
3976 1
3977 2
3978 0
3979 1
3980 0
3981 1
3982 0
3983 1
3984 1
3985 0
3986 2
3987 1
3988 0
3989 2
3990 3
3991 3
3992 0
3993 0
3994 2
3995 1
3996 0
3997 2
3998 1
3999 0
4000 1
4001 0
4002 0
4003 0
4004 2
4005 1
4006 2
4007 1
4008 2
4009 2
4010 0
4011 2
4012 0
4013 0
4014 0
4015 1
4016 1
4017 2
4018 1
4019 2
4020 1
4021 1
4022 1
4023 0
4024 0
4025 0
4026 1
4027 2
4028 3
4029 1
4030 2
4031 2
4032 1
4033 1
4034 2
4035 1
4036 0
4037 2
4038 0
4039 2
4040 1
4041 1
4042 1
4043 0
4044 1
4045 2
4046 2
4047 0
4048 0
4049 2
4050 1
4051 2
4052 0
4053 1
4054 1
4055 0
4056 2
4057 2
4058 2
4059 3
4060 2
4061 0
4062 0
4063 1
4064 1
4065 1
4066 0
4067 0
4068 1
4069 1
4070 2
4071 0
4072 1
4073 1
4074 1
4075 1
4076 2
4077 0
4078 2
4079 0
4080 0
4081 2
4082 0
4083 0
4084 1
4085 1
4086 2
4087 1
4088 0
4089 0
4090 1
4091 0
4092 2
4093 1
4094 1
4095 0
4096 1
4097 2
4098 0
4099 0
4100 2
4101 1
4102 2
4103 0
4104 1
4105 1
4106 0
4107 0
4108 1
4109 1
4110 1
4111 1
4112 1
4113 2
4114 0
4115 0
4116 2
4117 0
4118 0
4119 0
4120 2
4121 0
4122 2
4123 1
4124 1
4125 1
4126 0
4127 1
4128 0
4129 1
4130 0
4131 2
4132 0
4133 2
4134 1
4135 1
4136 1
4137 2
4138 2
4139 2
4140 0
4141 1
4142 0
4143 0
4144 2
4145 0
4146 1
4147 2
4148 1
4149 1
4150 1
4151 1
4152 1
4153 1
4154 1
4155 0
4156 0
4157 0
4158 1
4159 0
4160 1
4161 2
4162 1
4163 1
4164 2
4165 2
4166 2
4167 2
4168 2
4169 0
4170 1
4171 1
4172 2
4173 1
4174 1
4175 1
4176 1
4177 2
4178 1
4179 2
4180 0
4181 0
4182 1
4183 1
4184 0
4185 2
4186 2
4187 2
4188 2
4189 0
4190 2
4191 2
4192 2
4193 0
4194 1
4195 0
4196 0
4197 0
4198 0
4199 1
4200 1
4201 1
4202 0
4203 0
4204 2
4205 1
4206 0
4207 0
4208 1
4209 1
4210 0
4211 2
4212 0
4213 2
4214 1
4215 2
4216 0
4217 0
4218 2
4219 0
4220 0
4221 2
4222 1
4223 0
4224 1
4225 3
4226 2
4227 2
4228 0
4229 1
4230 1
4231 0
4232 1
4233 2
4234 2
4235 0
4236 1
4237 1
4238 0
4239 2
4240 2
4241 1
4242 2
4243 2
4244 0
4245 1
4246 1
4247 1
4248 0
4249 0
4250 0
4251 1
4252 1
4253 0
4254 0
4255 1
4256 0
4257 0
4258 2
4259 2
4260 3
4261 0
4262 0
4263 2
4264 0
4265 1
4266 0
4267 1
4268 1
4269 2
4270 1
4271 0
4272 1
4273 1
4274 0
4275 0
4276 0
4277 1
4278 2
4279 1
4280 1
4281 0
4282 3
4283 0
4284 1
4285 0
4286 2
4287 1
4288 2
4289 2
4290 0
4291 1
4292 2
4293 0
4294 0
4295 2
4296 3
4297 0
4298 0
4299 1
4300 1
4301 2
4302 0
4303 2
4304 2
4305 2
4306 2
4307 0
4308 0
4309 1
4310 2
4311 2
4312 0
4313 0
4314 0
4315 2
4316 2
4317 1
4318 1
4319 1
4320 0
4321 0
4322 2
4323 2
4324 2
4325 0
4326 1
4327 0
4328 0
4329 3
4330 0
4331 2
4332 1
4333 2
4334 2
4335 1
4336 2
4337 2
4338 1
4339 3
4340 0
4341 0
4342 0
4343 3
4344 1
4345 0
4346 1
4347 0
4348 1
4349 0
4350 0
4351 2
4352 1
4353 1
4354 1
4355 2
4356 1
4357 1
4358 1
4359 2
4360 3
4361 0
4362 2
4363 0
4364 0
4365 1
4366 2
4367 0
4368 0
4369 0
4370 2
4371 1
4372 1
4373 1
4374 1
4375 0
4376 0
4377 1
4378 0
4379 0
4380 2
4381 2
4382 3
4383 1
4384 1
4385 2
4386 2
4387 3
4388 0
4389 3
4390 0
4391 0
4392 1
4393 2
4394 1
4395 0
4396 0
4397 2
4398 1
4399 3
4400 2
4401 1
4402 1
4403 0
4404 1
4405 0
4406 1
4407 0
4408 2
4409 3
4410 0
4411 1
4412 0
4413 0
4414 2
4415 1
4416 2
4417 1
4418 1
4419 3
4420 0
4421 0
4422 3
4423 2
4424 1
4425 0
4426 2
4427 2
4428 1
4429 1
4430 1
4431 1
4432 3
4433 1
4434 2
4435 1
4436 0
4437 3
4438 1
4439 0
4440 1
4441 1
4442 1
4443 1
4444 1
4445 0
4446 1
4447 1
4448 0
4449 2
4450 1
4451 2
4452 1
4453 1
4454 0
4455 1
4456 0
4457 1
4458 0
4459 2
4460 2
4461 2
4462 3
4463 2
4464 3
4465 2
4466 2
4467 1
4468 2
4469 2
4470 2
4471 2
4472 0
4473 1
4474 1
4475 0
4476 0
4477 0
4478 1
4479 2
4480 0
4481 0
4482 2
4483 1
4484 0
4485 1
4486 1
4487 0
4488 1
4489 1
4490 0
4491 0
4492 1
4493 1
4494 2
4495 3
4496 2
4497 2
4498 0
4499 0
4500 1
4501 2
4502 1
4503 2
4504 2
4505 1
4506 0
4507 0
4508 0
4509 1
4510 2
4511 2
4512 1
4513 2
4514 0
4515 1
4516 2
4517 0
4518 2
4519 1
4520 0
4521 1
4522 0
4523 0
4524 1
4525 0
4526 2
4527 3
4528 1
4529 0
4530 1
4531 1
4532 0
4533 1
4534 2
4535 0
4536 1
4537 1
4538 2
4539 2
4540 2
4541 2
4542 1
4543 2
4544 1
4545 0
4546 0
4547 1
4548 0
4549 0
4550 3
4551 0
4552 2
4553 0
4554 0
4555 2
4556 1
4557 3
4558 0
4559 0
4560 1
4561 2
4562 2
4563 2
4564 1
4565 2
4566 0
4567 1
4568 0
4569 0
4570 3
4571 1
4572 0
4573 0
4574 1
4575 0
4576 0
4577 1
4578 2
4579 1
4580 1
4581 1
4582 0
4583 2
4584 0
4585 0
4586 1
4587 2
4588 2
4589 1
4590 3
4591 2
4592 1
4593 1
4594 0
4595 1
4596 2
4597 0
4598 1
4599 1
4600 2
4601 0
4602 0
4603 0
4604 1
4605 0
4606 0
4607 2
4608 3
4609 0
4610 2
4611 0
4612 2
4613 0
4614 0
4615 0
4616 1
4617 1
4618 3
4619 3
4620 0
4621 1
4622 2
4623 1
4624 1
4625 0
4626 1
4627 3
4628 2
4629 1
4630 0
4631 2
4632 0
4633 0
4634 2
4635 2
4636 1
4637 0
4638 3
4639 3
4640 1
4641 1
4642 0
4643 1
4644 1
4645 2
4646 2
4647 2
4648 1
4649 1
4650 1
4651 1
4652 0
4653 3
4654 0
4655 1
4656 0
4657 0
4658 1
4659 2
4660 1
4661 1
4662 2
4663 1
4664 1
4665 2
4666 2
4667 0
4668 0
4669 1
4670 0
4671 2
4672 0
4673 3
4674 1
4675 3
4676 1
4677 0
4678 1
4679 0
4680 2
4681 1
4682 1
4683 0
4684 2
4685 1
4686 2
4687 1
4688 2
4689 2
4690 2
4691 0
4692 1
4693 1
4694 2
4695 0
4696 1
4697 2
4698 1
4699 0
4700 0
4701 1
4702 1
4703 1
4704 1
4705 0
4706 1
4707 2
4708 2
4709 2
4710 2
4711 2
4712 0
4713 0
4714 1
4715 3
4716 1
4717 0
4718 0
4719 1
4720 1
4721 2
4722 2
4723 1
4724 3
4725 0
4726 2
4727 1
4728 2
4729 0
4730 0
4731 2
4732 0
4733 1
4734 2
4735 0
4736 0
4737 1
4738 1
4739 2
4740 1
4741 1
4742 2
4743 2
4744 3
4745 1
4746 0
4747 0
4748 1
4749 3
4750 2
4751 1
4752 1
4753 0
4754 0
4755 2
4756 1
4757 3
4758 1
4759 0
4760 1
4761 2
4762 2
4763 0
4764 1
4765 2
4766 0
4767 0
4768 1
4769 0
4770 1
4771 2
4772 2
4773 2
4774 1
4775 0
4776 0
4777 0
4778 0
4779 0
4780 1
4781 1
4782 1
4783 2
4784 3
4785 1
4786 2
4787 2
4788 0
4789 3
4790 0
4791 3
4792 0
4793 1
4794 2
4795 2
4796 1
4797 1
4798 1
4799 0
4800 1
4801 1
4802 0
4803 1
4804 0
4805 1
4806 2
4807 1
4808 3
4809 2
4810 0
4811 0
4812 1
4813 1
4814 0
4815 1
4816 0
4817 0
4818 3
4819 0
4820 2
4821 1
4822 0
4823 2
4824 2
4825 1
4826 1
4827 0
4828 0
4829 0
4830 3
4831 0
4832 0
4833 2
4834 2
4835 1
4836 1
4837 3
4838 1
4839 1
4840 0
4841 2
4842 2
4843 1
4844 0
4845 3
4846 0
4847 1
4848 2
4849 2
4850 3
4851 1
4852 3
4853 1
4854 2
4855 0
4856 0
4857 2
4858 1
4859 0
4860 0
4861 1
4862 0
4863 2
4864 0
4865 1
4866 0
4867 1
4868 1
4869 1
4870 1
4871 2
4872 3
4873 1
4874 2
4875 2
4876 2
4877 3
4878 1
4879 0
4880 0
4881 1
4882 1
4883 0
4884 0
4885 1
4886 0
4887 1
4888 1
4889 1
4890 2
4891 1
4892 0
4893 1
4894 1
4895 0
4896 0
4897 1
4898 2
4899 1
4900 1
4901 3
4902 0
4903 1
4904 3
4905 1
4906 2
4907 0
4908 1
4909 2
4910 0
4911 1
4912 0
4913 0
4914 2
4915 0
4916 1
4917 3
4918 0
4919 0
4920 2
4921 0
4922 1
4923 0
4924 0
4925 2
4926 1
4927 2
4928 1
4929 0
4930 0
4931 1
4932 0
4933 2
4934 3
4935 2
4936 0
4937 1
4938 1
4939 2
4940 2
4941 1
4942 2
4943 2
4944 1
4945 1
4946 0
4947 2
4948 1
4949 0
4950 1
4951 1
4952 1
4953 1
4954 2
4955 1
4956 1
4957 3
4958 2
4959 2
4960 1
4961 1
4962 1
4963 2
4964 1
4965 0
4966 2
4967 1
4968 2
4969 1
4970 0
4971 1
4972 0
4973 1
4974 1
4975 0
4976 2
4977 3
4978 0
4979 1
4980 2
4981 2
4982 1
4983 0
4984 1
4985 0
4986 2
4987 0
4988 2
4989 2
4990 2
4991 0
4992 2
4993 1
4994 0
4995 0
4996 1
4997 1
4998 0
4999 2
5000 1
5001 0
5002 0
5003 0
5004 0
5005 2
5006 1
5007 2
5008 1
5009 1
5010 1
5011 0
5012 0
5013 1
5014 0
5015 2
5016 3
5017 1
5018 1
5019 0
5020 0
5021 0
5022 1
5023 2
5024 0
5025 1
5026 0
5027 1
5028 0
5029 2
5030 2
5031 0
5032 0
5033 1
5034 2
5035 1
5036 0
5037 0
5038 1
5039 0
5040 0
5041 0
5042 0
5043 3
5044 1
5045 1
5046 3
5047 2
5048 2
5049 0
5050 0
5051 1
5052 1
5053 2
5054 1
5055 3
5056 2
5057 1
5058 1
5059 0
5060 0
5061 1
5062 0
5063 1
5064 1
5065 2
5066 0
5067 0
5068 0
5069 1
5070 0
5071 0
5072 0
5073 1
5074 0
5075 1
5076 1
5077 1
5078 3
5079 2
5080 1
5081 1
5082 0
5083 2
5084 1
5085 2
5086 2
5087 2
5088 3
5089 2
5090 1
5091 0
5092 0
5093 0
5094 3
5095 1
5096 2
5097 0
5098 0
5099 2
5100 1
5101 2
5102 0
5103 1
5104 2
5105 2
5106 1
5107 0
5108 1
5109 0
5110 0
5111 0
5112 1
5113 3
5114 1
5115 0
5116 0
5117 1
5118 2
5119 0
5120 1
5121 0
5122 2
5123 1
5124 2
5125 0
5126 0
5127 2
5128 2
5129 1
5130 1
5131 0
5132 1
5133 2
5134 1
5135 2
5136 2
5137 3
5138 1
5139 1
5140 2
5141 2
5142 3
5143 0
5144 0
5145 0
5146 0
5147 1
5148 2
5149 0
5150 1
5151 2
5152 1
5153 1
5154 2
5155 2
5156 3
5157 2
5158 2
5159 0
5160 0
5161 3
5162 2
5163 0
5164 1
5165 1
5166 0
5167 0
5168 1
5169 2
5170 0
5171 0
5172 1
5173 0
5174 0
5175 0
5176 1
5177 1
5178 0
5179 0
5180 2
5181 3
5182 0
5183 1
5184 3
5185 0
5186 0
5187 0
5188 1
5189 0
5190 2
5191 0
5192 3
5193 2
5194 1
5195 0
5196 0
5197 1
5198 2
5199 1
5200 2
5201 1
5202 1
5203 1
5204 1
5205 1
5206 0
5207 0
5208 3
5209 0
5210 1
5211 0
5212 0
5213 2
5214 0
5215 2
5216 0
5217 0
5218 1
5219 1
5220 2
5221 1
5222 0
5223 1
5224 2
5225 0
5226 2
5227 1
5228 2
5229 0
5230 1
5231 0
5232 1
5233 0
5234 0
5235 2
5236 1
5237 2
5238 1
5239 0
5240 2
5241 1
5242 2
5243 1
5244 0
5245 1
5246 1
5247 0
5248 2
5249 0
5250 1
5251 1
5252 2
5253 0
5254 1
5255 1
5256 1
5257 0
5258 0
5259 2
5260 1
5261 0
5262 1
5263 1
5264 0
5265 0
5266 1
5267 1
5268 1
5269 2
5270 2
5271 0
5272 2
5273 2
5274 0
5275 0
5276 0
5277 2
5278 2
5279 1
5280 0
5281 2
5282 3
5283 1
5284 2
5285 0
5286 0
5287 2
5288 1
5289 1
5290 0
5291 0
5292 0
5293 2
5294 2
5295 2
5296 1
5297 1
5298 2
5299 1
5300 0
5301 1
5302 3
5303 2
5304 2
5305 0
5306 3
5307 1
5308 0
5309 2
5310 0
5311 2
5312 0
5313 0
5314 2
5315 2
5316 1
5317 2
5318 2
5319 1
5320 0
5321 0
5322 1
5323 1
5324 0
5325 0
5326 1
5327 1
5328 1
5329 1
5330 1
5331 2
5332 1
5333 2
5334 2
5335 2
5336 1
5337 1
5338 1
5339 0
5340 0
5341 3
5342 1
5343 1
5344 1
5345 0
5346 1
5347 0
5348 0
5349 1
5350 0
5351 1
5352 1
5353 0
5354 0
5355 0
5356 2
5357 1
5358 2
5359 2
5360 0
5361 2
5362 2
5363 2
5364 2
5365 0
5366 1
5367 1
5368 1
5369 1
5370 1
5371 1
5372 0
5373 2
5374 1
5375 0
5376 3
5377 1
5378 0
5379 2
5380 1
5381 2
5382 0
5383 1
5384 2
5385 2
5386 1
5387 0
5388 2
5389 0
5390 1
5391 1
5392 0
5393 0
5394 1
5395 1
5396 1
5397 1
5398 1
5399 2
5400 3
5401 0
5402 3
5403 0
5404 3
5405 1
5406 0
5407 1
5408 2
5409 0
5410 1
5411 0
5412 0
5413 2
5414 1
5415 0
5416 0
5417 1
5418 0
5419 1
5420 1
5421 2
5422 0
5423 1
5424 0
5425 1
5426 1
5427 0
5428 1
5429 0
5430 1
5431 0
5432 1
5433 0
5434 3
5435 1
5436 1
5437 2
5438 2
5439 0
5440 2
5441 1
5442 0
5443 3
5444 0
5445 1
5446 0
5447 0
5448 0
5449 1
5450 1
5451 0
5452 1
5453 0
5454 1
5455 1
5456 1
5457 1
5458 2
5459 1
5460 2
5461 1
5462 1
5463 1
5464 2
5465 0
5466 0
5467 1
5468 2
5469 2
5470 2
5471 0
5472 0
5473 0
5474 1
5475 0
5476 0
5477 2
5478 0
5479 2
5480 0
5481 1
5482 2
5483 2
5484 3
5485 1
5486 1
5487 0
5488 0
5489 2
5490 1
5491 2
5492 1
5493 1
5494 2
5495 0
5496 0
5497 0
5498 1
5499 1
5500 1
5501 0
5502 0
5503 1
5504 2
5505 0
5506 1
5507 2
5508 0
5509 0
5510 0
5511 0
5512 0
5513 3
5514 1
5515 0
5516 0
5517 2
5518 1
5519 1
5520 0
5521 1
5522 0
5523 1
5524 2
5525 1
5526 1
5527 0
5528 0
5529 0
5530 2
5531 0
5532 2
5533 0
5534 1
5535 0
5536 2
5537 0
5538 2
5539 2
5540 1
5541 1
5542 1
5543 1
5544 1
5545 0
5546 1
5547 0
5548 1
5549 2
5550 2
5551 2
5552 0
5553 0
5554 0
5555 3
5556 0
5557 1
5558 1
5559 0
5560 2
5561 2
5562 1
5563 2
5564 0
5565 2
5566 1
5567 3
5568 0
5569 0
5570 1
5571 0
5572 0
5573 1
5574 2
5575 0
5576 2
5577 0
5578 1
5579 1
5580 1
5581 2
5582 1
5583 1
5584 1
5585 1
5586 2
5587 2
5588 2
5589 2
5590 0
5591 1
5592 0
5593 1
5594 0
5595 1
5596 0
5597 0
5598 2
5599 1
5600 0
5601 2
5602 2
5603 0
5604 2
5605 3
5606 3
5607 0
5608 1
5609 0
5610 0
5611 0
5612 1
5613 0
5614 0
5615 0
5616 2
5617 1
5618 1
5619 1
5620 0
5621 2
5622 2
5623 0
5624 0
5625 2
5626 0
5627 1
5628 2
5629 0
5630 0
5631 1
5632 0
5633 2
5634 2
5635 1
5636 2
5637 0
5638 0
5639 1
5640 0
5641 1
5642 1
5643 1
5644 0
5645 1
5646 0
5647 2
5648 2
5649 1
5650 0
5651 1
5652 2
5653 1
5654 2
5655 1
5656 0
5657 2
5658 1
5659 0
5660 2
5661 1
5662 0
5663 3
5664 3
5665 2
5666 0
5667 1
5668 1
5669 1
5670 1
5671 0
5672 2
5673 2
5674 1
5675 1
5676 0
5677 2
5678 1
5679 1
5680 2
5681 1
5682 0
5683 2
5684 1
5685 0
5686 2
5687 1
5688 0
5689 1
5690 1
5691 0
5692 1
5693 1
5694 0
5695 1
5696 3
5697 0
5698 1
5699 0
5700 1
5701 0
5702 2
5703 0
5704 1
5705 2
5706 0
5707 1
5708 1
5709 2
5710 0
5711 0
5712 0
5713 0
5714 3
5715 1
5716 1
5717 0
5718 2
5719 2
5720 2
5721 2
5722 0
5723 0
5724 1
5725 1
5726 1
5727 2
5728 0
5729 1
5730 0
5731 0
5732 1
5733 2
5734 3
5735 1
5736 0
5737 1
5738 1
5739 0
5740 2
5741 1
5742 0
5743 0
5744 1
5745 1
5746 1
5747 0
5748 2
5749 0
5750 0
5751 2
5752 2
5753 2
5754 0
5755 0
5756 0
5757 1
5758 1
5759 2
5760 1
5761 1
5762 0
5763 2
5764 1
5765 1
5766 0
5767 2
5768 0
5769 2
5770 0
5771 1
5772 1
5773 2
5774 1
5775 0
5776 1
5777 0
5778 1
5779 1
5780 1
5781 0
5782 0
5783 2
5784 1
5785 0
5786 0
5787 2
5788 1
5789 1
5790 1
5791 1
5792 0
5793 0
5794 0
5795 0
5796 0
5797 1
5798 1
5799 1
5800 1
5801 0
5802 0
5803 0
5804 0
5805 1
5806 0
5807 2
5808 2
5809 2
5810 0
5811 2
5812 1
5813 0
5814 1
5815 1
5816 1
5817 0
5818 1
5819 2
5820 0
5821 0
5822 3
5823 0
5824 0
5825 1
5826 0
5827 2
5828 1
5829 0
5830 0
5831 1
5832 3
5833 2
5834 1
5835 2
5836 2
5837 2
5838 0
5839 0
5840 2
5841 3
5842 1
5843 0
5844 0
5845 0
5846 2
5847 0
5848 2
5849 2
5850 1
5851 2
5852 1
5853 1
5854 2
5855 3
5856 0
5857 2
5858 2
5859 1
5860 1
5861 1
5862 1
5863 0
5864 1
5865 3
5866 0
5867 0
5868 1
5869 2
5870 3
5871 0
5872 1
5873 1
5874 2
5875 0
5876 1
5877 2
5878 0
5879 1
5880 1
5881 1
5882 1
5883 2
5884 2
5885 3
5886 1
5887 0
5888 0
5889 2
5890 1
5891 0
5892 1
5893 2
5894 3
5895 0
5896 2
5897 0
5898 2
5899 2
5900 0
5901 1
5902 1
5903 1
5904 1
5905 1
5906 1
5907 0
5908 0
5909 1
5910 2
5911 0
5912 1
5913 1
5914 1
5915 0
5916 0
5917 0
5918 1
5919 2
5920 0
5921 2
5922 0
5923 0
5924 2
5925 1
5926 2
5927 2
5928 0
5929 0
5930 3
5931 0
5932 2
5933 2
5934 0
5935 0
5936 1
5937 1
5938 0
5939 0
5940 1
5941 2
5942 1
5943 1
5944 1
5945 2
5946 1
5947 1
5948 1
5949 2
5950 2
5951 3
5952 1
5953 1
5954 2
5955 2
5956 2
5957 1
5958 1
5959 2
5960 2
5961 2
5962 3
5963 2
5964 2
5965 1
5966 2
5967 0
5968 1
5969 1
5970 1
5971 1
5972 0
5973 1
5974 1
5975 1
5976 1
5977 3
5978 1
5979 0
5980 0
5981 2
5982 0
5983 1
5984 0
5985 1
5986 2
5987 1
5988 0
5989 2
5990 1
5991 0
5992 0
5993 2
5994 0
5995 1
5996 0
5997 0
5998 0
5999 1
6000 0
6001 1
6002 1
6003 0
6004 2
6005 2
6006 2
6007 0
6008 0
6009 2
6010 1
6011 1
6012 1
6013 0
6014 1
6015 1
6016 1
6017 0
6018 1
6019 0
6020 2
6021 2
6022 1
6023 1
6024 3
6025 0
6026 1
6027 0
6028 0
6029 0
6030 0
6031 0
6032 3
6033 0
6034 0
6035 0
6036 2
6037 2
6038 0
6039 0
6040 0
6041 2
6042 0
6043 0
6044 0
6045 2
6046 0
6047 2
6048 0
6049 1
6050 0
6051 2
6052 2
6053 2
6054 1
6055 1
6056 2
6057 1
6058 1
6059 2
6060 0
6061 1
6062 2
6063 2
6064 1
6065 2
6066 0
6067 1
6068 2
6069 1
6070 2
6071 1
6072 0
6073 2
6074 2
6075 0
6076 1
6077 1
6078 0
6079 1
6080 1
6081 0
6082 0
6083 1
6084 1
6085 1
6086 0
6087 1
6088 3
6089 1
6090 0
6091 3
6092 0
6093 1
6094 0
6095 0
6096 2
6097 1
6098 1
6099 1
6100 0
6101 2
6102 1
6103 2
6104 1
6105 2
6106 1
6107 0
6108 2
6109 1
6110 1
6111 0
6112 2
6113 1
6114 1
6115 0
6116 0
6117 2
6118 0
6119 1
6120 2
6121 2
6122 3
6123 0
6124 2
6125 2
6126 1
6127 1
6128 2
6129 2
6130 1
6131 1
6132 2
6133 1
6134 0
6135 2
6136 1
6137 1
6138 0
6139 2
6140 0
6141 2
6142 2
6143 0
6144 1
6145 2
6146 0
6147 0
6148 0
6149 1
6150 0
6151 0
6152 1
6153 1
6154 1
6155 2
6156 1
6157 2
6158 1
6159 0
6160 0
6161 1
6162 1
6163 2
6164 0
6165 0
6166 1
6167 0
6168 0
6169 1
6170 1
6171 1
6172 1
6173 0
6174 0
6175 0
6176 1
6177 2
6178 1
6179 2
6180 1
6181 0
6182 1
6183 2
6184 0
6185 1
6186 1
6187 0
6188 0
6189 0
6190 0
6191 2
6192 0
6193 1
6194 2
6195 2
6196 1
6197 0
6198 2
6199 0
6200 2
6201 1
6202 2
6203 0
6204 0
6205 0
6206 1
6207 1
6208 0
6209 3
6210 2
6211 0
6212 1
6213 0
6214 0
6215 2
6216 0
6217 2
6218 1
6219 0
6220 0
6221 2
6222 2
6223 2
6224 0
6225 0
6226 3
6227 0
6228 1
6229 2
6230 0
6231 1
6232 1
6233 3
6234 1
6235 1
6236 1
6237 0
6238 3
6239 2
6240 1
6241 0
6242 1
6243 0
6244 1
6245 0
6246 0
6247 2
6248 0
6249 1
6250 3
6251 1
6252 2
6253 0
6254 2
6255 1
6256 1
6257 1
6258 0
6259 1
6260 0
6261 0
6262 2
6263 2
6264 1
6265 1
6266 0
6267 0
6268 2
6269 2
6270 1
6271 1
6272 0
6273 2
6274 0
6275 1
6276 3
6277 1
6278 0
6279 1
6280 0
6281 1
6282 3
6283 1
6284 0
6285 2
6286 2
6287 1
6288 0
6289 1
6290 1
6291 1
6292 1
6293 0
6294 2
6295 1
6296 2
6297 1
6298 1
6299 2
6300 1
6301 0
6302 0
6303 0
6304 1
6305 1
6306 2
6307 1
6308 1
6309 2
6310 1
6311 1
6312 2
6313 1
6314 0
6315 0
6316 1
6317 1
6318 2
6319 0
6320 0
6321 2
6322 1
6323 0
6324 0
6325 0
6326 0
6327 1
6328 2
6329 0
6330 0
6331 1
6332 0
6333 1
6334 0
6335 1
6336 0
6337 1
6338 1
6339 0
6340 0
6341 2
6342 1
6343 1
6344 2
6345 0
6346 0
6347 1
6348 1
6349 1
6350 1
6351 0
6352 1
6353 2
6354 2
6355 0
6356 1
6357 2
6358 0
6359 1
6360 1
6361 2
6362 2
6363 0
6364 0
6365 0
6366 0
6367 0
6368 1
6369 2
6370 2
6371 0
6372 2
6373 0
6374 0
6375 3
6376 1
6377 2
6378 1
6379 2
6380 0
6381 0
6382 1
6383 2
6384 2
6385 2
6386 2
6387 0
6388 1
6389 1
6390 1
6391 0
6392 2
6393 1
6394 2
6395 2
6396 2
6397 0
6398 0
6399 0
6400 0
6401 3
6402 0
6403 0
6404 0
6405 1
6406 2
6407 2
6408 0
6409 0
6410 1
6411 2
6412 0
6413 1
6414 1
6415 0
6416 0
6417 1
6418 0
6419 0
6420 2
6421 0
6422 2
6423 1
6424 1
6425 0
6426 0
6427 1
6428 3
6429 0
6430 3
6431 1
6432 0
6433 1
6434 1
6435 0
6436 0
6437 0
6438 2
6439 2
6440 0
6441 2
6442 0
6443 0
6444 1
6445 1
6446 1
6447 0
6448 0
6449 1
6450 1
6451 0
6452 3
6453 2
6454 1
6455 1
6456 1
6457 0
6458 2
6459 2
6460 2
6461 3
6462 2
6463 1
6464 0
6465 2
6466 3
6467 2
6468 2
6469 1
6470 1
6471 2
6472 2
6473 2
6474 1
6475 0
6476 2
6477 2
6478 0
6479 1
6480 0
6481 2
6482 2
6483 0
6484 2
6485 1
6486 0
6487 0
6488 1
6489 1
6490 1
6491 1
6492 2
6493 2
6494 0
6495 1
6496 0
6497 1
6498 1
6499 1
6500 2
6501 1
6502 2
6503 1
6504 1
6505 2
6506 0
6507 1
6508 2
6509 1
6510 1
6511 2
6512 2
6513 1
6514 2
6515 1
6516 2
6517 0
6518 1
6519 0
6520 1
6521 2
6522 1
6523 0
6524 1
6525 2
6526 3
6527 2
6528 1
6529 0
6530 2
6531 0
6532 0
6533 0
6534 1
6535 1
6536 1
6537 0
6538 2
6539 1
6540 2
6541 0
6542 0
6543 0
6544 0
6545 2
6546 1
6547 0
6548 1
6549 0
6550 2
6551 1
6552 1
6553 1
6554 0
6555 0
6556 1
6557 2
6558 1
6559 0
6560 0
6561 1
6562 0
6563 0
6564 0
6565 0
6566 1
6567 0
6568 2
6569 1
6570 1
6571 1
6572 2
6573 1
6574 1
6575 0
6576 1
6577 2
6578 2
6579 1
6580 0
6581 0
6582 1
6583 4
6584 2
6585 1
6586 0
6587 0
6588 1
6589 1
6590 2
6591 0
6592 0
6593 1
6594 3
6595 0
6596 1
6597 1
6598 0
6599 2
6600 0
6601 0
6602 3
6603 1
6604 2
6605 0
6606 1
6607 1
6608 0
6609 0
6610 3
6611 1
6612 2
6613 1
6614 0
6615 0
6616 1
6617 2
6618 0
6619 1
6620 2
6621 1
6622 1
6623 0
6624 1
6625 0
6626 1
6627 2
6628 1
6629 1
6630 1
6631 1
6632 2
6633 3
6634 1
6635 2
6636 1
6637 1
6638 2
6639 0
6640 1
6641 1
6642 0
6643 0
6644 1
6645 1
6646 0
6647 0
6648 3
6649 1
6650 1
6651 0
6652 3
6653 1
6654 1
6655 1
6656 1
6657 0
6658 1
6659 0
6660 0
6661 1
6662 0
6663 2
6664 3
6665 2
6666 2
6667 1
6668 1
6669 2
6670 2
6671 1
6672 1
6673 1
6674 1
6675 0
6676 0
6677 2
6678 0
6679 2
6680 0
6681 1
6682 1
6683 1
6684 1
6685 3
6686 0
6687 2
6688 0
6689 3
6690 1
6691 2
6692 1
6693 0
6694 1
6695 1
6696 0
6697 0
6698 2
6699 2
6700 2
6701 2
6702 1
6703 0
6704 1
6705 2
6706 2
6707 1
6708 0
6709 0
6710 0
6711 0
6712 0
6713 0
6714 2
6715 0
6716 2
6717 1
6718 1
6719 0
6720 1
6721 2
6722 2
6723 0
6724 2
6725 2
6726 0
6727 2
6728 2
6729 2
6730 2
6731 1
6732 1
6733 0
6734 2
6735 1
6736 0
6737 1
6738 1
6739 2
6740 3
6741 1
6742 1
6743 1
6744 0
6745 1
6746 2
6747 3
6748 1
6749 1
6750 1
6751 0
6752 0
6753 0
6754 2
6755 1
6756 1
6757 3
6758 0
6759 0
6760 1
6761 0
6762 1
6763 0
6764 0
6765 2
6766 1
6767 1
6768 0
6769 1
6770 2
6771 3
6772 0
6773 1
6774 2
6775 1
6776 1
6777 1
6778 1
6779 0
6780 2
6781 1
6782 0
6783 1
6784 2
6785 1
6786 1
6787 1
6788 2
6789 0
6790 0
6791 0
6792 1
6793 2
6794 2
6795 0
6796 2
6797 2
6798 2
6799 2
6800 2
6801 2
6802 1
6803 2
6804 0
6805 1
6806 2
6807 0
6808 2
6809 0
6810 1
6811 2
6812 3
6813 2
6814 2
6815 2
6816 1
6817 2
6818 1
6819 0
6820 0
6821 2
6822 0
6823 1
6824 1
6825 1
6826 1
6827 0
6828 1
6829 3
6830 1
6831 1
6832 0
6833 0
6834 3
6835 1
6836 0
6837 1
6838 2
6839 1
6840 1
6841 1
6842 1
6843 1
6844 1
6845 2
6846 1
6847 0
6848 1
6849 1
6850 2
6851 1
6852 1
6853 1
6854 1
6855 0
6856 1
6857 1
6858 0
6859 1
6860 1
6861 2
6862 1
6863 0
6864 0
6865 1
6866 2
6867 1
6868 1
6869 0
6870 1
6871 0
6872 1
6873 0
6874 2
6875 1
6876 1
6877 1
6878 1
6879 2
6880 2
6881 1
6882 1
6883 0
6884 0
6885 3
6886 1
6887 0
6888 1
6889 1
6890 1
6891 1
6892 1
6893 2
6894 2
6895 1
6896 1
6897 3
6898 0
6899 1
6900 2
6901 2
6902 0
6903 0
6904 3
6905 0
6906 1
6907 2
6908 1
6909 0
6910 2
6911 1
6912 2
6913 1
6914 0
6915 2
6916 1
6917 2
6918 0
6919 1
6920 2
6921 0
6922 2
6923 2
6924 2
6925 1
6926 1
6927 0
6928 1
6929 1
6930 2
6931 0
6932 2
6933 0
6934 1
6935 2
6936 1
6937 0
6938 1
6939 0
6940 1
6941 1
6942 2
6943 0
6944 2
6945 0
6946 2
6947 1
6948 2
6949 0
6950 2
6951 1
6952 3
6953 0
6954 2
6955 1
6956 0
6957 0
6958 1
6959 0
6960 0
6961 0
6962 1
6963 0
6964 2
6965 0
6966 0
6967 0
6968 2
6969 1
6970 1
6971 1
6972 2
6973 0
6974 2
6975 1
6976 1
6977 2
6978 3
6979 0
6980 0
6981 0
6982 1
6983 2
6984 2
6985 2
6986 1
6987 1
6988 0
6989 0
6990 0
6991 1
6992 0
6993 1
6994 1
6995 1
6996 0
6997 2
6998 0
6999 2
7000 1
7001 0
7002 0
7003 2
7004 0
7005 2
7006 1
7007 2
7008 3
7009 1
7010 1
7011 2
7012 1
7013 0
7014 2
7015 1
7016 1
7017 0
7018 1
7019 1
7020 2
7021 1
7022 0
7023 1
7024 1
7025 1
7026 0
7027 2
7028 0
7029 2
7030 1
7031 0
7032 1
7033 1
7034 1
7035 0
7036 3
7037 3
7038 0
7039 0
7040 2
7041 0
7042 1
7043 0
7044 0
7045 0
7046 2
7047 0
7048 2
7049 1
7050 0
7051 2
7052 1
7053 0
7054 0
7055 2
7056 1
7057 1
7058 1
7059 2
7060 1
7061 3
7062 2
7063 1
7064 0
7065 2
7066 2
7067 1
7068 2
7069 2
7070 2
7071 1
7072 0
7073 1
7074 2
7075 0
7076 1
7077 0
7078 3
7079 0
7080 1
7081 1
7082 0
7083 1
7084 0
7085 1
7086 1
7087 3
7088 2
7089 2
7090 2
7091 2
7092 3
7093 3
7094 3
7095 0
7096 1
7097 0
7098 0
7099 1
7100 1
7101 0
7102 0
7103 2
7104 2
7105 1
7106 3
7107 0
7108 1
7109 0
7110 0
7111 2
7112 0
7113 2
7114 0
7115 0
7116 1
7117 1
7118 1
7119 1
7120 2
7121 0
7122 2
7123 1
7124 1
7125 1
7126 0
7127 2
7128 1
7129 0
7130 0
7131 1
7132 1
7133 1
7134 2
7135 1
7136 3
7137 1
7138 1
7139 1
7140 0
7141 1
7142 2
7143 1
7144 0
7145 3
7146 1
7147 0
7148 2
7149 1
7150 0
7151 0
7152 2
7153 2
7154 1
7155 1
7156 0
7157 2
7158 2
7159 1
7160 0
7161 0
7162 0
7163 1
7164 2
7165 3
7166 1
7167 2
7168 2
7169 0
7170 0
7171 0
7172 2
7173 2
7174 2
7175 0
7176 2
7177 2
7178 0
7179 1
7180 2
7181 0
7182 2
7183 0
7184 0
7185 2
7186 2
7187 0
7188 1
7189 1
7190 2
7191 2
7192 0
7193 0
7194 0
7195 2
7196 2
7197 0
7198 0
7199 1
7200 1
7201 2
7202 1
7203 2
7204 0
7205 1
7206 1
7207 2
7208 2
7209 1
7210 2
7211 0
7212 1
7213 2
7214 0
7215 1
7216 0
7217 0
7218 0
7219 1
7220 2
7221 0
7222 0
7223 0
7224 1
7225 1
7226 1
7227 0
7228 0
7229 1
7230 0
7231 1
7232 2
7233 0
7234 2
7235 0
7236 1
7237 0
7238 1
7239 0
7240 2
7241 2
7242 1
7243 2
7244 0
7245 1
7246 2
7247 1
7248 1
7249 3
7250 2
7251 0
7252 0
7253 0
7254 0
7255 0
7256 1
7257 2
7258 1
7259 0
7260 0
7261 2
7262 1
7263 0
7264 1
7265 1
7266 1
7267 1
7268 0
7269 1
7270 1
7271 1
7272 2
7273 0
7274 0
7275 0
7276 3
7277 1
7278 1
7279 0
7280 0
7281 1
7282 1
7283 1
7284 1
7285 1
7286 0
7287 1
7288 0
7289 2
7290 1
7291 1
7292 2
7293 0
7294 0
7295 0
7296 3
7297 3
7298 3
7299 1
7300 0
7301 1
7302 1
7303 1
7304 1
7305 0
7306 0
7307 1
7308 2
7309 2
7310 1
7311 0
7312 0
7313 1
7314 1
7315 1
7316 2
7317 1
7318 3
7319 1
7320 1
7321 0
7322 2
7323 1
7324 1
7325 0
7326 1
7327 1
7328 2
7329 2
7330 0
7331 0
7332 2
7333 2
7334 1
7335 0
7336 1
7337 0
7338 1
7339 0
7340 0
7341 0
7342 0
7343 1
7344 2
7345 1
7346 2
7347 1
7348 0
7349 0
7350 3
7351 0
7352 0
7353 2
7354 0
7355 2
7356 2
7357 1
7358 0
7359 1
7360 2
7361 1
7362 1
7363 1
7364 2
7365 0
7366 0
7367 1
7368 0
7369 2
7370 3
7371 1
7372 3
7373 1
7374 0
7375 1
7376 0
7377 1
7378 2
7379 0
7380 1
7381 0
7382 1
7383 1
7384 1
7385 1
7386 3
7387 0
7388 2
7389 2
7390 0
7391 0
7392 2
7393 1
7394 2
7395 1
7396 1
7397 1
7398 1
7399 1
7400 0
7401 1
7402 1
7403 0
7404 0
7405 0
7406 2
7407 1
7408 1
7409 0
7410 0
7411 1
7412 0
7413 2
7414 1
7415 2
7416 0
7417 0
7418 3
7419 0
7420 3
7421 1
7422 0
7423 0
7424 1
7425 1
7426 3
7427 1
7428 1
7429 0
7430 2
7431 0
7432 1
7433 0
7434 1
7435 0
7436 0
7437 0
7438 1
7439 1
7440 2
7441 0
7442 1
7443 0
7444 2
7445 1
7446 3
7447 1
7448 1
7449 2
7450 0
7451 1
7452 0
7453 1
7454 0
7455 0
7456 1
7457 0
7458 1
7459 2
7460 0
7461 2
7462 2
7463 1
7464 0
7465 3
7466 2
7467 0
7468 0
7469 0
7470 2
7471 1
7472 2
7473 1
7474 1
7475 2
7476 2
7477 0
7478 1
7479 1
7480 0
7481 0
7482 1
7483 2
7484 1
7485 1
7486 2
7487 0
7488 2
7489 2
7490 1
7491 1
7492 1
7493 0
7494 0
7495 1
7496 1
7497 0
7498 0
7499 0
7500 1
7501 0
7502 0
7503 0
7504 0
7505 1
7506 0
7507 2
7508 0
7509 1
7510 2
7511 0
7512 3
7513 2
7514 2
7515 1
7516 2
7517 0
7518 0
7519 0
7520 1
7521 0
7522 2
7523 0
7524 1
7525 0
7526 3
7527 3
7528 0
7529 0
7530 0
7531 3
7532 1
7533 1
7534 0
7535 2
7536 2
7537 0
7538 3
7539 1
7540 0
7541 1
7542 2
7543 0
7544 1
7545 0
7546 2
7547 1
7548 0
7549 1
7550 1
7551 3
7552 1
7553 2
7554 0
7555 2
7556 3
7557 0
7558 1
7559 1
7560 3
7561 1
7562 0
7563 1
7564 1
7565 0
7566 1
7567 2
7568 1
7569 0
7570 0
7571 2
7572 2
7573 2
7574 0
7575 2
7576 0
7577 0
7578 1
7579 0
7580 2
7581 1
7582 2
7583 0
7584 1
7585 2
7586 1
7587 2
7588 1
7589 2
7590 1
7591 1
7592 0
7593 0
7594 1
7595 0
7596 0
7597 0
7598 1
7599 1
7600 2
7601 1
7602 0
7603 0
7604 0
7605 2
7606 1
7607 1
7608 2
7609 0
7610 1
7611 0
7612 1
7613 1
7614 1
7615 0
7616 1
7617 2
7618 1
7619 1
7620 1
7621 1
7622 2
7623 0
7624 2
7625 1
7626 1
7627 0
7628 1
7629 0
7630 0
7631 2
7632 0
7633 0
7634 2
7635 0
7636 1
7637 0
7638 0
7639 0
7640 2
7641 0
7642 2
7643 0
7644 0
7645 1
7646 2
7647 2
7648 0
7649 2
7650 1
7651 2
7652 2
7653 1
7654 2
7655 2
7656 2
7657 0
7658 0
7659 2
7660 3
7661 2
7662 2
7663 2
7664 0
7665 2
7666 1
7667 2
7668 0
7669 0
7670 1
7671 2
7672 2
7673 1
7674 2
7675 0
7676 2
7677 0
7678 2
7679 1
7680 2
7681 2
7682 3
7683 3
7684 0
7685 0
7686 1
7687 2
7688 2
7689 1
7690 0
7691 2
7692 1
7693 1
7694 0
7695 3
7696 0
7697 1
7698 2
7699 3
7700 1
7701 1
7702 0
7703 1
7704 0
7705 2
7706 1
7707 0
7708 2
7709 1
7710 0
7711 3
7712 2
7713 1
7714 1
7715 2
7716 0
7717 1
7718 2
7719 1
7720 0
7721 0
7722 0
7723 0
7724 2
7725 1
7726 0
7727 0
7728 2
7729 3
7730 0
7731 1
7732 1
7733 1
7734 2
7735 2
7736 1
7737 2
7738 0
7739 2
7740 2
7741 0
7742 1
7743 0
7744 0
7745 2
7746 1
7747 2
7748 0
7749 0
7750 0
7751 0
7752 1
7753 0
7754 0
7755 0
7756 2
7757 2
7758 0
7759 1
7760 2
7761 1
7762 1
7763 0
7764 2
7765 2
7766 0
7767 1
7768 2
7769 3
7770 2
7771 2
7772 2
7773 2
7774 2
7775 2
7776 2
7777 0
7778 0
7779 1
7780 1
7781 0
7782 0
7783 2
7784 1
7785 0
7786 0
7787 0
7788 2
7789 1
7790 2
7791 2
7792 2
7793 2
7794 2
7795 1
7796 3
7797 2
7798 0
7799 1
7800 2
7801 1
7802 1
7803 2
7804 0
7805 1
7806 2
7807 1
7808 1
7809 0
7810 1
7811 1
7812 1
7813 1
7814 0
7815 2
7816 1
7817 1
7818 1
7819 3
7820 1
7821 0
7822 0
7823 2
7824 2
7825 3
7826 0
7827 0
7828 0
7829 0
7830 0
7831 1
7832 2
7833 1
7834 0
7835 2
7836 2
7837 0
7838 0
7839 0
7840 1
7841 0
7842 1
7843 1
7844 0
7845 2
7846 1
7847 0
7848 1
7849 0
7850 1
7851 2
7852 1
7853 1
7854 3
7855 2
7856 2
7857 0
7858 0
7859 1
7860 2
7861 1
7862 0
7863 1
7864 1
7865 0
7866 2
7867 1
7868 1
7869 3
7870 0
7871 0
7872 1
7873 2
7874 1
7875 0
7876 1
7877 2
7878 0
7879 1
7880 1
7881 0
7882 2
7883 1
7884 1
7885 2
7886 2
7887 1
7888 0
7889 0
7890 1
7891 1
7892 0
7893 1
7894 2
7895 0
7896 1
7897 1
7898 2
7899 1
7900 2
7901 1
7902 1
7903 2
7904 2
7905 1
7906 1
7907 0
7908 1
7909 1
7910 1
7911 2
7912 0
7913 1
7914 0
7915 0
7916 0
7917 2
7918 1
7919 1
7920 0
7921 1
7922 1
7923 2
7924 1
7925 0
7926 1
7927 2
7928 0
7929 2
7930 1
7931 1
7932 0
7933 2
7934 0
7935 2
7936 3
7937 0
7938 2
7939 1
7940 1
7941 0
7942 0
7943 2
7944 0
7945 1
7946 0
7947 2
7948 2
7949 1
7950 1
7951 1
7952 0
7953 0
7954 1
7955 0
7956 1
7957 0
7958 1
7959 0
7960 2
7961 3
7962 0
7963 0
7964 0
7965 0
7966 1
7967 1
7968 1
7969 3
7970 0
7971 2
7972 0
7973 0
7974 2
7975 1
7976 1
7977 1
7978 2
7979 2
7980 0
7981 2
7982 1
7983 1
7984 1
7985 1
7986 1
7987 2
7988 0
7989 0
7990 0
7991 2
7992 1
7993 0
7994 1
7995 0
7996 2
7997 3
7998 2
7999 2
8000 0
8001 1
8002 0
8003 2
8004 1
8005 2
8006 0
8007 1
8008 1
8009 0
8010 0
8011 3
8012 1
8013 2
8014 1
8015 1
8016 0
8017 1
8018 2
8019 1
8020 0
8021 1
8022 1
8023 3
8024 1
8025 2
8026 2
8027 0
8028 1
8029 0
8030 0
8031 2
8032 1
8033 0
8034 0
8035 0
8036 0
8037 1
8038 0
8039 1
8040 1
8041 3
8042 0
8043 0
8044 0
8045 2
8046 1
8047 0
8048 1
8049 1
8050 2
8051 0
8052 1
8053 2
8054 2
8055 0
8056 2
8057 0
8058 2
8059 2
8060 0
8061 1
8062 0
8063 0
8064 2
8065 0
8066 0
8067 1
8068 2
8069 0
8070 1
8071 0
8072 2
8073 1
8074 2
8075 1
8076 0
8077 0
8078 0
8079 1
8080 1
8081 2
8082 1
8083 1
8084 0
8085 0
8086 2
8087 0
8088 1
8089 1
8090 2
8091 1
8092 1
8093 0
8094 2
8095 0
8096 0
8097 0
8098 1
8099 1
8100 2
8101 1
8102 3
8103 1
8104 2
8105 1
8106 0
8107 1
8108 1
8109 1
8110 1
8111 1
8112 1
8113 0
8114 3
8115 0
8116 0
8117 0
8118 0
8119 1
8120 0
8121 1
8122 0
8123 1
8124 1
8125 1
8126 1
8127 2
8128 0
8129 1
8130 3
8131 1
8132 3
8133 1
8134 3
8135 3
8136 0
8137 1
8138 3
8139 0
8140 2
8141 2
8142 1
8143 0
8144 2
8145 2
8146 1
8147 1
8148 1
8149 0
8150 0
8151 0
8152 0
8153 0
8154 1
8155 0
8156 3
8157 0
8158 1
8159 0
8160 1
8161 0
8162 1
8163 3
8164 1
8165 1
8166 1
8167 1
8168 1
8169 1
8170 2
8171 1
8172 2
8173 0
8174 2
8175 1
8176 1
8177 0
8178 2
8179 2
8180 1
8181 2
8182 2
8183 0
8184 0
8185 2
8186 2
8187 2
8188 2
8189 0
8190 0
8191 0
8192 1
8193 2
8194 2
8195 0
8196 2
8197 0
8198 2
8199 0
8200 0
8201 1
8202 2
8203 1
8204 0
8205 2
8206 3
8207 1
8208 2
8209 2
8210 2
8211 0
8212 2
8213 2
8214 1
8215 0
8216 0
8217 0
8218 1
8219 1
8220 2
8221 2
8222 1
8223 1
8224 1
8225 1
8226 0
8227 2
8228 0
8229 1
8230 1
8231 3
8232 2
8233 1
8234 1
8235 0
8236 2
8237 1
8238 1
8239 1
8240 2
8241 1
8242 2
8243 1
8244 2
8245 2
8246 0
8247 3
8248 2
8249 1
8250 3
8251 1
8252 0
8253 1
8254 0
8255 1
8256 0
8257 2
8258 2
8259 2
8260 1
8261 0
8262 0
8263 2
8264 2
8265 2
8266 2
8267 3
8268 0
8269 0
8270 1
8271 0
8272 1
8273 2
8274 1
8275 3
8276 0
8277 1
8278 1
8279 2
8280 1
8281 1
8282 0
8283 1
8284 0
8285 1
8286 0
8287 2
8288 1
8289 1
8290 2
8291 2
8292 1
8293 1
8294 1
8295 2
8296 0
8297 2
8298 2
8299 1
8300 1
8301 0
8302 1
8303 1
8304 1
8305 2
8306 1
8307 1
8308 1
8309 1
8310 2
8311 1
8312 1
8313 2
8314 1
8315 0
8316 0
8317 1
8318 1
8319 0
8320 2
8321 0
8322 1
8323 1
8324 0
8325 2
8326 2
8327 0
8328 1
8329 0
8330 0
8331 3
8332 0
8333 1
8334 1
8335 1
8336 0
8337 1
8338 0
8339 0
8340 1
8341 3
8342 0
8343 2
8344 1
8345 2
8346 2
8347 0
8348 0
8349 3
8350 1
8351 0
8352 2
8353 1
8354 2
8355 2
8356 3
8357 2
8358 1
8359 1
8360 1
8361 1
8362 1
8363 1
8364 0
8365 1
8366 0
8367 0
8368 2
8369 2
8370 3
8371 0
8372 0
8373 1
8374 1
8375 1
8376 3
8377 1
8378 1
8379 2
8380 0
8381 0
8382 2
8383 0
8384 2
8385 1
8386 2
8387 0
8388 1
8389 0
8390 1
8391 1
8392 1
8393 2
8394 2
8395 0
8396 2
8397 1
8398 2
8399 2
8400 0
8401 0
8402 1
8403 0
8404 1
8405 1
8406 1
8407 3
8408 1
8409 0
8410 0
8411 1
8412 0
8413 1
8414 2
8415 0
8416 1
8417 2
8418 1
8419 2
8420 0
8421 1
8422 1
8423 0
8424 2
8425 1
8426 1
8427 0
8428 1
8429 0
8430 2
8431 2
8432 2
8433 1
8434 1
8435 3
8436 1
8437 0
8438 1
8439 0
8440 2
8441 0
8442 1
8443 0
8444 1
8445 1
8446 1
8447 2
8448 0
8449 2
8450 1
8451 0
8452 0
8453 0
8454 1
8455 0
8456 2
8457 2
8458 2
8459 1
8460 0
8461 2
8462 1
8463 1
8464 1
8465 2
8466 3
8467 2
8468 2
8469 0
8470 1
8471 1
8472 0
8473 2
8474 2
8475 0
8476 1
8477 0
8478 1
8479 1
8480 0
8481 0
8482 0
8483 3
8484 2
8485 3
8486 0
8487 1
8488 1
8489 0
8490 1
8491 1
8492 2
8493 3
8494 2
8495 0
8496 2
8497 3
8498 3
8499 1
8500 0
8501 2
8502 0
8503 1
8504 2
8505 0
8506 1
8507 1
8508 0
8509 2
8510 0
8511 2
8512 2
8513 2
8514 2
8515 0
8516 1
8517 2
8518 1
8519 0
8520 1
8521 0
8522 3
8523 1
8524 0
8525 1
8526 2
8527 2
8528 1
8529 0
8530 2
8531 1
8532 1
8533 0
8534 2
8535 1
8536 1
8537 2
8538 2
8539 2
8540 0
8541 2
8542 1
8543 1
8544 2
8545 2
8546 1
8547 0
8548 2
8549 2
8550 1
8551 3
8552 1
8553 2
8554 0
8555 0
8556 1
8557 0
8558 1
8559 0
8560 0
8561 2
8562 1
8563 1
8564 1
8565 0
8566 1
8567 1
8568 0
8569 1
8570 0
8571 0
8572 2
8573 1
8574 2
8575 1
8576 0
8577 2
8578 2
8579 1
8580 2
8581 1
8582 3
8583 3
8584 0
8585 1
8586 0
8587 1
8588 0
8589 1
8590 0
8591 1
8592 0
8593 0
8594 1
8595 1
8596 1
8597 1
8598 1
8599 1
8600 2
8601 0
8602 1
8603 0
8604 0
8605 2
8606 1
8607 2
8608 2
8609 0
8610 1
8611 1
8612 2
8613 3
8614 2
8615 1
8616 0
8617 0
8618 0
8619 1
8620 1
8621 1
8622 0
8623 0
8624 0
8625 0
8626 2
8627 1
8628 1
8629 3
8630 2
8631 0
8632 1
8633 2
8634 1
8635 0
8636 2
8637 1
8638 2
8639 2
8640 1
8641 1
8642 2
8643 2
8644 3
8645 1
8646 3
8647 2
8648 1
8649 1
8650 1
8651 2
8652 1
8653 2
8654 0
8655 3
8656 3
8657 1
8658 1
8659 1
8660 1
8661 2
8662 0
8663 0
8664 1
8665 0
8666 1
8667 1
8668 2
8669 0
8670 3
8671 3
8672 1
8673 2
8674 0
8675 2
8676 2
8677 2
8678 0
8679 2
8680 1
8681 1
8682 2
8683 1
8684 0
8685 2
8686 2
8687 2
8688 1
8689 2
8690 1
8691 0
8692 1
8693 1
8694 1
8695 1
8696 2
8697 3
8698 0
8699 2
8700 2
8701 1
8702 0
8703 1
8704 0
8705 0
8706 1
8707 1
8708 0
8709 3
8710 2
8711 0
8712 1
8713 1
8714 1
8715 1
8716 1
8717 0
8718 1
8719 1
8720 1
8721 0
8722 2
8723 2
8724 2
8725 0
8726 2
8727 2
8728 0
8729 0
8730 0
8731 1
8732 1
8733 1
8734 0
8735 2
8736 0
8737 2
8738 0
8739 0
8740 2
8741 0
8742 1
8743 1
8744 0
8745 1
8746 2
8747 2
8748 1
8749 1
8750 0
8751 0
8752 0
8753 1
8754 2
8755 1
8756 0
8757 0
8758 0
8759 2
8760 0
8761 1
8762 0
8763 2
8764 1
8765 0
8766 1
8767 2
8768 0
8769 2
8770 0
8771 0
8772 0
8773 1
8774 0
8775 1
8776 1
8777 2
8778 0
8779 0
8780 0
8781 2
8782 1
8783 0
8784 3
8785 0
8786 3
8787 2
8788 0
8789 1
8790 0
8791 0
8792 1
8793 2
8794 2
8795 0
8796 0
8797 0
8798 1
8799 1
8800 1
8801 1
8802 2
8803 1
8804 1
8805 2
8806 1
8807 2
8808 3
8809 2
8810 0
8811 1
8812 0
8813 1
8814 2
8815 2
8816 1
8817 0
8818 0
8819 3
8820 2
8821 0
8822 2
8823 3
8824 0
8825 1
8826 0
8827 1
8828 1
8829 0
8830 1
8831 1
8832 2
8833 1
8834 1
8835 1
8836 2
8837 2
8838 3
8839 0
8840 0
8841 3
8842 2
8843 1
8844 2
8845 0
8846 1
8847 1
8848 1
8849 1
8850 2
8851 0
8852 2
8853 1
8854 0
8855 0
8856 0
8857 0
8858 2
8859 1
8860 1
8861 1
8862 1
8863 1
8864 1
8865 0
8866 1
8867 2
8868 1
8869 1
8870 2
8871 1
8872 0
8873 2
8874 2
8875 0
8876 2
8877 0
8878 2
8879 1
8880 2
8881 1
8882 0
8883 1
8884 1
8885 1
8886 1
8887 1
8888 0
8889 1
8890 1
8891 1
8892 0
8893 1
8894 0
8895 0
8896 0
8897 2
8898 0
8899 2
8900 0
8901 0
8902 0
8903 2
8904 0
8905 1
8906 0
8907 0
8908 0
8909 0
8910 0
8911 0
8912 2
8913 1
8914 0
8915 1
8916 1
8917 0
8918 0
8919 2
8920 2
8921 0
8922 2
8923 2
8924 1
8925 0
8926 1
8927 1
8928 0
8929 0
8930 0
8931 1
8932 0
8933 2
8934 2
8935 0
8936 1
8937 0
8938 0
8939 2
8940 0
8941 0
8942 1
8943 1
8944 1
8945 1
8946 0
8947 2
8948 0
8949 1
8950 1
8951 1
8952 2
8953 0
8954 0
8955 1
8956 1
8957 0
8958 0
8959 2
8960 1
8961 0
8962 0
8963 1
8964 0
8965 2
8966 0
8967 2
8968 2
8969 2
8970 1
8971 1
8972 1
8973 0
8974 0
8975 0
8976 0
8977 2
8978 3
8979 1
8980 2
8981 1
8982 1
8983 1
8984 1
8985 1
8986 2
8987 0
8988 1
8989 2
8990 0
8991 2
8992 1
8993 0
8994 1
8995 1
8996 1
8997 2
8998 1
8999 1
9000 1
9001 0
9002 1
9003 1
9004 0
9005 0
9006 1
9007 2
9008 2
9009 2
9010 1
9011 2
9012 3
9013 2
9014 3
9015 2
9016 1
9017 0
9018 0
9019 1
9020 1
9021 0
9022 1
9023 0
9024 0
9025 0
9026 2
9027 2
9028 2
9029 1
9030 1
9031 1
9032 0
9033 3
9034 2
9035 2
9036 2
9037 2
9038 1
9039 2
9040 2
9041 1
9042 0
9043 0
9044 2
9045 3
9046 0
9047 2
9048 1
9049 1
9050 1
9051 0
9052 0
9053 0
9054 1
9055 0
9056 1
9057 1
9058 1
9059 2
9060 2
9061 2
9062 0
9063 0
9064 1
9065 0
9066 1
9067 2
9068 3
9069 3
9070 3
9071 2
9072 1
9073 3
9074 2
9075 1
9076 1
9077 2
9078 3
9079 0
9080 3
9081 1
9082 1
9083 0
9084 0
9085 1
9086 0
9087 1
9088 0
9089 3
9090 1
9091 2
9092 1
9093 0
9094 0
9095 3
9096 1
9097 2
9098 2
9099 1
9100 0
9101 2
9102 2
9103 0
9104 2
9105 0
9106 1
9107 2
9108 0
9109 2
9110 0
9111 2
9112 1
9113 0
9114 1
9115 0
9116 1
9117 0
9118 1
9119 0
9120 1
9121 0
9122 0
9123 1
9124 0
9125 0
9126 0
9127 2
9128 2
9129 0
9130 0
9131 0
9132 0
9133 0
9134 0
9135 2
9136 0
9137 1
9138 0
9139 2
9140 0
9141 0
9142 1
9143 0
9144 0
9145 2
9146 0
9147 0
9148 0
9149 2
9150 2
9151 0
9152 0
9153 1
9154 0
9155 1
9156 2
9157 1
9158 1
9159 1
9160 2
9161 1
9162 2
9163 1
9164 1
9165 3
9166 1
9167 0
9168 2
9169 1
9170 1
9171 0
9172 0
9173 1
9174 0
9175 1
9176 0
9177 3
9178 0
9179 2
9180 0
9181 2
9182 2
9183 2
9184 2
9185 1
9186 2
9187 3
9188 2
9189 1
9190 1
9191 0
9192 0
9193 0
9194 0
9195 2
9196 2
9197 1
9198 1
9199 0
9200 1
9201 2
9202 1
9203 1
9204 3
9205 0
9206 1
9207 0
9208 1
9209 1
9210 2
9211 0
9212 0
9213 0
9214 1
9215 0
9216 2
9217 1
9218 2
9219 0
9220 3
9221 0
9222 1
9223 1
9224 0
9225 2
9226 1
9227 2
9228 0
9229 1
9230 0
9231 1
9232 2
9233 0
9234 3
9235 2
9236 2
9237 0
9238 0
9239 0
9240 0
9241 0
9242 1
9243 0
9244 0
9245 3
9246 0
9247 2
9248 0
9249 2
9250 3
9251 0
9252 1
9253 0
9254 3
9255 0
9256 2
9257 1
9258 1
9259 1
9260 0
9261 0
9262 0
9263 2
9264 1
9265 1
9266 0
9267 1
9268 0
9269 0
9270 0
9271 0
9272 2
9273 1
9274 0
9275 0
9276 1
9277 0
9278 1
9279 0
9280 2
9281 0
9282 1
9283 2
9284 1
9285 0
9286 0
9287 0
9288 0
9289 1
9290 0
9291 0
9292 1
9293 2
9294 2
9295 2
9296 0
9297 1
9298 1
9299 0
9300 0
9301 0
9302 2
9303 2
9304 2
9305 1
9306 2
9307 1
9308 0
9309 2
9310 3
9311 0
9312 0
9313 2
9314 1
9315 2
9316 3
9317 0
9318 0
9319 0
9320 1
9321 1
9322 0
9323 3
9324 1
9325 0
9326 2
9327 0
9328 2
9329 1
9330 0
9331 1
9332 1
9333 1
9334 2
9335 0
9336 0
9337 1
9338 2
9339 0
9340 1
9341 2
9342 1
9343 2
9344 1
9345 2
9346 3
9347 1
9348 2
9349 0
9350 1
9351 0
9352 1
9353 0
9354 3
9355 1
9356 0
9357 1
9358 0
9359 1
9360 0
9361 1
9362 0
9363 0
9364 0
9365 0
9366 1
9367 1
9368 0
9369 0
9370 0
9371 2
9372 1
9373 0
9374 0
9375 2
9376 1
9377 0
9378 1
9379 0
9380 2
9381 0
9382 0
9383 2
9384 1
9385 0
9386 1
9387 0
9388 1
9389 1
9390 2
9391 0
9392 2
9393 1
9394 0
9395 0
9396 2
9397 0
9398 0
9399 1
9400 2
9401 0
9402 1
9403 2
9404 0
9405 1
9406 0
9407 3
9408 1
9409 0
9410 0
9411 1
9412 0
9413 2
9414 0
9415 2
9416 3
9417 0
9418 3
9419 1
9420 2
9421 0
9422 1
9423 2
9424 1
9425 3
9426 1
9427 1
9428 1
9429 1
9430 1
9431 2
9432 2
9433 2
9434 1
9435 1
9436 3
9437 0
9438 0
9439 3
9440 2
9441 2
9442 2
9443 1
9444 2
9445 2
9446 1
9447 0
9448 0
9449 0
9450 0
9451 1
9452 0
9453 0
9454 1
9455 1
9456 0
9457 2
9458 1
9459 1
9460 1
9461 1
9462 1
9463 0
9464 0
9465 1
9466 0
9467 0
9468 2
9469 0
9470 2
9471 0
9472 1
9473 0
9474 2
9475 0
9476 1
9477 2
9478 3
9479 2
9480 2
9481 1
9482 0
9483 1
9484 1
9485 1
9486 4
9487 2
9488 1
9489 1
9490 2
9491 1
9492 0
9493 0
9494 0
9495 3
9496 2
9497 1
9498 1
9499 2
9500 2
9501 0
9502 1
9503 1
9504 1
9505 2
9506 1
9507 3
9508 1
9509 0
9510 0
9511 0
9512 1
9513 1
9514 1
9515 1
9516 1
9517 0
9518 2
9519 3
9520 1
9521 2
9522 1
9523 1
9524 1
9525 2
9526 2
9527 1
9528 1
9529 1
9530 1
9531 2
9532 2
9533 1
9534 1
9535 0
9536 1
9537 0
9538 0
9539 2
9540 2
9541 1
9542 1
9543 0
9544 2
9545 1
9546 2
9547 1
9548 2
9549 0
9550 2
9551 1
9552 0
9553 2
9554 0
9555 1
9556 0
9557 0
9558 2
9559 1
9560 1
9561 1
9562 2
9563 2
9564 2
9565 0
9566 1
9567 0
9568 0
9569 1
9570 0
9571 0
9572 2
9573 0
9574 1
9575 2
9576 2
9577 0
9578 0
9579 0
9580 2
9581 3
9582 2
9583 0
9584 1
9585 2
9586 0
9587 3
9588 0
9589 2
9590 1
9591 2
9592 0
9593 2
9594 0
9595 0
9596 1
9597 1
9598 1
9599 0
9600 1
9601 2
9602 0
9603 0
9604 3
9605 0
9606 1
9607 0
9608 1
9609 1
9610 0
9611 2
9612 0
9613 1
9614 3
9615 1
9616 1
9617 0
9618 1
9619 3
9620 1
9621 2
9622 1
9623 3
9624 0
9625 1
9626 1
9627 2
9628 0
9629 1
9630 1
9631 0
9632 2
9633 1
9634 0
9635 1
9636 2
9637 1
9638 0
9639 0
9640 1
9641 0
9642 0
9643 1
9644 2
9645 3
9646 2
9647 3
9648 2
9649 0
9650 1
9651 2
9652 0
9653 0
9654 1
9655 1
9656 0
9657 1
9658 2
9659 0
9660 1
9661 2
9662 0
9663 0
9664 2
9665 2
9666 2
9667 2
9668 0
9669 3
9670 1
9671 0
9672 0
9673 2
9674 0
9675 1
9676 1
9677 2
9678 1
9679 0
9680 2
9681 0
9682 2
9683 0
9684 1
9685 0
9686 2
9687 1
9688 1
9689 0
9690 1
9691 3
9692 1
9693 2
9694 1
9695 1
9696 0
9697 2
9698 1
9699 1
9700 1
9701 0
9702 2
9703 1
9704 0
9705 1
9706 0
9707 2
9708 1
9709 2
9710 0
9711 2
9712 0
9713 2
9714 1
9715 0
9716 1
9717 0
9718 1
9719 1
9720 2
9721 0
9722 2
9723 1
9724 0
9725 0
9726 0
9727 1
9728 0
9729 0
9730 1
9731 0
9732 1
9733 2
9734 2
9735 0
9736 1
9737 1
9738 2
9739 2
9740 0
9741 2
9742 1
9743 1
9744 2
9745 0
9746 2
9747 0
9748 1
9749 0
9750 3
9751 0
9752 0
9753 1
9754 1
9755 0
9756 2
9757 0
9758 0
9759 0
9760 0
9761 0
9762 3
9763 1
9764 2
9765 0
9766 1
9767 0
9768 2
9769 1
9770 2
9771 2
9772 0
9773 0
9774 1
9775 1
9776 3
9777 1
9778 0
9779 1
9780 1
9781 3
9782 2
9783 1
9784 2
9785 2
9786 1
9787 0
9788 0
9789 2
9790 2
9791 1
9792 0
9793 2
9794 0
9795 0
9796 1
9797 1
9798 2
9799 0
9800 1
9801 0
9802 1
9803 0
9804 2
9805 0
9806 2
9807 2
9808 2
9809 0
9810 0
9811 1
9812 0
9813 2
9814 0
9815 0
9816 0
9817 1
9818 0
9819 2
9820 2
9821 2
9822 1
9823 0
9824 0
9825 2
9826 0
9827 1
9828 2
9829 0
9830 0
9831 2
9832 0
9833 2
9834 2
9835 1
9836 1
9837 1
9838 1
9839 2
9840 2
9841 0
9842 0
9843 0
9844 0
9845 1
9846 1
9847 0
9848 2
9849 0
9850 1
9851 0
9852 1
9853 0
9854 3
9855 2
9856 2
9857 0
9858 0
9859 1
9860 2
9861 1
9862 3
9863 0
9864 2
9865 0
9866 0
9867 1
9868 0
9869 1
9870 1
9871 3
9872 1
9873 1
9874 0
9875 1
9876 1
9877 2
9878 0
9879 2
9880 0
9881 1
9882 1
9883 1
9884 2
9885 0
9886 2
9887 1
9888 1
9889 1
9890 1
9891 0
9892 2
9893 1
9894 3
9895 1
9896 1
9897 0
9898 0
9899 1
9900 0
9901 0
9902 1
9903 1
9904 2
9905 2
9906 2
9907 2
9908 0
9909 2
9910 0
9911 0
9912 2
9913 3
9914 0
9915 0
9916 2
9917 3
9918 1
9919 2
9920 1
9921 1
9922 0
9923 1
9924 1
9925 2
9926 0
9927 2
9928 1
9929 1
9930 1
9931 0
9932 1
9933 0
9934 0
9935 2
9936 0
9937 1
9938 2
9939 1
9940 2
9941 0
9942 0
9943 0
9944 1
9945 2
9946 2
9947 0
9948 1
9949 1
9950 2
9951 0
9952 0
9953 0
9954 2
9955 0
9956 0
9957 1
9958 0
9959 0
9960 2
9961 0
9962 2
9963 2
9964 2
9965 1
9966 0
9967 4
9968 0
9969 1
9970 2
9971 2
9972 1
9973 3
9974 0
9975 2
9976 0
9977 0
9978 0
9979 1
9980 2
9981 0
9982 1
9983 2
9984 0
9985 0
9986 0
9987 0
9988 2
9989 2
9990 2
9991 2
9992 1
9993 0
9994 1
9995 1
9996 0
9997 0
9998 0
9999 1
10000 1
10001 1
10002 2
10003 1
10004 0
10005 1
10006 1
10007 0
10008 3
10009 1
10010 1
10011 0
10012 2
10013 0
10014 0
10015 1
10016 1
10017 1
10018 3
10019 1
10020 1
10021 1
10022 0
10023 1
10024 0
10025 1
10026 0
10027 1
10028 3
10029 2
10030 0
10031 2
10032 3
10033 0
10034 0
10035 2
10036 1
10037 0
10038 0
10039 2
10040 1
10041 1
10042 1
10043 2
10044 1
10045 1
10046 0
10047 2
10048 0
10049 2
10050 1
10051 0
10052 2
10053 2
10054 1
10055 0
10056 2
10057 0
10058 2
10059 1
10060 1
10061 1
10062 3
10063 2
10064 2
10065 2
10066 0
10067 0
10068 1
10069 3
10070 1
10071 1
10072 1
10073 1
10074 1
10075 1
10076 0
10077 1
10078 1
10079 2
10080 0
10081 1
10082 1
10083 1
10084 3
10085 3
10086 1
10087 1
10088 0
10089 2
10090 1
10091 1
10092 1
10093 0
10094 0
10095 2
10096 1
10097 0
10098 3
10099 1
10100 3
10101 1
10102 0
10103 2
10104 2
10105 0
10106 1
10107 0
10108 1
10109 1
10110 2
10111 2
10112 2
10113 0
10114 2
10115 1
10116 3
10117 2
10118 2
10119 1
10120 2
10121 1
10122 2
10123 2
10124 1
10125 1
10126 1
10127 0
10128 2
10129 1
10130 1
10131 0
10132 1
10133 0
10134 2
10135 1
10136 1
10137 0
10138 1
10139 1
10140 1
10141 1
10142 2
10143 1
10144 0
10145 1
10146 0
10147 2
10148 2
10149 0
10150 1
10151 0
10152 2
10153 1
10154 2
10155 2
10156 2
10157 0
10158 0
10159 2
10160 2
10161 2
10162 1
10163 1
10164 0
10165 1
10166 0
10167 0
10168 1
10169 1
10170 0
10171 0
10172 0
10173 2
10174 1
10175 0
10176 2
10177 1
10178 0
10179 1
10180 2
10181 0
10182 1
10183 2
10184 2
10185 0
10186 2
10187 0
10188 1
10189 0
10190 0
10191 1
10192 0
10193 2
10194 0
10195 1
10196 1
10197 0
10198 0
10199 1
10200 0
10201 3
10202 2
10203 0
10204 2
10205 1
10206 0
10207 0
10208 2
10209 0
10210 1
10211 2
10212 0
10213 1
10214 0
10215 1
10216 3
10217 0
10218 1
10219 2
10220 0
10221 2
10222 1
10223 1
10224 2
10225 0
10226 0
10227 1
10228 2
10229 0
10230 2
10231 1
10232 0
10233 2
10234 2
10235 0
10236 0
10237 2
10238 1
10239 2
10240 0
10241 2
10242 1
10243 0
10244 3
10245 1
10246 2
10247 2
10248 2
10249 2
10250 1
10251 1
10252 3
10253 1
10254 0
10255 1
10256 2
10257 2
10258 1
10259 1
10260 0
10261 1
10262 1
10263 0
10264 0
10265 0
10266 2
10267 0
10268 3
10269 0
10270 0
10271 0
10272 0
10273 1
10274 1
10275 2
10276 1
10277 3
10278 3
10279 1
10280 1
10281 2
10282 2
10283 1
10284 0
10285 2
10286 0
10287 1
10288 1
10289 0
10290 2
10291 0
10292 2
10293 3
10294 0
10295 1
10296 1
10297 2
10298 2
10299 3
10300 2
10301 1
10302 0
10303 0
10304 1
10305 0
10306 0
10307 0
10308 0
10309 1
10310 3
10311 1
10312 0
10313 0
10314 0
10315 1
10316 1
10317 0
10318 0
10319 1
10320 0
10321 0
10322 1
10323 0
10324 2
10325 2
10326 1
10327 2
10328 0
10329 0
10330 2
10331 0
10332 1
10333 0
10334 1
10335 1
10336 1
10337 0
10338 2
10339 2
10340 2
10341 2
10342 0
10343 1
10344 3
10345 2
10346 1
10347 1
10348 1
10349 1
10350 2
10351 1
10352 1
10353 2
10354 0
10355 1
10356 0
10357 0
10358 1
10359 2
10360 2
10361 0
10362 2
10363 0
10364 0
10365 0
10366 0
10367 0
10368 3
10369 2
10370 1
10371 1
10372 1
10373 1
10374 0
10375 1
10376 2
10377 1
10378 0
10379 0
10380 1
10381 1
10382 3
10383 1
10384 2
10385 2
10386 2
10387 1
10388 1
10389 3
10390 0
10391 2
10392 0
10393 2
10394 2
10395 0
10396 1
10397 1
10398 0
10399 0
10400 0
10401 1
10402 1
10403 0
10404 0
10405 0
10406 2
10407 1
10408 1
10409 0
10410 2
10411 0
10412 1
10413 1
10414 1
10415 0
10416 1
10417 0
10418 3
10419 0
10420 1
10421 2
10422 1
10423 3
10424 1
10425 1
10426 1
10427 1
10428 0
10429 0
10430 0
10431 1
10432 0
10433 0
10434 1
10435 2
10436 1
10437 1
10438 3
10439 1
10440 0
10441 2
10442 0
10443 2
10444 1
10445 0
10446 0
10447 0
10448 3
10449 2
10450 0
10451 2
10452 0
10453 2
10454 1
10455 0
10456 1
10457 0
10458 3
10459 0
10460 1
10461 2
10462 1
10463 0
10464 1
10465 2
10466 1
10467 1
10468 2
10469 0
10470 1
10471 0
10472 2
10473 1
10474 1
10475 1
10476 2
10477 0
10478 1
10479 0
10480 3
10481 2
10482 0
10483 1
10484 1
10485 2
10486 1
10487 1
10488 0
10489 2
10490 1
10491 2
10492 1
10493 1
10494 0
10495 1
10496 2
10497 0
10498 1
10499 1
10500 0
10501 1
10502 2
10503 1
10504 0
10505 1
10506 0
10507 1
10508 0
10509 1
10510 1
10511 1
10512 3
10513 2
10514 2
10515 1
10516 2
10517 3
10518 0
10519 0
10520 1
10521 2
10522 0
10523 2
10524 1
10525 2
10526 1
10527 0
10528 0
10529 1
10530 2
10531 0
10532 0
10533 1
10534 1
10535 2
10536 1
10537 1
10538 0
10539 2
10540 1
10541 1
10542 0
10543 1
10544 1
10545 2
10546 2
10547 0
10548 1
10549 1
10550 0
10551 3
10552 0
10553 1
10554 1
10555 0
10556 2
10557 2
10558 2
10559 2
10560 1
10561 0
10562 0
10563 1
10564 2
10565 0
10566 0
10567 2
10568 2
10569 1
10570 0
10571 0
10572 1
10573 2
10574 2
10575 2
10576 3
10577 2
10578 1
10579 2
10580 0
10581 0
10582 2
10583 0
10584 1
10585 1
10586 0
10587 2
10588 2
10589 2
10590 0
10591 1
10592 0
10593 0
10594 2
10595 1
10596 0
10597 0
10598 1
10599 3
10600 1
10601 0
10602 3
10603 4
10604 0
10605 2
10606 0
10607 2
10608 1
10609 2
10610 3
10611 3
10612 3
10613 2
10614 1
10615 1
10616 0
10617 1
10618 2
10619 2
10620 0
10621 2
10622 1
10623 2
10624 2
10625 1
10626 0
10627 1
10628 2
10629 0
10630 0
10631 3
10632 1
10633 2
10634 2
10635 3
10636 2
10637 1
10638 1
10639 2
10640 3
10641 0
10642 0
10643 0
10644 1
10645 0
10646 1
10647 1
10648 0
10649 1
10650 0
10651 1
10652 0
10653 0
10654 0
10655 2
10656 1
10657 0
10658 0
10659 0
10660 0
10661 0
10662 1
10663 2
10664 2
10665 1
10666 0
10667 0
10668 0
10669 0
10670 2
10671 0
10672 2
10673 1
10674 1
10675 2
10676 1
10677 0
10678 1
10679 2
10680 2
10681 1
10682 0
10683 1
10684 1
10685 0
10686 2
10687 1
10688 1
10689 1
10690 0
10691 0
10692 0
10693 1
10694 2
10695 2
10696 2
10697 1
10698 2
10699 0
10700 0
10701 0
10702 2
10703 1
10704 0
10705 0
10706 0
10707 1
10708 2
10709 0
10710 1
10711 2
10712 0
10713 0
10714 2
10715 0
10716 1
10717 2
10718 3
10719 2
10720 0
10721 1
10722 0
10723 0
10724 0
10725 2
10726 0
10727 2
10728 1
10729 0
10730 1
10731 1
10732 1
10733 3
10734 2
10735 0
10736 1
10737 0
10738 2
10739 0
10740 2
10741 1
10742 1
10743 3
10744 2
10745 1
10746 1
10747 2
10748 3
10749 2
10750 0
10751 0
10752 0
10753 0
10754 2
10755 1
10756 0
10757 1
10758 2
10759 3
10760 0
10761 3
10762 1
10763 0
10764 2
10765 3
10766 0
10767 1
10768 2
10769 0
10770 0
10771 1
10772 0
10773 1
10774 2
10775 0
10776 2
10777 0
10778 1
10779 0
10780 1
10781 2
10782 1
10783 2
10784 1
10785 1
10786 0
10787 3
10788 0
10789 0
10790 1
10791 0
10792 3
10793 1
10794 2
10795 0
10796 3
10797 0
10798 0
10799 2
10800 2
10801 2
10802 0
10803 3
10804 0
10805 2
10806 0
10807 0
10808 1
10809 1
10810 0
10811 0
10812 0
10813 0
10814 2
10815 2
10816 0
10817 2
10818 0
10819 4
10820 1
10821 2
10822 1
10823 2
10824 1
10825 1
10826 2
10827 0
10828 3
10829 0
10830 0
10831 2
10832 2
10833 0
10834 2
10835 1
10836 1
10837 1
10838 1
10839 2
10840 0
10841 0
10842 0
10843 3
10844 0
10845 0
10846 0
10847 2
10848 1
10849 0
10850 3
10851 2
10852 0
10853 2
10854 0
10855 2
10856 0
10857 0
10858 0
10859 0
10860 2
10861 0
10862 0
10863 1
10864 0
10865 1
10866 0
10867 1
10868 1
10869 2
10870 1
10871 0
10872 3
10873 1
10874 2
10875 1
10876 1
10877 1
10878 0
10879 1
10880 3
10881 0
10882 2
10883 1
10884 1
10885 1
10886 2
10887 0
10888 0
10889 2
10890 1
10891 1
10892 2
10893 2
10894 0
10895 0
10896 0
10897 1
10898 0
10899 0
10900 2
10901 1
10902 0
10903 0
10904 2
10905 1
10906 0
10907 0
10908 1
10909 1
10910 1
10911 2
10912 0
10913 1
10914 2
10915 1
10916 1
10917 1
10918 0
10919 0
10920 2
10921 1
10922 2
10923 2
10924 0
10925 0
10926 2
10927 0
10928 1
10929 1
10930 2
10931 0
10932 1
10933 2
10934 1
10935 1
10936 1
10937 2
10938 2
10939 2
10940 0
10941 1
10942 1
10943 1
10944 1
10945 2
10946 1
10947 2
10948 0
10949 1
10950 2
10951 0
10952 1
10953 1
10954 2
10955 1
10956 1
10957 0
10958 2
10959 0
10960 2
10961 1
10962 2
10963 2
10964 2
10965 2
10966 3
10967 1
10968 2
10969 1
10970 1
10971 0
10972 2
10973 1
10974 0
10975 0
10976 2
10977 1
10978 0
10979 1
10980 2
10981 0
10982 2
10983 0
10984 1
10985 1
10986 0
10987 0
10988 2
10989 2
10990 0
10991 1
10992 1
10993 0
10994 0
10995 1
10996 1
10997 1
10998 1
10999 3
11000 1
11001 2
11002 0
11003 0
11004 1
11005 2
11006 0
11007 3
11008 1
11009 2
11010 0
11011 1
11012 1
11013 1
11014 1
11015 1
11016 1
11017 0
11018 0
11019 1
11020 2
11021 0
11022 0
11023 2
11024 1
11025 1
11026 1
11027 2
11028 2
11029 2
11030 0
11031 1
11032 1
11033 2
11034 1
11035 0
11036 1
11037 2
11038 0
11039 1
11040 0
11041 0
11042 1
11043 1
11044 0
11045 0
11046 2
11047 0
11048 1
11049 1
11050 2
11051 1
11052 0
11053 2
11054 0
11055 0
11056 0
11057 0
11058 0
11059 0
11060 1
11061 3
11062 2
11063 0
11064 2
11065 1
11066 1
11067 0
11068 3
11069 2
11070 2
11071 0
11072 0
11073 0
11074 0
11075 0
11076 2
11077 1
11078 2
11079 0
11080 0
11081 0
11082 2
11083 1
11084 0
11085 1
11086 2
11087 2
11088 0
11089 0
11090 0
11091 0
11092 3
11093 2
11094 0
11095 1
11096 2
11097 0
11098 1
11099 2
11100 1
11101 0
11102 0
11103 2
11104 0
11105 0
11106 2
11107 1
11108 0
11109 1
11110 1
11111 0
11112 1
11113 0
11114 1
11115 1
11116 1
11117 0
11118 0
11119 0
11120 1
11121 1
11122 0
11123 2
11124 3
11125 2
11126 1
11127 1
11128 2
11129 0
11130 2
11131 2
11132 0
11133 2
11134 0
11135 3
11136 0
11137 1
11138 1
11139 0
11140 2
11141 2
11142 0
11143 0
11144 0
11145 2
11146 0
11147 2
11148 0
11149 1
11150 2
11151 2
11152 1
11153 1
11154 3
11155 0
11156 1
11157 0
11158 2
11159 0
11160 1
11161 2
11162 1
11163 1
11164 2
11165 0
11166 0
11167 3
11168 3
11169 3
11170 1
11171 1
11172 2
11173 1
11174 0
11175 0
11176 3
11177 0
11178 1
11179 0
11180 0
11181 0
11182 0
11183 1
11184 1
11185 2
11186 2
11187 0
11188 2
11189 1
11190 2
11191 1
11192 1
11193 0
11194 2
11195 0
11196 0
11197 0
11198 0
11199 3
11200 2
11201 1
11202 2
11203 1
11204 0
11205 2
11206 2
11207 1
11208 2
11209 1
11210 0
11211 1
11212 1
11213 0
11214 2
11215 1
11216 2
11217 0
11218 0
11219 0
11220 1
11221 3
11222 1
11223 2
11224 2
11225 0
11226 2
11227 2
11228 3
11229 0
11230 3
11231 0
11232 2
11233 0
11234 1
11235 1
11236 1
11237 2
11238 1
11239 2
11240 1
11241 1
11242 0
11243 0
11244 1
11245 0
11246 1
11247 2
11248 0
11249 2
11250 0
11251 2
11252 0
11253 2
11254 1
11255 1
11256 1
11257 1
11258 2
11259 0
11260 1
11261 3
11262 1
11263 1
11264 0
11265 2
11266 1
11267 1
11268 1
11269 1
11270 0
11271 1
11272 1
11273 1
11274 3
11275 2
11276 1
11277 1
11278 1
11279 0
11280 0
11281 0
11282 0
11283 1
11284 1
11285 1
11286 2
11287 2
11288 0
11289 0
11290 0
11291 0
11292 1
11293 0
11294 0
11295 1
11296 0
11297 0
11298 1
11299 2
11300 3
11301 1
11302 2
11303 0
11304 1
11305 0
11306 0
11307 0
11308 1
11309 1
11310 0
11311 2
11312 0
11313 3
11314 1
11315 0
11316 0
11317 1
11318 1
11319 0
11320 2
11321 1
11322 0
11323 0
11324 1
11325 1
11326 1
11327 0
11328 2
11329 2
11330 1
11331 2
11332 2
11333 0
11334 0
11335 1
11336 1
11337 1
11338 2
11339 1
11340 0
11341 1
11342 2
11343 0
11344 1
11345 0
11346 0
11347 0
11348 0
11349 1
11350 1
11351 0
11352 1
11353 2
11354 2
11355 0
11356 0
11357 0
11358 1
11359 0
11360 1
11361 1
11362 2
11363 0
11364 0
11365 1
11366 3
11367 0
11368 0
11369 1
11370 0
11371 1
11372 1
11373 2
11374 0
11375 2
11376 0
11377 1
11378 0
11379 0
11380 0
11381 1
11382 1
11383 0
11384 1
11385 1
11386 1
11387 0
11388 0
11389 1
11390 2
11391 1
11392 1
11393 0
11394 0
11395 1
11396 2
11397 0
11398 0
11399 2
11400 0
11401 0
11402 3
11403 0
11404 1
11405 2
11406 1
11407 0
11408 1
11409 0
11410 0
11411 0
11412 1
11413 1
11414 2
11415 0
11416 1
11417 1
11418 1
11419 1
11420 0
11421 2
11422 2
11423 2
11424 2
11425 0
11426 1
11427 2
11428 0
11429 1
11430 1
11431 1
11432 2
11433 1
11434 2
11435 1
11436 0
11437 1
11438 0
11439 0
11440 3
11441 2
11442 3
11443 0
11444 3
11445 2
11446 1
11447 0
11448 0
11449 1
11450 3
11451 0
11452 2
11453 0
11454 0
11455 0
11456 1
11457 1
11458 2
11459 1
11460 2
11461 2
11462 0
11463 1
11464 2
11465 0
11466 1
11467 0
11468 2
11469 2
11470 1
11471 1
11472 0
11473 1
11474 0
11475 1
11476 1
11477 2
11478 2
11479 2
11480 2
11481 1
11482 3
11483 0
11484 1
11485 0
11486 2
11487 0
11488 1
11489 2
11490 1
11491 3
11492 1
11493 1
11494 2
11495 0
11496 0
11497 2
11498 1
11499 0
11500 0
11501 0
11502 1
11503 0
11504 1
11505 1
11506 0
11507 3
11508 1
11509 1
11510 0
11511 1
11512 0
11513 0
11514 2
11515 0
11516 3
11517 0
11518 0
11519 0
11520 3
11521 1
11522 2
11523 1
11524 2
11525 1
11526 0
11527 2
11528 1
11529 1
11530 1
11531 0
11532 1
11533 1
11534 2
11535 1
11536 1
11537 1
11538 2
11539 1
11540 1
11541 1
11542 0
11543 0
11544 2
11545 0
11546 0
11547 2
11548 0
11549 0
11550 1
11551 2
11552 2
11553 3
11554 0
11555 1
11556 2
11557 0
11558 2
11559 1
11560 2
11561 1
11562 2
11563 0
11564 1
11565 1
11566 2
11567 0
11568 1
11569 1
11570 0
11571 2
11572 0
11573 2
11574 1
11575 0
11576 2
11577 1
11578 3
11579 1
11580 2
11581 0
11582 0
11583 2
11584 2
11585 0
11586 0
11587 2
11588 1
11589 2
11590 1
11591 1
11592 2
11593 1
11594 1
11595 1
11596 1
11597 1
11598 0
11599 1
11600 1
11601 2
11602 0
11603 1
11604 3
11605 1
11606 2
11607 2
11608 2
11609 1
11610 1
11611 0
11612 1
11613 1
11614 0
11615 2
11616 1
11617 0
11618 1
11619 0
11620 1
11621 0
11622 3
11623 0
11624 0
11625 0
11626 0
11627 1
11628 0
11629 2
11630 2
11631 1
11632 3
11633 2
11634 2
11635 2
11636 1
11637 1
11638 1
11639 1
11640 1
11641 1
11642 3
11643 0
11644 0
11645 1
11646 0
11647 1
11648 0
11649 1
11650 0
11651 1
11652 1
11653 2
11654 1
11655 2
11656 1
11657 1
11658 1
11659 1
11660 2
11661 2
11662 2
11663 1
11664 2
11665 1
11666 2
11667 1
11668 2
11669 0
11670 2
11671 1
11672 0
11673 2
11674 2
11675 1
11676 1
11677 2
11678 2
11679 1
11680 1
11681 1
11682 0
11683 1
11684 1
11685 2
11686 2
11687 0
11688 1
11689 0
11690 1
11691 3
11692 0
11693 2
11694 2
11695 0
11696 3
11697 0
11698 0
11699 0
11700 0
11701 2
11702 1
11703 0
11704 0
11705 0
11706 2
11707 2
11708 1
11709 2
11710 0
11711 1
11712 2
11713 2
11714 0
11715 1
11716 1
11717 0
11718 0
11719 0
11720 0
11721 0
11722 0
11723 0
11724 1
11725 2
11726 0
11727 2
11728 1
11729 2
11730 0
11731 0
11732 1
11733 1
11734 2
11735 2
11736 1
11737 0
11738 1
11739 0
11740 3
11741 1
11742 0
11743 0
11744 2
11745 1
11746 0
11747 0
11748 1
11749 3
11750 1
11751 0
11752 1
11753 0
11754 0
11755 0
11756 1
11757 3
11758 0
11759 1
11760 0
11761 0
11762 2
11763 0
11764 2
11765 1
11766 0
11767 1
11768 1
11769 2
11770 0
11771 1
11772 0
11773 2
11774 0
11775 2
11776 2
11777 1
11778 1
11779 1
11780 1
11781 0
11782 0
11783 2
11784 1
11785 0
11786 1
11787 2
11788 3
11789 0
11790 3
11791 1
11792 1
11793 1
11794 0
11795 0
11796 2
11797 1
11798 0
11799 0
11800 3
11801 2
11802 0
11803 2
11804 0
11805 2
11806 0
11807 0
11808 0
11809 0
11810 1
11811 0
11812 1
11813 0
11814 1
11815 0
11816 3
11817 2
11818 2
11819 1
11820 2
11821 0
11822 1
11823 3
11824 2
11825 0
11826 0
11827 2
11828 1
11829 0
11830 2
11831 0
11832 2
11833 3
11834 1
11835 2
11836 0
11837 2
11838 1
11839 2
11840 0
11841 0
11842 2
11843 1
11844 1
11845 0
11846 2
11847 0
11848 2
11849 0
11850 1
11851 1
11852 2
11853 1
11854 1
11855 0
11856 2
11857 3
11858 3
11859 2
11860 0
11861 0
11862 2
11863 3
11864 1
11865 0
11866 2
11867 0
11868 2
11869 0
11870 1
11871 0
11872 0
11873 1
11874 0
11875 2
11876 2
11877 1
11878 2
11879 2
11880 1
11881 2
11882 0
11883 2
11884 2
11885 2
11886 1
11887 2
11888 1
11889 1
11890 0
11891 0
11892 3
11893 0
11894 0
11895 1
11896 3
11897 2
11898 1
11899 0
11900 0
11901 1
11902 1
11903 3
11904 0
11905 1
11906 0
11907 2
11908 0
11909 1
11910 3
11911 0
11912 0
11913 0
11914 0
11915 0
11916 1
11917 0
11918 1
11919 1
11920 0
11921 0
11922 0
11923 0
11924 2
11925 1
11926 0
11927 0
11928 0
11929 1
11930 3
11931 2
11932 1
11933 2
11934 1
11935 0
11936 2
11937 2
11938 0
11939 3
11940 2
11941 2
11942 1
11943 1
11944 2
11945 0
11946 2
11947 0
11948 0
11949 0
11950 2
11951 0
11952 1
11953 3
11954 3
11955 0
11956 1
11957 2
11958 1
11959 3
11960 2
11961 2
11962 0
11963 1
11964 1
11965 0
11966 3
11967 0
11968 0
11969 1
11970 1
11971 0
11972 2
11973 0
11974 1
11975 0
11976 1
11977 1
11978 2
11979 1
11980 0
11981 2
11982 3
11983 2
11984 0
11985 2
11986 3
11987 0
11988 0
11989 0
11990 2
11991 3
11992 0
11993 0
11994 0
11995 0
11996 3
11997 1
11998 1
11999 1
12000 0
12001 1
12002 2
12003 1
12004 0
12005 0
12006 3
12007 0
12008 2
12009 2
12010 0
12011 2
12012 1
12013 2
12014 0
12015 2
12016 1
12017 2
12018 2
12019 1
12020 1
12021 2
12022 2
12023 1
12024 0
12025 1
12026 3
12027 1
12028 0
12029 1
12030 0
12031 0
12032 0
12033 1
12034 2
12035 1
12036 2
12037 1
12038 0
12039 1
12040 1
12041 2
12042 3
12043 2
12044 1
12045 2
12046 1
12047 0
12048 2
12049 0
12050 2
12051 1
12052 1
12053 1
12054 0
12055 0
12056 1
12057 2
12058 2
12059 1
12060 0
12061 2
12062 1
12063 0
12064 0
12065 2
12066 2
12067 3
12068 1
12069 1
12070 2
12071 1
12072 1
12073 0
12074 0
12075 2
12076 3
12077 1
12078 0
12079 2
12080 0
12081 0
12082 0
12083 1
12084 2
12085 0
12086 2
12087 0
12088 0
12089 0
12090 3
12091 1
12092 2
12093 1
12094 0
12095 0
12096 2
12097 2
12098 0
12099 0
12100 2
12101 2
12102 0
12103 2
12104 0
12105 2
12106 1
12107 2
12108 1
12109 0
12110 1
12111 1
12112 2
12113 0
12114 1
12115 1
12116 3
12117 2
12118 1
12119 1
12120 0
12121 0
12122 1
12123 1
12124 0
12125 0
12126 2
12127 1
12128 2
12129 2
12130 0
12131 0
12132 0
12133 2
12134 2
12135 3
12136 0
12137 1
12138 0
12139 0
12140 0
12141 2
12142 2
12143 1
12144 1
12145 2
12146 0
12147 0
12148 0
12149 2
12150 1
12151 2
12152 0
12153 1
12154 2
12155 1
12156 2
12157 2
12158 1
12159 0
12160 0
12161 2
12162 2
12163 3
12164 3
12165 2
12166 0
12167 0
12168 1
12169 0
12170 0
12171 0
12172 3
12173 3
12174 0
12175 0
12176 2
12177 2
12178 2
12179 1
12180 1
12181 1
12182 1
12183 0
12184 2
12185 0
12186 2
12187 0
12188 1
12189 0
12190 0
12191 2
12192 2
12193 0
12194 1
12195 1
12196 0
12197 1
12198 0
12199 0
12200 3
12201 1
12202 1
12203 0
12204 2
12205 2
12206 2
12207 0
12208 0
12209 1
12210 1
12211 2
12212 2
12213 1
12214 0
12215 2
12216 0
12217 0
12218 0
12219 0
12220 2
12221 2
12222 0
12223 0
12224 0
12225 1
12226 0
12227 0
12228 2
12229 0
12230 0
12231 1
12232 2
12233 1
12234 1
12235 1
12236 1
12237 1
12238 1
12239 1
12240 2
12241 1
12242 1
12243 2
12244 1
12245 1
12246 1
12247 1
12248 3
12249 2
12250 0
12251 2
12252 1
12253 0
12254 1
12255 0
12256 0
12257 1
12258 2
12259 2
12260 3
12261 1
12262 1
12263 2
12264 2
12265 0
12266 0
12267 2
12268 1
12269 2
12270 1
12271 1
12272 0
12273 0
12274 2
12275 3
12276 2
12277 0
12278 1
12279 1
12280 1
12281 0
12282 1
12283 2
12284 0
12285 2
12286 2
12287 3
12288 1
12289 3
12290 1
12291 1
12292 2
12293 0
12294 0
12295 2
12296 0
12297 0
12298 2
12299 1
12300 2
12301 2
12302 1
12303 1
12304 1
12305 2
12306 2
12307 0
12308 0
12309 2
12310 1
12311 2
12312 1
12313 2
12314 2
12315 0
12316 1
12317 1
12318 2
12319 2
12320 0
12321 1
12322 1
12323 0
12324 0
12325 1
12326 0
12327 1
12328 1
12329 0
12330 0
12331 0
12332 2
12333 2
12334 0
12335 0
12336 1
12337 0
12338 3
12339 2
12340 0
12341 0
12342 3
12343 1
12344 0
12345 1
12346 2
12347 1
12348 0
12349 0
12350 1
12351 0
12352 1
12353 1
12354 2
12355 2
12356 2
12357 2
12358 1
12359 0
12360 3
12361 0
12362 1
12363 3
12364 0
12365 1
12366 2
12367 2
12368 3
12369 1
12370 3
12371 1
12372 3
12373 0
12374 0
12375 2
12376 0
12377 1
12378 2
12379 0
12380 1
12381 1
12382 3
12383 1
12384 0
12385 0
12386 0
12387 0
12388 0
12389 1
12390 1
12391 1
12392 3
12393 0
12394 2
12395 0
12396 0
12397 2
12398 1
12399 1
12400 2
12401 0
12402 2
12403 0
12404 2
12405 0
12406 1
12407 1
12408 0
12409 0
12410 0
12411 0
12412 2
12413 2
12414 0
12415 0
12416 2
12417 2
12418 1
12419 0
12420 3
12421 3
12422 2
12423 2
12424 2
12425 1
12426 0
12427 1
12428 1
12429 0
12430 1
12431 0
12432 1
12433 2
12434 1
12435 1
12436 1
12437 1
12438 0
12439 2
12440 0
12441 1
12442 1
12443 2
12444 0
12445 1
12446 0
12447 1
12448 1
12449 1
12450 1
12451 2
12452 1
12453 2
12454 3
12455 1
12456 2
12457 1
12458 2
12459 0
12460 2
12461 0
12462 0
12463 1
12464 0
12465 3
12466 1
12467 1
12468 0
12469 1
12470 2
12471 1
12472 0
12473 1
12474 0
12475 0
12476 3
12477 1
12478 2
12479 0
12480 0
12481 3
12482 2
12483 2
12484 1
12485 0
12486 2
12487 3
12488 0
12489 2
12490 0
12491 0
12492 0
12493 0
12494 2
12495 2
12496 0
12497 1
12498 0
12499 2
12500 0
12501 1
12502 1
12503 0
12504 2
12505 0
12506 2
12507 2
12508 3
12509 0
12510 1
12511 0
12512 0
12513 0
12514 3
12515 1
12516 1
12517 1
12518 2
12519 0
12520 3
12521 0
12522 1
12523 0
12524 1
12525 1
12526 1
12527 0
12528 3
12529 1
12530 0
12531 1
12532 0
12533 1
12534 1
12535 0
12536 1
12537 0
12538 0
12539 1
12540 0
12541 0
12542 0
12543 1
12544 0
12545 1
12546 2
12547 1
12548 0
12549 1
12550 1
12551 0
12552 0
12553 0
12554 2
12555 0
12556 2
12557 0
12558 2
12559 1
12560 2
12561 0
12562 0
12563 1
12564 0
12565 0
12566 1
12567 0
12568 1
12569 2
12570 0
12571 1
12572 2
12573 0
12574 0
12575 1
12576 1
12577 2
12578 3
12579 1
12580 2
12581 0
12582 1
12583 3
12584 2
12585 0
12586 0
12587 0
12588 0
12589 1
12590 2
12591 0
12592 2
12593 1
12594 2
12595 1
12596 0
12597 2
12598 1
12599 1
12600 2
12601 1
12602 3
12603 2
12604 0
12605 0
12606 0
12607 0
12608 0
12609 0
12610 1
12611 0
12612 0
12613 0
12614 1
12615 0
12616 0
12617 1
12618 3
12619 0
12620 2
12621 1
12622 0
12623 2
12624 0
12625 1
12626 0
12627 0
12628 1
12629 1
12630 1
12631 3
12632 0
12633 1
12634 1
12635 2
12636 2
12637 1
12638 1
12639 1
12640 1
12641 1
12642 2
12643 2
12644 2
12645 2
12646 0
12647 0
12648 1
12649 1
12650 2
12651 1
12652 0
12653 3
12654 1
12655 2
12656 1
12657 0
12658 2
12659 0
12660 0
12661 1
12662 2
12663 1
12664 1
12665 0
12666 3
12667 2
12668 1
12669 2
12670 0
12671 2
12672 0
12673 1
12674 1
12675 1
12676 2
12677 2
12678 1
12679 0
12680 1
12681 1
12682 1
12683 0
12684 0
12685 2
12686 1
12687 3
12688 2
12689 1
12690 0
12691 2
12692 1
12693 0
12694 1
12695 0
12696 1
12697 1
12698 3
12699 2
12700 2
12701 0
12702 1
12703 1
12704 0
12705 0
12706 1
12707 1
12708 0
12709 2
12710 1
12711 0
12712 2
12713 2
12714 0
12715 0
12716 1
12717 0
12718 0
12719 2
12720 1
12721 1
12722 0
12723 0
12724 2
12725 2
12726 0
12727 0
12728 1
12729 0
12730 0
12731 2
12732 2
12733 0
12734 0
12735 1
12736 0
12737 2
12738 0
12739 0
12740 2
12741 1
12742 0
12743 2
12744 1
12745 1
12746 3
12747 0
12748 0
12749 1
12750 0
12751 1
12752 2
12753 1
12754 2
12755 2
12756 0
12757 1
12758 0
12759 2
12760 1
12761 2
12762 2
12763 1
12764 0
12765 2
12766 1
12767 1
12768 0
12769 0
12770 1
12771 3
12772 0
12773 1
12774 0
12775 1
12776 2
12777 1
12778 1
12779 1
12780 0
12781 1
12782 2
12783 0
12784 2
12785 2
12786 2
12787 1
12788 0
12789 2
12790 0
12791 2
12792 0
12793 1
12794 0
12795 1
12796 2
12797 1
12798 1
12799 2
12800 1
12801 1
12802 1
12803 2
12804 0
12805 1
12806 2
12807 0
12808 2
12809 1
12810 1
12811 2
12812 3
12813 0
12814 1
12815 2
12816 2
12817 1
12818 1
12819 3
12820 3
12821 3
12822 0
12823 3
12824 2
12825 2
12826 2
12827 2
12828 1
12829 0
12830 1
12831 3
12832 3
12833 1
12834 0
12835 1
12836 0
12837 0
12838 3
12839 1
12840 2
12841 1
12842 0
12843 2
12844 0
12845 1
12846 0
12847 1
12848 0
12849 1
12850 3
12851 1
12852 0
12853 0
12854 0
12855 0
12856 2
12857 1
12858 1
12859 1
12860 1
12861 1
12862 2
12863 0
12864 0
12865 2
12866 0
12867 1
12868 1
12869 1
12870 1
12871 1
12872 2
12873 1
12874 2
12875 1
12876 0
12877 2
12878 3
12879 2
12880 2
12881 0
12882 1
12883 1
12884 1
12885 2
12886 0
12887 0
12888 2
12889 2
12890 1
12891 0
12892 0
12893 0
12894 0
12895 0
12896 2
12897 1
12898 1
12899 0
12900 1
12901 0
12902 3
12903 3
12904 3
12905 0
12906 1
12907 2
12908 3
12909 1
12910 1
12911 0
12912 2
12913 0
12914 2
12915 1
12916 1
12917 1
12918 2
12919 1
12920 1
12921 2
12922 1
12923 2
12924 2
12925 1
12926 2
12927 2
12928 2
12929 0
12930 1
12931 2
12932 1
12933 3
12934 3
12935 0
12936 1
12937 0
12938 2
12939 3
12940 2
12941 3
12942 1
12943 0
12944 2
12945 0
12946 1
12947 1
12948 0
12949 2
12950 2
12951 1
12952 1
12953 3
12954 1
12955 1
12956 0
12957 2
12958 1
12959 2
12960 1
12961 0
12962 1
12963 2
12964 0
12965 1
12966 1
12967 2
12968 2
12969 0
12970 2
12971 2
12972 2
12973 0
12974 2
12975 0
12976 3
12977 1
12978 1
12979 2
12980 0
12981 1
12982 1
12983 2
12984 0
12985 0
12986 2
12987 2
12988 2
12989 1
12990 1
12991 2
12992 0
12993 2
12994 0
12995 0
12996 0
12997 2
12998 0
12999 1
13000 1
13001 3
13002 0
13003 2
13004 0
13005 2
13006 1
13007 0
13008 0
13009 0
13010 1
13011 2
13012 0
13013 0
13014 3
13015 0
13016 1
13017 1
13018 0
13019 1
13020 0
13021 2
13022 1
13023 1
13024 2
13025 1
13026 1
13027 0
13028 2
13029 1
13030 0
13031 0
13032 0
13033 0
13034 1
13035 0
13036 0
13037 0
13038 1
13039 0
13040 1
13041 1
13042 0
13043 1
13044 0
13045 3
13046 0
13047 0
13048 3
13049 2
13050 2
13051 2
13052 2
13053 2
13054 0
13055 1
13056 0
13057 3
13058 1
13059 0
13060 3
13061 0
13062 0
13063 0
13064 0
13065 0
13066 2
13067 2
13068 0
13069 1
13070 1
13071 1
13072 1
13073 3
13074 0
13075 1
13076 1
13077 1
13078 0
13079 2
13080 3
13081 1
13082 2
13083 2
13084 0
13085 0
13086 2
13087 2
13088 3
13089 0
13090 1
13091 1
13092 0
13093 2
13094 0
13095 0
13096 0
13097 0
13098 2
13099 0
13100 2
13101 0
13102 1
13103 0
13104 1
13105 3
13106 0
13107 1
13108 1
13109 0
13110 1
13111 1
13112 0
13113 0
13114 2
13115 2
13116 0
13117 2
13118 2
13119 2
13120 2
13121 1
13122 0
13123 0
13124 0
13125 1
13126 3
13127 0
13128 2
13129 2
13130 1
13131 1
13132 2
13133 0
13134 3
13135 2
13136 0
13137 0
13138 0
13139 0
13140 0
13141 1
13142 0
13143 3
13144 0
13145 0
13146 0
13147 0
13148 0
13149 0
13150 0
13151 3
13152 0
13153 0
13154 0
13155 2
13156 1
13157 0
13158 1
13159 2
13160 1
13161 2
13162 2
13163 2
13164 0
13165 0
13166 0
13167 1
13168 0
13169 2
13170 0
13171 0
13172 2
13173 1
13174 0
13175 0
13176 1
13177 1
13178 0
13179 3
13180 0
13181 1
13182 1
13183 2
13184 1
13185 0
13186 1
13187 0
13188 2
13189 2
13190 2
13191 1
13192 3
13193 2
13194 1
13195 0
13196 0
13197 0
13198 0
13199 1
13200 1
13201 1
13202 1
13203 1
13204 0
13205 0
13206 2
13207 0
13208 3
13209 0
13210 2
13211 1
13212 0
13213 1
13214 0
13215 1
13216 2
13217 3
13218 1
13219 1
13220 1
13221 3
13222 2
13223 0
13224 3
13225 0
13226 2
13227 1
13228 2
13229 1
13230 2
13231 0
13232 2
13233 1
13234 1
13235 2
13236 0
13237 2
13238 1
13239 1
13240 1
13241 0
13242 1
13243 0
13244 0
13245 3
13246 0
13247 2
13248 1
13249 0
13250 0
13251 2
13252 1
13253 2
13254 0
13255 0
13256 1
13257 0
13258 0
13259 1
13260 0
13261 2
13262 2
13263 0
13264 2
13265 1
13266 1
13267 0
13268 0
13269 1
13270 2
13271 1
13272 1
13273 0
13274 0
13275 0
13276 1
13277 2
13278 2
13279 0
13280 0
13281 2
13282 0
13283 2
13284 2
13285 0
13286 1
13287 1
13288 2
13289 2
13290 0
13291 1
13292 2
13293 3
13294 2
13295 0
13296 1
13297 0
13298 1
13299 3
13300 2
13301 3
13302 2
13303 0
13304 0
13305 1
13306 2
13307 1
13308 0
13309 0
13310 3
13311 1
13312 0
13313 0
13314 0
13315 2
13316 3
13317 0
13318 0
13319 0
13320 2
13321 0
13322 1
13323 0
13324 1
13325 1
13326 2
13327 0
13328 2
13329 1
13330 2
13331 1
13332 1
13333 0
13334 0
13335 2
13336 3
13337 1
13338 1
13339 2
13340 1
13341 1
13342 1
13343 0
13344 2
13345 0
13346 0
13347 1
13348 1
13349 1
13350 0
13351 0
13352 1
13353 1
13354 1
13355 1
13356 1
13357 0
13358 1
13359 1
13360 3
13361 2
13362 3
13363 2
13364 0
13365 0
13366 1
13367 3
13368 0
13369 1
13370 0
13371 0
13372 2
13373 0
13374 3
13375 1
13376 0
13377 1
13378 2
13379 2
13380 2
13381 2
13382 0
13383 0
13384 1
13385 2
13386 3
13387 2
13388 0
13389 2
13390 2
13391 0
13392 1
13393 1
13394 1
13395 2
13396 2
13397 0
13398 0
13399 3
13400 2
13401 2
13402 2
13403 2
13404 2
13405 2
13406 1
13407 1
13408 0
13409 0
13410 1
13411 0
13412 0
13413 2
13414 1
13415 2
13416 1
13417 1
13418 0
13419 0
13420 1
13421 3
13422 0
13423 3
13424 2
13425 0
13426 0
13427 0
13428 1
13429 0
13430 0
13431 0
13432 1
13433 1
13434 0
13435 2
13436 0
13437 1
13438 0
13439 2
13440 1
13441 1
13442 0
13443 1
13444 3
13445 2
13446 2
13447 3
13448 0
13449 1
13450 1
13451 0
13452 1
13453 1
13454 1
13455 2
13456 1
13457 2
13458 0
13459 1
13460 1
13461 2
13462 0
13463 1
13464 0
13465 1
13466 2
13467 0
13468 2
13469 2
13470 0
13471 0
13472 0
13473 0
13474 1
13475 2
13476 0
13477 0
13478 0
13479 2
13480 2
13481 1
13482 0
13483 0
13484 0
13485 1
13486 1
13487 0
13488 2
13489 1
13490 1
13491 0
13492 1
13493 0
13494 1
13495 3
13496 1
13497 3
13498 1
13499 1
13500 1
13501 3
13502 2
13503 2
13504 3
13505 2
13506 0
13507 2
13508 0
13509 2
13510 0
13511 1
13512 1
13513 1
13514 1
13515 0
13516 2
13517 0
13518 2
13519 0
13520 2
13521 0
13522 1
13523 1
13524 2
13525 0
13526 1
13527 2
13528 2
13529 0
13530 0
13531 0
13532 3
13533 1
13534 0
13535 0
13536 0
13537 3
13538 0
13539 1
13540 0
13541 1
13542 1
13543 2
13544 0
13545 2
13546 1
13547 2
13548 1
13549 2
13550 2
13551 2
13552 0
13553 1
13554 2
13555 2
13556 1
13557 2
13558 2
13559 2
13560 1
13561 0
13562 1
13563 2
13564 2
13565 2
13566 0
13567 1
13568 1
13569 2
13570 2
13571 2
13572 1
13573 0
13574 2
13575 1
13576 0
13577 1
13578 1
13579 2
13580 2
13581 1
13582 2
13583 2
13584 2
13585 2
13586 2
13587 2
13588 0
13589 1
13590 0
13591 2
13592 0
13593 1
13594 1
13595 0
13596 0
13597 2
13598 2
13599 3
13600 0
13601 0
13602 0
13603 2
13604 2
13605 0
13606 1
13607 0
13608 0
13609 2
13610 2
13611 2
13612 2
13613 0
13614 2
13615 0
13616 0
13617 2
13618 1
13619 0
13620 1
13621 0
13622 1
13623 2
13624 1
13625 0
13626 1
13627 2
13628 0
13629 3
13630 0
13631 2
13632 0
13633 2
13634 3
13635 2
13636 1
13637 2
13638 1
13639 1
13640 2
13641 2
13642 2
13643 0
13644 0
13645 3
13646 1
13647 2
13648 0
13649 0
13650 3
13651 1
13652 2
13653 2
13654 1
13655 2
13656 1
13657 1
13658 1
13659 1
13660 2
13661 0
13662 0
13663 2
13664 2
13665 0
13666 1
13667 2
13668 1
13669 1
13670 1
13671 1
13672 1
13673 0
13674 3
13675 2
13676 3
13677 1
13678 2
13679 1
13680 1
13681 2
13682 2
13683 0
13684 1
13685 1
13686 1
13687 1
13688 2
13689 2
13690 0
13691 1
13692 1
13693 0
13694 0
13695 1
13696 0
13697 1
13698 2
13699 2
13700 0
13701 2
13702 0
13703 0
13704 0
13705 1
13706 0
13707 2
13708 2
13709 1
13710 0
13711 2
13712 0
13713 1
13714 3
13715 0
13716 2
13717 0
13718 0
13719 1
13720 2
13721 0
13722 0
13723 0
13724 0
13725 0
13726 2
13727 1
13728 1
13729 3
13730 0
13731 1
13732 2
13733 1
13734 2
13735 0
13736 0
13737 0
13738 2
13739 2
13740 1
13741 2
13742 0
13743 2
13744 0
13745 1
13746 1
13747 0
13748 1
13749 2
13750 2
13751 0
13752 1
13753 0
13754 1
13755 0
13756 0
13757 2
13758 0
13759 0
13760 1
13761 3
13762 0
13763 1
13764 3
13765 0
13766 2
13767 1
13768 2
13769 2
13770 1
13771 3
13772 1
13773 1
13774 2
13775 0
13776 2
13777 2
13778 2
13779 1
13780 2
13781 0
13782 2
13783 1
13784 3
13785 1
13786 2
13787 0
13788 1
13789 1
13790 1
13791 0
13792 1
13793 2
13794 0
13795 2
13796 2
13797 1
13798 1
13799 2
13800 0
13801 2
13802 1
13803 2
13804 2
13805 0
13806 0
13807 1
13808 0
13809 0
13810 0
13811 2
13812 0
13813 1
13814 0
13815 0
13816 3
13817 0
13818 1
13819 1
13820 0
13821 1
13822 0
13823 2
13824 3
13825 0
13826 0
13827 1
13828 0
13829 2
13830 0
13831 2
13832 1
13833 1
13834 0
13835 2
13836 0
13837 1
13838 2
13839 0
13840 0
13841 1
13842 1
13843 3
13844 2
13845 0
13846 0
13847 0
13848 0
13849 0
13850 3
13851 1
13852 2
13853 2
13854 1
13855 2
13856 2
13857 1
13858 2
13859 2
13860 2
13861 0
13862 1
13863 0
13864 1
13865 0
13866 3
13867 3
13868 1
13869 1
13870 1
13871 1
13872 0
13873 2
13874 2
13875 0
13876 1
13877 3
13878 2
13879 0
13880 3
13881 1
13882 1
13883 0
13884 0
13885 1
13886 2
13887 2
13888 2
13889 2
13890 1
13891 1
13892 0
13893 3
13894 1
13895 0
13896 2
13897 2
13898 1
13899 2
13900 1
13901 2
13902 3
13903 2
13904 1
13905 1
13906 2
13907 1
13908 0
13909 2
13910 1
13911 1
13912 2
13913 0
13914 0
13915 0
13916 1
13917 0
13918 0
13919 2
13920 2
13921 2
13922 1
13923 0
13924 1
13925 1
13926 1
13927 3
13928 0
13929 1
13930 2
13931 2
13932 0
13933 2
13934 0
13935 2
13936 0
13937 0
13938 0
13939 1
13940 0
13941 0
13942 1
13943 0
13944 2
13945 2
13946 1
13947 1
13948 2
13949 0
13950 1
13951 0
13952 3
13953 1
13954 0
13955 3
13956 1
13957 1
13958 1
13959 0
13960 2
13961 1
13962 0
13963 2
13964 0
13965 1
13966 2
13967 2
13968 0
13969 0
13970 2
13971 0
13972 1
13973 2
13974 0
13975 1
13976 1
13977 0
13978 1
13979 2
13980 2
13981 1
13982 1
13983 0
13984 0
13985 2
13986 1
13987 1
13988 0
13989 0
13990 0
13991 0
13992 1
13993 1
13994 2
13995 0
13996 3
13997 2
13998 2
13999 1
14000 2
14001 0
14002 1
14003 0
14004 2
14005 2
14006 0
14007 2
14008 2
14009 0
14010 2
14011 1
14012 1
14013 0
14014 2
14015 2
14016 1
14017 1
14018 0
14019 1
14020 2
14021 0
14022 0
14023 0
14024 0
14025 0
14026 0
14027 1
14028 0
14029 0
14030 2
14031 1
14032 0
14033 0
14034 0
14035 1
14036 2
14037 2
14038 1
14039 0
14040 1
14041 0
14042 2
14043 1
14044 1
14045 0
14046 1
14047 1
14048 2
14049 0
14050 3
14051 0
14052 0
14053 1
14054 0
14055 1
14056 1
14057 0
14058 2
14059 1
14060 2
14061 0
14062 0
14063 2
14064 1
14065 1
14066 1
14067 1
14068 2
14069 1
14070 0
14071 2
14072 1
14073 1
14074 2
14075 2
14076 0
14077 0
14078 2
14079 0
14080 2
14081 2
14082 2
14083 0
14084 1
14085 0
14086 1
14087 2
14088 0
14089 1
14090 0
14091 1
14092 1
14093 0
14094 1
14095 1
14096 2
14097 2
14098 2
14099 2
14100 1
14101 2
14102 0
14103 1
14104 0
14105 1
14106 0
14107 0
14108 0
14109 1
14110 0
14111 2
14112 0
14113 1
14114 0
14115 1
14116 0
14117 1
14118 1
14119 0
14120 2
14121 2
14122 3
14123 1
14124 0
14125 3
14126 0
14127 1
14128 1
14129 2
14130 0
14131 1
14132 1
14133 1
14134 3
14135 1
14136 3
14137 0
14138 1
14139 0
14140 2
14141 2
14142 1
14143 0
14144 2
14145 1
14146 1
14147 1
14148 0
14149 0
14150 2
14151 2
14152 1
14153 2
14154 1
14155 1
14156 0
14157 0
14158 1
14159 2
14160 1
14161 2
14162 1
14163 0
14164 1
14165 0
14166 0
14167 1
14168 0
14169 0
14170 1
14171 1
14172 2
14173 1
14174 1
14175 2
14176 0
14177 0
14178 1
14179 1
14180 0
14181 0
14182 0
14183 1
14184 0
14185 2
14186 0
14187 0
14188 1
14189 2
14190 0
14191 0
14192 0
14193 1
14194 0
14195 1
14196 1
14197 2
14198 3
14199 0
14200 2
14201 1
14202 0
14203 0
14204 1
14205 0
14206 3
14207 0
14208 0
14209 0
14210 0
14211 1
14212 1
14213 0
14214 2
14215 0
14216 2
14217 2
14218 3
14219 1
14220 1
14221 1
14222 1
14223 0
14224 2
14225 2
14226 0
14227 0
14228 2
14229 0
14230 1
14231 0
14232 3
14233 3
14234 2
14235 2
14236 2
14237 0
14238 1
14239 1
14240 2
14241 1
14242 2
14243 1
14244 0
14245 1
14246 2
14247 1
14248 0
14249 1
14250 2
14251 1
14252 1
14253 0
14254 1
14255 1
14256 1
14257 1
14258 0
14259 0
14260 2
14261 1
14262 1
14263 0
14264 0
14265 2
14266 0
14267 2
14268 1
14269 1
14270 1
14271 0
14272 1
14273 2
14274 0
14275 1
14276 2
14277 2
14278 1
14279 1
14280 0
14281 0
14282 0
14283 2
14284 1
14285 1
14286 2
14287 1
14288 0
14289 0
14290 2
14291 0
14292 1
14293 1
14294 0
14295 2
14296 2
14297 1
14298 1
14299 0
14300 1
14301 2
14302 0
14303 2
14304 1
14305 0
14306 1
14307 0
14308 0
14309 1
14310 1
14311 1
14312 2
14313 1
14314 1
14315 1
14316 2
14317 0
14318 0
14319 1
14320 2
14321 1
14322 0
14323 1
14324 0
14325 1
14326 1
14327 3
14328 1
14329 1
14330 0
14331 3
14332 2
14333 1
14334 0
14335 0
14336 0
14337 0
14338 2
14339 0
14340 0
14341 2
14342 1
14343 3
14344 0
14345 0
14346 2
14347 1
14348 1
14349 1
14350 2
14351 0
14352 0
14353 0
14354 1
14355 1
14356 2
14357 1
14358 1
14359 3
14360 2
14361 0
14362 0
14363 2
14364 2
14365 3
14366 0
14367 2
14368 1
14369 1
14370 1
14371 1
14372 0
14373 2
14374 1
14375 0
14376 1
14377 1
14378 1
14379 2
14380 2
14381 1
14382 1
14383 0
14384 0
14385 2
14386 0
14387 0
14388 0
14389 2
14390 2
14391 1
14392 0
14393 0
14394 1
14395 1
14396 3
14397 2
14398 0
14399 2
14400 0
14401 1
14402 2
14403 2
14404 0
14405 0
14406 0
14407 0
14408 0
14409 1
14410 2
14411 1
14412 1
14413 2
14414 0
14415 2
14416 2
14417 0
14418 2
14419 0
14420 2
14421 2
14422 1
14423 0
14424 2
14425 1
14426 1
14427 0
14428 0
14429 1
14430 0
14431 1
14432 1
14433 0
14434 1
14435 1
14436 1
14437 0
14438 2
14439 1
14440 3
14441 1
14442 2
14443 3
14444 0
14445 0
14446 0
14447 2
14448 1
14449 1
14450 0
14451 2
14452 2
14453 1
14454 1
14455 0
14456 1
14457 3
14458 2
14459 1
14460 0
14461 1
14462 1
14463 0
14464 0
14465 2
14466 1
14467 2
14468 3
14469 2
14470 0
14471 0
14472 0
14473 2
14474 1
14475 0
14476 2
14477 2
14478 1
14479 0
14480 1
14481 1
14482 1
14483 0
14484 0
14485 0
14486 0
14487 2
14488 1
14489 2
14490 1
14491 0
14492 1
14493 2
14494 1
14495 1
14496 0
14497 0
14498 1
14499 2
14500 1
14501 1
14502 2
14503 2
14504 0
14505 2
14506 0
14507 1
14508 0
14509 1
14510 0
14511 0
14512 0
14513 0
14514 2
14515 0
14516 2
14517 1
14518 1
14519 2
14520 2
14521 0
14522 0
14523 2
14524 0
14525 3
14526 0
14527 0
14528 0
14529 2
14530 2
14531 0
14532 1
14533 1
14534 1
14535 3
14536 2
14537 0
14538 0
14539 2
14540 0
14541 1
14542 3
14543 2
14544 0
14545 2
14546 2
14547 2
14548 2
14549 2
14550 2
14551 1
14552 1
14553 0
14554 2
14555 2
14556 1
14557 2
14558 0
14559 2
14560 1
14561 0
14562 0
14563 0
14564 2
14565 1
14566 1
14567 2
14568 0
14569 1
14570 2
14571 1
14572 0
14573 0
14574 2
14575 0
14576 0
14577 3
14578 2
14579 1
14580 0
14581 0
14582 0
14583 3
14584 1
14585 1
14586 2
14587 0
14588 1
14589 1
14590 0
14591 3
14592 1
14593 1
14594 0
14595 2
14596 0
14597 2
14598 3
14599 0
14600 0
14601 1
14602 0
14603 2
14604 2
14605 0
14606 2
14607 0
14608 0
14609 3
14610 0
14611 0
14612 0
14613 0
14614 2
14615 1
14616 1
14617 2
14618 1
14619 2
14620 1
14621 0
14622 0
14623 0
14624 2
14625 0
14626 0
14627 2
14628 0
14629 0
14630 1
14631 0
14632 1
14633 1
14634 0
14635 2
14636 0
14637 2
14638 0
14639 2
14640 2
14641 1
14642 1
14643 1
14644 2
14645 0
14646 0
14647 2
14648 3
14649 2
14650 1
14651 0
14652 0
14653 0
14654 0
14655 0
14656 1
14657 2
14658 2
14659 3
14660 2
14661 1
14662 0
14663 2
14664 1
14665 1
14666 0
14667 0
14668 1
14669 1
14670 1
14671 3
14672 0
14673 2
14674 1
14675 0
14676 2
14677 1
14678 2
14679 0
14680 2
14681 0
14682 1
14683 0
14684 1
14685 2
14686 0
14687 2
14688 1
14689 0
14690 1
14691 0
14692 0
14693 0
14694 0
14695 2
14696 0
14697 0
14698 0
14699 2
14700 1
14701 1
14702 1
14703 1
14704 1
14705 2
14706 0
14707 3
14708 0
14709 2
14710 0
14711 0
14712 2
14713 1
14714 3
14715 2
14716 0
14717 1
14718 0
14719 1
14720 1
14721 0
14722 0
14723 0
14724 0
14725 0
14726 0
14727 0
14728 1
14729 2
14730 2
14731 0
14732 2
14733 3
14734 2
14735 1
14736 1
14737 2
14738 0
14739 1
14740 0
14741 2
14742 1
14743 1
14744 0
14745 1
14746 1
14747 2
14748 0
14749 0
14750 0
14751 0
14752 0
14753 2
14754 1
14755 0
14756 2
14757 2
14758 1
14759 2
14760 0
14761 1
14762 1
14763 0
14764 1
14765 2
14766 2
14767 0
14768 0
14769 2
14770 0
14771 1
14772 0
14773 1
14774 2
14775 0
14776 1
14777 0
14778 0
14779 0
14780 3
14781 0
14782 1
14783 0
14784 1
14785 2
14786 1
14787 1
14788 1
14789 1
14790 1
14791 3
14792 2
14793 3
14794 2
14795 3
14796 0
14797 2
14798 1
14799 0
14800 0
14801 1
14802 0
14803 0
14804 3
14805 2
14806 2
14807 0
14808 2
14809 0
14810 1
14811 2
14812 2
14813 1
14814 2
14815 0
14816 2
14817 1
14818 1
14819 3
14820 0
14821 1
14822 0
14823 1
14824 0
14825 0
14826 0
14827 1
14828 2
14829 0
14830 2
14831 2
14832 1
14833 0
14834 2
14835 1
14836 2
14837 0
14838 1
14839 2
14840 1
14841 3
14842 1
14843 2
14844 2
14845 0
14846 2
14847 0
14848 2
14849 1
14850 1
14851 2
14852 1
14853 0
14854 0
14855 0
14856 1
14857 1
14858 1
14859 2
14860 0
14861 2
14862 0
14863 1
14864 1
14865 0
14866 0
14867 1
14868 0
14869 2
14870 0
14871 0
14872 1
14873 0
14874 0
14875 0
14876 0
14877 2
14878 0
14879 1
14880 2
14881 2
14882 2
14883 1
14884 1
14885 3
14886 1
14887 1
14888 1
14889 0
14890 1
14891 1
14892 2
14893 1
14894 1
14895 0
14896 0
14897 0
14898 0
14899 2
14900 0
14901 1
14902 0
14903 0
14904 1
14905 1
14906 1
14907 3
14908 2
14909 2
14910 0
14911 0
14912 1
14913 1
14914 1
14915 2
14916 1
14917 1
14918 1
14919 1
14920 1
14921 3
14922 2
14923 1
14924 3
14925 1
14926 0
14927 0
14928 0
14929 1
14930 1
14931 0
14932 2
14933 0
14934 1
14935 0
14936 1
14937 2
14938 0
14939 2
14940 1
14941 2
14942 0
14943 0
14944 0
14945 2
14946 1
14947 2
14948 2
14949 1
14950 3
14951 1
14952 0
14953 0
14954 0
14955 1
14956 0
14957 3
14958 2
14959 2
14960 0
14961 3
14962 2
14963 1
14964 0
14965 2
14966 1
14967 0
14968 2
14969 1
14970 0
14971 2
14972 2
14973 1
14974 1
14975 2
14976 2
14977 0
14978 3
14979 2
14980 1
14981 0
14982 1
14983 0
14984 0
14985 1
14986 0
14987 2
14988 0
14989 1
14990 0
14991 2
14992 0
14993 0
14994 1
14995 1
14996 2
14997 1
14998 0
14999 0
15000 0
15001 2
15002 2
15003 1
15004 2
15005 0
15006 1
15007 1
15008 3
15009 2
15010 1
15011 2
15012 1
15013 1
15014 0
15015 3
15016 1
15017 1
15018 0
15019 3
15020 1
15021 3
15022 2
15023 2
15024 1
15025 1
15026 0
15027 1
15028 0
15029 0
15030 2
15031 1
15032 3
15033 1
15034 2
15035 1
15036 2
15037 2
15038 1
15039 2
15040 0
15041 0
15042 2
15043 2
15044 2
15045 0
15046 1
15047 1
15048 3
15049 1
15050 1
15051 0
15052 0
15053 1
15054 1
15055 2
15056 1
15057 2
15058 2
15059 1
15060 1
15061 0
15062 2
15063 0
15064 1
15065 1
15066 0
15067 1
15068 0
15069 0
15070 2
15071 2
15072 1
15073 1
15074 0
15075 1
15076 2
15077 0
15078 2
15079 2
15080 0
15081 0
15082 1
15083 1
15084 1
15085 1
15086 1
15087 2
15088 0
15089 0
15090 0
15091 0
15092 2
15093 1
15094 1
15095 0
15096 0
15097 2
15098 2
15099 2
15100 0
15101 0
15102 1
15103 2
15104 2
15105 0
15106 2
15107 1
15108 0
15109 0
15110 2
15111 0
15112 0
15113 0
15114 0
15115 2
15116 0
15117 2
15118 2
15119 2
15120 1
15121 1
15122 2
15123 1
15124 2
15125 3
15126 1
15127 0
15128 0
15129 1
15130 0
15131 2
15132 2
15133 1
15134 1
15135 1
15136 0
15137 0
15138 2
15139 0
15140 1
15141 0
15142 2
15143 0
15144 2
15145 1
15146 2
15147 1
15148 2
15149 2
15150 2
15151 1
15152 1
15153 3
15154 3
15155 2
15156 1
15157 2
15158 1
15159 0
15160 0
15161 0
15162 2
15163 1
15164 1
15165 2
15166 0
15167 0
15168 0
15169 0
15170 1
15171 1
15172 0
15173 1
15174 2
15175 0
15176 0
15177 0
15178 2
15179 0
15180 2
15181 1
15182 0
15183 2
15184 0
15185 2
15186 0
15187 0
15188 2
15189 1
15190 1
15191 3
15192 1
15193 2
15194 0
15195 0
15196 1
15197 0
15198 1
15199 0
15200 1
15201 1
15202 0
15203 1
15204 2
15205 0
15206 1
15207 1
15208 2
15209 1
15210 0
15211 2
15212 0
15213 2
15214 2
15215 1
15216 1
15217 1
15218 1
15219 2
15220 3
15221 0
15222 1
15223 1
15224 1
15225 3
15226 2
15227 1
15228 2
15229 2
15230 0
15231 0
15232 0
15233 3
15234 0
15235 2
15236 2
15237 2
15238 1
15239 2
15240 1
15241 1
15242 0
15243 2
15244 3
15245 1
15246 0
15247 1
15248 1
15249 1
15250 0
15251 0
15252 0
15253 1
15254 0
15255 0
15256 2
15257 1
15258 0
15259 0
15260 0
15261 1
15262 0
15263 0
15264 0
15265 0
15266 1
15267 2
15268 1
15269 0
15270 3
15271 1
15272 0
15273 1
15274 0
15275 0
15276 1
15277 1
15278 0
15279 3
15280 0
15281 1
15282 2
15283 0
15284 2
15285 2
15286 2
15287 2
15288 0
15289 2
15290 2
15291 2
15292 0
15293 0
15294 2
15295 0
15296 1
15297 1
15298 0
15299 2
15300 0
15301 1
15302 0
15303 0
15304 2
15305 0
15306 0
15307 0
15308 3
15309 1
15310 2
15311 2
15312 3
15313 2
15314 0
15315 0
15316 0
15317 1
15318 1
15319 0
15320 1
15321 0
15322 0
15323 1
15324 2
15325 2
15326 1
15327 3
15328 0
15329 2
15330 0
15331 1
15332 1
15333 2
15334 3
15335 2
15336 0
15337 0
15338 1
15339 1
15340 1
15341 1
15342 0
15343 2
15344 2
15345 2
15346 0
15347 0
15348 0
15349 0
15350 3
15351 2
15352 2
15353 0
15354 1
15355 0
15356 1
15357 1
15358 2
15359 0
15360 1
15361 3
15362 1
15363 2
15364 1
15365 1
15366 1
15367 0
15368 0
15369 1
15370 2
15371 3
15372 0
15373 1
15374 3
15375 1
15376 2
15377 2
15378 1
15379 1
15380 2
15381 3
15382 1
15383 1
15384 2
15385 1
15386 1
15387 0
15388 3
15389 0
15390 1
15391 2
15392 2
15393 1
15394 1
15395 1
15396 2
15397 0
15398 0
15399 1
15400 2
15401 1
15402 1
15403 1
15404 0
15405 1
15406 0
15407 2
15408 0
15409 0
15410 2
15411 2
15412 1
15413 0
15414 3
15415 0
15416 1
15417 2
15418 2
15419 1
15420 1
15421 0
15422 2
15423 0
15424 1
15425 1
15426 0
15427 3
15428 1
15429 1
15430 1
15431 2
15432 3
15433 3
15434 1
15435 1
15436 1
15437 0
15438 1
15439 1
15440 0
15441 1
15442 1
15443 0
15444 0
15445 2
15446 3
15447 3
15448 0
15449 0
15450 2
15451 1
15452 2
15453 2
15454 0
15455 0
15456 2
15457 0
15458 1
15459 2
15460 1
15461 1
15462 2
15463 1
15464 0
15465 1
15466 0
15467 2
15468 0
15469 1
15470 0
15471 2
15472 2
15473 0
15474 1
15475 2
15476 0
15477 0
15478 2
15479 3
15480 0
15481 0
15482 1
15483 1
15484 0
15485 1
15486 3
15487 1
15488 1
15489 2
15490 0
15491 0
15492 1
15493 0
15494 1
15495 2
15496 1
15497 2
15498 0
15499 1
15500 1
15501 1
15502 2
15503 2
15504 0
15505 0
15506 1
15507 0
15508 1
15509 1
15510 0
15511 1
15512 2
15513 1
15514 1
15515 1
15516 1
15517 1
15518 1
15519 1
15520 1
15521 1
15522 1
15523 0
15524 3
15525 0
15526 0
15527 0
15528 0
15529 3
15530 0
15531 0
15532 0
15533 1
15534 2
15535 2
15536 2
15537 0
15538 0
15539 2
15540 2
15541 0
15542 2
15543 0
15544 0
15545 2
15546 0
15547 1
15548 0
15549 2
15550 1
15551 2
15552 0
15553 0
15554 0
15555 1
15556 0
15557 2
15558 2
15559 2
15560 0
15561 1
15562 1
15563 0
15564 0
15565 3
15566 0
15567 2
15568 2
15569 0
15570 2
15571 1
15572 3
15573 3
15574 1
15575 2
15576 0
15577 0
15578 2
15579 1
15580 2
15581 0
15582 0
15583 1
15584 0
15585 2
15586 3
15587 2
15588 2
15589 0
15590 2
15591 0
15592 0
15593 1
15594 2
15595 0
15596 2
15597 0
15598 1
15599 1
15600 2
15601 2
15602 3
15603 3
15604 0
15605 1
15606 0
15607 1
15608 1
15609 2
15610 0
15611 1
15612 1
15613 1
15614 0
15615 2
15616 3
15617 1
15618 2
15619 2
15620 0
15621 2
15622 1
15623 0
15624 0
15625 1
15626 0
15627 1
15628 2
15629 1
15630 1
15631 2
15632 2
15633 2
15634 1
15635 1
15636 0
15637 3
15638 1
15639 2
15640 0
15641 2
15642 0
15643 0
15644 0
15645 0
15646 0
15647 0
15648 0
15649 1
15650 0
15651 1
15652 2
15653 1
15654 1
15655 2
15656 1
15657 2
15658 1
15659 0
15660 1
15661 1
15662 1
15663 1
15664 1
15665 1
15666 2
15667 0
15668 1
15669 3
15670 0
15671 3
15672 2
15673 0
15674 1
15675 2
15676 0
15677 2
15678 0
15679 2
15680 1
15681 1
15682 2
15683 1
15684 1
15685 0
15686 1
15687 1
15688 0
15689 0
15690 3
15691 2
15692 3
15693 1
15694 1
15695 1
15696 3
15697 0
15698 1
15699 1
15700 0
15701 1
15702 2
15703 2
15704 1
15705 1
15706 0
15707 2
15708 1
15709 1
15710 2
15711 2
15712 0
15713 2
15714 1
15715 0
15716 0
15717 3
15718 1
15719 0
15720 2
15721 0
15722 2
15723 2
15724 1
15725 0
15726 0
15727 0
15728 0
15729 1
15730 2
15731 2
15732 2
15733 2
15734 0
15735 0
15736 1
15737 1
15738 1
15739 1
15740 0
15741 2
15742 0
15743 1
15744 1
15745 0
15746 0
15747 1
15748 1
15749 2
15750 1
15751 1
15752 1
15753 1
15754 2
15755 0
15756 0
15757 2
15758 1
15759 1
15760 0
15761 1
15762 0
15763 2
15764 2
15765 2
15766 2
15767 2
15768 0
15769 2
15770 3
15771 1
15772 0
15773 0
15774 2
15775 2
15776 0
15777 1
15778 0
15779 0
15780 1
15781 1
15782 1
15783 2
15784 0
15785 0
15786 0
15787 0
15788 0
15789 1
15790 1
15791 0
15792 1
15793 2
15794 2
15795 2
15796 2
15797 2
15798 1
15799 0
15800 2
15801 0
15802 2
15803 0
15804 1
15805 2
15806 0
15807 2
15808 0
15809 0
15810 2
15811 0
15812 0
15813 0
15814 0
15815 1
15816 2
15817 3
15818 0
15819 2
15820 2
15821 2
15822 1
15823 1
15824 2
15825 1
15826 0
15827 0
15828 1
15829 1
15830 0
15831 0
15832 2
15833 1
15834 2
15835 2
15836 1
15837 0
15838 0
15839 0
15840 0
15841 0
15842 2
15843 1
15844 1
15845 0
15846 1
15847 0
15848 0
15849 0
15850 2
15851 3
15852 2
15853 2
15854 2
15855 1
15856 0
15857 2
15858 0
15859 0
15860 1
15861 1
15862 0
15863 0
15864 3
15865 0
15866 2
15867 0
15868 3
15869 1
15870 1
15871 2
15872 0
15873 1
15874 0
15875 0
15876 0
15877 2
15878 2
15879 1
15880 0
15881 2
15882 0
15883 2
15884 1
15885 0
15886 1
15887 3
15888 1
15889 0
15890 1
15891 1
15892 0
15893 2
15894 0
15895 1
15896 2
15897 2
15898 1
15899 2
15900 0
15901 2
15902 1
15903 2
15904 2
15905 1
15906 0
15907 1
15908 0
15909 0
15910 0
15911 2
15912 1
15913 0
15914 1
15915 0
15916 1
15917 0
15918 0
15919 2
15920 1
15921 1
15922 1
15923 2
15924 0
15925 0
15926 1
15927 2
15928 2
15929 0
15930 0
15931 2
15932 1
15933 1
15934 0
15935 1
15936 2
15937 1
15938 2
15939 0
15940 0
15941 2
15942 0
15943 1
15944 1
15945 1
15946 2
15947 3
15948 2
15949 0
15950 2
15951 0
15952 0
15953 3
15954 0
15955 0
15956 0
15957 1
15958 1
15959 0
15960 0
15961 2
15962 1
15963 1
15964 2
15965 0
15966 2
15967 0
15968 3
15969 2
15970 0
15971 0
15972 2
15973 0
15974 1
15975 0
15976 1
15977 1
15978 0
15979 1
15980 0
15981 2
15982 0
15983 1
15984 0
15985 0
15986 0
15987 1
15988 1
15989 0
15990 0
15991 2
15992 0
15993 1
15994 1
15995 1
15996 3
15997 1
15998 2
15999 2
16000 1
16001 2
16002 1
16003 1
16004 0
16005 1
16006 2
16007 3
16008 0
16009 0
16010 2
16011 0
16012 2
16013 0
16014 1
16015 1
16016 1
16017 2
16018 3
16019 0
16020 2
16021 0
16022 0
16023 0
16024 0
16025 2
16026 1
16027 1
16028 2
16029 0
16030 0
16031 2
16032 2
16033 1
16034 2
16035 1
16036 0
16037 2
16038 0
16039 2
16040 0
16041 1
16042 1
16043 0
16044 2
16045 0
16046 1
16047 1
16048 0
16049 1
16050 1
16051 2
16052 1
16053 0
16054 0
16055 0
16056 0
16057 0
16058 1
16059 0
16060 1
16061 0
16062 2
16063 2
16064 0
16065 2
16066 0
16067 3
16068 1
16069 1
16070 0
16071 1
16072 0
16073 1
16074 2
16075 1
16076 2
16077 1
16078 2
16079 1
16080 1
16081 2
16082 1
16083 1
16084 2
16085 1
16086 1
16087 0
16088 0
16089 2
16090 1
16091 0
16092 1
16093 3
16094 1
16095 1
16096 1
16097 1
16098 2
16099 1
16100 1
16101 3
16102 2
16103 1
16104 1
16105 0
16106 0
16107 1
16108 2
16109 1
16110 1
16111 3
16112 2
16113 2
16114 1
16115 2
16116 0
16117 1
16118 1
16119 0
16120 0
16121 0
16122 1
16123 1
16124 0
16125 2
16126 2
16127 1
16128 3
16129 2
16130 0
16131 0
16132 2
16133 0
16134 2
16135 2
16136 2
16137 2
16138 2
16139 1
16140 0
16141 1
16142 2
16143 1
16144 2
16145 1
16146 2
16147 0
16148 1
16149 1
16150 0
16151 2
16152 2
16153 0
16154 2
16155 0
16156 0
16157 2
16158 0
16159 2
16160 1
16161 1
16162 2
16163 0
16164 1
16165 1
16166 0
16167 1
16168 0
16169 1
16170 2
16171 1
16172 0
16173 0
16174 1
16175 2
16176 2
16177 1
16178 0
16179 0
16180 1
16181 2
16182 0
16183 2
16184 1
16185 1
16186 0
16187 1
16188 0
16189 0
16190 3
16191 1
16192 2
16193 2
16194 1
16195 1
16196 0
16197 0
16198 2
16199 1
16200 0
16201 2
16202 0
16203 1
16204 1
16205 2
16206 0
16207 0
16208 3
16209 1
16210 1
16211 2
16212 1
16213 1
16214 2
16215 0
16216 0
16217 0
16218 2
16219 1
16220 1
16221 0
16222 2
16223 0
16224 0
16225 0
16226 2
16227 0
16228 2
16229 0
16230 2
16231 1
16232 2
16233 0
16234 1
16235 1
16236 2
16237 2
16238 0
16239 2
16240 1
16241 0
16242 1
16243 4
16244 1
16245 1
16246 1
16247 1
16248 2
16249 2
16250 1
16251 2
16252 2
16253 1
16254 0
16255 0
16256 0
16257 0
16258 0
16259 1
16260 0
16261 1
16262 0
16263 1
16264 2
16265 1
16266 2
16267 1
16268 2
16269 1
16270 0
16271 1
16272 0
16273 1
16274 2
16275 2
16276 2
16277 2
16278 2
16279 0
16280 1
16281 1
16282 2
16283 1
16284 2
16285 2
16286 2
16287 1
16288 1
16289 1
16290 2
16291 1
16292 0
16293 1
16294 2
16295 0
16296 2
16297 0
16298 2
16299 0
16300 0
16301 1
16302 2
16303 2
16304 1
16305 0
16306 0
16307 0
16308 0
16309 1
16310 1
16311 2
16312 0
16313 2
16314 0
16315 1
16316 2
16317 1
16318 1
16319 0
16320 0
16321 2
16322 1
16323 0
16324 2
16325 3
16326 1
16327 3
16328 0
16329 3
16330 1
16331 2
16332 1
16333 2
16334 2
16335 2
16336 1
16337 2
16338 0
16339 0
16340 2
16341 0
16342 1
16343 1
16344 0
16345 0
16346 2
16347 2
16348 0
16349 1
16350 2
16351 0
16352 0
16353 1
16354 3
16355 1
16356 0
16357 1
16358 1
16359 0
16360 0
16361 3
16362 2
16363 3
16364 1
16365 1
16366 0
16367 1
16368 0
16369 2
16370 1
16371 2
16372 2
16373 1
16374 0
16375 0
16376 0
16377 1
16378 2
16379 1
16380 0
16381 0
16382 1
16383 3
16384 1
16385 1
16386 0
16387 2
16388 1
16389 2
16390 2
16391 2
16392 2
16393 3
16394 0
16395 1
16396 1
16397 0
16398 1
16399 1
16400 0
16401 2
16402 1
16403 1
16404 2
16405 0
16406 2
16407 0
16408 2
16409 2
16410 3
16411 3
16412 2
16413 1
16414 1
16415 2
16416 0
16417 3
16418 0
16419 1
16420 2
16421 2
16422 0
16423 0
16424 1
16425 0
16426 0
16427 0
16428 3
16429 1
16430 0
16431 1
16432 1
16433 1
16434 0
16435 1
16436 0
16437 0
16438 0
16439 3
16440 1
16441 1
16442 2
16443 0
16444 1
16445 3
16446 1
16447 0
16448 0
16449 0
16450 1
16451 1
16452 1
16453 1
16454 2
16455 0
16456 2
16457 1
16458 2
16459 0
16460 2
16461 2
16462 0
16463 0
16464 2
16465 2
16466 0
16467 2
16468 0
16469 0
16470 0
16471 1
16472 0
16473 3
16474 1
16475 2
16476 0
16477 2
16478 0
16479 2
16480 2
16481 1
16482 2
16483 1
16484 0
16485 0
16486 1
16487 3
16488 1
16489 0
16490 1
16491 1
16492 1
16493 2
16494 0
16495 2
16496 0
16497 0
16498 2
16499 1
16500 1
16501 2
16502 3
16503 0
16504 2
16505 0
16506 0
16507 1
16508 2
16509 0
16510 1
16511 0
16512 0
16513 1
16514 2
16515 2
16516 2
16517 0
16518 0
16519 1
16520 3
16521 0
16522 0
16523 0
16524 2
16525 2
16526 0
16527 0
16528 1
16529 0
16530 1
16531 0
16532 1
16533 0
16534 1
16535 1
16536 2
16537 1
16538 1
16539 0
16540 0
16541 1
16542 0
16543 0
16544 2
16545 0
16546 2
16547 1
16548 1
16549 1
16550 3
16551 2
16552 1
16553 1
16554 3
16555 2
16556 0
16557 2
16558 1
16559 0
16560 1
16561 0
16562 2
16563 1
16564 0
16565 1
16566 1
16567 2
16568 0
16569 2
16570 0
16571 0
16572 2
16573 3
16574 1
16575 0
16576 0
16577 2
16578 2
16579 0
16580 2
16581 1
16582 1
16583 3
16584 3
16585 0
16586 0
16587 3
16588 0
16589 2
16590 1
16591 2
16592 0
16593 0
16594 1
16595 1
16596 2
16597 1
16598 0
16599 2
16600 1
16601 2
16602 0
16603 1
16604 0
16605 0
16606 0
16607 3
16608 1
16609 0
16610 2
16611 1
16612 1
16613 2
16614 2
16615 3
16616 2
16617 2
16618 1
16619 0
16620 1
16621 1
16622 1
16623 0
16624 2
16625 0
16626 1
16627 0
16628 0
16629 2
16630 0
16631 2
16632 1
16633 0
16634 2
16635 1
16636 0
16637 1
16638 0
16639 4
16640 0
16641 2
16642 1
16643 0
16644 0
16645 2
16646 1
16647 1
16648 0
16649 2
16650 0
16651 3
16652 0
16653 2
16654 2
16655 2
16656 1
16657 1
16658 0
16659 3
16660 0
16661 2
16662 1
16663 2
16664 2
16665 1
16666 2
16667 2
16668 0
16669 0
16670 2
16671 3
16672 2
16673 1
16674 0
16675 1
16676 1
16677 0
16678 2
16679 0
16680 1
16681 1
16682 0
16683 0
16684 1
16685 1
16686 2
16687 1
16688 2
16689 2
16690 0
16691 2
16692 0
16693 2
16694 0
16695 0
16696 0
16697 0
16698 2
16699 1
16700 0
16701 1
16702 0
16703 0
16704 0
16705 0
16706 0
16707 1
16708 1
16709 1
16710 2
16711 1
16712 3
16713 2
16714 0
16715 0
16716 1
16717 1
16718 1
16719 3
16720 3
16721 0
16722 2
16723 0
16724 1
16725 1
16726 2
16727 0
16728 0
16729 2
16730 1
16731 2
16732 3
16733 1
16734 1
16735 2
16736 1
16737 0
16738 1
16739 3
16740 1
16741 1
16742 2
16743 1
16744 0
16745 0
16746 1
16747 0
16748 3
16749 1
16750 2
16751 1
16752 2
16753 1
16754 2
16755 2
16756 0
16757 1
16758 2
16759 3
16760 3
16761 1
16762 1
16763 2
16764 3
16765 1
16766 0
16767 1
16768 2
16769 1
16770 0
16771 1
16772 2
16773 1
16774 1
16775 2
16776 3
16777 1
16778 2
16779 0
16780 1
16781 0
16782 2
16783 0
16784 0
16785 3
16786 3
16787 1
16788 2
16789 1
16790 1
16791 0
16792 1
16793 0
16794 1
16795 2
16796 1
16797 2
16798 2
16799 0
16800 1
16801 1
16802 0
16803 1
16804 0
16805 2
16806 0
16807 3
16808 2
16809 1
16810 2
16811 0
16812 2
16813 0
16814 3
16815 0
16816 2
16817 1
16818 0
16819 0
16820 2
16821 0
16822 3
16823 2
16824 2
16825 3
16826 1
16827 3
16828 2
16829 2
16830 1
16831 2
16832 2
16833 0
16834 0
16835 1
16836 1
16837 1
16838 1
16839 0
16840 3
16841 2
16842 0
16843 2
16844 1
16845 2
16846 0
16847 2
16848 1
16849 2
16850 1
16851 2
16852 3
16853 0
16854 0
16855 2
16856 1
16857 1
16858 0
16859 1
16860 0
16861 1
16862 2
16863 1
16864 1
16865 0
16866 2
16867 1
16868 0
16869 1
16870 0
16871 2
16872 0
16873 0
16874 0
16875 0
16876 1
16877 1
16878 2
16879 1
16880 2
16881 1
16882 0
16883 0
16884 1
16885 0
16886 0
16887 2
16888 1
16889 2
16890 2
16891 2
16892 0
16893 2
16894 1
16895 2
16896 0
16897 0
16898 2
16899 0
16900 0
16901 3
16902 0
16903 0
16904 1
16905 1
16906 0
16907 1
16908 0
16909 3
16910 0
16911 2
16912 0
16913 1
16914 1
16915 0
16916 0
16917 0
16918 2
16919 2
16920 2
16921 1
16922 2
16923 0
16924 0
16925 0
16926 1
16927 2
16928 0
16929 0
16930 3
16931 3
16932 3
16933 2
16934 0
16935 1
16936 1
16937 0
16938 1
16939 3
16940 1
16941 0
16942 0
16943 3
16944 2
16945 0
16946 3
16947 0
16948 1
16949 2
16950 1
16951 0
16952 3
16953 1
16954 0
16955 0
16956 2
16957 0
16958 2
16959 3
16960 1
16961 0
16962 0
16963 1
16964 0
16965 1
16966 0
16967 1
16968 0
16969 2
16970 2
16971 1
16972 1
16973 0
16974 1
16975 0
16976 1
16977 0
16978 1
16979 2
16980 2
16981 0
16982 2
16983 0
16984 2
16985 2
16986 2
16987 1
16988 2
16989 0
16990 1
16991 0
16992 1
16993 1
16994 0
16995 2
16996 1
16997 1
16998 0
16999 2
17000 2
17001 0
17002 3
17003 1
17004 1
17005 0
17006 0
17007 1
17008 1
17009 0
17010 3
17011 2
17012 1
17013 1
17014 1
17015 2
17016 1
17017 2
17018 0
17019 2
17020 2
17021 1
17022 0
17023 2
17024 1
17025 0
17026 0
17027 1
17028 2
17029 0
17030 0
17031 0
17032 2
17033 1
17034 0
17035 1
17036 2
17037 1
17038 1
17039 1
17040 0
17041 1
17042 0
17043 1
17044 1
17045 1
17046 2
17047 2
17048 0
17049 1
17050 2
17051 0
17052 0
17053 1
17054 1
17055 1
17056 2
17057 2
17058 1
17059 2
17060 2
17061 0
17062 1
17063 1
17064 1
17065 0
17066 0
17067 0
17068 3
17069 1
17070 2
17071 1
17072 2
17073 1
17074 0
17075 0
17076 1
17077 0
17078 2
17079 0
17080 2
17081 2
17082 1
17083 1
17084 0
17085 2
17086 3
17087 2
17088 1
17089 0
17090 2
17091 1
17092 0
17093 0
17094 1
17095 1
17096 2
17097 0
17098 1
17099 1
17100 1
17101 0
17102 1
17103 1
17104 2
17105 1
17106 1
17107 3
17108 0
17109 2
17110 2
17111 2
17112 1
17113 0
17114 0
17115 1
17116 0
17117 2
17118 0
17119 1
17120 0
17121 1
17122 0
17123 2
17124 0
17125 2
17126 0
17127 0
17128 0
17129 1
17130 0
17131 1
17132 1
17133 0
17134 0
17135 0
17136 3
17137 1
17138 0
17139 0
17140 2
17141 0
17142 1
17143 0
17144 3
17145 1
17146 1
17147 1
17148 0
17149 0
17150 1
17151 1
17152 1
17153 0
17154 0
17155 1
17156 2
17157 0
17158 1
17159 0
17160 0
17161 0
17162 2
17163 1
17164 0
17165 0
17166 1
17167 0
17168 2
17169 1
17170 1
17171 2
17172 0
17173 2
17174 0
17175 1
17176 2
17177 0
17178 0
17179 1
17180 2
17181 0
17182 2
17183 1
17184 1
17185 3
17186 0
17187 0
17188 1
17189 2
17190 1
17191 0
17192 1
17193 2
17194 1
17195 2
17196 1
17197 3
17198 0
17199 2
17200 0
17201 1
17202 1
17203 1
17204 2
17205 2
17206 1
17207 1
17208 2
17209 1
17210 2
17211 0
17212 0
17213 2
17214 0
17215 3
17216 0
17217 1
17218 2
17219 1
17220 0
17221 3
17222 1
17223 2
17224 0
17225 3
17226 0
17227 1
17228 2
17229 2
17230 3
17231 1
17232 2
17233 1
17234 2
17235 0
17236 2
17237 2
17238 2
17239 1
17240 0
17241 3
17242 0
17243 1
17244 2
17245 0
17246 1
17247 0
17248 1
17249 1
17250 0
17251 0
17252 1
17253 0
17254 1
17255 0
17256 1
17257 0
17258 2
17259 0
17260 1
17261 1
17262 0
17263 0
17264 1
17265 1
17266 1
17267 0
17268 1
17269 1
17270 3
17271 1
17272 1
17273 3
17274 2
17275 1
17276 0
17277 0
17278 0
17279 0
17280 3
17281 1
17282 0
17283 0
17284 2
17285 1
17286 1
17287 2
17288 2
17289 0
17290 0
17291 2
17292 0
17293 0
17294 0
17295 0
17296 1
17297 3
17298 3
17299 0
17300 0
17301 2
17302 2
17303 2
17304 2
17305 1
17306 1
17307 0
17308 0
17309 2
17310 2
17311 2
17312 1
17313 2
17314 1
17315 0
17316 2
17317 1
17318 2
17319 1
17320 0
17321 0
17322 2
17323 2
17324 0
17325 1
17326 2
17327 2
17328 0
17329 1
17330 0
17331 0
17332 1
17333 2
17334 1
17335 0
17336 3
17337 1
17338 0
17339 1
17340 1
17341 1
17342 0
17343 2
17344 0
17345 1
17346 1
17347 1
17348 0
17349 0
17350 1
17351 0
17352 0
17353 2
17354 0
17355 1
17356 2
17357 0
17358 0
17359 2
17360 1
17361 0
17362 3
17363 2
17364 2
17365 0
17366 0
17367 2
17368 0
17369 0
17370 2
17371 2
17372 2
17373 2
17374 1
17375 1
17376 0
17377 2
17378 0
17379 2
17380 0
17381 1
17382 1
17383 2
17384 2
17385 3
17386 2
17387 0
17388 2
17389 1
17390 1
17391 0
17392 0
17393 2
17394 2
17395 1
17396 2
17397 0
17398 1
17399 0
17400 1
17401 0
17402 0
17403 1
17404 0
17405 0
17406 2
17407 2
17408 1
17409 2
17410 1
17411 0
17412 0
17413 2
17414 2
17415 0
17416 0
17417 3
17418 1
17419 1
17420 0
17421 1
17422 2
17423 3
17424 3
17425 3
17426 1
17427 1
17428 0
17429 1
17430 2
17431 1
17432 2
17433 0
17434 0
17435 0
17436 0
17437 0
17438 1
17439 1
17440 1
17441 2
17442 0
17443 0
17444 2
17445 0
17446 2
17447 0
17448 1
17449 1
17450 0
17451 1
17452 2
17453 2
17454 2
17455 2
17456 1
17457 0
17458 0
17459 0
17460 1
17461 3
17462 1
17463 1
17464 1
17465 2
17466 0
17467 1
17468 0
17469 0
17470 0
17471 1
17472 1
17473 2
17474 2
17475 1
17476 0
17477 3
17478 1
17479 3
17480 1
17481 2
17482 0
17483 0
17484 0
17485 0
17486 2
17487 3
17488 0
17489 0
17490 2
17491 0
17492 1
17493 2
17494 0
17495 0
17496 1
17497 0
17498 0
17499 1
17500 1
17501 2
17502 0
17503 2
17504 0
17505 2
17506 3
17507 0
17508 2
17509 1
17510 2
17511 0
17512 2
17513 3
17514 0
17515 1
17516 0
17517 0
17518 0
17519 1
17520 2
17521 2
17522 0
17523 0
17524 1
17525 2
17526 0
17527 0
17528 1
17529 0
17530 2
17531 1
17532 1
17533 2
17534 0
17535 1
17536 1
17537 2
17538 1
17539 0
17540 2
17541 1
17542 0
17543 1
17544 0
17545 0
17546 2
17547 2
17548 1
17549 3
17550 1
17551 0
17552 2
17553 0
17554 1
17555 1
17556 1
17557 0
17558 2
17559 2
17560 0
17561 0
17562 2
17563 1
17564 0
17565 2
17566 2
17567 1
17568 0
17569 0
17570 0
17571 1
17572 1
17573 1
17574 0
17575 1
17576 2
17577 2
17578 2
17579 2
17580 0
17581 0
17582 0
17583 0
17584 1
17585 2
17586 0
17587 0
17588 0
17589 0
17590 0
17591 1
17592 1
17593 0
17594 2
17595 1
17596 1
17597 1
17598 2
17599 2
17600 1
17601 3
17602 1
17603 1
17604 0
17605 0
17606 0
17607 1
17608 2
17609 1
17610 1
17611 1
17612 1
17613 1
17614 1
17615 1
17616 1
17617 1
17618 2
17619 1
17620 0
17621 0
17622 1
17623 1
17624 1
17625 2
17626 2
17627 0
17628 3
17629 2
17630 1
17631 1
17632 2
17633 2
17634 2
17635 2
17636 1
17637 3
17638 1
17639 3
17640 1
17641 1
17642 0
17643 0
17644 1
17645 1
17646 0
17647 2
17648 3
17649 2
17650 2
17651 0
17652 2
17653 2
17654 1
17655 0
17656 2
17657 0
17658 1
17659 0
17660 1
17661 2
17662 1
17663 2
17664 2
17665 1
17666 1
17667 3
17668 0
17669 0
17670 1
17671 1
17672 0
17673 1
17674 2
17675 1
17676 0
17677 1
17678 0
17679 1
17680 0
17681 2
17682 2
17683 1
17684 0
17685 0
17686 2
17687 1
17688 0
17689 2
17690 0
17691 1
17692 2
17693 3
17694 2
17695 1
17696 0
17697 0
17698 1
17699 0
17700 0
17701 2
17702 0
17703 1
17704 1
17705 2
17706 0
17707 1
17708 0
17709 1
17710 0
17711 2
17712 1
17713 1
17714 0
17715 1
17716 2
17717 0
17718 0
17719 0
17720 1
17721 0
17722 0
17723 1
17724 0
17725 0
17726 1
17727 0
17728 3
17729 1
17730 0
17731 1
17732 1
17733 2
17734 0
17735 3
17736 0
17737 2
17738 1
17739 0
17740 0
17741 0
17742 2
17743 0
17744 3
17745 1
17746 1
17747 1
17748 2
17749 1
17750 1
17751 2
17752 0
17753 2
17754 2
17755 1
17756 0
17757 2
17758 1
17759 0
17760 1
17761 1
17762 0
17763 3
17764 1
17765 0
17766 0
17767 1
17768 0
17769 0
17770 2
17771 2
17772 0
17773 0
17774 0
17775 1
17776 0
17777 0
17778 0
17779 1
17780 1
17781 2
17782 2
17783 2
17784 2
17785 0
17786 0
17787 0
17788 0
17789 1
17790 0
17791 3
17792 2
17793 1
17794 1
17795 2
17796 0
17797 0
17798 1
17799 2
17800 0
17801 2
17802 1
17803 0
17804 2
17805 0
17806 1
17807 0
17808 3
17809 2
17810 2
17811 0
17812 2
17813 1
17814 3
17815 1
17816 1
17817 1
17818 1
17819 2
17820 0
17821 1
17822 1
17823 2
17824 1
17825 1
17826 1
17827 1
17828 1
17829 0
17830 1
17831 1
17832 1
17833 0
17834 2
17835 0
17836 0
17837 0
17838 3
17839 0
17840 2
17841 0
17842 0
17843 2
17844 3
17845 1
17846 0
17847 1
17848 1
17849 1
17850 1
17851 0
17852 0
17853 1
17854 2
17855 2
17856 1
17857 0
17858 0
17859 0
17860 1
17861 0
17862 2
17863 1
17864 1
17865 3
17866 0
17867 0
17868 1
17869 1
17870 2
17871 1
17872 1
17873 1
17874 0
17875 2
17876 0
17877 0
17878 2
17879 1
17880 0
17881 1
17882 1
17883 2
17884 1
17885 0
17886 1
17887 1
17888 0
17889 2
17890 0
17891 0
17892 0
17893 1
17894 2
17895 1
17896 1
17897 0
17898 2
17899 2
17900 1
17901 2
17902 2
17903 0
17904 1
17905 0
17906 1
17907 1
17908 2
17909 3
17910 1
17911 0
17912 2
17913 2
17914 0
17915 0
17916 1
17917 0
17918 0
17919 2
17920 1
17921 0
17922 0
17923 1
17924 2
17925 0
17926 0
17927 2
17928 3
17929 1
17930 1
17931 1
17932 0
17933 2
17934 0
17935 1
17936 0
17937 2
17938 1
17939 1
17940 0
17941 1
17942 2
17943 2
17944 1
17945 0
17946 0
17947 0
17948 0
17949 1
17950 0
17951 1
17952 3
17953 2
17954 0
17955 0
17956 3
17957 0
17958 1
17959 0
17960 1
17961 1
17962 1
17963 2
17964 1
17965 0
17966 2
17967 0
17968 1
17969 3
17970 2
17971 0
17972 0
17973 0
17974 1
17975 1
17976 0
17977 2
17978 0
17979 2
17980 1
17981 0
17982 1
17983 3
17984 1
17985 2
17986 2
17987 1
17988 1
17989 3
17990 0
17991 0
17992 2
17993 1
17994 1
17995 0
17996 1
17997 2
17998 1
17999 0
18000 0
18001 0
18002 1
18003 2
18004 0
18005 2
18006 2
18007 1
18008 0
18009 2
18010 1
18011 1
18012 1
18013 1
18014 2
18015 0
18016 0
18017 0
18018 2
18019 1
18020 1
18021 0
18022 0
18023 0
18024 0
18025 1
18026 0
18027 0
18028 2
18029 1
18030 2
18031 1
18032 1
18033 2
18034 1
18035 1
18036 0
18037 0
18038 0
18039 3
18040 2
18041 2
18042 0
18043 0
18044 1
18045 0
18046 1
18047 1
18048 1
18049 1
18050 0
18051 1
18052 0
18053 1
18054 3
18055 0
18056 1
18057 1
18058 0
18059 0
18060 0
18061 0
18062 2
18063 1
18064 1
18065 1
18066 0
18067 2
18068 1
18069 2
18070 1
18071 1
18072 2
18073 2
18074 1
18075 0
18076 2
18077 2
18078 3
18079 0
18080 0
18081 1
18082 1
18083 1
18084 3
18085 1
18086 3
18087 2
18088 0
18089 2
18090 2
18091 2
18092 0
18093 0
18094 2
18095 1
18096 0
18097 0
18098 0
18099 3
18100 1
18101 0
18102 0
18103 2
18104 0
18105 0
18106 1
18107 2
18108 1
18109 2
18110 0
18111 1
18112 0
18113 0
18114 0
18115 1
18116 2
18117 0
18118 0
18119 2
18120 1
18121 0
18122 2
18123 0
18124 0
18125 1
18126 0
18127 1
18128 2
18129 1
18130 0
18131 0
18132 0
18133 0
18134 1
18135 2
18136 1
18137 1
18138 3
18139 1
18140 1
18141 1
18142 2
18143 1
18144 0
18145 0
18146 1
18147 3
18148 1
18149 1
18150 0
18151 0
18152 1
18153 0
18154 2
18155 1
18156 2
18157 1
18158 1
18159 0
18160 1
18161 0
18162 0
18163 2
18164 1
18165 0
18166 2
18167 1
18168 1
18169 0
18170 1
18171 2
18172 2
18173 1
18174 0
18175 2
18176 0
18177 1
18178 2
18179 3
18180 3
18181 1
18182 0
18183 0
18184 1
18185 1
18186 1
18187 2
18188 2
18189 1
18190 1
18191 0
18192 1
18193 0
18194 0
18195 2
18196 1
18197 0
18198 2
18199 2
18200 1
18201 0
18202 2
18203 1
18204 0
18205 0
18206 0
18207 0
18208 0
18209 1
18210 1
18211 2
18212 1
18213 1
18214 0
18215 0
18216 1
18217 1
18218 1
18219 0
18220 2
18221 0
18222 0
18223 1
18224 1
18225 1
18226 1
18227 2
18228 1
18229 0
18230 1
18231 2
18232 1
18233 1
18234 2
18235 1
18236 1
18237 1
18238 1
18239 1
18240 1
18241 0
18242 0
18243 0
18244 1
18245 1
18246 0
18247 1
18248 0
18249 1
18250 2
18251 0
18252 3
18253 1
18254 2
18255 2
18256 0
18257 0
18258 2
18259 3
18260 1
18261 2
18262 1
18263 2
18264 0
18265 0
18266 2
18267 1
18268 0
18269 2
18270 0
18271 1
18272 3
18273 1
18274 2
18275 0
18276 2
18277 0
18278 1
18279 2
18280 2
18281 2
18282 0
18283 3
18284 1
18285 0
18286 1
18287 2
18288 3
18289 0
18290 1
18291 1
18292 2
18293 0
18294 0
18295 1
18296 0
18297 1
18298 1
18299 2
18300 0
18301 1
18302 1
18303 2
18304 1
18305 0
18306 2
18307 2
18308 0
18309 0
18310 1
18311 1
18312 0
18313 0
18314 1
18315 2
18316 2
18317 2
18318 3
18319 0
18320 3
18321 0
18322 0
18323 1
18324 1
18325 3
18326 0
18327 2
18328 0
18329 0
18330 0
18331 2
18332 0
18333 1
18334 1
18335 1
18336 2
18337 0
18338 1
18339 1
18340 0
18341 0
18342 3
18343 2
18344 0
18345 2
18346 0
18347 1
18348 3
18349 1
18350 0
18351 2
18352 2
18353 0
18354 1
18355 2
18356 2
18357 1
18358 0
18359 0
18360 1
18361 3
18362 1
18363 1
18364 1
18365 0
18366 0
18367 2
18368 0
18369 1
18370 2
18371 1
18372 1
18373 1
18374 0
18375 0
18376 1
18377 0
18378 1
18379 2
18380 0
18381 0
18382 0
18383 2
18384 1
18385 0
18386 2
18387 1
18388 0
18389 2
18390 0
18391 1
18392 1
18393 2
18394 1
18395 3
18396 0
18397 1
18398 0
18399 2
18400 0
18401 2
18402 0
18403 1
18404 2
18405 0
18406 2
18407 1
18408 0
18409 2
18410 1
18411 1
18412 0
18413 1
18414 0
18415 0
18416 0
18417 1
18418 0
18419 2
18420 1
18421 2
18422 3
18423 0
18424 1
18425 2
18426 1
18427 2
18428 1
18429 1
18430 2
18431 0
18432 2
18433 1
18434 0
18435 0
18436 0
18437 1
18438 2
18439 0
18440 2
18441 0
18442 0
18443 2
18444 0
18445 2
18446 0
18447 0
18448 0
18449 1
18450 3
18451 1
18452 1
18453 0
18454 0
18455 0
18456 1
18457 0
18458 0
18459 2
18460 0
18461 1
18462 2
18463 1
18464 0
18465 1
18466 1
18467 1
18468 0
18469 2
18470 2
18471 2
18472 0
18473 0
18474 0
18475 0
18476 3
18477 3
18478 1
18479 0
18480 1
18481 0
18482 1
18483 0
18484 0
18485 3
18486 1
18487 0
18488 2
18489 1
18490 2
18491 2
18492 0
18493 1
18494 1
18495 1
18496 0
18497 0
18498 2
18499 2
18500 0
18501 0
18502 2
18503 0
18504 1
18505 1
18506 2
18507 2
18508 0
18509 1
18510 0
18511 1
18512 1
18513 2
18514 1
18515 0
18516 1
18517 0
18518 2
18519 1
18520 1
18521 0
18522 2
18523 0
18524 0
18525 3
18526 3
18527 2
18528 2
18529 1
18530 1
18531 0
18532 1
18533 3
18534 0
18535 1
18536 2
18537 0
18538 1
18539 0
18540 0
18541 2
18542 2
18543 2
18544 0
18545 0
18546 0
18547 2
18548 2
18549 0
18550 1
18551 3
18552 1
18553 0
18554 0
18555 0
18556 0
18557 0
18558 1
18559 1
18560 3
18561 1
18562 0
18563 0
18564 1
18565 2
18566 1
18567 2
18568 2
18569 0
18570 2
18571 1
18572 1
18573 0
18574 0
18575 1
18576 2
18577 2
18578 0
18579 0
18580 0
18581 1
18582 3
18583 2
18584 3
18585 1
18586 0
18587 2
18588 2
18589 1
18590 2
18591 0
18592 2
18593 2
18594 0
18595 0
18596 0
18597 1
18598 1
18599 0
18600 2
18601 0
18602 2
18603 1
18604 2
18605 1
18606 2
18607 0
18608 1
18609 1
18610 3
18611 1
18612 1
18613 2
18614 2
18615 0
18616 1
18617 0
18618 0
18619 0
18620 1
18621 1
18622 0
18623 1
18624 0
18625 0
18626 1
18627 2
18628 2
18629 0
18630 1
18631 2
18632 1
18633 1
18634 0
18635 1
18636 0
18637 0
18638 0
18639 1
18640 1
18641 0
18642 3
18643 3
18644 0
18645 0
18646 0
18647 1
18648 1
18649 0
18650 2
18651 0
18652 0
18653 2
18654 1
18655 2
18656 2
18657 2
18658 2
18659 0
18660 2
18661 2
18662 2
18663 3
18664 1
18665 1
18666 0
18667 1
18668 3
18669 2
18670 1
18671 1
18672 0
18673 1
18674 0
18675 0
18676 2
18677 2
18678 1
18679 0
18680 1
18681 2
18682 2
18683 0
18684 0
18685 1
18686 0
18687 1
18688 1
18689 2
18690 1
18691 0
18692 0
18693 0
18694 0
18695 1
18696 0
18697 2
18698 0
18699 1
18700 0
18701 2
18702 0
18703 0
18704 1
18705 2
18706 0
18707 1
18708 0
18709 0
18710 1
18711 0
18712 2
18713 0
18714 1
18715 2
18716 1
18717 1
18718 3
18719 2
18720 0
18721 0
18722 2
18723 1
18724 1
18725 0
18726 0
18727 0
18728 1
18729 1
18730 3
18731 1
18732 2
18733 0
18734 1
18735 1
18736 0
18737 0
18738 0
18739 2
18740 2
18741 0
18742 2
18743 2
18744 0
18745 3
18746 0
18747 2
18748 1
18749 2
18750 1
18751 3
18752 2
18753 0
18754 2
18755 1
18756 1
18757 2
18758 2
18759 1
18760 2
18761 1
18762 2
18763 0
18764 0
18765 0
18766 0
18767 1
18768 2
18769 0
18770 1
18771 0
18772 0
18773 1
18774 0
18775 2
18776 2
18777 2
18778 1
18779 1
18780 0
18781 0
18782 0
18783 2
18784 2
18785 0
18786 2
18787 0
18788 0
18789 0
18790 0
18791 1
18792 2
18793 2
18794 0
18795 1
18796 2
18797 1
18798 1
18799 0
18800 0
18801 3
18802 1
18803 3
18804 2
18805 0
18806 2
18807 1
18808 0
18809 0
18810 2
18811 2
18812 2
18813 1
18814 1
18815 0
18816 0
18817 1
18818 2
18819 0
18820 2
18821 0
18822 1
18823 0
18824 2
18825 0
18826 3
18827 1
18828 0
18829 0
18830 2
18831 1
18832 0
18833 0
18834 0
18835 2
18836 1
18837 2
18838 0
18839 1
18840 1
18841 1
18842 2
18843 0
18844 0
18845 1
18846 0
18847 1
18848 1
18849 1
18850 0
18851 1
18852 2
18853 0
18854 1
18855 3
18856 2
18857 2
18858 0
18859 1
18860 3
18861 0
18862 2
18863 1
18864 2
18865 1
18866 0
18867 2
18868 1
18869 0
18870 1
18871 1
18872 1
18873 1
18874 0
18875 1
18876 0
18877 1
18878 0
18879 1
18880 2
18881 1
18882 1
18883 2
18884 1
18885 2
18886 2
18887 0
18888 1
18889 0
18890 0
18891 2
18892 2
18893 0
18894 2
18895 2
18896 2
18897 2
18898 1
18899 2
18900 2
18901 2
18902 0
18903 0
18904 0
18905 3
18906 0
18907 0
18908 1
18909 1
18910 0
18911 3
18912 1
18913 1
18914 0
18915 2
18916 3
18917 1
18918 1
18919 0
18920 0
18921 2
18922 0
18923 2
18924 0
18925 3
18926 2
18927 2
18928 0
18929 1
18930 2
18931 3
18932 3
18933 1
18934 0
18935 3
18936 1
18937 0
18938 0
18939 2
18940 0
18941 1
18942 1
18943 1
18944 1
18945 0
18946 0
18947 1
18948 2
18949 0
18950 0
18951 2
18952 2
18953 3
18954 2
18955 1
18956 2
18957 0
18958 2
18959 1
18960 3
18961 2
18962 0
18963 3
18964 3
18965 0
18966 0
18967 2
18968 3
18969 2
18970 1
18971 0
18972 1
18973 2
18974 0
18975 3
18976 1
18977 0
18978 0
18979 0
18980 0
18981 2
18982 2
18983 1
18984 0
18985 2
18986 0
18987 0
18988 0
18989 2
18990 2
18991 1
18992 0
18993 0
18994 0
18995 2
18996 0
18997 1
18998 3
18999 3
19000 1
19001 1
19002 1
19003 2
19004 3
19005 2
19006 0
19007 0
19008 2
19009 2
19010 2
19011 1
19012 1
19013 0
19014 2
19015 3
19016 0
19017 2
19018 1
19019 2
19020 0
19021 2
19022 2
19023 0
19024 0
19025 1
19026 2
19027 0
19028 2
19029 0
19030 0
19031 0
19032 1
19033 2
19034 2
19035 1
19036 1
19037 2
19038 1
19039 2
19040 1
19041 1
19042 3
19043 1
19044 2
19045 1
19046 1
19047 1
19048 2
19049 1
19050 1
19051 0
19052 3
19053 2
19054 0
19055 0
19056 0
19057 1
19058 2
19059 2
19060 2
19061 3
19062 0
19063 1
19064 1
19065 1
19066 2
19067 0
19068 2
19069 0
19070 2
19071 1
19072 0
19073 2
19074 0
19075 1
19076 0
19077 0
19078 1
19079 0
19080 0
19081 2
19082 0
19083 2
19084 3
19085 1
19086 1
19087 1
19088 0
19089 0
19090 2
19091 2
19092 2
19093 1
19094 0
19095 1
19096 1
19097 1
19098 2
19099 2
19100 1
19101 2
19102 1
19103 2
19104 0
19105 0
19106 2
19107 3
19108 1
19109 0
19110 2
19111 0
19112 1
19113 0
19114 2
19115 1
19116 2
19117 0
19118 1
19119 0
19120 1
19121 1
19122 1
19123 0
19124 0
19125 0
19126 0
19127 1
19128 1
19129 1
19130 2
19131 0
19132 1
19133 0
19134 0
19135 1
19136 1
19137 3
19138 0
19139 3
19140 0
19141 0
19142 1
19143 2
19144 2
19145 3
19146 0
19147 1
19148 0
19149 1
19150 1
19151 0
19152 1
19153 0
19154 2
19155 2
19156 1
19157 1
19158 2
19159 2
19160 0
19161 1
19162 0
19163 1
19164 1
19165 1
19166 0
19167 1
19168 2
19169 1
19170 2
19171 0
19172 0
19173 2
19174 0
19175 1
19176 2
19177 1
19178 3
19179 3
19180 1
19181 1
19182 0
19183 1
19184 2
19185 0
19186 1
19187 1
19188 2
19189 1
19190 0
19191 0
19192 1
19193 1
19194 0
19195 0
19196 1
19197 1
19198 3
19199 1
19200 1
19201 1
19202 1
19203 0
19204 3
19205 1
19206 0
19207 3
19208 0
19209 0
19210 2
19211 3
19212 1
19213 0
19214 1
19215 2
19216 1
19217 0
19218 0
19219 1
19220 1
19221 0
19222 1
19223 3
19224 0
19225 2
19226 0
19227 0
19228 0
19229 1
19230 2
19231 0
19232 2
19233 1
19234 2
19235 1
19236 1
19237 1
19238 0
19239 2
19240 2
19241 0
19242 0
19243 2
19244 1
19245 1
19246 0
19247 0
19248 2
19249 2
19250 0
19251 2
19252 0
19253 2
19254 0
19255 1
19256 1
19257 2
19258 0
19259 2
19260 1
19261 1
19262 1
19263 2
19264 2
19265 0
19266 0
19267 2
19268 3
19269 1
19270 1
19271 2
19272 0
19273 2
19274 1
19275 2
19276 0
19277 3
19278 1
19279 2
19280 3
19281 1
19282 0
19283 1
19284 0
19285 2
19286 1
19287 2
19288 1
19289 2
19290 1
19291 1
19292 1
19293 1
19294 0
19295 0
19296 1
19297 1
19298 0
19299 2
19300 0
19301 1
19302 1
19303 2
19304 3
19305 3
19306 0
19307 2
19308 1
19309 1
19310 1
19311 2
19312 0
19313 0
19314 0
19315 0
19316 2
19317 1
19318 0
19319 1
19320 3
19321 0
19322 1
19323 0
19324 1
19325 2
19326 2
19327 1
19328 1
19329 3
19330 1
19331 0
19332 2
19333 3
19334 0
19335 1
19336 0
19337 1
19338 0
19339 2
19340 0
19341 1
19342 1
19343 2
19344 1
19345 0
19346 1
19347 0
19348 2
19349 2
19350 0
19351 3
19352 3
19353 2
19354 1
19355 1
19356 1
19357 2
19358 1
19359 1
19360 1
19361 2
19362 2
19363 0
19364 2
19365 1
19366 1
19367 2
19368 0
19369 3
19370 0
19371 2
19372 1
19373 1
19374 2
19375 2
19376 2
19377 1
19378 1
19379 1
19380 1
19381 0
19382 1
19383 2
19384 0
19385 1
19386 0
19387 0
19388 2
19389 0
19390 2
19391 1
19392 2
19393 0
19394 0
19395 2
19396 0
19397 1
19398 2
19399 0
19400 1
19401 0
19402 2
19403 0
19404 1
19405 0
19406 2
19407 1
19408 2
19409 0
19410 1
19411 0
19412 2
19413 2
19414 3
19415 0
19416 1
19417 2
19418 0
19419 1
19420 0
19421 2
19422 0
19423 1
19424 1
19425 1
19426 0
19427 1
19428 1
19429 0
19430 0
19431 3
19432 2
19433 2
19434 0
19435 0
19436 2
19437 3
19438 0
19439 2
19440 0
19441 1
19442 2
19443 0
19444 1
19445 2
19446 0
19447 1
19448 1
19449 2
19450 2
19451 1
19452 0
19453 0
19454 2
19455 1
19456 2
19457 1
19458 2
19459 0
19460 1
19461 1
19462 3
19463 1
19464 1
19465 0
19466 0
19467 0
19468 1
19469 0
19470 2
19471 2
19472 1
19473 0
19474 1
19475 2
19476 0
19477 0
19478 1
19479 0
19480 2
19481 1
19482 0
19483 0
19484 1
19485 0
19486 2
19487 2
19488 0
19489 1
19490 2
19491 0
19492 1
19493 2
19494 0
19495 0
19496 0
19497 0
19498 2
19499 0
19500 1
19501 0
19502 1
19503 0
19504 3
19505 0
19506 3
19507 1
19508 1
19509 1
19510 1
19511 0
19512 1
19513 2
19514 0
19515 2
19516 0
19517 2
19518 0
19519 0
19520 0
19521 0
19522 2
19523 2
19524 1
19525 1
19526 1
19527 0
19528 0
19529 1
19530 2
19531 1
19532 1
19533 0
19534 0
19535 1
19536 0
19537 1
19538 2
19539 1
19540 0
19541 0
19542 0
19543 1
19544 0
19545 2
19546 0
19547 1
19548 0
19549 3
19550 2
19551 2
19552 2
19553 1
19554 2
19555 2
19556 2
19557 0
19558 1
19559 0
19560 0
19561 0
19562 0
19563 2
19564 1
19565 1
19566 0
19567 0
19568 0
19569 0
19570 2
19571 0
19572 2
19573 0
19574 3
19575 0
19576 1
19577 1
19578 0
19579 1
19580 1
19581 0
19582 0
19583 2
19584 0
19585 0
19586 2
19587 0
19588 1
19589 1
19590 1
19591 1
19592 0
19593 0
19594 2
19595 1
19596 1
19597 0
19598 1
19599 0
19600 0
19601 1
19602 2
19603 1
19604 2
19605 2
19606 2
19607 0
19608 3
19609 1
19610 2
19611 0
19612 0
19613 3
19614 3
19615 0
19616 3
19617 1
19618 2
19619 0
19620 0
19621 0
19622 0
19623 0
19624 0
19625 2
19626 1
19627 0
19628 2
19629 1
19630 2
19631 0
19632 1
19633 2
19634 1
19635 1
19636 1
19637 0
19638 1
19639 1
19640 2
19641 1
19642 1
19643 0
19644 0
19645 0
19646 1
19647 1
19648 1
19649 1
19650 0
19651 0
19652 2
19653 1
19654 0
19655 0
19656 2
19657 1
19658 0
19659 1
19660 0
19661 1
19662 1
19663 2
19664 1
19665 1
19666 0
19667 0
19668 2
19669 2
19670 0
19671 1
19672 0
19673 1
19674 2
19675 0
19676 0
19677 2
19678 1
19679 1
19680 1
19681 0
19682 1
19683 2
19684 1
19685 1
19686 2
19687 0
19688 2
19689 2
19690 1
19691 2
19692 2
19693 2
19694 1
19695 2
19696 0
19697 2
19698 1
19699 1
19700 1
19701 1
19702 2
19703 2
19704 3
19705 0
19706 1
19707 2
19708 0
19709 1
19710 3
19711 1
19712 0
19713 2
19714 1
19715 1
19716 0
19717 2
19718 0
19719 0
19720 1
19721 0
19722 0
19723 1
19724 1
19725 0
19726 1
19727 2
19728 0
19729 1
19730 2
19731 1
19732 1
19733 2
19734 1
19735 2
19736 1
19737 1
19738 2
19739 1
19740 2
19741 0
19742 0
19743 2
19744 1
19745 1
19746 2
19747 1
19748 1
19749 0
19750 1
19751 1
19752 0
19753 1
19754 2
19755 0
19756 0
19757 0
19758 1
19759 1
19760 0
19761 0
19762 3
19763 1
19764 0
19765 0
19766 0
19767 2
19768 0
19769 0
19770 0
19771 0
19772 2
19773 0
19774 2
19775 2
19776 0
19777 2
19778 0
19779 2
19780 1
19781 1
19782 1
19783 1
19784 0
19785 3
19786 2
19787 0
19788 1
19789 0
19790 1
19791 0
19792 0
19793 1
19794 1
19795 1
19796 0
19797 1
19798 2
19799 1
19800 2
19801 0
19802 2
19803 1
19804 1
19805 2
19806 0
19807 0
19808 2
19809 1
19810 1
19811 2
19812 0
19813 1
19814 3
19815 3
19816 2
19817 1
19818 0
19819 0
19820 2
19821 2
19822 1
19823 1
19824 2
19825 1
19826 1
19827 2
19828 0
19829 0
19830 1
19831 1
19832 0
19833 0
19834 0
19835 2
19836 1
19837 2
19838 2
19839 2
19840 2
19841 1
19842 2
19843 0
19844 1
19845 0
19846 1
19847 0
19848 0
19849 3
19850 0
19851 1
19852 0
19853 1
19854 2
19855 1
19856 1
19857 1
19858 0
19859 0
19860 3
19861 2
19862 2
19863 1
19864 0
19865 0
19866 1
19867 3
19868 0
19869 1
19870 2
19871 2
19872 1
19873 2
19874 0
19875 0
19876 1
19877 2
19878 0
19879 1
19880 2
19881 0
19882 0
19883 0
19884 1
19885 1
19886 1
19887 1
19888 2
19889 0
19890 0
19891 2
19892 2
19893 0
19894 2
19895 2
19896 2
19897 0
19898 1
19899 1
19900 3
19901 2
19902 1
19903 0
19904 1
19905 0
19906 1
19907 3
19908 0
19909 1
19910 2
19911 2
19912 2
19913 1
19914 2
19915 0
19916 3
19917 1
19918 0
19919 2
19920 1
19921 1
19922 1
19923 0
19924 1
19925 2
19926 1
19927 0
19928 3
19929 2
19930 1
19931 2
19932 2
19933 2
19934 1
19935 2
19936 2
19937 0
19938 1
19939 0
19940 2
19941 0
19942 1
19943 3
19944 3
19945 1
19946 1
19947 2
19948 1
19949 0
19950 0
19951 2
19952 0
19953 0
19954 0
19955 1
19956 1
19957 2
19958 0
19959 0
19960 1
19961 1
19962 2
19963 0
19964 1
19965 0
19966 1
19967 0
19968 0
19969 2
19970 0
19971 1
19972 0
19973 2
19974 1
19975 0
19976 0
19977 1
19978 2
19979 2
19980 1
19981 0
19982 0
19983 0
19984 1
19985 1
19986 0
19987 0
19988 0
19989 2
19990 0
19991 0
19992 0
19993 2
19994 0
19995 0
19996 0
19997 2
19998 1
19999 2
20000 0
20001 1
20002 0
20003 1
20004 1
20005 2
20006 0
20007 3
20008 1
20009 1
20010 0
20011 0
20012 1
20013 2
20014 2
20015 0
20016 3
20017 2
20018 2
20019 0
20020 0
20021 2
20022 0
20023 1
20024 3
20025 2
20026 3
20027 1
20028 2
20029 0
20030 2
20031 0
20032 1
20033 0
20034 2
20035 2
20036 0
20037 0
20038 1
20039 2
20040 0
20041 0
20042 1
20043 1
20044 2
20045 2
20046 1
20047 2
20048 0
20049 2
20050 2
20051 1
20052 0
20053 2
20054 1
20055 3
20056 2
20057 1
20058 1
20059 1
20060 1
20061 2
20062 2
20063 1
20064 0
20065 3
20066 0
20067 0
20068 1
20069 2
20070 1
20071 0
20072 1
20073 1
20074 2
20075 2
20076 0
20077 3
20078 2
20079 0
20080 2
20081 0
20082 2
20083 3
20084 1
20085 0
20086 1
20087 2
20088 2
20089 0
20090 2
20091 0
20092 2
20093 2
20094 1
20095 0
20096 2
20097 1
20098 1
20099 1
20100 1
20101 0
20102 0
20103 0
20104 0
20105 3
20106 1
20107 3
20108 1
20109 2
20110 1
20111 1
20112 0
20113 0
20114 0
20115 2
20116 2
20117 2
20118 3
20119 3
20120 1
20121 0
20122 2
20123 0
20124 1
20125 0
20126 1
20127 0
20128 3
20129 2
20130 1
20131 2
20132 1
20133 1
20134 1
20135 1
20136 0
20137 0
20138 0
20139 0
20140 0
20141 0
20142 0
20143 1
20144 2
20145 0
20146 1
20147 1
20148 2
20149 2
20150 1
20151 0
20152 2
20153 3
20154 0
20155 0
20156 2
20157 2
20158 1
20159 2
20160 0
20161 2
20162 2
20163 1
20164 2
20165 3
20166 1
20167 2
20168 0
20169 2
20170 2
20171 0
20172 2
20173 1
20174 0
20175 0
20176 1
20177 1
20178 1
20179 0
20180 0
20181 1
20182 3
20183 0
20184 1
20185 1
20186 1
20187 3
20188 1
20189 1
20190 2
20191 0
20192 0
20193 2
20194 2
20195 1
20196 2
20197 0
20198 1
20199 2
20200 1
20201 0
20202 1
20203 1
20204 1
20205 0
20206 0
20207 1
20208 1
20209 0
20210 2
20211 2
20212 1
20213 0
20214 1
20215 1
20216 0
20217 1
20218 1
20219 1
20220 2
20221 0
20222 1
20223 3
20224 0
20225 1
20226 0
20227 1
20228 1
20229 2
20230 1
20231 1
20232 0
20233 2
20234 0
20235 1
20236 3
20237 0
20238 0
20239 2
20240 2
20241 2
20242 2
20243 0
20244 2
20245 1
20246 1
20247 2
20248 0
20249 0
20250 1
20251 3
20252 1
20253 1
20254 0
20255 2
20256 0
20257 1
20258 0
20259 0
20260 1
20261 2
20262 2
20263 1
20264 0
20265 1
20266 0
20267 2
20268 3
20269 0
20270 0
20271 2
20272 1
20273 1
20274 3
20275 2
20276 2
20277 2
20278 0
20279 2
20280 1
20281 3
20282 0
20283 1
20284 0
20285 1
20286 0
20287 0
20288 3
20289 2
20290 1
20291 2
20292 1
20293 1
20294 0
20295 1
20296 1
20297 1
20298 0
20299 1
20300 2
20301 2
20302 0
20303 1
20304 2
20305 0
20306 2
20307 2
20308 0
20309 1
20310 0
20311 2
20312 2
20313 1
20314 1
20315 1
20316 0
20317 1
20318 1
20319 2
20320 0
20321 0
20322 4
20323 0
20324 2
20325 0
20326 1
20327 1
20328 1
20329 1
20330 0
20331 2
20332 0
20333 0
20334 0
20335 0
20336 1
20337 2
20338 1
20339 1
20340 0
20341 2
20342 2
20343 0
20344 1
20345 1
20346 2
20347 2
20348 1
20349 0
20350 0
20351 0
20352 0
20353 0
20354 1
20355 2
20356 0
20357 2
20358 1
20359 1
20360 1
20361 1
20362 2
20363 1
20364 2
20365 2
20366 2
20367 2
20368 2
20369 3
20370 2
20371 2
20372 0
20373 0
20374 0
20375 2
20376 2
20377 0
20378 1
20379 2
20380 1
20381 0
20382 0
20383 1
20384 2
20385 0
20386 1
20387 1
20388 1
20389 0
20390 2
20391 1
20392 2
20393 3
20394 0
20395 3
20396 1
20397 1
20398 1
20399 3
20400 0
20401 1
20402 0
20403 1
20404 1
20405 2
20406 0
20407 1
20408 2
20409 2
20410 2
20411 0
20412 2
20413 0
20414 0
20415 1
20416 1
20417 1
20418 2
20419 2
20420 2
20421 3
20422 1
20423 1
20424 2
20425 1
20426 0
20427 0
20428 2
20429 0
20430 2
20431 1
20432 2
20433 2
20434 0
20435 2
20436 1
20437 0
20438 2
20439 2
20440 1
20441 1
20442 1
20443 1
20444 2
20445 0
20446 1
20447 0
20448 0
20449 3
20450 2
20451 2
20452 1
20453 1
20454 1
20455 1
20456 0
20457 1
20458 1
20459 1
20460 1
20461 1
20462 0
20463 0
20464 0
20465 1
20466 2
20467 2
20468 0
20469 3
20470 1
20471 2
20472 1
20473 0
20474 0
20475 0
20476 1
20477 2
20478 1
20479 0
20480 3
20481 1
20482 1
20483 0
20484 2
20485 2
20486 2
20487 1
20488 0
20489 0
20490 0
20491 1
20492 1
20493 0
20494 0
20495 2
20496 2
20497 0
20498 2
20499 3
20500 2
20501 2
20502 0
20503 2
20504 3
20505 0
20506 0
20507 2
20508 2
20509 1
20510 2
20511 0
20512 2
20513 0
20514 1
20515 0
20516 1
20517 0
20518 3
20519 2
20520 2
20521 1
20522 1
20523 2
20524 0
20525 2
20526 1
20527 2
20528 1
20529 1
20530 2
20531 1
20532 2
20533 1
20534 0
20535 0
20536 2
20537 1
20538 2
20539 0
20540 0
20541 2
20542 2
20543 2
20544 1
20545 0
20546 0
20547 2
20548 1
20549 0
20550 2
20551 0
20552 0
20553 0
20554 0
20555 1
20556 2
20557 1
20558 1
20559 0
20560 2
20561 2
20562 0
20563 1
20564 1
20565 0
20566 1
20567 0
20568 1
20569 1
20570 2
20571 1
20572 1
20573 1
20574 2
20575 0
20576 2
20577 1
20578 1
20579 0
20580 2
20581 3
20582 1
20583 0
20584 1
20585 3
20586 0
20587 1
20588 0
20589 0
20590 1
20591 0
20592 0
20593 2
20594 0
20595 2
20596 0
20597 0
20598 0
20599 1
20600 1
20601 1
20602 0
20603 1
20604 0
20605 2
20606 1
20607 1
20608 1
20609 2
20610 1
20611 0
20612 0
20613 2
20614 1
20615 0
20616 0
20617 2
20618 0
20619 1
20620 0
20621 1
20622 1
20623 0
20624 0
20625 2
20626 2
20627 0
20628 1
20629 1
20630 2
20631 1
20632 2
20633 1
20634 1
20635 1
20636 0
20637 0
20638 0
20639 3
20640 0
20641 0
20642 1
20643 1
20644 0
20645 0
20646 1
20647 2
20648 0
20649 2
20650 1
20651 1
20652 0
20653 0
20654 2
20655 1
20656 3
20657 0
20658 2
20659 0
20660 1
20661 0
20662 0
20663 0
20664 2
20665 2
20666 0
20667 2
20668 0
20669 0
20670 1
20671 1
20672 1
20673 0
20674 1
20675 0
20676 0
20677 2
20678 0
20679 0
20680 0
20681 2
20682 1
20683 1
20684 1
20685 2
20686 1
20687 2
20688 1
20689 2
20690 2
20691 0
20692 1
20693 0
20694 0
20695 0
20696 2
20697 1
20698 0
20699 1
20700 1
20701 2
20702 0
20703 2
20704 1
20705 1
20706 1
20707 1
20708 0
20709 0
20710 1
20711 2
20712 2
20713 0
20714 2
20715 0
20716 2
20717 1
20718 0
20719 0
20720 0
20721 1
20722 0
20723 2
20724 1
20725 0
20726 0
20727 2
20728 2
20729 1
20730 0
20731 1
20732 0
20733 1
20734 0
20735 3
20736 0
20737 0
20738 1
20739 2
20740 0
20741 0
20742 2
20743 1
20744 0
20745 2
20746 1
20747 3
20748 2
20749 0
20750 0
20751 1
20752 0
20753 0
20754 2
20755 2
20756 1
20757 2
20758 0
20759 1
20760 1
20761 0
20762 0
20763 1
20764 2
20765 1
20766 2
20767 1
20768 0
20769 2
20770 1
20771 1
20772 0
20773 1
20774 0
20775 0
20776 2
20777 2
20778 1
20779 0
20780 1
20781 1
20782 2
20783 1
20784 1
20785 2
20786 1
20787 0
20788 1
20789 0
20790 1
20791 0
20792 0
20793 0
20794 0
20795 0
20796 2
20797 0
20798 0
20799 0
20800 2
20801 0
20802 2
20803 2
20804 0
20805 2
20806 0
20807 2
20808 0
20809 1
20810 0
20811 1
20812 0
20813 1
20814 2
20815 1
20816 0
20817 1
20818 1
20819 0
20820 0
20821 0
20822 1
20823 0
20824 0
20825 3
20826 1
20827 1
20828 2
20829 1
20830 1
20831 1
20832 1
20833 1
20834 1
20835 0
20836 0
20837 0
20838 0
20839 1
20840 1
20841 2
20842 0
20843 1
20844 1
20845 0
20846 2
20847 2
20848 2
20849 0
20850 1
20851 0
20852 1
20853 1
20854 0
20855 1
20856 2
20857 1
20858 0
20859 1
20860 1
20861 0
20862 2
20863 1
20864 0
20865 0
20866 1
20867 0
20868 3
20869 2
20870 2
20871 2
20872 2
20873 2
20874 2
20875 2
20876 2
20877 0
20878 2
20879 1
20880 0
20881 2
20882 0
20883 1
20884 2
20885 0
20886 1
20887 0
20888 0
20889 0
20890 2
20891 0
20892 0
20893 2
20894 3
20895 0
20896 2
20897 0
20898 1
20899 1
20900 0
20901 0
20902 0
20903 2
20904 1
20905 0
20906 3
20907 3
20908 0
20909 0
20910 1
20911 2
20912 0
20913 1
20914 0
20915 1
20916 1
20917 2
20918 2
20919 0
20920 0
20921 2
20922 2
20923 0
20924 2
20925 2
20926 2
20927 2
20928 1
20929 1
20930 0
20931 1
20932 0
20933 2
20934 1
20935 0
20936 0
20937 0
20938 2
20939 2
20940 1
20941 0
20942 1
20943 2
20944 1
20945 2
20946 2
20947 2
20948 1
20949 1
20950 1
20951 0
20952 1
20953 2
20954 3
20955 1
20956 2
20957 2
20958 2
20959 0
20960 2
20961 0
20962 1
20963 2
20964 0
20965 0
20966 1
20967 1
20968 1
20969 1
20970 1
20971 3
20972 2
20973 1
20974 2
20975 0
20976 0
20977 2
20978 1
20979 2
20980 1
20981 1
20982 1
20983 2
20984 2
20985 2
20986 0
20987 2
20988 0
20989 1
20990 1
20991 3
20992 0
20993 2
20994 2
20995 1
20996 0
20997 0
20998 2
20999 0
21000 0
21001 0
21002 2
21003 2
21004 0
21005 2
21006 1
21007 2
21008 1
21009 0
21010 1
21011 1
21012 2
21013 1
21014 1
21015 1
21016 0
21017 1
21018 1
21019 1
21020 1
21021 1
21022 0
21023 2
21024 2
21025 1
21026 0
21027 2
21028 2
21029 0
21030 0
21031 1
21032 0
21033 2
21034 0
21035 1
21036 2
21037 2
21038 2
21039 1
21040 3
21041 1
21042 0
21043 2
21044 1
21045 1
21046 1
21047 1
21048 2
21049 1
21050 1
21051 1
21052 0
21053 1
21054 1
21055 0
21056 0
21057 0
21058 0
21059 1
21060 1
21061 1
21062 1
21063 0
21064 1
21065 2
21066 1
21067 2
21068 0
21069 1
21070 1
21071 0
21072 0
21073 2
21074 0
21075 1
21076 1
21077 0
21078 0
21079 2
21080 3
21081 1
21082 0
21083 0
21084 1
21085 0
21086 2
21087 2
21088 0
21089 2
21090 1
21091 1
21092 1
21093 1
21094 0
21095 0
21096 0
21097 0
21098 1
21099 1
21100 1
21101 1
21102 1
21103 1
21104 1
21105 1
21106 1
21107 1
21108 1
21109 1
21110 0
21111 2
21112 0
21113 0
21114 0
21115 0
21116 1
21117 1
21118 0
21119 1
21120 1
21121 2
21122 0
21123 2
21124 0
21125 2
21126 1
21127 2
21128 0
21129 3
21130 2
21131 0
21132 1
21133 0
21134 2
21135 0
21136 0
21137 0
21138 0
21139 1
21140 1
21141 0
21142 1
21143 0
21144 2
21145 1
21146 1
21147 1
21148 0
21149 0
21150 0
21151 1
21152 0
21153 1
21154 0
21155 0
21156 1
21157 3
21158 1
21159 1
21160 1
21161 0
21162 1
21163 0
21164 0
21165 2
21166 0
21167 1
21168 2
21169 1
21170 1
21171 1
21172 2
21173 1
21174 1
21175 0
21176 2
21177 0
21178 1
21179 0
21180 1
21181 2
21182 1
21183 2
21184 0
21185 0
21186 2
21187 0
21188 1
21189 0
21190 1
21191 1
21192 0
21193 2
21194 1
21195 0
21196 0
21197 1
21198 2
21199 2
21200 1
21201 1
21202 1
21203 2
21204 0
21205 1
21206 1
21207 0
21208 1
21209 1
21210 1
21211 1
21212 1
21213 2
21214 1
21215 2
21216 0
21217 2
21218 1
21219 0
21220 2
21221 1
21222 0
21223 2
21224 0
21225 2
21226 0
21227 0
21228 0
21229 0
21230 0
21231 1
21232 0
21233 2
21234 2
21235 2
21236 0
21237 1
21238 2
21239 0
21240 2
21241 2
21242 0
21243 0
21244 1
21245 0
21246 0
21247 0
21248 1
21249 2
21250 0
21251 1
21252 1
21253 2
21254 2
21255 0
21256 0
21257 1
21258 0
21259 0
21260 0
21261 1
21262 1
21263 1
21264 2
21265 3
21266 0
21267 1
21268 0
21269 0
21270 1
21271 2
21272 1
21273 1
21274 1
21275 2
21276 1
21277 2
21278 1
21279 2
21280 0
21281 1
21282 1
21283 0
21284 2
21285 1
21286 2
21287 1
21288 2
21289 3
21290 1
21291 0
21292 0
21293 0
21294 0
21295 2
21296 1
21297 0
21298 0
21299 0
21300 0
21301 3
21302 1
21303 1
21304 0
21305 3
21306 0
21307 1
21308 0
21309 2
21310 0
21311 1
21312 1
21313 0
21314 2
21315 2
21316 2
21317 0
21318 2
21319 0
21320 1
21321 1
21322 0
21323 2
21324 2
21325 2
21326 2
21327 2
21328 0
21329 2
21330 0
21331 0
21332 2
21333 1
21334 0
21335 0
21336 1
21337 1
21338 3
21339 0
21340 1
21341 1
21342 2
21343 0
21344 2
21345 1
21346 2
21347 1
21348 1
21349 1
21350 2
21351 1
21352 1
21353 3
21354 0
21355 0
21356 0
21357 2
21358 0
21359 1
21360 2
21361 0
21362 1
21363 1
21364 3
21365 0
21366 1
21367 0
21368 0
21369 0
21370 1
21371 0
21372 0
21373 0
21374 2
21375 2
21376 1
21377 1
21378 0
21379 1
21380 1
21381 0
21382 0
21383 2
21384 0
21385 2
21386 2
21387 0
21388 0
21389 1
21390 0
21391 1
21392 1
21393 1
21394 1
21395 0
21396 0
21397 1
21398 0
21399 0
21400 2
21401 1
21402 1
21403 2
21404 0
21405 1
21406 0
21407 1
21408 2
21409 1
21410 3
21411 3
21412 1
21413 0
21414 3
21415 0
21416 0
21417 2
21418 2
21419 3
21420 2
21421 1
21422 1
21423 0
21424 2
21425 0
21426 0
21427 2
21428 1
21429 0
21430 0
21431 1
21432 2
21433 0
21434 1
21435 1
21436 2
21437 1
21438 1
21439 3
21440 1
21441 2
21442 2
21443 2
21444 1
21445 1
21446 1
21447 2
21448 0
21449 1
21450 0
21451 1
21452 1
21453 1
21454 0
21455 0
21456 0
21457 1
21458 1
21459 2
21460 0
21461 2
21462 0
21463 2
21464 1
21465 0
21466 0
21467 1
21468 1
21469 1
21470 1
21471 0
21472 1
21473 2
21474 0
21475 0
21476 2
21477 2
21478 2
21479 3
21480 0
21481 0
21482 1
21483 2
21484 1
21485 0
21486 3
21487 1
21488 1
21489 1
21490 0
21491 0
21492 2
21493 0
21494 0
21495 1
21496 3
21497 1
21498 0
21499 0
21500 1
21501 1
21502 0
21503 1
21504 1
21505 0
21506 2
21507 0
21508 2
21509 2
21510 0
21511 2
21512 0
21513 2
21514 2
21515 0
21516 3
21517 0
21518 1
21519 1
21520 0
21521 1
21522 1
21523 2
21524 0
21525 1
21526 1
21527 2
21528 1
21529 1
21530 0
21531 2
21532 0
21533 0
21534 2
21535 1
21536 2
21537 2
21538 1
21539 1
21540 0
21541 2
21542 2
21543 2
21544 0
21545 2
21546 1
21547 1
21548 0
21549 2
21550 2
21551 3
21552 1
21553 0
21554 1
21555 0
21556 1
21557 1
21558 0
21559 0
21560 0
21561 0
21562 2
21563 3
21564 1
21565 2
21566 0
21567 1
21568 0
21569 1
21570 0
21571 0
21572 1
21573 0
21574 2
21575 2
21576 1
21577 1
21578 1
21579 2
21580 2
21581 0
21582 2
21583 2
21584 2
21585 0
21586 0
21587 2
21588 2
21589 0
21590 1
21591 1
21592 0
21593 1
21594 1
21595 1
21596 2
21597 1
21598 2
21599 2
21600 2
21601 2
21602 0
21603 2
21604 1
21605 0
21606 1
21607 0
21608 3
21609 1
21610 1
21611 1
21612 0
21613 2
21614 2
21615 1
21616 1
21617 1
21618 2
21619 2
21620 1
21621 0
21622 2
21623 1
21624 2
21625 2
21626 1
21627 1
21628 0
21629 2
21630 1
21631 1
21632 1
21633 2
21634 0
21635 0
21636 1
21637 2
21638 0
21639 1
21640 0
21641 2
21642 0
21643 3
21644 2
21645 2
21646 2
21647 1
21648 2
21649 2
21650 2
21651 0
21652 2
21653 0
21654 0
21655 1
21656 0
21657 1
21658 3
21659 2
21660 1
21661 1
21662 0
21663 2
21664 0
21665 3
21666 2
21667 0
21668 0
21669 3
21670 1
21671 0
21672 1
21673 2
21674 1
21675 0
21676 1
21677 2
21678 2
21679 3
21680 0
21681 1
21682 0
21683 1
21684 0
21685 2
21686 2
21687 2
21688 2
21689 0
21690 1
21691 1
21692 0
21693 2
21694 2
21695 2
21696 0
21697 0
21698 0
21699 1
21700 0
21701 0
21702 0
21703 1
21704 0
21705 0
21706 1
21707 0
21708 1
21709 0
21710 0
21711 0
21712 1
21713 1
21714 0
21715 0
21716 1
21717 2
21718 2
21719 3
21720 1
21721 2
21722 3
21723 1
21724 0
21725 1
21726 1
21727 1
21728 2
21729 2
21730 3
21731 0
21732 2
21733 1
21734 0
21735 1
21736 0
21737 0
21738 2
21739 0
21740 1
21741 1
21742 2
21743 0
21744 1
21745 2
21746 2
21747 0
21748 3
21749 0
21750 0
21751 2
21752 2
21753 2
21754 1
21755 0
21756 1
21757 1
21758 0
21759 0
21760 1
21761 2
21762 2
21763 1
21764 0
21765 3
21766 2
21767 3
21768 1
21769 1
21770 0
21771 3
21772 1
21773 1
21774 0
21775 1
21776 0
21777 1
21778 1
21779 1
21780 1
21781 0
21782 1
21783 1
21784 2
21785 1
21786 0
21787 2
21788 0
21789 1
21790 0
21791 0
21792 2
21793 2
21794 0
21795 0
21796 0
21797 2
21798 1
21799 2
21800 2
21801 1
21802 1
21803 2
21804 1
21805 2
21806 2
21807 2
21808 0
21809 3
21810 0
21811 0
21812 2
21813 1
21814 0
21815 1
21816 0
21817 1
21818 0
21819 2
21820 1
21821 2
21822 1
21823 1
21824 2
21825 3
21826 2
21827 3
21828 2
21829 0
21830 0
21831 0
21832 2
21833 1
21834 0
21835 1
21836 0
21837 0
21838 0
21839 2
21840 2
21841 2
21842 2
21843 2
21844 2
21845 2
21846 0
21847 0
21848 1
21849 2
21850 1
21851 2
21852 0
21853 0
21854 1
21855 0
21856 2
21857 1
21858 2
21859 0
21860 0
21861 2
21862 1
21863 1
21864 2
21865 0
21866 0
21867 0
21868 1
21869 1
21870 1
21871 0
21872 2
21873 1
21874 0
21875 1
21876 0
21877 0
21878 3
21879 0
21880 0
21881 1
21882 0
21883 2
21884 0
21885 0
21886 1
21887 2
21888 1
21889 2
21890 0
21891 2
21892 1
21893 0
21894 1
21895 2
21896 0
21897 1
21898 2
21899 2
21900 1
21901 3
21902 1
21903 0
21904 1
21905 1
21906 2
21907 0
21908 1
21909 0
21910 0
21911 1
21912 0
21913 2
21914 3
21915 1
21916 3
21917 0
21918 0
21919 1
21920 1
21921 0
21922 2
21923 2
21924 1
21925 0
21926 0
21927 1
21928 2
21929 0
21930 0
21931 2
21932 1
21933 0
21934 0
21935 3
21936 1
21937 0
21938 1
21939 0
21940 0
21941 0
21942 2
21943 2
21944 1
21945 1
21946 2
21947 3
21948 0
21949 1
21950 2
21951 1
21952 1
21953 1
21954 0
21955 0
21956 1
21957 1
21958 2
21959 2
21960 0
21961 0
21962 1
21963 0
21964 1
21965 0
21966 1
21967 0
21968 1
21969 2
21970 1
21971 2
21972 3
21973 1
21974 0
21975 1
21976 2
21977 1
21978 2
21979 1
21980 2
21981 0
21982 0
21983 2
21984 2
21985 0
21986 0
21987 1
21988 3
21989 2
21990 0
21991 1
21992 0
21993 1
21994 0
21995 0
21996 0
21997 1
21998 0
21999 2
22000 0
22001 0
22002 2
22003 1
22004 1
22005 1
22006 2
22007 0
22008 1
22009 0
22010 1
22011 0
22012 2
22013 0
22014 0
22015 1
22016 0
22017 2
22018 1
22019 2
22020 0
22021 3
22022 1
22023 0
22024 0
22025 1
22026 1
22027 0
22028 1
22029 0
22030 1
22031 1
22032 0
22033 1
22034 0
22035 1
22036 0
22037 1
22038 1
22039 0
22040 0
22041 3
22042 1
22043 0
22044 0
22045 2
22046 0
22047 2
22048 0
22049 2
22050 3
22051 0
22052 1
22053 0
22054 3
22055 3
22056 0
22057 2
22058 2
22059 1
22060 0
22061 0
22062 1
22063 0
22064 2
22065 1
22066 2
22067 2
22068 1
22069 0
22070 3
22071 0
22072 0
22073 0
22074 1
22075 1
22076 0
22077 0
22078 2
22079 1
22080 1
22081 2
22082 1
22083 1
22084 2
22085 2
22086 0
22087 0
22088 2
22089 0
22090 0
22091 0
22092 2
22093 1
22094 0
22095 1
22096 0
22097 1
22098 0
22099 2
22100 1
22101 2
22102 0
22103 1
22104 2
22105 2
22106 0
22107 0
22108 1
22109 1
22110 1
22111 0
22112 0
22113 0
22114 0
22115 1
22116 0
22117 2
22118 0
22119 0
22120 2
22121 1
22122 2
22123 1
22124 1
22125 1
22126 2
22127 0
22128 1
22129 2
22130 0
22131 1
22132 1
22133 1
22134 1
22135 1
22136 3
22137 0
22138 2
22139 0
22140 2
22141 2
22142 0
22143 1
22144 0
22145 1
22146 0
22147 2
22148 2
22149 0
22150 1
22151 2
22152 2
22153 1
22154 2
22155 2
22156 2
22157 0
22158 0
22159 2
22160 2
22161 2
22162 0
22163 0
22164 1
22165 0
22166 0
22167 0
22168 0
22169 1
22170 0
22171 0
22172 1
22173 1
22174 1
22175 1
22176 0
22177 1
22178 0
22179 1
22180 1
22181 0
22182 0
22183 0
22184 0
22185 1
22186 1
22187 1
22188 2
22189 2
22190 0
22191 1
22192 1
22193 0
22194 2
22195 2
22196 2
22197 1
22198 1
22199 0
22200 1
22201 2
22202 2
22203 2
22204 0
22205 0
22206 0
22207 2
22208 2
22209 3
22210 1
22211 0
22212 1
22213 1
22214 0
22215 0
22216 2
22217 3
22218 2
22219 3
22220 1
22221 1
22222 1
22223 0
22224 3
22225 0
22226 0
22227 1
22228 2
22229 0
22230 2
22231 1
22232 1
22233 2
22234 0
22235 0
22236 1
22237 2
22238 2
22239 0
22240 1
22241 1
22242 0
22243 1
22244 0
22245 0
22246 0
22247 2
22248 2
22249 0
22250 3
22251 0
22252 1
22253 0
22254 2
22255 2
22256 1
22257 1
22258 0
22259 0
22260 0
22261 2
22262 1
22263 2
22264 0
22265 1
22266 2
22267 0
22268 0
22269 1
22270 2
22271 0
22272 1
22273 0
22274 1
22275 1
22276 0
22277 2
22278 0
22279 2
22280 1
22281 1
22282 3
22283 0
22284 0
22285 0
22286 1
22287 2
22288 0
22289 2
22290 3
22291 1
22292 0
22293 0
22294 2
22295 1
22296 1
22297 2
22298 2
22299 0
22300 1
22301 1
22302 2
22303 1
22304 0
22305 1
22306 0
22307 0
22308 1
22309 0
22310 0
22311 3
22312 0
22313 0
22314 1
22315 2
22316 1
22317 0
22318 1
22319 3
22320 0
22321 2
22322 1
22323 2
22324 0
22325 0
22326 2
22327 2
22328 0
22329 0
22330 3
22331 0
22332 0
22333 2
22334 0
22335 2
22336 2
22337 2
22338 1
22339 2
22340 0
22341 1
22342 1
22343 1
22344 2
22345 4
22346 1
22347 1
22348 0
22349 1
22350 0
22351 0
22352 0
22353 1
22354 2
22355 0
22356 1
22357 1
22358 0
22359 0
22360 0
22361 0
22362 2
22363 1
22364 0
22365 0
22366 0
22367 1
22368 2
22369 1
22370 0
22371 0
22372 1
22373 0
22374 1
22375 0
22376 1
22377 2
22378 2
22379 1
22380 1
22381 1
22382 3
22383 1
22384 1
22385 2
22386 0
22387 0
22388 3
22389 1
22390 2
22391 1
22392 0
22393 0
22394 2
22395 1
22396 1
22397 2
22398 0
22399 2
22400 1
22401 0
22402 0
22403 3
22404 1
22405 0
22406 2
22407 1
22408 0
22409 0
22410 2
22411 0
22412 2
22413 3
22414 1
22415 1
22416 1
22417 2
22418 2
22419 2
22420 1
22421 1
22422 2
22423 2
22424 1
22425 2
22426 2
22427 0
22428 2
22429 1
22430 0
22431 0
22432 0
22433 0
22434 2
22435 2
22436 1
22437 2
22438 1
22439 2
22440 2
22441 1
22442 1
22443 0
22444 2
22445 1
22446 0
22447 2
22448 0
22449 0
22450 2
22451 2
22452 0
22453 0
22454 1
22455 0
22456 1
22457 1
22458 2
22459 1
22460 2
22461 2
22462 1
22463 0
22464 1
22465 2
22466 1
22467 2
22468 1
22469 1
22470 0
22471 0
22472 2
22473 1
22474 3
22475 1
22476 2
22477 1
22478 2
22479 0
22480 1
22481 2
22482 1
22483 2
22484 0
22485 1
22486 0
22487 1
22488 2
22489 0
22490 1
22491 1
22492 1
22493 1
22494 0
22495 1
22496 1
22497 2
22498 1
22499 3
22500 1
22501 0
22502 0
22503 1
22504 2
22505 0
22506 0
22507 1
22508 0
22509 0
22510 2
22511 2
22512 2
22513 2
22514 0
22515 2
22516 0
22517 2
22518 1
22519 3
22520 0
22521 0
22522 2
22523 3
22524 1
22525 1
22526 3
22527 1
22528 0
22529 0
22530 2
22531 1
22532 2
22533 1
22534 0
22535 2
22536 0
22537 1
22538 1
22539 0
22540 1
22541 1
22542 1
22543 2
22544 2
22545 0
22546 1
22547 1
22548 2
22549 1
22550 2
22551 1
22552 2
22553 1
22554 0
22555 0
22556 2
22557 0
22558 3
22559 3
22560 0
22561 2
22562 0
22563 3
22564 3
22565 2
22566 0
22567 0
22568 0
22569 0
22570 0
22571 0
22572 1
22573 1
22574 1
22575 0
22576 3
22577 0
22578 3
22579 1
22580 2
22581 1
22582 0
22583 0
22584 1
22585 0
22586 1
22587 0
22588 2
22589 0
22590 2
22591 0
22592 1
22593 2
22594 0
22595 1
22596 0
22597 1
22598 0
22599 2
22600 2
22601 0
22602 2
22603 1
22604 2
22605 0
22606 1
22607 2
22608 0
22609 2
22610 2
22611 2
22612 1
22613 0
22614 2
22615 0
22616 0
22617 1
22618 2
22619 1
22620 1
22621 1
22622 0
22623 0
22624 1
22625 1
22626 2
22627 0
22628 1
22629 0
22630 1
22631 2
22632 0
22633 1
22634 2
22635 1
22636 2
22637 1
22638 1
22639 1
22640 1
22641 2
22642 2
22643 1
22644 0
22645 0
22646 1
22647 3
22648 0
22649 3
22650 2
22651 1
22652 1
22653 0
22654 0
22655 0
22656 1
22657 0
22658 2
22659 1
22660 0
22661 1
22662 0
22663 1
22664 0
22665 1
22666 1
22667 1
22668 1
22669 0
22670 0
22671 2
22672 1
22673 1
22674 0
22675 1
22676 4
22677 0
22678 1
22679 1
22680 1
22681 0
22682 2
22683 0
22684 1
22685 2
22686 1
22687 1
22688 2
22689 2
22690 0
22691 2
22692 1
22693 0
22694 0
22695 0
22696 0
22697 1
22698 1
22699 0
22700 0
22701 2
22702 2
22703 0
22704 0
22705 2
22706 1
22707 1
22708 0
22709 1
22710 0
22711 1
22712 0
22713 0
22714 1
22715 2
22716 2
22717 0
22718 1
22719 3
22720 0
22721 1
22722 1
22723 2
22724 1
22725 1
22726 0
22727 1
22728 2
22729 0
22730 2
22731 0
22732 0
22733 1
22734 1
22735 1
22736 0
22737 0
22738 0
22739 2
22740 1
22741 1
22742 1
22743 1
22744 1
22745 3
22746 0
22747 1
22748 0
22749 3
22750 2
22751 3
22752 1
22753 3
22754 2
22755 2
22756 2
22757 0
22758 1
22759 2
22760 1
22761 0
22762 2
22763 2
22764 2
22765 2
22766 0
22767 0
22768 0
22769 0
22770 2
22771 1
22772 2
22773 0
22774 0
22775 1
22776 3
22777 1
22778 2
22779 1
22780 1
22781 0
22782 1
22783 1
22784 0
22785 0
22786 2
22787 1
22788 2
22789 0
22790 2
22791 0
22792 0
22793 3
22794 0
22795 2
22796 0
22797 2
22798 2
22799 1
22800 1
22801 1
22802 0
22803 2
22804 0
22805 0
22806 3
22807 1
22808 2
22809 2
22810 1
22811 0
22812 0
22813 2
22814 1
22815 1
22816 0
22817 0
22818 2
22819 2
22820 2
22821 0
22822 0
22823 1
22824 2
22825 0
22826 1
22827 1
22828 1
22829 2
22830 2
22831 0
22832 2
22833 1
22834 1
22835 1
22836 0
22837 0
22838 0
22839 2
22840 0
22841 2
22842 0
22843 3
22844 1
22845 0
22846 1
22847 3
22848 0
22849 0
22850 1
22851 1
22852 1
22853 2
22854 2
22855 0
22856 0
22857 0
22858 0
22859 0
22860 2
22861 1
22862 3
22863 2
22864 2
22865 0
22866 0
22867 1
22868 2
22869 2
22870 0
22871 0
22872 2
22873 2
22874 0
22875 0
22876 0
22877 0
22878 2
22879 2
22880 2
22881 0
22882 2
22883 1
22884 0
22885 3
22886 0
22887 0
22888 0
22889 0
22890 0
22891 1
22892 1
22893 2
22894 2
22895 3
22896 1
22897 2
22898 0
22899 0
22900 2
22901 3
22902 2
22903 0
22904 1
22905 0
22906 0
22907 2
22908 2
22909 0
22910 0
22911 2
22912 1
22913 0
22914 2
22915 2
22916 0
22917 1
22918 0
22919 1
22920 1
22921 1
22922 0
22923 2
22924 2
22925 0
22926 0
22927 2
22928 1
22929 1
22930 0
22931 0
22932 0
22933 0
22934 1
22935 1
22936 1
22937 1
22938 0
22939 2
22940 2
22941 1
22942 0
22943 0
22944 2
22945 1
22946 2
22947 0
22948 1
22949 1
22950 1
22951 2
22952 2
22953 1
22954 1
22955 0
22956 0
22957 1
22958 0
22959 0
22960 2
22961 0
22962 0
22963 0
22964 0
22965 1
22966 1
22967 2
22968 2
22969 1
22970 0
22971 0
22972 0
22973 1
22974 0
22975 0
22976 0
22977 0
22978 0
22979 1
22980 0
22981 2
22982 1
22983 1
22984 1
22985 0
22986 2
22987 0
22988 2
22989 0
22990 0
22991 2
22992 2
22993 0
22994 2
22995 0
22996 2
22997 3
22998 2
22999 2
23000 0
23001 0
23002 0
23003 1
23004 1
23005 0
23006 2
23007 0
23008 1
23009 1
23010 0
23011 1
23012 2
23013 2
23014 2
23015 2
23016 0
23017 1
23018 1
23019 2
23020 1
23021 0
23022 1
23023 0
23024 0
23025 2
23026 0
23027 0
23028 0
23029 2
23030 0
23031 2
23032 1
23033 2
23034 2
23035 1
23036 3
23037 1
23038 2
23039 1
23040 0
23041 1
23042 0
23043 2
23044 1
23045 0
23046 2
23047 1
23048 2
23049 1
23050 0
23051 0
23052 0
23053 0
23054 1
23055 1
23056 2
23057 1
23058 0
23059 2
23060 1
23061 1
23062 1
23063 1
23064 0
23065 1
23066 2
23067 3
23068 1
23069 0
23070 1
23071 3
23072 2
23073 0
23074 1
23075 1
23076 2
23077 2
23078 1
23079 2
23080 0
23081 1
23082 2
23083 0
23084 1
23085 1
23086 0
23087 1
23088 2
23089 1
23090 0
23091 0
23092 0
23093 0
23094 1
23095 0
23096 0
23097 0
23098 2
23099 2
23100 3
23101 1
23102 1
23103 2
23104 2
23105 0
23106 0
23107 0
23108 2
23109 1
23110 0
23111 0
23112 1
23113 1
23114 2
23115 0
23116 0
23117 0
23118 3
23119 2
23120 1
23121 0
23122 0
23123 3
23124 1
23125 0
23126 0
23127 2
23128 0
23129 1
23130 1
23131 1
23132 1
23133 0
23134 1
23135 1
23136 2
23137 2
23138 2
23139 0
23140 2
23141 1
23142 0
23143 0
23144 2
23145 0
23146 1
23147 1
23148 0
23149 0
23150 2
23151 1
23152 1
23153 1
23154 0
23155 1
23156 0
23157 1
23158 2
23159 2
23160 2
23161 1
23162 2
23163 0
23164 0
23165 1
23166 1
23167 2
23168 2
23169 2
23170 1
23171 2
23172 2
23173 1
23174 1
23175 2
23176 1
23177 1
23178 0
23179 2
23180 1
23181 0
23182 0
23183 2
23184 0
23185 2
23186 1
23187 0
23188 0
23189 1
23190 2
23191 0
23192 1
23193 2
23194 0
23195 1
23196 3
23197 1
23198 1
23199 0
23200 2
23201 0
23202 1
23203 2
23204 1
23205 2
23206 1
23207 2
23208 2
23209 3
23210 1
23211 0
23212 1
23213 1
23214 0
23215 1
23216 1
23217 0
23218 0
23219 0
23220 2
23221 2
23222 2
23223 1
23224 1
23225 0
23226 0
23227 1
23228 3
23229 1
23230 0
23231 1
23232 1
23233 0
23234 0
23235 0
23236 0
23237 1
23238 2
23239 1
23240 0
23241 1
23242 0
23243 1
23244 0
23245 0
23246 0
23247 0
23248 0
23249 0
23250 0
23251 3
23252 0
23253 2
23254 2
23255 0
23256 0
23257 1
23258 2
23259 0
23260 1
23261 2
23262 1
23263 2
23264 1
23265 2
23266 0
23267 1
23268 2
23269 0
23270 0
23271 2
23272 0
23273 1
23274 0
23275 0
23276 0
23277 0
23278 2
23279 1
23280 1
23281 2
23282 0
23283 0
23284 1
23285 1
23286 0
23287 2
23288 1
23289 0
23290 1
23291 1
23292 2
23293 0
23294 1
23295 0
23296 1
23297 0
23298 2
23299 2
23300 3
23301 1
23302 2
23303 0
23304 0
23305 1
23306 1
23307 1
23308 1
23309 2
23310 1
23311 0
23312 3
23313 1
23314 0
23315 2
23316 2
23317 0
23318 1
23319 1
23320 0
23321 1
23322 0
23323 2
23324 3
23325 2
23326 0
23327 1
23328 1
23329 1
23330 2
23331 0
23332 1
23333 1
23334 2
23335 0
23336 0
23337 2
23338 2
23339 0
23340 3
23341 0
23342 1
23343 0
23344 1
23345 0
23346 3
23347 0
23348 2
23349 2
23350 1
23351 0
23352 0
23353 2
23354 1
23355 1
23356 2
23357 0
23358 0
23359 0
23360 0
23361 1
23362 0
23363 1
23364 2
23365 0
23366 1
23367 1
23368 1
23369 1
23370 1
23371 0
23372 1
23373 1
23374 1
23375 2
23376 1
23377 0
23378 2
23379 3
23380 1
23381 2
23382 0
23383 3
23384 1
23385 2
23386 2
23387 0
23388 0
23389 1
23390 1
23391 1
23392 0
23393 0
23394 2
23395 1
23396 1
23397 1
23398 1
23399 1
23400 2
23401 0
23402 2
23403 0
23404 2
23405 0
23406 2
23407 0
23408 0
23409 2
23410 2
23411 1
23412 2
23413 0
23414 0
23415 1
23416 0
23417 1
23418 2
23419 3
23420 2
23421 0
23422 1
23423 1
23424 2
23425 2
23426 2
23427 2
23428 0
23429 0
23430 3
23431 1
23432 0
23433 0
23434 0
23435 1
23436 0
23437 0
23438 2
23439 0
23440 1
23441 2
23442 1
23443 1
23444 1
23445 0
23446 1
23447 3
23448 0
23449 3
23450 2
23451 3
23452 1
23453 2
23454 2
23455 1
23456 1
23457 1
23458 0
23459 0
23460 1
23461 2
23462 0
23463 0
23464 0
23465 0
23466 2
23467 1
23468 2
23469 1
23470 1
23471 3
23472 1
23473 2
23474 1
23475 0
23476 2
23477 2
23478 2
23479 1
23480 0
23481 1
23482 2
23483 2
23484 1
23485 1
23486 1
23487 1
23488 1
23489 2
23490 2
23491 1
23492 0
23493 3
23494 1
23495 0
23496 1
23497 0
23498 2
23499 0
23500 2
23501 0
23502 0
23503 2
23504 2
23505 0
23506 0
23507 0
23508 2
23509 2
23510 1
23511 2
23512 0
23513 2
23514 1
23515 1
23516 1
23517 1
23518 0
23519 0
23520 1
23521 0
23522 1
23523 2
23524 2
23525 1
23526 0
23527 1
23528 1
23529 2
23530 2
23531 1
23532 1
23533 0
23534 1
23535 0
23536 2
23537 1
23538 0
23539 0
23540 1
23541 0
23542 0
23543 0
23544 0
23545 2
23546 2
23547 0
23548 2
23549 0
23550 3
23551 1
23552 0
23553 1
23554 2
23555 1
23556 1
23557 1
23558 1
23559 1
23560 2
23561 2
23562 0
23563 2
23564 1
23565 0
23566 0
23567 1
23568 1
23569 0
23570 1
23571 0
23572 0
23573 2
23574 2
23575 2
23576 2
23577 1
23578 1
23579 2
23580 2
23581 0
23582 0
23583 2
23584 0
23585 0
23586 0
23587 2
23588 2
23589 0
23590 1
23591 0
23592 1
23593 1
23594 1
23595 3
23596 2
23597 1
23598 0
23599 0
23600 1
23601 1
23602 2
23603 1
23604 3
23605 0
23606 0
23607 2
23608 0
23609 1
23610 1
23611 0
23612 0
23613 0
23614 2
23615 0
23616 2
23617 0
23618 0
23619 1
23620 0
23621 3
23622 0
23623 1
23624 2
23625 1
23626 0
23627 1
23628 1
23629 1
23630 1
23631 1
23632 1
23633 0
23634 2
23635 1
23636 2
23637 0
23638 2
23639 0
23640 0
23641 1
23642 2
23643 1
23644 1
23645 0
23646 3
23647 0
23648 0
23649 1
23650 2
23651 0
23652 2
23653 0
23654 0
23655 1
23656 1
23657 0
23658 3
23659 0
23660 3
23661 1
23662 1
23663 2
23664 2
23665 3
23666 0
23667 0
23668 0
23669 0
23670 1
23671 2
23672 3
23673 2
23674 2
23675 2
23676 1
23677 2
23678 2
23679 0
23680 0
23681 2
23682 1
23683 0
23684 3
23685 0
23686 0
23687 1
23688 2
23689 3
23690 2
23691 2
23692 0
23693 3
23694 2
23695 1
23696 0
23697 1
23698 1
23699 1
23700 0
23701 3
23702 2
23703 2
23704 2
23705 0
23706 0
23707 2
23708 3
23709 1
23710 0
23711 1
23712 2
23713 1
23714 1
23715 0
23716 2
23717 0
23718 2
23719 1
23720 0
23721 1
23722 1
23723 0
23724 0
23725 0
23726 0
23727 1
23728 0
23729 0
23730 2
23731 1
23732 2
23733 2
23734 0
23735 0
23736 0
23737 0
23738 0
23739 1
23740 1
23741 2
23742 3
23743 1
23744 0
23745 2
23746 0
23747 2
23748 0
23749 2
23750 1
23751 0
23752 0
23753 0
23754 0
23755 2
23756 1
23757 1
23758 0
23759 2
23760 1
23761 1
23762 2
23763 1
23764 0
23765 0
23766 0
23767 2
23768 1
23769 2
23770 0
23771 0
23772 0
23773 1
23774 0
23775 2
23776 2
23777 1
23778 2
23779 0
23780 1
23781 3
23782 0
23783 1
23784 2
23785 1
23786 0
23787 1
23788 1
23789 0
23790 1
23791 0
23792 1
23793 2
23794 2
23795 0
23796 2
23797 0
23798 2
23799 1
23800 0
23801 0
23802 1
23803 0
23804 0
23805 0
23806 2
23807 1
23808 1
23809 2
23810 1
23811 2
23812 1
23813 0
23814 2
23815 2
23816 0
23817 2
23818 0
23819 0
23820 1
23821 0
23822 3
23823 2
23824 2
23825 0
23826 0
23827 2
23828 2
23829 0
23830 3
23831 1
23832 1
23833 0
23834 2
23835 3
23836 0
23837 2
23838 1
23839 0
23840 0
23841 2
23842 2
23843 1
23844 0
23845 0
23846 1
23847 0
23848 3
23849 0
23850 1
23851 0
23852 2
23853 0
23854 1
23855 0
23856 2
23857 0
23858 0
23859 2
23860 2
23861 1
23862 1
23863 1
23864 1
23865 0
23866 0
23867 0
23868 0
23869 0
23870 0
23871 0
23872 1
23873 0
23874 0
23875 2
23876 1
23877 0
23878 1
23879 0
23880 1
23881 2
23882 1
23883 1
23884 1
23885 0
23886 1
23887 1
23888 3
23889 2
23890 1
23891 1
23892 1
23893 1
23894 2
23895 0
23896 1
23897 0
23898 1
23899 2
23900 1
23901 0
23902 1
23903 2
23904 0
23905 3
23906 0
23907 0
23908 0
23909 1
23910 2
23911 1
23912 1
23913 2
23914 2
23915 2
23916 2
23917 1
23918 1
23919 0
23920 2
23921 0
23922 1
23923 2
23924 3
23925 0
23926 1
23927 1
23928 2
23929 1
23930 2
23931 1
23932 2
23933 2
23934 1
23935 2
23936 0
23937 1
23938 2
23939 1
23940 1
23941 0
23942 3
23943 1
23944 1
23945 2
23946 2
23947 1
23948 0
23949 0
23950 2
23951 0
23952 0
23953 1
23954 0
23955 0
23956 0
23957 1
23958 2
23959 0
23960 1
23961 0
23962 1
23963 2
23964 0
23965 0
23966 0
23967 2
23968 0
23969 0
23970 1
23971 0
23972 1
23973 0
23974 0
23975 2
23976 1
23977 1
23978 0
23979 0
23980 0
23981 2
23982 0
23983 2
23984 2
23985 0
23986 0
23987 1
23988 1
23989 1
23990 1
23991 2
23992 1
23993 1
23994 2
23995 1
23996 2
23997 1
23998 1
23999 0
24000 3
24001 0
24002 2
24003 1
24004 0
24005 1
24006 0
24007 4
24008 1
24009 0
24010 0
24011 0
24012 2
24013 0
24014 1
24015 1
24016 0
24017 3
24018 1
24019 2
24020 0
24021 2
24022 1
24023 1
24024 2
24025 0
24026 1
24027 1
24028 1
24029 0
24030 2
24031 1
24032 0
24033 2
24034 1
24035 0
24036 2
24037 0
24038 1
24039 2
24040 0
24041 0
24042 2
24043 0
24044 1
24045 2
24046 0
24047 1
24048 0
24049 0
24050 1
24051 2
24052 0
24053 1
24054 1
24055 0
24056 0
24057 0
24058 2
24059 1
24060 3
24061 1
24062 3
24063 1
24064 2
24065 2
24066 2
24067 1
24068 3
24069 2
24070 3
24071 1
24072 2
24073 2
24074 2
24075 1
24076 2
24077 0
24078 2
24079 2
24080 0
24081 1
24082 1
24083 1
24084 0
24085 0
24086 1
24087 2
24088 2
24089 2
24090 1
24091 2
24092 1
24093 1
24094 0
24095 2
24096 1
24097 2
24098 1
24099 2
24100 2
24101 0
24102 1
24103 1
24104 2
24105 1
24106 3
24107 2
24108 1
24109 2
24110 2
24111 0
24112 3
24113 2
24114 0
24115 1
24116 1
24117 1
24118 2
24119 1
24120 1
24121 1
24122 0
24123 0
24124 1
24125 1
24126 2
24127 2
24128 3
24129 1
24130 2
24131 2
24132 2
24133 2
24134 2
24135 0
24136 0
24137 0
24138 1
24139 1
24140 2
24141 1
24142 0
24143 1
24144 0
24145 2
24146 1
24147 3
24148 1
24149 2
24150 0
24151 0
24152 1
24153 0
24154 0
24155 2
24156 0
24157 2
24158 2
24159 1
24160 0
24161 0
24162 1
24163 0
24164 1
24165 1
24166 0
24167 2
24168 2
24169 0
24170 1
24171 1
24172 0
24173 0
24174 1
24175 1
24176 3
24177 3
24178 0
24179 0
24180 1
24181 1
24182 0
24183 1
24184 0
24185 2
24186 2
24187 1
24188 2
24189 0
24190 1
24191 0
24192 2
24193 0
24194 0
24195 1
24196 1
24197 1
24198 0
24199 0
24200 0
24201 0
24202 0
24203 2
24204 1
24205 0
24206 1
24207 0
24208 2
24209 2
24210 0
24211 2
24212 1
24213 1
24214 1
24215 1
24216 0
24217 0
24218 2
24219 1
24220 2
24221 1
24222 2
24223 0
24224 1
24225 2
24226 2
24227 1
24228 2
24229 1
24230 2
24231 0
24232 1
24233 2
24234 0
24235 1
24236 0
24237 0
24238 3
24239 1
24240 2
24241 2
24242 0
24243 0
24244 1
24245 0
24246 1
24247 1
24248 0
24249 1
24250 0
24251 1
24252 0
24253 0
24254 3
24255 1
24256 1
24257 2
24258 0
24259 0
24260 0
24261 2
24262 1
24263 0
24264 0
24265 3
24266 0
24267 0
24268 0
24269 0
24270 1
24271 1
24272 0
24273 1
24274 2
24275 1
24276 2
24277 1
24278 0
24279 0
24280 1
24281 0
24282 0
24283 2
24284 2
24285 0
24286 2
24287 2
24288 3
24289 0
24290 1
24291 2
24292 3
24293 2
24294 1
24295 1
24296 2
24297 2
24298 0
24299 3
24300 0
24301 3
24302 2
24303 0
24304 1
24305 1
24306 1
24307 0
24308 2
24309 2
24310 1
24311 1
24312 2
24313 1
24314 0
24315 2
24316 0
24317 1
24318 3
24319 2
24320 0
24321 1
24322 2
24323 1
24324 2
24325 0
24326 2
24327 1
24328 0
24329 2
24330 2
24331 1
24332 2
24333 0
24334 1
24335 1
24336 1
24337 1
24338 3
24339 2
24340 0
24341 1
24342 1
24343 0
24344 0
24345 0
24346 3
24347 2
24348 1
24349 1
24350 1
24351 0
24352 1
24353 0
24354 3
24355 0
24356 0
24357 1
24358 2
24359 0
24360 0
24361 0
24362 2
24363 0
24364 3
24365 0
24366 2
24367 2
24368 1
24369 1
24370 2
24371 0
24372 2
24373 0
24374 2
24375 2
24376 0
24377 2
24378 0
24379 1
24380 0
24381 1
24382 0
24383 0
24384 2
24385 2
24386 1
24387 2
24388 1
24389 2
24390 0
24391 1
24392 1
24393 1
24394 2
24395 0
24396 0
24397 3
24398 0
24399 1
24400 1
24401 1
24402 1
24403 0
24404 2
24405 0
24406 0
24407 0
24408 2
24409 1
24410 2
24411 0
24412 1
24413 1
24414 2
24415 2
24416 0
24417 2
24418 0
24419 1
24420 0
24421 2
24422 0
24423 2
24424 2
24425 1
24426 2
24427 1
24428 1
24429 0
24430 0
24431 0
24432 2
24433 0
24434 2
24435 2
24436 1
24437 0
24438 1
24439 0
24440 1
24441 3
24442 0
24443 1
24444 0
24445 0
24446 0
24447 2
24448 3
24449 1
24450 1
24451 0
24452 1
24453 1
24454 0
24455 1
24456 1
24457 3
24458 1
24459 0
24460 2
24461 2
24462 1
24463 1
24464 2
24465 0
24466 2
24467 2
24468 2
24469 2
24470 1
24471 2
24472 2
24473 1
24474 2
24475 2
24476 0
24477 2
24478 1
24479 1
24480 1
24481 1
24482 1
24483 1
24484 2
24485 0
24486 2
24487 2
24488 1
24489 1
24490 0
24491 2
24492 0
24493 2
24494 3
24495 1
24496 0
24497 3
24498 0
24499 0
24500 1
24501 2
24502 3
24503 3
24504 3
24505 1
24506 0
24507 1
24508 0
24509 0
24510 1
24511 0
24512 0
24513 2
24514 1
24515 1
24516 0
24517 1
24518 0
24519 0
24520 0
24521 0
24522 2
24523 0
24524 1
24525 0
24526 0
24527 0
24528 1
24529 0
24530 0
24531 1
24532 1
24533 0
24534 1
24535 1
24536 0
24537 2
24538 2
24539 0
24540 2
24541 3
24542 2
24543 0
24544 3
24545 0
24546 0
24547 3
24548 2
24549 0
24550 0
24551 1
24552 2
24553 2
24554 1
24555 1
24556 3
24557 0
24558 0
24559 1
24560 1
24561 1
24562 1
24563 1
24564 2
24565 2
24566 1
24567 1
24568 0
24569 1
24570 1
24571 0
24572 3
24573 1
24574 0
24575 1
24576 2
24577 0
24578 1
24579 1
24580 0
24581 0
24582 2
24583 0
24584 1
24585 0
24586 0
24587 0
24588 0
24589 2
24590 1
24591 2
24592 0
24593 2
24594 1
24595 1
24596 1
24597 0
24598 1
24599 1
24600 0
24601 1
24602 0
24603 1
24604 1
24605 2
24606 2
24607 2
24608 2
24609 1
24610 1
24611 2
24612 0
24613 1
24614 1
24615 3
24616 1
24617 1
24618 1
24619 1
24620 1
24621 0
24622 2
24623 1
24624 2
24625 3
24626 1
24627 3
24628 1
24629 1
24630 0
24631 0
24632 0
24633 3
24634 0
24635 0
24636 2
24637 2
24638 2
24639 0
24640 1
24641 2
24642 1
24643 2
24644 1
24645 1
24646 2
24647 2
24648 0
24649 1
24650 0
24651 0
24652 0
24653 1
24654 0
24655 1
24656 1
24657 2
24658 1
24659 1
24660 1
24661 0
24662 1
24663 2
24664 1
24665 1
24666 3
24667 0
24668 2
24669 2
24670 1
24671 3
24672 1
24673 0
24674 0
24675 1
24676 1
24677 1
24678 0
24679 1
24680 1
24681 1
24682 1
24683 3
24684 2
24685 0
24686 1
24687 1
24688 0
24689 3
24690 1
24691 0
24692 2
24693 0
24694 0
24695 1
24696 1
24697 2
24698 1
24699 1
24700 1
24701 2
24702 0
24703 1
24704 0
24705 3
24706 2
24707 0
24708 0
24709 1
24710 1
24711 2
24712 2
24713 2
24714 1
24715 1
24716 1
24717 2
24718 1
24719 0
24720 3
24721 2
24722 2
24723 0
24724 2
24725 0
24726 0
24727 0
24728 1
24729 0
24730 0
24731 2
24732 2
24733 2
24734 1
24735 1
24736 2
24737 1
24738 2
24739 1
24740 0
24741 2
24742 2
24743 0
24744 3
24745 0
24746 1
24747 3
24748 2
24749 0
24750 1
24751 1
24752 0
24753 2
24754 3
24755 0
24756 1
24757 0
24758 2
24759 3
24760 0
24761 2
24762 2
24763 1
24764 1
24765 0
24766 0
24767 0
24768 0
24769 1
24770 0
24771 1
24772 1
24773 3
24774 2
24775 0
24776 0
24777 1
24778 1
24779 0
24780 0
24781 0
24782 3
24783 0
24784 1
24785 1
24786 2
24787 0
24788 0
24789 0
24790 2
24791 1
24792 1
24793 2
24794 1
24795 0
24796 2
24797 0
24798 1
24799 2
24800 1
24801 0
24802 1
24803 0
24804 2
24805 0
24806 2
24807 0
24808 0
24809 0
24810 1
24811 1
24812 3
24813 1
24814 2
24815 1
24816 0
24817 2
24818 0
24819 0
24820 1
24821 3
24822 2
24823 2
24824 2
24825 3
24826 1
24827 0
24828 0
24829 2
24830 0
24831 3
24832 0
24833 1
24834 1
24835 1
24836 1
24837 3
24838 0
24839 1
24840 0
24841 0
24842 0
24843 2
24844 2
24845 0
24846 1
24847 0
24848 1
24849 0
24850 1
24851 1
24852 1
24853 2
24854 1
24855 0
24856 1
24857 0
24858 1
24859 1
24860 1
24861 3
24862 1
24863 2
24864 1
24865 0
24866 1
24867 0
24868 1
24869 1
24870 2
24871 1
24872 2
24873 0
24874 0
24875 1
24876 1
24877 2
24878 0
24879 0
24880 1
24881 0
24882 1
24883 0
24884 1
24885 2
24886 1
24887 3
24888 2
24889 3
24890 1
24891 0
24892 2
24893 2
24894 1
24895 2
24896 2
24897 1
24898 1
24899 0
24900 1
24901 1
24902 1
24903 1
24904 2
24905 1
24906 1
24907 1
24908 0
24909 2
24910 1
24911 2
24912 2
24913 0
24914 2
24915 0
24916 1
24917 1
24918 2
24919 2
24920 3
24921 0
24922 3
24923 1
24924 0
24925 0
24926 2
24927 0
24928 1
24929 0
24930 2
24931 3
24932 1
24933 2
24934 2
24935 2
24936 1
24937 2
24938 2
24939 1
24940 1
24941 1
24942 0
24943 2
24944 0
24945 1
24946 1
24947 2
24948 0
24949 0
24950 3
24951 1
24952 2
24953 2
24954 1
24955 2
24956 0
24957 2
24958 2
24959 1
24960 1
24961 3
24962 3
24963 0
24964 1
24965 3
24966 1
24967 0
24968 0
24969 0
24970 1
24971 0
24972 2
24973 1
24974 2
24975 1
24976 1
24977 2
24978 1
24979 0
24980 0
24981 0
24982 1
24983 0
24984 1
24985 0
24986 1
24987 1
24988 4
24989 2
24990 1
24991 3
24992 3
24993 1
24994 0
24995 1
24996 1
24997 2
24998 2
24999 1
25000 0
25001 1
25002 1
25003 1
25004 2
25005 1
25006 1
25007 1
25008 2
25009 1
25010 1
25011 1
25012 1
25013 1
25014 2
25015 1
25016 0
25017 1
25018 0
25019 0
25020 0
25021 3
25022 0
25023 2
25024 0
25025 2
25026 2
25027 1
25028 2
25029 1
25030 2
25031 0
25032 1
25033 0
25034 0
25035 2
25036 0
25037 0
25038 1
25039 2
25040 0
25041 1
25042 2
25043 3
25044 1
25045 2
25046 0
25047 2
25048 1
25049 1
25050 0
25051 2
25052 2
25053 3
25054 1
25055 1
25056 0
25057 1
25058 0
25059 0
25060 1
25061 0
25062 3
25063 2
25064 0
25065 1
25066 2
25067 2
25068 1
25069 1
25070 2
25071 1
25072 3
25073 1
25074 1
25075 2
25076 0
25077 1
25078 0
25079 2
25080 1
25081 0
25082 2
25083 1
25084 2
25085 1
25086 0
25087 0
25088 1
25089 2
25090 1
25091 2
25092 0
25093 1
25094 2
25095 1
25096 1
25097 1
25098 1
25099 1
25100 0
25101 0
25102 1
25103 1
25104 2
25105 0
25106 0
25107 1
25108 2
25109 1
25110 2
25111 2
25112 2
25113 0
25114 1
25115 0
25116 1
25117 1
25118 1
25119 1
25120 2
25121 1
25122 0
25123 1
25124 1
25125 2
25126 1
25127 3
25128 1
25129 1
25130 1
25131 3
25132 1
25133 2
25134 1
25135 0
25136 1
25137 1
25138 0
25139 0
25140 0
25141 1
25142 2
25143 1
25144 1
25145 1
25146 0
25147 0
25148 2
25149 0
25150 3
25151 2
25152 2
25153 2
25154 2
25155 0
25156 3
25157 2
25158 2
25159 2
25160 0
25161 0
25162 2
25163 3
25164 1
25165 0
25166 2
25167 2
25168 2
25169 1
25170 2
25171 1
25172 2
25173 2
25174 1
25175 1
25176 2
25177 2
25178 2
25179 1
25180 2
25181 0
25182 0
25183 2
25184 0
25185 3
25186 1
25187 0
25188 1
25189 1
25190 0
25191 1
25192 1
25193 0
25194 1
25195 1
25196 1
25197 0
25198 2
25199 0
25200 1
25201 0
25202 2
25203 2
25204 1
25205 0
25206 2
25207 2
25208 0
25209 1
25210 0
25211 1
25212 2
25213 2
25214 3
25215 1
25216 0
25217 1
25218 2
25219 1
25220 2
25221 0
25222 2
25223 3
25224 2
25225 2
25226 0
25227 0
25228 1
25229 1
25230 2
25231 0
25232 2
25233 0
25234 0
25235 2
25236 1
25237 2
25238 1
25239 0
25240 0
25241 3
25242 2
25243 2
25244 2
25245 3
25246 1
25247 3
25248 2
25249 1
25250 0
25251 0
25252 0
25253 2
25254 2
25255 3
25256 0
25257 1
25258 3
25259 1
25260 2
25261 1
25262 0
25263 1
25264 1
25265 2
25266 1
25267 1
25268 0
25269 0
25270 1
25271 2
25272 3
25273 0
25274 0
25275 1
25276 3
25277 1
25278 0
25279 1
25280 2
25281 1
25282 1
25283 1
25284 1
25285 1
25286 2
25287 1
25288 3
25289 0
25290 2
25291 0
25292 1
25293 2
25294 3
25295 2
25296 2
25297 1
25298 2
25299 1
25300 1
25301 1
25302 0
25303 2
25304 0
25305 0
25306 1
25307 2
25308 2
25309 0
25310 2
25311 1
25312 1
25313 1
25314 1
25315 2
25316 0
25317 1
25318 0
25319 0
25320 1
25321 1
25322 0
25323 0
25324 2
25325 2
25326 1
25327 2
25328 0
25329 0
25330 0
25331 2
25332 2
25333 1
25334 0
25335 1
25336 2
25337 1
25338 2
25339 2
25340 2
25341 0
25342 0
25343 0
25344 2
25345 1
25346 2
25347 2
25348 1
25349 1
25350 2
25351 1
25352 0
25353 0
25354 0
25355 1
25356 1
25357 1
25358 0
25359 0
25360 1
25361 1
25362 0
25363 1
25364 0
25365 1
25366 1
25367 3
25368 0
25369 0
25370 1
25371 0
25372 1
25373 2
25374 2
25375 1
25376 2
25377 1
25378 2
25379 0
25380 1
25381 2
25382 1
25383 2
25384 2
25385 0
25386 1
25387 2
25388 2
25389 1
25390 2
25391 0
25392 0
25393 0
25394 0
25395 1
25396 1
25397 1
25398 0
25399 1
25400 1
25401 2
25402 3
25403 0
25404 2
25405 1
25406 0
25407 2
25408 1
25409 1
25410 1
25411 0
25412 1
25413 0
25414 1
25415 2
25416 3
25417 1
25418 1
25419 2
25420 2
25421 0
25422 1
25423 0
25424 2
25425 2
25426 1
25427 3
25428 1
25429 1
25430 1
25431 2
25432 1
25433 0
25434 2
25435 1
25436 1
25437 3
25438 1
25439 1
25440 1
25441 2
25442 3
25443 0
25444 2
25445 1
25446 1
25447 1
25448 3
25449 0
25450 2
25451 2
25452 1
25453 1
25454 2
25455 2
25456 0
25457 2
25458 1
25459 2
25460 1
25461 1
25462 0
25463 2
25464 0
25465 2
25466 2
25467 3
25468 1
25469 0
25470 1
25471 3
25472 1
25473 2
25474 1
25475 1
25476 0
25477 0
25478 1
25479 0
25480 0
25481 0
25482 1
25483 1
25484 0
25485 1
25486 1
25487 1
25488 1
25489 1
25490 2
25491 3
25492 1
25493 2
25494 1
25495 1
25496 0
25497 0
25498 0
25499 3
25500 2
25501 2
25502 0
25503 1
25504 0
25505 0
25506 0
25507 0
25508 0
25509 1
25510 2
25511 1
25512 1
25513 1
25514 2
25515 0
25516 1
25517 2
25518 2
25519 2
25520 1
25521 2
25522 0
25523 2
25524 1
25525 0
25526 1
25527 2
25528 0
25529 0
25530 2
25531 1
25532 1
25533 1
25534 3
25535 0
25536 0
25537 1
25538 0
25539 0
25540 2
25541 0
25542 3
25543 1
25544 2
25545 2
25546 0
25547 2
25548 3
25549 2
25550 3
25551 0
25552 1
25553 0
25554 2
25555 3
25556 0
25557 0
25558 0
25559 1
25560 0
25561 0
25562 1
25563 1
25564 0
25565 2
25566 1
25567 3
25568 2
25569 3
25570 0
25571 1
25572 1
25573 0
25574 0
25575 0
25576 1
25577 2
25578 0
25579 0
25580 0
25581 2
25582 2
25583 0
25584 0
25585 1
25586 0
25587 0
25588 0
25589 3
25590 1
25591 2
25592 2
25593 0
25594 1
25595 2
25596 1
25597 0
25598 1
25599 3
25600 3
25601 0
25602 0
25603 2
25604 0
25605 1
25606 0
25607 1
25608 2
25609 3
25610 1
25611 2
25612 0
25613 0
25614 2
25615 0
25616 1
25617 1
25618 0
25619 1
25620 1
25621 3
25622 1
25623 0
25624 2
25625 2
25626 0
25627 2
25628 0
25629 1
25630 0
25631 2
25632 0
25633 1
25634 2
25635 0
25636 1
25637 1
25638 1
25639 2
25640 0
25641 2
25642 2
25643 2
25644 0
25645 0
25646 2
25647 0
25648 2
25649 2
25650 2
25651 1
25652 1
25653 1
25654 2
25655 1
25656 1
25657 2
25658 0
25659 2
25660 1
25661 2
25662 1
25663 0
25664 2
25665 1
25666 1
25667 1
25668 0
25669 1
25670 1
25671 0
25672 2
25673 0
25674 0
25675 1
25676 0
25677 1
25678 1
25679 2
25680 0
25681 2
25682 0
25683 2
25684 3
25685 3
25686 2
25687 1
25688 1
25689 1
25690 3
25691 1
25692 2
25693 2
25694 2
25695 0
25696 2
25697 2
25698 0
25699 2
25700 0
25701 0
25702 3
25703 1
25704 1
25705 2
25706 2
25707 1
25708 1
25709 0
25710 2
25711 2
25712 3
25713 3
25714 2
25715 2
25716 0
25717 0
25718 0
25719 1
25720 0
25721 0
25722 0
25723 1
25724 0
25725 2
25726 1
25727 1
25728 2
25729 2
25730 1
25731 2
25732 1
25733 2
25734 0
25735 2
25736 0
25737 2
25738 0
25739 0
25740 1
25741 0
25742 1
25743 0
25744 1
25745 2
25746 1
25747 1
25748 0
25749 0
25750 2
25751 1
25752 2
25753 1
25754 0
25755 1
25756 2
25757 1
25758 1
25759 1
25760 0
25761 1
25762 1
25763 0
25764 0
25765 2
25766 1
25767 0
25768 1
25769 1
25770 0
25771 0
25772 2
25773 0
25774 1
25775 3
25776 1
25777 2
25778 0
25779 2
25780 0
25781 1
25782 0
25783 0
25784 0
25785 2
25786 0
25787 1
25788 1
25789 0
25790 1
25791 1
25792 2
25793 0
25794 2
25795 1
25796 1
25797 0
25798 1
25799 1
25800 1
25801 0
25802 1
25803 0
25804 1
25805 1
25806 0
25807 0
25808 1
25809 1
25810 1
25811 1
25812 1
25813 2
25814 0
25815 1
25816 3
25817 1
25818 0
25819 0
25820 2
25821 2
25822 2
25823 0
25824 0
25825 0
25826 1
25827 1
25828 3
25829 0
25830 0
25831 0
25832 1
25833 0
25834 2
25835 1
25836 3
25837 1
25838 1
25839 1
25840 0
25841 2
25842 0
25843 0
25844 2
25845 0
25846 0
25847 2
25848 2
25849 3
25850 1
25851 2
25852 1
25853 0
25854 1
25855 3
25856 1
25857 2
25858 2
25859 2
25860 0
25861 2
25862 1
25863 0
25864 1
25865 1
25866 2
25867 3
25868 1
25869 1
25870 0
25871 2
25872 1
25873 1
25874 1
25875 3
25876 1
25877 1
25878 2
25879 1
25880 3
25881 2
25882 1
25883 1
25884 1
25885 1
25886 1
25887 0
25888 0
25889 1
25890 1
25891 2
25892 1
25893 2
25894 0
25895 2
25896 1
25897 1
25898 3
25899 1
25900 2
25901 0
25902 1
25903 1
25904 1
25905 0
25906 1
25907 3
25908 0
25909 1
25910 0
25911 0
25912 0
25913 0
25914 1
25915 1
25916 0
25917 1
25918 0
25919 2
25920 1
25921 0
25922 1
25923 2
25924 1
25925 3
25926 0
25927 2
25928 1
25929 2
25930 1
25931 2
25932 0
25933 0
25934 3
25935 1
25936 1
25937 1
25938 0
25939 1
25940 0
25941 1
25942 1
25943 1
25944 0
25945 1
25946 1
25947 1
25948 2
25949 1
25950 1
25951 0
25952 0
25953 1
25954 0
25955 0
25956 0
25957 3
25958 2
25959 0
25960 0
25961 1
25962 2
25963 2
25964 1
25965 1
25966 0
25967 1
25968 1
25969 2
25970 1
25971 2
25972 0
25973 2
25974 0
25975 1
25976 0
25977 0
25978 1
25979 0
25980 0
25981 0
25982 0
25983 2
25984 0
25985 1
25986 2
25987 2
25988 0
25989 2
25990 0
25991 1
25992 0
25993 2
25994 2
25995 0
25996 0
25997 1
25998 2
25999 0
26000 1
26001 2
26002 1
26003 0
26004 1
26005 2
26006 0
26007 0
26008 0
26009 0
26010 0
26011 1
26012 1
26013 1
26014 2
26015 0
26016 1
26017 1
26018 1
26019 1
26020 1
26021 1
26022 1
26023 1
26024 1
26025 0
26026 0
26027 0
26028 1
26029 3
26030 1
26031 0
26032 0
26033 1
26034 0
26035 0
26036 0
26037 2
26038 3
26039 1
26040 1
26041 2
26042 2
26043 0
26044 1
26045 0
26046 3
26047 1
26048 0
26049 1
26050 1
26051 1
26052 1
26053 0
26054 0
26055 2
26056 2
26057 2
26058 0
26059 0
26060 2
26061 0
26062 2
26063 0
26064 1
26065 0
26066 3
26067 1
26068 0
26069 0
26070 1
26071 1
26072 1
26073 0
26074 2
26075 0
26076 0
26077 1
26078 2
26079 1
26080 0
26081 0
26082 3
26083 0
26084 1
26085 0
26086 0
26087 3
26088 2
26089 1
26090 1
26091 2
26092 2
26093 2
26094 1
26095 1
26096 2
26097 0
26098 0
26099 1
26100 2
26101 0
26102 1
26103 1
26104 4
26105 2
26106 0
26107 2
26108 0
26109 0
26110 1
26111 0
26112 0
26113 1
26114 2
26115 3
26116 2
26117 0
26118 0
26119 2
26120 1
26121 0
26122 2
26123 2
26124 2
26125 2
26126 2
26127 2
26128 2
26129 1
26130 1
26131 1
26132 2
26133 0
26134 1
26135 1
26136 1
26137 1
26138 1
26139 2
26140 0
26141 0
26142 1
26143 2
26144 0
26145 0
26146 1
26147 0
26148 0
26149 3
26150 1
26151 1
26152 0
26153 1
26154 1
26155 2
26156 2
26157 2
26158 4
26159 2
26160 2
26161 1
26162 0
26163 2
26164 0
26165 1
26166 1
26167 1
26168 1
26169 0
26170 2
26171 1
26172 2
26173 0
26174 0
26175 3
26176 0
26177 2
26178 1
26179 0
26180 2
26181 2
26182 0
26183 1
26184 2
26185 2
26186 2
26187 1
26188 2
26189 1
26190 0
26191 3
26192 2
26193 1
26194 2
26195 0
26196 1
26197 2
26198 0
26199 0
26200 0
26201 1
26202 0
26203 2
26204 0
26205 0
26206 0
26207 1
26208 1
26209 0
26210 3
26211 3
26212 0
26213 2
26214 0
26215 1
26216 2
26217 2
26218 0
26219 3
26220 0
26221 1
26222 1
26223 1
26224 0
26225 0
26226 2
26227 2
26228 2
26229 3
26230 3
26231 2
26232 0
26233 2
26234 0
26235 2
26236 0
26237 0
26238 0
26239 0
26240 0
26241 0
26242 3
26243 2
26244 0
26245 2
26246 0
26247 0
26248 2
26249 1
26250 3
26251 1
26252 2
26253 1
26254 1
26255 1
26256 0
26257 4
26258 1
26259 0
26260 0
26261 2
26262 2
26263 1
26264 0
26265 1
26266 1
26267 0
26268 1
26269 2
26270 0
26271 1
26272 0
26273 0
26274 1
26275 1
26276 3
26277 0
26278 0
26279 2
26280 2
26281 3
26282 0
26283 1
26284 0
26285 1
26286 0
26287 1
26288 2
26289 1
26290 1
26291 2
26292 1
26293 2
26294 1
26295 3
26296 1
26297 2
26298 1
26299 0
26300 0
26301 2
26302 0
26303 1
26304 0
26305 2
26306 2
26307 0
26308 0
26309 0
26310 0
26311 1
26312 1
26313 1
26314 0
26315 1
26316 0
26317 0
26318 0
26319 0
26320 2
26321 1
26322 2
26323 2
26324 2
26325 1
26326 0
26327 1
26328 2
26329 1
26330 2
26331 0
26332 2
26333 2
26334 1
26335 1
26336 0
26337 1
26338 2
26339 2
26340 2
26341 0
26342 1
26343 2
26344 1
26345 1
26346 2
26347 1
26348 1
26349 2
26350 1
26351 3
26352 1
26353 0
26354 0
26355 1
26356 2
26357 2
26358 3
26359 3
26360 3
26361 2
26362 1
26363 2
26364 2
26365 0
26366 0
26367 1
26368 3
26369 0
26370 0
26371 2
26372 0
26373 1
26374 2
26375 2
26376 0
26377 2
26378 0
26379 1
26380 0
26381 2
26382 1
26383 0
26384 1
26385 1
26386 1
26387 0
26388 2
26389 0
26390 0
26391 0
26392 0
26393 1
26394 0
26395 2
26396 2
26397 0
26398 1
26399 0
26400 1
26401 2
26402 0
26403 0
26404 0
26405 0
26406 0
26407 1
26408 1
26409 0
26410 1
26411 1
26412 1
26413 1
26414 2
26415 2
26416 0
26417 0
26418 3
26419 1
26420 2
26421 1
26422 0
26423 2
26424 1
26425 1
26426 0
26427 0
26428 3
26429 0
26430 2
26431 2
26432 0
26433 0
26434 1
26435 1
26436 2
26437 2
26438 2
26439 0
26440 1
26441 0
26442 1
26443 1
26444 2
26445 0
26446 1
26447 0
26448 1
26449 1
26450 0
26451 2
26452 1
26453 2
26454 0
26455 2
26456 1
26457 2
26458 1
26459 0
26460 1
26461 0
26462 1
26463 1
26464 0
26465 1
26466 2
26467 0
26468 0
26469 2
26470 1
26471 1
26472 2
26473 1
26474 0
26475 0
26476 1
26477 1
26478 2
26479 3
26480 0
26481 2
26482 2
26483 0
26484 1
26485 0
26486 1
26487 3
26488 2
26489 2
26490 2
26491 2
26492 1
26493 3
26494 0
26495 1
26496 2
26497 0
26498 1
26499 2
26500 1
26501 1
26502 0
26503 0
26504 0
26505 0
26506 0
26507 1
26508 1
26509 2
26510 1
26511 2
26512 0
26513 3
26514 2
26515 2
26516 3
26517 2
26518 2
26519 2
26520 0
26521 0
26522 1
26523 2
26524 2
26525 3
26526 1
26527 2
26528 2
26529 1
26530 0
26531 1
26532 0
26533 1
26534 1
26535 3
26536 2
26537 2
26538 0
26539 1
26540 3
26541 1
26542 0
26543 1
26544 2
26545 1
26546 2
26547 2
26548 0
26549 3
26550 1
26551 2
26552 3
26553 2
26554 1
26555 2
26556 2
26557 3
26558 1
26559 3
26560 2
26561 1
26562 0
26563 1
26564 2
26565 1
26566 2
26567 2
26568 1
26569 2
26570 2
26571 1
26572 1
26573 1
26574 2
26575 1
26576 1
26577 0
26578 0
26579 0
26580 0
26581 1
26582 0
26583 3
26584 2
26585 0
26586 0
26587 2
26588 0
26589 2
26590 0
26591 1
26592 0
26593 2
26594 0
26595 1
26596 1
26597 0
26598 1
26599 2
26600 1
26601 0
26602 1
26603 2
26604 0
26605 2
26606 1
26607 0
26608 1
26609 2
26610 2
26611 2
26612 2
26613 2
26614 1
26615 2
26616 1
26617 2
26618 1
26619 0
26620 0
26621 2
26622 2
26623 1
26624 3
26625 0
26626 1
26627 1
26628 0
26629 0
26630 1
26631 1
26632 1
26633 2
26634 2
26635 1
26636 1
26637 2
26638 2
26639 2
26640 0
26641 3
26642 0
26643 0
26644 0
26645 3
26646 0
26647 1
26648 0
26649 2
26650 1
26651 1
26652 1
26653 0
26654 2
26655 0
26656 1
26657 3
26658 1
26659 1
26660 3
26661 0
26662 3
26663 2
26664 0
26665 0
26666 1
26667 2
26668 1
26669 1
26670 2
26671 2
26672 2
26673 2
26674 0
26675 0
26676 3
26677 2
26678 2
26679 3
26680 2
26681 1
26682 1
26683 1
26684 1
26685 0
26686 2
26687 1
26688 0
26689 0
26690 0
26691 2
26692 2
26693 1
26694 0
26695 0
26696 0
26697 1
26698 1
26699 0
26700 0
26701 2
26702 1
26703 2
26704 0
26705 0
26706 1
26707 2
26708 0
26709 1
26710 1
26711 1
26712 2
26713 0
26714 1
26715 2
26716 2
26717 2
26718 1
26719 1
26720 0
26721 1
26722 2
26723 1
26724 1
26725 2
26726 2
26727 0
26728 0
26729 1
26730 2
26731 2
26732 1
26733 3
26734 1
26735 2
26736 2
26737 0
26738 1
26739 0
26740 2
26741 1
26742 0
26743 2
26744 2
26745 0
26746 2
26747 0
26748 3
26749 2
26750 0
26751 2
26752 2
26753 0
26754 1
26755 1
26756 0
26757 3
26758 0
26759 2
26760 2
26761 0
26762 2
26763 0
26764 0
26765 1
26766 2
26767 2
26768 2
26769 1
26770 2
26771 0
26772 0
26773 1
26774 1
26775 0
26776 1
26777 3
26778 0
26779 2
26780 1
26781 1
26782 3
26783 2
26784 3
26785 0
26786 1
26787 0
26788 0
26789 1
26790 2
26791 0
26792 1
26793 0
26794 2
26795 0
26796 2
26797 0
26798 2
26799 1
26800 1
26801 0
26802 1
26803 3
26804 1
26805 1
26806 0
26807 1
26808 0
26809 0
26810 1
26811 1
26812 0
26813 0
26814 0
26815 2
26816 2
26817 1
26818 2
26819 0
26820 3
26821 2
26822 3
26823 2
26824 0
26825 0
26826 1
26827 2
26828 0
26829 1
26830 0
26831 0
26832 1
26833 0
26834 1
26835 1
26836 2
26837 0
26838 3
26839 2
26840 1
26841 0
26842 0
26843 1
26844 0
26845 0
26846 0
26847 1
26848 1
26849 1
26850 1
26851 0
26852 2
26853 1
26854 1
26855 0
26856 3
26857 0
26858 3
26859 0
26860 0
26861 1
26862 1
26863 0
26864 1
26865 1
26866 3
26867 2
26868 2
26869 1
26870 2
26871 2
26872 0
26873 1
26874 0
26875 0
26876 2
26877 2
26878 1
26879 1
26880 2
26881 2
26882 1
26883 2
26884 1
26885 3
26886 2
26887 2
26888 0
26889 1
26890 1
26891 0
26892 1
26893 0
26894 2
26895 2
26896 0
26897 2
26898 2
26899 3
26900 0
26901 1
26902 0
26903 2
26904 0
26905 2
26906 2
26907 0
26908 1
26909 3
26910 1
26911 2
26912 2
26913 0
26914 2
26915 1
26916 2
26917 0
26918 1
26919 3
26920 1
26921 1
26922 1
26923 2
26924 2
26925 2
26926 1
26927 1
26928 0
26929 1
26930 1
26931 1
26932 0
26933 1
26934 1
26935 0
26936 1
26937 0
26938 1
26939 1
26940 0
26941 1
26942 0
26943 1
26944 2
26945 0
26946 1
26947 3
26948 2
26949 1
26950 0
26951 1
26952 1
26953 1
26954 1
26955 1
26956 0
26957 0
26958 1
26959 1
26960 1
26961 1
26962 0
26963 2
26964 1
26965 1
26966 0
26967 2
26968 2
26969 2
26970 1
26971 1
26972 2
26973 1
26974 1
26975 1
26976 1
26977 1
26978 0
26979 0
26980 1
26981 0
26982 3
26983 1
26984 0
26985 2
26986 2
26987 0
26988 3
26989 1
26990 2
26991 1
26992 1
26993 2
26994 0
26995 2
26996 0
26997 0
26998 2
26999 3
27000 2
27001 2
27002 0
27003 0
27004 2
27005 0
27006 2
27007 1
27008 1
27009 2
27010 2
27011 3
27012 1
27013 2
27014 2
27015 0
27016 0
27017 2
27018 2
27019 2
27020 0
27021 2
27022 0
27023 2
27024 1
27025 0
27026 1
27027 2
27028 2
27029 1
27030 1
27031 0
27032 0
27033 2
27034 1
27035 0
27036 0
27037 2
27038 2
27039 1
27040 2
27041 1
27042 2
27043 2
27044 1
27045 1
27046 1
27047 2
27048 1
27049 2
27050 0
27051 2
27052 1
27053 1
27054 1
27055 2
27056 0
27057 0
27058 0
27059 1
27060 0
27061 1
27062 2
27063 0
27064 2
27065 0
27066 0
27067 1
27068 1
27069 1
27070 3
27071 2
27072 2
27073 0
27074 0
27075 2
27076 1
27077 1
27078 0
27079 2
27080 1
27081 1
27082 1
27083 0
27084 1
27085 2
27086 2
27087 3
27088 1
27089 2
27090 0
27091 3
27092 0
27093 1
27094 3
27095 1
27096 1
27097 1
27098 1
27099 1
27100 2
27101 2
27102 0
27103 2
27104 2
27105 0
27106 1
27107 1
27108 0
27109 2
27110 2
27111 2
27112 2
27113 1
27114 0
27115 0
27116 2
27117 2
27118 0
27119 1
27120 1
27121 1
27122 0
27123 3
27124 1
27125 1
27126 0
27127 0
27128 0
27129 0
27130 1
27131 0
27132 0
27133 0
27134 2
27135 0
27136 1
27137 1
27138 0
27139 0
27140 2
27141 0
27142 1
27143 2
27144 0
27145 0
27146 2
27147 2
27148 0
27149 0
27150 0
27151 0
27152 0
27153 1
27154 1
27155 0
27156 2
27157 0
27158 2
27159 1
27160 2
27161 2
27162 0
27163 2
27164 2
27165 0
27166 1
27167 0
27168 1
27169 2
27170 0
27171 2
27172 2
27173 0
27174 2
27175 0
27176 0
27177 1
27178 0
27179 1
27180 2
27181 0
27182 0
27183 0
27184 2
27185 2
27186 0
27187 1
27188 2
27189 0
27190 1
27191 0
27192 0
27193 1
27194 1
27195 1
27196 1
27197 1
27198 1
27199 3
27200 2
27201 0
27202 2
27203 0
27204 1
27205 0
27206 2
27207 0
27208 2
27209 0
27210 2
27211 2
27212 2
27213 0
27214 0
27215 1
27216 1
27217 1
27218 3
27219 2
27220 2
27221 0
27222 1
27223 1
27224 2
27225 1
27226 2
27227 0
27228 2
27229 1
27230 0
27231 0
27232 1
27233 0
27234 2
27235 2
27236 2
27237 2
27238 2
27239 1
27240 2
27241 1
27242 1
27243 1
27244 0
27245 1
27246 2
27247 1
27248 1
27249 0
27250 0
27251 2
27252 1
27253 0
27254 1
27255 0
27256 0
27257 1
27258 1
27259 0
27260 0
27261 1
27262 2
27263 2
27264 1
27265 1
27266 0
27267 1
27268 0
27269 2
27270 2
27271 0
27272 1
27273 3
27274 2
27275 1
27276 2
27277 0
27278 2
27279 2
27280 1
27281 0
27282 1
27283 1
27284 2
27285 1
27286 2
27287 2
27288 1
27289 2
27290 0
27291 1
27292 1
27293 0
27294 2
27295 0
27296 2
27297 0
27298 1
27299 0
27300 1
27301 1
27302 2
27303 1
27304 2
27305 1
27306 0
27307 1
27308 0
27309 1
27310 1
27311 0
27312 1
27313 1
27314 2
27315 0
27316 2
27317 2
27318 3
27319 2
27320 1
27321 1
27322 0
27323 1
27324 2
27325 0
27326 2
27327 1
27328 0
27329 2
27330 1
27331 1
27332 1
27333 1
27334 0
27335 1
27336 1
27337 2
27338 1
27339 2
27340 0
27341 2
27342 0
27343 2
27344 1
27345 1
27346 2
27347 1
27348 1
27349 1
27350 1
27351 1
27352 2
27353 1
27354 1
27355 2
27356 2
27357 1
27358 3
27359 2
27360 1
27361 0
27362 2
27363 2
27364 0
27365 1
27366 0
27367 0
27368 2
27369 0
27370 2
27371 2
27372 0
27373 0
27374 1
27375 0
27376 1
27377 1
27378 1
27379 0
27380 0
27381 1
27382 1
27383 3
27384 0
27385 0
27386 1
27387 1
27388 1
27389 2
27390 0
27391 0
27392 0
27393 2
27394 1
27395 0
27396 1
27397 0
27398 1
27399 2
27400 2
27401 0
27402 1
27403 0
27404 0
27405 1
27406 2
27407 1
27408 2
27409 0
27410 0
27411 0
27412 0
27413 0
27414 0
27415 3
27416 2
27417 2
27418 2
27419 1
27420 1
27421 0
27422 3
27423 0
27424 0
27425 1
27426 2
27427 3
27428 0
27429 2
27430 1
27431 0
27432 2
27433 2
27434 1
27435 0
27436 2
27437 1
27438 0
27439 2
27440 3
27441 1
27442 0
27443 1
27444 0
27445 3
27446 1
27447 1
27448 1
27449 0
27450 1
27451 1
27452 2
27453 2
27454 2
27455 1
27456 2
27457 0
27458 0
27459 0
27460 2
27461 2
27462 1
27463 1
27464 0
27465 1
27466 0
27467 1
27468 2
27469 1
27470 0
27471 1
27472 1
27473 0
27474 0
27475 1
27476 0
27477 1
27478 1
27479 0
27480 2
27481 1
27482 1
27483 0
27484 3
27485 1
27486 1
27487 2
27488 0
27489 1
27490 2
27491 2
27492 1
27493 0
27494 0
27495 0
27496 2
27497 1
27498 0
27499 1
27500 3
27501 1
27502 2
27503 1
27504 1
27505 0
27506 1
27507 1
27508 1
27509 1
27510 3
27511 1
27512 1
27513 2
27514 0
27515 0
27516 1
27517 2
27518 2
27519 2
27520 0
27521 2
27522 0
27523 1
27524 1
27525 2
27526 1
27527 1
27528 1
27529 0
27530 1
27531 1
27532 3
27533 2
27534 2
27535 3
27536 2
27537 2
27538 1
27539 0
27540 2
27541 0
27542 1
27543 1
27544 2
27545 1
27546 1
27547 2
27548 2
27549 2
27550 1
27551 1
27552 2
27553 0
27554 2
27555 1
27556 0
27557 3
27558 1
27559 1
27560 1
27561 2
27562 1
27563 2
27564 0
27565 2
27566 2
27567 2
27568 1
27569 1
27570 1
27571 0
27572 2
27573 2
27574 2
27575 1
27576 0
27577 0
27578 2
27579 0
27580 2
27581 1
27582 0
27583 1
27584 1
27585 0
27586 0
27587 1
27588 1
27589 0
27590 2
27591 1
27592 2
27593 1
27594 0
27595 1
27596 2
27597 0
27598 0
27599 1
27600 1
27601 2
27602 0
27603 2
27604 1
27605 0
27606 1
27607 0
27608 2
27609 1
27610 1
27611 1
27612 1
27613 2
27614 1
27615 2
27616 1
27617 0
27618 1
27619 1
27620 1
27621 0
27622 2
27623 1
27624 0
27625 1
27626 3
27627 1
27628 3
27629 1
27630 0
27631 0
27632 0
27633 2
27634 0
27635 3
27636 2
27637 2
27638 1
27639 3
27640 1
27641 0
27642 2
27643 2
27644 2
27645 2
27646 1
27647 2
27648 0
27649 2
27650 2
27651 0
27652 0
27653 0
27654 2
27655 0
27656 1
27657 2
27658 1
27659 2
27660 0
27661 0
27662 2
27663 1
27664 2
27665 1
27666 0
27667 3
27668 0
27669 1
27670 2
27671 0
27672 0
27673 0
27674 1
27675 0
27676 1
27677 2
27678 1
27679 3
27680 1
27681 1
27682 1
27683 0
27684 2
27685 2
27686 1
27687 0
27688 0
27689 1
27690 1
27691 0
27692 1
27693 3
27694 1
27695 0
27696 2
27697 0
27698 3
27699 1
27700 2
27701 0
27702 1
27703 0
27704 2
27705 2
27706 2
27707 0
27708 2
27709 1
27710 1
27711 2
27712 1
27713 0
27714 1
27715 0
27716 0
27717 0
27718 0
27719 0
27720 2
27721 1
27722 0
27723 0
27724 0
27725 0
27726 3
27727 1
27728 2
27729 1
27730 3
27731 0
27732 2
27733 2
27734 0
27735 1
27736 0
27737 0
27738 0
27739 1
27740 0
27741 2
27742 0
27743 0
27744 0
27745 2
27746 3
27747 1
27748 1
27749 1
27750 1
27751 0
27752 1
27753 1
27754 1
27755 2
27756 2
27757 0
27758 1
27759 2
27760 1
27761 2
27762 0
27763 2
27764 1
27765 2
27766 3
27767 3
27768 0
27769 2
27770 0
27771 3
27772 2
27773 2
27774 3
27775 0
27776 1
27777 0
27778 2
27779 0
27780 1
27781 1
27782 1
27783 0
27784 1
27785 1
27786 1
27787 0
27788 1
27789 0
27790 0
27791 1
27792 0
27793 0
27794 1
27795 0
27796 2
27797 1
27798 0
27799 3
27800 1
27801 0
27802 3
27803 0
27804 1
27805 1
27806 2
27807 0
27808 2
27809 1
27810 0
27811 2
27812 0
27813 0
27814 1
27815 1
27816 1
27817 1
27818 2
27819 3
27820 2
27821 2
27822 0
27823 2
27824 0
27825 0
27826 2
27827 2
27828 0
27829 1
27830 2
27831 2
27832 0
27833 1
27834 1
27835 1
27836 2
27837 2
27838 2
27839 1
27840 3
27841 2
27842 1
27843 1
27844 1
27845 1
27846 2
27847 0
27848 0
27849 0
27850 3
27851 1
27852 2
27853 1
27854 0
27855 1
27856 0
27857 2
27858 3
27859 1
27860 2
27861 0
27862 1
27863 0
27864 1
27865 1
27866 1
27867 1
27868 1
27869 2
27870 1
27871 0
27872 1
27873 0
27874 2
27875 1
27876 1
27877 3
27878 0
27879 2
27880 0
27881 1
27882 0
27883 1
27884 0
27885 0
27886 0
27887 2
27888 1
27889 0
27890 0
27891 0
27892 3
27893 1
27894 0
27895 0
27896 1
27897 0
27898 2
27899 1
27900 3
27901 2
27902 1
27903 2
27904 4
27905 0
27906 3
27907 1
27908 1
27909 0
27910 0
27911 0
27912 0
27913 1
27914 1
27915 2
27916 2
27917 0
27918 3
27919 3
27920 0
27921 2
27922 0
27923 0
27924 1
27925 2
27926 0
27927 2
27928 0
27929 0
27930 1
27931 1
27932 1
27933 0
27934 0
27935 1
27936 0
27937 1
27938 2
27939 1
27940 0
27941 1
27942 2
27943 1
27944 1
27945 2
27946 0
27947 0
27948 0
27949 2
27950 2
27951 1
27952 1
27953 3
27954 2
27955 0
27956 2
27957 0
27958 2
27959 1
27960 1
27961 0
27962 2
27963 0
27964 0
27965 1
27966 0
27967 0
27968 0
27969 0
27970 2
27971 2
27972 0
27973 0
27974 0
27975 1
27976 2
27977 1
27978 0
27979 0
27980 2
27981 2
27982 2
27983 2
27984 0
27985 0
27986 0
27987 2
27988 0
27989 2
27990 2
27991 0
27992 0
27993 2
27994 1
27995 1
27996 1
27997 0
27998 1
27999 0
28000 1
28001 2
28002 2
28003 0
28004 1
28005 2
28006 2
28007 2
28008 1
28009 2
28010 0
28011 3
28012 1
28013 2
28014 0
28015 2
28016 2
28017 0
28018 1
28019 1
28020 0
28021 0
28022 2
28023 0
28024 1
28025 0
28026 0
28027 0
28028 0
28029 2
28030 0
28031 0
28032 0
28033 2
28034 2
28035 3
28036 0
28037 0
28038 0
28039 0
28040 1
28041 1
28042 2
28043 0
28044 2
28045 1
28046 0
28047 1
28048 2
28049 0
28050 3
28051 1
28052 2
28053 0
28054 0
28055 2
28056 2
28057 3
28058 0
28059 2
28060 1
28061 2
28062 2
28063 1
28064 0
28065 2
28066 1
28067 1
28068 1
28069 0
28070 1
28071 1
28072 2
28073 2
28074 0
28075 0
28076 1
28077 1
28078 2
28079 3
28080 1
28081 2
28082 2
28083 1
28084 1
28085 1
28086 3
28087 1
28088 2
28089 0
28090 0
28091 0
28092 2
28093 0
28094 0
28095 0
28096 2
28097 2
28098 2
28099 0
28100 1
28101 3
28102 1
28103 0
28104 1
28105 1
28106 1
28107 1
28108 1
28109 2
28110 2
28111 1
28112 1
28113 1
28114 1
28115 0
28116 2
28117 1
28118 2
28119 1
28120 1
28121 3
28122 1
28123 1
28124 2
28125 0
28126 2
28127 0
28128 2
28129 0
28130 2
28131 0
28132 1
28133 3
28134 3
28135 2
28136 1
28137 1
28138 3
28139 0
28140 1
28141 2
28142 1
28143 1
28144 2
28145 2
28146 0
28147 1
28148 2
28149 0
28150 2
28151 1
28152 0
28153 1
28154 0
28155 2
28156 1
28157 1
28158 2
28159 3
28160 0
28161 0
28162 3
28163 1
28164 1
28165 0
28166 1
28167 1
28168 2
28169 1
28170 2
28171 1
28172 2
28173 1
28174 0
28175 0
28176 2
28177 2
28178 1
28179 1
28180 1
28181 3
28182 1
28183 1
28184 0
28185 1
28186 0
28187 1
28188 2
28189 3
28190 1
28191 1
28192 0
28193 1
28194 0
28195 1
28196 1
28197 1
28198 0
28199 1
28200 2
28201 2
28202 2
28203 2
28204 0
28205 1
28206 2
28207 1
28208 2
28209 0
28210 3
28211 2
28212 1
28213 2
28214 0
28215 1
28216 1
28217 1
28218 2
28219 2
28220 2
28221 1
28222 1
28223 0
28224 1
28225 1
28226 0
28227 2
28228 2
28229 2
28230 1
28231 0
28232 2
28233 0
28234 2
28235 2
28236 2
28237 2
28238 1
28239 2
28240 2
28241 2
28242 0
28243 0
28244 0
28245 2
28246 1
28247 2
28248 1
28249 1
28250 0
28251 0
28252 3
28253 2
28254 0
28255 1
28256 0
28257 2
28258 1
28259 2
28260 0
28261 1
28262 2
28263 1
28264 0
28265 1
28266 2
28267 1
28268 2
28269 0
28270 3
28271 0
28272 0
28273 3
28274 2
28275 0
28276 1
28277 2
28278 1
28279 2
28280 1
28281 0
28282 0
28283 1
28284 0
28285 0
28286 1
28287 1
28288 0
28289 1
28290 2
28291 3
28292 0
28293 2
28294 0
28295 0
28296 0
28297 3
28298 2
28299 0
28300 3
28301 0
28302 2
28303 0
28304 3
28305 0
28306 0
28307 1
28308 1
28309 1
28310 2
28311 2
28312 1
28313 1
28314 2
28315 1
28316 0
28317 0
28318 0
28319 0
28320 0
28321 2
28322 2
28323 0
28324 2
28325 1
28326 0
28327 2
28328 3
28329 0
28330 0
28331 1
28332 1
28333 0
28334 0
28335 2
28336 1
28337 0
28338 0
28339 2
28340 1
28341 0
28342 1
28343 1
28344 2
28345 0
28346 0
28347 0
28348 1
28349 0
28350 0
28351 1
28352 2
28353 0
28354 1
28355 2
28356 0
28357 0
28358 1
28359 1
28360 1
28361 0
28362 1
28363 3
28364 2
28365 2
28366 2
28367 2
28368 1
28369 0
28370 0
28371 1
28372 1
28373 1
28374 3
28375 2
28376 2
28377 3
28378 0
28379 1
28380 1
28381 2
28382 1
28383 0
28384 1
28385 1
28386 1
28387 1
28388 2
28389 0
28390 1
28391 2
28392 0
28393 0
28394 3
28395 0
28396 3
28397 1
28398 1
28399 1
28400 0
28401 1
28402 0
28403 1
28404 2
28405 1
28406 2
28407 2
28408 1
28409 1
28410 1
28411 0
28412 1
28413 3
28414 2
28415 1
28416 2
28417 3
28418 1
28419 1
28420 1
28421 1
28422 1
28423 2
28424 1
28425 0
28426 0
28427 2
28428 1
28429 0
28430 0
28431 2
28432 1
28433 2
28434 0
28435 2
28436 0
28437 2
28438 1
28439 1
28440 1
28441 0
28442 2
28443 0
28444 0
28445 0
28446 0
28447 0
28448 1
28449 1
28450 1
28451 0
28452 0
28453 0
28454 3
28455 1
28456 0
28457 1
28458 1
28459 3
28460 0
28461 0
28462 2
28463 2
28464 0
28465 1
28466 0
28467 0
28468 0
28469 0
28470 0
28471 1
28472 1
28473 2
28474 2
28475 2
28476 3
28477 1
28478 0
28479 0
28480 2
28481 1
28482 1
28483 0
28484 1
28485 0
28486 0
28487 2
28488 2
28489 0
28490 3
28491 0
28492 1
28493 0
28494 1
28495 1
28496 2
28497 1
28498 0
28499 0
28500 0
28501 2
28502 0
28503 1
28504 2
28505 1
28506 1
28507 1
28508 1
28509 1
28510 0
28511 1
28512 1
28513 1
28514 1
28515 1
28516 2
28517 2
28518 2
28519 0
28520 1
28521 2
28522 2
28523 0
28524 0
28525 2
28526 2
28527 1
28528 0
28529 2
28530 0
28531 2
28532 0
28533 0
28534 1
28535 0
28536 0
28537 1
28538 0
28539 1
28540 0
28541 2
28542 1
28543 2
28544 0
28545 2
28546 1
28547 0
28548 1
28549 1
28550 1
28551 1
28552 1
28553 3
28554 1
28555 0
28556 0
28557 3
28558 3
28559 1
28560 1
28561 0
28562 0
28563 0
28564 2
28565 1
28566 1
28567 0
28568 2
28569 1
28570 0
28571 0
28572 1
28573 2
28574 1
28575 1
28576 0
28577 0
28578 1
28579 1
28580 1
28581 2
28582 1
28583 1
28584 1
28585 1
28586 2
28587 2
28588 0
28589 0
28590 2
28591 1
28592 0
28593 0
28594 2
28595 1
28596 2
28597 0
28598 1
28599 2
28600 1
28601 1
28602 0
28603 1
28604 0
28605 1
28606 0
28607 1
28608 3
28609 2
28610 0
28611 1
28612 2
28613 0
28614 1
28615 2
28616 0
28617 2
28618 2
28619 1
28620 1
28621 1
28622 0
28623 0
28624 2
28625 0
28626 1
28627 1
28628 0
28629 0
28630 1
28631 0
28632 1
28633 0
28634 2
28635 2
28636 2
28637 2
28638 0
28639 1
28640 1
28641 2
28642 3
28643 0
28644 3
28645 2
28646 1
28647 3
28648 1
28649 1
28650 2
28651 0
28652 0
28653 1
28654 2
28655 2
28656 1
28657 0
28658 2
28659 2
28660 1
28661 1
28662 2
28663 2
28664 1
28665 0
28666 0
28667 0
28668 0
28669 0
28670 0
28671 0
28672 1
28673 0
28674 0
28675 0
28676 0
28677 0
28678 2
28679 0
28680 0
28681 1
28682 1
28683 0
28684 1
28685 2
28686 0
28687 0
28688 0
28689 0
28690 1
28691 0
28692 0
28693 1
28694 1
28695 2
28696 2
28697 2
28698 0
28699 0
28700 1
28701 0
28702 1
28703 0
28704 0
28705 0
28706 0
28707 1
28708 0
28709 2
28710 2
28711 2
28712 0
28713 2
28714 0
28715 0
28716 1
28717 2
28718 1
28719 2
28720 2
28721 2
28722 2
28723 1
28724 0
28725 3
28726 2
28727 0
28728 1
28729 0
28730 1
28731 2
28732 0
28733 2
28734 0
28735 0
28736 0
28737 0
28738 0
28739 0
28740 2
28741 2
28742 2
28743 0
28744 0
28745 0
28746 0
28747 1
28748 1
28749 1
28750 1
28751 2
28752 1
28753 0
28754 2
28755 0
28756 2
28757 2
28758 0
28759 1
28760 2
28761 2
28762 1
28763 2
28764 0
28765 1
28766 0
28767 1
28768 0
28769 1
28770 2
28771 0
28772 3
28773 2
28774 0
28775 0
28776 0
28777 1
28778 0
28779 0
28780 0
28781 3
28782 1
28783 0
28784 2
28785 3
28786 0
28787 1
28788 0
28789 1
28790 2
28791 3
28792 0
28793 3
28794 2
28795 1
28796 0
28797 1
28798 1
28799 1
28800 0
28801 0
28802 1
28803 0
28804 2
28805 1
28806 3
28807 3
28808 0
28809 0
28810 0
28811 2
28812 0
28813 0
28814 1
28815 0
28816 1
28817 2
28818 0
28819 0
28820 1
28821 2
28822 0
28823 2
28824 1
28825 3
28826 0
28827 1
28828 2
28829 1
28830 2
28831 0
28832 1
28833 0
28834 3
28835 3
28836 0
28837 0
28838 1
28839 1
28840 3
28841 2
28842 0
28843 1
28844 0
28845 1
28846 0
28847 1
28848 1
28849 1
28850 1
28851 2
28852 3
28853 2
28854 1
28855 0
28856 1
28857 1
28858 0
28859 0
28860 3
28861 0
28862 2
28863 2
28864 0
28865 1
28866 3
28867 3
28868 1
28869 0
28870 2
28871 0
28872 1
28873 0
28874 0
28875 2
28876 0
28877 2
28878 3
28879 2
28880 2
28881 3
28882 1
28883 0
28884 3
28885 0
28886 1
28887 1
28888 2
28889 2
28890 2
28891 2
28892 1
28893 3
28894 0
28895 2
28896 1
28897 2
28898 0
28899 1
28900 2
28901 0
28902 3
28903 0
28904 1
28905 2
28906 2
28907 0
28908 2
28909 2
28910 0
28911 3
28912 1
28913 1
28914 1
28915 1
28916 0
28917 2
28918 1
28919 0
28920 1
28921 1
28922 0
28923 2
28924 3
28925 2
28926 2
28927 1
28928 2
28929 1
28930 0
28931 0
28932 1
28933 0
28934 1
28935 1
28936 0
28937 0
28938 1
28939 0
28940 0
28941 0
28942 2
28943 0
28944 1
28945 1
28946 0
28947 1
28948 0
28949 1
28950 1
28951 1
28952 0
28953 0
28954 0
28955 0
28956 0
28957 0
28958 1
28959 2
28960 0
28961 2
28962 1
28963 0
28964 1
28965 2
28966 1
28967 0
28968 3
28969 1
28970 2
28971 3
28972 1
28973 2
28974 2
28975 1
28976 1
28977 2
28978 0
28979 1
28980 0
28981 1
28982 2
28983 1
28984 2
28985 2
28986 2
28987 1
28988 2
28989 3
28990 1
28991 1
28992 2
28993 2
28994 2
28995 1
28996 0
28997 0
28998 0
28999 1
29000 0
29001 2
29002 2
29003 0
29004 0
29005 1
29006 0
29007 1
29008 0
29009 1
29010 0
29011 2
29012 2
29013 2
29014 2
29015 1
29016 0
29017 1
29018 2
29019 0
29020 0
29021 1
29022 1
29023 3
29024 0
29025 0
29026 0
29027 1
29028 2
29029 1
29030 2
29031 0
29032 1
29033 3
29034 1
29035 3
29036 0
29037 1
29038 2
29039 3
29040 2
29041 1
29042 0
29043 1
29044 0
29045 1
29046 0
29047 0
29048 2
29049 2
29050 2
29051 2
29052 0
29053 0
29054 2
29055 0
29056 2
29057 2
29058 2
29059 2
29060 2
29061 1
29062 0
29063 0
29064 0
29065 1
29066 1
29067 1
29068 2
29069 0
29070 0
29071 0
29072 3
29073 0
29074 1
29075 2
29076 2
29077 0
29078 0
29079 1
29080 1
29081 2
29082 0
29083 1
29084 1
29085 1
29086 2
29087 1
29088 1
29089 1
29090 2
29091 0
29092 2
29093 0
29094 1
29095 0
29096 1
29097 2
29098 1
29099 2
29100 0
29101 0
29102 0
29103 1
29104 2
29105 1
29106 0
29107 0
29108 0
29109 0
29110 0
29111 0
29112 1
29113 1
29114 0
29115 0
29116 0
29117 0
29118 1
29119 2
29120 1
29121 1
29122 2
29123 0
29124 1
29125 1
29126 0
29127 2
29128 1
29129 1
29130 0
29131 3
29132 1
29133 0
29134 1
29135 1
29136 2
29137 1
29138 0
29139 1
29140 2
29141 2
29142 1
29143 1
29144 0
29145 2
29146 0
29147 0
29148 2
29149 1
29150 2
29151 1
29152 1
29153 3
29154 2
29155 2
29156 2
29157 1
29158 0
29159 1
29160 1
29161 0
29162 1
29163 2
29164 1
29165 0
29166 1
29167 1
29168 1
29169 0
29170 2
29171 1
29172 0
29173 0
29174 1
29175 1
29176 2
29177 3
29178 0
29179 2
29180 2
29181 1
29182 3
29183 0
29184 0
29185 0
29186 1
29187 3
29188 1
29189 1
29190 1
29191 2
29192 1
29193 3
29194 1
29195 2
29196 3
29197 3
29198 1
29199 1
29200 1
29201 2
29202 0
29203 0
29204 0
29205 2
29206 2
29207 2
29208 2
29209 0
29210 0
29211 1
29212 1
29213 0
29214 2
29215 0
29216 3
29217 1
29218 0
29219 3
29220 0
29221 2
29222 0
29223 0
29224 1
29225 1
29226 1
29227 2
29228 1
29229 0
29230 0
29231 0
29232 0
29233 1
29234 2
29235 2
29236 0
29237 0
29238 0
29239 1
29240 1
29241 2
29242 2
29243 1
29244 0
29245 0
29246 0
29247 1
29248 3
29249 2
29250 2
29251 2
29252 2
29253 0
29254 1
29255 0
29256 1
29257 1
29258 0
29259 0
29260 1
29261 1
29262 2
29263 1
29264 1
29265 1
29266 1
29267 0
29268 3
29269 2
29270 2
29271 0
29272 2
29273 1
29274 1
29275 2
29276 2
29277 2
29278 2
29279 1
29280 1
29281 2
29282 0
29283 0
29284 1
29285 3
29286 2
29287 1
29288 1
29289 2
29290 0
29291 0
29292 3
29293 2
29294 0
29295 2
29296 1
29297 2
29298 2
29299 1
29300 1
29301 1
29302 2
29303 0
29304 2
29305 1
29306 1
29307 0
29308 0
29309 1
29310 1
29311 2
29312 1
29313 0
29314 1
29315 1
29316 1
29317 2
29318 1
29319 2
29320 1
29321 0
29322 1
29323 0
29324 1
29325 1
29326 2
29327 2
29328 0
29329 1
29330 0
29331 1
29332 2
29333 0
29334 2
29335 1
29336 2
29337 2
29338 3
29339 1
29340 0
29341 1
29342 1
29343 2
29344 2
29345 1
29346 2
29347 0
29348 1
29349 3
29350 2
29351 2
29352 2
29353 0
29354 0
29355 0
29356 2
29357 2
29358 0
29359 0
29360 1
29361 1
29362 0
29363 3
29364 1
29365 0
29366 2
29367 3
29368 3
29369 0
29370 2
29371 1
29372 0
29373 0
29374 0
29375 2
29376 1
29377 2
29378 2
29379 1
29380 3
29381 2
29382 0
29383 3
29384 1
29385 0
29386 1
29387 1
29388 2
29389 2
29390 0
29391 0
29392 2
29393 0
29394 0
29395 1
29396 3
29397 1
29398 1
29399 0
29400 0
29401 0
29402 1
29403 2
29404 2
29405 1
29406 1
29407 1
29408 0
29409 1
29410 3
29411 0
29412 1
29413 1
29414 0
29415 0
29416 0
29417 1
29418 2
29419 1
29420 0
29421 1
29422 0
29423 2
29424 0
29425 0
29426 0
29427 0
29428 0
29429 2
29430 0
29431 3
29432 0
29433 0
29434 0
29435 1
29436 1
29437 2
29438 0
29439 2
29440 1
29441 1
29442 2
29443 3
29444 0
29445 0
29446 1
29447 1
29448 2
29449 0
29450 0
29451 0
29452 2
29453 3
29454 1
29455 0
29456 0
29457 0
29458 0
29459 2
29460 2
29461 3
29462 1
29463 1
29464 1
29465 2
29466 1
29467 0
29468 1
29469 1
29470 2
29471 1
29472 3
29473 1
29474 1
29475 0
29476 0
29477 2
29478 1
29479 0
29480 1
29481 2
29482 2
29483 1
29484 1
29485 0
29486 0
29487 2
29488 0
29489 1
29490 1
29491 1
29492 0
29493 1
29494 3
29495 2
29496 0
29497 1
29498 2
29499 0
29500 1
29501 2
29502 2
29503 0
29504 2
29505 0
29506 1
29507 1
29508 2
29509 2
29510 2
29511 1
29512 2
29513 1
29514 2
29515 0
29516 1
29517 1
29518 2
29519 1
29520 0
29521 1
29522 1
29523 1
29524 2
29525 1
29526 2
29527 1
29528 0
29529 0
29530 1
29531 0
29532 0
29533 0
29534 0
29535 0
29536 2
29537 0
29538 1
29539 1
29540 0
29541 1
29542 1
29543 2
29544 0
29545 0
29546 0
29547 3
29548 1
29549 0
29550 1
29551 2
29552 1
29553 0
29554 3
29555 0
29556 2
29557 1
29558 0
29559 2
29560 2
29561 2
29562 2
29563 1
29564 1
29565 1
29566 1
29567 2
29568 0
29569 0
29570 1
29571 0
29572 2
29573 0
29574 0
29575 0
29576 0
29577 2
29578 0
29579 0
29580 1
29581 1
29582 2
29583 0
29584 1
29585 0
29586 1
29587 2
29588 1
29589 0
29590 1
29591 1
29592 0
29593 3
29594 0
29595 0
29596 2
29597 1
29598 1
29599 2
29600 0
29601 0
29602 2
29603 0
29604 0
29605 1
29606 0
29607 1
29608 1
29609 1
29610 0
29611 2
29612 0
29613 0
29614 1
29615 1
29616 1
29617 0
29618 1
29619 3
29620 3
29621 1
29622 0
29623 0
29624 2
29625 0
29626 2
29627 2
29628 2
29629 0
29630 3
29631 2
29632 1
29633 3
29634 2
29635 1
29636 0
29637 0
29638 1
29639 2
29640 1
29641 1
29642 1
29643 1
29644 3
29645 1
29646 1
29647 2
29648 1
29649 3
29650 1
29651 0
29652 2
29653 0
29654 2
29655 2
29656 1
29657 2
29658 0
29659 3
29660 2
29661 1
29662 1
29663 0
29664 2
29665 2
29666 1
29667 2
29668 2
29669 2
29670 0
29671 1
29672 2
29673 2
29674 2
29675 1
29676 0
29677 2
29678 0
29679 2
29680 2
29681 0
29682 0
29683 1
29684 3
29685 2
29686 2
29687 1
29688 0
29689 0
29690 0
29691 1
29692 1
29693 1
29694 2
29695 2
29696 1
29697 3
29698 1
29699 0
29700 2
29701 1
29702 1
29703 0
29704 0
29705 0
29706 3
29707 2
29708 2
29709 2
29710 2
29711 1
29712 1
29713 3
29714 3
29715 0
29716 2
29717 3
29718 1
29719 0
29720 1
29721 2
29722 2
29723 1
29724 1
29725 0
29726 1
29727 0
29728 1
29729 1
29730 3
29731 1
29732 0
29733 0
29734 0
29735 0
29736 1
29737 0
29738 1
29739 0
29740 3
29741 1
29742 0
29743 1
29744 2
29745 0
29746 2
29747 0
29748 1
29749 0
29750 0
29751 2
29752 2
29753 0
29754 0
29755 2
29756 2
29757 0
29758 2
29759 2
29760 0
29761 1
29762 2
29763 2
29764 2
29765 2
29766 1
29767 0
29768 2
29769 0
29770 0
29771 2
29772 1
29773 0
29774 0
29775 0
29776 1
29777 3
29778 0
29779 2
29780 1
29781 0
29782 0
29783 3
29784 2
29785 2
29786 2
29787 3
29788 0
29789 3
29790 2
29791 1
29792 0
29793 0
29794 0
29795 0
29796 0
29797 1
29798 1
29799 3
29800 1
29801 0
29802 0
29803 0
29804 2
29805 0
29806 1
29807 3
29808 0
29809 1
29810 0
29811 2
29812 1
29813 0
29814 2
29815 1
29816 0
29817 0
29818 1
29819 0
29820 1
29821 2
29822 1
29823 0
29824 1
29825 2
29826 1
29827 2
29828 1
29829 3
29830 2
29831 0
29832 2
29833 2
29834 1
29835 2
29836 3
29837 2
29838 2
29839 2
29840 0
29841 2
29842 2
29843 0
29844 1
29845 0
29846 2
29847 0
29848 2
29849 0
29850 3
29851 1
29852 1
29853 0
29854 2
29855 1
29856 1
29857 1
29858 0
29859 2
29860 1
29861 0
29862 0
29863 2
29864 3
29865 0
29866 1
29867 2
29868 1
29869 0
29870 0
29871 0
29872 0
29873 2
29874 1
29875 0
29876 1
29877 0
29878 2
29879 2
29880 0
29881 3
29882 1
29883 0
29884 1
29885 1
29886 2
29887 2
29888 2
29889 0
29890 3
29891 1
29892 2
29893 1
29894 1
29895 2
29896 0
29897 0
29898 0
29899 3
29900 1
29901 1
29902 1
29903 0
29904 1
29905 3
29906 1
29907 2
29908 2
29909 1
29910 1
29911 0
29912 0
29913 1
29914 0
29915 2
29916 0
29917 2
29918 2
29919 2
29920 0
29921 1
29922 2
29923 0
29924 2
29925 1
29926 0
29927 0
29928 1
29929 1
29930 0
29931 3
29932 1
29933 0
29934 0
29935 3
29936 1
29937 1
29938 1
29939 0
29940 2
29941 2
29942 0
29943 0
29944 1
29945 1
29946 0
29947 1
29948 0
29949 3
29950 3
29951 2
29952 1
29953 1
29954 2
29955 1
29956 2
29957 1
29958 1
29959 1
29960 1
29961 0
29962 1
29963 0
29964 0
29965 2
29966 0
29967 0
29968 2
29969 2
29970 1
29971 0
29972 2
29973 1
29974 1
29975 2
29976 2
29977 1
29978 2
29979 2
29980 1
29981 2
29982 2
29983 2
29984 1
29985 2
29986 3
29987 3
29988 2
29989 3
29990 0
29991 2
29992 2
29993 2
29994 1
29995 0
29996 1
29997 1
29998 2
29999 1
30000 0
30001 0
30002 1
30003 0
30004 0
30005 2
30006 2
30007 1
30008 0
30009 0
30010 0
30011 0
30012 1
30013 0
30014 3
30015 2
30016 2
30017 2
30018 1
30019 1
30020 1
30021 2
30022 0
30023 2
30024 2
30025 2
30026 0
30027 2
30028 3
30029 1
30030 1
30031 0
30032 2
30033 1
30034 1
30035 1
30036 0
30037 0
30038 0
30039 2
30040 0
30041 0
30042 0
30043 0
30044 0
30045 1
30046 1
30047 1
30048 0
30049 1
30050 1
30051 1
30052 2
30053 2
30054 1
30055 1
30056 0
30057 2
30058 0
30059 3
30060 1
30061 1
30062 1
30063 0
30064 1
30065 1
30066 2
30067 1
30068 1
30069 0
30070 2
30071 1
30072 2
30073 0
30074 0
30075 1
30076 0
30077 3
30078 1
30079 3
30080 2
30081 2
30082 0
30083 1
30084 1
30085 1
30086 0
30087 0
30088 3
30089 0
30090 0
30091 2
30092 2
30093 2
30094 1
30095 0
30096 1
30097 2
30098 2
30099 1
30100 3
30101 0
30102 1
30103 1
30104 1
30105 0
30106 0
30107 0
30108 0
30109 0
30110 2
30111 1
30112 1
30113 1
30114 3
30115 1
30116 2
30117 0
30118 0
30119 0
30120 1
30121 1
30122 2
30123 2
30124 0
30125 1
30126 2
30127 2
30128 1
30129 3
30130 1
30131 2
30132 1
30133 1
30134 1
30135 1
30136 1
30137 2
30138 2
30139 0
30140 1
30141 3
30142 0
30143 2
30144 0
30145 1
30146 0
30147 1
30148 0
30149 0
30150 0
30151 2
30152 0
30153 0
30154 0
30155 1
30156 2
30157 0
30158 0
30159 2
30160 0
30161 0
30162 0
30163 0
30164 0
30165 1
30166 1
30167 2
30168 3
30169 0
30170 1
30171 2
30172 0
30173 2
30174 2
30175 0
30176 3
30177 2
30178 1
30179 0
30180 2
30181 2
30182 3
30183 1
30184 0
30185 0
30186 2
30187 1
30188 1
30189 3
30190 1
30191 0
30192 0
30193 1
30194 2
30195 2
30196 1
30197 2
30198 0
30199 3
30200 2
30201 3
30202 1
30203 0
30204 3
30205 2
30206 1
30207 3
30208 1
30209 1
30210 0
30211 0
30212 0
30213 0
30214 1
30215 0
30216 0
30217 0
30218 1
30219 0
30220 2
30221 1
30222 1
30223 1
30224 1
30225 0
30226 1
30227 0
30228 1
30229 1
30230 3
30231 0
30232 2
30233 0
30234 0
30235 1
30236 0
30237 2
30238 2
30239 1
30240 1
30241 2
30242 1
30243 3
30244 0
30245 1
30246 1
30247 0
30248 1
30249 0
30250 2
30251 1
30252 0
30253 1
30254 0
30255 1
30256 1
30257 1
30258 0
30259 2
30260 0
30261 2
30262 1
30263 2
30264 0
30265 0
30266 3
30267 0
30268 2
30269 2
30270 0
30271 0
30272 2
30273 0
30274 1
30275 1
30276 0
30277 1
30278 1
30279 1
30280 2
30281 1
30282 2
30283 1
30284 0
30285 0
30286 1
30287 2
30288 1
30289 0
30290 0
30291 2
30292 0
30293 0
30294 0
30295 2
30296 2
30297 2
30298 0
30299 3
30300 1
30301 0
30302 1
30303 0
30304 1
30305 0
30306 3
30307 2
30308 0
30309 1
30310 2
30311 1
30312 2
30313 0
30314 1
30315 2
30316 1
30317 1
30318 0
30319 0
30320 2
30321 2
30322 3
30323 0
30324 0
30325 0
30326 0
30327 0
30328 0
30329 1
30330 0
30331 1
30332 1
30333 2
30334 2
30335 0
30336 0
30337 0
30338 0
30339 0
30340 0
30341 0
30342 1
30343 2
30344 1
30345 3
30346 2
30347 0
30348 3
30349 2
30350 1
30351 2
30352 0
30353 0
30354 1
30355 1
30356 0
30357 1
30358 2
30359 1
30360 1
30361 1
30362 0
30363 3
30364 1
30365 1
30366 1
30367 1
30368 2
30369 0
30370 1
30371 1
30372 1
30373 1
30374 1
30375 1
30376 1
30377 0
30378 2
30379 0
30380 2
30381 2
30382 3
30383 1
30384 2
30385 0
30386 1
30387 3
30388 0
30389 2
30390 3
30391 2
30392 1
30393 1
30394 3
30395 1
30396 0
30397 0
30398 2
30399 3
30400 1
30401 2
30402 2
30403 1
30404 1
30405 0
30406 1
30407 2
30408 2
30409 2
30410 0
30411 0
30412 2
30413 1
30414 0
30415 1
30416 2
30417 3
30418 2
30419 0
30420 1
30421 0
30422 1
30423 1
30424 3
30425 1
30426 1
30427 0
30428 2
30429 1
30430 2
30431 1
30432 0
30433 2
30434 2
30435 1
30436 2
30437 2
30438 2
30439 0
30440 2
30441 1
30442 1
30443 1
30444 3
30445 2
30446 0
30447 2
30448 2
30449 0
30450 0
30451 2
30452 0
30453 2
30454 2
30455 2
30456 0
30457 2
30458 1
30459 1
30460 2
30461 0
30462 1
30463 0
30464 0
30465 0
30466 0
30467 0
30468 2
30469 1
30470 0
30471 3
30472 1
30473 0
30474 1
30475 1
30476 2
30477 0
30478 0
30479 1
30480 2
30481 3
30482 2
30483 1
30484 1
30485 2
30486 1
30487 2
30488 0
30489 0
30490 1
30491 0
30492 1
30493 2
30494 0
30495 2
30496 0
30497 1
30498 0
30499 0
30500 0
30501 0
30502 1
30503 0
30504 1
30505 2
30506 3
30507 1
30508 1
30509 1
30510 2
30511 0
30512 1
30513 3
30514 0
30515 1
30516 2
30517 1
30518 0
30519 0
30520 0
30521 1
30522 1
30523 2
30524 1
30525 1
30526 3
30527 1
30528 2
30529 1
30530 1
30531 0
30532 1
30533 0
30534 0
30535 1
30536 1
30537 0
30538 0
30539 2
30540 1
30541 2
30542 0
30543 2
30544 0
30545 1
30546 1
30547 1
30548 0
30549 3
30550 0
30551 1
30552 1
30553 1
30554 0
30555 0
30556 2
30557 1
30558 1
30559 2
30560 2
30561 0
30562 0
30563 2
30564 1
30565 2
30566 2
30567 0
30568 2
30569 2
30570 1
30571 2
30572 2
30573 0
30574 2
30575 2
30576 2
30577 2
30578 1
30579 1
30580 1
30581 1
30582 0
30583 1
30584 3
30585 2
30586 1
30587 0
30588 3
30589 0
30590 2
30591 2
30592 2
30593 0
30594 0
30595 2
30596 0
30597 1
30598 1
30599 0
30600 1
30601 1
30602 1
30603 0
30604 2
30605 2
30606 1
30607 0
30608 0
30609 1
30610 2
30611 0
30612 2
30613 3
30614 1
30615 1
30616 2
30617 0
30618 1
30619 0
30620 0
30621 0
30622 0
30623 1
30624 2
30625 1
30626 3
30627 1
30628 1
30629 1
30630 2
30631 2
30632 1
30633 3
30634 1
30635 1
30636 0
30637 2
30638 1
30639 0
30640 2
30641 0
30642 0
30643 0
30644 0
30645 1
30646 1
30647 0
30648 0
30649 1
30650 2
30651 0
30652 1
30653 2
30654 1
30655 1
30656 0
30657 2
30658 0
30659 2
30660 3
30661 2
30662 2
30663 0
30664 1
30665 1
30666 0
30667 0
30668 1
30669 0
30670 2
30671 1
30672 1
30673 0
30674 2
30675 1
30676 1
30677 3
30678 3
30679 2
30680 0
30681 0
30682 1
30683 1
30684 2
30685 1
30686 2
30687 0
30688 1
30689 1
30690 2
30691 0
30692 2
30693 2
30694 2
30695 2
30696 0
30697 0
30698 0
30699 2
30700 2
30701 2
30702 0
30703 2
30704 2
30705 2
30706 0
30707 1
30708 0
30709 1
30710 0
30711 0
30712 2
30713 1
30714 0
30715 2
30716 1
30717 1
30718 1
30719 1
30720 1
30721 1
30722 0
30723 3
30724 2
30725 1
30726 3
30727 1
30728 0
30729 1
30730 0
30731 0
30732 0
30733 0
30734 1
30735 1
30736 3
30737 0
30738 0
30739 2
30740 1
30741 1
30742 2
30743 0
30744 0
30745 0
30746 0
30747 2
30748 1
30749 0
30750 1
30751 2
30752 2
30753 3
30754 2
30755 2
30756 2
30757 1
30758 2
30759 2
30760 3
30761 0
30762 1
30763 0
30764 1
30765 1
30766 1
30767 3
30768 0
30769 0
30770 2
30771 2
30772 1
30773 0
30774 2
30775 2
30776 2
30777 0
30778 0
30779 2
30780 2
30781 1
30782 1
30783 3
30784 3
30785 0
30786 3
30787 0
30788 1
30789 2
30790 1
30791 1
30792 1
30793 0
30794 2
30795 1
30796 0
30797 2
30798 0
30799 1
30800 3
30801 1
30802 0
30803 1
30804 2
30805 2
30806 1
30807 2
30808 2
30809 2
30810 0
30811 0
30812 0
30813 2
30814 2
30815 2
30816 1
30817 0
30818 0
30819 2
30820 1
30821 1
30822 2
30823 0
30824 0
30825 1
30826 2
30827 1
30828 3
30829 2
30830 0
30831 0
30832 0
30833 3
30834 1
30835 2
30836 1
30837 2
30838 0
30839 0
30840 1
30841 1
30842 1
30843 2
30844 1
30845 0
30846 0
30847 0
30848 2
30849 1
30850 0
30851 3
30852 0
30853 0
30854 1
30855 0
30856 1
30857 2
30858 0
30859 0
30860 2
30861 2
30862 0
30863 1
30864 3
30865 2
30866 1
30867 2
30868 0
30869 1
30870 0
30871 1
30872 2
30873 0
30874 0
30875 1
30876 2
30877 1
30878 1
30879 1
30880 2
30881 0
30882 2
30883 1
30884 0
30885 1
30886 0
30887 2
30888 1
30889 0
30890 0
30891 0
30892 1
30893 1
30894 0
30895 1
30896 1
30897 2
30898 0
30899 0
30900 2
30901 1
30902 0
30903 2
30904 0
30905 2
30906 1
30907 2
30908 2
30909 0
30910 1
30911 0
30912 0
30913 1
30914 0
30915 3
30916 3
30917 1
30918 2
30919 1
30920 1
30921 3
30922 1
30923 2
30924 0
30925 0
30926 2
30927 2
30928 1
30929 2
30930 2
30931 1
30932 0
30933 0
30934 1
30935 0
30936 0
30937 2
30938 0
30939 1
30940 2
30941 3
30942 3
30943 1
30944 0
30945 2
30946 0
30947 3
30948 2
30949 1
30950 2
30951 1
30952 0
30953 1
30954 1
30955 0
30956 0
30957 2
30958 2
30959 3
30960 0
30961 1
30962 1
30963 1
30964 1
30965 3
30966 0
30967 1
30968 1
30969 0
30970 2
30971 2
30972 0
30973 1
30974 2
30975 2
30976 0
30977 0
30978 0
30979 2
30980 1
30981 1
30982 1
30983 2
30984 0
30985 0
30986 3
30987 1
30988 1
30989 0
30990 1
30991 1
30992 0
30993 0
30994 1
30995 3
30996 0
30997 1
30998 0
30999 1
31000 2
31001 0
31002 2
31003 2
31004 0
31005 2
31006 0
31007 3
31008 2
31009 2
31010 2
31011 2
31012 0
31013 0
31014 0
31015 1
31016 0
31017 2
31018 3
31019 0
31020 0
31021 0
31022 1
31023 0
31024 1
31025 2
31026 1
31027 2
31028 0
31029 3
31030 1
31031 1
31032 1
31033 0
31034 2
31035 1
31036 2
31037 2
31038 1
31039 2
31040 3
31041 1
31042 3
31043 1
31044 1
31045 0
31046 1
31047 0
31048 1
31049 0
31050 1
31051 0
31052 1
31053 2
31054 1
31055 1
31056 1
31057 0
31058 1
31059 3
31060 1
31061 2
31062 0
31063 1
31064 1
31065 1
31066 3
31067 0
31068 1
31069 2
31070 2
31071 3
31072 1
31073 2
31074 3
31075 0
31076 1
31077 0
31078 0
31079 2
31080 1
31081 0
31082 1
31083 0
31084 1
31085 2
31086 3
31087 2
31088 0
31089 0
31090 2
31091 3
31092 1
31093 1
31094 2
31095 2
31096 2
31097 1
31098 0
31099 0
31100 1
31101 0
31102 0
31103 3
31104 2
31105 2
31106 2
31107 1
31108 0
31109 2
31110 0
31111 2
31112 1
31113 0
31114 2
31115 1
31116 1
31117 1
31118 0
31119 1
31120 0
31121 0
31122 2
31123 1
31124 2
31125 1
31126 1
31127 1
31128 0
31129 1
31130 2
31131 0
31132 0
31133 1
31134 1
31135 1
31136 1
31137 2
31138 2
31139 3
31140 2
31141 0
31142 1
31143 2
31144 1
31145 1
31146 2
31147 1
31148 2
31149 1
31150 2
31151 2
31152 1
31153 2
31154 1
31155 2
31156 1
31157 0
31158 1
31159 1
31160 1
31161 1
31162 0
31163 3
31164 0
31165 3
31166 1
31167 1
31168 0
31169 1
31170 3
31171 1
31172 1
31173 1
31174 0
31175 1
31176 2
31177 1
31178 1
31179 2
31180 3
31181 0
31182 2
31183 1
31184 0
31185 3
31186 0
31187 0
31188 2
31189 1
31190 1
31191 0
31192 2
31193 0
31194 1
31195 2
31196 1
31197 1
31198 2
31199 0
31200 1
31201 2
31202 1
31203 2
31204 2
31205 0
31206 2
31207 1
31208 1
31209 2
31210 0
31211 2
31212 1
31213 1
31214 1
31215 2
31216 0
31217 0
31218 0
31219 0
31220 1
31221 2
31222 1
31223 0
31224 0
31225 2
31226 1
31227 3
31228 2
31229 1
31230 0
31231 0
31232 1
31233 0
31234 1
31235 0
31236 2
31237 0
31238 0
31239 1
31240 1
31241 0
31242 1
31243 3
31244 1
31245 2
31246 0
31247 1
31248 3
31249 1
31250 1
31251 0
31252 1
31253 2
31254 1
31255 0
31256 2
31257 1
31258 2
31259 1
31260 2
31261 3
31262 0
31263 0
31264 0
31265 2
31266 1
31267 3
31268 3
31269 0
31270 1
31271 1
31272 1
31273 0
31274 0
31275 0
31276 0
31277 0
31278 3
31279 2
31280 0
31281 1
31282 1
31283 0
31284 1
31285 1
31286 2
31287 1
31288 1
31289 2
31290 1
31291 0
31292 1
31293 1
31294 0
31295 2
31296 1
31297 1
31298 0
31299 1
31300 1
31301 0
31302 1
31303 0
31304 2
31305 2
31306 2
31307 1
31308 2
31309 0
31310 2
31311 1
31312 3
31313 1
31314 2
31315 1
31316 1
31317 2
31318 1
31319 2
31320 0
31321 2
31322 1
31323 2
31324 3
31325 1
31326 2
31327 0
31328 0
31329 1
31330 1
31331 1
31332 0
31333 1
31334 2
31335 1
31336 0
31337 0
31338 0
31339 1
31340 2
31341 0
31342 0
31343 1
31344 2
31345 0
31346 0
31347 0
31348 2
31349 3
31350 0
31351 0
31352 1
31353 0
31354 2
31355 2
31356 2
31357 1
31358 0
31359 1
31360 2
31361 1
31362 0
31363 2
31364 1
31365 3
31366 0
31367 0
31368 1
31369 0
31370 2
31371 0
31372 1
31373 0
31374 0
31375 2
31376 1
31377 2
31378 0
31379 1
31380 0
31381 0
31382 0
31383 0
31384 0
31385 2
31386 2
31387 1
31388 2
31389 0
31390 0
31391 1
31392 2
31393 0
31394 0
31395 2
31396 1
31397 0
31398 1
31399 1
31400 0
31401 2
31402 0
31403 0
31404 1
31405 1
31406 0
31407 2
31408 0
31409 2
31410 0
31411 1
31412 0
31413 0
31414 0
31415 2
31416 2
31417 2
31418 3
31419 0
31420 2
31421 0
31422 3
31423 3
31424 0
31425 0
31426 0
31427 2
31428 1
31429 1
31430 0
31431 0
31432 1
31433 2
31434 0
31435 1
31436 2
31437 2
31438 0
31439 0
31440 2
31441 0
31442 2
31443 3
31444 0
31445 1
31446 1
31447 1
31448 1
31449 0
31450 0
31451 1
31452 1
31453 0
31454 1
31455 0
31456 0
31457 1
31458 2
31459 2
31460 1
31461 0
31462 0
31463 3
31464 1
31465 3
31466 0
31467 2
31468 1
31469 0
31470 3
31471 1
31472 0
31473 2
31474 0
31475 1
31476 0
31477 2
31478 1
31479 1
31480 1
31481 1
31482 3
31483 0
31484 1
31485 0
31486 2
31487 0
31488 0
31489 0
31490 1
31491 3
31492 3
31493 0
31494 2
31495 0
31496 2
31497 3
31498 1
31499 0
31500 2
31501 1
31502 0
31503 1
31504 3
31505 1
31506 2
31507 1
31508 2
31509 1
31510 1
31511 0
31512 0
31513 1
31514 1
31515 0
31516 3
31517 2
31518 1
31519 2
31520 0
31521 0
31522 2
31523 1
31524 0
31525 1
31526 0
31527 0
31528 0
31529 0
31530 1
31531 2
31532 1
31533 1
31534 1
31535 2
31536 0
31537 1
31538 3
31539 0
31540 0
31541 1
31542 2
31543 1
31544 2
31545 1
31546 0
31547 0
31548 0
31549 1
31550 1
31551 1
31552 0
31553 1
31554 1
31555 2
31556 3
31557 1
31558 1
31559 2
31560 1
31561 0
31562 2
31563 0
31564 0
31565 1
31566 1
31567 2
31568 0
31569 0
31570 1
31571 0
31572 0
31573 1
31574 1
31575 0
31576 1
31577 0
31578 1
31579 0
31580 1
31581 0
31582 1
31583 0
31584 1
31585 0
31586 3
31587 1
31588 1
31589 2
31590 0
31591 1
31592 0
31593 2
31594 2
31595 0
31596 1
31597 0
31598 2
31599 1
31600 0
31601 2
31602 1
31603 2
31604 0
31605 1
31606 0
31607 1
31608 0
31609 0
31610 2
31611 1
31612 1
31613 0
31614 2
31615 0
31616 2
31617 2
31618 0
31619 0
31620 0
31621 0
31622 1
31623 2
31624 1
31625 1
31626 1
31627 1
31628 0
31629 0
31630 2
31631 3
31632 1
31633 0
31634 0
31635 0
31636 2
31637 0
31638 2
31639 2
31640 0
31641 1
31642 2
31643 1
31644 0
31645 1
31646 1
31647 3
31648 1
31649 1
31650 2
31651 1
31652 0
31653 1
31654 0
31655 2
31656 0
31657 2
31658 1
31659 1
31660 2
31661 2
31662 2
31663 2
31664 1
31665 1
31666 1
31667 1
31668 0
31669 2
31670 0
31671 0
31672 1
31673 0
31674 1
31675 2
31676 2
31677 2
31678 2
31679 1
31680 3
31681 0
31682 1
31683 0
31684 1
31685 2
31686 1
31687 2
31688 2
31689 0
31690 1
31691 3
31692 2
31693 2
31694 0
31695 2
31696 2
31697 1
31698 2
31699 0
31700 0
31701 1
31702 1
31703 0
31704 0
31705 0
31706 0
31707 1
31708 0
31709 0
31710 0
31711 1
31712 0
31713 1
31714 1
31715 0
31716 1
31717 2
31718 0
31719 1
31720 2
31721 1
31722 0
31723 0
31724 1
31725 2
31726 0
31727 2
31728 1
31729 2
31730 0
31731 1
31732 1
31733 1
31734 0
31735 1
31736 2
31737 0
31738 2
31739 3
31740 0
31741 3
31742 2
31743 1
31744 3
31745 3
31746 2
31747 0
31748 1
31749 1
31750 0
31751 2
31752 3
31753 2
31754 0
31755 1
31756 2
31757 0
31758 2
31759 1
31760 2
31761 1
31762 2
31763 2
31764 0
31765 1
31766 0
31767 1
31768 1
31769 1
31770 2
31771 0
31772 0
31773 0
31774 0
31775 0
31776 2
31777 1
31778 2
31779 2
31780 1
31781 0
31782 1
31783 1
31784 0
31785 2
31786 0
31787 0
31788 0
31789 1
31790 0
31791 2
31792 0
31793 0
31794 1
31795 2
31796 0
31797 0
31798 0
31799 0
31800 0
31801 1
31802 2
31803 0
31804 0
31805 0
31806 2
31807 1
31808 0
31809 2
31810 0
31811 2
31812 1
31813 0
31814 2
31815 0
31816 2
31817 0
31818 2
31819 0
31820 3
31821 0
31822 0
31823 1
31824 1
31825 0
31826 3
31827 0
31828 0
31829 1
31830 0
31831 0
31832 0
31833 0
31834 2
31835 0
31836 1
31837 1
31838 0
31839 0
31840 1
31841 0
31842 1
31843 2
31844 0
31845 0
31846 2
31847 1
31848 0
31849 2
31850 1
31851 0
31852 0
31853 0
31854 0
31855 0
31856 2
31857 1
31858 0
31859 1
31860 1
31861 0
31862 0
31863 1
31864 1
31865 0
31866 0
31867 1
31868 0
31869 2
31870 0
31871 0
31872 0
31873 1
31874 1
31875 2
31876 1
31877 1
31878 1
31879 0
31880 1
31881 1
31882 2
31883 2
31884 0
31885 1
31886 3
31887 2
31888 0
31889 1
31890 2
31891 2
31892 1
31893 2
31894 0
31895 2
31896 1
31897 2
31898 0
31899 0
31900 2
31901 2
31902 1
31903 1
31904 0
31905 1
31906 0
31907 0
31908 1
31909 1
31910 1
31911 0
31912 2
31913 2
31914 1
31915 1
31916 1
31917 2
31918 1
31919 2
31920 1
31921 0
31922 2
31923 0
31924 1
31925 1
31926 0
31927 0
31928 1
31929 1
31930 2
31931 0
31932 0
31933 3
31934 1
31935 0
31936 0
31937 1
31938 3
31939 0
31940 3
31941 2
31942 2
31943 2
31944 1
31945 0
31946 2
31947 1
31948 0
31949 1
31950 0
31951 2
31952 2
31953 1
31954 1
31955 1
31956 1
31957 2
31958 0
31959 2
31960 0
31961 0
31962 2
31963 2
31964 0
31965 0
31966 2
31967 1
31968 3
31969 3
31970 1
31971 2
31972 3
31973 1
31974 0
31975 1
31976 2
31977 0
31978 2
31979 0
31980 0
31981 2
31982 0
31983 2
31984 0
31985 1
31986 1
31987 1
31988 2
31989 2
31990 0
31991 2
31992 1
31993 2
31994 1
31995 0
31996 0
31997 2
31998 0
31999 1
32000 0
32001 1
32002 2
32003 2
32004 0
32005 3
32006 0
32007 1
32008 2
32009 2
32010 1
32011 2
32012 0
32013 0
32014 0
32015 2
32016 1
32017 0
32018 0
32019 0
32020 1
32021 3
32022 0
32023 0
32024 1
32025 0
32026 1
32027 1
32028 2
32029 0
32030 2
32031 1
32032 1
32033 1
32034 0
32035 2
32036 0
32037 1
32038 1
32039 2
32040 0
32041 1
32042 1
32043 2
32044 3
32045 3
32046 2
32047 2
32048 0
32049 1
32050 2
32051 1
32052 1
32053 1
32054 1
32055 1
32056 1
32057 2
32058 0
32059 0
32060 0
32061 1
32062 1
32063 1
32064 1
32065 1
32066 2
32067 0
32068 0
32069 1
32070 0
32071 2
32072 0
32073 0
32074 0
32075 2
32076 1
32077 0
32078 2
32079 0
32080 2
32081 0
32082 2
32083 1
32084 0
32085 0
32086 2
32087 2
32088 1
32089 1
32090 1
32091 2
32092 1
32093 2
32094 1
32095 0
32096 0
32097 2
32098 1
32099 0
32100 2
32101 1
32102 1
32103 1
32104 0
32105 3
32106 2
32107 2
32108 2
32109 0
32110 1
32111 0
32112 0
32113 3
32114 0
32115 2
32116 0
32117 1
32118 3
32119 1
32120 1
32121 1
32122 3
32123 0
32124 2
32125 1
32126 2
32127 0
32128 1
32129 0
32130 1
32131 0
32132 1
32133 0
32134 1
32135 1
32136 0
32137 2
32138 3
32139 0
32140 1
32141 0
32142 2
32143 1
32144 0
32145 1
32146 2
32147 2
32148 0
32149 1
32150 0
32151 2
32152 0
32153 0
32154 1
32155 1
32156 1
32157 1
32158 1
32159 0
32160 1
32161 1
32162 1
32163 2
32164 1
32165 2
32166 3
32167 0
32168 1
32169 0
32170 0
32171 0
32172 0
32173 1
32174 0
32175 0
32176 2
32177 2
32178 0
32179 3
32180 2
32181 2
32182 0
32183 2
32184 2
32185 2
32186 0
32187 0
32188 1
32189 0
32190 1
32191 0
32192 3
32193 1
32194 3
32195 3
32196 2
32197 0
32198 1
32199 2
32200 0
32201 1
32202 1
32203 2
32204 0
32205 2
32206 0
32207 0
32208 0
32209 1
32210 1
32211 0
32212 3
32213 0
32214 1
32215 0
32216 1
32217 1
32218 1
32219 0
32220 1
32221 1
32222 0
32223 0
32224 2
32225 2
32226 2
32227 1
32228 1
32229 1
32230 2
32231 0
32232 0
32233 0
32234 0
32235 2
32236 2
32237 2
32238 1
32239 1
32240 1
32241 0
32242 3
32243 2
32244 0
32245 2
32246 0
32247 2
32248 0
32249 0
32250 0
32251 1
32252 2
32253 2
32254 2
32255 2
32256 0
32257 2
32258 3
32259 1
32260 0
32261 2
32262 0
32263 1
32264 1
32265 3
32266 2
32267 1
32268 1
32269 1
32270 0
32271 2
32272 2
32273 1
32274 1
32275 1
32276 1
32277 1
32278 1
32279 2
32280 1
32281 1
32282 0
32283 2
32284 3
32285 3
32286 0
32287 2
32288 1
32289 1
32290 1
32291 0
32292 0
32293 1
32294 2
32295 0
32296 1
32297 1
32298 1
32299 3
32300 1
32301 1
32302 0
32303 1
32304 2
32305 1
32306 1
32307 0
32308 1
32309 1
32310 0
32311 0
32312 0
32313 1
32314 0
32315 2
32316 2
32317 2
32318 0
32319 2
32320 0
32321 1
32322 2
32323 2
32324 2
32325 0
32326 0
32327 0
32328 2
32329 1
32330 0
32331 2
32332 1
32333 1
32334 0
32335 2
32336 1
32337 3
32338 2
32339 0
32340 1
32341 1
32342 2
32343 0
32344 1
32345 2
32346 2
32347 2
32348 1
32349 1
32350 2
32351 0
32352 2
32353 1
32354 0
32355 1
32356 1
32357 1
32358 2
32359 0
32360 1
32361 0
32362 0
32363 1
32364 1
32365 0
32366 0
32367 3
32368 2
32369 0
32370 2
32371 0
32372 1
32373 3
32374 3
32375 1
32376 2
32377 0
32378 2
32379 1
32380 0
32381 0
32382 0
32383 2
32384 0
32385 1
32386 0
32387 0
32388 0
32389 2
32390 0
32391 0
32392 1
32393 0
32394 0
32395 1
32396 2
32397 1
32398 0
32399 1
32400 1
32401 0
32402 1
32403 0
32404 0
32405 1
32406 1
32407 0
32408 3
32409 2
32410 0
32411 3
32412 0
32413 2
32414 1
32415 0
32416 1
32417 1
32418 0
32419 1
32420 1
32421 2
32422 1
32423 1
32424 0
32425 0
32426 0
32427 1
32428 0
32429 1
32430 0
32431 2
32432 1
32433 2
32434 3
32435 2
32436 1
32437 1
32438 1
32439 2
32440 2
32441 2
32442 0
32443 2
32444 1
32445 0
32446 2
32447 0
32448 1
32449 1
32450 0
32451 0
32452 2
32453 0
32454 0
32455 1
32456 3
32457 1
32458 0
32459 2
32460 2
32461 0
32462 0
32463 2
32464 0
32465 1
32466 3
32467 1
32468 0
32469 1
32470 1
32471 0
32472 0
32473 2
32474 0
32475 1
32476 1
32477 2
32478 1
32479 0
32480 1
32481 1
32482 0
32483 0
32484 0
32485 0
32486 1
32487 2
32488 1
32489 0
32490 3
32491 0
32492 2
32493 1
32494 1
32495 1
32496 1
32497 0
32498 2
32499 0
32500 3
32501 1
32502 1
32503 0
32504 0
32505 0
32506 1
32507 2
32508 2
32509 0
32510 0
32511 0
32512 2
32513 0
32514 1
32515 2
32516 2
32517 1
32518 0
32519 0
32520 1
32521 0
32522 2
32523 3
32524 1
32525 2
32526 2
32527 3
32528 1
32529 3
32530 0
32531 0
32532 1
32533 0
32534 0
32535 3
32536 3
32537 3
32538 0
32539 2
32540 0
32541 1
32542 0
32543 0
32544 0
32545 1
32546 2
32547 2
32548 1
32549 0
32550 2
32551 1
32552 0
32553 1
32554 2
32555 0
32556 0
32557 0
32558 1
32559 2
32560 1
32561 0
32562 1
32563 2
32564 0
32565 2
32566 0
32567 1
32568 0
32569 2
32570 2
32571 1
32572 0
32573 1
32574 0
32575 0
32576 0
32577 2
32578 0
32579 2
32580 2
32581 2
32582 0
32583 0
32584 1
32585 1
32586 2
32587 1
32588 0
32589 1
32590 1
32591 2
32592 2
32593 3
32594 1
32595 1
32596 1
32597 1
32598 1
32599 3
32600 1
32601 2
32602 1
32603 0
32604 1
32605 1
32606 2
32607 0
32608 0
32609 3
32610 1
32611 0
32612 2
32613 0
32614 2
32615 1
32616 1
32617 2
32618 0
32619 1
32620 0
32621 2
32622 1
32623 2
32624 0
32625 0
32626 3
32627 0
32628 2
32629 2
32630 1
32631 0
32632 2
32633 1
32634 1
32635 0
32636 0
32637 0
32638 3
32639 0
32640 1
32641 2
32642 3
32643 2
32644 0
32645 0
32646 1
32647 2
32648 1
32649 1
32650 0
32651 2
32652 2
32653 1
32654 0
32655 1
32656 2
32657 1
32658 1
32659 0
32660 1
32661 0
32662 2
32663 1
32664 1
32665 1
32666 1
32667 0
32668 0
32669 2
32670 2
32671 2
32672 1
32673 0
32674 0
32675 1
32676 2
32677 1
32678 2
32679 3
32680 0
32681 0
32682 0
32683 1
32684 1
32685 1
32686 2
32687 1
32688 0
32689 2
32690 2
32691 1
32692 1
32693 0
32694 1
32695 0
32696 1
32697 0
32698 1
32699 0
32700 0
32701 1
32702 1
32703 1
32704 3
32705 2
32706 0
32707 0
32708 1
32709 0
32710 2
32711 2
32712 2
32713 2
32714 1
32715 1
32716 0
32717 2
32718 2
32719 1
32720 0
32721 1
32722 0
32723 0
32724 1
32725 2
32726 1
32727 2
32728 2
32729 1
32730 2
32731 2
32732 0
32733 0
32734 2
32735 1
32736 1
32737 1
32738 0
32739 2
32740 3
32741 2
32742 1
32743 2
32744 1
32745 2
32746 1
32747 0
32748 0
32749 0
32750 0
32751 3
32752 2
32753 0
32754 1
32755 0
32756 1
32757 0
32758 0
32759 0
32760 1
32761 2
32762 1
32763 0
32764 1
32765 0
32766 2
32767 3
32768 1
32769 0
32770 1
32771 1
32772 0
32773 3
32774 2
32775 2
32776 2
32777 0
32778 3
32779 1
32780 1
32781 2
32782 1
32783 0
32784 1
32785 2
32786 0
32787 0
32788 3
32789 0
32790 1
32791 0
32792 0
32793 0
32794 3
32795 1
32796 0
32797 0
32798 0
32799 0
32800 0
32801 1
32802 1
32803 1
32804 0
32805 1
32806 1
32807 1
32808 1
32809 3
32810 2
32811 1
32812 2
32813 0
32814 2
32815 1
32816 0
32817 1
32818 0
32819 2
32820 0
32821 0
32822 0
32823 1
32824 3
32825 1
32826 1
32827 2
32828 1
32829 2
32830 1
32831 1
32832 1
32833 0
32834 3
32835 0
32836 1
32837 0
32838 3
32839 0
32840 2
32841 1
32842 0
32843 0
32844 2
32845 1
32846 2
32847 1
32848 1
32849 2
32850 0
32851 0
32852 0
32853 0
32854 2
32855 2
32856 2
32857 2
32858 1
32859 2
32860 1
32861 1
32862 0
32863 3
32864 2
32865 3
32866 0
32867 2
32868 1
32869 2
32870 1
32871 3
32872 1
32873 1
32874 2
32875 2
32876 1
32877 2
32878 1
32879 1
32880 0
32881 1
32882 0
32883 1
32884 2
32885 3
32886 0
32887 1
32888 0
32889 2
32890 2
32891 0
32892 0
32893 1
32894 0
32895 1
32896 3
32897 2
32898 1
32899 0
32900 2
32901 1
32902 1
32903 2
32904 1
32905 3
32906 1
32907 2
32908 0
32909 2
32910 1
32911 0
32912 1
32913 0
32914 1
32915 2
32916 1
32917 2
32918 0
32919 1
32920 1
32921 1
32922 1
32923 0
32924 0
32925 0
32926 2
32927 1
32928 2
32929 2
32930 3
32931 2
32932 0
32933 2
32934 1
32935 0
32936 1
32937 2
32938 1
32939 0
32940 2
32941 0
32942 0
32943 1
32944 2
32945 0
32946 1
32947 1
32948 1
32949 1
32950 0
32951 2
32952 2
32953 1
32954 0
32955 0
32956 0
32957 0
32958 2
32959 1
32960 0
32961 1
32962 0
32963 0
32964 1
32965 1
32966 0
32967 1
32968 0
32969 2
32970 2
32971 1
32972 0
32973 2
32974 0
32975 1
32976 2
32977 2
32978 2
32979 2
32980 0
32981 1
32982 1
32983 2
32984 1
32985 1
32986 1
32987 0
32988 0
32989 2
32990 0
32991 1
32992 1
32993 2
32994 1
32995 0
32996 1
32997 0
32998 2
32999 0
33000 1
33001 0
33002 2
33003 1
33004 2
33005 1
33006 1
33007 2
33008 0
33009 2
33010 0
33011 0
33012 1
33013 0
33014 0
33015 1
33016 3
33017 0
33018 2
33019 1
33020 0
33021 0
33022 0
33023 0
33024 0
33025 0
33026 0
33027 1
33028 0
33029 1
33030 1
33031 0
33032 3
33033 2
33034 0
33035 2
33036 0
33037 1
33038 0
33039 2
33040 1
33041 0
33042 2
33043 0
33044 2
33045 1
33046 0
33047 2
33048 0
33049 1
33050 1
33051 0
33052 1
33053 1
33054 0
33055 1
33056 0
33057 2
33058 1
33059 1
33060 1
33061 2
33062 1
33063 1
33064 0
33065 3
33066 2
33067 3
33068 0
33069 0
33070 1
33071 1
33072 1
33073 0
33074 0
33075 0
33076 2
33077 2
33078 1
33079 0
33080 0
33081 3
33082 1
33083 0
33084 0
33085 0
33086 1
33087 0
33088 0
33089 0
33090 0
33091 2
33092 1
33093 2
33094 0
33095 1
33096 0
33097 0
33098 1
33099 2
33100 1
33101 1
33102 1
33103 0
33104 2
33105 0
33106 1
33107 1
33108 0
33109 0
33110 0
33111 0
33112 1
33113 0
33114 1
33115 2
33116 0
33117 0
33118 2
33119 1
33120 0
33121 0
33122 0
33123 1
33124 1
33125 0
33126 2
33127 1
33128 2
33129 2
33130 1
33131 1
33132 1
33133 0
33134 2
33135 2
33136 0
33137 1
33138 2
33139 1
33140 0
33141 2
33142 2
33143 1
33144 1
33145 1
33146 3
33147 0
33148 1
33149 1
33150 0
33151 2
33152 2
33153 1
33154 2
33155 2
33156 2
33157 0
33158 1
33159 1
33160 0
33161 1
33162 1
33163 1
33164 0
33165 1
33166 1
33167 1
33168 0
33169 2
33170 1
33171 2
33172 2
33173 1
33174 0
33175 2
33176 2
33177 0
33178 1
33179 1
33180 0
33181 0
33182 0
33183 0
33184 2
33185 2
33186 0
33187 1
33188 2
33189 2
33190 2
33191 1
33192 1
33193 1
33194 1
33195 1
33196 0
33197 0
33198 1
33199 2
33200 1
33201 1
33202 0
33203 2
33204 0
33205 1
33206 2
33207 2
33208 2
33209 0
33210 2
33211 1
33212 2
33213 0
33214 1
33215 0
33216 2
33217 2
33218 2
33219 1
33220 0
33221 2
33222 2
33223 0
33224 2
33225 2
33226 0
33227 2
33228 0
33229 1
33230 2
33231 1
33232 2
33233 3
33234 0
33235 0
33236 1
33237 2
33238 2
33239 0
33240 0
33241 1
33242 2
33243 1
33244 1
33245 1
33246 2
33247 2
33248 2
33249 1
33250 2
33251 0
33252 2
33253 2
33254 1
33255 0
33256 1
33257 1
33258 1
33259 2
33260 1
33261 0
33262 1
33263 0
33264 2
33265 2
33266 1
33267 2
33268 2
33269 3
33270 2
33271 1
33272 1
33273 2
33274 2
33275 2
33276 1
33277 3
33278 1
33279 2
33280 0
33281 2
33282 2
33283 4
33284 0
33285 0
33286 0
33287 1
33288 3
33289 0
33290 0
33291 0
33292 4
33293 1
33294 1
33295 0
33296 0
33297 0
33298 2
33299 1
33300 2
33301 2
33302 1
33303 0
33304 0
33305 2
33306 2
33307 2
33308 0
33309 0
33310 1
33311 3
33312 3
33313 0
33314 0
33315 1
33316 2
33317 1
33318 3
33319 1
33320 0
33321 0
33322 1
33323 1
33324 1
33325 3
33326 1
33327 2
33328 1
33329 3
33330 3
33331 1
33332 2
33333 2
33334 0
33335 1
33336 0
33337 0
33338 0
33339 1
33340 0
33341 1
33342 2
33343 2
33344 0
33345 2
33346 0
33347 1
33348 1
33349 3
33350 1
33351 1
33352 2
33353 2
33354 2
33355 0
33356 2
33357 1
33358 2
33359 1
33360 1
33361 0
33362 2
33363 0
33364 0
33365 2
33366 2
33367 0
33368 0
33369 2
33370 0
33371 1
33372 1
33373 1
33374 2
33375 1
33376 1
33377 2
33378 2
33379 0
33380 0
33381 0
33382 2
33383 2
33384 1
33385 0
33386 1
33387 3
33388 0
33389 1
33390 1
33391 2
33392 1
33393 0
33394 2
33395 0
33396 1
33397 0
33398 0
33399 1
33400 2
33401 1
33402 2
33403 3
33404 1
33405 0
33406 1
33407 2
33408 2
33409 0
33410 1
33411 0
33412 0
33413 0
33414 0
33415 1
33416 1
33417 2
33418 3
33419 2
33420 2
33421 2
33422 2
33423 2
33424 1
33425 2
33426 1
33427 2
33428 1
33429 0
33430 2
33431 0
33432 1
33433 0
33434 1
33435 1
33436 0
33437 2
33438 1
33439 1
33440 2
33441 0
33442 1
33443 1
33444 0
33445 0
33446 0
33447 2
33448 2
33449 1
33450 1
33451 0
33452 2
33453 0
33454 1
33455 1
33456 1
33457 0
33458 0
33459 1
33460 1
33461 0
33462 1
33463 0
33464 1
33465 2
33466 2
33467 2
33468 1
33469 1
33470 1
33471 1
33472 0
33473 1
33474 1
33475 2
33476 0
33477 0
33478 0
33479 0
33480 1
33481 2
33482 2
33483 1
33484 0
33485 1
33486 2
33487 1
33488 0
33489 2
33490 2
33491 1
33492 3
33493 0
33494 2
33495 0
33496 0
33497 2
33498 0
33499 0
33500 0
33501 0
33502 2
33503 0
33504 0
33505 0
33506 1
33507 0
33508 1
33509 1
33510 0
33511 0
33512 2
33513 2
33514 1
33515 0
33516 2
33517 1
33518 1
33519 3
33520 2
33521 2
33522 2
33523 1
33524 0
33525 1
33526 2
33527 1
33528 2
33529 1
33530 1
33531 1
33532 2
33533 0
33534 0
33535 0
33536 1
33537 2
33538 0
33539 0
33540 1
33541 1
33542 1
33543 1
33544 3
33545 2
33546 0
33547 3
33548 1
33549 0
33550 2
33551 0
33552 0
33553 0
33554 2
33555 0
33556 1
33557 1
33558 0
33559 1
33560 0
33561 1
33562 0
33563 2
33564 2
33565 1
33566 2
33567 0
33568 0
33569 1
33570 3
33571 0
33572 0
33573 3
33574 0
33575 1
33576 1
33577 0
33578 2
33579 0
33580 0
33581 2
33582 1
33583 0
33584 1
33585 1
33586 0
33587 2
33588 2
33589 1
33590 2
33591 2
33592 1
33593 2
33594 0
33595 0
33596 1
33597 3
33598 2
33599 0
33600 0
33601 0
33602 2
33603 2
33604 0
33605 2
33606 1
33607 2
33608 0
33609 2
33610 2
33611 2
33612 1
33613 0
33614 2
33615 2
33616 1
33617 0
33618 1
33619 3
33620 1
33621 3
33622 2
33623 2
33624 2
33625 2
33626 1
33627 2
33628 2
33629 1
33630 2
33631 0
33632 1
33633 1
33634 3
33635 3
33636 3
33637 1
33638 1
33639 0
33640 0
33641 3
33642 0
33643 1
33644 0
33645 2
33646 1
33647 2
33648 0
33649 1
33650 2
33651 0
33652 3
33653 1
33654 2
33655 1
33656 3
33657 1
33658 2
33659 1
33660 0
33661 3
33662 0
33663 0
33664 2
33665 0
33666 0
33667 2
33668 1
33669 1
33670 0
33671 2
33672 2
33673 1
33674 2
33675 3
33676 0
33677 1
33678 1
33679 0
33680 2
33681 2
33682 2
33683 2
33684 0
33685 1
33686 0
33687 1
33688 0
33689 0
33690 3
33691 1
33692 0
33693 2
33694 0
33695 3
33696 0
33697 2
33698 1
33699 1
33700 1
33701 1
33702 1
33703 1
33704 2
33705 0
33706 0
33707 1
33708 3
33709 0
33710 1
33711 0
33712 1
33713 2
33714 1
33715 1
33716 1
33717 2
33718 2
33719 0
33720 0
33721 1
33722 0
33723 2
33724 2
33725 0
33726 2
33727 3
33728 1
33729 1
33730 1
33731 1
33732 2
33733 2
33734 2
33735 2
33736 0
33737 2
33738 2
33739 2
33740 2
33741 1
33742 1
33743 1
33744 2
33745 0
33746 3
33747 2
33748 1
33749 2
33750 0
33751 1
33752 0
33753 2
33754 1
33755 1
33756 0
33757 1
33758 2
33759 1
33760 2
33761 1
33762 1
33763 1
33764 0
33765 0
33766 0
33767 1
33768 3
33769 1
33770 2
33771 3
33772 0
33773 0
33774 1
33775 2
33776 1
33777 2
33778 2
33779 2
33780 0
33781 2
33782 2
33783 1
33784 1
33785 2
33786 0
33787 1
33788 1
33789 2
33790 2
33791 1
33792 0
33793 0
33794 0
33795 1
33796 1
33797 1
33798 1
33799 0
33800 1
33801 0
33802 2
33803 1
33804 2
33805 2
33806 0
33807 1
33808 2
33809 3
33810 1
33811 2
33812 1
33813 2
33814 0
33815 1
33816 0
33817 0
33818 3
33819 0
33820 1
33821 1
33822 2
33823 0
33824 0
33825 2
33826 0
33827 1
33828 0
33829 1
33830 0
33831 2
33832 0
33833 0
33834 0
33835 0
33836 1
33837 1
33838 0
33839 3
33840 2
33841 3
33842 2
33843 1
33844 2
33845 1
33846 3
33847 1
33848 1
33849 1
33850 2
33851 0
33852 0
33853 0
33854 2
33855 2
33856 2
33857 0
33858 0
33859 1
33860 0
33861 1
33862 2
33863 2
33864 2
33865 3
33866 2
33867 1
33868 2
33869 1
33870 1
33871 0
33872 2
33873 1
33874 1
33875 1
33876 0
33877 1
33878 1
33879 0
33880 2
33881 1
33882 1
33883 1
33884 2
33885 2
33886 2
33887 1
33888 1
33889 1
33890 0
33891 0
33892 0
33893 1
33894 1
33895 3
33896 2
33897 0
33898 2
33899 0
33900 2
33901 1
33902 1
33903 0
33904 1
33905 1
33906 0
33907 1
33908 1
33909 2
33910 2
33911 1
33912 2
33913 0
33914 2
33915 2
33916 2
33917 1
33918 0
33919 0
33920 2
33921 3
33922 1
33923 0
33924 1
33925 2
33926 0
33927 0
33928 1
33929 0
33930 0
33931 2
33932 0
33933 1
33934 2
33935 1
33936 0
33937 0
33938 2
33939 1
33940 1
33941 0
33942 2
33943 1
33944 0
33945 2
33946 2
33947 0
33948 1
33949 1
33950 0
33951 0
33952 1
33953 2
33954 0
33955 1
33956 1
33957 0
33958 0
33959 0
33960 2
33961 1
33962 0
33963 1
33964 2
33965 0
33966 0
33967 2
33968 1
33969 3
33970 1
33971 0
33972 0
33973 0
33974 0
33975 1
33976 0
33977 0
33978 1
33979 0
33980 0
33981 3
33982 0
33983 1
33984 1
33985 1
33986 0
33987 3
33988 1
33989 0
33990 1
33991 2
33992 1
33993 0
33994 0
33995 0
33996 2
33997 0
33998 1
33999 0
34000 2
34001 1
34002 2
34003 2
34004 2
34005 0
34006 0
34007 3
34008 2
34009 0
34010 3
34011 1
34012 0
34013 2
34014 0
34015 0
34016 1
34017 0
34018 2
34019 0
34020 0
34021 0
34022 0
34023 1
34024 0
34025 0
34026 0
34027 2
34028 0
34029 0
34030 2
34031 0
34032 1
34033 2
34034 1
34035 1
34036 1
34037 1
34038 0
34039 1
34040 2
34041 1
34042 1
34043 1
34044 1
34045 1
34046 2
34047 0
34048 0
34049 2
34050 1
34051 1
34052 0
34053 0
34054 0
34055 0
34056 0
34057 0
34058 1
34059 0
34060 2
34061 0
34062 1
34063 1
34064 2
34065 0
34066 0
34067 0
34068 2
34069 1
34070 0
34071 1
34072 1
34073 2
34074 1
34075 2
34076 3
34077 2
34078 2
34079 2
34080 2
34081 2
34082 1
34083 2
34084 0
34085 2
34086 1
34087 2
34088 2
34089 1
34090 2
34091 1
34092 0
34093 0
34094 1
34095 3
34096 2
34097 1
34098 2
34099 0
34100 2
34101 1
34102 2
34103 1
34104 1
34105 1
34106 3
34107 0
34108 1
34109 0
34110 1
34111 1
34112 2
34113 0
34114 1
34115 0
34116 1
34117 1
34118 0
34119 1
34120 1
34121 0
34122 0
34123 0
34124 1
34125 1
34126 0
34127 0
34128 2
34129 1
34130 1
34131 1
34132 1
34133 0
34134 2
34135 1
34136 0
34137 0
34138 0
34139 1
34140 1
34141 0
34142 0
34143 0
34144 1
34145 1
34146 1
34147 2
34148 2
34149 0
34150 1
34151 3
34152 0
34153 1
34154 0
34155 2
34156 0
34157 2
34158 2
34159 2
34160 2
34161 0
34162 0
34163 0
34164 3
34165 0
34166 1
34167 1
34168 2
34169 0
34170 0
34171 0
34172 3
34173 2
34174 0
34175 0
34176 1
34177 0
34178 0
34179 0
34180 1
34181 0
34182 1
34183 2
34184 1
34185 1
34186 2
34187 0
34188 1
34189 0
34190 1
34191 2
34192 1
34193 2
34194 1
34195 2
34196 1
34197 0
34198 2
34199 3
34200 1
34201 1
34202 1
34203 1
34204 1
34205 1
34206 2
34207 0
34208 1
34209 1
34210 0
34211 1
34212 0
34213 1
34214 0
34215 2
34216 1
34217 2
34218 0
34219 1
34220 0
34221 0
34222 0
34223 2
34224 0
34225 2
34226 0
34227 2
34228 2
34229 1
34230 1
34231 2
34232 1
34233 0
34234 0
34235 2
34236 1
34237 1
34238 2
34239 0
34240 1
34241 0
34242 0
34243 2
34244 0
34245 0
34246 1
34247 1
34248 2
34249 1
34250 1
34251 0
34252 1
34253 2
34254 0
34255 2
34256 1
34257 0
34258 0
34259 2
34260 1
34261 0
34262 1
34263 3
34264 1
34265 1
34266 0
34267 0
34268 0
34269 3
34270 3
34271 0
34272 0
34273 1
34274 0
34275 0
34276 2
34277 0
34278 0
34279 0
34280 2
34281 2
34282 2
34283 2
34284 0
34285 1
34286 2
34287 1
34288 0
34289 3
34290 1
34291 1
34292 1
34293 2
34294 0
34295 2
34296 0
34297 2
34298 0
34299 1
34300 1
34301 3
34302 0
34303 0
34304 0
34305 2
34306 3
34307 2
34308 1
34309 2
34310 0
34311 1
34312 1
34313 1
34314 2
34315 0
34316 0
34317 2
34318 0
34319 2
34320 1
34321 2
34322 0
34323 1
34324 0
34325 3
34326 0
34327 0
34328 1
34329 3
34330 1
34331 1
34332 0
34333 3
34334 0
34335 1
34336 2
34337 2
34338 1
34339 1
34340 1
34341 0
34342 3
34343 2
34344 1
34345 0
34346 0
34347 1
34348 2
34349 1
34350 0
34351 2
34352 0
34353 2
34354 1
34355 2
34356 2
34357 3
34358 1
34359 1
34360 2
34361 2
34362 1
34363 1
34364 1
34365 1
34366 0
34367 0
34368 0
34369 1
34370 1
34371 0
34372 2
34373 1
34374 1
34375 2
34376 0
34377 2
34378 0
34379 2
34380 0
34381 1
34382 0
34383 0
34384 2
34385 3
34386 2
34387 1
34388 0
34389 0
34390 0
34391 0
34392 3
34393 2
34394 0
34395 2
34396 1
34397 0
34398 0
34399 0
34400 0
34401 1
34402 0
34403 1
34404 2
34405 2
34406 0
34407 0
34408 1
34409 1
34410 1
34411 1
34412 1
34413 2
34414 1
34415 3
34416 1
34417 1
34418 0
34419 1
34420 1
34421 0
34422 2
34423 1
34424 0
34425 1
34426 1
34427 0
34428 1
34429 0
34430 1
34431 1
34432 1
34433 1
34434 0
34435 0
34436 1
34437 3
34438 0
34439 2
34440 2
34441 2
34442 2
34443 0
34444 2
34445 1
34446 0
34447 0
34448 0
34449 2
34450 2
34451 1
34452 0
34453 1
34454 0
34455 2
34456 3
34457 1
34458 0
34459 0
34460 2
34461 3
34462 0
34463 0
34464 1
34465 1
34466 2
34467 1
34468 0
34469 1
34470 1
34471 2
34472 1
34473 1
34474 0
34475 2
34476 0
34477 1
34478 0
34479 1
34480 2
34481 1
34482 1
34483 3
34484 0
34485 0
34486 0
34487 2
34488 0
34489 2
34490 1
34491 2
34492 0
34493 1
34494 2
34495 2
34496 2
34497 0
34498 2
34499 1
34500 0
34501 1
34502 2
34503 1
34504 1
34505 2
34506 1
34507 0
34508 1
34509 1
34510 1
34511 2
34512 1
34513 2
34514 0
34515 1
34516 2
34517 1
34518 0
34519 0
34520 0
34521 3
34522 1
34523 1
34524 2
34525 0
34526 1
34527 1
34528 0
34529 1
34530 1
34531 2
34532 0
34533 2
34534 1
34535 0
34536 0
34537 2
34538 3
34539 2
34540 2
34541 1
34542 1
34543 0
34544 1
34545 0
34546 1
34547 2
34548 0
34549 2
34550 0
34551 2
34552 1
34553 0
34554 0
34555 1
34556 2
34557 0
34558 3
34559 2
34560 0
34561 2
34562 2
34563 0
34564 1
34565 2
34566 1
34567 2
34568 1
34569 2
34570 1
34571 1
34572 2
34573 1
34574 0
34575 1
34576 2
34577 1
34578 2
34579 0
34580 1
34581 2
34582 0
34583 2
34584 1
34585 1
34586 0
34587 2
34588 2
34589 3
34590 1
34591 1
34592 1
34593 0
34594 1
34595 1
34596 1
34597 0
34598 1
34599 2
34600 0
34601 2
34602 1
34603 2
34604 0
34605 0
34606 0
34607 2
34608 0
34609 0
34610 0
34611 1
34612 0
34613 0
34614 0
34615 0
34616 0
34617 0
34618 1
34619 1
34620 0
34621 1
34622 0
34623 0
34624 1
34625 1
34626 1
34627 1
34628 1
34629 1
34630 3
34631 0
34632 0
34633 0
34634 2
34635 2
34636 2
34637 2
34638 1
34639 1
34640 2
34641 2
34642 1
34643 1
34644 2
34645 2
34646 0
34647 0
34648 0
34649 1
34650 2
34651 0
34652 1
34653 0
34654 2
34655 2
34656 2
34657 2
34658 3
34659 2
34660 2
34661 3
34662 0
34663 0
34664 0
34665 2
34666 1
34667 1
34668 0
34669 3
34670 2
34671 2
34672 1
34673 2
34674 1
34675 0
34676 0
34677 3
34678 1
34679 2
34680 1
34681 3
34682 2
34683 0
34684 0
34685 0
34686 2
34687 2
34688 1
34689 2
34690 0
34691 1
34692 0
34693 3
34694 0
34695 1
34696 1
34697 1
34698 0
34699 2
34700 1
34701 1
34702 0
34703 1
34704 0
34705 1
34706 1
34707 2
34708 0
34709 2
34710 2
34711 1
34712 0
34713 2
34714 1
34715 2
34716 2
34717 1
34718 0
34719 1
34720 0
34721 0
34722 2
34723 1
34724 1
34725 1
34726 2
34727 0
34728 1
34729 0
34730 2
34731 2
34732 1
34733 2
34734 1
34735 1
34736 0
34737 3
34738 2
34739 1
34740 1
34741 1
34742 2
34743 2
34744 1
34745 0
34746 0
34747 1
34748 0
34749 1
34750 1
34751 0
34752 0
34753 2
34754 0
34755 2
34756 1
34757 3
34758 0
34759 2
34760 1
34761 2
34762 1
34763 1
34764 0
34765 3
34766 1
34767 0
34768 0
34769 0
34770 2
34771 1
34772 2
34773 1
34774 2
34775 2
34776 2
34777 2
34778 0
34779 0
34780 2
34781 1
34782 0
34783 1
34784 0
34785 0
34786 1
34787 0
34788 2
34789 1
34790 1
34791 3
34792 2
34793 1
34794 0
34795 0
34796 1
34797 0
34798 2
34799 1
34800 1
34801 1
34802 0
34803 0
34804 1
34805 1
34806 2
34807 0
34808 3
34809 2
34810 0
34811 1
34812 2
34813 0
34814 1
34815 1
34816 1
34817 2
34818 0
34819 0
34820 2
34821 2
34822 3
34823 0
34824 1
34825 0
34826 0
34827 0
34828 0
34829 0
34830 0
34831 3
34832 0
34833 2
34834 2
34835 1
34836 3
34837 1
34838 1
34839 0
34840 1
34841 0
34842 0
34843 1
34844 0
34845 2
34846 0
34847 2
34848 0
34849 0
34850 1
34851 1
34852 0
34853 2
34854 1
34855 0
34856 2
34857 2
34858 0
34859 0
34860 1
34861 2
34862 2
34863 1
34864 0
34865 2
34866 1
34867 1
34868 0
34869 0
34870 0
34871 1
34872 2
34873 0
34874 1
34875 1
34876 0
34877 2
34878 1
34879 0
34880 2
34881 2
34882 0
34883 0
34884 0
34885 3
34886 1
34887 1
34888 1
34889 1
34890 2
34891 2
34892 1
34893 2
34894 0
34895 2
34896 0
34897 2
34898 3
34899 0
34900 2
34901 1
34902 0
34903 0
34904 3
34905 0
34906 1
34907 2
34908 2
34909 1
34910 2
34911 1
34912 3
34913 3
34914 1
34915 0
34916 2
34917 2
34918 0
34919 1
34920 1
34921 1
34922 2
34923 2
34924 0
34925 0
34926 3
34927 0
34928 0
34929 1
34930 0
34931 1
34932 2
34933 0
34934 1
34935 0
34936 0
34937 1
34938 0
34939 1
34940 2
34941 0
34942 2
34943 3
34944 2
34945 0
34946 0
34947 1
34948 2
34949 2
34950 2
34951 1
34952 2
34953 0
34954 0
34955 0
34956 0
34957 1
34958 1
34959 2
34960 1
34961 0
34962 1
34963 0
34964 1
34965 0
34966 1
34967 1
34968 1
34969 1
34970 1
34971 0
34972 2
34973 0
34974 1
34975 0
34976 1
34977 3
34978 0
34979 1
34980 0
34981 0
34982 0
34983 0
34984 1
34985 2
34986 0
34987 0
34988 2
34989 1
34990 1
34991 2
34992 0
34993 1
34994 1
34995 3
34996 0
34997 2
34998 0
34999 1
35000 1
35001 0
35002 1
35003 3
35004 3
35005 0
35006 1
35007 2
35008 0
35009 0
35010 1
35011 2
35012 2
35013 0
35014 2
35015 2
35016 2
35017 1
35018 2
35019 0
35020 0
35021 1
35022 2
35023 2
35024 1
35025 0
35026 1
35027 0
35028 0
35029 1
35030 1
35031 1
35032 1
35033 1
35034 1
35035 1
35036 0
35037 2
35038 1
35039 2
35040 0
35041 0
35042 2
35043 1
35044 0
35045 2
35046 3
35047 2
35048 3
35049 1
35050 1
35051 1
35052 1
35053 0
35054 1
35055 0
35056 0
35057 2
35058 1
35059 1
35060 1
35061 1
35062 1
35063 1
35064 1
35065 0
35066 3
35067 2
35068 2
35069 0
35070 1
35071 2
35072 1
35073 2
35074 0
35075 2
35076 2
35077 1
35078 0
35079 1
35080 1
35081 0
35082 1
35083 2
35084 2
35085 2
35086 3
35087 2
35088 1
35089 1
35090 2
35091 0
35092 1
35093 1
35094 0
35095 3
35096 2
35097 0
35098 0
35099 2
35100 0
35101 1
35102 2
35103 1
35104 2
35105 2
35106 2
35107 0
35108 0
35109 2
35110 2
35111 3
35112 1
35113 2
35114 2
35115 3
35116 0
35117 1
35118 0
35119 1
35120 2
35121 3
35122 1
35123 0
35124 0
35125 1
35126 0
35127 0
35128 0
35129 2
35130 1
35131 2
35132 0
35133 0
35134 0
35135 0
35136 0
35137 1
35138 1
35139 1
35140 0
35141 0
35142 1
35143 1
35144 0
35145 1
35146 1
35147 1
35148 0
35149 2
35150 2
35151 1
35152 1
35153 1
35154 2
35155 1
35156 2
35157 0
35158 1
35159 2
35160 2
35161 0
35162 1
35163 0
35164 2
35165 3
35166 2
35167 0
35168 2
35169 0
35170 2
35171 0
35172 0
35173 1
35174 0
35175 0
35176 2
35177 0
35178 0
35179 0
35180 0
35181 1
35182 1
35183 0
35184 3
35185 1
35186 0
35187 1
35188 0
35189 2
35190 2
35191 1
35192 2
35193 0
35194 0
35195 0
35196 0
35197 1
35198 0
35199 2
35200 1
35201 2
35202 0
35203 0
35204 2
35205 0
35206 2
35207 0
35208 1
35209 2
35210 0
35211 0
35212 3
35213 0
35214 0
35215 0
35216 1
35217 1
35218 0
35219 2
35220 2
35221 2
35222 3
35223 1
35224 1
35225 1
35226 2
35227 1
35228 0
35229 2
35230 2
35231 0
35232 0
35233 0
35234 2
35235 1
35236 3
35237 1
35238 1
35239 0
35240 0
35241 2
35242 2
35243 0
35244 0
35245 0
35246 1
35247 1
35248 2
35249 2
35250 3
35251 1
35252 1
35253 1
35254 1
35255 2
35256 0
35257 0
35258 2
35259 2
35260 2
35261 2
35262 1
35263 1
35264 0
35265 1
35266 0
35267 0
35268 2
35269 0
35270 0
35271 0
35272 1
35273 3
35274 0
35275 1
35276 2
35277 1
35278 0
35279 3
35280 0
35281 2
35282 1
35283 1
35284 1
35285 3
35286 1
35287 2
35288 0
35289 0
35290 0
35291 0
35292 0
35293 0
35294 0
35295 1
35296 0
35297 2
35298 1
35299 2
35300 1
35301 0
35302 0
35303 0
35304 2
35305 1
35306 1
35307 3
35308 2
35309 2
35310 1
35311 2
35312 3
35313 2
35314 2
35315 0
35316 2
35317 2
35318 1
35319 1
35320 0
35321 0
35322 1
35323 0
35324 0
35325 1
35326 0
35327 3
35328 1
35329 0
35330 0
35331 0
35332 0
35333 2
35334 1
35335 2
35336 2
35337 2
35338 0
35339 2
35340 0
35341 0
35342 2
35343 2
35344 2
35345 0
35346 0
35347 0
35348 2
35349 2
35350 1
35351 1
35352 2
35353 1
35354 1
35355 0
35356 0
35357 0
35358 1
35359 1
35360 3
35361 2
35362 2
35363 2
35364 0
35365 2
35366 1
35367 2
35368 1
35369 3
35370 0
35371 2
35372 0
35373 1
35374 2
35375 3
35376 1
35377 3
35378 2
35379 0
35380 2
35381 2
35382 3
35383 0
35384 2
35385 0
35386 1
35387 1
35388 3
35389 1
35390 1
35391 1
35392 2
35393 1
35394 2
35395 1
35396 1
35397 2
35398 2
35399 1
35400 0
35401 0
35402 0
35403 1
35404 2
35405 0
35406 2
35407 0
35408 0
35409 0
35410 1
35411 0
35412 2
35413 0
35414 2
35415 2
35416 1
35417 0
35418 3
35419 0
35420 3
35421 1
35422 2
35423 2
35424 2
35425 1
35426 0
35427 2
35428 2
35429 2
35430 0
35431 0
35432 1
35433 0
35434 1
35435 1
35436 0
35437 0
35438 1
35439 1
35440 0
35441 0
35442 1
35443 2
35444 2
35445 0
35446 1
35447 2
35448 1
35449 1
35450 1
35451 1
35452 2
35453 1
35454 2
35455 2
35456 2
35457 0
35458 2
35459 1
35460 0
35461 0
35462 2
35463 1
35464 1
35465 3
35466 1
35467 2
35468 1
35469 1
35470 1
35471 0
35472 1
35473 1
35474 3
35475 0
35476 2
35477 0
35478 0
35479 1
35480 3
35481 1
35482 1
35483 2
35484 2
35485 0
35486 2
35487 0
35488 2
35489 2
35490 1
35491 1
35492 3
35493 1
35494 1
35495 0
35496 1
35497 0
35498 3
35499 0
35500 2
35501 3
35502 1
35503 3
35504 2
35505 2
35506 1
35507 2
35508 1
35509 0
35510 1
35511 1
35512 0
35513 3
35514 1
35515 0
35516 2
35517 1
35518 2
35519 1
35520 1
35521 0
35522 0
35523 0
35524 2
35525 1
35526 2
35527 2
35528 2
35529 0
35530 3
35531 2
35532 0
35533 0
35534 0
35535 3
35536 0
35537 2
35538 0
35539 1
35540 2
35541 1
35542 3
35543 1
35544 2
35545 1
35546 2
35547 0
35548 1
35549 1
35550 0
35551 0
35552 2
35553 2
35554 0
35555 1
35556 1
35557 1
35558 1
35559 0
35560 0
35561 1
35562 3
35563 1
35564 0
35565 0
35566 2
35567 0
35568 2
35569 1
35570 2
35571 1
35572 0
35573 1
35574 0
35575 1
35576 1
35577 0
35578 1
35579 2
35580 2
35581 2
35582 1
35583 0
35584 0
35585 1
35586 1
35587 1
35588 0
35589 1
35590 1
35591 0
35592 2
35593 1
35594 1
35595 1
35596 2
35597 2
35598 0
35599 2
35600 1
35601 2
35602 1
35603 1
35604 1
35605 1
35606 0
35607 1
35608 3
35609 2
35610 1
35611 0
35612 3
35613 1
35614 1
35615 1
35616 1
35617 2
35618 2
35619 1
35620 2
35621 0
35622 0
35623 1
35624 0
35625 0
35626 0
35627 3
35628 1
35629 0
35630 0
35631 2
35632 0
35633 2
35634 2
35635 2
35636 0
35637 2
35638 0
35639 1
35640 2
35641 2
35642 1
35643 3
35644 0
35645 0
35646 1
35647 0
35648 3
35649 2
35650 3
35651 3
35652 1
35653 2
35654 2
35655 1
35656 2
35657 0
35658 2
35659 1
35660 1
35661 0
35662 2
35663 1
35664 1
35665 2
35666 1
35667 2
35668 2
35669 2
35670 2
35671 1
35672 1
35673 0
35674 1
35675 0
35676 0
35677 1
35678 0
35679 2
35680 0
35681 1
35682 2
35683 3
35684 0
35685 2
35686 2
35687 0
35688 0
35689 2
35690 0
35691 1
35692 0
35693 3
35694 0
35695 1
35696 2
35697 3
35698 1
35699 3
35700 0
35701 0
35702 2
35703 2
35704 4
35705 0
35706 0
35707 2
35708 0
35709 2
35710 0
35711 2
35712 2
35713 0
35714 2
35715 0
35716 0
35717 2
35718 2
35719 1
35720 2
35721 0
35722 2
35723 2
35724 0
35725 1
35726 2
35727 1
35728 0
35729 1
35730 1
35731 1
35732 0
35733 0
35734 0
35735 1
35736 0
35737 2
35738 1
35739 0
35740 0
35741 0
35742 2
35743 1
35744 1
35745 1
35746 2
35747 2
35748 1
35749 2
35750 0
35751 0
35752 2
35753 2
35754 3
35755 1
35756 0
35757 0
35758 2
35759 0
35760 2
35761 2
35762 0
35763 1
35764 2
35765 0
35766 0
35767 2
35768 1
35769 0
35770 0
35771 0
35772 2
35773 3
35774 2
35775 0
35776 1
35777 0
35778 2
35779 2
35780 0
35781 0
35782 1
35783 1
35784 1
35785 0
35786 2
35787 3
35788 2
35789 0
35790 0
35791 0
35792 2
35793 1
35794 2
35795 2
35796 1
35797 1
35798 2
35799 2
35800 0
35801 2
35802 1
35803 0
35804 2
35805 1
35806 1
35807 3
35808 1
35809 1
35810 2
35811 1
35812 1
35813 0
35814 2
35815 2
35816 1
35817 1
35818 2
35819 1
35820 0
35821 1
35822 1
35823 0
35824 1
35825 2
35826 0
35827 1
35828 3
35829 0
35830 1
35831 1
35832 0
35833 1
35834 0
35835 3
35836 0
35837 1
35838 0
35839 1
35840 3
35841 2
35842 1
35843 0
35844 1
35845 1
35846 2
35847 0
35848 2
35849 2
35850 1
35851 1
35852 2
35853 0
35854 1
35855 0
35856 1
35857 2
35858 0
35859 0
35860 0
35861 1
35862 1
35863 3
35864 1
35865 2
35866 1
35867 3
35868 1
35869 0
35870 1
35871 0
35872 2
35873 2
35874 1
35875 0
35876 1
35877 0
35878 0
35879 1
35880 2
35881 0
35882 1
35883 1
35884 0
35885 3
35886 0
35887 0
35888 2
35889 0
35890 0
35891 3
35892 2
35893 1
35894 0
35895 0
35896 0
35897 2
35898 2
35899 1
35900 0
35901 0
35902 0
35903 2
35904 2
35905 2
35906 0
35907 1
35908 0
35909 2
35910 1
35911 0
35912 0
35913 2
35914 2
35915 2
35916 1
35917 2
35918 3
35919 0
35920 2
35921 2
35922 2
35923 0
35924 3
35925 2
35926 0
35927 1
35928 2
35929 0
35930 1
35931 2
35932 2
35933 1
35934 2
35935 2
35936 1
35937 2
35938 0
35939 2
35940 2
35941 0
35942 2
35943 2
35944 2
35945 2
35946 1
35947 1
35948 1
35949 3
35950 0
35951 2
35952 3
35953 1
35954 2
35955 1
35956 1
35957 2
35958 1
35959 1
35960 1
35961 0
35962 1
35963 1
35964 2
35965 1
35966 1
35967 0
35968 0
35969 1
35970 1
35971 2
35972 1
35973 3
35974 2
35975 0
35976 2
35977 2
35978 0
35979 1
35980 1
35981 2
35982 0
35983 2
35984 0
35985 1
35986 2
35987 1
35988 1
35989 2
35990 2
35991 2
35992 1
35993 2
35994 1
35995 0
35996 0
35997 2
35998 0
35999 2
36000 2
36001 0
36002 1
36003 2
36004 2
36005 0
36006 0
36007 2
36008 0
36009 1
36010 0
36011 1
36012 0
36013 2
36014 0
36015 3
36016 0
36017 2
36018 2
36019 2
36020 2
36021 0
36022 0
36023 0
36024 0
36025 0
36026 1
36027 2
36028 2
36029 1
36030 0
36031 2
36032 2
36033 1
36034 0
36035 1
36036 2
36037 1
36038 2
36039 1
36040 1
36041 2
36042 0
36043 1
36044 2
36045 0
36046 1
36047 1
36048 2
36049 0
36050 0
36051 0
36052 1
36053 0
36054 1
36055 1
36056 3
36057 0
36058 2
36059 1
36060 2
36061 1
36062 0
36063 0
36064 0
36065 0
36066 1
36067 1
36068 0
36069 2
36070 1
36071 2
36072 2
36073 2
36074 1
36075 1
36076 2
36077 0
36078 0
36079 0
36080 2
36081 1
36082 3
36083 1
36084 1
36085 0
36086 1
36087 2
36088 0
36089 2
36090 0
36091 0
36092 0
36093 0
36094 2
36095 0
36096 1
36097 0
36098 3
36099 1
36100 2
36101 0
36102 1
36103 0
36104 2
36105 1
36106 1
36107 2
36108 2
36109 2
36110 1
36111 0
36112 0
36113 3
36114 2
36115 1
36116 0
36117 1
36118 1
36119 2
36120 2
36121 0
36122 2
36123 1
36124 2
36125 0
36126 0
36127 0
36128 2
36129 1
36130 0
36131 2
36132 0
36133 1
36134 0
36135 1
36136 3
36137 0
36138 0
36139 0
36140 2
36141 0
36142 2
36143 2
36144 0
36145 1
36146 2
36147 1
36148 1
36149 2
36150 3
36151 0
36152 2
36153 2
36154 1
36155 1
36156 2
36157 2
36158 0
36159 0
36160 0
36161 2
36162 1
36163 2
36164 2
36165 0
36166 0
36167 1
36168 1
36169 3
36170 1
36171 1
36172 1
36173 0
36174 2
36175 1
36176 1
36177 1
36178 0
36179 0
36180 1
36181 2
36182 0
36183 1
36184 0
36185 1
36186 0
36187 2
36188 0
36189 2
36190 0
36191 1
36192 1
36193 0
36194 1
36195 2
36196 2
36197 0
36198 2
36199 1
36200 0
36201 3
36202 1
36203 1
36204 1
36205 2
36206 3
36207 2
36208 1
36209 2
36210 0
36211 3
36212 2
36213 2
36214 2
36215 1
36216 0
36217 0
36218 0
36219 2
36220 2
36221 3
36222 0
36223 0
36224 2
36225 3
36226 0
36227 1
36228 0
36229 1
36230 0
36231 3
36232 0
36233 0
36234 1
36235 2
36236 0
36237 2
36238 0
36239 3
36240 2
36241 0
36242 0
36243 2
36244 2
36245 2
36246 1
36247 1
36248 3
36249 0
36250 1
36251 0
36252 1
36253 1
36254 1
36255 3
36256 2
36257 0
36258 1
36259 0
36260 1
36261 0
36262 2
36263 0
36264 2
36265 1
36266 0
36267 1
36268 1
36269 2
36270 1
36271 1
36272 1
36273 2
36274 1
36275 0
36276 1
36277 1
36278 2
36279 1
36280 0
36281 3
36282 2
36283 0
36284 1
36285 0
36286 2
36287 0
36288 1
36289 1
36290 1
36291 2
36292 0
36293 0
36294 2
36295 1
36296 0
36297 0
36298 1
36299 2
36300 3
36301 0
36302 2
36303 1
36304 0
36305 1
36306 2
36307 1
36308 1
36309 2
36310 1
36311 1
36312 2
36313 2
36314 0
36315 0
36316 1
36317 0
36318 1
36319 1
36320 1
36321 0
36322 1
36323 0
36324 2
36325 3
36326 1
36327 1
36328 2
36329 0
36330 1
36331 1
36332 1
36333 0
36334 1
36335 2
36336 1
36337 2
36338 1
36339 0
36340 2
36341 1
36342 3
36343 1
36344 0
36345 0
36346 1
36347 1
36348 1
36349 2
36350 0
36351 0
36352 1
36353 3
36354 0
36355 1
36356 2
36357 2
36358 1
36359 3
36360 1
36361 1
36362 0
36363 2
36364 0
36365 0
36366 0
36367 2
36368 0
36369 0
36370 2
36371 1
36372 0
36373 3
36374 2
36375 2
36376 0
36377 4
36378 1
36379 0
36380 2
36381 0
36382 1
36383 0
36384 3
36385 0
36386 2
36387 0
36388 0
36389 0
36390 1
36391 2
36392 2
36393 1
36394 0
36395 2
36396 2
36397 1
36398 0
36399 1
36400 0
36401 2
36402 0
36403 0
36404 2
36405 3
36406 2
36407 0
36408 2
36409 0
36410 1
36411 2
36412 2
36413 1
36414 0
36415 1
36416 0
36417 2
36418 3
36419 0
36420 1
36421 0
36422 3
36423 0
36424 2
36425 1
36426 1
36427 0
36428 0
36429 2
36430 0
36431 1
36432 0
36433 0
36434 0
36435 1
36436 0
36437 2
36438 3
36439 3
36440 0
36441 2
36442 3
36443 0
36444 0
36445 0
36446 1
36447 0
36448 2
36449 0
36450 0
36451 3
36452 1
36453 0
36454 2
36455 3
36456 2
36457 2
36458 3
36459 1
36460 0
36461 0
36462 3
36463 0
36464 0
36465 2
36466 0
36467 0
36468 0
36469 1
36470 1
36471 0
36472 0
36473 1
36474 1
36475 1
36476 1
36477 0
36478 1
36479 0
36480 0
36481 0
36482 0
36483 1
36484 1
36485 0
36486 0
36487 1
36488 2
36489 1
36490 2
36491 3
36492 1
36493 0
36494 0
36495 1
36496 0
36497 3
36498 1
36499 1
36500 1
36501 1
36502 1
36503 0
36504 2
36505 2
36506 1
36507 0
36508 1
36509 0
36510 2
36511 0
36512 0
36513 2
36514 3
36515 0
36516 2
36517 0
36518 1
36519 0
36520 0
36521 2
36522 1
36523 2
36524 0
36525 1
36526 0
36527 0
36528 1
36529 2
36530 0
36531 1
36532 1
36533 1
36534 0
36535 0
36536 0
36537 2
36538 2
36539 0
36540 1
36541 0
36542 0
36543 1
36544 2
36545 2
36546 1
36547 0
36548 1
36549 0
36550 1
36551 2
36552 1
36553 1
36554 1
36555 1
36556 2
36557 1
36558 2
36559 2
36560 1
36561 1
36562 2
36563 0
36564 1
36565 1
36566 2
36567 0
36568 0
36569 0
36570 2
36571 2
36572 1
36573 1
36574 2
36575 1
36576 2
36577 0
36578 0
36579 1
36580 2
36581 0
36582 2
36583 0
36584 2
36585 2
36586 2
36587 1
36588 1
36589 1
36590 1
36591 0
36592 0
36593 1
36594 3
36595 0
36596 2
36597 2
36598 0
36599 1
36600 0
36601 0
36602 0
36603 0
36604 0
36605 0
36606 0
36607 1
36608 0
36609 0
36610 0
36611 2
36612 2
36613 0
36614 1
36615 1
36616 1
36617 0
36618 3
36619 2
36620 1
36621 1
36622 3
36623 2
36624 1
36625 2
36626 2
36627 0
36628 1
36629 0
36630 1
36631 1
36632 2
36633 2
36634 1
36635 1
36636 1
36637 2
36638 0
36639 2
36640 1
36641 1
36642 0
36643 0
36644 2
36645 0
36646 0
36647 0
36648 0
36649 0
36650 0
36651 2
36652 0
36653 0
36654 3
36655 3
36656 2
36657 0
36658 0
36659 0
36660 1
36661 0
36662 1
36663 0
36664 2
36665 0
36666 0
36667 2
36668 3
36669 1
36670 1
36671 1
36672 0
36673 2
36674 0
36675 0
36676 0
36677 2
36678 0
36679 2
36680 0
36681 1
36682 1
36683 1
36684 1
36685 1
36686 0
36687 1
36688 1
36689 0
36690 0
36691 2
36692 0
36693 0
36694 1
36695 1
36696 0
36697 1
36698 2
36699 0
36700 2
36701 2
36702 2
36703 3
36704 0
36705 0
36706 0
36707 0
36708 1
36709 2
36710 0
36711 2
36712 1
36713 1
36714 2
36715 2
36716 0
36717 2
36718 1
36719 1
36720 3
36721 1
36722 1
36723 2
36724 1
36725 1
36726 2
36727 2
36728 2
36729 2
36730 1
36731 2
36732 3
36733 0
36734 0
36735 2
36736 2
36737 0
36738 1
36739 0
36740 0
36741 2
36742 1
36743 0
36744 1
36745 1
36746 0
36747 1
36748 1
36749 2
36750 1
36751 0
36752 1
36753 1
36754 1
36755 0
36756 1
36757 1
36758 0
36759 1
36760 0
36761 0
36762 1
36763 0
36764 0
36765 0
36766 2
36767 0
36768 2
36769 1
36770 2
36771 1
36772 2
36773 2
36774 0
36775 1
36776 3
36777 2
36778 3
36779 2
36780 1
36781 1
36782 1
36783 2
36784 1
36785 1
36786 1
36787 0
36788 0
36789 3
36790 2
36791 1
36792 0
36793 1
36794 3
36795 2
36796 1
36797 0
36798 1
36799 1
36800 2
36801 1
36802 0
36803 1
36804 0
36805 2
36806 1
36807 1
36808 1
36809 0
36810 0
36811 1
36812 1
36813 1
36814 0
36815 2
36816 3
36817 0
36818 0
36819 0
36820 0
36821 0
36822 0
36823 1
36824 1
36825 2
36826 0
36827 0
36828 0
36829 0
36830 2
36831 2
36832 0
36833 2
36834 1
36835 3
36836 1
36837 1
36838 0
36839 0
36840 1
36841 1
36842 2
36843 0
36844 0
36845 0
36846 0
36847 0
36848 0
36849 0
36850 2
36851 1
36852 0
36853 1
36854 1
36855 2
36856 1
36857 2
36858 0
36859 2
36860 1
36861 1
36862 1
36863 0
36864 1
36865 0
36866 1
36867 1
36868 0
36869 2
36870 0
36871 0
36872 1
36873 2
36874 0
36875 1
36876 2
36877 2
36878 2
36879 2
36880 0
36881 1
36882 2
36883 3
36884 2
36885 1
36886 1
36887 1
36888 0
36889 0
36890 0
36891 2
36892 3
36893 0
36894 2
36895 1
36896 1
36897 1
36898 0
36899 0
36900 1
36901 2
36902 0
36903 2
36904 0
36905 1
36906 0
36907 2
36908 2
36909 2
36910 0
36911 0
36912 0
36913 1
36914 1
36915 1
36916 2
36917 0
36918 0
36919 0
36920 2
36921 1
36922 0
36923 1
36924 0
36925 1
36926 1
36927 1
36928 2
36929 3
36930 0
36931 3
36932 3
36933 0
36934 1
36935 1
36936 1
36937 0
36938 1
36939 3
36940 1
36941 1
36942 0
36943 1
36944 0
36945 2
36946 1
36947 0
36948 1
36949 2
36950 0
36951 2
36952 1
36953 2
36954 1
36955 0
36956 2
36957 2
36958 2
36959 2
36960 0
36961 2
36962 3
36963 1
36964 0
36965 0
36966 1
36967 0
36968 0
36969 2
36970 0
36971 0
36972 2
36973 1
36974 1
36975 0
36976 1
36977 0
36978 1
36979 1
36980 1
36981 0
36982 1
36983 2
36984 0
36985 0
36986 2
36987 2
36988 2
36989 1
36990 0
36991 2
36992 2
36993 0
36994 0
36995 0
36996 2
36997 0
36998 0
36999 1
37000 1
37001 1
37002 0
37003 1
37004 2
37005 1
37006 2
37007 1
37008 0
37009 0
37010 1
37011 0
37012 1
37013 2
37014 0
37015 2
37016 1
37017 3
37018 0
37019 0
37020 2
37021 1
37022 1
37023 1
37024 3
37025 1
37026 2
37027 1
37028 0
37029 1
37030 0
37031 0
37032 2
37033 2
37034 1
37035 1
37036 0
37037 0
37038 0
37039 1
37040 1
37041 0
37042 2
37043 1
37044 1
37045 0
37046 0
37047 1
37048 0
37049 1
37050 0
37051 0
37052 1
37053 0
37054 2
37055 1
37056 3
37057 2
37058 0
37059 3
37060 2
37061 0
37062 3
37063 0
37064 0
37065 2
37066 0
37067 0
37068 1
37069 2
37070 0
37071 1
37072 1
37073 1
37074 1
37075 0
37076 2
37077 0
37078 0
37079 1
37080 0
37081 1
37082 0
37083 0
37084 2
37085 1
37086 1
37087 2
37088 0
37089 1
37090 1
37091 0
37092 0
37093 0
37094 2
37095 1
37096 1
37097 0
37098 3
37099 2
37100 1
37101 1
37102 0
37103 2
37104 1
37105 1
37106 0
37107 3
37108 2
37109 1
37110 0
37111 1
37112 3
37113 0
37114 1
37115 2
37116 1
37117 1
37118 3
37119 1
37120 0
37121 2
37122 2
37123 1
37124 2
37125 1
37126 0
37127 2
37128 0
37129 1
37130 1
37131 1
37132 1
37133 0
37134 1
37135 1
37136 1
37137 0
37138 2
37139 1
37140 2
37141 1
37142 2
37143 1
37144 2
37145 1
37146 0
37147 0
37148 0
37149 1
37150 1
37151 3
37152 1
37153 2
37154 2
37155 2
37156 2
37157 2
37158 0
37159 1
37160 2
37161 0
37162 1
37163 0
37164 0
37165 0
37166 1
37167 2
37168 0
37169 0
37170 1
37171 1
37172 1
37173 1
37174 0
37175 0
37176 1
37177 2
37178 3
37179 2
37180 0
37181 3
37182 0
37183 1
37184 1
37185 2
37186 1
37187 0
37188 2
37189 1
37190 0
37191 0
37192 0
37193 0
37194 2
37195 1
37196 1
37197 0
37198 0
37199 1
37200 1
37201 1
37202 1
37203 3
37204 1
37205 0
37206 2
37207 2
37208 0
37209 3
37210 0
37211 0
37212 0
37213 2
37214 0
37215 0
37216 0
37217 1
37218 0
37219 1
37220 1
37221 1
37222 1
37223 1
37224 0
37225 2
37226 3
37227 2
37228 0
37229 0
37230 1
37231 0
37232 0
37233 1
37234 1
37235 0
37236 0
37237 0
37238 0
37239 1
37240 2
37241 2
37242 2
37243 1
37244 0
37245 2
37246 3
37247 0
37248 0
37249 0
37250 1
37251 0
37252 2
37253 1
37254 0
37255 3
37256 2
37257 0
37258 1
37259 2
37260 1
37261 3
37262 1
37263 2
37264 0
37265 2
37266 1
37267 2
37268 0
37269 2
37270 1
37271 0
37272 0
37273 1
37274 1
37275 2
37276 0
37277 0
37278 1
37279 0
37280 2
37281 2
37282 0
37283 0
37284 3
37285 2
37286 2
37287 1
37288 0
37289 1
37290 3
37291 2
37292 0
37293 1
37294 2
37295 0
37296 0
37297 3
37298 1
37299 1
37300 1
37301 0
37302 3
37303 0
37304 1
37305 2
37306 0
37307 1
37308 0
37309 0
37310 2
37311 2
37312 1
37313 2
37314 0
37315 1
37316 2
37317 0
37318 0
37319 0
37320 1
37321 0
37322 2
37323 0
37324 1
37325 0
37326 2
37327 1
37328 2
37329 0
37330 0
37331 2
37332 2
37333 0
37334 1
37335 2
37336 0
37337 2
37338 2
37339 0
37340 2
37341 0
37342 0
37343 2
37344 1
37345 1
37346 2
37347 1
37348 1
37349 1
37350 1
37351 2
37352 0
37353 0
37354 2
37355 0
37356 0
37357 1
37358 2
37359 1
37360 0
37361 0
37362 1
37363 1
37364 1
37365 2
37366 0
37367 0
37368 1
37369 0
37370 0
37371 0
37372 2
37373 1
37374 3
37375 3
37376 1
37377 0
37378 1
37379 1
37380 1
37381 2
37382 0
37383 1
37384 1
37385 2
37386 1
37387 0
37388 2
37389 0
37390 3
37391 0
37392 2
37393 1
37394 0
37395 0
37396 1
37397 2
37398 1
37399 0
37400 2
37401 1
37402 1
37403 2
37404 2
37405 1
37406 0
37407 2
37408 2
37409 1
37410 1
37411 0
37412 2
37413 2
37414 1
37415 1
37416 0
37417 1
37418 0
37419 1
37420 2
37421 1
37422 3
37423 1
37424 0
37425 2
37426 1
37427 0
37428 0
37429 0
37430 2
37431 1
37432 0
37433 2
37434 0
37435 1
37436 2
37437 0
37438 2
37439 1
37440 0
37441 1
37442 2
37443 0
37444 1
37445 0
37446 0
37447 1
37448 1
37449 0
37450 1
37451 1
37452 2
37453 1
37454 1
37455 0
37456 0
37457 1
37458 2
37459 0
37460 0
37461 2
37462 0
37463 0
37464 3
37465 2
37466 1
37467 0
37468 1
37469 1
37470 1
37471 1
37472 1
37473 1
37474 1
37475 0
37476 1
37477 2
37478 2
37479 2
37480 2
37481 2
37482 1
37483 1
37484 3
37485 3
37486 2
37487 2
37488 1
37489 1
37490 0
37491 2
37492 0
37493 0
37494 1
37495 1
37496 1
37497 2
37498 3
37499 0
37500 2
37501 1
37502 2
37503 2
37504 0
37505 2
37506 1
37507 2
37508 1
37509 0
37510 1
37511 2
37512 1
37513 1
37514 0
37515 2
37516 2
37517 1
37518 2
37519 0
37520 2
37521 2
37522 0
37523 1
37524 0
37525 1
37526 2
37527 1
37528 2
37529 0
37530 1
37531 0
37532 2
37533 1
37534 1
37535 2
37536 0
37537 0
37538 0
37539 0
37540 1
37541 2
37542 1
37543 2
37544 0
37545 1
37546 1
37547 0
37548 1
37549 0
37550 0
37551 1
37552 0
37553 2
37554 2
37555 1
37556 1
37557 1
37558 0
37559 1
37560 0
37561 0
37562 0
37563 0
37564 2
37565 0
37566 2
37567 2
37568 1
37569 1
37570 2
37571 2
37572 1
37573 1
37574 0
37575 1
37576 0
37577 1
37578 0
37579 2
37580 2
37581 2
37582 1
37583 0
37584 0
37585 0
37586 0
37587 0
37588 0
37589 0
37590 3
37591 1
37592 2
37593 1
37594 1
37595 0
37596 0
37597 1
37598 0
37599 0
37600 2
37601 1
37602 2
37603 1
37604 1
37605 3
37606 1
37607 1
37608 0
37609 0
37610 0
37611 0
37612 1
37613 0
37614 1
37615 0
37616 1
37617 0
37618 1
37619 0
37620 1
37621 1
37622 1
37623 2
37624 0
37625 0
37626 2
37627 0
37628 1
37629 2
37630 0
37631 0
37632 0
37633 3
37634 0
37635 2
37636 0
37637 2
37638 1
37639 3
37640 1
37641 1
37642 0
37643 2
37644 0
37645 2
37646 1
37647 0
37648 1
37649 3
37650 0
37651 1
37652 3
37653 1
37654 0
37655 2
37656 0
37657 1
37658 3
37659 0
37660 0
37661 0
37662 2
37663 2
37664 2
37665 0
37666 1
37667 2
37668 0
37669 3
37670 2
37671 1
37672 2
37673 2
37674 1
37675 0
37676 2
37677 1
37678 0
37679 1
37680 1
37681 0
37682 0
37683 2
37684 1
37685 1
37686 2
37687 1
37688 0
37689 1
37690 0
37691 0
37692 1
37693 0
37694 2
37695 0
37696 0
37697 1
37698 0
37699 0
37700 1
37701 1
37702 0
37703 0
37704 0
37705 2
37706 0
37707 2
37708 2
37709 0
37710 0
37711 0
37712 1
37713 3
37714 2
37715 0
37716 0
37717 2
37718 1
37719 1
37720 1
37721 0
37722 2
37723 3
37724 0
37725 1
37726 3
37727 0
37728 2
37729 1
37730 2
37731 2
37732 0
37733 0
37734 2
37735 1
37736 2
37737 2
37738 1
37739 2
37740 3
37741 0
37742 2
37743 2
37744 1
37745 2
37746 2
37747 0
37748 2
37749 0
37750 2
37751 0
37752 2
37753 1
37754 0
37755 3
37756 1
37757 0
37758 2
37759 2
37760 1
37761 1
37762 2
37763 2
37764 0
37765 2
37766 2
37767 0
37768 1
37769 1
37770 1
37771 1
37772 1
37773 1
37774 0
37775 1
37776 0
37777 0
37778 1
37779 0
37780 1
37781 0
37782 1
37783 0
37784 1
37785 2
37786 2
37787 1
37788 1
37789 1
37790 1
37791 2
37792 2
37793 0
37794 1
37795 1
37796 0
37797 0
37798 1
37799 2
37800 1
37801 0
37802 2
37803 0
37804 1
37805 3
37806 1
37807 1
37808 0
37809 3
37810 1
37811 0
37812 1
37813 0
37814 1
37815 1
37816 2
37817 2
37818 0
37819 0
37820 0
37821 0
37822 2
37823 1
37824 0
37825 2
37826 2
37827 0
37828 0
37829 0
37830 2
37831 1
37832 2
37833 2
37834 2
37835 0
37836 1
37837 0
37838 1
37839 2
37840 1
37841 1
37842 1
37843 1
37844 0
37845 1
37846 1
37847 1
37848 0
37849 2
37850 1
37851 0
37852 0
37853 0
37854 2
37855 1
37856 0
37857 1
37858 1
37859 2
37860 1
37861 0
37862 1
37863 1
37864 2
37865 1
37866 1
37867 0
37868 1
37869 0
37870 0
37871 1
37872 0
37873 1
37874 3
37875 2
37876 2
37877 1
37878 1
37879 1
37880 0
37881 0
37882 0
37883 0
37884 0
37885 0
37886 2
37887 0
37888 2
37889 0
37890 0
37891 1
37892 1
37893 0
37894 1
37895 0
37896 1
37897 3
37898 3
37899 0
37900 1
37901 2
37902 1
37903 1
37904 1
37905 1
37906 2
37907 2
37908 0
37909 1
37910 2
37911 1
37912 1
37913 2
37914 1
37915 0
37916 0
37917 1
37918 0
37919 2
37920 0
37921 3
37922 0
37923 3
37924 2
37925 2
37926 1
37927 1
37928 0
37929 0
37930 1
37931 2
37932 3
37933 0
37934 0
37935 2
37936 2
37937 0
37938 0
37939 2
37940 1
37941 2
37942 1
37943 0
37944 1
37945 3
37946 3
37947 0
37948 2
37949 0
37950 0
37951 0
37952 1
37953 0
37954 1
37955 0
37956 2
37957 2
37958 0
37959 0
37960 0
37961 2
37962 1
37963 1
37964 1
37965 3
37966 0
37967 0
37968 2
37969 1
37970 0
37971 1
37972 1
37973 1
37974 0
37975 1
37976 3
37977 0
37978 1
37979 2
37980 2
37981 1
37982 2
37983 2
37984 1
37985 2
37986 1
37987 0
37988 0
37989 1
37990 0
37991 1
37992 1
37993 0
37994 2
37995 1
37996 3
37997 2
37998 3
37999 2
38000 2
38001 0
38002 1
38003 1
38004 2
38005 1
38006 0
38007 0
38008 0
38009 0
38010 3
38011 2
38012 0
38013 1
38014 2
38015 0
38016 1
38017 0
38018 0
38019 1
38020 2
38021 1
38022 0
38023 2
38024 0
38025 2
38026 0
38027 1
38028 1
38029 2
38030 1
38031 2
38032 1
38033 0
38034 1
38035 1
38036 0
38037 1
38038 2
38039 2
38040 2
38041 0
38042 1
38043 1
38044 0
38045 2
38046 0
38047 1
38048 0
38049 0
38050 0
38051 1
38052 1
38053 0
38054 0
38055 1
38056 2
38057 0
38058 1
38059 2
38060 1
38061 2
38062 1
38063 1
38064 0
38065 0
38066 0
38067 2
38068 2
38069 1
38070 1
38071 0
38072 1
38073 1
38074 2
38075 1
38076 0
38077 1
38078 0
38079 1
38080 2
38081 1
38082 2
38083 1
38084 1
38085 0
38086 0
38087 1
38088 0
38089 0
38090 3
38091 1
38092 3
38093 1
38094 2
38095 0
38096 2
38097 2
38098 2
38099 1
38100 0
38101 2
38102 1
38103 1
38104 0
38105 2
38106 2
38107 1
38108 3
38109 0
38110 0
38111 0
38112 2
38113 2
38114 2
38115 2
38116 1
38117 0
38118 0
38119 2
38120 2
38121 3
38122 1
38123 3
38124 1
38125 1
38126 0
38127 2
38128 2
38129 0
38130 2
38131 1
38132 1
38133 1
38134 2
38135 2
38136 0
38137 2
38138 2
38139 2
38140 3
38141 1
38142 1
38143 0
38144 1
38145 1
38146 2
38147 1
38148 0
38149 0
38150 1
38151 1
38152 3
38153 2
38154 1
38155 2
38156 0
38157 1
38158 0
38159 0
38160 1
38161 0
38162 0
38163 2
38164 2
38165 0
38166 1
38167 0
38168 2
38169 1
38170 2
38171 1
38172 3
38173 0
38174 0
38175 0
38176 1
38177 1
38178 1
38179 2
38180 1
38181 2
38182 1
38183 1
38184 1
38185 0
38186 1
38187 0
38188 0
38189 0
38190 3
38191 2
38192 0
38193 2
38194 0
38195 0
38196 0
38197 2
38198 0
38199 2
38200 0
38201 2
38202 1
38203 0
38204 1
38205 1
38206 2
38207 0
38208 1
38209 3
38210 1
38211 1
38212 1
38213 0
38214 0
38215 2
38216 0
38217 2
38218 2
38219 1
38220 1
38221 1
38222 2
38223 0
38224 0
38225 2
38226 2
38227 2
38228 2
38229 2
38230 1
38231 1
38232 0
38233 1
38234 1
38235 0
38236 2
38237 3
38238 2
38239 0
38240 2
38241 1
38242 0
38243 0
38244 2
38245 1
38246 1
38247 1
38248 1
38249 1
38250 1
38251 1
38252 0
38253 1
38254 1
38255 1
38256 1
38257 1
38258 0
38259 2
38260 1
38261 2
38262 1
38263 0
38264 2
38265 1
38266 0
38267 0
38268 3
38269 1
38270 1
38271 1
38272 3
38273 0
38274 0
38275 2
38276 1
38277 0
38278 2
38279 0
38280 1
38281 1
38282 2
38283 2
38284 2
38285 0
38286 2
38287 1
38288 3
38289 0
38290 0
38291 1
38292 1
38293 1
38294 1
38295 3
38296 2
38297 2
38298 1
38299 0
38300 2
38301 0
38302 2
38303 1
38304 2
38305 0
38306 2
38307 1
38308 1
38309 2
38310 2
38311 1
38312 1
38313 0
38314 0
38315 1
38316 2
38317 1
38318 3
38319 0
38320 1
38321 0
38322 2
38323 2
38324 2
38325 1
38326 1
38327 3
38328 1
38329 0
38330 2
38331 1
38332 2
38333 0
38334 0
38335 1
38336 2
38337 3
38338 2
38339 0
38340 3
38341 0
38342 2
38343 1
38344 1
38345 1
38346 2
38347 2
38348 2
38349 0
38350 0
38351 1
38352 2
38353 1
38354 1
38355 2
38356 1
38357 0
38358 1
38359 0
38360 2
38361 0
38362 2
38363 1
38364 1
38365 0
38366 2
38367 0
38368 0
38369 1
38370 0
38371 0
38372 0
38373 2
38374 1
38375 0
38376 0
38377 0
38378 0
38379 0
38380 1
38381 2
38382 1
38383 3
38384 2
38385 2
38386 0
38387 0
38388 1
38389 0
38390 0
38391 1
38392 2
38393 0
38394 2
38395 0
38396 0
38397 0
38398 2
38399 1
38400 1
38401 1
38402 0
38403 1
38404 2
38405 0
38406 2
38407 2
38408 2
38409 0
38410 1
38411 0
38412 2
38413 1
38414 2
38415 0
38416 1
38417 2
38418 0
38419 0
38420 1
38421 1
38422 1
38423 2
38424 1
38425 1
38426 2
38427 1
38428 0
38429 2
38430 0
38431 0
38432 1
38433 0
38434 3
38435 0
38436 0
38437 1
38438 1
38439 2
38440 0
38441 0
38442 1
38443 1
38444 1
38445 2
38446 0
38447 2
38448 0
38449 0
38450 0
38451 2
38452 2
38453 3
38454 1
38455 1
38456 2
38457 0
38458 1
38459 3
38460 1
38461 1
38462 2
38463 0
38464 1
38465 0
38466 1
38467 0
38468 2
38469 2
38470 0
38471 1
38472 0
38473 2
38474 0
38475 2
38476 2
38477 0
38478 0
38479 1
38480 3
38481 1
38482 1
38483 1
38484 2
38485 0
38486 0
38487 1
38488 0
38489 1
38490 3
38491 0
38492 2
38493 1
38494 1
38495 0
38496 0
38497 1
38498 0
38499 0
38500 1
38501 1
38502 0
38503 3
38504 3
38505 2
38506 1
38507 2
38508 2
38509 0
38510 0
38511 1
38512 1
38513 1
38514 0
38515 2
38516 1
38517 2
38518 0
38519 1
38520 0
38521 2
38522 0
38523 0
38524 1
38525 0
38526 0
38527 2
38528 2
38529 1
38530 2
38531 2
38532 1
38533 0
38534 1
38535 1
38536 1
38537 1
38538 2
38539 0
38540 0
38541 0
38542 0
38543 3
38544 2
38545 0
38546 1
38547 0
38548 0
38549 1
38550 2
38551 1
38552 1
38553 1
38554 0
38555 2
38556 2
38557 1
38558 0
38559 2
38560 2
38561 0
38562 1
38563 0
38564 1
38565 0
38566 2
38567 1
38568 0
38569 2
38570 1
38571 1
38572 0
38573 2
38574 1
38575 0
38576 1
38577 0
38578 0
38579 2
38580 1
38581 1
38582 0
38583 1
38584 2
38585 2
38586 2
38587 0
38588 1
38589 1
38590 1
38591 0
38592 2
38593 0
38594 1
38595 0
38596 2
38597 3
38598 3
38599 1
38600 1
38601 1
38602 3
38603 2
38604 2
38605 1
38606 0
38607 0
38608 1
38609 1
38610 0
38611 0
38612 1
38613 0
38614 0
38615 2
38616 2
38617 0
38618 0
38619 1
38620 1
38621 0
38622 0
38623 1
38624 0
38625 0
38626 3
38627 1
38628 2
38629 0
38630 0
38631 2
38632 3
38633 1
38634 0
38635 2
38636 0
38637 0
38638 0
38639 1
38640 1
38641 1
38642 1
38643 2
38644 2
38645 2
38646 2
38647 1
38648 0
38649 0
38650 2
38651 0
38652 3
38653 3
38654 1
38655 2
38656 0
38657 1
38658 0
38659 2
38660 0
38661 0
38662 3
38663 0
38664 0
38665 0
38666 1
38667 2
38668 0
38669 1
38670 2
38671 1
38672 2
38673 2
38674 2
38675 1
38676 0
38677 1
38678 2
38679 1
38680 1
38681 2
38682 1
38683 0
38684 0
38685 0
38686 0
38687 2
38688 1
38689 3
38690 1
38691 0
38692 1
38693 2
38694 1
38695 0
38696 2
38697 2
38698 1
38699 1
38700 2
38701 1
38702 0
38703 1
38704 1
38705 1
38706 1
38707 1
38708 1
38709 2
38710 2
38711 1
38712 1
38713 1
38714 0
38715 0
38716 3
38717 0
38718 1
38719 1
38720 0
38721 2
38722 2
38723 2
38724 0
38725 2
38726 1
38727 0
38728 0
38729 1
38730 2
38731 1
38732 0
38733 0
38734 1
38735 1
38736 0
38737 0
38738 2
38739 0
38740 2
38741 1
38742 1
38743 2
38744 0
38745 1
38746 0
38747 2
38748 0
38749 2
38750 1
38751 0
38752 2
38753 0
38754 2
38755 0
38756 0
38757 1
38758 0
38759 3
38760 0
38761 3
38762 2
38763 1
38764 0
38765 0
38766 2
38767 3
38768 3
38769 1
38770 0
38771 0
38772 1
38773 3
38774 2
38775 2
38776 1
38777 1
38778 1
38779 0
38780 1
38781 2
38782 2
38783 2
38784 1
38785 0
38786 0
38787 1
38788 1
38789 0
38790 2
38791 0
38792 0
38793 1
38794 1
38795 1
38796 1
38797 2
38798 1
38799 1
38800 0
38801 2
38802 2
38803 2
38804 1
38805 1
38806 1
38807 0
38808 1
38809 1
38810 0
38811 0
38812 0
38813 2
38814 2
38815 2
38816 1
38817 0
38818 1
38819 1
38820 1
38821 1
38822 1
38823 1
38824 1
38825 2
38826 1
38827 1
38828 0
38829 2
38830 0
38831 1
38832 2
38833 1
38834 2
38835 2
38836 0
38837 0
38838 1
38839 2
38840 1
38841 0
38842 1
38843 1
38844 2
38845 0
38846 2
38847 4
38848 1
38849 2
38850 1
38851 3
38852 1
38853 0
38854 0
38855 0
38856 2
38857 1
38858 2
38859 0
38860 0
38861 1
38862 1
38863 0
38864 2
38865 0
38866 1
38867 2
38868 2
38869 2
38870 3
38871 2
38872 1
38873 2
38874 2
38875 1
38876 1
38877 2
38878 0
38879 0
38880 2
38881 1
38882 3
38883 0
38884 1
38885 1
38886 2
38887 0
38888 2
38889 1
38890 1
38891 1
38892 0
38893 2
38894 1
38895 2
38896 2
38897 1
38898 2
38899 2
38900 0
38901 0
38902 0
38903 0
38904 1
38905 2
38906 1
38907 2
38908 0
38909 0
38910 2
38911 0
38912 2
38913 1
38914 2
38915 2
38916 1
38917 0
38918 1
38919 2
38920 0
38921 1
38922 0
38923 0
38924 2
38925 0
38926 0
38927 1
38928 0
38929 0
38930 2
38931 2
38932 0
38933 2
38934 3
38935 2
38936 1
38937 2
38938 0
38939 1
38940 1
38941 0
38942 3
38943 1
38944 1
38945 0
38946 2
38947 1
38948 0
38949 0
38950 1
38951 2
38952 2
38953 2
38954 0
38955 2
38956 2
38957 2
38958 1
38959 2
38960 0
38961 0
38962 2
38963 1
38964 1
38965 0
38966 0
38967 2
38968 0
38969 1
38970 0
38971 1
38972 0
38973 0
38974 1
38975 2
38976 1
38977 0
38978 2
38979 1
38980 1
38981 2
38982 1
38983 0
38984 1
38985 1
38986 3
38987 0
38988 0
38989 1
38990 1
38991 1
38992 1
38993 3
38994 0
38995 1
38996 2
38997 2
38998 1
38999 2
39000 0
39001 0
39002 0
39003 1
39004 0
39005 0
39006 2
39007 2
39008 0
39009 1
39010 2
39011 1
39012 0
39013 3
39014 1
39015 1
39016 1
39017 2
39018 2
39019 1
39020 0
39021 3
39022 2
39023 3
39024 2
39025 0
39026 2
39027 1
39028 1
39029 1
39030 0
39031 0
39032 2
39033 1
39034 0
39035 1
39036 0
39037 0
39038 2
39039 3
39040 1
39041 0
39042 1
39043 1
39044 1
39045 2
39046 3
39047 0
39048 2
39049 0
39050 0
39051 1
39052 2
39053 2
39054 0
39055 1
39056 2
39057 0
39058 0
39059 0
39060 1
39061 1
39062 1
39063 2
39064 0
39065 1
39066 1
39067 0
39068 0
39069 1
39070 1
39071 3
39072 1
39073 1
39074 1
39075 0
39076 0
39077 0
39078 2
39079 2
39080 0
39081 1
39082 1
39083 3
39084 1
39085 1
39086 0
39087 1
39088 1
39089 2
39090 0
39091 1
39092 1
39093 0
39094 1
39095 0
39096 2
39097 2
39098 0
39099 1
39100 0
39101 2
39102 0
39103 0
39104 1
39105 1
39106 0
39107 0
39108 2
39109 1
39110 2
39111 1
39112 1
39113 2
39114 2
39115 1
39116 1
39117 1
39118 2
39119 0
39120 1
39121 1
39122 1
39123 2
39124 0
39125 0
39126 3
39127 0
39128 1
39129 0
39130 1
39131 0
39132 1
39133 2
39134 2
39135 1
39136 2
39137 2
39138 1
39139 1
39140 0
39141 1
39142 1
39143 2
39144 0
39145 0
39146 1
39147 1
39148 1
39149 1
39150 1
39151 3
39152 1
39153 2
39154 0
39155 2
39156 1
39157 1
39158 2
39159 0
39160 1
39161 0
39162 1
39163 0
39164 1
39165 0
39166 0
39167 3
39168 1
39169 2
39170 1
39171 2
39172 0
39173 1
39174 1
39175 1
39176 0
39177 2
39178 1
39179 0
39180 0
39181 2
39182 1
39183 1
39184 3
39185 0
39186 2
39187 1
39188 2
39189 1
39190 1
39191 2
39192 1
39193 2
39194 1
39195 2
39196 2
39197 2
39198 3
39199 0
39200 2
39201 2
39202 0
39203 2
39204 2
39205 1
39206 1
39207 2
39208 3
39209 0
39210 2
39211 1
39212 0
39213 1
39214 1
39215 1
39216 0
39217 1
39218 3
39219 1
39220 1
39221 0
39222 3
39223 2
39224 1
39225 1
39226 3
39227 2
39228 1
39229 0
39230 0
39231 0
39232 0
39233 0
39234 0
39235 0
39236 1
39237 2
39238 0
39239 0
39240 2
39241 0
39242 1
39243 0
39244 0
39245 0
39246 1
39247 2
39248 1
39249 1
39250 0
39251 2
39252 2
39253 1
39254 1
39255 1
39256 1
39257 1
39258 2
39259 1
39260 0
39261 2
39262 0
39263 0
39264 1
39265 2
39266 0
39267 0
39268 0
39269 1
39270 0
39271 3
39272 1
39273 0
39274 1
39275 1
39276 1
39277 0
39278 1
39279 1
39280 1
39281 2
39282 3
39283 3
39284 1
39285 1
39286 0
39287 1
39288 2
39289 2
39290 2
39291 1
39292 0
39293 2
39294 2
39295 1
39296 1
39297 0
39298 1
39299 1
39300 0
39301 2
39302 1
39303 2
39304 2
39305 0
39306 0
39307 1
39308 0
39309 1
39310 0
39311 0
39312 2
39313 0
39314 1
39315 0
39316 1
39317 1
39318 1
39319 2
39320 1
39321 0
39322 1
39323 0
39324 0
39325 0
39326 0
39327 3
39328 0
39329 2
39330 2
39331 2
39332 1
39333 0
39334 1
39335 0
39336 1
39337 1
39338 2
39339 2
39340 1
39341 1
39342 1
39343 1
39344 0
39345 1
39346 1
39347 1
39348 1
39349 2
39350 2
39351 0
39352 0
39353 1
39354 1
39355 1
39356 1
39357 2
39358 0
39359 0
39360 3
39361 1
39362 2
39363 0
39364 0
39365 1
39366 0
39367 2
39368 1
39369 0
39370 0
39371 1
39372 0
39373 0
39374 1
39375 0
39376 1
39377 1
39378 2
39379 1
39380 0
39381 1
39382 1
39383 0
39384 1
39385 2
39386 0
39387 2
39388 1
39389 1
39390 0
39391 0
39392 2
39393 1
39394 1
39395 0
39396 0
39397 1
39398 0
39399 0
39400 1
39401 1
39402 0
39403 1
39404 0
39405 2
39406 2
39407 2
39408 0
39409 1
39410 0
39411 1
39412 1
39413 0
39414 0
39415 1
39416 0
39417 2
39418 1
39419 2
39420 0
39421 0
39422 1
39423 0
39424 2
39425 0
39426 1
39427 1
39428 0
39429 2
39430 1
39431 2
39432 2
39433 1
39434 2
39435 0
39436 0
39437 1
39438 0
39439 0
39440 1
39441 1
39442 0
39443 1
39444 1
39445 1
39446 1
39447 0
39448 0
39449 2
39450 2
39451 1
39452 1
39453 1
39454 2
39455 3
39456 0
39457 0
39458 1
39459 1
39460 0
39461 2
39462 2
39463 0
39464 2
39465 2
39466 0
39467 2
39468 1
39469 2
39470 0
39471 0
39472 0
39473 0
39474 1
39475 0
39476 2
39477 1
39478 1
39479 0
39480 0
39481 2
39482 3
39483 0
39484 1
39485 0
39486 2
39487 0
39488 1
39489 1
39490 1
39491 0
39492 0
39493 1
39494 0
39495 0
39496 1
39497 2
39498 1
39499 1
39500 2
39501 2
39502 2
39503 0
39504 1
39505 0
39506 2
39507 0
39508 0
39509 1
39510 2
39511 3
39512 0
39513 1
39514 0
39515 1
39516 0
39517 3
39518 0
39519 0
39520 1
39521 2
39522 0
39523 1
39524 1
39525 0
39526 0
39527 2
39528 0
39529 2
39530 0
39531 1
39532 0
39533 2
39534 2
39535 0
39536 0
39537 1
39538 2
39539 2
39540 0
39541 0
39542 0
39543 0
39544 1
39545 2
39546 2
39547 0
39548 0
39549 0
39550 0
39551 1
39552 0
39553 1
39554 1
39555 2
39556 1
39557 2
39558 1
39559 2
39560 1
39561 0
39562 1
39563 0
39564 1
39565 0
39566 0
39567 0
39568 0
39569 1
39570 1
39571 1
39572 0
39573 1
39574 0
39575 0
39576 0
39577 1
39578 1
39579 1
39580 0
39581 0
39582 1
39583 2
39584 0
39585 2
39586 0
39587 1
39588 0
39589 1
39590 0
39591 1
39592 0
39593 1
39594 2
39595 1
39596 0
39597 2
39598 1
39599 0
39600 0
39601 0
39602 2
39603 2
39604 1
39605 1
39606 2
39607 2
39608 1
39609 0
39610 0
39611 0
39612 0
39613 3
39614 0
39615 2
39616 2
39617 1
39618 0
39619 0
39620 0
39621 0
39622 0
39623 1
39624 2
39625 0
39626 2
39627 0
39628 0
39629 1
39630 0
39631 1
39632 2
39633 0
39634 0
39635 3
39636 3
39637 1
39638 1
39639 1
39640 2
39641 1
39642 1
39643 0
39644 2
39645 0
39646 1
39647 0
39648 0
39649 1
39650 1
39651 1
39652 1
39653 0
39654 2
39655 1
39656 0
39657 1
39658 2
39659 1
39660 0
39661 1
39662 3
39663 1
39664 2
39665 1
39666 2
39667 1
39668 0
39669 1
39670 2
39671 3
39672 0
39673 2
39674 0
39675 2
39676 0
39677 1
39678 0
39679 1
39680 0
39681 0
39682 1
39683 1
39684 1
39685 2
39686 1
39687 2
39688 2
39689 2
39690 2
39691 2
39692 2
39693 1
39694 3
39695 1
39696 0
39697 1
39698 2
39699 1
39700 0
39701 1
39702 1
39703 2
39704 1
39705 0
39706 0
39707 0
39708 1
39709 3
39710 0
39711 2
39712 1
39713 0
39714 1
39715 1
39716 2
39717 0
39718 0
39719 1
39720 1
39721 0
39722 0
39723 2
39724 1
39725 1
39726 2
39727 1
39728 1
39729 0
39730 1
39731 0
39732 0
39733 1
39734 2
39735 2
39736 0
39737 2
39738 1
39739 0
39740 1
39741 1
39742 2
39743 2
39744 0
39745 1
39746 0
39747 0
39748 1
39749 3
39750 1
39751 1
39752 2
39753 2
39754 2
39755 1
39756 0
39757 1
39758 1
39759 1
39760 1
39761 0
39762 0
39763 1
39764 1
39765 2
39766 3
39767 2
39768 0
39769 1
39770 1
39771 0
39772 1
39773 2
39774 1
39775 0
39776 1
39777 1
39778 2
39779 0
39780 1
39781 1
39782 0
39783 1
39784 1
39785 2
39786 0
39787 1
39788 2
39789 1
39790 2
39791 1
39792 2
39793 0
39794 1
39795 0
39796 0
39797 0
39798 0
39799 2
39800 0
39801 0
39802 1
39803 0
39804 1
39805 3
39806 2
39807 0
39808 1
39809 2
39810 0
39811 2
39812 1
39813 0
39814 1
39815 0
39816 0
39817 1
39818 2
39819 1
39820 1
39821 1
39822 1
39823 1
39824 1
39825 2
39826 2
39827 2
39828 0
39829 0
39830 1
39831 2
39832 0
39833 0
39834 0
39835 1
39836 0
39837 3
39838 0
39839 0
39840 0
39841 0
39842 2
39843 0
39844 0
39845 0
39846 0
39847 0
39848 2
39849 1
39850 1
39851 1
39852 2
39853 1
39854 1
39855 2
39856 3
39857 0
39858 0
39859 3
39860 1
39861 0
39862 2
39863 1
39864 2
39865 2
39866 0
39867 1
39868 0
39869 1
39870 2
39871 3
39872 1
39873 0
39874 0
39875 0
39876 0
39877 0
39878 2
39879 2
39880 0
39881 1
39882 2
39883 1
39884 0
39885 2
39886 0
39887 2
39888 0
39889 3
39890 1
39891 2
39892 1
39893 1
39894 0
39895 2
39896 0
39897 2
39898 2
39899 1
39900 4
39901 1
39902 0
39903 0
39904 2
39905 1
39906 1
39907 2
39908 1
39909 0
39910 1
39911 1
39912 0
39913 2
39914 1
39915 1
39916 2
39917 1
39918 1
39919 1
39920 0
39921 2
39922 2
39923 1
39924 0
39925 0
39926 1
39927 2
39928 1
39929 0
39930 2
39931 2
39932 0
39933 1
39934 1
39935 0
39936 1
39937 0
39938 2
39939 0
39940 2
39941 3
39942 2
39943 0
39944 2
39945 1
39946 0
39947 2
39948 0
39949 1
39950 2
39951 2
39952 0
39953 1
39954 0
39955 1
39956 1
39957 0
39958 0
39959 1
39960 3
39961 1
39962 2
39963 0
39964 1
39965 0
39966 1
39967 0
39968 1
39969 1
39970 0
39971 1
39972 3
39973 1
39974 2
39975 0
39976 1
39977 2
39978 0
39979 1
39980 0
39981 2
39982 1
39983 2
39984 3
39985 1
39986 0
39987 2
39988 1
39989 1
39990 1
39991 0
39992 2
39993 0
39994 0
39995 2
39996 0
39997 1
39998 2
39999 0
40000 1
40001 0
40002 2
40003 1
40004 2
40005 3
40006 1
40007 1
40008 2
40009 2
40010 0
40011 1
40012 0
40013 1
40014 1
40015 1
40016 2
40017 0
40018 1
40019 0
40020 1
40021 2
40022 2
40023 0
40024 2
40025 2
40026 2
40027 2
40028 2
40029 0
40030 1
40031 0
40032 2
40033 0
40034 1
40035 2
40036 0
40037 2
40038 3
40039 1
40040 2
40041 1
40042 1
40043 1
40044 2
40045 1
40046 0
40047 0
40048 2
40049 3
40050 2
40051 3
40052 0
40053 2
40054 3
40055 1
40056 2
40057 1
40058 1
40059 0
40060 2
40061 2
40062 0
40063 2
40064 2
40065 0
40066 1
40067 3
40068 2
40069 2
40070 1
40071 1
40072 2
40073 1
40074 2
40075 2
40076 1
40077 0
40078 0
40079 2
40080 0
40081 2
40082 1
40083 1
40084 0
40085 1
40086 2
40087 1
40088 0
40089 1
40090 1
40091 0
40092 2
40093 2
40094 2
40095 3
40096 2
40097 2
40098 3
40099 0
40100 0
40101 0
40102 1
40103 2
40104 1
40105 2
40106 0
40107 2
40108 0
40109 2
40110 2
40111 0
40112 1
40113 3
40114 2
40115 0
40116 3
40117 1
40118 0
40119 1
40120 1
40121 0
40122 2
40123 3
40124 1
40125 1
40126 1
40127 0
40128 1
40129 0
40130 1
40131 1
40132 0
40133 0
40134 1
40135 0
40136 1
40137 1
40138 0
40139 2
40140 0
40141 3
40142 1
40143 0
40144 0
40145 1
40146 0
40147 0
40148 2
40149 0
40150 1
40151 3
40152 0
40153 2
40154 2
40155 2
40156 0
40157 0
40158 0
40159 1
40160 2
40161 0
40162 0
40163 3
40164 1
40165 0
40166 1
40167 3
40168 2
40169 1
40170 2
40171 1
40172 2
40173 0
40174 2
40175 0
40176 0
40177 1
40178 1
40179 2
40180 2
40181 2
40182 0
40183 0
40184 0
40185 0
40186 3
40187 1
40188 1
40189 1
40190 2
40191 2
40192 1
40193 3
40194 2
40195 1
40196 0
40197 2
40198 0
40199 0
40200 1
40201 2
40202 1
40203 1
40204 2
40205 1
40206 1
40207 0
40208 0
40209 2
40210 0
40211 1
40212 1
40213 2
40214 1
40215 3
40216 1
40217 0
40218 2
40219 1
40220 3
40221 3
40222 0
40223 1
40224 1
40225 2
40226 1
40227 3
40228 0
40229 2
40230 1
40231 0
40232 1
40233 2
40234 0
40235 1
40236 2
40237 0
40238 2
40239 1
40240 1
40241 0
40242 2
40243 2
40244 2
40245 1
40246 1
40247 1
40248 2
40249 3
40250 0
40251 2
40252 0
40253 0
40254 1
40255 2
40256 2
40257 2
40258 2
40259 2
40260 0
40261 0
40262 2
40263 2
40264 2
40265 1
40266 1
40267 2
40268 2
40269 0
40270 1
40271 0
40272 0
40273 2
40274 0
40275 2
40276 1
40277 0
40278 2
40279 0
40280 2
40281 1
40282 1
40283 2
40284 0
40285 1
40286 1
40287 3
40288 1
40289 0
40290 0
40291 2
40292 0
40293 1
40294 0
40295 2
40296 0
40297 2
40298 2
40299 1
40300 2
40301 1
40302 1
40303 1
40304 1
40305 3
40306 1
40307 1
40308 0
40309 2
40310 0
40311 0
40312 1
40313 2
40314 1
40315 1
40316 1
40317 1
40318 0
40319 0
40320 1
40321 0
40322 0
40323 0
40324 3
40325 0
40326 1
40327 2
40328 2
40329 2
40330 0
40331 0
40332 2
40333 2
40334 0
40335 1
40336 1
40337 2
40338 1
40339 2
40340 0
40341 1
40342 3
40343 2
40344 1
40345 2
40346 2
40347 1
40348 1
40349 0
40350 3
40351 0
40352 1
40353 1
40354 1
40355 0
40356 2
40357 1
40358 1
40359 2
40360 2
40361 0
40362 1
40363 2
40364 1
40365 1
40366 0
40367 2
40368 2
40369 0
40370 1
40371 3
40372 2
40373 2
40374 0
40375 3
40376 0
40377 0
40378 2
40379 1
40380 1
40381 1
40382 1
40383 1
40384 1
40385 0
40386 1
40387 2
40388 1
40389 0
40390 2
40391 1
40392 0
40393 2
40394 0
40395 0
40396 2
40397 0
40398 1
40399 1
40400 2
40401 2
40402 0
40403 1
40404 1
40405 0
40406 1
40407 2
40408 1
40409 0
40410 0
40411 0
40412 0
40413 2
40414 1
40415 2
40416 1
40417 2
40418 0
40419 0
40420 2
40421 0
40422 0
40423 0
40424 0
40425 0
40426 0
40427 0
40428 1
40429 0
40430 2
40431 2
40432 3
40433 2
40434 2
40435 0
40436 0
40437 1
40438 2
40439 0
40440 1
40441 1
40442 2
40443 1
40444 1
40445 2
40446 1
40447 1
40448 1
40449 0
40450 2
40451 1
40452 0
40453 0
40454 0
40455 2
40456 1
40457 2
40458 0
40459 2
40460 2
40461 0
40462 0
40463 0
40464 1
40465 2
40466 0
40467 0
40468 2
40469 1
40470 0
40471 2
40472 0
40473 1
40474 1
40475 0
40476 0
40477 0
40478 2
40479 1
40480 1
40481 1
40482 2
40483 1
40484 0
40485 2
40486 2
40487 2
40488 2
40489 0
40490 3
40491 1
40492 2
40493 1
40494 1
40495 2
40496 0
40497 0
40498 1
40499 3
40500 0
40501 2
40502 3
40503 1
40504 0
40505 2
40506 1
40507 0
40508 2
40509 1
40510 1
40511 2
40512 1
40513 2
40514 2
40515 0
40516 0
40517 2
40518 0
40519 1
40520 1
40521 1
40522 1
40523 1
40524 1
40525 2
40526 1
40527 0
40528 2
40529 0
40530 1
40531 3
40532 1
40533 1
40534 2
40535 0
40536 0
40537 0
40538 0
40539 2
40540 0
40541 1
40542 0
40543 3
40544 0
40545 1
40546 1
40547 0
40548 0
40549 3
40550 1
40551 0
40552 0
40553 1
40554 2
40555 0
40556 0
40557 3
40558 2
40559 0
40560 0
40561 1
40562 1
40563 1
40564 2
40565 2
40566 2
40567 2
40568 1
40569 0
40570 1
40571 0
40572 3
40573 2
40574 2
40575 0
40576 1
40577 2
40578 3
40579 2
40580 1
40581 1
40582 1
40583 3
40584 3
40585 1
40586 0
40587 1
40588 2
40589 2
40590 0
40591 1
40592 0
40593 3
40594 1
40595 0
40596 1
40597 0
40598 1
40599 1
40600 2
40601 0
40602 0
40603 2
40604 0
40605 1
40606 0
40607 2
40608 0
40609 1
40610 3
40611 0
40612 1
40613 1
40614 2
40615 1
40616 0
40617 2
40618 2
40619 2
40620 2
40621 2
40622 0
40623 1
40624 1
40625 1
40626 1
40627 2
40628 2
40629 0
40630 2
40631 1
40632 2
40633 1
40634 2
40635 1
40636 0
40637 1
40638 2
40639 2
40640 1
40641 2
40642 0
40643 0
40644 1
40645 1
40646 1
40647 0
40648 0
40649 3
40650 2
40651 1
40652 0
40653 0
40654 0
40655 2
40656 0
40657 0
40658 2
40659 1
40660 1
40661 1
40662 3
40663 2
40664 2
40665 1
40666 2
40667 0
40668 0
40669 2
40670 1
40671 0
40672 2
40673 0
40674 2
40675 0
40676 0
40677 1
40678 1
40679 2
40680 0
40681 2
40682 1
40683 1
40684 1
40685 0
40686 2
40687 1
40688 0
40689 0
40690 2
40691 1
40692 3
40693 0
40694 0
40695 2
40696 2
40697 0
40698 1
40699 0
40700 1
40701 2
40702 1
40703 0
40704 1
40705 2
40706 1
40707 0
40708 0
40709 0
40710 2
40711 0
40712 1
40713 2
40714 2
40715 2
40716 0
40717 0
40718 1
40719 1
40720 1
40721 1
40722 2
40723 1
40724 2
40725 1
40726 3
40727 1
40728 2
40729 0
40730 2
40731 2
40732 2
40733 2
40734 0
40735 0
40736 2
40737 2
40738 0
40739 1
40740 2
40741 1
40742 0
40743 1
40744 1
40745 2
40746 0
40747 1
40748 1
40749 1
40750 0
40751 0
40752 2
40753 0
40754 3
40755 1
40756 0
40757 0
40758 3
40759 1
40760 0
40761 2
40762 0
40763 0
40764 3
40765 0
40766 2
40767 1
40768 0
40769 0
40770 1
40771 1
40772 1
40773 0
40774 3
40775 0
40776 0
40777 0
40778 0
40779 2
40780 0
40781 1
40782 2
40783 0
40784 2
40785 1
40786 2
40787 0
40788 2
40789 0
40790 1
40791 3
40792 0
40793 1
40794 2
40795 1
40796 1
40797 2
40798 1
40799 1
40800 0
40801 0
40802 0
40803 1
40804 0
40805 1
40806 2
40807 0
40808 1
40809 2
40810 2
40811 1
40812 2
40813 0
40814 2
40815 2
40816 0
40817 1
40818 0
40819 1
40820 1
40821 0
40822 2
40823 1
40824 0
40825 2
40826 2
40827 1
40828 2
40829 1
40830 0
40831 1
40832 2
40833 0
40834 1
40835 3
40836 1
40837 3
40838 1
40839 0
40840 2
40841 0
40842 1
40843 1
40844 1
40845 2
40846 1
40847 1
40848 1
40849 0
40850 1
40851 2
40852 0
40853 2
40854 2
40855 2
40856 2
40857 0
40858 1
40859 0
40860 2
40861 1
40862 2
40863 2
40864 0
40865 3
40866 1
40867 1
40868 2
40869 0
40870 0
40871 0
40872 2
40873 1
40874 1
40875 3
40876 0
40877 0
40878 2
40879 0
40880 1
40881 1
40882 1
40883 2
40884 2
40885 0
40886 0
40887 0
40888 0
40889 0
40890 1
40891 1
40892 0
40893 2
40894 2
40895 2
40896 2
40897 0
40898 2
40899 0
40900 0
40901 2
40902 2
40903 1
40904 0
40905 1
40906 2
40907 0
40908 2
40909 1
40910 0
40911 2
40912 0
40913 1
40914 2
40915 1
40916 1
40917 2
40918 1
40919 2
40920 1
40921 0
40922 0
40923 2
40924 3
40925 1
40926 0
40927 2
40928 1
40929 1
40930 0
40931 1
40932 1
40933 1
40934 2
40935 2
40936 1
40937 0
40938 2
40939 0
40940 2
40941 1
40942 1
40943 2
40944 1
40945 2
40946 1
40947 2
40948 2
40949 0
40950 0
40951 2
40952 0
40953 0
40954 0
40955 1
40956 1
40957 0
40958 2
40959 1
40960 1
40961 0
40962 2
40963 0
40964 1
40965 1
40966 2
40967 2
40968 0
40969 1
40970 1
40971 1
40972 1
40973 2
40974 0
40975 1
40976 2
40977 1
40978 0
40979 2
40980 1
40981 0
40982 0
40983 0
40984 0
40985 3
40986 2
40987 2
40988 0
40989 0
40990 2
40991 0
40992 1
40993 0
40994 2
40995 2
40996 2
40997 2
40998 0
40999 1
41000 1
41001 0
41002 0
41003 0
41004 0
41005 1
41006 1
41007 2
41008 2
41009 2
41010 3
41011 0
41012 1
41013 0
41014 1
41015 0
41016 2
41017 1
41018 1
41019 3
41020 3
41021 1
41022 1
41023 0
41024 3
41025 0
41026 0
41027 1
41028 1
41029 1
41030 0
41031 0
41032 0
41033 1
41034 0
41035 1
41036 2
41037 0
41038 2
41039 0
41040 1
41041 1
41042 0
41043 2
41044 2
41045 1
41046 2
41047 0
41048 0
41049 2
41050 2
41051 1
41052 2
41053 1
41054 1
41055 2
41056 2
41057 0
41058 0
41059 0
41060 1
41061 0
41062 0
41063 1
41064 0
41065 3
41066 3
41067 0
41068 0
41069 2
41070 3
41071 1
41072 0
41073 0
41074 0
41075 2
41076 1
41077 2
41078 1
41079 2
41080 2
41081 0
41082 1
41083 0
41084 2
41085 0
41086 0
41087 0
41088 0
41089 0
41090 1
41091 3
41092 1
41093 1
41094 0
41095 0
41096 3
41097 1
41098 2
41099 0
41100 2
41101 2
41102 1
41103 1
41104 0
41105 2
41106 0
41107 1
41108 0
41109 0
41110 1
41111 2
41112 1
41113 1
41114 0
41115 2
41116 0
41117 1
41118 2
41119 1
41120 2
41121 2
41122 1
41123 1
41124 1
41125 1
41126 0
41127 2
41128 2
41129 0
41130 1
41131 1
41132 1
41133 1
41134 0
41135 0
41136 0
41137 0
41138 1
41139 1
41140 1
41141 2
41142 3
41143 1
41144 2
41145 0
41146 1
41147 0
41148 2
41149 0
41150 0
41151 1
41152 0
41153 1
41154 2
41155 2
41156 1
41157 3
41158 1
41159 0
41160 2
41161 2
41162 3
41163 0
41164 2
41165 0
41166 0
41167 0
41168 2
41169 0
41170 1
41171 1
41172 0
41173 2
41174 1
41175 1
41176 1
41177 1
41178 0
41179 1
41180 1
41181 1
41182 1
41183 1
41184 0
41185 3
41186 2
41187 1
41188 2
41189 1
41190 0
41191 3
41192 3
41193 1
41194 0
41195 0
41196 1
41197 0
41198 0
41199 1
41200 1
41201 0
41202 2
41203 1
41204 1
41205 0
41206 0
41207 0
41208 1
41209 0
41210 2
41211 2
41212 2
41213 1
41214 1
41215 0
41216 0
41217 0
41218 1
41219 1
41220 2
41221 1
41222 1
41223 3
41224 0
41225 0
41226 0
41227 2
41228 1
41229 2
41230 3
41231 1
41232 1
41233 0
41234 1
41235 1
41236 1
41237 2
41238 1
41239 1
41240 0
41241 1
41242 2
41243 1
41244 0
41245 1
41246 0
41247 3
41248 1
41249 2
41250 0
41251 0
41252 0
41253 1
41254 0
41255 2
41256 3
41257 0
41258 1
41259 1
41260 2
41261 1
41262 1
41263 2
41264 1
41265 3
41266 3
41267 2
41268 2
41269 1
41270 0
41271 1
41272 2
41273 0
41274 1
41275 2
41276 0
41277 1
41278 2
41279 0
41280 2
41281 0
41282 1
41283 0
41284 0
41285 0
41286 2
41287 1
41288 2
41289 2
41290 0
41291 1
41292 0
41293 1
41294 1
41295 1
41296 1
41297 0
41298 2
41299 0
41300 0
41301 2
41302 1
41303 0
41304 3
41305 0
41306 2
41307 1
41308 1
41309 0
41310 0
41311 0
41312 0
41313 0
41314 1
41315 0
41316 1
41317 1
41318 2
41319 0
41320 1
41321 1
41322 1
41323 1
41324 1
41325 0
41326 3
41327 1
41328 2
41329 1
41330 1
41331 2
41332 0
41333 0
41334 2
41335 1
41336 1
41337 2
41338 0
41339 1
41340 0
41341 1
41342 1
41343 2
41344 0
41345 0
41346 2
41347 1
41348 2
41349 0
41350 2
41351 2
41352 0
41353 3
41354 1
41355 1
41356 2
41357 1
41358 2
41359 0
41360 1
41361 2
41362 0
41363 0
41364 0
41365 1
41366 2
41367 0
41368 0
41369 0
41370 0
41371 1
41372 1
41373 2
41374 2
41375 2
41376 1
41377 0
41378 0
41379 1
41380 2
41381 0
41382 1
41383 3
41384 3
41385 1
41386 1
41387 2
41388 0
41389 0
41390 0
41391 1
41392 1
41393 2
41394 0
41395 1
41396 1
41397 1
41398 0
41399 0
41400 0
41401 2
41402 3
41403 0
41404 2
41405 0
41406 0
41407 1
41408 1
41409 2
41410 1
41411 0
41412 2
41413 0
41414 0
41415 2
41416 1
41417 0
41418 0
41419 0
41420 0
41421 2
41422 1
41423 2
41424 0
41425 2
41426 1
41427 2
41428 0
41429 0
41430 2
41431 0
41432 1
41433 0
41434 1
41435 0
41436 3
41437 0
41438 2
41439 0
41440 0
41441 2
41442 0
41443 0
41444 0
41445 1
41446 1
41447 2
41448 0
41449 1
41450 1
41451 1
41452 0
41453 2
41454 0
41455 0
41456 0
41457 3
41458 0
41459 1
41460 1
41461 0
41462 0
41463 1
41464 1
41465 0
41466 3
41467 1
41468 1
41469 2
41470 1
41471 2
41472 1
41473 2
41474 1
41475 1
41476 1
41477 0
41478 1
41479 2
41480 1
41481 2
41482 3
41483 0
41484 3
41485 1
41486 1
41487 0
41488 3
41489 1
41490 0
41491 2
41492 0
41493 2
41494 2
41495 1
41496 1
41497 2
41498 1
41499 2
41500 3
41501 2
41502 1
41503 2
41504 0
41505 2
41506 1
41507 2
41508 0
41509 1
41510 1
41511 0
41512 1
41513 0
41514 0
41515 2
41516 0
41517 0
41518 1
41519 0
41520 1
41521 0
41522 0
41523 0
41524 2
41525 1
41526 3
41527 2
41528 3
41529 0
41530 1
41531 3
41532 2
41533 0
41534 2
41535 2
41536 1
41537 2
41538 2
41539 1
41540 0
41541 1
41542 0
41543 2
41544 2
41545 0
41546 2
41547 2
41548 1
41549 0
41550 0
41551 1
41552 1
41553 2
41554 0
41555 2
41556 0
41557 0
41558 2
41559 2
41560 2
41561 3
41562 1
41563 0
41564 0
41565 1
41566 1
41567 1
41568 4
41569 0
41570 1
41571 1
41572 0
41573 2
41574 1
41575 3
41576 3
41577 0
41578 2
41579 0
41580 0
41581 1
41582 0
41583 0
41584 2
41585 2
41586 0
41587 1
41588 2
41589 0
41590 1
41591 2
41592 0
41593 0
41594 1
41595 0
41596 0
41597 2
41598 2
41599 1
41600 1
41601 2
41602 2
41603 1
41604 0
41605 1
41606 1
41607 0
41608 1
41609 2
41610 2
41611 0
41612 0
41613 2
41614 0
41615 1
41616 1
41617 0
41618 1
41619 0
41620 1
41621 2
41622 1
41623 2
41624 1
41625 0
41626 1
41627 1
41628 1
41629 0
41630 1
41631 2
41632 2
41633 1
41634 0
41635 0
41636 0
41637 0
41638 1
41639 3
41640 0
41641 1
41642 2
41643 0
41644 1
41645 2
41646 0
41647 0
41648 0
41649 0
41650 1
41651 1
41652 0
41653 2
41654 1
41655 3
41656 1
41657 1
41658 0
41659 1
41660 0
41661 2
41662 0
41663 2
41664 1
41665 1
41666 1
41667 0
41668 1
41669 2
41670 1
41671 1
41672 1
41673 0
41674 1
41675 1
41676 2
41677 3
41678 1
41679 1
41680 0
41681 1
41682 2
41683 1
41684 3
41685 0
41686 1
41687 0
41688 1
41689 1
41690 1
41691 1
41692 2
41693 2
41694 2
41695 0
41696 1
41697 1
41698 2
41699 0
41700 1
41701 0
41702 1
41703 1
41704 1
41705 2
41706 2
41707 0
41708 1
41709 1
41710 1
41711 0
41712 2
41713 1
41714 2
41715 2
41716 2
41717 0
41718 1
41719 2
41720 2
41721 1
41722 0
41723 1
41724 2
41725 2
41726 2
41727 3
41728 1
41729 1
41730 1
41731 0
41732 2
41733 1
41734 1
41735 1
41736 0
41737 0
41738 0
41739 1
41740 0
41741 1
41742 1
41743 2
41744 0
41745 2
41746 2
41747 0
41748 0
41749 0
41750 0
41751 0
41752 0
41753 2
41754 0
41755 2
41756 1
41757 0
41758 1
41759 0
41760 2
41761 1
41762 0
41763 2
41764 3
41765 2
41766 1
41767 1
41768 2
41769 0
41770 2
41771 1
41772 2
41773 2
41774 0
41775 0
41776 2
41777 0
41778 1
41779 2
41780 2
41781 1
41782 1
41783 0
41784 2
41785 2
41786 1
41787 2
41788 1
41789 0
41790 1
41791 1
41792 2
41793 0
41794 2
41795 2
41796 2
41797 1
41798 2
41799 2
41800 2
41801 1
41802 2
41803 1
41804 1
41805 2
41806 1
41807 0
41808 2
41809 3
41810 0
41811 3
41812 1
41813 0
41814 1
41815 0
41816 0
41817 2
41818 1
41819 1
41820 0
41821 2
41822 0
41823 2
41824 1
41825 0
41826 3
41827 0
41828 1
41829 1
41830 2
41831 1
41832 0
41833 1
41834 0
41835 0
41836 1
41837 1
41838 0
41839 2
41840 1
41841 2
41842 1
41843 3
41844 3
41845 1
41846 1
41847 3
41848 2
41849 0
41850 0
41851 1
41852 3
41853 3
41854 1
41855 0
41856 2
41857 0
41858 0
41859 1
41860 1
41861 1
41862 1
41863 0
41864 0
41865 0
41866 2
41867 1
41868 1
41869 0
41870 2
41871 0
41872 0
41873 2
41874 0
41875 0
41876 0
41877 2
41878 2
41879 1
41880 1
41881 0
41882 0
41883 0
41884 2
41885 1
41886 2
41887 2
41888 1
41889 3
41890 2
41891 1
41892 0
41893 1
41894 2
41895 2
41896 0
41897 0
41898 2
41899 0
41900 1
41901 1
41902 0
41903 2
41904 0
41905 0
41906 3
41907 3
41908 3
41909 0
41910 1
41911 2
41912 1
41913 2
41914 2
41915 2
41916 1
41917 0
41918 2
41919 2
41920 1
41921 1
41922 2
41923 1
41924 0
41925 1
41926 0
41927 2
41928 3
41929 1
41930 2
41931 1
41932 1
41933 1
41934 2
41935 2
41936 0
41937 0
41938 2
41939 2
41940 2
41941 0
41942 1
41943 1
41944 1
41945 2
41946 1
41947 2
41948 0
41949 0
41950 1
41951 2
41952 1
41953 2
41954 2
41955 3
41956 1
41957 2
41958 0
41959 2
41960 1
41961 1
41962 1
41963 0
41964 1
41965 2
41966 1
41967 2
41968 2
41969 0
41970 1
41971 2
41972 0
41973 2
41974 0
41975 2
41976 2
41977 0
41978 1
41979 1
41980 0
41981 2
41982 0
41983 2
41984 1
41985 0
41986 2
41987 1
41988 0
41989 0
41990 1
41991 3
41992 0
41993 1
41994 2
41995 1
41996 0
41997 3
41998 1
41999 0
42000 2
42001 3
42002 1
42003 0
42004 1
42005 2
42006 1
42007 1
42008 0
42009 0
42010 1
42011 1
42012 1
42013 1
42014 1
42015 0
42016 3
42017 3
42018 1
42019 0
42020 2
42021 0
42022 0
42023 0
42024 2
42025 2
42026 1
42027 2
42028 2
42029 2
42030 0
42031 1
42032 2
42033 0
42034 0
42035 1
42036 0
42037 0
42038 1
42039 0
42040 1
42041 0
42042 2
42043 0
42044 1
42045 1
42046 1
42047 0
42048 2
42049 0
42050 1
42051 2
42052 1
42053 1
42054 2
42055 3
42056 0
42057 0
42058 1
42059 1
42060 0
42061 2
42062 1
42063 0
42064 0
42065 2
42066 0
42067 2
42068 1
42069 2
42070 1
42071 0
42072 1
42073 2
42074 1
42075 2
42076 1
42077 0
42078 1
42079 0
42080 0
42081 1
42082 3
42083 0
42084 2
42085 0
42086 2
42087 1
42088 3
42089 2
42090 2
42091 0
42092 1
42093 1
42094 1
42095 0
42096 0
42097 0
42098 1
42099 0
42100 3
42101 2
42102 1
42103 1
42104 1
42105 0
42106 2
42107 0
42108 0
42109 3
42110 0
42111 0
42112 0
42113 1
42114 2
42115 0
42116 1
42117 3
42118 3
42119 1
42120 0
42121 2
42122 1
42123 2
42124 2
42125 1
42126 0
42127 0
42128 1
42129 0
42130 1
42131 1
42132 1
42133 2
42134 1
42135 2
42136 2
42137 1
42138 2
42139 2
42140 2
42141 1
42142 0
42143 0
42144 3
42145 2
42146 1
42147 0
42148 1
42149 2
42150 1
42151 1
42152 1
42153 3
42154 0
42155 2
42156 0
42157 1
42158 1
42159 0
42160 1
42161 2
42162 2
42163 1
42164 1
42165 0
42166 0
42167 0
42168 1
42169 2
42170 1
42171 1
42172 2
42173 0
42174 2
42175 2
42176 1
42177 1
42178 2
42179 1
42180 2
42181 3
42182 0
42183 2
42184 0
42185 2
42186 1
42187 3
42188 2
42189 3
42190 2
42191 1
42192 3
42193 1
42194 0
42195 0
42196 1
42197 1
42198 2
42199 2
42200 0
42201 1
42202 2
42203 3
42204 1
42205 1
42206 1
42207 1
42208 0
42209 1
42210 1
42211 3
42212 1
42213 1
42214 2
42215 1
42216 1
42217 2
42218 1
42219 1
42220 2
42221 2
42222 1
42223 1
42224 1
42225 0
42226 2
42227 2
42228 1
42229 3
42230 0
42231 0
42232 1
42233 3
42234 2
42235 1
42236 1
42237 0
42238 0
42239 0
42240 1
42241 0
42242 0
42243 2
42244 1
42245 0
42246 1
42247 2
42248 0
42249 2
42250 1
42251 2
42252 0
42253 2
42254 1
42255 1
42256 2
42257 1
42258 2
42259 2
42260 2
42261 1
42262 2
42263 2
42264 1
42265 1
42266 3
42267 0
42268 1
42269 2
42270 1
42271 1
42272 0
42273 1
42274 0
42275 1
42276 1
42277 0
42278 1
42279 2
42280 2
42281 2
42282 0
42283 2
42284 0
42285 1
42286 1
42287 0
42288 2
42289 2
42290 0
42291 0
42292 1
42293 1
42294 1
42295 0
42296 0
42297 2
42298 0
42299 2
42300 0
42301 0
42302 0
42303 1
42304 2
42305 0
42306 1
42307 1
42308 1
42309 2
42310 0
42311 3
42312 0
42313 1
42314 2
42315 1
42316 0
42317 0
42318 0
42319 2
42320 2
42321 1
42322 2
42323 1
42324 1
42325 0
42326 1
42327 3
42328 1
42329 0
42330 2
42331 1
42332 3
42333 0
42334 1
42335 0
42336 0
42337 1
42338 0
42339 1
42340 1
42341 1
42342 1
42343 1
42344 0
42345 2
42346 2
42347 0
42348 2
42349 0
42350 2
42351 2
42352 0
42353 1
42354 1
42355 0
42356 1
42357 0
42358 1
42359 1
42360 2
42361 2
42362 0
42363 2
42364 1
42365 0
42366 0
42367 2
42368 2
42369 0
42370 1
42371 1
42372 2
42373 2
42374 1
42375 0
42376 2
42377 3
42378 1
42379 0
42380 2
42381 1
42382 2
42383 0
42384 2
42385 2
42386 2
42387 1
42388 2
42389 1
42390 1
42391 0
42392 0
42393 1
42394 2
42395 1
42396 1
42397 0
42398 1
42399 0
42400 2
42401 2
42402 3
42403 1
42404 1
42405 2
42406 0
42407 0
42408 1
42409 0
42410 1
42411 0
42412 3
42413 1
42414 0
42415 0
42416 1
42417 2
42418 3
42419 0
42420 1
42421 2
42422 1
42423 0
42424 1
42425 0
42426 2
42427 1
42428 0
42429 1
42430 1
42431 1
42432 0
42433 0
42434 1
42435 2
42436 1
42437 3
42438 1
42439 3
42440 0
42441 1
42442 0
42443 1
42444 0
42445 3
42446 1
42447 1
42448 1
42449 0
42450 0
42451 0
42452 0
42453 0
42454 3
42455 2
42456 2
42457 0
42458 1
42459 1
42460 2
42461 1
42462 0
42463 2
42464 1
42465 0
42466 2
42467 0
42468 1
42469 0
42470 0
42471 1
42472 1
42473 0
42474 1
42475 2
42476 0
42477 0
42478 2
42479 1
42480 1
42481 0
42482 2
42483 1
42484 1
42485 1
42486 2
42487 0
42488 2
42489 2
42490 2
42491 0
42492 2
42493 2
42494 1
42495 0
42496 1
42497 0
42498 1
42499 1
42500 0
42501 1
42502 0
42503 0
42504 1
42505 1
42506 2
42507 1
42508 1
42509 1
42510 0
42511 0
42512 1
42513 0
42514 0
42515 0
42516 1
42517 1
42518 1
42519 0
42520 0
42521 2
42522 2
42523 1
42524 1
42525 1
42526 1
42527 0
42528 0
42529 3
42530 1
42531 0
42532 0
42533 0
42534 0
42535 1
42536 0
42537 2
42538 2
42539 2
42540 1
42541 1
42542 1
42543 0
42544 0
42545 1
42546 1
42547 2
42548 0
42549 1
42550 2
42551 0
42552 1
42553 2
42554 0
42555 1
42556 2
42557 2
42558 2
42559 0
42560 0
42561 0
42562 3
42563 2
42564 1
42565 2
42566 0
42567 0
42568 0
42569 2
42570 4
42571 1
42572 2
42573 3
42574 1
42575 1
42576 0
42577 1
42578 1
42579 0
42580 0
42581 3
42582 1
42583 0
42584 0
42585 2
42586 0
42587 1
42588 3
42589 0
42590 0
42591 0
42592 1
42593 0
42594 0
42595 1
42596 0
42597 0
42598 0
42599 2
42600 1
42601 1
42602 2
42603 1
42604 2
42605 1
42606 0
42607 1
42608 0
42609 1
42610 1
42611 1
42612 0
42613 1
42614 1
42615 1
42616 2
42617 0
42618 1
42619 3
42620 2
42621 0
42622 2
42623 0
42624 1
42625 0
42626 1
42627 0
42628 0
42629 1
42630 1
42631 1
42632 2
42633 1
42634 1
42635 0
42636 0
42637 0
42638 1
42639 0
42640 1
42641 2
42642 1
42643 0
42644 2
42645 1
42646 0
42647 1
42648 1
42649 1
42650 0
42651 0
42652 1
42653 1
42654 1
42655 1
42656 3
42657 2
42658 0
42659 0
42660 2
42661 2
42662 2
42663 1
42664 0
42665 0
42666 2
42667 0
42668 1
42669 2
42670 3
42671 2
42672 0
42673 2
42674 0
42675 1
42676 2
42677 1
42678 3
42679 2
42680 2
42681 2
42682 1
42683 0
42684 0
42685 2
42686 2
42687 0
42688 1
42689 0
42690 1
42691 3
42692 2
42693 2
42694 1
42695 0
42696 1
42697 1
42698 3
42699 0
42700 0
42701 0
42702 0
42703 0
42704 0
42705 2
42706 1
42707 2
42708 1
42709 0
42710 0
42711 1
42712 2
42713 3
42714 3
42715 0
42716 1
42717 1
42718 2
42719 1
42720 1
42721 0
42722 0
42723 0
42724 0
42725 1
42726 0
42727 1
42728 1
42729 2
42730 1
42731 1
42732 2
42733 1
42734 0
42735 2
42736 0
42737 0
42738 3
42739 1
42740 2
42741 0
42742 2
42743 0
42744 1
42745 2
42746 2
42747 2
42748 0
42749 0
42750 1
42751 3
42752 2
42753 0
42754 1
42755 2
42756 2
42757 2
42758 0
42759 1
42760 2
42761 2
42762 2
42763 1
42764 0
42765 1
42766 1
42767 1
42768 1
42769 1
42770 2
42771 2
42772 1
42773 0
42774 0
42775 2
42776 0
42777 3
42778 2
42779 2
42780 1
42781 0
42782 0
42783 1
42784 0
42785 1
42786 0
42787 3
42788 2
42789 0
42790 1
42791 2
42792 3
42793 0
42794 1
42795 1
42796 1
42797 0
42798 1
42799 2
42800 0
42801 2
42802 1
42803 0
42804 2
42805 1
42806 0
42807 0
42808 2
42809 0
42810 2
42811 0
42812 1
42813 0
42814 1
42815 2
42816 2
42817 0
42818 1
42819 2
42820 0
42821 1
42822 2
42823 2
42824 1
42825 0
42826 1
42827 1
42828 0
42829 2
42830 1
42831 1
42832 3
42833 0
42834 2
42835 1
42836 0
42837 1
42838 3
42839 2
42840 0
42841 1
42842 1
42843 1
42844 2
42845 2
42846 1
42847 1
42848 1
42849 0
42850 1
42851 1
42852 1
42853 0
42854 1
42855 1
42856 0
42857 2
42858 2
42859 2
42860 2
42861 0
42862 2
42863 0
42864 2
42865 2
42866 2
42867 3
42868 2
42869 0
42870 0
42871 0
42872 2
42873 1
42874 2
42875 3
42876 0
42877 1
42878 2
42879 1
42880 2
42881 2
42882 0
42883 1
42884 0
42885 0
42886 1
42887 1
42888 3
42889 2
42890 0
42891 2
42892 1
42893 1
42894 0
42895 1
42896 1
42897 0
42898 0
42899 0
42900 0
42901 2
42902 1
42903 0
42904 1
42905 2
42906 0
42907 1
42908 0
42909 2
42910 0
42911 1
42912 2
42913 2
42914 0
42915 0
42916 1
42917 2
42918 2
42919 0
42920 2
42921 2
42922 1
42923 0
42924 0
42925 1
42926 0
42927 1
42928 0
42929 0
42930 2
42931 1
42932 0
42933 0
42934 3
42935 3
42936 0
42937 0
42938 1
42939 1
42940 0
42941 3
42942 1
42943 0
42944 1
42945 1
42946 0
42947 0
42948 0
42949 0
42950 1
42951 0
42952 0
42953 2
42954 2
42955 0
42956 1
42957 1
42958 0
42959 0
42960 2
42961 1
42962 2
42963 2
42964 1
42965 1
42966 2
42967 0
42968 0
42969 0
42970 2
42971 1
42972 1
42973 1
42974 2
42975 1
42976 1
42977 0
42978 1
42979 1
42980 1
42981 1
42982 1
42983 1
42984 2
42985 1
42986 0
42987 1
42988 0
42989 0
42990 1
42991 1
42992 3
42993 2
42994 2
42995 1
42996 1
42997 2
42998 0
42999 1
43000 0
43001 1
43002 1
43003 3
43004 1
43005 2
43006 2
43007 2
43008 1
43009 2
43010 1
43011 0
43012 2
43013 2
43014 0
43015 0
43016 1
43017 0
43018 1
43019 0
43020 2
43021 2
43022 3
43023 2
43024 1
43025 1
43026 2
43027 1
43028 2
43029 2
43030 1
43031 0
43032 2
43033 1
43034 1
43035 2
43036 0
43037 1
43038 1
43039 0
43040 0
43041 1
43042 3
43043 1
43044 0
43045 1
43046 0
43047 1
43048 1
43049 0
43050 0
43051 0
43052 1
43053 0
43054 1
43055 0
43056 1
43057 2
43058 0
43059 1
43060 0
43061 0
43062 0
43063 2
43064 1
43065 1
43066 0
43067 1
43068 2
43069 2
43070 1
43071 1
43072 1
43073 0
43074 0
43075 1
43076 2
43077 2
43078 0
43079 2
43080 2
43081 2
43082 3
43083 0
43084 0
43085 1
43086 0
43087 0
43088 1
43089 0
43090 1
43091 2
43092 0
43093 1
43094 1
43095 1
43096 1
43097 1
43098 1
43099 2
43100 2
43101 2
43102 1
43103 1
43104 2
43105 0
43106 0
43107 2
43108 0
43109 1
43110 1
43111 0
43112 1
43113 2
43114 3
43115 0
43116 2
43117 1
43118 1
43119 1
43120 2
43121 1
43122 1
43123 0
43124 2
43125 0
43126 2
43127 0
43128 1
43129 1
43130 2
43131 1
43132 0
43133 0
43134 1
43135 1
43136 0
43137 2
43138 0
43139 1
43140 2
43141 0
43142 2
43143 0
43144 0
43145 1
43146 1
43147 1
43148 0
43149 2
43150 0
43151 3
43152 1
43153 0
43154 2
43155 1
43156 2
43157 1
43158 1
43159 0
43160 0
43161 2
43162 0
43163 1
43164 2
43165 2
43166 2
43167 2
43168 1
43169 0
43170 0
43171 0
43172 0
43173 1
43174 1
43175 2
43176 0
43177 1
43178 1
43179 0
43180 0
43181 0
43182 2
43183 1
43184 0
43185 0
43186 0
43187 1
43188 2
43189 2
43190 1
43191 0
43192 0
43193 1
43194 0
43195 1
43196 1
43197 0
43198 0
43199 1
43200 2
43201 0
43202 0
43203 0
43204 3
43205 1
43206 1
43207 3
43208 0
43209 0
43210 1
43211 2
43212 0
43213 1
43214 1
43215 0
43216 3
43217 0
43218 2
43219 0
43220 0
43221 1
43222 2
43223 1
43224 1
43225 2
43226 2
43227 0
43228 1
43229 0
43230 2
43231 0
43232 0
43233 2
43234 2
43235 2
43236 2
43237 0
43238 2
43239 0
43240 0
43241 0
43242 0
43243 0
43244 2
43245 0
43246 1
43247 2
43248 2
43249 2
43250 0
43251 1
43252 3
43253 0
43254 2
43255 1
43256 1
43257 3
43258 0
43259 0
43260 0
43261 3
43262 3
43263 2
43264 1
43265 1
43266 0
43267 2
43268 3
43269 1
43270 1
43271 0
43272 2
43273 2
43274 2
43275 1
43276 2
43277 2
43278 1
43279 1
43280 0
43281 0
43282 1
43283 1
43284 1
43285 0
43286 1
43287 2
43288 1
43289 2
43290 1
43291 2
43292 0
43293 1
43294 0
43295 0
43296 0
43297 1
43298 2
43299 0
43300 1
43301 1
43302 0
43303 0
43304 2
43305 3
43306 0
43307 0
43308 1
43309 1
43310 1
43311 0
43312 1
43313 1
43314 0
43315 1
43316 1
43317 2
43318 1
43319 1
43320 0
43321 0
43322 2
43323 2
43324 3
43325 2
43326 1
43327 3
43328 1
43329 0
43330 1
43331 2
43332 0
43333 1
43334 0
43335 0
43336 2
43337 2
43338 0
43339 2
43340 1
43341 0
43342 2
43343 1
43344 1
43345 0
43346 2
43347 2
43348 2
43349 1
43350 0
43351 0
43352 0
43353 0
43354 2
43355 1
43356 0
43357 1
43358 1
43359 0
43360 0
43361 2
43362 0
43363 3
43364 3
43365 0
43366 2
43367 1
43368 2
43369 1
43370 1
43371 1
43372 0
43373 0
43374 1
43375 2
43376 1
43377 2
43378 0
43379 0
43380 0
43381 0
43382 1
43383 2
43384 1
43385 1
43386 2
43387 2
43388 0
43389 1
43390 2
43391 1
43392 2
43393 0
43394 3
43395 0
43396 1
43397 1
43398 0
43399 2
43400 0
43401 2
43402 3
43403 0
43404 1
43405 2
43406 2
43407 1
43408 0
43409 2
43410 1
43411 3
43412 0
43413 2
43414 1
43415 1
43416 1
43417 1
43418 1
43419 3
43420 2
43421 0
43422 1
43423 2
43424 2
43425 0
43426 0
43427 1
43428 0
43429 2
43430 0
43431 0
43432 0
43433 0
43434 2
43435 1
43436 1
43437 0
43438 1
43439 1
43440 1
43441 1
43442 1
43443 2
43444 1
43445 0
43446 0
43447 0
43448 2
43449 2
43450 0
43451 2
43452 1
43453 2
43454 3
43455 0
43456 1
43457 1
43458 2
43459 1
43460 1
43461 2
43462 2
43463 0
43464 2
43465 0
43466 2
43467 2
43468 0
43469 2
43470 1
43471 0
43472 0
43473 0
43474 2
43475 1
43476 2
43477 1
43478 2
43479 0
43480 1
43481 1
43482 1
43483 1
43484 0
43485 2
43486 2
43487 0
43488 1
43489 2
43490 0
43491 2
43492 2
43493 1
43494 2
43495 3
43496 3
43497 1
43498 2
43499 1
43500 0
43501 0
43502 0
43503 2
43504 0
43505 0
43506 0
43507 0
43508 2
43509 0
43510 3
43511 1
43512 2
43513 3
43514 1
43515 0
43516 1
43517 2
43518 2
43519 0
43520 1
43521 0
43522 2
43523 1
43524 2
43525 2
43526 2
43527 1
43528 1
43529 1
43530 1
43531 1
43532 2
43533 0
43534 1
43535 0
43536 2
43537 1
43538 2
43539 0
43540 0
43541 3
43542 1
43543 2
43544 1
43545 0
43546 3
43547 1
43548 1
43549 1
43550 3
43551 1
43552 2
43553 1
43554 0
43555 0
43556 1
43557 2
43558 2
43559 3
43560 3
43561 1
43562 0
43563 2
43564 0
43565 0
43566 0
43567 2
43568 0
43569 2
43570 0
43571 2
43572 0
43573 3
43574 2
43575 1
43576 2
43577 2
43578 0
43579 0
43580 0
43581 1
43582 0
43583 2
43584 0
43585 0
43586 2
43587 2
43588 0
43589 0
43590 1
43591 1
43592 1
43593 2
43594 1
43595 0
43596 2
43597 2
43598 1
43599 2
43600 1
43601 0
43602 2
43603 0
43604 0
43605 2
43606 1
43607 1
43608 2
43609 0
43610 0
43611 3
43612 0
43613 0
43614 2
43615 0
43616 2
43617 1
43618 1
43619 1
43620 1
43621 2
43622 0
43623 1
43624 2
43625 1
43626 1
43627 1
43628 2
43629 1
43630 1
43631 0
43632 0
43633 1
43634 0
43635 2
43636 0
43637 0
43638 1
43639 2
43640 1
43641 1
43642 0
43643 2
43644 1
43645 1
43646 2
43647 2
43648 3
43649 0
43650 1
43651 0
43652 0
43653 0
43654 2
43655 0
43656 2
43657 2
43658 0
43659 1
43660 0
43661 0
43662 1
43663 0
43664 0
43665 1
43666 1
43667 3
43668 1
43669 1
43670 2
43671 1
43672 0
43673 2
43674 0
43675 0
43676 1
43677 0
43678 2
43679 3
43680 1
43681 1
43682 1
43683 0
43684 1
43685 1
43686 0
43687 2
43688 1
43689 2
43690 3
43691 2
43692 2
43693 0
43694 0
43695 2
43696 1
43697 1
43698 1
43699 0
43700 0
43701 0
43702 0
43703 0
43704 1
43705 1
43706 2
43707 0
43708 2
43709 0
43710 0
43711 2
43712 0
43713 1
43714 1
43715 1
43716 0
43717 0
43718 2
43719 0
43720 0
43721 1
43722 1
43723 2
43724 1
43725 0
43726 3
43727 0
43728 2
43729 0
43730 2
43731 1
43732 1
43733 1
43734 3
43735 1
43736 1
43737 2
43738 2
43739 1
43740 2
43741 2
43742 3
43743 0
43744 0
43745 0
43746 2
43747 1
43748 0
43749 0
43750 3
43751 1
43752 3
43753 0
43754 2
43755 1
43756 1
43757 0
43758 2
43759 2
43760 0
43761 2
43762 1
43763 0
43764 1
43765 2
43766 0
43767 0
43768 0
43769 1
43770 3
43771 0
43772 0
43773 2
43774 2
43775 0
43776 2
43777 1
43778 1
43779 0
43780 2
43781 2
43782 1
43783 1
43784 3
43785 0
43786 2
43787 2
43788 0
43789 0
43790 0
43791 0
43792 0
43793 2
43794 2
43795 0
43796 2
43797 2
43798 2
43799 0
43800 2
43801 1
43802 2
43803 2
43804 1
43805 1
43806 2
43807 1
43808 2
43809 2
43810 2
43811 2
43812 3
43813 1
43814 1
43815 3
43816 1
43817 1
43818 2
43819 0
43820 0
43821 2
43822 0
43823 3
43824 1
43825 2
43826 2
43827 1
43828 0
43829 0
43830 2
43831 2
43832 2
43833 0
43834 1
43835 1
43836 2
43837 0
43838 3
43839 0
43840 0
43841 0
43842 2
43843 1
43844 1
43845 0
43846 1
43847 1
43848 1
43849 2
43850 2
43851 1
43852 1
43853 1
43854 2
43855 0
43856 1
43857 1
43858 0
43859 0
43860 2
43861 0
43862 2
43863 1
43864 0
43865 2
43866 0
43867 1
43868 1
43869 2
43870 1
43871 3
43872 1
43873 2
43874 1
43875 1
43876 2
43877 0
43878 2
43879 2
43880 2
43881 2
43882 1
43883 3
43884 1
43885 2
43886 0
43887 0
43888 0
43889 1
43890 1
43891 2
43892 2
43893 1
43894 0
43895 3
43896 1
43897 2
43898 0
43899 3
43900 0
43901 1
43902 2
43903 1
43904 1
43905 2
43906 2
43907 1
43908 2
43909 1
43910 1
43911 0
43912 0
43913 1
43914 0
43915 1
43916 1
43917 1
43918 0
43919 0
43920 1
43921 0
43922 1
43923 1
43924 2
43925 0
43926 0
43927 2
43928 3
43929 1
43930 0
43931 1
43932 1
43933 1
43934 0
43935 1
43936 1
43937 0
43938 0
43939 3
43940 2
43941 1
43942 1
43943 3
43944 0
43945 0
43946 0
43947 1
43948 2
43949 0
43950 0
43951 2
43952 1
43953 1
43954 0
43955 2
43956 1
43957 0
43958 3
43959 1
43960 2
43961 2
43962 0
43963 1
43964 0
43965 0
43966 1
43967 2
43968 2
43969 1
43970 1
43971 3
43972 1
43973 3
43974 2
43975 0
43976 3
43977 2
43978 0
43979 1
43980 1
43981 1
43982 2
43983 2
43984 2
43985 2
43986 2
43987 1
43988 0
43989 0
43990 1
43991 1
43992 1
43993 1
43994 0
43995 0
43996 0
43997 0
43998 3
43999 1
44000 1
44001 2
44002 0
44003 0
44004 0
44005 2
44006 2
44007 0
44008 2
44009 2
44010 0
44011 3
44012 2
44013 0
44014 1
44015 2
44016 1
44017 1
44018 2
44019 1
44020 2
44021 1
44022 0
44023 0
44024 0
44025 2
44026 3
44027 1
44028 1
44029 1
44030 2
44031 2
44032 2
44033 0
44034 0
44035 0
44036 3
44037 1
44038 1
44039 1
44040 0
44041 0
44042 2
44043 0
44044 2
44045 0
44046 0
44047 3
44048 1
44049 3
44050 0
44051 0
44052 2
44053 1
44054 1
44055 0
44056 0
44057 0
44058 0
44059 0
44060 0
44061 1
44062 0
44063 2
44064 0
44065 2
44066 1
44067 2
44068 0
44069 3
44070 2
44071 1
44072 1
44073 2
44074 1
44075 1
44076 1
44077 1
44078 2
44079 1
44080 1
44081 2
44082 2
44083 2
44084 2
44085 0
44086 1
44087 2
44088 0
44089 0
44090 0
44091 0
44092 1
44093 0
44094 0
44095 2
44096 0
44097 2
44098 1
44099 1
44100 2
44101 1
44102 0
44103 1
44104 0
44105 1
44106 0
44107 0
44108 1
44109 2
44110 2
44111 0
44112 1
44113 1
44114 2
44115 2
44116 1
44117 0
44118 2
44119 1
44120 0
44121 3
44122 0
44123 2
44124 1
44125 1
44126 2
44127 2
44128 1
44129 0
44130 1
44131 3
44132 2
44133 0
44134 1
44135 3
44136 2
44137 3
44138 0
44139 2
44140 3
44141 1
44142 0
44143 0
44144 2
44145 2
44146 0
44147 2
44148 0
44149 0
44150 0
44151 1
44152 2
44153 0
44154 0
44155 2
44156 1
44157 1
44158 2
44159 3
44160 2
44161 2
44162 2
44163 0
44164 1
44165 1
44166 0
44167 0
44168 2
44169 2
44170 1
44171 2
44172 1
44173 1
44174 2
44175 2
44176 1
44177 3
44178 0
44179 1
44180 2
44181 0
44182 1
44183 2
44184 0
44185 2
44186 2
44187 0
44188 2
44189 1
44190 1
44191 0
44192 0
44193 2
44194 3
44195 3
44196 0
44197 1
44198 1
44199 0
44200 2
44201 1
44202 0
44203 1
44204 0
44205 2
44206 2
44207 0
44208 2
44209 2
44210 0
44211 2
44212 1
44213 3
44214 1
44215 2
44216 1
44217 3
44218 1
44219 0
44220 2
44221 2
44222 0
44223 2
44224 3
44225 0
44226 1
44227 2
44228 1
44229 0
44230 0
44231 0
44232 0
44233 0
44234 1
44235 0
44236 2
44237 2
44238 2
44239 1
44240 2
44241 2
44242 2
44243 0
44244 2
44245 2
44246 1
44247 2
44248 0
44249 2
44250 1
44251 3
44252 2
44253 1
44254 0
44255 3
44256 1
44257 0
44258 2
44259 1
44260 0
44261 2
44262 1
44263 1
44264 1
44265 1
44266 0
44267 0
44268 0
44269 0
44270 1
44271 0
44272 1
44273 1
44274 0
44275 1
44276 1
44277 0
44278 0
44279 2
44280 0
44281 3
44282 1
44283 0
44284 2
44285 0
44286 2
44287 2
44288 0
44289 0
44290 0
44291 3
44292 2
44293 2
44294 0
44295 0
44296 2
44297 1
44298 2
44299 1
44300 1
44301 3
44302 3
44303 2
44304 0
44305 1
44306 0
44307 2
44308 3
44309 0
44310 1
44311 0
44312 1
44313 2
44314 1
44315 2
44316 1
44317 0
44318 2
44319 0
44320 1
44321 1
44322 1
44323 3
44324 0
44325 0
44326 0
44327 0
44328 1
44329 3
44330 0
44331 1
44332 0
44333 1
44334 1
44335 0
44336 1
44337 1
44338 2
44339 2
44340 0
44341 2
44342 2
44343 2
44344 2
44345 2
44346 0
44347 1
44348 1
44349 1
44350 2
44351 1
44352 0
44353 2
44354 1
44355 0
44356 2
44357 1
44358 2
44359 2
44360 3
44361 0
44362 2
44363 2
44364 2
44365 2
44366 0
44367 1
44368 1
44369 1
44370 2
44371 2
44372 3
44373 1
44374 2
44375 2
44376 1
44377 1
44378 3
44379 0
44380 2
44381 0
44382 1
44383 1
44384 2
44385 1
44386 1
44387 0
44388 0
44389 2
44390 2
44391 0
44392 2
44393 0
44394 2
44395 1
44396 2
44397 3
44398 2
44399 2
44400 2
44401 1
44402 1
44403 2
44404 2
44405 0
44406 2
44407 2
44408 2
44409 0
44410 1
44411 0
44412 0
44413 0
44414 2
44415 0
44416 1
44417 2
44418 2
44419 1
44420 1
44421 2
44422 0
44423 1
44424 1
44425 1
44426 2
44427 2
44428 1
44429 0
44430 1
44431 2
44432 0
44433 1
44434 0
44435 1
44436 0
44437 1
44438 3
44439 3
44440 0
44441 0
44442 0
44443 2
44444 2
44445 1
44446 0
44447 2
44448 2
44449 2
44450 2
44451 0
44452 1
44453 0
44454 0
44455 2
44456 0
44457 2
44458 0
44459 1
44460 2
44461 1
44462 2
44463 2
44464 2
44465 0
44466 2
44467 0
44468 1
44469 1
44470 2
44471 1
44472 0
44473 1
44474 3
44475 2
44476 1
44477 0
44478 0
44479 2
44480 2
44481 0
44482 1
44483 2
44484 0
44485 1
44486 0
44487 2
44488 2
44489 1
44490 3
44491 3
44492 1
44493 1
44494 0
44495 1
44496 0
44497 1
44498 1
44499 0
44500 1
44501 2
44502 0
44503 2
44504 0
44505 1
44506 0
44507 2
44508 0
44509 2
44510 2
44511 3
44512 0
44513 0
44514 2
44515 0
44516 1
44517 0
44518 1
44519 1
44520 2
44521 1
44522 1
44523 0
44524 0
44525 3
44526 1
44527 1
44528 2
44529 1
44530 2
44531 2
44532 0
44533 0
44534 2
44535 0
44536 1
44537 1
44538 0
44539 1
44540 1
44541 1
44542 2
44543 0
44544 2
44545 0
44546 2
44547 0
44548 0
44549 1
44550 1
44551 2
44552 2
44553 2
44554 1
44555 0
44556 0
44557 2
44558 3
44559 2
44560 2
44561 0
44562 3
44563 2
44564 2
44565 0
44566 0
44567 1
44568 1
44569 0
44570 1
44571 0
44572 1
44573 2
44574 0
44575 2
44576 2
44577 0
44578 2
44579 3
44580 1
44581 1
44582 1
44583 2
44584 0
44585 1
44586 3
44587 0
44588 2
44589 0
44590 0
44591 2
44592 0
44593 0
44594 2
44595 0
44596 2
44597 1
44598 1
44599 1
44600 2
44601 2
44602 1
44603 2
44604 1
44605 0
44606 2
44607 3
44608 2
44609 1
44610 1
44611 0
44612 0
44613 0
44614 2
44615 3
44616 0
44617 2
44618 2
44619 0
44620 1
44621 1
44622 1
44623 2
44624 1
44625 3
44626 1
44627 2
44628 0
44629 0
44630 1
44631 2
44632 0
44633 2
44634 2
44635 0
44636 0
44637 3
44638 1
44639 1
44640 3
44641 3
44642 0
44643 0
44644 0
44645 1
44646 1
44647 1
44648 1
44649 0
44650 1
44651 1
44652 1
44653 1
44654 0
44655 2
44656 0
44657 0
44658 2
44659 1
44660 1
44661 0
44662 0
44663 0
44664 1
44665 1
44666 2
44667 1
44668 2
44669 2
44670 2
44671 0
44672 0
44673 2
44674 0
44675 2
44676 2
44677 1
44678 3
44679 1
44680 1
44681 0
44682 3
44683 1
44684 0
44685 2
44686 2
44687 2
44688 1
44689 0
44690 0
44691 1
44692 0
44693 1
44694 0
44695 1
44696 2
44697 0
44698 0
44699 0
44700 0
44701 0
44702 2
44703 3
44704 2
44705 0
44706 0
44707 0
44708 2
44709 2
44710 0
44711 0
44712 0
44713 2
44714 0
44715 0
44716 0
44717 2
44718 0
44719 2
44720 2
44721 1
44722 0
44723 0
44724 1
44725 1
44726 1
44727 0
44728 1
44729 0
44730 3
44731 0
44732 1
44733 2
44734 2
44735 1
44736 2
44737 0
44738 1
44739 1
44740 0
44741 2
44742 1
44743 2
44744 0
44745 0
44746 1
44747 1
44748 2
44749 0
44750 3
44751 3
44752 1
44753 1
44754 0
44755 2
44756 0
44757 2
44758 1
44759 1
44760 1
44761 1
44762 1
44763 1
44764 1
44765 1
44766 3
44767 1
44768 2
44769 1
44770 1
44771 0
44772 0
44773 2
44774 2
44775 1
44776 0
44777 2
44778 2
44779 1
44780 1
44781 2
44782 0
44783 2
44784 3
44785 1
44786 0
44787 2
44788 1
44789 2
44790 0
44791 1
44792 0
44793 1
44794 1
44795 0
44796 0
44797 2
44798 2
44799 0
44800 2
44801 2
44802 0
44803 1
44804 1
44805 1
44806 2
44807 2
44808 0
44809 0
44810 0
44811 3
44812 3
44813 1
44814 2
44815 0
44816 3
44817 2
44818 1
44819 1
44820 2
44821 2
44822 1
44823 0
44824 0
44825 0
44826 1
44827 2
44828 0
44829 0
44830 0
44831 1
44832 1
44833 0
44834 0
44835 1
44836 2
44837 2
44838 0
44839 0
44840 0
44841 0
44842 0
44843 0
44844 3
44845 3
44846 1
44847 2
44848 1
44849 0
44850 2
44851 1
44852 2
44853 1
44854 2
44855 2
44856 1
44857 3
44858 0
44859 1
44860 1
44861 0
44862 2
44863 1
44864 0
44865 0
44866 2
44867 1
44868 3
44869 1
44870 2
44871 1
44872 0
44873 1
44874 0
44875 2
44876 1
44877 0
44878 2
44879 1
44880 0
44881 2
44882 2
44883 2
44884 1
44885 2
44886 3
44887 1
44888 1
44889 1
44890 0
44891 0
44892 0
44893 2
44894 3
44895 3
44896 1
44897 1
44898 0
44899 1
44900 0
44901 0
44902 0
44903 0
44904 0
44905 0
44906 2
44907 1
44908 2
44909 0
44910 1
44911 3
44912 2
44913 3
44914 1
44915 1
44916 0
44917 2
44918 2
44919 0
44920 0
44921 2
44922 2
44923 1
44924 0
44925 2
44926 1
44927 1
44928 1
44929 0
44930 1
44931 2
44932 0
44933 0
44934 1
44935 2
44936 3
44937 3
44938 2
44939 2
44940 0
44941 2
44942 0
44943 1
44944 0
44945 0
44946 3
44947 0
44948 0
44949 0
44950 0
44951 0
44952 1
44953 1
44954 2
44955 3
44956 1
44957 2
44958 1
44959 1
44960 2
44961 0
44962 1
44963 0
44964 2
44965 0
44966 1
44967 1
44968 3
44969 0
44970 2
44971 1
44972 0
44973 1
44974 3
44975 2
44976 2
44977 1
44978 1
44979 1
44980 0
44981 0
44982 0
44983 2
44984 2
44985 0
44986 0
44987 1
44988 1
44989 0
44990 1
44991 2
44992 2
44993 3
44994 1
44995 1
44996 2
44997 0
44998 0
44999 2
45000 2
45001 0
45002 1
45003 1
45004 1
45005 1
45006 2
45007 1
45008 2
45009 1
45010 0
45011 1
45012 1
45013 2
45014 2
45015 1
45016 0
45017 0
45018 0
45019 2
45020 0
45021 0
45022 1
45023 1
45024 3
45025 4
45026 2
45027 0
45028 1
45029 1
45030 1
45031 2
45032 0
45033 0
45034 0
45035 1
45036 0
45037 2
45038 0
45039 1
45040 1
45041 2
45042 0
45043 2
45044 0
45045 1
45046 1
45047 2
45048 0
45049 0
45050 2
45051 2
45052 1
45053 2
45054 0
45055 0
45056 2
45057 0
45058 0
45059 2
45060 1
45061 0
45062 0
45063 1
45064 1
45065 0
45066 2
45067 2
45068 1
45069 3
45070 1
45071 1
45072 1
45073 0
45074 2
45075 2
45076 0
45077 2
45078 2
45079 1
45080 3
45081 1
45082 1
45083 2
45084 1
45085 3
45086 0
45087 1
45088 1
45089 0
45090 2
45091 1
45092 1
45093 2
45094 1
45095 3
45096 3
45097 1
45098 1
45099 1
45100 1
45101 0
45102 3
45103 2
45104 0
45105 0
45106 3
45107 0
45108 3
45109 2
45110 2
45111 1
45112 1
45113 0
45114 1
45115 1
45116 1
45117 1
45118 0
45119 1
45120 0
45121 0
45122 1
45123 1
45124 0
45125 0
45126 0
45127 2
45128 1
45129 1
45130 2
45131 3
45132 0
45133 1
45134 2
45135 1
45136 1
45137 0
45138 2
45139 0
45140 1
45141 1
45142 2
45143 2
45144 0
45145 1
45146 0
45147 2
45148 1
45149 0
45150 1
45151 1
45152 1
45153 0
45154 1
45155 2
45156 1
45157 2
45158 1
45159 2
45160 1
45161 1
45162 1
45163 1
45164 0
45165 2
45166 1
45167 3
45168 2
45169 0
45170 0
45171 0
45172 0
45173 3
45174 2
45175 0
45176 0
45177 0
45178 1
45179 2
45180 1
45181 1
45182 0
45183 1
45184 2
45185 1
45186 0
45187 2
45188 2
45189 0
45190 0
45191 1
45192 3
45193 1
45194 2
45195 0
45196 0
45197 0
45198 2
45199 1
45200 1
45201 2
45202 2
45203 2
45204 1
45205 1
45206 2
45207 0
45208 0
45209 1
45210 0
45211 0
45212 0
45213 4
45214 0
45215 3
45216 0
45217 2
45218 1
45219 0
45220 2
45221 1
45222 1
45223 0
45224 1
45225 2
45226 1
45227 2
45228 2
45229 0
45230 0
45231 1
45232 0
45233 1
45234 1
45235 1
45236 3
45237 0
45238 0
45239 1
45240 1
45241 2
45242 2
45243 2
45244 1
45245 2
45246 0
45247 2
45248 2
45249 1
45250 1
45251 0
45252 1
45253 0
45254 1
45255 1
45256 2
45257 1
45258 0
45259 1
45260 0
45261 2
45262 0
45263 1
45264 2
45265 0
45266 0
45267 2
45268 0
45269 2
45270 2
45271 2
45272 2
45273 0
45274 0
45275 0
45276 3
45277 0
45278 0
45279 0
45280 2
45281 0
45282 2
45283 0
45284 1
45285 0
45286 1
45287 1
45288 2
45289 0
45290 0
45291 1
45292 3
45293 1
45294 0
45295 1
45296 1
45297 0
45298 0
45299 0
45300 0
45301 1
45302 2
45303 0
45304 0
45305 0
45306 0
45307 2
45308 2
45309 0
45310 1
45311 1
45312 1
45313 2
45314 2
45315 2
45316 0
45317 1
45318 1
45319 1
45320 1
45321 0
45322 1
45323 2
45324 0
45325 0
45326 0
45327 2
45328 2
45329 1
45330 2
45331 1
45332 0
45333 2
45334 0
45335 2
45336 2
45337 2
45338 0
45339 1
45340 0
45341 1
45342 1
45343 0
45344 1
45345 3
45346 0
45347 1
45348 2
45349 0
45350 0
45351 1
45352 0
45353 0
45354 2
45355 2
45356 1
45357 1
45358 3
45359 2
45360 2
45361 0
45362 3
45363 0
45364 2
45365 1
45366 1
45367 1
45368 0
45369 0
45370 1
45371 1
45372 1
45373 3
45374 0
45375 0
45376 3
45377 1
45378 2
45379 0
45380 3
45381 0
45382 1
45383 0
45384 0
45385 1
45386 0
45387 2
45388 1
45389 0
45390 0
45391 2
45392 0
45393 0
45394 1
45395 2
45396 2
45397 0
45398 1
45399 1
45400 0
45401 1
45402 2
45403 0
45404 0
45405 0
45406 1
45407 0
45408 2
45409 2
45410 0
45411 1
45412 1
45413 0
45414 1
45415 0
45416 1
45417 0
45418 1
45419 3
45420 3
45421 0
45422 2
45423 0
45424 2
45425 2
45426 0
45427 2
45428 0
45429 0
45430 2
45431 0
45432 0
45433 2
45434 3
45435 1
45436 2
45437 3
45438 0
45439 2
45440 1
45441 1
45442 1
45443 0
45444 0
45445 2
45446 1
45447 1
45448 2
45449 1
45450 2
45451 1
45452 2
45453 1
45454 0
45455 2
45456 0
45457 0
45458 1
45459 2
45460 0
45461 1
45462 2
45463 0
45464 0
45465 2
45466 1
45467 0
45468 1
45469 2
45470 1
45471 1
45472 0
45473 0
45474 2
45475 0
45476 1
45477 2
45478 1
45479 2
45480 0
45481 2
45482 1
45483 2
45484 1
45485 2
45486 2
45487 0
45488 0
45489 2
45490 2
45491 0
45492 1
45493 0
45494 2
45495 2
45496 1
45497 3
45498 2
45499 0
45500 0
45501 1
45502 3
45503 0
45504 3
45505 1
45506 3
45507 1
45508 2
45509 0
45510 1
45511 1
45512 0
45513 2
45514 2
45515 0
45516 0
45517 0
45518 2
45519 1
45520 0
45521 1
45522 2
45523 0
45524 1
45525 1
45526 0
45527 1
45528 2
45529 0
45530 1
45531 2
45532 2
45533 2
45534 1
45535 0
45536 1
45537 2
45538 0
45539 1
45540 0
45541 1
45542 1
45543 2
45544 0
45545 1
45546 2
45547 2
45548 1
45549 2
45550 0
45551 1
45552 1
45553 1
45554 0
45555 1
45556 2
45557 1
45558 0
45559 0
45560 0
45561 1
45562 0
45563 0
45564 0
45565 1
45566 3
45567 0
45568 1
45569 2
45570 0
45571 0
45572 0
45573 1
45574 0
45575 2
45576 1
45577 3
45578 0
45579 1
45580 1
45581 0
45582 1
45583 2
45584 1
45585 1
45586 1
45587 1
45588 0
45589 0
45590 1
45591 1
45592 1
45593 1
45594 0
45595 0
45596 1
45597 2
45598 3
45599 1
45600 1
45601 2
45602 1
45603 2
45604 1
45605 0
45606 1
45607 1
45608 1
45609 2
45610 0
45611 0
45612 1
45613 0
45614 1
45615 2
45616 2
45617 2
45618 0
45619 0
45620 1
45621 0
45622 2
45623 0
45624 2
45625 2
45626 2
45627 1
45628 1
45629 1
45630 1
45631 0
45632 2
45633 1
45634 3
45635 0
45636 3
45637 2
45638 0
45639 0
45640 0
45641 0
45642 0
45643 2
45644 0
45645 0
45646 1
45647 3
45648 0
45649 0
45650 0
45651 0
45652 1
45653 1
45654 0
45655 0
45656 1
45657 2
45658 0
45659 2
45660 1
45661 0
45662 0
45663 2
45664 0
45665 2
45666 1
45667 1
45668 1
45669 1
45670 0
45671 0
45672 0
45673 1
45674 3
45675 1
45676 1
45677 3
45678 0
45679 1
45680 2
45681 0
45682 1
45683 2
45684 1
45685 1
45686 0
45687 1
45688 0
45689 0
45690 2
45691 1
45692 2
45693 2
45694 3
45695 0
45696 1
45697 0
45698 2
45699 1
45700 1
45701 0
45702 2
45703 0
45704 1
45705 0
45706 1
45707 1
45708 2
45709 0
45710 1
45711 1
45712 0
45713 1
45714 0
45715 2
45716 1
45717 0
45718 0
45719 1
45720 1
45721 1
45722 0
45723 2
45724 0
45725 1
45726 1
45727 1
45728 1
45729 2
45730 0
45731 0
45732 1
45733 1
45734 0
45735 1
45736 0
45737 0
45738 1
45739 0
45740 1
45741 1
45742 2
45743 2
45744 1
45745 0
45746 0
45747 0
45748 0
45749 0
45750 1
45751 2
45752 2
45753 1
45754 2
45755 1
45756 1
45757 0
45758 0
45759 0
45760 2
45761 1
45762 3
45763 1
45764 2
45765 0
45766 0
45767 0
45768 0
45769 2
45770 2
45771 0
45772 2
45773 0
45774 1
45775 1
45776 1
45777 1
45778 0
45779 1
45780 1
45781 0
45782 0
45783 0
45784 1
45785 1
45786 0
45787 0
45788 0
45789 0
45790 1
45791 0
45792 1
45793 1
45794 1
45795 1
45796 0
45797 0
45798 0
45799 0
45800 0
45801 2
45802 2
45803 0
45804 0
45805 0
45806 1
45807 0
45808 2
45809 0
45810 0
45811 1
45812 1
45813 1
45814 0
45815 2
45816 1
45817 1
45818 1
45819 0
45820 0
45821 0
45822 2
45823 1
45824 0
45825 0
45826 1
45827 2
45828 1
45829 1
45830 1
45831 2
45832 0
45833 1
45834 0
45835 0
45836 1
45837 1
45838 3
45839 2
45840 1
45841 1
45842 1
45843 2
45844 1
45845 2
45846 2
45847 1
45848 3
45849 1
45850 2
45851 2
45852 1
45853 1
45854 0
45855 1
45856 2
45857 0
45858 1
45859 0
45860 1
45861 0
45862 2
45863 1
45864 1
45865 1
45866 2
45867 1
45868 1
45869 0
45870 1
45871 2
45872 3
45873 1
45874 0
45875 2
45876 1
45877 1
45878 0
45879 0
45880 0
45881 3
45882 0
45883 1
45884 1
45885 0
45886 0
45887 2
45888 0
45889 1
45890 0
45891 1
45892 1
45893 0
45894 1
45895 0
45896 1
45897 3
45898 0
45899 2
45900 1
45901 0
45902 0
45903 1
45904 2
45905 0
45906 2
45907 0
45908 2
45909 0
45910 1
45911 0
45912 0
45913 0
45914 2
45915 1
45916 2
45917 2
45918 1
45919 2
45920 2
45921 1
45922 0
45923 2
45924 2
45925 1
45926 1
45927 2
45928 2
45929 0
45930 3
45931 3
45932 2
45933 0
45934 2
45935 2
45936 0
45937 1
45938 0
45939 1
45940 2
45941 2
45942 1
45943 2
45944 1
45945 2
45946 0
45947 1
45948 2
45949 3
45950 2
45951 2
45952 2
45953 1
45954 0
45955 0
45956 0
45957 0
45958 0
45959 2
45960 2
45961 1
45962 2
45963 1
45964 2
45965 1
45966 0
45967 3
45968 1
45969 1
45970 3
45971 2
45972 1
45973 1
45974 1
45975 0
45976 1
45977 1
45978 1
45979 1
45980 0
45981 2
45982 0
45983 2
45984 3
45985 1
45986 0
45987 1
45988 1
45989 1
45990 0
45991 2
45992 2
45993 1
45994 2
45995 1
45996 1
45997 0
45998 1
45999 0
46000 0
46001 1
46002 0
46003 1
46004 0
46005 0
46006 1
46007 1
46008 2
46009 1
46010 0
46011 1
46012 2
46013 1
46014 2
46015 0
46016 3
46017 0
46018 1
46019 2
46020 3
46021 2
46022 1
46023 1
46024 0
46025 1
46026 1
46027 3
46028 1
46029 1
46030 2
46031 1
46032 2
46033 1
46034 2
46035 0
46036 2
46037 2
46038 1
46039 1
46040 0
46041 1
46042 0
46043 0
46044 0
46045 1
46046 2
46047 1
46048 2
46049 0
46050 1
46051 2
46052 1
46053 1
46054 2
46055 0
46056 0
46057 0
46058 0
46059 0
46060 3
46061 0
46062 0
46063 0
46064 0
46065 0
46066 1
46067 3
46068 1
46069 1
46070 2
46071 1
46072 2
46073 1
46074 0
46075 0
46076 1
46077 1
46078 0
46079 2
46080 0
46081 0
46082 0
46083 1
46084 2
46085 1
46086 1
46087 1
46088 2
46089 2
46090 1
46091 0
46092 2
46093 2
46094 1
46095 0
46096 2
46097 0
46098 2
46099 1
46100 2
46101 0
46102 0
46103 2
46104 3
46105 1
46106 2
46107 2
46108 2
46109 2
46110 1
46111 1
46112 2
46113 0
46114 0
46115 2
46116 2
46117 0
46118 0
46119 2
46120 3
46121 0
46122 2
46123 2
46124 0
46125 0
46126 1
46127 1
46128 1
46129 0
46130 1
46131 0
46132 2
46133 2
46134 0
46135 2
46136 0
46137 2
46138 2
46139 0
46140 0
46141 0
46142 1
46143 0
46144 0
46145 0
46146 1
46147 0
46148 2
46149 1
46150 1
46151 2
46152 0
46153 2
46154 2
46155 0
46156 1
46157 2
46158 2
46159 1
46160 1
46161 0
46162 0
46163 0
46164 3
46165 2
46166 0
46167 0
46168 3
46169 1
46170 0
46171 0
46172 2
46173 1
46174 0
46175 2
46176 1
46177 0
46178 0
46179 0
46180 3
46181 2
46182 1
46183 1
46184 2
46185 1
46186 0
46187 2
46188 1
46189 1
46190 3
46191 1
46192 1
46193 1
46194 2
46195 2
46196 1
46197 2
46198 1
46199 1
46200 2
46201 1
46202 2
46203 1
46204 0
46205 1
46206 3
46207 2
46208 2
46209 0
46210 0
46211 2
46212 1
46213 3
46214 0
46215 2
46216 1
46217 2
46218 1
46219 1
46220 0
46221 0
46222 1
46223 2
46224 3
46225 0
46226 1
46227 1
46228 2
46229 0
46230 1
46231 1
46232 1
46233 0
46234 0
46235 3
46236 1
46237 0
46238 1
46239 2
46240 2
46241 2
46242 0
46243 1
46244 1
46245 0
46246 0
46247 2
46248 2
46249 0
46250 1
46251 2
46252 2
46253 2
46254 2
46255 1
46256 0
46257 2
46258 1
46259 1
46260 0
46261 0
46262 2
46263 1
46264 0
46265 2
46266 0
46267 2
46268 2
46269 0
46270 0
46271 1
46272 1
46273 1
46274 2
46275 1
46276 1
46277 1
46278 2
46279 2
46280 0
46281 2
46282 0
46283 0
46284 2
46285 1
46286 2
46287 0
46288 3
46289 1
46290 2
46291 1
46292 0
46293 2
46294 2
46295 0
46296 1
46297 3
46298 0
46299 1
46300 0
46301 0
46302 0
46303 1
46304 1
46305 1
46306 2
46307 0
46308 2
46309 0
46310 0
46311 2
46312 1
46313 2
46314 0
46315 0
46316 1
46317 2
46318 2
46319 1
46320 1
46321 2
46322 1
46323 1
46324 0
46325 0
46326 2
46327 0
46328 1
46329 2
46330 0
46331 1
46332 0
46333 1
46334 2
46335 1
46336 0
46337 2
46338 1
46339 3
46340 0
46341 0
46342 1
46343 1
46344 2
46345 3
46346 0
46347 1
46348 0
46349 2
46350 2
46351 0
46352 1
46353 2
46354 0
46355 2
46356 1
46357 1
46358 0
46359 2
46360 2
46361 0
46362 1
46363 1
46364 2
46365 1
46366 1
46367 1
46368 2
46369 0
46370 2
46371 2
46372 1
46373 2
46374 1
46375 1
46376 2
46377 0
46378 1
46379 0
46380 1
46381 1
46382 1
46383 0
46384 0
46385 0
46386 0
46387 2
46388 1
46389 0
46390 1
46391 2
46392 0
46393 0
46394 2
46395 2
46396 1
46397 0
46398 2
46399 1
46400 3
46401 0
46402 1
46403 0
46404 2
46405 1
46406 0
46407 0
46408 0
46409 1
46410 0
46411 2
46412 2
46413 0
46414 0
46415 1
46416 0
46417 3
46418 0
46419 1
46420 1
46421 0
46422 2
46423 1
46424 2
46425 1
46426 3
46427 0
46428 2
46429 0
46430 3
46431 1
46432 0
46433 0
46434 1
46435 1
46436 1
46437 1
46438 0
46439 0
46440 2
46441 1
46442 3
46443 0
46444 1
46445 1
46446 0
46447 1
46448 3
46449 1
46450 0
46451 0
46452 0
46453 1
46454 1
46455 1
46456 2
46457 1
46458 2
46459 0
46460 0
46461 2
46462 0
46463 1
46464 0
46465 0
46466 1
46467 0
46468 1
46469 0
46470 1
46471 2
46472 2
46473 2
46474 0
46475 2
46476 0
46477 0
46478 0
46479 0
46480 2
46481 2
46482 0
46483 1
46484 2
46485 1
46486 3
46487 0
46488 1
46489 0
46490 2
46491 1
46492 2
46493 1
46494 0
46495 2
46496 1
46497 0
46498 0
46499 1
46500 2
46501 1
46502 3
46503 1
46504 2
46505 1
46506 2
46507 0
46508 2
46509 1
46510 0
46511 0
46512 0
46513 1
46514 1
46515 0
46516 1
46517 1
46518 0
46519 3
46520 0
46521 1
46522 2
46523 2
46524 0
46525 2
46526 0
46527 2
46528 2
46529 0
46530 0
46531 0
46532 0
46533 2
46534 1
46535 0
46536 1
46537 2
46538 2
46539 1
46540 2
46541 2
46542 2
46543 0
46544 2
46545 1
46546 1
46547 2
46548 1
46549 0
46550 0
46551 2
46552 2
46553 0
46554 0
46555 2
46556 0
46557 2
46558 1
46559 2
46560 0
46561 2
46562 1
46563 1
46564 2
46565 0
46566 2
46567 0
46568 1
46569 2
46570 1
46571 1
46572 3
46573 0
46574 0
46575 0
46576 1
46577 2
46578 0
46579 0
46580 0
46581 3
46582 0
46583 2
46584 0
46585 0
46586 1
46587 0
46588 2
46589 0
46590 0
46591 1
46592 1
46593 0
46594 1
46595 2
46596 2
46597 2
46598 1
46599 0
46600 3
46601 2
46602 1
46603 1
46604 1
46605 1
46606 2
46607 0
46608 1
46609 1
46610 0
46611 0
46612 0
46613 0
46614 1
46615 0
46616 0
46617 3
46618 2
46619 1
46620 2
46621 0
46622 0
46623 1
46624 0
46625 2
46626 1
46627 3
46628 0
46629 0
46630 1
46631 1
46632 0
46633 3
46634 1
46635 2
46636 2
46637 2
46638 2
46639 3
46640 0
46641 0
46642 0
46643 0
46644 2
46645 0
46646 2
46647 2
46648 0
46649 2
46650 0
46651 3
46652 1
46653 2
46654 1
46655 1
46656 3
46657 1
46658 2
46659 0
46660 0
46661 0
46662 2
46663 2
46664 2
46665 0
46666 1
46667 0
46668 0
46669 0
46670 1
46671 0
46672 1
46673 1
46674 3
46675 2
46676 0
46677 0
46678 2
46679 1
46680 0
46681 1
46682 1
46683 2
46684 1
46685 0
46686 1
46687 1
46688 0
46689 0
46690 0
46691 2
46692 1
46693 1
46694 0
46695 2
46696 1
46697 1
46698 0
46699 2
46700 2
46701 0
46702 2
46703 2
46704 2
46705 2
46706 1
46707 3
46708 1
46709 0
46710 3
46711 1
46712 1
46713 0
46714 2
46715 1
46716 0
46717 2
46718 0
46719 1
46720 2
46721 0
46722 1
46723 0
46724 3
46725 2
46726 3
46727 2
46728 3
46729 1
46730 1
46731 1
46732 0
46733 0
46734 0
46735 0
46736 1
46737 2
46738 1
46739 1
46740 2
46741 3
46742 1
46743 1
46744 1
46745 0
46746 2
46747 1
46748 1
46749 1
46750 2
46751 1
46752 0
46753 0
46754 0
46755 0
46756 0
46757 0
46758 1
46759 2
46760 0
46761 2
46762 1
46763 0
46764 3
46765 2
46766 0
46767 1
46768 0
46769 1
46770 1
46771 1
46772 0
46773 0
46774 0
46775 2
46776 1
46777 3
46778 2
46779 0
46780 0
46781 0
46782 2
46783 1
46784 1
46785 0
46786 2
46787 1
46788 0
46789 0
46790 0
46791 0
46792 2
46793 2
46794 1
46795 0
46796 0
46797 0
46798 2
46799 0
46800 1
46801 2
46802 2
46803 0
46804 2
46805 2
46806 1
46807 1
46808 0
46809 1
46810 0
46811 0
46812 1
46813 2
46814 1
46815 1
46816 2
46817 1
46818 0
46819 1
46820 0
46821 2
46822 2
46823 2
46824 0
46825 0
46826 1
46827 1
46828 1
46829 0
46830 2
46831 0
46832 1
46833 2
46834 0
46835 1
46836 1
46837 2
46838 1
46839 1
46840 2
46841 2
46842 1
46843 0
46844 1
46845 0
46846 2
46847 1
46848 1
46849 1
46850 2
46851 0
46852 2
46853 2
46854 0
46855 0
46856 3
46857 0
46858 1
46859 1
46860 2
46861 0
46862 2
46863 0
46864 0
46865 0
46866 1
46867 0
46868 1
46869 2
46870 1
46871 2
46872 0
46873 1
46874 1
46875 2
46876 1
46877 1
46878 1
46879 1
46880 1
46881 1
46882 2
46883 1
46884 1
46885 0
46886 3
46887 0
46888 0
46889 2
46890 2
46891 2
46892 1
46893 0
46894 1
46895 1
46896 0
46897 0
46898 0
46899 1
46900 1
46901 2
46902 2
46903 0
46904 0
46905 1
46906 2
46907 1
46908 1
46909 0
46910 0
46911 0
46912 1
46913 2
46914 1
46915 0
46916 0
46917 0
46918 0
46919 2
46920 1
46921 1
46922 1
46923 0
46924 1
46925 1
46926 1
46927 0
46928 0
46929 0
46930 0
46931 3
46932 3
46933 0
46934 2
46935 0
46936 2
46937 1
46938 3
46939 2
46940 0
46941 0
46942 0
46943 1
46944 1
46945 1
46946 0
46947 2
46948 1
46949 2
46950 0
46951 1
46952 0
46953 2
46954 2
46955 2
46956 2
46957 0
46958 1
46959 1
46960 2
46961 2
46962 1
46963 0
46964 2
46965 1
46966 1
46967 2
46968 3
46969 0
46970 0
46971 0
46972 2
46973 0
46974 1
46975 0
46976 2
46977 0
46978 0
46979 2
46980 1
46981 1
46982 0
46983 2
46984 1
46985 0
46986 2
46987 2
46988 1
46989 1
46990 2
46991 1
46992 0
46993 1
46994 1
46995 1
46996 0
46997 3
46998 2
46999 3
47000 1
47001 0
47002 1
47003 0
47004 0
47005 1
47006 0
47007 1
47008 1
47009 0
47010 1
47011 0
47012 1
47013 0
47014 1
47015 1
47016 0
47017 1
47018 2
47019 3
47020 1
47021 0
47022 0
47023 3
47024 1
47025 0
47026 2
47027 1
47028 0
47029 2
47030 0
47031 1
47032 0
47033 0
47034 1
47035 0
47036 0
47037 0
47038 2
47039 0
47040 0
47041 1
47042 2
47043 1
47044 2
47045 1
47046 1
47047 0
47048 0
47049 2
47050 0
47051 3
47052 1
47053 0
47054 1
47055 2
47056 0
47057 2
47058 0
47059 2
47060 1
47061 2
47062 0
47063 1
47064 2
47065 2
47066 1
47067 0
47068 0
47069 3
47070 1
47071 1
47072 0
47073 1
47074 1
47075 2
47076 0
47077 0
47078 3
47079 1
47080 0
47081 0
47082 2
47083 1
47084 1
47085 2
47086 0
47087 2
47088 2
47089 0
47090 2
47091 1
47092 0
47093 3
47094 0
47095 1
47096 2
47097 2
47098 1
47099 1
47100 2
47101 2
47102 0
47103 1
47104 1
47105 2
47106 0
47107 0
47108 0
47109 1
47110 1
47111 2
47112 2
47113 1
47114 0
47115 1
47116 0
47117 1
47118 0
47119 1
47120 2
47121 1
47122 1
47123 1
47124 0
47125 0
47126 2
47127 0
47128 2
47129 0
47130 2
47131 2
47132 0
47133 0
47134 1
47135 1
47136 0
47137 1
47138 2
47139 0
47140 0
47141 0
47142 1
47143 0
47144 2
47145 0
47146 1
47147 1
47148 1
47149 1
47150 0
47151 0
47152 1
47153 0
47154 2
47155 1
47156 1
47157 0
47158 0
47159 2
47160 0
47161 2
47162 0
47163 1
47164 3
47165 1
47166 2
47167 1
47168 0
47169 0
47170 1
47171 1
47172 1
47173 0
47174 0
47175 1
47176 3
47177 2
47178 2
47179 0
47180 0
47181 2
47182 2
47183 2
47184 0
47185 1
47186 1
47187 1
47188 1
47189 1
47190 1
47191 3
47192 1
47193 0
47194 2
47195 0
47196 0
47197 0
47198 0
47199 2
47200 1
47201 1
47202 1
47203 0
47204 1
47205 0
47206 2
47207 1
47208 0
47209 3
47210 2
47211 1
47212 0
47213 1
47214 0
47215 2
47216 1
47217 1
47218 0
47219 0
47220 3
47221 0
47222 1
47223 1
47224 1
47225 1
47226 2
47227 0
47228 1
47229 2
47230 0
47231 2
47232 1
47233 1
47234 1
47235 0
47236 2
47237 1
47238 1
47239 1
47240 0
47241 3
47242 2
47243 3
47244 2
47245 2
47246 1
47247 2
47248 0
47249 1
47250 0
47251 0
47252 0
47253 2
47254 2
47255 0
47256 0
47257 0
47258 0
47259 1
47260 2
47261 2
47262 1
47263 0
47264 2
47265 1
47266 1
47267 0
47268 1
47269 2
47270 0
47271 2
47272 0
47273 3
47274 0
47275 0
47276 2
47277 0
47278 2
47279 3
47280 2
47281 2
47282 0
47283 0
47284 0
47285 0
47286 1
47287 0
47288 0
47289 0
47290 2
47291 0
47292 2
47293 0
47294 1
47295 1
47296 1
47297 2
47298 1
47299 0
47300 1
47301 1
47302 0
47303 1
47304 0
47305 0
47306 2
47307 0
47308 1
47309 0
47310 1
47311 3
47312 2
47313 2
47314 0
47315 0
47316 3
47317 1
47318 1
47319 1
47320 1
47321 0
47322 0
47323 1
47324 0
47325 1
47326 1
47327 2
47328 0
47329 0
47330 3
47331 2
47332 2
47333 0
47334 0
47335 2
47336 3
47337 1
47338 2
47339 1
47340 1
47341 0
47342 0
47343 2
47344 0
47345 1
47346 1
47347 2
47348 2
47349 1
47350 3
47351 0
47352 0
47353 1
47354 0
47355 1
47356 2
47357 0
47358 2
47359 0
47360 0
47361 1
47362 1
47363 0
47364 1
47365 0
47366 1
47367 2
47368 0
47369 0
47370 2
47371 0
47372 0
47373 2
47374 0
47375 2
47376 0
47377 1
47378 1
47379 3
47380 1
47381 1
47382 1
47383 2
47384 1
47385 2
47386 1
47387 0
47388 1
47389 1
47390 1
47391 2
47392 2
47393 1
47394 2
47395 1
47396 0
47397 1
47398 1
47399 1
47400 1
47401 0
47402 0
47403 0
47404 0
47405 1
47406 2
47407 0
47408 2
47409 2
47410 2
47411 0
47412 1
47413 1
47414 3
47415 0
47416 0
47417 0
47418 0
47419 2
47420 0
47421 0
47422 1
47423 1
47424 1
47425 1
47426 0
47427 1
47428 2
47429 0
47430 3
47431 3
47432 0
47433 1
47434 2
47435 0
47436 1
47437 0
47438 0
47439 0
47440 1
47441 0
47442 1
47443 0
47444 1
47445 1
47446 0
47447 2
47448 1
47449 1
47450 0
47451 0
47452 0
47453 3
47454 2
47455 2
47456 1
47457 1
47458 0
47459 2
47460 2
47461 2
47462 2
47463 0
47464 0
47465 0
47466 0
47467 0
47468 3
47469 1
47470 2
47471 1
47472 0
47473 0
47474 1
47475 1
47476 2
47477 1
47478 1
47479 1
47480 0
47481 2
47482 2
47483 0
47484 0
47485 2
47486 1
47487 2
47488 0
47489 0
47490 1
47491 2
47492 0
47493 2
47494 1
47495 1
47496 2
47497 1
47498 2
47499 0
47500 0
47501 2
47502 1
47503 2
47504 1
47505 0
47506 2
47507 1
47508 1
47509 1
47510 2
47511 2
47512 0
47513 0
47514 1
47515 3
47516 0
47517 1
47518 0
47519 1
47520 1
47521 0
47522 0
47523 1
47524 1
47525 0
47526 0
47527 0
47528 0
47529 0
47530 1
47531 1
47532 1
47533 1
47534 2
47535 2
47536 0
47537 1
47538 0
47539 0
47540 2
47541 0
47542 0
47543 3
47544 2
47545 0
47546 1
47547 2
47548 0
47549 1
47550 2
47551 2
47552 0
47553 0
47554 0
47555 1
47556 1
47557 0
47558 1
47559 0
47560 1
47561 1
47562 1
47563 1
47564 2
47565 0
47566 0
47567 1
47568 1
47569 1
47570 1
47571 1
47572 0
47573 2
47574 1
47575 0
47576 1
47577 2
47578 0
47579 0
47580 2
47581 1
47582 0
47583 2
47584 1
47585 0
47586 3
47587 1
47588 1
47589 1
47590 1
47591 0
47592 2
47593 1
47594 3
47595 0
47596 1
47597 2
47598 0
47599 0
47600 1
47601 0
47602 1
47603 0
47604 1
47605 3
47606 1
47607 1
47608 2
47609 0
47610 0
47611 1
47612 0
47613 2
47614 0
47615 3
47616 1
47617 1
47618 0
47619 0
47620 0
47621 2
47622 2
47623 2
47624 0
47625 2
47626 2
47627 0
47628 0
47629 1
47630 0
47631 0
47632 1
47633 0
47634 2
47635 0
47636 1
47637 3
47638 1
47639 1
47640 0
47641 0
47642 2
47643 2
47644 1
47645 0
47646 1
47647 0
47648 3
47649 1
47650 0
47651 0
47652 1
47653 0
47654 1
47655 1
47656 0
47657 1
47658 1
47659 1
47660 0
47661 3
47662 1
47663 1
47664 0
47665 2
47666 0
47667 1
47668 1
47669 1
47670 2
47671 1
47672 2
47673 3
47674 1
47675 2
47676 1
47677 1
47678 1
47679 1
47680 0
47681 1
47682 0
47683 0
47684 1
47685 1
47686 0
47687 0
47688 0
47689 1
47690 3
47691 1
47692 1
47693 1
47694 0
47695 2
47696 2
47697 0
47698 1
47699 0
47700 0
47701 0
47702 1
47703 0
47704 0
47705 0
47706 1
47707 1
47708 1
47709 2
47710 2
47711 0
47712 1
47713 0
47714 0
47715 2
47716 0
47717 0
47718 0
47719 1
47720 1
47721 0
47722 0
47723 3
47724 1
47725 1
47726 1
47727 2
47728 1
47729 3
47730 0
47731 0
47732 0
47733 0
47734 1
47735 2
47736 1
47737 2
47738 0
47739 1
47740 2
47741 0
47742 0
47743 2
47744 0
47745 1
47746 1
47747 1
47748 1
47749 1
47750 0
47751 1
47752 0
47753 2
47754 3
47755 1
47756 0
47757 1
47758 1
47759 2
47760 2
47761 1
47762 1
47763 2
47764 2
47765 0
47766 0
47767 0
47768 0
47769 2
47770 0
47771 1
47772 2
47773 0
47774 0
47775 1
47776 1
47777 1
47778 2
47779 1
47780 1
47781 0
47782 0
47783 0
47784 0
47785 0
47786 1
47787 2
47788 0
47789 1
47790 4
47791 1
47792 0
47793 0
47794 2
47795 2
47796 3
47797 1
47798 0
47799 1
47800 0
47801 1
47802 3
47803 0
47804 0
47805 0
47806 0
47807 1
47808 2
47809 1
47810 1
47811 2
47812 1
47813 1
47814 1
47815 0
47816 2
47817 1
47818 1
47819 2
47820 1
47821 2
47822 1
47823 1
47824 1
47825 2
47826 1
47827 0
47828 2
47829 0
47830 0
47831 2
47832 1
47833 0
47834 2
47835 3
47836 1
47837 1
47838 0
47839 0
47840 2
47841 1
47842 1
47843 1
47844 0
47845 0
47846 1
47847 0
47848 0
47849 0
47850 0
47851 0
47852 0
47853 2
47854 2
47855 2
47856 2
47857 1
47858 2
47859 2
47860 0
47861 0
47862 2
47863 0
47864 0
47865 2
47866 0
47867 1
47868 1
47869 0
47870 1
47871 0
47872 2
47873 0
47874 1
47875 0
47876 1
47877 2
47878 0
47879 2
47880 1
47881 2
47882 3
47883 1
47884 0
47885 1
47886 0
47887 0
47888 0
47889 3
47890 0
47891 1
47892 0
47893 2
47894 0
47895 1
47896 2
47897 1
47898 1
47899 0
47900 0
47901 0
47902 1
47903 2
47904 1
47905 1
47906 0
47907 1
47908 1
47909 0
47910 2
47911 2
47912 0
47913 0
47914 2
47915 1
47916 2
47917 0
47918 2
47919 2
47920 1
47921 2
47922 1
47923 0
47924 1
47925 1
47926 1
47927 2
47928 2
47929 0
47930 2
47931 2
47932 1
47933 1
47934 1
47935 0
47936 2
47937 3
47938 1
47939 0
47940 1
47941 3
47942 1
47943 0
47944 0
47945 1
47946 0
47947 2
47948 1
47949 0
47950 0
47951 0
47952 1
47953 1
47954 0
47955 0
47956 2
47957 1
47958 0
47959 0
47960 0
47961 1
47962 2
47963 2
47964 1
47965 1
47966 2
47967 1
47968 0
47969 0
47970 2
47971 0
47972 1
47973 0
47974 3
47975 1
47976 1
47977 0
47978 2
47979 1
47980 0
47981 0
47982 1
47983 0
47984 0
47985 2
47986 0
47987 0
47988 2
47989 1
47990 2
47991 0
47992 1
47993 3
47994 0
47995 0
47996 3
47997 1
47998 0
47999 0
48000 2
48001 1
48002 2
48003 0
48004 0
48005 0
48006 2
48007 1
48008 1
48009 0
48010 0
48011 2
48012 0
48013 3
48014 1
48015 1
48016 1
48017 1
48018 0
48019 2
48020 2
48021 0
48022 2
48023 1
48024 1
48025 2
48026 0
48027 2
48028 3
48029 0
48030 2
48031 0
48032 0
48033 0
48034 3
48035 1
48036 2
48037 0
48038 0
48039 1
48040 0
48041 1
48042 2
48043 0
48044 1
48045 0
48046 2
48047 3
48048 1
48049 2
48050 1
48051 0
48052 0
48053 0
48054 3
48055 1
48056 2
48057 2
48058 3
48059 0
48060 2
48061 1
48062 3
48063 1
48064 0
48065 0
48066 2
48067 0
48068 2
48069 2
48070 1
48071 0
48072 2
48073 0
48074 3
48075 0
48076 2
48077 1
48078 0
48079 2
48080 2
48081 0
48082 1
48083 0
48084 0
48085 1
48086 1
48087 0
48088 0
48089 0
48090 1
48091 1
48092 2
48093 2
48094 2
48095 1
48096 1
48097 0
48098 2
48099 2
48100 1
48101 1
48102 2
48103 0
48104 1
48105 1
48106 0
48107 2
48108 0
48109 0
48110 0
48111 2
48112 1
48113 2
48114 0
48115 1
48116 1
48117 1
48118 0
48119 3
48120 2
48121 0
48122 2
48123 0
48124 0
48125 2
48126 0
48127 1
48128 2
48129 1
48130 2
48131 0
48132 2
48133 1
48134 1
48135 1
48136 0
48137 1
48138 0
48139 1
48140 2
48141 0
48142 2
48143 0
48144 1
48145 1
48146 2
48147 0
48148 2
48149 1
48150 2
48151 0
48152 0
48153 0
48154 2
48155 1
48156 1
48157 1
48158 1
48159 1
48160 1
48161 2
48162 1
48163 1
48164 1
48165 0
48166 0
48167 2
48168 0
48169 0
48170 0
48171 2
48172 1
48173 2
48174 1
48175 0
48176 0
48177 1
48178 1
48179 0
48180 1
48181 1
48182 0
48183 2
48184 1
48185 3
48186 1
48187 2
48188 1
48189 1
48190 0
48191 2
48192 0
48193 2
48194 0
48195 0
48196 3
48197 0
48198 1
48199 1
48200 2
48201 1
48202 3
48203 1
48204 1
48205 1
48206 2
48207 0
48208 0
48209 1
48210 1
48211 2
48212 2
48213 1
48214 1
48215 3
48216 1
48217 1
48218 2
48219 1
48220 2
48221 1
48222 0
48223 2
48224 0
48225 2
48226 0
48227 0
48228 0
48229 1
48230 1
48231 1
48232 3
48233 2
48234 0
48235 0
48236 3
48237 0
48238 0
48239 1
48240 2
48241 2
48242 0
48243 1
48244 0
48245 0
48246 2
48247 1
48248 0
48249 3
48250 3
48251 2
48252 1
48253 2
48254 1
48255 2
48256 0
48257 1
48258 1
48259 2
48260 0
48261 0
48262 1
48263 1
48264 0
48265 1
48266 2
48267 2
48268 1
48269 1
48270 2
48271 1
48272 1
48273 0
48274 0
48275 0
48276 2
48277 2
48278 0
48279 3
48280 0
48281 0
48282 1
48283 0
48284 0
48285 1
48286 2
48287 3
48288 0
48289 0
48290 0
48291 0
48292 0
48293 0
48294 0
48295 2
48296 0
48297 1
48298 1
48299 0
48300 0
48301 0
48302 3
48303 3
48304 2
48305 0
48306 0
48307 2
48308 1
48309 2
48310 3
48311 0
48312 0
48313 1
48314 0
48315 1
48316 2
48317 1
48318 0
48319 0
48320 0
48321 1
48322 2
48323 0
48324 1
48325 1
48326 1
48327 1
48328 3
48329 1
48330 0
48331 0
48332 1
48333 2
48334 1
48335 1
48336 2
48337 1
48338 0
48339 0
48340 1
48341 1
48342 0
48343 0
48344 2
48345 1
48346 2
48347 1
48348 0
48349 0
48350 1
48351 2
48352 0
48353 0
48354 0
48355 0
48356 1
48357 0
48358 0
48359 1
48360 1
48361 2
48362 1
48363 0
48364 0
48365 0
48366 1
48367 1
48368 2
48369 1
48370 1
48371 0
48372 0
48373 2
48374 1
48375 0
48376 3
48377 1
48378 0
48379 2
48380 2
48381 2
48382 0
48383 2
48384 2
48385 2
48386 0
48387 0
48388 2
48389 0
48390 0
48391 2
48392 1
48393 3
48394 0
48395 0
48396 1
48397 0
48398 0
48399 1
48400 1
48401 1
48402 1
48403 0
48404 1
48405 2
48406 0
48407 2
48408 0
48409 2
48410 0
48411 2
48412 0
48413 1
48414 0
48415 0
48416 2
48417 2
48418 0
48419 0
48420 0
48421 0
48422 1
48423 0
48424 3
48425 1
48426 0
48427 1
48428 2
48429 2
48430 0
48431 2
48432 0
48433 2
48434 2
48435 0
48436 3
48437 0
48438 1
48439 2
48440 2
48441 0
48442 1
48443 3
48444 2
48445 3
48446 1
48447 1
48448 1
48449 2
48450 2
48451 2
48452 1
48453 0
48454 0
48455 2
48456 1
48457 3
48458 0
48459 1
48460 3
48461 0
48462 0
48463 1
48464 1
48465 0
48466 0
48467 0
48468 2
48469 2
48470 0
48471 0
48472 1
48473 0
48474 2
48475 1
48476 3
48477 1
48478 0
48479 0
48480 0
48481 2
48482 2
48483 0
48484 1
48485 2
48486 1
48487 3
48488 1
48489 2
48490 0
48491 0
48492 2
48493 1
48494 1
48495 1
48496 1
48497 1
48498 2
48499 2
48500 2
48501 2
48502 0
48503 1
48504 0
48505 1
48506 1
48507 0
48508 0
48509 1
48510 1
48511 0
48512 1
48513 1
48514 0
48515 1
48516 1
48517 1
48518 0
48519 2
48520 3
48521 1
48522 0
48523 1
48524 2
48525 0
48526 2
48527 0
48528 0
48529 2
48530 2
48531 3
48532 1
48533 2
48534 0
48535 0
48536 3
48537 1
48538 1
48539 1
48540 2
48541 0
48542 0
48543 0
48544 1
48545 0
48546 1
48547 3
48548 2
48549 1
48550 0
48551 1
48552 3
48553 0
48554 1
48555 0
48556 0
48557 2
48558 2
48559 2
48560 1
48561 2
48562 2
48563 1
48564 1
48565 0
48566 3
48567 2
48568 2
48569 0
48570 1
48571 0
48572 0
48573 0
48574 2
48575 1
48576 1
48577 1
48578 1
48579 2
48580 0
48581 1
48582 0
48583 0
48584 2
48585 1
48586 1
48587 0
48588 1
48589 1
48590 2
48591 2
48592 2
48593 0
48594 1
48595 1
48596 0
48597 2
48598 1
48599 1
48600 1
48601 0
48602 2
48603 2
48604 2
48605 0
48606 2
48607 0
48608 2
48609 2
48610 1
48611 0
48612 0
48613 2
48614 2
48615 0
48616 1
48617 0
48618 1
48619 3
48620 0
48621 1
48622 3
48623 0
48624 3
48625 1
48626 1
48627 3
48628 1
48629 0
48630 1
48631 2
48632 0
48633 1
48634 1
48635 0
48636 1
48637 0
48638 1
48639 1
48640 1
48641 1
48642 0
48643 0
48644 0
48645 2
48646 1
48647 1
48648 1
48649 0
48650 1
48651 2
48652 0
48653 2
48654 1
48655 1
48656 1
48657 0
48658 1
48659 2
48660 2
48661 2
48662 1
48663 2
48664 2
48665 1
48666 0
48667 0
48668 0
48669 2
48670 0
48671 0
48672 0
48673 1
48674 0
48675 2
48676 0
48677 1
48678 2
48679 1
48680 0
48681 0
48682 0
48683 2
48684 0
48685 2
48686 0
48687 3
48688 1
48689 1
48690 1
48691 1
48692 2
48693 1
48694 0
48695 0
48696 2
48697 0
48698 3
48699 1
48700 2
48701 1
48702 1
48703 2
48704 2
48705 0
48706 2
48707 1
48708 0
48709 1
48710 0
48711 2
48712 0
48713 2
48714 0
48715 2
48716 1
48717 2
48718 2
48719 1
48720 3
48721 1
48722 1
48723 1
48724 0
48725 1
48726 2
48727 3
48728 2
48729 1
48730 1
48731 2
48732 1
48733 0
48734 0
48735 1
48736 1
48737 1
48738 1
48739 3
48740 0
48741 0
48742 1
48743 2
48744 1
48745 1
48746 2
48747 0
48748 1
48749 0
48750 1
48751 1
48752 2
48753 2
48754 2
48755 1
48756 0
48757 0
48758 0
48759 2
48760 2
48761 1
48762 0
48763 1
48764 2
48765 2
48766 2
48767 2
48768 0
48769 0
48770 0
48771 1
48772 0
48773 1
48774 3
48775 0
48776 0
48777 1
48778 2
48779 0
48780 1
48781 0
48782 2
48783 2
48784 2
48785 0
48786 3
48787 0
48788 0
48789 1
48790 1
48791 3
48792 0
48793 1
48794 0
48795 0
48796 0
48797 0
48798 0
48799 1
48800 2
48801 2
48802 0
48803 1
48804 1
48805 0
48806 0
48807 1
48808 0
48809 1
48810 2
48811 2
48812 0
48813 1
48814 1
48815 3
48816 0
48817 0
48818 2
48819 1
48820 0
48821 0
48822 0
48823 3
48824 0
48825 1
48826 1
48827 1
48828 1
48829 1
48830 1
48831 1
48832 3
48833 1
48834 2
48835 0
48836 0
48837 0
48838 1
48839 0
48840 1
48841 1
48842 1
48843 2
48844 1
48845 2
48846 0
48847 1
48848 1
48849 0
48850 0
48851 3
48852 1
48853 1
48854 2
48855 0
48856 2
48857 0
48858 2
48859 0
48860 2
48861 2
48862 0
48863 1
48864 1
48865 2
48866 1
48867 1
48868 1
48869 0
48870 2
48871 1
48872 2
48873 0
48874 1
48875 0
48876 1
48877 1
48878 1
48879 1
48880 1
48881 2
48882 2
48883 2
48884 1
48885 2
48886 2
48887 2
48888 2
48889 1
48890 0
48891 0
48892 0
48893 0
48894 0
48895 1
48896 1
48897 2
48898 2
48899 1
48900 0
48901 1
48902 0
48903 0
48904 2
48905 2
48906 1
48907 0
48908 3
48909 0
48910 2
48911 1
48912 1
48913 2
48914 0
48915 1
48916 0
48917 2
48918 0
48919 1
48920 2
48921 0
48922 0
48923 0
48924 2
48925 2
48926 2
48927 1
48928 2
48929 0
48930 1
48931 3
48932 1
48933 1
48934 0
48935 0
48936 1
48937 0
48938 1
48939 0
48940 0
48941 1
48942 1
48943 0
48944 0
48945 1
48946 1
48947 0
48948 0
48949 2
48950 2
48951 1
48952 2
48953 0
48954 0
48955 2
48956 0
48957 0
48958 0
48959 2
48960 1
48961 2
48962 0
48963 1
48964 2
48965 2
48966 2
48967 1
48968 1
48969 1
48970 2
48971 1
48972 0
48973 0
48974 0
48975 2
48976 1
48977 1
48978 0
48979 1
48980 2
48981 3
48982 0
48983 2
48984 1
48985 1
48986 2
48987 1
48988 3
48989 1
48990 0
48991 0
48992 0
48993 1
48994 0
48995 0
48996 2
48997 1
48998 2
48999 1
49000 0
49001 1
49002 1
49003 0
49004 0
49005 2
49006 0
49007 2
49008 0
49009 3
49010 2
49011 1
49012 1
49013 0
49014 2
49015 2
49016 2
49017 1
49018 2
49019 2
49020 2
49021 2
49022 0
49023 0
49024 0
49025 0
49026 1
49027 2
49028 0
49029 1
49030 0
49031 1
49032 2
49033 2
49034 2
49035 1
49036 1
49037 1
49038 2
49039 3
49040 1
49041 0
49042 1
49043 0
49044 1
49045 2
49046 2
49047 0
49048 1
49049 1
49050 1
49051 1
49052 2
49053 1
49054 2
49055 0
49056 2
49057 0
49058 1
49059 0
49060 1
49061 2
49062 1
49063 0
49064 2
49065 2
49066 0
49067 1
49068 0
49069 0
49070 2
49071 0
49072 1
49073 0
49074 0
49075 0
49076 1
49077 1
49078 0
49079 2
49080 0
49081 0
49082 1
49083 1
49084 1
49085 1
49086 1
49087 1
49088 2
49089 1
49090 0
49091 1
49092 1
49093 3
49094 3
49095 2
49096 0
49097 0
49098 0
49099 2
49100 2
49101 0
49102 0
49103 1
49104 2
49105 1
49106 0
49107 2
49108 2
49109 1
49110 0
49111 1
49112 2
49113 1
49114 0
49115 0
49116 2
49117 0
49118 3
49119 0
49120 0
49121 2
49122 1
49123 0
49124 2
49125 1
49126 0
49127 0
49128 2
49129 1
49130 0
49131 0
49132 2
49133 1
49134 3
49135 0
49136 2
49137 2
49138 0
49139 2
49140 0
49141 2
49142 0
49143 1
49144 1
49145 0
49146 2
49147 0
49148 1
49149 1
49150 1
49151 1
49152 1
49153 2
49154 0
49155 2
49156 0
49157 0
49158 0
49159 1
49160 2
49161 1
49162 1
49163 0
49164 1
49165 2
49166 1
49167 0
49168 1
49169 0
49170 0
49171 1
49172 0
49173 0
49174 1
49175 0
49176 2
49177 1
49178 0
49179 1
49180 2
49181 1
49182 1
49183 1
49184 1
49185 2
49186 1
49187 0
49188 0
49189 2
49190 1
49191 1
49192 1
49193 1
49194 0
49195 2
49196 2
49197 2
49198 1
49199 0
49200 1
49201 0
49202 0
49203 1
49204 1
49205 0
49206 2
49207 0
49208 1
49209 1
49210 1
49211 0
49212 1
49213 1
49214 2
49215 2
49216 1
49217 1
49218 1
49219 1
49220 1
49221 0
49222 2
49223 2
49224 1
49225 0
49226 2
49227 1
49228 1
49229 0
49230 1
49231 1
49232 2
49233 2
49234 1
49235 1
49236 2
49237 0
49238 1
49239 1
49240 1
49241 1
49242 1
49243 1
49244 1
49245 3
49246 0
49247 1
49248 1
49249 0
49250 2
49251 0
49252 1
49253 1
49254 1
49255 0
49256 2
49257 2
49258 0
49259 0
49260 0
49261 2
49262 2
49263 0
49264 2
49265 1
49266 1
49267 3
49268 0
49269 1
49270 2
49271 1
49272 0
49273 1
49274 2
49275 1
49276 0
49277 2
49278 2
49279 1
49280 0
49281 0
49282 1
49283 0
49284 2
49285 2
49286 0
49287 1
49288 0
49289 1
49290 1
49291 3
49292 1
49293 2
49294 1
49295 2
49296 0
49297 1
49298 1
49299 1
49300 1
49301 2
49302 0
49303 0
49304 0
49305 1
49306 0
49307 1
49308 0
49309 0
49310 1
49311 2
49312 0
49313 2
49314 0
49315 1
49316 1
49317 1
49318 2
49319 1
49320 1
49321 0
49322 0
49323 1
49324 0
49325 1
49326 2
49327 0
49328 0
49329 2
49330 1
49331 3
49332 0
49333 1
49334 2
49335 1
49336 1
49337 0
49338 1
49339 2
49340 1
49341 2
49342 1
49343 0
49344 2
49345 0
49346 1
49347 2
49348 1
49349 3
49350 1
49351 1
49352 2
49353 2
49354 2
49355 1
49356 2
49357 1
49358 0
49359 0
49360 1
49361 2
49362 3
49363 1
49364 2
49365 1
49366 1
49367 2
49368 0
49369 0
49370 2
49371 0
49372 0
49373 1
49374 2
49375 0
49376 0
49377 2
49378 1
49379 2
49380 2
49381 1
49382 0
49383 3
49384 1
49385 0
49386 0
49387 0
49388 1
49389 0
49390 1
49391 1
49392 2
49393 2
49394 1
49395 2
49396 1
49397 0
49398 2
49399 0
49400 0
49401 2
49402 1
49403 0
49404 2
49405 2
49406 0
49407 1
49408 2
49409 1
49410 0
49411 0
49412 2
49413 1
49414 2
49415 1
49416 1
49417 2
49418 0
49419 2
49420 0
49421 3
49422 1
49423 0
49424 0
49425 1
49426 2
49427 2
49428 1
49429 1
49430 1
49431 0
49432 0
49433 2
49434 0
49435 2
49436 2
49437 0
49438 1
49439 2
49440 1
49441 1
49442 0
49443 0
49444 1
49445 0
49446 1
49447 1
49448 0
49449 1
49450 1
49451 2
49452 2
49453 0
49454 0
49455 1
49456 1
49457 0
49458 2
49459 0
49460 0
49461 2
49462 0
49463 2
49464 2
49465 3
49466 0
49467 2
49468 1
49469 1
49470 2
49471 2
49472 2
49473 2
49474 2
49475 1
49476 0
49477 3
49478 1
49479 0
49480 0
49481 0
49482 0
49483 2
49484 2
49485 0
49486 0
49487 0
49488 2
49489 0
49490 2
49491 1
49492 0
49493 0
49494 2
49495 2
49496 1
49497 3
49498 3
49499 1
49500 2
49501 2
49502 0
49503 0
49504 0
49505 0
49506 1
49507 1
49508 2
49509 1
49510 0
49511 1
49512 0
49513 1
49514 1
49515 1
49516 1
49517 0
49518 2
49519 2
49520 1
49521 2
49522 1
49523 2
49524 2
49525 1
49526 1
49527 2
49528 1
49529 2
49530 2
49531 0
49532 3
49533 0
49534 2
49535 2
49536 1
49537 2
49538 1
49539 2
49540 2
49541 0
49542 0
49543 2
49544 3
49545 2
49546 0
49547 2
49548 2
49549 0
49550 1
49551 2
49552 0
49553 0
49554 0
49555 2
49556 1
49557 1
49558 1
49559 1
49560 2
49561 2
49562 1
49563 1
49564 3
49565 0
49566 1
49567 2
49568 2
49569 0
49570 1
49571 1
49572 2
49573 0
49574 1
49575 1
49576 2
49577 2
49578 1
49579 0
49580 1
49581 3
49582 1
49583 1
49584 1
49585 0
49586 1
49587 2
49588 0
49589 0
49590 2
49591 0
49592 1
49593 2
49594 0
49595 1
49596 1
49597 2
49598 0
49599 0
49600 2
49601 1
49602 1
49603 3
49604 1
49605 2
49606 1
49607 0
49608 0
49609 1
49610 2
49611 0
49612 1
49613 2
49614 3
49615 0
49616 1
49617 1
49618 2
49619 2
49620 0
49621 1
49622 0
49623 1
49624 0
49625 1
49626 1
49627 1
49628 1
49629 0
49630 1
49631 1
49632 1
49633 1
49634 2
49635 0
49636 0
49637 2
49638 2
49639 1
49640 1
49641 0
49642 2
49643 0
49644 2
49645 1
49646 0
49647 2
49648 1
49649 2
49650 0
49651 1
49652 0
49653 2
49654 1
49655 0
49656 2
49657 1
49658 3
49659 1
49660 1
49661 2
49662 2
49663 0
49664 0
49665 1
49666 1
49667 2
49668 0
49669 1
49670 2
49671 2
49672 0
49673 1
49674 0
49675 3
49676 0
49677 0
49678 1
49679 1
49680 2
49681 0
49682 1
49683 1
49684 2
49685 1
49686 0
49687 1
49688 0
49689 0
49690 0
49691 1
49692 1
49693 0
49694 0
49695 0
49696 1
49697 1
49698 2
49699 1
49700 2
49701 2
49702 0
49703 0
49704 2
49705 1
49706 1
49707 0
49708 1
49709 1
49710 0
49711 1
49712 1
49713 2
49714 2
49715 2
49716 0
49717 2
49718 1
49719 3
49720 1
49721 2
49722 0
49723 1
49724 1
49725 2
49726 0
49727 0
49728 2
49729 1
49730 1
49731 0
49732 0
49733 1
49734 2
49735 1
49736 0
49737 0
49738 1
49739 3
49740 1
49741 0
49742 2
49743 0
49744 0
49745 0
49746 1
49747 0
49748 1
49749 2
49750 2
49751 1
49752 1
49753 0
49754 1
49755 1
49756 0
49757 1
49758 0
49759 2
49760 1
49761 1
49762 0
49763 1
49764 1
49765 2
49766 1
49767 2
49768 1
49769 1
49770 0
49771 1
49772 1
49773 2
49774 2
49775 2
49776 0
49777 0
49778 3
49779 3
49780 0
49781 0
49782 1
49783 0
49784 1
49785 0
49786 1
49787 2
49788 1
49789 0
49790 1
49791 1
49792 0
49793 2
49794 1
49795 0
49796 2
49797 2
49798 0
49799 2
49800 0
49801 2
49802 0
49803 2
49804 2
49805 1
49806 2
49807 1
49808 3
49809 0
49810 0
49811 1
49812 2
49813 1
49814 1
49815 1
49816 0
49817 1
49818 0
49819 0
49820 0
49821 2
49822 2
49823 2
49824 1
49825 0
49826 1
49827 1
49828 0
49829 2
49830 1
49831 2
49832 1
49833 0
49834 2
49835 2
49836 2
49837 3
49838 2
49839 2
49840 0
49841 2
49842 0
49843 0
49844 1
49845 2
49846 2
49847 2
49848 0
49849 2
49850 0
49851 2
49852 0
49853 2
49854 1
49855 1
49856 0
49857 0
49858 0
49859 2
49860 1
49861 1
49862 0
49863 1
49864 0
49865 2
49866 0
49867 2
49868 1
49869 2
49870 0
49871 2
49872 2
49873 0
49874 1
49875 1
49876 1
49877 0
49878 1
49879 1
49880 0
49881 2
49882 1
49883 0
49884 2
49885 2
49886 2
49887 1
49888 2
49889 1
49890 2
49891 0
49892 0
49893 0
49894 2
49895 0
49896 2
49897 2
49898 1
49899 1
49900 2
49901 0
49902 0
49903 2
49904 0
49905 0
49906 0
49907 1
49908 2
49909 2
49910 1
49911 0
49912 1
49913 1
49914 0
49915 2
49916 0
49917 1
49918 0
49919 2
49920 0
49921 1
49922 1
49923 0
49924 2
49925 1
49926 0
49927 1
49928 0
49929 0
49930 0
49931 0
49932 0
49933 1
49934 1
49935 1
49936 1
49937 2
49938 1
49939 0
49940 2
49941 2
49942 2
49943 1
49944 0
49945 1
49946 1
49947 0
49948 0
49949 2
49950 3
49951 0
49952 1
49953 0
49954 2
49955 2
49956 1
49957 2
49958 0
49959 0
49960 2
49961 0
49962 0
49963 0
49964 2
49965 2
49966 0
49967 1
49968 0
49969 2
49970 0
49971 1
49972 0
49973 0
49974 0
49975 2
49976 1
49977 0
49978 2
49979 2
49980 1
49981 2
49982 0
49983 1
49984 2
49985 1
49986 2
49987 2
49988 0
49989 0
49990 0
49991 1
49992 0
49993 3
49994 2
49995 0
49996 0
49997 0
49998 0
49999 0
50000 2
50001 0
50002 0
50003 0
50004 0
50005 1
50006 2
50007 1
50008 2
50009 1
50010 1
50011 1
50012 2
50013 2
50014 1
50015 1
50016 1
50017 3
50018 2
50019 2
50020 0
50021 1
50022 0
50023 1
50024 1
50025 0
50026 0
50027 0
50028 1
50029 0
50030 0
50031 1
50032 1
50033 2
50034 2
50035 0
50036 2
50037 0
50038 2
50039 2
50040 1
50041 0
50042 2
50043 0
50044 0
50045 0
50046 0
50047 2
50048 1
50049 1
50050 1
50051 1
50052 1
50053 1
50054 1
50055 1
50056 0
50057 0
50058 1
50059 3
50060 0
50061 0
50062 1
50063 1
50064 2
50065 1
50066 2
50067 1
50068 2
50069 0
50070 1
50071 0
50072 3
50073 1
50074 0
50075 3
50076 0
50077 2
50078 2
50079 1
50080 0
50081 2
50082 1
50083 0
50084 2
50085 2
50086 2
50087 1
50088 2
50089 1
50090 0
50091 0
50092 0
50093 1
50094 1
50095 3
50096 2
50097 2
50098 1
50099 2
50100 1
50101 2
50102 0
50103 0
50104 2
50105 1
50106 2
50107 2
50108 0
50109 0
50110 0
50111 0
50112 2
50113 0
50114 1
50115 0
50116 2
50117 2
50118 1
50119 1
50120 0
50121 2
50122 0
50123 2
50124 1
50125 2
50126 2
50127 1
50128 0
50129 0
50130 1
50131 0
50132 1
50133 1
50134 0
50135 0
50136 0
50137 2
50138 1
50139 1
50140 2
50141 0
50142 1
50143 1
50144 1
50145 0
50146 1
50147 1
50148 0
50149 0
50150 1
50151 0
50152 0
50153 0
50154 1
50155 2
50156 2
50157 1
50158 0
50159 1
50160 0
50161 1
50162 0
50163 0
50164 2
50165 1
50166 2
50167 0
50168 2
50169 1
50170 1
50171 0
50172 1
50173 1
50174 0
50175 2
50176 0
50177 0
50178 1
50179 1
50180 1
50181 0
50182 2
50183 2
50184 2
50185 0
50186 1
50187 1
50188 0
50189 2
50190 3
50191 1
50192 0
50193 2
50194 2
50195 0
50196 0
50197 0
50198 1
50199 1
50200 2
50201 1
50202 2
50203 0
50204 1
50205 0
50206 1
50207 0
50208 2
50209 0
50210 1
50211 1
50212 0
50213 0
50214 2
50215 1
50216 2
50217 0
50218 2
50219 2
50220 0
50221 0
50222 2
50223 2
50224 0
50225 0
50226 0
50227 1
50228 1
50229 1
50230 2
50231 2
50232 1
50233 1
50234 2
50235 1
50236 0
50237 0
50238 2
50239 3
50240 1
50241 1
50242 1
50243 2
50244 0
50245 0
50246 2
50247 2
50248 1
50249 1
50250 0
50251 1
50252 0
50253 1
50254 1
50255 2
50256 1
50257 1
50258 0
50259 2
50260 2
50261 0
50262 2
50263 1
50264 1
50265 1
50266 1
50267 0
50268 0
50269 2
50270 1
50271 0
50272 1
50273 0
50274 2
50275 0
50276 0
50277 3
50278 1
50279 1
50280 2
50281 0
50282 0
50283 0
50284 2
50285 0
50286 1
50287 2
50288 0
50289 2
50290 2
50291 1
50292 0
50293 0
50294 2
50295 0
50296 0
50297 0
50298 3
50299 0
50300 0
50301 3
50302 1
50303 0
50304 0
50305 2
50306 0
50307 2
50308 1
50309 2
50310 0
50311 0
50312 2
50313 0
50314 0
50315 2
50316 1
50317 2
50318 1
50319 2
50320 1
50321 1
50322 1
50323 0
50324 0
50325 0
50326 1
50327 1
50328 0
50329 0
50330 1
50331 0
50332 0
50333 1
50334 0
50335 1
50336 0
50337 1
50338 2
50339 1
50340 0
50341 2
50342 2
50343 2
50344 0
50345 2
50346 1
50347 0
50348 1
50349 2
50350 2
50351 1
50352 3
50353 2
50354 3
50355 2
50356 2
50357 1
50358 1
50359 1
50360 1
50361 0
50362 0
50363 0
50364 2
50365 1
50366 0
50367 0
50368 1
50369 2
50370 1
50371 1
50372 0
50373 1
50374 1
50375 2
50376 2
50377 0
50378 0
50379 0
50380 2
50381 2
50382 1
50383 0
50384 0
50385 1
50386 0
50387 1
50388 1
50389 2
50390 2
50391 2
50392 1
50393 2
50394 1
50395 1
50396 0
50397 2
50398 0
50399 0
50400 0
50401 0
50402 2
50403 2
50404 0
50405 0
50406 2
50407 0
50408 1
50409 1
50410 0
50411 0
50412 0
50413 2
50414 0
50415 1
50416 1
50417 0
50418 2
50419 0
50420 1
50421 1
50422 2
50423 2
50424 2
50425 1
50426 1
50427 1
50428 3
50429 0
50430 2
50431 1
50432 2
50433 1
50434 0
50435 2
50436 1
50437 1
50438 3
50439 1
50440 1
50441 0
50442 0
50443 0
50444 0
50445 2
50446 2
50447 1
50448 0
50449 0
50450 3
50451 0
50452 1
50453 0
50454 1
50455 1
50456 0
50457 0
50458 0
50459 2
50460 0
50461 1
50462 1
50463 1
50464 1
50465 3
50466 2
50467 2
50468 0
50469 2
50470 3
50471 1
50472 1
50473 1
50474 3
50475 3
50476 1
50477 2
50478 2
50479 1
50480 1
50481 2
50482 3
50483 1
50484 1
50485 2
50486 0
50487 1
50488 3
50489 1
50490 1
50491 0
50492 1
50493 1
50494 0
50495 1
50496 2
50497 0
50498 1
50499 1
50500 0
50501 1
50502 1
50503 1
50504 0
50505 0
50506 1
50507 0
50508 1
50509 2
50510 0
50511 1
50512 2
50513 0
50514 1
50515 1
50516 0
50517 2
50518 0
50519 0
50520 2
50521 1
50522 2
50523 2
50524 1
50525 2
50526 0
50527 2
50528 2
50529 0
50530 2
50531 1
50532 3
50533 0
50534 2
50535 0
50536 2
50537 0
50538 3
50539 0
50540 0
50541 0
50542 2
50543 2
50544 1
50545 0
50546 2
50547 3
50548 0
50549 0
50550 0
50551 1
50552 1
50553 0
50554 2
50555 2
50556 0
50557 0
50558 1
50559 2
50560 2
50561 0
50562 0
50563 0
50564 0
50565 2
50566 0
50567 2
50568 3
50569 1
50570 3
50571 0
50572 2
50573 1
50574 3
50575 2
50576 2
50577 1
50578 1
50579 3
50580 0
50581 2
50582 1
50583 0
50584 1
50585 0
50586 0
50587 1
50588 1
50589 2
50590 2
50591 0
50592 0
50593 1
50594 0
50595 0
50596 0
50597 2
50598 2
50599 0
50600 3
50601 2
50602 0
50603 0
50604 0
50605 3
50606 0
50607 1
50608 0
50609 2
50610 1
50611 2
50612 2
50613 2
50614 0
50615 0
50616 0
50617 2
50618 2
50619 3
50620 0
50621 1
50622 0
50623 2
50624 0
50625 1
50626 0
50627 1
50628 1
50629 1
50630 1
50631 0
50632 0
50633 3
50634 0
50635 1
50636 2
50637 1
50638 0
50639 2
50640 2
50641 1
50642 2
50643 0
50644 1
50645 2
50646 2
50647 1
50648 1
50649 2
50650 1
50651 2
50652 1
50653 3
50654 1
50655 0
50656 1
50657 3
50658 0
50659 2
50660 0
50661 1
50662 0
50663 1
50664 0
50665 0
50666 0
50667 2
50668 2
50669 1
50670 1
50671 0
50672 0
50673 0
50674 1
50675 3
50676 3
50677 1
50678 0
50679 0
50680 1
50681 2
50682 1
50683 0
50684 1
50685 1
50686 2
50687 0
50688 0
50689 3
50690 1
50691 0
50692 0
50693 0
50694 1
50695 0
50696 2
50697 1
50698 1
50699 0
50700 1
50701 1
50702 2
50703 1
50704 0
50705 0
50706 1
50707 1
50708 0
50709 2
50710 2
50711 2
50712 2
50713 0
50714 1
50715 0
50716 1
50717 0
50718 1
50719 2
50720 0
50721 1
50722 2
50723 1
50724 3
50725 1
50726 3
50727 1
50728 2
50729 2
50730 1
50731 0
50732 0
50733 0
50734 1
50735 2
50736 1
50737 1
50738 3
50739 1
50740 2
50741 2
50742 1
50743 0
50744 1
50745 3
50746 1
50747 1
50748 0
50749 0
50750 2
50751 0
50752 1
50753 0
50754 2
50755 3
50756 2
50757 2
50758 2
50759 2
50760 1
50761 2
50762 1
50763 1
50764 1
50765 0
50766 0
50767 0
50768 1
50769 1
50770 0
50771 1
50772 1
50773 2
50774 2
50775 0
50776 0
50777 3
50778 3
50779 1
50780 1
50781 3
50782 0
50783 1
50784 0
50785 0
50786 1
50787 2
50788 2
50789 1
50790 1
50791 2
50792 2
50793 1
50794 1
50795 1
50796 0
50797 2
50798 1
50799 2
50800 0
50801 0
50802 2
50803 0
50804 1
50805 1
50806 1
50807 0
50808 0
50809 0
50810 0
50811 0
50812 2
50813 0
50814 1
50815 0
50816 1
50817 2
50818 0
50819 2
50820 1
50821 0
50822 1
50823 1
50824 0
50825 1
50826 1
50827 1
50828 2
50829 1
50830 0
50831 1
50832 2
50833 2
50834 2
50835 0
50836 2
50837 1
50838 1
50839 0
50840 2
50841 1
50842 0
50843 0
50844 0
50845 0
50846 2
50847 3
50848 1
50849 0
50850 1
50851 1
50852 0
50853 2
50854 1
50855 1
50856 0
50857 1
50858 1
50859 2
50860 2
50861 0
50862 2
50863 1
50864 0
50865 1
50866 1
50867 1
50868 1
50869 0
50870 2
50871 2
50872 0
50873 0
50874 0
50875 1
50876 3
50877 2
50878 0
50879 1
50880 1
50881 0
50882 0
50883 1
50884 1
50885 0
50886 0
50887 0
50888 1
50889 2
50890 3
50891 0
50892 0
50893 2
50894 2
50895 2
50896 1
50897 1
50898 0
50899 1
50900 3
50901 1
50902 0
50903 1
50904 1
50905 1
50906 1
50907 2
50908 1
50909 2
50910 2
50911 1
50912 0
50913 1
50914 2
50915 0
50916 1
50917 2
50918 2
50919 1
50920 0
50921 2
50922 2
50923 2
50924 0
50925 2
50926 1
50927 2
50928 1
50929 2
50930 2
50931 0
50932 1
50933 1
50934 2
50935 0
50936 0
50937 0
50938 0
50939 1
50940 1
50941 2
50942 0
50943 2
50944 1
50945 1
50946 0
50947 1
50948 0
50949 0
50950 0
50951 1
50952 0
50953 1
50954 0
50955 1
50956 3
50957 2
50958 2
50959 0
50960 1
50961 1
50962 1
50963 0
50964 2
50965 1
50966 1
50967 1
50968 0
50969 1
50970 1
50971 2
50972 0
50973 0
50974 2
50975 3
50976 1
50977 2
50978 1
50979 2
50980 1
50981 0
50982 1
50983 2
50984 1
50985 1
50986 2
50987 1
50988 0
50989 0
50990 1
50991 0
50992 1
50993 2
50994 0
50995 2
50996 3
50997 2
50998 0
50999 2
51000 0
51001 1
51002 2
51003 2
51004 0
51005 3
51006 2
51007 1
51008 2
51009 2
51010 0
51011 1
51012 1
51013 2
51014 1
51015 1
51016 2
51017 1
51018 1
51019 1
51020 0
51021 1
51022 0
51023 0
51024 0
51025 3
51026 0
51027 2
51028 0
51029 1
51030 1
51031 0
51032 0
51033 1
51034 2
51035 0
51036 2
51037 0
51038 3
51039 0
51040 1
51041 2
51042 0
51043 2
51044 1
51045 3
51046 0
51047 0
51048 2
51049 2
51050 0
51051 1
51052 0
51053 2
51054 2
51055 2
51056 2
51057 1
51058 1
51059 1
51060 2
51061 1
51062 0
51063 3
51064 2
51065 2
51066 0
51067 0
51068 1
51069 1
51070 2
51071 2
51072 1
51073 3
51074 1
51075 0
51076 0
51077 1
51078 0
51079 0
51080 0
51081 1
51082 2
51083 2
51084 1
51085 0
51086 0
51087 2
51088 2
51089 2
51090 0
51091 0
51092 1
51093 1
51094 2
51095 1
51096 0
51097 0
51098 0
51099 1
51100 2
51101 0
51102 1
51103 0
51104 0
51105 1
51106 1
51107 0
51108 2
51109 1
51110 1
51111 1
51112 2
51113 1
51114 2
51115 3
51116 1
51117 0
51118 1
51119 1
51120 0
51121 1
51122 0
51123 3
51124 0
51125 0
51126 0
51127 1
51128 1
51129 1
51130 1
51131 1
51132 3
51133 0
51134 1
51135 1
51136 1
51137 1
51138 2
51139 0
51140 1
51141 2
51142 1
51143 1
51144 2
51145 2
51146 1
51147 0
51148 1
51149 2
51150 3
51151 2
51152 1
51153 0
51154 0
51155 2
51156 1
51157 0
51158 0
51159 2
51160 0
51161 1
51162 1
51163 2
51164 1
51165 1
51166 0
51167 1
51168 2
51169 1
51170 2
51171 1
51172 1
51173 1
51174 2
51175 2
51176 0
51177 1
51178 2
51179 0
51180 0
51181 2
51182 2
51183 0
51184 1
51185 1
51186 0
51187 0
51188 0
51189 1
51190 0
51191 2
51192 0
51193 1
51194 1
51195 0
51196 2
51197 1
51198 0
51199 2
51200 2
51201 0
51202 0
51203 0
51204 1
51205 0
51206 1
51207 1
51208 1
51209 0
51210 0
51211 2
51212 2
51213 0
51214 3
51215 1
51216 1
51217 0
51218 1
51219 2
51220 0
51221 1
51222 1
51223 0
51224 0
51225 0
51226 0
51227 2
51228 3
51229 1
51230 2
51231 0
51232 2
51233 2
51234 2
51235 1
51236 1
51237 2
51238 3
51239 2
51240 0
51241 2
51242 0
51243 0
51244 0
51245 2
51246 0
51247 0
51248 2
51249 2
51250 2
51251 0
51252 2
51253 1
51254 1
51255 2
51256 0
51257 0
51258 1
51259 0
51260 0
51261 2
51262 2
51263 1
51264 0
51265 1
51266 0
51267 1
51268 0
51269 1
51270 3
51271 2
51272 1
51273 1
51274 2
51275 1
51276 1
51277 1
51278 2
51279 0
51280 0
51281 2
51282 2
51283 1
51284 2
51285 1
51286 1
51287 2
51288 2
51289 1
51290 0
51291 2
51292 1
51293 2
51294 0
51295 2
51296 2
51297 2
51298 1
51299 1
51300 1
51301 2
51302 1
51303 0
51304 2
51305 2
51306 2
51307 2
51308 0
51309 0
51310 0
51311 1
51312 1
51313 0
51314 1
51315 1
51316 1
51317 0
51318 1
51319 2
51320 2
51321 1
51322 0
51323 1
51324 2
51325 0
51326 2
51327 1
51328 0
51329 2
51330 1
51331 1
51332 0
51333 0
51334 2
51335 1
51336 2
51337 2
51338 0
51339 2
51340 0
51341 1
51342 1
51343 1
51344 0
51345 1
51346 0
51347 2
51348 2
51349 1
51350 2
51351 2
51352 0
51353 1
51354 1
51355 0
51356 0
51357 2
51358 0
51359 2
51360 0
51361 2
51362 2
51363 3
51364 2
51365 1
51366 1
51367 0
51368 2
51369 0
51370 1
51371 2
51372 2
51373 1
51374 3
51375 2
51376 1
51377 2
51378 1
51379 1
51380 0
51381 2
51382 2
51383 1
51384 2
51385 1
51386 1
51387 0
51388 0
51389 3
51390 0
51391 3
51392 1
51393 1
51394 2
51395 0
51396 2
51397 0
51398 0
51399 1
51400 1
51401 1
51402 0
51403 1
51404 2
51405 0
51406 1
51407 0
51408 0
51409 0
51410 1
51411 1
51412 0
51413 1
51414 0
51415 1
51416 1
51417 1
51418 1
51419 0
51420 0
51421 0
51422 0
51423 1
51424 1
51425 2
51426 0
51427 2
51428 1
51429 1
51430 1
51431 1
51432 2
51433 0
51434 2
51435 1
51436 2
51437 0
51438 0
51439 0
51440 0
51441 1
51442 2
51443 0
51444 0
51445 0
51446 0
51447 3
51448 1
51449 2
51450 1
51451 2
51452 2
51453 1
51454 0
51455 0
51456 0
51457 1
51458 0
51459 0
51460 0
51461 0
51462 0
51463 0
51464 2
51465 1
51466 1
51467 2
51468 0
51469 0
51470 1
51471 1
51472 1
51473 2
51474 2
51475 2
51476 0
51477 0
51478 2
51479 3
51480 2
51481 1
51482 3
51483 0
51484 1
51485 0
51486 0
51487 0
51488 1
51489 1
51490 1
51491 0
51492 0
51493 0
51494 1
51495 1
51496 0
51497 0
51498 2
51499 1
51500 2
51501 1
51502 1
51503 2
51504 0
51505 0
51506 0
51507 3
51508 1
51509 2
51510 0
51511 2
51512 0
51513 0
51514 1
51515 2
51516 1
51517 0
51518 1
51519 1
51520 2
51521 0
51522 1
51523 0
51524 1
51525 2
51526 2
51527 1
51528 2
51529 0
51530 1
51531 0
51532 2
51533 3
51534 2
51535 0
51536 2
51537 0
51538 0
51539 1
51540 1
51541 2
51542 3
51543 0
51544 2
51545 2
51546 2
51547 2
51548 2
51549 1
51550 0
51551 0
51552 1
51553 0
51554 1
51555 3
51556 1
51557 2
51558 1
51559 2
51560 1
51561 0
51562 2
51563 1
51564 1
51565 1
51566 0
51567 1
51568 0
51569 0
51570 0
51571 3
51572 0
51573 2
51574 1
51575 0
51576 1
51577 0
51578 2
51579 0
51580 2
51581 0
51582 1
51583 1
51584 1
51585 0
51586 0
51587 0
51588 2
51589 1
51590 0
51591 2
51592 1
51593 3
51594 1
51595 0
51596 0
51597 1
51598 0
51599 1
51600 0
51601 3
51602 1
51603 0
51604 0
51605 2
51606 3
51607 2
51608 2
51609 0
51610 2
51611 2
51612 0
51613 1
51614 0
51615 0
51616 0
51617 1
51618 2
51619 2
51620 0
51621 0
51622 0
51623 0
51624 0
51625 3
51626 1
51627 2
51628 3
51629 0
51630 0
51631 1
51632 1
51633 2
51634 1
51635 1
51636 0
51637 1
51638 1
51639 1
51640 0
51641 2
51642 0
51643 0
51644 0
51645 1
51646 1
51647 2
51648 0
51649 0
51650 2
51651 3
51652 1
51653 0
51654 2
51655 0
51656 0
51657 1
51658 2
51659 0
51660 1
51661 1
51662 3
51663 1
51664 1
51665 2
51666 2
51667 1
51668 0
51669 1
51670 0
51671 1
51672 2
51673 0
51674 0
51675 0
51676 0
51677 0
51678 0
51679 0
51680 0
51681 1
51682 1
51683 2
51684 2
51685 1
51686 0
51687 1
51688 2
51689 2
51690 0
51691 1
51692 1
51693 2
51694 2
51695 2
51696 1
51697 0
51698 1
51699 1
51700 0
51701 1
51702 0
51703 2
51704 0
51705 0
51706 2
51707 0
51708 0
51709 0
51710 1
51711 2
51712 1
51713 0
51714 1
51715 0
51716 1
51717 0
51718 0
51719 0
51720 0
51721 1
51722 0
51723 1
51724 1
51725 0
51726 1
51727 1
51728 2
51729 1
51730 1
51731 0
51732 0
51733 1
51734 0
51735 1
51736 1
51737 1
51738 0
51739 1
51740 0
51741 2
51742 1
51743 2
51744 1
51745 1
51746 2
51747 1
51748 0
51749 0
51750 1
51751 2
51752 3
51753 1
51754 0
51755 2
51756 0
51757 2
51758 1
51759 0
51760 2
51761 1
51762 2
51763 0
51764 0
51765 0
51766 0
51767 2
51768 0
51769 0
51770 2
51771 1
51772 0
51773 1
51774 2
51775 3
51776 1
51777 0
51778 2
51779 1
51780 0
51781 0
51782 2
51783 3
51784 2
51785 2
51786 2
51787 1
51788 2
51789 2
51790 0
51791 1
51792 2
51793 2
51794 0
51795 0
51796 1
51797 2
51798 1
51799 1
51800 2
51801 2
51802 2
51803 1
51804 2
51805 0
51806 1
51807 1
51808 0
51809 0
51810 3
51811 2
51812 1
51813 0
51814 1
51815 2
51816 0
51817 0
51818 2
51819 2
51820 1
51821 2
51822 2
51823 2
51824 2
51825 0
51826 2
51827 2
51828 2
51829 0
51830 0
51831 1
51832 0
51833 0
51834 1
51835 1
51836 0
51837 0
51838 2
51839 0
51840 2
51841 0
51842 1
51843 1
51844 2
51845 0
51846 1
51847 1
51848 0
51849 2
51850 1
51851 0
51852 1
51853 3
51854 0
51855 0
51856 0
51857 0
51858 0
51859 1
51860 1
51861 1
51862 2
51863 2
51864 2
51865 1
51866 2
51867 0
51868 2
51869 1
51870 0
51871 0
51872 3
51873 1
51874 0
51875 0
51876 1
51877 2
51878 2
51879 1
51880 2
51881 0
51882 1
51883 2
51884 0
51885 1
51886 0
51887 2
51888 2
51889 2
51890 0
51891 1
51892 2
51893 0
51894 0
51895 1
51896 0
51897 1
51898 3
51899 0
51900 0
51901 1
51902 1
51903 1
51904 2
51905 1
51906 1
51907 0
51908 2
51909 0
51910 0
51911 2
51912 1
51913 0
51914 0
51915 0
51916 1
51917 3
51918 2
51919 2
51920 0
51921 0
51922 2
51923 2
51924 1
51925 1
51926 2
51927 2
51928 0
51929 1
51930 1
51931 0
51932 2
51933 0
51934 1
51935 1
51936 2
51937 0
51938 2
51939 3
51940 0
51941 0
51942 0
51943 1
51944 2
51945 1
51946 1
51947 2
51948 1
51949 1
51950 1
51951 0
51952 2
51953 0
51954 0
51955 2
51956 2
51957 0
51958 0
51959 1
51960 0
51961 0
51962 0
51963 3
51964 0
51965 1
51966 0
51967 2
51968 1
51969 1
51970 2
51971 0
51972 2
51973 1
51974 2
51975 0
51976 1
51977 1
51978 0
51979 0
51980 2
51981 0
51982 1
51983 0
51984 2
51985 3
51986 2
51987 0
51988 1
51989 2
51990 1
51991 0
51992 0
51993 1
51994 0
51995 0
51996 0
51997 0
51998 1
51999 1
52000 0
52001 2
52002 2
52003 0
52004 1
52005 0
52006 2
52007 0
52008 2
52009 1
52010 0
52011 3
52012 1
52013 0
52014 1
52015 2
52016 1
52017 1
52018 2
52019 1
52020 1
52021 1
52022 0
52023 1
52024 0
52025 0
52026 2
52027 0
52028 2
52029 0
52030 2
52031 0
52032 0
52033 0
52034 0
52035 2
52036 1
52037 1
52038 0
52039 0
52040 0
52041 1
52042 0
52043 2
52044 2
52045 1
52046 2
52047 0
52048 0
52049 2
52050 0
52051 2
52052 0
52053 0
52054 0
52055 1
52056 2
52057 1
52058 3
52059 1
52060 0
52061 0
52062 1
52063 1
52064 0
52065 2
52066 2
52067 1
52068 2
52069 1
52070 0
52071 0
52072 1
52073 1
52074 1
52075 0
52076 1
52077 0
52078 1
52079 0
52080 1
52081 1
52082 2
52083 1
52084 2
52085 1
52086 0
52087 0
52088 1
52089 1
52090 0
52091 1
52092 0
52093 2
52094 2
52095 1
52096 0
52097 2
52098 0
52099 1
52100 1
52101 2
52102 1
52103 3
52104 3
52105 1
52106 0
52107 2
52108 2
52109 2
52110 0
52111 1
52112 0
52113 0
52114 0
52115 2
52116 1
52117 2
52118 3
52119 1
52120 3
52121 0
52122 0
52123 2
52124 0
52125 1
52126 2
52127 2
52128 1
52129 0
52130 2
52131 1
52132 3
52133 1
52134 1
52135 1
52136 0
52137 2
52138 2
52139 1
52140 0
52141 0
52142 3
52143 3
52144 3
52145 1
52146 2
52147 0
52148 0
52149 1
52150 1
52151 1
52152 1
52153 2
52154 2
52155 0
52156 2
52157 2
52158 2
52159 0
52160 0
52161 0
52162 2
52163 1
52164 0
52165 1
52166 2
52167 2
52168 0
52169 0
52170 2
52171 1
52172 0
52173 1
52174 0
52175 2
52176 0
52177 0
52178 1
52179 1
52180 1
52181 1
52182 0
52183 2
52184 0
52185 0
52186 2
52187 2
52188 0
52189 1
52190 1
52191 0
52192 1
52193 1
52194 2
52195 0
52196 1
52197 3
52198 0
52199 1
52200 0
52201 0
52202 1
52203 1
52204 2
52205 2
52206 2
52207 0
52208 1
52209 0
52210 2
52211 0
52212 0
52213 2
52214 1
52215 0
52216 1
52217 1
52218 0
52219 1
52220 1
52221 1
52222 1
52223 2
52224 1
52225 1
52226 2
52227 3
52228 1
52229 0
52230 1
52231 0
52232 1
52233 0
52234 1
52235 0
52236 0
52237 1
52238 0
52239 3
52240 2
52241 0
52242 1
52243 3
52244 0
52245 1
52246 2
52247 1
52248 0
52249 1
52250 1
52251 2
52252 2
52253 0
52254 2
52255 1
52256 0
52257 1
52258 0
52259 0
52260 0
52261 1
52262 1
52263 0
52264 2
52265 1
52266 0
52267 2
52268 0
52269 0
52270 0
52271 1
52272 2
52273 3
52274 0
52275 0
52276 0
52277 2
52278 2
52279 3
52280 1
52281 1
52282 3
52283 2
52284 0
52285 1
52286 0
52287 2
52288 0
52289 0
52290 2
52291 0
52292 1
52293 0
52294 1
52295 1
52296 2
52297 1
52298 1
52299 1
52300 2
52301 1
52302 0
52303 1
52304 2
52305 2
52306 0
52307 1
52308 0
52309 1
52310 1
52311 0
52312 2
52313 1
52314 1
52315 0
52316 0
52317 2
52318 0
52319 1
52320 0
52321 0
52322 1
52323 0
52324 0
52325 0
52326 2
52327 1
52328 2
52329 1
52330 3
52331 0
52332 1
52333 2
52334 1
52335 2
52336 0
52337 2
52338 2
52339 0
52340 1
52341 1
52342 3
52343 1
52344 0
52345 1
52346 0
52347 1
52348 0
52349 0
52350 0
52351 0
52352 0
52353 1
52354 1
52355 1
52356 2
52357 2
52358 1
52359 1
52360 0
52361 1
52362 2
52363 2
52364 1
52365 2
52366 0
52367 0
52368 3
52369 0
52370 2
52371 2
52372 1
52373 0
52374 0
52375 1
52376 2
52377 2
52378 0
52379 0
52380 1
52381 1
52382 1
52383 1
52384 1
52385 2
52386 1
52387 1
52388 0
52389 2
52390 1
52391 1
52392 1
52393 0
52394 1
52395 0
52396 0
52397 1
52398 1
52399 2
52400 0
52401 1
52402 0
52403 1
52404 2
52405 0
52406 2
52407 0
52408 0
52409 1
52410 3
52411 1
52412 0
52413 0
52414 2
52415 1
52416 1
52417 0
52418 1
52419 0
52420 1
52421 2
52422 0
52423 2
52424 2
52425 0
52426 3
52427 1
52428 1
52429 1
52430 1
52431 0
52432 0
52433 1
52434 1
52435 1
52436 1
52437 1
52438 2
52439 2
52440 0
52441 2
52442 2
52443 1
52444 1
52445 0
52446 0
52447 1
52448 0
52449 3
52450 0
52451 2
52452 3
52453 3
52454 2
52455 0
52456 0
52457 1
52458 2
52459 0
52460 1
52461 2
52462 1
52463 0
52464 1
52465 0
52466 1
52467 1
52468 1
52469 0
52470 1
52471 2
52472 1
52473 3
52474 0
52475 2
52476 0
52477 1
52478 2
52479 0
52480 1
52481 0
52482 1
52483 2
52484 2
52485 2
52486 1
52487 2
52488 2
52489 1
52490 0
52491 0
52492 1
52493 1
52494 0
52495 0
52496 1
52497 1
52498 1
52499 2
52500 2
52501 1
52502 2
52503 1
52504 0
52505 1
52506 1
52507 0
52508 0
52509 0
52510 2
52511 1
52512 3
52513 0
52514 0
52515 0
52516 1
52517 2
52518 0
52519 1
52520 0
52521 0
52522 2
52523 3
52524 1
52525 0
52526 3
52527 0
52528 1
52529 0
52530 0
52531 1
52532 1
52533 1
52534 0
52535 2
52536 2
52537 1
52538 2
52539 0
52540 1
52541 1
52542 0
52543 0
52544 0
52545 2
52546 0
52547 3
52548 2
52549 0
52550 2
52551 2
52552 1
52553 2
52554 2
52555 0
52556 1
52557 1
52558 0
52559 3
52560 1
52561 1
52562 0
52563 0
52564 1
52565 1
52566 1
52567 1
52568 1
52569 0
52570 1
52571 1
52572 1
52573 3
52574 0
52575 0
52576 0
52577 1
52578 1
52579 1
52580 0
52581 1
52582 1
52583 1
52584 0
52585 0
52586 0
52587 1
52588 0
52589 2
52590 0
52591 2
52592 1
52593 2
52594 1
52595 0
52596 2
52597 1
52598 0
52599 0
52600 0
52601 0
52602 1
52603 1
52604 0
52605 1
52606 2
52607 0
52608 0
52609 0
52610 3
52611 2
52612 1
52613 1
52614 0
52615 0
52616 3
52617 1
52618 2
52619 1
52620 3
52621 2
52622 2
52623 0
52624 1
52625 1
52626 1
52627 2
52628 3
52629 0
52630 0
52631 0
52632 2
52633 2
52634 2
52635 1
52636 3
52637 2
52638 1
52639 2
52640 1
52641 0
52642 2
52643 3
52644 2
52645 0
52646 0
52647 2
52648 1
52649 0
52650 0
52651 0
52652 0
52653 2
52654 1
52655 2
52656 0
52657 1
52658 2
52659 0
52660 1
52661 0
52662 0
52663 1
52664 2
52665 1
52666 2
52667 1
52668 2
52669 1
52670 3
52671 1
52672 0
52673 2
52674 2
52675 0
52676 1
52677 1
52678 2
52679 0
52680 3
52681 1
52682 0
52683 0
52684 2
52685 0
52686 1
52687 1
52688 1
52689 0
52690 0
52691 1
52692 1
52693 2
52694 1
52695 2
52696 0
52697 1
52698 2
52699 0
52700 1
52701 0
52702 2
52703 1
52704 2
52705 3
52706 1
52707 0
52708 1
52709 1
52710 3
52711 2
52712 0
52713 2
52714 2
52715 2
52716 1
52717 0
52718 1
52719 2
52720 1
52721 1
52722 0
52723 1
52724 0
52725 3
52726 0
52727 1
52728 1
52729 1
52730 2
52731 0
52732 0
52733 2
52734 0
52735 0
52736 2
52737 1
52738 1
52739 1
52740 1
52741 0
52742 1
52743 1
52744 3
52745 3
52746 3
52747 1
52748 2
52749 0
52750 1
52751 0
52752 0
52753 0
52754 0
52755 1
52756 2
52757 2
52758 1
52759 1
52760 1
52761 2
52762 1
52763 0
52764 0
52765 0
52766 1
52767 1
52768 2
52769 1
52770 1
52771 0
52772 2
52773 1
52774 2
52775 1
52776 2
52777 1
52778 2
52779 2
52780 0
52781 0
52782 0
52783 1
52784 0
52785 0
52786 1
52787 3
52788 1
52789 1
52790 2
52791 0
52792 2
52793 0
52794 0
52795 1
52796 0
52797 2
52798 0
52799 2
52800 1
52801 3
52802 0
52803 0
52804 0
52805 2
52806 1
52807 0
52808 1
52809 1
52810 0
52811 0
52812 2
52813 2
52814 2
52815 0
52816 2
52817 3
52818 1
52819 0
52820 1
52821 1
52822 2
52823 1
52824 1
52825 0
52826 1
52827 1
52828 0
52829 1
52830 1
52831 0
52832 0
52833 2
52834 2
52835 0
52836 0
52837 1
52838 0
52839 2
52840 1
52841 1
52842 0
52843 2
52844 0
52845 1
52846 0
52847 1
52848 1
52849 1
52850 0
52851 1
52852 1
52853 1
52854 3
52855 3
52856 2
52857 2
52858 2
52859 0
52860 2
52861 1
52862 0
52863 2
52864 1
52865 0
52866 1
52867 2
52868 2
52869 1
52870 1
52871 2
52872 0
52873 1
52874 2
52875 2
52876 3
52877 2
52878 2
52879 1
52880 0
52881 0
52882 2
52883 0
52884 0
52885 1
52886 0
52887 2
52888 3
52889 3
52890 1
52891 2
52892 1
52893 1
52894 1
52895 0
52896 1
52897 2
52898 1
52899 1
52900 0
52901 0
52902 3
52903 1
52904 0
52905 0
52906 1
52907 1
52908 0
52909 0
52910 1
52911 0
52912 0
52913 1
52914 1
52915 2
52916 1
52917 1
52918 2
52919 1
52920 0
52921 2
52922 0
52923 2
52924 1
52925 0
52926 1
52927 1
52928 1
52929 2
52930 2
52931 3
52932 1
52933 2
52934 2
52935 2
52936 2
52937 1
52938 2
52939 3
52940 0
52941 2
52942 0
52943 2
52944 0
52945 3
52946 2
52947 3
52948 1
52949 0
52950 1
52951 0
52952 0
52953 0
52954 0
52955 1
52956 2
52957 0
52958 0
52959 0
52960 0
52961 0
52962 2
52963 0
52964 1
52965 1
52966 2
52967 2
52968 0
52969 2
52970 2
52971 2
52972 1
52973 0
52974 0
52975 0
52976 1
52977 1
52978 1
52979 2
52980 0
52981 1
52982 2
52983 0
52984 0
52985 0
52986 0
52987 0
52988 1
52989 0
52990 1
52991 2
52992 0
52993 0
52994 0
52995 0
52996 1
52997 1
52998 2
52999 2
53000 2
53001 1
53002 1
53003 2
53004 0
53005 1
53006 0
53007 0
53008 2
53009 2
53010 0
53011 1
53012 0
53013 1
53014 1
53015 1
53016 2
53017 3
53018 0
53019 0
53020 0
53021 1
53022 1
53023 1
53024 0
53025 1
53026 0
53027 1
53028 1
53029 1
53030 0
53031 0
53032 3
53033 0
53034 2
53035 0
53036 0
53037 0
53038 0
53039 0
53040 1
53041 1
53042 0
53043 1
53044 0
53045 0
53046 0
53047 2
53048 1
53049 2
53050 1
53051 0
53052 0
53053 0
53054 2
53055 1
53056 2
53057 0
53058 0
53059 2
53060 0
53061 1
53062 2
53063 0
53064 2
53065 0
53066 2
53067 0
53068 1
53069 0
53070 3
53071 0
53072 3
53073 1
53074 1
53075 2
53076 2
53077 1
53078 1
53079 2
53080 1
53081 2
53082 0
53083 0
53084 0
53085 2
53086 1
53087 1
53088 0
53089 1
53090 2
53091 0
53092 0
53093 2
53094 1
53095 3
53096 3
53097 2
53098 2
53099 0
53100 2
53101 1
53102 2
53103 1
53104 1
53105 0
53106 1
53107 1
53108 2
53109 1
53110 1
53111 0
53112 0
53113 1
53114 0
53115 3
53116 1
53117 0
53118 1
53119 1
53120 3
53121 2
53122 1
53123 2
53124 1
53125 2
53126 1
53127 1
53128 2
53129 1
53130 1
53131 1
53132 0
53133 1
53134 2
53135 1
53136 1
53137 1
53138 1
53139 3
53140 1
53141 0
53142 2
53143 1
53144 1
53145 2
53146 0
53147 1
53148 2
53149 0
53150 2
53151 0
53152 2
53153 2
53154 2
53155 0
53156 1
53157 0
53158 1
53159 1
53160 0
53161 1
53162 1
53163 1
53164 3
53165 3
53166 2
53167 1
53168 2
53169 3
53170 0
53171 0
53172 0
53173 1
53174 1
53175 1
53176 2
53177 2
53178 0
53179 1
53180 0
53181 3
53182 2
53183 1
53184 1
53185 2
53186 0
53187 0
53188 1
53189 0
53190 1
53191 0
53192 0
53193 3
53194 0
53195 1
53196 2
53197 0
53198 1
53199 0
53200 2
53201 3
53202 2
53203 1
53204 1
53205 1
53206 1
53207 0
53208 1
53209 3
53210 2
53211 3
53212 3
53213 2
53214 1
53215 3
53216 2
53217 2
53218 1
53219 2
53220 0
53221 1
53222 1
53223 1
53224 0
53225 3
53226 2
53227 0
53228 0
53229 3
53230 0
53231 2
53232 1
53233 0
53234 2
53235 0
53236 1
53237 0
53238 1
53239 2
53240 1
53241 2
53242 1
53243 1
53244 1
53245 2
53246 2
53247 2
53248 0
53249 2
53250 2
53251 0
53252 2
53253 2
53254 0
53255 1
53256 1
53257 3
53258 2
53259 1
53260 2
53261 1
53262 0
53263 1
53264 0
53265 1
53266 3
53267 2
53268 2
53269 1
53270 1
53271 1
53272 0
53273 1
53274 2
53275 0
53276 0
53277 2
53278 0
53279 1
53280 0
53281 0
53282 2
53283 0
53284 2
53285 0
53286 0
53287 2
53288 2
53289 2
53290 1
53291 1
53292 0
53293 3
53294 1
53295 0
53296 0
53297 2
53298 2
53299 1
53300 2
53301 1
53302 0
53303 1
53304 0
53305 0
53306 1
53307 0
53308 2
53309 1
53310 1
53311 3
53312 0
53313 0
53314 0
53315 0
53316 3
53317 0
53318 1
53319 2
53320 1
53321 1
53322 1
53323 1
53324 3
53325 1
53326 1
53327 0
53328 1
53329 1
53330 0
53331 0
53332 0
53333 2
53334 2
53335 1
53336 2
53337 2
53338 0
53339 1
53340 1
53341 1
53342 0
53343 1
53344 2
53345 2
53346 0
53347 2
53348 0
53349 2
53350 0
53351 0
53352 0
53353 0
53354 2
53355 0
53356 2
53357 1
53358 1
53359 0
53360 0
53361 0
53362 2
53363 1
53364 0
53365 0
53366 0
53367 2
53368 3
53369 1
53370 2
53371 0
53372 0
53373 0
53374 1
53375 2
53376 3
53377 0
53378 0
53379 2
53380 0
53381 0
53382 1
53383 2
53384 3
53385 2
53386 0
53387 0
53388 0
53389 1
53390 0
53391 1
53392 0
53393 3
53394 1
53395 0
53396 2
53397 2
53398 0
53399 0
53400 1
53401 1
53402 0
53403 2
53404 0
53405 0
53406 1
53407 0
53408 2
53409 1
53410 2
53411 1
53412 2
53413 1
53414 1
53415 0
53416 2
53417 2
53418 2
53419 1
53420 2
53421 2
53422 1
53423 1
53424 1
53425 2
53426 0
53427 0
53428 0
53429 0
53430 0
53431 3
53432 0
53433 2
53434 1
53435 0
53436 1
53437 1
53438 1
53439 1
53440 0
53441 1
53442 0
53443 0
53444 0
53445 1
53446 2
53447 0
53448 1
53449 0
53450 1
53451 0
53452 2
53453 3
53454 1
53455 0
53456 3
53457 0
53458 1
53459 0
53460 2
53461 1
53462 2
53463 2
53464 1
53465 1
53466 2
53467 1
53468 0
53469 0
53470 0
53471 2
53472 2
53473 1
53474 2
53475 1
53476 0
53477 0
53478 0
53479 1
53480 2
53481 1
53482 1
53483 1
53484 0
53485 0
53486 1
53487 2
53488 2
53489 1
53490 2
53491 1
53492 3
53493 0
53494 1
53495 1
53496 1
53497 0
53498 0
53499 0
53500 0
53501 0
53502 1
53503 0
53504 0
53505 0
53506 2
53507 0
53508 0
53509 2
53510 1
53511 0
53512 0
53513 2
53514 1
53515 0
53516 0
53517 0
53518 1
53519 1
53520 1
53521 2
53522 0
53523 0
53524 1
53525 2
53526 3
53527 1
53528 1
53529 0
53530 2
53531 0
53532 2
53533 1
53534 0
53535 0
53536 0
53537 2
53538 0
53539 0
53540 2
53541 1
53542 2
53543 0
53544 0
53545 0
53546 0
53547 1
53548 2
53549 1
53550 2
53551 2
53552 1
53553 0
53554 3
53555 3
53556 0
53557 2
53558 3
53559 2
53560 2
53561 0
53562 1
53563 0
53564 1
53565 0
53566 0
53567 0
53568 1
53569 1
53570 1
53571 0
53572 3
53573 0
53574 1
53575 2
53576 1
53577 0
53578 0
53579 1
53580 1
53581 2
53582 2
53583 1
53584 2
53585 0
53586 0
53587 1
53588 0
53589 2
53590 0
53591 2
53592 0
53593 3
53594 1
53595 1
53596 0
53597 2
53598 1
53599 0
53600 0
53601 1
53602 1
53603 0
53604 2
53605 1
53606 1
53607 0
53608 0
53609 1
53610 1
53611 1
53612 0
53613 0
53614 0
53615 1
53616 2
53617 2
53618 2
53619 2
53620 0
53621 0
53622 2
53623 2
53624 2
53625 0
53626 1
53627 1
53628 2
53629 1
53630 0
53631 0
53632 0
53633 0
53634 2
53635 2
53636 1
53637 1
53638 2
53639 0
53640 0
53641 2
53642 1
53643 0
53644 0
53645 1
53646 2
53647 1
53648 2
53649 2
53650 1
53651 3
53652 0
53653 0
53654 2
53655 1
53656 0
53657 1
53658 1
53659 0
53660 1
53661 0
53662 1
53663 3
53664 0
53665 2
53666 0
53667 1
53668 1
53669 0
53670 2
53671 1
53672 2
53673 1
53674 0
53675 1
53676 0
53677 2
53678 1
53679 2
53680 0
53681 0
53682 1
53683 1
53684 2
53685 0
53686 1
53687 0
53688 1
53689 0
53690 1
53691 2
53692 0
53693 1
53694 0
53695 1
53696 2
53697 1
53698 1
53699 0
53700 2
53701 2
53702 1
53703 0
53704 3
53705 2
53706 0
53707 0
53708 3
53709 1
53710 2
53711 1
53712 2
53713 2
53714 0
53715 2
53716 1
53717 1
53718 0
53719 2
53720 1
53721 2
53722 2
53723 1
53724 2
53725 1
53726 0
53727 0
53728 2
53729 0
53730 1
53731 1
53732 1
53733 2
53734 2
53735 0
53736 3
53737 2
53738 2
53739 0
53740 1
53741 2
53742 0
53743 1
53744 0
53745 0
53746 2
53747 2
53748 2
53749 3
53750 0
53751 2
53752 0
53753 0
53754 2
53755 2
53756 0
53757 0
53758 1
53759 0
53760 1
53761 1
53762 2
53763 0
53764 2
53765 1
53766 0
53767 0
53768 0
53769 0
53770 1
53771 2
53772 1
53773 1
53774 1
53775 3
53776 0
53777 1
53778 1
53779 1
53780 2
53781 1
53782 0
53783 2
53784 0
53785 1
53786 1
53787 1
53788 1
53789 0
53790 2
53791 3
53792 3
53793 0
53794 0
53795 2
53796 1
53797 0
53798 1
53799 0
53800 1
53801 0
53802 1
53803 0
53804 2
53805 3
53806 0
53807 0
53808 0
53809 0
53810 1
53811 0
53812 0
53813 2
53814 0
53815 2
53816 1
53817 1
53818 2
53819 0
53820 0
53821 0
53822 1
53823 3
53824 2
53825 2
53826 0
53827 1
53828 2
53829 2
53830 1
53831 2
53832 2
53833 1
53834 1
53835 0
53836 1
53837 2
53838 2
53839 0
53840 2
53841 2
53842 2
53843 1
53844 0
53845 1
53846 2
53847 1
53848 2
53849 0
53850 1
53851 0
53852 1
53853 0
53854 0
53855 2
53856 1
53857 2
53858 1
53859 2
53860 1
53861 2
53862 2
53863 1
53864 1
53865 0
53866 1
53867 1
53868 0
53869 1
53870 1
53871 0
53872 2
53873 1
53874 0
53875 0
53876 1
53877 2
53878 3
53879 0
53880 0
53881 1
53882 1
53883 0
53884 1
53885 2
53886 0
53887 2
53888 2
53889 2
53890 1
53891 1
53892 1
53893 0
53894 1
53895 0
53896 0
53897 0
53898 2
53899 2
53900 3
53901 0
53902 2
53903 0
53904 0
53905 2
53906 0
53907 1
53908 1
53909 2
53910 1
53911 1
53912 0
53913 2
53914 0
53915 1
53916 0
53917 1
53918 1
53919 0
53920 2
53921 0
53922 3
53923 2
53924 1
53925 2
53926 3
53927 0
53928 0
53929 3
53930 3
53931 2
53932 0
53933 2
53934 0
53935 3
53936 1
53937 3
53938 1
53939 2
53940 2
53941 1
53942 1
53943 2
53944 1
53945 1
53946 0
53947 0
53948 2
53949 0
53950 0
53951 3
53952 2
53953 1
53954 0
53955 2
53956 1
53957 1
53958 0
53959 2
53960 1
53961 1
53962 2
53963 0
53964 0
53965 2
53966 0
53967 1
53968 2
53969 1
53970 1
53971 1
53972 0
53973 1
53974 2
53975 1
53976 1
53977 0
53978 0
53979 1
53980 2
53981 1
53982 0
53983 2
53984 1
53985 2
53986 2
53987 1
53988 1
53989 0
53990 2
53991 0
53992 3
53993 3
53994 1
53995 2
53996 2
53997 1
53998 0
53999 1
54000 0
54001 3
54002 1
54003 0
54004 0
54005 0
54006 0
54007 0
54008 0
54009 2
54010 0
54011 1
54012 1
54013 2
54014 2
54015 0
54016 1
54017 1
54018 0
54019 0
54020 0
54021 0
54022 2
54023 2
54024 0
54025 2
54026 1
54027 0
54028 0
54029 2
54030 2
54031 0
54032 0
54033 0
54034 0
54035 1
54036 0
54037 0
54038 1
54039 2
54040 0
54041 1
54042 0
54043 0
54044 2
54045 0
54046 3
54047 2
54048 2
54049 1
54050 1
54051 1
54052 2
54053 0
54054 2
54055 0
54056 1
54057 1
54058 0
54059 2
54060 2
54061 1
54062 0
54063 1
54064 2
54065 2
54066 1
54067 2
54068 2
54069 3
54070 0
54071 0
54072 1
54073 0
54074 1
54075 2
54076 1
54077 0
54078 1
54079 1
54080 1
54081 0
54082 1
54083 1
54084 2
54085 1
54086 2
54087 1
54088 3
54089 0
54090 2
54091 0
54092 1
54093 2
54094 0
54095 0
54096 1
54097 0
54098 0
54099 0
54100 1
54101 2
54102 0
54103 0
54104 2
54105 1
54106 2
54107 1
54108 0
54109 0
54110 1
54111 1
54112 2
54113 2
54114 1
54115 2
54116 2
54117 1
54118 0
54119 0
54120 1
54121 0
54122 1
54123 0
54124 1
54125 2
54126 1
54127 0
54128 3
54129 0
54130 1
54131 2
54132 2
54133 0
54134 2
54135 0
54136 0
54137 0
54138 0
54139 2
54140 2
54141 2
54142 2
54143 0
54144 0
54145 0
54146 0
54147 0
54148 1
54149 3
54150 2
54151 1
54152 1
54153 2
54154 2
54155 1
54156 2
54157 0
54158 1
54159 0
54160 2
54161 1
54162 2
54163 2
54164 3
54165 2
54166 0
54167 0
54168 0
54169 1
54170 1
54171 1
54172 1
54173 1
54174 0
54175 1
54176 0
54177 1
54178 1
54179 1
54180 1
54181 3
54182 1
54183 0
54184 1
54185 1
54186 0
54187 1
54188 3
54189 0
54190 1
54191 1
54192 1
54193 2
54194 1
54195 1
54196 2
54197 0
54198 2
54199 0
54200 0
54201 0
54202 2
54203 2
54204 3
54205 1
54206 2
54207 1
54208 1
54209 2
54210 0
54211 2
54212 2
54213 0
54214 2
54215 0
54216 3
54217 1
54218 0
54219 1
54220 1
54221 1
54222 0
54223 0
54224 0
54225 1
54226 1
54227 2
54228 0
54229 1
54230 0
54231 3
54232 2
54233 1
54234 3
54235 0
54236 2
54237 1
54238 0
54239 0
54240 2
54241 3
54242 2
54243 1
54244 0
54245 2
54246 0
54247 3
54248 1
54249 2
54250 1
54251 0
54252 1
54253 1
54254 1
54255 0
54256 2
54257 0
54258 1
54259 2
54260 0
54261 1
54262 0
54263 1
54264 2
54265 0
54266 1
54267 0
54268 1
54269 2
54270 1
54271 2
54272 0
54273 2
54274 0
54275 0
54276 1
54277 2
54278 2
54279 0
54280 1
54281 3
54282 2
54283 2
54284 1
54285 1
54286 2
54287 1
54288 0
54289 0
54290 0
54291 0
54292 0
54293 1
54294 2
54295 0
54296 3
54297 0
54298 1
54299 0
54300 1
54301 2
54302 3
54303 1
54304 2
54305 1
54306 1
54307 2
54308 1
54309 1
54310 0
54311 0
54312 1
54313 0
54314 2
54315 0
54316 0
54317 2
54318 1
54319 1
54320 0
54321 2
54322 0
54323 3
54324 0
54325 2
54326 1
54327 1
54328 2
54329 1
54330 0
54331 1
54332 1
54333 1
54334 1
54335 3
54336 1
54337 1
54338 1
54339 0
54340 1
54341 3
54342 3
54343 3
54344 0
54345 0
54346 1
54347 2
54348 0
54349 0
54350 0
54351 0
54352 1
54353 2
54354 1
54355 2
54356 2
54357 1
54358 2
54359 0
54360 0
54361 1
54362 2
54363 1
54364 0
54365 2
54366 1
54367 0
54368 2
54369 2
54370 0
54371 1
54372 2
54373 1
54374 1
54375 1
54376 0
54377 1
54378 2
54379 1
54380 2
54381 0
54382 1
54383 2
54384 2
54385 1
54386 0
54387 1
54388 1
54389 0
54390 3
54391 2
54392 1
54393 1
54394 2
54395 1
54396 2
54397 0
54398 1
54399 0
54400 2
54401 0
54402 0
54403 3
54404 0
54405 0
54406 1
54407 3
54408 0
54409 3
54410 0
54411 0
54412 0
54413 1
54414 2
54415 1
54416 2
54417 0
54418 0
54419 0
54420 1
54421 2
54422 0
54423 0
54424 2
54425 0
54426 0
54427 2
54428 3
54429 1
54430 2
54431 1
54432 2
54433 2
54434 3
54435 0
54436 0
54437 0
54438 1
54439 0
54440 0
54441 1
54442 0
54443 2
54444 1
54445 2
54446 0
54447 1
54448 0
54449 2
54450 0
54451 1
54452 1
54453 1
54454 0
54455 1
54456 1
54457 2
54458 3
54459 0
54460 0
54461 0
54462 3
54463 1
54464 0
54465 0
54466 2
54467 2
54468 0
54469 3
54470 2
54471 0
54472 1
54473 3
54474 1
54475 2
54476 3
54477 0
54478 0
54479 1
54480 0
54481 1
54482 2
54483 1
54484 2
54485 1
54486 1
54487 1
54488 0
54489 1
54490 0
54491 1
54492 3
54493 0
54494 1
54495 0
54496 2
54497 2
54498 2
54499 2
54500 0
54501 1
54502 2
54503 2
54504 2
54505 0
54506 1
54507 0
54508 0
54509 1
54510 0
54511 1
54512 0
54513 0
54514 1
54515 3
54516 1
54517 0
54518 2
54519 2
54520 0
54521 1
54522 1
54523 1
54524 1
54525 2
54526 0
54527 2
54528 2
54529 2
54530 1
54531 2
54532 2
54533 1
54534 1
54535 0
54536 2
54537 3
54538 1
54539 2
54540 0
54541 1
54542 1
54543 1
54544 1
54545 0
54546 1
54547 2
54548 0
54549 1
54550 0
54551 0
54552 0
54553 0
54554 2
54555 1
54556 1
54557 2
54558 0
54559 0
54560 1
54561 3
54562 1
54563 0
54564 1
54565 1
54566 2
54567 2
54568 0
54569 1
54570 2
54571 1
54572 0
54573 2
54574 0
54575 0
54576 0
54577 0
54578 1
54579 0
54580 2
54581 0
54582 0
54583 1
54584 0
54585 1
54586 0
54587 0
54588 3
54589 0
54590 0
54591 0
54592 2
54593 2
54594 0
54595 2
54596 1
54597 2
54598 1
54599 2
54600 0
54601 0
54602 0
54603 2
54604 3
54605 2
54606 2
54607 2
54608 2
54609 2
54610 0
54611 1
54612 1
54613 2
54614 2
54615 1
54616 2
54617 2
54618 1
54619 2
54620 0
54621 1
54622 1
54623 1
54624 0
54625 1
54626 0
54627 1
54628 2
54629 2
54630 0
54631 2
54632 0
54633 1
54634 2
54635 1
54636 0
54637 0
54638 2
54639 2
54640 0
54641 2
54642 0
54643 3
54644 2
54645 1
54646 1
54647 3
54648 0
54649 2
54650 3
54651 1
54652 1
54653 0
54654 0
54655 0
54656 0
54657 2
54658 2
54659 1
54660 0
54661 1
54662 1
54663 2
54664 1
54665 1
54666 2
54667 2
54668 0
54669 2
54670 0
54671 1
54672 2
54673 0
54674 2
54675 1
54676 2
54677 0
54678 2
54679 0
54680 1
54681 3
54682 2
54683 0
54684 2
54685 2
54686 1
54687 1
54688 0
54689 2
54690 0
54691 1
54692 2
54693 2
54694 2
54695 1
54696 3
54697 1
54698 2
54699 1
54700 1
54701 2
54702 0
54703 2
54704 3
54705 0
54706 0
54707 0
54708 0
54709 1
54710 1
54711 1
54712 0
54713 3
54714 2
54715 1
54716 1
54717 0
54718 2
54719 0
54720 1
54721 2
54722 1
54723 1
54724 0
54725 2
54726 1
54727 1
54728 0
54729 1
54730 1
54731 0
54732 0
54733 0
54734 1
54735 3
54736 1
54737 0
54738 1
54739 1
54740 2
54741 1
54742 1
54743 1
54744 1
54745 1
54746 0
54747 0
54748 2
54749 2
54750 2
54751 0
54752 1
54753 2
54754 2
54755 0
54756 1
54757 2
54758 2
54759 0
54760 1
54761 2
54762 2
54763 1
54764 1
54765 0
54766 0
54767 0
54768 1
54769 3
54770 1
54771 1
54772 2
54773 1
54774 2
54775 0
54776 0
54777 0
54778 0
54779 0
54780 2
54781 0
54782 1
54783 0
54784 1
54785 2
54786 2
54787 0
54788 3
54789 3
54790 2
54791 0
54792 1
54793 2
54794 0
54795 0
54796 0
54797 0
54798 1
54799 1
54800 1
54801 1
54802 1
54803 1
54804 1
54805 2
54806 2
54807 0
54808 0
54809 1
54810 1
54811 0
54812 1
54813 0
54814 1
54815 1
54816 1
54817 0
54818 0
54819 2
54820 2
54821 1
54822 3
54823 2
54824 2
54825 1
54826 0
54827 0
54828 1
54829 1
54830 3
54831 2
54832 2
54833 2
54834 1
54835 0
54836 1
54837 1
54838 0
54839 3
54840 2
54841 0
54842 2
54843 1
54844 1
54845 0
54846 2
54847 1
54848 1
54849 1
54850 2
54851 0
54852 0
54853 2
54854 2
54855 1
54856 1
54857 0
54858 0
54859 1
54860 0
54861 0
54862 3
54863 1
54864 0
54865 2
54866 1
54867 1
54868 0
54869 1
54870 3
54871 1
54872 2
54873 1
54874 1
54875 2
54876 3
54877 0
54878 1
54879 0
54880 0
54881 2
54882 0
54883 3
54884 2
54885 1
54886 2
54887 1
54888 1
54889 2
54890 2
54891 3
54892 1
54893 2
54894 0
54895 2
54896 3
54897 1
54898 2
54899 1
54900 2
54901 3
54902 0
54903 2
54904 0
54905 1
54906 0
54907 2
54908 1
54909 2
54910 0
54911 2
54912 0
54913 1
54914 1
54915 2
54916 1
54917 0
54918 1
54919 2
54920 2
54921 2
54922 2
54923 2
54924 0
54925 2
54926 1
54927 2
54928 1
54929 1
54930 1
54931 2
54932 0
54933 2
54934 2
54935 3
54936 1
54937 1
54938 2
54939 0
54940 0
54941 2
54942 1
54943 2
54944 2
54945 2
54946 1
54947 1
54948 1
54949 0
54950 0
54951 1
54952 2
54953 1
54954 0
54955 2
54956 1
54957 2
54958 2
54959 3
54960 1
54961 0
54962 2
54963 1
54964 2
54965 0
54966 0
54967 0
54968 1
54969 1
54970 2
54971 0
54972 1
54973 1
54974 1
54975 1
54976 3
54977 0
54978 1
54979 1
54980 0
54981 1
54982 3
54983 2
54984 2
54985 2
54986 2
54987 2
54988 3
54989 1
54990 0
54991 0
54992 2
54993 1
54994 1
54995 1
54996 1
54997 1
54998 1
54999 0
55000 0
55001 1
55002 2
55003 0
55004 3
55005 1
55006 2
55007 1
55008 1
55009 1
55010 3
55011 1
55012 2
55013 1
55014 2
55015 0
55016 3
55017 1
55018 2
55019 1
55020 0
55021 0
55022 0
55023 0
55024 0
55025 2
55026 1
55027 2
55028 2
55029 0
55030 0
55031 0
55032 2
55033 2
55034 1
55035 2
55036 0
55037 1
55038 1
55039 2
55040 2
55041 2
55042 2
55043 2
55044 2
55045 0
55046 1
55047 2
55048 3
55049 0
55050 0
55051 0
55052 2
55053 2
55054 2
55055 1
55056 1
55057 0
55058 0
55059 2
55060 0
55061 0
55062 2
55063 2
55064 2
55065 0
55066 0
55067 1
55068 1
55069 0
55070 0
55071 2
55072 1
55073 0
55074 1
55075 0
55076 0
55077 1
55078 0
55079 0
55080 3
55081 1
55082 3
55083 1
55084 0
55085 3
55086 2
55087 0
55088 1
55089 0
55090 2
55091 0
55092 2
55093 2
55094 1
55095 0
55096 1
55097 2
55098 0
55099 0
55100 0
55101 2
55102 2
55103 2
55104 3
55105 1
55106 2
55107 1
55108 3
55109 0
55110 2
55111 1
55112 0
55113 1
55114 0
55115 1
55116 2
55117 0
55118 2
55119 0
55120 0
55121 1
55122 0
55123 3
55124 1
55125 0
55126 0
55127 2
55128 2
55129 0
55130 1
55131 2
55132 0
55133 2
55134 1
55135 3
55136 1
55137 0
55138 2
55139 1
55140 1
55141 1
55142 1
55143 0
55144 1
55145 3
55146 0
55147 0
55148 1
55149 0
55150 1
55151 0
55152 1
55153 2
55154 1
55155 0
55156 0
55157 2
55158 1
55159 1
55160 0
55161 0
55162 1
55163 0
55164 2
55165 1
55166 0
55167 1
55168 1
55169 1
55170 1
55171 0
55172 3
55173 0
55174 2
55175 0
55176 2
55177 0
55178 1
55179 0
55180 1
55181 1
55182 1
55183 2
55184 2
55185 3
55186 1
55187 2
55188 0
55189 2
55190 1
55191 1
55192 1
55193 1
55194 0
55195 0
55196 2
55197 2
55198 1
55199 0
55200 2
55201 1
55202 0
55203 0
55204 1
55205 2
55206 2
55207 1
55208 1
55209 3
55210 0
55211 0
55212 2
55213 1
55214 2
55215 1
55216 2
55217 2
55218 0
55219 0
55220 1
55221 1
55222 0
55223 0
55224 2
55225 1
55226 2
55227 1
55228 0
55229 0
55230 1
55231 2
55232 0
55233 0
55234 2
55235 1
55236 0
55237 0
55238 1
55239 0
55240 0
55241 0
55242 0
55243 0
55244 0
55245 1
55246 0
55247 1
55248 1
55249 2
55250 0
55251 2
55252 1
55253 1
55254 3
55255 2
55256 1
55257 0
55258 1
55259 1
55260 0
55261 2
55262 0
55263 2
55264 0
55265 2
55266 2
55267 3
55268 2
55269 0
55270 0
55271 1
55272 3
55273 0
55274 1
55275 1
55276 0
55277 2
55278 0
55279 2
55280 1
55281 2
55282 1
55283 0
55284 1
55285 1
55286 2
55287 0
55288 1
55289 1
55290 1
55291 0
55292 0
55293 3
55294 2
55295 0
55296 0
55297 0
55298 3
55299 0
55300 0
55301 1
55302 2
55303 2
55304 1
55305 0
55306 1
55307 1
55308 0
55309 3
55310 2
55311 0
55312 0
55313 1
55314 2
55315 2
55316 1
55317 2
55318 1
55319 0
55320 1
55321 1
55322 1
55323 1
55324 1
55325 0
55326 1
55327 2
55328 1
55329 1
55330 0
55331 3
55332 0
55333 0
55334 1
55335 2
55336 2
55337 1
55338 0
55339 1
55340 3
55341 1
55342 2
55343 1
55344 2
55345 0
55346 2
55347 1
55348 1
55349 0
55350 1
55351 0
55352 0
55353 0
55354 0
55355 1
55356 1
55357 2
55358 2
55359 0
55360 0
55361 2
55362 3
55363 1
55364 2
55365 0
55366 1
55367 1
55368 0
55369 0
55370 1
55371 2
55372 2
55373 0
55374 2
55375 0
55376 1
55377 2
55378 0
55379 2
55380 0
55381 1
55382 3
55383 0
55384 0
55385 2
55386 1
55387 0
55388 1
55389 3
55390 1
55391 0
55392 1
55393 1
55394 0
55395 0
55396 1
55397 0
55398 2
55399 1
55400 3
55401 2
55402 0
55403 2
55404 2
55405 1
55406 2
55407 0
55408 2
55409 2
55410 0
55411 0
55412 2
55413 0
55414 2
55415 1
55416 1
55417 0
55418 1
55419 0
55420 2
55421 2
55422 1
55423 0
55424 0
55425 1
55426 1
55427 2
55428 2
55429 1
55430 2
55431 1
55432 1
55433 1
55434 1
55435 3
55436 2
55437 0
55438 0
55439 2
55440 2
55441 2
55442 2
55443 0
55444 1
55445 2
55446 0
55447 1
55448 2
55449 1
55450 0
55451 0
55452 2
55453 0
55454 1
55455 1
55456 2
55457 1
55458 1
55459 1
55460 2
55461 1
55462 0
55463 1
55464 1
55465 1
55466 0
55467 1
55468 0
55469 2
55470 1
55471 2
55472 2
55473 1
55474 1
55475 0
55476 1
55477 3
55478 2
55479 1
55480 2
55481 0
55482 2
55483 0
55484 3
55485 0
55486 1
55487 0
55488 0
55489 0
55490 2
55491 1
55492 1
55493 0
55494 3
55495 2
55496 1
55497 1
55498 2
55499 0
55500 2
55501 1
55502 1
55503 1
55504 1
55505 1
55506 0
55507 0
55508 0
55509 1
55510 1
55511 1
55512 3
55513 0
55514 2
55515 0
55516 2
55517 0
55518 2
55519 0
55520 0
55521 1
55522 0
55523 2
55524 1
55525 1
55526 1
55527 0
55528 0
55529 1
55530 2
55531 0
55532 2
55533 0
55534 3
55535 2
55536 0
55537 1
55538 0
55539 2
55540 1
55541 1
55542 2
55543 2
55544 2
55545 1
55546 0
55547 3
55548 3
55549 0
55550 0
55551 0
55552 2
55553 0
55554 3
55555 0
55556 2
55557 1
55558 0
55559 0
55560 0
55561 2
55562 2
55563 0
55564 0
55565 0
55566 0
55567 0
55568 2
55569 1
55570 1
55571 3
55572 2
55573 1
55574 0
55575 1
55576 1
55577 1
55578 0
55579 2
55580 2
55581 3
55582 2
55583 1
55584 1
55585 1
55586 0
55587 1
55588 1
55589 1
55590 2
55591 0
55592 1
55593 1
55594 2
55595 1
55596 0
55597 1
55598 1
55599 1
55600 1
55601 2
55602 1
55603 0
55604 1
55605 2
55606 0
55607 2
55608 1
55609 2
55610 2
55611 1
55612 1
55613 2
55614 1
55615 0
55616 0
55617 1
55618 1
55619 0
55620 0
55621 0
55622 0
55623 2
55624 1
55625 2
55626 1
55627 2
55628 1
55629 0
55630 2
55631 1
55632 2
55633 2
55634 2
55635 0
55636 0
55637 1
55638 2
55639 2
55640 2
55641 2
55642 0
55643 1
55644 2
55645 2
55646 3
55647 0
55648 1
55649 1
55650 0
55651 1
55652 3
55653 3
55654 1
55655 2
55656 0
55657 2
55658 0
55659 0
55660 0
55661 2
55662 1
55663 0
55664 0
55665 0
55666 1
55667 2
55668 1
55669 0
55670 0
55671 0
55672 2
55673 1
55674 1
55675 0
55676 0
55677 2
55678 1
55679 0
55680 2
55681 2
55682 2
55683 1
55684 2
55685 0
55686 1
55687 1
55688 0
55689 1
55690 1
55691 0
55692 0
55693 1
55694 2
55695 1
55696 1
55697 1
55698 0
55699 2
55700 2
55701 0
55702 0
55703 1
55704 1
55705 0
55706 0
55707 0
55708 0
55709 1
55710 1
55711 0
55712 0
55713 2
55714 1
55715 1
55716 1
55717 1
55718 0
55719 1
55720 0
55721 1
55722 2
55723 1
55724 0
55725 0
55726 0
55727 1
55728 0
55729 0
55730 2
55731 1
55732 2
55733 2
55734 0
55735 1
55736 2
55737 2
55738 2
55739 1
55740 1
55741 2
55742 2
55743 0
55744 3
55745 1
55746 0
55747 0
55748 0
55749 1
55750 2
55751 0
55752 2
55753 0
55754 0
55755 2
55756 1
55757 1
55758 2
55759 1
55760 1
55761 0
55762 0
55763 0
55764 0
55765 0
55766 1
55767 0
55768 1
55769 0
55770 0
55771 0
55772 0
55773 1
55774 1
55775 0
55776 2
55777 2
55778 1
55779 0
55780 1
55781 0
55782 1
55783 1
55784 2
55785 0
55786 2
55787 1
55788 1
55789 2
55790 2
55791 1
55792 2
55793 2
55794 1
55795 2
55796 1
55797 1
55798 1
55799 1
55800 1
55801 1
55802 0
55803 1
55804 1
55805 1
55806 2
55807 3
55808 1
55809 2
55810 1
55811 0
55812 0
55813 0
55814 1
55815 2
55816 2
55817 1
55818 1
55819 2
55820 2
55821 1
55822 0
55823 2
55824 1
55825 3
55826 1
55827 2
55828 2
55829 2
55830 2
55831 3
55832 0
55833 0
55834 0
55835 2
55836 2
55837 1
55838 1
55839 0
55840 2
55841 0
55842 1
55843 0
55844 0
55845 1
55846 2
55847 1
55848 2
55849 0
55850 0
55851 1
55852 2
55853 0
55854 2
55855 0
55856 0
55857 2
55858 1
55859 0
55860 2
55861 3
55862 2
55863 1
55864 0
55865 3
55866 1
55867 0
55868 0
55869 0
55870 1
55871 2
55872 0
55873 0
55874 2
55875 1
55876 0
55877 1
55878 1
55879 2
55880 0
55881 1
55882 0
55883 1
55884 3
55885 1
55886 0
55887 1
55888 2
55889 0
55890 1
55891 3
55892 0
55893 0
55894 1
55895 1
55896 1
55897 0
55898 0
55899 3
55900 1
55901 2
55902 2
55903 1
55904 3
55905 1
55906 0
55907 0
55908 0
55909 2
55910 2
55911 0
55912 1
55913 1
55914 0
55915 0
55916 0
55917 0
55918 0
55919 2
55920 1
55921 1
55922 1
55923 2
55924 2
55925 1
55926 1
55927 1
55928 1
55929 0
55930 1
55931 2
55932 0
55933 0
55934 0
55935 0
55936 0
55937 1
55938 2
55939 1
55940 2
55941 1
55942 0
55943 2
55944 1
55945 1
55946 1
55947 1
55948 0
55949 2
55950 2
55951 1
55952 1
55953 0
55954 0
55955 1
55956 1
55957 0
55958 0
55959 1
55960 1
55961 1
55962 1
55963 2
55964 0
55965 1
55966 1
55967 0
55968 1
55969 3
55970 2
55971 2
55972 0
55973 1
55974 1
55975 1
55976 1
55977 0
55978 2
55979 0
55980 1
55981 0
55982 0
55983 0
55984 1
55985 1
55986 3
55987 0
55988 1
55989 1
55990 0
55991 0
55992 2
55993 0
55994 1
55995 0
55996 0
55997 1
55998 0
55999 1
56000 1
56001 0
56002 2
56003 2
56004 1
56005 2
56006 0
56007 0
56008 2
56009 2
56010 0
56011 0
56012 0
56013 0
56014 2
56015 2
56016 2
56017 3
56018 2
56019 1
56020 2
56021 0
56022 0
56023 0
56024 0
56025 2
56026 1
56027 0
56028 3
56029 2
56030 1
56031 3
56032 2
56033 2
56034 0
56035 3
56036 1
56037 3
56038 0
56039 3
56040 0
56041 1
56042 1
56043 0
56044 0
56045 0
56046 2
56047 2
56048 0
56049 1
56050 2
56051 0
56052 0
56053 1
56054 1
56055 0
56056 2
56057 1
56058 2
56059 2
56060 1
56061 2
56062 0
56063 3
56064 1
56065 0
56066 1
56067 2
56068 0
56069 2
56070 2
56071 2
56072 0
56073 2
56074 2
56075 1
56076 2
56077 0
56078 0
56079 2
56080 2
56081 2
56082 2
56083 0
56084 1
56085 1
56086 1
56087 0
56088 2
56089 1
56090 0
56091 2
56092 1
56093 1
56094 1
56095 0
56096 1
56097 2
56098 2
56099 1
56100 0
56101 2
56102 1
56103 1
56104 1
56105 2
56106 1
56107 2
56108 1
56109 2
56110 3
56111 1
56112 0
56113 1
56114 1
56115 0
56116 2
56117 1
56118 0
56119 2
56120 0
56121 0
56122 2
56123 0
56124 1
56125 0
56126 1
56127 2
56128 0
56129 1
56130 2
56131 2
56132 0
56133 0
56134 0
56135 1
56136 2
56137 2
56138 0
56139 0
56140 2
56141 0
56142 1
56143 1
56144 1
56145 2
56146 1
56147 2
56148 1
56149 0
56150 0
56151 3
56152 3
56153 2
56154 3
56155 1
56156 1
56157 1
56158 1
56159 0
56160 1
56161 0
56162 2
56163 2
56164 2
56165 0
56166 2
56167 0
56168 1
56169 1
56170 2
56171 1
56172 1
56173 1
56174 1
56175 2
56176 1
56177 1
56178 0
56179 2
56180 3
56181 0
56182 2
56183 2
56184 2
56185 0
56186 2
56187 1
56188 0
56189 1
56190 0
56191 1
56192 1
56193 0
56194 3
56195 2
56196 2
56197 0
56198 1
56199 0
56200 3
56201 2
56202 1
56203 3
56204 1
56205 0
56206 0
56207 2
56208 3
56209 2
56210 1
56211 1
56212 0
56213 0
56214 1
56215 1
56216 1
56217 1
56218 2
56219 2
56220 2
56221 3
56222 1
56223 0
56224 1
56225 2
56226 0
56227 2
56228 1
56229 1
56230 0
56231 0
56232 0
56233 2
56234 1
56235 2
56236 0
56237 1
56238 0
56239 2
56240 1
56241 3
56242 1
56243 0
56244 1
56245 1
56246 1
56247 0
56248 0
56249 3
56250 1
56251 1
56252 0
56253 2
56254 2
56255 0
56256 1
56257 0
56258 1
56259 1
56260 2
56261 1
56262 2
56263 2
56264 1
56265 1
56266 0
56267 3
56268 0
56269 1
56270 2
56271 1
56272 2
56273 1
56274 1
56275 0
56276 0
56277 0
56278 1
56279 2
56280 0
56281 3
56282 1
56283 0
56284 0
56285 2
56286 0
56287 1
56288 0
56289 2
56290 0
56291 2
56292 1
56293 2
56294 1
56295 2
56296 2
56297 1
56298 3
56299 1
56300 2
56301 0
56302 2
56303 2
56304 2
56305 3
56306 0
56307 0
56308 0
56309 2
56310 1
56311 0
56312 1
56313 1
56314 0
56315 1
56316 0
56317 1
56318 1
56319 0
56320 2
56321 1
56322 1
56323 2
56324 1
56325 1
56326 1
56327 1
56328 1
56329 1
56330 1
56331 3
56332 2
56333 1
56334 0
56335 1
56336 3
56337 0
56338 1
56339 1
56340 1
56341 1
56342 1
56343 1
56344 2
56345 1
56346 1
56347 1
56348 2
56349 0
56350 2
56351 0
56352 2
56353 1
56354 2
56355 0
56356 0
56357 0
56358 1
56359 0
56360 1
56361 0
56362 0
56363 0
56364 0
56365 2
56366 2
56367 2
56368 1
56369 0
56370 2
56371 0
56372 3
56373 0
56374 0
56375 0
56376 2
56377 3
56378 0
56379 0
56380 3
56381 1
56382 2
56383 1
56384 0
56385 2
56386 0
56387 0
56388 1
56389 2
56390 2
56391 1
56392 0
56393 1
56394 1
56395 0
56396 1
56397 0
56398 2
56399 0
56400 1
56401 0
56402 2
56403 2
56404 2
56405 1
56406 3
56407 0
56408 2
56409 1
56410 2
56411 1
56412 0
56413 1
56414 0
56415 1
56416 3
56417 2
56418 2
56419 2
56420 1
56421 2
56422 1
56423 0
56424 0
56425 0
56426 0
56427 2
56428 1
56429 2
56430 1
56431 1
56432 0
56433 2
56434 0
56435 2
56436 2
56437 2
56438 2
56439 2
56440 0
56441 0
56442 0
56443 2
56444 1
56445 0
56446 1
56447 0
56448 1
56449 3
56450 1
56451 3
56452 1
56453 1
56454 0
56455 3
56456 1
56457 2
56458 2
56459 2
56460 3
56461 2
56462 0
56463 2
56464 3
56465 1
56466 1
56467 1
56468 0
56469 1
56470 2
56471 3
56472 2
56473 0
56474 0
56475 3
56476 0
56477 1
56478 2
56479 0
56480 2
56481 0
56482 2
56483 1
56484 2
56485 1
56486 1
56487 1
56488 0
56489 0
56490 2
56491 1
56492 0
56493 0
56494 0
56495 2
56496 2
56497 2
56498 0
56499 0
56500 2
56501 1
56502 0
56503 1
56504 1
56505 1
56506 0
56507 1
56508 0
56509 2
56510 0
56511 3
56512 0
56513 1
56514 2
56515 2
56516 2
56517 2
56518 2
56519 0
56520 0
56521 0
56522 1
56523 2
56524 0
56525 0
56526 0
56527 2
56528 0
56529 3
56530 2
56531 1
56532 1
56533 2
56534 0
56535 2
56536 1
56537 1
56538 1
56539 2
56540 2
56541 2
56542 0
56543 1
56544 1
56545 1
56546 3
56547 2
56548 0
56549 1
56550 1
56551 3
56552 0
56553 2
56554 2
56555 1
56556 2
56557 1
56558 0
56559 2
56560 2
56561 1
56562 0
56563 0
56564 0
56565 0
56566 0
56567 0
56568 1
56569 0
56570 0
56571 2
56572 0
56573 1
56574 1
56575 2
56576 0
56577 0
56578 0
56579 1
56580 2
56581 2
56582 1
56583 0
56584 1
56585 0
56586 1
56587 0
56588 1
56589 1
56590 0
56591 2
56592 1
56593 1
56594 0
56595 0
56596 0
56597 1
56598 1
56599 1
56600 3
56601 1
56602 0
56603 0
56604 0
56605 2
56606 0
56607 2
56608 1
56609 0
56610 0
56611 0
56612 2
56613 2
56614 0
56615 1
56616 1
56617 1
56618 2
56619 1
56620 1
56621 0
56622 2
56623 1
56624 1
56625 0
56626 1
56627 0
56628 2
56629 0
56630 0
56631 2
56632 1
56633 1
56634 1
56635 2
56636 1
56637 2
56638 2
56639 1
56640 1
56641 2
56642 1
56643 1
56644 1
56645 0
56646 0
56647 3
56648 0
56649 0
56650 1
56651 0
56652 1
56653 1
56654 1
56655 2
56656 0
56657 2
56658 2
56659 1
56660 1
56661 2
56662 2
56663 1
56664 2
56665 1
56666 1
56667 2
56668 0
56669 1
56670 3
56671 1
56672 1
56673 2
56674 0
56675 2
56676 1
56677 2
56678 1
56679 2
56680 1
56681 0
56682 1
56683 2
56684 0
56685 2
56686 2
56687 2
56688 1
56689 2
56690 2
56691 0
56692 1
56693 0
56694 2
56695 2
56696 0
56697 2
56698 0
56699 1
56700 1
56701 1
56702 0
56703 0
56704 2
56705 4
56706 2
56707 1
56708 1
56709 1
56710 1
56711 1
56712 2
56713 1
56714 2
56715 0
56716 1
56717 3
56718 0
56719 2
56720 1
56721 2
56722 1
56723 0
56724 0
56725 0
56726 1
56727 0
56728 1
56729 0
56730 0
56731 1
56732 2
56733 0
56734 1
56735 0
56736 0
56737 2
56738 2
56739 1
56740 1
56741 1
56742 1
56743 0
56744 2
56745 0
56746 1
56747 1
56748 0
56749 1
56750 0
56751 2
56752 0
56753 0
56754 2
56755 2
56756 2
56757 1
56758 1
56759 1
56760 2
56761 2
56762 2
56763 1
56764 3
56765 0
56766 1
56767 1
56768 2
56769 2
56770 1
56771 2
56772 1
56773 0
56774 1
56775 0
56776 0
56777 1
56778 2
56779 3
56780 1
56781 1
56782 2
56783 1
56784 1
56785 1
56786 1
56787 1
56788 0
56789 2
56790 1
56791 0
56792 1
56793 1
56794 2
56795 3
56796 0
56797 1
56798 2
56799 2
56800 1
56801 0
56802 1
56803 0
56804 2
56805 1
56806 2
56807 1
56808 2
56809 1
56810 1
56811 0
56812 0
56813 1
56814 1
56815 0
56816 2
56817 0
56818 0
56819 2
56820 2
56821 2
56822 1
56823 1
56824 2
56825 3
56826 1
56827 0
56828 0
56829 0
56830 1
56831 1
56832 2
56833 0
56834 1
56835 0
56836 2
56837 0
56838 0
56839 0
56840 1
56841 1
56842 2
56843 0
56844 0
56845 2
56846 1
56847 0
56848 0
56849 1
56850 2
56851 1
56852 0
56853 1
56854 1
56855 0
56856 0
56857 1
56858 0
56859 0
56860 2
56861 1
56862 2
56863 1
56864 1
56865 1
56866 0
56867 1
56868 0
56869 2
56870 3
56871 3
56872 0
56873 0
56874 0
56875 1
56876 0
56877 3
56878 0
56879 1
56880 0
56881 0
56882 1
56883 0
56884 0
56885 3
56886 0
56887 0
56888 1
56889 1
56890 1
56891 0
56892 2
56893 1
56894 2
56895 0
56896 2
56897 1
56898 1
56899 1
56900 3
56901 0
56902 0
56903 0
56904 1
56905 1
56906 2
56907 1
56908 1
56909 1
56910 2
56911 1
56912 0
56913 0
56914 2
56915 2
56916 1
56917 2
56918 1
56919 1
56920 2
56921 3
56922 0
56923 0
56924 1
56925 0
56926 1
56927 1
56928 2
56929 1
56930 0
56931 1
56932 1
56933 0
56934 1
56935 2
56936 1
56937 0
56938 1
56939 0
56940 1
56941 0
56942 0
56943 1
56944 0
56945 3
56946 0
56947 0
56948 0
56949 0
56950 1
56951 0
56952 0
56953 3
56954 0
56955 0
56956 1
56957 0
56958 0
56959 1
56960 0
56961 2
56962 2
56963 1
56964 2
56965 1
56966 0
56967 1
56968 2
56969 2
56970 2
56971 0
56972 0
56973 1
56974 1
56975 2
56976 0
56977 0
56978 0
56979 1
56980 2
56981 1
56982 0
56983 0
56984 1
56985 0
56986 0
56987 1
56988 2
56989 2
56990 0
56991 1
56992 0
56993 2
56994 2
56995 2
56996 1
56997 2
56998 2
56999 1
57000 0
57001 1
57002 2
57003 3
57004 2
57005 1
57006 2
57007 1
57008 2
57009 3
57010 1
57011 1
57012 1
57013 1
57014 2
57015 0
57016 1
57017 2
57018 2
57019 3
57020 2
57021 2
57022 0
57023 0
57024 0
57025 1
57026 1
57027 1
57028 1
57029 0
57030 1
57031 2
57032 3
57033 1
57034 0
57035 3
57036 3
57037 0
57038 2
57039 1
57040 2
57041 0
57042 1
57043 0
57044 0
57045 0
57046 0
57047 0
57048 2
57049 2
57050 1
57051 0
57052 1
57053 1
57054 2
57055 0
57056 1
57057 3
57058 1
57059 0
57060 0
57061 2
57062 0
57063 1
57064 2
57065 1
57066 1
57067 1
57068 0
57069 1
57070 2
57071 1
57072 2
57073 3
57074 2
57075 1
57076 1
57077 0
57078 0
57079 1
57080 1
57081 1
57082 1
57083 2
57084 0
57085 1
57086 0
57087 0
57088 0
57089 0
57090 0
57091 1
57092 1
57093 2
57094 1
57095 1
57096 0
57097 0
57098 1
57099 1
57100 1
57101 2
57102 0
57103 1
57104 2
57105 0
57106 0
57107 0
57108 1
57109 1
57110 0
57111 0
57112 1
57113 2
57114 2
57115 0
57116 2
57117 2
57118 1
57119 0
57120 1
57121 1
57122 3
57123 1
57124 0
57125 2
57126 1
57127 0
57128 3
57129 1
57130 1
57131 2
57132 0
57133 2
57134 3
57135 3
57136 1
57137 1
57138 0
57139 0
57140 0
57141 1
57142 0
57143 2
57144 1
57145 0
57146 2
57147 2
57148 1
57149 0
57150 0
57151 3
57152 2
57153 2
57154 3
57155 2
57156 2
57157 0
57158 1
57159 3
57160 0
57161 3
57162 0
57163 1
57164 1
57165 0
57166 1
57167 2
57168 1
57169 1
57170 0
57171 1
57172 1
57173 0
57174 2
57175 0
57176 1
57177 0
57178 0
57179 1
57180 1
57181 1
57182 1
57183 1
57184 2
57185 1
57186 2
57187 2
57188 0
57189 3
57190 0
57191 0
57192 1
57193 1
57194 1
57195 2
57196 0
57197 3
57198 1
57199 1
57200 1
57201 1
57202 0
57203 2
57204 2
57205 2
57206 0
57207 0
57208 1
57209 1
57210 2
57211 0
57212 2
57213 0
57214 0
57215 0
57216 1
57217 1
57218 1
57219 2
57220 0
57221 2
57222 0
57223 0
57224 0
57225 1
57226 2
57227 1
57228 2
57229 2
57230 0
57231 1
57232 2
57233 2
57234 0
57235 0
57236 0
57237 0
57238 0
57239 1
57240 0
57241 2
57242 1
57243 3
57244 0
57245 2
57246 3
57247 2
57248 0
57249 2
57250 2
57251 1
57252 0
57253 1
57254 2
57255 1
57256 2
57257 3
57258 1
57259 1
57260 0
57261 0
57262 2
57263 1
57264 1
57265 1
57266 0
57267 3
57268 2
57269 1
57270 3
57271 0
57272 0
57273 1
57274 1
57275 2
57276 2
57277 1
57278 1
57279 0
57280 2
57281 0
57282 0
57283 0
57284 2
57285 1
57286 0
57287 1
57288 2
57289 1
57290 2
57291 0
57292 0
57293 0
57294 1
57295 2
57296 2
57297 1
57298 0
57299 1
57300 0
57301 3
57302 2
57303 2
57304 1
57305 2
57306 1
57307 2
57308 0
57309 1
57310 1
57311 2
57312 0
57313 0
57314 0
57315 2
57316 0
57317 1
57318 2
57319 0
57320 0
57321 2
57322 1
57323 1
57324 0
57325 1
57326 2
57327 0
57328 2
57329 1
57330 1
57331 2
57332 2
57333 2
57334 0
57335 3
57336 0
57337 1
57338 0
57339 1
57340 0
57341 0
57342 2
57343 0
57344 0
57345 2
57346 2
57347 0
57348 2
57349 0
57350 0
57351 1
57352 0
57353 1
57354 0
57355 0
57356 2
57357 0
57358 1
57359 1
57360 0
57361 1
57362 2
57363 0
57364 0
57365 2
57366 2
57367 1
57368 1
57369 2
57370 2
57371 1
57372 1
57373 0
57374 0
57375 1
57376 0
57377 0
57378 1
57379 1
57380 1
57381 1
57382 1
57383 0
57384 2
57385 0
57386 1
57387 1
57388 0
57389 0
57390 2
57391 1
57392 2
57393 1
57394 1
57395 0
57396 1
57397 1
57398 0
57399 1
57400 1
57401 2
57402 0
57403 1
57404 0
57405 2
57406 0
57407 2
57408 1
57409 2
57410 2
57411 1
57412 2
57413 0
57414 0
57415 3
57416 1
57417 1
57418 1
57419 1
57420 1
57421 0
57422 1
57423 1
57424 1
57425 1
57426 0
57427 1
57428 1
57429 1
57430 3
57431 3
57432 1
57433 0
57434 1
57435 2
57436 1
57437 1
57438 2
57439 1
57440 1
57441 1
57442 1
57443 1
57444 3
57445 3
57446 1
57447 0
57448 1
57449 1
57450 1
57451 2
57452 0
57453 2
57454 1
57455 0
57456 1
57457 3
57458 2
57459 2
57460 2
57461 1
57462 2
57463 3
57464 1
57465 1
57466 0
57467 0
57468 0
57469 0
57470 2
57471 1
57472 1
57473 2
57474 0
57475 2
57476 0
57477 0
57478 3
57479 0
57480 1
57481 2
57482 0
57483 0
57484 3
57485 0
57486 3
57487 2
57488 0
57489 1
57490 2
57491 2
57492 1
57493 0
57494 1
57495 1
57496 1
57497 2
57498 1
57499 0
57500 1
57501 2
57502 1
57503 1
57504 0
57505 0
57506 2
57507 2
57508 3
57509 1
57510 1
57511 1
57512 2
57513 1
57514 0
57515 2
57516 0
57517 0
57518 3
57519 1
57520 1
57521 2
57522 0
57523 0
57524 1
57525 0
57526 1
57527 0
57528 1
57529 2
57530 1
57531 2
57532 1
57533 0
57534 1
57535 0
57536 2
57537 0
57538 2
57539 1
57540 2
57541 1
57542 2
57543 1
57544 2
57545 1
57546 0
57547 2
57548 1
57549 2
57550 2
57551 0
57552 2
57553 0
57554 2
57555 0
57556 3
57557 3
57558 2
57559 1
57560 1
57561 0
57562 2
57563 1
57564 1
57565 0
57566 2
57567 0
57568 0
57569 0
57570 1
57571 3
57572 0
57573 2
57574 1
57575 2
57576 0
57577 0
57578 1
57579 0
57580 2
57581 1
57582 2
57583 0
57584 1
57585 2
57586 0
57587 0
57588 1
57589 0
57590 1
57591 2
57592 1
57593 1
57594 1
57595 1
57596 0
57597 0
57598 2
57599 1
57600 1
57601 3
57602 0
57603 0
57604 1
57605 1
57606 2
57607 0
57608 0
57609 2
57610 2
57611 2
57612 1
57613 1
57614 0
57615 2
57616 1
57617 0
57618 0
57619 2
57620 2
57621 1
57622 0
57623 2
57624 2
57625 0
57626 2
57627 1
57628 0
57629 1
57630 1
57631 1
57632 1
57633 1
57634 1
57635 0
57636 0
57637 0
57638 0
57639 2
57640 0
57641 0
57642 3
57643 0
57644 2
57645 1
57646 2
57647 1
57648 0
57649 3
57650 2
57651 1
57652 3
57653 1
57654 0
57655 0
57656 2
57657 0
57658 0
57659 1
57660 0
57661 0
57662 1
57663 0
57664 1
57665 0
57666 1
57667 1
57668 1
57669 3
57670 0
57671 1
57672 0
57673 2
57674 2
57675 1
57676 1
57677 0
57678 0
57679 0
57680 3
57681 0
57682 1
57683 2
57684 2
57685 1
57686 0
57687 1
57688 2
57689 3
57690 2
57691 0
57692 2
57693 0
57694 1
57695 1
57696 1
57697 0
57698 0
57699 3
57700 0
57701 0
57702 1
57703 2
57704 1
57705 2
57706 0
57707 1
57708 1
57709 1
57710 2
57711 3
57712 1
57713 1
57714 1
57715 2
57716 2
57717 0
57718 2
57719 0
57720 0
57721 0
57722 0
57723 2
57724 0
57725 1
57726 0
57727 2
57728 0
57729 2
57730 2
57731 2
57732 3
57733 1
57734 2
57735 2
57736 1
57737 0
57738 0
57739 2
57740 2
57741 3
57742 0
57743 2
57744 1
57745 0
57746 2
57747 1
57748 1
57749 2
57750 2
57751 0
57752 2
57753 2
57754 1
57755 0
57756 2
57757 1
57758 1
57759 1
57760 2
57761 2
57762 0
57763 1
57764 0
57765 3
57766 1
57767 0
57768 3
57769 0
57770 1
57771 1
57772 2
57773 0
57774 0
57775 1
57776 3
57777 0
57778 0
57779 1
57780 2
57781 0
57782 0
57783 0
57784 2
57785 1
57786 1
57787 2
57788 1
57789 0
57790 2
57791 2
57792 1
57793 0
57794 0
57795 0
57796 0
57797 1
57798 2
57799 2
57800 1
57801 2
57802 0
57803 1
57804 1
57805 3
57806 0
57807 1
57808 3
57809 1
57810 2
57811 2
57812 2
57813 0
57814 1
57815 1
57816 1
57817 1
57818 0
57819 2
57820 0
57821 3
57822 2
57823 0
57824 1
57825 2
57826 0
57827 0
57828 0
57829 1
57830 2
57831 2
57832 0
57833 3
57834 1
57835 1
57836 2
57837 0
57838 0
57839 3
57840 2
57841 2
57842 0
57843 3
57844 2
57845 1
57846 1
57847 1
57848 0
57849 0
57850 2
57851 0
57852 2
57853 2
57854 2
57855 2
57856 1
57857 1
57858 0
57859 1
57860 0
57861 2
57862 1
57863 2
57864 0
57865 1
57866 0
57867 1
57868 0
57869 1
57870 2
57871 3
57872 1
57873 2
57874 1
57875 2
57876 0
57877 1
57878 0
57879 0
57880 0
57881 2
57882 0
57883 3
57884 2
57885 1
57886 2
57887 1
57888 3
57889 0
57890 0
57891 1
57892 2
57893 0
57894 0
57895 0
57896 0
57897 0
57898 0
57899 1
57900 0
57901 1
57902 0
57903 2
57904 0
57905 0
57906 1
57907 2
57908 1
57909 0
57910 1
57911 1
57912 1
57913 3
57914 2
57915 1
57916 1
57917 1
57918 2
57919 0
57920 0
57921 2
57922 0
57923 0
57924 1
57925 2
57926 2
57927 1
57928 3
57929 0
57930 3
57931 0
57932 1
57933 1
57934 2
57935 0
57936 2
57937 1
57938 0
57939 0
57940 0
57941 1
57942 2
57943 2
57944 2
57945 3
57946 3
57947 1
57948 2
57949 2
57950 0
57951 1
57952 2
57953 1
57954 1
57955 1
57956 0
57957 1
57958 1
57959 3
57960 0
57961 0
57962 0
57963 1
57964 0
57965 2
57966 2
57967 1
57968 0
57969 0
57970 1
57971 1
57972 1
57973 1
57974 1
57975 2
57976 1
57977 0
57978 0
57979 3
57980 0
57981 2
57982 0
57983 0
57984 1
57985 0
57986 1
57987 1
57988 2
57989 2
57990 0
57991 0
57992 1
57993 1
57994 1
57995 1
57996 1
57997 1
57998 1
57999 2
58000 2
58001 1
58002 1
58003 0
58004 0
58005 3
58006 1
58007 1
58008 1
58009 2
58010 3
58011 1
58012 2
58013 1
58014 2
58015 0
58016 3
58017 0
58018 0
58019 3
58020 1
58021 0
58022 0
58023 0
58024 2
58025 1
58026 0
58027 1
58028 2
58029 0
58030 1
58031 2
58032 1
58033 2
58034 2
58035 2
58036 1
58037 1
58038 1
58039 1
58040 1
58041 1
58042 1
58043 0
58044 0
58045 1
58046 0
58047 2
58048 1
58049 0
58050 2
58051 0
58052 0
58053 0
58054 2
58055 1
58056 0
58057 0
58058 1
58059 1
58060 0
58061 1
58062 0
58063 0
58064 0
58065 1
58066 1
58067 0
58068 1
58069 3
58070 0
58071 2
58072 1
58073 2
58074 1
58075 0
58076 1
58077 2
58078 1
58079 1
58080 0
58081 2
58082 2
58083 1
58084 0
58085 2
58086 1
58087 2
58088 0
58089 1
58090 0
58091 3
58092 0
58093 1
58094 0
58095 1
58096 2
58097 1
58098 2
58099 0
58100 0
58101 2
58102 0
58103 0
58104 0
58105 1
58106 2
58107 1
58108 1
58109 1
58110 2
58111 1
58112 2
58113 1
58114 1
58115 1
58116 1
58117 0
58118 1
58119 0
58120 1
58121 1
58122 1
58123 2
58124 2
58125 0
58126 1
58127 1
58128 2
58129 2
58130 2
58131 0
58132 1
58133 0
58134 0
58135 2
58136 0
58137 0
58138 0
58139 1
58140 2
58141 1
58142 0
58143 2
58144 2
58145 2
58146 1
58147 1
58148 1
58149 2
58150 0
58151 0
58152 0
58153 1
58154 1
58155 1
58156 3
58157 0
58158 2
58159 0
58160 1
58161 1
58162 1
58163 0
58164 0
58165 1
58166 3
58167 2
58168 0
58169 1
58170 2
58171 1
58172 1
58173 0
58174 2
58175 1
58176 1
58177 1
58178 0
58179 0
58180 0
58181 1
58182 0
58183 2
58184 1
58185 2
58186 2
58187 1
58188 1
58189 0
58190 0
58191 1
58192 2
58193 0
58194 0
58195 2
58196 0
58197 0
58198 2
58199 1
58200 1
58201 2
58202 3
58203 1
58204 1
58205 1
58206 1
58207 2
58208 2
58209 0
58210 1
58211 2
58212 0
58213 0
58214 1
58215 0
58216 1
58217 3
58218 1
58219 0
58220 0
58221 1
58222 0
58223 1
58224 1
58225 0
58226 3
58227 0
58228 1
58229 1
58230 2
58231 1
58232 2
58233 0
58234 0
58235 2
58236 0
58237 1
58238 2
58239 0
58240 1
58241 2
58242 1
58243 2
58244 0
58245 1
58246 1
58247 2
58248 0
58249 2
58250 1
58251 0
58252 1
58253 2
58254 0
58255 1
58256 0
58257 2
58258 3
58259 0
58260 1
58261 1
58262 3
58263 2
58264 2
58265 0
58266 0
58267 2
58268 0
58269 1
58270 2
58271 0
58272 0
58273 0
58274 1
58275 1
58276 3
58277 1
58278 2
58279 1
58280 1
58281 0
58282 2
58283 2
58284 0
58285 1
58286 2
58287 2
58288 0
58289 2
58290 2
58291 1
58292 0
58293 1
58294 0
58295 1
58296 1
58297 1
58298 0
58299 1
58300 1
58301 2
58302 0
58303 2
58304 0
58305 1
58306 2
58307 0
58308 2
58309 1
58310 2
58311 0
58312 0
58313 2
58314 2
58315 1
58316 0
58317 0
58318 0
58319 1
58320 1
58321 2
58322 2
58323 2
58324 1
58325 2
58326 2
58327 1
58328 1
58329 1
58330 0
58331 0
58332 1
58333 1
58334 2
58335 3
58336 1
58337 0
58338 0
58339 0
58340 0
58341 1
58342 2
58343 1
58344 0
58345 1
58346 0
58347 1
58348 0
58349 1
58350 2
58351 1
58352 1
58353 1
58354 0
58355 1
58356 3
58357 0
58358 1
58359 1
58360 0
58361 1
58362 1
58363 0
58364 0
58365 1
58366 1
58367 1
58368 1
58369 1
58370 2
58371 1
58372 1
58373 1
58374 0
58375 3
58376 2
58377 0
58378 2
58379 0
58380 0
58381 0
58382 2
58383 3
58384 1
58385 2
58386 0
58387 1
58388 1
58389 3
58390 2
58391 1
58392 0
58393 2
58394 1
58395 0
58396 2
58397 0
58398 1
58399 2
58400 1
58401 1
58402 0
58403 1
58404 0
58405 0
58406 1
58407 0
58408 2
58409 1
58410 2
58411 1
58412 3
58413 1
58414 2
58415 1
58416 1
58417 0
58418 1
58419 0
58420 1
58421 2
58422 2
58423 0
58424 0
58425 2
58426 0
58427 3
58428 1
58429 1
58430 0
58431 1
58432 0
58433 3
58434 3
58435 2
58436 2
58437 1
58438 1
58439 1
58440 1
58441 2
58442 1
58443 0
58444 0
58445 1
58446 1
58447 2
58448 3
58449 2
58450 2
58451 2
58452 0
58453 2
58454 2
58455 0
58456 2
58457 3
58458 2
58459 0
58460 1
58461 1
58462 1
58463 1
58464 2
58465 1
58466 2
58467 3
58468 1
58469 3
58470 2
58471 3
58472 0
58473 0
58474 2
58475 0
58476 3
58477 2
58478 0
58479 1
58480 1
58481 1
58482 2
58483 1
58484 0
58485 1
58486 1
58487 1
58488 0
58489 1
58490 1
58491 0
58492 1
58493 2
58494 1
58495 0
58496 0
58497 2
58498 2
58499 0
58500 0
58501 3
58502 1
58503 2
58504 0
58505 0
58506 2
58507 0
58508 0
58509 0
58510 1
58511 2
58512 0
58513 1
58514 3
58515 2
58516 1
58517 0
58518 0
58519 1
58520 0
58521 0
58522 2
58523 2
58524 0
58525 0
58526 1
58527 1
58528 2
58529 0
58530 0
58531 1
58532 0
58533 2
58534 1
58535 1
58536 1
58537 2
58538 0
58539 0
58540 1
58541 0
58542 1
58543 0
58544 2
58545 2
58546 2
58547 0
58548 0
58549 2
58550 2
58551 0
58552 1
58553 0
58554 0
58555 0
58556 1
58557 1
58558 1
58559 2
58560 1
58561 2
58562 0
58563 0
58564 0
58565 1
58566 2
58567 2
58568 0
58569 3
58570 1
58571 1
58572 0
58573 1
58574 0
58575 1
58576 2
58577 2
58578 2
58579 0
58580 3
58581 0
58582 0
58583 0
58584 1
58585 1
58586 0
58587 1
58588 0
58589 1
58590 0
58591 2
58592 2
58593 2
58594 1
58595 0
58596 1
58597 1
58598 0
58599 1
58600 1
58601 1
58602 0
58603 2
58604 0
58605 2
58606 1
58607 3
58608 1
58609 0
58610 1
58611 0
58612 1
58613 2
58614 0
58615 0
58616 0
58617 1
58618 0
58619 0
58620 2
58621 1
58622 1
58623 1
58624 2
58625 0
58626 2
58627 2
58628 0
58629 2
58630 1
58631 2
58632 1
58633 0
58634 1
58635 3
58636 3
58637 3
58638 2
58639 3
58640 2
58641 0
58642 1
58643 2
58644 2
58645 2
58646 2
58647 0
58648 1
58649 0
58650 1
58651 0
58652 0
58653 1
58654 1
58655 0
58656 2
58657 1
58658 2
58659 2
58660 1
58661 2
58662 0
58663 0
58664 0
58665 1
58666 1
58667 1
58668 2
58669 0
58670 2
58671 0
58672 3
58673 2
58674 0
58675 0
58676 1
58677 2
58678 1
58679 1
58680 1
58681 0
58682 2
58683 1
58684 2
58685 1
58686 0
58687 0
58688 0
58689 2
58690 0
58691 0
58692 2
58693 0
58694 1
58695 1
58696 2
58697 0
58698 1
58699 1
58700 1
58701 3
58702 2
58703 2
58704 2
58705 0
58706 2
58707 2
58708 1
58709 0
58710 0
58711 2
58712 0
58713 2
58714 0
58715 1
58716 2
58717 1
58718 2
58719 1
58720 2
58721 2
58722 2
58723 2
58724 2
58725 0
58726 0
58727 0
58728 3
58729 0
58730 0
58731 2
58732 1
58733 0
58734 1
58735 1
58736 2
58737 2
58738 1
58739 0
58740 2
58741 0
58742 2
58743 1
58744 2
58745 0
58746 0
58747 2
58748 2
58749 0
58750 2
58751 0
58752 2
58753 0
58754 0
58755 1
58756 0
58757 1
58758 2
58759 0
58760 0
58761 0
58762 2
58763 1
58764 1
58765 2
58766 2
58767 2
58768 1
58769 1
58770 1
58771 1
58772 0
58773 3
58774 3
58775 2
58776 2
58777 1
58778 2
58779 1
58780 2
58781 0
58782 0
58783 1
58784 0
58785 2
58786 2
58787 1
58788 1
58789 0
58790 3
58791 2
58792 0
58793 0
58794 2
58795 0
58796 0
58797 3
58798 3
58799 1
58800 2
58801 2
58802 2
58803 2
58804 2
58805 1
58806 1
58807 2
58808 2
58809 1
58810 0
58811 1
58812 1
58813 0
58814 0
58815 1
58816 0
58817 1
58818 3
58819 0
58820 2
58821 0
58822 1
58823 1
58824 1
58825 0
58826 0
58827 2
58828 1
58829 1
58830 2
58831 2
58832 1
58833 0
58834 0
58835 0
58836 2
58837 0
58838 2
58839 0
58840 0
58841 0
58842 1
58843 2
58844 1
58845 1
58846 0
58847 0
58848 0
58849 2
58850 1
58851 0
58852 2
58853 1
58854 0
58855 0
58856 0
58857 0
58858 2
58859 1
58860 1
58861 2
58862 2
58863 2
58864 3
58865 1
58866 2
58867 2
58868 1
58869 2
58870 1
58871 2
58872 0
58873 1
58874 0
58875 2
58876 1
58877 0
58878 1
58879 0
58880 0
58881 0
58882 1
58883 3
58884 1
58885 2
58886 2
58887 0
58888 2
58889 0
58890 3
58891 1
58892 2
58893 1
58894 0
58895 1
58896 0
58897 1
58898 1
58899 2
58900 0
58901 1
58902 0
58903 2
58904 0
58905 1
58906 1
58907 2
58908 2
58909 0
58910 0
58911 0
58912 2
58913 1
58914 0
58915 0
58916 0
58917 2
58918 2
58919 2
58920 1
58921 1
58922 1
58923 0
58924 1
58925 1
58926 0
58927 1
58928 0
58929 1
58930 0
58931 1
58932 2
58933 0
58934 1
58935 1
58936 0
58937 0
58938 3
58939 2
58940 0
58941 0
58942 1
58943 1
58944 2
58945 0
58946 2
58947 1
58948 2
58949 1
58950 2
58951 0
58952 3
58953 0
58954 0
58955 3
58956 0
58957 1
58958 1
58959 3
58960 0
58961 2
58962 2
58963 1
58964 3
58965 0
58966 1
58967 1
58968 1
58969 2
58970 2
58971 0
58972 2
58973 1
58974 0
58975 1
58976 2
58977 0
58978 1
58979 0
58980 1
58981 1
58982 2
58983 1
58984 0
58985 1
58986 0
58987 2
58988 3
58989 0
58990 1
58991 3
58992 1
58993 3
58994 1
58995 0
58996 1
58997 0
58998 2
58999 0
59000 1
59001 2
59002 1
59003 3
59004 1
59005 2
59006 1
59007 0
59008 2
59009 0
59010 1
59011 0
59012 1
59013 2
59014 1
59015 1
59016 0
59017 1
59018 0
59019 1
59020 2
59021 1
59022 1
59023 2
59024 3
59025 2
59026 1
59027 3
59028 1
59029 0
59030 3
59031 2
59032 0
59033 2
59034 0
59035 2
59036 2
59037 0
59038 1
59039 0
59040 2
59041 0
59042 2
59043 1
59044 0
59045 0
59046 0
59047 0
59048 2
59049 2
59050 1
59051 0
59052 1
59053 0
59054 1
59055 0
59056 2
59057 2
59058 2
59059 0
59060 1
59061 1
59062 0
59063 2
59064 0
59065 0
59066 0
59067 1
59068 0
59069 0
59070 0
59071 1
59072 0
59073 1
59074 1
59075 2
59076 1
59077 1
59078 0
59079 2
59080 2
59081 2
59082 2
59083 0
59084 2
59085 2
59086 2
59087 1
59088 2
59089 1
59090 2
59091 2
59092 2
59093 0
59094 0
59095 2
59096 2
59097 0
59098 1
59099 1
59100 2
59101 0
59102 2
59103 0
59104 2
59105 0
59106 1
59107 1
59108 0
59109 2
59110 1
59111 1
59112 1
59113 3
59114 2
59115 1
59116 0
59117 1
59118 0
59119 2
59120 0
59121 2
59122 2
59123 1
59124 1
59125 3
59126 0
59127 1
59128 0
59129 1
59130 3
59131 0
59132 1
59133 1
59134 1
59135 0
59136 2
59137 0
59138 1
59139 1
59140 3
59141 0
59142 0
59143 1
59144 0
59145 1
59146 1
59147 3
59148 1
59149 1
59150 1
59151 1
59152 0
59153 2
59154 1
59155 0
59156 1
59157 2
59158 1
59159 1
59160 2
59161 0
59162 1
59163 2
59164 1
59165 1
59166 0
59167 0
59168 1
59169 0
59170 0
59171 1
59172 2
59173 3
59174 1
59175 2
59176 0
59177 2
59178 1
59179 2
59180 0
59181 1
59182 0
59183 0
59184 1
59185 2
59186 0
59187 1
59188 1
59189 2
59190 0
59191 0
59192 1
59193 2
59194 3
59195 2
59196 0
59197 0
59198 1
59199 0
59200 0
59201 3
59202 1
59203 0
59204 2
59205 2
59206 0
59207 1
59208 0
59209 2
59210 1
59211 1
59212 3
59213 1
59214 1
59215 2
59216 2
59217 0
59218 2
59219 0
59220 0
59221 2
59222 2
59223 3
59224 1
59225 0
59226 1
59227 1
59228 1
59229 2
59230 2
59231 2
59232 1
59233 2
59234 2
59235 0
59236 0
59237 2
59238 1
59239 1
59240 1
59241 2
59242 0
59243 3
59244 0
59245 1
59246 0
59247 0
59248 0
59249 3
59250 2
59251 1
59252 2
59253 2
59254 0
59255 0
59256 0
59257 0
59258 1
59259 1
59260 2
59261 1
59262 1
59263 0
59264 3
59265 2
59266 2
59267 1
59268 0
59269 0
59270 1
59271 1
59272 1
59273 2
59274 1
59275 0
59276 1
59277 1
59278 0
59279 0
59280 2
59281 1
59282 1
59283 2
59284 0
59285 3
59286 1
59287 0
59288 0
59289 1
59290 0
59291 0
59292 0
59293 0
59294 2
59295 0
59296 2
59297 1
59298 1
59299 2
59300 2
59301 1
59302 1
59303 1
59304 1
59305 0
59306 0
59307 0
59308 1
59309 1
59310 0
59311 1
59312 1
59313 3
59314 2
59315 0
59316 3
59317 0
59318 2
59319 1
59320 3
59321 0
59322 0
59323 1
59324 2
59325 3
59326 0
59327 1
59328 2
59329 1
59330 2
59331 0
59332 1
59333 0
59334 2
59335 0
59336 2
59337 2
59338 1
59339 0
59340 1
59341 2
59342 0
59343 0
59344 1
59345 1
59346 2
59347 1
59348 0
59349 1
59350 2
59351 3
59352 0
59353 0
59354 1
59355 1
59356 2
59357 2
59358 1
59359 1
59360 1
59361 1
59362 1
59363 2
59364 1
59365 2
59366 2
59367 0
59368 2
59369 1
59370 1
59371 2
59372 0
59373 1
59374 0
59375 2
59376 1
59377 2
59378 1
59379 3
59380 1
59381 0
59382 0
59383 1
59384 2
59385 1
59386 1
59387 2
59388 1
59389 0
59390 1
59391 1
59392 1
59393 1
59394 1
59395 1
59396 0
59397 0
59398 0
59399 2
59400 1
59401 0
59402 1
59403 2
59404 2
59405 1
59406 0
59407 1
59408 1
59409 0
59410 0
59411 3
59412 1
59413 1
59414 2
59415 2
59416 0
59417 1
59418 1
59419 1
59420 0
59421 0
59422 0
59423 2
59424 1
59425 2
59426 0
59427 2
59428 1
59429 1
59430 3
59431 1
59432 2
59433 0
59434 1
59435 2
59436 0
59437 2
59438 0
59439 1
59440 3
59441 1
59442 1
59443 1
59444 0
59445 3
59446 2
59447 1
59448 0
59449 1
59450 2
59451 0
59452 2
59453 0
59454 1
59455 0
59456 0
59457 2
59458 2
59459 0
59460 1
59461 1
59462 1
59463 0
59464 0
59465 2
59466 1
59467 1
59468 0
59469 2
59470 1
59471 2
59472 3
59473 0
59474 0
59475 0
59476 0
59477 1
59478 2
59479 1
59480 0
59481 0
59482 2
59483 2
59484 2
59485 0
59486 0
59487 0
59488 0
59489 2
59490 0
59491 0
59492 1
59493 0
59494 3
59495 0
59496 1
59497 1
59498 2
59499 1
59500 1
59501 3
59502 2
59503 0
59504 2
59505 0
59506 2
59507 2
59508 0
59509 0
59510 1
59511 0
59512 0
59513 1
59514 2
59515 1
59516 2
59517 0
59518 1
59519 3
59520 0
59521 1
59522 2
59523 0
59524 1
59525 0
59526 0
59527 0
59528 1
59529 2
59530 2
59531 1
59532 2
59533 2
59534 0
59535 2
59536 1
59537 2
59538 1
59539 0
59540 2
59541 1
59542 2
59543 1
59544 2
59545 0
59546 2
59547 0
59548 2
59549 0
59550 0
59551 1
59552 0
59553 0
59554 1
59555 0
59556 1
59557 2
59558 1
59559 0
59560 1
59561 2
59562 0
59563 3
59564 0
59565 2
59566 0
59567 0
59568 2
59569 0
59570 1
59571 1
59572 0
59573 1
59574 2
59575 2
59576 1
59577 2
59578 0
59579 0
59580 1
59581 2
59582 1
59583 0
59584 1
59585 2
59586 1
59587 2
59588 3
59589 0
59590 3
59591 2
59592 1
59593 1
59594 1
59595 1
59596 2
59597 1
59598 1
59599 0
59600 0
59601 2
59602 0
59603 0
59604 2
59605 1
59606 2
59607 1
59608 2
59609 1
59610 1
59611 2
59612 1
59613 2
59614 0
59615 2
59616 2
59617 1
59618 0
59619 1
59620 1
59621 2
59622 0
59623 1
59624 0
59625 0
59626 0
59627 1
59628 0
59629 1
59630 1
59631 1
59632 1
59633 2
59634 2
59635 0
59636 1
59637 2
59638 0
59639 2
59640 0
59641 1
59642 0
59643 1
59644 2
59645 2
59646 0
59647 2
59648 1
59649 2
59650 2
59651 2
59652 0
59653 1
59654 0
59655 2
59656 3
59657 1
59658 1
59659 0
59660 2
59661 2
59662 0
59663 1
59664 2
59665 1
59666 0
59667 2
59668 0
59669 2
59670 0
59671 0
59672 0
59673 1
59674 2
59675 0
59676 2
59677 1
59678 0
59679 0
59680 0
59681 2
59682 2
59683 0
59684 1
59685 1
59686 2
59687 1
59688 2
59689 3
59690 0
59691 0
59692 0
59693 1
59694 0
59695 2
59696 0
59697 2
59698 1
59699 1
59700 1
59701 1
59702 2
59703 0
59704 2
59705 0
59706 1
59707 2
59708 0
59709 0
59710 0
59711 1
59712 2
59713 1
59714 1
59715 0
59716 1
59717 0
59718 1
59719 0
59720 1
59721 0
59722 2
59723 0
59724 1
59725 0
59726 1
59727 1
59728 2
59729 1
59730 0
59731 0
59732 2
59733 0
59734 0
59735 1
59736 0
59737 2
59738 2
59739 2
59740 0
59741 0
59742 3
59743 2
59744 2
59745 3
59746 1
59747 0
59748 3
59749 2
59750 1
59751 1
59752 1
59753 1
59754 1
59755 0
59756 0
59757 0
59758 1
59759 0
59760 2
59761 0
59762 0
59763 0
59764 2
59765 0
59766 0
59767 3
59768 2
59769 1
59770 0
59771 0
59772 0
59773 1
59774 0
59775 0
59776 0
59777 3
59778 1
59779 2
59780 0
59781 1
59782 3
59783 1
59784 1
59785 1
59786 1
59787 2
59788 1
59789 0
59790 1
59791 1
59792 1
59793 0
59794 1
59795 0
59796 2
59797 0
59798 0
59799 1
59800 1
59801 0
59802 1
59803 1
59804 2
59805 0
59806 1
59807 1
59808 0
59809 2
59810 2
59811 0
59812 0
59813 0
59814 2
59815 1
59816 3
59817 2
59818 0
59819 0
59820 0
59821 2
59822 0
59823 1
59824 0
59825 1
59826 0
59827 1
59828 0
59829 1
59830 2
59831 2
59832 1
59833 1
59834 1
59835 0
59836 2
59837 2
59838 0
59839 1
59840 2
59841 1
59842 2
59843 0
59844 1
59845 2
59846 0
59847 2
59848 0
59849 0
59850 2
59851 1
59852 0
59853 1
59854 2
59855 0
59856 2
59857 2
59858 2
59859 1
59860 2
59861 0
59862 1
59863 2
59864 2
59865 2
59866 0
59867 1
59868 2
59869 2
59870 0
59871 3
59872 3
59873 1
59874 1
59875 0
59876 1
59877 0
59878 0
59879 2
59880 2
59881 1
59882 0
59883 0
59884 0
59885 3
59886 2
59887 1
59888 1
59889 1
59890 0
59891 0
59892 0
59893 1
59894 0
59895 2
59896 1
59897 1
59898 1
59899 0
59900 2
59901 1
59902 2
59903 1
59904 2
59905 3
59906 2
59907 1
59908 0
59909 0
59910 0
59911 1
59912 2
59913 2
59914 2
59915 2
59916 1
59917 0
59918 1
59919 2
59920 0
59921 2
59922 3
59923 2
59924 0
59925 2
59926 2
59927 3
59928 0
59929 2
59930 3
59931 1
59932 3
59933 1
59934 0
59935 2
59936 1
59937 2
59938 2
59939 1
59940 0
59941 0
59942 1
59943 0
59944 0
59945 2
59946 0
59947 1
59948 2
59949 0
59950 2
59951 1
59952 1
59953 0
59954 1
59955 0
59956 2
59957 2
59958 1
59959 3
59960 0
59961 1
59962 0
59963 0
59964 0
59965 1
59966 1
59967 0
59968 2
59969 2
59970 3
59971 2
59972 3
59973 0
59974 0
59975 2
59976 2
59977 1
59978 0
59979 0
59980 2
59981 1
59982 0
59983 2
59984 2
59985 3
59986 2
59987 2
59988 2
59989 0
59990 2
59991 0
59992 1
59993 1
59994 0
59995 1
59996 1
59997 0
59998 0
59999 1
60000 1
60001 1
60002 0
60003 0
60004 0
60005 0
60006 2
60007 0
60008 0
60009 0
60010 3
60011 0
60012 2
60013 1
60014 2
60015 2
60016 0
60017 2
60018 3
60019 2
60020 1
60021 1
60022 0
60023 0
60024 1
60025 1
60026 0
60027 0
60028 2
60029 1
60030 1
60031 0
60032 1
60033 0
60034 2
60035 2
60036 1
60037 2
60038 0
60039 2
60040 1
60041 0
60042 3
60043 1
60044 0
60045 2
60046 2
60047 1
60048 0
60049 1
60050 0
60051 1
60052 0
60053 1
60054 0
60055 2
60056 2
60057 1
60058 1
60059 1
60060 0
60061 1
60062 2
60063 0
60064 1
60065 1
60066 2
60067 0
60068 1
60069 2
60070 2
60071 1
60072 1
60073 1
60074 1
60075 0
60076 2
60077 1
60078 0
60079 0
60080 2
60081 0
60082 0
60083 0
60084 1
60085 3
60086 1
60087 0
60088 0
60089 1
60090 2
60091 2
60092 1
60093 2
60094 1
60095 1
60096 0
60097 3
60098 1
60099 1
60100 2
60101 0
60102 0
60103 1
60104 1
60105 1
60106 2
60107 3
60108 0
60109 0
60110 2
60111 1
60112 1
60113 1
60114 2
60115 0
60116 1
60117 2
60118 0
60119 1
60120 0
60121 1
60122 0
60123 0
60124 0
60125 0
60126 0
60127 2
60128 0
60129 1
60130 2
60131 0
60132 0
60133 2
60134 0
60135 1
60136 1
60137 0
60138 2
60139 1
60140 0
60141 0
60142 0
60143 1
60144 1
60145 1
60146 1
60147 2
60148 0
60149 1
60150 0
60151 1
60152 2
60153 0
60154 1
60155 4
60156 2
60157 2
60158 2
60159 1
60160 0
60161 1
60162 0
60163 0
60164 0
60165 1
60166 1
60167 1
60168 1
60169 1
60170 1
60171 1
60172 2
60173 1
60174 2
60175 1
60176 3
60177 1
60178 2
60179 0
60180 2
60181 1
60182 0
60183 1
60184 2
60185 0
60186 0
60187 1
60188 0
60189 1
60190 3
60191 2
60192 0
60193 2
60194 1
60195 2
60196 0
60197 2
60198 1
60199 0
60200 0
60201 2
60202 2
60203 1
60204 0
60205 1
60206 0
60207 0
60208 2
60209 1
60210 1
60211 2
60212 2
60213 2
60214 1
60215 0
60216 0
60217 2
60218 0
60219 0
60220 1
60221 2
60222 2
60223 2
60224 0
60225 2
60226 1
60227 2
60228 0
60229 0
60230 2
60231 2
60232 0
60233 2
60234 2
60235 1
60236 0
60237 2
60238 1
60239 2
60240 1
60241 2
60242 1
60243 2
60244 1
60245 2
60246 0
60247 0
60248 1
60249 2
60250 0
60251 0
60252 0
60253 0
60254 2
60255 1
60256 2
60257 2
60258 0
60259 2
60260 1
60261 1
60262 2
60263 2
60264 2
60265 3
60266 2
60267 0
60268 0
60269 0
60270 0
60271 2
60272 2
60273 1
60274 1
60275 1
60276 0
60277 0
60278 1
60279 1
60280 1
60281 1
60282 0
60283 1
60284 2
60285 0
60286 0
60287 0
60288 2
60289 2
60290 1
60291 1
60292 1
60293 2
60294 0
60295 1
60296 0
60297 2
60298 0
60299 2
60300 0
60301 1
60302 2
60303 0
60304 0
60305 2
60306 2
60307 1
60308 1
60309 0
60310 3
60311 1
60312 2
60313 1
60314 2
60315 1
60316 0
60317 1
60318 1
60319 0
60320 0
60321 0
60322 0
60323 0
60324 2
60325 2
60326 2
60327 0
60328 2
60329 2
60330 1
60331 2
60332 3
60333 1
60334 0
60335 1
60336 0
60337 1
60338 0
60339 1
60340 2
60341 2
60342 0
60343 3
60344 0
60345 0
60346 3
60347 1
60348 1
60349 1
60350 2
60351 2
60352 2
60353 0
60354 2
60355 2
60356 1
60357 2
60358 1
60359 1
60360 0
60361 2
60362 0
60363 3
60364 2
60365 1
60366 0
60367 0
60368 1
60369 2
60370 1
60371 1
60372 1
60373 0
60374 0
60375 1
60376 0
60377 2
60378 0
60379 2
60380 2
60381 1
60382 3
60383 2
60384 1
60385 1
60386 2
60387 1
60388 1
60389 1
60390 1
60391 0
60392 2
60393 2
60394 2
60395 0
60396 2
60397 0
60398 2
60399 1
60400 0
60401 2
60402 1
60403 2
60404 1
60405 2
60406 1
60407 1
60408 1
60409 2
60410 1
60411 1
60412 2
60413 1
60414 1
60415 1
60416 1
60417 0
60418 1
60419 2
60420 0
60421 1
60422 0
60423 1
60424 2
60425 1
60426 0
60427 0
60428 1
60429 1
60430 2
60431 0
60432 1
60433 0
60434 0
60435 0
60436 2
60437 1
60438 3
60439 3
60440 2
60441 0
60442 2
60443 1
60444 1
60445 1
60446 2
60447 0
60448 0
60449 0
60450 3
60451 3
60452 0
60453 2
60454 2
60455 1
60456 2
60457 1
60458 2
60459 1
60460 3
60461 2
60462 0
60463 1
60464 0
60465 1
60466 1
60467 1
60468 0
60469 1
60470 0
60471 0
60472 0
60473 1
60474 0
60475 1
60476 2
60477 0
60478 2
60479 2
60480 1
60481 1
60482 1
60483 2
60484 2
60485 1
60486 1
60487 0
60488 1
60489 2
60490 2
60491 1
60492 2
60493 1
60494 1
60495 1
60496 0
60497 2
60498 0
60499 2
60500 0
60501 2
60502 0
60503 2
60504 0
60505 0
60506 2
60507 0
60508 1
60509 0
60510 0
60511 0
60512 0
60513 0
60514 0
60515 2
60516 1
60517 1
60518 2
60519 0
60520 1
60521 1
60522 2
60523 2
60524 0
60525 1
60526 2
60527 1
60528 1
60529 2
60530 2
60531 2
60532 0
60533 0
60534 0
60535 1
60536 0
60537 1
60538 0
60539 0
60540 1
60541 0
60542 2
60543 2
60544 2
60545 0
60546 0
60547 0
60548 2
60549 1
60550 0
60551 0
60552 1
60553 2
60554 0
60555 0
60556 2
60557 1
60558 1
60559 2
60560 1
60561 1
60562 0
60563 0
60564 0
60565 0
60566 1
60567 3
60568 1
60569 0
60570 1
60571 0
60572 1
60573 2
60574 0
60575 1
60576 2
60577 1
60578 1
60579 2
60580 2
60581 1
60582 0
60583 0
60584 2
60585 0
60586 2
60587 0
60588 1
60589 0
60590 1
60591 2
60592 2
60593 0
60594 3
60595 1
60596 2
60597 1
60598 1
60599 1
60600 1
60601 0
60602 2
60603 1
60604 3
60605 1
60606 0
60607 2
60608 1
60609 2
60610 2
60611 0
60612 1
60613 0
60614 2
60615 0
60616 2
60617 1
60618 2
60619 1
60620 2
60621 2
60622 1
60623 0
60624 1
60625 1
60626 1
60627 1
60628 0
60629 1
60630 3
60631 0
60632 0
60633 1
60634 0
60635 0
60636 0
60637 2
60638 3
60639 0
60640 0
60641 0
60642 3
60643 0
60644 2
60645 2
60646 1
60647 0
60648 0
60649 0
60650 0
60651 2
60652 1
60653 2
60654 1
60655 1
60656 1
60657 1
60658 2
60659 0
60660 2
60661 3
60662 1
60663 1
60664 3
60665 2
60666 1
60667 1
60668 1
60669 2
60670 2
60671 1
60672 0
60673 1
60674 0
60675 2
60676 0
60677 2
60678 0
60679 1
60680 2
60681 2
60682 3
60683 0
60684 1
60685 1
60686 0
60687 2
60688 0
60689 1
60690 0
60691 2
60692 0
60693 0
60694 0
60695 2
60696 2
60697 1
60698 2
60699 0
60700 2
60701 3
60702 1
60703 2
60704 0
60705 2
60706 0
60707 1
60708 2
60709 1
60710 0
60711 0
60712 2
60713 3
60714 1
60715 0
60716 0
60717 1
60718 0
60719 0
60720 1
60721 1
60722 0
60723 1
60724 2
60725 1
60726 0
60727 0
60728 1
60729 0
60730 0
60731 2
60732 0
60733 1
60734 1
60735 2
60736 1
60737 2
60738 0
60739 0
60740 2
60741 0
60742 2
60743 0
60744 2
60745 0
60746 0
60747 0
60748 0
60749 2
60750 1
60751 2
60752 4
60753 2
60754 2
60755 0
60756 1
60757 1
60758 1
60759 0
60760 2
60761 0
60762 1
60763 2
60764 0
60765 0
60766 1
60767 1
60768 3
60769 1
60770 0
60771 1
60772 1
60773 1
60774 1
60775 2
60776 0
60777 1
60778 0
60779 1
60780 2
60781 2
60782 1
60783 0
60784 2
60785 1
60786 0
60787 0
60788 0
60789 2
60790 1
60791 0
60792 0
60793 1
60794 0
60795 0
60796 0
60797 1
60798 0
60799 0
60800 0
60801 0
60802 0
60803 1
60804 1
60805 2
60806 0
60807 1
60808 0
60809 2
60810 2
60811 0
60812 1
60813 0
60814 1
60815 0
60816 1
60817 2
60818 2
60819 0
60820 0
60821 0
60822 3
60823 2
60824 1
60825 1
60826 0
60827 2
60828 0
60829 1
60830 2
60831 2
60832 2
60833 1
60834 2
60835 0
60836 1
60837 2
60838 1
60839 0
60840 1
60841 0
60842 1
60843 1
60844 0
60845 0
60846 0
60847 0
60848 1
60849 1
60850 2
60851 2
60852 2
60853 1
60854 1
60855 2
60856 3
60857 2
60858 2
60859 2
60860 0
60861 1
60862 0
60863 0
60864 1
60865 1
60866 1
60867 0
60868 2
60869 1
60870 2
60871 2
60872 1
60873 2
60874 0
60875 2
60876 2
60877 2
60878 0
60879 0
60880 0
60881 0
60882 1
60883 0
60884 2
60885 1
60886 0
60887 0
60888 0
60889 0
60890 1
60891 1
60892 0
60893 2
60894 1
60895 0
60896 1
60897 3
60898 1
60899 0
60900 0
60901 1
60902 2
60903 2
60904 1
60905 0
60906 0
60907 2
60908 1
60909 0
60910 1
60911 0
60912 0
60913 1
60914 0
60915 2
60916 2
60917 1
60918 2
60919 1
60920 2
60921 3
60922 1
60923 2
60924 1
60925 0
60926 2
60927 1
60928 1
60929 1
60930 2
60931 2
60932 3
60933 3
60934 1
60935 2
60936 2
60937 1
60938 0
60939 1
60940 1
60941 2
60942 1
60943 1
60944 0
60945 1
60946 1
60947 1
60948 1
60949 1
60950 0
60951 1
60952 2
60953 1
60954 0
60955 1
60956 2
60957 0
60958 0
60959 3
60960 1
60961 0
60962 0
60963 0
60964 2
60965 2
60966 1
60967 0
60968 2
60969 2
60970 2
60971 1
60972 1
60973 2
60974 0
60975 0
60976 0
60977 1
60978 1
60979 0
60980 1
60981 3
60982 0
60983 2
60984 2
60985 1
60986 0
60987 1
60988 0
60989 0
60990 0
60991 2
60992 0
60993 0
60994 0
60995 1
60996 3
60997 0
60998 3
60999 1
61000 1
61001 2
61002 1
61003 2
61004 0
61005 1
61006 2
61007 2
61008 0
61009 0
61010 2
61011 0
61012 2
61013 2
61014 3
61015 2
61016 2
61017 0
61018 0
61019 2
61020 0
61021 0
61022 2
61023 2
61024 3
61025 1
61026 0
61027 1
61028 0
61029 2
61030 2
61031 0
61032 1
61033 0
61034 1
61035 1
61036 3
61037 2
61038 0
61039 0
61040 1
61041 0
61042 2
61043 2
61044 1
61045 2
61046 2
61047 1
61048 1
61049 1
61050 2
61051 0
61052 2
61053 1
61054 0
61055 1
61056 0
61057 2
61058 0
61059 1
61060 3
61061 1
61062 0
61063 2
61064 2
61065 1
61066 1
61067 0
61068 1
61069 1
61070 3
61071 1
61072 2
61073 0
61074 1
61075 1
61076 1
61077 1
61078 3
61079 0
61080 2
61081 0
61082 3
61083 3
61084 2
61085 2
61086 1
61087 1
61088 0
61089 2
61090 0
61091 3
61092 1
61093 3
61094 2
61095 1
61096 0
61097 2
61098 2
61099 1
61100 1
61101 2
61102 0
61103 1
61104 1
61105 0
61106 3
61107 1
61108 0
61109 0
61110 0
61111 1
61112 2
61113 3
61114 2
61115 3
61116 2
61117 1
61118 0
61119 2
61120 3
61121 0
61122 2
61123 1
61124 0
61125 3
61126 1
61127 1
61128 2
61129 1
61130 2
61131 0
61132 3
61133 1
61134 0
61135 1
61136 1
61137 1
61138 2
61139 2
61140 1
61141 3
61142 1
61143 1
61144 2
61145 0
61146 0
61147 0
61148 1
61149 0
61150 0
61151 2
61152 0
61153 2
61154 0
61155 0
61156 1
61157 1
61158 2
61159 0
61160 0
61161 2
61162 2
61163 1
61164 0
61165 0
61166 2
61167 2
61168 0
61169 0
61170 1
61171 0
61172 3
61173 0
61174 1
61175 2
61176 1
61177 2
61178 2
61179 3
61180 2
61181 2
61182 1
61183 2
61184 0
61185 0
61186 0
61187 0
61188 1
61189 2
61190 0
61191 0
61192 0
61193 0
61194 0
61195 0
61196 2
61197 2
61198 0
61199 1
61200 0
61201 1
61202 1
61203 1
61204 1
61205 1
61206 3
61207 0
61208 0
61209 2
61210 1
61211 3
61212 0
61213 2
61214 3
61215 0
61216 1
61217 1
61218 1
61219 1
61220 3
61221 1
61222 1
61223 0
61224 1
61225 2
61226 0
61227 1
61228 0
61229 1
61230 2
61231 1
61232 3
61233 3
61234 0
61235 2
61236 2
61237 0
61238 0
61239 1
61240 0
61241 1
61242 0
61243 1
61244 0
61245 2
61246 1
61247 1
61248 2
61249 3
61250 2
61251 0
61252 2
61253 2
61254 0
61255 1
61256 2
61257 0
61258 0
61259 0
61260 0
61261 2
61262 0
61263 1
61264 1
61265 2
61266 1
61267 2
61268 2
61269 1
61270 2
61271 0
61272 0
61273 2
61274 0
61275 0
61276 3
61277 0
61278 0
61279 0
61280 0
61281 0
61282 0
61283 3
61284 1
61285 1
61286 1
61287 1
61288 2
61289 0
61290 0
61291 2
61292 0
61293 0
61294 3
61295 3
61296 2
61297 1
61298 0
61299 1
61300 2
61301 2
61302 1
61303 1
61304 3
61305 0
61306 0
61307 1
61308 0
61309 0
61310 2
61311 0
61312 3
61313 2
61314 2
61315 2
61316 0
61317 1
61318 1
61319 0
61320 3
61321 1
61322 0
61323 1
61324 1
61325 0
61326 1
61327 2
61328 1
61329 2
61330 0
61331 0
61332 1
61333 2
61334 0
61335 3
61336 0
61337 0
61338 3
61339 0
61340 1
61341 2
61342 3
61343 0
61344 2
61345 2
61346 0
61347 2
61348 2
61349 0
61350 2
61351 2
61352 1
61353 0
61354 1
61355 1
61356 2
61357 0
61358 0
61359 1
61360 1
61361 3
61362 0
61363 0
61364 3
61365 3
61366 2
61367 1
61368 0
61369 1
61370 2
61371 2
61372 1
61373 2
61374 2
61375 2
61376 2
61377 2
61378 0
61379 2
61380 3
61381 2
61382 1
61383 1
61384 2
61385 1
61386 1
61387 1
61388 2
61389 1
61390 1
61391 1
61392 0
61393 0
61394 1
61395 1
61396 1
61397 2
61398 1
61399 0
61400 0
61401 2
61402 3
61403 0
61404 0
61405 2
61406 1
61407 0
61408 0
61409 2
61410 0
61411 0
61412 0
61413 3
61414 1
61415 0
61416 0
61417 1
61418 0
61419 1
61420 0
61421 2
61422 2
61423 1
61424 1
61425 1
61426 0
61427 2
61428 2
61429 0
61430 0
61431 0
61432 2
61433 3
61434 2
61435 3
61436 2
61437 1
61438 2
61439 0
61440 1
61441 1
61442 0
61443 1
61444 0
61445 1
61446 1
61447 1
61448 1
61449 2
61450 1
61451 2
61452 3
61453 2
61454 1
61455 1
61456 1
61457 2
61458 0
61459 0
61460 1
61461 2
61462 0
61463 2
61464 0
61465 1
61466 2
61467 2
61468 2
61469 0
61470 0
61471 0
61472 1
61473 2
61474 0
61475 2
61476 1
61477 1
61478 0
61479 3
61480 1
61481 0
61482 1
61483 2
61484 2
61485 0
61486 2
61487 0
61488 1
61489 2
61490 1
61491 0
61492 2
61493 3
61494 2
61495 0
61496 2
61497 2
61498 1
61499 1
61500 1
61501 1
61502 1
61503 1
61504 2
61505 0
61506 0
61507 2
61508 0
61509 0
61510 0
61511 2
61512 1
61513 2
61514 1
61515 1
61516 0
61517 1
61518 1
61519 0
61520 2
61521 2
61522 0
61523 2
61524 1
61525 1
61526 0
61527 3
61528 1
61529 0
61530 2
61531 1
61532 0
61533 2
61534 0
61535 1
61536 0
61537 2
61538 2
61539 1
61540 2
61541 0
61542 2
61543 2
61544 1
61545 2
61546 0
61547 0
61548 0
61549 2
61550 1
61551 2
61552 2
61553 0
61554 1
61555 0
61556 1
61557 0
61558 0
61559 0
61560 0
61561 1
61562 1
61563 2
61564 1
61565 1
61566 1
61567 2
61568 2
61569 0
61570 1
61571 1
61572 0
61573 1
61574 1
61575 1
61576 3
61577 1
61578 3
61579 0
61580 0
61581 0
61582 2
61583 2
61584 1
61585 1
61586 0
61587 1
61588 0
61589 1
61590 0
61591 0
61592 0
61593 1
61594 2
61595 2
61596 3
61597 1
61598 2
61599 1
61600 0
61601 0
61602 3
61603 1
61604 1
61605 3
61606 2
61607 1
61608 2
61609 1
61610 1
61611 3
61612 0
61613 0
61614 0
61615 1
61616 0
61617 1
61618 1
61619 0
61620 2
61621 0
61622 0
61623 0
61624 0
61625 1
61626 1
61627 2
61628 1
61629 0
61630 2
61631 2
61632 2
61633 1
61634 1
61635 1
61636 0
61637 0
61638 1
61639 2
61640 1
61641 0
61642 2
61643 0
61644 2
61645 2
61646 0
61647 1
61648 2
61649 1
61650 2
61651 1
61652 2
61653 2
61654 2
61655 1
61656 2
61657 2
61658 1
61659 0
61660 0
61661 0
61662 1
61663 0
61664 2
61665 1
61666 0
61667 2
61668 2
61669 1
61670 2
61671 0
61672 0
61673 3
61674 1
61675 0
61676 2
61677 2
61678 1
61679 0
61680 0
61681 1
61682 1
61683 1
61684 1
61685 0
61686 0
61687 1
61688 0
61689 1
61690 0
61691 1
61692 1
61693 2
61694 2
61695 2
61696 0
61697 1
61698 1
61699 0
61700 0
61701 1
61702 2
61703 1
61704 2
61705 2
61706 1
61707 0
61708 0
61709 1
61710 0
61711 1
61712 1
61713 2
61714 1
61715 0
61716 1
61717 3
61718 0
61719 0
61720 1
61721 2
61722 1
61723 1
61724 1
61725 1
61726 2
61727 1
61728 0
61729 3
61730 0
61731 1
61732 2
61733 1
61734 1
61735 0
61736 2
61737 2
61738 1
61739 2
61740 2
61741 1
61742 1
61743 1
61744 1
61745 1
61746 1
61747 0
61748 1
61749 2
61750 0
61751 2
61752 1
61753 3
61754 0
61755 2
61756 1
61757 2
61758 1
61759 0
61760 1
61761 2
61762 1
61763 2
61764 2
61765 2
61766 2
61767 2
61768 0
61769 1
61770 1
61771 0
61772 0
61773 2
61774 3
61775 0
61776 0
61777 2
61778 0
61779 2
61780 1
61781 1
61782 1
61783 2
61784 2
61785 2
61786 0
61787 0
61788 2
61789 2
61790 2
61791 2
61792 0
61793 1
61794 0
61795 0
61796 0
61797 3
61798 2
61799 0
61800 1
61801 3
61802 2
61803 1
61804 1
61805 0
61806 0
61807 1
61808 2
61809 0
61810 2
61811 1
61812 2
61813 0
61814 1
61815 3
61816 1
61817 0
61818 2
61819 3
61820 2
61821 3
61822 1
61823 2
61824 0
61825 0
61826 1
61827 0
61828 1
61829 3
61830 3
61831 0
61832 2
61833 2
61834 0
61835 1
61836 0
61837 1
61838 1
61839 1
61840 1
61841 0
61842 0
61843 0
61844 2
61845 1
61846 3
61847 0
61848 1
61849 0
61850 0
61851 1
61852 3
61853 0
61854 0
61855 1
61856 0
61857 1
61858 1
61859 0
61860 1
61861 2
61862 0
61863 2
61864 1
61865 0
61866 1
61867 3
61868 0
61869 2
61870 2
61871 0
61872 1
61873 2
61874 0
61875 1
61876 1
61877 2
61878 0
61879 2
61880 2
61881 2
61882 3
61883 2
61884 0
61885 1
61886 3
61887 2
61888 2
61889 1
61890 0
61891 1
61892 2
61893 0
61894 0
61895 2
61896 0
61897 2
61898 1
61899 0
61900 0
61901 0
61902 0
61903 0
61904 0
61905 0
61906 0
61907 2
61908 1
61909 0
61910 2
61911 0
61912 1
61913 1
61914 1
61915 0
61916 1
61917 0
61918 1
61919 1
61920 1
61921 0
61922 2
61923 0
61924 3
61925 0
61926 2
61927 2
61928 3
61929 1
61930 0
61931 0
61932 2
61933 0
61934 1
61935 1
61936 1
61937 1
61938 0
61939 1
61940 2
61941 2
61942 2
61943 3
61944 1
61945 1
61946 2
61947 0
61948 2
61949 1
61950 2
61951 2
61952 2
61953 0
61954 2
61955 1
61956 0
61957 2
61958 0
61959 1
61960 1
61961 0
61962 0
61963 0
61964 1
61965 0
61966 0
61967 1
61968 0
61969 1
61970 0
61971 0
61972 1
61973 3
61974 0
61975 0
61976 1
61977 1
61978 1
61979 2
61980 3
61981 2
61982 1
61983 2
61984 0
61985 2
61986 2
61987 1
61988 0
61989 0
61990 1
61991 1
61992 1
61993 0
61994 3
61995 1
61996 0
61997 2
61998 2
61999 2
62000 2
62001 2
62002 1
62003 2
62004 2
62005 1
62006 2
62007 1
62008 1
62009 1
62010 0
62011 0
62012 2
62013 1
62014 1
62015 0
62016 2
62017 1
62018 3
62019 0
62020 0
62021 1
62022 1
62023 1
62024 2
62025 1
62026 3
62027 1
62028 0
62029 1
62030 3
62031 1
62032 0
62033 2
62034 1
62035 3
62036 0
62037 1
62038 2
62039 3
62040 2
62041 0
62042 1
62043 1
62044 2
62045 1
62046 2
62047 1
62048 0
62049 1
62050 2
62051 1
62052 0
62053 1
62054 1
62055 1
62056 1
62057 2
62058 3
62059 2
62060 2
62061 1
62062 1
62063 1
62064 0
62065 1
62066 2
62067 1
62068 1
62069 0
62070 0
62071 2
62072 0
62073 0
62074 0
62075 0
62076 3
62077 2
62078 1
62079 0
62080 1
62081 3
62082 0
62083 0
62084 1
62085 1
62086 0
62087 3
62088 1
62089 1
62090 3
62091 1
62092 1
62093 0
62094 2
62095 1
62096 3
62097 2
62098 1
62099 0
62100 2
62101 0
62102 2
62103 2
62104 1
62105 0
62106 0
62107 2
62108 1
62109 0
62110 1
62111 0
62112 1
62113 1
62114 3
62115 2
62116 2
62117 1
62118 0
62119 2
62120 2
62121 0
62122 1
62123 1
62124 0
62125 2
62126 2
62127 0
62128 2
62129 2
62130 2
62131 0
62132 1
62133 0
62134 2
62135 0
62136 2
62137 0
62138 2
62139 2
62140 0
62141 1
62142 0
62143 1
62144 2
62145 2
62146 1
62147 0
62148 0
62149 2
62150 2
62151 1
62152 2
62153 1
62154 0
62155 2
62156 2
62157 0
62158 2
62159 0
62160 0
62161 1
62162 3
62163 0
62164 0
62165 3
62166 2
62167 0
62168 0
62169 1
62170 0
62171 0
62172 2
62173 2
62174 0
62175 0
62176 1
62177 1
62178 1
62179 0
62180 2
62181 2
62182 0
62183 0
62184 0
62185 0
62186 0
62187 0
62188 0
62189 1
62190 1
62191 1
62192 2
62193 0
62194 0
62195 3
62196 1
62197 1
62198 2
62199 2
62200 1
62201 0
62202 0
62203 0
62204 0
62205 1
62206 2
62207 0
62208 0
62209 3
62210 2
62211 1
62212 1
62213 1
62214 1
62215 2
62216 2
62217 1
62218 0
62219 1
62220 2
62221 0
62222 2
62223 0
62224 0
62225 1
62226 0
62227 2
62228 0
62229 0
62230 0
62231 3
62232 3
62233 1
62234 2
62235 1
62236 1
62237 2
62238 0
62239 1
62240 2
62241 3
62242 3
62243 1
62244 1
62245 2
62246 1
62247 1
62248 0
62249 0
62250 1
62251 1
62252 0
62253 2
62254 2
62255 1
62256 0
62257 0
62258 1
62259 2
62260 1
62261 0
62262 2
62263 2
62264 1
62265 2
62266 0
62267 0
62268 1
62269 1
62270 1
62271 1
62272 1
62273 2
62274 1
62275 0
62276 2
62277 2
62278 2
62279 2
62280 0
62281 1
62282 1
62283 2
62284 0
62285 1
62286 1
62287 2
62288 1
62289 1
62290 2
62291 2
62292 1
62293 0
62294 0
62295 1
62296 0
62297 1
62298 2
62299 1
62300 3
62301 2
62302 0
62303 0
62304 1
62305 1
62306 0
62307 2
62308 0
62309 0
62310 2
62311 1
62312 2
62313 1
62314 2
62315 0
62316 0
62317 2
62318 2
62319 2
62320 0
62321 0
62322 1
62323 0
62324 2
62325 0
62326 2
62327 1
62328 0
62329 3
62330 2
62331 0
62332 0
62333 0
62334 0
62335 0
62336 0
62337 1
62338 2
62339 1
62340 1
62341 0
62342 3
62343 0
62344 2
62345 1
62346 2
62347 0
62348 1
62349 1
62350 2
62351 0
62352 0
62353 0
62354 3
62355 0
62356 1
62357 3
62358 3
62359 1
62360 0
62361 1
62362 2
62363 3
62364 0
62365 2
62366 0
62367 2
62368 0
62369 1
62370 1
62371 1
62372 3
62373 1
62374 0
62375 3
62376 2
62377 3
62378 1
62379 2
62380 0
62381 1
62382 2
62383 1
62384 0
62385 2
62386 0
62387 0
62388 0
62389 0
62390 2
62391 0
62392 1
62393 0
62394 1
62395 1
62396 1
62397 0
62398 1
62399 2
62400 1
62401 3
62402 1
62403 1
62404 0
62405 1
62406 2
62407 0
62408 2
62409 2
62410 0
62411 2
62412 1
62413 2
62414 1
62415 1
62416 0
62417 1
62418 1
62419 1
62420 2
62421 2
62422 1
62423 1
62424 1
62425 1
62426 1
62427 2
62428 0
62429 0
62430 2
62431 0
62432 0
62433 0
62434 0
62435 1
62436 0
62437 1
62438 2
62439 0
62440 1
62441 1
62442 1
62443 1
62444 1
62445 1
62446 2
62447 0
62448 1
62449 1
62450 0
62451 1
62452 0
62453 2
62454 1
62455 3
62456 1
62457 1
62458 0
62459 2
62460 0
62461 1
62462 2
62463 0
62464 1
62465 1
62466 1
62467 1
62468 0
62469 0
62470 2
62471 2
62472 2
62473 2
62474 1
62475 0
62476 1
62477 3
62478 2
62479 0
62480 0
62481 0
62482 0
62483 0
62484 1
62485 1
62486 2
62487 0
62488 1
62489 0
62490 0
62491 0
62492 1
62493 1
62494 0
62495 0
62496 0
62497 0
62498 0
62499 1
62500 2
62501 0
62502 2
62503 0
62504 1
62505 1
62506 1
62507 3
62508 2
62509 2
62510 0
62511 0
62512 0
62513 2
62514 1
62515 2
62516 0
62517 2
62518 2
62519 0
62520 1
62521 1
62522 2
62523 1
62524 0
62525 2
62526 2
62527 2
62528 1
62529 0
62530 2
62531 2
62532 0
62533 1
62534 1
62535 0
62536 0
62537 0
62538 1
62539 2
62540 2
62541 1
62542 1
62543 3
62544 3
62545 2
62546 1
62547 2
62548 0
62549 0
62550 1
62551 0
62552 1
62553 1
62554 2
62555 3
62556 2
62557 2
62558 0
62559 2
62560 0
62561 0
62562 1
62563 3
62564 1
62565 2
62566 2
62567 1
62568 1
62569 1
62570 0
62571 1
62572 3
62573 0
62574 1
62575 2
62576 2
62577 2
62578 1
62579 2
62580 0
62581 2
62582 2
62583 1
62584 2
62585 0
62586 0
62587 0
62588 0
62589 1
62590 0
62591 0
62592 0
62593 2
62594 0
62595 1
62596 2
62597 0
62598 0
62599 1
62600 0
62601 0
62602 1
62603 0
62604 2
62605 1
62606 0
62607 1
62608 0
62609 1
62610 0
62611 1
62612 2
62613 1
62614 2
62615 1
62616 1
62617 0
62618 0
62619 1
62620 2
62621 2
62622 2
62623 2
62624 1
62625 3
62626 2
62627 0
62628 2
62629 2
62630 0
62631 0
62632 0
62633 1
62634 3
62635 1
62636 2
62637 1
62638 1
62639 0
62640 2
62641 0
62642 0
62643 0
62644 0
62645 3
62646 0
62647 2
62648 2
62649 1
62650 0
62651 0
62652 1
62653 2
62654 0
62655 2
62656 2
62657 2
62658 0
62659 2
62660 0
62661 1
62662 0
62663 3
62664 0
62665 1
62666 1
62667 3
62668 1
62669 1
62670 1
62671 1
62672 1
62673 1
62674 2
62675 2
62676 0
62677 0
62678 0
62679 0
62680 2
62681 0
62682 2
62683 1
62684 0
62685 3
62686 1
62687 2
62688 1
62689 1
62690 1
62691 1
62692 1
62693 1
62694 1
62695 0
62696 1
62697 2
62698 0
62699 2
62700 0
62701 2
62702 2
62703 0
62704 3
62705 0
62706 1
62707 0
62708 0
62709 0
62710 0
62711 1
62712 1
62713 0
62714 0
62715 2
62716 1
62717 0
62718 1
62719 1
62720 1
62721 0
62722 0
62723 0
62724 1
62725 3
62726 0
62727 0
62728 2
62729 1
62730 2
62731 1
62732 2
62733 1
62734 2
62735 0
62736 1
62737 2
62738 1
62739 1
62740 1
62741 2
62742 2
62743 1
62744 1
62745 2
62746 3
62747 1
62748 0
62749 0
62750 0
62751 0
62752 0
62753 0
62754 1
62755 1
62756 2
62757 1
62758 3
62759 2
62760 2
62761 1
62762 0
62763 2
62764 2
62765 0
62766 1
62767 0
62768 3
62769 1
62770 1
62771 0
62772 1
62773 1
62774 2
62775 0
62776 0
62777 0
62778 3
62779 2
62780 2
62781 1
62782 3
62783 1
62784 1
62785 0
62786 2
62787 1
62788 0
62789 1
62790 2
62791 0
62792 0
62793 2
62794 0
62795 2
62796 2
62797 0
62798 0
62799 1
62800 0
62801 0
62802 2
62803 2
62804 1
62805 2
62806 3
62807 0
62808 2
62809 1
62810 0
62811 1
62812 0
62813 0
62814 0
62815 1
62816 2
62817 0
62818 1
62819 3
62820 2
62821 0
62822 0
62823 0
62824 2
62825 2
62826 0
62827 0
62828 0
62829 1
62830 0
62831 0
62832 3
62833 1
62834 1
62835 0
62836 2
62837 0
62838 1
62839 0
62840 1
62841 2
62842 0
62843 1
62844 1
62845 2
62846 1
62847 1
62848 1
62849 1
62850 2
62851 2
62852 3
62853 1
62854 0
62855 1
62856 0
62857 1
62858 1
62859 1
62860 1
62861 1
62862 0
62863 2
62864 1
62865 0
62866 1
62867 1
62868 0
62869 1
62870 0
62871 3
62872 1
62873 1
62874 0
62875 0
62876 0
62877 2
62878 0
62879 2
62880 0
62881 1
62882 0
62883 0
62884 2
62885 0
62886 1
62887 0
62888 1
62889 0
62890 3
62891 2
62892 0
62893 2
62894 0
62895 2
62896 0
62897 1
62898 1
62899 1
62900 2
62901 0
62902 2
62903 1
62904 0
62905 2
62906 0
62907 0
62908 0
62909 1
62910 2
62911 0
62912 2
62913 2
62914 3
62915 0
62916 2
62917 2
62918 2
62919 0
62920 0
62921 0
62922 2
62923 0
62924 1
62925 2
62926 2
62927 0
62928 1
62929 1
62930 0
62931 2
62932 1
62933 0
62934 0
62935 1
62936 0
62937 2
62938 1
62939 1
62940 0
62941 1
62942 0
62943 3
62944 2
62945 0
62946 2
62947 1
62948 3
62949 1
62950 2
62951 0
62952 0
62953 3
62954 0
62955 2
62956 0
62957 3
62958 0
62959 0
62960 2
62961 0
62962 2
62963 1
62964 1
62965 2
62966 1
62967 2
62968 1
62969 1
62970 2
62971 3
62972 0
62973 1
62974 1
62975 1
62976 1
62977 0
62978 2
62979 0
62980 0
62981 3
62982 3
62983 2
62984 3
62985 2
62986 2
62987 2
62988 1
62989 0
62990 0
62991 2
62992 1
62993 0
62994 0
62995 3
62996 1
62997 0
62998 0
62999 0
63000 1
63001 0
63002 2
63003 2
63004 1
63005 0
63006 2
63007 2
63008 0
63009 2
63010 0
63011 1
63012 2
63013 2
63014 1
63015 1
63016 0
63017 0
63018 1
63019 1
63020 3
63021 0
63022 2
63023 1
63024 0
63025 2
63026 0
63027 1
63028 1
63029 1
63030 2
63031 1
63032 0
63033 2
63034 0
63035 0
63036 2
63037 0
63038 0
63039 1
63040 0
63041 1
63042 1
63043 0
63044 1
63045 1
63046 0
63047 0
63048 2
63049 1
63050 2
63051 1
63052 2
63053 2
63054 0
63055 1
63056 0
63057 1
63058 1
63059 0
63060 0
63061 1
63062 1
63063 2
63064 1
63065 2
63066 2
63067 1
63068 2
63069 0
63070 1
63071 0
63072 0
63073 0
63074 0
63075 2
63076 0
63077 1
63078 2
63079 1
63080 2
63081 2
63082 2
63083 0
63084 1
63085 0
63086 0
63087 2
63088 2
63089 1
63090 0
63091 0
63092 2
63093 2
63094 1
63095 0
63096 2
63097 3
63098 1
63099 2
63100 1
63101 1
63102 1
63103 2
63104 1
63105 2
63106 1
63107 2
63108 1
63109 2
63110 1
63111 0
63112 0
63113 1
63114 1
63115 1
63116 1
63117 3
63118 2
63119 0
63120 1
63121 1
63122 1
63123 1
63124 0
63125 2
63126 2
63127 1
63128 0
63129 1
63130 0
63131 2
63132 1
63133 0
63134 1
63135 1
63136 0
63137 2
63138 2
63139 0
63140 0
63141 2
63142 0
63143 0
63144 1
63145 0
63146 2
63147 2
63148 0
63149 0
63150 1
63151 0
63152 1
63153 0
63154 1
63155 0
63156 2
63157 1
63158 0
63159 2
63160 1
63161 2
63162 0
63163 2
63164 2
63165 3
63166 1
63167 2
63168 1
63169 1
63170 1
63171 3
63172 1
63173 0
63174 2
63175 3
63176 0
63177 2
63178 1
63179 2
63180 1
63181 3
63182 3
63183 1
63184 1
63185 2
63186 2
63187 1
63188 2
63189 0
63190 1
63191 2
63192 1
63193 2
63194 0
63195 0
63196 1
63197 2
63198 1
63199 0
63200 0
63201 2
63202 0
63203 0
63204 1
63205 1
63206 2
63207 0
63208 3
63209 0
63210 2
63211 2
63212 2
63213 2
63214 1
63215 0
63216 2
63217 0
63218 1
63219 0
63220 0
63221 2
63222 3
63223 2
63224 2
63225 1
63226 0
63227 0
63228 1
63229 1
63230 0
63231 0
63232 1
63233 1
63234 3
63235 2
63236 1
63237 0
63238 0
63239 0
63240 1
63241 0
63242 0
63243 1
63244 0
63245 2
63246 1
63247 1
63248 3
63249 2
63250 2
63251 0
63252 2
63253 1
63254 3
63255 0
63256 0
63257 0
63258 0
63259 2
63260 0
63261 1
63262 1
63263 2
63264 0
63265 0
63266 2
63267 1
63268 1
63269 3
63270 1
63271 0
63272 1
63273 0
63274 1
63275 1
63276 2
63277 0
63278 1
63279 1
63280 0
63281 0
63282 1
63283 1
63284 2
63285 1
63286 3
63287 0
63288 2
63289 0
63290 1
63291 0
63292 1
63293 0
63294 0
63295 1
63296 3
63297 0
63298 1
63299 2
63300 0
63301 2
63302 3
63303 1
63304 2
63305 0
63306 0
63307 1
63308 1
63309 1
63310 2
63311 1
63312 3
63313 1
63314 2
63315 1
63316 1
63317 2
63318 1
63319 2
63320 3
63321 2
63322 2
63323 1
63324 1
63325 1
63326 0
63327 0
63328 0
63329 1
63330 0
63331 2
63332 3
63333 1
63334 1
63335 1
63336 2
63337 2
63338 1
63339 0
63340 2
63341 1
63342 1
63343 1
63344 1
63345 2
63346 2
63347 2
63348 1
63349 0
63350 1
63351 1
63352 0
63353 1
63354 3
63355 1
63356 1
63357 1
63358 0
63359 1
63360 2
63361 1
63362 0
63363 1
63364 2
63365 1
63366 1
63367 0
63368 1
63369 2
63370 1
63371 1
63372 0
63373 2
63374 2
63375 1
63376 1
63377 2
63378 1
63379 0
63380 0
63381 0
63382 0
63383 0
63384 0
63385 0
63386 3
63387 0
63388 0
63389 1
63390 0
63391 1
63392 2
63393 2
63394 2
63395 1
63396 1
63397 0
63398 0
63399 1
63400 0
63401 2
63402 0
63403 1
63404 2
63405 1
63406 1
63407 1
63408 1
63409 2
63410 2
63411 1
63412 2
63413 2
63414 1
63415 2
63416 1
63417 0
63418 3
63419 0
63420 0
63421 3
63422 0
63423 2
63424 2
63425 2
63426 2
63427 2
63428 1
63429 1
63430 0
63431 0
63432 2
63433 3
63434 1
63435 1
63436 1
63437 1
63438 1
63439 1
63440 1
63441 1
63442 2
63443 0
63444 1
63445 0
63446 2
63447 2
63448 1
63449 0
63450 0
63451 1
63452 1
63453 0
63454 2
63455 1
63456 2
63457 1
63458 0
63459 2
63460 1
63461 1
63462 1
63463 0
63464 1
63465 1
63466 1
63467 2
63468 0
63469 1
63470 2
63471 1
63472 0
63473 1
63474 0
63475 1
63476 1
63477 2
63478 1
63479 0
63480 1
63481 1
63482 0
63483 1
63484 0
63485 2
63486 2
63487 0
63488 1
63489 0
63490 0
63491 1
63492 1
63493 1
63494 2
63495 2
63496 0
63497 0
63498 2
63499 1
63500 1
63501 0
63502 0
63503 2
63504 1
63505 1
63506 1
63507 0
63508 1
63509 2
63510 0
63511 2
63512 2
63513 1
63514 0
63515 0
63516 0
63517 1
63518 1
63519 2
63520 2
63521 0
63522 0
63523 0
63524 0
63525 2
63526 2
63527 3
63528 1
63529 1
63530 1
63531 3
63532 0
63533 2
63534 1
63535 0
63536 2
63537 2
63538 2
63539 3
63540 2
63541 3
63542 2
63543 2
63544 1
63545 0
63546 3
63547 2
63548 1
63549 2
63550 1
63551 0
63552 2
63553 0
63554 1
63555 2
63556 1
63557 1
63558 0
63559 1
63560 1
63561 0
63562 1
63563 1
63564 2
63565 1
63566 1
63567 2
63568 2
63569 0
63570 1
63571 2
63572 0
63573 3
63574 1
63575 1
63576 1
63577 1
63578 2
63579 2
63580 0
63581 0
63582 2
63583 0
63584 0
63585 1
63586 2
63587 1
63588 1
63589 2
63590 2
63591 1
63592 0
63593 0
63594 1
63595 0
63596 2
63597 3
63598 1
63599 0
63600 0
63601 1
63602 0
63603 2
63604 2
63605 0
63606 0
63607 0
63608 2
63609 1
63610 0
63611 1
63612 2
63613 2
63614 0
63615 2
63616 1
63617 0
63618 1
63619 1
63620 1
63621 2
63622 1
63623 1
63624 1
63625 2
63626 1
63627 0
63628 0
63629 0
63630 2
63631 1
63632 2
63633 1
63634 1
63635 0
63636 0
63637 0
63638 0
63639 0
63640 2
63641 1
63642 2
63643 1
63644 1
63645 1
63646 0
63647 2
63648 0
63649 1
63650 2
63651 1
63652 0
63653 0
63654 0
63655 1
63656 1
63657 0
63658 2
63659 1
63660 1
63661 1
63662 3
63663 1
63664 0
63665 1
63666 3
63667 0
63668 1
63669 2
63670 1
63671 1
63672 2
63673 1
63674 1
63675 1
63676 0
63677 1
63678 1
63679 0
63680 2
63681 2
63682 0
63683 3
63684 0
63685 3
63686 1
63687 0
63688 2
63689 0
63690 2
63691 2
63692 3
63693 2
63694 1
63695 1
63696 0
63697 0
63698 1
63699 1
63700 2
63701 1
63702 2
63703 0
63704 3
63705 0
63706 2
63707 3
63708 0
63709 0
63710 2
63711 0
63712 2
63713 0
63714 2
63715 0
63716 0
63717 0
63718 1
63719 1
63720 2
63721 3
63722 0
63723 0
63724 1
63725 1
63726 0
63727 0
63728 1
63729 1
63730 0
63731 2
63732 0
63733 0
63734 0
63735 1
63736 2
63737 2
63738 2
63739 1
63740 2
63741 1
63742 0
63743 2
63744 1
63745 2
63746 2
63747 1
63748 2
63749 3
63750 0
63751 0
63752 0
63753 0
63754 2
63755 2
63756 1
63757 1
63758 0
63759 2
63760 0
63761 1
63762 1
63763 0
63764 0
63765 2
63766 0
63767 1
63768 1
63769 1
63770 1
63771 0
63772 2
63773 1
63774 1
63775 0
63776 2
63777 2
63778 1
63779 1
63780 1
63781 2
63782 2
63783 0
63784 0
63785 0
63786 0
63787 1
63788 3
63789 2
63790 0
63791 3
63792 0
63793 0
63794 2
63795 1
63796 0
63797 2
63798 3
63799 0
63800 1
63801 0
63802 0
63803 0
63804 1
63805 0
63806 0
63807 0
63808 3
63809 1
63810 0
63811 1
63812 0
63813 1
63814 2
63815 0
63816 0
63817 2
63818 0
63819 1
63820 0
63821 0
63822 3
63823 0
63824 0
63825 0
63826 2
63827 1
63828 2
63829 0
63830 0
63831 0
63832 1
63833 2
63834 2
63835 0
63836 1
63837 2
63838 3
63839 0
63840 0
63841 0
63842 1
63843 0
63844 1
63845 1
63846 1
63847 2
63848 0
63849 3
63850 1
63851 1
63852 0
63853 3
63854 0
63855 1
63856 2
63857 0
63858 1
63859 1
63860 0
63861 1
63862 1
63863 1
63864 2
63865 2
63866 1
63867 1
63868 0
63869 2
63870 1
63871 0
63872 2
63873 0
63874 1
63875 0
63876 2
63877 1
63878 1
63879 2
63880 0
63881 1
63882 1
63883 2
63884 1
63885 2
63886 3
63887 0
63888 2
63889 2
63890 2
63891 1
63892 1
63893 1
63894 3
63895 2
63896 1
63897 2
63898 1
63899 2
63900 0
63901 1
63902 2
63903 0
63904 3
63905 0
63906 1
63907 2
63908 1
63909 1
63910 1
63911 1
63912 3
63913 0
63914 0
63915 2
63916 2
63917 0
63918 0
63919 1
63920 2
63921 2
63922 1
63923 0
63924 1
63925 1
63926 2
63927 0
63928 0
63929 0
63930 0
63931 0
63932 0
63933 1
63934 3
63935 2
63936 2
63937 1
63938 0
63939 0
63940 0
63941 0
63942 0
63943 1
63944 1
63945 1
63946 0
63947 0
63948 2
63949 0
63950 2
63951 0
63952 0
63953 3
63954 0
63955 0
63956 0
63957 3
63958 1
63959 1
63960 3
63961 2
63962 1
63963 3
63964 1
63965 2
63966 0
63967 1
63968 2
63969 2
63970 0
63971 2
63972 0
63973 0
63974 2
63975 1
63976 0
63977 2
63978 0
63979 0
63980 1
63981 2
63982 2
63983 3
63984 1
63985 0
63986 2
63987 0
63988 2
63989 1
63990 1
63991 0
63992 0
63993 0
63994 1
63995 2
63996 1
63997 0
63998 0
63999 2
64000 0
64001 0
64002 2
64003 0
64004 1
64005 1
64006 1
64007 1
64008 2
64009 1
64010 0
64011 0
64012 0
64013 1
64014 1
64015 1
64016 1
64017 0
64018 0
64019 2
64020 1
64021 0
64022 2
64023 1
64024 1
64025 2
64026 0
64027 2
64028 2
64029 2
64030 1
64031 0
64032 1
64033 0
64034 1
64035 0
64036 0
64037 0
64038 0
64039 1
64040 1
64041 2
64042 1
64043 0
64044 0
64045 2
64046 1
64047 1
64048 1
64049 0
64050 1
64051 0
64052 0
64053 1
64054 0
64055 1
64056 1
64057 0
64058 1
64059 1
64060 0
64061 0
64062 1
64063 2
64064 0
64065 2
64066 1
64067 3
64068 0
64069 2
64070 1
64071 1
64072 1
64073 2
64074 1
64075 0
64076 0
64077 0
64078 0
64079 0
64080 1
64081 0
64082 0
64083 1
64084 1
64085 0
64086 2
64087 0
64088 2
64089 2
64090 0
64091 0
64092 1
64093 0
64094 1
64095 1
64096 1
64097 1
64098 2
64099 2
64100 1
64101 3
64102 1
64103 1
64104 1
64105 0
64106 0
64107 1
64108 0
64109 1
64110 2
64111 1
64112 1
64113 2
64114 2
64115 1
64116 1
64117 0
64118 2
64119 1
64120 1
64121 2
64122 1
64123 2
64124 2
64125 0
64126 0
64127 2
64128 2
64129 0
64130 0
64131 3
64132 0
64133 0
64134 1
64135 0
64136 3
64137 0
64138 2
64139 0
64140 2
64141 0
64142 1
64143 1
64144 1
64145 0
64146 1
64147 1
64148 2
64149 1
64150 3
64151 1
64152 2
64153 1
64154 0
64155 3
64156 1
64157 0
64158 2
64159 2
64160 1
64161 2
64162 1
64163 1
64164 1
64165 0
64166 2
64167 2
64168 2
64169 0
64170 0
64171 2
64172 2
64173 0
64174 0
64175 0
64176 1
64177 1
64178 1
64179 1
64180 1
64181 1
64182 0
64183 2
64184 1
64185 2
64186 1
64187 0
64188 2
64189 3
64190 0
64191 1
64192 1
64193 1
64194 2
64195 0
64196 0
64197 1
64198 2
64199 3
64200 2
64201 1
64202 1
64203 2
64204 1
64205 1
64206 0
64207 0
64208 0
64209 1
64210 1
64211 0
64212 3
64213 0
64214 2
64215 1
64216 2
64217 2
64218 1
64219 2
64220 1
64221 2
64222 2
64223 3
64224 0
64225 2
64226 1
64227 1
64228 1
64229 1
64230 2
64231 2
64232 1
64233 2
64234 1
64235 0
64236 1
64237 2
64238 2
64239 3
64240 1
64241 0
64242 0
64243 1
64244 2
64245 1
64246 2
64247 1
64248 1
64249 1
64250 1
64251 1
64252 2
64253 1
64254 1
64255 1
64256 1
64257 2
64258 0
64259 1
64260 1
64261 1
64262 0
64263 1
64264 2
64265 1
64266 0
64267 0
64268 0
64269 2
64270 2
64271 0
64272 3
64273 1
64274 3
64275 2
64276 0
64277 0
64278 0
64279 2
64280 0
64281 2
64282 0
64283 1
64284 0
64285 0
64286 0
64287 1
64288 1
64289 0
64290 1
64291 1
64292 1
64293 1
64294 2
64295 1
64296 0
64297 0
64298 0
64299 2
64300 0
64301 2
64302 0
64303 1
64304 0
64305 1
64306 0
64307 0
64308 1
64309 2
64310 2
64311 3
64312 1
64313 0
64314 0
64315 0
64316 0
64317 3
64318 2
64319 0
64320 0
64321 2
64322 1
64323 1
64324 2
64325 1
64326 0
64327 0
64328 0
64329 3
64330 1
64331 0
64332 0
64333 1
64334 2
64335 0
64336 1
64337 2
64338 1
64339 0
64340 1
64341 2
64342 0
64343 2
64344 2
64345 2
64346 1
64347 2
64348 2
64349 1
64350 1
64351 1
64352 1
64353 0
64354 2
64355 0
64356 0
64357 1
64358 0
64359 1
64360 1
64361 2
64362 2
64363 1
64364 1
64365 2
64366 1
64367 2
64368 3
64369 1
64370 1
64371 0
64372 0
64373 1
64374 1
64375 2
64376 0
64377 0
64378 1
64379 1
64380 2
64381 0
64382 1
64383 0
64384 2
64385 0
64386 0
64387 0
64388 2
64389 0
64390 1
64391 0
64392 0
64393 0
64394 1
64395 0
64396 1
64397 2
64398 0
64399 0
64400 1
64401 0
64402 2
64403 0
64404 0
64405 0
64406 2
64407 1
64408 0
64409 1
64410 1
64411 0
64412 2
64413 3
64414 2
64415 2
64416 0
64417 0
64418 1
64419 1
64420 2
64421 1
64422 0
64423 2
64424 0
64425 1
64426 2
64427 0
64428 1
64429 0
64430 0
64431 1
64432 1
64433 2
64434 0
64435 0
64436 1
64437 1
64438 1
64439 2
64440 2
64441 1
64442 2
64443 1
64444 2
64445 0
64446 0
64447 1
64448 1
64449 1
64450 1
64451 0
64452 1
64453 2
64454 0
64455 0
64456 0
64457 2
64458 0
64459 0
64460 1
64461 0
64462 1
64463 0
64464 1
64465 2
64466 2
64467 2
64468 2
64469 0
64470 2
64471 2
64472 0
64473 0
64474 0
64475 1
64476 1
64477 0
64478 0
64479 1
64480 0
64481 1
64482 1
64483 0
64484 3
64485 2
64486 2
64487 0
64488 1
64489 1
64490 0
64491 1
64492 0
64493 2
64494 0
64495 0
64496 2
64497 2
64498 3
64499 1
64500 1
64501 0
64502 2
64503 2
64504 1
64505 2
64506 2
64507 1
64508 3
64509 0
64510 1
64511 2
64512 0
64513 0
64514 2
64515 3
64516 0
64517 1
64518 2
64519 0
64520 2
64521 2
64522 0
64523 0
64524 1
64525 1
64526 2
64527 1
64528 1
64529 2
64530 1
64531 2
64532 1
64533 0
64534 0
64535 0
64536 0
64537 3
64538 2
64539 1
64540 0
64541 0
64542 1
64543 1
64544 0
64545 1
64546 0
64547 0
64548 2
64549 0
64550 1
64551 1
64552 0
64553 2
64554 2
64555 2
64556 0
64557 0
64558 2
64559 3
64560 0
64561 0
64562 2
64563 2
64564 1
64565 2
64566 1
64567 2
64568 2
64569 1
64570 1
64571 1
64572 1
64573 3
64574 2
64575 0
64576 0
64577 0
64578 1
64579 2
64580 2
64581 2
64582 1
64583 2
64584 1
64585 2
64586 1
64587 2
64588 1
64589 1
64590 2
64591 1
64592 2
64593 2
64594 1
64595 0
64596 2
64597 1
64598 1
64599 1
64600 2
64601 1
64602 0
64603 2
64604 1
64605 2
64606 0
64607 0
64608 0
64609 2
64610 0
64611 0
64612 1
64613 0
64614 2
64615 0
64616 2
64617 1
64618 0
64619 0
64620 2
64621 2
64622 0
64623 0
64624 0
64625 2
64626 1
64627 0
64628 1
64629 1
64630 1
64631 0
64632 0
64633 1
64634 2
64635 0
64636 0
64637 0
64638 1
64639 2
64640 2
64641 0
64642 3
64643 0
64644 1
64645 2
64646 3
64647 0
64648 1
64649 0
64650 1
64651 1
64652 0
64653 2
64654 1
64655 2
64656 2
64657 1
64658 2
64659 2
64660 2
64661 0
64662 2
64663 1
64664 2
64665 1
64666 0
64667 2
64668 1
64669 2
64670 1
64671 0
64672 0
64673 0
64674 2
64675 2
64676 1
64677 1
64678 0
64679 0
64680 2
64681 3
64682 0
64683 2
64684 0
64685 1
64686 2
64687 1
64688 2
64689 2
64690 0
64691 0
64692 2
64693 0
64694 1
64695 1
64696 0
64697 1
64698 0
64699 1
64700 2
64701 1
64702 1
64703 0
64704 1
64705 0
64706 0
64707 1
64708 1
64709 2
64710 0
64711 0
64712 2
64713 2
64714 0
64715 1
64716 1
64717 2
64718 0
64719 0
64720 0
64721 1
64722 1
64723 1
64724 1
64725 1
64726 2
64727 0
64728 0
64729 2
64730 2
64731 3
64732 0
64733 2
64734 1
64735 0
64736 0
64737 0
64738 1
64739 1
64740 0
64741 2
64742 2
64743 0
64744 1
64745 1
64746 3
64747 0
64748 0
64749 2
64750 1
64751 1
64752 1
64753 1
64754 0
64755 1
64756 1
64757 1
64758 0
64759 0
64760 0
64761 2
64762 2
64763 1
64764 2
64765 2
64766 1
64767 3
64768 1
64769 0
64770 0
64771 0
64772 1
64773 0
64774 1
64775 1
64776 1
64777 2
64778 0
64779 2
64780 1
64781 1
64782 0
64783 0
64784 1
64785 0
64786 1
64787 3
64788 0
64789 2
64790 0
64791 1
64792 0
64793 2
64794 3
64795 1
64796 1
64797 0
64798 3
64799 0
64800 1
64801 0
64802 0
64803 1
64804 2
64805 2
64806 0
64807 0
64808 0
64809 0
64810 1
64811 1
64812 1
64813 0
64814 0
64815 1
64816 2
64817 1
64818 0
64819 0
64820 0
64821 2
64822 1
64823 1
64824 1
64825 3
64826 1
64827 0
64828 1
64829 2
64830 1
64831 1
64832 1
64833 3
64834 0
64835 2
64836 0
64837 1
64838 1
64839 1
64840 0
64841 1
64842 2
64843 1
64844 1
64845 0
64846 2
64847 3
64848 1
64849 1
64850 2
64851 0
64852 1
64853 2
64854 0
64855 0
64856 1
64857 2
64858 1
64859 0
64860 1
64861 1
64862 2
64863 2
64864 1
64865 3
64866 0
64867 1
64868 1
64869 1
64870 0
64871 0
64872 1
64873 1
64874 1
64875 1
64876 1
64877 2
64878 0
64879 0
64880 1
64881 0
64882 0
64883 1
64884 0
64885 0
64886 0
64887 1
64888 0
64889 2
64890 1
64891 1
64892 0
64893 0
64894 2
64895 0
64896 1
64897 1
64898 0
64899 1
64900 0
64901 1
64902 0
64903 2
64904 0
64905 0
64906 0
64907 2
64908 1
64909 0
64910 1
64911 2
64912 1
64913 1
64914 0
64915 1
64916 0
64917 0
64918 1
64919 2
64920 1
64921 1
64922 0
64923 1
64924 0
64925 1
64926 1
64927 2
64928 2
64929 1
64930 0
64931 2
64932 1
64933 2
64934 3
64935 1
64936 1
64937 1
64938 2
64939 0
64940 0
64941 0
64942 0
64943 2
64944 0
64945 2
64946 2
64947 0
64948 1
64949 2
64950 0
64951 2
64952 1
64953 2
64954 1
64955 1
64956 0
64957 2
64958 1
64959 0
64960 3
64961 2
64962 1
64963 1
64964 1
64965 1
64966 2
64967 2
64968 0
64969 0
64970 0
64971 1
64972 0
64973 0
64974 0
64975 1
64976 2
64977 1
64978 3
64979 0
64980 2
64981 0
64982 0
64983 1
64984 1
64985 1
64986 0
64987 1
64988 2
64989 2
64990 0
64991 1
64992 0
64993 1
64994 0
64995 0
64996 0
64997 3
64998 0
64999 2
65000 0
65001 2
65002 0
65003 1
65004 0
65005 1
65006 2
65007 2
65008 0
65009 2
65010 0
65011 1
65012 1
65013 0
65014 1
65015 0
65016 3
65017 2
65018 2
65019 2
65020 2
65021 0
65022 1
65023 2
65024 1
65025 2
65026 1
65027 1
65028 1
65029 1
65030 3
65031 3
65032 3
65033 2
65034 1
65035 2
65036 2
65037 1
65038 2
65039 0
65040 2
65041 0
65042 1
65043 1
65044 1
65045 1
65046 1
65047 0
65048 0
65049 0
65050 0
65051 2
65052 1
65053 0
65054 2
65055 1
65056 1
65057 1
65058 1
65059 1
65060 0
65061 0
65062 2
65063 1
65064 0
65065 0
65066 1
65067 2
65068 0
65069 0
65070 0
65071 1
65072 0
65073 0
65074 3
65075 1
65076 0
65077 1
65078 0
65079 0
65080 0
65081 1
65082 2
65083 1
65084 0
65085 1
65086 1
65087 2
65088 0
65089 2
65090 1
65091 0
65092 1
65093 2
65094 1
65095 0
65096 2
65097 2
65098 1
65099 0
65100 3
65101 1
65102 1
65103 1
65104 0
65105 0
65106 0
65107 1
65108 1
65109 2
65110 0
65111 0
65112 1
65113 1
65114 0
65115 0
65116 0
65117 1
65118 0
65119 1
65120 1
65121 2
65122 1
65123 1
65124 1
65125 1
65126 0
65127 0
65128 0
65129 2
65130 2
65131 1
65132 0
65133 0
65134 0
65135 0
65136 1
65137 1
65138 1
65139 0
65140 0
65141 0
65142 1
65143 1
65144 0
65145 1
65146 1
65147 0
65148 1
65149 0
65150 0
65151 0
65152 0
65153 1
65154 3
65155 3
65156 1
65157 1
65158 1
65159 0
65160 0
65161 1
65162 1
65163 1
65164 2
65165 1
65166 2
65167 0
65168 0
65169 3
65170 1
65171 1
65172 2
65173 0
65174 1
65175 1
65176 0
65177 1
65178 1
65179 2
65180 0
65181 1
65182 2
65183 1
65184 1
65185 1
65186 0
65187 0
65188 0
65189 1
65190 1
65191 0
65192 1
65193 3
65194 0
65195 2
65196 0
65197 1
65198 2
65199 0
65200 0
65201 3
65202 0
65203 0
65204 1
65205 1
65206 0
65207 0
65208 0
65209 2
65210 0
65211 1
65212 1
65213 1
65214 1
65215 1
65216 0
65217 0
65218 1
65219 0
65220 1
65221 1
65222 1
65223 0
65224 0
65225 2
65226 2
65227 2
65228 0
65229 0
65230 0
65231 0
65232 3
65233 2
65234 2
65235 2
65236 2
65237 0
65238 1
65239 0
65240 2
65241 1
65242 1
65243 3
65244 0
65245 2
65246 1
65247 2
65248 3
65249 0
65250 1
65251 0
65252 0
65253 0
65254 0
65255 1
65256 2
65257 2
65258 0
65259 0
65260 1
65261 1
65262 2
65263 2
65264 3
65265 0
65266 0
65267 1
65268 1
65269 1
65270 0
65271 2
65272 0
65273 1
65274 0
65275 0
65276 0
65277 1
65278 0
65279 1
65280 0
65281 2
65282 1
65283 2
65284 0
65285 1
65286 2
65287 2
65288 2
65289 0
65290 0
65291 1
65292 1
65293 2
65294 1
65295 2
65296 0
65297 0
65298 2
65299 1
65300 1
65301 2
65302 0
65303 1
65304 3
65305 0
65306 2
65307 0
65308 0
65309 3
65310 2
65311 2
65312 0
65313 1
65314 0
65315 1
65316 1
65317 1
65318 0
65319 0
65320 0
65321 1
65322 0
65323 2
65324 3
65325 1
65326 2
65327 2
65328 2
65329 1
65330 2
65331 1
65332 0
65333 1
65334 2
65335 1
65336 1
65337 0
65338 1
65339 1
65340 0
65341 2
65342 0
65343 1
65344 1
65345 2
65346 0
65347 1
65348 1
65349 0
65350 0
65351 0
65352 2
65353 1
65354 1
65355 0
65356 2
65357 1
65358 0
65359 0
65360 2
65361 0
65362 0
65363 1
65364 0
65365 0
65366 2
65367 1
65368 2
65369 1
65370 2
65371 1
65372 2
65373 1
65374 1
65375 0
65376 0
65377 1
65378 3
65379 2
65380 1
65381 1
65382 1
65383 2
65384 1
65385 1
65386 2
65387 1
65388 0
65389 0
65390 1
65391 0
65392 0
65393 1
65394 0
65395 0
65396 1
65397 1
65398 2
65399 0
65400 1
65401 3
65402 0
65403 1
65404 1
65405 2
65406 1
65407 1
65408 0
65409 1
65410 0
65411 2
65412 3
65413 1
65414 0
65415 3
65416 1
65417 0
65418 1
65419 1
65420 0
65421 1
65422 2
65423 0
65424 0
65425 2
65426 0
65427 1
65428 2
65429 1
65430 0
65431 2
65432 2
65433 2
65434 0
65435 3
65436 1
65437 1
65438 2
65439 0
65440 2
65441 0
65442 1
65443 1
65444 2
65445 1
65446 0
65447 1
65448 1
65449 1
65450 0
65451 3
65452 1
65453 1
65454 0
65455 1
65456 0
65457 0
65458 2
65459 2
65460 0
65461 2
65462 3
65463 2
65464 1
65465 2
65466 1
65467 0
65468 2
65469 2
65470 2
65471 1
65472 0
65473 0
65474 2
65475 2
65476 0
65477 0
65478 2
65479 0
65480 2
65481 3
65482 0
65483 1
65484 1
65485 2
65486 1
65487 2
65488 2
65489 0
65490 0
65491 3
65492 1
65493 0
65494 1
65495 2
65496 1
65497 2
65498 0
65499 0
65500 1
65501 1
65502 1
65503 1
65504 3
65505 0
65506 1
65507 1
65508 1
65509 2
65510 0
65511 1
65512 1
65513 0
65514 1
65515 2
65516 2
65517 1
65518 1
65519 0
65520 0
65521 3
65522 2
65523 1
65524 0
65525 1
65526 0
65527 2
65528 2
65529 1
65530 1
65531 2
65532 0
65533 1
65534 1
65535 1
65536 2
65537 0
65538 2
65539 1
65540 2
65541 2
65542 0
65543 1
65544 0
65545 2
65546 0
65547 2
65548 1
65549 2
65550 1
65551 1
65552 0
65553 1
65554 2
65555 1
65556 2
65557 0
65558 2
65559 2
65560 0
65561 0
65562 0
65563 0
65564 3
65565 1
65566 1
65567 1
65568 0
65569 0
65570 1
65571 1
65572 0
65573 0
65574 2
65575 2
65576 0
65577 2
65578 0
65579 1
65580 1
65581 3
65582 0
65583 2
65584 1
65585 1
65586 0
65587 2
65588 1
65589 2
65590 1
65591 2
65592 2
65593 2
65594 3
65595 1
65596 1
65597 1
65598 0
65599 1
65600 1
65601 1
65602 1
65603 3
65604 1
65605 1
65606 1
65607 1
65608 1
65609 2
65610 0
65611 0
65612 0
65613 1
65614 1
65615 1
65616 2
65617 1
65618 1
65619 1
65620 2
65621 2
65622 0
65623 1
65624 1
65625 2
65626 3
65627 0
65628 1
65629 0
65630 0
65631 2
65632 0
65633 1
65634 1
65635 0
65636 2
65637 2
65638 1
65639 2
65640 0
65641 2
65642 0
65643 0
65644 0
65645 0
65646 0
65647 0
65648 1
65649 1
65650 1
65651 0
65652 2
65653 0
65654 1
65655 1
65656 3
65657 2
65658 2
65659 0
65660 2
65661 0
65662 0
65663 0
65664 3
65665 0
65666 0
65667 2
65668 1
65669 1
65670 1
65671 1
65672 2
65673 2
65674 2
65675 1
65676 2
65677 2
65678 2
65679 0
65680 2
65681 0
65682 1
65683 1
65684 2
65685 2
65686 0
65687 1
65688 1
65689 2
65690 2
65691 0
65692 0
65693 0
65694 1
65695 0
65696 1
65697 0
65698 1
65699 0
65700 2
65701 0
65702 1
65703 1
65704 0
65705 1
65706 0
65707 0
65708 2
65709 1
65710 2
65711 1
65712 1
65713 1
65714 0
65715 0
65716 0
65717 1
65718 0
65719 0
65720 0
65721 0
65722 1
65723 0
65724 2
65725 2
65726 0
65727 2
65728 0
65729 2
65730 0
65731 0
65732 1
65733 2
65734 2
65735 1
65736 0
65737 0
65738 0
65739 0
65740 1
65741 1
65742 1
65743 1
65744 0
65745 0
65746 1
65747 0
65748 1
65749 2
65750 1
65751 0
65752 1
65753 1
65754 0
65755 2
65756 2
65757 2
65758 2
65759 2
65760 1
65761 0
65762 1
65763 0
65764 2
65765 0
65766 1
65767 3
65768 1
65769 2
65770 1
65771 1
65772 1
65773 0
65774 1
65775 1
65776 2
65777 0
65778 1
65779 0
65780 2
65781 2
65782 1
65783 2
65784 3
65785 0
65786 0
65787 0
65788 0
65789 3
65790 1
65791 0
65792 1
65793 3
65794 0
65795 0
65796 1
65797 0
65798 0
65799 0
65800 0
65801 3
65802 2
65803 2
65804 0
65805 2
65806 2
65807 1
65808 0
65809 3
65810 0
65811 1
65812 2
65813 2
65814 1
65815 1
65816 1
65817 0
65818 1
65819 2
65820 1
65821 0
65822 2
65823 0
65824 2
65825 0
65826 2
65827 1
65828 3
65829 0
65830 1
65831 1
65832 1
65833 2
65834 1
65835 1
65836 1
65837 1
65838 0
65839 0
65840 1
65841 1
65842 0
65843 0
65844 1
65845 2
65846 1
65847 2
65848 2
65849 3
65850 2
65851 1
65852 0
65853 1
65854 0
65855 2
65856 3
65857 0
65858 1
65859 0
65860 2
65861 1
65862 0
65863 1
65864 2
65865 0
65866 1
65867 0
65868 1
65869 2
65870 0
65871 0
65872 2
65873 1
65874 0
65875 1
65876 0
65877 2
65878 0
65879 1
65880 0
65881 1
65882 0
65883 0
65884 1
65885 1
65886 2
65887 2
65888 0
65889 1
65890 1
65891 0
65892 0
65893 2
65894 2
65895 0
65896 0
65897 0
65898 0
65899 1
65900 2
65901 1
65902 1
65903 1
65904 1
65905 0
65906 2
65907 0
65908 1
65909 1
65910 0
65911 2
65912 1
65913 0
65914 1
65915 0
65916 1
65917 2
65918 0
65919 1
65920 0
65921 2
65922 0
65923 1
65924 1
65925 0
65926 2
65927 1
65928 0
65929 2
65930 0
65931 1
65932 1
65933 2
65934 1
65935 1
65936 1
65937 0
65938 2
65939 2
65940 0
65941 2
65942 3
65943 0
65944 0
65945 0
65946 1
65947 2
65948 2
65949 0
65950 1
65951 1
65952 0
65953 0
65954 1
65955 0
65956 1
65957 2
65958 0
65959 1
65960 0
65961 0
65962 1
65963 0
65964 0
65965 1
65966 1
65967 3
65968 2
65969 2
65970 1
65971 2
65972 1
65973 0
65974 0
65975 2
65976 0
65977 1
65978 1
65979 1
65980 2
65981 1
65982 0
65983 1
65984 0
65985 2
65986 1
65987 0
65988 0
65989 0
65990 1
65991 1
65992 0
65993 0
65994 1
65995 2
65996 0
65997 0
65998 3
65999 2
66000 1
66001 0
66002 1
66003 2
66004 0
66005 3
66006 3
66007 1
66008 0
66009 0
66010 1
66011 0
66012 2
66013 0
66014 0
66015 2
66016 0
66017 1
66018 2
66019 0
66020 2
66021 2
66022 1
66023 1
66024 1
66025 1
66026 0
66027 0
66028 1
66029 0
66030 3
66031 0
66032 1
66033 1
66034 2
66035 1
66036 2
66037 1
66038 0
66039 1
66040 2
66041 1
66042 1
66043 0
66044 2
66045 1
66046 1
66047 0
66048 0
66049 0
66050 2
66051 0
66052 0
66053 1
66054 1
66055 1
66056 1
66057 2
66058 0
66059 0
66060 1
66061 1
66062 2
66063 2
66064 1
66065 0
66066 1
66067 1
66068 0
66069 1
66070 2
66071 2
66072 2
66073 1
66074 1
66075 1
66076 0
66077 0
66078 2
66079 1
66080 0
66081 2
66082 1
66083 1
66084 0
66085 0
66086 2
66087 1
66088 2
66089 0
66090 1
66091 1
66092 2
66093 0
66094 2
66095 0
66096 1
66097 1
66098 0
66099 1
66100 2
66101 0
66102 1
66103 1
66104 0
66105 2
66106 0
66107 1
66108 0
66109 0
66110 2
66111 0
66112 1
66113 0
66114 2
66115 3
66116 0
66117 2
66118 2
66119 2
66120 0
66121 2
66122 2
66123 2
66124 0
66125 1
66126 1
66127 1
66128 1
66129 0
66130 1
66131 1
66132 1
66133 2
66134 1
66135 2
66136 0
66137 1
66138 1
66139 0
66140 0
66141 0
66142 2
66143 2
66144 2
66145 0
66146 1
66147 2
66148 0
66149 0
66150 2
66151 3
66152 0
66153 2
66154 0
66155 1
66156 0
66157 2
66158 1
66159 0
66160 1
66161 1
66162 1
66163 1
66164 3
66165 1
66166 0
66167 2
66168 0
66169 0
66170 1
66171 1
66172 2
66173 2
66174 2
66175 2
66176 0
66177 0
66178 0
66179 1
66180 2
66181 0
66182 0
66183 0
66184 0
66185 2
66186 2
66187 0
66188 1
66189 0
66190 0
66191 1
66192 1
66193 0
66194 0
66195 2
66196 1
66197 0
66198 2
66199 0
66200 1
66201 0
66202 1
66203 1
66204 0
66205 0
66206 0
66207 2
66208 1
66209 0
66210 0
66211 2
66212 0
66213 2
66214 1
66215 3
66216 0
66217 0
66218 2
66219 1
66220 1
66221 0
66222 1
66223 1
66224 0
66225 2
66226 0
66227 1
66228 1
66229 3
66230 2
66231 1
66232 1
66233 0
66234 1
66235 1
66236 0
66237 2
66238 2
66239 2
66240 1
66241 2
66242 0
66243 2
66244 0
66245 1
66246 0
66247 0
66248 0
66249 3
66250 1
66251 0
66252 0
66253 2
66254 0
66255 1
66256 0
66257 1
66258 0
66259 0
66260 2
66261 2
66262 2
66263 2
66264 0
66265 1
66266 1
66267 1
66268 0
66269 3
66270 2
66271 0
66272 2
66273 1
66274 0
66275 2
66276 1
66277 2
66278 0
66279 1
66280 2
66281 2
66282 2
66283 3
66284 0
66285 2
66286 0
66287 1
66288 1
66289 0
66290 0
66291 1
66292 0
66293 1
66294 2
66295 1
66296 1
66297 2
66298 0
66299 0
66300 1
66301 0
66302 2
66303 1
66304 1
66305 2
66306 0
66307 4
66308 0
66309 1
66310 1
66311 1
66312 1
66313 0
66314 2
66315 1
66316 1
66317 2
66318 1
66319 1
66320 1
66321 1
66322 2
66323 1
66324 1
66325 0
66326 0
66327 1
66328 0
66329 0
66330 2
66331 2
66332 0
66333 1
66334 1
66335 0
66336 1
66337 2
66338 2
66339 1
66340 3
66341 2
66342 0
66343 0
66344 2
66345 0
66346 0
66347 1
66348 1
66349 1
66350 2
66351 0
66352 2
66353 1
66354 2
66355 0
66356 2
66357 1
66358 1
66359 1
66360 1
66361 0
66362 1
66363 3
66364 1
66365 2
66366 0
66367 1
66368 0
66369 0
66370 1
66371 2
66372 1
66373 1
66374 0
66375 1
66376 2
66377 0
66378 0
66379 1
66380 1
66381 0
66382 1
66383 3
66384 2
66385 2
66386 1
66387 0
66388 2
66389 0
66390 0
66391 2
66392 1
66393 2
66394 1
66395 0
66396 0
66397 0
66398 0
66399 2
66400 1
66401 4
66402 2
66403 0
66404 0
66405 2
66406 0
66407 2
66408 2
66409 1
66410 2
66411 0
66412 2
66413 1
66414 0
66415 0
66416 1
66417 0
66418 0
66419 0
66420 1
66421 1
66422 1
66423 2
66424 2
66425 1
66426 0
66427 0
66428 1
66429 0
66430 2
66431 1
66432 1
66433 2
66434 0
66435 2
66436 1
66437 0
66438 0
66439 0
66440 2
66441 0
66442 0
66443 1
66444 1
66445 0
66446 2
66447 1
66448 1
66449 2
66450 2
66451 1
66452 0
66453 0
66454 0
66455 2
66456 1
66457 0
66458 2
66459 1
66460 1
66461 2
66462 1
66463 2
66464 0
66465 0
66466 1
66467 2
66468 1
66469 2
66470 0
66471 1
66472 1
66473 0
66474 0
66475 0
66476 1
66477 1
66478 2
66479 0
66480 2
66481 0
66482 1
66483 1
66484 1
66485 0
66486 2
66487 0
66488 0
66489 0
66490 2
66491 2
66492 1
66493 1
66494 0
66495 0
66496 1
66497 2
66498 2
66499 1
66500 0
66501 0
66502 1
66503 2
66504 2
66505 1
66506 0
66507 2
66508 1
66509 0
66510 1
66511 1
66512 0
66513 0
66514 1
66515 2
66516 1
66517 1
66518 0
66519 1
66520 1
66521 3
66522 1
66523 0
66524 1
66525 0
66526 0
66527 0
66528 1
66529 0
66530 0
66531 0
66532 3
66533 0
66534 0
66535 3
66536 0
66537 1
66538 1
66539 0
66540 2
66541 1
66542 1
66543 2
66544 1
66545 1
66546 0
66547 0
66548 0
66549 1
66550 1
66551 2
66552 3
66553 0
66554 1
66555 0
66556 0
66557 0
66558 2
66559 0
66560 1
66561 1
66562 0
66563 1
66564 2
66565 1
66566 1
66567 1
66568 1
66569 0
66570 0
66571 1
66572 2
66573 0
66574 0
66575 1
66576 0
66577 1
66578 0
66579 3
66580 0
66581 0
66582 3
66583 1
66584 2
66585 1
66586 2
66587 0
66588 2
66589 2
66590 0
66591 2
66592 0
66593 1
66594 2
66595 0
66596 0
66597 0
66598 0
66599 0
66600 1
66601 2
66602 0
66603 1
66604 0
66605 2
66606 2
66607 2
66608 2
66609 1
66610 0
66611 0
66612 0
66613 1
66614 1
66615 2
66616 2
66617 1
66618 0
66619 3
66620 0
66621 1
66622 1
66623 1
66624 1
66625 2
66626 1
66627 0
66628 1
66629 1
66630 2
66631 1
66632 1
66633 0
66634 0
66635 0
66636 0
66637 1
66638 0
66639 0
66640 2
66641 2
66642 0
66643 0
66644 0
66645 1
66646 2
66647 0
66648 2
66649 2
66650 0
66651 1
66652 2
66653 0
66654 1
66655 2
66656 0
66657 0
66658 2
66659 2
66660 0
66661 1
66662 1
66663 1
66664 0
66665 1
66666 1
66667 1
66668 1
66669 0
66670 1
66671 2
66672 1
66673 0
66674 0
66675 0
66676 2
66677 2
66678 1
66679 1
66680 0
66681 1
66682 2
66683 0
66684 1
66685 2
66686 1
66687 2
66688 1
66689 2
66690 2
66691 1
66692 2
66693 0
66694 0
66695 0
66696 0
66697 0
66698 2
66699 1
66700 0
66701 1
66702 1
66703 0
66704 0
66705 1
66706 0
66707 0
66708 3
66709 2
66710 2
66711 1
66712 2
66713 1
66714 2
66715 1
66716 1
66717 0
66718 2
66719 0
66720 0
66721 3
66722 0
66723 2
66724 0
66725 2
66726 2
66727 0
66728 0
66729 1
66730 0
66731 1
66732 2
66733 2
66734 3
66735 2
66736 1
66737 3
66738 1
66739 1
66740 2
66741 1
66742 0
66743 0
66744 1
66745 0
66746 1
66747 1
66748 0
66749 0
66750 2
66751 1
66752 3
66753 1
66754 1
66755 3
66756 2
66757 1
66758 2
66759 1
66760 2
66761 0
66762 1
66763 2
66764 1
66765 0
66766 1
66767 3
66768 1
66769 1
66770 1
66771 1
66772 0
66773 0
66774 0
66775 0
66776 1
66777 2
66778 2
66779 2
66780 1
66781 1
66782 2
66783 1
66784 1
66785 0
66786 0
66787 1
66788 1
66789 2
66790 1
66791 2
66792 2
66793 2
66794 2
66795 1
66796 1
66797 1
66798 1
66799 1
66800 0
66801 1
66802 1
66803 1
66804 0
66805 1
66806 1
66807 3
66808 1
66809 1
66810 1
66811 1
66812 2
66813 0
66814 1
66815 0
66816 0
66817 0
66818 1
66819 3
66820 1
66821 0
66822 0
66823 1
66824 0
66825 2
66826 3
66827 1
66828 1
66829 2
66830 2
66831 1
66832 1
66833 0
66834 0
66835 2
66836 1
66837 1
66838 2
66839 2
66840 1
66841 2
66842 0
66843 0
66844 0
66845 1
66846 3
66847 3
66848 2
66849 0
66850 0
66851 1
66852 1
66853 1
66854 0
66855 1
66856 2
66857 2
66858 1
66859 2
66860 1
66861 1
66862 0
66863 0
66864 1
66865 1
66866 2
66867 0
66868 1
66869 0
66870 1
66871 1
66872 1
66873 1
66874 1
66875 0
66876 0
66877 2
66878 2
66879 2
66880 0
66881 1
66882 2
66883 2
66884 1
66885 0
66886 2
66887 1
66888 0
66889 1
66890 0
66891 2
66892 2
66893 1
66894 1
66895 1
66896 3
66897 1
66898 1
66899 2
66900 1
66901 2
66902 0
66903 0
66904 2
66905 1
66906 3
66907 1
66908 2
66909 1
66910 2
66911 1
66912 0
66913 2
66914 1
66915 1
66916 0
66917 0
66918 0
66919 0
66920 0
66921 1
66922 0
66923 1
66924 0
66925 3
66926 0
66927 1
66928 0
66929 1
66930 1
66931 0
66932 3
66933 0
66934 1
66935 1
66936 1
66937 0
66938 0
66939 1
66940 1
66941 2
66942 1
66943 2
66944 0
66945 1
66946 2
66947 2
66948 2
66949 0
66950 0
66951 1
66952 1
66953 2
66954 0
66955 0
66956 2
66957 0
66958 0
66959 1
66960 3
66961 1
66962 1
66963 0
66964 1
66965 0
66966 1
66967 1
66968 1
66969 0
66970 1
66971 2
66972 1
66973 2
66974 1
66975 2
66976 0
66977 0
66978 1
66979 2
66980 0
66981 0
66982 2
66983 2
66984 1
66985 0
66986 1
66987 1
66988 0
66989 2
66990 0
66991 1
66992 2
66993 0
66994 0
66995 1
66996 0
66997 2
66998 0
66999 0
67000 1
67001 3
67002 1
67003 0
67004 2
67005 0
67006 0
67007 2
67008 2
67009 1
67010 1
67011 2
67012 2
67013 0
67014 0
67015 0
67016 0
67017 2
67018 0
67019 1
67020 0
67021 0
67022 0
67023 1
67024 0
67025 1
67026 2
67027 0
67028 1
67029 1
67030 1
67031 1
67032 1
67033 0
67034 1
67035 2
67036 2
67037 0
67038 2
67039 1
67040 0
67041 0
67042 0
67043 1
67044 1
67045 2
67046 0
67047 0
67048 1
67049 2
67050 1
67051 1
67052 0
67053 1
67054 0
67055 2
67056 1
67057 0
67058 0
67059 1
67060 0
67061 2
67062 1
67063 1
67064 1
67065 1
67066 0
67067 0
67068 0
67069 3
67070 2
67071 2
67072 1
67073 0
67074 2
67075 1
67076 0
67077 3
67078 2
67079 2
67080 2
67081 1
67082 1
67083 2
67084 1
67085 1
67086 2
67087 2
67088 2
67089 0
67090 2
67091 0
67092 2
67093 1
67094 1
67095 2
67096 1
67097 0
67098 2
67099 1
67100 1
67101 1
67102 2
67103 1
67104 2
67105 0
67106 2
67107 0
67108 0
67109 1
67110 0
67111 0
67112 0
67113 0
67114 0
67115 1
67116 0
67117 2
67118 0
67119 2
67120 0
67121 1
67122 2
67123 0
67124 2
67125 2
67126 2
67127 2
67128 0
67129 0
67130 1
67131 1
67132 1
67133 1
67134 0
67135 2
67136 0
67137 0
67138 2
67139 0
67140 1
67141 1
67142 1
67143 1
67144 1
67145 0
67146 2
67147 2
67148 2
67149 1
67150 1
67151 2
67152 1
67153 0
67154 0
67155 1
67156 2
67157 0
67158 0
67159 2
67160 0
67161 3
67162 1
67163 2
67164 0
67165 2
67166 0
67167 0
67168 2
67169 3
67170 0
67171 0
67172 0
67173 0
67174 1
67175 3
67176 1
67177 1
67178 1
67179 0
67180 3
67181 0
67182 0
67183 0
67184 0
67185 0
67186 2
67187 0
67188 1
67189 2
67190 0
67191 2
67192 1
67193 0
67194 2
67195 0
67196 0
67197 2
67198 1
67199 0
67200 1
67201 0
67202 0
67203 0
67204 1
67205 2
67206 3
67207 0
67208 0
67209 2
67210 2
67211 1
67212 2
67213 1
67214 1
67215 2
67216 1
67217 2
67218 3
67219 1
67220 3
67221 1
67222 0
67223 1
67224 0
67225 1
67226 0
67227 1
67228 2
67229 2
67230 1
67231 0
67232 1
67233 0
67234 0
67235 0
67236 1
67237 0
67238 2
67239 2
67240 0
67241 1
67242 2
67243 0
67244 1
67245 0
67246 0
67247 1
67248 1
67249 2
67250 2
67251 2
67252 0
67253 1
67254 1
67255 0
67256 1
67257 0
67258 1
67259 0
67260 1
67261 0
67262 0
67263 2
67264 1
67265 0
67266 1
67267 0
67268 2
67269 0
67270 3
67271 2
67272 2
67273 2
67274 1
67275 1
67276 1
67277 2
67278 1
67279 0
67280 1
67281 2
67282 1
67283 0
67284 1
67285 2
67286 2
67287 0
67288 1
67289 0
67290 1
67291 1
67292 0
67293 0
67294 1
67295 0
67296 1
67297 0
67298 2
67299 2
67300 2
67301 0
67302 1
67303 0
67304 0
67305 0
67306 1
67307 1
67308 1
67309 0
67310 0
67311 1
67312 3
67313 1
67314 1
67315 2
67316 1
67317 0
67318 3
67319 0
67320 1
67321 2
67322 1
67323 1
67324 1
67325 3
67326 0
67327 0
67328 1
67329 2
67330 0
67331 2
67332 1
67333 0
67334 2
67335 0
67336 0
67337 0
67338 0
67339 0
67340 1
67341 0
67342 1
67343 1
67344 2
67345 1
67346 3
67347 0
67348 1
67349 1
67350 1
67351 0
67352 2
67353 0
67354 0
67355 2
67356 2
67357 3
67358 1
67359 2
67360 0
67361 1
67362 0
67363 1
67364 1
67365 3
67366 0
67367 2
67368 2
67369 1
67370 0
67371 0
67372 1
67373 0
67374 0
67375 0
67376 2
67377 2
67378 1
67379 0
67380 1
67381 2
67382 1
67383 1
67384 1
67385 1
67386 1
67387 2
67388 0
67389 1
67390 2
67391 2
67392 2
67393 0
67394 2
67395 2
67396 1
67397 0
67398 0
67399 0
67400 2
67401 0
67402 1
67403 3
67404 2
67405 2
67406 1
67407 1
67408 1
67409 1
67410 2
67411 1
67412 0
67413 1
67414 0
67415 0
67416 0
67417 2
67418 0
67419 0
67420 0
67421 1
67422 1
67423 2
67424 0
67425 1
67426 2
67427 3
67428 2
67429 1
67430 2
67431 3
67432 0
67433 1
67434 2
67435 1
67436 1
67437 0
67438 0
67439 1
67440 1
67441 0
67442 2
67443 1
67444 3
67445 0
67446 2
67447 1
67448 1
67449 1
67450 0
67451 2
67452 1
67453 0
67454 0
67455 0
67456 2
67457 2
67458 2
67459 1
67460 1
67461 0
67462 0
67463 1
67464 1
67465 0
67466 0
67467 1
67468 2
67469 0
67470 0
67471 1
67472 0
67473 0
67474 1
67475 3
67476 0
67477 1
67478 1
67479 1
67480 0
67481 2
67482 0
67483 2
67484 1
67485 1
67486 0
67487 2
67488 2
67489 1
67490 2
67491 2
67492 0
67493 2
67494 0
67495 3
67496 2
67497 2
67498 2
67499 1
67500 0
67501 1
67502 0
67503 0
67504 0
67505 1
67506 0
67507 0
67508 1
67509 0
67510 2
67511 1
67512 0
67513 3
67514 2
67515 1
67516 2
67517 2
67518 3
67519 1
67520 1
67521 2
67522 1
67523 0
67524 0
67525 1
67526 2
67527 0
67528 1
67529 1
67530 0
67531 1
67532 1
67533 0
67534 1
67535 1
67536 0
67537 1
67538 0
67539 2
67540 1
67541 1
67542 1
67543 1
67544 1
67545 0
67546 2
67547 1
67548 2
67549 1
67550 1
67551 3
67552 0
67553 0
67554 2
67555 2
67556 0
67557 1
67558 0
67559 1
67560 1
67561 2
67562 0
67563 0
67564 1
67565 0
67566 0
67567 1
67568 0
67569 1
67570 2
67571 2
67572 1
67573 1
67574 1
67575 2
67576 2
67577 1
67578 0
67579 0
67580 2
67581 1
67582 1
67583 3
67584 0
67585 1
67586 1
67587 1
67588 0
67589 0
67590 0
67591 1
67592 0
67593 2
67594 0
67595 1
67596 3
67597 1
67598 3
67599 0
67600 2
67601 2
67602 1
67603 1
67604 2
67605 0
67606 0
67607 2
67608 2
67609 1
67610 1
67611 2
67612 0
67613 1
67614 0
67615 0
67616 1
67617 2
67618 0
67619 0
67620 0
67621 1
67622 0
67623 0
67624 0
67625 1
67626 0
67627 3
67628 2
67629 2
67630 1
67631 0
67632 0
67633 0
67634 1
67635 0
67636 1
67637 0
67638 0
67639 2
67640 1
67641 2
67642 0
67643 0
67644 1
67645 3
67646 0
67647 2
67648 3
67649 0
67650 2
67651 1
67652 0
67653 0
67654 0
67655 2
67656 0
67657 3
67658 2
67659 0
67660 0
67661 1
67662 2
67663 0
67664 1
67665 0
67666 1
67667 0
67668 0
67669 2
67670 0
67671 1
67672 1
67673 1
67674 2
67675 2
67676 1
67677 0
67678 3
67679 0
67680 1
67681 1
67682 1
67683 2
67684 2
67685 2
67686 0
67687 1
67688 1
67689 0
67690 1
67691 1
67692 1
67693 1
67694 0
67695 1
67696 3
67697 2
67698 2
67699 1
67700 1
67701 1
67702 3
67703 2
67704 1
67705 1
67706 1
67707 0
67708 2
67709 0
67710 0
67711 0
67712 1
67713 1
67714 1
67715 1
67716 1
67717 2
67718 1
67719 1
67720 0
67721 1
67722 0
67723 1
67724 2
67725 2
67726 1
67727 1
67728 2
67729 0
67730 1
67731 0
67732 1
67733 1
67734 0
67735 2
67736 1
67737 3
67738 0
67739 0
67740 1
67741 2
67742 1
67743 2
67744 1
67745 2
67746 2
67747 1
67748 1
67749 1
67750 0
67751 2
67752 2
67753 1
67754 1
67755 0
67756 2
67757 0
67758 1
67759 1
67760 2
67761 0
67762 2
67763 1
67764 1
67765 2
67766 0
67767 2
67768 0
67769 0
67770 2
67771 0
67772 0
67773 1
67774 0
67775 0
67776 2
67777 1
67778 2
67779 2
67780 0
67781 1
67782 2
67783 1
67784 1
67785 1
67786 2
67787 0
67788 1
67789 2
67790 1
67791 2
67792 1
67793 1
67794 1
67795 1
67796 2
67797 2
67798 0
67799 2
67800 1
67801 2
67802 0
67803 2
67804 1
67805 1
67806 0
67807 1
67808 1
67809 1
67810 2
67811 3
67812 0
67813 1
67814 0
67815 2
67816 0
67817 1
67818 2
67819 0
67820 1
67821 1
67822 0
67823 1
67824 2
67825 0
67826 0
67827 2
67828 2
67829 0
67830 1
67831 0
67832 0
67833 1
67834 0
67835 1
67836 2
67837 2
67838 0
67839 1
67840 1
67841 0
67842 0
67843 0
67844 1
67845 3
67846 1
67847 1
67848 0
67849 0
67850 1
67851 3
67852 0
67853 2
67854 1
67855 0
67856 0
67857 3
67858 1
67859 1
67860 1
67861 1
67862 1
67863 3
67864 0
67865 0
67866 2
67867 2
67868 1
67869 0
67870 0
67871 1
67872 1
67873 2
67874 0
67875 3
67876 1
67877 3
67878 1
67879 0
67880 1
67881 1
67882 0
67883 2
67884 1
67885 1
67886 1
67887 0
67888 1
67889 2
67890 1
67891 0
67892 1
67893 2
67894 0
67895 1
67896 1
67897 0
67898 1
67899 2
67900 0
67901 0
67902 0
67903 0
67904 1
67905 1
67906 0
67907 0
67908 1
67909 1
67910 0
67911 0
67912 0
67913 0
67914 2
67915 1
67916 2
67917 0
67918 0
67919 2
67920 1
67921 0
67922 1
67923 2
67924 0
67925 1
67926 2
67927 2
67928 0
67929 1
67930 0
67931 1
67932 1
67933 2
67934 0
67935 0
67936 0
67937 1
67938 2
67939 2
67940 1
67941 3
67942 2
67943 2
67944 1
67945 2
67946 1
67947 3
67948 0
67949 2
67950 1
67951 0
67952 2
67953 1
67954 0
67955 1
67956 2
67957 0
67958 1
67959 2
67960 0
67961 2
67962 1
67963 0
67964 2
67965 2
67966 3
67967 1
67968 1
67969 2
67970 0
67971 0
67972 1
67973 3
67974 1
67975 0
67976 0
67977 2
67978 0
67979 0
67980 0
67981 1
67982 2
67983 1
67984 2
67985 1
67986 0
67987 0
67988 1
67989 0
67990 2
67991 1
67992 1
67993 2
67994 0
67995 3
67996 2
67997 0
67998 1
67999 2
68000 0
68001 2
68002 0
68003 0
68004 2
68005 0
68006 1
68007 1
68008 1
68009 1
68010 0
68011 0
68012 1
68013 2
68014 1
68015 0
68016 3
68017 0
68018 1
68019 0
68020 0
68021 2
68022 1
68023 1
68024 2
68025 0
68026 2
68027 1
68028 1
68029 2
68030 2
68031 0
68032 0
68033 0
68034 1
68035 1
68036 1
68037 1
68038 2
68039 1
68040 1
68041 0
68042 1
68043 0
68044 0
68045 1
68046 0
68047 1
68048 2
68049 0
68050 2
68051 1
68052 2
68053 3
68054 1
68055 2
68056 1
68057 0
68058 0
68059 1
68060 1
68061 1
68062 0
68063 0
68064 0
68065 1
68066 0
68067 1
68068 1
68069 0
68070 0
68071 0
68072 1
68073 1
68074 0
68075 0
68076 2
68077 1
68078 2
68079 1
68080 0
68081 0
68082 1
68083 1
68084 1
68085 3
68086 2
68087 0
68088 1
68089 1
68090 1
68091 1
68092 2
68093 1
68094 0
68095 0
68096 1
68097 1
68098 2
68099 1
68100 0
68101 2
68102 0
68103 0
68104 2
68105 2
68106 1
68107 1
68108 2
68109 0
68110 1
68111 1
68112 1
68113 1
68114 2
68115 1
68116 0
68117 0
68118 0
68119 2
68120 2
68121 0
68122 0
68123 2
68124 2
68125 1
68126 1
68127 1
68128 0
68129 0
68130 1
68131 0
68132 0
68133 2
68134 0
68135 2
68136 1
68137 2
68138 0
68139 1
68140 2
68141 0
68142 3
68143 0
68144 0
68145 1
68146 1
68147 0
68148 1
68149 1
68150 1
68151 1
68152 2
68153 0
68154 2
68155 1
68156 1
68157 1
68158 0
68159 0
68160 0
68161 1
68162 1
68163 1
68164 0
68165 0
68166 1
68167 0
68168 0
68169 1
68170 0
68171 1
68172 1
68173 1
68174 0
68175 0
68176 0
68177 0
68178 1
68179 0
68180 3
68181 1
68182 1
68183 0
68184 1
68185 1
68186 2
68187 1
68188 0
68189 1
68190 0
68191 1
68192 1
68193 0
68194 1
68195 3
68196 0
68197 1
68198 2
68199 2
68200 2
68201 0
68202 0
68203 2
68204 3
68205 1
68206 2
68207 0
68208 0
68209 0
68210 0
68211 1
68212 1
68213 1
68214 0
68215 0
68216 0
68217 0
68218 0
68219 3
68220 2
68221 1
68222 0
68223 0
68224 2
68225 2
68226 0
68227 1
68228 0
68229 1
68230 1
68231 1
68232 2
68233 1
68234 1
68235 0
68236 2
68237 2
68238 2
68239 1
68240 0
68241 0
68242 3
68243 0
68244 1
68245 1
68246 1
68247 0
68248 2
68249 0
68250 0
68251 1
68252 2
68253 0
68254 2
68255 0
68256 0
68257 2
68258 1
68259 1
68260 1
68261 1
68262 0
68263 2
68264 1
68265 0
68266 2
68267 2
68268 0
68269 1
68270 2
68271 2
68272 0
68273 0
68274 0
68275 0
68276 0
68277 0
68278 0
68279 0
68280 0
68281 1
68282 0
68283 0
68284 2
68285 0
68286 2
68287 2
68288 0
68289 0
68290 0
68291 2
68292 2
68293 0
68294 0
68295 0
68296 0
68297 2
68298 1
68299 1
68300 1
68301 2
68302 0
68303 0
68304 1
68305 2
68306 1
68307 0
68308 2
68309 0
68310 0
68311 2
68312 0
68313 2
68314 2
68315 3
68316 1
68317 1
68318 2
68319 0
68320 3
68321 1
68322 0
68323 1
68324 1
68325 0
68326 2
68327 2
68328 1
68329 0
68330 0
68331 1
68332 1
68333 0
68334 3
68335 2
68336 1
68337 0
68338 0
68339 1
68340 2
68341 2
68342 2
68343 2
68344 2
68345 1
68346 2
68347 0
68348 0
68349 0
68350 1
68351 2
68352 1
68353 0
68354 0
68355 1
68356 1
68357 2
68358 0
68359 0
68360 2
68361 0
68362 2
68363 0
68364 1
68365 1
68366 2
68367 1
68368 2
68369 3
68370 1
68371 1
68372 0
68373 0
68374 2
68375 0
68376 2
68377 0
68378 1
68379 1
68380 0
68381 3
68382 2
68383 2
68384 0
68385 1
68386 1
68387 1
68388 1
68389 0
68390 1
68391 0
68392 1
68393 0
68394 1
68395 1
68396 2
68397 0
68398 0
68399 1
68400 2
68401 2
68402 0
68403 1
68404 2
68405 0
68406 2
68407 0
68408 0
68409 3
68410 2
68411 1
68412 2
68413 1
68414 2
68415 0
68416 0
68417 0
68418 3
68419 1
68420 1
68421 1
68422 0
68423 0
68424 1
68425 2
68426 1
68427 0
68428 0
68429 0
68430 1
68431 3
68432 1
68433 0
68434 1
68435 0
68436 2
68437 1
68438 0
68439 0
68440 2
68441 3
68442 1
68443 1
68444 0
68445 0
68446 1
68447 0
68448 3
68449 1
68450 0
68451 1
68452 1
68453 1
68454 0
68455 2
68456 2
68457 0
68458 2
68459 2
68460 2
68461 2
68462 1
68463 0
68464 1
68465 2
68466 1
68467 0
68468 0
68469 0
68470 0
68471 3
68472 2
68473 0
68474 3
68475 0
68476 0
68477 1
68478 0
68479 0
68480 2
68481 1
68482 0
68483 2
68484 0
68485 1
68486 0
68487 2
68488 0
68489 3
68490 1
68491 0
68492 0
68493 0
68494 0
68495 0
68496 2
68497 2
68498 3
68499 2
68500 1
68501 0
68502 1
68503 1
68504 2
68505 2
68506 2
68507 2
68508 0
68509 2
68510 2
68511 1
68512 0
68513 0
68514 1
68515 1
68516 2
68517 1
68518 0
68519 3
68520 1
68521 0
68522 1
68523 1
68524 1
68525 0
68526 0
68527 2
68528 2
68529 1
68530 0
68531 0
68532 0
68533 0
68534 0
68535 1
68536 0
68537 1
68538 0
68539 0
68540 2
68541 2
68542 1
68543 0
68544 2
68545 1
68546 0
68547 1
68548 0
68549 2
68550 0
68551 1
68552 1
68553 2
68554 2
68555 0
68556 1
68557 2
68558 0
68559 1
68560 0
68561 3
68562 2
68563 2
68564 1
68565 2
68566 0
68567 0
68568 2
68569 3
68570 0
68571 1
68572 0
68573 1
68574 1
68575 0
68576 2
68577 1
68578 1
68579 1
68580 0
68581 2
68582 2
68583 1
68584 0
68585 0
68586 0
68587 1
68588 2
68589 2
68590 0
68591 1
68592 1
68593 0
68594 1
68595 1
68596 1
68597 3
68598 1
68599 1
68600 0
68601 0
68602 3
68603 0
68604 2
68605 0
68606 0
68607 1
68608 1
68609 0
68610 1
68611 3
68612 2
68613 1
68614 2
68615 1
68616 1
68617 2
68618 2
68619 0
68620 1
68621 1
68622 1
68623 2
68624 0
68625 2
68626 1
68627 2
68628 0
68629 0
68630 2
68631 2
68632 0
68633 0
68634 0
68635 2
68636 0
68637 2
68638 2
68639 2
68640 0
68641 2
68642 2
68643 0
68644 0
68645 0
68646 1
68647 1
68648 1
68649 1
68650 1
68651 1
68652 0
68653 3
68654 2
68655 1
68656 3
68657 0
68658 1
68659 0
68660 1
68661 3
68662 0
68663 1
68664 0
68665 1
68666 0
68667 2
68668 1
68669 0
68670 1
68671 2
68672 2
68673 1
68674 1
68675 1
68676 1
68677 2
68678 1
68679 1
68680 1
68681 3
68682 2
68683 1
68684 2
68685 1
68686 0
68687 0
68688 1
68689 0
68690 0
68691 2
68692 2
68693 1
68694 0
68695 0
68696 3
68697 2
68698 1
68699 1
68700 0
68701 1
68702 2
68703 0
68704 1
68705 0
68706 1
68707 2
68708 3
68709 0
68710 0
68711 3
68712 0
68713 0
68714 0
68715 2
68716 2
68717 2
68718 2
68719 0
68720 0
68721 2
68722 1
68723 1
68724 1
68725 2
68726 2
68727 0
68728 0
68729 1
68730 0
68731 0
68732 1
68733 0
68734 0
68735 2
68736 1
68737 0
68738 2
68739 0
68740 1
68741 2
68742 2
68743 0
68744 2
68745 2
68746 1
68747 0
68748 2
68749 0
68750 0
68751 2
68752 2
68753 2
68754 2
68755 1
68756 0
68757 0
68758 0
68759 1
68760 1
68761 0
68762 0
68763 0
68764 2
68765 0
68766 1
68767 1
68768 1
68769 3
68770 0
68771 1
68772 0
68773 2
68774 1
68775 0
68776 2
68777 0
68778 1
68779 0
68780 0
68781 2
68782 1
68783 3
68784 1
68785 2
68786 0
68787 2
68788 1
68789 1
68790 0
68791 1
68792 1
68793 1
68794 2
68795 0
68796 1
68797 1
68798 2
68799 2
68800 2
68801 2
68802 1
68803 2
68804 2
68805 2
68806 2
68807 1
68808 1
68809 1
68810 2
68811 1
68812 2
68813 1
68814 2
68815 0
68816 0
68817 1
68818 2
68819 0
68820 0
68821 1
68822 0
68823 3
68824 0
68825 1
68826 1
68827 1
68828 2
68829 2
68830 1
68831 1
68832 2
68833 0
68834 1
68835 0
68836 1
68837 0
68838 1
68839 1
68840 0
68841 2
68842 2
68843 2
68844 2
68845 0
68846 1
68847 0
68848 0
68849 1
68850 2
68851 1
68852 2
68853 0
68854 2
68855 1
68856 1
68857 1
68858 0
68859 1
68860 2
68861 2
68862 1
68863 1
68864 2
68865 0
68866 1
68867 0
68868 0
68869 0
68870 1
68871 0
68872 1
68873 1
68874 1
68875 2
68876 3
68877 2
68878 1
68879 1
68880 2
68881 2
68882 2
68883 1
68884 2
68885 0
68886 0
68887 2
68888 1
68889 1
68890 0
68891 1
68892 2
68893 0
68894 2
68895 1
68896 1
68897 1
68898 0
68899 1
68900 0
68901 0
68902 1
68903 1
68904 0
68905 1
68906 2
68907 3
68908 0
68909 1
68910 2
68911 0
68912 0
68913 2
68914 2
68915 0
68916 1
68917 1
68918 1
68919 0
68920 2
68921 1
68922 2
68923 2
68924 0
68925 0
68926 2
68927 1
68928 1
68929 2
68930 0
68931 3
68932 1
68933 0
68934 0
68935 1
68936 1
68937 1
68938 1
68939 1
68940 1
68941 0
68942 0
68943 1
68944 2
68945 0
68946 0
68947 1
68948 1
68949 0
68950 0
68951 0
68952 1
68953 1
68954 1
68955 0
68956 0
68957 1
68958 0
68959 1
68960 2
68961 2
68962 1
68963 0
68964 1
68965 1
68966 1
68967 0
68968 1
68969 1
68970 1
68971 0
68972 1
68973 1
68974 2
68975 0
68976 0
68977 1
68978 1
68979 2
68980 2
68981 0
68982 2
68983 1
68984 2
68985 0
68986 0
68987 0
68988 0
68989 3
68990 1
68991 0
68992 0
68993 1
68994 3
68995 1
68996 0
68997 2
68998 3
68999 2
69000 1
69001 3
69002 1
69003 0
69004 0
69005 2
69006 0
69007 1
69008 2
69009 2
69010 0
69011 0
69012 0
69013 0
69014 0
69015 3
69016 1
69017 1
69018 1
69019 2
69020 0
69021 2
69022 1
69023 1
69024 0
69025 0
69026 0
69027 3
69028 1
69029 2
69030 2
69031 1
69032 2
69033 2
69034 1
69035 1
69036 1
69037 0
69038 2
69039 2
69040 0
69041 0
69042 0
69043 1
69044 2
69045 1
69046 1
69047 0
69048 2
69049 3
69050 2
69051 0
69052 1
69053 0
69054 2
69055 0
69056 0
69057 2
69058 1
69059 0
69060 0
69061 0
69062 2
69063 0
69064 0
69065 2
69066 2
69067 1
69068 0
69069 2
69070 1
69071 2
69072 0
69073 1
69074 1
69075 1
69076 0
69077 0
69078 2
69079 0
69080 3
69081 0
69082 0
69083 0
69084 3
69085 2
69086 0
69087 0
69088 0
69089 0
69090 0
69091 0
69092 2
69093 1
69094 1
69095 0
69096 0
69097 2
69098 0
69099 0
69100 2
69101 3
69102 1
69103 0
69104 1
69105 2
69106 1
69107 2
69108 1
69109 0
69110 2
69111 0
69112 0
69113 0
69114 0
69115 1
69116 2
69117 0
69118 2
69119 1
69120 0
69121 2
69122 1
69123 0
69124 0
69125 2
69126 2
69127 2
69128 2
69129 1
69130 0
69131 1
69132 0
69133 0
69134 2
69135 2
69136 1
69137 1
69138 0
69139 2
69140 2
69141 2
69142 2
69143 1
69144 3
69145 1
69146 2
69147 1
69148 3
69149 1
69150 0
69151 2
69152 0
69153 0
69154 2
69155 2
69156 2
69157 2
69158 2
69159 2
69160 0
69161 1
69162 0
69163 1
69164 0
69165 2
69166 2
69167 0
69168 1
69169 3
69170 0
69171 0
69172 0
69173 0
69174 1
69175 0
69176 0
69177 2
69178 1
69179 2
69180 1
69181 0
69182 1
69183 0
69184 2
69185 1
69186 2
69187 2
69188 0
69189 0
69190 1
69191 1
69192 2
69193 3
69194 1
69195 1
69196 0
69197 2
69198 1
69199 0
69200 0
69201 0
69202 1
69203 0
69204 0
69205 1
69206 1
69207 2
69208 1
69209 0
69210 0
69211 2
69212 1
69213 1
69214 2
69215 0
69216 2
69217 1
69218 2
69219 0
69220 3
69221 2
69222 1
69223 2
69224 1
69225 2
69226 1
69227 1
69228 0
69229 1
69230 0
69231 1
69232 2
69233 2
69234 1
69235 1
69236 2
69237 1
69238 1
69239 0
69240 0
69241 0
69242 2
69243 1
69244 2
69245 0
69246 0
69247 0
69248 2
69249 0
69250 1
69251 1
69252 1
69253 2
69254 0
69255 2
69256 0
69257 0
69258 1
69259 0
69260 0
69261 0
69262 1
69263 0
69264 1
69265 0
69266 2
69267 1
69268 2
69269 2
69270 1
69271 1
69272 0
69273 0
69274 1
69275 0
69276 0
69277 2
69278 1
69279 1
69280 0
69281 0
69282 2
69283 1
69284 0
69285 1
69286 0
69287 2
69288 0
69289 0
69290 0
69291 0
69292 2
69293 2
69294 2
69295 0
69296 1
69297 1
69298 2
69299 1
69300 1
69301 1
69302 3
69303 2
69304 2
69305 2
69306 3
69307 0
69308 2
69309 1
69310 1
69311 2
69312 1
69313 1
69314 2
69315 0
69316 1
69317 1
69318 3
69319 2
69320 0
69321 1
69322 0
69323 3
69324 2
69325 2
69326 3
69327 2
69328 0
69329 0
69330 1
69331 0
69332 0
69333 1
69334 3
69335 0
69336 2
69337 0
69338 0
69339 0
69340 2
69341 2
69342 0
69343 1
69344 0
69345 3
69346 1
69347 0
69348 1
69349 2
69350 1
69351 1
69352 2
69353 0
69354 1
69355 0
69356 1
69357 1
69358 1
69359 1
69360 2
69361 2
69362 1
69363 0
69364 1
69365 0
69366 1
69367 1
69368 1
69369 1
69370 2
69371 1
69372 2
69373 1
69374 2
69375 2
69376 1
69377 2
69378 0
69379 2
69380 1
69381 2
69382 0
69383 0
69384 2
69385 0
69386 1
69387 1
69388 0
69389 0
69390 2
69391 2
69392 2
69393 1
69394 2
69395 2
69396 1
69397 1
69398 0
69399 2
69400 2
69401 0
69402 1
69403 0
69404 3
69405 0
69406 0
69407 1
69408 0
69409 2
69410 1
69411 2
69412 0
69413 2
69414 0
69415 2
69416 0
69417 2
69418 1
69419 0
69420 1
69421 2
69422 1
69423 2
69424 2
69425 1
69426 2
69427 0
69428 0
69429 0
69430 2
69431 0
69432 2
69433 0
69434 0
69435 2
69436 0
69437 2
69438 1
69439 1
69440 0
69441 0
69442 0
69443 2
69444 1
69445 3
69446 3
69447 1
69448 1
69449 1
69450 0
69451 0
69452 2
69453 3
69454 1
69455 2
69456 2
69457 1
69458 1
69459 1
69460 1
69461 1
69462 0
69463 1
69464 1
69465 1
69466 1
69467 1
69468 0
69469 2
69470 1
69471 1
69472 0
69473 1
69474 1
69475 2
69476 2
69477 1
69478 2
69479 1
69480 2
69481 2
69482 0
69483 1
69484 0
69485 1
69486 0
69487 0
69488 1
69489 2
69490 0
69491 0
69492 1
69493 2
69494 0
69495 2
69496 0
69497 1
69498 0
69499 2
69500 1
69501 1
69502 2
69503 1
69504 1
69505 2
69506 1
69507 0
69508 2
69509 2
69510 0
69511 0
69512 0
69513 0
69514 0
69515 2
69516 1
69517 0
69518 0
69519 1
69520 2
69521 1
69522 0
69523 0
69524 2
69525 2
69526 0
69527 0
69528 0
69529 0
69530 1
69531 0
69532 1
69533 3
69534 2
69535 2
69536 1
69537 0
69538 2
69539 2
69540 2
69541 1
69542 1
69543 0
69544 0
69545 2
69546 1
69547 2
69548 1
69549 0
69550 0
69551 0
69552 2
69553 1
69554 0
69555 2
69556 0
69557 1
69558 0
69559 2
69560 2
69561 1
69562 0
69563 2
69564 1
69565 0
69566 1
69567 1
69568 2
69569 1
69570 2
69571 1
69572 2
69573 1
69574 1
69575 1
69576 2
69577 1
69578 2
69579 1
69580 1
69581 2
69582 1
69583 1
69584 0
69585 1
69586 0
69587 0
69588 1
69589 2
69590 2
69591 1
69592 2
69593 2
69594 2
69595 0
69596 0
69597 3
69598 1
69599 1
69600 0
69601 2
69602 1
69603 1
69604 1
69605 1
69606 1
69607 2
69608 0
69609 2
69610 1
69611 1
69612 2
69613 1
69614 0
69615 0
69616 0
69617 1
69618 0
69619 2
69620 1
69621 1
69622 0
69623 0
69624 3
69625 1
69626 1
69627 2
69628 1
69629 0
69630 2
69631 0
69632 2
69633 1
69634 0
69635 0
69636 1
69637 1
69638 1
69639 0
69640 0
69641 1
69642 1
69643 0
69644 0
69645 2
69646 2
69647 2
69648 1
69649 0
69650 0
69651 0
69652 0
69653 0
69654 2
69655 2
69656 0
69657 1
69658 0
69659 0
69660 1
69661 3
69662 2
69663 0
69664 0
69665 2
69666 1
69667 0
69668 2
69669 2
69670 0
69671 0
69672 1
69673 1
69674 2
69675 1
69676 1
69677 0
69678 0
69679 0
69680 1
69681 1
69682 1
69683 2
69684 2
69685 0
69686 1
69687 0
69688 0
69689 0
69690 3
69691 0
69692 3
69693 1
69694 4
69695 2
69696 1
69697 3
69698 1
69699 2
69700 1
69701 0
69702 1
69703 2
69704 1
69705 0
69706 1
69707 0
69708 0
69709 0
69710 0
69711 2
69712 2
69713 1
69714 3
69715 1
69716 0
69717 0
69718 2
69719 1
69720 0
69721 0
69722 1
69723 0
69724 0
69725 0
69726 0
69727 1
69728 2
69729 1
69730 0
69731 0
69732 1
69733 2
69734 0
69735 1
69736 2
69737 1
69738 2
69739 1
69740 2
69741 1
69742 0
69743 0
69744 0
69745 0
69746 0
69747 1
69748 2
69749 0
69750 2
69751 1
69752 2
69753 0
69754 1
69755 2
69756 3
69757 2
69758 2
69759 1
69760 0
69761 3
69762 2
69763 0
69764 2
69765 0
69766 1
69767 2
69768 1
69769 0
69770 0
69771 0
69772 1
69773 3
69774 0
69775 1
69776 2
69777 0
69778 1
69779 0
69780 2
69781 2
69782 1
69783 0
69784 0
69785 2
69786 2
69787 2
69788 2
69789 2
69790 1
69791 2
69792 2
69793 1
69794 2
69795 1
69796 1
69797 0
69798 0
69799 2
69800 0
69801 0
69802 1
69803 1
69804 1
69805 1
69806 2
69807 0
69808 1
69809 0
69810 2
69811 1
69812 0
69813 0
69814 1
69815 2
69816 1
69817 0
69818 1
69819 1
69820 1
69821 2
69822 1
69823 1
69824 1
69825 0
69826 1
69827 1
69828 0
69829 0
69830 1
69831 2
69832 1
69833 2
69834 1
69835 1
69836 0
69837 1
69838 0
69839 0
69840 1
69841 2
69842 0
69843 2
69844 0
69845 1
69846 2
69847 1
69848 1
69849 2
69850 1
69851 2
69852 3
69853 1
69854 1
69855 1
69856 2
69857 2
69858 2
69859 1
69860 1
69861 0
69862 2
69863 1
69864 1
69865 1
69866 0
69867 2
69868 0
69869 1
69870 0
69871 0
69872 0
69873 1
69874 2
69875 0
69876 1
69877 0
69878 1
69879 1
69880 0
69881 1
69882 0
69883 1
69884 1
69885 3
69886 1
69887 1
69888 1
69889 1
69890 1
69891 0
69892 1
69893 2
69894 2
69895 1
69896 1
69897 2
69898 2
69899 3
69900 1
69901 3
69902 3
69903 2
69904 0
69905 0
69906 2
69907 0
69908 0
69909 1
69910 2
69911 0
69912 2
69913 2
69914 1
69915 1
69916 2
69917 1
69918 1
69919 2
69920 2
69921 2
69922 2
69923 0
69924 2
69925 2
69926 1
69927 2
69928 1
69929 0
69930 1
69931 1
69932 1
69933 0
69934 1
69935 2
69936 2
69937 2
69938 1
69939 0
69940 1
69941 1
69942 1
69943 2
69944 1
69945 1
69946 2
69947 2
69948 0
69949 1
69950 1
69951 3
69952 0
69953 1
69954 1
69955 0
69956 2
69957 2
69958 1
69959 2
69960 0
69961 2
69962 1
69963 0
69964 0
69965 1
69966 2
69967 1
69968 2
69969 0
69970 0
69971 0
69972 1
69973 0
69974 0
69975 3
69976 2
69977 2
69978 2
69979 0
69980 0
69981 1
69982 2
69983 0
69984 2
69985 2
69986 2
69987 1
69988 3
69989 0
69990 2
69991 0
69992 0
69993 0
69994 1
69995 1
69996 1
69997 2
69998 3
69999 3
70000 1
70001 1
70002 2
70003 1
70004 1
70005 3
70006 0
70007 1
70008 1
70009 1
70010 2
70011 0
70012 1
70013 1
70014 1
70015 1
70016 1
70017 0
70018 2
70019 0
70020 0
70021 2
70022 0
70023 1
70024 0
70025 1
70026 0
70027 0
70028 1
70029 2
70030 1
70031 0
70032 0
70033 1
70034 0
70035 3
70036 2
70037 0
70038 0
70039 0
70040 1
70041 2
70042 2
70043 2
70044 1
70045 0
70046 2
70047 1
70048 1
70049 1
70050 2
70051 2
70052 0
70053 2
70054 2
70055 3
70056 1
70057 1
70058 1
70059 1
70060 0
70061 0
70062 0
70063 2
70064 3
70065 0
70066 1
70067 2
70068 0
70069 0
70070 2
70071 2
70072 0
70073 2
70074 0
70075 2
70076 1
70077 2
70078 2
70079 2
70080 1
70081 2
70082 1
70083 2
70084 0
70085 1
70086 2
70087 2
70088 1
70089 1
70090 1
70091 0
70092 2
70093 2
70094 0
70095 1
70096 3
70097 1
70098 0
70099 1
70100 0
70101 0
70102 1
70103 1
70104 2
70105 2
70106 2
70107 1
70108 2
70109 3
70110 1
70111 0
70112 0
70113 2
70114 2
70115 2
70116 0
70117 0
70118 2
70119 1
70120 1
70121 1
70122 2
70123 0
70124 2
70125 2
70126 2
70127 2
70128 0
70129 1
70130 1
70131 1
70132 1
70133 0
70134 2
70135 1
70136 1
70137 2
70138 1
70139 0
70140 0
70141 1
70142 0
70143 2
70144 0
70145 2
70146 2
70147 1
70148 0
70149 1
70150 0
70151 0
70152 0
70153 2
70154 2
70155 1
70156 2
70157 0
70158 2
70159 0
70160 0
70161 0
70162 0
70163 1
70164 1
70165 1
70166 2
70167 0
70168 1
70169 2
70170 0
70171 1
70172 1
70173 0
70174 1
70175 1
70176 1
70177 0
70178 0
70179 0
70180 0
70181 3
70182 2
70183 1
70184 2
70185 0
70186 1
70187 0
70188 0
70189 2
70190 2
70191 0
70192 1
70193 0
70194 1
70195 2
70196 2
70197 1
70198 2
70199 0
70200 0
70201 1
70202 0
70203 0
70204 0
70205 2
70206 1
70207 1
70208 1
70209 1
70210 0
70211 1
70212 3
70213 1
70214 2
70215 2
70216 0
70217 2
70218 2
70219 2
70220 2
70221 0
70222 0
70223 0
70224 0
70225 0
70226 2
70227 0
70228 2
70229 2
70230 1
70231 2
70232 0
70233 1
70234 2
70235 0
70236 1
70237 2
70238 0
70239 0
70240 2
70241 2
70242 1
70243 2
70244 2
70245 1
70246 2
70247 1
70248 1
70249 1
70250 2
70251 0
70252 1
70253 1
70254 0
70255 1
70256 0
70257 1
70258 0
70259 0
70260 1
70261 2
70262 2
70263 2
70264 0
70265 1
70266 2
70267 1
70268 2
70269 3
70270 1
70271 1
70272 2
70273 0
70274 1
70275 2
70276 0
70277 1
70278 3
70279 2
70280 0
70281 2
70282 0
70283 0
70284 2
70285 1
70286 0
70287 2
70288 1
70289 1
70290 0
70291 1
70292 2
70293 0
70294 0
70295 1
70296 1
70297 2
70298 1
70299 1
70300 2
70301 0
70302 1
70303 1
70304 0
70305 1
70306 1
70307 2
70308 1
70309 0
70310 3
70311 2
70312 1
70313 3
70314 0
70315 1
70316 2
70317 1
70318 1
70319 2
70320 2
70321 0
70322 1
70323 0
70324 3
70325 2
70326 0
70327 1
70328 0
70329 0
70330 0
70331 2
70332 2
70333 0
70334 0
70335 1
70336 1
70337 2
70338 0
70339 2
70340 1
70341 1
70342 0
70343 2
70344 3
70345 0
70346 1
70347 2
70348 0
70349 2
70350 0
70351 1
70352 2
70353 1
70354 1
70355 2
70356 2
70357 2
70358 0
70359 2
70360 2
70361 2
70362 0
70363 0
70364 1
70365 1
70366 0
70367 2
70368 1
70369 1
70370 0
70371 0
70372 1
70373 1
70374 0
70375 1
70376 1
70377 3
70378 1
70379 2
70380 1
70381 0
70382 1
70383 2
70384 2
70385 2
70386 2
70387 1
70388 1
70389 2
70390 2
70391 0
70392 2
70393 2
70394 2
70395 2
70396 2
70397 2
70398 2
70399 0
70400 1
70401 2
70402 2
70403 1
70404 2
70405 1
70406 1
70407 1
70408 0
70409 1
70410 1
70411 1
70412 1
70413 1
70414 2
70415 0
70416 1
70417 2
70418 1
70419 2
70420 0
70421 1
70422 2
70423 0
70424 1
70425 0
70426 0
70427 1
70428 2
70429 1
70430 2
70431 2
70432 0
70433 1
70434 2
70435 0
70436 2
70437 1
70438 1
70439 2
70440 2
70441 1
70442 2
70443 0
70444 3
70445 0
70446 0
70447 0
70448 1
70449 2
70450 0
70451 1
70452 0
70453 0
70454 2
70455 0
70456 0
70457 1
70458 1
70459 2
70460 0
70461 1
70462 0
70463 3
70464 2
70465 2
70466 1
70467 1
70468 0
70469 1
70470 1
70471 0
70472 1
70473 1
70474 3
70475 1
70476 0
70477 1
70478 0
70479 1
70480 3
70481 0
70482 0
70483 1
70484 1
70485 2
70486 1
70487 1
70488 2
70489 3
70490 1
70491 1
70492 2
70493 0
70494 1
70495 3
70496 1
70497 3
70498 1
70499 0
70500 2
70501 1
70502 1
70503 1
70504 2
70505 0
70506 2
70507 2
70508 2
70509 0
70510 2
70511 1
70512 2
70513 1
70514 2
70515 1
70516 2
70517 3
70518 1
70519 1
70520 2
70521 2
70522 0
70523 1
70524 0
70525 0
70526 1
70527 0
70528 0
70529 2
70530 2
70531 1
70532 1
70533 2
70534 1
70535 2
70536 3
70537 2
70538 0
70539 0
70540 0
70541 1
70542 2
70543 0
70544 2
70545 1
70546 1
70547 1
70548 2
70549 1
70550 2
70551 2
70552 1
70553 1
70554 2
70555 1
70556 1
70557 2
70558 2
70559 1
70560 1
70561 4
70562 0
70563 0
70564 2
70565 2
70566 0
70567 2
70568 1
70569 0
70570 3
70571 1
70572 1
70573 0
70574 1
70575 0
70576 0
70577 0
70578 1
70579 1
70580 1
70581 0
70582 2
70583 1
70584 2
70585 0
70586 2
70587 2
70588 1
70589 1
70590 1
70591 1
70592 0
70593 3
70594 1
70595 0
70596 0
70597 0
70598 0
70599 1
70600 2
70601 2
70602 0
70603 2
70604 1
70605 0
70606 1
70607 2
70608 2
70609 2
70610 2
70611 0
70612 2
70613 1
70614 1
70615 3
70616 1
70617 2
70618 3
70619 1
70620 1
70621 2
70622 2
70623 2
70624 0
70625 2
70626 0
70627 2
70628 2
70629 0
70630 2
70631 2
70632 2
70633 3
70634 1
70635 3
70636 0
70637 2
70638 2
70639 2
70640 1
70641 1
70642 0
70643 2
70644 1
70645 0
70646 0
70647 0
70648 0
70649 1
70650 0
70651 2
70652 1
70653 3
70654 1
70655 1
70656 1
70657 2
70658 0
70659 2
70660 1
70661 3
70662 3
70663 0
70664 0
70665 1
70666 0
70667 2
70668 1
70669 1
70670 1
70671 3
70672 0
70673 1
70674 1
70675 2
70676 0
70677 2
70678 1
70679 1
70680 1
70681 0
70682 1
70683 1
70684 1
70685 2
70686 1
70687 1
70688 1
70689 0
70690 1
70691 0
70692 1
70693 2
70694 1
70695 1
70696 2
70697 1
70698 1
70699 0
70700 1
70701 2
70702 0
70703 0
70704 2
70705 2
70706 0
70707 1
70708 0
70709 0
70710 2
70711 0
70712 0
70713 0
70714 0
70715 0
70716 0
70717 3
70718 0
70719 1
70720 1
70721 2
70722 0
70723 2
70724 2
70725 0
70726 2
70727 2
70728 1
70729 0
70730 0
70731 0
70732 2
70733 0
70734 1
70735 0
70736 0
70737 0
70738 1
70739 0
70740 2
70741 2
70742 1
70743 2
70744 0
70745 0
70746 1
70747 2
70748 2
70749 0
70750 1
70751 0
70752 0
70753 0
70754 0
70755 3
70756 2
70757 1
70758 2
70759 3
70760 2
70761 0
70762 0
70763 3
70764 0
70765 2
70766 0
70767 1
70768 1
70769 1
70770 1
70771 2
70772 1
70773 1
70774 1
70775 0
70776 0
70777 2
70778 2
70779 0
70780 1
70781 0
70782 1
70783 0
70784 1
70785 0
70786 1
70787 0
70788 2
70789 2
70790 0
70791 0
70792 2
70793 2
70794 0
70795 0
70796 0
70797 0
70798 3
70799 0
70800 0
70801 1
70802 0
70803 3
70804 2
70805 2
70806 0
70807 2
70808 2
70809 0
70810 1
70811 2
70812 2
70813 2
70814 1
70815 1
70816 1
70817 2
70818 1
70819 2
70820 0
70821 2
70822 2
70823 0
70824 0
70825 1
70826 1
70827 2
70828 1
70829 1
70830 1
70831 2
70832 1
70833 3
70834 4
70835 0
70836 1
70837 0
70838 0
70839 2
70840 2
70841 1
70842 1
70843 0
70844 1
70845 1
70846 2
70847 0
70848 2
70849 2
70850 2
70851 1
70852 2
70853 2
70854 2
70855 2
70856 1
70857 2
70858 1
70859 3
70860 0
70861 2
70862 0
70863 2
70864 0
70865 0
70866 0
70867 0
70868 1
70869 0
70870 0
70871 0
70872 1
70873 2
70874 0
70875 2
70876 0
70877 0
70878 0
70879 2
70880 0
70881 1
70882 1
70883 0
70884 1
70885 0
70886 2
70887 2
70888 2
70889 2
70890 0
70891 0
70892 0
70893 0
70894 0
70895 1
70896 2
70897 0
70898 1
70899 0
70900 1
70901 0
70902 2
70903 3
70904 0
70905 0
70906 2
70907 2
70908 0
70909 0
70910 2
70911 0
70912 1
70913 1
70914 1
70915 0
70916 3
70917 3
70918 1
70919 2
70920 3
70921 2
70922 1
70923 1
70924 1
70925 0
70926 0
70927 0
70928 0
70929 1
70930 2
70931 3
70932 1
70933 0
70934 3
70935 2
70936 0
70937 2
70938 0
70939 0
70940 1
70941 1
70942 0
70943 0
70944 0
70945 2
70946 0
70947 0
70948 1
70949 0
70950 0
70951 1
70952 1
70953 0
70954 2
70955 0
70956 2
70957 1
70958 2
70959 2
70960 0
70961 1
70962 0
70963 0
70964 0
70965 2
70966 1
70967 0
70968 1
70969 0
70970 0
70971 0
70972 2
70973 0
70974 2
70975 0
70976 0
70977 1
70978 0
70979 0
70980 1
70981 2
70982 2
70983 1
70984 1
70985 3
70986 1
70987 1
70988 0
70989 2
70990 2
70991 1
70992 2
70993 1
70994 0
70995 0
70996 2
70997 0
70998 1
70999 1
71000 0
71001 1
71002 1
71003 2
71004 3
71005 1
71006 0
71007 0
71008 0
71009 1
71010 0
71011 0
71012 1
71013 0
71014 3
71015 2
71016 1
71017 1
71018 2
71019 1
71020 2
71021 1
71022 2
71023 0
71024 2
71025 1
71026 2
71027 3
71028 1
71029 3
71030 1
71031 0
71032 0
71033 2
71034 0
71035 1
71036 0
71037 1
71038 2
71039 1
71040 2
71041 0
71042 2
71043 1
71044 2
71045 0
71046 0
71047 0
71048 2
71049 0
71050 1
71051 2
71052 1
71053 1
71054 1
71055 2
71056 0
71057 2
71058 1
71059 2
71060 1
71061 2
71062 0
71063 2
71064 0
71065 2
71066 2
71067 2
71068 1
71069 1
71070 0
71071 2
71072 0
71073 0
71074 1
71075 1
71076 2
71077 2
71078 0
71079 2
71080 0
71081 1
71082 0
71083 3
71084 0
71085 0
71086 2
71087 1
71088 2
71089 1
71090 1
71091 0
71092 1
71093 3
71094 0
71095 0
71096 0
71097 0
71098 1
71099 2
71100 2
71101 1
71102 0
71103 1
71104 2
71105 1
71106 0
71107 3
71108 0
71109 1
71110 0
71111 0
71112 2
71113 0
71114 1
71115 2
71116 2
71117 0
71118 1
71119 0
71120 1
71121 2
71122 2
71123 0
71124 1
71125 1
71126 3
71127 0
71128 1
71129 0
71130 2
71131 0
71132 0
71133 1
71134 2
71135 0
71136 0
71137 0
71138 2
71139 1
71140 1
71141 1
71142 1
71143 1
71144 0
71145 1
71146 0
71147 1
71148 0
71149 2
71150 0
71151 1
71152 0
71153 1
71154 2
71155 2
71156 1
71157 2
71158 1
71159 1
71160 1
71161 1
71162 1
71163 0
71164 1
71165 0
71166 2
71167 1
71168 0
71169 0
71170 3
71171 1
71172 2
71173 0
71174 1
71175 1
71176 2
71177 1
71178 0
71179 1
71180 2
71181 0
71182 0
71183 1
71184 1
71185 2
71186 1
71187 1
71188 0
71189 1
71190 2
71191 2
71192 2
71193 2
71194 1
71195 0
71196 0
71197 2
71198 0
71199 1
71200 1
71201 0
71202 1
71203 2
71204 2
71205 1
71206 0
71207 1
71208 2
71209 1
71210 1
71211 3
71212 1
71213 2
71214 1
71215 2
71216 0
71217 2
71218 0
71219 0
71220 2
71221 1
71222 0
71223 2
71224 2
71225 2
71226 1
71227 0
71228 0
71229 1
71230 0
71231 1
71232 1
71233 2
71234 0
71235 2
71236 0
71237 1
71238 2
71239 0
71240 1
71241 2
71242 1
71243 2
71244 1
71245 0
71246 1
71247 1
71248 2
71249 2
71250 3
71251 2
71252 3
71253 1
71254 0
71255 2
71256 2
71257 1
71258 0
71259 1
71260 1
71261 0
71262 0
71263 1
71264 1
71265 1
71266 1
71267 0
71268 0
71269 0
71270 1
71271 0
71272 1
71273 1
71274 1
71275 1
71276 2
71277 1
71278 0
71279 1
71280 0
71281 0
71282 0
71283 1
71284 2
71285 2
71286 2
71287 1
71288 1
71289 1
71290 1
71291 0
71292 0
71293 1
71294 2
71295 2
71296 0
71297 1
71298 2
71299 1
71300 2
71301 2
71302 0
71303 0
71304 1
71305 0
71306 1
71307 2
71308 3
71309 2
71310 1
71311 2
71312 0
71313 0
71314 2
71315 2
71316 1
71317 2
71318 2
71319 1
71320 0
71321 1
71322 2
71323 3
71324 0
71325 2
71326 2
71327 1
71328 0
71329 1
71330 0
71331 1
71332 0
71333 2
71334 1
71335 1
71336 0
71337 0
71338 0
71339 1
71340 0
71341 2
71342 0
71343 1
71344 1
71345 1
71346 3
71347 1
71348 1
71349 2
71350 1
71351 1
71352 1
71353 2
71354 1
71355 0
71356 2
71357 0
71358 1
71359 2
71360 2
71361 2
71362 0
71363 3
71364 1
71365 0
71366 1
71367 0
71368 2
71369 1
71370 0
71371 1
71372 0
71373 2
71374 2
71375 1
71376 2
71377 0
71378 0
71379 1
71380 2
71381 0
71382 2
71383 0
71384 0
71385 2
71386 3
71387 0
71388 1
71389 1
71390 1
71391 2
71392 1
71393 2
71394 0
71395 2
71396 0
71397 1
71398 2
71399 0
71400 0
71401 0
71402 1
71403 0
71404 1
71405 1
71406 1
71407 2
71408 0
71409 2
71410 2
71411 2
71412 0
71413 2
71414 1
71415 0
71416 3
71417 0
71418 1
71419 1
71420 1
71421 3
71422 1
71423 2
71424 1
71425 1
71426 1
71427 2
71428 0
71429 0
71430 2
71431 4
71432 0
71433 2
71434 0
71435 1
71436 2
71437 0
71438 1
71439 1
71440 2
71441 1
71442 1
71443 0
71444 1
71445 2
71446 0
71447 2
71448 1
71449 0
71450 0
71451 0
71452 0
71453 1
71454 0
71455 2
71456 1
71457 1
71458 0
71459 2
71460 1
71461 2
71462 0
71463 2
71464 0
71465 1
71466 0
71467 1
71468 1
71469 2
71470 1
71471 2
71472 0
71473 2
71474 1
71475 0
71476 2
71477 1
71478 2
71479 2
71480 1
71481 3
71482 1
71483 2
71484 1
71485 2
71486 2
71487 0
71488 0
71489 1
71490 3
71491 2
71492 2
71493 0
71494 2
71495 0
71496 2
71497 1
71498 1
71499 1
71500 0
71501 0
71502 1
71503 2
71504 1
71505 1
71506 0
71507 0
71508 1
71509 2
71510 0
71511 2
71512 1
71513 2
71514 1
71515 0
71516 1
71517 0
71518 2
71519 1
71520 0
71521 2
71522 2
71523 2
71524 3
71525 1
71526 0
71527 1
71528 1
71529 0
71530 2
71531 1
71532 1
71533 0
71534 1
71535 1
71536 1
71537 0
71538 2
71539 1
71540 1
71541 1
71542 2
71543 0
71544 1
71545 0
71546 2
71547 2
71548 0
71549 1
71550 1
71551 1
71552 1
71553 0
71554 0
71555 2
71556 1
71557 2
71558 1
71559 1
71560 0
71561 2
71562 2
71563 2
71564 0
71565 0
71566 0
71567 1
71568 1
71569 0
71570 0
71571 0
71572 0
71573 2
71574 1
71575 0
71576 3
71577 0
71578 0
71579 0
71580 0
71581 2
71582 0
71583 2
71584 0
71585 1
71586 2
71587 1
71588 1
71589 1
71590 1
71591 0
71592 2
71593 2
71594 2
71595 0
71596 2
71597 2
71598 1
71599 1
71600 2
71601 0
71602 1
71603 2
71604 0
71605 1
71606 1
71607 2
71608 2
71609 2
71610 2
71611 0
71612 0
71613 0
71614 0
71615 0
71616 0
71617 1
71618 0
71619 2
71620 1
71621 0
71622 0
71623 1
71624 1
71625 0
71626 0
71627 0
71628 1
71629 1
71630 2
71631 2
71632 2
71633 0
71634 0
71635 1
71636 1
71637 2
71638 0
71639 1
71640 1
71641 1
71642 1
71643 1
71644 2
71645 1
71646 0
71647 1
71648 1
71649 0
71650 1
71651 1
71652 0
71653 2
71654 1
71655 1
71656 0
71657 2
71658 0
71659 2
71660 2
71661 0
71662 1
71663 0
71664 2
71665 0
71666 1
71667 0
71668 1
71669 0
71670 0
71671 2
71672 2
71673 1
71674 2
71675 1
71676 2
71677 2
71678 0
71679 1
71680 0
71681 1
71682 0
71683 1
71684 1
71685 1
71686 2
71687 0
71688 1
71689 0
71690 0
71691 1
71692 2
71693 0
71694 3
71695 2
71696 3
71697 1
71698 2
71699 1
71700 2
71701 0
71702 0
71703 1
71704 2
71705 1
71706 3
71707 1
71708 3
71709 0
71710 1
71711 1
71712 0
71713 2
71714 1
71715 0
71716 2
71717 0
71718 0
71719 1
71720 0
71721 0
71722 3
71723 2
71724 1
71725 0
71726 1
71727 2
71728 1
71729 0
71730 0
71731 0
71732 3
71733 0
71734 1
71735 1
71736 2
71737 0
71738 0
71739 2
71740 2
71741 2
71742 1
71743 1
71744 0
71745 1
71746 0
71747 3
71748 1
71749 2
71750 1
71751 2
71752 2
71753 1
71754 0
71755 0
71756 3
71757 0
71758 1
71759 1
71760 0
71761 1
71762 1
71763 1
71764 1
71765 2
71766 0
71767 1
71768 0
71769 2
71770 0
71771 1
71772 2
71773 2
71774 1
71775 1
71776 1
71777 2
71778 1
71779 2
71780 1
71781 2
71782 3
71783 1
71784 2
71785 1
71786 0
71787 2
71788 1
71789 0
71790 0
71791 1
71792 2
71793 1
71794 1
71795 1
71796 0
71797 0
71798 3
71799 1
71800 2
71801 1
71802 3
71803 1
71804 0
71805 0
71806 2
71807 2
71808 2
71809 0
71810 3
71811 2
71812 0
71813 2
71814 3
71815 0
71816 1
71817 0
71818 1
71819 2
71820 1
71821 2
71822 2
71823 0
71824 2
71825 2
71826 0
71827 1
71828 1
71829 0
71830 1
71831 0
71832 1
71833 0
71834 1
71835 1
71836 1
71837 2
71838 1
71839 2
71840 0
71841 0
71842 0
71843 2
71844 1
71845 1
71846 1
71847 0
71848 0
71849 1
71850 0
71851 0
71852 0
71853 3
71854 0
71855 0
71856 1
71857 1
71858 1
71859 1
71860 2
71861 1
71862 0
71863 1
71864 2
71865 2
71866 1
71867 2
71868 1
71869 1
71870 0
71871 2
71872 1
71873 1
71874 2
71875 2
71876 1
71877 0
71878 2
71879 2
71880 2
71881 1
71882 2
71883 0
71884 1
71885 0
71886 2
71887 1
71888 0
71889 0
71890 0
71891 2
71892 0
71893 2
71894 1
71895 0
71896 0
71897 2
71898 0
71899 0
71900 3
71901 1
71902 1
71903 1
71904 1
71905 0
71906 2
71907 1
71908 0
71909 3
71910 1
71911 1
71912 0
71913 2
71914 3
71915 0
71916 2
71917 1
71918 0
71919 0
71920 0
71921 3
71922 0
71923 1
71924 2
71925 2
71926 1
71927 1
71928 2
71929 0
71930 1
71931 0
71932 2
71933 2
71934 0
71935 2
71936 0
71937 1
71938 1
71939 1
71940 0
71941 0
71942 0
71943 1
71944 0
71945 1
71946 1
71947 0
71948 0
71949 0
71950 0
71951 1
71952 1
71953 1
71954 1
71955 0
71956 0
71957 0
71958 2
71959 3
71960 1
71961 1
71962 1
71963 3
71964 0
71965 0
71966 1
71967 1
71968 0
71969 1
71970 0
71971 2
71972 0
71973 0
71974 0
71975 1
71976 2
71977 2
71978 1
71979 0
71980 1
71981 1
71982 2
71983 1
71984 0
71985 2
71986 0
71987 1
71988 0
71989 0
71990 0
71991 0
71992 2
71993 2
71994 0
71995 1
71996 2
71997 1
71998 0
71999 0
72000 1
72001 0
72002 2
72003 1
72004 1
72005 1
72006 0
72007 0
72008 2
72009 1
72010 2
72011 0
72012 2
72013 0
72014 1
72015 0
72016 1
72017 0
72018 3
72019 1
72020 1
72021 2
72022 1
72023 3
72024 0
72025 0
72026 1
72027 0
72028 1
72029 1
72030 0
72031 2
72032 1
72033 1
72034 0
72035 1
72036 2
72037 0
72038 0
72039 1
72040 0
72041 2
72042 2
72043 0
72044 2
72045 0
72046 0
72047 1
72048 2
72049 1
72050 0
72051 0
72052 0
72053 0
72054 1
72055 2
72056 3
72057 1
72058 0
72059 2
72060 1
72061 1
72062 1
72063 0
72064 2
72065 2
72066 1
72067 1
72068 2
72069 1
72070 2
72071 2
72072 2
72073 1
72074 0
72075 1
72076 2
72077 1
72078 3
72079 1
72080 0
72081 0
72082 0
72083 0
72084 2
72085 1
72086 1
72087 1
72088 0
72089 0
72090 1
72091 1
72092 2
72093 1
72094 1
72095 1
72096 0
72097 0
72098 1
72099 2
72100 1
72101 2
72102 0
72103 1
72104 0
72105 1
72106 0
72107 1
72108 2
72109 0
72110 0
72111 0
72112 1
72113 0
72114 0
72115 2
72116 1
72117 0
72118 1
72119 0
72120 2
72121 0
72122 1
72123 1
72124 2
72125 1
72126 1
72127 2
72128 3
72129 1
72130 1
72131 0
72132 1
72133 1
72134 0
72135 2
72136 1
72137 0
72138 3
72139 2
72140 0
72141 0
72142 1
72143 0
72144 1
72145 1
72146 3
72147 2
72148 2
72149 1
72150 2
72151 3
72152 3
72153 1
72154 0
72155 2
72156 1
72157 1
72158 1
72159 1
72160 0
72161 3
72162 2
72163 1
72164 0
72165 0
72166 2
72167 1
72168 1
72169 1
72170 0
72171 2
72172 1
72173 1
72174 2
72175 1
72176 1
72177 1
72178 1
72179 2
72180 1
72181 0
72182 0
72183 1
72184 1
72185 2
72186 2
72187 1
72188 3
72189 2
72190 1
72191 1
72192 1
72193 3
72194 3
72195 1
72196 2
72197 3
72198 0
72199 1
72200 0
72201 1
72202 0
72203 1
72204 2
72205 0
72206 1
72207 3
72208 0
72209 1
72210 0
72211 3
72212 0
72213 2
72214 1
72215 1
72216 0
72217 1
72218 1
72219 2
72220 1
72221 1
72222 0
72223 0
72224 1
72225 0
72226 2
72227 2
72228 2
72229 2
72230 2
72231 1
72232 0
72233 1
72234 1
72235 0
72236 1
72237 0
72238 0
72239 3
72240 0
72241 0
72242 1
72243 1
72244 1
72245 1
72246 0
72247 0
72248 0
72249 0
72250 1
72251 0
72252 1
72253 2
72254 1
72255 1
72256 0
72257 2
72258 1
72259 1
72260 1
72261 2
72262 1
72263 0
72264 2
72265 2
72266 1
72267 2
72268 2
72269 2
72270 2
72271 2
72272 1
72273 1
72274 0
72275 0
72276 2
72277 0
72278 1
72279 1
72280 1
72281 2
72282 3
72283 2
72284 2
72285 1
72286 2
72287 1
72288 1
72289 0
72290 0
72291 2
72292 1
72293 3
72294 2
72295 0
72296 1
72297 1
72298 1
72299 1
72300 0
72301 2
72302 1
72303 0
72304 3
72305 1
72306 2
72307 0
72308 1
72309 1
72310 0
72311 2
72312 0
72313 0
72314 0
72315 2
72316 2
72317 2
72318 0
72319 0
72320 0
72321 2
72322 1
72323 2
72324 0
72325 0
72326 3
72327 1
72328 2
72329 1
72330 1
72331 1
72332 1
72333 0
72334 0
72335 2
72336 0
72337 0
72338 1
72339 2
72340 2
72341 0
72342 1
72343 2
72344 1
72345 1
72346 3
72347 1
72348 0
72349 0
72350 1
72351 1
72352 0
72353 0
72354 1
72355 0
72356 2
72357 2
72358 2
72359 0
72360 0
72361 0
72362 1
72363 1
72364 0
72365 0
72366 2
72367 0
72368 0
72369 2
72370 0
72371 3
72372 1
72373 0
72374 0
72375 1
72376 1
72377 0
72378 2
72379 2
72380 0
72381 0
72382 2
72383 1
72384 1
72385 1
72386 2
72387 1
72388 1
72389 0
72390 0
72391 0
72392 1
72393 2
72394 1
72395 1
72396 2
72397 2
72398 1
72399 0
72400 1
72401 2
72402 0
72403 1
72404 1
72405 1
72406 2
72407 1
72408 2
72409 2
72410 1
72411 1
72412 1
72413 0
72414 2
72415 1
72416 1
72417 2
72418 2
72419 0
72420 1
72421 1
72422 2
72423 1
72424 0
72425 2
72426 0
72427 1
72428 0
72429 0
72430 0
72431 1
72432 1
72433 1
72434 1
72435 2
72436 2
72437 2
72438 3
72439 1
72440 2
72441 2
72442 2
72443 2
72444 2
72445 1
72446 2
72447 1
72448 1
72449 2
72450 1
72451 2
72452 2
72453 0
72454 0
72455 2
72456 1
72457 1
72458 1
72459 3
72460 0
72461 0
72462 0
72463 1
72464 3
72465 1
72466 0
72467 1
72468 1
72469 0
72470 1
72471 0
72472 1
72473 1
72474 0
72475 0
72476 2
72477 0
72478 0
72479 0
72480 0
72481 1
72482 3
72483 2
72484 0
72485 1
72486 0
72487 1
72488 2
72489 0
72490 2
72491 0
72492 1
72493 1
72494 2
72495 2
72496 2
72497 0
72498 0
72499 2
72500 1
72501 1
72502 2
72503 1
72504 2
72505 1
72506 1
72507 2
72508 2
72509 1
72510 1
72511 1
72512 1
72513 1
72514 0
72515 0
72516 2
72517 2
72518 1
72519 2
72520 1
72521 0
72522 1
72523 2
72524 0
72525 1
72526 1
72527 1
72528 0
72529 2
72530 2
72531 2
72532 1
72533 1
72534 1
72535 2
72536 3
72537 0
72538 2
72539 1
72540 1
72541 2
72542 1
72543 0
72544 1
72545 0
72546 1
72547 2
72548 2
72549 0
72550 0
72551 0
72552 0
72553 2
72554 2
72555 0
72556 1
72557 2
72558 2
72559 2
72560 1
72561 0
72562 1
72563 2
72564 0
72565 2
72566 1
72567 2
72568 0
72569 0
72570 1
72571 0
72572 2
72573 1
72574 3
72575 0
72576 0
72577 0
72578 1
72579 0
72580 2
72581 1
72582 0
72583 0
72584 0
72585 1
72586 2
72587 1
72588 2
72589 0
72590 1
72591 0
72592 0
72593 0
72594 2
72595 3
72596 3
72597 1
72598 0
72599 1
72600 1
72601 3
72602 2
72603 0
72604 1
72605 0
72606 2
72607 0
72608 1
72609 2
72610 2
72611 3
72612 2
72613 2
72614 0
72615 1
72616 2
72617 1
72618 0
72619 2
72620 2
72621 0
72622 1
72623 0
72624 1
72625 0
72626 1
72627 2
72628 1
72629 2
72630 0
72631 2
72632 3
72633 2
72634 2
72635 2
72636 0
72637 0
72638 2
72639 1
72640 2
72641 1
72642 1
72643 0
72644 2
72645 0
72646 3
72647 1
72648 2
72649 1
72650 2
72651 2
72652 0
72653 0
72654 1
72655 1
72656 2
72657 2
72658 2
72659 1
72660 3
72661 0
72662 2
72663 0
72664 1
72665 0
72666 1
72667 0
72668 0
72669 0
72670 0
72671 2
72672 1
72673 0
72674 1
72675 0
72676 2
72677 0
72678 0
72679 1
72680 1
72681 3
72682 0
72683 0
72684 1
72685 0
72686 2
72687 1
72688 0
72689 1
72690 1
72691 1
72692 2
72693 1
72694 2
72695 2
72696 1
72697 1
72698 1
72699 1
72700 1
72701 2
72702 0
72703 1
72704 2
72705 2
72706 1
72707 1
72708 2
72709 0
72710 1
72711 0
72712 1
72713 2
72714 2
72715 1
72716 0
72717 1
72718 2
72719 1
72720 2
72721 2
72722 2
72723 0
72724 1
72725 0
72726 1
72727 2
72728 2
72729 1
72730 1
72731 1
72732 1
72733 2
72734 2
72735 1
72736 2
72737 2
72738 1
72739 2
72740 0
72741 1
72742 2
72743 0
72744 2
72745 1
72746 0
72747 0
72748 1
72749 0
72750 0
72751 1
72752 0
72753 1
72754 0
72755 2
72756 0
72757 1
72758 3
72759 2
72760 0
72761 0
72762 1
72763 0
72764 2
72765 1
72766 0
72767 1
72768 2
72769 0
72770 1
72771 0
72772 2
72773 0
72774 1
72775 1
72776 0
72777 0
72778 3
72779 2
72780 0
72781 2
72782 2
72783 2
72784 3
72785 2
72786 1
72787 2
72788 3
72789 1
72790 2
72791 2
72792 1
72793 3
72794 2
72795 3
72796 2
72797 3
72798 1
72799 1
72800 1
72801 2
72802 0
72803 1
72804 1
72805 0
72806 1
72807 2
72808 2
72809 1
72810 2
72811 2
72812 0
72813 2
72814 1
72815 1
72816 0
72817 0
72818 2
72819 2
72820 0
72821 2
72822 1
72823 2
72824 1
72825 2
72826 1
72827 1
72828 1
72829 2
72830 0
72831 0
72832 1
72833 1
72834 3
72835 0
72836 1
72837 0
72838 2
72839 1
72840 0
72841 0
72842 2
72843 0
72844 3
72845 1
72846 1
72847 1
72848 1
72849 0
72850 1
72851 3
72852 1
72853 1
72854 1
72855 1
72856 0
72857 0
72858 0
72859 1
72860 2
72861 2
72862 0
72863 2
72864 1
72865 1
72866 1
72867 1
72868 2
72869 0
72870 1
72871 0
72872 0
72873 0
72874 1
72875 1
72876 2
72877 0
72878 1
72879 2
72880 0
72881 2
72882 3
72883 0
72884 2
72885 0
72886 1
72887 2
72888 0
72889 2
72890 2
72891 0
72892 1
72893 1
72894 2
72895 0
72896 0
72897 0
72898 1
72899 3
72900 1
72901 2
72902 0
72903 0
72904 1
72905 3
72906 0
72907 2
72908 0
72909 1
72910 3
72911 0
72912 1
72913 0
72914 3
72915 1
72916 0
72917 3
72918 2
72919 2
72920 1
72921 1
72922 0
72923 1
72924 0
72925 0
72926 1
72927 2
72928 1
72929 3
72930 2
72931 2
72932 1
72933 2
72934 1
72935 0
72936 1
72937 1
72938 1
72939 1
72940 2
72941 1
72942 2
72943 0
72944 0
72945 0
72946 2
72947 0
72948 0
72949 0
72950 1
72951 2
72952 0
72953 0
72954 0
72955 2
72956 0
72957 0
72958 0
72959 2
72960 0
72961 1
72962 2
72963 2
72964 1
72965 2
72966 1
72967 0
72968 0
72969 1
72970 2
72971 0
72972 0
72973 1
72974 1
72975 1
72976 0
72977 2
72978 0
72979 2
72980 0
72981 1
72982 2
72983 0
72984 0
72985 0
72986 1
72987 1
72988 2
72989 0
72990 0
72991 0
72992 1
72993 2
72994 1
72995 1
72996 1
72997 0
72998 0
72999 2
73000 1
73001 1
73002 2
73003 0
73004 0
73005 1
73006 0
73007 1
73008 3
73009 0
73010 1
73011 0
73012 2
73013 2
73014 0
73015 0
73016 2
73017 1
73018 0
73019 1
73020 1
73021 0
73022 1
73023 2
73024 0
73025 1
73026 0
73027 0
73028 1
73029 1
73030 1
73031 2
73032 1
73033 1
73034 2
73035 2
73036 0
73037 2
73038 0
73039 1
73040 0
73041 2
73042 1
73043 2
73044 0
73045 0
73046 0
73047 2
73048 1
73049 2
73050 0
73051 2
73052 3
73053 1
73054 0
73055 0
73056 1
73057 0
73058 0
73059 0
73060 2
73061 1
73062 0
73063 2
73064 1
73065 0
73066 0
73067 2
73068 0
73069 2
73070 0
73071 2
73072 3
73073 2
73074 2
73075 2
73076 1
73077 0
73078 1
73079 0
73080 1
73081 1
73082 2
73083 1
73084 1
73085 0
73086 0
73087 0
73088 2
73089 0
73090 0
73091 0
73092 0
73093 1
73094 2
73095 1
73096 0
73097 1
73098 2
73099 1
73100 1
73101 1
73102 0
73103 1
73104 0
73105 0
73106 3
73107 2
73108 2
73109 1
73110 0
73111 0
73112 0
73113 1
73114 2
73115 0
73116 0
73117 1
73118 0
73119 0
73120 2
73121 2
73122 0
73123 2
73124 0
73125 1
73126 3
73127 0
73128 0
73129 3
73130 1
73131 2
73132 0
73133 0
73134 0
73135 1
73136 1
73137 0
73138 0
73139 0
73140 2
73141 2
73142 1
73143 0
73144 2
73145 0
73146 1
73147 2
73148 3
73149 0
73150 0
73151 3
73152 1
73153 0
73154 1
73155 0
73156 0
73157 2
73158 1
73159 0
73160 0
73161 1
73162 2
73163 1
73164 0
73165 0
73166 2
73167 0
73168 2
73169 0
73170 1
73171 3
73172 2
73173 0
73174 1
73175 1
73176 1
73177 0
73178 1
73179 1
73180 1
73181 3
73182 0
73183 2
73184 2
73185 0
73186 2
73187 0
73188 1
73189 0
73190 0
73191 0
73192 1
73193 0
73194 2
73195 2
73196 0
73197 3
73198 0
73199 1
73200 0
73201 0
73202 2
73203 2
73204 2
73205 0
73206 1
73207 2
73208 1
73209 0
73210 1
73211 0
73212 0
73213 2
73214 1
73215 1
73216 1
73217 0
73218 1
73219 1
73220 3
73221 0
73222 3
73223 2
73224 0
73225 1
73226 1
73227 3
73228 0
73229 2
73230 1
73231 1
73232 2
73233 1
73234 2
73235 0
73236 2
73237 0
73238 0
73239 0
73240 0
73241 3
73242 0
73243 0
73244 1
73245 1
73246 2
73247 1
73248 0
73249 2
73250 3
73251 2
73252 0
73253 1
73254 0
73255 1
73256 3
73257 0
73258 3
73259 0
73260 1
73261 2
73262 0
73263 0
73264 0
73265 0
73266 0
73267 2
73268 0
73269 0
73270 2
73271 0
73272 1
73273 2
73274 2
73275 1
73276 0
73277 3
73278 0
73279 0
73280 1
73281 0
73282 0
73283 0
73284 1
73285 1
73286 0
73287 3
73288 0
73289 2
73290 1
73291 1
73292 1
73293 2
73294 0
73295 1
73296 0
73297 2
73298 1
73299 0
73300 1
73301 1
73302 1
73303 2
73304 1
73305 0
73306 0
73307 1
73308 1
73309 0
73310 1
73311 0
73312 1
73313 0
73314 3
73315 1
73316 3
73317 1
73318 1
73319 2
73320 0
73321 1
73322 1
73323 0
73324 1
73325 0
73326 0
73327 0
73328 2
73329 1
73330 0
73331 1
73332 2
73333 2
73334 1
73335 1
73336 0
73337 0
73338 1
73339 0
73340 2
73341 2
73342 2
73343 3
73344 1
73345 0
73346 0
73347 0
73348 1
73349 1
73350 0
73351 1
73352 1
73353 1
73354 2
73355 2
73356 2
73357 2
73358 1
73359 1
73360 2
73361 1
73362 1
73363 2
73364 0
73365 0
73366 0
73367 1
73368 0
73369 1
73370 0
73371 2
73372 2
73373 1
73374 1
73375 3
73376 2
73377 2
73378 0
73379 0
73380 2
73381 1
73382 0
73383 0
73384 1
73385 1
73386 1
73387 0
73388 0
73389 2
73390 2
73391 1
73392 3
73393 0
73394 0
73395 0
73396 1
73397 2
73398 1
73399 0
73400 2
73401 2
73402 1
73403 0
73404 2
73405 1
73406 1
73407 0
73408 2
73409 0
73410 0
73411 1
73412 1
73413 0
73414 3
73415 1
73416 2
73417 1
73418 0
73419 1
73420 2
73421 1
73422 1
73423 2
73424 0
73425 1
73426 1
73427 2
73428 1
73429 2
73430 1
73431 0
73432 1
73433 0
73434 2
73435 1
73436 0
73437 2
73438 1
73439 1
73440 2
73441 0
73442 2
73443 2
73444 0
73445 0
73446 0
73447 0
73448 1
73449 0
73450 2
73451 2
73452 2
73453 2
73454 3
73455 0
73456 0
73457 0
73458 1
73459 1
73460 0
73461 1
73462 2
73463 1
73464 0
73465 1
73466 1
73467 1
73468 1
73469 1
73470 0
73471 1
73472 1
73473 2
73474 0
73475 2
73476 0
73477 0
73478 1
73479 0
73480 1
73481 1
73482 0
73483 3
73484 0
73485 0
73486 0
73487 2
73488 1
73489 2
73490 0
73491 3
73492 1
73493 2
73494 1
73495 0
73496 2
73497 1
73498 1
73499 1
73500 2
73501 1
73502 1
73503 2
73504 1
73505 2
73506 0
73507 2
73508 0
73509 0
73510 0
73511 2
73512 0
73513 1
73514 1
73515 0
73516 1
73517 1
73518 3
73519 0
73520 3
73521 2
73522 1
73523 0
73524 1
73525 1
73526 0
73527 0
73528 1
73529 0
73530 1
73531 1
73532 0
73533 2
73534 2
73535 0
73536 1
73537 0
73538 0
73539 2
73540 2
73541 2
73542 0
73543 0
73544 1
73545 0
73546 3
73547 0
73548 1
73549 2
73550 1
73551 1
73552 0
73553 1
73554 1
73555 2
73556 1
73557 1
73558 1
73559 1
73560 2
73561 1
73562 2
73563 2
73564 3
73565 2
73566 2
73567 0
73568 0
73569 2
73570 2
73571 0
73572 2
73573 0
73574 2
73575 1
73576 0
73577 1
73578 1
73579 1
73580 1
73581 1
73582 0
73583 0
73584 0
73585 1
73586 0
73587 2
73588 0
73589 2
73590 0
73591 0
73592 3
73593 2
73594 0
73595 2
73596 1
73597 2
73598 2
73599 1
73600 2
73601 1
73602 1
73603 0
73604 2
73605 2
73606 1
73607 0
73608 2
73609 0
73610 0
73611 0
73612 1
73613 0
73614 0
73615 2
73616 1
73617 1
73618 2
73619 0
73620 3
73621 1
73622 0
73623 0
73624 1
73625 1
73626 0
73627 1
73628 1
73629 2
73630 1
73631 0
73632 1
73633 1
73634 1
73635 3
73636 0
73637 2
73638 0
73639 1
73640 0
73641 0
73642 1
73643 0
73644 2
73645 1
73646 0
73647 3
73648 0
73649 2
73650 2
73651 2
73652 2
73653 1
73654 2
73655 1
73656 1
73657 0
73658 0
73659 2
73660 0
73661 0
73662 1
73663 1
73664 1
73665 1
73666 0
73667 0
73668 1
73669 1
73670 1
73671 1
73672 0
73673 0
73674 2
73675 2
73676 1
73677 2
73678 1
73679 2
73680 2
73681 1
73682 0
73683 2
73684 3
73685 0
73686 1
73687 1
73688 2
73689 2
73690 1
73691 1
73692 1
73693 0
73694 2
73695 0
73696 0
73697 2
73698 2
73699 2
73700 2
73701 0
73702 1
73703 0
73704 1
73705 1
73706 1
73707 0
73708 1
73709 2
73710 3
73711 2
73712 0
73713 0
73714 2
73715 1
73716 1
73717 0
73718 1
73719 0
73720 0
73721 0
73722 0
73723 0
73724 3
73725 1
73726 0
73727 1
73728 0
73729 3
73730 1
73731 0
73732 1
73733 1
73734 1
73735 0
73736 1
73737 1
73738 1
73739 2
73740 2
73741 0
73742 0
73743 2
73744 0
73745 3
73746 0
73747 2
73748 1
73749 1
73750 3
73751 0
73752 0
73753 1
73754 0
73755 3
73756 2
73757 1
73758 0
73759 2
73760 0
73761 1
73762 0
73763 1
73764 1
73765 2
73766 0
73767 1
73768 2
73769 2
73770 2
73771 3
73772 0
73773 0
73774 1
73775 0
73776 3
73777 0
73778 1
73779 0
73780 0
73781 1
73782 1
73783 0
73784 0
73785 0
73786 2
73787 1
73788 0
73789 2
73790 1
73791 0
73792 2
73793 1
73794 1
73795 1
73796 0
73797 0
73798 2
73799 1
73800 1
73801 2
73802 2
73803 1
73804 3
73805 0
73806 1
73807 0
73808 1
73809 0
73810 1
73811 0
73812 2
73813 1
73814 0
73815 0
73816 1
73817 1
73818 1
73819 0
73820 0
73821 0
73822 1
73823 1
73824 0
73825 0
73826 2
73827 1
73828 0
73829 2
73830 2
73831 0
73832 1
73833 2
73834 0
73835 1
73836 2
73837 0
73838 2
73839 2
73840 1
73841 0
73842 1
73843 0
73844 2
73845 2
73846 2
73847 0
73848 0
73849 0
73850 0
73851 1
73852 2
73853 3
73854 1
73855 1
73856 1
73857 2
73858 1
73859 1
73860 2
73861 0
73862 2
73863 1
73864 0
73865 1
73866 1
73867 1
73868 1
73869 1
73870 2
73871 1
73872 2
73873 1
73874 2
73875 1
73876 1
73877 0
73878 2
73879 0
73880 3
73881 2
73882 1
73883 1
73884 2
73885 1
73886 0
73887 0
73888 0
73889 0
73890 1
73891 1
73892 2
73893 1
73894 1
73895 0
73896 3
73897 0
73898 2
73899 2
73900 1
73901 3
73902 1
73903 2
73904 2
73905 0
73906 0
73907 1
73908 3
73909 1
73910 2
73911 2
73912 2
73913 0
73914 1
73915 2
73916 3
73917 1
73918 2
73919 0
73920 3
73921 1
73922 2
73923 2
73924 1
73925 0
73926 1
73927 0
73928 1
73929 0
73930 0
73931 1
73932 0
73933 2
73934 2
73935 1
73936 0
73937 1
73938 2
73939 1
73940 0
73941 2
73942 0
73943 1
73944 0
73945 0
73946 1
73947 0
73948 1
73949 1
73950 2
73951 2
73952 3
73953 0
73954 1
73955 0
73956 0
73957 0
73958 0
73959 3
73960 2
73961 1
73962 1
73963 3
73964 2
73965 0
73966 0
73967 1
73968 1
73969 0
73970 2
73971 0
73972 2
73973 1
73974 2
73975 2
73976 0
73977 1
73978 1
73979 1
73980 2
73981 2
73982 2
73983 0
73984 2
73985 2
73986 2
73987 2
73988 1
73989 2
73990 1
73991 1
73992 0
73993 0
73994 2
73995 2
73996 0
73997 2
73998 1
73999 2
74000 2
74001 2
74002 1
74003 0
74004 1
74005 1
74006 2
74007 0
74008 1
74009 2
74010 0
74011 0
74012 0
74013 1
74014 1
74015 2
74016 2
74017 0
74018 1
74019 0
74020 0
74021 1
74022 2
74023 2
74024 0
74025 2
74026 1
74027 2
74028 1
74029 0
74030 1
74031 1
74032 0
74033 0
74034 1
74035 1
74036 0
74037 1
74038 1
74039 0
74040 0
74041 2
74042 1
74043 1
74044 0
74045 0
74046 2
74047 2
74048 1
74049 2
74050 0
74051 2
74052 3
74053 1
74054 0
74055 0
74056 0
74057 3
74058 0
74059 0
74060 0
74061 1
74062 2
74063 0
74064 2
74065 1
74066 0
74067 2
74068 1
74069 1
74070 1
74071 2
74072 0
74073 1
74074 1
74075 1
74076 0
74077 0
74078 2
74079 2
74080 3
74081 0
74082 2
74083 1
74084 2
74085 0
74086 1
74087 0
74088 1
74089 1
74090 3
74091 1
74092 0
74093 1
74094 0
74095 1
74096 0
74097 0
74098 2
74099 1
74100 0
74101 0
74102 0
74103 0
74104 0
74105 0
74106 0
74107 2
74108 2
74109 0
74110 2
74111 2
74112 2
74113 1
74114 0
74115 2
74116 0
74117 0
74118 1
74119 0
74120 2
74121 2
74122 0
74123 0
74124 2
74125 0
74126 2
74127 3
74128 2
74129 1
74130 0
74131 2
74132 0
74133 0
74134 1
74135 2
74136 2
74137 0
74138 2
74139 1
74140 0
74141 2
74142 2
74143 0
74144 2
74145 0
74146 1
74147 1
74148 3
74149 1
74150 0
74151 1
74152 2
74153 1
74154 1
74155 1
74156 1
74157 2
74158 0
74159 1
74160 1
74161 2
74162 0
74163 0
74164 2
74165 0
74166 1
74167 2
74168 2
74169 1
74170 1
74171 0
74172 0
74173 2
74174 3
74175 0
74176 0
74177 1
74178 2
74179 0
74180 1
74181 1
74182 0
74183 0
74184 1
74185 1
74186 2
74187 0
74188 2
74189 1
74190 0
74191 2
74192 0
74193 0
74194 0
74195 0
74196 1
74197 2
74198 0
74199 2
74200 1
74201 2
74202 1
74203 1
74204 0
74205 2
74206 0
74207 0
74208 1
74209 2
74210 1
74211 1
74212 3
74213 1
74214 1
74215 1
74216 1
74217 1
74218 0
74219 2
74220 0
74221 1
74222 0
74223 1
74224 0
74225 1
74226 3
74227 0
74228 1
74229 1
74230 1
74231 2
74232 1
74233 0
74234 0
74235 2
74236 0
74237 0
74238 1
74239 2
74240 0
74241 0
74242 1
74243 2
74244 2
74245 1
74246 1
74247 0
74248 1
74249 1
74250 0
74251 2
74252 1
74253 1
74254 1
74255 1
74256 2
74257 2
74258 2
74259 2
74260 0
74261 1
74262 1
74263 0
74264 3
74265 2
74266 0
74267 0
74268 1
74269 1
74270 0
74271 2
74272 0
74273 3
74274 2
74275 1
74276 2
74277 1
74278 2
74279 0
74280 0
74281 2
74282 1
74283 0
74284 0
74285 2
74286 3
74287 1
74288 1
74289 2
74290 1
74291 0
74292 1
74293 0
74294 0
74295 1
74296 1
74297 2
74298 2
74299 3
74300 1
74301 0
74302 3
74303 0
74304 1
74305 2
74306 0
74307 1
74308 0
74309 0
74310 2
74311 2
74312 0
74313 0
74314 1
74315 1
74316 0
74317 2
74318 0
74319 1
74320 1
74321 2
74322 2
74323 0
74324 1
74325 2
74326 2
74327 0
74328 0
74329 1
74330 2
74331 1
74332 1
74333 0
74334 2
74335 2
74336 2
74337 1
74338 1
74339 0
74340 0
74341 1
74342 0
74343 2
74344 2
74345 1
74346 1
74347 0
74348 1
74349 2
74350 2
74351 0
74352 0
74353 1
74354 1
74355 2
74356 2
74357 0
74358 1
74359 3
74360 0
74361 1
74362 0
74363 3
74364 1
74365 1
74366 0
74367 2
74368 0
74369 1
74370 3
74371 1
74372 2
74373 1
74374 1
74375 2
74376 0
74377 1
74378 0
74379 2
74380 0
74381 2
74382 1
74383 2
74384 0
74385 0
74386 2
74387 2
74388 0
74389 1
74390 1
74391 2
74392 1
74393 0
74394 1
74395 1
74396 1
74397 3
74398 1
74399 1
74400 1
74401 2
74402 2
74403 1
74404 0
74405 1
74406 0
74407 2
74408 1
74409 2
74410 0
74411 2
74412 0
74413 0
74414 0
74415 1
74416 0
74417 0
74418 1
74419 0
74420 1
74421 1
74422 1
74423 2
74424 2
74425 1
74426 0
74427 0
74428 0
74429 0
74430 3
74431 1
74432 0
74433 0
74434 1
74435 2
74436 1
74437 1
74438 1
74439 2
74440 1
74441 0
74442 0
74443 0
74444 1
74445 0
74446 0
74447 2
74448 1
74449 0
74450 2
74451 0
74452 2
74453 0
74454 1
74455 0
74456 2
74457 0
74458 1
74459 2
74460 0
74461 0
74462 1
74463 1
74464 1
74465 2
74466 1
74467 0
74468 1
74469 0
74470 1
74471 1
74472 1
74473 3
74474 3
74475 1
74476 0
74477 0
74478 0
74479 1
74480 0
74481 0
74482 3
74483 2
74484 2
74485 2
74486 1
74487 0
74488 1
74489 2
74490 2
74491 0
74492 0
74493 1
74494 0
74495 0
74496 3
74497 0
74498 0
74499 1
74500 3
74501 2
74502 0
74503 0
74504 0
74505 2
74506 2
74507 0
74508 2
74509 3
74510 1
74511 1
74512 2
74513 1
74514 2
74515 0
74516 0
74517 3
74518 1
74519 0
74520 2
74521 1
74522 0
74523 0
74524 2
74525 2
74526 1
74527 0
74528 2
74529 2
74530 1
74531 1
74532 0
74533 1
74534 1
74535 2
74536 0
74537 2
74538 1
74539 0
74540 0
74541 1
74542 0
74543 3
74544 0
74545 1
74546 1
74547 3
74548 1
74549 1
74550 2
74551 3
74552 2
74553 0
74554 0
74555 2
74556 2
74557 0
74558 0
74559 1
74560 1
74561 1
74562 1
74563 0
74564 0
74565 2
74566 1
74567 2
74568 2
74569 0
74570 1
74571 3
74572 2
74573 1
74574 3
74575 0
74576 0
74577 2
74578 0
74579 2
74580 0
74581 1
74582 2
74583 2
74584 3
74585 1
74586 0
74587 1
74588 1
74589 2
74590 1
74591 0
74592 0
74593 0
74594 2
74595 1
74596 1
74597 2
74598 1
74599 0
74600 3
74601 1
74602 2
74603 0
74604 2
74605 1
74606 0
74607 1
74608 1
74609 2
74610 2
74611 2
74612 2
74613 1
74614 2
74615 0
74616 1
74617 0
74618 2
74619 0
74620 1
74621 1
74622 0
74623 2
74624 0
74625 1
74626 1
74627 2
74628 2
74629 1
74630 0
74631 1
74632 0
74633 0
74634 0
74635 0
74636 0
74637 0
74638 2
74639 1
74640 2
74641 2
74642 2
74643 0
74644 1
74645 1
74646 1
74647 0
74648 2
74649 1
74650 1
74651 2
74652 0
74653 0
74654 0
74655 1
74656 0
74657 0
74658 2
74659 2
74660 0
74661 1
74662 0
74663 1
74664 2
74665 0
74666 1
74667 2
74668 2
74669 0
74670 1
74671 1
74672 2
74673 1
74674 3
74675 2
74676 1
74677 2
74678 2
74679 0
74680 2
74681 0
74682 0
74683 2
74684 2
74685 0
74686 0
74687 0
74688 0
74689 0
74690 3
74691 1
74692 2
74693 0
74694 0
74695 2
74696 1
74697 1
74698 1
74699 2
74700 0
74701 0
74702 1
74703 1
74704 1
74705 1
74706 1
74707 2
74708 0
74709 1
74710 0
74711 0
74712 0
74713 2
74714 0
74715 0
74716 0
74717 0
74718 2
74719 1
74720 2
74721 1
74722 1
74723 0
74724 3
74725 1
74726 0
74727 1
74728 1
74729 0
74730 0
74731 2
74732 0
74733 1
74734 1
74735 1
74736 0
74737 3
74738 0
74739 2
74740 1
74741 0
74742 0
74743 2
74744 2
74745 0
74746 0
74747 2
74748 2
74749 1
74750 1
74751 0
74752 2
74753 2
74754 2
74755 3
74756 0
74757 0
74758 1
74759 1
74760 0
74761 1
74762 0
74763 0
74764 2
74765 0
74766 2
74767 0
74768 3
74769 0
74770 1
74771 2
74772 2
74773 0
74774 3
74775 1
74776 2
74777 1
74778 1
74779 0
74780 1
74781 1
74782 2
74783 1
74784 2
74785 0
74786 2
74787 0
74788 2
74789 1
74790 1
74791 2
74792 0
74793 1
74794 0
74795 1
74796 1
74797 1
74798 1
74799 1
74800 0
74801 0
74802 1
74803 2
74804 1
74805 0
74806 0
74807 0
74808 0
74809 1
74810 0
74811 2
74812 0
74813 1
74814 1
74815 1
74816 1
74817 2
74818 1
74819 1
74820 2
74821 2
74822 2
74823 3
74824 0
74825 2
74826 0
74827 0
74828 3
74829 2
74830 1
74831 0
74832 1
74833 2
74834 0
74835 0
74836 0
74837 2
74838 2
74839 2
74840 0
74841 2
74842 2
74843 1
74844 1
74845 0
74846 1
74847 1
74848 2
74849 1
74850 1
74851 0
74852 1
74853 0
74854 2
74855 2
74856 0
74857 0
74858 2
74859 0
74860 0
74861 0
74862 2
74863 2
74864 1
74865 1
74866 0
74867 2
74868 0
74869 0
74870 0
74871 2
74872 0
74873 1
74874 0
74875 1
74876 1
74877 0
74878 3
74879 1
74880 0
74881 2
74882 0
74883 2
74884 0
74885 3
74886 2
74887 1
74888 1
74889 3
74890 0
74891 0
74892 1
74893 2
74894 1
74895 1
74896 3
74897 1
74898 2
74899 1
74900 3
74901 3
74902 1
74903 1
74904 1
74905 0
74906 1
74907 0
74908 2
74909 0
74910 2
74911 1
74912 0
74913 1
74914 0
74915 0
74916 1
74917 0
74918 2
74919 3
74920 0
74921 0
74922 1
74923 1
74924 2
74925 0
74926 1
74927 0
74928 1
74929 0
74930 2
74931 1
74932 0
74933 2
74934 1
74935 0
74936 0
74937 0
74938 2
74939 0
74940 0
74941 1
74942 1
74943 1
74944 1
74945 0
74946 3
74947 0
74948 1
74949 3
74950 0
74951 2
74952 2
74953 2
74954 1
74955 1
74956 2
74957 1
74958 0
74959 0
74960 0
74961 1
74962 1
74963 1
74964 3
74965 0
74966 2
74967 1
74968 0
74969 0
74970 1
74971 3
74972 3
74973 2
74974 1
74975 2
74976 0
74977 0
74978 1
74979 1
74980 3
74981 2
74982 0
74983 1
74984 1
74985 0
74986 1
74987 1
74988 2
74989 0
74990 2
74991 2
74992 1
74993 0
74994 1
74995 1
74996 1
74997 1
74998 0
74999 1
75000 0
75001 2
75002 0
75003 0
75004 1
75005 3
75006 1
75007 1
75008 0
75009 0
75010 2
75011 2
75012 1
75013 0
75014 2
75015 1
75016 2
75017 1
75018 0
75019 3
75020 2
75021 1
75022 1
75023 1
75024 1
75025 0
75026 1
75027 0
75028 2
75029 0
75030 2
75031 2
75032 1
75033 0
75034 2
75035 2
75036 1
75037 2
75038 2
75039 1
75040 2
75041 1
75042 1
75043 1
75044 0
75045 2
75046 0
75047 1
75048 0
75049 0
75050 1
75051 0
75052 1
75053 1
75054 0
75055 1
75056 1
75057 1
75058 0
75059 0
75060 0
75061 2
75062 1
75063 2
75064 2
75065 2
75066 1
75067 3
75068 3
75069 0
75070 0
75071 1
75072 0
75073 2
75074 1
75075 0
75076 0
75077 0
75078 0
75079 0
75080 2
75081 0
75082 0
75083 0
75084 1
75085 0
75086 3
75087 2
75088 1
75089 0
75090 0
75091 1
75092 1
75093 0
75094 1
75095 0
75096 1
75097 0
75098 1
75099 0
75100 3
75101 0
75102 1
75103 2
75104 1
75105 0
75106 1
75107 2
75108 0
75109 2
75110 1
75111 2
75112 2
75113 0
75114 1
75115 0
75116 1
75117 1
75118 2
75119 1
75120 0
75121 0
75122 0
75123 2
75124 3
75125 0
75126 2
75127 0
75128 1
75129 2
75130 0
75131 2
75132 1
75133 2
75134 2
75135 0
75136 1
75137 2
75138 2
75139 0
75140 0
75141 3
75142 1
75143 2
75144 0
75145 0
75146 1
75147 1
75148 1
75149 1
75150 1
75151 2
75152 3
75153 3
75154 0
75155 3
75156 2
75157 1
75158 1
75159 2
75160 0
75161 1
75162 1
75163 1
75164 2
75165 1
75166 2
75167 0
75168 1
75169 0
75170 1
75171 0
75172 1
75173 0
75174 0
75175 2
75176 0
75177 1
75178 2
75179 2
75180 0
75181 0
75182 2
75183 1
75184 2
75185 1
75186 3
75187 1
75188 0
75189 0
75190 2
75191 2
75192 2
75193 1
75194 2
75195 0
75196 0
75197 2
75198 0
75199 1
75200 1
75201 2
75202 0
75203 0
75204 1
75205 1
75206 2
75207 2
75208 0
75209 1
75210 1
75211 1
75212 0
75213 1
75214 1
75215 2
75216 1
75217 0
75218 1
75219 1
75220 3
75221 0
75222 1
75223 1
75224 0
75225 3
75226 1
75227 1
75228 1
75229 1
75230 1
75231 1
75232 1
75233 1
75234 2
75235 0
75236 0
75237 2
75238 0
75239 0
75240 2
75241 1
75242 2
75243 1
75244 0
75245 2
75246 0
75247 0
75248 1
75249 0
75250 2
75251 2
75252 2
75253 2
75254 1
75255 0
75256 1
75257 1
75258 0
75259 1
75260 0
75261 0
75262 2
75263 2
75264 0
75265 0
75266 0
75267 1
75268 0
75269 0
75270 1
75271 2
75272 2
75273 0
75274 2
75275 0
75276 1
75277 0
75278 0
75279 0
75280 0
75281 2
75282 1
75283 0
75284 1
75285 1
75286 1
75287 2
75288 2
75289 1
75290 2
75291 1
75292 2
75293 1
75294 2
75295 0
75296 1
75297 0
75298 0
75299 2
75300 2
75301 1
75302 0
75303 2
75304 1
75305 1
75306 1
75307 3
75308 1
75309 1
75310 1
75311 0
75312 0
75313 1
75314 0
75315 0
75316 2
75317 2
75318 1
75319 1
75320 1
75321 2
75322 1
75323 2
75324 1
75325 1
75326 3
75327 0
75328 1
75329 1
75330 1
75331 2
75332 1
75333 1
75334 1
75335 1
75336 3
75337 0
75338 1
75339 1
75340 1
75341 2
75342 2
75343 0
75344 0
75345 1
75346 2
75347 2
75348 0
75349 0
75350 1
75351 1
75352 2
75353 2
75354 1
75355 2
75356 1
75357 3
75358 2
75359 2
75360 1
75361 0
75362 1
75363 2
75364 1
75365 0
75366 2
75367 1
75368 0
75369 0
75370 0
75371 0
75372 1
75373 0
75374 2
75375 2
75376 2
75377 1
75378 0
75379 2
75380 1
75381 1
75382 1
75383 0
75384 1
75385 1
75386 1
75387 1
75388 3
75389 1
75390 1
75391 2
75392 2
75393 0
75394 1
75395 1
75396 2
75397 1
75398 0
75399 0
75400 2
75401 2
75402 1
75403 0
75404 0
75405 0
75406 1
75407 1
75408 1
75409 1
75410 1
75411 1
75412 1
75413 2
75414 0
75415 1
75416 1
75417 0
75418 0
75419 0
75420 0
75421 1
75422 0
75423 0
75424 1
75425 1
75426 3
75427 0
75428 0
75429 3
75430 1
75431 1
75432 0
75433 0
75434 0
75435 1
75436 0
75437 2
75438 2
75439 2
75440 2
75441 1
75442 1
75443 0
75444 0
75445 0
75446 0
75447 0
75448 2
75449 2
75450 0
75451 0
75452 2
75453 3
75454 0
75455 1
75456 0
75457 2
75458 1
75459 2
75460 0
75461 0
75462 0
75463 3
75464 1
75465 2
75466 1
75467 2
75468 0
75469 2
75470 0
75471 2
75472 1
75473 0
75474 1
75475 1
75476 0
75477 1
75478 3
75479 0
75480 1
75481 1
75482 0
75483 0
75484 1
75485 3
75486 2
75487 2
75488 2
75489 0
75490 1
75491 2
75492 0
75493 2
75494 1
75495 1
75496 0
75497 0
75498 2
75499 2
75500 1
75501 1
75502 0
75503 0
75504 0
75505 2
75506 2
75507 0
75508 0
75509 1
75510 2
75511 1
75512 2
75513 1
75514 0
75515 1
75516 0
75517 2
75518 1
75519 0
75520 2
75521 0
75522 1
75523 3
75524 0
75525 2
75526 2
75527 1
75528 0
75529 1
75530 0
75531 2
75532 1
75533 2
75534 0
75535 0
75536 2
75537 1
75538 0
75539 0
75540 0
75541 1
75542 2
75543 0
75544 1
75545 1
75546 0
75547 2
75548 1
75549 2
75550 2
75551 2
75552 1
75553 2
75554 2
75555 0
75556 2
75557 0
75558 1
75559 1
75560 1
75561 2
75562 1
75563 0
75564 2
75565 1
75566 2
75567 0
75568 2
75569 0
75570 0
75571 1
75572 2
75573 2
75574 2
75575 1
75576 1
75577 2
75578 1
75579 1
75580 0
75581 2
75582 0
75583 1
75584 2
75585 2
75586 0
75587 1
75588 1
75589 1
75590 2
75591 3
75592 3
75593 0
75594 1
75595 1
75596 2
75597 1
75598 2
75599 0
75600 0
75601 2
75602 3
75603 1
75604 1
75605 0
75606 0
75607 2
75608 2
75609 3
75610 0
75611 1
75612 0
75613 2
75614 0
75615 2
75616 0
75617 0
75618 2
75619 1
75620 1
75621 0
75622 1
75623 0
75624 1
75625 2
75626 0
75627 1
75628 2
75629 2
75630 2
75631 2
75632 2
75633 2
75634 2
75635 1
75636 0
75637 2
75638 0
75639 0
75640 0
75641 0
75642 0
75643 0
75644 1
75645 2
75646 1
75647 0
75648 0
75649 0
75650 2
75651 0
75652 2
75653 1
75654 0
75655 1
75656 0
75657 2
75658 0
75659 1
75660 1
75661 2
75662 1
75663 2
75664 2
75665 0
75666 1
75667 0
75668 0
75669 1
75670 3
75671 0
75672 1
75673 2
75674 2
75675 0
75676 1
75677 0
75678 2
75679 1
75680 2
75681 1
75682 1
75683 2
75684 1
75685 0
75686 0
75687 0
75688 2
75689 2
75690 1
75691 2
75692 0
75693 2
75694 0
75695 1
75696 1
75697 1
75698 0
75699 3
75700 3
75701 1
75702 2
75703 2
75704 0
75705 2
75706 0
75707 1
75708 0
75709 0
75710 2
75711 1
75712 2
75713 2
75714 0
75715 0
75716 0
75717 0
75718 0
75719 0
75720 2
75721 0
75722 0
75723 0
75724 1
75725 1
75726 1
75727 2
75728 0
75729 1
75730 2
75731 1
75732 1
75733 0
75734 2
75735 1
75736 0
75737 1
75738 1
75739 2
75740 1
75741 2
75742 0
75743 0
75744 0
75745 0
75746 1
75747 1
75748 0
75749 2
75750 0
75751 3
75752 1
75753 0
75754 1
75755 1
75756 0
75757 0
75758 0
75759 1
75760 1
75761 2
75762 1
75763 1
75764 2
75765 0
75766 1
75767 2
75768 1
75769 1
75770 0
75771 1
75772 2
75773 1
75774 2
75775 0
75776 0
75777 1
75778 1
75779 0
75780 0
75781 2
75782 1
75783 2
75784 1
75785 2
75786 0
75787 1
75788 1
75789 0
75790 1
75791 1
75792 2
75793 0
75794 1
75795 2
75796 2
75797 1
75798 2
75799 0
75800 0
75801 2
75802 1
75803 0
75804 1
75805 0
75806 2
75807 2
75808 0
75809 1
75810 1
75811 1
75812 0
75813 1
75814 2
75815 0
75816 3
75817 1
75818 1
75819 0
75820 2
75821 0
75822 0
75823 0
75824 2
75825 0
75826 2
75827 1
75828 0
75829 0
75830 1
75831 1
75832 0
75833 1
75834 2
75835 1
75836 0
75837 1
75838 0
75839 1
75840 0
75841 0
75842 2
75843 0
75844 2
75845 1
75846 2
75847 0
75848 0
75849 0
75850 0
75851 1
75852 0
75853 0
75854 0
75855 2
75856 0
75857 0
75858 0
75859 1
75860 0
75861 3
75862 1
75863 2
75864 0
75865 1
75866 0
75867 1
75868 1
75869 0
75870 0
75871 0
75872 1
75873 0
75874 0
75875 1
75876 0
75877 3
75878 2
75879 1
75880 0
75881 3
75882 2
75883 0
75884 2
75885 2
75886 0
75887 3
75888 1
75889 0
75890 1
75891 2
75892 0
75893 2
75894 3
75895 0
75896 2
75897 1
75898 1
75899 0
75900 0
75901 3
75902 1
75903 1
75904 0
75905 0
75906 2
75907 2
75908 0
75909 2
75910 0
75911 0
75912 0
75913 0
75914 1
75915 1
75916 2
75917 1
75918 0
75919 1
75920 0
75921 1
75922 1
75923 1
75924 1
75925 2
75926 1
75927 1
75928 2
75929 2
75930 0
75931 0
75932 1
75933 0
75934 0
75935 2
75936 1
75937 1
75938 1
75939 2
75940 2
75941 1
75942 1
75943 0
75944 1
75945 3
75946 1
75947 2
75948 0
75949 1
75950 2
75951 0
75952 2
75953 0
75954 1
75955 0
75956 0
75957 1
75958 0
75959 0
75960 2
75961 2
75962 0
75963 1
75964 0
75965 1
75966 0
75967 0
75968 0
75969 1
75970 1
75971 0
75972 1
75973 0
75974 1
75975 2
75976 1
75977 0
75978 2
75979 2
75980 0
75981 0
75982 0
75983 0
75984 0
75985 2
75986 1
75987 0
75988 0
75989 1
75990 1
75991 2
75992 0
75993 0
75994 1
75995 2
75996 2
75997 0
75998 3
75999 2
76000 1
76001 1
76002 0
76003 1
76004 2
76005 0
76006 2
76007 0
76008 1
76009 2
76010 1
76011 0
76012 1
76013 0
76014 0
76015 0
76016 2
76017 1
76018 0
76019 1
76020 0
76021 0
76022 1
76023 1
76024 1
76025 1
76026 2
76027 1
76028 1
76029 0
76030 0
76031 0
76032 0
76033 1
76034 2
76035 2
76036 0
76037 2
76038 0
76039 2
76040 1
76041 2
76042 2
76043 2
76044 0
76045 0
76046 0
76047 1
76048 0
76049 1
76050 1
76051 2
76052 2
76053 0
76054 1
76055 2
76056 1
76057 2
76058 0
76059 0
76060 3
76061 2
76062 4
76063 2
76064 3
76065 0
76066 1
76067 1
76068 0
76069 1
76070 0
76071 0
76072 0
76073 1
76074 3
76075 0
76076 3
76077 2
76078 0
76079 1
76080 2
76081 2
76082 0
76083 2
76084 0
76085 0
76086 2
76087 1
76088 0
76089 2
76090 0
76091 0
76092 2
76093 2
76094 0
76095 1
76096 0
76097 1
76098 0
76099 0
76100 1
76101 0
76102 2
76103 1
76104 0
76105 0
76106 0
76107 0
76108 2
76109 1
76110 1
76111 2
76112 0
76113 1
76114 2
76115 1
76116 0
76117 1
76118 1
76119 1
76120 2
76121 0
76122 1
76123 0
76124 1
76125 0
76126 2
76127 1
76128 0
76129 1
76130 0
76131 0
76132 0
76133 1
76134 0
76135 1
76136 0
76137 1
76138 0
76139 1
76140 1
76141 2
76142 2
76143 1
76144 1
76145 2
76146 3
76147 2
76148 1
76149 1
76150 1
76151 3
76152 0
76153 2
76154 1
76155 0
76156 0
76157 3
76158 1
76159 2
76160 2
76161 1
76162 1
76163 2
76164 1
76165 1
76166 2
76167 0
76168 1
76169 2
76170 2
76171 2
76172 1
76173 1
76174 2
76175 1
76176 2
76177 1
76178 0
76179 1
76180 0
76181 2
76182 0
76183 1
76184 1
76185 0
76186 1
76187 0
76188 2
76189 1
76190 0
76191 0
76192 1
76193 0
76194 1
76195 1
76196 1
76197 1
76198 0
76199 1
76200 1
76201 1
76202 0
76203 1
76204 1
76205 1
76206 1
76207 0
76208 1
76209 2
76210 0
76211 0
76212 1
76213 2
76214 3
76215 0
76216 1
76217 0
76218 0
76219 1
76220 1
76221 1
76222 0
76223 0
76224 2
76225 0
76226 1
76227 1
76228 1
76229 1
76230 2
76231 1
76232 3
76233 2
76234 0
76235 1
76236 1
76237 2
76238 2
76239 2
76240 0
76241 0
76242 2
76243 0
76244 1
76245 2
76246 2
76247 0
76248 2
76249 0
76250 0
76251 2
76252 0
76253 2
76254 2
76255 0
76256 0
76257 1
76258 0
76259 1
76260 2
76261 2
76262 1
76263 2
76264 1
76265 1
76266 1
76267 0
76268 2
76269 1
76270 1
76271 1
76272 0
76273 0
76274 3
76275 2
76276 0
76277 0
76278 0
76279 0
76280 2
76281 2
76282 0
76283 1
76284 0
76285 2
76286 2
76287 1
76288 0
76289 1
76290 2
76291 1
76292 1
76293 0
76294 0
76295 2
76296 0
76297 1
76298 1
76299 0
76300 1
76301 0
76302 2
76303 1
76304 0
76305 2
76306 1
76307 0
76308 0
76309 1
76310 2
76311 1
76312 0
76313 0
76314 3
76315 1
76316 2
76317 2
76318 2
76319 1
76320 2
76321 0
76322 1
76323 3
76324 0
76325 2
76326 0
76327 0
76328 1
76329 1
76330 0
76331 0
76332 1
76333 1
76334 1
76335 0
76336 3
76337 2
76338 1
76339 0
76340 0
76341 0
76342 0
76343 2
76344 2
76345 3
76346 1
76347 0
76348 2
76349 1
76350 2
76351 1
76352 0
76353 2
76354 1
76355 0
76356 0
76357 2
76358 1
76359 0
76360 0
76361 0
76362 2
76363 1
76364 1
76365 3
76366 0
76367 0
76368 1
76369 1
76370 0
76371 0
76372 1
76373 1
76374 2
76375 0
76376 0
76377 0
76378 0
76379 2
76380 1
76381 0
76382 0
76383 1
76384 2
76385 3
76386 1
76387 2
76388 1
76389 0
76390 0
76391 3
76392 0
76393 1
76394 1
76395 1
76396 1
76397 0
76398 0
76399 2
76400 2
76401 0
76402 1
76403 2
76404 0
76405 1
76406 2
76407 0
76408 2
76409 2
76410 2
76411 0
76412 0
76413 0
76414 3
76415 2
76416 0
76417 0
76418 2
76419 2
76420 0
76421 2
76422 0
76423 0
76424 0
76425 0
76426 2
76427 0
76428 2
76429 2
76430 2
76431 0
76432 1
76433 2
76434 1
76435 3
76436 1
76437 1
76438 2
76439 1
76440 2
76441 0
76442 0
76443 1
76444 2
76445 1
76446 1
76447 1
76448 2
76449 0
76450 1
76451 0
76452 0
76453 1
76454 2
76455 0
76456 1
76457 2
76458 0
76459 0
76460 0
76461 1
76462 0
76463 2
76464 3
76465 0
76466 0
76467 0
76468 3
76469 1
76470 0
76471 0
76472 1
76473 2
76474 2
76475 1
76476 2
76477 0
76478 1
76479 2
76480 2
76481 1
76482 1
76483 1
76484 0
76485 1
76486 2
76487 3
76488 0
76489 3
76490 1
76491 2
76492 2
76493 1
76494 0
76495 0
76496 1
76497 0
76498 1
76499 1
76500 1
76501 0
76502 0
76503 2
76504 1
76505 0
76506 1
76507 1
76508 2
76509 2
76510 2
76511 1
76512 2
76513 2
76514 0
76515 0
76516 0
76517 2
76518 1
76519 0
76520 2
76521 2
76522 2
76523 2
76524 1
76525 0
76526 2
76527 2
76528 2
76529 2
76530 1
76531 1
76532 0
76533 1
76534 0
76535 1
76536 1
76537 1
76538 0
76539 2
76540 1
76541 1
76542 0
76543 1
76544 2
76545 1
76546 1
76547 0
76548 2
76549 0
76550 0
76551 0
76552 2
76553 2
76554 0
76555 2
76556 0
76557 1
76558 1
76559 0
76560 1
76561 0
76562 2
76563 0
76564 2
76565 1
76566 1
76567 0
76568 1
76569 0
76570 1
76571 1
76572 0
76573 2
76574 2
76575 0
76576 1
76577 1
76578 0
76579 0
76580 0
76581 0
76582 0
76583 1
76584 1
76585 3
76586 0
76587 1
76588 2
76589 0
76590 0
76591 2
76592 1
76593 2
76594 1
76595 1
76596 1
76597 0
76598 0
76599 1
76600 1
76601 2
76602 2
76603 2
76604 0
76605 0
76606 1
76607 0
76608 2
76609 1
76610 1
76611 2
76612 1
76613 0
76614 0
76615 2
76616 0
76617 0
76618 0
76619 1
76620 2
76621 0
76622 0
76623 0
76624 0
76625 1
76626 1
76627 0
76628 1
76629 0
76630 0
76631 0
76632 1
76633 2
76634 2
76635 0
76636 3
76637 1
76638 0
76639 0
76640 1
76641 1
76642 0
76643 3
76644 0
76645 1
76646 0
76647 0
76648 2
76649 0
76650 2
76651 0
76652 1
76653 2
76654 0
76655 0
76656 2
76657 1
76658 0
76659 2
76660 1
76661 2
76662 2
76663 0
76664 2
76665 1
76666 1
76667 0
76668 2
76669 0
76670 0
76671 1
76672 1
76673 2
76674 0
76675 1
76676 1
76677 2
76678 2
76679 1
76680 1
76681 1
76682 0
76683 0
76684 2
76685 1
76686 1
76687 0
76688 0
76689 0
76690 2
76691 2
76692 1
76693 2
76694 2
76695 1
76696 0
76697 1
76698 0
76699 0
76700 0
76701 1
76702 0
76703 1
76704 0
76705 2
76706 0
76707 1
76708 2
76709 1
76710 1
76711 1
76712 2
76713 2
76714 0
76715 2
76716 1
76717 0
76718 1
76719 1
76720 1
76721 2
76722 0
76723 2
76724 1
76725 2
76726 1
76727 1
76728 1
76729 2
76730 2
76731 0
76732 1
76733 3
76734 2
76735 1
76736 2
76737 1
76738 0
76739 2
76740 2
76741 2
76742 1
76743 1
76744 2
76745 1
76746 0
76747 0
76748 3
76749 1
76750 1
76751 1
76752 0
76753 1
76754 1
76755 0
76756 0
76757 1
76758 0
76759 2
76760 2
76761 1
76762 0
76763 1
76764 0
76765 2
76766 1
76767 1
76768 0
76769 0
76770 0
76771 1
76772 0
76773 0
76774 0
76775 2
76776 2
76777 1
76778 1
76779 1
76780 1
76781 0
76782 0
76783 1
76784 1
76785 1
76786 0
76787 0
76788 0
76789 1
76790 1
76791 2
76792 2
76793 1
76794 2
76795 1
76796 0
76797 2
76798 0
76799 2
76800 2
76801 0
76802 2
76803 0
76804 2
76805 0
76806 0
76807 0
76808 2
76809 2
76810 1
76811 0
76812 1
76813 1
76814 2
76815 1
76816 2
76817 1
76818 0
76819 1
76820 0
76821 1
76822 1
76823 2
76824 2
76825 0
76826 3
76827 0
76828 1
76829 2
76830 1
76831 0
76832 0
76833 0
76834 1
76835 1
76836 2
76837 0
76838 1
76839 0
76840 0
76841 1
76842 0
76843 1
76844 0
76845 2
76846 2
76847 2
76848 0
76849 0
76850 0
76851 0
76852 1
76853 0
76854 0
76855 2
76856 0
76857 0
76858 1
76859 1
76860 0
76861 3
76862 2
76863 1
76864 2
76865 2
76866 0
76867 0
76868 1
76869 0
76870 2
76871 1
76872 1
76873 2
76874 0
76875 2
76876 0
76877 2
76878 3
76879 1
76880 0
76881 1
76882 1
76883 1
76884 0
76885 1
76886 0
76887 0
76888 0
76889 1
76890 1
76891 1
76892 0
76893 2
76894 2
76895 1
76896 0
76897 1
76898 0
76899 0
76900 3
76901 3
76902 0
76903 2
76904 1
76905 1
76906 1
76907 0
76908 2
76909 2
76910 0
76911 2
76912 0
76913 0
76914 1
76915 2
76916 0
76917 0
76918 2
76919 1
76920 1
76921 1
76922 1
76923 1
76924 2
76925 0
76926 1
76927 1
76928 1
76929 1
76930 1
76931 1
76932 0
76933 1
76934 1
76935 3
76936 2
76937 1
76938 2
76939 1
76940 1
76941 0
76942 0
76943 2
76944 2
76945 2
76946 1
76947 3
76948 1
76949 0
76950 3
76951 2
76952 2
76953 0
76954 0
76955 0
76956 0
76957 2
76958 2
76959 0
76960 3
76961 1
76962 1
76963 0
76964 1
76965 0
76966 1
76967 1
76968 0
76969 2
76970 2
76971 1
76972 1
76973 0
76974 2
76975 1
76976 0
76977 0
76978 0
76979 0
76980 0
76981 0
76982 0
76983 0
76984 0
76985 1
76986 2
76987 2
76988 0
76989 2
76990 2
76991 0
76992 1
76993 0
76994 1
76995 2
76996 2
76997 1
76998 2
76999 0
77000 0
77001 2
77002 2
77003 1
77004 2
77005 1
77006 1
77007 2
77008 0
77009 2
77010 0
77011 0
77012 0
77013 0
77014 2
77015 0
77016 0
77017 1
77018 0
77019 0
77020 1
77021 0
77022 0
77023 0
77024 1
77025 0
77026 0
77027 1
77028 0
77029 1
77030 1
77031 0
77032 1
77033 1
77034 0
77035 2
77036 2
77037 1
77038 1
77039 2
77040 0
77041 0
77042 0
77043 0
77044 1
77045 0
77046 0
77047 0
77048 1
77049 0
77050 2
77051 0
77052 1
77053 1
77054 1
77055 1
77056 1
77057 0
77058 2
77059 2
77060 1
77061 2
77062 1
77063 1
77064 1
77065 2
77066 1
77067 1
77068 2
77069 0
77070 2
77071 1
77072 3
77073 1
77074 2
77075 0
77076 2
77077 1
77078 3
77079 0
77080 1
77081 2
77082 0
77083 2
77084 1
77085 0
77086 1
77087 1
77088 1
77089 0
77090 1
77091 1
77092 0
77093 2
77094 0
77095 0
77096 1
77097 1
77098 2
77099 1
77100 2
77101 0
77102 1
77103 1
77104 0
77105 0
77106 0
77107 2
77108 1
77109 1
77110 0
77111 1
77112 3
77113 3
77114 0
77115 0
77116 0
77117 2
77118 0
77119 1
77120 0
77121 1
77122 2
77123 1
77124 0
77125 0
77126 2
77127 2
77128 0
77129 2
77130 1
77131 1
77132 2
77133 0
77134 1
77135 0
77136 1
77137 0
77138 0
77139 1
77140 0
77141 3
77142 2
77143 0
77144 3
77145 1
77146 1
77147 2
77148 2
77149 1
77150 1
77151 1
77152 1
77153 1
77154 2
77155 2
77156 1
77157 2
77158 1
77159 0
77160 2
77161 2
77162 0
77163 0
77164 1
77165 0
77166 1
77167 2
77168 1
77169 1
77170 0
77171 0
77172 2
77173 0
77174 1
77175 0
77176 0
77177 1
77178 0
77179 0
77180 2
77181 0
77182 1
77183 0
77184 0
77185 2
77186 1
77187 1
77188 2
77189 1
77190 0
77191 1
77192 0
77193 2
77194 1
77195 0
77196 3
77197 0
77198 2
77199 1
77200 1
77201 1
77202 2
77203 0
77204 0
77205 2
77206 0
77207 3
77208 0
77209 1
77210 2
77211 0
77212 0
77213 1
77214 1
77215 2
77216 1
77217 1
77218 0
77219 0
77220 0
77221 2
77222 1
77223 0
77224 2
77225 1
77226 2
77227 2
77228 2
77229 0
77230 2
77231 1
77232 1
77233 1
77234 1
77235 2
77236 0
77237 0
77238 2
77239 2
77240 0
77241 3
77242 0
77243 0
77244 1
77245 0
77246 1
77247 0
77248 1
77249 0
77250 1
77251 1
77252 1
77253 1
77254 2
77255 1
77256 1
77257 1
77258 3
77259 1
77260 0
77261 0
77262 0
77263 1
77264 2
77265 0
77266 1
77267 1
77268 0
77269 0
77270 1
77271 1
77272 1
77273 2
77274 1
77275 0
77276 0
77277 1
77278 2
77279 2
77280 0
77281 1
77282 2
77283 3
77284 1
77285 0
77286 2
77287 0
77288 0
77289 2
77290 1
77291 0
77292 0
77293 2
77294 2
77295 1
77296 1
77297 0
77298 2
77299 2
77300 1
77301 1
77302 1
77303 2
77304 0
77305 0
77306 2
77307 1
77308 1
77309 2
77310 0
77311 2
77312 2
77313 0
77314 1
77315 1
77316 0
77317 1
77318 1
77319 2
77320 1
77321 2
77322 1
77323 2
77324 0
77325 0
77326 0
77327 1
77328 0
77329 0
77330 1
77331 0
77332 2
77333 0
77334 0
77335 1
77336 1
77337 0
77338 2
77339 1
77340 2
77341 0
77342 2
77343 2
77344 0
77345 0
77346 1
77347 2
77348 2
77349 0
77350 1
77351 0
77352 2
77353 1
77354 2
77355 0
77356 1
77357 0
77358 1
77359 1
77360 1
77361 1
77362 1
77363 1
77364 1
77365 1
77366 1
77367 1
77368 1
77369 0
77370 0
77371 0
77372 0
77373 0
77374 0
77375 1
77376 1
77377 3
77378 1
77379 3
77380 1
77381 1
77382 2
77383 0
77384 0
77385 0
77386 0
77387 1
77388 1
77389 1
77390 0
77391 2
77392 0
77393 0
77394 2
77395 2
77396 3
77397 0
77398 1
77399 0
77400 0
77401 2
77402 1
77403 1
77404 0
77405 1
77406 0
77407 1
77408 3
77409 2
77410 2
77411 1
77412 0
77413 0
77414 0
77415 1
77416 0
77417 0
77418 0
77419 0
77420 1
77421 1
77422 1
77423 1
77424 1
77425 0
77426 2
77427 1
77428 0
77429 1
77430 1
77431 0
77432 1
77433 0
77434 1
77435 2
77436 1
77437 1
77438 1
77439 1
77440 2
77441 3
77442 2
77443 0
77444 1
77445 1
77446 0
77447 0
77448 0
77449 0
77450 1
77451 1
77452 0
77453 1
77454 2
77455 1
77456 2
77457 0
77458 2
77459 1
77460 1
77461 1
77462 2
77463 1
77464 0
77465 1
77466 3
77467 2
77468 2
77469 2
77470 1
77471 2
77472 1
77473 0
77474 2
77475 1
77476 2
77477 1
77478 1
77479 0
77480 2
77481 2
77482 0
77483 2
77484 2
77485 1
77486 0
77487 1
77488 1
77489 1
77490 2
77491 2
77492 2
77493 2
77494 1
77495 1
77496 1
77497 1
77498 0
77499 1
77500 1
77501 2
77502 3
77503 0
77504 1
77505 1
77506 1
77507 1
77508 2
77509 1
77510 1
77511 1
77512 0
77513 1
77514 0
77515 0
77516 2
77517 0
77518 0
77519 1
77520 3
77521 3
77522 1
77523 2
77524 1
77525 1
77526 1
77527 2
77528 2
77529 0
77530 1
77531 2
77532 1
77533 2
77534 1
77535 1
77536 3
77537 2
77538 0
77539 0
77540 0
77541 1
77542 0
77543 2
77544 2
77545 0
77546 0
77547 1
77548 2
77549 0
77550 1
77551 0
77552 0
77553 2
77554 2
77555 1
77556 2
77557 1
77558 1
77559 1
77560 1
77561 0
77562 1
77563 0
77564 1
77565 0
77566 0
77567 1
77568 0
77569 0
77570 2
77571 2
77572 0
77573 1
77574 0
77575 2
77576 2
77577 3
77578 1
77579 1
77580 1
77581 2
77582 2
77583 1
77584 0
77585 2
77586 1
77587 0
77588 0
77589 2
77590 2
77591 2
77592 0
77593 2
77594 1
77595 1
77596 2
77597 1
77598 2
77599 1
77600 3
77601 1
77602 2
77603 0
77604 2
77605 2
77606 0
77607 3
77608 0
77609 1
77610 0
77611 1
77612 0
77613 2
77614 1
77615 0
77616 0
77617 0
77618 1
77619 2
77620 2
77621 3
77622 0
77623 0
77624 1
77625 1
77626 2
77627 1
77628 3
77629 1
77630 0
77631 3
77632 2
77633 2
77634 2
77635 0
77636 0
77637 0
77638 2
77639 1
77640 0
77641 0
77642 2
77643 2
77644 0
77645 3
77646 0
77647 2
77648 1
77649 0
77650 0
77651 2
77652 0
77653 1
77654 1
77655 1
77656 1
77657 3
77658 0
77659 1
77660 0
77661 2
77662 1
77663 2
77664 1
77665 1
77666 2
77667 0
77668 2
77669 0
77670 0
77671 1
77672 2
77673 3
77674 1
77675 2
77676 1
77677 3
77678 1
77679 1
77680 1
77681 0
77682 0
77683 0
77684 2
77685 2
77686 0
77687 0
77688 1
77689 2
77690 2
77691 1
77692 1
77693 0
77694 0
77695 2
77696 1
77697 3
77698 0
77699 0
77700 1
77701 1
77702 2
77703 2
77704 3
77705 2
77706 2
77707 0
77708 2
77709 0
77710 2
77711 2
77712 0
77713 2
77714 0
77715 0
77716 2
77717 2
77718 1
77719 2
77720 2
77721 1
77722 1
77723 2
77724 2
77725 0
77726 2
77727 1
77728 1
77729 0
77730 0
77731 1
77732 1
77733 2
77734 0
77735 0
77736 2
77737 1
77738 1
77739 2
77740 1
77741 3
77742 2
77743 1
77744 2
77745 0
77746 0
77747 1
77748 0
77749 0
77750 0
77751 2
77752 2
77753 2
77754 3
77755 0
77756 0
77757 1
77758 2
77759 2
77760 0
77761 0
77762 0
77763 0
77764 2
77765 2
77766 1
77767 1
77768 1
77769 0
77770 0
77771 1
77772 2
77773 1
77774 1
77775 0
77776 1
77777 1
77778 2
77779 2
77780 2
77781 2
77782 2
77783 2
77784 2
77785 1
77786 1
77787 1
77788 0
77789 3
77790 0
77791 2
77792 0
77793 3
77794 0
77795 2
77796 1
77797 1
77798 0
77799 2
77800 1
77801 0
77802 0
77803 1
77804 2
77805 2
77806 0
77807 2
77808 2
77809 1
77810 1
77811 0
77812 0
77813 1
77814 1
77815 0
77816 1
77817 2
77818 1
77819 0
77820 1
77821 2
77822 2
77823 2
77824 1
77825 1
77826 2
77827 1
77828 0
77829 2
77830 0
77831 0
77832 1
77833 2
77834 0
77835 0
77836 1
77837 0
77838 2
77839 1
77840 2
77841 1
77842 1
77843 1
77844 3
77845 2
77846 1
77847 1
77848 1
77849 2
77850 1
77851 1
77852 1
77853 1
77854 2
77855 0
77856 2
77857 1
77858 1
77859 1
77860 0
77861 0
77862 1
77863 0
77864 0
77865 1
77866 0
77867 0
77868 1
77869 3
77870 0
77871 2
77872 0
77873 1
77874 2
77875 2
77876 0
77877 0
77878 1
77879 1
77880 1
77881 1
77882 1
77883 0
77884 0
77885 0
77886 0
77887 0
77888 0
77889 2
77890 2
77891 0
77892 0
77893 0
77894 0
77895 1
77896 4
77897 0
77898 1
77899 2
77900 1
77901 0
77902 0
77903 1
77904 2
77905 3
77906 1
77907 1
77908 0
77909 2
77910 1
77911 3
77912 1
77913 2
77914 0
77915 0
77916 3
77917 0
77918 1
77919 0
77920 2
77921 1
77922 1
77923 3
77924 0
77925 1
77926 1
77927 1
77928 2
77929 0
77930 2
77931 1
77932 1
77933 1
77934 1
77935 0
77936 1
77937 3
77938 2
77939 1
77940 0
77941 1
77942 0
77943 0
77944 0
77945 0
77946 0
77947 1
77948 2
77949 2
77950 0
77951 1
77952 0
77953 0
77954 0
77955 2
77956 1
77957 1
77958 2
77959 1
77960 3
77961 0
77962 1
77963 0
77964 0
77965 0
77966 0
77967 1
77968 0
77969 0
77970 1
77971 2
77972 0
77973 2
77974 1
77975 1
77976 2
77977 2
77978 2
77979 0
77980 2
77981 0
77982 1
77983 0
77984 0
77985 0
77986 2
77987 0
77988 0
77989 2
77990 0
77991 1
77992 2
77993 0
77994 0
77995 1
77996 0
77997 1
77998 0
77999 3
78000 1
78001 1
78002 2
78003 2
78004 2
78005 2
78006 0
78007 0
78008 2
78009 2
78010 2
78011 1
78012 0
78013 0
78014 2
78015 2
78016 2
78017 0
78018 2
78019 0
78020 2
78021 0
78022 2
78023 1
78024 2
78025 2
78026 0
78027 0
78028 2
78029 2
78030 1
78031 1
78032 2
78033 1
78034 1
78035 0
78036 1
78037 1
78038 2
78039 1
78040 0
78041 0
78042 1
78043 1
78044 0
78045 0
78046 0
78047 1
78048 2
78049 2
78050 2
78051 1
78052 0
78053 1
78054 1
78055 1
78056 0
78057 1
78058 1
78059 1
78060 1
78061 0
78062 1
78063 3
78064 0
78065 0
78066 1
78067 0
78068 2
78069 0
78070 1
78071 2
78072 1
78073 1
78074 0
78075 0
78076 2
78077 3
78078 2
78079 2
78080 0
78081 0
78082 1
78083 0
78084 1
78085 1
78086 1
78087 2
78088 2
78089 3
78090 1
78091 0
78092 2
78093 1
78094 0
78095 2
78096 1
78097 2
78098 3
78099 0
78100 1
78101 0
78102 0
78103 2
78104 0
78105 1
78106 0
78107 1
78108 0
78109 3
78110 1
78111 0
78112 0
78113 1
78114 1
78115 3
78116 0
78117 0
78118 1
78119 1
78120 0
78121 1
78122 2
78123 0
78124 0
78125 1
78126 2
78127 1
78128 1
78129 1
78130 1
78131 0
78132 0
78133 2
78134 2
78135 1
78136 1
78137 0
78138 1
78139 0
78140 0
78141 1
78142 0
78143 2
78144 2
78145 1
78146 1
78147 0
78148 2
78149 2
78150 0
78151 0
78152 2
78153 1
78154 2
78155 0
78156 0
78157 1
78158 1
78159 1
78160 1
78161 1
78162 0
78163 0
78164 0
78165 1
78166 1
78167 0
78168 0
78169 0
78170 3
78171 1
78172 2
78173 1
78174 1
78175 2
78176 2
78177 0
78178 1
78179 1
78180 0
78181 3
78182 1
78183 1
78184 1
78185 0
78186 0
78187 1
78188 2
78189 1
78190 0
78191 2
78192 2
78193 1
78194 0
78195 2
78196 0
78197 1
78198 1
78199 0
78200 1
78201 3
78202 0
78203 1
78204 2
78205 1
78206 2
78207 2
78208 1
78209 2
78210 0
78211 2
78212 3
78213 1
78214 0
78215 2
78216 0
78217 0
78218 1
78219 1
78220 0
78221 1
78222 2
78223 2
78224 2
78225 2
78226 0
78227 0
78228 0
78229 1
78230 0
78231 2
78232 1
78233 0
78234 0
78235 2
78236 1
78237 2
78238 1
78239 1
78240 0
78241 2
78242 0
78243 0
78244 2
78245 1
78246 3
78247 0
78248 1
78249 1
78250 2
78251 1
78252 2
78253 1
78254 1
78255 2
78256 0
78257 2
78258 0
78259 2
78260 2
78261 1
78262 1
78263 1
78264 0
78265 2
78266 0
78267 1
78268 0
78269 1
78270 0
78271 1
78272 1
78273 2
78274 2
78275 1
78276 3
78277 0
78278 0
78279 2
78280 0
78281 0
78282 2
78283 2
78284 2
78285 1
78286 2
78287 2
78288 2
78289 2
78290 0
78291 1
78292 1
78293 2
78294 1
78295 0
78296 0
78297 0
78298 0
78299 2
78300 2
78301 0
78302 0
78303 3
78304 2
78305 2
78306 0
78307 1
78308 0
78309 2
78310 0
78311 0
78312 1
78313 1
78314 0
78315 2
78316 2
78317 0
78318 2
78319 0
78320 1
78321 0
78322 2
78323 1
78324 2
78325 2
78326 3
78327 1
78328 2
78329 0
78330 1
78331 2
78332 2
78333 1
78334 1
78335 1
78336 0
78337 1
78338 0
78339 0
78340 2
78341 0
78342 1
78343 0
78344 0
78345 1
78346 3
78347 3
78348 2
78349 0
78350 1
78351 1
78352 0
78353 0
78354 2
78355 3
78356 3
78357 2
78358 1
78359 0
78360 0
78361 2
78362 0
78363 2
78364 0
78365 1
78366 0
78367 2
78368 1
78369 1
78370 2
78371 1
78372 1
78373 2
78374 0
78375 1
78376 3
78377 1
78378 2
78379 2
78380 0
78381 1
78382 0
78383 1
78384 1
78385 1
78386 0
78387 0
78388 1
78389 3
78390 1
78391 0
78392 0
78393 1
78394 1
78395 3
78396 1
78397 0
78398 0
78399 1
78400 0
78401 0
78402 0
78403 1
78404 3
78405 0
78406 0
78407 1
78408 2
78409 2
78410 2
78411 1
78412 3
78413 2
78414 0
78415 3
78416 2
78417 1
78418 2
78419 2
78420 2
78421 2
78422 1
78423 0
78424 0
78425 0
78426 2
78427 2
78428 0
78429 2
78430 0
78431 2
78432 1
78433 0
78434 0
78435 0
78436 2
78437 2
78438 2
78439 2
78440 2
78441 2
78442 3
78443 1
78444 0
78445 0
78446 0
78447 2
78448 1
78449 0
78450 1
78451 1
78452 0
78453 2
78454 2
78455 1
78456 2
78457 2
78458 1
78459 1
78460 2
78461 2
78462 2
78463 2
78464 2
78465 2
78466 2
78467 2
78468 1
78469 1
78470 2
78471 2
78472 2
78473 1
78474 2
78475 1
78476 0
78477 2
78478 2
78479 2
78480 1
78481 2
78482 3
78483 1
78484 2
78485 2
78486 2
78487 2
78488 1
78489 1
78490 2
78491 1
78492 1
78493 0
78494 0
78495 0
78496 1
78497 1
78498 1
78499 0
78500 0
78501 0
78502 1
78503 0
78504 0
78505 2
78506 1
78507 1
78508 1
78509 2
78510 0
78511 1
78512 2
78513 0
78514 1
78515 0
78516 0
78517 1
78518 2
78519 0
78520 2
78521 2
78522 1
78523 2
78524 1
78525 2
78526 1
78527 0
78528 0
78529 0
78530 3
78531 2
78532 0
78533 2
78534 1
78535 2
78536 0
78537 1
78538 0
78539 1
78540 1
78541 1
78542 1
78543 1
78544 2
78545 2
78546 3
78547 1
78548 0
78549 0
78550 1
78551 0
78552 3
78553 2
78554 1
78555 0
78556 0
78557 1
78558 1
78559 1
78560 0
78561 0
78562 2
78563 2
78564 2
78565 2
78566 0
78567 1
78568 0
78569 2
78570 0
78571 1
78572 1
78573 0
78574 1
78575 2
78576 1
78577 2
78578 3
78579 2
78580 0
78581 2
78582 1
78583 0
78584 1
78585 1
78586 0
78587 1
78588 0
78589 3
78590 1
78591 2
78592 2
78593 2
78594 0
78595 1
78596 4
78597 2
78598 3
78599 0
78600 3
78601 1
78602 0
78603 1
78604 0
78605 0
78606 2
78607 0
78608 1
78609 1
78610 2
78611 0
78612 3
78613 1
78614 0
78615 0
78616 0
78617 0
78618 2
78619 2
78620 3
78621 0
78622 1
78623 0
78624 2
78625 2
78626 2
78627 0
78628 2
78629 2
78630 0
78631 1
78632 1
78633 1
78634 0
78635 2
78636 1
78637 0
78638 1
78639 0
78640 2
78641 2
78642 2
78643 1
78644 2
78645 1
78646 0
78647 2
78648 3
78649 2
78650 1
78651 0
78652 0
78653 2
78654 0
78655 1
78656 0
78657 2
78658 1
78659 2
78660 0
78661 2
78662 1
78663 2
78664 0
78665 1
78666 2
78667 1
78668 1
78669 0
78670 1
78671 0
78672 2
78673 2
78674 0
78675 1
78676 0
78677 1
78678 1
78679 1
78680 1
78681 0
78682 2
78683 1
78684 3
78685 2
78686 1
78687 2
78688 0
78689 1
78690 1
78691 1
78692 2
78693 1
78694 1
78695 2
78696 2
78697 3
78698 0
78699 0
78700 2
78701 2
78702 1
78703 0
78704 2
78705 1
78706 1
78707 1
78708 0
78709 1
78710 1
78711 0
78712 1
78713 1
78714 1
78715 1
78716 1
78717 2
78718 2
78719 1
78720 3
78721 0
78722 0
78723 0
78724 3
78725 0
78726 2
78727 1
78728 1
78729 3
78730 0
78731 1
78732 2
78733 2
78734 1
78735 2
78736 3
78737 2
78738 2
78739 2
78740 2
78741 1
78742 1
78743 2
78744 0
78745 1
78746 1
78747 2
78748 1
78749 1
78750 0
78751 2
78752 3
78753 2
78754 1
78755 0
78756 0
78757 0
78758 0
78759 1
78760 0
78761 0
78762 1
78763 0
78764 0
78765 2
78766 1
78767 0
78768 0
78769 0
78770 1
78771 0
78772 1
78773 0
78774 0
78775 1
78776 2
78777 2
78778 2
78779 1
78780 1
78781 0
78782 1
78783 1
78784 0
78785 2
78786 0
78787 1
78788 1
78789 2
78790 2
78791 0
78792 3
78793 1
78794 0
78795 0
78796 1
78797 1
78798 3
78799 1
78800 1
78801 1
78802 0
78803 2
78804 1
78805 2
78806 2
78807 0
78808 0
78809 1
78810 1
78811 0
78812 1
78813 2
78814 1
78815 1
78816 1
78817 1
78818 3
78819 2
78820 0
78821 2
78822 1
78823 2
78824 2
78825 0
78826 0
78827 0
78828 0
78829 3
78830 1
78831 1
78832 0
78833 1
78834 0
78835 1
78836 2
78837 2
78838 1
78839 1
78840 1
78841 0
78842 1
78843 1
78844 2
78845 0
78846 0
78847 3
78848 1
78849 1
78850 1
78851 1
78852 2
78853 2
78854 1
78855 0
78856 0
78857 0
78858 1
78859 2
78860 0
78861 2
78862 1
78863 0
78864 0
78865 3
78866 1
78867 2
78868 2
78869 0
78870 0
78871 1
78872 0
78873 2
78874 0
78875 0
78876 1
78877 0
78878 0
78879 3
78880 2
78881 0
78882 0
78883 1
78884 0
78885 1
78886 1
78887 2
78888 0
78889 0
78890 1
78891 2
78892 0
78893 0
78894 3
78895 1
78896 3
78897 2
78898 0
78899 3
78900 0
78901 1
78902 1
78903 2
78904 2
78905 1
78906 0
78907 1
78908 0
78909 1
78910 1
78911 2
78912 1
78913 0
78914 0
78915 1
78916 1
78917 1
78918 0
78919 1
78920 0
78921 1
78922 1
78923 1
78924 1
78925 1
78926 1
78927 0
78928 2
78929 2
78930 1
78931 1
78932 1
78933 0
78934 1
78935 0
78936 1
78937 2
78938 0
78939 2
78940 1
78941 0
78942 2
78943 1
78944 0
78945 0
78946 1
78947 1
78948 3
78949 2
78950 0
78951 0
78952 2
78953 2
78954 2
78955 2
78956 2
78957 1
78958 0
78959 0
78960 0
78961 0
78962 1
78963 2
78964 2
78965 1
78966 1
78967 2
78968 2
78969 1
78970 2
78971 0
78972 2
78973 1
78974 2
78975 0
78976 0
78977 0
78978 1
78979 0
78980 1
78981 0
78982 0
78983 0
78984 1
78985 3
78986 2
78987 1
78988 0
78989 0
78990 2
78991 1
78992 3
78993 0
78994 0
78995 0
78996 1
78997 2
78998 2
78999 2
79000 1
79001 1
79002 0
79003 1
79004 0
79005 0
79006 0
79007 0
79008 1
79009 1
79010 2
79011 2
79012 0
79013 2
79014 0
79015 3
79016 1
79017 2
79018 0
79019 1
79020 1
79021 2
79022 3
79023 2
79024 1
79025 2
79026 2
79027 2
79028 2
79029 2
79030 1
79031 2
79032 1
79033 0
79034 1
79035 2
79036 3
79037 2
79038 1
79039 2
79040 2
79041 0
79042 1
79043 1
79044 0
79045 0
79046 1
79047 0
79048 2
79049 1
79050 1
79051 0
79052 1
79053 1
79054 0
79055 1
79056 1
79057 2
79058 1
79059 0
79060 1
79061 2
79062 0
79063 3
79064 1
79065 2
79066 0
79067 0
79068 0
79069 1
79070 2
79071 3
79072 0
79073 1
79074 0
79075 2
79076 2
79077 2
79078 1
79079 2
79080 1
79081 1
79082 1
79083 0
79084 0
79085 0
79086 0
79087 0
79088 2
79089 0
79090 0
79091 2
79092 1
79093 0
79094 3
79095 1
79096 1
79097 0
79098 0
79099 1
79100 0
79101 2
79102 1
79103 0
79104 1
79105 0
79106 1
79107 1
79108 1
79109 0
79110 1
79111 0
79112 1
79113 0
79114 2
79115 3
79116 1
79117 0
79118 2
79119 2
79120 1
79121 2
79122 0
79123 2
79124 2
79125 0
79126 1
79127 2
79128 2
79129 1
79130 3
79131 0
79132 2
79133 2
79134 0
79135 0
79136 2
79137 1
79138 2
79139 0
79140 2
79141 2
79142 0
79143 1
79144 2
79145 0
79146 1
79147 0
79148 0
79149 2
79150 0
79151 3
79152 0
79153 2
79154 1
79155 2
79156 0
79157 1
79158 2
79159 1
79160 1
79161 2
79162 1
79163 1
79164 1
79165 0
79166 1
79167 0
79168 2
79169 1
79170 1
79171 0
79172 0
79173 0
79174 3
79175 1
79176 0
79177 1
79178 1
79179 0
79180 2
79181 2
79182 2
79183 2
79184 0
79185 1
79186 2
79187 2
79188 0
79189 1
79190 3
79191 0
79192 0
79193 0
79194 1
79195 2
79196 2
79197 1
79198 2
79199 0
79200 2
79201 1
79202 2
79203 1
79204 1
79205 0
79206 2
79207 0
79208 2
79209 3
79210 0
79211 2
79212 2
79213 1
79214 0
79215 0
79216 1
79217 2
79218 2
79219 2
79220 0
79221 0
79222 2
79223 1
79224 0
79225 2
79226 3
79227 0
79228 1
79229 1
79230 2
79231 1
79232 1
79233 0
79234 1
79235 2
79236 1
79237 0
79238 0
79239 2
79240 2
79241 0
79242 2
79243 2
79244 0
79245 0
79246 0
79247 0
79248 2
79249 2
79250 1
79251 3
79252 0
79253 1
79254 1
79255 1
79256 1
79257 1
79258 2
79259 2
79260 0
79261 1
79262 1
79263 0
79264 2
79265 0
79266 2
79267 0
79268 2
79269 0
79270 0
79271 1
79272 1
79273 0
79274 2
79275 2
79276 0
79277 2
79278 1
79279 1
79280 1
79281 2
79282 1
79283 2
79284 0
79285 1
79286 1
79287 1
79288 1
79289 0
79290 0
79291 0
79292 1
79293 0
79294 1
79295 2
79296 2
79297 1
79298 0
79299 3
79300 1
79301 1
79302 1
79303 0
79304 0
79305 0
79306 1
79307 1
79308 0
79309 1
79310 3
79311 0
79312 2
79313 2
79314 1
79315 2
79316 0
79317 1
79318 0
79319 2
79320 1
79321 0
79322 3
79323 2
79324 0
79325 1
79326 1
79327 2
79328 1
79329 0
79330 2
79331 0
79332 1
79333 2
79334 2
79335 1
79336 2
79337 2
79338 0
79339 1
79340 0
79341 2
79342 0
79343 2
79344 0
79345 0
79346 1
79347 1
79348 1
79349 0
79350 2
79351 2
79352 2
79353 2
79354 2
79355 1
79356 1
79357 0
79358 1
79359 2
79360 0
79361 2
79362 3
79363 2
79364 2
79365 1
79366 2
79367 0
79368 0
79369 0
79370 0
79371 1
79372 3
79373 2
79374 1
79375 0
79376 2
79377 1
79378 0
79379 1
79380 0
79381 0
79382 3
79383 1
79384 3
79385 3
79386 2
79387 0
79388 0
79389 2
79390 1
79391 3
79392 0
79393 1
79394 1
79395 2
79396 2
79397 2
79398 0
79399 2
79400 2
79401 1
79402 0
79403 0
79404 2
79405 2
79406 0
79407 1
79408 2
79409 2
79410 0
79411 0
79412 1
79413 0
79414 2
79415 0
79416 1
79417 0
79418 2
79419 2
79420 2
79421 1
79422 0
79423 2
79424 0
79425 2
79426 2
79427 2
79428 1
79429 1
79430 1
79431 0
79432 2
79433 1
79434 1
79435 1
79436 1
79437 0
79438 2
79439 0
79440 1
79441 1
79442 0
79443 2
79444 2
79445 2
79446 1
79447 0
79448 1
79449 1
79450 2
79451 0
79452 0
79453 1
79454 2
79455 1
79456 2
79457 1
79458 1
79459 0
79460 2
79461 1
79462 1
79463 3
79464 0
79465 2
79466 2
79467 1
79468 0
79469 2
79470 2
79471 2
79472 0
79473 1
79474 0
79475 0
79476 2
79477 2
79478 2
79479 1
79480 0
79481 0
79482 2
79483 0
79484 0
79485 0
79486 1
79487 1
79488 1
79489 1
79490 0
79491 0
79492 1
79493 2
79494 1
79495 1
79496 0
79497 2
79498 2
79499 2
79500 1
79501 0
79502 2
79503 2
79504 2
79505 0
79506 0
79507 2
79508 0
79509 0
79510 2
79511 3
79512 0
79513 0
79514 1
79515 2
79516 1
79517 1
79518 0
79519 3
79520 1
79521 2
79522 1
79523 2
79524 1
79525 0
79526 1
79527 0
79528 2
79529 2
79530 2
79531 0
79532 0
79533 0
79534 2
79535 2
79536 2
79537 1
79538 0
79539 3
79540 2
79541 1
79542 1
79543 1
79544 2
79545 0
79546 1
79547 0
79548 1
79549 1
79550 0
79551 2
79552 2
79553 0
79554 2
79555 1
79556 2
79557 0
79558 3
79559 0
79560 0
79561 1
79562 0
79563 2
79564 1
79565 1
79566 0
79567 0
79568 2
79569 2
79570 1
79571 1
79572 1
79573 2
79574 1
79575 0
79576 3
79577 1
79578 3
79579 0
79580 2
79581 1
79582 2
79583 1
79584 1
79585 2
79586 1
79587 1
79588 1
79589 0
79590 1
79591 1
79592 2
79593 3
79594 3
79595 2
79596 0
79597 1
79598 0
79599 2
79600 0
79601 1
79602 3
79603 3
79604 0
79605 2
79606 0
79607 0
79608 1
79609 0
79610 2
79611 2
79612 1
79613 2
79614 0
79615 2
79616 1
79617 2
79618 1
79619 2
79620 1
79621 2
79622 2
79623 2
79624 1
79625 2
79626 0
79627 1
79628 0
79629 1
79630 0
79631 1
79632 0
79633 2
79634 2
79635 1
79636 2
79637 0
79638 2
79639 1
79640 2
79641 1
79642 1
79643 3
79644 0
79645 2
79646 2
79647 1
79648 2
79649 1
79650 1
79651 0
79652 1
79653 2
79654 2
79655 0
79656 2
79657 1
79658 0
79659 1
79660 1
79661 2
79662 1
79663 1
79664 1
79665 0
79666 1
79667 0
79668 0
79669 0
79670 0
79671 0
79672 2
79673 1
79674 0
79675 0
79676 1
79677 1
79678 1
79679 0
79680 2
79681 0
79682 2
79683 0
79684 2
79685 0
79686 0
79687 1
79688 1
79689 2
79690 0
79691 1
79692 1
79693 3
79694 1
79695 1
79696 1
79697 2
79698 2
79699 0
79700 1
79701 2
79702 2
79703 1
79704 0
79705 1
79706 1
79707 0
79708 2
79709 0
79710 1
79711 2
79712 0
79713 2
79714 1
79715 1
79716 2
79717 1
79718 2
79719 0
79720 1
79721 2
79722 1
79723 2
79724 0
79725 1
79726 1
79727 0
79728 0
79729 0
79730 0
79731 3
79732 0
79733 0
79734 2
79735 0
79736 1
79737 1
79738 0
79739 1
79740 2
79741 0
79742 1
79743 0
79744 0
79745 0
79746 0
79747 0
79748 1
79749 0
79750 1
79751 1
79752 1
79753 0
79754 1
79755 2
79756 1
79757 2
79758 1
79759 3
79760 0
79761 2
79762 2
79763 2
79764 2
79765 3
79766 2
79767 1
79768 2
79769 2
79770 3
79771 0
79772 1
79773 0
79774 0
79775 1
79776 2
79777 0
79778 2
79779 0
79780 1
79781 1
79782 0
79783 2
79784 2
79785 2
79786 1
79787 2
79788 1
79789 2
79790 2
79791 0
79792 2
79793 1
79794 1
79795 1
79796 2
79797 2
79798 2
79799 2
79800 0
79801 0
79802 0
79803 0
79804 0
79805 1
79806 1
79807 1
79808 2
79809 1
79810 1
79811 0
79812 1
79813 1
79814 0
79815 2
79816 1
79817 1
79818 0
79819 2
79820 3
79821 0
79822 1
79823 2
79824 3
79825 2
79826 1
79827 0
79828 0
79829 3
79830 1
79831 0
79832 1
79833 2
79834 0
79835 2
79836 0
79837 1
79838 0
79839 1
79840 1
79841 1
79842 1
79843 0
79844 2
79845 2
79846 2
79847 0
79848 1
79849 2
79850 0
79851 3
79852 0
79853 0
79854 3
79855 0
79856 1
79857 0
79858 0
79859 3
79860 2
79861 1
79862 2
79863 1
79864 2
79865 2
79866 2
79867 2
79868 2
79869 0
79870 1
79871 0
79872 1
79873 0
79874 2
79875 2
79876 2
79877 0
79878 1
79879 1
79880 1
79881 2
79882 1
79883 1
79884 1
79885 0
79886 0
79887 1
79888 0
79889 2
79890 1
79891 1
79892 3
79893 2
79894 1
79895 1
79896 1
79897 1
79898 2
79899 2
79900 2
79901 3
79902 2
79903 2
79904 2
79905 2
79906 1
79907 2
79908 1
79909 3
79910 0
79911 0
79912 0
79913 2
79914 1
79915 2
79916 0
79917 0
79918 1
79919 1
79920 1
79921 3
79922 3
79923 1
79924 0
79925 1
79926 0
79927 0
79928 1
79929 2
79930 0
79931 0
79932 2
79933 0
79934 2
79935 3
79936 2
79937 0
79938 0
79939 0
79940 1
79941 2
79942 1
79943 0
79944 1
79945 3
79946 2
79947 3
79948 2
79949 0
79950 2
79951 0
79952 1
79953 0
79954 3
79955 2
79956 0
79957 1
79958 1
79959 0
79960 1
79961 2
79962 1
79963 2
79964 2
79965 2
79966 0
79967 1
79968 0
79969 1
79970 0
79971 2
79972 1
79973 2
79974 1
79975 2
79976 0
79977 3
79978 0
79979 1
79980 2
79981 2
79982 0
79983 0
79984 1
79985 2
79986 1
79987 1
79988 1
79989 0
79990 0
79991 1
79992 0
79993 1
79994 1
79995 1
79996 1
79997 0
79998 0
79999 0
80000 2
80001 1
80002 2
80003 1
80004 1
80005 0
80006 1
80007 1
80008 0
80009 2
80010 0
80011 2
80012 2
80013 0
80014 1
80015 2
80016 0
80017 3
80018 2
80019 2
80020 0
80021 0
80022 1
80023 1
80024 2
80025 2
80026 2
80027 1
80028 2
80029 2
80030 2
80031 1
80032 1
80033 1
80034 1
80035 2
80036 1
80037 1
80038 0
80039 3
80040 1
80041 1
80042 1
80043 3
80044 3
80045 1
80046 0
80047 0
80048 1
80049 1
80050 1
80051 0
80052 1
80053 2
80054 0
80055 3
80056 0
80057 3
80058 1
80059 0
80060 1
80061 2
80062 0
80063 1
80064 1
80065 0
80066 1
80067 0
80068 1
80069 2
80070 0
80071 2
80072 1
80073 2
80074 0
80075 0
80076 1
80077 0
80078 1
80079 2
80080 1
80081 1
80082 1
80083 0
80084 1
80085 1
80086 0
80087 3
80088 0
80089 1
80090 1
80091 1
80092 0
80093 1
80094 3
80095 0
80096 2
80097 2
80098 2
80099 0
80100 1
80101 0
80102 1
80103 1
80104 3
80105 1
80106 0
80107 2
80108 2
80109 0
80110 1
80111 0
80112 0
80113 2
80114 1
80115 2
80116 1
80117 2
80118 1
80119 1
80120 2
80121 1
80122 1
80123 1
80124 1
80125 0
80126 1
80127 0
80128 1
80129 0
80130 2
80131 0
80132 2
80133 2
80134 0
80135 1
80136 2
80137 0
80138 2
80139 3
80140 1
80141 2
80142 0
80143 2
80144 3
80145 0
80146 1
80147 2
80148 2
80149 1
80150 2
80151 0
80152 2
80153 2
80154 1
80155 2
80156 2
80157 1
80158 0
80159 0
80160 1
80161 1
80162 2
80163 1
80164 0
80165 2
80166 2
80167 2
80168 1
80169 1
80170 0
80171 0
80172 1
80173 2
80174 2
80175 1
80176 1
80177 2
80178 3
80179 1
80180 0
80181 1
80182 2
80183 1
80184 1
80185 2
80186 2
80187 1
80188 1
80189 2
80190 2
80191 0
80192 0
80193 1
80194 2
80195 2
80196 3
80197 1
80198 2
80199 1
80200 2
80201 0
80202 1
80203 0
80204 1
80205 1
80206 3
80207 2
80208 2
80209 1
80210 1
80211 0
80212 2
80213 2
80214 2
80215 2
80216 1
80217 0
80218 1
80219 0
80220 1
80221 2
80222 2
80223 1
80224 2
80225 0
80226 2
80227 1
80228 1
80229 2
80230 0
80231 1
80232 0
80233 2
80234 2
80235 2
80236 1
80237 2
80238 2
80239 0
80240 1
80241 2
80242 1
80243 1
80244 1
80245 2
80246 2
80247 2
80248 1
80249 1
80250 2
80251 1
80252 2
80253 2
80254 2
80255 2
80256 2
80257 1
80258 0
80259 1
80260 0
80261 2
80262 2
80263 0
80264 0
80265 0
80266 1
80267 1
80268 1
80269 1
80270 0
80271 1
80272 0
80273 1
80274 2
80275 0
80276 2
80277 1
80278 3
80279 2
80280 1
80281 2
80282 0
80283 0
80284 0
80285 2
80286 1
80287 1
80288 0
80289 2
80290 2
80291 0
80292 1
80293 1
80294 0
80295 2
80296 1
80297 1
80298 3
80299 2
80300 1
80301 2
80302 1
80303 2
80304 2
80305 1
80306 1
80307 3
80308 0
80309 1
80310 0
80311 1
80312 3
80313 1
80314 1
80315 2
80316 2
80317 2
80318 2
80319 0
80320 0
80321 0
80322 0
80323 2
80324 1
80325 0
80326 1
80327 1
80328 1
80329 0
80330 0
80331 2
80332 0
80333 2
80334 2
80335 0
80336 0
80337 1
80338 2
80339 3
80340 1
80341 2
80342 2
80343 0
80344 1
80345 1
80346 2
80347 0
80348 0
80349 0
80350 3
80351 0
80352 1
80353 1
80354 2
80355 0
80356 2
80357 2
80358 2
80359 1
80360 0
80361 1
80362 1
80363 0
80364 0
80365 0
80366 0
80367 1
80368 3
80369 0
80370 0
80371 1
80372 0
80373 2
80374 0
80375 2
80376 2
80377 1
80378 2
80379 0
80380 3
80381 2
80382 0
80383 1
80384 2
80385 0
80386 1
80387 0
80388 1
80389 0
80390 0
80391 0
80392 3
80393 0
80394 1
80395 0
80396 0
80397 2
80398 0
80399 1
80400 0
80401 1
80402 0
80403 2
80404 2
80405 2
80406 2
80407 0
80408 1
80409 2
80410 0
80411 2
80412 2
80413 2
80414 0
80415 1
80416 2
80417 0
80418 2
80419 2
80420 2
80421 0
80422 2
80423 1
80424 0
80425 1
80426 1
80427 2
80428 0
80429 2
80430 2
80431 0
80432 3
80433 0
80434 2
80435 1
80436 2
80437 2
80438 2
80439 0
80440 3
80441 1
80442 0
80443 1
80444 0
80445 0
80446 2
80447 0
80448 1
80449 1
80450 1
80451 1
80452 1
80453 2
80454 1
80455 2
80456 0
80457 1
80458 1
80459 2
80460 1
80461 1
80462 0
80463 2
80464 2
80465 0
80466 2
80467 1
80468 2
80469 1
80470 2
80471 0
80472 2
80473 1
80474 3
80475 0
80476 1
80477 2
80478 1
80479 0
80480 2
80481 2
80482 3
80483 0
80484 0
80485 1
80486 0
80487 1
80488 3
80489 1
80490 3
80491 1
80492 3
80493 1
80494 0
80495 0
80496 1
80497 2
80498 0
80499 1
80500 0
80501 0
80502 1
80503 0
80504 0
80505 0
80506 0
80507 2
80508 1
80509 2
80510 1
80511 1
80512 1
80513 2
80514 1
80515 0
80516 0
80517 1
80518 0
80519 1
80520 2
80521 3
80522 0
80523 2
80524 2
80525 1
80526 1
80527 1
80528 2
80529 3
80530 2
80531 1
80532 2
80533 2
80534 1
80535 0
80536 1
80537 1
80538 1
80539 0
80540 1
80541 2
80542 1
80543 0
80544 0
80545 2
80546 2
80547 1
80548 2
80549 1
80550 0
80551 0
80552 3
80553 2
80554 2
80555 2
80556 1
80557 1
80558 0
80559 3
80560 2
80561 0
80562 2
80563 2
80564 0
80565 1
80566 1
80567 2
80568 3
80569 0
80570 0
80571 0
80572 0
80573 1
80574 1
80575 2
80576 1
80577 0
80578 2
80579 2
80580 3
80581 1
80582 0
80583 1
80584 1
80585 0
80586 2
80587 0
80588 1
80589 1
80590 0
80591 1
80592 0
80593 1
80594 1
80595 1
80596 1
80597 0
80598 0
80599 0
80600 2
80601 2
80602 2
80603 0
80604 0
80605 0
80606 0
80607 3
80608 2
80609 1
80610 2
80611 1
80612 2
80613 3
80614 2
80615 2
80616 2
80617 2
80618 3
80619 2
80620 2
80621 2
80622 0
80623 0
80624 1
80625 0
80626 0
80627 2
80628 2
80629 1
80630 0
80631 2
80632 1
80633 0
80634 0
80635 1
80636 0
80637 1
80638 2
80639 1
80640 3
80641 1
80642 0
80643 0
80644 1
80645 0
80646 1
80647 0
80648 3
80649 3
80650 2
80651 0
80652 1
80653 2
80654 2
80655 2
80656 2
80657 3
80658 2
80659 2
80660 1
80661 0
80662 0
80663 1
80664 1
80665 2
80666 1
80667 1
80668 3
80669 0
80670 2
80671 1
80672 1
80673 0
80674 1
80675 2
80676 3
80677 0
80678 0
80679 2
80680 2
80681 2
80682 0
80683 0
80684 1
80685 3
80686 0
80687 2
80688 2
80689 2
80690 1
80691 1
80692 0
80693 2
80694 0
80695 1
80696 2
80697 2
80698 0
80699 1
80700 2
80701 0
80702 2
80703 0
80704 2
80705 3
80706 2
80707 0
80708 2
80709 0
80710 1
80711 2
80712 2
80713 1
80714 0
80715 1
80716 2
80717 2
80718 1
80719 2
80720 0
80721 1
80722 0
80723 0
80724 0
80725 0
80726 2
80727 3
80728 0
80729 1
80730 0
80731 2
80732 2
80733 0
80734 0
80735 0
80736 1
80737 1
80738 2
80739 2
80740 0
80741 3
80742 1
80743 3
80744 0
80745 2
80746 0
80747 3
80748 1
80749 1
80750 1
80751 2
80752 2
80753 2
80754 2
80755 2
80756 2
80757 1
80758 0
80759 0
80760 2
80761 2
80762 0
80763 0
80764 3
80765 1
80766 2
80767 0
80768 1
80769 0
80770 3
80771 2
80772 3
80773 1
80774 2
80775 1
80776 3
80777 2
80778 2
80779 1
80780 2
80781 1
80782 2
80783 2
80784 2
80785 2
80786 2
80787 1
80788 0
80789 3
80790 0
80791 2
80792 2
80793 3
80794 1
80795 2
80796 1
80797 0
80798 0
80799 0
80800 1
80801 1
80802 1
80803 3
80804 0
80805 1
80806 1
80807 3
80808 2
80809 0
80810 3
80811 1
80812 3
80813 0
80814 0
80815 2
80816 2
80817 1
80818 0
80819 1
80820 0
80821 1
80822 0
80823 3
80824 2
80825 3
80826 1
80827 1
80828 0
80829 3
80830 0
80831 1
80832 1
80833 1
80834 1
80835 1
80836 1
80837 3
80838 3
80839 0
80840 0
80841 0
80842 1
80843 0
80844 0
80845 1
80846 0
80847 1
80848 1
80849 2
80850 0
80851 1
80852 0
80853 0
80854 2
80855 2
80856 1
80857 0
80858 2
80859 1
80860 2
80861 0
80862 1
80863 0
80864 0
80865 1
80866 0
80867 1
80868 1
80869 0
80870 0
80871 0
80872 2
80873 0
80874 3
80875 3
80876 0
80877 2
80878 2
80879 0
80880 3
80881 0
80882 2
80883 1
80884 0
80885 1
80886 1
80887 2
80888 2
80889 3
80890 0
80891 0
80892 2
80893 0
80894 1
80895 1
80896 1
80897 0
80898 0
80899 0
80900 1
80901 0
80902 2
80903 1
80904 2
80905 1
80906 2
80907 1
80908 0
80909 1
80910 2
80911 1
80912 2
80913 0
80914 1
80915 1
80916 1
80917 0
80918 0
80919 0
80920 0
80921 2
80922 2
80923 1
80924 0
80925 2
80926 2
80927 1
80928 0
80929 1
80930 2
80931 0
80932 0
80933 0
80934 2
80935 2
80936 0
80937 2
80938 0
80939 3
80940 2
80941 1
80942 1
80943 0
80944 1
80945 0
80946 1
80947 1
80948 1
80949 1
80950 2
80951 2
80952 1
80953 1
80954 3
80955 2
80956 2
80957 0
80958 1
80959 0
80960 1
80961 1
80962 2
80963 0
80964 0
80965 2
80966 1
80967 2
80968 3
80969 2
80970 0
80971 0
80972 3
80973 0
80974 0
80975 1
80976 2
80977 1
80978 0
80979 1
80980 1
80981 0
80982 0
80983 2
80984 1
80985 0
80986 1
80987 1
80988 0
80989 2
80990 2
80991 0
80992 1
80993 0
80994 1
80995 0
80996 2
80997 2
80998 0
80999 0
81000 0
81001 0
81002 0
81003 1
81004 0
81005 1
81006 2
81007 1
81008 1
81009 0
81010 0
81011 0
81012 0
81013 0
81014 2
81015 0
81016 3
81017 1
81018 1
81019 0
81020 1
81021 2
81022 1
81023 1
81024 0
81025 0
81026 0
81027 0
81028 2
81029 2
81030 2
81031 1
81032 1
81033 0
81034 0
81035 0
81036 1
81037 1
81038 0
81039 0
81040 2
81041 0
81042 0
81043 0
81044 1
81045 1
81046 1
81047 1
81048 0
81049 2
81050 1
81051 1
81052 0
81053 2
81054 1
81055 1
81056 1
81057 1
81058 0
81059 2
81060 0
81061 0
81062 1
81063 0
81064 1
81065 1
81066 2
81067 1
81068 2
81069 1
81070 0
81071 1
81072 1
81073 2
81074 1
81075 2
81076 0
81077 0
81078 1
81079 1
81080 1
81081 1
81082 2
81083 1
81084 1
81085 1
81086 0
81087 0
81088 1
81089 2
81090 2
81091 2
81092 2
81093 1
81094 1
81095 0
81096 0
81097 2
81098 0
81099 1
81100 2
81101 1
81102 0
81103 1
81104 2
81105 2
81106 2
81107 2
81108 3
81109 1
81110 1
81111 1
81112 0
81113 1
81114 2
81115 0
81116 0
81117 2
81118 0
81119 0
81120 3
81121 0
81122 2
81123 2
81124 1
81125 0
81126 1
81127 1
81128 0
81129 1
81130 1
81131 1
81132 2
81133 0
81134 3
81135 1
81136 0
81137 0
81138 0
81139 1
81140 1
81141 2
81142 1
81143 0
81144 2
81145 3
81146 2
81147 0
81148 1
81149 0
81150 2
81151 0
81152 0
81153 2
81154 0
81155 3
81156 2
81157 2
81158 1
81159 3
81160 1
81161 1
81162 2
81163 0
81164 1
81165 2
81166 2
81167 0
81168 1
81169 1
81170 2
81171 1
81172 1
81173 0
81174 2
81175 0
81176 1
81177 2
81178 2
81179 1
81180 0
81181 1
81182 0
81183 0
81184 1
81185 0
81186 0
81187 2
81188 2
81189 1
81190 2
81191 1
81192 3
81193 0
81194 2
81195 2
81196 1
81197 3
81198 1
81199 2
81200 1
81201 0
81202 0
81203 1
81204 1
81205 0
81206 1
81207 1
81208 1
81209 1
81210 1
81211 2
81212 1
81213 1
81214 0
81215 1
81216 2
81217 1
81218 0
81219 2
81220 2
81221 1
81222 1
81223 2
81224 1
81225 2
81226 0
81227 2
81228 1
81229 1
81230 1
81231 1
81232 0
81233 0
81234 2
81235 1
81236 0
81237 0
81238 0
81239 2
81240 1
81241 1
81242 3
81243 1
81244 0
81245 0
81246 0
81247 0
81248 1
81249 2
81250 0
81251 1
81252 3
81253 2
81254 1
81255 3
81256 1
81257 1
81258 0
81259 2
81260 0
81261 1
81262 2
81263 2
81264 0
81265 1
81266 1
81267 2
81268 1
81269 1
81270 0
81271 1
81272 1
81273 2
81274 0
81275 1
81276 0
81277 3
81278 1
81279 3
81280 0
81281 0
81282 0
81283 1
81284 2
81285 1
81286 1
81287 3
81288 2
81289 2
81290 1
81291 0
81292 0
81293 2
81294 1
81295 0
81296 1
81297 2
81298 2
81299 2
81300 2
81301 2
81302 0
81303 1
81304 2
81305 2
81306 1
81307 1
81308 2
81309 2
81310 1
81311 2
81312 1
81313 1
81314 3
81315 0
81316 0
81317 0
81318 2
81319 1
81320 0
81321 0
81322 1
81323 1
81324 0
81325 0
81326 1
81327 2
81328 2
81329 1
81330 1
81331 0
81332 1
81333 1
81334 0
81335 1
81336 1
81337 2
81338 0
81339 1
81340 1
81341 0
81342 1
81343 1
81344 0
81345 1
81346 1
81347 1
81348 2
81349 0
81350 2
81351 1
81352 2
81353 2
81354 2
81355 1
81356 0
81357 2
81358 2
81359 1
81360 1
81361 0
81362 1
81363 2
81364 0
81365 2
81366 0
81367 1
81368 2
81369 0
81370 1
81371 0
81372 2
81373 1
81374 1
81375 1
81376 2
81377 1
81378 0
81379 1
81380 1
81381 0
81382 1
81383 1
81384 1
81385 0
81386 2
81387 2
81388 2
81389 2
81390 2
81391 2
81392 1
81393 3
81394 3
81395 1
81396 1
81397 0
81398 1
81399 3
81400 1
81401 1
81402 1
81403 2
81404 0
81405 2
81406 2
81407 1
81408 4
81409 1
81410 1
81411 1
81412 1
81413 0
81414 3
81415 0
81416 0
81417 0
81418 0
81419 2
81420 3
81421 3
81422 2
81423 1
81424 2
81425 3
81426 0
81427 0
81428 1
81429 0
81430 2
81431 1
81432 2
81433 1
81434 1
81435 1
81436 2
81437 0
81438 0
81439 2
81440 1
81441 1
81442 2
81443 1
81444 1
81445 0
81446 2
81447 1
81448 0
81449 0
81450 0
81451 0
81452 2
81453 2
81454 2
81455 0
81456 1
81457 1
81458 2
81459 2
81460 3
81461 0
81462 0
81463 0
81464 1
81465 1
81466 0
81467 1
81468 1
81469 2
81470 1
81471 3
81472 0
81473 1
81474 1
81475 0
81476 0
81477 2
81478 1
81479 2
81480 1
81481 2
81482 2
81483 1
81484 1
81485 2
81486 2
81487 2
81488 1
81489 2
81490 1
81491 1
81492 2
81493 0
81494 1
81495 1
81496 1
81497 1
81498 1
81499 2
81500 2
81501 3
81502 0
81503 2
81504 1
81505 0
81506 0
81507 1
81508 1
81509 0
81510 3
81511 0
81512 0
81513 0
81514 1
81515 0
81516 2
81517 1
81518 0
81519 0
81520 1
81521 2
81522 0
81523 0
81524 2
81525 2
81526 3
81527 0
81528 0
81529 0
81530 1
81531 1
81532 2
81533 3
81534 1
81535 1
81536 0
81537 0
81538 1
81539 1
81540 2
81541 2
81542 3
81543 2
81544 2
81545 0
81546 0
81547 2
81548 1
81549 2
81550 1
81551 2
81552 2
81553 0
81554 0
81555 2
81556 1
81557 1
81558 1
81559 0
81560 0
81561 0
81562 1
81563 3
81564 2
81565 1
81566 1
81567 2
81568 1
81569 0
81570 0
81571 1
81572 0
81573 1
81574 1
81575 0
81576 2
81577 2
81578 1
81579 1
81580 0
81581 1
81582 1
81583 0
81584 1
81585 1
81586 0
81587 0
81588 0
81589 2
81590 0
81591 0
81592 2
81593 1
81594 0
81595 3
81596 1
81597 2
81598 0
81599 2
81600 1
81601 0
81602 1
81603 2
81604 0
81605 1
81606 0
81607 3
81608 0
81609 1
81610 2
81611 2
81612 1
81613 0
81614 0
81615 2
81616 0
81617 0
81618 2
81619 2
81620 1
81621 0
81622 0
81623 0
81624 1
81625 1
81626 0
81627 2
81628 2
81629 0
81630 1
81631 2
81632 1
81633 0
81634 1
81635 3
81636 2
81637 1
81638 2
81639 2
81640 0
81641 0
81642 1
81643 2
81644 1
81645 2
81646 1
81647 1
81648 2
81649 2
81650 1
81651 0
81652 3
81653 1
81654 3
81655 3
81656 0
81657 1
81658 1
81659 0
81660 0
81661 1
81662 2
81663 0
81664 0
81665 1
81666 0
81667 2
81668 0
81669 3
81670 2
81671 3
81672 1
81673 2
81674 1
81675 1
81676 0
81677 1
81678 2
81679 1
81680 0
81681 2
81682 1
81683 2
81684 0
81685 0
81686 1
81687 0
81688 1
81689 0
81690 2
81691 2
81692 3
81693 1
81694 2
81695 0
81696 0
81697 1
81698 1
81699 2
81700 1
81701 0
81702 0
81703 0
81704 0
81705 1
81706 3
81707 1
81708 0
81709 0
81710 1
81711 0
81712 1
81713 2
81714 2
81715 0
81716 2
81717 0
81718 2
81719 3
81720 1
81721 0
81722 2
81723 1
81724 1
81725 1
81726 1
81727 2
81728 0
81729 2
81730 0
81731 0
81732 0
81733 1
81734 3
81735 3
81736 2
81737 2
81738 1
81739 2
81740 1
81741 1
81742 0
81743 1
81744 1
81745 1
81746 0
81747 0
81748 1
81749 0
81750 0
81751 0
81752 1
81753 1
81754 2
81755 1
81756 1
81757 0
81758 2
81759 2
81760 2
81761 0
81762 0
81763 2
81764 0
81765 2
81766 2
81767 0
81768 1
81769 0
81770 0
81771 2
81772 1
81773 0
81774 0
81775 1
81776 1
81777 0
81778 2
81779 2
81780 2
81781 0
81782 0
81783 0
81784 0
81785 0
81786 1
81787 0
81788 0
81789 0
81790 0
81791 0
81792 0
81793 3
81794 0
81795 0
81796 0
81797 1
81798 1
81799 3
81800 2
81801 0
81802 1
81803 2
81804 3
81805 1
81806 2
81807 2
81808 0
81809 0
81810 2
81811 2
81812 0
81813 1
81814 2
81815 0
81816 1
81817 2
81818 0
81819 1
81820 2
81821 1
81822 1
81823 1
81824 1
81825 0
81826 2
81827 1
81828 2
81829 0
81830 0
81831 1
81832 1
81833 0
81834 0
81835 2
81836 3
81837 0
81838 2
81839 1
81840 1
81841 0
81842 0
81843 0
81844 2
81845 1
81846 2
81847 1
81848 0
81849 0
81850 3
81851 0
81852 2
81853 1
81854 2
81855 2
81856 0
81857 3
81858 0
81859 1
81860 3
81861 1
81862 0
81863 1
81864 1
81865 0
81866 2
81867 1
81868 1
81869 0
81870 1
81871 1
81872 1
81873 2
81874 2
81875 2
81876 1
81877 0
81878 0
81879 0
81880 2
81881 3
81882 3
81883 1
81884 0
81885 1
81886 0
81887 0
81888 0
81889 1
81890 0
81891 2
81892 1
81893 0
81894 0
81895 1
81896 1
81897 0
81898 2
81899 2
81900 0
81901 2
81902 0
81903 1
81904 1
81905 1
81906 2
81907 2
81908 0
81909 1
81910 0
81911 0
81912 3
81913 0
81914 0
81915 2
81916 0
81917 0
81918 1
81919 2
81920 2
81921 2
81922 0
81923 0
81924 0
81925 0
81926 1
81927 2
81928 0
81929 1
81930 1
81931 1
81932 1
81933 0
81934 1
81935 0
81936 0
81937 1
81938 1
81939 3
81940 1
81941 0
81942 0
81943 0
81944 2
81945 2
81946 1
81947 1
81948 1
81949 1
81950 1
81951 1
81952 1
81953 0
81954 0
81955 1
81956 2
81957 0
81958 1
81959 0
81960 2
81961 2
81962 0
81963 1
81964 1
81965 0
81966 1
81967 1
81968 2
81969 1
81970 2
81971 1
81972 0
81973 0
81974 0
81975 2
81976 2
81977 1
81978 1
81979 0
81980 1
81981 0
81982 2
81983 2
81984 1
81985 0
81986 2
81987 2
81988 0
81989 2
81990 0
81991 0
81992 2
81993 2
81994 1
81995 1
81996 1
81997 0
81998 2
81999 1
82000 0
82001 0
82002 3
82003 2
82004 1
82005 0
82006 2
82007 1
82008 1
82009 0
82010 2
82011 1
82012 1
82013 0
82014 2
82015 0
82016 0
82017 1
82018 1
82019 1
82020 0
82021 2
82022 0
82023 2
82024 2
82025 3
82026 2
82027 1
82028 0
82029 1
82030 0
82031 2
82032 1
82033 1
82034 1
82035 0
82036 0
82037 0
82038 0
82039 0
82040 2
82041 2
82042 1
82043 2
82044 2
82045 0
82046 0
82047 2
82048 3
82049 1
82050 0
82051 2
82052 1
82053 2
82054 1
82055 2
82056 0
82057 0
82058 2
82059 2
82060 1
82061 0
82062 0
82063 1
82064 2
82065 3
82066 1
82067 1
82068 3
82069 0
82070 1
82071 2
82072 1
82073 3
82074 1
82075 1
82076 2
82077 1
82078 1
82079 1
82080 1
82081 0
82082 1
82083 1
82084 3
82085 2
82086 0
82087 0
82088 0
82089 2
82090 2
82091 2
82092 0
82093 1
82094 2
82095 2
82096 2
82097 2
82098 2
82099 2
82100 1
82101 0
82102 0
82103 1
82104 0
82105 3
82106 1
82107 0
82108 2
82109 0
82110 0
82111 2
82112 1
82113 0
82114 2
82115 0
82116 3
82117 1
82118 2
82119 1
82120 2
82121 2
82122 0
82123 2
82124 2
82125 1
82126 2
82127 1
82128 0
82129 0
82130 0
82131 1
82132 1
82133 2
82134 1
82135 2
82136 1
82137 2
82138 0
82139 1
82140 0
82141 1
82142 1
82143 1
82144 1
82145 0
82146 2
82147 1
82148 2
82149 2
82150 2
82151 0
82152 1
82153 0
82154 2
82155 2
82156 0
82157 0
82158 0
82159 0
82160 2
82161 2
82162 3
82163 3
82164 0
82165 1
82166 0
82167 1
82168 1
82169 1
82170 2
82171 0
82172 0
82173 1
82174 1
82175 2
82176 1
82177 0
82178 0
82179 0
82180 0
82181 0
82182 2
82183 0
82184 3
82185 1
82186 1
82187 2
82188 3
82189 0
82190 1
82191 0
82192 1
82193 2
82194 2
82195 2
82196 1
82197 0
82198 0
82199 0
82200 0
82201 1
82202 0
82203 1
82204 2
82205 0
82206 2
82207 1
82208 0
82209 2
82210 2
82211 1
82212 0
82213 1
82214 2
82215 1
82216 2
82217 0
82218 0
82219 0
82220 3
82221 0
82222 1
82223 2
82224 0
82225 2
82226 0
82227 2
82228 2
82229 1
82230 0
82231 0
82232 0
82233 0
82234 1
82235 2
82236 0
82237 2
82238 0
82239 1
82240 2
82241 2
82242 1
82243 1
82244 2
82245 1
82246 1
82247 0
82248 0
82249 1
82250 2
82251 1
82252 1
82253 0
82254 0
82255 2
82256 3
82257 2
82258 2
82259 2
82260 0
82261 1
82262 1
82263 2
82264 2
82265 1
82266 1
82267 1
82268 1
82269 0
82270 2
82271 1
82272 2
82273 1
82274 1
82275 0
82276 2
82277 0
82278 1
82279 1
82280 2
82281 1
82282 2
82283 0
82284 2
82285 2
82286 1
82287 2
82288 1
82289 2
82290 1
82291 3
82292 3
82293 2
82294 2
82295 2
82296 1
82297 2
82298 1
82299 1
82300 1
82301 1
82302 3
82303 1
82304 0
82305 0
82306 0
82307 1
82308 3
82309 2
82310 0
82311 0
82312 1
82313 0
82314 1
82315 2
82316 0
82317 1
82318 1
82319 0
82320 3
82321 1
82322 1
82323 0
82324 0
82325 3
82326 1
82327 1
82328 2
82329 2
82330 1
82331 1
82332 1
82333 0
82334 0
82335 2
82336 2
82337 0
82338 3
82339 1
82340 2
82341 0
82342 1
82343 1
82344 2
82345 2
82346 1
82347 2
82348 0
82349 2
82350 1
82351 0
82352 1
82353 1
82354 2
82355 2
82356 0
82357 0
82358 2
82359 2
82360 2
82361 2
82362 2
82363 2
82364 0
82365 0
82366 2
82367 1
82368 1
82369 0
82370 3
82371 2
82372 2
82373 1
82374 0
82375 1
82376 2
82377 2
82378 2
82379 0
82380 0
82381 0
82382 0
82383 1
82384 0
82385 0
82386 0
82387 2
82388 1
82389 0
82390 0
82391 0
82392 0
82393 1
82394 3
82395 0
82396 2
82397 2
82398 2
82399 1
82400 0
82401 1
82402 1
82403 0
82404 2
82405 0
82406 1
82407 1
82408 0
82409 1
82410 1
82411 1
82412 0
82413 2
82414 2
82415 0
82416 2
82417 1
82418 1
82419 1
82420 1
82421 2
82422 0
82423 3
82424 2
82425 1
82426 1
82427 2
82428 3
82429 3
82430 2
82431 0
82432 2
82433 2
82434 1
82435 0
82436 2
82437 1
82438 1
82439 2
82440 1
82441 0
82442 2
82443 1
82444 1
82445 0
82446 1
82447 0
82448 0
82449 1
82450 1
82451 0
82452 2
82453 3
82454 2
82455 3
82456 2
82457 0
82458 0
82459 1
82460 0
82461 0
82462 2
82463 0
82464 0
82465 0
82466 0
82467 1
82468 0
82469 2
82470 2
82471 1
82472 0
82473 0
82474 0
82475 1
82476 0
82477 1
82478 2
82479 1
82480 2
82481 1
82482 2
82483 0
82484 0
82485 2
82486 2
82487 0
82488 2
82489 1
82490 0
82491 0
82492 0
82493 1
82494 1
82495 0
82496 1
82497 0
82498 2
82499 2
82500 0
82501 3
82502 3
82503 2
82504 2
82505 0
82506 2
82507 2
82508 2
82509 1
82510 2
82511 2
82512 0
82513 1
82514 1
82515 2
82516 0
82517 1
82518 1
82519 2
82520 2
82521 1
82522 2
82523 1
82524 3
82525 1
82526 0
82527 0
82528 1
82529 0
82530 2
82531 2
82532 1
82533 2
82534 1
82535 0
82536 0
82537 1
82538 0
82539 1
82540 2
82541 2
82542 1
82543 2
82544 1
82545 0
82546 0
82547 0
82548 0
82549 2
82550 0
82551 3
82552 1
82553 1
82554 1
82555 2
82556 1
82557 1
82558 2
82559 0
82560 1
82561 2
82562 1
82563 1
82564 2
82565 2
82566 2
82567 3
82568 1
82569 0
82570 1
82571 0
82572 2
82573 1
82574 1
82575 0
82576 0
82577 1
82578 2
82579 1
82580 0
82581 1
82582 0
82583 2
82584 0
82585 3
82586 0
82587 3
82588 0
82589 2
82590 1
82591 2
82592 2
82593 0
82594 1
82595 0
82596 2
82597 1
82598 1
82599 1
82600 2
82601 1
82602 2
82603 1
82604 0
82605 1
82606 0
82607 0
82608 1
82609 0
82610 2
82611 2
82612 1
82613 1
82614 0
82615 0
82616 1
82617 1
82618 1
82619 1
82620 4
82621 1
82622 1
82623 0
82624 0
82625 2
82626 1
82627 3
82628 1
82629 1
82630 0
82631 3
82632 1
82633 1
82634 2
82635 2
82636 1
82637 1
82638 2
82639 0
82640 1
82641 2
82642 0
82643 1
82644 2
82645 2
82646 0
82647 1
82648 1
82649 2
82650 1
82651 0
82652 1
82653 2
82654 0
82655 2
82656 0
82657 1
82658 0
82659 2
82660 2
82661 1
82662 1
82663 0
82664 1
82665 0
82666 0
82667 1
82668 2
82669 0
82670 0
82671 1
82672 1
82673 1
82674 0
82675 0
82676 1
82677 2
82678 0
82679 0
82680 2
82681 0
82682 2
82683 2
82684 2
82685 2
82686 1
82687 2
82688 1
82689 1
82690 0
82691 0
82692 2
82693 0
82694 1
82695 1
82696 0
82697 0
82698 1
82699 0
82700 1
82701 0
82702 0
82703 1
82704 1
82705 1
82706 3
82707 1
82708 0
82709 1
82710 1
82711 2
82712 0
82713 0
82714 1
82715 0
82716 2
82717 1
82718 0
82719 0
82720 2
82721 0
82722 1
82723 1
82724 0
82725 0
82726 2
82727 2
82728 3
82729 0
82730 2
82731 0
82732 2
82733 2
82734 1
82735 1
82736 1
82737 0
82738 0
82739 0
82740 0
82741 2
82742 0
82743 2
82744 2
82745 1
82746 2
82747 0
82748 3
82749 2
82750 1
82751 1
82752 2
82753 2
82754 1
82755 2
82756 1
82757 2
82758 0
82759 1
82760 1
82761 2
82762 0
82763 1
82764 2
82765 1
82766 2
82767 2
82768 3
82769 0
82770 2
82771 1
82772 2
82773 3
82774 0
82775 1
82776 2
82777 1
82778 1
82779 2
82780 2
82781 1
82782 0
82783 1
82784 2
82785 0
82786 1
82787 1
82788 1
82789 0
82790 0
82791 0
82792 1
82793 1
82794 0
82795 1
82796 1
82797 2
82798 0
82799 1
82800 2
82801 1
82802 2
82803 1
82804 2
82805 0
82806 1
82807 1
82808 2
82809 1
82810 0
82811 1
82812 2
82813 0
82814 2
82815 1
82816 0
82817 2
82818 0
82819 0
82820 1
82821 1
82822 1
82823 2
82824 2
82825 1
82826 1
82827 0
82828 2
82829 1
82830 0
82831 1
82832 2
82833 1
82834 1
82835 0
82836 2
82837 1
82838 2
82839 2
82840 0
82841 1
82842 1
82843 2
82844 1
82845 1
82846 1
82847 1
82848 2
82849 1
82850 2
82851 1
82852 1
82853 0
82854 3
82855 1
82856 2
82857 0
82858 1
82859 3
82860 0
82861 0
82862 0
82863 1
82864 0
82865 2
82866 0
82867 1
82868 0
82869 2
82870 1
82871 1
82872 0
82873 1
82874 0
82875 1
82876 2
82877 1
82878 1
82879 0
82880 1
82881 1
82882 0
82883 2
82884 1
82885 2
82886 3
82887 1
82888 1
82889 2
82890 0
82891 2
82892 0
82893 1
82894 1
82895 2
82896 0
82897 0
82898 1
82899 2
82900 1
82901 2
82902 2
82903 0
82904 2
82905 0
82906 0
82907 1
82908 1
82909 1
82910 0
82911 1
82912 2
82913 1
82914 0
82915 1
82916 1
82917 1
82918 2
82919 0
82920 2
82921 0
82922 2
82923 0
82924 2
82925 2
82926 0
82927 1
82928 1
82929 1
82930 1
82931 0
82932 1
82933 2
82934 1
82935 2
82936 2
82937 0
82938 1
82939 2
82940 2
82941 0
82942 2
82943 1
82944 1
82945 1
82946 0
82947 2
82948 1
82949 0
82950 1
82951 1
82952 0
82953 2
82954 1
82955 4
82956 1
82957 0
82958 2
82959 3
82960 1
82961 1
82962 0
82963 1
82964 1
82965 2
82966 2
82967 0
82968 0
82969 0
82970 1
82971 1
82972 1
82973 2
82974 1
82975 1
82976 2
82977 1
82978 1
82979 1
82980 1
82981 1
82982 2
82983 1
82984 0
82985 2
82986 2
82987 1
82988 3
82989 2
82990 0
82991 0
82992 0
82993 1
82994 2
82995 1
82996 0
82997 1
82998 1
82999 0
83000 2
83001 1
83002 0
83003 0
83004 2
83005 2
83006 0
83007 2
83008 1
83009 1
83010 1
83011 0
83012 0
83013 1
83014 2
83015 2
83016 1
83017 1
83018 3
83019 2
83020 0
83021 1
83022 1
83023 2
83024 2
83025 1
83026 0
83027 1
83028 0
83029 1
83030 0
83031 1
83032 1
83033 3
83034 0
83035 2
83036 1
83037 0
83038 0
83039 0
83040 0
83041 2
83042 1
83043 0
83044 0
83045 3
83046 0
83047 0
83048 1
83049 0
83050 3
83051 3
83052 0
83053 1
83054 1
83055 1
83056 1
83057 0
83058 2
83059 2
83060 2
83061 1
83062 0
83063 2
83064 0
83065 3
83066 0
83067 0
83068 1
83069 0
83070 1
83071 1
83072 1
83073 2
83074 2
83075 1
83076 0
83077 2
83078 2
83079 2
83080 1
83081 1
83082 2
83083 2
83084 1
83085 0
83086 1
83087 1
83088 1
83089 1
83090 1
83091 2
83092 0
83093 0
83094 1
83095 1
83096 1
83097 1
83098 2
83099 0
83100 1
83101 3
83102 1
83103 0
83104 2
83105 1
83106 2
83107 1
83108 1
83109 0
83110 2
83111 2
83112 0
83113 2
83114 1
83115 2
83116 0
83117 0
83118 0
83119 0
83120 1
83121 0
83122 0
83123 1
83124 2
83125 1
83126 2
83127 2
83128 0
83129 2
83130 1
83131 2
83132 2
83133 0
83134 2
83135 1
83136 1
83137 0
83138 2
83139 1
83140 3
83141 1
83142 2
83143 0
83144 1
83145 0
83146 2
83147 2
83148 0
83149 1
83150 2
83151 1
83152 1
83153 2
83154 0
83155 1
83156 0
83157 0
83158 1
83159 1
83160 1
83161 1
83162 0
83163 1
83164 0
83165 1
83166 1
83167 2
83168 3
83169 0
83170 2
83171 1
83172 0
83173 0
83174 1
83175 0
83176 1
83177 2
83178 1
83179 3
83180 1
83181 2
83182 2
83183 1
83184 0
83185 0
83186 1
83187 2
83188 1
83189 1
83190 0
83191 2
83192 0
83193 2
83194 0
83195 1
83196 1
83197 2
83198 1
83199 2
83200 0
83201 0
83202 1
83203 2
83204 0
83205 1
83206 2
83207 2
83208 2
83209 0
83210 1
83211 0
83212 0
83213 2
83214 1
83215 1
83216 2
83217 2
83218 1
83219 0
83220 2
83221 0
83222 0
83223 2
83224 2
83225 1
83226 1
83227 0
83228 0
83229 1
83230 2
83231 0
83232 1
83233 0
83234 1
83235 2
83236 0
83237 2
83238 2
83239 2
83240 1
83241 0
83242 1
83243 0
83244 0
83245 2
83246 0
83247 2
83248 1
83249 2
83250 1
83251 0
83252 0
83253 0
83254 0
83255 1
83256 1
83257 1
83258 1
83259 0
83260 1
83261 0
83262 0
83263 2
83264 2
83265 2
83266 0
83267 2
83268 2
83269 0
83270 1
83271 2
83272 1
83273 0
83274 1
83275 0
83276 2
83277 2
83278 2
83279 2
83280 3
83281 3
83282 1
83283 1
83284 2
83285 0
83286 2
83287 1
83288 2
83289 0
83290 1
83291 1
83292 1
83293 1
83294 2
83295 0
83296 1
83297 0
83298 0
83299 1
83300 0
83301 0
83302 1
83303 1
83304 1
83305 0
83306 1
83307 1
83308 1
83309 1
83310 0
83311 2
83312 2
83313 0
83314 3
83315 1
83316 0
83317 1
83318 1
83319 3
83320 0
83321 1
83322 0
83323 0
83324 1
83325 1
83326 0
83327 1
83328 0
83329 1
83330 1
83331 0
83332 0
83333 0
83334 0
83335 0
83336 1
83337 0
83338 2
83339 2
83340 0
83341 2
83342 0
83343 2
83344 0
83345 1
83346 1
83347 1
83348 2
83349 1
83350 2
83351 2
83352 2
83353 0
83354 2
83355 0
83356 2
83357 1
83358 2
83359 1
83360 0
83361 3
83362 0
83363 1
83364 1
83365 0
83366 0
83367 1
83368 0
83369 2
83370 0
83371 2
83372 2
83373 0
83374 2
83375 2
83376 0
83377 1
83378 2
83379 1
83380 2
83381 2
83382 2
83383 0
83384 1
83385 1
83386 1
83387 1
83388 0
83389 2
83390 2
83391 0
83392 0
83393 0
83394 2
83395 0
83396 1
83397 3
83398 2
83399 0
83400 1
83401 1
83402 1
83403 0
83404 0
83405 2
83406 2
83407 2
83408 2
83409 2
83410 1
83411 2
83412 2
83413 1
83414 3
83415 2
83416 2
83417 0
83418 1
83419 1
83420 1
83421 0
83422 0
83423 0
83424 1
83425 0
83426 2
83427 2
83428 2
83429 0
83430 2
83431 3
83432 1
83433 2
83434 1
83435 1
83436 1
83437 1
83438 2
83439 1
83440 2
83441 2
83442 0
83443 2
83444 2
83445 0
83446 2
83447 3
83448 0
83449 1
83450 0
83451 1
83452 0
83453 0
83454 2
83455 1
83456 2
83457 2
83458 2
83459 1
83460 1
83461 2
83462 1
83463 1
83464 1
83465 1
83466 0
83467 0
83468 1
83469 3
83470 2
83471 0
83472 0
83473 2
83474 2
83475 1
83476 2
83477 0
83478 2
83479 3
83480 1
83481 0
83482 1
83483 0
83484 2
83485 1
83486 3
83487 1
83488 1
83489 0
83490 0
83491 1
83492 0
83493 0
83494 0
83495 1
83496 0
83497 1
83498 0
83499 3
83500 3
83501 2
83502 0
83503 1
83504 0
83505 1
83506 1
83507 2
83508 1
83509 2
83510 1
83511 3
83512 0
83513 2
83514 2
83515 0
83516 0
83517 0
83518 0
83519 2
83520 1
83521 0
83522 2
83523 0
83524 0
83525 2
83526 1
83527 0
83528 2
83529 0
83530 1
83531 1
83532 2
83533 1
83534 0
83535 2
83536 0
83537 0
83538 2
83539 2
83540 2
83541 0
83542 0
83543 0
83544 2
83545 0
83546 1
83547 2
83548 2
83549 0
83550 3
83551 2
83552 0
83553 1
83554 1
83555 1
83556 1
83557 1
83558 1
83559 0
83560 3
83561 1
83562 2
83563 0
83564 2
83565 1
83566 2
83567 2
83568 0
83569 1
83570 0
83571 0
83572 0
83573 1
83574 2
83575 2
83576 2
83577 0
83578 1
83579 0
83580 0
83581 3
83582 0
83583 2
83584 0
83585 1
83586 2
83587 1
83588 0
83589 2
83590 0
83591 0
83592 1
83593 2
83594 1
83595 2
83596 2
83597 2
83598 1
83599 1
83600 0
83601 1
83602 1
83603 1
83604 0
83605 0
83606 2
83607 1
83608 1
83609 1
83610 2
83611 0
83612 1
83613 2
83614 1
83615 2
83616 2
83617 0
83618 2
83619 0
83620 2
83621 2
83622 0
83623 2
83624 2
83625 2
83626 1
83627 0
83628 0
83629 1
83630 0
83631 2
83632 2
83633 1
83634 1
83635 0
83636 0
83637 0
83638 0
83639 1
83640 1
83641 0
83642 2
83643 0
83644 1
83645 0
83646 0
83647 2
83648 2
83649 2
83650 2
83651 1
83652 2
83653 2
83654 1
83655 2
83656 0
83657 2
83658 0
83659 0
83660 0
83661 1
83662 1
83663 2
83664 0
83665 1
83666 0
83667 0
83668 1
83669 0
83670 0
83671 2
83672 0
83673 1
83674 1
83675 2
83676 0
83677 3
83678 0
83679 2
83680 0
83681 1
83682 0
83683 1
83684 1
83685 1
83686 0
83687 2
83688 2
83689 1
83690 0
83691 0
83692 0
83693 2
83694 2
83695 0
83696 1
83697 1
83698 1
83699 1
83700 2
83701 2
83702 2
83703 2
83704 2
83705 1
83706 0
83707 0
83708 0
83709 2
83710 1
83711 1
83712 0
83713 3
83714 2
83715 0
83716 2
83717 2
83718 1
83719 2
83720 1
83721 2
83722 1
83723 0
83724 0
83725 2
83726 2
83727 2
83728 1
83729 0
83730 0
83731 1
83732 3
83733 0
83734 2
83735 2
83736 1
83737 2
83738 1
83739 0
83740 0
83741 1
83742 0
83743 1
83744 0
83745 0
83746 1
83747 2
83748 3
83749 0
83750 1
83751 1
83752 3
83753 1
83754 2
83755 1
83756 1
83757 1
83758 2
83759 0
83760 2
83761 4
83762 1
83763 1
83764 0
83765 2
83766 1
83767 0
83768 0
83769 0
83770 0
83771 0
83772 1
83773 3
83774 3
83775 1
83776 0
83777 2
83778 0
83779 1
83780 0
83781 1
83782 0
83783 0
83784 0
83785 1
83786 1
83787 2
83788 0
83789 1
83790 2
83791 3
83792 2
83793 2
83794 2
83795 2
83796 1
83797 1
83798 2
83799 1
83800 1
83801 1
83802 3
83803 2
83804 0
83805 1
83806 1
83807 2
83808 1
83809 1
83810 0
83811 3
83812 1
83813 1
83814 3
83815 2
83816 1
83817 2
83818 2
83819 2
83820 1
83821 0
83822 2
83823 0
83824 1
83825 2
83826 2
83827 1
83828 0
83829 0
83830 2
83831 2
83832 1
83833 1
83834 0
83835 2
83836 2
83837 2
83838 0
83839 2
83840 1
83841 0
83842 0
83843 0
83844 1
83845 2
83846 2
83847 3
83848 0
83849 2
83850 2
83851 0
83852 0
83853 1
83854 0
83855 3
83856 1
83857 2
83858 1
83859 1
83860 1
83861 1
83862 2
83863 2
83864 2
83865 2
83866 0
83867 3
83868 0
83869 0
83870 3
83871 2
83872 1
83873 0
83874 1
83875 2
83876 3
83877 2
83878 0
83879 1
83880 0
83881 2
83882 1
83883 2
83884 0
83885 0
83886 1
83887 1
83888 0
83889 0
83890 2
83891 0
83892 2
83893 0
83894 3
83895 2
83896 3
83897 0
83898 1
83899 1
83900 2
83901 2
83902 0
83903 1
83904 2
83905 0
83906 1
83907 0
83908 2
83909 2
83910 2
83911 1
83912 0
83913 1
83914 2
83915 0
83916 1
83917 3
83918 1
83919 1
83920 1
83921 0
83922 0
83923 1
83924 2
83925 1
83926 1
83927 2
83928 1
83929 0
83930 1
83931 2
83932 1
83933 3
83934 2
83935 0
83936 2
83937 1
83938 2
83939 0
83940 2
83941 2
83942 1
83943 0
83944 2
83945 0
83946 1
83947 1
83948 0
83949 0
83950 1
83951 1
83952 2
83953 1
83954 0
83955 1
83956 0
83957 0
83958 2
83959 3
83960 1
83961 1
83962 0
83963 1
83964 1
83965 1
83966 1
83967 1
83968 2
83969 1
83970 1
83971 2
83972 1
83973 0
83974 2
83975 1
83976 0
83977 1
83978 2
83979 2
83980 1
83981 0
83982 1
83983 2
83984 0
83985 1
83986 0
83987 2
83988 0
83989 1
83990 2
83991 1
83992 0
83993 3
83994 1
83995 1
83996 1
83997 1
83998 2
83999 1
84000 1
84001 2
84002 2
84003 2
84004 1
84005 0
84006 1
84007 1
84008 0
84009 0
84010 0
84011 2
84012 1
84013 0
84014 1
84015 0
84016 0
84017 2
84018 1
84019 0
84020 1
84021 2
84022 1
84023 2
84024 1
84025 0
84026 0
84027 2
84028 1
84029 2
84030 0
84031 1
84032 1
84033 1
84034 0
84035 2
84036 1
84037 1
84038 3
84039 2
84040 2
84041 2
84042 1
84043 0
84044 2
84045 2
84046 2
84047 2
84048 0
84049 1
84050 0
84051 0
84052 0
84053 1
84054 1
84055 3
84056 1
84057 1
84058 2
84059 1
84060 1
84061 0
84062 0
84063 0
84064 2
84065 0
84066 0
84067 2
84068 0
84069 0
84070 1
84071 2
84072 0
84073 0
84074 0
84075 2
84076 0
84077 0
84078 0
84079 0
84080 0
84081 1
84082 1
84083 3
84084 0
84085 0
84086 2
84087 2
84088 1
84089 1
84090 2
84091 2
84092 0
84093 2
84094 3
84095 0
84096 0
84097 2
84098 0
84099 0
84100 2
84101 2
84102 2
84103 0
84104 2
84105 1
84106 0
84107 1
84108 2
84109 1
84110 0
84111 2
84112 2
84113 1
84114 0
84115 3
84116 1
84117 1
84118 0
84119 1
84120 2
84121 2
84122 1
84123 1
84124 1
84125 1
84126 1
84127 2
84128 2
84129 0
84130 2
84131 1
84132 1
84133 1
84134 0
84135 0
84136 1
84137 0
84138 1
84139 0
84140 2
84141 0
84142 2
84143 0
84144 1
84145 0
84146 2
84147 2
84148 2
84149 1
84150 2
84151 2
84152 2
84153 0
84154 1
84155 1
84156 1
84157 0
84158 0
84159 0
84160 0
84161 1
84162 1
84163 0
84164 1
84165 1
84166 3
84167 1
84168 1
84169 0
84170 1
84171 1
84172 1
84173 0
84174 0
84175 2
84176 0
84177 0
84178 1
84179 0
84180 1
84181 0
84182 2
84183 0
84184 1
84185 0
84186 2
84187 2
84188 1
84189 0
84190 1
84191 0
84192 2
84193 3
84194 0
84195 2
84196 1
84197 2
84198 0
84199 2
84200 2
84201 2
84202 0
84203 0
84204 0
84205 1
84206 2
84207 2
84208 0
84209 3
84210 2
84211 1
84212 1
84213 2
84214 1
84215 0
84216 0
84217 3
84218 2
84219 1
84220 0
84221 0
84222 2
84223 1
84224 0
84225 1
84226 1
84227 1
84228 2
84229 0
84230 2
84231 0
84232 2
84233 1
84234 2
84235 2
84236 0
84237 0
84238 2
84239 0
84240 1
84241 0
84242 2
84243 0
84244 2
84245 2
84246 0
84247 0
84248 0
84249 0
84250 1
84251 0
84252 0
84253 1
84254 3
84255 1
84256 1
84257 0
84258 1
84259 1
84260 1
84261 1
84262 1
84263 1
84264 2
84265 2
84266 0
84267 0
84268 1
84269 1
84270 2
84271 0
84272 0
84273 2
84274 0
84275 1
84276 1
84277 0
84278 2
84279 0
84280 0
84281 1
84282 2
84283 0
84284 2
84285 2
84286 1
84287 0
84288 0
84289 2
84290 0
84291 1
84292 2
84293 2
84294 1
84295 2
84296 2
84297 1
84298 2
84299 2
84300 2
84301 0
84302 1
84303 1
84304 0
84305 2
84306 2
84307 0
84308 0
84309 0
84310 1
84311 0
84312 1
84313 0
84314 1
84315 0
84316 2
84317 1
84318 0
84319 0
84320 1
84321 0
84322 0
84323 0
84324 0
84325 0
84326 2
84327 1
84328 0
84329 2
84330 2
84331 0
84332 2
84333 2
84334 2
84335 0
84336 0
84337 0
84338 1
84339 2
84340 2
84341 1
84342 0
84343 1
84344 3
84345 1
84346 0
84347 1
84348 2
84349 2
84350 1
84351 2
84352 1
84353 0
84354 2
84355 2
84356 1
84357 0
84358 2
84359 2
84360 2
84361 2
84362 2
84363 1
84364 0
84365 0
84366 0
84367 1
84368 0
84369 0
84370 0
84371 3
84372 3
84373 0
84374 0
84375 2
84376 0
84377 1
84378 2
84379 1
84380 1
84381 0
84382 2
84383 0
84384 1
84385 1
84386 1
84387 2
84388 2
84389 1
84390 0
84391 0
84392 1
84393 2
84394 2
84395 0
84396 2
84397 0
84398 0
84399 1
84400 0
84401 2
84402 1
84403 1
84404 0
84405 2
84406 0
84407 2
84408 0
84409 1
84410 0
84411 0
84412 0
84413 2
84414 2
84415 1
84416 1
84417 0
84418 0
84419 1
84420 2
84421 2
84422 1
84423 0
84424 1
84425 2
84426 0
84427 2
84428 2
84429 1
84430 2
84431 1
84432 0
84433 1
84434 1
84435 2
84436 0
84437 2
84438 2
84439 0
84440 0
84441 0
84442 2
84443 2
84444 3
84445 1
84446 2
84447 1
84448 2
84449 2
84450 1
84451 1
84452 0
84453 1
84454 1
84455 0
84456 1
84457 2
84458 0
84459 2
84460 1
84461 0
84462 2
84463 0
84464 0
84465 2
84466 0
84467 0
84468 0
84469 2
84470 3
84471 1
84472 1
84473 0
84474 0
84475 1
84476 0
84477 0
84478 3
84479 0
84480 2
84481 0
84482 2
84483 0
84484 0
84485 3
84486 0
84487 1
84488 0
84489 0
84490 1
84491 0
84492 0
84493 1
84494 1
84495 2
84496 1
84497 2
84498 0
84499 1
84500 0
84501 0
84502 0
84503 2
84504 3
84505 3
84506 0
84507 2
84508 0
84509 2
84510 1
84511 2
84512 0
84513 0
84514 1
84515 2
84516 2
84517 1
84518 3
84519 2
84520 2
84521 1
84522 0
84523 1
84524 1
84525 1
84526 1
84527 3
84528 0
84529 0
84530 0
84531 0
84532 2
84533 2
84534 1
84535 0
84536 3
84537 3
84538 1
84539 0
84540 1
84541 1
84542 1
84543 1
84544 0
84545 0
84546 0
84547 0
84548 3
84549 2
84550 1
84551 1
84552 1
84553 0
84554 2
84555 3
84556 0
84557 2
84558 1
84559 1
84560 1
84561 0
84562 0
84563 1
84564 1
84565 0
84566 0
84567 2
84568 0
84569 2
84570 0
84571 1
84572 0
84573 1
84574 1
84575 0
84576 2
84577 3
84578 1
84579 1
84580 2
84581 1
84582 1
84583 0
84584 0
84585 2
84586 1
84587 1
84588 2
84589 1
84590 0
84591 0
84592 3
84593 1
84594 2
84595 0
84596 0
84597 2
84598 1
84599 2
84600 0
84601 1
84602 1
84603 1
84604 1
84605 1
84606 0
84607 2
84608 1
84609 1
84610 2
84611 0
84612 0
84613 0
84614 1
84615 1
84616 0
84617 0
84618 0
84619 2
84620 1
84621 1
84622 0
84623 0
84624 1
84625 0
84626 1
84627 2
84628 2
84629 0
84630 2
84631 1
84632 0
84633 0
84634 1
84635 0
84636 0
84637 2
84638 1
84639 3
84640 2
84641 2
84642 3
84643 1
84644 2
84645 2
84646 3
84647 2
84648 2
84649 1
84650 0
84651 2
84652 0
84653 2
84654 2
84655 2
84656 2
84657 1
84658 0
84659 1
84660 2
84661 2
84662 0
84663 1
84664 2
84665 0
84666 0
84667 2
84668 2
84669 0
84670 1
84671 0
84672 1
84673 1
84674 1
84675 1
84676 2
84677 1
84678 0
84679 0
84680 1
84681 0
84682 1
84683 1
84684 0
84685 2
84686 1
84687 1
84688 0
84689 0
84690 2
84691 2
84692 0
84693 1
84694 0
84695 2
84696 0
84697 1
84698 0
84699 2
84700 1
84701 0
84702 3
84703 0
84704 2
84705 0
84706 2
84707 1
84708 1
84709 3
84710 0
84711 3
84712 0
84713 1
84714 2
84715 1
84716 2
84717 1
84718 3
84719 1
84720 1
84721 1
84722 2
84723 3
84724 3
84725 1
84726 0
84727 3
84728 1
84729 2
84730 1
84731 1
84732 1
84733 1
84734 0
84735 2
84736 1
84737 0
84738 2
84739 2
84740 1
84741 1
84742 1
84743 1
84744 0
84745 2
84746 0
84747 0
84748 0
84749 1
84750 0
84751 2
84752 2
84753 0
84754 2
84755 2
84756 1
84757 1
84758 1
84759 3
84760 1
84761 1
84762 1
84763 2
84764 0
84765 1
84766 0
84767 1
84768 3
84769 1
84770 2
84771 1
84772 0
84773 1
84774 2
84775 1
84776 0
84777 2
84778 0
84779 0
84780 1
84781 2
84782 3
84783 1
84784 3
84785 2
84786 1
84787 1
84788 1
84789 1
84790 3
84791 0
84792 1
84793 0
84794 0
84795 0
84796 3
84797 2
84798 1
84799 1
84800 3
84801 2
84802 1
84803 3
84804 1
84805 0
84806 1
84807 0
84808 1
84809 2
84810 2
84811 1
84812 1
84813 0
84814 1
84815 1
84816 0
84817 0
84818 1
84819 3
84820 1
84821 1
84822 2
84823 1
84824 2
84825 1
84826 0
84827 3
84828 0
84829 2
84830 1
84831 1
84832 1
84833 1
84834 0
84835 1
84836 2
84837 0
84838 0
84839 0
84840 3
84841 0
84842 3
84843 2
84844 1
84845 1
84846 1
84847 0
84848 1
84849 1
84850 0
84851 1
84852 2
84853 1
84854 2
84855 1
84856 1
84857 1
84858 0
84859 0
84860 2
84861 0
84862 2
84863 1
84864 1
84865 1
84866 2
84867 0
84868 1
84869 0
84870 1
84871 0
84872 0
84873 2
84874 1
84875 0
84876 0
84877 0
84878 1
84879 3
84880 0
84881 0
84882 1
84883 0
84884 0
84885 1
84886 0
84887 1
84888 2
84889 0
84890 0
84891 0
84892 2
84893 1
84894 0
84895 0
84896 2
84897 0
84898 2
84899 1
84900 1
84901 0
84902 1
84903 2
84904 1
84905 1
84906 0
84907 0
84908 2
84909 1
84910 0
84911 2
84912 0
84913 1
84914 1
84915 0
84916 2
84917 3
84918 0
84919 1
84920 0
84921 0
84922 0
84923 1
84924 1
84925 1
84926 1
84927 0
84928 0
84929 1
84930 1
84931 0
84932 1
84933 2
84934 1
84935 1
84936 0
84937 3
84938 1
84939 0
84940 1
84941 0
84942 0
84943 2
84944 2
84945 1
84946 1
84947 2
84948 0
84949 0
84950 0
84951 2
84952 2
84953 1
84954 0
84955 0
84956 3
84957 0
84958 1
84959 1
84960 1
84961 2
84962 1
84963 3
84964 1
84965 1
84966 0
84967 1
84968 1
84969 2
84970 1
84971 0
84972 2
84973 1
84974 2
84975 0
84976 0
84977 2
84978 0
84979 0
84980 1
84981 0
84982 2
84983 1
84984 1
84985 3
84986 0
84987 1
84988 2
84989 2
84990 2
84991 2
84992 0
84993 1
84994 0
84995 1
84996 0
84997 2
84998 0
84999 0
85000 3
85001 1
85002 2
85003 0
85004 1
85005 1
85006 1
85007 3
85008 2
85009 1
85010 2
85011 1
85012 3
85013 1
85014 2
85015 2
85016 1
85017 3
85018 0
85019 0
85020 1
85021 3
85022 1
85023 0
85024 1
85025 0
85026 2
85027 1
85028 1
85029 1
85030 0
85031 2
85032 1
85033 2
85034 2
85035 1
85036 2
85037 2
85038 1
85039 1
85040 1
85041 1
85042 3
85043 2
85044 3
85045 0
85046 2
85047 0
85048 0
85049 0
85050 0
85051 2
85052 0
85053 1
85054 0
85055 2
85056 1
85057 1
85058 0
85059 2
85060 0
85061 0
85062 0
85063 3
85064 1
85065 1
85066 1
85067 1
85068 2
85069 1
85070 2
85071 2
85072 1
85073 0
85074 1
85075 0
85076 0
85077 0
85078 0
85079 0
85080 2
85081 2
85082 0
85083 0
85084 1
85085 3
85086 1
85087 1
85088 1
85089 2
85090 0
85091 1
85092 1
85093 0
85094 1
85095 0
85096 0
85097 0
85098 1
85099 2
85100 1
85101 2
85102 1
85103 0
85104 1
85105 0
85106 2
85107 3
85108 0
85109 2
85110 2
85111 0
85112 1
85113 2
85114 0
85115 2
85116 3
85117 0
85118 2
85119 0
85120 1
85121 2
85122 0
85123 0
85124 1
85125 1
85126 1
85127 2
85128 0
85129 1
85130 3
85131 1
85132 0
85133 1
85134 0
85135 3
85136 1
85137 3
85138 1
85139 0
85140 0
85141 0
85142 1
85143 0
85144 1
85145 2
85146 0
85147 1
85148 0
85149 3
85150 0
85151 1
85152 2
85153 2
85154 1
85155 2
85156 1
85157 1
85158 1
85159 2
85160 2
85161 2
85162 0
85163 2
85164 3
85165 2
85166 1
85167 2
85168 3
85169 0
85170 0
85171 0
85172 2
85173 1
85174 0
85175 1
85176 2
85177 0
85178 1
85179 0
85180 1
85181 1
85182 0
85183 2
85184 1
85185 0
85186 2
85187 1
85188 2
85189 1
85190 1
85191 2
85192 2
85193 2
85194 1
85195 0
85196 0
85197 1
85198 1
85199 0
85200 0
85201 1
85202 2
85203 1
85204 2
85205 1
85206 1
85207 1
85208 1
85209 0
85210 0
85211 0
85212 2
85213 2
85214 1
85215 0
85216 0
85217 0
85218 1
85219 0
85220 1
85221 2
85222 1
85223 1
85224 0
85225 2
85226 0
85227 2
85228 2
85229 0
85230 0
85231 1
85232 0
85233 2
85234 0
85235 2
85236 0
85237 2
85238 2
85239 1
85240 0
85241 2
85242 0
85243 3
85244 0
85245 1
85246 1
85247 1
85248 1
85249 0
85250 2
85251 0
85252 1
85253 0
85254 0
85255 1
85256 1
85257 0
85258 1
85259 0
85260 2
85261 0
85262 0
85263 2
85264 2
85265 1
85266 0
85267 0
85268 2
85269 1
85270 1
85271 3
85272 2
85273 1
85274 0
85275 0
85276 2
85277 0
85278 0
85279 1
85280 1
85281 1
85282 1
85283 2
85284 1
85285 1
85286 1
85287 0
85288 1
85289 1
85290 1
85291 1
85292 0
85293 1
85294 2
85295 0
85296 2
85297 3
85298 1
85299 0
85300 1
85301 1
85302 1
85303 1
85304 3
85305 1
85306 0
85307 2
85308 1
85309 0
85310 0
85311 2
85312 1
85313 2
85314 1
85315 1
85316 3
85317 0
85318 1
85319 0
85320 1
85321 2
85322 0
85323 0
85324 1
85325 1
85326 2
85327 2
85328 2
85329 0
85330 1
85331 0
85332 0
85333 1
85334 0
85335 0
85336 2
85337 1
85338 2
85339 2
85340 0
85341 1
85342 0
85343 1
85344 3
85345 1
85346 2
85347 2
85348 1
85349 0
85350 3
85351 0
85352 0
85353 1
85354 0
85355 1
85356 1
85357 0
85358 2
85359 2
85360 2
85361 0
85362 1
85363 0
85364 1
85365 3
85366 1
85367 0
85368 1
85369 1
85370 1
85371 0
85372 3
85373 1
85374 1
85375 0
85376 1
85377 0
85378 1
85379 2
85380 2
85381 1
85382 2
85383 2
85384 1
85385 2
85386 1
85387 0
85388 1
85389 1
85390 1
85391 2
85392 2
85393 2
85394 1
85395 1
85396 0
85397 1
85398 0
85399 2
85400 1
85401 2
85402 0
85403 0
85404 0
85405 1
85406 1
85407 2
85408 0
85409 1
85410 3
85411 1
85412 3
85413 2
85414 2
85415 1
85416 1
85417 1
85418 1
85419 1
85420 0
85421 2
85422 1
85423 0
85424 2
85425 0
85426 0
85427 1
85428 0
85429 1
85430 2
85431 0
85432 1
85433 2
85434 1
85435 0
85436 1
85437 2
85438 3
85439 1
85440 0
85441 1
85442 2
85443 3
85444 2
85445 0
85446 2
85447 1
85448 0
85449 2
85450 1
85451 3
85452 0
85453 3
85454 1
85455 2
85456 1
85457 2
85458 1
85459 2
85460 2
85461 0
85462 3
85463 1
85464 2
85465 3
85466 1
85467 3
85468 1
85469 2
85470 2
85471 0
85472 1
85473 0
85474 1
85475 2
85476 1
85477 2
85478 0
85479 0
85480 1
85481 0
85482 0
85483 2
85484 1
85485 1
85486 1
85487 0
85488 2
85489 2
85490 2
85491 0
85492 1
85493 2
85494 1
85495 1
85496 0
85497 2
85498 0
85499 0
85500 0
85501 2
85502 1
85503 1
85504 0
85505 1
85506 0
85507 2
85508 0
85509 2
85510 0
85511 1
85512 1
85513 0
85514 2
85515 1
85516 3
85517 3
85518 1
85519 0
85520 1
85521 2
85522 1
85523 1
85524 1
85525 0
85526 2
85527 2
85528 2
85529 2
85530 1
85531 3
85532 0
85533 0
85534 1
85535 2
85536 1
85537 0
85538 3
85539 1
85540 1
85541 0
85542 1
85543 1
85544 1
85545 1
85546 2
85547 0
85548 0
85549 1
85550 2
85551 2
85552 0
85553 0
85554 2
85555 1
85556 0
85557 1
85558 1
85559 2
85560 2
85561 2
85562 3
85563 1
85564 3
85565 0
85566 0
85567 2
85568 1
85569 1
85570 0
85571 0
85572 1
85573 0
85574 3
85575 1
85576 2
85577 1
85578 2
85579 0
85580 2
85581 1
85582 0
85583 0
85584 0
85585 2
85586 0
85587 1
85588 0
85589 0
85590 0
85591 3
85592 2
85593 1
85594 2
85595 2
85596 1
85597 1
85598 1
85599 2
85600 0
85601 1
85602 2
85603 0
85604 1
85605 2
85606 1
85607 1
85608 1
85609 0
85610 2
85611 1
85612 0
85613 0
85614 1
85615 2
85616 2
85617 2
85618 3
85619 0
85620 1
85621 1
85622 3
85623 1
85624 2
85625 0
85626 1
85627 0
85628 2
85629 1
85630 3
85631 0
85632 1
85633 3
85634 0
85635 1
85636 3
85637 2
85638 1
85639 0
85640 2
85641 0
85642 0
85643 2
85644 0
85645 0
85646 0
85647 2
85648 1
85649 2
85650 2
85651 0
85652 1
85653 2
85654 2
85655 2
85656 1
85657 1
85658 0
85659 0
85660 2
85661 0
85662 2
85663 2
85664 1
85665 0
85666 2
85667 0
85668 3
85669 1
85670 2
85671 1
85672 2
85673 1
85674 1
85675 0
85676 2
85677 1
85678 0
85679 1
85680 1
85681 2
85682 1
85683 0
85684 2
85685 1
85686 1
85687 1
85688 2
85689 0
85690 3
85691 0
85692 1
85693 1
85694 2
85695 2
85696 1
85697 1
85698 1
85699 1
85700 0
85701 1
85702 0
85703 0
85704 0
85705 0
85706 2
85707 0
85708 0
85709 2
85710 1
85711 2
85712 1
85713 0
85714 0
85715 0
85716 1
85717 1
85718 0
85719 1
85720 1
85721 0
85722 0
85723 2
85724 3
85725 0
85726 2
85727 0
85728 0
85729 2
85730 0
85731 0
85732 0
85733 2
85734 1
85735 2
85736 2
85737 2
85738 0
85739 0
85740 1
85741 1
85742 0
85743 3
85744 0
85745 1
85746 2
85747 0
85748 2
85749 0
85750 2
85751 1
85752 1
85753 2
85754 3
85755 1
85756 0
85757 1
85758 1
85759 0
85760 2
85761 2
85762 2
85763 0
85764 1
85765 2
85766 1
85767 1
85768 0
85769 0
85770 0
85771 2
85772 0
85773 2
85774 0
85775 1
85776 1
85777 1
85778 2
85779 0
85780 1
85781 0
85782 0
85783 0
85784 0
85785 1
85786 1
85787 2
85788 0
85789 2
85790 0
85791 3
85792 0
85793 1
85794 0
85795 2
85796 3
85797 0
85798 1
85799 0
85800 2
85801 1
85802 0
85803 2
85804 0
85805 1
85806 1
85807 2
85808 1
85809 1
85810 1
85811 1
85812 0
85813 1
85814 0
85815 0
85816 1
85817 2
85818 0
85819 2
85820 1
85821 1
85822 2
85823 1
85824 1
85825 2
85826 2
85827 1
85828 0
85829 1
85830 2
85831 1
85832 2
85833 1
85834 0
85835 0
85836 3
85837 3
85838 2
85839 1
85840 2
85841 0
85842 1
85843 0
85844 0
85845 0
85846 2
85847 0
85848 0
85849 1
85850 0
85851 1
85852 1
85853 0
85854 2
85855 0
85856 0
85857 0
85858 1
85859 0
85860 1
85861 0
85862 1
85863 2
85864 3
85865 1
85866 1
85867 0
85868 1
85869 1
85870 2
85871 1
85872 2
85873 0
85874 1
85875 0
85876 0
85877 2
85878 1
85879 1
85880 1
85881 1
85882 0
85883 1
85884 2
85885 2
85886 0
85887 2
85888 2
85889 0
85890 1
85891 2
85892 2
85893 0
85894 1
85895 1
85896 0
85897 1
85898 0
85899 3
85900 1
85901 1
85902 0
85903 0
85904 0
85905 1
85906 1
85907 2
85908 3
85909 0
85910 0
85911 2
85912 1
85913 1
85914 2
85915 1
85916 2
85917 2
85918 1
85919 1
85920 1
85921 2
85922 1
85923 3
85924 0
85925 2
85926 2
85927 0
85928 0
85929 1
85930 1
85931 3
85932 1
85933 2
85934 2
85935 2
85936 0
85937 1
85938 2
85939 2
85940 2
85941 2
85942 0
85943 1
85944 1
85945 0
85946 0
85947 1
85948 0
85949 1
85950 0
85951 0
85952 1
85953 0
85954 1
85955 1
85956 2
85957 2
85958 1
85959 0
85960 2
85961 1
85962 0
85963 1
85964 1
85965 2
85966 0
85967 3
85968 3
85969 1
85970 0
85971 3
85972 0
85973 2
85974 1
85975 0
85976 2
85977 1
85978 0
85979 1
85980 2
85981 1
85982 0
85983 1
85984 1
85985 1
85986 0
85987 0
85988 2
85989 2
85990 0
85991 2
85992 0
85993 1
85994 0
85995 0
85996 1
85997 0
85998 0
85999 1
86000 0
86001 1
86002 1
86003 0
86004 3
86005 0
86006 0
86007 2
86008 0
86009 0
86010 0
86011 1
86012 1
86013 2
86014 0
86015 1
86016 0
86017 0
86018 1
86019 1
86020 1
86021 1
86022 1
86023 1
86024 1
86025 2
86026 2
86027 1
86028 0
86029 0
86030 1
86031 2
86032 2
86033 2
86034 1
86035 1
86036 3
86037 0
86038 2
86039 3
86040 1
86041 0
86042 0
86043 2
86044 2
86045 0
86046 1
86047 1
86048 1
86049 0
86050 2
86051 0
86052 1
86053 0
86054 2
86055 0
86056 1
86057 1
86058 1
86059 1
86060 0
86061 0
86062 0
86063 2
86064 1
86065 0
86066 1
86067 0
86068 2
86069 1
86070 2
86071 2
86072 2
86073 0
86074 0
86075 1
86076 0
86077 1
86078 0
86079 1
86080 0
86081 0
86082 1
86083 1
86084 1
86085 2
86086 1
86087 1
86088 2
86089 0
86090 0
86091 1
86092 1
86093 2
86094 1
86095 2
86096 1
86097 1
86098 1
86099 0
86100 0
86101 1
86102 0
86103 3
86104 2
86105 2
86106 1
86107 1
86108 1
86109 2
86110 0
86111 2
86112 3
86113 1
86114 2
86115 1
86116 2
86117 0
86118 0
86119 2
86120 1
86121 2
86122 2
86123 1
86124 2
86125 2
86126 2
86127 0
86128 1
86129 0
86130 1
86131 1
86132 1
86133 1
86134 2
86135 2
86136 0
86137 0
86138 2
86139 1
86140 0
86141 2
86142 0
86143 2
86144 3
86145 1
86146 2
86147 0
86148 0
86149 1
86150 2
86151 1
86152 0
86153 0
86154 2
86155 1
86156 0
86157 1
86158 0
86159 0
86160 0
86161 2
86162 0
86163 0
86164 1
86165 2
86166 1
86167 1
86168 2
86169 0
86170 3
86171 2
86172 0
86173 3
86174 1
86175 2
86176 2
86177 0
86178 0
86179 0
86180 3
86181 1
86182 0
86183 1
86184 0
86185 1
86186 0
86187 0
86188 0
86189 2
86190 1
86191 1
86192 2
86193 2
86194 0
86195 0
86196 0
86197 2
86198 3
86199 2
86200 0
86201 1
86202 0
86203 0
86204 0
86205 1
86206 0
86207 1
86208 1
86209 2
86210 1
86211 0
86212 1
86213 2
86214 0
86215 2
86216 0
86217 2
86218 1
86219 0
86220 1
86221 2
86222 2
86223 0
86224 2
86225 0
86226 0
86227 2
86228 0
86229 3
86230 0
86231 1
86232 1
86233 0
86234 0
86235 0
86236 1
86237 2
86238 0
86239 2
86240 1
86241 0
86242 1
86243 0
86244 2
86245 0
86246 1
86247 3
86248 2
86249 0
86250 2
86251 1
86252 1
86253 1
86254 2
86255 2
86256 2
86257 0
86258 2
86259 1
86260 1
86261 2
86262 2
86263 1
86264 1
86265 3
86266 2
86267 1
86268 3
86269 1
86270 0
86271 1
86272 0
86273 3
86274 0
86275 2
86276 3
86277 2
86278 1
86279 1
86280 2
86281 0
86282 1
86283 0
86284 3
86285 1
86286 1
86287 0
86288 0
86289 0
86290 1
86291 3
86292 2
86293 1
86294 0
86295 2
86296 2
86297 1
86298 2
86299 2
86300 1
86301 3
86302 1
86303 0
86304 3
86305 2
86306 0
86307 2
86308 1
86309 1
86310 0
86311 1
86312 1
86313 1
86314 1
86315 0
86316 2
86317 0
86318 1
86319 0
86320 3
86321 0
86322 0
86323 0
86324 1
86325 0
86326 1
86327 0
86328 2
86329 2
86330 0
86331 0
86332 0
86333 1
86334 1
86335 1
86336 0
86337 1
86338 0
86339 0
86340 0
86341 1
86342 1
86343 1
86344 1
86345 2
86346 1
86347 0
86348 0
86349 0
86350 0
86351 2
86352 2
86353 1
86354 1
86355 0
86356 0
86357 1
86358 0
86359 0
86360 2
86361 1
86362 2
86363 2
86364 0
86365 1
86366 2
86367 2
86368 0
86369 0
86370 2
86371 0
86372 1
86373 1
86374 1
86375 1
86376 2
86377 0
86378 0
86379 1
86380 1
86381 0
86382 2
86383 0
86384 1
86385 1
86386 1
86387 3
86388 1
86389 2
86390 0
86391 1
86392 0
86393 1
86394 0
86395 1
86396 0
86397 2
86398 0
86399 0
86400 2
86401 1
86402 0
86403 2
86404 2
86405 0
86406 0
86407 2
86408 0
86409 2
86410 0
86411 0
86412 2
86413 0
86414 2
86415 0
86416 1
86417 3
86418 0
86419 1
86420 0
86421 2
86422 1
86423 0
86424 0
86425 1
86426 0
86427 1
86428 0
86429 2
86430 1
86431 1
86432 0
86433 0
86434 0
86435 3
86436 2
86437 1
86438 1
86439 1
86440 0
86441 0
86442 1
86443 0
86444 0
86445 1
86446 1
86447 1
86448 0
86449 0
86450 1
86451 1
86452 2
86453 1
86454 0
86455 1
86456 2
86457 0
86458 2
86459 1
86460 0
86461 0
86462 2
86463 0
86464 1
86465 1
86466 1
86467 1
86468 2
86469 1
86470 0
86471 2
86472 1
86473 2
86474 2
86475 0
86476 1
86477 1
86478 1
86479 0
86480 2
86481 0
86482 2
86483 2
86484 0
86485 2
86486 1
86487 1
86488 2
86489 2
86490 2
86491 0
86492 0
86493 1
86494 0
86495 1
86496 2
86497 1
86498 0
86499 2
86500 2
86501 0
86502 1
86503 1
86504 1
86505 3
86506 1
86507 0
86508 3
86509 0
86510 0
86511 2
86512 1
86513 0
86514 3
86515 1
86516 0
86517 2
86518 0
86519 0
86520 2
86521 1
86522 2
86523 1
86524 0
86525 0
86526 1
86527 0
86528 1
86529 0
86530 0
86531 1
86532 2
86533 2
86534 2
86535 1
86536 0
86537 1
86538 2
86539 0
86540 0
86541 2
86542 1
86543 0
86544 0
86545 2
86546 1
86547 0
86548 2
86549 2
86550 0
86551 2
86552 2
86553 0
86554 3
86555 1
86556 1
86557 2
86558 0
86559 2
86560 0
86561 0
86562 0
86563 2
86564 1
86565 1
86566 0
86567 1
86568 2
86569 1
86570 2
86571 0
86572 2
86573 0
86574 0
86575 1
86576 1
86577 0
86578 1
86579 0
86580 1
86581 1
86582 1
86583 2
86584 1
86585 2
86586 0
86587 2
86588 2
86589 2
86590 1
86591 0
86592 0
86593 2
86594 1
86595 2
86596 1
86597 0
86598 0
86599 3
86600 0
86601 1
86602 0
86603 0
86604 0
86605 0
86606 1
86607 0
86608 1
86609 1
86610 1
86611 1
86612 2
86613 0
86614 0
86615 0
86616 2
86617 1
86618 1
86619 0
86620 1
86621 2
86622 2
86623 1
86624 2
86625 2
86626 0
86627 0
86628 1
86629 1
86630 2
86631 0
86632 1
86633 1
86634 0
86635 1
86636 1
86637 0
86638 2
86639 1
86640 2
86641 0
86642 1
86643 3
86644 2
86645 2
86646 1
86647 3
86648 1
86649 2
86650 0
86651 1
86652 0
86653 2
86654 1
86655 1
86656 1
86657 2
86658 1
86659 0
86660 1
86661 2
86662 0
86663 2
86664 0
86665 1
86666 0
86667 1
86668 1
86669 0
86670 2
86671 0
86672 2
86673 2
86674 1
86675 2
86676 0
86677 2
86678 1
86679 1
86680 1
86681 1
86682 0
86683 2
86684 0
86685 2
86686 1
86687 1
86688 0
86689 1
86690 1
86691 1
86692 2
86693 2
86694 1
86695 0
86696 0
86697 2
86698 2
86699 2
86700 1
86701 1
86702 2
86703 1
86704 2
86705 0
86706 1
86707 3
86708 0
86709 3
86710 2
86711 2
86712 0
86713 2
86714 0
86715 1
86716 0
86717 2
86718 1
86719 0
86720 1
86721 0
86722 3
86723 0
86724 2
86725 1
86726 1
86727 0
86728 1
86729 2
86730 1
86731 1
86732 2
86733 0
86734 1
86735 0
86736 1
86737 2
86738 0
86739 0
86740 2
86741 0
86742 1
86743 1
86744 1
86745 1
86746 0
86747 1
86748 1
86749 1
86750 3
86751 1
86752 0
86753 2
86754 1
86755 1
86756 1
86757 2
86758 0
86759 2
86760 2
86761 2
86762 2
86763 0
86764 0
86765 0
86766 0
86767 2
86768 0
86769 2
86770 0
86771 1
86772 2
86773 1
86774 2
86775 0
86776 1
86777 0
86778 2
86779 0
86780 2
86781 1
86782 1
86783 1
86784 0
86785 1
86786 1
86787 0
86788 2
86789 0
86790 0
86791 1
86792 0
86793 1
86794 0
86795 3
86796 0
86797 1
86798 1
86799 0
86800 2
86801 2
86802 1
86803 2
86804 2
86805 2
86806 2
86807 2
86808 1
86809 0
86810 0
86811 0
86812 3
86813 0
86814 2
86815 2
86816 1
86817 1
86818 0
86819 1
86820 1
86821 1
86822 0
86823 2
86824 1
86825 1
86826 0
86827 0
86828 1
86829 0
86830 1
86831 1
86832 1
86833 0
86834 1
86835 1
86836 0
86837 0
86838 1
86839 0
86840 0
86841 1
86842 2
86843 0
86844 1
86845 0
86846 0
86847 0
86848 0
86849 2
86850 3
86851 1
86852 1
86853 0
86854 1
86855 3
86856 0
86857 1
86858 1
86859 4
86860 1
86861 1
86862 0
86863 1
86864 1
86865 1
86866 1
86867 0
86868 0
86869 1
86870 0
86871 1
86872 0
86873 0
86874 0
86875 1
86876 4
86877 0
86878 2
86879 0
86880 1
86881 1
86882 1
86883 0
86884 2
86885 1
86886 1
86887 0
86888 1
86889 1
86890 0
86891 0
86892 2
86893 2
86894 0
86895 0
86896 2
86897 0
86898 2
86899 2
86900 0
86901 2
86902 2
86903 0
86904 0
86905 0
86906 1
86907 0
86908 0
86909 1
86910 3
86911 3
86912 2
86913 1
86914 1
86915 0
86916 2
86917 2
86918 0
86919 0
86920 0
86921 0
86922 1
86923 3
86924 0
86925 0
86926 0
86927 0
86928 3
86929 0
86930 0
86931 1
86932 0
86933 1
86934 0
86935 1
86936 0
86937 0
86938 0
86939 2
86940 0
86941 2
86942 0
86943 0
86944 0
86945 2
86946 2
86947 1
86948 0
86949 1
86950 0
86951 1
86952 0
86953 1
86954 0
86955 3
86956 2
86957 1
86958 1
86959 2
86960 0
86961 1
86962 3
86963 1
86964 1
86965 0
86966 0
86967 1
86968 2
86969 1
86970 0
86971 2
86972 1
86973 2
86974 2
86975 0
86976 2
86977 0
86978 0
86979 0
86980 0
86981 0
86982 2
86983 0
86984 0
86985 2
86986 1
86987 0
86988 3
86989 1
86990 0
86991 0
86992 0
86993 0
86994 1
86995 0
86996 0
86997 1
86998 0
86999 1
87000 2
87001 2
87002 0
87003 2
87004 0
87005 2
87006 0
87007 0
87008 0
87009 1
87010 2
87011 2
87012 0
87013 1
87014 2
87015 1
87016 0
87017 2
87018 0
87019 2
87020 1
87021 0
87022 1
87023 3
87024 1
87025 1
87026 1
87027 0
87028 0
87029 0
87030 0
87031 0
87032 0
87033 2
87034 0
87035 1
87036 2
87037 0
87038 1
87039 0
87040 3
87041 1
87042 1
87043 2
87044 2
87045 1
87046 2
87047 1
87048 2
87049 2
87050 1
87051 2
87052 2
87053 2
87054 0
87055 0
87056 1
87057 1
87058 0
87059 2
87060 1
87061 0
87062 0
87063 1
87064 2
87065 0
87066 0
87067 0
87068 0
87069 0
87070 2
87071 1
87072 1
87073 1
87074 0
87075 0
87076 3
87077 1
87078 0
87079 3
87080 1
87081 0
87082 2
87083 1
87084 0
87085 0
87086 2
87087 2
87088 1
87089 1
87090 1
87091 0
87092 1
87093 1
87094 2
87095 0
87096 1
87097 2
87098 1
87099 2
87100 1
87101 3
87102 0
87103 2
87104 1
87105 1
87106 2
87107 1
87108 2
87109 2
87110 1
87111 0
87112 2
87113 2
87114 0
87115 0
87116 0
87117 2
87118 0
87119 2
87120 2
87121 2
87122 2
87123 1
87124 0
87125 1
87126 0
87127 3
87128 1
87129 1
87130 0
87131 2
87132 1
87133 0
87134 3
87135 3
87136 2
87137 0
87138 0
87139 1
87140 0
87141 0
87142 0
87143 0
87144 0
87145 1
87146 2
87147 0
87148 3
87149 2
87150 0
87151 1
87152 1
87153 1
87154 3
87155 0
87156 2
87157 2
87158 1
87159 1
87160 3
87161 2
87162 2
87163 1
87164 1
87165 0
87166 0
87167 0
87168 1
87169 0
87170 0
87171 0
87172 2
87173 1
87174 0
87175 2
87176 3
87177 0
87178 1
87179 3
87180 2
87181 2
87182 2
87183 0
87184 1
87185 2
87186 0
87187 0
87188 0
87189 0
87190 1
87191 3
87192 3
87193 0
87194 0
87195 0
87196 0
87197 1
87198 1
87199 0
87200 2
87201 2
87202 1
87203 2
87204 1
87205 3
87206 2
87207 2
87208 1
87209 1
87210 1
87211 0
87212 0
87213 0
87214 2
87215 1
87216 2
87217 0
87218 3
87219 1
87220 1
87221 1
87222 1
87223 0
87224 3
87225 1
87226 1
87227 0
87228 1
87229 1
87230 1
87231 2
87232 1
87233 3
87234 2
87235 1
87236 2
87237 0
87238 1
87239 0
87240 2
87241 0
87242 0
87243 2
87244 2
87245 1
87246 3
87247 0
87248 1
87249 0
87250 0
87251 1
87252 0
87253 0
87254 2
87255 1
87256 0
87257 1
87258 2
87259 2
87260 1
87261 0
87262 0
87263 0
87264 0
87265 2
87266 0
87267 1
87268 1
87269 1
87270 2
87271 0
87272 1
87273 2
87274 0
87275 0
87276 1
87277 1
87278 0
87279 1
87280 1
87281 0
87282 0
87283 0
87284 2
87285 3
87286 1
87287 0
87288 1
87289 1
87290 0
87291 1
87292 1
87293 0
87294 1
87295 1
87296 0
87297 2
87298 0
87299 1
87300 1
87301 2
87302 1
87303 0
87304 1
87305 0
87306 1
87307 0
87308 2
87309 1
87310 1
87311 1
87312 0
87313 2
87314 1
87315 1
87316 0
87317 2
87318 1
87319 2
87320 2
87321 0
87322 0
87323 1
87324 2
87325 0
87326 0
87327 0
87328 1
87329 0
87330 1
87331 0
87332 1
87333 2
87334 1
87335 2
87336 1
87337 0
87338 1
87339 0
87340 2
87341 1
87342 2
87343 2
87344 2
87345 0
87346 2
87347 2
87348 3
87349 3
87350 1
87351 0
87352 1
87353 1
87354 0
87355 1
87356 2
87357 2
87358 2
87359 0
87360 0
87361 1
87362 1
87363 0
87364 1
87365 2
87366 1
87367 1
87368 1
87369 0
87370 2
87371 0
87372 1
87373 2
87374 1
87375 0
87376 0
87377 2
87378 0
87379 2
87380 0
87381 2
87382 1
87383 1
87384 2
87385 1
87386 0
87387 0
87388 1
87389 2
87390 1
87391 3
87392 1
87393 1
87394 1
87395 3
87396 2
87397 2
87398 0
87399 1
87400 1
87401 1
87402 2
87403 2
87404 0
87405 2
87406 0
87407 1
87408 0
87409 1
87410 2
87411 0
87412 2
87413 1
87414 0
87415 1
87416 1
87417 2
87418 0
87419 1
87420 0
87421 0
87422 1
87423 0
87424 0
87425 0
87426 1
87427 1
87428 2
87429 3
87430 0
87431 2
87432 1
87433 2
87434 2
87435 2
87436 2
87437 1
87438 1
87439 1
87440 3
87441 2
87442 2
87443 1
87444 1
87445 2
87446 2
87447 0
87448 1
87449 0
87450 0
87451 3
87452 0
87453 2
87454 1
87455 1
87456 1
87457 1
87458 0
87459 1
87460 0
87461 0
87462 1
87463 2
87464 2
87465 2
87466 2
87467 0
87468 0
87469 2
87470 0
87471 1
87472 0
87473 2
87474 1
87475 0
87476 2
87477 1
87478 0
87479 1
87480 1
87481 0
87482 0
87483 2
87484 2
87485 0
87486 1
87487 2
87488 1
87489 0
87490 2
87491 1
87492 2
87493 0
87494 2
87495 1
87496 2
87497 1
87498 1
87499 1
87500 0
87501 1
87502 1
87503 0
87504 3
87505 0
87506 0
87507 1
87508 3
87509 0
87510 2
87511 1
87512 0
87513 1
87514 2
87515 0
87516 2
87517 3
87518 1
87519 0
87520 1
87521 1
87522 2
87523 2
87524 0
87525 1
87526 0
87527 2
87528 1
87529 2
87530 1
87531 0
87532 0
87533 2
87534 2
87535 1
87536 0
87537 0
87538 0
87539 2
87540 2
87541 3
87542 1
87543 1
87544 2
87545 0
87546 1
87547 2
87548 2
87549 1
87550 0
87551 1
87552 1
87553 1
87554 1
87555 3
87556 2
87557 2
87558 2
87559 0
87560 0
87561 1
87562 1
87563 0
87564 0
87565 2
87566 0
87567 1
87568 0
87569 1
87570 0
87571 1
87572 1
87573 0
87574 2
87575 1
87576 3
87577 3
87578 0
87579 0
87580 0
87581 2
87582 2
87583 2
87584 0
87585 2
87586 0
87587 3
87588 3
87589 1
87590 3
87591 3
87592 2
87593 0
87594 1
87595 2
87596 2
87597 0
87598 3
87599 2
87600 2
87601 2
87602 1
87603 0
87604 1
87605 2
87606 1
87607 0
87608 1
87609 1
87610 0
87611 3
87612 2
87613 1
87614 2
87615 0
87616 1
87617 2
87618 0
87619 2
87620 2
87621 0
87622 0
87623 1
87624 1
87625 0
87626 1
87627 0
87628 1
87629 1
87630 0
87631 1
87632 0
87633 2
87634 0
87635 2
87636 2
87637 0
87638 3
87639 0
87640 2
87641 1
87642 1
87643 0
87644 1
87645 2
87646 1
87647 2
87648 0
87649 0
87650 2
87651 1
87652 1
87653 1
87654 1
87655 1
87656 1
87657 1
87658 0
87659 1
87660 1
87661 1
87662 0
87663 1
87664 1
87665 1
87666 1
87667 0
87668 0
87669 0
87670 2
87671 1
87672 1
87673 2
87674 0
87675 0
87676 2
87677 1
87678 0
87679 1
87680 2
87681 1
87682 1
87683 2
87684 0
87685 0
87686 1
87687 1
87688 0
87689 1
87690 0
87691 0
87692 3
87693 1
87694 1
87695 1
87696 2
87697 1
87698 0
87699 1
87700 1
87701 2
87702 2
87703 2
87704 0
87705 2
87706 0
87707 0
87708 1
87709 2
87710 0
87711 2
87712 1
87713 1
87714 2
87715 2
87716 1
87717 2
87718 2
87719 0
87720 0
87721 1
87722 1
87723 1
87724 0
87725 1
87726 1
87727 0
87728 1
87729 2
87730 1
87731 0
87732 3
87733 0
87734 1
87735 2
87736 1
87737 0
87738 1
87739 1
87740 0
87741 0
87742 3
87743 0
87744 2
87745 0
87746 1
87747 3
87748 1
87749 0
87750 1
87751 1
87752 2
87753 3
87754 1
87755 2
87756 2
87757 1
87758 2
87759 1
87760 0
87761 1
87762 0
87763 2
87764 2
87765 0
87766 1
87767 1
87768 1
87769 2
87770 0
87771 1
87772 1
87773 2
87774 3
87775 1
87776 3
87777 2
87778 2
87779 2
87780 2
87781 0
87782 1
87783 0
87784 1
87785 2
87786 0
87787 3
87788 2
87789 0
87790 2
87791 1
87792 0
87793 1
87794 2
87795 0
87796 0
87797 0
87798 2
87799 1
87800 2
87801 0
87802 2
87803 1
87804 1
87805 0
87806 0
87807 1
87808 1
87809 2
87810 1
87811 1
87812 1
87813 0
87814 0
87815 2
87816 2
87817 3
87818 2
87819 2
87820 2
87821 0
87822 2
87823 0
87824 2
87825 2
87826 2
87827 3
87828 0
87829 1
87830 2
87831 1
87832 3
87833 2
87834 1
87835 2
87836 1
87837 0
87838 0
87839 2
87840 2
87841 1
87842 1
87843 2
87844 2
87845 1
87846 1
87847 2
87848 0
87849 1
87850 2
87851 1
87852 1
87853 2
87854 0
87855 2
87856 1
87857 1
87858 2
87859 2
87860 0
87861 2
87862 1
87863 2
87864 1
87865 3
87866 0
87867 1
87868 0
87869 1
87870 3
87871 1
87872 3
87873 1
87874 1
87875 0
87876 2
87877 1
87878 0
87879 0
87880 2
87881 1
87882 0
87883 1
87884 2
87885 0
87886 1
87887 2
87888 0
87889 1
87890 2
87891 1
87892 1
87893 1
87894 1
87895 1
87896 1
87897 0
87898 2
87899 1
87900 2
87901 2
87902 2
87903 0
87904 1
87905 0
87906 0
87907 1
87908 1
87909 1
87910 2
87911 1
87912 2
87913 0
87914 2
87915 2
87916 0
87917 1
87918 2
87919 2
87920 2
87921 1
87922 1
87923 1
87924 3
87925 2
87926 0
87927 1
87928 0
87929 1
87930 2
87931 0
87932 2
87933 2
87934 1
87935 0
87936 0
87937 3
87938 0
87939 1
87940 0
87941 2
87942 1
87943 3
87944 0
87945 0
87946 2
87947 1
87948 1
87949 1
87950 0
87951 0
87952 1
87953 0
87954 0
87955 3
87956 1
87957 0
87958 3
87959 3
87960 2
87961 2
87962 0
87963 2
87964 1
87965 1
87966 2
87967 1
87968 0
87969 1
87970 0
87971 0
87972 0
87973 0
87974 1
87975 1
87976 1
87977 1
87978 1
87979 0
87980 0
87981 0
87982 1
87983 1
87984 0
87985 0
87986 0
87987 1
87988 1
87989 1
87990 1
87991 0
87992 2
87993 1
87994 0
87995 0
87996 1
87997 3
87998 1
87999 0
88000 0
88001 2
88002 0
88003 2
88004 3
88005 0
88006 1
88007 0
88008 2
88009 1
88010 1
88011 3
88012 0
88013 2
88014 2
88015 0
88016 2
88017 1
88018 1
88019 2
88020 0
88021 2
88022 1
88023 0
88024 1
88025 0
88026 0
88027 2
88028 0
88029 0
88030 1
88031 3
88032 0
88033 1
88034 0
88035 1
88036 2
88037 2
88038 1
88039 2
88040 0
88041 0
88042 1
88043 2
88044 1
88045 0
88046 0
88047 2
88048 0
88049 1
88050 3
88051 1
88052 2
88053 1
88054 2
88055 0
88056 2
88057 0
88058 0
88059 0
88060 1
88061 2
88062 1
88063 1
88064 0
88065 2
88066 1
88067 0
88068 2
88069 1
88070 1
88071 0
88072 2
88073 1
88074 0
88075 2
88076 2
88077 0
88078 2
88079 0
88080 0
88081 1
88082 0
88083 3
88084 0
88085 0
88086 1
88087 1
88088 1
88089 0
88090 0
88091 1
88092 0
88093 2
88094 1
88095 2
88096 0
88097 1
88098 0
88099 2
88100 1
88101 1
88102 0
88103 1
88104 0
88105 2
88106 1
88107 0
88108 1
88109 2
88110 2
88111 1
88112 0
88113 1
88114 0
88115 1
88116 2
88117 1
88118 2
88119 0
88120 0
88121 1
88122 0
88123 1
88124 0
88125 2
88126 1
88127 1
88128 2
88129 0
88130 0
88131 2
88132 0
88133 0
88134 0
88135 0
88136 0
88137 1
88138 2
88139 2
88140 2
88141 2
88142 1
88143 2
88144 0
88145 3
88146 1
88147 1
88148 1
88149 2
88150 2
88151 1
88152 0
88153 3
88154 0
88155 2
88156 2
88157 1
88158 2
88159 0
88160 2
88161 0
88162 0
88163 1
88164 0
88165 2
88166 0
88167 1
88168 0
88169 0
88170 1
88171 0
88172 2
88173 0
88174 3
88175 2
88176 2
88177 2
88178 0
88179 0
88180 0
88181 2
88182 2
88183 2
88184 0
88185 0
88186 0
88187 0
88188 1
88189 1
88190 2
88191 1
88192 1
88193 1
88194 0
88195 2
88196 0
88197 1
88198 1
88199 0
88200 0
88201 0
88202 1
88203 2
88204 3
88205 1
88206 1
88207 2
88208 2
88209 3
88210 0
88211 0
88212 2
88213 1
88214 1
88215 2
88216 1
88217 1
88218 0
88219 1
88220 1
88221 0
88222 2
88223 2
88224 2
88225 0
88226 0
88227 0
88228 1
88229 0
88230 0
88231 0
88232 0
88233 1
88234 1
88235 1
88236 2
88237 3
88238 0
88239 2
88240 0
88241 1
88242 2
88243 0
88244 1
88245 2
88246 0
88247 0
88248 1
88249 1
88250 1
88251 1
88252 0
88253 1
88254 2
88255 1
88256 1
88257 1
88258 1
88259 2
88260 2
88261 0
88262 2
88263 2
88264 1
88265 0
88266 0
88267 0
88268 1
88269 0
88270 2
88271 0
88272 1
88273 2
88274 0
88275 2
88276 0
88277 2
88278 0
88279 0
88280 1
88281 1
88282 0
88283 0
88284 1
88285 2
88286 2
88287 2
88288 2
88289 2
88290 0
88291 3
88292 2
88293 1
88294 2
88295 0
88296 0
88297 1
88298 0
88299 1
88300 1
88301 1
88302 1
88303 1
88304 1
88305 1
88306 1
88307 2
88308 2
88309 2
88310 0
88311 0
88312 1
88313 1
88314 0
88315 1
88316 0
88317 2
88318 2
88319 1
88320 0
88321 2
88322 0
88323 2
88324 1
88325 1
88326 1
88327 1
88328 1
88329 1
88330 3
88331 0
88332 3
88333 0
88334 0
88335 0
88336 1
88337 1
88338 3
88339 2
88340 2
88341 2
88342 3
88343 0
88344 1
88345 0
88346 1
88347 0
88348 0
88349 0
88350 1
88351 1
88352 0
88353 3
88354 1
88355 2
88356 1
88357 2
88358 1
88359 1
88360 0
88361 2
88362 0
88363 1
88364 0
88365 0
88366 1
88367 0
88368 0
88369 2
88370 0
88371 0
88372 1
88373 2
88374 2
88375 1
88376 0
88377 0
88378 1
88379 1
88380 1
88381 1
88382 1
88383 0
88384 2
88385 0
88386 0
88387 2
88388 0
88389 2
88390 0
88391 0
88392 0
88393 1
88394 0
88395 1
88396 0
88397 1
88398 1
88399 0
88400 0
88401 1
88402 2
88403 3
88404 1
88405 1
88406 0
88407 1
88408 1
88409 2
88410 2
88411 0
88412 0
88413 2
88414 1
88415 1
88416 2
88417 1
88418 2
88419 1
88420 1
88421 0
88422 0
88423 1
88424 2
88425 2
88426 0
88427 1
88428 2
88429 1
88430 1
88431 3
88432 0
88433 2
88434 2
88435 1
88436 2
88437 0
88438 3
88439 0
88440 2
88441 1
88442 0
88443 2
88444 2
88445 1
88446 0
88447 1
88448 3
88449 2
88450 1
88451 0
88452 2
88453 1
88454 1
88455 1
88456 0
88457 0
88458 1
88459 3
88460 1
88461 2
88462 1
88463 2
88464 0
88465 2
88466 2
88467 0
88468 2
88469 3
88470 1
88471 2
88472 2
88473 1
88474 1
88475 0
88476 1
88477 3
88478 1
88479 3
88480 1
88481 1
88482 0
88483 1
88484 1
88485 2
88486 2
88487 1
88488 0
88489 1
88490 1
88491 0
88492 2
88493 3
88494 3
88495 3
88496 2
88497 0
88498 0
88499 1
88500 3
88501 2
88502 2
88503 1
88504 2
88505 1
88506 2
88507 3
88508 1
88509 0
88510 0
88511 0
88512 1
88513 2
88514 0
88515 1
88516 2
88517 1
88518 2
88519 0
88520 2
88521 3
88522 0
88523 2
88524 0
88525 2
88526 0
88527 1
88528 1
88529 2
88530 2
88531 2
88532 1
88533 1
88534 0
88535 2
88536 0
88537 1
88538 0
88539 3
88540 1
88541 1
88542 0
88543 2
88544 2
88545 0
88546 2
88547 0
88548 2
88549 0
88550 1
88551 1
88552 1
88553 2
88554 1
88555 2
88556 3
88557 3
88558 2
88559 3
88560 2
88561 3
88562 2
88563 3
88564 0
88565 0
88566 2
88567 1
88568 1
88569 0
88570 2
88571 1
88572 3
88573 2
88574 1
88575 1
88576 1
88577 1
88578 2
88579 1
88580 0
88581 0
88582 0
88583 0
88584 0
88585 0
88586 1
88587 1
88588 2
88589 2
88590 1
88591 0
88592 2
88593 1
88594 0
88595 1
88596 1
88597 0
88598 2
88599 0
88600 0
88601 1
88602 1
88603 0
88604 2
88605 1
88606 0
88607 3
88608 0
88609 0
88610 1
88611 0
88612 1
88613 2
88614 2
88615 1
88616 0
88617 2
88618 1
88619 1
88620 0
88621 0
88622 0
88623 1
88624 2
88625 1
88626 1
88627 1
88628 0
88629 1
88630 2
88631 2
88632 2
88633 2
88634 1
88635 0
88636 3
88637 0
88638 0
88639 1
88640 2
88641 2
88642 2
88643 1
88644 1
88645 1
88646 1
88647 2
88648 0
88649 0
88650 0
88651 0
88652 2
88653 0
88654 2
88655 2
88656 1
88657 1
88658 0
88659 0
88660 0
88661 0
88662 1
88663 0
88664 1
88665 2
88666 0
88667 0
88668 2
88669 0
88670 1
88671 2
88672 0
88673 0
88674 0
88675 0
88676 2
88677 2
88678 1
88679 0
88680 1
88681 1
88682 2
88683 0
88684 2
88685 0
88686 2
88687 0
88688 1
88689 2
88690 1
88691 0
88692 0
88693 0
88694 0
88695 0
88696 3
88697 0
88698 2
88699 2
88700 3
88701 0
88702 0
88703 1
88704 0
88705 1
88706 2
88707 2
88708 0
88709 0
88710 2
88711 0
88712 0
88713 1
88714 0
88715 2
88716 1
88717 2
88718 1
88719 0
88720 0
88721 2
88722 0
88723 1
88724 2
88725 1
88726 0
88727 0
88728 3
88729 0
88730 2
88731 0
88732 2
88733 1
88734 0
88735 0
88736 1
88737 2
88738 0
88739 2
88740 1
88741 0
88742 2
88743 1
88744 1
88745 0
88746 1
88747 1
88748 1
88749 0
88750 1
88751 0
88752 0
88753 0
88754 2
88755 2
88756 1
88757 2
88758 0
88759 0
88760 1
88761 0
88762 1
88763 1
88764 1
88765 1
88766 2
88767 1
88768 1
88769 1
88770 2
88771 0
88772 1
88773 2
88774 1
88775 0
88776 1
88777 0
88778 1
88779 1
88780 0
88781 2
88782 0
88783 0
88784 2
88785 0
88786 1
88787 1
88788 1
88789 2
88790 1
88791 2
88792 0
88793 3
88794 2
88795 0
88796 1
88797 3
88798 0
88799 2
88800 3
88801 1
88802 2
88803 2
88804 1
88805 2
88806 1
88807 1
88808 0
88809 1
88810 0
88811 0
88812 2
88813 0
88814 0
88815 0
88816 2
88817 1
88818 0
88819 1
88820 1
88821 0
88822 1
88823 2
88824 0
88825 1
88826 2
88827 1
88828 1
88829 0
88830 2
88831 2
88832 2
88833 0
88834 2
88835 0
88836 1
88837 0
88838 0
88839 0
88840 1
88841 1
88842 1
88843 0
88844 0
88845 0
88846 3
88847 1
88848 1
88849 2
88850 0
88851 2
88852 1
88853 0
88854 1
88855 0
88856 1
88857 0
88858 2
88859 1
88860 2
88861 0
88862 0
88863 0
88864 1
88865 2
88866 1
88867 1
88868 0
88869 2
88870 0
88871 0
88872 2
88873 0
88874 3
88875 0
88876 2
88877 1
88878 1
88879 1
88880 0
88881 1
88882 2
88883 1
88884 1
88885 1
88886 2
88887 2
88888 1
88889 1
88890 2
88891 1
88892 1
88893 1
88894 1
88895 1
88896 3
88897 0
88898 1
88899 2
88900 0
88901 2
88902 0
88903 1
88904 1
88905 2
88906 0
88907 0
88908 0
88909 2
88910 1
88911 1
88912 2
88913 0
88914 0
88915 2
88916 2
88917 1
88918 0
88919 0
88920 2
88921 2
88922 2
88923 0
88924 0
88925 1
88926 1
88927 0
88928 3
88929 1
88930 3
88931 2
88932 3
88933 0
88934 1
88935 2
88936 3
88937 2
88938 1
88939 1
88940 0
88941 1
88942 0
88943 3
88944 1
88945 1
88946 2
88947 0
88948 0
88949 0
88950 0
88951 2
88952 1
88953 1
88954 2
88955 0
88956 1
88957 0
88958 1
88959 0
88960 2
88961 1
88962 1
88963 2
88964 1
88965 1
88966 1
88967 1
88968 0
88969 1
88970 0
88971 1
88972 1
88973 0
88974 2
88975 0
88976 2
88977 2
88978 0
88979 3
88980 1
88981 0
88982 2
88983 0
88984 2
88985 1
88986 0
88987 1
88988 0
88989 2
88990 1
88991 1
88992 2
88993 0
88994 1
88995 3
88996 2
88997 1
88998 0
88999 1
89000 0
89001 2
89002 1
89003 0
89004 1
89005 0
89006 1
89007 1
89008 2
89009 1
89010 2
89011 1
89012 3
89013 2
89014 0
89015 1
89016 1
89017 1
89018 2
89019 1
89020 2
89021 0
89022 0
89023 1
89024 2
89025 1
89026 1
89027 0
89028 1
89029 1
89030 1
89031 3
89032 2
89033 3
89034 2
89035 1
89036 1
89037 0
89038 1
89039 1
89040 2
89041 2
89042 1
89043 1
89044 2
89045 0
89046 1
89047 0
89048 1
89049 2
89050 1
89051 1
89052 1
89053 0
89054 1
89055 0
89056 1
89057 3
89058 0
89059 2
89060 1
89061 0
89062 1
89063 1
89064 1
89065 2
89066 3
89067 0
89068 1
89069 0
89070 1
89071 2
89072 1
89073 2
89074 2
89075 2
89076 0
89077 0
89078 0
89079 0
89080 1
89081 1
89082 1
89083 1
89084 1
89085 3
89086 2
89087 3
89088 2
89089 1
89090 1
89091 2
89092 0
89093 1
89094 0
89095 1
89096 1
89097 1
89098 2
89099 0
89100 3
89101 2
89102 1
89103 1
89104 1
89105 2
89106 1
89107 0
89108 1
89109 2
89110 1
89111 0
89112 1
89113 1
89114 0
89115 2
89116 0
89117 3
89118 1
89119 1
89120 1
89121 1
89122 1
89123 2
89124 3
89125 1
89126 1
89127 1
89128 0
89129 1
89130 3
89131 0
89132 2
89133 3
89134 2
89135 1
89136 0
89137 2
89138 1
89139 3
89140 1
89141 2
89142 1
89143 0
89144 1
89145 0
89146 3
89147 1
89148 1
89149 1
89150 1
89151 3
89152 0
89153 2
89154 3
89155 1
89156 0
89157 2
89158 0
89159 0
89160 0
89161 0
89162 1
89163 2
89164 1
89165 0
89166 0
89167 3
89168 0
89169 1
89170 1
89171 2
89172 0
89173 0
89174 1
89175 0
89176 2
89177 0
89178 0
89179 1
89180 0
89181 0
89182 1
89183 0
89184 0
89185 2
89186 0
89187 2
89188 2
89189 0
89190 0
89191 0
89192 1
89193 1
89194 0
89195 0
89196 2
89197 0
89198 1
89199 0
89200 1
89201 1
89202 2
89203 1
89204 2
89205 3
89206 0
89207 2
89208 0
89209 1
89210 1
89211 0
89212 3
89213 0
89214 1
89215 1
89216 2
89217 2
89218 0
89219 0
89220 0
89221 0
89222 1
89223 2
89224 2
89225 2
89226 0
89227 0
89228 0
89229 2
89230 0
89231 3
89232 0
89233 0
89234 0
89235 1
89236 0
89237 2
89238 0
89239 1
89240 1
89241 0
89242 2
89243 1
89244 1
89245 1
89246 1
89247 0
89248 3
89249 1
89250 2
89251 1
89252 1
89253 0
89254 0
89255 1
89256 2
89257 2
89258 0
89259 2
89260 0
89261 0
89262 2
89263 1
89264 0
89265 2
89266 2
89267 2
89268 1
89269 3
89270 2
89271 2
89272 2
89273 1
89274 0
89275 1
89276 1
89277 0
89278 2
89279 3
89280 0
89281 2
89282 1
89283 1
89284 1
89285 0
89286 2
89287 0
89288 1
89289 1
89290 0
89291 0
89292 2
89293 1
89294 1
89295 2
89296 0
89297 2
89298 0
89299 2
89300 0
89301 0
89302 1
89303 0
89304 1
89305 2
89306 2
89307 2
89308 0
89309 1
89310 2
89311 0
89312 0
89313 1
89314 0
89315 0
89316 2
89317 2
89318 1
89319 0
89320 0
89321 2
89322 2
89323 2
89324 0
89325 1
89326 2
89327 1
89328 1
89329 1
89330 0
89331 2
89332 0
89333 0
89334 0
89335 2
89336 1
89337 2
89338 1
89339 2
89340 1
89341 2
89342 1
89343 0
89344 0
89345 2
89346 1
89347 1
89348 1
89349 0
89350 2
89351 2
89352 0
89353 3
89354 2
89355 2
89356 1
89357 2
89358 0
89359 0
89360 0
89361 0
89362 0
89363 1
89364 1
89365 0
89366 0
89367 2
89368 0
89369 1
89370 0
89371 0
89372 2
89373 0
89374 1
89375 2
89376 2
89377 0
89378 0
89379 0
89380 1
89381 2
89382 2
89383 0
89384 2
89385 2
89386 2
89387 0
89388 1
89389 1
89390 1
89391 2
89392 0
89393 1
89394 0
89395 2
89396 0
89397 1
89398 0
89399 0
89400 1
89401 0
89402 3
89403 2
89404 1
89405 2
89406 2
89407 2
89408 1
89409 1
89410 2
89411 0
89412 0
89413 1
89414 2
89415 1
89416 2
89417 1
89418 2
89419 0
89420 0
89421 1
89422 2
89423 0
89424 0
89425 0
89426 2
89427 0
89428 0
89429 3
89430 1
89431 0
89432 0
89433 2
89434 0
89435 0
89436 2
89437 1
89438 0
89439 0
89440 3
89441 3
89442 1
89443 0
89444 0
89445 1
89446 1
89447 2
89448 0
89449 2
89450 0
89451 2
89452 2
89453 0
89454 0
89455 0
89456 0
89457 3
89458 0
89459 2
89460 2
89461 1
89462 3
89463 0
89464 1
89465 2
89466 2
89467 3
89468 2
89469 1
89470 0
89471 2
89472 1
89473 1
89474 1
89475 0
89476 0
89477 2
89478 0
89479 1
89480 2
89481 1
89482 1
89483 0
89484 0
89485 0
89486 0
89487 2
89488 1
89489 0
89490 2
89491 3
89492 1
89493 0
89494 0
89495 0
89496 0
89497 1
89498 1
89499 0
89500 3
89501 2
89502 0
89503 0
89504 0
89505 1
89506 2
89507 2
89508 0
89509 2
89510 2
89511 2
89512 1
89513 1
89514 1
89515 2
89516 2
89517 1
89518 1
89519 2
89520 0
89521 1
89522 1
89523 0
89524 2
89525 0
89526 2
89527 2
89528 3
89529 1
89530 0
89531 1
89532 1
89533 1
89534 1
89535 1
89536 2
89537 1
89538 0
89539 0
89540 0
89541 1
89542 2
89543 2
89544 3
89545 2
89546 0
89547 0
89548 0
89549 0
89550 1
89551 1
89552 1
89553 0
89554 2
89555 1
89556 0
89557 1
89558 1
89559 0
89560 0
89561 1
89562 1
89563 0
89564 2
89565 1
89566 2
89567 2
89568 0
89569 2
89570 0
89571 2
89572 0
89573 0
89574 2
89575 0
89576 0
89577 0
89578 0
89579 0
89580 0
89581 2
89582 2
89583 0
89584 1
89585 0
89586 0
89587 0
89588 1
89589 0
89590 2
89591 2
89592 0
89593 1
89594 0
89595 2
89596 1
89597 0
89598 2
89599 0
89600 0
89601 2
89602 1
89603 2
89604 0
89605 1
89606 1
89607 2
89608 0
89609 0
89610 2
89611 2
89612 1
89613 0
89614 0
89615 1
89616 0
89617 1
89618 2
89619 1
89620 2
89621 1
89622 1
89623 2
89624 1
89625 2
89626 2
89627 2
89628 2
89629 2
89630 0
89631 2
89632 0
89633 0
89634 3
89635 0
89636 1
89637 0
89638 2
89639 0
89640 1
89641 2
89642 1
89643 2
89644 1
89645 1
89646 2
89647 2
89648 2
89649 0
89650 0
89651 0
89652 2
89653 0
89654 3
89655 1
89656 0
89657 1
89658 0
89659 1
89660 0
89661 2
89662 2
89663 3
89664 2
89665 2
89666 0
89667 2
89668 1
89669 0
89670 1
89671 1
89672 1
89673 0
89674 2
89675 0
89676 3
89677 2
89678 2
89679 2
89680 0
89681 2
89682 2
89683 1
89684 0
89685 2
89686 0
89687 0
89688 1
89689 2
89690 1
89691 2
89692 2
89693 0
89694 1
89695 0
89696 1
89697 1
89698 2
89699 0
89700 0
89701 0
89702 1
89703 1
89704 3
89705 1
89706 2
89707 1
89708 1
89709 0
89710 2
89711 1
89712 1
89713 0
89714 1
89715 1
89716 2
89717 1
89718 3
89719 2
89720 1
89721 0
89722 0
89723 1
89724 1
89725 1
89726 1
89727 1
89728 1
89729 1
89730 0
89731 0
89732 0
89733 1
89734 2
89735 0
89736 0
89737 1
89738 0
89739 2
89740 1
89741 2
89742 1
89743 3
89744 2
89745 0
89746 2
89747 0
89748 0
89749 2
89750 2
89751 1
89752 1
89753 0
89754 1
89755 0
89756 3
89757 1
89758 0
89759 2
89760 1
89761 1
89762 1
89763 2
89764 1
89765 0
89766 2
89767 1
89768 1
89769 3
89770 1
89771 0
89772 1
89773 1
89774 1
89775 0
89776 0
89777 0
89778 0
89779 0
89780 3
89781 1
89782 2
89783 0
89784 1
89785 1
89786 1
89787 1
89788 1
89789 0
89790 1
89791 1
89792 1
89793 2
89794 0
89795 2
89796 1
89797 1
89798 0
89799 2
89800 2
89801 0
89802 1
89803 3
89804 3
89805 0
89806 2
89807 3
89808 0
89809 0
89810 0
89811 2
89812 0
89813 1
89814 0
89815 3
89816 1
89817 0
89818 1
89819 1
89820 1
89821 0
89822 0
89823 0
89824 1
89825 0
89826 2
89827 2
89828 1
89829 0
89830 0
89831 2
89832 1
89833 1
89834 1
89835 1
89836 0
89837 2
89838 0
89839 1
89840 0
89841 1
89842 2
89843 2
89844 1
89845 1
89846 0
89847 2
89848 2
89849 0
89850 0
89851 2
89852 0
89853 0
89854 0
89855 0
89856 1
89857 2
89858 2
89859 1
89860 0
89861 0
89862 1
89863 1
89864 1
89865 0
89866 0
89867 0
89868 3
89869 0
89870 1
89871 2
89872 0
89873 0
89874 0
89875 2
89876 2
89877 2
89878 0
89879 1
89880 1
89881 1
89882 0
89883 0
89884 0
89885 1
89886 2
89887 0
89888 1
89889 0
89890 1
89891 0
89892 1
89893 3
89894 3
89895 1
89896 1
89897 1
89898 2
89899 0
89900 0
89901 2
89902 2
89903 0
89904 2
89905 3
89906 0
89907 0
89908 3
89909 2
89910 0
89911 1
89912 2
89913 0
89914 1
89915 3
89916 1
89917 1
89918 0
89919 2
89920 1
89921 3
89922 1
89923 0
89924 2
89925 1
89926 2
89927 3
89928 2
89929 0
89930 0
89931 0
89932 2
89933 0
89934 0
89935 3
89936 2
89937 0
89938 2
89939 2
89940 2
89941 2
89942 1
89943 3
89944 0
89945 1
89946 1
89947 1
89948 1
89949 1
89950 0
89951 0
89952 0
89953 0
89954 3
89955 0
89956 2
89957 2
89958 0
89959 0
89960 1
89961 2
89962 2
89963 2
89964 2
89965 2
89966 3
89967 2
89968 0
89969 0
89970 2
89971 1
89972 2
89973 1
89974 1
89975 2
89976 1
89977 1
89978 2
89979 1
89980 1
89981 2
89982 0
89983 3
89984 1
89985 1
89986 1
89987 1
89988 1
89989 2
89990 0
89991 0
89992 0
89993 0
89994 2
89995 1
89996 0
89997 1
89998 1
89999 0
90000 3
90001 0
90002 2
90003 2
90004 0
90005 1
90006 3
90007 0
90008 2
90009 0
90010 2
90011 1
90012 1
90013 2
90014 1
90015 1
90016 0
90017 0
90018 0
90019 2
90020 2
90021 1
90022 0
90023 1
90024 0
90025 1
90026 1
90027 1
90028 1
90029 1
90030 2
90031 0
90032 2
90033 2
90034 2
90035 0
90036 1
90037 1
90038 0
90039 0
90040 0
90041 0
90042 1
90043 0
90044 3
90045 0
90046 1
90047 1
90048 0
90049 0
90050 2
90051 0
90052 0
90053 2
90054 0
90055 2
90056 1
90057 2
90058 0
90059 1
90060 2
90061 0
90062 0
90063 0
90064 2
90065 1
90066 0
90067 2
90068 0
90069 1
90070 0
90071 0
90072 0
90073 2
90074 3
90075 0
90076 0
90077 0
90078 0
90079 2
90080 0
90081 1
90082 2
90083 0
90084 2
90085 2
90086 1
90087 3
90088 0
90089 0
90090 1
90091 0
90092 0
90093 1
90094 2
90095 0
90096 0
90097 1
90098 3
90099 2
90100 1
90101 1
90102 2
90103 0
90104 1
90105 0
90106 1
90107 2
90108 1
90109 1
90110 0
90111 3
90112 3
90113 1
90114 0
90115 0
90116 1
90117 1
90118 2
90119 1
90120 2
90121 2
90122 1
90123 2
90124 0
90125 1
90126 1
90127 2
90128 0
90129 1
90130 1
90131 0
90132 2
90133 1
90134 1
90135 1
90136 0
90137 3
90138 0
90139 0
90140 2
90141 2
90142 2
90143 1
90144 1
90145 2
90146 0
90147 0
90148 1
90149 0
90150 0
90151 1
90152 1
90153 2
90154 0
90155 0
90156 1
90157 2
90158 2
90159 1
90160 1
90161 0
90162 0
90163 2
90164 1
90165 0
90166 0
90167 1
90168 2
90169 0
90170 0
90171 1
90172 1
90173 0
90174 1
90175 2
90176 1
90177 1
90178 2
90179 2
90180 1
90181 1
90182 2
90183 2
90184 0
90185 2
90186 0
90187 2
90188 2
90189 0
90190 2
90191 1
90192 0
90193 1
90194 0
90195 1
90196 0
90197 1
90198 2
90199 0
90200 0
90201 0
90202 1
90203 1
90204 1
90205 0
90206 0
90207 2
90208 2
90209 1
90210 1
90211 2
90212 3
90213 1
90214 2
90215 2
90216 1
90217 2
90218 2
90219 2
90220 1
90221 1
90222 1
90223 1
90224 1
90225 1
90226 2
90227 2
90228 0
90229 2
90230 1
90231 2
90232 2
90233 1
90234 1
90235 1
90236 0
90237 2
90238 1
90239 0
90240 0
90241 0
90242 1
90243 2
90244 2
90245 0
90246 1
90247 2
90248 0
90249 1
90250 1
90251 1
90252 1
90253 0
90254 0
90255 1
90256 2
90257 1
90258 2
90259 0
90260 1
90261 1
90262 2
90263 1
90264 2
90265 1
90266 2
90267 0
90268 0
90269 2
90270 0
90271 2
90272 2
90273 0
90274 1
90275 1
90276 1
90277 2
90278 0
90279 1
90280 1
90281 0
90282 2
90283 1
90284 1
90285 1
90286 1
90287 3
90288 1
90289 1
90290 0
90291 0
90292 2
90293 2
90294 0
90295 2
90296 1
90297 0
90298 2
90299 0
90300 0
90301 1
90302 0
90303 0
90304 2
90305 3
90306 3
90307 2
90308 2
90309 0
90310 1
90311 2
90312 0
90313 1
90314 1
90315 0
90316 2
90317 1
90318 2
90319 1
90320 0
90321 2
90322 3
90323 1
90324 1
90325 2
90326 2
90327 2
90328 2
90329 2
90330 3
90331 2
90332 1
90333 3
90334 3
90335 2
90336 1
90337 0
90338 2
90339 0
90340 0
90341 3
90342 0
90343 0
90344 2
90345 3
90346 2
90347 1
90348 0
90349 0
90350 2
90351 3
90352 2
90353 1
90354 1
90355 0
90356 1
90357 1
90358 1
90359 3
90360 2
90361 0
90362 2
90363 0
90364 0
90365 0
90366 0
90367 3
90368 1
90369 0
90370 0
90371 0
90372 2
90373 0
90374 2
90375 2
90376 2
90377 0
90378 0
90379 0
90380 0
90381 1
90382 1
90383 1
90384 0
90385 0
90386 3
90387 1
90388 1
90389 1
90390 1
90391 0
90392 0
90393 0
90394 0
90395 2
90396 1
90397 2
90398 1
90399 0
90400 1
90401 2
90402 2
90403 2
90404 2
90405 1
90406 1
90407 1
90408 2
90409 0
90410 0
90411 0
90412 1
90413 2
90414 2
90415 2
90416 0
90417 0
90418 3
90419 1
90420 1
90421 0
90422 1
90423 0
90424 0
90425 0
90426 0
90427 1
90428 0
90429 0
90430 0
90431 0
90432 1
90433 0
90434 0
90435 0
90436 0
90437 2
90438 1
90439 2
90440 0
90441 2
90442 0
90443 1
90444 0
90445 1
90446 2
90447 0
90448 0
90449 3
90450 1
90451 0
90452 1
90453 0
90454 1
90455 1
90456 1
90457 2
90458 1
90459 2
90460 2
90461 3
90462 1
90463 2
90464 2
90465 2
90466 2
90467 0
90468 0
90469 0
90470 0
90471 1
90472 0
90473 1
90474 1
90475 0
90476 0
90477 1
90478 2
90479 0
90480 2
90481 2
90482 1
90483 1
90484 1
90485 0
90486 0
90487 0
90488 2
90489 1
90490 0
90491 0
90492 1
90493 2
90494 2
90495 1
90496 3
90497 2
90498 0
90499 2
90500 2
90501 1
90502 0
90503 1
90504 2
90505 0
90506 2
90507 2
90508 2
90509 2
90510 1
90511 1
90512 2
90513 3
90514 1
90515 2
90516 3
90517 2
90518 1
90519 2
90520 2
90521 1
90522 1
90523 3
90524 0
90525 3
90526 0
90527 1
90528 0
90529 0
90530 0
90531 2
90532 1
90533 3
90534 1
90535 2
90536 3
90537 0
90538 3
90539 2
90540 2
90541 1
90542 3
90543 3
90544 1
90545 1
90546 0
90547 1
90548 2
90549 0
90550 1
90551 1
90552 0
90553 0
90554 1
90555 1
90556 0
90557 3
90558 1
90559 1
90560 2
90561 0
90562 2
90563 0
90564 1
90565 3
90566 1
90567 1
90568 0
90569 1
90570 0
90571 2
90572 0
90573 0
90574 2
90575 2
90576 1
90577 1
90578 1
90579 2
90580 1
90581 0
90582 0
90583 0
90584 1
90585 0
90586 0
90587 0
90588 1
90589 1
90590 0
90591 0
90592 0
90593 2
90594 2
90595 0
90596 0
90597 0
90598 2
90599 0
90600 3
90601 0
90602 0
90603 2
90604 1
90605 1
90606 0
90607 2
90608 3
90609 3
90610 0
90611 3
90612 2
90613 3
90614 0
90615 1
90616 2
90617 1
90618 1
90619 2
90620 1
90621 1
90622 0
90623 1
90624 0
90625 0
90626 0
90627 2
90628 2
90629 2
90630 1
90631 0
90632 2
90633 1
90634 2
90635 2
90636 2
90637 0
90638 2
90639 1
90640 0
90641 1
90642 2
90643 0
90644 2
90645 2
90646 0
90647 2
90648 0
90649 3
90650 1
90651 0
90652 0
90653 1
90654 0
90655 2
90656 1
90657 0
90658 0
90659 0
90660 1
90661 2
90662 1
90663 2
90664 1
90665 1
90666 1
90667 1
90668 1
90669 0
90670 3
90671 0
90672 1
90673 1
90674 0
90675 1
90676 2
90677 1
90678 1
90679 3
90680 0
90681 0
90682 1
90683 0
90684 2
90685 1
90686 0
90687 1
90688 1
90689 2
90690 0
90691 0
90692 2
90693 1
90694 3
90695 0
90696 0
90697 1
90698 2
90699 2
90700 2
90701 1
90702 0
90703 0
90704 3
90705 0
90706 2
90707 0
90708 2
90709 1
90710 3
90711 1
90712 1
90713 3
90714 2
90715 1
90716 2
90717 0
90718 0
90719 0
90720 1
90721 0
90722 2
90723 2
90724 2
90725 1
90726 1
90727 2
90728 0
90729 1
90730 0
90731 1
90732 1
90733 2
90734 1
90735 2
90736 1
90737 1
90738 3
90739 0
90740 2
90741 1
90742 1
90743 1
90744 0
90745 3
90746 2
90747 2
90748 1
90749 0
90750 1
90751 1
90752 2
90753 2
90754 1
90755 1
90756 0
90757 3
90758 2
90759 2
90760 2
90761 3
90762 1
90763 2
90764 1
90765 2
90766 1
90767 2
90768 1
90769 0
90770 3
90771 0
90772 2
90773 2
90774 0
90775 0
90776 1
90777 0
90778 2
90779 1
90780 1
90781 0
90782 2
90783 2
90784 1
90785 0
90786 0
90787 0
90788 0
90789 2
90790 2
90791 3
90792 1
90793 0
90794 1
90795 1
90796 0
90797 1
90798 0
90799 0
90800 1
90801 1
90802 1
90803 1
90804 0
90805 2
90806 0
90807 0
90808 2
90809 2
90810 2
90811 1
90812 1
90813 1
90814 2
90815 2
90816 2
90817 1
90818 2
90819 2
90820 1
90821 0
90822 1
90823 1
90824 1
90825 0
90826 3
90827 1
90828 0
90829 2
90830 0
90831 1
90832 0
90833 1
90834 2
90835 1
90836 0
90837 1
90838 2
90839 0
90840 0
90841 1
90842 2
90843 2
90844 0
90845 1
90846 1
90847 3
90848 0
90849 0
90850 0
90851 2
90852 0
90853 2
90854 0
90855 0
90856 0
90857 2
90858 3
90859 2
90860 1
90861 1
90862 3
90863 0
90864 2
90865 2
90866 0
90867 1
90868 2
90869 0
90870 2
90871 1
90872 3
90873 1
90874 0
90875 1
90876 0
90877 0
90878 0
90879 1
90880 3
90881 1
90882 2
90883 0
90884 0
90885 3
90886 2
90887 1
90888 2
90889 1
90890 1
90891 1
90892 0
90893 0
90894 2
90895 0
90896 1
90897 0
90898 1
90899 2
90900 0
90901 1
90902 2
90903 1
90904 1
90905 0
90906 3
90907 3
90908 1
90909 2
90910 0
90911 1
90912 3
90913 1
90914 1
90915 1
90916 2
90917 2
90918 1
90919 0
90920 2
90921 0
90922 0
90923 1
90924 2
90925 1
90926 2
90927 2
90928 0
90929 0
90930 0
90931 2
90932 0
90933 0
90934 2
90935 0
90936 0
90937 0
90938 2
90939 2
90940 1
90941 1
90942 0
90943 0
90944 0
90945 2
90946 0
90947 2
90948 1
90949 1
90950 1
90951 2
90952 1
90953 1
90954 2
90955 1
90956 0
90957 3
90958 1
90959 2
90960 2
90961 0
90962 0
90963 0
90964 3
90965 0
90966 1
90967 1
90968 3
90969 3
90970 0
90971 2
90972 1
90973 0
90974 2
90975 0
90976 1
90977 0
90978 1
90979 1
90980 1
90981 1
90982 1
90983 0
90984 0
90985 1
90986 0
90987 1
90988 2
90989 0
90990 1
90991 3
90992 2
90993 3
90994 1
90995 1
90996 0
90997 1
90998 1
90999 2
91000 0
91001 1
91002 0
91003 1
91004 2
91005 1
91006 0
91007 1
91008 2
91009 1
91010 4
91011 2
91012 1
91013 1
91014 1
91015 2
91016 0
91017 1
91018 2
91019 0
91020 0
91021 1
91022 2
91023 0
91024 1
91025 0
91026 2
91027 2
91028 2
91029 2
91030 1
91031 0
91032 2
91033 2
91034 1
91035 2
91036 1
91037 1
91038 0
91039 2
91040 0
91041 2
91042 2
91043 0
91044 1
91045 1
91046 3
91047 0
91048 0
91049 0
91050 0
91051 2
91052 0
91053 2
91054 1
91055 0
91056 1
91057 2
91058 3
91059 3
91060 0
91061 3
91062 0
91063 2
91064 0
91065 2
91066 2
91067 0
91068 2
91069 2
91070 1
91071 3
91072 0
91073 2
91074 0
91075 1
91076 2
91077 2
91078 1
91079 1
91080 1
91081 1
91082 2
91083 2
91084 2
91085 1
91086 2
91087 3
91088 2
91089 2
91090 2
91091 1
91092 3
91093 0
91094 1
91095 0
91096 2
91097 0
91098 1
91099 2
91100 1
91101 2
91102 1
91103 1
91104 0
91105 1
91106 0
91107 0
91108 1
91109 2
91110 0
91111 1
91112 0
91113 1
91114 2
91115 2
91116 1
91117 0
91118 2
91119 1
91120 0
91121 2
91122 3
91123 1
91124 1
91125 2
91126 2
91127 2
91128 0
91129 2
91130 1
91131 0
91132 0
91133 1
91134 1
91135 1
91136 1
91137 0
91138 1
91139 0
91140 0
91141 1
91142 2
91143 0
91144 2
91145 2
91146 1
91147 1
91148 2
91149 2
91150 2
91151 0
91152 1
91153 0
91154 0
91155 1
91156 0
91157 1
91158 1
91159 2
91160 2
91161 1
91162 0
91163 1
91164 2
91165 0
91166 1
91167 2
91168 1
91169 0
91170 0
91171 2
91172 0
91173 0
91174 0
91175 2
91176 0
91177 1
91178 2
91179 2
91180 2
91181 2
91182 1
91183 0
91184 1
91185 0
91186 0
91187 0
91188 0
91189 2
91190 0
91191 0
91192 2
91193 0
91194 1
91195 4
91196 2
91197 1
91198 2
91199 0
91200 1
91201 0
91202 0
91203 1
91204 0
91205 1
91206 1
91207 0
91208 0
91209 2
91210 2
91211 1
91212 1
91213 1
91214 0
91215 3
91216 1
91217 0
91218 1
91219 3
91220 3
91221 0
91222 2
91223 0
91224 0
91225 0
91226 2
91227 1
91228 2
91229 1
91230 2
91231 3
91232 0
91233 1
91234 2
91235 0
91236 2
91237 0
91238 1
91239 0
91240 1
91241 1
91242 3
91243 2
91244 2
91245 0
91246 3
91247 1
91248 1
91249 0
91250 0
91251 1
91252 1
91253 0
91254 3
91255 2
91256 1
91257 0
91258 2
91259 0
91260 0
91261 3
91262 1
91263 0
91264 2
91265 1
91266 1
91267 1
91268 2
91269 0
91270 1
91271 1
91272 2
91273 0
91274 1
91275 0
91276 1
91277 2
91278 2
91279 2
91280 3
91281 2
91282 0
91283 0
91284 0
91285 2
91286 1
91287 1
91288 0
91289 2
91290 3
91291 1
91292 0
91293 2
91294 1
91295 0
91296 0
91297 0
91298 0
91299 0
91300 2
91301 3
91302 0
91303 2
91304 0
91305 2
91306 3
91307 0
91308 1
91309 0
91310 0
91311 2
91312 1
91313 1
91314 0
91315 1
91316 1
91317 2
91318 1
91319 1
91320 0
91321 0
91322 1
91323 0
91324 1
91325 1
91326 0
91327 0
91328 0
91329 2
91330 0
91331 2
91332 0
91333 2
91334 0
91335 1
91336 0
91337 1
91338 1
91339 1
91340 0
91341 1
91342 0
91343 0
91344 1
91345 2
91346 1
91347 2
91348 3
91349 2
91350 2
91351 0
91352 1
91353 2
91354 3
91355 0
91356 0
91357 2
91358 0
91359 2
91360 3
91361 1
91362 2
91363 0
91364 1
91365 2
91366 1
91367 3
91368 1
91369 0
91370 0
91371 0
91372 2
91373 2
91374 2
91375 1
91376 2
91377 1
91378 3
91379 3
91380 1
91381 1
91382 1
91383 0
91384 1
91385 1
91386 1
91387 3
91388 0
91389 0
91390 0
91391 1
91392 0
91393 0
91394 0
91395 2
91396 0
91397 1
91398 0
91399 0
91400 1
91401 0
91402 0
91403 2
91404 2
91405 1
91406 1
91407 2
91408 1
91409 1
91410 1
91411 3
91412 1
91413 3
91414 2
91415 0
91416 3
91417 0
91418 1
91419 2
91420 0
91421 3
91422 2
91423 1
91424 0
91425 0
91426 1
91427 1
91428 0
91429 1
91430 2
91431 2
91432 1
91433 0
91434 1
91435 0
91436 0
91437 1
91438 1
91439 2
91440 2
91441 0
91442 0
91443 0
91444 1
91445 1
91446 2
91447 0
91448 0
91449 0
91450 0
91451 0
91452 2
91453 2
91454 0
91455 2
91456 3
91457 1
91458 2
91459 0
91460 0
91461 0
91462 1
91463 0
91464 3
91465 1
91466 2
91467 2
91468 0
91469 0
91470 1
91471 1
91472 3
91473 1
91474 2
91475 0
91476 1
91477 0
91478 1
91479 1
91480 1
91481 1
91482 0
91483 0
91484 2
91485 0
91486 0
91487 0
91488 2
91489 1
91490 2
91491 0
91492 1
91493 2
91494 1
91495 2
91496 2
91497 1
91498 0
91499 2
91500 0
91501 1
91502 2
91503 2
91504 0
91505 1
91506 2
91507 0
91508 2
91509 0
91510 1
91511 0
91512 0
91513 2
91514 0
91515 3
91516 0
91517 0
91518 3
91519 2
91520 0
91521 1
91522 2
91523 3
91524 3
91525 1
91526 2
91527 0
91528 0
91529 1
91530 0
91531 0
91532 1
91533 3
91534 2
91535 0
91536 0
91537 0
91538 2
91539 2
91540 1
91541 2
91542 2
91543 2
91544 2
91545 1
91546 2
91547 2
91548 0
91549 2
91550 2
91551 2
91552 3
91553 2
91554 2
91555 2
91556 1
91557 2
91558 0
91559 2
91560 0
91561 1
91562 2
91563 1
91564 1
91565 1
91566 1
91567 2
91568 2
91569 1
91570 0
91571 1
91572 2
91573 0
91574 1
91575 1
91576 0
91577 2
91578 2
91579 1
91580 0
91581 1
91582 2
91583 2
91584 1
91585 0
91586 0
91587 2
91588 0
91589 2
91590 1
91591 1
91592 2
91593 2
91594 0
91595 0
91596 1
91597 0
91598 0
91599 0
91600 0
91601 2
91602 1
91603 0
91604 2
91605 1
91606 1
91607 1
91608 0
91609 2
91610 1
91611 2
91612 2
91613 1
91614 2
91615 0
91616 2
91617 2
91618 1
91619 0
91620 1
91621 0
91622 0
91623 1
91624 1
91625 2
91626 1
91627 1
91628 0
91629 0
91630 0
91631 0
91632 1
91633 2
91634 1
91635 1
91636 0
91637 3
91638 1
91639 2
91640 1
91641 0
91642 2
91643 2
91644 1
91645 3
91646 1
91647 1
91648 2
91649 2
91650 1
91651 1
91652 2
91653 0
91654 2
91655 0
91656 0
91657 1
91658 0
91659 1
91660 2
91661 3
91662 2
91663 0
91664 3
91665 0
91666 2
91667 2
91668 1
91669 3
91670 1
91671 2
91672 1
91673 1
91674 0
91675 2
91676 0
91677 3
91678 2
91679 1
91680 0
91681 0
91682 0
91683 2
91684 2
91685 0
91686 1
91687 1
91688 0
91689 1
91690 1
91691 1
91692 1
91693 2
91694 0
91695 2
91696 2
91697 0
91698 0
91699 0
91700 4
91701 0
91702 1
91703 1
91704 2
91705 2
91706 1
91707 1
91708 2
91709 1
91710 3
91711 0
91712 0
91713 1
91714 0
91715 0
91716 2
91717 1
91718 1
91719 1
91720 0
91721 0
91722 2
91723 0
91724 0
91725 2
91726 0
91727 2
91728 3
91729 0
91730 0
91731 0
91732 0
91733 1
91734 1
91735 0
91736 3
91737 2
91738 2
91739 0
91740 0
91741 0
91742 2
91743 1
91744 0
91745 0
91746 0
91747 2
91748 2
91749 1
91750 1
91751 3
91752 0
91753 0
91754 1
91755 1
91756 2
91757 1
91758 1
91759 1
91760 0
91761 0
91762 2
91763 0
91764 1
91765 1
91766 2
91767 2
91768 1
91769 1
91770 2
91771 2
91772 0
91773 2
91774 2
91775 0
91776 1
91777 1
91778 0
91779 1
91780 0
91781 3
91782 1
91783 1
91784 0
91785 2
91786 2
91787 0
91788 0
91789 1
91790 0
91791 1
91792 0
91793 0
91794 2
91795 2
91796 2
91797 0
91798 1
91799 0
91800 0
91801 0
91802 2
91803 1
91804 0
91805 0
91806 1
91807 0
91808 1
91809 2
91810 1
91811 3
91812 1
91813 1
91814 0
91815 2
91816 1
91817 0
91818 2
91819 1
91820 2
91821 1
91822 2
91823 3
91824 1
91825 1
91826 2
91827 2
91828 0
91829 0
91830 1
91831 1
91832 2
91833 2
91834 0
91835 2
91836 0
91837 0
91838 2
91839 2
91840 1
91841 1
91842 1
91843 0
91844 1
91845 1
91846 2
91847 0
91848 3
91849 2
91850 0
91851 2
91852 1
91853 0
91854 0
91855 3
91856 0
91857 1
91858 0
91859 0
91860 2
91861 2
91862 2
91863 0
91864 2
91865 1
91866 3
91867 1
91868 3
91869 0
91870 3
91871 1
91872 0
91873 0
91874 0
91875 1
91876 1
91877 0
91878 2
91879 2
91880 2
91881 0
91882 1
91883 0
91884 3
91885 1
91886 1
91887 1
91888 2
91889 1
91890 1
91891 0
91892 2
91893 0
91894 1
91895 1
91896 2
91897 1
91898 0
91899 2
91900 2
91901 1
91902 2
91903 3
91904 2
91905 2
91906 1
91907 0
91908 0
91909 1
91910 1
91911 1
91912 0
91913 2
91914 1
91915 0
91916 1
91917 0
91918 2
91919 2
91920 0
91921 0
91922 0
91923 2
91924 2
91925 1
91926 0
91927 2
91928 1
91929 2
91930 1
91931 1
91932 0
91933 1
91934 0
91935 1
91936 0
91937 0
91938 0
91939 0
91940 3
91941 1
91942 0
91943 1
91944 1
91945 1
91946 0
91947 0
91948 1
91949 0
91950 1
91951 2
91952 0
91953 1
91954 0
91955 2
91956 0
91957 2
91958 2
91959 2
91960 2
91961 0
91962 1
91963 0
91964 0
91965 2
91966 2
91967 1
91968 1
91969 1
91970 3
91971 1
91972 1
91973 0
91974 0
91975 1
91976 0
91977 0
91978 0
91979 0
91980 1
91981 2
91982 2
91983 1
91984 0
91985 1
91986 0
91987 0
91988 0
91989 1
91990 1
91991 1
91992 0
91993 0
91994 1
91995 2
91996 1
91997 2
91998 1
91999 2
92000 0
92001 2
92002 0
92003 1
92004 1
92005 1
92006 1
92007 0
92008 1
92009 3
92010 1
92011 0
92012 1
92013 0
92014 1
92015 0
92016 3
92017 0
92018 0
92019 0
92020 2
92021 3
92022 2
92023 2
92024 0
92025 2
92026 2
92027 1
92028 0
92029 0
92030 2
92031 2
92032 1
92033 1
92034 2
92035 1
92036 2
92037 0
92038 1
92039 1
92040 2
92041 1
92042 1
92043 3
92044 0
92045 1
92046 2
92047 1
92048 0
92049 0
92050 0
92051 0
92052 2
92053 1
92054 2
92055 0
92056 2
92057 2
92058 2
92059 3
92060 2
92061 1
92062 1
92063 1
92064 2
92065 1
92066 1
92067 1
92068 0
92069 1
92070 1
92071 3
92072 2
92073 1
92074 2
92075 2
92076 0
92077 0
92078 2
92079 2
92080 2
92081 0
92082 0
92083 0
92084 0
92085 1
92086 0
92087 0
92088 0
92089 0
92090 0
92091 2
92092 2
92093 1
92094 1
92095 0
92096 1
92097 0
92098 1
92099 0
92100 2
92101 0
92102 2
92103 2
92104 0
92105 2
92106 1
92107 1
92108 1
92109 2
92110 2
92111 2
92112 3
92113 0
92114 2
92115 0
92116 0
92117 1
92118 1
92119 2
92120 1
92121 1
92122 0
92123 0
92124 2
92125 0
92126 1
92127 1
92128 1
92129 1
92130 1
92131 0
92132 0
92133 0
92134 0
92135 1
92136 0
92137 0
92138 1
92139 0
92140 1
92141 0
92142 1
92143 0
92144 1
92145 2
92146 1
92147 1
92148 2
92149 1
92150 0
92151 1
92152 1
92153 3
92154 1
92155 3
92156 2
92157 1
92158 0
92159 0
92160 0
92161 1
92162 1
92163 1
92164 1
92165 1
92166 0
92167 2
92168 1
92169 1
92170 0
92171 0
92172 0
92173 2
92174 1
92175 0
92176 1
92177 2
92178 1
92179 3
92180 2
92181 1
92182 2
92183 0
92184 0
92185 2
92186 1
92187 2
92188 0
92189 0
92190 1
92191 1
92192 0
92193 2
92194 2
92195 0
92196 2
92197 1
92198 0
92199 1
92200 0
92201 0
92202 2
92203 0
92204 1
92205 1
92206 2
92207 2
92208 0
92209 0
92210 0
92211 1
92212 2
92213 2
92214 1
92215 2
92216 0
92217 1
92218 0
92219 2
92220 1
92221 0
92222 3
92223 0
92224 1
92225 0
92226 0
92227 0
92228 0
92229 0
92230 0
92231 0
92232 1
92233 2
92234 1
92235 1
92236 0
92237 1
92238 0
92239 1
92240 2
92241 2
92242 1
92243 0
92244 2
92245 1
92246 0
92247 0
92248 0
92249 0
92250 1
92251 2
92252 1
92253 0
92254 0
92255 0
92256 0
92257 1
92258 2
92259 1
92260 2
92261 1
92262 1
92263 0
92264 2
92265 2
92266 0
92267 1
92268 0
92269 1
92270 2
92271 2
92272 0
92273 3
92274 3
92275 2
92276 2
92277 2
92278 0
92279 1
92280 0
92281 0
92282 2
92283 1
92284 2
92285 2
92286 1
92287 0
92288 1
92289 1
92290 2
92291 1
92292 2
92293 0
92294 1
92295 1
92296 0
92297 2
92298 0
92299 0
92300 0
92301 1
92302 1
92303 0
92304 0
92305 2
92306 0
92307 0
92308 2
92309 1
92310 2
92311 1
92312 2
92313 0
92314 0
92315 0
92316 1
92317 0
92318 2
92319 0
92320 2
92321 1
92322 1
92323 1
92324 1
92325 2
92326 2
92327 2
92328 0
92329 0
92330 1
92331 1
92332 1
92333 1
92334 1
92335 2
92336 1
92337 0
92338 0
92339 1
92340 0
92341 1
92342 0
92343 2
92344 0
92345 1
92346 2
92347 1
92348 2
92349 1
92350 0
92351 2
92352 1
92353 0
92354 1
92355 0
92356 1
92357 2
92358 1
92359 1
92360 0
92361 0
92362 2
92363 1
92364 1
92365 3
92366 2
92367 2
92368 2
92369 1
92370 2
92371 0
92372 1
92373 2
92374 2
92375 0
92376 0
92377 1
92378 0
92379 1
92380 2
92381 0
92382 0
92383 1
92384 3
92385 1
92386 2
92387 2
92388 2
92389 0
92390 0
92391 2
92392 0
92393 1
92394 2
92395 1
92396 1
92397 1
92398 0
92399 1
92400 0
92401 2
92402 3
92403 1
92404 2
92405 0
92406 0
92407 0
92408 1
92409 2
92410 0
92411 2
92412 2
92413 1
92414 1
92415 2
92416 2
92417 1
92418 0
92419 1
92420 0
92421 0
92422 0
92423 2
92424 0
92425 1
92426 1
92427 1
92428 2
92429 1
92430 1
92431 2
92432 1
92433 0
92434 2
92435 2
92436 2
92437 2
92438 1
92439 0
92440 3
92441 2
92442 1
92443 0
92444 0
92445 2
92446 2
92447 0
92448 1
92449 2
92450 0
92451 1
92452 2
92453 1
92454 0
92455 1
92456 1
92457 2
92458 1
92459 0
92460 1
92461 2
92462 2
92463 1
92464 0
92465 1
92466 2
92467 1
92468 0
92469 2
92470 0
92471 2
92472 1
92473 0
92474 0
92475 1
92476 0
92477 2
92478 0
92479 2
92480 1
92481 1
92482 0
92483 0
92484 0
92485 0
92486 1
92487 2
92488 2
92489 0
92490 2
92491 0
92492 1
92493 1
92494 1
92495 0
92496 2
92497 1
92498 0
92499 0
92500 1
92501 0
92502 0
92503 0
92504 1
92505 1
92506 0
92507 1
92508 1
92509 2
92510 1
92511 4
92512 0
92513 0
92514 1
92515 2
92516 1
92517 3
92518 2
92519 2
92520 2
92521 2
92522 1
92523 2
92524 2
92525 1
92526 3
92527 1
92528 0
92529 2
92530 2
92531 2
92532 2
92533 0
92534 2
92535 0
92536 1
92537 0
92538 1
92539 2
92540 0
92541 3
92542 1
92543 1
92544 3
92545 0
92546 2
92547 0
92548 2
92549 1
92550 3
92551 2
92552 2
92553 0
92554 1
92555 2
92556 0
92557 1
92558 1
92559 0
92560 0
92561 0
92562 0
92563 2
92564 1
92565 0
92566 1
92567 0
92568 0
92569 0
92570 1
92571 1
92572 1
92573 1
92574 1
92575 1
92576 0
92577 0
92578 0
92579 1
92580 2
92581 3
92582 0
92583 3
92584 0
92585 0
92586 1
92587 0
92588 1
92589 0
92590 1
92591 1
92592 2
92593 2
92594 0
92595 2
92596 0
92597 0
92598 2
92599 1
92600 0
92601 1
92602 0
92603 1
92604 2
92605 0
92606 0
92607 0
92608 0
92609 1
92610 0
92611 0
92612 2
92613 0
92614 0
92615 0
92616 1
92617 0
92618 2
92619 1
92620 0
92621 1
92622 2
92623 1
92624 1
92625 1
92626 1
92627 0
92628 2
92629 0
92630 2
92631 1
92632 2
92633 0
92634 0
92635 2
92636 0
92637 2
92638 1
92639 0
92640 1
92641 1
92642 2
92643 0
92644 3
92645 1
92646 2
92647 0
92648 2
92649 2
92650 3
92651 2
92652 2
92653 0
92654 0
92655 0
92656 2
92657 3
92658 2
92659 2
92660 2
92661 3
92662 0
92663 1
92664 1
92665 0
92666 0
92667 2
92668 0
92669 1
92670 1
92671 2
92672 1
92673 1
92674 1
92675 1
92676 1
92677 1
92678 0
92679 0
92680 1
92681 2
92682 1
92683 1
92684 1
92685 0
92686 1
92687 1
92688 0
92689 1
92690 1
92691 1
92692 1
92693 0
92694 0
92695 1
92696 1
92697 0
92698 1
92699 0
92700 0
92701 0
92702 3
92703 2
92704 1
92705 1
92706 0
92707 1
92708 2
92709 2
92710 3
92711 1
92712 0
92713 2
92714 2
92715 1
92716 0
92717 2
92718 1
92719 2
92720 1
92721 3
92722 1
92723 1
92724 2
92725 1
92726 0
92727 1
92728 0
92729 2
92730 1
92731 1
92732 2
92733 1
92734 1
92735 2
92736 1
92737 0
92738 2
92739 0
92740 1
92741 1
92742 2
92743 2
92744 3
92745 1
92746 0
92747 1
92748 0
92749 2
92750 1
92751 0
92752 0
92753 2
92754 0
92755 2
92756 1
92757 0
92758 0
92759 1
92760 0
92761 0
92762 1
92763 0
92764 2
92765 2
92766 0
92767 1
92768 0
92769 0
92770 1
92771 0
92772 3
92773 0
92774 1
92775 2
92776 1
92777 1
92778 1
92779 0
92780 1
92781 0
92782 1
92783 2
92784 1
92785 2
92786 1
92787 0
92788 1
92789 0
92790 1
92791 0
92792 1
92793 2
92794 0
92795 0
92796 0
92797 0
92798 1
92799 0
92800 1
92801 0
92802 1
92803 0
92804 3
92805 2
92806 2
92807 0
92808 1
92809 0
92810 1
92811 2
92812 1
92813 1
92814 2
92815 1
92816 0
92817 0
92818 1
92819 2
92820 0
92821 0
92822 0
92823 0
92824 0
92825 0
92826 0
92827 1
92828 1
92829 0
92830 1
92831 0
92832 2
92833 1
92834 0
92835 2
92836 3
92837 2
92838 1
92839 0
92840 1
92841 0
92842 1
92843 1
92844 2
92845 0
92846 1
92847 2
92848 2
92849 0
92850 0
92851 1
92852 0
92853 1
92854 2
92855 2
92856 1
92857 1
92858 1
92859 3
92860 1
92861 2
92862 0
92863 0
92864 1
92865 1
92866 2
92867 2
92868 0
92869 1
92870 2
92871 2
92872 0
92873 2
92874 3
92875 0
92876 1
92877 2
92878 2
92879 1
92880 1
92881 2
92882 1
92883 1
92884 2
92885 3
92886 2
92887 0
92888 0
92889 0
92890 1
92891 2
92892 0
92893 1
92894 1
92895 1
92896 2
92897 2
92898 1
92899 1
92900 1
92901 0
92902 1
92903 1
92904 0
92905 2
92906 0
92907 0
92908 2
92909 2
92910 1
92911 2
92912 0
92913 1
92914 1
92915 2
92916 0
92917 0
92918 0
92919 1
92920 0
92921 2
92922 0
92923 2
92924 0
92925 2
92926 2
92927 1
92928 0
92929 1
92930 2
92931 2
92932 0
92933 2
92934 2
92935 0
92936 1
92937 1
92938 3
92939 0
92940 0
92941 2
92942 0
92943 2
92944 0
92945 1
92946 0
92947 1
92948 2
92949 1
92950 1
92951 2
92952 0
92953 0
92954 1
92955 3
92956 0
92957 1
92958 2
92959 0
92960 1
92961 0
92962 1
92963 0
92964 0
92965 2
92966 0
92967 1
92968 0
92969 2
92970 2
92971 2
92972 2
92973 0
92974 2
92975 0
92976 1
92977 0
92978 1
92979 0
92980 1
92981 1
92982 3
92983 0
92984 2
92985 2
92986 0
92987 1
92988 2
92989 0
92990 2
92991 1
92992 2
92993 0
92994 2
92995 3
92996 1
92997 0
92998 1
92999 3
93000 1
93001 1
93002 2
93003 1
93004 2
93005 0
93006 4
93007 2
93008 1
93009 2
93010 1
93011 0
93012 1
93013 1
93014 1
93015 2
93016 0
93017 0
93018 2
93019 3
93020 0
93021 1
93022 0
93023 2
93024 0
93025 0
93026 0
93027 2
93028 0
93029 2
93030 2
93031 0
93032 2
93033 1
93034 2
93035 1
93036 2
93037 1
93038 2
93039 0
93040 0
93041 0
93042 0
93043 0
93044 1
93045 2
93046 1
93047 0
93048 0
93049 0
93050 1
93051 1
93052 1
93053 2
93054 0
93055 0
93056 1
93057 1
93058 2
93059 2
93060 2
93061 1
93062 2
93063 3
93064 2
93065 1
93066 1
93067 2
93068 0
93069 1
93070 0
93071 0
93072 1
93073 0
93074 2
93075 1
93076 1
93077 1
93078 0
93079 2
93080 1
93081 2
93082 2
93083 0
93084 0
93085 1
93086 0
93087 2
93088 3
93089 1
93090 1
93091 1
93092 0
93093 1
93094 0
93095 0
93096 0
93097 1
93098 1
93099 2
93100 1
93101 0
93102 3
93103 0
93104 1
93105 1
93106 1
93107 2
93108 4
93109 0
93110 2
93111 1
93112 0
93113 1
93114 1
93115 3
93116 1
93117 3
93118 2
93119 1
93120 1
93121 0
93122 1
93123 0
93124 1
93125 1
93126 0
93127 0
93128 0
93129 2
93130 1
93131 0
93132 1
93133 0
93134 1
93135 2
93136 3
93137 0
93138 1
93139 3
93140 2
93141 0
93142 2
93143 0
93144 0
93145 1
93146 2
93147 3
93148 1
93149 2
93150 2
93151 0
93152 1
93153 1
93154 0
93155 2
93156 0
93157 0
93158 2
93159 2
93160 0
93161 2
93162 0
93163 1
93164 2
93165 1
93166 1
93167 0
93168 0
93169 0
93170 1
93171 0
93172 0
93173 2
93174 2
93175 1
93176 0
93177 2
93178 1
93179 1
93180 0
93181 0
93182 2
93183 2
93184 0
93185 3
93186 1
93187 1
93188 1
93189 1
93190 0
93191 0
93192 2
93193 2
93194 1
93195 2
93196 2
93197 0
93198 1
93199 1
93200 1
93201 1
93202 1
93203 1
93204 1
93205 1
93206 0
93207 0
93208 1
93209 0
93210 1
93211 0
93212 3
93213 0
93214 0
93215 1
93216 1
93217 1
93218 2
93219 0
93220 2
93221 0
93222 0
93223 2
93224 1
93225 1
93226 1
93227 2
93228 0
93229 1
93230 0
93231 1
93232 0
93233 1
93234 3
93235 0
93236 1
93237 0
93238 1
93239 2
93240 3
93241 1
93242 0
93243 2
93244 0
93245 2
93246 0
93247 1
93248 0
93249 0
93250 2
93251 1
93252 1
93253 0
93254 0
93255 0
93256 0
93257 0
93258 0
93259 2
93260 2
93261 2
93262 1
93263 1
93264 2
93265 3
93266 2
93267 2
93268 2
93269 0
93270 1
93271 2
93272 1
93273 0
93274 0
93275 1
93276 1
93277 1
93278 0
93279 1
93280 2
93281 0
93282 1
93283 0
93284 0
93285 1
93286 1
93287 2
93288 1
93289 0
93290 0
93291 1
93292 0
93293 0
93294 0
93295 0
93296 0
93297 2
93298 2
93299 0
93300 1
93301 1
93302 3
93303 2
93304 0
93305 1
93306 1
93307 1
93308 2
93309 0
93310 2
93311 1
93312 0
93313 2
93314 1
93315 2
93316 1
93317 0
93318 3
93319 0
93320 1
93321 0
93322 3
93323 2
93324 0
93325 2
93326 1
93327 1
93328 1
93329 1
93330 3
93331 0
93332 2
93333 0
93334 2
93335 2
93336 1
93337 1
93338 2
93339 1
93340 0
93341 0
93342 1
93343 0
93344 0
93345 0
93346 2
93347 0
93348 0
93349 0
93350 2
93351 2
93352 2
93353 1
93354 2
93355 1
93356 0
93357 0
93358 2
93359 1
93360 2
93361 1
93362 0
93363 2
93364 1
93365 1
93366 2
93367 0
93368 2
93369 2
93370 1
93371 0
93372 2
93373 2
93374 0
93375 3
93376 2
93377 2
93378 1
93379 2
93380 0
93381 0
93382 1
93383 2
93384 2
93385 0
93386 0
93387 0
93388 0
93389 2
93390 0
93391 1
93392 0
93393 0
93394 2
93395 2
93396 3
93397 2
93398 0
93399 1
93400 2
93401 1
93402 0
93403 1
93404 1
93405 0
93406 0
93407 3
93408 2
93409 2
93410 2
93411 0
93412 1
93413 0
93414 2
93415 1
93416 1
93417 2
93418 0
93419 2
93420 2
93421 1
93422 0
93423 1
93424 1
93425 0
93426 0
93427 0
93428 1
93429 2
93430 2
93431 1
93432 1
93433 2
93434 1
93435 1
93436 2
93437 1
93438 1
93439 1
93440 1
93441 1
93442 2
93443 0
93444 0
93445 1
93446 0
93447 1
93448 2
93449 3
93450 2
93451 1
93452 2
93453 2
93454 0
93455 1
93456 0
93457 2
93458 1
93459 1
93460 0
93461 1
93462 0
93463 0
93464 2
93465 1
93466 0
93467 3
93468 1
93469 1
93470 1
93471 0
93472 0
93473 0
93474 2
93475 3
93476 1
93477 1
93478 2
93479 1
93480 1
93481 0
93482 2
93483 2
93484 2
93485 0
93486 1
93487 1
93488 0
93489 2
93490 0
93491 2
93492 0
93493 0
93494 2
93495 2
93496 2
93497 0
93498 2
93499 1
93500 1
93501 2
93502 1
93503 1
93504 1
93505 2
93506 1
93507 2
93508 0
93509 2
93510 1
93511 0
93512 3
93513 2
93514 1
93515 1
93516 2
93517 1
93518 0
93519 0
93520 1
93521 2
93522 1
93523 0
93524 1
93525 2
93526 2
93527 1
93528 1
93529 0
93530 1
93531 2
93532 1
93533 1
93534 2
93535 2
93536 1
93537 2
93538 2
93539 1
93540 1
93541 0
93542 1
93543 3
93544 0
93545 1
93546 3
93547 0
93548 1
93549 0
93550 0
93551 3
93552 1
93553 0
93554 2
93555 2
93556 3
93557 0
93558 2
93559 1
93560 2
93561 2
93562 1
93563 2
93564 1
93565 2
93566 0
93567 1
93568 2
93569 1
93570 2
93571 2
93572 2
93573 2
93574 2
93575 0
93576 3
93577 0
93578 0
93579 3
93580 2
93581 0
93582 0
93583 0
93584 1
93585 0
93586 0
93587 2
93588 2
93589 0
93590 2
93591 2
93592 0
93593 2
93594 1
93595 2
93596 1
93597 0
93598 1
93599 1
93600 0
93601 1
93602 0
93603 0
93604 1
93605 1
93606 0
93607 1
93608 1
93609 0
93610 3
93611 2
93612 1
93613 0
93614 1
93615 1
93616 0
93617 1
93618 1
93619 1
93620 1
93621 2
93622 1
93623 1
93624 1
93625 1
93626 2
93627 1
93628 2
93629 2
93630 0
93631 2
93632 0
93633 3
93634 1
93635 1
93636 0
93637 0
93638 2
93639 2
93640 0
93641 2
93642 2
93643 2
93644 0
93645 2
93646 1
93647 2
93648 2
93649 2
93650 0
93651 0
93652 3
93653 1
93654 0
93655 1
93656 0
93657 0
93658 2
93659 2
93660 1
93661 2
93662 2
93663 1
93664 2
93665 0
93666 1
93667 2
93668 0
93669 2
93670 2
93671 0
93672 1
93673 1
93674 1
93675 0
93676 0
93677 2
93678 1
93679 2
93680 0
93681 1
93682 2
93683 1
93684 1
93685 0
93686 1
93687 1
93688 0
93689 2
93690 1
93691 1
93692 3
93693 1
93694 3
93695 0
93696 3
93697 0
93698 2
93699 1
93700 1
93701 0
93702 0
93703 1
93704 0
93705 0
93706 2
93707 0
93708 1
93709 1
93710 2
93711 1
93712 2
93713 1
93714 1
93715 2
93716 0
93717 2
93718 1
93719 0
93720 1
93721 2
93722 2
93723 2
93724 1
93725 0
93726 3
93727 1
93728 2
93729 0
93730 1
93731 1
93732 0
93733 2
93734 0
93735 2
93736 1
93737 1
93738 2
93739 2
93740 2
93741 0
93742 0
93743 2
93744 0
93745 2
93746 1
93747 0
93748 1
93749 2
93750 1
93751 1
93752 1
93753 1
93754 2
93755 1
93756 0
93757 0
93758 2
93759 2
93760 1
93761 2
93762 0
93763 3
93764 0
93765 1
93766 2
93767 0
93768 2
93769 3
93770 1
93771 1
93772 1
93773 0
93774 0
93775 1
93776 2
93777 2
93778 2
93779 0
93780 2
93781 2
93782 0
93783 0
93784 0
93785 2
93786 2
93787 0
93788 0
93789 1
93790 1
93791 2
93792 0
93793 2
93794 0
93795 0
93796 0
93797 1
93798 1
93799 2
93800 0
93801 0
93802 1
93803 2
93804 1
93805 2
93806 0
93807 2
93808 1
93809 1
93810 1
93811 0
93812 2
93813 2
93814 1
93815 1
93816 2
93817 0
93818 0
93819 1
93820 1
93821 1
93822 0
93823 3
93824 1
93825 1
93826 0
93827 0
93828 1
93829 1
93830 3
93831 2
93832 0
93833 0
93834 0
93835 0
93836 2
93837 0
93838 0
93839 2
93840 0
93841 1
93842 2
93843 1
93844 3
93845 2
93846 2
93847 0
93848 1
93849 0
93850 1
93851 3
93852 1
93853 2
93854 2
93855 0
93856 1
93857 3
93858 2
93859 1
93860 2
93861 1
93862 0
93863 1
93864 1
93865 2
93866 1
93867 0
93868 2
93869 1
93870 1
93871 2
93872 0
93873 0
93874 2
93875 1
93876 1
93877 1
93878 3
93879 2
93880 1
93881 3
93882 1
93883 0
93884 2
93885 1
93886 1
93887 2
93888 1
93889 0
93890 1
93891 2
93892 1
93893 0
93894 2
93895 3
93896 1
93897 2
93898 0
93899 1
93900 2
93901 1
93902 1
93903 1
93904 2
93905 0
93906 3
93907 0
93908 1
93909 2
93910 2
93911 3
93912 2
93913 0
93914 0
93915 2
93916 2
93917 0
93918 1
93919 1
93920 0
93921 1
93922 0
93923 2
93924 2
93925 0
93926 0
93927 1
93928 1
93929 1
93930 2
93931 2
93932 2
93933 1
93934 0
93935 2
93936 0
93937 2
93938 1
93939 3
93940 0
93941 1
93942 1
93943 0
93944 2
93945 1
93946 0
93947 0
93948 1
93949 0
93950 1
93951 2
93952 2
93953 0
93954 1
93955 1
93956 1
93957 0
93958 2
93959 0
93960 1
93961 1
93962 2
93963 0
93964 2
93965 2
93966 2
93967 2
93968 1
93969 2
93970 2
93971 1
93972 0
93973 3
93974 2
93975 1
93976 1
93977 0
93978 0
93979 0
93980 2
93981 0
93982 1
93983 1
93984 0
93985 2
93986 0
93987 2
93988 1
93989 1
93990 2
93991 0
93992 2
93993 2
93994 2
93995 0
93996 2
93997 1
93998 0
93999 0
94000 1
94001 0
94002 0
94003 1
94004 1
94005 1
94006 0
94007 0
94008 1
94009 0
94010 0
94011 1
94012 1
94013 1
94014 0
94015 1
94016 0
94017 3
94018 2
94019 0
94020 0
94021 0
94022 1
94023 0
94024 1
94025 2
94026 2
94027 0
94028 0
94029 0
94030 1
94031 2
94032 2
94033 2
94034 3
94035 0
94036 2
94037 1
94038 0
94039 0
94040 1
94041 0
94042 2
94043 0
94044 1
94045 2
94046 0
94047 2
94048 2
94049 2
94050 3
94051 1
94052 3
94053 0
94054 3
94055 0
94056 3
94057 1
94058 2
94059 1
94060 0
94061 0
94062 0
94063 2
94064 1
94065 2
94066 1
94067 2
94068 2
94069 2
94070 1
94071 0
94072 1
94073 0
94074 0
94075 0
94076 2
94077 2
94078 0
94079 1
94080 3
94081 2
94082 1
94083 1
94084 1
94085 0
94086 1
94087 1
94088 1
94089 1
94090 2
94091 1
94092 2
94093 1
94094 2
94095 1
94096 2
94097 2
94098 1
94099 0
94100 1
94101 1
94102 2
94103 0
94104 3
94105 2
94106 2
94107 2
94108 1
94109 0
94110 0
94111 0
94112 0
94113 2
94114 1
94115 0
94116 2
94117 0
94118 3
94119 1
94120 2
94121 2
94122 1
94123 1
94124 0
94125 2
94126 0
94127 1
94128 2
94129 1
94130 1
94131 1
94132 1
94133 0
94134 1
94135 0
94136 1
94137 0
94138 1
94139 1
94140 2
94141 2
94142 2
94143 2
94144 0
94145 1
94146 0
94147 1
94148 2
94149 0
94150 1
94151 0
94152 0
94153 0
94154 0
94155 1
94156 3
94157 1
94158 2
94159 0
94160 2
94161 2
94162 0
94163 1
94164 3
94165 2
94166 1
94167 2
94168 2
94169 2
94170 2
94171 3
94172 1
94173 0
94174 2
94175 2
94176 0
94177 0
94178 1
94179 1
94180 0
94181 2
94182 1
94183 1
94184 1
94185 1
94186 1
94187 2
94188 2
94189 2
94190 0
94191 2
94192 1
94193 1
94194 1
94195 1
94196 1
94197 0
94198 2
94199 2
94200 3
94201 1
94202 0
94203 1
94204 1
94205 2
94206 0
94207 0
94208 1
94209 0
94210 0
94211 0
94212 1
94213 2
94214 1
94215 1
94216 1
94217 2
94218 1
94219 1
94220 0
94221 3
94222 0
94223 3
94224 1
94225 0
94226 0
94227 1
94228 2
94229 1
94230 0
94231 0
94232 0
94233 1
94234 2
94235 1
94236 1
94237 2
94238 1
94239 0
94240 0
94241 2
94242 3
94243 1
94244 2
94245 0
94246 2
94247 0
94248 0
94249 1
94250 0
94251 0
94252 2
94253 2
94254 0
94255 2
94256 2
94257 2
94258 2
94259 1
94260 1
94261 2
94262 0
94263 0
94264 1
94265 2
94266 2
94267 2
94268 2
94269 2
94270 1
94271 1
94272 2
94273 1
94274 2
94275 1
94276 2
94277 1
94278 2
94279 1
94280 1
94281 0
94282 0
94283 2
94284 0
94285 0
94286 0
94287 0
94288 1
94289 2
94290 1
94291 1
94292 0
94293 2
94294 0
94295 1
94296 1
94297 1
94298 2
94299 1
94300 0
94301 2
94302 1
94303 1
94304 1
94305 2
94306 1
94307 2
94308 0
94309 0
94310 0
94311 0
94312 0
94313 2
94314 2
94315 1
94316 1
94317 2
94318 1
94319 3
94320 0
94321 0
94322 0
94323 2
94324 2
94325 1
94326 0
94327 2
94328 2
94329 0
94330 2
94331 3
94332 1
94333 0
94334 2
94335 0
94336 0
94337 1
94338 1
94339 2
94340 0
94341 2
94342 1
94343 1
94344 1
94345 2
94346 1
94347 2
94348 1
94349 2
94350 0
94351 0
94352 1
94353 1
94354 2
94355 0
94356 2
94357 2
94358 0
94359 1
94360 2
94361 0
94362 1
94363 0
94364 1
94365 0
94366 1
94367 0
94368 0
94369 0
94370 1
94371 0
94372 0
94373 0
94374 1
94375 0
94376 1
94377 0
94378 1
94379 1
94380 0
94381 1
94382 0
94383 0
94384 1
94385 1
94386 0
94387 1
94388 0
94389 0
94390 3
94391 1
94392 1
94393 0
94394 0
94395 1
94396 0
94397 1
94398 1
94399 0
94400 1
94401 1
94402 2
94403 1
94404 1
94405 3
94406 3
94407 1
94408 1
94409 1
94410 2
94411 2
94412 1
94413 2
94414 2
94415 2
94416 1
94417 1
94418 0
94419 1
94420 2
94421 1
94422 0
94423 2
94424 0
94425 2
94426 0
94427 0
94428 1
94429 0
94430 0
94431 0
94432 0
94433 0
94434 2
94435 1
94436 0
94437 2
94438 2
94439 0
94440 1
94441 1
94442 1
94443 2
94444 2
94445 2
94446 1
94447 2
94448 0
94449 0
94450 0
94451 2
94452 0
94453 1
94454 1
94455 0
94456 1
94457 0
94458 2
94459 1
94460 0
94461 3
94462 2
94463 1
94464 1
94465 1
94466 2
94467 0
94468 0
94469 0
94470 0
94471 0
94472 1
94473 1
94474 1
94475 0
94476 2
94477 0
94478 0
94479 0
94480 1
94481 0
94482 1
94483 2
94484 0
94485 2
94486 0
94487 0
94488 2
94489 1
94490 0
94491 0
94492 1
94493 1
94494 1
94495 2
94496 1
94497 0
94498 0
94499 1
94500 1
94501 1
94502 0
94503 3
94504 1
94505 2
94506 0
94507 0
94508 2
94509 3
94510 2
94511 0
94512 2
94513 2
94514 2
94515 0
94516 1
94517 0
94518 2
94519 1
94520 2
94521 0
94522 0
94523 0
94524 2
94525 0
94526 1
94527 0
94528 2
94529 1
94530 1
94531 1
94532 1
94533 2
94534 0
94535 1
94536 1
94537 0
94538 0
94539 0
94540 1
94541 0
94542 2
94543 1
94544 0
94545 1
94546 1
94547 2
94548 1
94549 1
94550 1
94551 0
94552 1
94553 1
94554 0
94555 1
94556 0
94557 1
94558 2
94559 3
94560 1
94561 3
94562 0
94563 1
94564 0
94565 0
94566 0
94567 1
94568 0
94569 0
94570 3
94571 2
94572 3
94573 1
94574 2
94575 2
94576 0
94577 1
94578 1
94579 0
94580 0
94581 1
94582 1
94583 0
94584 0
94585 1
94586 0
94587 0
94588 3
94589 1
94590 2
94591 2
94592 2
94593 1
94594 0
94595 0
94596 0
94597 1
94598 0
94599 0
94600 1
94601 1
94602 0
94603 3
94604 2
94605 1
94606 1
94607 0
94608 1
94609 2
94610 0
94611 1
94612 2
94613 1
94614 1
94615 0
94616 0
94617 1
94618 3
94619 2
94620 1
94621 2
94622 1
94623 1
94624 1
94625 0
94626 0
94627 2
94628 2
94629 0
94630 3
94631 1
94632 0
94633 0
94634 0
94635 0
94636 1
94637 1
94638 1
94639 2
94640 3
94641 0
94642 0
94643 1
94644 2
94645 2
94646 0
94647 1
94648 2
94649 1
94650 1
94651 1
94652 0
94653 1
94654 1
94655 1
94656 0
94657 0
94658 0
94659 0
94660 0
94661 0
94662 2
94663 0
94664 1
94665 0
94666 2
94667 0
94668 2
94669 1
94670 3
94671 0
94672 0
94673 1
94674 1
94675 3
94676 0
94677 1
94678 0
94679 2
94680 3
94681 0
94682 0
94683 1
94684 1
94685 2
94686 1
94687 0
94688 2
94689 1
94690 2
94691 2
94692 2
94693 0
94694 0
94695 1
94696 0
94697 2
94698 0
94699 2
94700 0
94701 1
94702 0
94703 0
94704 1
94705 0
94706 1
94707 0
94708 1
94709 3
94710 2
94711 1
94712 1
94713 0
94714 2
94715 0
94716 1
94717 0
94718 2
94719 1
94720 1
94721 0
94722 1
94723 0
94724 2
94725 0
94726 0
94727 0
94728 1
94729 0
94730 2
94731 1
94732 0
94733 1
94734 2
94735 1
94736 2
94737 1
94738 2
94739 2
94740 0
94741 0
94742 1
94743 0
94744 1
94745 0
94746 0
94747 2
94748 1
94749 1
94750 1
94751 2
94752 1
94753 2
94754 0
94755 0
94756 2
94757 2
94758 0
94759 1
94760 0
94761 3
94762 1
94763 0
94764 2
94765 0
94766 0
94767 1
94768 2
94769 3
94770 1
94771 2
94772 2
94773 2
94774 1
94775 3
94776 0
94777 2
94778 0
94779 1
94780 0
94781 1
94782 1
94783 2
94784 2
94785 2
94786 0
94787 2
94788 2
94789 0
94790 0
94791 2
94792 1
94793 1
94794 1
94795 0
94796 0
94797 1
94798 0
94799 0
94800 0
94801 2
94802 0
94803 3
94804 0
94805 1
94806 2
94807 1
94808 1
94809 1
94810 1
94811 0
94812 0
94813 2
94814 1
94815 0
94816 0
94817 1
94818 3
94819 0
94820 2
94821 1
94822 2
94823 0
94824 2
94825 1
94826 0
94827 0
94828 0
94829 2
94830 3
94831 2
94832 0
94833 1
94834 1
94835 2
94836 0
94837 1
94838 1
94839 0
94840 0
94841 0
94842 3
94843 0
94844 2
94845 2
94846 3
94847 0
94848 0
94849 0
94850 2
94851 1
94852 0
94853 1
94854 1
94855 1
94856 1
94857 1
94858 0
94859 0
94860 0
94861 0
94862 2
94863 1
94864 3
94865 0
94866 0
94867 0
94868 1
94869 0
94870 0
94871 3
94872 1
94873 1
94874 1
94875 2
94876 1
94877 1
94878 0
94879 0
94880 2
94881 1
94882 1
94883 0
94884 1
94885 1
94886 0
94887 0
94888 2
94889 2
94890 0
94891 1
94892 1
94893 0
94894 2
94895 1
94896 0
94897 0
94898 3
94899 0
94900 1
94901 1
94902 2
94903 1
94904 2
94905 1
94906 1
94907 0
94908 1
94909 3
94910 0
94911 0
94912 0
94913 3
94914 2
94915 1
94916 0
94917 0
94918 0
94919 0
94920 2
94921 0
94922 1
94923 1
94924 2
94925 2
94926 0
94927 1
94928 2
94929 1
94930 0
94931 1
94932 1
94933 0
94934 1
94935 1
94936 1
94937 2
94938 0
94939 1
94940 1
94941 0
94942 1
94943 2
94944 0
94945 0
94946 2
94947 1
94948 0
94949 3
94950 2
94951 1
94952 3
94953 0
94954 1
94955 2
94956 2
94957 3
94958 3
94959 1
94960 0
94961 0
94962 1
94963 0
94964 0
94965 2
94966 1
94967 0
94968 0
94969 2
94970 0
94971 1
94972 1
94973 1
94974 2
94975 1
94976 2
94977 1
94978 1
94979 0
94980 1
94981 0
94982 0
94983 2
94984 0
94985 2
94986 0
94987 2
94988 1
94989 2
94990 3
94991 0
94992 1
94993 1
94994 0
94995 2
94996 1
94997 0
94998 0
94999 0
95000 0
95001 2
95002 0
95003 1
95004 2
95005 2
95006 0
95007 2
95008 0
95009 1
95010 0
95011 2
95012 1
95013 1
95014 1
95015 0
95016 1
95017 3
95018 0
95019 2
95020 0
95021 2
95022 1
95023 1
95024 2
95025 0
95026 1
95027 0
95028 2
95029 0
95030 0
95031 0
95032 0
95033 3
95034 3
95035 1
95036 1
95037 3
95038 2
95039 2
95040 1
95041 0
95042 1
95043 1
95044 1
95045 3
95046 2
95047 0
95048 1
95049 2
95050 2
95051 1
95052 3
95053 2
95054 0
95055 1
95056 0
95057 0
95058 1
95059 0
95060 2
95061 2
95062 0
95063 0
95064 1
95065 1
95066 2
95067 1
95068 1
95069 0
95070 2
95071 2
95072 2
95073 0
95074 1
95075 0
95076 0
95077 2
95078 0
95079 0
95080 0
95081 2
95082 2
95083 0
95084 2
95085 2
95086 0
95087 0
95088 0
95089 0
95090 1
95091 0
95092 1
95093 0
95094 1
95095 2
95096 3
95097 0
95098 0
95099 1
95100 0
95101 2
95102 1
95103 0
95104 0
95105 3
95106 1
95107 2
95108 2
95109 0
95110 1
95111 1
95112 0
95113 0
95114 1
95115 2
95116 1
95117 1
95118 1
95119 1
95120 1
95121 1
95122 1
95123 0
95124 2
95125 1
95126 1
95127 0
95128 2
95129 2
95130 1
95131 1
95132 0
95133 1
95134 0
95135 2
95136 0
95137 0
95138 0
95139 0
95140 0
95141 0
95142 0
95143 0
95144 1
95145 3
95146 2
95147 2
95148 1
95149 0
95150 0
95151 2
95152 0
95153 1
95154 0
95155 0
95156 1
95157 1
95158 0
95159 1
95160 1
95161 1
95162 0
95163 0
95164 1
95165 0
95166 1
95167 3
95168 0
95169 0
95170 2
95171 1
95172 0
95173 0
95174 0
95175 2
95176 1
95177 0
95178 1
95179 0
95180 1
95181 0
95182 1
95183 2
95184 1
95185 0
95186 2
95187 2
95188 2
95189 0
95190 3
95191 2
95192 0
95193 1
95194 1
95195 0
95196 0
95197 0
95198 2
95199 1
95200 0
95201 0
95202 0
95203 0
95204 1
95205 2
95206 1
95207 0
95208 2
95209 3
95210 2
95211 0
95212 2
95213 2
95214 0
95215 1
95216 0
95217 0
95218 1
95219 0
95220 2
95221 1
95222 2
95223 0
95224 0
95225 2
95226 2
95227 0
95228 2
95229 0
95230 0
95231 1
95232 2
95233 0
95234 0
95235 0
95236 1
95237 1
95238 2
95239 0
95240 2
95241 3
95242 2
95243 2
95244 1
95245 2
95246 0
95247 0
95248 2
95249 1
95250 1
95251 0
95252 1
95253 0
95254 0
95255 1
95256 3
95257 1
95258 0
95259 2
95260 1
95261 2
95262 0
95263 1
95264 2
95265 1
95266 1
95267 0
95268 0
95269 1
95270 2
95271 3
95272 0
95273 1
95274 0
95275 2
95276 1
95277 0
95278 2
95279 2
95280 1
95281 2
95282 1
95283 2
95284 0
95285 3
95286 0
95287 2
95288 0
95289 0
95290 2
95291 0
95292 2
95293 1
95294 2
95295 0
95296 2
95297 1
95298 1
95299 3
95300 3
95301 0
95302 2
95303 0
95304 0
95305 1
95306 0
95307 1
95308 2
95309 1
95310 1
95311 2
95312 1
95313 0
95314 1
95315 2
95316 0
95317 0
95318 2
95319 2
95320 1
95321 1
95322 2
95323 1
95324 0
95325 2
95326 1
95327 0
95328 0
95329 2
95330 0
95331 1
95332 0
95333 2
95334 0
95335 0
95336 0
95337 2
95338 1
95339 1
95340 0
95341 1
95342 1
95343 0
95344 1
95345 0
95346 1
95347 1
95348 2
95349 3
95350 2
95351 1
95352 0
95353 2
95354 2
95355 2
95356 0
95357 0
95358 0
95359 1
95360 1
95361 1
95362 2
95363 0
95364 2
95365 2
95366 0
95367 1
95368 3
95369 3
95370 0
95371 1
95372 1
95373 1
95374 2
95375 0
95376 3
95377 0
95378 2
95379 1
95380 0
95381 2
95382 3
95383 1
95384 2
95385 0
95386 1
95387 2
95388 2
95389 0
95390 0
95391 1
95392 1
95393 2
95394 2
95395 1
95396 1
95397 2
95398 3
95399 1
95400 1
95401 1
95402 0
95403 1
95404 2
95405 1
95406 2
95407 3
95408 0
95409 1
95410 0
95411 0
95412 1
95413 1
95414 2
95415 2
95416 0
95417 1
95418 0
95419 2
95420 1
95421 2
95422 0
95423 1
95424 2
95425 0
95426 1
95427 2
95428 0
95429 1
95430 1
95431 2
95432 0
95433 2
95434 2
95435 0
95436 2
95437 0
95438 1
95439 1
95440 0
95441 2
95442 0
95443 0
95444 2
95445 2
95446 1
95447 2
95448 0
95449 2
95450 2
95451 2
95452 1
95453 1
95454 2
95455 1
95456 0
95457 2
95458 0
95459 1
95460 2
95461 2
95462 0
95463 2
95464 1
95465 2
95466 0
95467 1
95468 2
95469 1
95470 1
95471 0
95472 1
95473 2
95474 2
95475 1
95476 2
95477 2
95478 0
95479 1
95480 1
95481 2
95482 2
95483 0
95484 1
95485 0
95486 2
95487 1
95488 2
95489 1
95490 1
95491 0
95492 0
95493 1
95494 2
95495 0
95496 3
95497 1
95498 1
95499 0
95500 0
95501 2
95502 0
95503 0
95504 0
95505 0
95506 0
95507 1
95508 1
95509 1
95510 1
95511 2
95512 0
95513 3
95514 0
95515 1
95516 2
95517 2
95518 2
95519 1
95520 3
95521 1
95522 1
95523 1
95524 2
95525 1
95526 1
95527 0
95528 0
95529 1
95530 2
95531 0
95532 0
95533 3
95534 0
95535 1
95536 0
95537 1
95538 2
95539 2
95540 2
95541 1
95542 1
95543 2
95544 0
95545 0
95546 2
95547 1
95548 0
95549 0
95550 2
95551 2
95552 0
95553 1
95554 1
95555 0
95556 2
95557 1
95558 1
95559 1
95560 3
95561 3
95562 1
95563 3
95564 0
95565 1
95566 2
95567 1
95568 2
95569 1
95570 0
95571 1
95572 2
95573 1
95574 0
95575 1
95576 3
95577 0
95578 1
95579 2
95580 2
95581 0
95582 0
95583 2
95584 1
95585 1
95586 2
95587 0
95588 1
95589 2
95590 1
95591 2
95592 0
95593 1
95594 0
95595 2
95596 2
95597 0
95598 0
95599 0
95600 2
95601 0
95602 0
95603 0
95604 2
95605 0
95606 1
95607 1
95608 0
95609 2
95610 1
95611 0
95612 2
95613 0
95614 0
95615 1
95616 0
95617 3
95618 2
95619 2
95620 0
95621 0
95622 0
95623 1
95624 0
95625 2
95626 1
95627 0
95628 0
95629 2
95630 1
95631 0
95632 0
95633 0
95634 3
95635 0
95636 1
95637 0
95638 0
95639 2
95640 1
95641 0
95642 1
95643 1
95644 0
95645 2
95646 0
95647 3
95648 0
95649 2
95650 2
95651 0
95652 0
95653 2
95654 1
95655 1
95656 1
95657 2
95658 1
95659 1
95660 1
95661 2
95662 0
95663 2
95664 1
95665 0
95666 1
95667 2
95668 1
95669 1
95670 1
95671 3
95672 1
95673 0
95674 0
95675 2
95676 2
95677 0
95678 1
95679 0
95680 0
95681 2
95682 1
95683 2
95684 1
95685 1
95686 2
95687 0
95688 2
95689 1
95690 1
95691 0
95692 0
95693 1
95694 0
95695 3
95696 1
95697 2
95698 1
95699 1
95700 2
95701 0
95702 0
95703 3
95704 0
95705 2
95706 3
95707 0
95708 1
95709 1
95710 2
95711 2
95712 1
95713 2
95714 3
95715 0
95716 1
95717 1
95718 2
95719 2
95720 2
95721 2
95722 3
95723 1
95724 0
95725 1
95726 1
95727 2
95728 0
95729 2
95730 0
95731 0
95732 1
95733 2
95734 1
95735 0
95736 1
95737 1
95738 2
95739 1
95740 1
95741 2
95742 1
95743 1
95744 2
95745 1
95746 0
95747 1
95748 0
95749 0
95750 1
95751 0
95752 0
95753 1
95754 3
95755 1
95756 2
95757 0
95758 0
95759 0
95760 1
95761 0
95762 1
95763 0
95764 1
95765 1
95766 1
95767 2
95768 1
95769 0
95770 0
95771 3
95772 1
95773 0
95774 1
95775 2
95776 3
95777 3
95778 1
95779 0
95780 1
95781 1
95782 1
95783 1
95784 2
95785 1
95786 1
95787 2
95788 3
95789 1
95790 0
95791 2
95792 0
95793 2
95794 0
95795 1
95796 0
95797 0
95798 1
95799 2
95800 2
95801 2
95802 0
95803 1
95804 0
95805 1
95806 0
95807 2
95808 1
95809 1
95810 2
95811 1
95812 2
95813 1
95814 0
95815 0
95816 0
95817 1
95818 2
95819 3
95820 2
95821 0
95822 0
95823 0
95824 1
95825 2
95826 1
95827 1
95828 0
95829 1
95830 0
95831 0
95832 2
95833 1
95834 1
95835 1
95836 0
95837 2
95838 2
95839 0
95840 0
95841 1
95842 2
95843 1
95844 3
95845 0
95846 1
95847 0
95848 0
95849 2
95850 1
95851 1
95852 1
95853 2
95854 0
95855 2
95856 1
95857 1
95858 2
95859 0
95860 2
95861 1
95862 0
95863 1
95864 2
95865 0
95866 3
95867 1
95868 2
95869 2
95870 1
95871 2
95872 1
95873 3
95874 1
95875 0
95876 1
95877 1
95878 2
95879 2
95880 2
95881 2
95882 1
95883 1
95884 1
95885 0
95886 2
95887 0
95888 1
95889 3
95890 2
95891 1
95892 0
95893 2
95894 1
95895 0
95896 1
95897 1
95898 2
95899 1
95900 1
95901 1
95902 1
95903 1
95904 2
95905 2
95906 2
95907 0
95908 3
95909 1
95910 0
95911 2
95912 0
95913 2
95914 1
95915 0
95916 1
95917 2
95918 0
95919 2
95920 1
95921 1
95922 0
95923 2
95924 2
95925 3
95926 0
95927 1
95928 0
95929 3
95930 0
95931 2
95932 1
95933 1
95934 1
95935 0
95936 1
95937 1
95938 1
95939 0
95940 0
95941 2
95942 0
95943 2
95944 1
95945 0
95946 1
95947 0
95948 2
95949 1
95950 3
95951 1
95952 1
95953 0
95954 1
95955 1
95956 1
95957 0
95958 1
95959 2
95960 1
95961 1
95962 3
95963 0
95964 2
95965 0
95966 1
95967 0
95968 2
95969 1
95970 0
95971 1
95972 1
95973 1
95974 1
95975 0
95976 2
95977 1
95978 1
95979 2
95980 3
95981 2
95982 0
95983 0
95984 3
95985 0
95986 3
95987 2
95988 1
95989 1
95990 2
95991 2
95992 1
95993 0
95994 1
95995 3
95996 1
95997 2
95998 1
95999 0
96000 0
96001 0
96002 2
96003 1
96004 1
96005 1
96006 1
96007 1
96008 0
96009 1
96010 0
96011 1
96012 0
96013 0
96014 1
96015 3
96016 1
96017 1
96018 1
96019 0
96020 0
96021 2
96022 0
96023 0
96024 2
96025 3
96026 3
96027 1
96028 1
96029 0
96030 1
96031 1
96032 1
96033 1
96034 2
96035 0
96036 1
96037 1
96038 0
96039 1
96040 1
96041 2
96042 1
96043 1
96044 0
96045 1
96046 0
96047 1
96048 0
96049 1
96050 0
96051 2
96052 0
96053 0
96054 2
96055 1
96056 0
96057 2
96058 2
96059 1
96060 0
96061 0
96062 0
96063 0
96064 2
96065 2
96066 0
96067 0
96068 1
96069 0
96070 0
96071 2
96072 2
96073 2
96074 2
96075 3
96076 1
96077 2
96078 2
96079 0
96080 1
96081 2
96082 3
96083 1
96084 0
96085 2
96086 2
96087 2
96088 2
96089 0
96090 0
96091 0
96092 1
96093 2
96094 2
96095 2
96096 3
96097 2
96098 3
96099 1
96100 0
96101 3
96102 2
96103 0
96104 1
96105 1
96106 1
96107 0
96108 0
96109 0
96110 0
96111 1
96112 0
96113 1
96114 0
96115 2
96116 1
96117 3
96118 0
96119 2
96120 3
96121 2
96122 2
96123 1
96124 1
96125 2
96126 2
96127 0
96128 0
96129 3
96130 1
96131 0
96132 1
96133 2
96134 2
96135 0
96136 1
96137 1
96138 2
96139 1
96140 2
96141 2
96142 1
96143 0
96144 2
96145 1
96146 1
96147 2
96148 1
96149 1
96150 2
96151 1
96152 2
96153 2
96154 2
96155 0
96156 1
96157 2
96158 2
96159 0
96160 2
96161 2
96162 1
96163 2
96164 1
96165 1
96166 1
96167 1
96168 1
96169 2
96170 0
96171 0
96172 3
96173 1
96174 0
96175 1
96176 2
96177 0
96178 2
96179 0
96180 1
96181 0
96182 0
96183 0
96184 1
96185 1
96186 0
96187 1
96188 2
96189 1
96190 2
96191 2
96192 2
96193 0
96194 1
96195 2
96196 2
96197 0
96198 0
96199 0
96200 1
96201 0
96202 2
96203 1
96204 0
96205 2
96206 2
96207 1
96208 3
96209 2
96210 0
96211 0
96212 0
96213 2
96214 2
96215 1
96216 1
96217 2
96218 0
96219 1
96220 0
96221 0
96222 0
96223 0
96224 0
96225 2
96226 1
96227 2
96228 1
96229 1
96230 2
96231 0
96232 1
96233 2
96234 0
96235 1
96236 3
96237 0
96238 0
96239 1
96240 0
96241 2
96242 0
96243 0
96244 2
96245 0
96246 1
96247 1
96248 2
96249 3
96250 2
96251 3
96252 0
96253 1
96254 1
96255 1
96256 2
96257 2
96258 2
96259 0
96260 0
96261 1
96262 1
96263 1
96264 3
96265 1
96266 0
96267 0
96268 3
96269 1
96270 2
96271 0
96272 1
96273 1
96274 1
96275 1
96276 0
96277 0
96278 1
96279 1
96280 3
96281 1
96282 1
96283 0
96284 2
96285 0
96286 0
96287 1
96288 2
96289 2
96290 0
96291 0
96292 2
96293 2
96294 0
96295 1
96296 0
96297 1
96298 4
96299 1
96300 2
96301 0
96302 1
96303 0
96304 2
96305 0
96306 1
96307 1
96308 2
96309 1
96310 2
96311 0
96312 1
96313 0
96314 1
96315 1
96316 1
96317 1
96318 2
96319 1
96320 2
96321 2
96322 1
96323 2
96324 0
96325 0
96326 1
96327 3
96328 0
96329 1
96330 0
96331 0
96332 0
96333 1
96334 0
96335 2
96336 3
96337 1
96338 0
96339 0
96340 1
96341 2
96342 1
96343 1
96344 2
96345 1
96346 1
96347 1
96348 0
96349 2
96350 2
96351 1
96352 2
96353 2
96354 0
96355 0
96356 0
96357 0
96358 3
96359 1
96360 2
96361 3
96362 1
96363 0
96364 0
96365 0
96366 1
96367 1
96368 2
96369 0
96370 2
96371 1
96372 2
96373 0
96374 2
96375 2
96376 1
96377 1
96378 0
96379 0
96380 0
96381 1
96382 2
96383 0
96384 1
96385 0
96386 1
96387 2
96388 2
96389 0
96390 0
96391 0
96392 2
96393 0
96394 0
96395 1
96396 0
96397 2
96398 2
96399 0
96400 2
96401 2
96402 1
96403 0
96404 0
96405 3
96406 2
96407 1
96408 0
96409 0
96410 1
96411 2
96412 1
96413 1
96414 2
96415 2
96416 2
96417 0
96418 1
96419 1
96420 2
96421 2
96422 1
96423 0
96424 2
96425 1
96426 2
96427 0
96428 1
96429 0
96430 1
96431 1
96432 2
96433 1
96434 0
96435 2
96436 2
96437 1
96438 3
96439 1
96440 1
96441 2
96442 0
96443 0
96444 0
96445 1
96446 0
96447 0
96448 1
96449 1
96450 1
96451 0
96452 0
96453 1
96454 1
96455 2
96456 3
96457 0
96458 3
96459 1
96460 0
96461 2
96462 2
96463 1
96464 2
96465 0
96466 1
96467 2
96468 2
96469 2
96470 1
96471 0
96472 0
96473 1
96474 2
96475 2
96476 0
96477 2
96478 1
96479 1
96480 0
96481 0
96482 3
96483 1
96484 0
96485 1
96486 1
96487 0
96488 2
96489 1
96490 1
96491 0
96492 1
96493 1
96494 0
96495 2
96496 0
96497 0
96498 0
96499 2
96500 3
96501 0
96502 0
96503 0
96504 1
96505 2
96506 1
96507 1
96508 2
96509 1
96510 0
96511 0
96512 2
96513 2
96514 1
96515 0
96516 0
96517 1
96518 1
96519 1
96520 2
96521 0
96522 2
96523 0
96524 2
96525 2
96526 1
96527 0
96528 0
96529 2
96530 1
96531 1
96532 0
96533 3
96534 0
96535 2
96536 1
96537 1
96538 1
96539 0
96540 1
96541 0
96542 1
96543 0
96544 2
96545 2
96546 1
96547 0
96548 1
96549 1
96550 1
96551 1
96552 1
96553 1
96554 2
96555 3
96556 1
96557 3
96558 2
96559 1
96560 1
96561 1
96562 1
96563 1
96564 1
96565 0
96566 0
96567 1
96568 1
96569 0
96570 2
96571 1
96572 2
96573 1
96574 1
96575 2
96576 0
96577 3
96578 2
96579 2
96580 1
96581 0
96582 2
96583 1
96584 2
96585 1
96586 0
96587 2
96588 2
96589 3
96590 2
96591 2
96592 3
96593 1
96594 0
96595 1
96596 0
96597 2
96598 1
96599 1
96600 1
96601 2
96602 0
96603 2
96604 1
96605 3
96606 0
96607 1
96608 1
96609 1
96610 2
96611 0
96612 2
96613 3
96614 1
96615 1
96616 2
96617 0
96618 1
96619 1
96620 2
96621 3
96622 3
96623 1
96624 1
96625 1
96626 1
96627 1
96628 1
96629 1
96630 1
96631 1
96632 0
96633 0
96634 0
96635 2
96636 0
96637 0
96638 1
96639 1
96640 0
96641 3
96642 0
96643 1
96644 0
96645 1
96646 2
96647 1
96648 2
96649 0
96650 0
96651 2
96652 1
96653 3
96654 0
96655 0
96656 2
96657 1
96658 2
96659 2
96660 1
96661 3
96662 2
96663 1
96664 2
96665 3
96666 1
96667 0
96668 2
96669 0
96670 0
96671 0
96672 1
96673 2
96674 2
96675 2
96676 0
96677 1
96678 2
96679 2
96680 2
96681 0
96682 1
96683 1
96684 1
96685 0
96686 0
96687 1
96688 2
96689 2
96690 0
96691 2
96692 0
96693 2
96694 2
96695 0
96696 0
96697 1
96698 1
96699 2
96700 2
96701 0
96702 0
96703 2
96704 2
96705 1
96706 2
96707 2
96708 3
96709 3
96710 2
96711 2
96712 1
96713 3
96714 2
96715 2
96716 0
96717 0
96718 2
96719 3
96720 1
96721 1
96722 1
96723 2
96724 2
96725 0
96726 1
96727 0
96728 2
96729 0
96730 0
96731 3
96732 0
96733 1
96734 1
96735 0
96736 2
96737 0
96738 1
96739 1
96740 0
96741 1
96742 2
96743 0
96744 1
96745 2
96746 1
96747 0
96748 2
96749 0
96750 2
96751 3
96752 0
96753 1
96754 2
96755 2
96756 0
96757 0
96758 1
96759 1
96760 2
96761 2
96762 0
96763 1
96764 3
96765 2
96766 2
96767 2
96768 2
96769 1
96770 3
96771 2
96772 2
96773 1
96774 2
96775 1
96776 2
96777 0
96778 1
96779 0
96780 0
96781 1
96782 1
96783 2
96784 1
96785 2
96786 3
96787 2
96788 0
96789 1
96790 1
96791 2
96792 2
96793 3
96794 0
96795 3
96796 1
96797 1
96798 3
96799 0
96800 2
96801 2
96802 0
96803 2
96804 1
96805 0
96806 3
96807 2
96808 1
96809 1
96810 1
96811 2
96812 2
96813 0
96814 0
96815 0
96816 1
96817 1
96818 0
96819 2
96820 2
96821 0
96822 0
96823 0
96824 1
96825 2
96826 2
96827 1
96828 1
96829 2
96830 0
96831 2
96832 0
96833 0
96834 1
96835 0
96836 2
96837 2
96838 0
96839 1
96840 0
96841 0
96842 3
96843 0
96844 1
96845 1
96846 2
96847 1
96848 0
96849 2
96850 1
96851 0
96852 1
96853 1
96854 3
96855 1
96856 2
96857 3
96858 1
96859 0
96860 0
96861 2
96862 0
96863 1
96864 2
96865 0
96866 0
96867 2
96868 2
96869 2
96870 0
96871 1
96872 0
96873 0
96874 0
96875 0
96876 0
96877 0
96878 0
96879 0
96880 0
96881 2
96882 3
96883 1
96884 0
96885 1
96886 1
96887 0
96888 2
96889 0
96890 0
96891 1
96892 2
96893 1
96894 2
96895 3
96896 1
96897 0
96898 2
96899 0
96900 2
96901 1
96902 1
96903 0
96904 0
96905 1
96906 0
96907 0
96908 0
96909 1
96910 2
96911 1
96912 1
96913 1
96914 1
96915 0
96916 1
96917 2
96918 0
96919 0
96920 2
96921 1
96922 1
96923 1
96924 1
96925 0
96926 1
96927 2
96928 1
96929 0
96930 3
96931 1
96932 1
96933 1
96934 2
96935 2
96936 2
96937 2
96938 0
96939 2
96940 1
96941 2
96942 0
96943 0
96944 0
96945 0
96946 1
96947 1
96948 0
96949 1
96950 1
96951 0
96952 2
96953 1
96954 1
96955 0
96956 1
96957 0
96958 0
96959 0
96960 0
96961 1
96962 3
96963 3
96964 3
96965 1
96966 0
96967 1
96968 2
96969 3
96970 1
96971 3
96972 1
96973 0
96974 2
96975 1
96976 2
96977 1
96978 2
96979 0
96980 3
96981 0
96982 1
96983 1
96984 2
96985 2
96986 1
96987 0
96988 1
96989 1
96990 1
96991 1
96992 1
96993 1
96994 2
96995 3
96996 0
96997 0
96998 0
96999 0
97000 0
97001 1
97002 2
97003 1
97004 0
97005 2
97006 0
97007 2
97008 0
97009 2
97010 1
97011 2
97012 1
97013 1
97014 1
97015 1
97016 0
97017 0
97018 1
97019 0
97020 1
97021 1
97022 0
97023 0
97024 2
97025 1
97026 0
97027 1
97028 0
97029 0
97030 0
97031 1
97032 0
97033 2
97034 1
97035 2
97036 0
97037 0
97038 0
97039 0
97040 2
97041 0
97042 1
97043 2
97044 1
97045 0
97046 0
97047 2
97048 2
97049 1
97050 2
97051 1
97052 2
97053 0
97054 0
97055 0
97056 0
97057 1
97058 0
97059 3
97060 1
97061 2
97062 1
97063 1
97064 1
97065 0
97066 1
97067 1
97068 0
97069 1
97070 1
97071 1
97072 2
97073 1
97074 1
97075 1
97076 0
97077 2
97078 1
97079 3
97080 0
97081 0
97082 0
97083 0
97084 0
97085 2
97086 3
97087 0
97088 0
97089 1
97090 2
97091 2
97092 1
97093 1
97094 0
97095 2
97096 2
97097 3
97098 1
97099 0
97100 2
97101 1
97102 1
97103 0
97104 2
97105 0
97106 0
97107 0
97108 1
97109 2
97110 2
97111 1
97112 2
97113 1
97114 0
97115 0
97116 1
97117 1
97118 0
97119 0
97120 1
97121 1
97122 1
97123 1
97124 1
97125 0
97126 1
97127 2
97128 1
97129 2
97130 2
97131 0
97132 1
97133 1
97134 1
97135 2
97136 1
97137 1
97138 2
97139 1
97140 2
97141 1
97142 1
97143 3
97144 2
97145 1
97146 1
97147 2
97148 1
97149 0
97150 2
97151 1
97152 0
97153 2
97154 1
97155 1
97156 2
97157 0
97158 1
97159 2
97160 0
97161 2
97162 1
97163 0
97164 2
97165 2
97166 2
97167 1
97168 1
97169 3
97170 0
97171 0
97172 0
97173 2
97174 0
97175 1
97176 0
97177 2
97178 0
97179 2
97180 0
97181 1
97182 2
97183 3
97184 1
97185 1
97186 1
97187 1
97188 0
97189 2
97190 2
97191 3
97192 1
97193 2
97194 1
97195 2
97196 2
97197 3
97198 0
97199 2
97200 0
97201 2
97202 0
97203 0
97204 3
97205 1
97206 3
97207 0
97208 1
97209 0
97210 0
97211 1
97212 3
97213 0
97214 3
97215 0
97216 0
97217 1
97218 0
97219 0
97220 0
97221 3
97222 2
97223 0
97224 0
97225 0
97226 0
97227 1
97228 1
97229 2
97230 0
97231 2
97232 1
97233 0
97234 2
97235 0
97236 0
97237 1
97238 3
97239 2
97240 3
97241 1
97242 3
97243 2
97244 2
97245 0
97246 1
97247 1
97248 0
97249 0
97250 2
97251 0
97252 1
97253 3
97254 1
97255 1
97256 2
97257 0
97258 0
97259 0
97260 1
97261 0
97262 1
97263 1
97264 0
97265 2
97266 2
97267 2
97268 0
97269 2
97270 1
97271 3
97272 0
97273 1
97274 2
97275 1
97276 1
97277 1
97278 0
97279 2
97280 0
97281 2
97282 2
97283 2
97284 3
97285 1
97286 2
97287 0
97288 3
97289 1
97290 2
97291 2
97292 1
97293 1
97294 2
97295 1
97296 0
97297 1
97298 0
97299 3
97300 0
97301 3
97302 2
97303 1
97304 0
97305 2
97306 1
97307 2
97308 0
97309 2
97310 0
97311 1
97312 1
97313 2
97314 0
97315 0
97316 1
97317 0
97318 1
97319 0
97320 2
97321 1
97322 0
97323 3
97324 3
97325 1
97326 1
97327 1
97328 1
97329 0
97330 0
97331 3
97332 2
97333 0
97334 1
97335 0
97336 0
97337 2
97338 1
97339 0
97340 0
97341 2
97342 2
97343 1
97344 2
97345 1
97346 0
97347 0
97348 2
97349 1
97350 0
97351 1
97352 0
97353 3
97354 0
97355 1
97356 2
97357 3
97358 3
97359 0
97360 2
97361 0
97362 2
97363 0
97364 0
97365 0
97366 2
97367 2
97368 0
97369 0
97370 2
97371 1
97372 1
97373 1
97374 0
97375 1
97376 0
97377 1
97378 1
97379 2
97380 2
97381 1
97382 2
97383 0
97384 0
97385 2
97386 0
97387 3
97388 0
97389 2
97390 2
97391 0
97392 3
97393 0
97394 1
97395 2
97396 1
97397 1
97398 2
97399 2
97400 3
97401 2
97402 1
97403 1
97404 1
97405 3
97406 1
97407 1
97408 1
97409 0
97410 1
97411 0
97412 0
97413 2
97414 0
97415 1
97416 0
97417 2
97418 0
97419 3
97420 0
97421 2
97422 0
97423 0
97424 3
97425 1
97426 2
97427 1
97428 1
97429 1
97430 0
97431 2
97432 0
97433 0
97434 2
97435 1
97436 1
97437 2
97438 1
97439 0
97440 2
97441 0
97442 1
97443 2
97444 2
97445 2
97446 2
97447 0
97448 1
97449 1
97450 2
97451 0
97452 3
97453 1
97454 1
97455 1
97456 2
97457 3
97458 0
97459 1
97460 1
97461 0
97462 1
97463 2
97464 2
97465 1
97466 1
97467 1
97468 2
97469 1
97470 1
97471 1
97472 2
97473 3
97474 1
97475 3
97476 0
97477 1
97478 1
97479 0
97480 2
97481 0
97482 1
97483 0
97484 0
97485 0
97486 1
97487 2
97488 0
97489 2
97490 1
97491 1
97492 0
97493 1
97494 0
97495 2
97496 0
97497 2
97498 0
97499 0
97500 1
97501 3
97502 1
97503 1
97504 2
97505 0
97506 1
97507 1
97508 0
97509 0
97510 2
97511 0
97512 0
97513 0
97514 2
97515 1
97516 2
97517 1
97518 0
97519 2
97520 2
97521 3
97522 2
97523 0
97524 0
97525 0
97526 1
97527 0
97528 0
97529 2
97530 0
97531 0
97532 2
97533 0
97534 3
97535 0
97536 1
97537 1
97538 1
97539 2
97540 1
97541 1
97542 1
97543 2
97544 2
97545 0
97546 1
97547 0
97548 1
97549 1
97550 1
97551 0
97552 0
97553 1
97554 0
97555 2
97556 1
97557 1
97558 1
97559 1
97560 2
97561 1
97562 2
97563 1
97564 1
97565 1
97566 1
97567 2
97568 2
97569 2
97570 2
97571 0
97572 2
97573 2
97574 1
97575 2
97576 0
97577 0
97578 0
97579 2
97580 1
97581 2
97582 1
97583 1
97584 0
97585 0
97586 2
97587 3
97588 0
97589 1
97590 0
97591 0
97592 1
97593 0
97594 1
97595 3
97596 1
97597 1
97598 0
97599 2
97600 0
97601 0
97602 3
97603 0
97604 0
97605 0
97606 0
97607 2
97608 1
97609 1
97610 0
97611 2
97612 2
97613 3
97614 0
97615 0
97616 2
97617 0
97618 0
97619 2
97620 2
97621 2
97622 2
97623 1
97624 2
97625 0
97626 1
97627 1
97628 1
97629 1
97630 1
97631 2
97632 0
97633 1
97634 1
97635 0
97636 0
97637 2
97638 0
97639 1
97640 0
97641 0
97642 1
97643 2
97644 2
97645 2
97646 2
97647 1
97648 0
97649 2
97650 1
97651 1
97652 0
97653 2
97654 1
97655 2
97656 1
97657 2
97658 0
97659 0
97660 1
97661 1
97662 2
97663 3
97664 1
97665 1
97666 0
97667 0
97668 0
97669 3
97670 1
97671 0
97672 1
97673 0
97674 0
97675 0
97676 0
97677 0
97678 0
97679 2
97680 1
97681 2
97682 0
97683 1
97684 0
97685 1
97686 2
97687 0
97688 1
97689 1
97690 2
97691 1
97692 1
97693 2
97694 0
97695 3
97696 1
97697 1
97698 1
97699 0
97700 0
97701 0
97702 1
97703 3
97704 2
97705 1
97706 0
97707 1
97708 1
97709 2
97710 2
97711 2
97712 1
97713 0
97714 2
97715 0
97716 2
97717 2
97718 1
97719 2
97720 0
97721 0
97722 2
97723 1
97724 2
97725 0
97726 1
97727 2
97728 1
97729 0
97730 1
97731 1
97732 0
97733 3
97734 1
97735 2
97736 0
97737 1
97738 0
97739 2
97740 1
97741 2
97742 1
97743 1
97744 3
97745 0
97746 3
97747 0
97748 1
97749 2
97750 1
97751 2
97752 0
97753 1
97754 2
97755 1
97756 0
97757 2
97758 2
97759 0
97760 3
97761 2
97762 1
97763 0
97764 0
97765 0
97766 0
97767 2
97768 1
97769 2
97770 1
97771 2
97772 1
97773 0
97774 2
97775 2
97776 1
97777 2
97778 0
97779 0
97780 1
97781 2
97782 0
97783 2
97784 1
97785 0
97786 0
97787 0
97788 1
97789 0
97790 1
97791 1
97792 0
97793 1
97794 1
97795 2
97796 2
97797 1
97798 1
97799 2
97800 1
97801 1
97802 0
97803 2
97804 0
97805 1
97806 2
97807 1
97808 0
97809 1
97810 1
97811 0
97812 0
97813 1
97814 1
97815 1
97816 1
97817 1
97818 0
97819 2
97820 1
97821 2
97822 1
97823 2
97824 0
97825 1
97826 2
97827 1
97828 2
97829 0
97830 2
97831 0
97832 2
97833 0
97834 1
97835 1
97836 0
97837 1
97838 0
97839 1
97840 0
97841 1
97842 1
97843 2
97844 1
97845 0
97846 0
97847 1
97848 0
97849 2
97850 0
97851 0
97852 3
97853 0
97854 3
97855 1
97856 1
97857 0
97858 0
97859 3
97860 2
97861 1
97862 2
97863 1
97864 2
97865 0
97866 0
97867 2
97868 2
97869 1
97870 3
97871 0
97872 2
97873 0
97874 1
97875 1
97876 2
97877 0
97878 0
97879 3
97880 2
97881 1
97882 2
97883 1
97884 0
97885 0
97886 1
97887 2
97888 1
97889 1
97890 0
97891 2
97892 2
97893 2
97894 1
97895 0
97896 2
97897 0
97898 1
97899 1
97900 0
97901 1
97902 1
97903 1
97904 0
97905 0
97906 1
97907 0
97908 2
97909 1
97910 2
97911 2
97912 1
97913 0
97914 0
97915 2
97916 2
97917 0
97918 1
97919 2
97920 0
97921 0
97922 1
97923 1
97924 3
97925 1
97926 1
97927 3
97928 1
97929 2
97930 1
97931 0
97932 0
97933 0
97934 3
97935 3
97936 1
97937 0
97938 1
97939 0
97940 2
97941 0
97942 0
97943 3
97944 2
97945 1
97946 2
97947 2
97948 0
97949 1
97950 1
97951 0
97952 1
97953 0
97954 2
97955 2
97956 1
97957 1
97958 1
97959 1
97960 2
97961 2
97962 1
97963 0
97964 0
97965 0
97966 3
97967 0
97968 2
97969 1
97970 0
97971 3
97972 2
97973 1
97974 0
97975 1
97976 1
97977 1
97978 0
97979 1
97980 0
97981 1
97982 1
97983 0
97984 0
97985 3
97986 2
97987 0
97988 0
97989 2
97990 0
97991 1
97992 0
97993 3
97994 2
97995 2
97996 2
97997 0
97998 1
97999 1
98000 0
98001 0
98002 2
98003 2
98004 2
98005 2
98006 0
98007 3
98008 1
98009 1
98010 0
98011 1
98012 0
98013 1
98014 1
98015 2
98016 2
98017 0
98018 0
98019 1
98020 1
98021 0
98022 1
98023 0
98024 0
98025 0
98026 1
98027 1
98028 1
98029 1
98030 2
98031 0
98032 2
98033 2
98034 1
98035 1
98036 3
98037 0
98038 0
98039 0
98040 1
98041 2
98042 3
98043 0
98044 0
98045 3
98046 0
98047 0
98048 2
98049 3
98050 0
98051 2
98052 2
98053 0
98054 0
98055 1
98056 1
98057 3
98058 0
98059 0
98060 0
98061 1
98062 0
98063 2
98064 3
98065 0
98066 0
98067 0
98068 0
98069 0
98070 0
98071 1
98072 1
98073 2
98074 1
98075 2
98076 1
98077 0
98078 2
98079 1
98080 1
98081 0
98082 0
98083 2
98084 2
98085 2
98086 1
98087 0
98088 1
98089 1
98090 2
98091 3
98092 0
98093 1
98094 1
98095 2
98096 2
98097 2
98098 0
98099 3
98100 1
98101 0
98102 0
98103 1
98104 0
98105 2
98106 2
98107 0
98108 0
98109 1
98110 2
98111 1
98112 0
98113 0
98114 0
98115 1
98116 3
98117 1
98118 2
98119 1
98120 1
98121 2
98122 1
98123 2
98124 2
98125 0
98126 0
98127 1
98128 0
98129 0
98130 0
98131 0
98132 1
98133 2
98134 2
98135 2
98136 2
98137 2
98138 1
98139 1
98140 2
98141 0
98142 0
98143 1
98144 2
98145 1
98146 0
98147 0
98148 0
98149 1
98150 1
98151 0
98152 1
98153 1
98154 1
98155 1
98156 0
98157 1
98158 0
98159 1
98160 0
98161 1
98162 0
98163 1
98164 0
98165 1
98166 0
98167 2
98168 0
98169 1
98170 0
98171 0
98172 2
98173 2
98174 1
98175 1
98176 0
98177 2
98178 0
98179 2
98180 2
98181 0
98182 3
98183 3
98184 1
98185 3
98186 1
98187 2
98188 3
98189 3
98190 0
98191 0
98192 0
98193 2
98194 2
98195 1
98196 1
98197 1
98198 0
98199 3
98200 0
98201 1
98202 2
98203 3
98204 1
98205 2
98206 1
98207 0
98208 0
98209 0
98210 1
98211 1
98212 0
98213 1
98214 0
98215 2
98216 0
98217 1
98218 0
98219 0
98220 0
98221 2
98222 1
98223 2
98224 2
98225 1
98226 0
98227 1
98228 0
98229 1
98230 0
98231 0
98232 1
98233 1
98234 2
98235 2
98236 1
98237 0
98238 0
98239 1
98240 2
98241 0
98242 1
98243 1
98244 3
98245 2
98246 1
98247 0
98248 0
98249 1
98250 1
98251 1
98252 0
98253 2
98254 1
98255 2
98256 0
98257 1
98258 0
98259 1
98260 2
98261 0
98262 2
98263 1
98264 0
98265 2
98266 1
98267 0
98268 1
98269 0
98270 0
98271 0
98272 1
98273 1
98274 0
98275 2
98276 2
98277 0
98278 2
98279 3
98280 2
98281 4
98282 0
98283 2
98284 0
98285 2
98286 0
98287 0
98288 1
98289 0
98290 0
98291 0
98292 1
98293 0
98294 0
98295 0
98296 0
98297 0
98298 1
98299 2
98300 2
98301 1
98302 0
98303 2
98304 1
98305 2
98306 2
98307 1
98308 0
98309 2
98310 2
98311 1
98312 1
98313 0
98314 1
98315 0
98316 0
98317 1
98318 2
98319 1
98320 1
98321 1
98322 0
98323 1
98324 2
98325 1
98326 0
98327 2
98328 1
98329 0
98330 1
98331 0
98332 0
98333 1
98334 0
98335 0
98336 2
98337 1
98338 0
98339 2
98340 1
98341 1
98342 1
98343 1
98344 1
98345 0
98346 2
98347 2
98348 0
98349 0
98350 2
98351 1
98352 0
98353 0
98354 0
98355 0
98356 1
98357 1
98358 0
98359 0
98360 2
98361 0
98362 1
98363 0
98364 0
98365 1
98366 0
98367 1
98368 0
98369 2
98370 1
98371 0
98372 2
98373 1
98374 1
98375 1
98376 2
98377 1
98378 0
98379 2
98380 2
98381 0
98382 1
98383 1
98384 2
98385 0
98386 0
98387 3
98388 0
98389 1
98390 1
98391 1
98392 0
98393 1
98394 0
98395 0
98396 1
98397 2
98398 2
98399 0
98400 1
98401 0
98402 0
98403 3
98404 1
98405 1
98406 0
98407 1
98408 0
98409 1
98410 1
98411 0
98412 0
98413 0
98414 0
98415 0
98416 0
98417 1
98418 0
98419 0
98420 0
98421 0
98422 1
98423 3
98424 1
98425 0
98426 2
98427 2
98428 0
98429 0
98430 1
98431 0
98432 1
98433 2
98434 2
98435 1
98436 1
98437 1
98438 1
98439 0
98440 1
98441 1
98442 0
98443 2
98444 1
98445 1
98446 3
98447 0
98448 2
98449 0
98450 1
98451 2
98452 1
98453 2
98454 1
98455 1
98456 2
98457 1
98458 1
98459 0
98460 2
98461 2
98462 1
98463 0
98464 0
98465 2
98466 2
98467 2
98468 1
98469 0
98470 2
98471 0
98472 0
98473 0
98474 1
98475 2
98476 3
98477 1
98478 0
98479 0
98480 0
98481 0
98482 0
98483 2
98484 0
98485 2
98486 0
98487 0
98488 0
98489 1
98490 0
98491 0
98492 1
98493 1
98494 1
98495 0
98496 2
98497 2
98498 0
98499 1
98500 2
98501 2
98502 0
98503 1
98504 2
98505 0
98506 2
98507 0
98508 1
98509 2
98510 0
98511 0
98512 0
98513 3
98514 0
98515 1
98516 0
98517 1
98518 0
98519 1
98520 2
98521 1
98522 2
98523 0
98524 0
98525 1
98526 3
98527 2
98528 0
98529 1
98530 1
98531 3
98532 1
98533 1
98534 1
98535 0
98536 0
98537 2
98538 0
98539 3
98540 2
98541 2
98542 2
98543 0
98544 0
98545 1
98546 3
98547 2
98548 1
98549 1
98550 2
98551 2
98552 0
98553 1
98554 1
98555 1
98556 2
98557 0
98558 0
98559 3
98560 1
98561 1
98562 1
98563 2
98564 3
98565 2
98566 2
98567 1
98568 1
98569 1
98570 1
98571 0
98572 1
98573 1
98574 1
98575 1
98576 1
98577 1
98578 0
98579 1
98580 2
98581 0
98582 0
98583 0
98584 1
98585 1
98586 0
98587 4
98588 0
98589 0
98590 1
98591 0
98592 0
98593 2
98594 0
98595 0
98596 0
98597 1
98598 2
98599 0
98600 0
98601 1
98602 1
98603 0
98604 2
98605 2
98606 1
98607 0
98608 0
98609 0
98610 2
98611 1
98612 2
98613 1
98614 0
98615 0
98616 3
98617 2
98618 1
98619 0
98620 0
98621 0
98622 0
98623 0
98624 1
98625 0
98626 0
98627 0
98628 2
98629 1
98630 2
98631 3
98632 0
98633 0
98634 0
98635 2
98636 2
98637 2
98638 3
98639 1
98640 2
98641 2
98642 2
98643 1
98644 1
98645 1
98646 1
98647 1
98648 1
98649 1
98650 0
98651 2
98652 1
98653 1
98654 0
98655 2
98656 2
98657 1
98658 2
98659 2
98660 1
98661 2
98662 1
98663 2
98664 1
98665 0
98666 1
98667 0
98668 2
98669 2
98670 0
98671 0
98672 0
98673 2
98674 2
98675 0
98676 0
98677 1
98678 0
98679 3
98680 2
98681 2
98682 1
98683 0
98684 2
98685 0
98686 1
98687 3
98688 1
98689 0
98690 0
98691 1
98692 1
98693 0
98694 1
98695 2
98696 1
98697 2
98698 1
98699 1
98700 3
98701 2
98702 2
98703 1
98704 0
98705 2
98706 3
98707 0
98708 2
98709 2
98710 0
98711 3
98712 1
98713 1
98714 3
98715 2
98716 0
98717 2
98718 0
98719 0
98720 0
98721 0
98722 0
98723 0
98724 1
98725 2
98726 0
98727 0
98728 0
98729 0
98730 2
98731 0
98732 0
98733 1
98734 0
98735 2
98736 1
98737 1
98738 0
98739 1
98740 1
98741 1
98742 0
98743 0
98744 4
98745 1
98746 2
98747 0
98748 1
98749 0
98750 1
98751 2
98752 0
98753 0
98754 0
98755 0
98756 0
98757 1
98758 1
98759 1
98760 0
98761 3
98762 2
98763 1
98764 2
98765 1
98766 2
98767 2
98768 1
98769 0
98770 1
98771 0
98772 0
98773 3
98774 1
98775 0
98776 1
98777 1
98778 2
98779 1
98780 0
98781 1
98782 2
98783 1
98784 0
98785 2
98786 0
98787 1
98788 0
98789 1
98790 1
98791 2
98792 1
98793 2
98794 1
98795 0
98796 1
98797 0
98798 1
98799 0
98800 0
98801 0
98802 0
98803 2
98804 2
98805 0
98806 2
98807 0
98808 0
98809 0
98810 0
98811 2
98812 2
98813 0
98814 0
98815 2
98816 2
98817 0
98818 2
98819 2
98820 0
98821 0
98822 0
98823 1
98824 2
98825 3
98826 0
98827 3
98828 1
98829 2
98830 2
98831 0
98832 2
98833 0
98834 2
98835 2
98836 2
98837 1
98838 2
98839 0
98840 1
98841 1
98842 2
98843 0
98844 1
98845 1
98846 1
98847 1
98848 2
98849 0
98850 0
98851 0
98852 0
98853 2
98854 2
98855 2
98856 2
98857 2
98858 0
98859 2
98860 0
98861 2
98862 3
98863 3
98864 0
98865 1
98866 2
98867 1
98868 2
98869 3
98870 1
98871 0
98872 1
98873 3
98874 0
98875 1
98876 0
98877 1
98878 0
98879 0
98880 2
98881 0
98882 0
98883 1
98884 1
98885 0
98886 1
98887 0
98888 0
98889 3
98890 1
98891 2
98892 0
98893 2
98894 1
98895 0
98896 0
98897 3
98898 3
98899 0
98900 1
98901 1
98902 1
98903 2
98904 1
98905 2
98906 0
98907 3
98908 0
98909 1
98910 0
98911 2
98912 1
98913 2
98914 2
98915 1
98916 1
98917 1
98918 1
98919 1
98920 0
98921 1
98922 0
98923 1
98924 1
98925 1
98926 0
98927 0
98928 0
98929 2
98930 2
98931 0
98932 1
98933 2
98934 3
98935 1
98936 2
98937 1
98938 3
98939 1
98940 1
98941 0
98942 1
98943 0
98944 1
98945 2
98946 0
98947 2
98948 0
98949 2
98950 0
98951 0
98952 2
98953 0
98954 3
98955 0
98956 2
98957 2
98958 2
98959 0
98960 1
98961 1
98962 0
98963 2
98964 3
98965 2
98966 0
98967 2
98968 2
98969 1
98970 3
98971 0
98972 1
98973 1
98974 0
98975 1
98976 1
98977 0
98978 3
98979 1
98980 0
98981 1
98982 0
98983 2
98984 2
98985 1
98986 0
98987 1
98988 1
98989 1
98990 0
98991 0
98992 1
98993 2
98994 2
98995 1
98996 1
98997 0
98998 2
98999 0
99000 0
99001 0
99002 0
99003 2
99004 0
99005 0
99006 1
99007 2
99008 2
99009 0
99010 1
99011 0
99012 1
99013 0
99014 3
99015 1
99016 1
99017 1
99018 1
99019 1
99020 0
99021 3
99022 1
99023 3
99024 0
99025 0
99026 0
99027 2
99028 1
99029 2
99030 0
99031 2
99032 0
99033 0
99034 0
99035 0
99036 0
99037 1
99038 1
99039 1
99040 0
99041 2
99042 2
99043 0
99044 0
99045 0
99046 1
99047 0
99048 1
99049 2
99050 1
99051 0
99052 1
99053 0
99054 1
99055 2
99056 0
99057 1
99058 2
99059 0
99060 1
99061 0
99062 0
99063 0
99064 1
99065 0
99066 2
99067 0
99068 1
99069 1
99070 0
99071 0
99072 2
99073 0
99074 2
99075 2
99076 2
99077 0
99078 2
99079 3
99080 1
99081 2
99082 2
99083 0
99084 2
99085 0
99086 1
99087 1
99088 1
99089 1
99090 0
99091 2
99092 0
99093 1
99094 0
99095 0
99096 1
99097 1
99098 0
99099 3
99100 1
99101 1
99102 2
99103 1
99104 1
99105 2
99106 1
99107 2
99108 1
99109 1
99110 0
99111 2
99112 0
99113 1
99114 0
99115 0
99116 1
99117 0
99118 1
99119 0
99120 0
99121 1
99122 2
99123 2
99124 1
99125 1
99126 1
99127 1
99128 1
99129 1
99130 0
99131 0
99132 1
99133 2
99134 1
99135 2
99136 1
99137 0
99138 1
99139 0
99140 1
99141 2
99142 1
99143 1
99144 2
99145 1
99146 2
99147 2
99148 0
99149 1
99150 2
99151 0
99152 0
99153 1
99154 2
99155 0
99156 0
99157 0
99158 1
99159 2
99160 2
99161 0
99162 0
99163 3
99164 1
99165 1
99166 0
99167 1
99168 1
99169 0
99170 0
99171 0
99172 0
99173 0
99174 0
99175 2
99176 3
99177 3
99178 1
99179 1
99180 1
99181 2
99182 1
99183 0
99184 2
99185 1
99186 0
99187 1
99188 0
99189 0
99190 2
99191 0
99192 1
99193 0
99194 0
99195 3
99196 1
99197 0
99198 3
99199 0
99200 3
99201 1
99202 0
99203 1
99204 0
99205 2
99206 2
99207 1
99208 2
99209 0
99210 0
99211 1
99212 2
99213 2
99214 1
99215 0
99216 0
99217 1
99218 1
99219 1
99220 2
99221 1
99222 1
99223 0
99224 2
99225 0
99226 3
99227 1
99228 0
99229 0
99230 0
99231 0
99232 2
99233 0
99234 2
99235 2
99236 0
99237 1
99238 2
99239 0
99240 1
99241 1
99242 0
99243 0
99244 2
99245 0
99246 2
99247 0
99248 2
99249 1
99250 1
99251 1
99252 1
99253 0
99254 2
99255 1
99256 2
99257 2
99258 2
99259 0
99260 1
99261 1
99262 2
99263 2
99264 0
99265 1
99266 0
99267 2
99268 2
99269 1
99270 0
99271 1
99272 1
99273 0
99274 3
99275 3
99276 1
99277 0
99278 0
99279 2
99280 0
99281 1
99282 0
99283 1
99284 0
99285 1
99286 2
99287 2
99288 0
99289 0
99290 1
99291 1
99292 0
99293 0
99294 2
99295 1
99296 0
99297 1
99298 2
99299 0
99300 2
99301 0
99302 0
99303 2
99304 2
99305 1
99306 1
99307 0
99308 2
99309 0
99310 0
99311 1
99312 2
99313 0
99314 1
99315 2
99316 2
99317 0
99318 2
99319 0
99320 2
99321 0
99322 2
99323 1
99324 1
99325 1
99326 2
99327 2
99328 1
99329 2
99330 1
99331 1
99332 0
99333 2
99334 0
99335 0
99336 1
99337 2
99338 2
99339 0
99340 1
99341 2
99342 0
99343 2
99344 0
99345 0
99346 0
99347 2
99348 1
99349 1
99350 2
99351 0
99352 1
99353 1
99354 4
99355 1
99356 0
99357 1
99358 2
99359 1
99360 0
99361 3
99362 1
99363 0
99364 0
99365 2
99366 0
99367 2
99368 0
99369 1
99370 2
99371 0
99372 2
99373 0
99374 0
99375 1
99376 0
99377 1
99378 0
99379 2
99380 2
99381 2
99382 2
99383 1
99384 0
99385 0
99386 2
99387 0
99388 2
99389 0
99390 2
99391 1
99392 2
99393 1
99394 0
99395 2
99396 2
99397 1
99398 2
99399 0
99400 2
99401 3
99402 0
99403 2
99404 1
99405 0
99406 0
99407 2
99408 1
99409 1
99410 2
99411 1
99412 2
99413 2
99414 2
99415 3
99416 0
99417 0
99418 2
99419 0
99420 0
99421 3
99422 1
99423 2
99424 1
99425 2
99426 1
99427 2
99428 1
99429 0
99430 2
99431 2
99432 3
99433 1
99434 2
99435 0
99436 2
99437 1
99438 1
99439 1
99440 2
99441 0
99442 0
99443 2
99444 0
99445 2
99446 1
99447 0
99448 1
99449 0
99450 2
99451 1
99452 3
99453 2
99454 2
99455 2
99456 2
99457 2
99458 1
99459 3
99460 2
99461 1
99462 0
99463 1
99464 1
99465 1
99466 0
99467 0
99468 1
99469 0
99470 0
99471 0
99472 0
99473 0
99474 0
99475 1
99476 0
99477 1
99478 3
99479 0
99480 0
99481 0
99482 0
99483 0
99484 0
99485 1
99486 1
99487 2
99488 1
99489 1
99490 2
99491 2
99492 3
99493 0
99494 0
99495 2
99496 0
99497 0
99498 1
99499 2
99500 0
99501 2
99502 0
99503 2
99504 0
99505 2
99506 1
99507 1
99508 0
99509 0
99510 1
99511 1
99512 1
99513 2
99514 1
99515 0
99516 2
99517 1
99518 2
99519 2
99520 0
99521 0
99522 2
99523 0
99524 0
99525 0
99526 0
99527 2
99528 2
99529 1
99530 0
99531 0
99532 0
99533 0
99534 2
99535 0
99536 0
99537 1
99538 3
99539 2
99540 1
99541 2
99542 2
99543 1
99544 1
99545 0
99546 0
99547 1
99548 1
99549 1
99550 0
99551 0
99552 2
99553 0
99554 0
99555 1
99556 2
99557 0
99558 1
99559 2
99560 2
99561 0
99562 0
99563 1
99564 1
99565 2
99566 2
99567 2
99568 2
99569 0
99570 0
99571 0
99572 1
99573 2
99574 1
99575 2
99576 1
99577 0
99578 0
99579 2
99580 2
99581 0
99582 1
99583 1
99584 2
99585 2
99586 2
99587 1
99588 2
99589 2
99590 1
99591 1
99592 1
99593 2
99594 0
99595 0
99596 0
99597 0
99598 1
99599 1
99600 2
99601 2
99602 2
99603 0
99604 2
99605 2
99606 2
99607 1
99608 0
99609 2
99610 1
99611 0
99612 2
99613 0
99614 1
99615 0
99616 2
99617 0
99618 1
99619 0
99620 0
99621 2
99622 2
99623 1
99624 1
99625 2
99626 1
99627 2
99628 0
99629 1
99630 0
99631 3
99632 1
99633 0
99634 1
99635 1
99636 1
99637 2
99638 0
99639 0
99640 2
99641 0
99642 1
99643 1
99644 1
99645 1
99646 2
99647 1
99648 0
99649 1
99650 2
99651 1
99652 2
99653 0
99654 0
99655 0
99656 0
99657 1
99658 1
99659 0
99660 0
99661 1
99662 2
99663 2
99664 1
99665 2
99666 1
99667 0
99668 2
99669 0
99670 3
99671 2
99672 1
99673 0
99674 0
99675 1
99676 0
99677 1
99678 0
99679 1
99680 0
99681 0
99682 1
99683 2
99684 2
99685 1
99686 1
99687 1
99688 1
99689 0
99690 1
99691 2
99692 1
99693 2
99694 0
99695 0
99696 0
99697 1
99698 1
99699 2
99700 1
99701 0
99702 0
99703 1
99704 0
99705 0
99706 1
99707 0
99708 1
99709 3
99710 2
99711 1
99712 1
99713 3
99714 3
99715 1
99716 1
99717 0
99718 0
99719 0
99720 1
99721 2
99722 0
99723 2
99724 1
99725 2
99726 1
99727 0
99728 0
99729 1
99730 0
99731 1
99732 1
99733 2
99734 2
99735 1
99736 1
99737 0
99738 3
99739 0
99740 1
99741 2
99742 0
99743 1
99744 2
99745 0
99746 1
99747 1
99748 0
99749 3
99750 1
99751 0
99752 0
99753 2
99754 2
99755 0
99756 1
99757 1
99758 1
99759 1
99760 1
99761 0
99762 2
99763 2
99764 1
99765 2
99766 1
99767 2
99768 2
99769 0
99770 0
99771 2
99772 0
99773 2
99774 0
99775 2
99776 0
99777 3
99778 3
99779 1
99780 0
99781 1
99782 1
99783 2
99784 1
99785 0
99786 2
99787 2
99788 3
99789 1
99790 0
99791 0
99792 1
99793 1
99794 1
99795 0
99796 0
99797 1
99798 1
99799 2
99800 0
99801 1
99802 1
99803 0
99804 1
99805 1
99806 1
99807 2
99808 1
99809 2
99810 2
99811 0
99812 2
99813 0
99814 2
99815 1
99816 1
99817 0
99818 1
99819 1
99820 0
99821 0
99822 1
99823 2
99824 1
99825 2
99826 2
99827 2
99828 1
99829 2
99830 3
99831 3
99832 0
99833 0
99834 2
99835 1
99836 2
99837 1
99838 1
99839 3
99840 0
99841 0
99842 0
99843 1
99844 0
99845 1
99846 2
99847 2
99848 1
99849 2
99850 2
99851 0
99852 2
99853 2
99854 2
99855 0
99856 1
99857 1
99858 0
99859 1
99860 2
99861 0
99862 1
99863 0
99864 0
99865 0
99866 1
99867 1
99868 1
99869 1
99870 0
99871 2
99872 0
99873 0
99874 0
99875 2
99876 1
99877 1
99878 1
99879 0
99880 2
99881 0
99882 0
99883 0
99884 2
99885 1
99886 0
99887 1
99888 3
99889 1
99890 0
99891 1
99892 1
99893 2
99894 1
99895 0
99896 2
99897 0
99898 0
99899 1
99900 2
99901 1
99902 1
99903 1
99904 3
99905 1
99906 1
99907 0
99908 2
99909 3
99910 0
99911 1
99912 0
99913 2
99914 2
99915 1
99916 0
99917 1
99918 0
99919 1
99920 1
99921 1
99922 1
99923 1
99924 1
99925 1
99926 2
99927 1
99928 1
99929 0
99930 0
99931 1
99932 2
99933 2
99934 1
99935 0
99936 1
99937 0
99938 0
99939 2
99940 1
99941 1
99942 0
99943 0
99944 2
99945 2
99946 3
99947 0
99948 1
99949 2
99950 0
99951 1
99952 1
99953 2
99954 1
99955 0
99956 0
99957 1
99958 2
99959 0
99960 3
99961 1
99962 1
99963 1
99964 3
99965 2
99966 2
99967 2
99968 0
99969 0
99970 0
99971 3
99972 1
99973 2
99974 2
99975 1
99976 0
99977 0
99978 0
99979 0
99980 1
99981 0
99982 2
99983 0
99984 0
99985 0
99986 2
99987 1
99988 1
99989 1
99990 2
99991 2
99992 0
99993 2
99994 2
99995 1
99996 0
99997 1
99998 2
99999 2
Colors used: 5
Valid coloring: true
Execution time: 4.75443 ms
