Algorithm: Greedy Vertex Coloring
Vertex colors:
0 1
1 2
2 1
3 0
4 3
5 2
6 0
7 0
8 0
9 0
10 1
11 1
12 1
13 1
14 1
15 2
16 2
17 0
18 0
19 2
20 1
21 0
22 1
23 1
24 0
25 0
26 0
27 2
28 2
29 0
30 0
31 1
32 2
33 1
34 0
35 2
36 1
37 1
38 2
39 0
40 0
41 2
42 1
43 1
44 0
45 2
46 2
47 0
48 2
49 1
50 0
51 1
52 0
53 1
54 0
55 0
56 3
57 1
58 1
59 1
60 1
61 1
62 1
63 2
64 2
65 2
66 1
67 2
68 2
69 1
70 0
71 1
72 0
73 0
74 1
75 1
76 0
77 0
78 0
79 1
80 0
81 1
82 0
83 1
84 0
85 0
86 0
87 0
88 1
89 2
90 0
91 0
92 2
93 0
94 1
95 2
96 0
97 1
98 0
99 1
100 2
101 1
102 0
103 1
104 1
105 2
106 1
107 0
108 0
109 2
110 1
111 0
112 0
113 2
114 1
115 1
116 0
117 0
118 1
119 2
120 2
121 0
122 2
123 2
124 2
125 0
126 1
127 0
128 2
129 1
130 0
131 2
132 1
133 0
134 1
135 2
136 0
137 0
138 1
139 3
140 0
141 0
142 2
143 1
144 2
145 1
146 0
147 1
148 2
149 1
150 0
151 0
152 0
153 1
154 1
155 2
156 0
157 0
158 2
159 2
160 0
161 3
162 0
163 1
164 0
165 1
166 0
167 1
168 0
169 1
170 2
171 3
172 2
173 1
174 0
175 0
176 2
177 0
178 1
179 1
180 1
181 2
182 1
183 3
184 2
185 1
186 0
187 1
188 2
189 1
190 0
191 0
192 1
193 0
194 2
195 0
196 1
197 1
198 0
199 1
200 2
201 0
202 0
203 1
204 1
205 0
206 0
207 1
208 2
209 0
210 3
211 3
212 0
213 0
214 2
215 3
216 1
217 0
218 2
219 1
220 1
221 0
222 1
223 0
224 1
225 1
226 2
227 2
228 1
229 2
230 2
231 2
232 0
233 2
234 0
235 1
236 1
237 1
238 0
239 0
240 1
241 1
242 0
243 2
244 1
245 1
246 0
247 2
248 3
249 3
250 1
251 1
252 1
253 0
254 1
255 0
256 0
257 1
258 1
259 0
260 2
261 1
262 0
263 2
264 1
265 0
266 2
267 1
268 0
269 2
270 3
271 1
272 0
273 1
274 0
275 0
276 1
277 1
278 1
279 1
280 0
281 0
282 1
283 2
284 1
285 3
286 0
287 2
288 3
289 2
290 2
291 0
292 0
293 2
294 0
295 1
296 0
297 3
298 0
299 1
300 3
301 2
302 2
303 0
304 2
305 1
306 0
307 0
308 1
309 1
310 2
311 1
312 1
313 0
314 3
315 1
316 0
317 2
318 0
319 2
320 1
321 1
322 2
323 0
324 2
325 2
326 0
327 3
328 1
329 0
330 3
331 2
332 0
333 0
334 0
335 1
336 0
337 2
338 0
339 1
340 0
341 0
342 2
343 1
344 1
345 0
346 1
347 2
348 1
349 1
350 0
351 2
352 1
353 2
354 0
355 0
356 0
357 1
358 1
359 2
360 3
361 2
362 2
363 0
364 1
365 1
366 0
367 1
368 1
369 1
370 2
371 2
372 0
373 1
374 2
375 0
376 0
377 2
378 1
379 1
380 2
381 0
382 1
383 1
384 0
385 1
386 0
387 0
388 1
389 1
390 2
391 1
392 1
393 1
394 0
395 1
396 0
397 0
398 1
399 2
400 2
401 1
402 1
403 0
404 1
405 0
406 0
407 3
408 1
409 2
410 0
411 0
412 2
413 1
414 1
415 1
416 1
417 2
418 0
419 1
420 2
421 1
422 1
423 1
424 1
425 0
426 0
427 0
428 0
429 0
430 1
431 0
432 1
433 3
434 1
435 1
436 0
437 0
438 2
439 0
440 0
441 1
442 0
443 0
444 2
445 2
446 3
447 1
448 1
449 1
450 2
451 1
452 1
453 2
454 0
455 3
456 1
457 1
458 3
459 0
460 1
461 2
462 0
463 0
464 1
465 0
466 2
467 1
468 3
469 2
470 2
471 1
472 1
473 2
474 1
475 2
476 0
477 2
478 1
479 2
480 0
481 0
482 0
483 0
484 0
485 2
486 2
487 1
488 2
489 0
490 2
491 1
492 1
493 0
494 2
495 1
496 1
497 0
498 2
499 3
500 0
501 1
502 1
503 0
504 0
505 3
506 0
507 2
508 2
509 2
510 1
511 0
512 1
513 3
514 2
515 2
516 0
517 1
518 1
519 1
520 0
521 1
522 1
523 1
524 2
525 0
526 1
527 2
528 0
529 0
530 0
531 2
532 1
533 1
534 0
535 1
536 0
537 0
538 1
539 1
540 0
541 2
542 0
543 1
544 0
545 3
546 1
547 0
548 1
549 0
550 1
551 0
552 2
553 2
554 1
555 0
556 0
557 2
558 0
559 2
560 0
561 0
562 1
563 1
564 1
565 2
566 0
567 2
568 2
569 1
570 1
571 0
572 2
573 2
574 0
575 2
576 1
577 2
578 1
579 1
580 2
581 2
582 0
583 2
584 1
585 0
586 1
587 0
588 3
589 1
590 0
591 0
592 1
593 1
594 2
595 0
596 1
597 0
598 0
599 1
600 0
601 1
602 0
603 0
604 2
605 3
606 1
607 1
608 2
609 2
610 0
611 2
612 0
613 0
614 1
615 1
616 1
617 0
618 1
619 1
620 1
621 0
622 2
623 0
624 2
625 3
626 0
627 0
628 0
629 2
630 1
631 0
632 0
633 0
634 0
635 0
636 0
637 2
638 1
639 2
640 2
641 0
642 2
643 0
644 3
645 2
646 0
647 1
648 2
649 0
650 0
651 2
652 2
653 0
654 2
655 0
656 1
657 1
658 1
659 2
660 1
661 1
662 0
663 2
664 1
665 0
666 0
667 0
668 2
669 1
670 2
671 1
672 1
673 3
674 0
675 0
676 0
677 0
678 2
679 2
680 1
681 2
682 2
683 0
684 2
685 3
686 0
687 1
688 1
689 2
690 1
691 2
692 0
693 2
694 3
695 0
696 0
697 0
698 0
699 0
700 0
701 3
702 2
703 2
704 3
705 2
706 1
707 0
708 0
709 1
710 1
711 0
712 2
713 1
714 0
715 0
716 0
717 0
718 1
719 0
720 2
721 0
722 1
723 1
724 2
725 3
726 0
727 0
728 2
729 2
730 0
731 2
732 1
733 0
734 1
735 1
736 0
737 0
738 2
739 3
740 1
741 2
742 2
743 1
744 0
745 0
746 0
747 2
748 2
749 1
750 2
751 2
752 0
753 1
754 0
755 1
756 3
757 1
758 0
759 0
760 1
761 1
762 0
763 1
764 1
765 1
766 2
767 2
768 2
769 0
770 2
771 0
772 1
773 1
774 2
775 2
776 1
777 2
778 1
779 2
780 1
781 2
782 0
783 1
784 1
785 3
786 2
787 3
788 1
789 1
790 1
791 1
792 1
793 0
794 0
795 2
796 1
797 1
798 1
799 0
800 1
801 0
802 0
803 0
804 1
805 0
806 2
807 0
808 0
809 2
810 1
811 1
812 0
813 0
814 2
815 0
816 2
817 0
818 2
819 1
820 0
821 0
822 1
823 1
824 1
825 0
826 0
827 0
828 2
829 2
830 2
831 1
832 0
833 2
834 0
835 1
836 1
837 0
838 1
839 2
840 0
841 1
842 3
843 0
844 0
845 2
846 1
847 0
848 0
849 0
850 0
851 2
852 2
853 0
854 1
855 1
856 1
857 1
858 2
859 1
860 1
861 0
862 0
863 1
864 0
865 0
866 2
867 0
868 0
869 2
870 1
871 2
872 2
873 1
874 2
875 3
876 3
877 2
878 2
879 1
880 1
881 1
882 0
883 1
884 2
885 1
886 2
887 0
888 2
889 0
890 0
891 2
892 2
893 0
894 0
895 0
896 2
897 1
898 2
899 3
900 2
901 1
902 0
903 1
904 1
905 1
906 1
907 2
908 1
909 1
910 0
911 1
912 2
913 2
914 0
915 1
916 2
917 0
918 1
919 2
920 1
921 2
922 1
923 2
924 1
925 1
926 1
927 0
928 0
929 1
930 1
931 0
932 1
933 1
934 0
935 0
936 0
937 1
938 0
939 3
940 0
941 0
942 1
943 1
944 1
945 2
946 1
947 0
948 1
949 1
950 1
951 2
952 2
953 0
954 1
955 0
956 0
957 0
958 1
959 1
960 2
961 0
962 2
963 0
964 0
965 3
966 0
967 1
968 1
969 0
970 0
971 2
972 0
973 0
974 0
975 1
976 1
977 3
978 2
979 0
980 1
981 0
982 1
983 0
984 2
985 2
986 2
987 1
988 1
989 1
990 2
991 0
992 1
993 2
994 3
995 1
996 1
997 2
998 1
999 1
1000 1
1001 2
1002 1
1003 1
1004 0
1005 1
1006 1
1007 1
1008 0
1009 2
1010 0
1011 1
1012 2
1013 1
1014 1
1015 0
1016 0
1017 1
1018 2
1019 2
1020 0
1021 3
1022 1
1023 1
1024 2
1025 1
1026 1
1027 3
1028 0
1029 1
1030 0
1031 1
1032 1
1033 2
1034 2
1035 1
1036 0
1037 0
1038 3
1039 1
1040 0
1041 1
1042 0
1043 0
1044 1
1045 1
1046 2
1047 0
1048 1
1049 1
1050 2
1051 1
1052 1
1053 1
1054 1
1055 2
1056 3
1057 0
1058 2
1059 0
1060 2
1061 0
1062 0
1063 0
1064 1
1065 2
1066 1
1067 1
1068 0
1069 3
1070 2
1071 0
1072 0
1073 1
1074 0
1075 1
1076 1
1077 0
1078 1
1079 0
1080 0
1081 1
1082 1
1083 2
1084 0
1085 2
1086 0
1087 2
1088 1
1089 1
1090 0
1091 1
1092 1
1093 0
1094 1
1095 0
1096 2
1097 0
1098 0
1099 1
1100 2
1101 0
1102 1
1103 2
1104 2
1105 0
1106 1
1107 2
1108 3
1109 1
1110 0
1111 0
1112 1
1113 0
1114 2
1115 1
1116 1
1117 0
1118 1
1119 2
1120 0
1121 0
1122 2
1123 0
1124 0
1125 2
1126 2
1127 0
1128 0
1129 1
1130 0
1131 1
1132 1
1133 1
1134 0
1135 0
1136 3
1137 2
1138 0
1139 0
1140 1
1141 0
1142 2
1143 2
1144 0
1145 0
1146 1
1147 1
1148 3
1149 0
1150 0
1151 0
1152 3
1153 2
1154 0
1155 0
1156 2
1157 2
1158 0
1159 2
1160 1
1161 0
1162 0
1163 2
1164 2
1165 0
1166 0
1167 2
1168 0
1169 0
1170 1
1171 1
1172 0
1173 0
1174 0
1175 2
1176 0
1177 2
1178 0
1179 0
1180 3
1181 0
1182 2
1183 2
1184 0
1185 0
1186 3
1187 1
1188 2
1189 3
1190 0
1191 1
1192 0
1193 2
1194 0
1195 1
1196 1
1197 0
1198 1
1199 1
1200 0
1201 1
1202 2
1203 1
1204 1
1205 1
1206 1
1207 1
1208 2
1209 1
1210 2
1211 0
1212 2
1213 1
1214 1
1215 0
1216 0
1217 2
1218 3
1219 3
1220 0
1221 2
1222 1
1223 0
1224 0
1225 2
1226 1
1227 2
1228 2
1229 0
1230 2
1231 2
1232 2
1233 2
1234 0
1235 2
1236 2
1237 2
1238 1
1239 2
1240 0
1241 0
1242 2
1243 0
1244 1
1245 1
1246 1
1247 1
1248 0
1249 3
1250 2
1251 2
1252 1
1253 2
1254 2
1255 0
1256 3
1257 0
1258 2
1259 0
1260 1
1261 0
1262 1
1263 1
1264 2
1265 2
1266 1
1267 1
1268 1
1269 1
1270 0
1271 0
1272 1
1273 0
1274 0
1275 0
1276 0
1277 0
1278 1
1279 0
1280 2
1281 0
1282 3
1283 1
1284 3
1285 1
1286 2
1287 0
1288 1
1289 2
1290 3
1291 0
1292 3
1293 2
1294 2
1295 0
1296 2
1297 2
1298 0
1299 2
1300 1
1301 2
1302 0
1303 0
1304 2
1305 1
1306 1
1307 1
1308 1
1309 1
1310 2
1311 0
1312 0
1313 2
1314 0
1315 0
1316 0
1317 1
1318 0
1319 1
1320 1
1321 1
1322 3
1323 2
1324 1
1325 2
1326 0
1327 2
1328 1
1329 2
1330 0
1331 1
1332 0
1333 1
1334 1
1335 0
1336 2
1337 1
1338 0
1339 1
1340 0
1341 1
1342 2
1343 3
1344 0
1345 2
1346 1
1347 2
1348 0
1349 0
1350 0
1351 0
1352 1
1353 0
1354 2
1355 1
1356 0
1357 1
1358 0
1359 1
1360 1
1361 0
1362 1
1363 3
1364 0
1365 1
1366 1
1367 1
1368 2
1369 1
1370 1
1371 1
1372 2
1373 1
1374 0
1375 0
1376 1
1377 0
1378 0
1379 0
1380 1
1381 0
1382 1
1383 1
1384 1
1385 2
1386 3
1387 2
1388 0
1389 1
1390 2
1391 3
1392 0
1393 1
1394 1
1395 2
1396 2
1397 2
1398 0
1399 0
1400 1
1401 0
1402 0
1403 1
1404 0
1405 1
1406 1
1407 1
1408 3
1409 2
1410 0
1411 2
1412 1
1413 0
1414 0
1415 1
1416 0
1417 2
1418 1
1419 2
1420 1
1421 1
1422 0
1423 0
1424 1
1425 3
1426 0
1427 2
1428 2
1429 0
1430 1
1431 2
1432 1
1433 1
1434 1
1435 1
1436 2
1437 1
1438 0
1439 1
1440 1
1441 1
1442 2
1443 1
1444 2
1445 0
1446 3
1447 2
1448 3
1449 3
1450 0
1451 1
1452 3
1453 1
1454 1
1455 2
1456 0
1457 1
1458 0
1459 0
1460 0
1461 0
1462 1
1463 0
1464 0
1465 0
1466 2
1467 3
1468 2
1469 1
1470 1
1471 0
1472 0
1473 2
1474 2
1475 0
1476 1
1477 0
1478 2
1479 1
1480 1
1481 1
1482 2
1483 2
1484 2
1485 0
1486 2
1487 0
1488 0
1489 1
1490 2
1491 2
1492 1
1493 1
1494 1
1495 0
1496 0
1497 0
1498 0
1499 0
1500 0
1501 0
1502 1
1503 2
1504 3
1505 3
1506 3
1507 1
1508 0
1509 3
1510 0
1511 2
1512 1
1513 1
1514 3
1515 2
1516 0
1517 0
1518 2
1519 1
1520 0
1521 1
1522 0
1523 3
1524 0
1525 1
1526 2
1527 1
1528 3
1529 2
1530 0
1531 1
1532 2
1533 1
1534 0
1535 2
1536 0
1537 1
1538 1
1539 2
1540 1
1541 2
1542 1
1543 0
1544 0
1545 3
1546 1
1547 0
1548 0
1549 4
1550 2
1551 3
1552 2
1553 0
1554 1
1555 2
1556 2
1557 2
1558 3
1559 2
1560 0
1561 0
1562 0
1563 0
1564 1
1565 2
1566 0
1567 2
1568 1
1569 1
1570 0
1571 0
1572 1
1573 1
1574 2
1575 0
1576 0
1577 1
1578 0
1579 2
1580 3
1581 2
1582 1
1583 1
1584 2
1585 0
1586 0
1587 0
1588 1
1589 0
1590 1
1591 0
1592 1
1593 1
1594 1
1595 0
1596 0
1597 3
1598 1
1599 0
1600 1
1601 0
1602 0
1603 2
1604 1
1605 3
1606 2
1607 2
1608 0
1609 1
1610 1
1611 0
1612 1
1613 3
1614 2
1615 1
1616 1
1617 0
1618 2
1619 1
1620 2
1621 1
1622 1
1623 1
1624 0
1625 1
1626 1
1627 2
1628 0
1629 1
1630 2
1631 0
1632 0
1633 2
1634 1
1635 2
1636 2
1637 1
1638 0
1639 0
1640 1
1641 2
1642 0
1643 1
1644 1
1645 2
1646 0
1647 1
1648 1
1649 1
1650 0
1651 0
1652 2
1653 2
1654 2
1655 1
1656 2
1657 1
1658 0
1659 0
1660 1
1661 1
1662 0
1663 0
1664 0
1665 2
1666 2
1667 1
1668 1
1669 2
1670 2
1671 1
1672 1
1673 1
1674 1
1675 0
1676 0
1677 0
1678 1
1679 2
1680 0
1681 1
1682 0
1683 2
1684 0
1685 1
1686 1
1687 1
1688 1
1689 1
1690 3
1691 2
1692 1
1693 2
1694 1
1695 2
1696 0
1697 0
1698 0
1699 2
1700 1
1701 2
1702 1
1703 0
1704 1
1705 0
1706 1
1707 0
1708 0
1709 1
1710 1
1711 2
1712 3
1713 0
1714 2
1715 1
1716 1
1717 2
1718 0
1719 1
1720 1
1721 0
1722 2
1723 2
1724 1
1725 2
1726 0
1727 1
1728 0
1729 3
1730 2
1731 1
1732 0
1733 1
1734 1
1735 2
1736 1
1737 1
1738 1
1739 0
1740 0
1741 0
1742 2
1743 1
1744 0
1745 3
1746 2
1747 3
1748 2
1749 2
1750 0
1751 1
1752 1
1753 1
1754 1
1755 2
1756 1
1757 1
1758 0
1759 1
1760 2
1761 0
1762 2
1763 1
1764 1
1765 1
1766 2
1767 2
1768 1
1769 0
1770 1
1771 1
1772 2
1773 0
1774 2
1775 1
1776 2
1777 1
1778 1
1779 0
1780 1
1781 0
1782 0
1783 0
1784 3
1785 1
1786 0
1787 0
1788 0
1789 3
1790 1
1791 1
1792 0
1793 0
1794 1
1795 1
1796 0
1797 2
1798 0
1799 0
1800 2
1801 1
1802 2
1803 1
1804 0
1805 1
1806 1
1807 0
1808 2
1809 2
1810 0
1811 2
1812 3
1813 1
1814 1
1815 1
1816 0
1817 2
1818 0
1819 0
1820 0
1821 2
1822 1
1823 0
1824 1
1825 1
1826 3
1827 2
1828 0
1829 0
1830 0
1831 1
1832 1
1833 1
1834 1
1835 0
1836 3
1837 0
1838 2
1839 1
1840 1
1841 2
1842 3
1843 3
1844 1
1845 0
1846 2
1847 1
1848 2
1849 1
1850 1
1851 1
1852 0
1853 1
1854 0
1855 0
1856 2
1857 0
1858 1
1859 2
1860 0
1861 1
1862 1
1863 1
1864 0
1865 0
1866 0
1867 3
1868 1
1869 0
1870 3
1871 2
1872 3
1873 1
1874 0
1875 2
1876 0
1877 0
1878 0
1879 3
1880 1
1881 0
1882 2
1883 1
1884 1
1885 1
1886 0
1887 2
1888 0
1889 0
1890 1
1891 1
1892 0
1893 1
1894 0
1895 1
1896 1
1897 1
1898 0
1899 2
1900 0
1901 2
1902 0
1903 1
1904 2
1905 0
1906 0
1907 0
1908 0
1909 2
1910 1
1911 1
1912 1
1913 1
1914 1
1915 2
1916 2
1917 3
1918 1
1919 1
1920 1
1921 0
1922 1
1923 1
1924 2
1925 2
1926 1
1927 0
1928 3
1929 1
1930 2
1931 1
1932 1
1933 2
1934 2
1935 0
1936 0
1937 1
1938 2
1939 0
1940 2
1941 1
1942 1
1943 1
1944 2
1945 1
1946 1
1947 0
1948 1
1949 1
1950 0
1951 0
1952 1
1953 0
1954 0
1955 1
1956 0
1957 2
1958 0
1959 1
1960 1
1961 2
1962 0
1963 1
1964 1
1965 2
1966 3
1967 0
1968 2
1969 0
1970 1
1971 2
1972 2
1973 0
1974 0
1975 1
1976 1
1977 1
1978 0
1979 2
1980 2
1981 1
1982 1
1983 1
1984 3
1985 0
1986 0
1987 2
1988 0
1989 0
1990 0
1991 2
1992 2
1993 1
1994 1
1995 0
1996 0
1997 2
1998 0
1999 0
2000 0
2001 2
2002 0
2003 0
2004 1
2005 1
2006 0
2007 0
2008 2
2009 2
2010 0
2011 2
2012 0
2013 1
2014 1
2015 2
2016 1
2017 0
2018 1
2019 0
2020 0
2021 1
2022 1
2023 1
2024 1
2025 0
2026 2
2027 2
2028 2
2029 0
2030 2
2031 2
2032 1
2033 1
2034 2
2035 0
2036 2
2037 0
2038 2
2039 0
2040 1
2041 1
2042 0
2043 0
2044 0
2045 1
2046 2
2047 2
2048 2
2049 0
2050 1
2051 2
2052 1
2053 1
2054 2
2055 2
2056 1
2057 1
2058 0
2059 0
2060 0
2061 1
2062 1
2063 1
2064 0
2065 2
2066 3
2067 2
2068 1
2069 1
2070 2
2071 0
2072 0
2073 0
2074 0
2075 0
2076 1
2077 0
2078 2
2079 0
2080 2
2081 1
2082 3
2083 0
2084 0
2085 3
2086 2
2087 0
2088 0
2089 2
2090 2
2091 1
2092 0
2093 0
2094 0
2095 1
2096 1
2097 0
2098 0
2099 1
2100 0
2101 1
2102 2
2103 1
2104 0
2105 0
2106 0
2107 0
2108 1
2109 0
2110 2
2111 2
2112 2
2113 0
2114 0
2115 3
2116 0
2117 2
2118 0
2119 0
2120 1
2121 1
2122 0
2123 2
2124 0
2125 2
2126 2
2127 0
2128 2
2129 0
2130 2
2131 3
2132 2
2133 2
2134 1
2135 1
2136 0
2137 1
2138 1
2139 2
2140 0
2141 0
2142 2
2143 0
2144 0
2145 1
2146 2
2147 2
2148 3
2149 1
2150 1
2151 0
2152 2
2153 0
2154 0
2155 1
2156 2
2157 1
2158 1
2159 0
2160 0
2161 0
2162 0
2163 3
2164 1
2165 1
2166 1
2167 2
2168 0
2169 2
2170 0
2171 1
2172 3
2173 2
2174 3
2175 0
2176 1
2177 2
2178 1
2179 2
2180 1
2181 1
2182 0
2183 0
2184 0
2185 3
2186 1
2187 3
2188 2
2189 2
2190 0
2191 2
2192 0
2193 2
2194 0
2195 0
2196 2
2197 3
2198 2
2199 1
2200 1
2201 0
2202 1
2203 1
2204 2
2205 2
2206 0
2207 1
2208 2
2209 2
2210 1
2211 2
2212 0
2213 0
2214 2
2215 0
2216 1
2217 0
2218 1
2219 2
2220 0
2221 1
2222 1
2223 0
2224 2
2225 2
2226 2
2227 0
2228 0
2229 2
2230 2
2231 0
2232 1
2233 1
2234 1
2235 0
2236 2
2237 2
2238 1
2239 0
2240 0
2241 1
2242 1
2243 1
2244 2
2245 1
2246 1
2247 0
2248 2
2249 0
2250 2
2251 0
2252 3
2253 1
2254 1
2255 1
2256 2
2257 0
2258 0
2259 0
2260 1
2261 0
2262 0
2263 0
2264 1
2265 1
2266 1
2267 1
2268 2
2269 3
2270 2
2271 0
2272 1
2273 0
2274 2
2275 1
2276 3
2277 1
2278 3
2279 3
2280 1
2281 1
2282 2
2283 1
2284 1
2285 1
2286 0
2287 1
2288 2
2289 1
2290 1
2291 1
2292 1
2293 1
2294 1
2295 0
2296 0
2297 2
2298 2
2299 0
2300 1
2301 1
2302 1
2303 1
2304 1
2305 3
2306 2
2307 0
2308 1
2309 2
2310 0
2311 2
2312 2
2313 2
2314 0
2315 1
2316 1
2317 1
2318 0
2319 1
2320 0
2321 0
2322 0
2323 1
2324 1
2325 1
2326 1
2327 2
2328 0
2329 1
2330 1
2331 1
2332 0
2333 2
2334 1
2335 3
2336 0
2337 2
2338 2
2339 1
2340 2
2341 0
2342 0
2343 0
2344 2
2345 1
2346 1
2347 1
2348 1
2349 2
2350 2
2351 2
2352 1
2353 1
2354 1
2355 2
2356 0
2357 1
2358 2
2359 2
2360 0
2361 2
2362 2
2363 1
2364 1
2365 2
2366 3
2367 0
2368 1
2369 2
2370 2
2371 2
2372 0
2373 2
2374 1
2375 0
2376 1
2377 0
2378 0
2379 1
2380 0
2381 2
2382 2
2383 0
2384 0
2385 2
2386 2
2387 2
2388 0
2389 1
2390 1
2391 1
2392 2
2393 0
2394 2
2395 1
2396 2
2397 2
2398 0
2399 2
2400 1
2401 3
2402 1
2403 1
2404 0
2405 2
2406 2
2407 0
2408 0
2409 1
2410 2
2411 0
2412 1
2413 2
2414 1
2415 0
2416 1
2417 2
2418 1
2419 3
2420 0
2421 0
2422 1
2423 0
2424 2
2425 2
2426 1
2427 1
2428 1
2429 1
2430 1
2431 2
2432 0
2433 2
2434 2
2435 0
2436 0
2437 2
2438 2
2439 3
2440 0
2441 4
2442 2
2443 3
2444 0
2445 1
2446 1
2447 0
2448 1
2449 2
2450 0
2451 1
2452 0
2453 0
2454 1
2455 2
2456 2
2457 2
2458 1
2459 3
2460 4
2461 0
2462 2
2463 2
2464 2
2465 0
2466 0
2467 2
2468 2
2469 1
2470 1
2471 0
2472 1
2473 1
2474 2
2475 0
2476 2
2477 3
2478 1
2479 0
2480 1
2481 1
2482 0
2483 0
2484 2
2485 0
2486 0
2487 1
2488 1
2489 1
2490 1
2491 1
2492 0
2493 0
2494 2
2495 2
2496 1
2497 0
2498 0
2499 0
2500 1
2501 2
2502 1
2503 1
2504 2
2505 2
2506 1
2507 1
2508 0
2509 3
2510 1
2511 1
2512 1
2513 0
2514 0
2515 0
2516 1
2517 1
2518 2
2519 0
2520 1
2521 2
2522 2
2523 1
2524 0
2525 0
2526 0
2527 1
2528 1
2529 3
2530 3
2531 2
2532 2
2533 0
2534 1
2535 0
2536 1
2537 1
2538 2
2539 2
2540 2
2541 2
2542 0
2543 0
2544 0
2545 0
2546 0
2547 2
2548 1
2549 1
2550 0
2551 0
2552 2
2553 1
2554 1
2555 0
2556 3
2557 1
2558 1
2559 0
2560 0
2561 0
2562 0
2563 1
2564 1
2565 0
2566 2
2567 1
2568 0
2569 1
2570 2
2571 2
2572 1
2573 1
2574 3
2575 1
2576 2
2577 2
2578 2
2579 2
2580 2
2581 2
2582 2
2583 1
2584 0
2585 1
2586 1
2587 0
2588 1
2589 0
2590 1
2591 1
2592 2
2593 1
2594 1
2595 2
2596 2
2597 2
2598 2
2599 0
2600 0
2601 1
2602 1
2603 0
2604 1
2605 0
2606 0
2607 1
2608 2
2609 2
2610 0
2611 0
2612 1
2613 2
2614 0
2615 1
2616 1
2617 2
2618 0
2619 0
2620 2
2621 2
2622 2
2623 1
2624 1
2625 1
2626 2
2627 1
2628 3
2629 0
2630 2
2631 2
2632 1
2633 2
2634 2
2635 0
2636 1
2637 2
2638 0
2639 1
2640 1
2641 1
2642 2
2643 0
2644 1
2645 1
2646 1
2647 2
2648 1
2649 2
2650 1
2651 2
2652 1
2653 1
2654 3
2655 1
2656 2
2657 3
2658 1
2659 3
2660 1
2661 1
2662 2
2663 0
2664 1
2665 0
2666 0
2667 0
2668 2
2669 2
2670 1
2671 0
2672 1
2673 2
2674 0
2675 1
2676 2
2677 1
2678 1
2679 3
2680 2
2681 1
2682 0
2683 1
2684 2
2685 0
2686 1
2687 1
2688 0
2689 0
2690 0
2691 2
2692 2
2693 2
2694 1
2695 0
2696 1
2697 1
2698 1
2699 3
2700 3
2701 1
2702 0
2703 0
2704 1
2705 2
2706 1
2707 2
2708 1
2709 1
2710 0
2711 0
2712 3
2713 1
2714 0
2715 1
2716 3
2717 1
2718 0
2719 1
2720 2
2721 1
2722 0
2723 1
2724 0
2725 2
2726 2
2727 1
2728 3
2729 0
2730 0
2731 0
2732 3
2733 1
2734 0
2735 1
2736 2
2737 2
2738 0
2739 1
2740 1
2741 1
2742 2
2743 1
2744 2
2745 1
2746 2
2747 2
2748 3
2749 2
2750 0
2751 0
2752 0
2753 2
2754 1
2755 3
2756 2
2757 1
2758 2
2759 1
2760 2
2761 0
2762 2
2763 1
2764 0
2765 0
2766 1
2767 2
2768 1
2769 0
2770 1
2771 1
2772 1
2773 0
2774 1
2775 0
2776 2
2777 2
2778 2
2779 0
2780 1
2781 2
2782 1
2783 2
2784 0
2785 0
2786 2
2787 3
2788 1
2789 1
2790 2
2791 2
2792 2
2793 0
2794 1
2795 1
2796 0
2797 1
2798 2
2799 0
2800 0
2801 1
2802 2
2803 2
2804 3
2805 0
2806 0
2807 2
2808 1
2809 0
2810 0
2811 1
2812 0
2813 2
2814 0
2815 1
2816 1
2817 0
2818 1
2819 2
2820 1
2821 1
2822 1
2823 0
2824 1
2825 1
2826 2
2827 2
2828 1
2829 1
2830 3
2831 0
2832 1
2833 2
2834 2
2835 0
2836 0
2837 1
2838 0
2839 2
2840 0
2841 0
2842 1
2843 2
2844 0
2845 2
2846 0
2847 1
2848 0
2849 1
2850 1
2851 0
2852 1
2853 1
2854 1
2855 0
2856 0
2857 1
2858 2
2859 1
2860 0
2861 1
2862 2
2863 1
2864 0
2865 0
2866 1
2867 0
2868 1
2869 0
2870 0
2871 2
2872 0
2873 1
2874 3
2875 1
2876 2
2877 1
2878 1
2879 0
2880 0
2881 0
2882 2
2883 0
2884 0
2885 3
2886 2
2887 0
2888 1
2889 0
2890 2
2891 1
2892 2
2893 2
2894 0
2895 0
2896 2
2897 1
2898 2
2899 0
2900 3
2901 0
2902 2
2903 0
2904 1
2905 2
2906 0
2907 0
2908 1
2909 1
2910 2
2911 0
2912 0
2913 0
2914 1
2915 0
2916 1
2917 2
2918 2
2919 1
2920 0
2921 0
2922 0
2923 0
2924 1
2925 3
2926 0
2927 2
2928 0
2929 1
2930 1
2931 2
2932 2
2933 2
2934 1
2935 2
2936 0
2937 0
2938 2
2939 2
2940 3
2941 0
2942 1
2943 1
2944 1
2945 0
2946 1
2947 0
2948 3
2949 0
2950 2
2951 0
2952 2
2953 0
2954 1
2955 2
2956 2
2957 3
2958 1
2959 0
2960 1
2961 1
2962 1
2963 1
2964 1
2965 2
2966 2
2967 1
2968 1
2969 2
2970 2
2971 1
2972 0
2973 1
2974 1
2975 2
2976 0
2977 3
2978 1
2979 2
2980 1
2981 1
2982 1
2983 1
2984 2
2985 1
2986 2
2987 1
2988 0
2989 1
2990 0
2991 1
2992 2
2993 0
2994 0
2995 0
2996 2
2997 2
2998 0
2999 0
3000 1
3001 1
3002 0
3003 1
3004 1
3005 2
3006 0
3007 0
3008 0
3009 3
3010 1
3011 1
3012 1
3013 0
3014 2
3015 0
3016 1
3017 4
3018 1
3019 0
3020 2
3021 0
3022 2
3023 0
3024 2
3025 0
3026 0
3027 1
3028 1
3029 2
3030 0
3031 0
3032 0
3033 1
3034 0
3035 0
3036 1
3037 1
3038 1
3039 0
3040 1
3041 0
3042 2
3043 3
3044 1
3045 0
3046 3
3047 2
3048 3
3049 1
3050 1
3051 0
3052 2
3053 1
3054 2
3055 2
3056 0
3057 2
3058 0
3059 0
3060 1
3061 0
3062 0
3063 0
3064 2
3065 0
3066 3
3067 0
3068 1
3069 2
3070 0
3071 0
3072 2
3073 2
3074 1
3075 1
3076 0
3077 0
3078 3
3079 1
3080 0
3081 1
3082 0
3083 1
3084 1
3085 2
3086 1
3087 0
3088 1
3089 2
3090 1
3091 2
3092 2
3093 3
3094 2
3095 0
3096 3
3097 1
3098 0
3099 1
3100 2
3101 2
3102 3
3103 2
3104 0
3105 1
3106 0
3107 0
3108 0
3109 1
3110 2
3111 0
3112 1
3113 0
3114 0
3115 0
3116 0
3117 2
3118 1
3119 2
3120 0
3121 1
3122 0
3123 2
3124 1
3125 1
3126 0
3127 0
3128 1
3129 0
3130 0
3131 1
3132 0
3133 2
3134 2
3135 0
3136 1
3137 0
3138 2
3139 1
3140 0
3141 2
3142 0
3143 1
3144 1
3145 0
3146 0
3147 1
3148 2
3149 0
3150 0
3151 0
3152 0
3153 3
3154 0
3155 2
3156 2
3157 2
3158 3
3159 2
3160 2
3161 0
3162 0
3163 0
3164 1
3165 1
3166 1
3167 2
3168 0
3169 0
3170 1
3171 2
3172 1
3173 1
3174 3
3175 0
3176 1
3177 1
3178 0
3179 1
3180 1
3181 2
3182 2
3183 3
3184 0
3185 1
3186 0
3187 3
3188 1
3189 4
3190 2
3191 1
3192 0
3193 1
3194 0
3195 3
3196 1
3197 1
3198 0
3199 1
3200 0
3201 0
3202 0
3203 1
3204 1
3205 1
3206 2
3207 1
3208 1
3209 3
3210 0
3211 0
3212 1
3213 1
3214 2
3215 1
3216 1
3217 1
3218 1
3219 0
3220 0
3221 0
3222 1
3223 0
3224 1
3225 0
3226 2
3227 2
3228 1
3229 1
3230 0
3231 0
3232 1
3233 0
3234 2
3235 2
3236 1
3237 1
3238 1
3239 0
3240 0
3241 2
3242 0
3243 2
3244 0
3245 2
3246 0
3247 1
3248 0
3249 2
3250 1
3251 1
3252 2
3253 0
3254 1
3255 0
3256 2
3257 2
3258 0
3259 1
3260 3
3261 3
3262 1
3263 1
3264 0
3265 1
3266 0
3267 0
3268 2
3269 1
3270 1
3271 0
3272 0
3273 0
3274 0
3275 2
3276 1
3277 0
3278 1
3279 0
3280 1
3281 1
3282 1
3283 2
3284 2
3285 1
3286 1
3287 0
3288 0
3289 0
3290 1
3291 1
3292 2
3293 0
3294 0
3295 1
3296 1
3297 0
3298 2
3299 0
3300 2
3301 0
3302 2
3303 1
3304 1
3305 2
3306 0
3307 1
3308 0
3309 1
3310 1
3311 1
3312 0
3313 2
3314 0
3315 1
3316 2
3317 0
3318 1
3319 1
3320 2
3321 1
3322 0
3323 0
3324 0
3325 1
3326 2
3327 0
3328 0
3329 1
3330 0
3331 0
3332 0
3333 1
3334 1
3335 0
3336 1
3337 2
3338 0
3339 0
3340 0
3341 0
3342 1
3343 3
3344 0
3345 1
3346 0
3347 0
3348 0
3349 1
3350 1
3351 2
3352 1
3353 2
3354 0
3355 1
3356 0
3357 1
3358 1
3359 2
3360 1
3361 1
3362 0
3363 1
3364 0
3365 0
3366 1
3367 2
3368 1
3369 0
3370 1
3371 2
3372 0
3373 2
3374 1
3375 1
3376 0
3377 2
3378 0
3379 0
3380 1
3381 1
3382 1
3383 0
3384 0
3385 0
3386 0
3387 0
3388 1
3389 0
3390 1
3391 0
3392 1
3393 1
3394 1
3395 1
3396 2
3397 1
3398 0
3399 1
3400 1
3401 1
3402 3
3403 1
3404 2
3405 1
3406 1
3407 0
3408 0
3409 2
3410 1
3411 1
3412 1
3413 2
3414 0
3415 0
3416 2
3417 2
3418 2
3419 1
3420 0
3421 2
3422 2
3423 1
3424 1
3425 0
3426 2
3427 0
3428 0
3429 0
3430 0
3431 1
3432 2
3433 3
3434 0
3435 2
3436 0
3437 1
3438 3
3439 0
3440 2
3441 0
3442 1
3443 0
3444 0
3445 2
3446 2
3447 0
3448 1
3449 1
3450 2
3451 0
3452 1
3453 0
3454 2
3455 0
3456 2
3457 2
3458 0
3459 0
3460 1
3461 0
3462 0
3463 0
3464 0
3465 2
3466 0
3467 3
3468 2
3469 2
3470 0
3471 0
3472 3
3473 2
3474 0
3475 0
3476 2
3477 1
3478 1
3479 0
3480 2
3481 1
3482 1
3483 2
3484 2
3485 2
3486 1
3487 2
3488 2
3489 1
3490 0
3491 2
3492 1
3493 0
3494 1
3495 1
3496 1
3497 1
3498 1
3499 1
3500 1
3501 0
3502 0
3503 1
3504 0
3505 0
3506 1
3507 1
3508 1
3509 0
3510 1
3511 0
3512 2
3513 1
3514 2
3515 0
3516 0
3517 2
3518 0
3519 0
3520 1
3521 2
3522 2
3523 1
3524 2
3525 3
3526 1
3527 1
3528 2
3529 2
3530 2
3531 2
3532 2
3533 0
3534 1
3535 1
3536 2
3537 2
3538 2
3539 1
3540 1
3541 0
3542 0
3543 2
3544 1
3545 1
3546 0
3547 1
3548 1
3549 2
3550 2
3551 0
3552 2
3553 0
3554 1
3555 0
3556 2
3557 0
3558 2
3559 0
3560 0
3561 0
3562 1
3563 1
3564 2
3565 1
3566 1
3567 0
3568 3
3569 2
3570 0
3571 0
3572 0
3573 2
3574 1
3575 0
3576 2
3577 0
3578 0
3579 1
3580 1
3581 3
3582 1
3583 0
3584 0
3585 0
3586 0
3587 0
3588 2
3589 1
3590 0
3591 2
3592 0
3593 3
3594 0
3595 1
3596 0
3597 1
3598 1
3599 1
3600 1
3601 0
3602 2
3603 0
3604 3
3605 1
3606 1
3607 1
3608 2
3609 0
3610 0
3611 2
3612 0
3613 0
3614 0
3615 2
3616 2
3617 0
3618 2
3619 1
3620 3
3621 1
3622 0
3623 0
3624 1
3625 1
3626 1
3627 2
3628 0
3629 1
3630 0
3631 0
3632 1
3633 2
3634 0
3635 0
3636 0
3637 2
3638 2
3639 0
3640 0
3641 0
3642 2
3643 2
3644 2
3645 2
3646 3
3647 1
3648 1
3649 2
3650 0
3651 0
3652 1
3653 1
3654 0
3655 2
3656 3
3657 3
3658 1
3659 1
3660 2
3661 0
3662 0
3663 1
3664 1
3665 1
3666 1
3667 0
3668 2
3669 2
3670 0
3671 1
3672 3
3673 0
3674 2
3675 2
3676 0
3677 1
3678 1
3679 2
3680 1
3681 1
3682 0
3683 2
3684 0
3685 0
3686 0
3687 1
3688 1
3689 0
3690 0
3691 1
3692 1
3693 1
3694 1
3695 1
3696 2
3697 2
3698 1
3699 0
3700 1
3701 2
3702 2
3703 0
3704 1
3705 0
3706 1
3707 0
3708 3
3709 0
3710 2
3711 2
3712 0
3713 0
3714 0
3715 1
3716 0
3717 2
3718 2
3719 2
3720 2
3721 2
3722 1
3723 3
3724 0
3725 1
3726 2
3727 2
3728 1
3729 0
3730 2
3731 0
3732 1
3733 1
3734 2
3735 1
3736 1
3737 0
3738 2
3739 1
3740 0
3741 1
3742 2
3743 2
3744 1
3745 0
3746 0
3747 1
3748 1
3749 2
3750 1
3751 2
3752 0
3753 0
3754 1
3755 1
3756 0
3757 0
3758 0
3759 0
3760 1
3761 2
3762 0
3763 1
3764 0
3765 2
3766 1
3767 1
3768 2
3769 2
3770 1
3771 3
3772 1
3773 1
3774 1
3775 0
3776 2
3777 0
3778 0
3779 1
3780 2
3781 0
3782 2
3783 0
3784 2
3785 0
3786 0
3787 2
3788 1
3789 0
3790 1
3791 2
3792 2
3793 0
3794 2
3795 0
3796 0
3797 2
3798 1
3799 2
3800 1
3801 1
3802 2
3803 2
3804 1
3805 1
3806 1
3807 3
3808 0
3809 1
3810 2
3811 1
3812 1
3813 1
3814 0
3815 2
3816 1
3817 1
3818 1
3819 1
3820 1
3821 1
3822 0
3823 1
3824 1
3825 3
3826 2
3827 1
3828 2
3829 0
3830 0
3831 0
3832 1
3833 0
3834 3
3835 0
3836 2
3837 1
3838 1
3839 2
3840 0
3841 1
3842 2
3843 3
3844 2
3845 1
3846 0
3847 1
3848 0
3849 1
3850 0
3851 2
3852 1
3853 0
3854 0
3855 3
3856 1
3857 2
3858 1
3859 1
3860 0
3861 0
3862 2
3863 0
3864 1
3865 2
3866 1
3867 0
3868 1
3869 2
3870 0
3871 1
3872 3
3873 0
3874 0
3875 2
3876 0
3877 1
3878 1
3879 1
3880 1
3881 0
3882 0
3883 1
3884 0
3885 1
3886 0
3887 1
3888 0
3889 2
3890 1
3891 1
3892 1
3893 3
3894 0
3895 3
3896 1
3897 1
3898 0
3899 2
3900 1
3901 1
3902 0
3903 3
3904 0
3905 0
3906 0
3907 1
3908 0
3909 1
3910 1
3911 1
3912 2
3913 2
3914 2
3915 1
3916 1
3917 0
3918 2
3919 1
3920 2
3921 0
3922 0
3923 1
3924 3
3925 1
3926 2
3927 0
3928 1
3929 2
3930 0
3931 0
3932 0
3933 3
3934 2
3935 2
3936 1
3937 0
3938 2
3939 0
3940 1
3941 0
3942 2
3943 1
3944 1
3945 1
3946 2
3947 1
3948 0
3949 2
3950 3
3951 1
3952 0
3953 0
3954 0
3955 2
3956 2
3957 0
3958 0
3959 1
3960 0
3961 0
3962 0
3963 1
3964 0
3965 3
3966 2
3967 1
3968 0
3969 1
3970 2
3971 1
3972 0
3973 0
3974 0
3975 1
3976 2
3977 0
3978 1
3979 0
3980 2
3981 0
3982 0
3983 2
3984 1
3985 3
3986 0
3987 0
3988 2
3989 2
3990 0
3991 0
3992 1
3993 2
3994 2
3995 0
3996 0
3997 0
3998 1
3999 2
4000 0
4001 1
4002 0
4003 1
4004 1
4005 1
4006 1
4007 0
4008 0
4009 2
4010 0
4011 1
4012 1
4013 0
4014 1
4015 2
4016 0
4017 2
4018 1
4019 2
4020 2
4021 0
4022 0
4023 2
4024 1
4025 0
4026 1
4027 1
4028 1
4029 1
4030 2
4031 1
4032 1
4033 1
4034 0
4035 1
4036 1
4037 2
4038 0
4039 1
4040 0
4041 2
4042 0
4043 3
4044 0
4045 0
4046 0
4047 1
4048 2
4049 2
4050 0
4051 0
4052 2
4053 1
4054 0
4055 2
4056 1
4057 2
4058 0
4059 3
4060 1
4061 0
4062 1
4063 3
4064 3
4065 1
4066 3
4067 0
4068 1
4069 0
4070 1
4071 1
4072 2
4073 1
4074 0
4075 1
4076 1
4077 2
4078 0
4079 0
4080 1
4081 0
4082 0
4083 0
4084 0
4085 1
4086 0
4087 1
4088 0
4089 1
4090 0
4091 1
4092 2
4093 0
4094 0
4095 0
4096 2
4097 0
4098 1
4099 2
4100 1
4101 1
4102 2
4103 2
4104 0
4105 1
4106 3
4107 0
4108 2
4109 0
4110 2
4111 0
4112 1
4113 1
4114 2
4115 2
4116 1
4117 0
4118 0
4119 0
4120 0
4121 1
4122 0
4123 1
4124 2
4125 2
4126 2
4127 3
4128 2
4129 0
4130 1
4131 1
4132 0
4133 3
4134 1
4135 1
4136 0
4137 0
4138 0
4139 1
4140 0
4141 0
4142 0
4143 0
4144 0
4145 1
4146 2
4147 0
4148 1
4149 0
4150 2
4151 0
4152 3
4153 0
4154 0
4155 1
4156 2
4157 1
4158 0
4159 0
4160 2
4161 0
4162 1
4163 0
4164 1
4165 1
4166 0
4167 1
4168 2
4169 1
4170 1
4171 2
4172 1
4173 0
4174 1
4175 2
4176 2
4177 1
4178 2
4179 2
4180 1
4181 1
4182 1
4183 2
4184 1
4185 1
4186 0
4187 0
4188 0
4189 0
4190 0
4191 2
4192 0
4193 1
4194 1
4195 3
4196 0
4197 3
4198 0
4199 1
4200 0
4201 0
4202 2
4203 2
4204 0
4205 0
4206 1
4207 2
4208 2
4209 0
4210 2
4211 0
4212 1
4213 0
4214 2
4215 2
4216 1
4217 2
4218 0
4219 3
4220 0
4221 1
4222 1
4223 1
4224 2
4225 1
4226 2
4227 0
4228 0
4229 1
4230 1
4231 1
4232 0
4233 0
4234 1
4235 0
4236 2
4237 3
4238 1
4239 0
4240 2
4241 0
4242 0
4243 2
4244 2
4245 1
4246 1
4247 2
4248 0
4249 3
4250 0
4251 1
4252 2
4253 1
4254 1
4255 1
4256 2
4257 3
4258 1
4259 0
4260 0
4261 0
4262 2
4263 0
4264 1
4265 1
4266 2
4267 1
4268 1
4269 0
4270 2
4271 2
4272 2
4273 1
4274 2
4275 1
4276 2
4277 1
4278 2
4279 1
4280 0
4281 2
4282 2
4283 2
4284 1
4285 0
4286 2
4287 0
4288 2
4289 1
4290 3
4291 3
4292 2
4293 0
4294 0
4295 1
4296 2
4297 1
4298 1
4299 1
4300 1
4301 2
4302 0
4303 2
4304 1
4305 1
4306 0
4307 0
4308 1
4309 0
4310 3
4311 2
4312 2
4313 2
4314 0
4315 1
4316 1
4317 1
4318 0
4319 2
4320 0
4321 0
4322 1
4323 3
4324 1
4325 2
4326 2
4327 0
4328 2
4329 0
4330 0
4331 2
4332 1
4333 2
4334 2
4335 0
4336 1
4337 1
4338 2
4339 2
4340 1
4341 1
4342 2
4343 1
4344 0
4345 2
4346 0
4347 2
4348 2
4349 1
4350 2
4351 0
4352 1
4353 2
4354 2
4355 2
4356 3
4357 0
4358 2
4359 0
4360 1
4361 1
4362 0
4363 2
4364 2
4365 2
4366 3
4367 0
4368 1
4369 1
4370 2
4371 2
4372 2
4373 1
4374 3
4375 0
4376 3
4377 0
4378 2
4379 2
4380 0
4381 1
4382 1
4383 2
4384 0
4385 1
4386 0
4387 3
4388 2
4389 1
4390 1
4391 1
4392 0
4393 0
4394 0
4395 1
4396 1
4397 2
4398 1
4399 0
4400 0
4401 1
4402 0
4403 0
4404 2
4405 1
4406 1
4407 1
4408 1
4409 1
4410 1
4411 2
4412 0
4413 0
4414 0
4415 0
4416 1
4417 0
4418 3
4419 1
4420 2
4421 1
4422 1
4423 2
4424 1
4425 1
4426 2
4427 0
4428 3
4429 0
4430 2
4431 0
4432 1
4433 0
4434 2
4435 0
4436 0
4437 2
4438 0
4439 2
4440 3
4441 2
4442 2
4443 1
4444 1
4445 0
4446 0
4447 1
4448 3
4449 0
4450 2
4451 2
4452 1
4453 3
4454 1
4455 1
4456 1
4457 2
4458 1
4459 1
4460 2
4461 2
4462 2
4463 3
4464 1
4465 0
4466 3
4467 1
4468 0
4469 0
4470 1
4471 1
4472 2
4473 1
4474 1
4475 0
4476 2
4477 0
4478 1
4479 0
4480 2
4481 2
4482 2
4483 2
4484 2
4485 1
4486 0
4487 0
4488 1
4489 1
4490 1
4491 1
4492 1
4493 1
4494 1
4495 1
4496 1
4497 0
4498 1
4499 2
4500 0
4501 1
4502 2
4503 2
4504 0
4505 2
4506 0
4507 1
4508 0
4509 0
4510 0
4511 0
4512 3
4513 0
4514 2
4515 3
4516 0
4517 1
4518 0
4519 0
4520 0
4521 0
4522 0
4523 1
4524 0
4525 0
4526 0
4527 1
4528 1
4529 0
4530 2
4531 2
4532 0
4533 2
4534 1
4535 1
4536 0
4537 1
4538 2
4539 0
4540 1
4541 1
4542 1
4543 0
4544 0
4545 1
4546 2
4547 1
4548 0
4549 2
4550 3
4551 0
4552 2
4553 0
4554 1
4555 1
4556 1
4557 0
4558 0
4559 2
4560 1
4561 0
4562 0
4563 0
4564 2
4565 1
4566 0
4567 1
4568 2
4569 2
4570 0
4571 2
4572 3
4573 1
4574 2
4575 0
4576 2
4577 2
4578 1
4579 1
4580 1
4581 2
4582 0
4583 0
4584 1
4585 1
4586 1
4587 0
4588 1
4589 1
4590 2
4591 1
4592 2
4593 2
4594 0
4595 0
4596 2
4597 0
4598 0
4599 0
4600 2
4601 0
4602 2
4603 0
4604 0
4605 0
4606 0
4607 2
4608 3
4609 0
4610 1
4611 1
4612 1
4613 0
4614 2
4615 0
4616 0
4617 0
4618 0
4619 3
4620 1
4621 1
4622 2
4623 0
4624 3
4625 1
4626 0
4627 2
4628 2
4629 0
4630 1
4631 2
4632 0
4633 0
4634 0
4635 1
4636 1
4637 2
4638 0
4639 1
4640 0
4641 2
4642 3
4643 1
4644 0
4645 1
4646 0
4647 0
4648 0
4649 0
4650 2
4651 0
4652 1
4653 0
4654 2
4655 0
4656 3
4657 0
4658 3
4659 0
4660 0
4661 1
4662 0
4663 0
4664 1
4665 0
4666 0
4667 3
4668 0
4669 2
4670 0
4671 0
4672 1
4673 2
4674 2
4675 0
4676 1
4677 1
4678 1
4679 1
4680 0
4681 0
4682 3
4683 3
4684 1
4685 1
4686 0
4687 1
4688 1
4689 1
4690 0
4691 1
4692 0
4693 1
4694 0
4695 0
4696 2
4697 2
4698 0
4699 0
4700 2
4701 0
4702 1
4703 1
4704 1
4705 2
4706 0
4707 2
4708 1
4709 3
4710 3
4711 1
4712 0
4713 2
4714 2
4715 1
4716 1
4717 2
4718 1
4719 2
4720 1
4721 1
4722 2
4723 1
4724 2
4725 1
4726 0
4727 0
4728 2
4729 3
4730 1
4731 0
4732 2
4733 1
4734 2
4735 0
4736 1
4737 0
4738 1
4739 0
4740 0
4741 2
4742 1
4743 2
4744 1
4745 0
4746 2
4747 1
4748 1
4749 3
4750 3
4751 2
4752 2
4753 1
4754 1
4755 1
4756 0
4757 2
4758 1
4759 1
4760 1
4761 2
4762 0
4763 3
4764 1
4765 1
4766 1
4767 2
4768 1
4769 1
4770 2
4771 1
4772 1
4773 2
4774 2
4775 3
4776 0
4777 1
4778 1
4779 0
4780 1
4781 0
4782 1
4783 0
4784 2
4785 1
4786 1
4787 0
4788 0
4789 2
4790 0
4791 2
4792 1
4793 2
4794 1
4795 1
4796 2
4797 0
4798 1
4799 0
4800 0
4801 2
4802 1
4803 0
4804 1
4805 1
4806 2
4807 0
4808 1
4809 1
4810 1
4811 2
4812 1
4813 0
4814 0
4815 1
4816 0
4817 0
4818 1
4819 0
4820 1
4821 1
4822 0
4823 2
4824 2
4825 2
4826 1
4827 1
4828 0
4829 1
4830 2
4831 0
4832 3
4833 1
4834 2
4835 2
4836 1
4837 0
4838 0
4839 1
4840 0
4841 1
4842 1
4843 0
4844 1
4845 1
4846 0
4847 1
4848 1
4849 2
4850 0
4851 2
4852 1
4853 0
4854 2
4855 0
4856 0
4857 0
4858 1
4859 0
4860 2
4861 0
4862 2
4863 1
4864 2
4865 0
4866 1
4867 2
4868 0
4869 1
4870 3
4871 0
4872 2
4873 0
4874 1
4875 0
4876 1
4877 0
4878 1
4879 0
4880 1
4881 3
4882 1
4883 3
4884 2
4885 1
4886 2
4887 0
4888 2
4889 1
4890 2
4891 1
4892 1
4893 1
4894 0
4895 2
4896 1
4897 0
4898 2
4899 0
4900 0
4901 1
4902 2
4903 1
4904 2
4905 2
4906 0
4907 2
4908 3
4909 1
4910 1
4911 1
4912 0
4913 1
4914 1
4915 2
4916 1
4917 2
4918 1
4919 1
4920 0
4921 1
4922 1
4923 0
4924 0
4925 2
4926 1
4927 0
4928 2
4929 2
4930 0
4931 2
4932 0
4933 2
4934 0
4935 2
4936 2
4937 1
4938 1
4939 2
4940 0
4941 2
4942 2
4943 0
4944 1
4945 2
4946 0
4947 0
4948 2
4949 1
4950 2
4951 0
4952 1
4953 1
4954 1
4955 3
4956 0
4957 2
4958 0
4959 0
4960 1
4961 1
4962 2
4963 2
4964 2
4965 1
4966 2
4967 2
4968 2
4969 2
4970 3
4971 1
4972 0
4973 1
4974 1
4975 1
4976 0
4977 1
4978 0
4979 0
4980 2
4981 0
4982 0
4983 2
4984 0
4985 1
4986 2
4987 3
4988 0
4989 0
4990 2
4991 0
4992 0
4993 0
4994 2
4995 0
4996 0
4997 1
4998 1
4999 1
5000 1
5001 1
5002 2
5003 1
5004 0
5005 3
5006 1
5007 1
5008 0
5009 0
5010 1
5011 1
5012 2
5013 0
5014 0
5015 1
5016 1
5017 2
5018 1
5019 2
5020 0
5021 1
5022 0
5023 0
5024 1
5025 0
5026 1
5027 1
5028 1
5029 2
5030 1
5031 0
5032 1
5033 1
5034 0
5035 1
5036 2
5037 1
5038 2
5039 1
5040 2
5041 1
5042 1
5043 2
5044 1
5045 3
5046 1
5047 2
5048 2
5049 1
5050 0
5051 1
5052 0
5053 3
5054 1
5055 1
5056 0
5057 1
5058 2
5059 0
5060 2
5061 0
5062 0
5063 0
5064 2
5065 2
5066 2
5067 1
5068 1
5069 0
5070 2
5071 0
5072 0
5073 2
5074 0
5075 2
5076 1
5077 2
5078 1
5079 1
5080 1
5081 0
5082 1
5083 2
5084 1
5085 1
5086 2
5087 0
5088 1
5089 1
5090 1
5091 0
5092 0
5093 1
5094 0
5095 0
5096 0
5097 0
5098 1
5099 1
5100 0
5101 2
5102 2
5103 1
5104 0
5105 0
5106 1
5107 1
5108 0
5109 0
5110 0
5111 2
5112 0
5113 0
5114 0
5115 1
5116 0
5117 3
5118 2
5119 0
5120 0
5121 2
5122 1
5123 1
5124 0
5125 2
5126 3
5127 1
5128 1
5129 2
5130 1
5131 1
5132 1
5133 1
5134 2
5135 1
5136 1
5137 0
5138 1
5139 1
5140 0
5141 1
5142 1
5143 0
5144 2
5145 0
5146 3
5147 1
5148 2
5149 0
5150 0
5151 0
5152 1
5153 2
5154 2
5155 3
5156 2
5157 0
5158 0
5159 1
5160 1
5161 0
5162 2
5163 1
5164 1
5165 1
5166 2
5167 1
5168 1
5169 2
5170 0
5171 0
5172 2
5173 0
5174 0
5175 0
5176 1
5177 1
5178 0
5179 1
5180 2
5181 0
5182 2
5183 0
5184 0
5185 0
5186 1
5187 2
5188 2
5189 2
5190 1
5191 1
5192 1
5193 0
5194 2
5195 0
5196 2
5197 0
5198 0
5199 0
5200 3
5201 1
5202 2
5203 0
5204 2
5205 0
5206 2
5207 1
5208 0
5209 1
5210 0
5211 3
5212 1
5213 1
5214 0
5215 1
5216 0
5217 2
5218 1
5219 1
5220 1
5221 0
5222 0
5223 1
5224 1
5225 1
5226 0
5227 0
5228 1
5229 0
5230 0
5231 2
5232 0
5233 0
5234 1
5235 1
5236 1
5237 0
5238 0
5239 0
5240 2
5241 1
5242 2
5243 1
5244 2
5245 1
5246 1
5247 0
5248 1
5249 0
5250 1
5251 0
5252 2
5253 1
5254 0
5255 0
5256 0
5257 1
5258 0
5259 1
5260 0
5261 1
5262 2
5263 2
5264 0
5265 0
5266 0
5267 1
5268 0
5269 3
5270 0
5271 1
5272 1
5273 0
5274 1
5275 0
5276 1
5277 1
5278 1
5279 0
5280 1
5281 2
5282 1
5283 2
5284 0
5285 1
5286 2
5287 0
5288 2
5289 2
5290 2
5291 1
5292 2
5293 2
5294 2
5295 0
5296 2
5297 2
5298 1
5299 0
5300 0
5301 2
5302 1
5303 1
5304 0
5305 1
5306 1
5307 2
5308 1
5309 0
5310 2
5311 2
5312 3
5313 2
5314 2
5315 1
5316 2
5317 0
5318 0
5319 0
5320 0
5321 1
5322 0
5323 2
5324 1
5325 0
5326 2
5327 2
5328 0
5329 1
5330 1
5331 1
5332 1
5333 0
5334 1
5335 1
5336 1
5337 1
5338 0
5339 2
5340 0
5341 0
5342 1
5343 2
5344 0
5345 1
5346 1
5347 2
5348 2
5349 0
5350 2
5351 0
5352 0
5353 0
5354 2
5355 2
5356 0
5357 0
5358 0
5359 0
5360 0
5361 0
5362 1
5363 2
5364 0
5365 0
5366 0
5367 0
5368 1
5369 2
5370 0
5371 2
5372 1
5373 0
5374 1
5375 1
5376 1
5377 1
5378 0
5379 2
5380 1
5381 3
5382 0
5383 2
5384 0
5385 3
5386 1
5387 0
5388 1
5389 2
5390 2
5391 1
5392 0
5393 0
5394 0
5395 3
5396 0
5397 1
5398 1
5399 1
5400 0
5401 2
5402 0
5403 2
5404 1
5405 0
5406 1
5407 1
5408 1
5409 2
5410 0
5411 0
5412 2
5413 1
5414 1
5415 2
5416 1
5417 2
5418 1
5419 1
5420 1
5421 0
5422 0
5423 1
5424 1
5425 0
5426 2
5427 0
5428 1
5429 0
5430 2
5431 0
5432 0
5433 2
5434 0
5435 0
5436 2
5437 1
5438 1
5439 1
5440 1
5441 2
5442 2
5443 0
5444 2
5445 0
5446 2
5447 0
5448 0
5449 1
5450 1
5451 1
5452 2
5453 0
5454 0
5455 3
5456 2
5457 3
5458 1
5459 0
5460 2
5461 3
5462 2
5463 2
5464 1
5465 2
5466 0
5467 0
5468 0
5469 0
5470 2
5471 0
5472 1
5473 2
5474 2
5475 0
5476 2
5477 0
5478 1
5479 1
5480 1
5481 0
5482 0
5483 0
5484 0
5485 2
5486 2
5487 0
5488 0
5489 0
5490 2
5491 0
5492 2
5493 0
5494 1
5495 2
5496 0
5497 2
5498 1
5499 3
5500 0
5501 1
5502 0
5503 1
5504 1
5505 2
5506 1
5507 1
5508 2
5509 0
5510 2
5511 2
5512 0
5513 1
5514 1
5515 2
5516 1
5517 0
5518 2
5519 1
5520 0
5521 0
5522 0
5523 1
5524 0
5525 1
5526 1
5527 1
5528 0
5529 2
5530 0
5531 1
5532 2
5533 3
5534 0
5535 2
5536 2
5537 1
5538 3
5539 1
5540 0
5541 0
5542 1
5543 0
5544 0
5545 2
5546 1
5547 2
5548 1
5549 3
5550 0
5551 0
5552 2
5553 0
5554 0
5555 0
5556 3
5557 2
5558 2
5559 1
5560 2
5561 0
5562 0
5563 0
5564 1
5565 2
5566 0
5567 2
5568 2
5569 2
5570 0
5571 1
5572 2
5573 0
5574 0
5575 1
5576 0
5577 1
5578 0
5579 0
5580 1
5581 2
5582 3
5583 2
5584 1
5585 2
5586 1
5587 2
5588 2
5589 2
5590 3
5591 1
5592 1
5593 0
5594 2
5595 0
5596 3
5597 1
5598 0
5599 1
5600 2
5601 2
5602 1
5603 1
5604 0
5605 2
5606 0
5607 1
5608 0
5609 2
5610 1
5611 1
5612 1
5613 2
5614 3
5615 3
5616 1
5617 0
5618 2
5619 0
5620 1
5621 1
5622 0
5623 1
5624 0
5625 3
5626 2
5627 0
5628 3
5629 1
5630 2
5631 1
5632 1
5633 1
5634 0
5635 1
5636 1
5637 0
5638 1
5639 1
5640 1
5641 1
5642 2
5643 2
5644 0
5645 0
5646 1
5647 1
5648 1
5649 1
5650 1
5651 2
5652 0
5653 0
5654 0
5655 0
5656 0
5657 0
5658 1
5659 0
5660 2
5661 2
5662 1
5663 1
5664 1
5665 1
5666 1
5667 0
5668 1
5669 2
5670 0
5671 0
5672 0
5673 2
5674 1
5675 1
5676 2
5677 1
5678 0
5679 0
5680 3
5681 2
5682 0
5683 1
5684 1
5685 1
5686 1
5687 2
5688 2
5689 2
5690 3
5691 2
5692 0
5693 0
5694 0
5695 2
5696 0
5697 0
5698 1
5699 2
5700 0
5701 0
5702 1
5703 2
5704 0
5705 0
5706 0
5707 0
5708 0
5709 0
5710 2
5711 1
5712 2
5713 0
5714 1
5715 0
5716 2
5717 0
5718 0
5719 1
5720 0
5721 2
5722 1
5723 1
5724 2
5725 0
5726 1
5727 0
5728 1
5729 0
5730 0
5731 0
5732 2
5733 1
5734 0
5735 2
5736 1
5737 2
5738 0
5739 1
5740 1
5741 0
5742 1
5743 3
5744 0
5745 1
5746 0
5747 0
5748 2
5749 2
5750 1
5751 1
5752 2
5753 3
5754 1
5755 1
5756 2
5757 0
5758 1
5759 0
5760 1
5761 1
5762 3
5763 2
5764 0
5765 2
5766 0
5767 2
5768 2
5769 0
5770 1
5771 2
5772 0
5773 0
5774 0
5775 0
5776 1
5777 2
5778 0
5779 2
5780 2
5781 1
5782 1
5783 1
5784 0
5785 2
5786 0
5787 2
5788 3
5789 0
5790 1
5791 2
5792 2
5793 2
5794 0
5795 2
5796 0
5797 2
5798 2
5799 1
5800 1
5801 2
5802 2
5803 1
5804 1
5805 0
5806 1
5807 0
5808 0
5809 0
5810 1
5811 1
5812 0
5813 0
5814 0
5815 1
5816 1
5817 1
5818 3
5819 0
5820 2
5821 1
5822 3
5823 0
5824 0
5825 0
5826 0
5827 1
5828 2
5829 1
5830 0
5831 2
5832 1
5833 0
5834 0
5835 0
5836 0
5837 2
5838 1
5839 0
5840 1
5841 0
5842 1
5843 1
5844 0
5845 0
5846 0
5847 2
5848 2
5849 1
5850 0
5851 1
5852 1
5853 2
5854 0
5855 0
5856 1
5857 0
5858 1
5859 0
5860 0
5861 1
5862 1
5863 3
5864 1
5865 0
5866 2
5867 0
5868 0
5869 2
5870 3
5871 1
5872 1
5873 1
5874 0
5875 2
5876 2
5877 1
5878 2
5879 1
5880 0
5881 2
5882 0
5883 2
5884 1
5885 1
5886 2
5887 1
5888 1
5889 0
5890 2
5891 0
5892 1
5893 3
5894 2
5895 1
5896 0
5897 0
5898 0
5899 0
5900 0
5901 1
5902 2
5903 3
5904 0
5905 2
5906 1
5907 2
5908 0
5909 0
5910 1
5911 0
5912 1
5913 1
5914 1
5915 2
5916 2
5917 1
5918 1
5919 0
5920 0
5921 1
5922 0
5923 2
5924 2
5925 3
5926 0
5927 3
5928 0
5929 2
5930 2
5931 2
5932 1
5933 2
5934 1
5935 2
5936 1
5937 2
5938 2
5939 0
5940 3
5941 1
5942 1
5943 2
5944 0
5945 0
5946 2
5947 2
5948 1
5949 2
5950 1
5951 0
5952 2
5953 0
5954 1
5955 2
5956 1
5957 1
5958 2
5959 0
5960 1
5961 0
5962 2
5963 2
5964 2
5965 2
5966 2
5967 1
5968 0
5969 0
5970 1
5971 2
5972 1
5973 2
5974 0
5975 0
5976 1
5977 0
5978 2
5979 1
5980 1
5981 2
5982 1
5983 0
5984 1
5985 2
5986 1
5987 2
5988 1
5989 0
5990 0
5991 2
5992 0
5993 3
5994 0
5995 0
5996 0
5997 1
5998 3
5999 2
6000 1
6001 0
6002 2
6003 0
6004 1
6005 2
6006 2
6007 1
6008 2
6009 2
6010 1
6011 2
6012 1
6013 1
6014 1
6015 2
6016 0
6017 2
6018 0
6019 0
6020 1
6021 0
6022 2
6023 2
6024 1
6025 0
6026 2
6027 2
6028 0
6029 3
6030 1
6031 0
6032 1
6033 2
6034 0
6035 0
6036 0
6037 2
6038 0
6039 1
6040 1
6041 1
6042 1
6043 0
6044 2
6045 1
6046 2
6047 3
6048 0
6049 0
6050 0
6051 1
6052 0
6053 0
6054 2
6055 1
6056 3
6057 2
6058 0
6059 1
6060 0
6061 0
6062 2
6063 3
6064 1
6065 0
6066 2
6067 2
6068 2
6069 0
6070 0
6071 1
6072 2
6073 1
6074 1
6075 3
6076 0
6077 1
6078 0
6079 2
6080 2
6081 2
6082 1
6083 0
6084 2
6085 0
6086 0
6087 0
6088 0
6089 0
6090 1
6091 0
6092 1
6093 1
6094 0
6095 2
6096 1
6097 1
6098 0
6099 2
6100 0
6101 0
6102 0
6103 3
6104 2
6105 0
6106 0
6107 0
6108 0
6109 0
6110 0
6111 0
6112 1
6113 1
6114 1
6115 2
6116 1
6117 3
6118 1
6119 1
6120 1
6121 0
6122 1
6123 0
6124 1
6125 1
6126 1
6127 1
6128 0
6129 3
6130 0
6131 1
6132 0
6133 1
6134 0
6135 0
6136 0
6137 3
6138 0
6139 0
6140 0
6141 2
6142 2
6143 0
6144 1
6145 0
6146 2
6147 0
6148 0
6149 1
6150 1
6151 2
6152 2
6153 1
6154 2
6155 0
6156 1
6157 2
6158 1
6159 1
6160 2
6161 1
6162 0
6163 1
6164 1
6165 1
6166 0
6167 2
6168 1
6169 2
6170 0
6171 2
6172 2
6173 1
6174 3
6175 1
6176 2
6177 1
6178 1
6179 1
6180 0
6181 0
6182 0
6183 2
6184 0
6185 0
6186 0
6187 1
6188 0
6189 1
6190 1
6191 1
6192 3
6193 1
6194 3
6195 2
6196 3
6197 1
6198 1
6199 1
6200 2
6201 1
6202 1
6203 2
6204 1
6205 2
6206 0
6207 2
6208 2
6209 2
6210 2
6211 0
6212 1
6213 2
6214 0
6215 2
6216 2
6217 2
6218 1
6219 2
6220 1
6221 2
6222 0
6223 3
6224 0
6225 0
6226 2
6227 0
6228 0
6229 0
6230 0
6231 0
6232 1
6233 0
6234 1
6235 2
6236 2
6237 0
6238 2
6239 0
6240 1
6241 1
6242 0
6243 1
6244 1
6245 0
6246 1
6247 0
6248 3
6249 0
6250 0
6251 2
6252 3
6253 0
6254 0
6255 2
6256 2
6257 1
6258 0
6259 1
6260 2
6261 2
6262 0
6263 2
6264 0
6265 2
6266 3
6267 1
6268 1
6269 2
6270 1
6271 1
6272 1
6273 0
6274 1
6275 1
6276 2
6277 2
6278 3
6279 1
6280 1
6281 0
6282 0
6283 0
6284 1
6285 3
6286 1
6287 2
6288 0
6289 0
6290 1
6291 0
6292 3
6293 0
6294 1
6295 1
6296 2
6297 1
6298 1
6299 0
6300 2
6301 1
6302 0
6303 1
6304 2
6305 0
6306 1
6307 1
6308 1
6309 1
6310 0
6311 2
6312 1
6313 2
6314 0
6315 1
6316 0
6317 2
6318 1
6319 2
6320 0
6321 0
6322 1
6323 1
6324 1
6325 0
6326 2
6327 3
6328 2
6329 2
6330 1
6331 0
6332 1
6333 0
6334 1
6335 2
6336 0
6337 0
6338 1
6339 0
6340 2
6341 0
6342 0
6343 0
6344 2
6345 0
6346 3
6347 1
6348 1
6349 0
6350 2
6351 2
6352 1
6353 1
6354 1
6355 0
6356 2
6357 0
6358 3
6359 1
6360 1
6361 2
6362 0
6363 1
6364 0
6365 1
6366 1
6367 2
6368 0
6369 0
6370 1
6371 0
6372 0
6373 0
6374 2
6375 0
6376 2
6377 0
6378 0
6379 1
6380 2
6381 0
6382 1
6383 3
6384 1
6385 2
6386 1
6387 1
6388 2
6389 0
6390 3
6391 1
6392 1
6393 1
6394 2
6395 1
6396 2
6397 1
6398 2
6399 1
6400 1
6401 1
6402 3
6403 0
6404 2
6405 2
6406 1
6407 1
6408 0
6409 2
6410 1
6411 1
6412 0
6413 1
6414 1
6415 1
6416 2
6417 2
6418 2
6419 1
6420 3
6421 1
6422 3
6423 1
6424 2
6425 2
6426 0
6427 2
6428 2
6429 2
6430 0
6431 0
6432 0
6433 1
6434 1
6435 1
6436 1
6437 1
6438 1
6439 2
6440 2
6441 0
6442 2
6443 1
6444 2
6445 2
6446 2
6447 1
6448 1
6449 2
6450 0
6451 0
6452 0
6453 3
6454 2
6455 1
6456 2
6457 0
6458 3
6459 1
6460 0
6461 0
6462 2
6463 1
6464 2
6465 2
6466 1
6467 2
6468 0
6469 2
6470 0
6471 1
6472 1
6473 2
6474 0
6475 2
6476 2
6477 1
6478 2
6479 2
6480 0
6481 1
6482 2
6483 1
6484 0
6485 1
6486 3
6487 2
6488 3
6489 2
6490 0
6491 1
6492 1
6493 1
6494 0
6495 1
6496 1
6497 0
6498 1
6499 2
6500 0
6501 1
6502 0
6503 1
6504 1
6505 1
6506 1
6507 1
6508 2
6509 2
6510 0
6511 0
6512 1
6513 1
6514 0
6515 0
6516 0
6517 1
6518 1
6519 2
6520 0
6521 1
6522 0
6523 1
6524 2
6525 1
6526 2
6527 0
6528 1
6529 0
6530 1
6531 1
6532 1
6533 2
6534 2
6535 0
6536 1
6537 1
6538 0
6539 2
6540 2
6541 0
6542 1
6543 2
6544 1
6545 1
6546 1
6547 1
6548 0
6549 3
6550 1
6551 3
6552 2
6553 1
6554 1
6555 3
6556 1
6557 0
6558 0
6559 0
6560 2
6561 0
6562 1
6563 1
6564 1
6565 0
6566 2
6567 2
6568 1
6569 1
6570 1
6571 1
6572 2
6573 0
6574 1
6575 0
6576 0
6577 2
6578 1
6579 2
6580 1
6581 0
6582 0
6583 1
6584 1
6585 1
6586 2
6587 0
6588 0
6589 1
6590 0
6591 1
6592 1
6593 1
6594 2
6595 1
6596 1
6597 2
6598 1
6599 2
6600 0
6601 2
6602 0
6603 0
6604 0
6605 0
6606 0
6607 1
6608 2
6609 0
6610 1
6611 1
6612 1
6613 1
6614 0
6615 2
6616 1
6617 3
6618 2
6619 1
6620 1
6621 1
6622 1
6623 1
6624 2
6625 2
6626 2
6627 0
6628 2
6629 0
6630 1
6631 2
6632 1
6633 1
6634 0
6635 2
6636 2
6637 1
6638 1
6639 0
6640 1
6641 0
6642 3
6643 1
6644 1
6645 0
6646 0
6647 2
6648 2
6649 0
6650 3
6651 1
6652 2
6653 1
6654 1
6655 1
6656 1
6657 3
6658 0
6659 1
6660 2
6661 2
6662 3
6663 2
6664 0
6665 0
6666 0
6667 2
6668 1
6669 1
6670 2
6671 0
6672 0
6673 1
6674 2
6675 0
6676 2
6677 2
6678 0
6679 0
6680 2
6681 1
6682 1
6683 1
6684 1
6685 0
6686 0
6687 0
6688 0
6689 2
6690 1
6691 0
6692 2
6693 1
6694 1
6695 1
6696 0
6697 2
6698 2
6699 0
6700 0
6701 2
6702 2
6703 0
6704 1
6705 1
6706 0
6707 2
6708 1
6709 2
6710 1
6711 3
6712 1
6713 1
6714 0
6715 0
6716 1
6717 1
6718 0
6719 3
6720 2
6721 0
6722 0
6723 0
6724 2
6725 2
6726 2
6727 2
6728 2
6729 1
6730 1
6731 2
6732 0
6733 0
6734 0
6735 1
6736 1
6737 1
6738 0
6739 0
6740 0
6741 1
6742 1
6743 1
6744 2
6745 3
6746 1
6747 0
6748 1
6749 2
6750 0
6751 1
6752 0
6753 0
6754 1
6755 0
6756 3
6757 0
6758 3
6759 0
6760 1
6761 0
6762 2
6763 0
6764 1
6765 2
6766 2
6767 0
6768 2
6769 2
6770 2
6771 2
6772 0
6773 1
6774 3
6775 2
6776 2
6777 0
6778 2
6779 0
6780 2
6781 0
6782 1
6783 1
6784 2
6785 1
6786 0
6787 2
6788 2
6789 2
6790 1
6791 1
6792 1
6793 2
6794 1
6795 2
6796 0
6797 0
6798 0
6799 1
6800 1
6801 3
6802 1
6803 2
6804 0
6805 3
6806 1
6807 1
6808 3
6809 2
6810 0
6811 1
6812 0
6813 0
6814 1
6815 1
6816 1
6817 2
6818 0
6819 2
6820 1
6821 0
6822 2
6823 2
6824 0
6825 2
6826 1
6827 2
6828 0
6829 2
6830 2
6831 0
6832 2
6833 2
6834 1
6835 2
6836 1
6837 2
6838 3
6839 0
6840 1
6841 2
6842 3
6843 2
6844 2
6845 0
6846 0
6847 1
6848 1
6849 1
6850 0
6851 0
6852 0
6853 2
6854 2
6855 1
6856 2
6857 3
6858 1
6859 1
6860 1
6861 1
6862 1
6863 0
6864 2
6865 0
6866 2
6867 0
6868 1
6869 1
6870 2
6871 3
6872 2
6873 1
6874 0
6875 1
6876 2
6877 3
6878 3
6879 3
6880 1
6881 0
6882 0
6883 1
6884 1
6885 2
6886 3
6887 1
6888 2
6889 1
6890 1
6891 3
6892 0
6893 0
6894 2
6895 1
6896 1
6897 3
6898 0
6899 2
6900 0
6901 0
6902 0
6903 1
6904 1
6905 3
6906 1
6907 2
6908 0
6909 0
6910 2
6911 0
6912 1
6913 2
6914 3
6915 0
6916 0
6917 2
6918 1
6919 0
6920 2
6921 1
6922 0
6923 2
6924 1
6925 1
6926 0
6927 0
6928 2
6929 0
6930 0
6931 3
6932 1
6933 1
6934 2
6935 1
6936 2
6937 1
6938 1
6939 1
6940 2
6941 0
6942 2
6943 1
6944 2
6945 0
6946 0
6947 0
6948 0
6949 0
6950 2
6951 1
6952 1
6953 0
6954 1
6955 0
6956 3
6957 2
6958 3
6959 2
6960 2
6961 0
6962 1
6963 1
6964 2
6965 0
6966 3
6967 1
6968 2
6969 1
6970 0
6971 0
6972 1
6973 0
6974 1
6975 1
6976 2
6977 2
6978 1
6979 1
6980 1
6981 0
6982 3
6983 2
6984 1
6985 1
6986 1
6987 2
6988 0
6989 3
6990 0
6991 2
6992 1
6993 3
6994 1
6995 2
6996 0
6997 1
6998 1
6999 0
7000 2
7001 2
7002 1
7003 1
7004 1
7005 0
7006 1
7007 1
7008 1
7009 0
7010 3
7011 1
7012 3
7013 2
7014 0
7015 2
7016 0
7017 0
7018 3
7019 1
7020 1
7021 0
7022 3
7023 1
7024 2
7025 1
7026 2
7027 2
7028 1
7029 0
7030 1
7031 1
7032 0
7033 2
7034 2
7035 3
7036 1
7037 1
7038 2
7039 0
7040 2
7041 2
7042 1
7043 3
7044 1
7045 0
7046 1
7047 2
7048 0
7049 2
7050 3
7051 2
7052 2
7053 2
7054 2
7055 3
7056 0
7057 1
7058 0
7059 3
7060 0
7061 0
7062 0
7063 0
7064 0
7065 3
7066 0
7067 1
7068 0
7069 1
7070 2
7071 2
7072 0
7073 0
7074 0
7075 0
7076 0
7077 0
7078 1
7079 1
7080 0
7081 2
7082 2
7083 2
7084 3
7085 1
7086 0
7087 0
7088 0
7089 3
7090 2
7091 0
7092 2
7093 3
7094 2
7095 2
7096 1
7097 2
7098 0
7099 1
7100 2
7101 1
7102 2
7103 1
7104 0
7105 2
7106 2
7107 0
7108 1
7109 1
7110 0
7111 1
7112 1
7113 0
7114 2
7115 0
7116 0
7117 2
7118 0
7119 2
7120 0
7121 3
7122 2
7123 1
7124 1
7125 1
7126 0
7127 1
7128 2
7129 1
7130 3
7131 1
7132 1
7133 0
7134 0
7135 0
7136 2
7137 1
7138 2
7139 0
7140 2
7141 1
7142 2
7143 1
7144 1
7145 0
7146 0
7147 0
7148 0
7149 1
7150 3
7151 0
7152 1
7153 1
7154 3
7155 3
7156 1
7157 1
7158 2
7159 0
7160 3
7161 1
7162 1
7163 2
7164 1
7165 0
7166 2
7167 0
7168 2
7169 0
7170 1
7171 1
7172 0
7173 0
7174 3
7175 2
7176 0
7177 0
7178 1
7179 1
7180 1
7181 3
7182 2
7183 0
7184 2
7185 2
7186 1
7187 0
7188 1
7189 0
7190 0
7191 2
7192 2
7193 1
7194 1
7195 2
7196 1
7197 0
7198 2
7199 0
7200 1
7201 2
7202 0
7203 1
7204 2
7205 1
7206 2
7207 3
7208 0
7209 1
7210 0
7211 1
7212 2
7213 1
7214 2
7215 2
7216 2
7217 2
7218 0
7219 2
7220 0
7221 1
7222 0
7223 0
7224 0
7225 0
7226 1
7227 2
7228 0
7229 0
7230 2
7231 0
7232 1
7233 1
7234 2
7235 2
7236 0
7237 0
7238 1
7239 2
7240 2
7241 1
7242 1
7243 0
7244 0
7245 1
7246 2
7247 0
7248 0
7249 0
7250 0
7251 1
7252 0
7253 0
7254 2
7255 0
7256 1
7257 0
7258 2
7259 2
7260 2
7261 1
7262 0
7263 1
7264 0
7265 0
7266 1
7267 0
7268 0
7269 1
7270 2
7271 3
7272 2
7273 2
7274 0
7275 2
7276 1
7277 0
7278 2
7279 2
7280 1
7281 1
7282 2
7283 2
7284 1
7285 0
7286 2
7287 1
7288 2
7289 2
7290 2
7291 2
7292 3
7293 0
7294 2
7295 0
7296 0
7297 1
7298 0
7299 1
7300 1
7301 1
7302 0
7303 0
7304 1
7305 0
7306 2
7307 0
7308 2
7309 2
7310 0
7311 0
7312 0
7313 0
7314 0
7315 1
7316 2
7317 0
7318 1
7319 0
7320 2
7321 2
7322 1
7323 0
7324 0
7325 0
7326 2
7327 1
7328 0
7329 1
7330 2
7331 0
7332 3
7333 0
7334 2
7335 0
7336 1
7337 0
7338 1
7339 0
7340 1
7341 1
7342 2
7343 1
7344 1
7345 0
7346 1
7347 2
7348 2
7349 0
7350 1
7351 1
7352 2
7353 1
7354 1
7355 0
7356 0
7357 0
7358 0
7359 2
7360 0
7361 0
7362 2
7363 3
7364 0
7365 0
7366 0
7367 2
7368 1
7369 0
7370 0
7371 0
7372 2
7373 3
7374 2
7375 1
7376 0
7377 2
7378 0
7379 1
7380 0
7381 2
7382 0
7383 2
7384 0
7385 2
7386 2
7387 1
7388 1
7389 1
7390 2
7391 0
7392 0
7393 1
7394 2
7395 1
7396 0
7397 0
7398 1
7399 0
7400 3
7401 1
7402 1
7403 0
7404 0
7405 0
7406 1
7407 2
7408 1
7409 1
7410 0
7411 1
7412 1
7413 1
7414 0
7415 0
7416 0
7417 1
7418 0
7419 2
7420 2
7421 0
7422 1
7423 2
7424 1
7425 1
7426 0
7427 0
7428 2
7429 1
7430 2
7431 0
7432 0
7433 2
7434 2
7435 1
7436 0
7437 0
7438 0
7439 2
7440 0
7441 1
7442 1
7443 2
7444 0
7445 1
7446 1
7447 2
7448 2
7449 1
7450 2
7451 2
7452 2
7453 1
7454 1
7455 0
7456 0
7457 2
7458 2
7459 2
7460 0
7461 1
7462 0
7463 0
7464 1
7465 2
7466 2
7467 1
7468 2
7469 0
7470 1
7471 1
7472 2
7473 0
7474 2
7475 2
7476 2
7477 0
7478 0
7479 2
7480 2
7481 2
7482 2
7483 2
7484 1
7485 1
7486 2
7487 0
7488 1
7489 0
7490 0
7491 1
7492 2
7493 2
7494 0
7495 2
7496 2
7497 1
7498 0
7499 1
7500 0
7501 0
7502 0
7503 2
7504 0
7505 2
7506 2
7507 1
7508 1
7509 1
7510 1
7511 1
7512 0
7513 0
7514 2
7515 1
7516 2
7517 1
7518 2
7519 2
7520 2
7521 1
7522 2
7523 0
7524 2
7525 0
7526 0
7527 1
7528 0
7529 2
7530 0
7531 3
7532 2
7533 1
7534 3
7535 1
7536 3
7537 2
7538 2
7539 0
7540 2
7541 0
7542 2
7543 0
7544 1
7545 0
7546 0
7547 1
7548 0
7549 0
7550 2
7551 2
7552 2
7553 2
7554 1
7555 1
7556 0
7557 0
7558 1
7559 0
7560 0
7561 2
7562 2
7563 2
7564 1
7565 2
7566 2
7567 0
7568 3
7569 0
7570 3
7571 2
7572 3
7573 0
7574 0
7575 1
7576 1
7577 0
7578 2
7579 2
7580 3
7581 2
7582 1
7583 2
7584 0
7585 3
7586 2
7587 2
7588 1
7589 2
7590 2
7591 0
7592 0
7593 0
7594 2
7595 0
7596 1
7597 2
7598 3
7599 0
7600 0
7601 3
7602 0
7603 1
7604 3
7605 2
7606 1
7607 2
7608 1
7609 1
7610 1
7611 2
7612 2
7613 1
7614 2
7615 1
7616 2
7617 1
7618 0
7619 1
7620 0
7621 1
7622 1
7623 0
7624 1
7625 1
7626 0
7627 1
7628 1
7629 1
7630 2
7631 1
7632 2
7633 0
7634 2
7635 2
7636 1
7637 2
7638 0
7639 0
7640 0
7641 2
7642 0
7643 1
7644 0
7645 0
7646 1
7647 1
7648 2
7649 2
7650 1
7651 0
7652 0
7653 2
7654 0
7655 0
7656 1
7657 0
7658 2
7659 0
7660 1
7661 0
7662 0
7663 0
7664 1
7665 1
7666 1
7667 0
7668 0
7669 0
7670 0
7671 2
7672 1
7673 1
7674 0
7675 3
7676 1
7677 0
7678 2
7679 1
7680 2
7681 0
7682 1
7683 2
7684 0
7685 1
7686 1
7687 3
7688 1
7689 0
7690 0
7691 0
7692 2
7693 0
7694 2
7695 2
7696 0
7697 1
7698 3
7699 2
7700 0
7701 3
7702 2
7703 0
7704 2
7705 0
7706 0
7707 0
7708 4
7709 1
7710 2
7711 1
7712 2
7713 2
7714 3
7715 1
7716 0
7717 0
7718 0
7719 2
7720 0
7721 0
7722 0
7723 0
7724 0
7725 1
7726 0
7727 2
7728 1
7729 1
7730 2
7731 1
7732 1
7733 0
7734 2
7735 0
7736 2
7737 3
7738 1
7739 1
7740 3
7741 3
7742 0
7743 1
7744 0
7745 1
7746 1
7747 0
7748 1
7749 2
7750 3
7751 1
7752 1
7753 2
7754 1
7755 0
7756 2
7757 1
7758 1
7759 2
7760 2
7761 2
7762 1
7763 0
7764 0
7765 2
7766 1
7767 1
7768 1
7769 1
7770 1
7771 2
7772 1
7773 0
7774 2
7775 0
7776 3
7777 1
7778 1
7779 2
7780 1
7781 1
7782 0
7783 1
7784 2
7785 2
7786 1
7787 2
7788 2
7789 0
7790 0
7791 2
7792 1
7793 0
7794 2
7795 2
7796 1
7797 1
7798 0
7799 0
7800 3
7801 1
7802 1
7803 1
7804 2
7805 1
7806 2
7807 1
7808 2
7809 2
7810 0
7811 0
7812 0
7813 1
7814 2
7815 0
7816 2
7817 0
7818 1
7819 2
7820 1
7821 2
7822 0
7823 0
7824 1
7825 0
7826 1
7827 0
7828 0
7829 0
7830 2
7831 0
7832 0
7833 1
7834 2
7835 1
7836 1
7837 2
7838 1
7839 1
7840 1
7841 1
7842 2
7843 2
7844 1
7845 3
7846 0
7847 1
7848 0
7849 0
7850 0
7851 0
7852 0
7853 2
7854 0
7855 3
7856 2
7857 0
7858 1
7859 0
7860 0
7861 0
7862 1
7863 1
7864 0
7865 2
7866 2
7867 3
7868 1
7869 0
7870 3
7871 0
7872 2
7873 0
7874 2
7875 0
7876 0
7877 1
7878 1
7879 1
7880 0
7881 0
7882 1
7883 0
7884 2
7885 0
7886 2
7887 0
7888 0
7889 1
7890 1
7891 1
7892 2
7893 1
7894 2
7895 0
7896 1
7897 1
7898 2
7899 1
7900 0
7901 0
7902 2
7903 1
7904 1
7905 2
7906 3
7907 0
7908 1
7909 1
7910 0
7911 2
7912 0
7913 0
7914 2
7915 1
7916 2
7917 2
7918 2
7919 1
7920 1
7921 0
7922 1
7923 0
7924 0
7925 0
7926 3
7927 1
7928 2
7929 1
7930 2
7931 2
7932 3
7933 0
7934 2
7935 0
7936 1
7937 0
7938 0
7939 3
7940 2
7941 2
7942 1
7943 0
7944 1
7945 1
7946 2
7947 1
7948 0
7949 1
7950 2
7951 1
7952 1
7953 1
7954 1
7955 2
7956 1
7957 2
7958 1
7959 2
7960 2
7961 0
7962 2
7963 0
7964 1
7965 0
7966 1
7967 0
7968 0
7969 0
7970 2
7971 2
7972 1
7973 1
7974 1
7975 0
7976 1
7977 1
7978 2
7979 2
7980 1
7981 1
7982 2
7983 0
7984 1
7985 0
7986 0
7987 0
7988 0
7989 1
7990 0
7991 1
7992 0
7993 0
7994 2
7995 2
7996 0
7997 0
7998 2
7999 1
8000 1
8001 0
8002 0
8003 0
8004 0
8005 2
8006 0
8007 1
8008 1
8009 0
8010 0
8011 2
8012 0
8013 2
8014 0
8015 0
8016 1
8017 0
8018 0
8019 1
8020 0
8021 1
8022 1
8023 1
8024 1
8025 0
8026 1
8027 0
8028 0
8029 1
8030 0
8031 0
8032 0
8033 0
8034 1
8035 1
8036 0
8037 3
8038 2
8039 0
8040 0
8041 0
8042 0
8043 1
8044 1
8045 2
8046 1
8047 1
8048 1
8049 1
8050 2
8051 0
8052 0
8053 1
8054 1
8055 1
8056 3
8057 2
8058 0
8059 2
8060 2
8061 2
8062 1
8063 1
8064 2
8065 3
8066 1
8067 1
8068 1
8069 1
8070 0
8071 1
8072 1
8073 2
8074 1
8075 0
8076 2
8077 0
8078 0
8079 2
8080 0
8081 2
8082 0
8083 0
8084 1
8085 0
8086 1
8087 0
8088 0
8089 1
8090 1
8091 1
8092 1
8093 0
8094 0
8095 1
8096 1
8097 3
8098 2
8099 0
8100 0
8101 1
8102 0
8103 0
8104 0
8105 1
8106 2
8107 3
8108 0
8109 2
8110 0
8111 2
8112 2
8113 0
8114 1
8115 1
8116 1
8117 0
8118 1
8119 1
8120 0
8121 0
8122 0
8123 1
8124 0
8125 0
8126 2
8127 0
8128 0
8129 2
8130 1
8131 1
8132 0
8133 2
8134 0
8135 2
8136 0
8137 1
8138 0
8139 1
8140 1
8141 1
8142 1
8143 1
8144 1
8145 0
8146 1
8147 2
8148 1
8149 0
8150 3
8151 1
8152 1
8153 2
8154 2
8155 1
8156 2
8157 1
8158 0
8159 2
8160 1
8161 0
8162 1
8163 1
8164 0
8165 0
8166 2
8167 2
8168 1
8169 0
8170 1
8171 0
8172 1
8173 1
8174 2
8175 0
8176 0
8177 0
8178 2
8179 2
8180 1
8181 1
8182 1
8183 1
8184 1
8185 2
8186 2
8187 2
8188 2
8189 3
8190 3
8191 1
8192 0
8193 2
8194 0
8195 1
8196 0
8197 0
8198 2
8199 3
8200 0
8201 0
8202 1
8203 0
8204 0
8205 1
8206 1
8207 2
8208 2
8209 3
8210 2
8211 2
8212 1
8213 1
8214 0
8215 1
8216 1
8217 1
8218 0
8219 1
8220 2
8221 0
8222 1
8223 0
8224 0
8225 2
8226 1
8227 0
8228 1
8229 0
8230 2
8231 2
8232 2
8233 1
8234 2
8235 2
8236 2
8237 3
8238 1
8239 1
8240 1
8241 1
8242 1
8243 1
8244 1
8245 1
8246 1
8247 0
8248 0
8249 2
8250 0
8251 2
8252 0
8253 0
8254 1
8255 0
8256 3
8257 1
8258 2
8259 1
8260 2
8261 0
8262 0
8263 0
8264 2
8265 1
8266 2
8267 1
8268 2
8269 1
8270 2
8271 1
8272 2
8273 1
8274 0
8275 0
8276 3
8277 1
8278 1
8279 0
8280 1
8281 1
8282 1
8283 1
8284 0
8285 2
8286 0
8287 2
8288 0
8289 0
8290 0
8291 1
8292 0
8293 0
8294 2
8295 3
8296 0
8297 2
8298 0
8299 2
8300 1
8301 1
8302 0
8303 2
8304 2
8305 2
8306 2
8307 2
8308 2
8309 1
8310 0
8311 1
8312 1
8313 0
8314 0
8315 2
8316 1
8317 1
8318 2
8319 1
8320 1
8321 2
8322 2
8323 0
8324 1
8325 0
8326 2
8327 1
8328 1
8329 1
8330 1
8331 0
8332 1
8333 1
8334 2
8335 0
8336 1
8337 2
8338 1
8339 2
8340 1
8341 1
8342 0
8343 1
8344 3
8345 1
8346 3
8347 2
8348 0
8349 1
8350 1
8351 2
8352 1
8353 1
8354 2
8355 2
8356 3
8357 0
8358 1
8359 1
8360 0
8361 0
8362 1
8363 2
8364 1
8365 1
8366 1
8367 1
8368 0
8369 1
8370 1
8371 0
8372 2
8373 1
8374 2
8375 1
8376 0
8377 2
8378 1
8379 0
8380 2
8381 1
8382 1
8383 3
8384 0
8385 2
8386 0
8387 1
8388 0
8389 0
8390 3
8391 3
8392 1
8393 1
8394 1
8395 1
8396 0
8397 0
8398 0
8399 1
8400 2
8401 1
8402 1
8403 0
8404 0
8405 1
8406 2
8407 1
8408 0
8409 1
8410 1
8411 0
8412 0
8413 2
8414 1
8415 0
8416 2
8417 0
8418 0
8419 3
8420 0
8421 0
8422 1
8423 2
8424 3
8425 1
8426 0
8427 1
8428 2
8429 0
8430 2
8431 2
8432 0
8433 0
8434 0
8435 1
8436 1
8437 2
8438 2
8439 3
8440 0
8441 1
8442 2
8443 1
8444 0
8445 1
8446 3
8447 0
8448 0
8449 1
8450 0
8451 0
8452 1
8453 0
8454 1
8455 2
8456 3
8457 1
8458 0
8459 0
8460 0
8461 0
8462 0
8463 1
8464 0
8465 0
8466 2
8467 0
8468 1
8469 1
8470 2
8471 2
8472 0
8473 2
8474 2
8475 0
8476 1
8477 2
8478 0
8479 2
8480 0
8481 2
8482 0
8483 2
8484 1
8485 2
8486 1
8487 0
8488 2
8489 2
8490 0
8491 1
8492 0
8493 0
8494 2
8495 1
8496 2
8497 0
8498 1
8499 1
8500 0
8501 2
8502 1
8503 0
8504 0
8505 0
8506 2
8507 2
8508 0
8509 1
8510 1
8511 0
8512 1
8513 1
8514 1
8515 0
8516 0
8517 1
8518 0
8519 0
8520 0
8521 0
8522 1
8523 2
8524 1
8525 2
8526 2
8527 3
8528 0
8529 1
8530 0
8531 0
8532 1
8533 0
8534 0
8535 0
8536 2
8537 2
8538 1
8539 0
8540 2
8541 0
8542 0
8543 0
8544 0
8545 0
8546 0
8547 1
8548 0
8549 3
8550 0
8551 2
8552 2
8553 0
8554 2
8555 0
8556 1
8557 2
8558 3
8559 2
8560 2
8561 0
8562 2
8563 3
8564 1
8565 1
8566 2
8567 3
8568 3
8569 1
8570 1
8571 0
8572 0
8573 2
8574 0
8575 0
8576 1
8577 1
8578 0
8579 0
8580 0
8581 2
8582 0
8583 0
8584 0
8585 3
8586 2
8587 2
8588 0
8589 1
8590 3
8591 0
8592 2
8593 2
8594 1
8595 0
8596 2
8597 3
8598 0
8599 1
8600 0
8601 2
8602 1
8603 2
8604 1
8605 1
8606 0
8607 0
8608 3
8609 1
8610 3
8611 1
8612 0
8613 1
8614 2
8615 0
8616 0
8617 1
8618 1
8619 3
8620 1
8621 0
8622 0
8623 1
8624 1
8625 1
8626 0
8627 2
8628 1
8629 2
8630 0
8631 2
8632 1
8633 0
8634 2
8635 0
8636 2
8637 0
8638 1
8639 1
8640 0
8641 0
8642 2
8643 0
8644 2
8645 1
8646 0
8647 3
8648 2
8649 1
8650 0
8651 1
8652 2
8653 2
8654 0
8655 0
8656 2
8657 2
8658 0
8659 1
8660 1
8661 2
8662 1
8663 1
8664 1
8665 1
8666 2
8667 2
8668 0
8669 0
8670 2
8671 0
8672 1
8673 0
8674 1
8675 1
8676 2
8677 0
8678 0
8679 2
8680 3
8681 1
8682 3
8683 1
8684 0
8685 2
8686 1
8687 2
8688 0
8689 1
8690 0
8691 3
8692 0
8693 0
8694 1
8695 2
8696 1
8697 0
8698 2
8699 0
8700 1
8701 1
8702 0
8703 0
8704 1
8705 2
8706 0
8707 1
8708 1
8709 0
8710 1
8711 1
8712 0
8713 0
8714 2
8715 0
8716 2
8717 0
8718 0
8719 1
8720 1
8721 3
8722 1
8723 2
8724 2
8725 0
8726 2
8727 0
8728 1
8729 1
8730 1
8731 1
8732 1
8733 2
8734 2
8735 0
8736 0
8737 2
8738 1
8739 2
8740 1
8741 2
8742 0
8743 0
8744 1
8745 1
8746 1
8747 0
8748 0
8749 0
8750 0
8751 1
8752 1
8753 0
8754 2
8755 1
8756 1
8757 0
8758 0
8759 0
8760 2
8761 2
8762 2
8763 1
8764 1
8765 2
8766 0
8767 2
8768 0
8769 0
8770 1
8771 0
8772 1
8773 0
8774 0
8775 1
8776 0
8777 3
8778 1
8779 1
8780 1
8781 1
8782 2
8783 1
8784 1
8785 0
8786 0
8787 2
8788 0
8789 0
8790 2
8791 2
8792 1
8793 3
8794 3
8795 2
8796 2
8797 0
8798 2
8799 0
8800 3
8801 0
8802 2
8803 0
8804 1
8805 2
8806 1
8807 0
8808 0
8809 1
8810 1
8811 0
8812 1
8813 2
8814 2
8815 3
8816 3
8817 0
8818 2
8819 0
8820 2
8821 2
8822 3
8823 0
8824 0
8825 1
8826 2
8827 0
8828 2
8829 0
8830 2
8831 2
8832 1
8833 2
8834 2
8835 0
8836 2
8837 1
8838 1
8839 0
8840 1
8841 0
8842 0
8843 1
8844 0
8845 2
8846 1
8847 0
8848 1
8849 1
8850 0
8851 3
8852 2
8853 1
8854 1
8855 1
8856 2
8857 0
8858 1
8859 2
8860 2
8861 1
8862 0
8863 0
8864 1
8865 1
8866 2
8867 0
8868 0
8869 0
8870 2
8871 0
8872 0
8873 1
8874 0
8875 1
8876 1
8877 2
8878 2
8879 0
8880 3
8881 0
8882 1
8883 1
8884 0
8885 2
8886 1
8887 2
8888 2
8889 0
8890 3
8891 1
8892 2
8893 2
8894 0
8895 0
8896 0
8897 0
8898 1
8899 0
8900 1
8901 3
8902 1
8903 1
8904 1
8905 1
8906 1
8907 0
8908 0
8909 1
8910 0
8911 0
8912 2
8913 2
8914 3
8915 2
8916 1
8917 0
8918 0
8919 1
8920 1
8921 1
8922 0
8923 1
8924 0
8925 2
8926 2
8927 0
8928 0
8929 2
8930 2
8931 0
8932 1
8933 1
8934 1
8935 2
8936 0
8937 0
8938 0
8939 3
8940 1
8941 0
8942 3
8943 1
8944 1
8945 1
8946 0
8947 1
8948 1
8949 0
8950 1
8951 0
8952 3
8953 0
8954 0
8955 2
8956 2
8957 2
8958 2
8959 0
8960 2
8961 1
8962 1
8963 0
8964 0
8965 1
8966 1
8967 2
8968 1
8969 0
8970 3
8971 1
8972 2
8973 0
8974 0
8975 1
8976 0
8977 2
8978 3
8979 2
8980 0
8981 3
8982 0
8983 2
8984 1
8985 0
8986 0
8987 1
8988 2
8989 1
8990 0
8991 2
8992 1
8993 0
8994 2
8995 1
8996 1
8997 0
8998 3
8999 1
9000 2
9001 2
9002 0
9003 2
9004 1
9005 2
9006 2
9007 2
9008 1
9009 1
9010 0
9011 2
9012 0
9013 1
9014 1
9015 2
9016 0
9017 1
9018 1
9019 2
9020 2
9021 2
9022 1
9023 0
9024 2
9025 2
9026 2
9027 0
9028 2
9029 2
9030 2
9031 2
9032 1
9033 1
9034 1
9035 2
9036 1
9037 1
9038 0
9039 3
9040 0
9041 2
9042 2
9043 0
9044 1
9045 0
9046 1
9047 1
9048 0
9049 0
9050 1
9051 2
9052 1
9053 1
9054 2
9055 0
9056 1
9057 1
9058 0
9059 2
9060 1
9061 3
9062 2
9063 1
9064 0
9065 1
9066 2
9067 0
9068 1
9069 3
9070 1
9071 2
9072 2
9073 0
9074 3
9075 2
9076 1
9077 2
9078 1
9079 1
9080 0
9081 0
9082 0
9083 0
9084 2
9085 3
9086 2
9087 0
9088 0
9089 1
9090 1
9091 2
9092 0
9093 3
9094 2
9095 1
9096 3
9097 4
9098 3
9099 1
9100 3
9101 1
9102 0
9103 0
9104 1
9105 1
9106 1
9107 1
9108 1
9109 1
9110 2
9111 3
9112 0
9113 1
9114 0
9115 2
9116 2
9117 1
9118 1
9119 1
9120 2
9121 1
9122 1
9123 1
9124 3
9125 1
9126 1
9127 1
9128 1
9129 0
9130 0
9131 0
9132 2
9133 0
9134 2
9135 1
9136 3
9137 4
9138 2
9139 2
9140 1
9141 1
9142 2
9143 0
9144 2
9145 1
9146 1
9147 3
9148 1
9149 0
9150 0
9151 1
9152 2
9153 2
9154 0
9155 1
9156 0
9157 0
9158 0
9159 1
9160 0
9161 2
9162 2
9163 1
9164 1
9165 2
9166 1
9167 3
9168 1
9169 1
9170 3
9171 0
9172 1
9173 0
9174 1
9175 0
9176 0
9177 2
9178 1
9179 1
9180 1
9181 1
9182 1
9183 2
9184 0
9185 1
9186 1
9187 1
9188 0
9189 1
9190 0
9191 0
9192 2
9193 2
9194 1
9195 0
9196 0
9197 0
9198 3
9199 0
9200 2
9201 1
9202 0
9203 3
9204 1
9205 2
9206 3
9207 1
9208 3
9209 0
9210 0
9211 1
9212 1
9213 0
9214 2
9215 1
9216 1
9217 1
9218 1
9219 1
9220 3
9221 2
9222 1
9223 1
9224 1
9225 0
9226 0
9227 2
9228 1
9229 2
9230 1
9231 0
9232 1
9233 0
9234 0
9235 1
9236 0
9237 0
9238 0
9239 0
9240 3
9241 0
9242 1
9243 1
9244 2
9245 2
9246 1
9247 2
9248 0
9249 2
9250 1
9251 1
9252 0
9253 1
9254 2
9255 2
9256 0
9257 1
9258 2
9259 3
9260 1
9261 0
9262 1
9263 2
9264 3
9265 0
9266 0
9267 1
9268 2
9269 1
9270 1
9271 2
9272 0
9273 1
9274 1
9275 0
9276 1
9277 0
9278 0
9279 0
9280 2
9281 0
9282 2
9283 1
9284 2
9285 2
9286 1
9287 1
9288 2
9289 0
9290 0
9291 1
9292 1
9293 1
9294 1
9295 0
9296 0
9297 0
9298 0
9299 1
9300 0
9301 0
9302 1
9303 0
9304 0
9305 2
9306 1
9307 2
9308 1
9309 1
9310 0
9311 1
9312 0
9313 0
9314 2
9315 2
9316 0
9317 1
9318 1
9319 0
9320 0
9321 0
9322 1
9323 1
9324 1
9325 0
9326 1
9327 0
9328 2
9329 1
9330 1
9331 3
9332 1
9333 1
9334 1
9335 0
9336 0
9337 1
9338 2
9339 1
9340 2
9341 0
9342 1
9343 1
9344 0
9345 0
9346 1
9347 0
9348 1
9349 1
9350 1
9351 1
9352 0
9353 2
9354 3
9355 0
9356 0
9357 2
9358 1
9359 0
9360 1
9361 1
9362 1
9363 1
9364 0
9365 1
9366 0
9367 0
9368 1
9369 1
9370 2
9371 1
9372 0
9373 0
9374 0
9375 3
9376 1
9377 1
9378 1
9379 1
9380 0
9381 0
9382 1
9383 0
9384 1
9385 1
9386 1
9387 2
9388 1
9389 0
9390 2
9391 2
9392 2
9393 0
9394 0
9395 2
9396 1
9397 0
9398 0
9399 1
9400 3
9401 0
9402 1
9403 0
9404 2
9405 0
9406 1
9407 1
9408 1
9409 2
9410 0
9411 1
9412 1
9413 0
9414 1
9415 2
9416 0
9417 0
9418 0
9419 0
9420 0
9421 3
9422 1
9423 3
9424 0
9425 1
9426 0
9427 0
9428 0
9429 2
9430 2
9431 0
9432 1
9433 0
9434 1
9435 2
9436 0
9437 3
9438 2
9439 0
9440 2
9441 3
9442 2
9443 1
9444 0
9445 2
9446 2
9447 2
9448 0
9449 0
9450 1
9451 1
9452 0
9453 0
9454 0
9455 0
9456 1
9457 0
9458 2
9459 1
9460 3
9461 1
9462 1
9463 2
9464 2
9465 3
9466 1
9467 2
9468 2
9469 0
9470 1
9471 2
9472 2
9473 2
9474 2
9475 1
9476 2
9477 3
9478 1
9479 0
9480 2
9481 2
9482 1
9483 2
9484 0
9485 1
9486 1
9487 0
9488 2
9489 0
9490 3
9491 0
9492 1
9493 0
9494 2
9495 3
9496 3
9497 1
9498 2
9499 0
9500 1
9501 0
9502 2
9503 0
9504 3
9505 1
9506 0
9507 2
9508 1
9509 1
9510 1
9511 1
9512 1
9513 2
9514 2
9515 0
9516 1
9517 1
9518 2
9519 2
9520 0
9521 0
9522 1
9523 3
9524 1
9525 0
9526 0
9527 1
9528 0
9529 2
9530 0
9531 1
9532 2
9533 0
9534 0
9535 3
9536 2
9537 1
9538 2
9539 0
9540 2
9541 0
9542 1
9543 1
9544 0
9545 2
9546 0
9547 0
9548 2
9549 2
9550 3
9551 2
9552 2
9553 1
9554 1
9555 1
9556 2
9557 1
9558 0
9559 0
9560 1
9561 1
9562 0
9563 1
9564 2
9565 1
9566 2
9567 0
9568 1
9569 2
9570 0
9571 0
9572 1
9573 3
9574 0
9575 0
9576 0
9577 1
9578 0
9579 0
9580 0
9581 1
9582 2
9583 2
9584 0
9585 0
9586 2
9587 2
9588 1
9589 0
9590 0
9591 1
9592 0
9593 1
9594 2
9595 0
9596 1
9597 1
9598 2
9599 2
9600 0
9601 0
9602 0
9603 0
9604 0
9605 1
9606 0
9607 2
9608 1
9609 1
9610 3
9611 0
9612 2
9613 0
9614 1
9615 0
9616 0
9617 0
9618 2
9619 0
9620 0
9621 0
9622 0
9623 0
9624 2
9625 1
9626 1
9627 0
9628 0
9629 1
9630 0
9631 3
9632 1
9633 1
9634 1
9635 2
9636 2
9637 2
9638 0
9639 1
9640 2
9641 0
9642 2
9643 2
9644 2
9645 1
9646 2
9647 1
9648 1
9649 2
9650 0
9651 1
9652 2
9653 1
9654 2
9655 1
9656 0
9657 0
9658 1
9659 0
9660 1
9661 0
9662 2
9663 0
9664 1
9665 2
9666 1
9667 1
9668 1
9669 0
9670 2
9671 0
9672 1
9673 0
9674 0
9675 0
9676 0
9677 1
9678 1
9679 2
9680 2
9681 0
9682 1
9683 2
9684 1
9685 1
9686 2
9687 1
9688 0
9689 0
9690 2
9691 2
9692 1
9693 1
9694 2
9695 1
9696 0
9697 2
9698 0
9699 2
9700 1
9701 2
9702 1
9703 1
9704 0
9705 1
9706 0
9707 0
9708 2
9709 0
9710 0
9711 1
9712 2
9713 1
9714 1
9715 2
9716 0
9717 1
9718 0
9719 1
9720 0
9721 0
9722 2
9723 0
9724 0
9725 0
9726 0
9727 2
9728 0
9729 1
9730 1
9731 0
9732 2
9733 2
9734 2
9735 0
9736 0
9737 1
9738 0
9739 2
9740 0
9741 1
9742 0
9743 0
9744 0
9745 2
9746 0
9747 1
9748 1
9749 0
9750 2
9751 0
9752 1
9753 2
9754 2
9755 0
9756 1
9757 2
9758 1
9759 0
9760 0
9761 1
9762 0
9763 0
9764 2
9765 1
9766 1
9767 1
9768 0
9769 1
9770 1
9771 0
9772 0
9773 0
9774 0
9775 0
9776 0
9777 0
9778 1
9779 1
9780 1
9781 1
9782 3
9783 1
9784 1
9785 2
9786 2
9787 1
9788 1
9789 0
9790 0
9791 1
9792 1
9793 2
9794 1
9795 0
9796 3
9797 1
9798 2
9799 2
9800 0
9801 3
9802 2
9803 1
9804 0
9805 2
9806 2
9807 0
9808 1
9809 1
9810 2
9811 0
9812 1
9813 0
9814 0
9815 0
9816 3
9817 2
9818 0
9819 1
9820 0
9821 0
9822 1
9823 3
9824 1
9825 1
9826 1
9827 3
9828 1
9829 2
9830 0
9831 0
9832 1
9833 0
9834 1
9835 1
9836 3
9837 0
9838 0
9839 0
9840 2
9841 2
9842 1
9843 1
9844 0
9845 0
9846 1
9847 2
9848 1
9849 2
9850 2
9851 0
9852 3
9853 1
9854 1
9855 1
9856 1
9857 3
9858 1
9859 3
9860 0
9861 1
9862 1
9863 1
9864 3
9865 0
9866 3
9867 0
9868 1
9869 2
9870 0
9871 0
9872 2
9873 1
9874 1
9875 0
9876 0
9877 1
9878 2
9879 0
9880 0
9881 0
9882 0
9883 0
9884 0
9885 2
9886 1
9887 0
9888 2
9889 2
9890 2
9891 0
9892 2
9893 1
9894 0
9895 4
9896 1
9897 3
9898 1
9899 1
9900 2
9901 0
9902 1
9903 3
9904 2
9905 2
9906 2
9907 1
9908 1
9909 2
9910 0
9911 0
9912 0
9913 0
9914 2
9915 1
9916 1
9917 2
9918 0
9919 0
9920 1
9921 0
9922 2
9923 0
9924 2
9925 0
9926 1
9927 0
9928 1
9929 1
9930 3
9931 2
9932 0
9933 0
9934 3
9935 0
9936 1
9937 2
9938 0
9939 0
9940 0
9941 0
9942 2
9943 1
9944 0
9945 1
9946 2
9947 1
9948 0
9949 0
9950 2
9951 2
9952 1
9953 1
9954 1
9955 0
9956 0
9957 0
9958 2
9959 2
9960 1
9961 1
9962 1
9963 1
9964 1
9965 1
9966 1
9967 0
9968 1
9969 1
9970 2
9971 1
9972 0
9973 2
9974 2
9975 2
9976 1
9977 0
9978 1
9979 2
9980 1
9981 1
9982 0
9983 1
9984 0
9985 0
9986 0
9987 1
9988 2
9989 0
9990 3
9991 2
9992 1
9993 1
9994 0
9995 2
9996 2
9997 1
9998 1
9999 2
10000 0
10001 2
10002 1
10003 1
10004 2
10005 2
10006 2
10007 1
10008 0
10009 2
10010 1
10011 3
10012 1
10013 1
10014 2
10015 0
10016 1
10017 1
10018 0
10019 2
10020 2
10021 1
10022 0
10023 2
10024 2
10025 1
10026 0
10027 0
10028 3
10029 2
10030 0
10031 0
10032 2
10033 0
10034 0
10035 1
10036 1
10037 0
10038 1
10039 1
10040 1
10041 0
10042 2
10043 0
10044 2
10045 0
10046 1
10047 1
10048 0
10049 0
10050 2
10051 0
10052 2
10053 2
10054 1
10055 1
10056 1
10057 0
10058 2
10059 0
10060 1
10061 0
10062 0
10063 1
10064 1
10065 1
10066 0
10067 1
10068 2
10069 0
10070 0
10071 2
10072 2
10073 2
10074 2
10075 2
10076 2
10077 2
10078 3
10079 2
10080 3
10081 2
10082 0
10083 0
10084 2
10085 1
10086 0
10087 2
10088 0
10089 0
10090 0
10091 1
10092 0
10093 0
10094 1
10095 1
10096 2
10097 0
10098 0
10099 0
10100 0
10101 2
10102 0
10103 1
10104 0
10105 2
10106 0
10107 2
10108 0
10109 1
10110 2
10111 2
10112 0
10113 1
10114 1
10115 0
10116 1
10117 1
10118 1
10119 0
10120 1
10121 1
10122 0
10123 1
10124 0
10125 0
10126 3
10127 2
10128 1
10129 2
10130 1
10131 2
10132 3
10133 1
10134 2
10135 2
10136 0
10137 0
10138 1
10139 2
10140 0
10141 0
10142 0
10143 1
10144 1
10145 0
10146 0
10147 2
10148 0
10149 2
10150 0
10151 2
10152 0
10153 2
10154 1
10155 0
10156 1
10157 0
10158 0
10159 0
10160 1
10161 0
10162 2
10163 2
10164 2
10165 2
10166 0
10167 0
10168 1
10169 0
10170 0
10171 2
10172 1
10173 0
10174 3
10175 2
10176 2
10177 0
10178 2
10179 2
10180 2
10181 1
10182 0
10183 0
10184 0
10185 0
10186 1
10187 0
10188 1
10189 0
10190 2
10191 2
10192 2
10193 1
10194 3
10195 1
10196 1
10197 1
10198 1
10199 1
10200 2
10201 0
10202 0
10203 1
10204 1
10205 0
10206 0
10207 2
10208 0
10209 1
10210 0
10211 2
10212 2
10213 0
10214 1
10215 1
10216 1
10217 0
10218 0
10219 2
10220 0
10221 1
10222 0
10223 2
10224 0
10225 1
10226 0
10227 3
10228 0
10229 1
10230 1
10231 1
10232 1
10233 1
10234 2
10235 1
10236 2
10237 1
10238 1
10239 0
10240 2
10241 2
10242 2
10243 1
10244 1
10245 2
10246 1
10247 1
10248 2
10249 2
10250 2
10251 0
10252 0
10253 2
10254 1
10255 1
10256 2
10257 1
10258 2
10259 0
10260 2
10261 2
10262 1
10263 0
10264 1
10265 1
10266 2
10267 0
10268 0
10269 2
10270 1
10271 1
10272 0
10273 3
10274 1
10275 0
10276 2
10277 1
10278 2
10279 2
10280 1
10281 2
10282 0
10283 2
10284 0
10285 1
10286 1
10287 0
10288 2
10289 1
10290 1
10291 2
10292 2
10293 1
10294 2
10295 2
10296 1
10297 0
10298 1
10299 0
10300 2
10301 1
10302 0
10303 1
10304 1
10305 3
10306 1
10307 1
10308 1
10309 2
10310 2
10311 1
10312 1
10313 1
10314 2
10315 2
10316 1
10317 0
10318 1
10319 2
10320 0
10321 2
10322 2
10323 0
10324 2
10325 2
10326 2
10327 2
10328 0
10329 1
10330 1
10331 2
10332 2
10333 0
10334 0
10335 0
10336 1
10337 2
10338 0
10339 2
10340 0
10341 0
10342 1
10343 0
10344 0
10345 0
10346 1
10347 1
10348 1
10349 1
10350 0
10351 2
10352 2
10353 0
10354 0
10355 2
10356 1
10357 0
10358 0
10359 1
10360 2
10361 2
10362 2
10363 3
10364 2
10365 0
10366 2
10367 0
10368 0
10369 2
10370 3
10371 0
10372 0
10373 1
10374 0
10375 0
10376 0
10377 0
10378 1
10379 1
10380 2
10381 1
10382 2
10383 2
10384 2
10385 0
10386 0
10387 1
10388 1
10389 1
10390 2
10391 0
10392 0
10393 2
10394 0
10395 0
10396 3
10397 0
10398 0
10399 0
10400 0
10401 2
10402 0
10403 1
10404 1
10405 0
10406 0
10407 1
10408 1
10409 1
10410 0
10411 0
10412 1
10413 2
10414 1
10415 0
10416 1
10417 0
10418 0
10419 1
10420 2
10421 2
10422 0
10423 1
10424 0
10425 0
10426 1
10427 2
10428 2
10429 0
10430 1
10431 0
10432 0
10433 3
10434 2
10435 2
10436 1
10437 0
10438 2
10439 1
10440 3
10441 2
10442 1
10443 0
10444 0
10445 2
10446 2
10447 1
10448 1
10449 0
10450 2
10451 1
10452 1
10453 1
10454 1
10455 2
10456 1
10457 3
10458 0
10459 2
10460 1
10461 2
10462 0
10463 2
10464 2
10465 1
10466 1
10467 0
10468 1
10469 2
10470 1
10471 0
10472 0
10473 1
10474 2
10475 2
10476 2
10477 0
10478 0
10479 0
10480 2
10481 2
10482 0
10483 2
10484 2
10485 2
10486 2
10487 0
10488 1
10489 0
10490 0
10491 1
10492 0
10493 0
10494 0
10495 2
10496 2
10497 1
10498 0
10499 1
10500 1
10501 0
10502 1
10503 1
10504 1
10505 3
10506 0
10507 1
10508 0
10509 1
10510 2
10511 2
10512 1
10513 0
10514 0
10515 3
10516 2
10517 2
10518 1
10519 3
10520 2
10521 0
10522 0
10523 1
10524 1
10525 1
10526 0
10527 0
10528 0
10529 2
10530 1
10531 0
10532 1
10533 1
10534 1
10535 0
10536 0
10537 1
10538 0
10539 0
10540 0
10541 1
10542 2
10543 1
10544 1
10545 2
10546 0
10547 2
10548 2
10549 2
10550 0
10551 3
10552 0
10553 2
10554 3
10555 2
10556 0
10557 0
10558 1
10559 3
10560 2
10561 1
10562 0
10563 2
10564 1
10565 3
10566 1
10567 0
10568 2
10569 1
10570 2
10571 2
10572 0
10573 2
10574 2
10575 1
10576 2
10577 2
10578 1
10579 2
10580 2
10581 2
10582 0
10583 0
10584 0
10585 1
10586 3
10587 3
10588 0
10589 0
10590 0
10591 1
10592 3
10593 0
10594 2
10595 0
10596 2
10597 2
10598 1
10599 1
10600 1
10601 1
10602 2
10603 1
10604 1
10605 0
10606 1
10607 2
10608 1
10609 2
10610 3
10611 3
10612 1
10613 1
10614 2
10615 3
10616 0
10617 0
10618 1
10619 0
10620 2
10621 1
10622 1
10623 3
10624 2
10625 3
10626 1
10627 0
10628 2
10629 2
10630 1
10631 0
10632 2
10633 2
10634 0
10635 0
10636 1
10637 0
10638 0
10639 1
10640 1
10641 0
10642 2
10643 2
10644 0
10645 2
10646 1
10647 1
10648 3
10649 0
10650 0
10651 2
10652 2
10653 3
10654 1
10655 0
10656 1
10657 0
10658 0
10659 1
10660 1
10661 0
10662 1
10663 2
10664 1
10665 0
10666 3
10667 2
10668 0
10669 0
10670 0
10671 2
10672 0
10673 0
10674 2
10675 0
10676 0
10677 1
10678 0
10679 1
10680 1
10681 1
10682 1
10683 1
10684 1
10685 1
10686 1
10687 1
10688 0
10689 0
10690 1
10691 1
10692 1
10693 3
10694 2
10695 1
10696 0
10697 3
10698 2
10699 0
10700 1
10701 1
10702 2
10703 1
10704 3
10705 0
10706 1
10707 3
10708 1
10709 0
10710 0
10711 0
10712 0
10713 1
10714 1
10715 0
10716 3
10717 1
10718 0
10719 0
10720 0
10721 1
10722 1
10723 0
10724 1
10725 2
10726 2
10727 1
10728 1
10729 2
10730 2
10731 1
10732 2
10733 1
10734 0
10735 3
10736 1
10737 1
10738 3
10739 0
10740 1
10741 0
10742 2
10743 1
10744 0
10745 0
10746 3
10747 1
10748 0
10749 0
10750 1
10751 1
10752 0
10753 2
10754 2
10755 1
10756 1
10757 2
10758 1
10759 0
10760 0
10761 1
10762 0
10763 1
10764 1
10765 0
10766 2
10767 3
10768 1
10769 2
10770 0
10771 1
10772 1
10773 1
10774 1
10775 0
10776 0
10777 0
10778 2
10779 1
10780 0
10781 0
10782 2
10783 3
10784 0
10785 2
10786 2
10787 3
10788 0
10789 0
10790 2
10791 1
10792 1
10793 1
10794 0
10795 2
10796 1
10797 2
10798 1
10799 2
10800 2
10801 0
10802 3
10803 2
10804 2
10805 0
10806 0
10807 2
10808 1
10809 1
10810 0
10811 2
10812 3
10813 3
10814 1
10815 0
10816 0
10817 1
10818 0
10819 1
10820 3
10821 0
10822 0
10823 0
10824 2
10825 0
10826 3
10827 0
10828 2
10829 1
10830 0
10831 1
10832 2
10833 0
10834 1
10835 0
10836 0
10837 0
10838 3
10839 0
10840 2
10841 0
10842 2
10843 1
10844 1
10845 0
10846 0
10847 2
10848 1
10849 3
10850 0
10851 1
10852 2
10853 2
10854 0
10855 1
10856 0
10857 0
10858 3
10859 1
10860 1
10861 0
10862 2
10863 3
10864 0
10865 2
10866 1
10867 2
10868 1
10869 1
10870 1
10871 2
10872 0
10873 2
10874 1
10875 1
10876 1
10877 0
10878 1
10879 1
10880 2
10881 3
10882 0
10883 0
10884 0
10885 2
10886 1
10887 2
10888 1
10889 1
10890 0
10891 0
10892 0
10893 2
10894 0
10895 0
10896 3
10897 2
10898 0
10899 0
10900 2
10901 0
10902 1
10903 0
10904 2
10905 2
10906 3
10907 0
10908 0
10909 2
10910 2
10911 1
10912 1
10913 2
10914 0
10915 2
10916 3
10917 2
10918 1
10919 2
10920 0
10921 1
10922 2
10923 1
10924 2
10925 2
10926 0
10927 1
10928 0
10929 1
10930 0
10931 0
10932 0
10933 1
10934 2
10935 3
10936 2
10937 2
10938 2
10939 0
10940 2
10941 0
10942 2
10943 1
10944 1
10945 2
10946 2
10947 1
10948 1
10949 0
10950 0
10951 0
10952 1
10953 2
10954 3
10955 2
10956 1
10957 2
10958 2
10959 2
10960 0
10961 1
10962 0
10963 0
10964 0
10965 0
10966 0
10967 0
10968 1
10969 3
10970 1
10971 1
10972 2
10973 1
10974 2
10975 3
10976 2
10977 1
10978 1
10979 1
10980 3
10981 0
10982 1
10983 2
10984 0
10985 1
10986 2
10987 0
10988 0
10989 3
10990 0
10991 0
10992 2
10993 0
10994 0
10995 0
10996 0
10997 1
10998 1
10999 1
11000 0
11001 1
11002 1
11003 0
11004 1
11005 2
11006 2
11007 2
11008 3
11009 1
11010 2
11011 0
11012 0
11013 0
11014 0
11015 3
11016 2
11017 1
11018 2
11019 2
11020 0
11021 0
11022 2
11023 2
11024 1
11025 2
11026 0
11027 0
11028 1
11029 2
11030 0
11031 1
11032 2
11033 0
11034 2
11035 0
11036 2
11037 2
11038 1
11039 0
11040 0
11041 2
11042 2
11043 0
11044 0
11045 2
11046 1
11047 1
11048 1
11049 1
11050 0
11051 1
11052 0
11053 0
11054 0
11055 3
11056 2
11057 0
11058 0
11059 0
11060 0
11061 0
11062 2
11063 0
11064 0
11065 1
11066 0
11067 0
11068 2
11069 2
11070 0
11071 1
11072 0
11073 2
11074 0
11075 3
11076 2
11077 0
11078 0
11079 0
11080 2
11081 0
11082 1
11083 3
11084 2
11085 1
11086 1
11087 1
11088 0
11089 2
11090 2
11091 1
11092 0
11093 0
11094 1
11095 1
11096 2
11097 0
11098 0
11099 1
11100 0
11101 0
11102 1
11103 1
11104 2
11105 1
11106 1
11107 0
11108 1
11109 0
11110 1
11111 2
11112 0
11113 2
11114 0
11115 1
11116 1
11117 3
11118 2
11119 1
11120 1
11121 1
11122 2
11123 2
11124 0
11125 2
11126 0
11127 1
11128 1
11129 2
11130 0
11131 2
11132 2
11133 0
11134 0
11135 0
11136 1
11137 0
11138 1
11139 1
11140 0
11141 1
11142 1
11143 3
11144 1
11145 2
11146 0
11147 2
11148 2
11149 1
11150 2
11151 0
11152 0
11153 1
11154 1
11155 1
11156 2
11157 1
11158 0
11159 3
11160 0
11161 1
11162 1
11163 0
11164 2
11165 1
11166 1
11167 0
11168 0
11169 2
11170 1
11171 1
11172 2
11173 1
11174 2
11175 1
11176 2
11177 0
11178 0
11179 3
11180 3
11181 0
11182 0
11183 0
11184 1
11185 0
11186 3
11187 0
11188 2
11189 2
11190 1
11191 1
11192 0
11193 3
11194 1
11195 2
11196 2
11197 1
11198 2
11199 1
11200 1
11201 1
11202 2
11203 2
11204 0
11205 2
11206 2
11207 3
11208 1
11209 0
11210 3
11211 1
11212 1
11213 0
11214 0
11215 2
11216 3
11217 0
11218 1
11219 0
11220 2
11221 2
11222 2
11223 2
11224 0
11225 0
11226 0
11227 2
11228 1
11229 2
11230 1
11231 1
11232 1
11233 0
11234 1
11235 2
11236 2
11237 1
11238 0
11239 2
11240 0
11241 0
11242 2
11243 0
11244 2
11245 1
11246 2
11247 2
11248 0
11249 1
11250 0
11251 2
11252 1
11253 1
11254 0
11255 2
11256 0
11257 0
11258 1
11259 0
11260 1
11261 0
11262 0
11263 1
11264 1
11265 1
11266 2
11267 1
11268 2
11269 3
11270 2
11271 1
11272 0
11273 3
11274 0
11275 0
11276 2
11277 1
11278 3
11279 0
11280 0
11281 0
11282 1
11283 1
11284 1
11285 3
11286 0
11287 2
11288 1
11289 0
11290 0
11291 3
11292 3
11293 0
11294 3
11295 2
11296 1
11297 3
11298 0
11299 0
11300 0
11301 2
11302 3
11303 1
11304 0
11305 1
11306 2
11307 0
11308 2
11309 2
11310 1
11311 1
11312 1
11313 0
11314 2
11315 0
11316 0
11317 1
11318 1
11319 0
11320 1
11321 2
11322 0
11323 1
11324 1
11325 1
11326 2
11327 1
11328 2
11329 0
11330 1
11331 2
11332 1
11333 2
11334 2
11335 0
11336 2
11337 0
11338 0
11339 3
11340 3
11341 3
11342 2
11343 0
11344 1
11345 0
11346 0
11347 1
11348 0
11349 0
11350 0
11351 2
11352 2
11353 0
11354 2
11355 2
11356 1
11357 1
11358 0
11359 0
11360 1
11361 0
11362 1
11363 1
11364 0
11365 1
11366 2
11367 0
11368 2
11369 0
11370 1
11371 0
11372 2
11373 0
11374 1
11375 0
11376 1
11377 0
11378 0
11379 1
11380 2
11381 2
11382 1
11383 0
11384 1
11385 0
11386 0
11387 0
11388 2
11389 1
11390 1
11391 1
11392 1
11393 0
11394 2
11395 0
11396 1
11397 1
11398 3
11399 1
11400 1
11401 0
11402 2
11403 0
11404 3
11405 0
11406 0
11407 1
11408 1
11409 2
11410 0
11411 1
11412 2
11413 0
11414 2
11415 2
11416 1
11417 2
11418 2
11419 1
11420 0
11421 2
11422 2
11423 1
11424 0
11425 2
11426 0
11427 0
11428 1
11429 0
11430 0
11431 2
11432 3
11433 1
11434 3
11435 1
11436 2
11437 1
11438 0
11439 2
11440 0
11441 0
11442 2
11443 2
11444 1
11445 0
11446 0
11447 1
11448 1
11449 1
11450 0
11451 2
11452 2
11453 2
11454 0
11455 1
11456 0
11457 1
11458 3
11459 1
11460 0
11461 0
11462 1
11463 2
11464 2
11465 1
11466 1
11467 0
11468 0
11469 1
11470 2
11471 2
11472 0
11473 0
11474 1
11475 2
11476 0
11477 3
11478 1
11479 0
11480 0
11481 0
11482 0
11483 1
11484 1
11485 0
11486 2
11487 1
11488 2
11489 1
11490 3
11491 0
11492 1
11493 0
11494 1
11495 0
11496 1
11497 1
11498 0
11499 1
11500 0
11501 3
11502 1
11503 0
11504 2
11505 2
11506 1
11507 2
11508 0
11509 3
11510 1
11511 1
11512 1
11513 1
11514 1
11515 1
11516 1
11517 1
11518 2
11519 1
11520 0
11521 0
11522 3
11523 0
11524 1
11525 0
11526 2
11527 1
11528 1
11529 1
11530 1
11531 1
11532 1
11533 0
11534 2
11535 2
11536 2
11537 1
11538 0
11539 0
11540 1
11541 2
11542 1
11543 0
11544 3
11545 2
11546 0
11547 2
11548 1
11549 1
11550 0
11551 2
11552 0
11553 2
11554 0
11555 2
11556 0
11557 2
11558 2
11559 1
11560 1
11561 1
11562 1
11563 2
11564 0
11565 1
11566 1
11567 1
11568 2
11569 0
11570 0
11571 2
11572 2
11573 0
11574 1
11575 2
11576 0
11577 0
11578 1
11579 0
11580 0
11581 0
11582 0
11583 2
11584 1
11585 2
11586 1
11587 2
11588 0
11589 2
11590 0
11591 1
11592 1
11593 2
11594 2
11595 0
11596 2
11597 0
11598 1
11599 0
11600 1
11601 0
11602 3
11603 0
11604 0
11605 1
11606 0
11607 2
11608 2
11609 1
11610 2
11611 1
11612 1
11613 2
11614 2
11615 2
11616 1
11617 1
11618 1
11619 1
11620 0
11621 1
11622 2
11623 0
11624 1
11625 1
11626 2
11627 1
11628 2
11629 0
11630 1
11631 1
11632 2
11633 1
11634 1
11635 0
11636 1
11637 0
11638 1
11639 0
11640 3
11641 1
11642 2
11643 0
11644 0
11645 0
11646 1
11647 2
11648 2
11649 1
11650 1
11651 1
11652 0
11653 1
11654 0
11655 1
11656 0
11657 0
11658 1
11659 0
11660 0
11661 2
11662 3
11663 1
11664 0
11665 3
11666 1
11667 2
11668 0
11669 0
11670 1
11671 1
11672 2
11673 0
11674 1
11675 2
11676 2
11677 1
11678 0
11679 3
11680 2
11681 0
11682 1
11683 2
11684 1
11685 1
11686 0
11687 0
11688 2
11689 2
11690 2
11691 2
11692 2
11693 0
11694 2
11695 2
11696 3
11697 0
11698 3
11699 0
11700 2
11701 0
11702 0
11703 1
11704 2
11705 0
11706 2
11707 0
11708 1
11709 3
11710 2
11711 0
11712 0
11713 0
11714 2
11715 0
11716 2
11717 2
11718 0
11719 1
11720 0
11721 0
11722 2
11723 0
11724 0
11725 1
11726 2
11727 1
11728 2
11729 1
11730 1
11731 3
11732 1
11733 3
11734 1
11735 1
11736 0
11737 3
11738 1
11739 0
11740 2
11741 3
11742 3
11743 0
11744 2
11745 2
11746 0
11747 2
11748 2
11749 0
11750 1
11751 1
11752 2
11753 1
11754 0
11755 2
11756 2
11757 2
11758 0
11759 1
11760 0
11761 0
11762 1
11763 1
11764 0
11765 3
11766 0
11767 0
11768 0
11769 0
11770 1
11771 1
11772 2
11773 3
11774 1
11775 2
11776 1
11777 1
11778 2
11779 0
11780 0
11781 2
11782 0
11783 2
11784 0
11785 1
11786 2
11787 1
11788 2
11789 0
11790 2
11791 1
11792 1
11793 2
11794 3
11795 2
11796 1
11797 1
11798 1
11799 2
11800 3
11801 1
11802 0
11803 1
11804 2
11805 1
11806 0
11807 1
11808 3
11809 1
11810 1
11811 0
11812 2
11813 0
11814 2
11815 1
11816 0
11817 0
11818 0
11819 0
11820 3
11821 0
11822 2
11823 0
11824 1
11825 0
11826 1
11827 0
11828 0
11829 0
11830 0
11831 0
11832 2
11833 1
11834 1
11835 2
11836 2
11837 2
11838 2
11839 2
11840 1
11841 0
11842 3
11843 2
11844 1
11845 0
11846 0
11847 2
11848 0
11849 1
11850 0
11851 0
11852 1
11853 1
11854 2
11855 1
11856 1
11857 1
11858 0
11859 0
11860 1
11861 2
11862 2
11863 0
11864 0
11865 2
11866 1
11867 2
11868 2
11869 1
11870 1
11871 1
11872 1
11873 0
11874 0
11875 0
11876 1
11877 0
11878 3
11879 0
11880 2
11881 0
11882 0
11883 1
11884 0
11885 0
11886 1
11887 0
11888 1
11889 3
11890 0
11891 1
11892 1
11893 1
11894 1
11895 0
11896 0
11897 0
11898 0
11899 1
11900 1
11901 1
11902 2
11903 2
11904 2
11905 1
11906 0
11907 0
11908 1
11909 1
11910 2
11911 1
11912 0
11913 0
11914 2
11915 0
11916 1
11917 1
11918 2
11919 2
11920 3
11921 1
11922 2
11923 2
11924 0
11925 1
11926 3
11927 2
11928 2
11929 0
11930 0
11931 1
11932 2
11933 0
11934 3
11935 0
11936 0
11937 2
11938 0
11939 0
11940 1
11941 1
11942 2
11943 1
11944 0
11945 2
11946 2
11947 0
11948 0
11949 2
11950 0
11951 1
11952 1
11953 0
11954 3
11955 1
11956 1
11957 0
11958 2
11959 0
11960 0
11961 0
11962 1
11963 2
11964 0
11965 1
11966 2
11967 2
11968 0
11969 0
11970 0
11971 0
11972 1
11973 2
11974 1
11975 0
11976 0
11977 1
11978 2
11979 2
11980 1
11981 0
11982 2
11983 1
11984 1
11985 2
11986 3
11987 1
11988 1
11989 1
11990 0
11991 2
11992 0
11993 2
11994 3
11995 3
11996 0
11997 2
11998 0
11999 0
12000 1
12001 2
12002 0
12003 2
12004 1
12005 1
12006 1
12007 2
12008 2
12009 1
12010 0
12011 0
12012 0
12013 3
12014 0
12015 2
12016 0
12017 1
12018 0
12019 3
12020 0
12021 1
12022 2
12023 2
12024 2
12025 2
12026 0
12027 1
12028 1
12029 3
12030 2
12031 0
12032 0
12033 1
12034 2
12035 2
12036 1
12037 1
12038 1
12039 1
12040 3
12041 1
12042 0
12043 0
12044 2
12045 1
12046 1
12047 2
12048 0
12049 2
12050 1
12051 2
12052 1
12053 0
12054 2
12055 2
12056 1
12057 1
12058 0
12059 2
12060 0
12061 2
12062 2
12063 1
12064 1
12065 0
12066 1
12067 1
12068 0
12069 0
12070 2
12071 1
12072 1
12073 1
12074 2
12075 2
12076 2
12077 0
12078 0
12079 1
12080 0
12081 1
12082 0
12083 1
12084 2
12085 3
12086 0
12087 1
12088 0
12089 1
12090 1
12091 0
12092 2
12093 0
12094 3
12095 0
12096 1
12097 0
12098 1
12099 1
12100 1
12101 0
12102 0
12103 1
12104 2
12105 0
12106 2
12107 2
12108 0
12109 2
12110 0
12111 2
12112 0
12113 1
12114 0
12115 1
12116 2
12117 2
12118 1
12119 2
12120 0
12121 0
12122 1
12123 0
12124 0
12125 0
12126 1
12127 1
12128 1
12129 0
12130 2
12131 2
12132 2
12133 3
12134 3
12135 1
12136 2
12137 0
12138 0
12139 0
12140 0
12141 2
12142 0
12143 0
12144 0
12145 1
12146 0
12147 1
12148 1
12149 1
12150 1
12151 2
12152 0
12153 1
12154 0
12155 2
12156 1
12157 2
12158 0
12159 2
12160 0
12161 1
12162 0
12163 2
12164 1
12165 0
12166 1
12167 0
12168 0
12169 2
12170 0
12171 1
12172 1
12173 2
12174 0
12175 1
12176 0
12177 1
12178 0
12179 0
12180 0
12181 3
12182 1
12183 0
12184 1
12185 2
12186 1
12187 0
12188 2
12189 0
12190 1
12191 1
12192 1
12193 0
12194 1
12195 0
12196 2
12197 0
12198 2
12199 1
12200 1
12201 2
12202 0
12203 0
12204 0
12205 0
12206 2
12207 0
12208 1
12209 1
12210 3
12211 0
12212 0
12213 2
12214 0
12215 0
12216 0
12217 0
12218 2
12219 0
12220 0
12221 2
12222 1
12223 0
12224 1
12225 1
12226 1
12227 2
12228 0
12229 0
12230 1
12231 0
12232 2
12233 1
12234 0
12235 0
12236 2
12237 1
12238 1
12239 0
12240 1
12241 1
12242 0
12243 0
12244 3
12245 2
12246 1
12247 0
12248 2
12249 0
12250 1
12251 1
12252 0
12253 2
12254 1
12255 3
12256 2
12257 1
12258 1
12259 0
12260 0
12261 2
12262 0
12263 0
12264 1
12265 2
12266 0
12267 1
12268 0
12269 2
12270 2
12271 1
12272 1
12273 2
12274 2
12275 0
12276 0
12277 1
12278 3
12279 2
12280 1
12281 2
12282 0
12283 1
12284 2
12285 0
12286 0
12287 1
12288 1
12289 1
12290 1
12291 1
12292 2
12293 0
12294 1
12295 0
12296 0
12297 0
12298 2
12299 0
12300 1
12301 1
12302 3
12303 1
12304 2
12305 2
12306 2
12307 0
12308 2
12309 1
12310 1
12311 2
12312 2
12313 1
12314 2
12315 0
12316 0
12317 0
12318 0
12319 1
12320 0
12321 0
12322 0
12323 1
12324 1
12325 2
12326 0
12327 1
12328 1
12329 0
12330 0
12331 0
12332 2
12333 1
12334 2
12335 2
12336 1
12337 1
12338 3
12339 2
12340 1
12341 1
12342 2
12343 0
12344 2
12345 2
12346 2
12347 1
12348 1
12349 1
12350 0
12351 0
12352 2
12353 1
12354 0
12355 0
12356 2
12357 3
12358 0
12359 2
12360 2
12361 3
12362 1
12363 2
12364 1
12365 0
12366 0
12367 3
12368 1
12369 1
12370 1
12371 0
12372 0
12373 0
12374 1
12375 2
12376 0
12377 1
12378 0
12379 2
12380 0
12381 0
12382 0
12383 1
12384 1
12385 3
12386 1
12387 1
12388 1
12389 0
12390 0
12391 1
12392 0
12393 1
12394 1
12395 0
12396 1
12397 2
12398 0
12399 0
12400 1
12401 2
12402 2
12403 2
12404 0
12405 0
12406 0
12407 0
12408 1
12409 0
12410 1
12411 1
12412 1
12413 1
12414 1
12415 0
12416 2
12417 0
12418 2
12419 0
12420 2
12421 0
12422 0
12423 1
12424 2
12425 2
12426 1
12427 2
12428 0
12429 1
12430 1
12431 2
12432 3
12433 3
12434 0
12435 0
12436 0
12437 1
12438 0
12439 2
12440 1
12441 1
12442 0
12443 1
12444 0
12445 0
12446 1
12447 2
12448 2
12449 1
12450 2
12451 2
12452 0
12453 0
12454 1
12455 1
12456 1
12457 0
12458 2
12459 1
12460 3
12461 1
12462 1
12463 0
12464 0
12465 0
12466 2
12467 0
12468 1
12469 1
12470 1
12471 0
12472 1
12473 1
12474 0
12475 2
12476 1
12477 1
12478 1
12479 1
12480 0
12481 1
12482 0
12483 1
12484 2
12485 1
12486 1
12487 1
12488 2
12489 3
12490 2
12491 2
12492 1
12493 0
12494 1
12495 2
12496 0
12497 0
12498 1
12499 0
12500 1
12501 2
12502 3
12503 1
12504 1
12505 2
12506 1
12507 3
12508 1
12509 1
12510 1
12511 1
12512 0
12513 1
12514 1
12515 1
12516 1
12517 1
12518 0
12519 0
12520 3
12521 1
12522 0
12523 1
12524 2
12525 2
12526 1
12527 1
12528 0
12529 2
12530 1
12531 1
12532 0
12533 0
12534 2
12535 1
12536 1
12537 1
12538 1
12539 2
12540 3
12541 0
12542 1
12543 0
12544 2
12545 0
12546 2
12547 2
12548 3
12549 1
12550 2
12551 2
12552 0
12553 2
12554 2
12555 2
12556 0
12557 1
12558 2
12559 1
12560 0
12561 0
12562 0
12563 1
12564 1
12565 1
12566 3
12567 0
12568 0
12569 1
12570 0
12571 1
12572 1
12573 0
12574 0
12575 2
12576 0
12577 0
12578 2
12579 1
12580 2
12581 0
12582 3
12583 0
12584 1
12585 1
12586 2
12587 0
12588 1
12589 1
12590 1
12591 0
12592 2
12593 0
12594 1
12595 0
12596 2
12597 2
12598 2
12599 0
12600 0
12601 2
12602 1
12603 0
12604 1
12605 0
12606 1
12607 1
12608 0
12609 2
12610 0
12611 2
12612 0
12613 0
12614 1
12615 1
12616 1
12617 1
12618 3
12619 2
12620 2
12621 2
12622 2
12623 1
12624 0
12625 0
12626 1
12627 0
12628 2
12629 0
12630 2
12631 1
12632 1
12633 2
12634 1
12635 0
12636 2
12637 0
12638 2
12639 3
12640 0
12641 0
12642 0
12643 1
12644 2
12645 2
12646 1
12647 0
12648 0
12649 1
12650 0
12651 1
12652 0
12653 1
12654 0
12655 0
12656 1
12657 0
12658 2
12659 1
12660 1
12661 1
12662 2
12663 0
12664 3
12665 2
12666 2
12667 1
12668 2
12669 1
12670 1
12671 2
12672 0
12673 1
12674 0
12675 2
12676 1
12677 2
12678 1
12679 0
12680 2
12681 2
12682 1
12683 0
12684 3
12685 2
12686 1
12687 2
12688 1
12689 0
12690 2
12691 1
12692 2
12693 0
12694 2
12695 0
12696 1
12697 2
12698 1
12699 1
12700 1
12701 2
12702 3
12703 2
12704 2
12705 2
12706 2
12707 2
12708 2
12709 1
12710 0
12711 2
12712 2
12713 2
12714 0
12715 2
12716 2
12717 3
12718 0
12719 1
12720 1
12721 0
12722 2
12723 0
12724 0
12725 0
12726 0
12727 0
12728 1
12729 0
12730 3
12731 0
12732 1
12733 1
12734 1
12735 1
12736 2
12737 0
12738 0
12739 0
12740 3
12741 0
12742 1
12743 0
12744 0
12745 1
12746 1
12747 0
12748 1
12749 0
12750 0
12751 1
12752 3
12753 1
12754 2
12755 2
12756 0
12757 1
12758 1
12759 3
12760 1
12761 2
12762 1
12763 1
12764 2
12765 1
12766 0
12767 1
12768 2
12769 2
12770 2
12771 2
12772 0
12773 2
12774 0
12775 0
12776 2
12777 2
12778 0
12779 0
12780 2
12781 2
12782 1
12783 0
12784 2
12785 0
12786 2
12787 2
12788 0
12789 2
12790 2
12791 0
12792 1
12793 3
12794 2
12795 0
12796 0
12797 2
12798 1
12799 0
12800 2
12801 3
12802 2
12803 1
12804 1
12805 2
12806 2
12807 0
12808 0
12809 2
12810 2
12811 2
12812 1
12813 1
12814 1
12815 1
12816 3
12817 0
12818 1
12819 1
12820 0
12821 0
12822 2
12823 0
12824 1
12825 2
12826 0
12827 1
12828 1
12829 2
12830 1
12831 2
12832 2
12833 1
12834 1
12835 2
12836 2
12837 2
12838 0
12839 2
12840 1
12841 0
12842 3
12843 0
12844 0
12845 1
12846 0
12847 0
12848 0
12849 2
12850 3
12851 0
12852 0
12853 0
12854 1
12855 2
12856 2
12857 3
12858 2
12859 1
12860 1
12861 1
12862 2
12863 1
12864 2
12865 2
12866 0
12867 1
12868 1
12869 2
12870 0
12871 3
12872 2
12873 0
12874 1
12875 1
12876 2
12877 2
12878 0
12879 0
12880 1
12881 0
12882 3
12883 1
12884 2
12885 0
12886 0
12887 1
12888 0
12889 1
12890 1
12891 2
12892 0
12893 2
12894 1
12895 0
12896 1
12897 1
12898 1
12899 1
12900 0
12901 1
12902 1
12903 2
12904 2
12905 1
12906 0
12907 1
12908 1
12909 2
12910 0
12911 0
12912 2
12913 1
12914 2
12915 3
12916 1
12917 1
12918 1
12919 2
12920 2
12921 2
12922 2
12923 1
12924 2
12925 1
12926 0
12927 0
12928 2
12929 1
12930 0
12931 3
12932 0
12933 0
12934 0
12935 1
12936 2
12937 0
12938 0
12939 2
12940 1
12941 1
12942 2
12943 2
12944 2
12945 1
12946 2
12947 2
12948 2
12949 0
12950 2
12951 1
12952 0
12953 2
12954 0
12955 3
12956 2
12957 1
12958 0
12959 0
12960 0
12961 1
12962 2
12963 1
12964 2
12965 0
12966 0
12967 1
12968 2
12969 2
12970 0
12971 0
12972 2
12973 2
12974 2
12975 0
12976 2
12977 1
12978 1
12979 0
12980 0
12981 3
12982 1
12983 1
12984 2
12985 0
12986 0
12987 0
12988 2
12989 2
12990 1
12991 0
12992 2
12993 2
12994 1
12995 2
12996 1
12997 1
12998 2
12999 0
13000 1
13001 0
13002 2
13003 2
13004 1
13005 2
13006 0
13007 0
13008 0
13009 2
13010 0
13011 2
13012 0
13013 0
13014 0
13015 1
13016 1
13017 0
13018 1
13019 1
13020 2
13021 0
13022 0
13023 0
13024 1
13025 0
13026 1
13027 0
13028 0
13029 2
13030 1
13031 0
13032 0
13033 1
13034 1
13035 2
13036 1
13037 1
13038 1
13039 2
13040 1
13041 2
13042 1
13043 0
13044 0
13045 2
13046 1
13047 0
13048 1
13049 3
13050 1
13051 0
13052 0
13053 2
13054 1
13055 2
13056 0
13057 2
13058 3
13059 0
13060 1
13061 0
13062 0
13063 3
13064 3
13065 2
13066 1
13067 2
13068 2
13069 0
13070 2
13071 1
13072 2
13073 1
13074 0
13075 2
13076 2
13077 0
13078 1
13079 1
13080 0
13081 0
13082 0
13083 0
13084 2
13085 1
13086 3
13087 2
13088 2
13089 0
13090 0
13091 1
13092 1
13093 1
13094 3
13095 1
13096 0
13097 2
13098 2
13099 0
13100 0
13101 0
13102 1
13103 2
13104 1
13105 0
13106 0
13107 1
13108 2
13109 2
13110 2
13111 2
13112 2
13113 1
13114 0
13115 0
13116 0
13117 1
13118 2
13119 2
13120 2
13121 2
13122 2
13123 3
13124 3
13125 1
13126 3
13127 1
13128 3
13129 2
13130 1
13131 1
13132 0
13133 2
13134 3
13135 1
13136 1
13137 2
13138 1
13139 1
13140 1
13141 1
13142 2
13143 0
13144 1
13145 1
13146 1
13147 2
13148 0
13149 1
13150 1
13151 0
13152 2
13153 0
13154 1
13155 2
13156 3
13157 0
13158 1
13159 2
13160 1
13161 1
13162 2
13163 1
13164 1
13165 1
13166 0
13167 1
13168 0
13169 1
13170 2
13171 1
13172 1
13173 1
13174 0
13175 2
13176 1
13177 2
13178 2
13179 0
13180 0
13181 2
13182 1
13183 0
13184 2
13185 2
13186 0
13187 0
13188 2
13189 1
13190 0
13191 0
13192 0
13193 2
13194 2
13195 0
13196 0
13197 1
13198 2
13199 1
13200 0
13201 0
13202 1
13203 3
13204 2
13205 3
13206 2
13207 1
13208 0
13209 2
13210 2
13211 1
13212 2
13213 2
13214 2
13215 2
13216 2
13217 0
13218 1
13219 2
13220 2
13221 2
13222 1
13223 2
13224 1
13225 0
13226 1
13227 1
13228 0
13229 1
13230 1
13231 1
13232 2
13233 1
13234 0
13235 1
13236 2
13237 1
13238 0
13239 2
13240 2
13241 1
13242 1
13243 1
13244 1
13245 2
13246 1
13247 2
13248 0
13249 1
13250 3
13251 2
13252 1
13253 3
13254 0
13255 2
13256 1
13257 1
13258 0
13259 1
13260 1
13261 1
13262 2
13263 0
13264 0
13265 2
13266 2
13267 1
13268 3
13269 2
13270 3
13271 1
13272 1
13273 0
13274 0
13275 0
13276 1
13277 0
13278 1
13279 1
13280 0
13281 2
13282 0
13283 1
13284 3
13285 1
13286 0
13287 1
13288 0
13289 1
13290 1
13291 0
13292 1
13293 0
13294 0
13295 3
13296 0
13297 0
13298 2
13299 1
13300 0
13301 1
13302 0
13303 1
13304 1
13305 3
13306 0
13307 1
13308 1
13309 2
13310 2
13311 0
13312 1
13313 0
13314 0
13315 2
13316 0
13317 0
13318 1
13319 0
13320 1
13321 2
13322 1
13323 2
13324 1
13325 1
13326 0
13327 2
13328 0
13329 2
13330 1
13331 2
13332 2
13333 0
13334 1
13335 1
13336 0
13337 1
13338 1
13339 2
13340 1
13341 1
13342 0
13343 1
13344 0
13345 0
13346 0
13347 1
13348 0
13349 1
13350 2
13351 2
13352 0
13353 0
13354 2
13355 2
13356 1
13357 1
13358 1
13359 0
13360 0
13361 2
13362 2
13363 1
13364 3
13365 0
13366 0
13367 2
13368 2
13369 2
13370 1
13371 0
13372 0
13373 1
13374 1
13375 0
13376 0
13377 1
13378 0
13379 2
13380 1
13381 1
13382 1
13383 2
13384 3
13385 2
13386 3
13387 1
13388 0
13389 0
13390 2
13391 2
13392 2
13393 0
13394 3
13395 2
13396 0
13397 0
13398 1
13399 0
13400 1
13401 0
13402 3
13403 1
13404 0
13405 0
13406 0
13407 2
13408 2
13409 2
13410 1
13411 0
13412 2
13413 2
13414 0
13415 0
13416 1
13417 1
13418 1
13419 0
13420 0
13421 1
13422 1
13423 2
13424 1
13425 3
13426 1
13427 0
13428 0
13429 0
13430 0
13431 1
13432 2
13433 3
13434 1
13435 2
13436 1
13437 0
13438 2
13439 1
13440 2
13441 1
13442 1
13443 2
13444 0
13445 1
13446 2
13447 1
13448 0
13449 0
13450 1
13451 0
13452 1
13453 1
13454 2
13455 3
13456 0
13457 2
13458 1
13459 1
13460 0
13461 1
13462 2
13463 0
13464 1
13465 2
13466 2
13467 1
13468 1
13469 0
13470 1
13471 1
13472 1
13473 3
13474 0
13475 3
13476 0
13477 2
13478 2
13479 1
13480 1
13481 0
13482 2
13483 2
13484 0
13485 1
13486 1
13487 0
13488 1
13489 0
13490 0
13491 1
13492 2
13493 0
13494 2
13495 1
13496 0
13497 1
13498 0
13499 2
13500 0
13501 2
13502 0
13503 0
13504 2
13505 1
13506 2
13507 1
13508 0
13509 0
13510 2
13511 1
13512 1
13513 1
13514 2
13515 0
13516 1
13517 2
13518 2
13519 0
13520 0
13521 0
13522 1
13523 1
13524 0
13525 0
13526 1
13527 0
13528 1
13529 0
13530 1
13531 0
13532 1
13533 2
13534 0
13535 1
13536 0
13537 1
13538 0
13539 0
13540 0
13541 1
13542 3
13543 1
13544 1
13545 2
13546 1
13547 1
13548 1
13549 2
13550 0
13551 1
13552 0
13553 0
13554 1
13555 2
13556 1
13557 0
13558 1
13559 0
13560 2
13561 0
13562 2
13563 2
13564 0
13565 2
13566 2
13567 0
13568 2
13569 0
13570 0
13571 2
13572 0
13573 2
13574 2
13575 2
13576 1
13577 1
13578 0
13579 0
13580 2
13581 0
13582 2
13583 2
13584 1
13585 2
13586 2
13587 0
13588 0
13589 0
13590 0
13591 1
13592 2
13593 1
13594 2
13595 2
13596 1
13597 0
13598 1
13599 1
13600 1
13601 1
13602 0
13603 2
13604 1
13605 1
13606 1
13607 0
13608 0
13609 0
13610 0
13611 0
13612 2
13613 1
13614 1
13615 1
13616 1
13617 1
13618 2
13619 0
13620 2
13621 2
13622 1
13623 0
13624 1
13625 4
13626 2
13627 0
13628 2
13629 3
13630 3
13631 0
13632 2
13633 0
13634 2
13635 1
13636 0
13637 0
13638 0
13639 1
13640 1
13641 1
13642 2
13643 1
13644 2
13645 1
13646 1
13647 0
13648 2
13649 2
13650 1
13651 2
13652 1
13653 0
13654 3
13655 0
13656 1
13657 0
13658 0
13659 3
13660 1
13661 1
13662 0
13663 0
13664 1
13665 0
13666 1
13667 0
13668 1
13669 2
13670 1
13671 2
13672 0
13673 0
13674 1
13675 1
13676 0
13677 2
13678 2
13679 1
13680 2
13681 0
13682 2
13683 1
13684 2
13685 3
13686 1
13687 1
13688 1
13689 1
13690 0
13691 2
13692 0
13693 0
13694 0
13695 1
13696 1
13697 3
13698 1
13699 0
13700 2
13701 2
13702 0
13703 1
13704 0
13705 1
13706 2
13707 0
13708 0
13709 1
13710 1
13711 1
13712 0
13713 1
13714 1
13715 1
13716 1
13717 2
13718 0
13719 2
13720 1
13721 1
13722 0
13723 2
13724 1
13725 0
13726 0
13727 2
13728 1
13729 0
13730 1
13731 1
13732 1
13733 0
13734 1
13735 2
13736 1
13737 1
13738 0
13739 0
13740 2
13741 1
13742 1
13743 1
13744 2
13745 2
13746 1
13747 0
13748 0
13749 1
13750 0
13751 0
13752 2
13753 0
13754 1
13755 0
13756 2
13757 1
13758 0
13759 0
13760 0
13761 1
13762 0
13763 2
13764 0
13765 1
13766 1
13767 1
13768 1
13769 0
13770 0
13771 0
13772 2
13773 0
13774 2
13775 1
13776 2
13777 1
13778 1
13779 0
13780 1
13781 2
13782 0
13783 1
13784 1
13785 2
13786 1
13787 2
13788 1
13789 0
13790 0
13791 0
13792 1
13793 1
13794 0
13795 0
13796 1
13797 0
13798 3
13799 2
13800 0
13801 1
13802 2
13803 2
13804 0
13805 0
13806 1
13807 1
13808 0
13809 2
13810 0
13811 1
13812 2
13813 1
13814 3
13815 0
13816 0
13817 1
13818 3
13819 1
13820 1
13821 1
13822 0
13823 0
13824 1
13825 1
13826 0
13827 3
13828 0
13829 0
13830 0
13831 2
13832 1
13833 2
13834 0
13835 1
13836 1
13837 1
13838 1
13839 0
13840 2
13841 0
13842 0
13843 0
13844 0
13845 0
13846 1
13847 0
13848 2
13849 1
13850 3
13851 1
13852 0
13853 0
13854 2
13855 2
13856 2
13857 0
13858 0
13859 0
13860 2
13861 0
13862 0
13863 3
13864 2
13865 1
13866 0
13867 1
13868 0
13869 2
13870 2
13871 0
13872 2
13873 0
13874 0
13875 2
13876 2
13877 0
13878 3
13879 1
13880 0
13881 0
13882 2
13883 1
13884 1
13885 0
13886 2
13887 2
13888 1
13889 1
13890 3
13891 0
13892 2
13893 1
13894 2
13895 1
13896 0
13897 0
13898 2
13899 0
13900 1
13901 1
13902 0
13903 0
13904 0
13905 2
13906 2
13907 1
13908 0
13909 1
13910 0
13911 1
13912 1
13913 1
13914 0
13915 1
13916 0
13917 0
13918 2
13919 0
13920 2
13921 2
13922 2
13923 2
13924 2
13925 1
13926 2
13927 1
13928 0
13929 0
13930 1
13931 2
13932 0
13933 0
13934 2
13935 2
13936 2
13937 0
13938 2
13939 2
13940 1
13941 0
13942 0
13943 3
13944 0
13945 1
13946 3
13947 2
13948 0
13949 2
13950 2
13951 3
13952 1
13953 0
13954 2
13955 0
13956 1
13957 0
13958 2
13959 1
13960 0
13961 0
13962 2
13963 2
13964 1
13965 2
13966 1
13967 0
13968 1
13969 0
13970 0
13971 1
13972 2
13973 1
13974 0
13975 2
13976 0
13977 1
13978 0
13979 3
13980 0
13981 1
13982 0
13983 1
13984 1
13985 1
13986 1
13987 1
13988 2
13989 2
13990 2
13991 1
13992 0
13993 2
13994 0
13995 2
13996 0
13997 3
13998 3
13999 1
14000 1
14001 0
14002 0
14003 1
14004 3
14005 2
14006 1
14007 1
14008 1
14009 1
14010 2
14011 0
14012 2
14013 3
14014 1
14015 1
14016 0
14017 2
14018 1
14019 1
14020 0
14021 1
14022 1
14023 1
14024 0
14025 1
14026 1
14027 1
14028 1
14029 1
14030 0
14031 2
14032 0
14033 1
14034 2
14035 2
14036 2
14037 2
14038 1
14039 2
14040 1
14041 1
14042 1
14043 0
14044 1
14045 1
14046 2
14047 2
14048 0
14049 2
14050 1
14051 1
14052 1
14053 2
14054 0
14055 0
14056 2
14057 1
14058 1
14059 1
14060 1
14061 0
14062 0
14063 0
14064 0
14065 0
14066 1
14067 2
14068 1
14069 1
14070 2
14071 1
14072 0
14073 3
14074 3
14075 1
14076 2
14077 1
14078 0
14079 1
14080 1
14081 1
14082 1
14083 2
14084 2
14085 1
14086 0
14087 0
14088 1
14089 0
14090 0
14091 2
14092 0
14093 2
14094 1
14095 0
14096 0
14097 2
14098 2
14099 0
14100 1
14101 2
14102 2
14103 2
14104 0
14105 1
14106 2
14107 2
14108 2
14109 1
14110 0
14111 0
14112 1
14113 1
14114 2
14115 1
14116 2
14117 2
14118 2
14119 0
14120 0
14121 1
14122 3
14123 0
14124 0
14125 3
14126 1
14127 0
14128 0
14129 1
14130 2
14131 0
14132 0
14133 1
14134 2
14135 2
14136 2
14137 1
14138 2
14139 2
14140 0
14141 1
14142 0
14143 2
14144 2
14145 0
14146 0
14147 0
14148 2
14149 0
14150 1
14151 1
14152 2
14153 0
14154 1
14155 2
14156 2
14157 2
14158 1
14159 1
14160 2
14161 2
14162 0
14163 2
14164 0
14165 1
14166 2
14167 0
14168 0
14169 0
14170 0
14171 1
14172 2
14173 0
14174 2
14175 0
14176 2
14177 0
14178 1
14179 1
14180 0
14181 2
14182 2
14183 1
14184 0
14185 0
14186 3
14187 0
14188 1
14189 0
14190 0
14191 0
14192 3
14193 0
14194 2
14195 1
14196 4
14197 1
14198 2
14199 0
14200 1
14201 3
14202 0
14203 2
14204 0
14205 0
14206 0
14207 0
14208 1
14209 0
14210 1
14211 1
14212 0
14213 1
14214 2
14215 0
14216 0
14217 0
14218 2
14219 1
14220 1
14221 3
14222 2
14223 0
14224 0
14225 0
14226 1
14227 0
14228 0
14229 2
14230 2
14231 2
14232 0
14233 0
14234 3
14235 0
14236 1
14237 2
14238 0
14239 1
14240 3
14241 0
14242 0
14243 1
14244 1
14245 1
14246 2
14247 2
14248 0
14249 1
14250 0
14251 0
14252 1
14253 0
14254 0
14255 3
14256 1
14257 0
14258 0
14259 2
14260 0
14261 2
14262 1
14263 2
14264 0
14265 0
14266 1
14267 1
14268 0
14269 2
14270 0
14271 2
14272 0
14273 0
14274 2
14275 0
14276 0
14277 1
14278 2
14279 1
14280 1
14281 2
14282 1
14283 1
14284 1
14285 3
14286 1
14287 2
14288 1
14289 2
14290 1
14291 1
14292 1
14293 0
14294 0
14295 0
14296 1
14297 1
14298 0
14299 0
14300 0
14301 3
14302 1
14303 0
14304 2
14305 0
14306 3
14307 1
14308 1
14309 0
14310 1
14311 0
14312 1
14313 2
14314 2
14315 0
14316 2
14317 1
14318 1
14319 0
14320 0
14321 0
14322 0
14323 2
14324 2
14325 1
14326 1
14327 1
14328 1
14329 2
14330 0
14331 1
14332 2
14333 0
14334 2
14335 0
14336 2
14337 2
14338 0
14339 1
14340 1
14341 0
14342 0
14343 0
14344 0
14345 3
14346 1
14347 0
14348 2
14349 3
14350 1
14351 1
14352 2
14353 2
14354 2
14355 2
14356 1
14357 1
14358 0
14359 0
14360 2
14361 0
14362 1
14363 2
14364 0
14365 2
14366 1
14367 0
14368 0
14369 3
14370 2
14371 0
14372 0
14373 0
14374 2
14375 0
14376 0
14377 3
14378 0
14379 2
14380 1
14381 0
14382 2
14383 0
14384 2
14385 1
14386 0
14387 1
14388 0
14389 0
14390 1
14391 1
14392 0
14393 2
14394 0
14395 0
14396 1
14397 2
14398 0
14399 0
14400 1
14401 0
14402 1
14403 2
14404 0
14405 1
14406 0
14407 1
14408 2
14409 0
14410 2
14411 0
14412 2
14413 2
14414 0
14415 0
14416 3
14417 1
14418 1
14419 1
14420 0
14421 0
14422 2
14423 1
14424 1
14425 3
14426 0
14427 0
14428 0
14429 2
14430 1
14431 2
14432 0
14433 0
14434 0
14435 0
14436 1
14437 2
14438 2
14439 2
14440 0
14441 3
14442 2
14443 0
14444 0
14445 1
14446 1
14447 1
14448 1
14449 0
14450 1
14451 2
14452 1
14453 0
14454 1
14455 2
14456 0
14457 2
14458 1
14459 1
14460 0
14461 1
14462 0
14463 0
14464 2
14465 1
14466 2
14467 1
14468 0
14469 1
14470 1
14471 1
14472 0
14473 2
14474 1
14475 3
14476 0
14477 2
14478 3
14479 0
14480 0
14481 0
14482 2
14483 1
14484 1
14485 2
14486 0
14487 1
14488 2
14489 2
14490 1
14491 2
14492 0
14493 0
14494 1
14495 0
14496 3
14497 0
14498 1
14499 2
14500 1
14501 0
14502 0
14503 0
14504 1
14505 2
14506 0
14507 1
14508 1
14509 1
14510 1
14511 0
14512 1
14513 2
14514 2
14515 1
14516 2
14517 1
14518 0
14519 1
14520 0
14521 2
14522 0
14523 0
14524 0
14525 3
14526 1
14527 0
14528 0
14529 1
14530 3
14531 0
14532 2
14533 0
14534 0
14535 2
14536 1
14537 2
14538 1
14539 2
14540 0
14541 1
14542 3
14543 1
14544 2
14545 1
14546 0
14547 2
14548 2
14549 0
14550 1
14551 2
14552 0
14553 2
14554 2
14555 1
14556 0
14557 2
14558 3
14559 2
14560 0
14561 0
14562 1
14563 0
14564 1
14565 2
14566 1
14567 1
14568 0
14569 0
14570 1
14571 1
14572 2
14573 0
14574 0
14575 0
14576 1
14577 1
14578 1
14579 1
14580 1
14581 2
14582 1
14583 1
14584 1
14585 2
14586 3
14587 1
14588 0
14589 1
14590 0
14591 2
14592 3
14593 1
14594 0
14595 0
14596 1
14597 0
14598 1
14599 1
14600 0
14601 2
14602 2
14603 0
14604 1
14605 1
14606 2
14607 0
14608 3
14609 0
14610 2
14611 1
14612 0
14613 0
14614 1
14615 2
14616 1
14617 0
14618 2
14619 1
14620 2
14621 0
14622 0
14623 1
14624 2
14625 0
14626 2
14627 1
14628 0
14629 3
14630 1
14631 2
14632 0
14633 0
14634 1
14635 0
14636 0
14637 1
14638 1
14639 2
14640 2
14641 1
14642 0
14643 0
14644 1
14645 2
14646 0
14647 1
14648 0
14649 0
14650 2
14651 0
14652 0
14653 1
14654 2
14655 0
14656 0
14657 2
14658 0
14659 0
14660 0
14661 2
14662 0
14663 1
14664 1
14665 0
14666 0
14667 1
14668 2
14669 0
14670 2
14671 0
14672 0
14673 1
14674 0
14675 1
14676 1
14677 3
14678 0
14679 2
14680 0
14681 2
14682 0
14683 1
14684 1
14685 0
14686 2
14687 1
14688 0
14689 1
14690 1
14691 1
14692 0
14693 2
14694 1
14695 0
14696 0
14697 0
14698 0
14699 2
14700 2
14701 0
14702 1
14703 0
14704 0
14705 0
14706 2
14707 2
14708 1
14709 0
14710 1
14711 0
14712 1
14713 2
14714 1
14715 2
14716 2
14717 1
14718 0
14719 1
14720 1
14721 1
14722 1
14723 0
14724 1
14725 0
14726 1
14727 2
14728 2
14729 0
14730 0
14731 1
14732 0
14733 3
14734 0
14735 0
14736 1
14737 3
14738 2
14739 0
14740 2
14741 0
14742 1
14743 3
14744 1
14745 0
14746 2
14747 1
14748 1
14749 0
14750 1
14751 1
14752 0
14753 1
14754 3
14755 3
14756 2
14757 1
14758 2
14759 1
14760 2
14761 2
14762 2
14763 1
14764 2
14765 0
14766 2
14767 2
14768 0
14769 2
14770 2
14771 1
14772 3
14773 0
14774 1
14775 1
14776 2
14777 2
14778 0
14779 1
14780 0
14781 2
14782 1
14783 1
14784 0
14785 1
14786 0
14787 1
14788 0
14789 3
14790 0
14791 1
14792 0
14793 1
14794 1
14795 2
14796 0
14797 2
14798 2
14799 1
14800 1
14801 3
14802 0
14803 1
14804 2
14805 0
14806 2
14807 0
14808 0
14809 2
14810 0
14811 0
14812 1
14813 1
14814 2
14815 0
14816 0
14817 0
14818 0
14819 0
14820 0
14821 2
14822 0
14823 0
14824 1
14825 1
14826 0
14827 2
14828 2
14829 1
14830 0
14831 0
14832 0
14833 0
14834 0
14835 2
14836 0
14837 1
14838 2
14839 1
14840 0
14841 0
14842 1
14843 0
14844 2
14845 2
14846 0
14847 1
14848 0
14849 1
14850 1
14851 2
14852 1
14853 2
14854 3
14855 1
14856 0
14857 0
14858 0
14859 1
14860 1
14861 1
14862 1
14863 0
14864 0
14865 1
14866 2
14867 0
14868 3
14869 0
14870 2
14871 2
14872 1
14873 0
14874 2
14875 2
14876 1
14877 0
14878 1
14879 1
14880 0
14881 1
14882 2
14883 2
14884 1
14885 1
14886 2
14887 2
14888 2
14889 1
14890 1
14891 2
14892 0
14893 1
14894 1
14895 2
14896 0
14897 0
14898 2
14899 1
14900 0
14901 0
14902 1
14903 2
14904 0
14905 0
14906 2
14907 1
14908 1
14909 2
14910 0
14911 2
14912 0
14913 3
14914 1
14915 0
14916 2
14917 1
14918 3
14919 1
14920 1
14921 2
14922 3
14923 2
14924 0
14925 2
14926 2
14927 1
14928 0
14929 0
14930 1
14931 0
14932 2
14933 2
14934 1
14935 0
14936 2
14937 1
14938 1
14939 1
14940 2
14941 0
14942 1
14943 1
14944 3
14945 1
14946 0
14947 2
14948 2
14949 0
14950 1
14951 0
14952 0
14953 1
14954 0
14955 1
14956 0
14957 0
14958 3
14959 0
14960 1
14961 0
14962 1
14963 2
14964 2
14965 0
14966 1
14967 1
14968 0
14969 0
14970 0
14971 0
14972 1
14973 0
14974 0
14975 3
14976 2
14977 1
14978 0
14979 0
14980 1
14981 2
14982 0
14983 0
14984 1
14985 1
14986 1
14987 2
14988 2
14989 0
14990 2
14991 1
14992 2
14993 1
14994 0
14995 2
14996 0
14997 0
14998 1
14999 1
15000 1
15001 2
15002 1
15003 1
15004 1
15005 1
15006 0
15007 2
15008 1
15009 3
15010 1
15011 3
15012 0
15013 1
15014 0
15015 0
15016 0
15017 1
15018 1
15019 0
15020 0
15021 1
15022 1
15023 2
15024 2
15025 2
15026 2
15027 1
15028 2
15029 1
15030 0
15031 3
15032 1
15033 2
15034 1
15035 2
15036 1
15037 0
15038 1
15039 0
15040 0
15041 1
15042 0
15043 1
15044 1
15045 2
15046 1
15047 1
15048 1
15049 3
15050 1
15051 3
15052 0
15053 2
15054 0
15055 1
15056 2
15057 0
15058 1
15059 1
15060 1
15061 3
15062 2
15063 1
15064 0
15065 2
15066 1
15067 0
15068 0
15069 1
15070 1
15071 2
15072 2
15073 0
15074 0
15075 1
15076 1
15077 0
15078 1
15079 0
15080 2
15081 1
15082 0
15083 2
15084 3
15085 0
15086 1
15087 2
15088 0
15089 2
15090 2
15091 0
15092 1
15093 0
15094 0
15095 2
15096 0
15097 0
15098 2
15099 2
15100 0
15101 0
15102 2
15103 1
15104 2
15105 2
15106 1
15107 2
15108 2
15109 0
15110 1
15111 3
15112 0
15113 2
15114 1
15115 2
15116 1
15117 0
15118 2
15119 0
15120 3
15121 1
15122 1
15123 1
15124 2
15125 1
15126 2
15127 1
15128 1
15129 1
15130 0
15131 0
15132 1
15133 0
15134 0
15135 0
15136 2
15137 1
15138 0
15139 1
15140 2
15141 2
15142 2
15143 2
15144 1
15145 1
15146 2
15147 0
15148 0
15149 0
15150 2
15151 1
15152 0
15153 1
15154 0
15155 1
15156 2
15157 2
15158 1
15159 0
15160 0
15161 1
15162 1
15163 1
15164 2
15165 1
15166 2
15167 0
15168 0
15169 2
15170 1
15171 0
15172 2
15173 1
15174 1
15175 1
15176 0
15177 1
15178 1
15179 1
15180 0
15181 2
15182 3
15183 2
15184 1
15185 0
15186 1
15187 1
15188 1
15189 1
15190 2
15191 2
15192 2
15193 0
15194 0
15195 0
15196 1
15197 0
15198 1
15199 1
15200 0
15201 2
15202 2
15203 0
15204 0
15205 0
15206 0
15207 1
15208 0
15209 0
15210 1
15211 1
15212 2
15213 1
15214 1
15215 0
15216 2
15217 1
15218 1
15219 1
15220 0
15221 0
15222 0
15223 1
15224 2
15225 2
15226 2
15227 2
15228 0
15229 2
15230 1
15231 1
15232 0
15233 1
15234 0
15235 0
15236 2
15237 1
15238 2
15239 1
15240 2
15241 1
15242 1
15243 2
15244 0
15245 2
15246 1
15247 0
15248 0
15249 0
15250 2
15251 0
15252 0
15253 0
15254 3
15255 0
15256 0
15257 0
15258 2
15259 0
15260 0
15261 0
15262 2
15263 1
15264 1
15265 0
15266 2
15267 2
15268 1
15269 0
15270 2
15271 1
15272 1
15273 1
15274 1
15275 2
15276 0
15277 2
15278 2
15279 1
15280 2
15281 0
15282 2
15283 0
15284 1
15285 0
15286 1
15287 0
15288 0
15289 0
15290 2
15291 2
15292 0
15293 0
15294 2
15295 3
15296 2
15297 1
15298 2
15299 0
15300 0
15301 1
15302 2
15303 2
15304 0
15305 0
15306 0
15307 1
15308 1
15309 3
15310 0
15311 0
15312 2
15313 0
15314 0
15315 0
15316 1
15317 1
15318 0
15319 0
15320 3
15321 0
15322 2
15323 3
15324 0
15325 1
15326 0
15327 1
15328 1
15329 1
15330 0
15331 1
15332 0
15333 3
15334 1
15335 1
15336 1
15337 0
15338 2
15339 2
15340 0
15341 1
15342 1
15343 0
15344 3
15345 1
15346 2
15347 0
15348 1
15349 2
15350 0
15351 2
15352 1
15353 3
15354 1
15355 1
15356 2
15357 1
15358 1
15359 1
15360 0
15361 1
15362 1
15363 1
15364 2
15365 2
15366 2
15367 2
15368 3
15369 2
15370 2
15371 1
15372 0
15373 1
15374 2
15375 1
15376 1
15377 1
15378 1
15379 2
15380 2
15381 1
15382 1
15383 2
15384 2
15385 1
15386 2
15387 0
15388 1
15389 0
15390 1
15391 1
15392 0
15393 0
15394 0
15395 0
15396 0
15397 2
15398 0
15399 1
15400 2
15401 3
15402 1
15403 1
15404 1
15405 1
15406 1
15407 1
15408 1
15409 1
15410 0
15411 2
15412 1
15413 2
15414 1
15415 2
15416 1
15417 1
15418 3
15419 2
15420 1
15421 2
15422 0
15423 0
15424 0
15425 0
15426 1
15427 0
15428 0
15429 1
15430 0
15431 2
15432 1
15433 2
15434 0
15435 1
15436 2
15437 0
15438 0
15439 2
15440 2
15441 0
15442 0
15443 1
15444 0
15445 0
15446 1
15447 1
15448 2
15449 1
15450 0
15451 2
15452 1
15453 2
15454 0
15455 1
15456 0
15457 0
15458 0
15459 2
15460 1
15461 2
15462 1
15463 1
15464 2
15465 2
15466 1
15467 1
15468 2
15469 0
15470 1
15471 0
15472 2
15473 2
15474 1
15475 1
15476 2
15477 0
15478 2
15479 0
15480 0
15481 2
15482 1
15483 1
15484 1
15485 0
15486 2
15487 3
15488 0
15489 1
15490 3
15491 0
15492 1
15493 0
15494 2
15495 2
15496 1
15497 1
15498 1
15499 0
15500 1
15501 2
15502 2
15503 1
15504 1
15505 3
15506 3
15507 1
15508 0
15509 1
15510 0
15511 1
15512 2
15513 1
15514 0
15515 1
15516 0
15517 0
15518 1
15519 0
15520 0
15521 0
15522 0
15523 2
15524 1
15525 1
15526 0
15527 2
15528 2
15529 0
15530 2
15531 2
15532 1
15533 2
15534 0
15535 0
15536 3
15537 0
15538 2
15539 1
15540 1
15541 0
15542 2
15543 1
15544 2
15545 0
15546 0
15547 1
15548 0
15549 2
15550 0
15551 0
15552 1
15553 1
15554 1
15555 2
15556 1
15557 1
15558 1
15559 2
15560 2
15561 2
15562 1
15563 0
15564 1
15565 3
15566 2
15567 2
15568 2
15569 1
15570 0
15571 2
15572 3
15573 1
15574 0
15575 2
15576 2
15577 0
15578 2
15579 0
15580 1
15581 1
15582 1
15583 2
15584 1
15585 2
15586 0
15587 3
15588 2
15589 1
15590 2
15591 0
15592 0
15593 2
15594 1
15595 0
15596 1
15597 0
15598 0
15599 0
15600 1
15601 2
15602 0
15603 2
15604 0
15605 1
15606 0
15607 1
15608 0
15609 0
15610 0
15611 1
15612 1
15613 3
15614 2
15615 2
15616 2
15617 2
15618 2
15619 0
15620 1
15621 0
15622 1
15623 1
15624 3
15625 2
15626 0
15627 1
15628 0
15629 0
15630 1
15631 1
15632 1
15633 1
15634 0
15635 1
15636 1
15637 0
15638 1
15639 1
15640 1
15641 1
15642 0
15643 2
15644 2
15645 0
15646 2
15647 0
15648 1
15649 2
15650 0
15651 1
15652 2
15653 1
15654 1
15655 1
15656 0
15657 1
15658 0
15659 1
15660 1
15661 3
15662 1
15663 0
15664 1
15665 1
15666 1
15667 2
15668 2
15669 2
15670 0
15671 2
15672 1
15673 0
15674 1
15675 2
15676 0
15677 0
15678 2
15679 1
15680 2
15681 2
15682 0
15683 1
15684 1
15685 0
15686 1
15687 1
15688 2
15689 0
15690 1
15691 2
15692 1
15693 0
15694 0
15695 0
15696 2
15697 0
15698 0
15699 1
15700 2
15701 2
15702 0
15703 2
15704 1
15705 0
15706 0
15707 2
15708 0
15709 1
15710 2
15711 1
15712 2
15713 2
15714 0
15715 2
15716 0
15717 2
15718 1
15719 0
15720 0
15721 1
15722 2
15723 0
15724 0
15725 2
15726 2
15727 2
15728 0
15729 1
15730 2
15731 2
15732 2
15733 3
15734 0
15735 0
15736 1
15737 2
15738 0
15739 1
15740 1
15741 0
15742 0
15743 1
15744 1
15745 2
15746 1
15747 0
15748 2
15749 1
15750 0
15751 1
15752 1
15753 0
15754 0
15755 0
15756 2
15757 1
15758 1
15759 2
15760 1
15761 1
15762 3
15763 2
15764 2
15765 1
15766 0
15767 2
15768 0
15769 0
15770 0
15771 0
15772 2
15773 2
15774 2
15775 3
15776 2
15777 0
15778 1
15779 0
15780 0
15781 0
15782 1
15783 0
15784 0
15785 1
15786 0
15787 0
15788 1
15789 2
15790 1
15791 0
15792 0
15793 1
15794 0
15795 1
15796 1
15797 1
15798 1
15799 2
15800 0
15801 1
15802 0
15803 2
15804 0
15805 1
15806 2
15807 0
15808 2
15809 1
15810 1
15811 0
15812 0
15813 1
15814 1
15815 2
15816 0
15817 1
15818 2
15819 1
15820 2
15821 1
15822 0
15823 0
15824 1
15825 0
15826 1
15827 2
15828 1
15829 3
15830 1
15831 0
15832 1
15833 1
15834 0
15835 0
15836 2
15837 1
15838 2
15839 0
15840 0
15841 2
15842 1
15843 1
15844 0
15845 1
15846 2
15847 2
15848 0
15849 2
15850 1
15851 1
15852 1
15853 3
15854 2
15855 0
15856 1
15857 1
15858 2
15859 0
15860 0
15861 1
15862 1
15863 0
15864 1
15865 2
15866 0
15867 1
15868 1
15869 1
15870 1
15871 0
15872 1
15873 0
15874 0
15875 2
15876 0
15877 0
15878 1
15879 0
15880 2
15881 2
15882 0
15883 0
15884 1
15885 0
15886 2
15887 3
15888 0
15889 0
15890 3
15891 0
15892 1
15893 3
15894 0
15895 3
15896 1
15897 1
15898 0
15899 1
15900 3
15901 2
15902 0
15903 0
15904 0
15905 2
15906 0
15907 1
15908 2
15909 1
15910 0
15911 2
15912 2
15913 0
15914 0
15915 1
15916 0
15917 0
15918 0
15919 0
15920 0
15921 1
15922 1
15923 1
15924 0
15925 0
15926 1
15927 1
15928 1
15929 0
15930 1
15931 2
15932 1
15933 0
15934 1
15935 0
15936 1
15937 1
15938 0
15939 2
15940 2
15941 2
15942 1
15943 0
15944 0
15945 0
15946 1
15947 1
15948 1
15949 1
15950 1
15951 1
15952 0
15953 2
15954 2
15955 1
15956 3
15957 0
15958 1
15959 1
15960 0
15961 2
15962 0
15963 2
15964 0
15965 0
15966 1
15967 3
15968 0
15969 1
15970 0
15971 2
15972 3
15973 3
15974 0
15975 0
15976 0
15977 1
15978 0
15979 0
15980 1
15981 2
15982 2
15983 2
15984 1
15985 0
15986 1
15987 2
15988 1
15989 3
15990 0
15991 1
15992 0
15993 2
15994 0
15995 1
15996 0
15997 1
15998 1
15999 2
16000 1
16001 0
16002 0
16003 0
16004 0
16005 0
16006 0
16007 0
16008 0
16009 1
16010 0
16011 3
16012 2
16013 0
16014 1
16015 1
16016 0
16017 2
16018 1
16019 2
16020 0
16021 2
16022 0
16023 1
16024 3
16025 0
16026 3
16027 0
16028 0
16029 0
16030 1
16031 3
16032 1
16033 0
16034 2
16035 2
16036 0
16037 2
16038 1
16039 2
16040 0
16041 2
16042 2
16043 3
16044 1
16045 3
16046 0
16047 2
16048 2
16049 1
16050 1
16051 0
16052 1
16053 2
16054 2
16055 0
16056 1
16057 3
16058 1
16059 0
16060 2
16061 2
16062 1
16063 0
16064 0
16065 1
16066 2
16067 2
16068 1
16069 3
16070 0
16071 1
16072 0
16073 0
16074 1
16075 1
16076 2
16077 0
16078 1
16079 2
16080 0
16081 2
16082 0
16083 2
16084 0
16085 3
16086 0
16087 2
16088 1
16089 0
16090 1
16091 0
16092 1
16093 1
16094 3
16095 1
16096 3
16097 0
16098 0
16099 0
16100 1
16101 0
16102 2
16103 0
16104 1
16105 2
16106 3
16107 0
16108 3
16109 0
16110 0
16111 0
16112 0
16113 0
16114 0
16115 0
16116 2
16117 0
16118 0
16119 2
16120 2
16121 2
16122 2
16123 1
16124 2
16125 0
16126 1
16127 2
16128 1
16129 2
16130 1
16131 0
16132 0
16133 2
16134 3
16135 2
16136 2
16137 1
16138 1
16139 1
16140 0
16141 0
16142 2
16143 2
16144 2
16145 0
16146 1
16147 2
16148 0
16149 3
16150 0
16151 0
16152 2
16153 1
16154 0
16155 1
16156 0
16157 2
16158 1
16159 2
16160 1
16161 2
16162 2
16163 3
16164 0
16165 1
16166 2
16167 1
16168 0
16169 1
16170 1
16171 0
16172 0
16173 0
16174 0
16175 2
16176 0
16177 0
16178 0
16179 2
16180 1
16181 3
16182 2
16183 2
16184 1
16185 0
16186 0
16187 0
16188 0
16189 1
16190 2
16191 1
16192 3
16193 0
16194 2
16195 1
16196 2
16197 2
16198 0
16199 0
16200 2
16201 0
16202 1
16203 0
16204 1
16205 1
16206 2
16207 0
16208 2
16209 0
16210 2
16211 2
16212 2
16213 0
16214 2
16215 1
16216 1
16217 1
16218 0
16219 0
16220 3
16221 2
16222 0
16223 1
16224 0
16225 3
16226 3
16227 2
16228 2
16229 2
16230 0
16231 0
16232 1
16233 1
16234 2
16235 1
16236 0
16237 1
16238 1
16239 0
16240 0
16241 1
16242 3
16243 2
16244 0
16245 1
16246 2
16247 1
16248 2
16249 0
16250 1
16251 2
16252 3
16253 1
16254 2
16255 1
16256 0
16257 1
16258 0
16259 2
16260 0
16261 0
16262 2
16263 1
16264 0
16265 1
16266 1
16267 0
16268 3
16269 2
16270 2
16271 2
16272 1
16273 0
16274 2
16275 2
16276 1
16277 0
16278 0
16279 1
16280 2
16281 3
16282 0
16283 0
16284 1
16285 3
16286 2
16287 1
16288 2
16289 1
16290 2
16291 1
16292 0
16293 2
16294 1
16295 0
16296 0
16297 1
16298 1
16299 0
16300 1
16301 1
16302 0
16303 0
16304 2
16305 1
16306 2
16307 1
16308 3
16309 1
16310 2
16311 2
16312 0
16313 2
16314 1
16315 3
16316 0
16317 3
16318 1
16319 1
16320 2
16321 0
16322 2
16323 0
16324 1
16325 1
16326 0
16327 2
16328 0
16329 0
16330 0
16331 2
16332 1
16333 2
16334 1
16335 2
16336 0
16337 0
16338 0
16339 1
16340 2
16341 2
16342 1
16343 1
16344 1
16345 2
16346 0
16347 1
16348 1
16349 1
16350 2
16351 3
16352 1
16353 0
16354 0
16355 0
16356 1
16357 3
16358 2
16359 2
16360 0
16361 1
16362 0
16363 1
16364 1
16365 0
16366 0
16367 1
16368 0
16369 2
16370 1
16371 0
16372 2
16373 0
16374 0
16375 0
16376 2
16377 2
16378 1
16379 0
16380 0
16381 2
16382 1
16383 3
16384 0
16385 1
16386 2
16387 0
16388 1
16389 1
16390 2
16391 0
16392 0
16393 3
16394 2
16395 0
16396 1
16397 1
16398 1
16399 0
16400 0
16401 0
16402 1
16403 0
16404 1
16405 0
16406 0
16407 2
16408 1
16409 1
16410 2
16411 0
16412 0
16413 1
16414 1
16415 0
16416 2
16417 1
16418 1
16419 1
16420 1
16421 1
16422 1
16423 0
16424 1
16425 3
16426 0
16427 0
16428 1
16429 2
16430 2
16431 2
16432 2
16433 1
16434 2
16435 1
16436 1
16437 1
16438 2
16439 0
16440 1
16441 0
16442 2
16443 1
16444 0
16445 0
16446 0
16447 0
16448 0
16449 1
16450 2
16451 0
16452 1
16453 0
16454 1
16455 1
16456 2
16457 1
16458 2
16459 0
16460 0
16461 0
16462 0
16463 0
16464 1
16465 1
16466 1
16467 0
16468 0
16469 1
16470 3
16471 1
16472 1
16473 0
16474 1
16475 0
16476 3
16477 1
16478 1
16479 2
16480 0
16481 1
16482 1
16483 0
16484 1
16485 2
16486 1
16487 3
16488 0
16489 1
16490 1
16491 3
16492 3
16493 3
16494 2
16495 0
16496 2
16497 0
16498 1
16499 1
16500 1
16501 2
16502 1
16503 0
16504 0
16505 0
16506 1
16507 1
16508 0
16509 2
16510 2
16511 1
16512 0
16513 0
16514 0
16515 1
16516 2
16517 1
16518 1
16519 2
16520 1
16521 0
16522 2
16523 1
16524 1
16525 0
16526 2
16527 1
16528 1
16529 0
16530 0
16531 0
16532 0
16533 0
16534 0
16535 1
16536 2
16537 1
16538 1
16539 2
16540 2
16541 2
16542 2
16543 0
16544 1
16545 1
16546 0
16547 0
16548 1
16549 2
16550 0
16551 0
16552 3
16553 0
16554 1
16555 1
16556 2
16557 1
16558 2
16559 1
16560 0
16561 1
16562 0
16563 2
16564 1
16565 1
16566 0
16567 2
16568 1
16569 0
16570 2
16571 1
16572 0
16573 2
16574 1
16575 1
16576 1
16577 0
16578 1
16579 1
16580 3
16581 1
16582 0
16583 1
16584 0
16585 2
16586 0
16587 0
16588 2
16589 0
16590 1
16591 2
16592 2
16593 1
16594 1
16595 1
16596 1
16597 1
16598 2
16599 0
16600 1
16601 1
16602 1
16603 2
16604 1
16605 1
16606 0
16607 0
16608 2
16609 2
16610 2
16611 2
16612 1
16613 2
16614 1
16615 1
16616 0
16617 0
16618 2
16619 1
16620 3
16621 2
16622 1
16623 0
16624 2
16625 1
16626 0
16627 0
16628 0
16629 2
16630 1
16631 2
16632 1
16633 0
16634 1
16635 1
16636 0
16637 0
16638 2
16639 2
16640 0
16641 2
16642 1
16643 1
16644 1
16645 2
16646 1
16647 1
16648 0
16649 1
16650 1
16651 0
16652 0
16653 0
16654 0
16655 0
16656 1
16657 2
16658 1
16659 0
16660 0
16661 0
16662 3
16663 0
16664 1
16665 0
16666 2
16667 2
16668 1
16669 2
16670 1
16671 2
16672 0
16673 2
16674 1
16675 2
16676 2
16677 1
16678 0
16679 2
16680 2
16681 0
16682 3
16683 1
16684 0
16685 2
16686 1
16687 0
16688 2
16689 2
16690 0
16691 0
16692 2
16693 2
16694 1
16695 0
16696 2
16697 1
16698 0
16699 0
16700 1
16701 2
16702 1
16703 1
16704 1
16705 0
16706 2
16707 0
16708 0
16709 2
16710 1
16711 2
16712 0
16713 0
16714 1
16715 1
16716 2
16717 2
16718 1
16719 1
16720 2
16721 2
16722 0
16723 1
16724 2
16725 0
16726 0
16727 1
16728 0
16729 0
16730 2
16731 0
16732 1
16733 1
16734 1
16735 2
16736 0
16737 0
16738 1
16739 2
16740 0
16741 0
16742 2
16743 0
16744 1
16745 1
16746 1
16747 1
16748 2
16749 1
16750 1
16751 0
16752 1
16753 0
16754 1
16755 0
16756 1
16757 0
16758 2
16759 2
16760 2
16761 0
16762 1
16763 2
16764 1
16765 2
16766 0
16767 0
16768 0
16769 3
16770 2
16771 2
16772 0
16773 1
16774 0
16775 3
16776 2
16777 0
16778 3
16779 0
16780 1
16781 3
16782 1
16783 1
16784 0
16785 1
16786 0
16787 0
16788 1
16789 2
16790 1
16791 3
16792 1
16793 0
16794 0
16795 1
16796 0
16797 2
16798 3
16799 0
16800 0
16801 0
16802 1
16803 2
16804 2
16805 0
16806 1
16807 0
16808 2
16809 2
16810 1
16811 2
16812 2
16813 0
16814 1
16815 3
16816 0
16817 2
16818 2
16819 2
16820 0
16821 0
16822 3
16823 0
16824 0
16825 0
16826 0
16827 1
16828 0
16829 2
16830 1
16831 2
16832 0
16833 0
16834 2
16835 0
16836 0
16837 2
16838 1
16839 1
16840 0
16841 0
16842 0
16843 3
16844 1
16845 0
16846 0
16847 0
16848 2
16849 1
16850 1
16851 2
16852 1
16853 0
16854 0
16855 0
16856 2
16857 0
16858 1
16859 1
16860 2
16861 0
16862 2
16863 2
16864 2
16865 3
16866 3
16867 0
16868 0
16869 2
16870 1
16871 0
16872 2
16873 3
16874 1
16875 0
16876 1
16877 2
16878 2
16879 3
16880 0
16881 0
16882 1
16883 2
16884 1
16885 2
16886 1
16887 0
16888 0
16889 3
16890 2
16891 1
16892 0
16893 1
16894 2
16895 1
16896 0
16897 1
16898 1
16899 0
16900 1
16901 1
16902 1
16903 1
16904 3
16905 0
16906 0
16907 1
16908 1
16909 3
16910 1
16911 0
16912 0
16913 0
16914 0
16915 1
16916 0
16917 2
16918 0
16919 1
16920 0
16921 1
16922 0
16923 1
16924 1
16925 0
16926 0
16927 0
16928 0
16929 0
16930 1
16931 0
16932 1
16933 3
16934 1
16935 2
16936 0
16937 2
16938 1
16939 2
16940 2
16941 2
16942 2
16943 2
16944 2
16945 2
16946 1
16947 1
16948 0
16949 1
16950 0
16951 1
16952 1
16953 0
16954 1
16955 1
16956 2
16957 1
16958 1
16959 1
16960 0
16961 1
16962 2
16963 1
16964 1
16965 1
16966 0
16967 1
16968 2
16969 1
16970 1
16971 1
16972 1
16973 1
16974 0
16975 0
16976 2
16977 1
16978 0
16979 2
16980 2
16981 1
16982 2
16983 2
16984 1
16985 1
16986 1
16987 1
16988 3
16989 2
16990 0
16991 0
16992 0
16993 0
16994 0
16995 0
16996 1
16997 3
16998 3
16999 2
17000 1
17001 2
17002 0
17003 1
17004 0
17005 2
17006 0
17007 1
17008 2
17009 0
17010 2
17011 0
17012 0
17013 2
17014 1
17015 0
17016 1
17017 2
17018 2
17019 1
17020 1
17021 1
17022 2
17023 0
17024 2
17025 1
17026 1
17027 1
17028 3
17029 0
17030 1
17031 2
17032 0
17033 2
17034 0
17035 0
17036 2
17037 3
17038 0
17039 1
17040 0
17041 0
17042 1
17043 2
17044 0
17045 1
17046 1
17047 1
17048 2
17049 0
17050 0
17051 1
17052 0
17053 1
17054 1
17055 1
17056 1
17057 1
17058 2
17059 0
17060 1
17061 2
17062 0
17063 1
17064 1
17065 1
17066 2
17067 0
17068 3
17069 0
17070 3
17071 2
17072 0
17073 0
17074 1
17075 1
17076 2
17077 0
17078 1
17079 0
17080 1
17081 0
17082 2
17083 2
17084 1
17085 0
17086 0
17087 1
17088 1
17089 2
17090 3
17091 0
17092 3
17093 0
17094 0
17095 2
17096 1
17097 3
17098 0
17099 1
17100 2
17101 3
17102 0
17103 0
17104 1
17105 0
17106 1
17107 0
17108 2
17109 2
17110 2
17111 0
17112 2
17113 0
17114 1
17115 0
17116 1
17117 1
17118 1
17119 0
17120 0
17121 0
17122 1
17123 0
17124 1
17125 1
17126 3
17127 0
17128 2
17129 0
17130 1
17131 1
17132 1
17133 1
17134 1
17135 2
17136 0
17137 0
17138 0
17139 2
17140 0
17141 2
17142 1
17143 2
17144 2
17145 2
17146 2
17147 1
17148 3
17149 0
17150 2
17151 1
17152 2
17153 1
17154 1
17155 2
17156 2
17157 1
17158 1
17159 3
17160 0
17161 2
17162 2
17163 2
17164 0
17165 0
17166 1
17167 1
17168 1
17169 2
17170 1
17171 1
17172 2
17173 1
17174 1
17175 2
17176 1
17177 2
17178 1
17179 2
17180 1
17181 2
17182 0
17183 0
17184 2
17185 2
17186 1
17187 1
17188 3
17189 3
17190 0
17191 0
17192 3
17193 3
17194 2
17195 1
17196 2
17197 0
17198 1
17199 2
17200 0
17201 1
17202 0
17203 2
17204 1
17205 0
17206 0
17207 0
17208 0
17209 1
17210 2
17211 2
17212 1
17213 1
17214 2
17215 0
17216 1
17217 2
17218 2
17219 1
17220 2
17221 1
17222 2
17223 1
17224 0
17225 0
17226 0
17227 2
17228 0
17229 1
17230 0
17231 1
17232 2
17233 0
17234 1
17235 0
17236 1
17237 0
17238 1
17239 2
17240 0
17241 0
17242 2
17243 0
17244 0
17245 2
17246 2
17247 2
17248 0
17249 2
17250 1
17251 1
17252 1
17253 1
17254 3
17255 0
17256 0
17257 2
17258 0
17259 0
17260 1
17261 0
17262 1
17263 0
17264 0
17265 1
17266 2
17267 2
17268 1
17269 1
17270 2
17271 0
17272 1
17273 1
17274 2
17275 0
17276 2
17277 0
17278 1
17279 1
17280 0
17281 1
17282 0
17283 2
17284 1
17285 2
17286 1
17287 2
17288 0
17289 1
17290 0
17291 2
17292 2
17293 0
17294 0
17295 2
17296 2
17297 0
17298 0
17299 0
17300 1
17301 2
17302 0
17303 1
17304 1
17305 0
17306 2
17307 0
17308 0
17309 3
17310 0
17311 0
17312 1
17313 1
17314 0
17315 0
17316 0
17317 1
17318 0
17319 1
17320 3
17321 0
17322 1
17323 0
17324 3
17325 2
17326 1
17327 2
17328 2
17329 0
17330 1
17331 2
17332 1
17333 1
17334 1
17335 0
17336 3
17337 2
17338 0
17339 1
17340 2
17341 2
17342 1
17343 2
17344 1
17345 0
17346 2
17347 0
17348 0
17349 0
17350 2
17351 1
17352 1
17353 1
17354 2
17355 2
17356 0
17357 1
17358 0
17359 2
17360 2
17361 1
17362 1
17363 2
17364 2
17365 1
17366 1
17367 1
17368 0
17369 2
17370 1
17371 1
17372 0
17373 1
17374 0
17375 2
17376 0
17377 1
17378 2
17379 3
17380 0
17381 1
17382 2
17383 1
17384 2
17385 0
17386 2
17387 0
17388 3
17389 0
17390 1
17391 2
17392 0
17393 0
17394 0
17395 0
17396 1
17397 0
17398 1
17399 1
17400 0
17401 3
17402 3
17403 1
17404 2
17405 0
17406 3
17407 2
17408 1
17409 1
17410 1
17411 1
17412 1
17413 1
17414 0
17415 0
17416 0
17417 3
17418 0
17419 0
17420 1
17421 3
17422 0
17423 2
17424 2
17425 2
17426 1
17427 0
17428 2
17429 0
17430 0
17431 0
17432 3
17433 1
17434 1
17435 2
17436 1
17437 3
17438 2
17439 0
17440 0
17441 1
17442 1
17443 0
17444 0
17445 0
17446 1
17447 2
17448 2
17449 2
17450 1
17451 2
17452 1
17453 0
17454 2
17455 0
17456 1
17457 1
17458 0
17459 0
17460 0
17461 2
17462 1
17463 1
17464 1
17465 1
17466 0
17467 3
17468 0
17469 0
17470 2
17471 3
17472 1
17473 2
17474 3
17475 1
17476 3
17477 1
17478 1
17479 0
17480 0
17481 0
17482 0
17483 0
17484 2
17485 1
17486 0
17487 2
17488 1
17489 2
17490 1
17491 0
17492 0
17493 0
17494 2
17495 0
17496 0
17497 2
17498 0
17499 0
17500 3
17501 1
17502 0
17503 0
17504 2
17505 2
17506 1
17507 0
17508 1
17509 0
17510 1
17511 3
17512 0
17513 1
17514 1
17515 0
17516 1
17517 1
17518 3
17519 2
17520 2
17521 0
17522 2
17523 0
17524 2
17525 1
17526 0
17527 1
17528 2
17529 1
17530 1
17531 2
17532 1
17533 2
17534 3
17535 2
17536 0
17537 0
17538 0
17539 0
17540 0
17541 0
17542 0
17543 0
17544 1
17545 1
17546 2
17547 0
17548 1
17549 0
17550 0
17551 1
17552 2
17553 2
17554 0
17555 0
17556 1
17557 1
17558 0
17559 1
17560 0
17561 2
17562 1
17563 0
17564 1
17565 1
17566 0
17567 1
17568 0
17569 0
17570 0
17571 1
17572 1
17573 2
17574 3
17575 1
17576 1
17577 1
17578 2
17579 0
17580 1
17581 3
17582 0
17583 1
17584 0
17585 0
17586 0
17587 2
17588 0
17589 0
17590 0
17591 0
17592 0
17593 0
17594 1
17595 0
17596 0
17597 0
17598 3
17599 3
17600 0
17601 1
17602 2
17603 1
17604 0
17605 2
17606 1
17607 2
17608 0
17609 2
17610 2
17611 2
17612 0
17613 1
17614 1
17615 1
17616 0
17617 1
17618 1
17619 1
17620 0
17621 0
17622 2
17623 1
17624 0
17625 0
17626 1
17627 1
17628 0
17629 1
17630 2
17631 2
17632 1
17633 0
17634 1
17635 2
17636 0
17637 2
17638 0
17639 2
17640 0
17641 0
17642 1
17643 0
17644 2
17645 2
17646 2
17647 2
17648 0
17649 0
17650 1
17651 0
17652 0
17653 0
17654 1
17655 0
17656 1
17657 0
17658 1
17659 2
17660 1
17661 1
17662 2
17663 1
17664 1
17665 2
17666 2
17667 1
17668 1
17669 1
17670 2
17671 2
17672 0
17673 2
17674 0
17675 3
17676 0
17677 2
17678 1
17679 0
17680 2
17681 2
17682 0
17683 3
17684 1
17685 0
17686 2
17687 0
17688 2
17689 1
17690 0
17691 3
17692 0
17693 2
17694 0
17695 2
17696 3
17697 2
17698 0
17699 0
17700 0
17701 2
17702 0
17703 0
17704 0
17705 2
17706 0
17707 2
17708 1
17709 1
17710 1
17711 1
17712 1
17713 0
17714 0
17715 0
17716 1
17717 2
17718 2
17719 0
17720 0
17721 0
17722 2
17723 2
17724 2
17725 1
17726 1
17727 1
17728 2
17729 0
17730 1
17731 1
17732 0
17733 0
17734 0
17735 1
17736 1
17737 1
17738 3
17739 2
17740 3
17741 2
17742 1
17743 2
17744 2
17745 2
17746 0
17747 2
17748 0
17749 0
17750 0
17751 1
17752 2
17753 1
17754 1
17755 2
17756 1
17757 0
17758 3
17759 0
17760 2
17761 0
17762 1
17763 1
17764 1
17765 0
17766 0
17767 3
17768 3
17769 2
17770 0
17771 1
17772 2
17773 1
17774 2
17775 2
17776 1
17777 1
17778 1
17779 0
17780 0
17781 0
17782 1
17783 1
17784 0
17785 0
17786 2
17787 0
17788 1
17789 0
17790 3
17791 2
17792 3
17793 2
17794 3
17795 2
17796 1
17797 1
17798 1
17799 0
17800 2
17801 0
17802 2
17803 0
17804 0
17805 0
17806 1
17807 1
17808 2
17809 0
17810 0
17811 1
17812 1
17813 1
17814 0
17815 3
17816 0
17817 1
17818 1
17819 1
17820 3
17821 2
17822 0
17823 1
17824 2
17825 2
17826 3
17827 0
17828 1
17829 0
17830 1
17831 1
17832 0
17833 1
17834 2
17835 0
17836 1
17837 0
17838 0
17839 1
17840 2
17841 1
17842 1
17843 0
17844 2
17845 1
17846 1
17847 3
17848 2
17849 3
17850 1
17851 2
17852 0
17853 1
17854 4
17855 1
17856 2
17857 0
17858 2
17859 0
17860 1
17861 1
17862 0
17863 2
17864 0
17865 2
17866 1
17867 0
17868 0
17869 0
17870 2
17871 1
17872 0
17873 2
17874 0
17875 0
17876 1
17877 1
17878 0
17879 2
17880 0
17881 0
17882 0
17883 0
17884 2
17885 0
17886 2
17887 0
17888 1
17889 1
17890 2
17891 0
17892 0
17893 1
17894 1
17895 2
17896 0
17897 2
17898 2
17899 2
17900 3
17901 0
17902 2
17903 1
17904 1
17905 1
17906 1
17907 0
17908 1
17909 1
17910 1
17911 1
17912 0
17913 2
17914 1
17915 2
17916 1
17917 0
17918 1
17919 1
17920 2
17921 2
17922 2
17923 1
17924 3
17925 2
17926 0
17927 1
17928 1
17929 0
17930 3
17931 1
17932 0
17933 0
17934 0
17935 0
17936 2
17937 2
17938 0
17939 1
17940 1
17941 1
17942 2
17943 0
17944 0
17945 2
17946 1
17947 2
17948 1
17949 0
17950 2
17951 0
17952 2
17953 0
17954 2
17955 1
17956 0
17957 2
17958 2
17959 1
17960 1
17961 2
17962 0
17963 2
17964 2
17965 2
17966 2
17967 1
17968 1
17969 1
17970 2
17971 3
17972 0
17973 2
17974 2
17975 3
17976 2
17977 1
17978 0
17979 0
17980 0
17981 1
17982 0
17983 2
17984 3
17985 1
17986 1
17987 1
17988 0
17989 2
17990 0
17991 1
17992 0
17993 2
17994 0
17995 1
17996 0
17997 2
17998 1
17999 2
18000 2
18001 3
18002 1
18003 0
18004 1
18005 0
18006 2
18007 0
18008 1
18009 2
18010 1
18011 2
18012 2
18013 0
18014 2
18015 1
18016 0
18017 1
18018 3
18019 0
18020 0
18021 1
18022 0
18023 0
18024 0
18025 4
18026 2
18027 1
18028 1
18029 0
18030 0
18031 1
18032 2
18033 1
18034 2
18035 1
18036 1
18037 1
18038 0
18039 3
18040 1
18041 0
18042 1
18043 0
18044 0
18045 2
18046 0
18047 2
18048 1
18049 2
18050 2
18051 2
18052 0
18053 1
18054 2
18055 2
18056 0
18057 1
18058 3
18059 0
18060 0
18061 2
18062 2
18063 0
18064 0
18065 2
18066 1
18067 2
18068 1
18069 1
18070 0
18071 0
18072 2
18073 0
18074 0
18075 2
18076 0
18077 2
18078 3
18079 0
18080 1
18081 2
18082 0
18083 2
18084 0
18085 1
18086 2
18087 3
18088 0
18089 0
18090 1
18091 0
18092 3
18093 0
18094 0
18095 0
18096 1
18097 1
18098 2
18099 0
18100 3
18101 0
18102 1
18103 1
18104 0
18105 2
18106 2
18107 2
18108 1
18109 1
18110 2
18111 0
18112 1
18113 0
18114 1
18115 1
18116 2
18117 1
18118 1
18119 1
18120 1
18121 1
18122 2
18123 1
18124 1
18125 0
18126 1
18127 2
18128 3
18129 2
18130 2
18131 1
18132 0
18133 1
18134 1
18135 1
18136 1
18137 1
18138 0
18139 2
18140 1
18141 0
18142 2
18143 2
18144 0
18145 0
18146 0
18147 1
18148 1
18149 0
18150 1
18151 0
18152 2
18153 0
18154 1
18155 2
18156 0
18157 2
18158 0
18159 2
18160 0
18161 0
18162 1
18163 1
18164 0
18165 0
18166 1
18167 1
18168 0
18169 2
18170 0
18171 3
18172 1
18173 1
18174 1
18175 1
18176 0
18177 1
18178 1
18179 2
18180 1
18181 1
18182 1
18183 1
18184 1
18185 1
18186 2
18187 2
18188 1
18189 1
18190 2
18191 0
18192 2
18193 0
18194 1
18195 1
18196 0
18197 0
18198 0
18199 2
18200 1
18201 2
18202 2
18203 0
18204 1
18205 0
18206 1
18207 2
18208 1
18209 1
18210 2
18211 1
18212 0
18213 2
18214 1
18215 2
18216 0
18217 0
18218 1
18219 0
18220 0
18221 2
18222 0
18223 1
18224 1
18225 0
18226 0
18227 0
18228 1
18229 3
18230 3
18231 0
18232 2
18233 0
18234 1
18235 1
18236 0
18237 2
18238 1
18239 2
18240 3
18241 0
18242 1
18243 1
18244 2
18245 1
18246 1
18247 1
18248 0
18249 2
18250 1
18251 1
18252 2
18253 0
18254 1
18255 2
18256 2
18257 0
18258 0
18259 2
18260 2
18261 1
18262 0
18263 1
18264 1
18265 0
18266 1
18267 2
18268 2
18269 2
18270 1
18271 0
18272 1
18273 1
18274 1
18275 1
18276 0
18277 2
18278 1
18279 3
18280 1
18281 0
18282 0
18283 0
18284 1
18285 0
18286 2
18287 2
18288 1
18289 0
18290 1
18291 1
18292 2
18293 2
18294 0
18295 0
18296 3
18297 3
18298 1
18299 2
18300 1
18301 0
18302 1
18303 1
18304 1
18305 0
18306 2
18307 1
18308 0
18309 2
18310 1
18311 2
18312 2
18313 2
18314 2
18315 0
18316 2
18317 2
18318 1
18319 2
18320 1
18321 0
18322 0
18323 0
18324 1
18325 3
18326 0
18327 0
18328 1
18329 1
18330 0
18331 0
18332 0
18333 2
18334 2
18335 0
18336 2
18337 1
18338 0
18339 1
18340 1
18341 0
18342 1
18343 0
18344 2
18345 1
18346 0
18347 0
18348 0
18349 1
18350 1
18351 2
18352 1
18353 2
18354 0
18355 0
18356 0
18357 1
18358 1
18359 1
18360 0
18361 2
18362 0
18363 3
18364 3
18365 0
18366 0
18367 2
18368 1
18369 0
18370 2
18371 3
18372 0
18373 1
18374 0
18375 1
18376 2
18377 0
18378 1
18379 0
18380 2
18381 2
18382 1
18383 1
18384 0
18385 0
18386 0
18387 2
18388 1
18389 2
18390 3
18391 1
18392 2
18393 1
18394 1
18395 1
18396 0
18397 0
18398 0
18399 0
18400 0
18401 0
18402 0
18403 1
18404 1
18405 1
18406 1
18407 1
18408 0
18409 1
18410 0
18411 1
18412 1
18413 0
18414 1
18415 1
18416 1
18417 1
18418 1
18419 1
18420 0
18421 0
18422 2
18423 1
18424 0
18425 0
18426 3
18427 2
18428 0
18429 2
18430 0
18431 1
18432 2
18433 2
18434 0
18435 0
18436 1
18437 2
18438 1
18439 2
18440 1
18441 1
18442 2
18443 0
18444 0
18445 0
18446 2
18447 0
18448 2
18449 1
18450 3
18451 1
18452 0
18453 1
18454 0
18455 2
18456 0
18457 3
18458 2
18459 0
18460 2
18461 1
18462 2
18463 2
18464 0
18465 2
18466 2
18467 3
18468 0
18469 1
18470 0
18471 3
18472 1
18473 1
18474 1
18475 1
18476 2
18477 0
18478 2
18479 0
18480 1
18481 0
18482 2
18483 0
18484 0
18485 0
18486 1
18487 0
18488 1
18489 1
18490 2
18491 2
18492 2
18493 0
18494 3
18495 1
18496 1
18497 1
18498 0
18499 2
18500 1
18501 2
18502 2
18503 0
18504 1
18505 1
18506 1
18507 1
18508 0
18509 2
18510 1
18511 2
18512 0
18513 1
18514 1
18515 0
18516 1
18517 1
18518 0
18519 1
18520 1
18521 1
18522 0
18523 2
18524 0
18525 0
18526 0
18527 0
18528 0
18529 1
18530 2
18531 0
18532 2
18533 1
18534 1
18535 0
18536 2
18537 1
18538 0
18539 0
18540 1
18541 1
18542 1
18543 3
18544 1
18545 1
18546 1
18547 2
18548 1
18549 0
18550 2
18551 2
18552 1
18553 1
18554 1
18555 2
18556 1
18557 2
18558 1
18559 1
18560 3
18561 2
18562 0
18563 0
18564 1
18565 1
18566 0
18567 0
18568 0
18569 2
18570 1
18571 1
18572 0
18573 2
18574 1
18575 3
18576 1
18577 0
18578 0
18579 1
18580 0
18581 1
18582 1
18583 2
18584 0
18585 0
18586 2
18587 0
18588 2
18589 1
18590 3
18591 0
18592 0
18593 2
18594 1
18595 2
18596 2
18597 0
18598 0
18599 1
18600 0
18601 2
18602 1
18603 0
18604 1
18605 1
18606 2
18607 0
18608 0
18609 0
18610 0
18611 1
18612 3
18613 1
18614 2
18615 1
18616 0
18617 1
18618 0
18619 1
18620 0
18621 0
18622 0
18623 1
18624 0
18625 1
18626 0
18627 1
18628 0
18629 1
18630 3
18631 2
18632 1
18633 2
18634 0
18635 2
18636 1
18637 1
18638 1
18639 0
18640 1
18641 1
18642 3
18643 1
18644 0
18645 1
18646 0
18647 0
18648 2
18649 2
18650 1
18651 2
18652 1
18653 1
18654 0
18655 2
18656 0
18657 1
18658 0
18659 1
18660 0
18661 1
18662 2
18663 1
18664 2
18665 0
18666 2
18667 1
18668 2
18669 0
18670 2
18671 0
18672 1
18673 3
18674 1
18675 0
18676 2
18677 0
18678 1
18679 1
18680 3
18681 1
18682 2
18683 2
18684 0
18685 0
18686 2
18687 2
18688 3
18689 1
18690 2
18691 0
18692 0
18693 1
18694 0
18695 2
18696 2
18697 0
18698 0
18699 1
18700 2
18701 1
18702 1
18703 2
18704 0
18705 2
18706 2
18707 2
18708 2
18709 0
18710 1
18711 0
18712 1
18713 2
18714 3
18715 0
18716 0
18717 0
18718 3
18719 0
18720 1
18721 3
18722 2
18723 1
18724 2
18725 0
18726 2
18727 3
18728 2
18729 0
18730 2
18731 2
18732 2
18733 0
18734 1
18735 2
18736 0
18737 0
18738 1
18739 3
18740 1
18741 2
18742 1
18743 1
18744 0
18745 2
18746 2
18747 1
18748 1
18749 2
18750 0
18751 0
18752 0
18753 0
18754 1
18755 1
18756 2
18757 0
18758 1
18759 2
18760 0
18761 1
18762 2
18763 1
18764 0
18765 0
18766 0
18767 3
18768 2
18769 2
18770 2
18771 0
18772 1
18773 3
18774 2
18775 2
18776 0
18777 2
18778 0
18779 1
18780 2
18781 1
18782 1
18783 1
18784 0
18785 0
18786 2
18787 1
18788 1
18789 2
18790 1
18791 1
18792 0
18793 1
18794 1
18795 0
18796 1
18797 1
18798 0
18799 1
18800 1
18801 0
18802 1
18803 3
18804 2
18805 0
18806 1
18807 2
18808 0
18809 1
18810 0
18811 0
18812 0
18813 1
18814 1
18815 2
18816 1
18817 0
18818 2
18819 2
18820 0
18821 2
18822 0
18823 2
18824 3
18825 1
18826 3
18827 2
18828 1
18829 3
18830 0
18831 0
18832 0
18833 2
18834 2
18835 2
18836 1
18837 1
18838 0
18839 1
18840 1
18841 1
18842 2
18843 0
18844 1
18845 1
18846 4
18847 2
18848 1
18849 2
18850 1
18851 1
18852 0
18853 1
18854 0
18855 2
18856 1
18857 2
18858 0
18859 0
18860 2
18861 3
18862 0
18863 2
18864 0
18865 1
18866 1
18867 1
18868 1
18869 0
18870 1
18871 0
18872 0
18873 2
18874 0
18875 0
18876 1
18877 2
18878 1
18879 2
18880 1
18881 0
18882 1
18883 1
18884 1
18885 0
18886 0
18887 1
18888 1
18889 0
18890 3
18891 0
18892 0
18893 1
18894 2
18895 0
18896 0
18897 0
18898 2
18899 1
18900 1
18901 0
18902 0
18903 2
18904 1
18905 1
18906 0
18907 1
18908 0
18909 0
18910 0
18911 3
18912 1
18913 1
18914 0
18915 0
18916 1
18917 2
18918 1
18919 2
18920 3
18921 0
18922 1
18923 2
18924 0
18925 0
18926 1
18927 0
18928 1
18929 0
18930 1
18931 1
18932 1
18933 0
18934 2
18935 0
18936 2
18937 3
18938 2
18939 1
18940 1
18941 1
18942 1
18943 1
18944 0
18945 2
18946 1
18947 1
18948 0
18949 2
18950 1
18951 1
18952 1
18953 1
18954 1
18955 1
18956 2
18957 2
18958 1
18959 2
18960 2
18961 1
18962 1
18963 2
18964 2
18965 2
18966 1
18967 2
18968 3
18969 2
18970 2
18971 0
18972 1
18973 2
18974 2
18975 1
18976 0
18977 2
18978 0
18979 0
18980 2
18981 1
18982 3
18983 1
18984 2
18985 1
18986 0
18987 2
18988 1
18989 1
18990 0
18991 1
18992 3
18993 2
18994 1
18995 0
18996 2
18997 1
18998 0
18999 1
19000 1
19001 2
19002 2
19003 0
19004 1
19005 1
19006 0
19007 2
19008 0
19009 2
19010 1
19011 3
19012 1
19013 1
19014 0
19015 0
19016 2
19017 1
19018 0
19019 0
19020 0
19021 2
19022 1
19023 3
19024 0
19025 2
19026 1
19027 0
19028 1
19029 2
19030 2
19031 1
19032 2
19033 0
19034 2
19035 2
19036 0
19037 2
19038 1
19039 0
19040 2
19041 1
19042 1
19043 2
19044 1
19045 2
19046 0
19047 1
19048 2
19049 2
19050 0
19051 2
19052 0
19053 0
19054 2
19055 0
19056 2
19057 1
19058 2
19059 0
19060 1
19061 2
19062 1
19063 2
19064 1
19065 1
19066 0
19067 2
19068 0
19069 0
19070 0
19071 2
19072 1
19073 1
19074 0
19075 2
19076 1
19077 3
19078 0
19079 0
19080 2
19081 0
19082 2
19083 2
19084 0
19085 0
19086 1
19087 0
19088 3
19089 1
19090 3
19091 2
19092 2
19093 0
19094 0
19095 1
19096 0
19097 1
19098 1
19099 2
19100 0
19101 0
19102 1
19103 2
19104 0
19105 2
19106 1
19107 2
19108 0
19109 1
19110 1
19111 2
19112 1
19113 1
19114 1
19115 2
19116 1
19117 1
19118 0
19119 2
19120 1
19121 1
19122 2
19123 2
19124 1
19125 2
19126 1
19127 0
19128 0
19129 0
19130 2
19131 2
19132 1
19133 0
19134 0
19135 1
19136 1
19137 2
19138 0
19139 2
19140 2
19141 2
19142 0
19143 2
19144 2
19145 2
19146 2
19147 0
19148 0
19149 1
19150 3
19151 1
19152 2
19153 1
19154 2
19155 3
19156 2
19157 3
19158 2
19159 2
19160 1
19161 1
19162 0
19163 1
19164 1
19165 2
19166 1
19167 2
19168 2
19169 2
19170 1
19171 2
19172 2
19173 0
19174 1
19175 0
19176 2
19177 2
19178 1
19179 3
19180 2
19181 3
19182 1
19183 0
19184 0
19185 1
19186 0
19187 0
19188 0
19189 2
19190 0
19191 1
19192 2
19193 0
19194 2
19195 0
19196 0
19197 2
19198 1
19199 2
19200 1
19201 1
19202 3
19203 1
19204 3
19205 2
19206 3
19207 0
19208 0
19209 3
19210 1
19211 1
19212 0
19213 1
19214 2
19215 0
19216 0
19217 1
19218 1
19219 2
19220 0
19221 2
19222 2
19223 2
19224 0
19225 2
19226 1
19227 2
19228 1
19229 1
19230 0
19231 1
19232 0
19233 3
19234 2
19235 3
19236 2
19237 0
19238 1
19239 1
19240 0
19241 1
19242 1
19243 2
19244 0
19245 1
19246 0
19247 0
19248 0
19249 2
19250 2
19251 2
19252 2
19253 0
19254 2
19255 0
19256 2
19257 1
19258 1
19259 1
19260 1
19261 1
19262 1
19263 0
19264 1
19265 0
19266 2
19267 1
19268 1
19269 0
19270 1
19271 0
19272 0
19273 3
19274 0
19275 2
19276 0
19277 1
19278 0
19279 0
19280 2
19281 1
19282 2
19283 2
19284 2
19285 3
19286 0
19287 1
19288 2
19289 0
19290 1
19291 1
19292 1
19293 2
19294 1
19295 2
19296 0
19297 1
19298 1
19299 1
19300 0
19301 2
19302 1
19303 1
19304 1
19305 0
19306 2
19307 3
19308 1
19309 1
19310 0
19311 0
19312 0
19313 1
19314 2
19315 1
19316 1
19317 3
19318 0
19319 1
19320 0
19321 2
19322 1
19323 2
19324 1
19325 0
19326 1
19327 2
19328 1
19329 0
19330 0
19331 0
19332 1
19333 1
19334 0
19335 2
19336 0
19337 1
19338 2
19339 0
19340 2
19341 1
19342 1
19343 0
19344 0
19345 1
19346 0
19347 0
19348 1
19349 0
19350 1
19351 2
19352 3
19353 3
19354 0
19355 2
19356 1
19357 1
19358 0
19359 2
19360 1
19361 2
19362 0
19363 1
19364 1
19365 0
19366 0
19367 1
19368 2
19369 2
19370 1
19371 0
19372 2
19373 1
19374 3
19375 1
19376 1
19377 0
19378 0
19379 0
19380 1
19381 1
19382 1
19383 0
19384 0
19385 2
19386 0
19387 1
19388 2
19389 2
19390 3
19391 0
19392 2
19393 0
19394 3
19395 1
19396 0
19397 3
19398 0
19399 0
19400 2
19401 2
19402 1
19403 1
19404 1
19405 3
19406 1
19407 0
19408 2
19409 1
19410 1
19411 0
19412 0
19413 2
19414 0
19415 1
19416 0
19417 1
19418 1
19419 2
19420 1
19421 1
19422 2
19423 1
19424 0
19425 2
19426 2
19427 0
19428 2
19429 1
19430 0
19431 1
19432 0
19433 0
19434 0
19435 1
19436 0
19437 2
19438 1
19439 3
19440 0
19441 1
19442 1
19443 0
19444 0
19445 2
19446 0
19447 0
19448 1
19449 1
19450 0
19451 2
19452 1
19453 1
19454 2
19455 3
19456 2
19457 1
19458 1
19459 0
19460 0
19461 3
19462 2
19463 0
19464 2
19465 1
19466 1
19467 1
19468 0
19469 1
19470 2
19471 1
19472 2
19473 0
19474 0
19475 2
19476 0
19477 0
19478 1
19479 1
19480 1
19481 3
19482 2
19483 0
19484 2
19485 0
19486 1
19487 1
19488 0
19489 0
19490 3
19491 0
19492 0
19493 0
19494 2
19495 1
19496 0
19497 1
19498 0
19499 1
19500 0
19501 0
19502 0
19503 1
19504 2
19505 3
19506 0
19507 2
19508 2
19509 1
19510 1
19511 2
19512 0
19513 0
19514 0
19515 0
19516 1
19517 0
19518 1
19519 2
19520 0
19521 2
19522 2
19523 1
19524 0
19525 1
19526 1
19527 2
19528 1
19529 2
19530 1
19531 3
19532 0
19533 2
19534 3
19535 1
19536 1
19537 1
19538 0
19539 2
19540 1
19541 1
19542 0
19543 2
19544 0
19545 1
19546 0
19547 0
19548 1
19549 3
19550 1
19551 1
19552 1
19553 1
19554 2
19555 1
19556 2
19557 1
19558 2
19559 0
19560 0
19561 3
19562 2
19563 1
19564 0
19565 0
19566 0
19567 0
19568 1
19569 0
19570 0
19571 1
19572 2
19573 3
19574 0
19575 1
19576 2
19577 0
19578 0
19579 1
19580 1
19581 1
19582 0
19583 0
19584 1
19585 1
19586 3
19587 1
19588 0
19589 0
19590 2
19591 2
19592 1
19593 0
19594 1
19595 1
19596 0
19597 1
19598 2
19599 0
19600 1
19601 2
19602 1
19603 0
19604 0
19605 1
19606 1
19607 1
19608 2
19609 2
19610 0
19611 1
19612 2
19613 0
19614 2
19615 1
19616 1
19617 0
19618 0
19619 2
19620 2
19621 2
19622 2
19623 2
19624 1
19625 2
19626 1
19627 1
19628 0
19629 2
19630 1
19631 1
19632 2
19633 1
19634 0
19635 1
19636 1
19637 2
19638 0
19639 2
19640 1
19641 1
19642 0
19643 0
19644 0
19645 1
19646 2
19647 1
19648 0
19649 2
19650 0
19651 0
19652 1
19653 2
19654 0
19655 0
19656 1
19657 0
19658 1
19659 2
19660 1
19661 1
19662 0
19663 1
19664 0
19665 1
19666 1
19667 1
19668 0
19669 0
19670 2
19671 1
19672 1
19673 1
19674 1
19675 1
19676 1
19677 0
19678 3
19679 1
19680 2
19681 1
19682 0
19683 1
19684 0
19685 1
19686 3
19687 1
19688 0
19689 2
19690 1
19691 2
19692 0
19693 1
19694 2
19695 0
19696 0
19697 0
19698 1
19699 0
19700 0
19701 1
19702 1
19703 2
19704 1
19705 1
19706 0
19707 0
19708 3
19709 1
19710 1
19711 2
19712 1
19713 1
19714 1
19715 0
19716 0
19717 1
19718 0
19719 0
19720 3
19721 1
19722 1
19723 2
19724 1
19725 2
19726 0
19727 2
19728 0
19729 1
19730 2
19731 3
19732 2
19733 0
19734 0
19735 0
19736 1
19737 1
19738 0
19739 0
19740 1
19741 2
19742 0
19743 1
19744 3
19745 2
19746 3
19747 2
19748 1
19749 2
19750 0
19751 2
19752 1
19753 1
19754 1
19755 0
19756 2
19757 1
19758 0
19759 2
19760 2
19761 2
19762 1
19763 0
19764 1
19765 0
19766 2
19767 0
19768 0
19769 0
19770 0
19771 2
19772 1
19773 0
19774 1
19775 1
19776 0
19777 1
19778 1
19779 0
19780 1
19781 2
19782 1
19783 1
19784 1
19785 1
19786 0
19787 1
19788 0
19789 0
19790 0
19791 2
19792 2
19793 0
19794 3
19795 1
19796 2
19797 0
19798 1
19799 0
19800 0
19801 0
19802 2
19803 0
19804 2
19805 0
19806 0
19807 0
19808 1
19809 0
19810 1
19811 2
19812 0
19813 2
19814 1
19815 0
19816 1
19817 1
19818 3
19819 1
19820 1
19821 1
19822 0
19823 2
19824 1
19825 0
19826 0
19827 0
19828 2
19829 2
19830 3
19831 2
19832 1
19833 0
19834 2
19835 0
19836 0
19837 2
19838 3
19839 2
19840 1
19841 0
19842 1
19843 2
19844 0
19845 2
19846 1
19847 0
19848 2
19849 1
19850 2
19851 1
19852 2
19853 3
19854 3
19855 1
19856 2
19857 3
19858 0
19859 0
19860 2
19861 2
19862 2
19863 0
19864 0
19865 2
19866 1
19867 0
19868 0
19869 1
19870 0
19871 0
19872 2
19873 0
19874 0
19875 0
19876 0
19877 2
19878 0
19879 0
19880 3
19881 3
19882 0
19883 2
19884 0
19885 1
19886 1
19887 0
19888 1
19889 1
19890 1
19891 2
19892 2
19893 0
19894 2
19895 0
19896 1
19897 0
19898 1
19899 1
19900 0
19901 2
19902 2
19903 1
19904 0
19905 1
19906 0
19907 2
19908 1
19909 0
19910 1
19911 1
19912 1
19913 2
19914 0
19915 1
19916 1
19917 1
19918 1
19919 0
19920 2
19921 2
19922 1
19923 1
19924 2
19925 0
19926 1
19927 0
19928 0
19929 1
19930 2
19931 0
19932 1
19933 1
19934 2
19935 1
19936 2
19937 1
19938 1
19939 2
19940 1
19941 2
19942 1
19943 0
19944 0
19945 2
19946 0
19947 3
19948 0
19949 2
19950 2
19951 2
19952 2
19953 0
19954 1
19955 2
19956 1
19957 1
19958 1
19959 1
19960 1
19961 0
19962 2
19963 1
19964 0
19965 1
19966 1
19967 1
19968 2
19969 1
19970 1
19971 0
19972 2
19973 3
19974 1
19975 2
19976 2
19977 3
19978 1
19979 1
19980 2
19981 1
19982 0
19983 0
19984 1
19985 1
19986 1
19987 3
19988 2
19989 1
19990 1
19991 2
19992 2
19993 0
19994 1
19995 2
19996 2
19997 2
19998 1
19999 1
20000 1
20001 2
20002 1
20003 2
20004 2
20005 1
20006 2
20007 0
20008 2
20009 0
20010 0
20011 2
20012 3
20013 0
20014 2
20015 3
20016 1
20017 0
20018 0
20019 1
20020 2
20021 0
20022 1
20023 0
20024 3
20025 0
20026 0
20027 0
20028 1
20029 1
20030 0
20031 1
20032 0
20033 0
20034 0
20035 0
20036 0
20037 2
20038 2
20039 0
20040 0
20041 0
20042 2
20043 1
20044 0
20045 1
20046 1
20047 0
20048 0
20049 0
20050 1
20051 0
20052 0
20053 2
20054 0
20055 2
20056 0
20057 1
20058 0
20059 1
20060 0
20061 1
20062 0
20063 0
20064 2
20065 0
20066 0
20067 1
20068 1
20069 0
20070 1
20071 2
20072 0
20073 1
20074 3
20075 2
20076 2
20077 3
20078 1
20079 0
20080 0
20081 2
20082 2
20083 0
20084 1
20085 1
20086 0
20087 0
20088 1
20089 1
20090 0
20091 0
20092 0
20093 0
20094 0
20095 1
20096 3
20097 3
20098 1
20099 0
20100 2
20101 1
20102 0
20103 0
20104 0
20105 1
20106 1
20107 2
20108 3
20109 0
20110 2
20111 2
20112 2
20113 0
20114 0
20115 0
20116 0
20117 0
20118 1
20119 2
20120 0
20121 1
20122 1
20123 1
20124 0
20125 1
20126 2
20127 1
20128 0
20129 2
20130 1
20131 2
20132 1
20133 2
20134 1
20135 0
20136 0
20137 0
20138 0
20139 3
20140 1
20141 2
20142 0
20143 2
20144 2
20145 1
20146 1
20147 1
20148 1
20149 2
20150 0
20151 1
20152 1
20153 0
20154 2
20155 1
20156 2
20157 1
20158 1
20159 1
20160 1
20161 1
20162 0
20163 0
20164 2
20165 2
20166 1
20167 1
20168 3
20169 2
20170 1
20171 0
20172 1
20173 1
20174 1
20175 0
20176 3
20177 2
20178 2
20179 0
20180 3
20181 1
20182 3
20183 1
20184 0
20185 3
20186 0
20187 0
20188 1
20189 0
20190 2
20191 0
20192 2
20193 0
20194 1
20195 2
20196 1
20197 2
20198 2
20199 2
20200 0
20201 2
20202 1
20203 2
20204 1
20205 2
20206 3
20207 2
20208 2
20209 1
20210 1
20211 1
20212 1
20213 0
20214 2
20215 0
20216 0
20217 0
20218 0
20219 1
20220 2
20221 1
20222 0
20223 0
20224 1
20225 1
20226 1
20227 2
20228 0
20229 0
20230 2
20231 0
20232 0
20233 0
20234 0
20235 0
20236 0
20237 1
20238 2
20239 2
20240 0
20241 3
20242 1
20243 0
20244 2
20245 0
20246 1
20247 1
20248 3
20249 2
20250 1
20251 1
20252 2
20253 0
20254 0
20255 2
20256 0
20257 2
20258 0
20259 0
20260 0
20261 1
20262 1
20263 2
20264 1
20265 0
20266 1
20267 2
20268 0
20269 2
20270 0
20271 0
20272 0
20273 2
20274 1
20275 2
20276 2
20277 3
20278 2
20279 0
20280 1
20281 1
20282 0
20283 0
20284 3
20285 0
20286 3
20287 2
20288 2
20289 1
20290 2
20291 0
20292 0
20293 1
20294 2
20295 0
20296 0
20297 0
20298 3
20299 1
20300 1
20301 0
20302 0
20303 0
20304 2
20305 1
20306 1
20307 0
20308 1
20309 1
20310 1
20311 2
20312 2
20313 0
20314 0
20315 2
20316 2
20317 1
20318 1
20319 0
20320 3
20321 0
20322 0
20323 0
20324 0
20325 1
20326 1
20327 2
20328 3
20329 0
20330 1
20331 1
20332 0
20333 0
20334 0
20335 1
20336 2
20337 1
20338 2
20339 2
20340 0
20341 0
20342 3
20343 0
20344 0
20345 1
20346 2
20347 0
20348 3
20349 1
20350 0
20351 2
20352 0
20353 1
20354 2
20355 0
20356 2
20357 3
20358 0
20359 0
20360 1
20361 1
20362 2
20363 0
20364 0
20365 0
20366 1
20367 1
20368 2
20369 0
20370 0
20371 2
20372 0
20373 1
20374 2
20375 2
20376 3
20377 0
20378 1
20379 1
20380 1
20381 1
20382 1
20383 0
20384 1
20385 2
20386 1
20387 1
20388 1
20389 0
20390 0
20391 0
20392 2
20393 1
20394 2
20395 1
20396 1
20397 1
20398 1
20399 2
20400 2
20401 2
20402 0
20403 0
20404 1
20405 0
20406 1
20407 1
20408 1
20409 1
20410 1
20411 1
20412 2
20413 1
20414 2
20415 0
20416 2
20417 2
20418 2
20419 0
20420 1
20421 2
20422 2
20423 1
20424 1
20425 1
20426 0
20427 0
20428 1
20429 2
20430 1
20431 0
20432 2
20433 2
20434 0
20435 0
20436 2
20437 1
20438 2
20439 0
20440 0
20441 0
20442 0
20443 0
20444 0
20445 1
20446 0
20447 0
20448 3
20449 2
20450 1
20451 1
20452 3
20453 2
20454 1
20455 3
20456 0
20457 2
20458 1
20459 0
20460 2
20461 1
20462 0
20463 1
20464 0
20465 0
20466 1
20467 0
20468 2
20469 2
20470 1
20471 0
20472 1
20473 2
20474 2
20475 1
20476 2
20477 0
20478 2
20479 1
20480 1
20481 2
20482 1
20483 1
20484 3
20485 1
20486 0
20487 0
20488 1
20489 0
20490 2
20491 2
20492 2
20493 2
20494 0
20495 0
20496 0
20497 2
20498 2
20499 1
20500 1
20501 0
20502 1
20503 0
20504 2
20505 0
20506 1
20507 2
20508 2
20509 2
20510 0
20511 1
20512 3
20513 1
20514 1
20515 3
20516 2
20517 1
20518 1
20519 2
20520 2
20521 0
20522 1
20523 0
20524 0
20525 1
20526 0
20527 2
20528 1
20529 2
20530 1
20531 0
20532 1
20533 1
20534 2
20535 0
20536 3
20537 0
20538 1
20539 0
20540 0
20541 0
20542 1
20543 1
20544 2
20545 1
20546 0
20547 1
20548 3
20549 2
20550 1
20551 1
20552 2
20553 1
20554 0
20555 1
20556 3
20557 0
20558 2
20559 0
20560 1
20561 1
20562 1
20563 3
20564 2
20565 3
20566 2
20567 1
20568 1
20569 0
20570 0
20571 1
20572 0
20573 2
20574 0
20575 1
20576 0
20577 0
20578 0
20579 0
20580 1
20581 0
20582 0
20583 1
20584 0
20585 2
20586 2
20587 1
20588 1
20589 2
20590 2
20591 1
20592 0
20593 0
20594 3
20595 1
20596 0
20597 3
20598 2
20599 2
20600 1
20601 2
20602 0
20603 2
20604 2
20605 0
20606 0
20607 0
20608 0
20609 1
20610 0
20611 1
20612 0
20613 1
20614 1
20615 1
20616 1
20617 0
20618 1
20619 2
20620 2
20621 1
20622 0
20623 3
20624 2
20625 1
20626 2
20627 1
20628 1
20629 1
20630 2
20631 3
20632 0
20633 2
20634 1
20635 0
20636 0
20637 1
20638 1
20639 1
20640 0
20641 0
20642 0
20643 2
20644 2
20645 2
20646 0
20647 0
20648 1
20649 1
20650 0
20651 1
20652 1
20653 1
20654 1
20655 1
20656 2
20657 0
20658 1
20659 3
20660 0
20661 1
20662 1
20663 2
20664 2
20665 2
20666 3
20667 1
20668 2
20669 1
20670 2
20671 0
20672 2
20673 1
20674 0
20675 0
20676 0
20677 0
20678 1
20679 2
20680 1
20681 0
20682 2
20683 1
20684 0
20685 0
20686 1
20687 2
20688 0
20689 0
20690 1
20691 1
20692 3
20693 2
20694 0
20695 1
20696 1
20697 2
20698 2
20699 1
20700 1
20701 3
20702 0
20703 1
20704 1
20705 1
20706 1
20707 2
20708 0
20709 0
20710 2
20711 0
20712 1
20713 1
20714 1
20715 0
20716 0
20717 0
20718 0
20719 2
20720 2
20721 2
20722 0
20723 3
20724 0
20725 1
20726 3
20727 0
20728 1
20729 3
20730 2
20731 0
20732 1
20733 2
20734 1
20735 1
20736 1
20737 3
20738 2
20739 2
20740 1
20741 1
20742 0
20743 2
20744 0
20745 0
20746 1
20747 2
20748 3
20749 2
20750 0
20751 0
20752 0
20753 2
20754 1
20755 2
20756 1
20757 1
20758 2
20759 1
20760 0
20761 3
20762 1
20763 0
20764 1
20765 0
20766 0
20767 2
20768 0
20769 1
20770 2
20771 0
20772 2
20773 0
20774 1
20775 2
20776 1
20777 0
20778 1
20779 1
20780 2
20781 3
20782 0
20783 2
20784 1
20785 2
20786 0
20787 1
20788 2
20789 3
20790 2
20791 1
20792 3
20793 3
20794 0
20795 0
20796 1
20797 1
20798 1
20799 2
20800 2
20801 0
20802 1
20803 1
20804 2
20805 0
20806 1
20807 2
20808 2
20809 0
20810 2
20811 2
20812 2
20813 1
20814 0
20815 1
20816 0
20817 1
20818 1
20819 0
20820 2
20821 1
20822 1
20823 0
20824 1
20825 1
20826 0
20827 2
20828 0
20829 1
20830 1
20831 1
20832 1
20833 2
20834 2
20835 0
20836 1
20837 3
20838 0
20839 1
20840 2
20841 0
20842 1
20843 1
20844 0
20845 2
20846 0
20847 0
20848 3
20849 0
20850 0
20851 2
20852 0
20853 2
20854 2
20855 1
20856 1
20857 0
20858 1
20859 1
20860 1
20861 2
20862 2
20863 2
20864 2
20865 0
20866 1
20867 2
20868 3
20869 0
20870 1
20871 0
20872 0
20873 2
20874 1
20875 0
20876 0
20877 1
20878 0
20879 2
20880 0
20881 0
20882 2
20883 1
20884 2
20885 0
20886 0
20887 0
20888 0
20889 0
20890 0
20891 2
20892 1
20893 3
20894 0
20895 1
20896 0
20897 2
20898 1
20899 1
20900 2
20901 1
20902 2
20903 2
20904 0
20905 0
20906 2
20907 1
20908 0
20909 3
20910 1
20911 2
20912 1
20913 2
20914 0
20915 2
20916 0
20917 1
20918 1
20919 2
20920 0
20921 1
20922 1
20923 2
20924 0
20925 2
20926 3
20927 2
20928 1
20929 0
20930 1
20931 3
20932 0
20933 2
20934 2
20935 0
20936 2
20937 0
20938 3
20939 2
20940 2
20941 2
20942 0
20943 1
20944 0
20945 2
20946 1
20947 3
20948 0
20949 0
20950 3
20951 1
20952 0
20953 0
20954 2
20955 1
20956 3
20957 3
20958 0
20959 1
20960 1
20961 1
20962 2
20963 1
20964 2
20965 0
20966 1
20967 2
20968 0
20969 2
20970 1
20971 1
20972 1
20973 1
20974 3
20975 0
20976 2
20977 1
20978 1
20979 0
20980 1
20981 0
20982 2
20983 2
20984 3
20985 1
20986 2
20987 2
20988 1
20989 1
20990 0
20991 2
20992 0
20993 1
20994 0
20995 0
20996 1
20997 1
20998 1
20999 0
21000 0
21001 2
21002 0
21003 2
21004 1
21005 3
21006 3
21007 3
21008 2
21009 1
21010 0
21011 2
21012 0
21013 2
21014 2
21015 0
21016 1
21017 0
21018 3
21019 2
21020 0
21021 1
21022 2
21023 1
21024 1
21025 1
21026 0
21027 1
21028 0
21029 0
21030 1
21031 2
21032 1
21033 0
21034 0
21035 0
21036 2
21037 1
21038 1
21039 1
21040 2
21041 1
21042 1
21043 2
21044 0
21045 2
21046 3
21047 0
21048 1
21049 0
21050 0
21051 1
21052 2
21053 1
21054 1
21055 2
21056 2
21057 3
21058 0
21059 0
21060 3
21061 3
21062 2
21063 2
21064 0
21065 1
21066 0
21067 1
21068 2
21069 1
21070 1
21071 1
21072 2
21073 1
21074 1
21075 2
21076 0
21077 1
21078 0
21079 1
21080 2
21081 1
21082 0
21083 0
21084 1
21085 2
21086 2
21087 2
21088 2
21089 0
21090 2
21091 1
21092 0
21093 2
21094 2
21095 1
21096 0
21097 2
21098 2
21099 0
21100 3
21101 1
21102 1
21103 0
21104 1
21105 2
21106 2
21107 1
21108 2
21109 2
21110 0
21111 1
21112 2
21113 3
21114 2
21115 0
21116 3
21117 0
21118 1
21119 2
21120 2
21121 0
21122 3
21123 2
21124 2
21125 1
21126 3
21127 2
21128 0
21129 2
21130 1
21131 0
21132 2
21133 0
21134 1
21135 3
21136 1
21137 2
21138 0
21139 1
21140 0
21141 1
21142 0
21143 1
21144 1
21145 1
21146 2
21147 2
21148 2
21149 0
21150 0
21151 0
21152 1
21153 2
21154 0
21155 0
21156 3
21157 1
21158 1
21159 2
21160 1
21161 2
21162 0
21163 3
21164 0
21165 0
21166 1
21167 1
21168 0
21169 1
21170 0
21171 2
21172 1
21173 2
21174 1
21175 2
21176 1
21177 1
21178 0
21179 1
21180 2
21181 0
21182 2
21183 3
21184 1
21185 1
21186 1
21187 1
21188 0
21189 1
21190 0
21191 2
21192 1
21193 1
21194 0
21195 2
21196 1
21197 2
21198 1
21199 1
21200 3
21201 0
21202 2
21203 2
21204 3
21205 1
21206 1
21207 2
21208 0
21209 1
21210 1
21211 0
21212 2
21213 3
21214 0
21215 2
21216 3
21217 0
21218 0
21219 1
21220 0
21221 1
21222 0
21223 1
21224 1
21225 3
21226 3
21227 0
21228 1
21229 1
21230 0
21231 0
21232 0
21233 3
21234 2
21235 1
21236 0
21237 1
21238 1
21239 1
21240 1
21241 1
21242 0
21243 2
21244 1
21245 1
21246 0
21247 2
21248 2
21249 3
21250 1
21251 0
21252 2
21253 2
21254 2
21255 1
21256 2
21257 0
21258 2
21259 0
21260 1
21261 0
21262 2
21263 0
21264 2
21265 2
21266 2
21267 1
21268 0
21269 1
21270 0
21271 2
21272 3
21273 0
21274 2
21275 0
21276 1
21277 2
21278 2
21279 0
21280 2
21281 2
21282 1
21283 0
21284 0
21285 1
21286 2
21287 1
21288 1
21289 0
21290 0
21291 2
21292 1
21293 0
21294 1
21295 1
21296 1
21297 0
21298 2
21299 1
21300 2
21301 1
21302 2
21303 0
21304 2
21305 2
21306 2
21307 2
21308 2
21309 1
21310 2
21311 0
21312 2
21313 3
21314 1
21315 2
21316 2
21317 0
21318 1
21319 2
21320 1
21321 1
21322 2
21323 0
21324 1
21325 1
21326 0
21327 0
21328 0
21329 1
21330 1
21331 0
21332 2
21333 0
21334 3
21335 2
21336 2
21337 2
21338 2
21339 1
21340 2
21341 2
21342 0
21343 1
21344 1
21345 3
21346 1
21347 1
21348 0
21349 0
21350 2
21351 0
21352 2
21353 2
21354 1
21355 2
21356 2
21357 1
21358 2
21359 1
21360 1
21361 1
21362 0
21363 1
21364 1
21365 0
21366 0
21367 2
21368 1
21369 2
21370 2
21371 1
21372 2
21373 2
21374 0
21375 1
21376 3
21377 1
21378 0
21379 1
21380 1
21381 0
21382 0
21383 2
21384 1
21385 1
21386 2
21387 3
21388 0
21389 3
21390 0
21391 2
21392 3
21393 2
21394 1
21395 2
21396 0
21397 0
21398 0
21399 1
21400 0
21401 1
21402 1
21403 1
21404 1
21405 2
21406 0
21407 1
21408 1
21409 1
21410 1
21411 3
21412 2
21413 2
21414 2
21415 0
21416 1
21417 2
21418 2
21419 1
21420 0
21421 1
21422 1
21423 1
21424 2
21425 2
21426 1
21427 0
21428 2
21429 3
21430 2
21431 2
21432 2
21433 1
21434 0
21435 0
21436 1
21437 1
21438 2
21439 0
21440 1
21441 0
21442 0
21443 0
21444 0
21445 2
21446 0
21447 2
21448 1
21449 1
21450 1
21451 0
21452 2
21453 0
21454 0
21455 1
21456 1
21457 2
21458 1
21459 0
21460 0
21461 2
21462 0
21463 1
21464 1
21465 1
21466 3
21467 2
21468 2
21469 2
21470 2
21471 0
21472 3
21473 2
21474 0
21475 1
21476 0
21477 0
21478 0
21479 0
21480 0
21481 0
21482 3
21483 2
21484 0
21485 1
21486 2
21487 2
21488 0
21489 1
21490 0
21491 0
21492 0
21493 1
21494 1
21495 2
21496 0
21497 3
21498 0
21499 2
21500 3
21501 0
21502 2
21503 3
21504 2
21505 1
21506 1
21507 1
21508 3
21509 0
21510 0
21511 1
21512 1
21513 0
21514 0
21515 1
21516 0
21517 0
21518 1
21519 0
21520 2
21521 2
21522 0
21523 1
21524 1
21525 1
21526 2
21527 0
21528 2
21529 1
21530 0
21531 2
21532 2
21533 3
21534 0
21535 0
21536 2
21537 0
21538 1
21539 3
21540 2
21541 1
21542 0
21543 0
21544 2
21545 1
21546 1
21547 1
21548 0
21549 1
21550 0
21551 0
21552 3
21553 2
21554 0
21555 1
21556 1
21557 1
21558 1
21559 0
21560 1
21561 3
21562 0
21563 1
21564 0
21565 0
21566 3
21567 1
21568 1
21569 0
21570 1
21571 0
21572 1
21573 2
21574 2
21575 1
21576 1
21577 1
21578 2
21579 3
21580 2
21581 0
21582 1
21583 1
21584 1
21585 0
21586 1
21587 0
21588 2
21589 0
21590 1
21591 0
21592 1
21593 0
21594 0
21595 1
21596 1
21597 0
21598 2
21599 0
21600 0
21601 1
21602 0
21603 0
21604 0
21605 0
21606 0
21607 0
21608 1
21609 0
21610 1
21611 1
21612 0
21613 1
21614 0
21615 1
21616 1
21617 1
21618 2
21619 1
21620 1
21621 0
21622 1
21623 3
21624 1
21625 3
21626 0
21627 0
21628 2
21629 1
21630 2
21631 1
21632 1
21633 2
21634 1
21635 1
21636 1
21637 0
21638 3
21639 1
21640 1
21641 0
21642 1
21643 1
21644 1
21645 0
21646 2
21647 2
21648 2
21649 1
21650 2
21651 2
21652 0
21653 1
21654 2
21655 0
21656 1
21657 0
21658 2
21659 1
21660 0
21661 0
21662 0
21663 1
21664 1
21665 0
21666 0
21667 2
21668 1
21669 1
21670 1
21671 0
21672 2
21673 0
21674 1
21675 2
21676 0
21677 2
21678 0
21679 1
21680 0
21681 1
21682 1
21683 1
21684 2
21685 1
21686 1
21687 1
21688 0
21689 2
21690 3
21691 3
21692 0
21693 1
21694 1
21695 2
21696 1
21697 0
21698 1
21699 2
21700 1
21701 0
21702 3
21703 1
21704 3
21705 0
21706 1
21707 0
21708 1
21709 0
21710 1
21711 0
21712 1
21713 2
21714 1
21715 0
21716 1
21717 0
21718 2
21719 1
21720 1
21721 0
21722 1
21723 1
21724 1
21725 2
21726 2
21727 2
21728 0
21729 1
21730 3
21731 0
21732 1
21733 0
21734 0
21735 0
21736 1
21737 0
21738 1
21739 0
21740 2
21741 0
21742 1
21743 0
21744 0
21745 2
21746 1
21747 1
21748 2
21749 0
21750 2
21751 2
21752 1
21753 1
21754 0
21755 3
21756 2
21757 1
21758 1
21759 1
21760 0
21761 0
21762 3
21763 1
21764 2
21765 2
21766 2
21767 2
21768 2
21769 0
21770 3
21771 2
21772 3
21773 0
21774 2
21775 2
21776 1
21777 0
21778 1
21779 3
21780 2
21781 0
21782 1
21783 1
21784 0
21785 0
21786 0
21787 0
21788 0
21789 0
21790 1
21791 1
21792 1
21793 0
21794 2
21795 1
21796 1
21797 1
21798 0
21799 3
21800 0
21801 0
21802 1
21803 3
21804 1
21805 1
21806 0
21807 0
21808 0
21809 2
21810 2
21811 2
21812 2
21813 3
21814 3
21815 1
21816 3
21817 3
21818 1
21819 0
21820 0
21821 2
21822 2
21823 0
21824 1
21825 1
21826 2
21827 1
21828 0
21829 1
21830 1
21831 2
21832 1
21833 1
21834 3
21835 2
21836 1
21837 2
21838 2
21839 0
21840 2
21841 2
21842 0
21843 1
21844 0
21845 1
21846 2
21847 0
21848 1
21849 0
21850 1
21851 0
21852 0
21853 2
21854 0
21855 0
21856 1
21857 3
21858 2
21859 2
21860 3
21861 2
21862 0
21863 1
21864 3
21865 2
21866 2
21867 0
21868 0
21869 0
21870 1
21871 0
21872 3
21873 3
21874 1
21875 1
21876 0
21877 1
21878 0
21879 0
21880 2
21881 1
21882 2
21883 0
21884 2
21885 2
21886 2
21887 1
21888 0
21889 0
21890 0
21891 1
21892 0
21893 3
21894 2
21895 2
21896 2
21897 0
21898 1
21899 1
21900 0
21901 3
21902 2
21903 0
21904 1
21905 1
21906 2
21907 2
21908 2
21909 0
21910 1
21911 2
21912 1
21913 2
21914 1
21915 1
21916 1
21917 0
21918 2
21919 3
21920 1
21921 0
21922 0
21923 3
21924 2
21925 0
21926 1
21927 3
21928 0
21929 2
21930 2
21931 1
21932 1
21933 2
21934 1
21935 2
21936 1
21937 0
21938 1
21939 3
21940 0
21941 3
21942 1
21943 3
21944 1
21945 1
21946 2
21947 0
21948 1
21949 0
21950 1
21951 0
21952 0
21953 1
21954 2
21955 1
21956 2
21957 1
21958 2
21959 1
21960 0
21961 2
21962 2
21963 2
21964 0
21965 2
21966 0
21967 1
21968 1
21969 0
21970 1
21971 0
21972 1
21973 2
21974 0
21975 1
21976 0
21977 0
21978 1
21979 2
21980 1
21981 1
21982 1
21983 2
21984 2
21985 2
21986 1
21987 1
21988 0
21989 1
21990 2
21991 1
21992 1
21993 0
21994 1
21995 1
21996 1
21997 2
21998 0
21999 2
22000 1
22001 2
22002 0
22003 1
22004 2
22005 1
22006 1
22007 1
22008 2
22009 3
22010 2
22011 1
22012 0
22013 2
22014 3
22015 1
22016 2
22017 1
22018 0
22019 1
22020 0
22021 1
22022 1
22023 3
22024 2
22025 0
22026 1
22027 0
22028 1
22029 3
22030 1
22031 0
22032 1
22033 1
22034 0
22035 0
22036 1
22037 2
22038 2
22039 2
22040 2
22041 3
22042 1
22043 2
22044 2
22045 2
22046 1
22047 0
22048 0
22049 0
22050 3
22051 0
22052 1
22053 0
22054 1
22055 0
22056 0
22057 2
22058 1
22059 1
22060 0
22061 1
22062 0
22063 0
22064 1
22065 2
22066 3
22067 1
22068 0
22069 1
22070 1
22071 3
22072 1
22073 2
22074 1
22075 2
22076 1
22077 1
22078 0
22079 0
22080 0
22081 1
22082 1
22083 1
22084 2
22085 1
22086 2
22087 0
22088 2
22089 2
22090 2
22091 3
22092 3
22093 3
22094 2
22095 1
22096 2
22097 0
22098 1
22099 0
22100 3
22101 3
22102 0
22103 0
22104 1
22105 1
22106 2
22107 0
22108 0
22109 0
22110 2
22111 3
22112 1
22113 1
22114 0
22115 0
22116 1
22117 1
22118 2
22119 0
22120 2
22121 2
22122 1
22123 1
22124 0
22125 1
22126 2
22127 0
22128 3
22129 0
22130 1
22131 0
22132 3
22133 2
22134 2
22135 1
22136 3
22137 0
22138 0
22139 3
22140 0
22141 0
22142 3
22143 2
22144 1
22145 1
22146 2
22147 0
22148 1
22149 2
22150 3
22151 0
22152 2
22153 2
22154 2
22155 0
22156 2
22157 1
22158 2
22159 0
22160 1
22161 0
22162 1
22163 2
22164 1
22165 0
22166 1
22167 2
22168 2
22169 1
22170 0
22171 2
22172 0
22173 0
22174 1
22175 0
22176 2
22177 1
22178 2
22179 3
22180 0
22181 2
22182 1
22183 1
22184 0
22185 1
22186 1
22187 1
22188 0
22189 0
22190 2
22191 0
22192 1
22193 1
22194 1
22195 0
22196 2
22197 0
22198 2
22199 2
22200 1
22201 0
22202 1
22203 0
22204 2
22205 2
22206 2
22207 2
22208 0
22209 0
22210 0
22211 2
22212 1
22213 1
22214 2
22215 0
22216 2
22217 0
22218 3
22219 0
22220 0
22221 0
22222 0
22223 0
22224 0
22225 1
22226 2
22227 2
22228 0
22229 1
22230 1
22231 0
22232 0
22233 1
22234 0
22235 0
22236 0
22237 1
22238 2
22239 1
22240 1
22241 2
22242 2
22243 2
22244 1
22245 0
22246 1
22247 2
22248 2
22249 2
22250 1
22251 1
22252 0
22253 1
22254 1
22255 1
22256 1
22257 2
22258 1
22259 0
22260 0
22261 0
22262 0
22263 3
22264 0
22265 1
22266 1
22267 2
22268 1
22269 1
22270 1
22271 2
22272 0
22273 1
22274 3
22275 1
22276 1
22277 1
22278 2
22279 0
22280 1
22281 2
22282 0
22283 2
22284 2
22285 1
22286 2
22287 1
22288 1
22289 0
22290 2
22291 0
22292 1
22293 0
22294 2
22295 0
22296 0
22297 2
22298 1
22299 0
22300 2
22301 3
22302 1
22303 1
22304 2
22305 2
22306 0
22307 1
22308 3
22309 2
22310 2
22311 1
22312 0
22313 1
22314 1
22315 2
22316 0
22317 2
22318 1
22319 1
22320 2
22321 0
22322 1
22323 1
22324 1
22325 1
22326 1
22327 1
22328 0
22329 1
22330 1
22331 3
22332 2
22333 1
22334 2
22335 2
22336 2
22337 1
22338 1
22339 1
22340 0
22341 1
22342 1
22343 3
22344 2
22345 1
22346 1
22347 2
22348 1
22349 1
22350 2
22351 0
22352 2
22353 0
22354 1
22355 1
22356 2
22357 2
22358 1
22359 2
22360 0
22361 1
22362 2
22363 1
22364 1
22365 0
22366 1
22367 0
22368 3
22369 2
22370 1
22371 2
22372 1
22373 2
22374 3
22375 2
22376 0
22377 2
22378 0
22379 2
22380 0
22381 0
22382 1
22383 2
22384 2
22385 0
22386 1
22387 0
22388 0
22389 1
22390 1
22391 2
22392 1
22393 3
22394 1
22395 1
22396 1
22397 2
22398 1
22399 0
22400 1
22401 1
22402 0
22403 1
22404 1
22405 1
22406 3
22407 2
22408 1
22409 0
22410 1
22411 3
22412 3
22413 2
22414 0
22415 0
22416 0
22417 1
22418 3
22419 0
22420 1
22421 2
22422 2
22423 1
22424 2
22425 0
22426 2
22427 2
22428 2
22429 2
22430 0
22431 0
22432 2
22433 1
22434 0
22435 1
22436 1
22437 1
22438 2
22439 2
22440 0
22441 1
22442 0
22443 1
22444 1
22445 2
22446 1
22447 2
22448 1
22449 0
22450 0
22451 2
22452 1
22453 0
22454 0
22455 2
22456 2
22457 0
22458 0
22459 2
22460 0
22461 1
22462 0
22463 0
22464 1
22465 0
22466 0
22467 2
22468 2
22469 1
22470 0
22471 2
22472 1
22473 0
22474 1
22475 1
22476 2
22477 1
22478 1
22479 2
22480 3
22481 1
22482 2
22483 0
22484 0
22485 0
22486 2
22487 0
22488 3
22489 1
22490 0
22491 1
22492 1
22493 3
22494 2
22495 2
22496 1
22497 3
22498 0
22499 2
22500 1
22501 2
22502 1
22503 0
22504 0
22505 0
22506 0
22507 1
22508 1
22509 1
22510 2
22511 0
22512 0
22513 1
22514 2
22515 0
22516 2
22517 3
22518 1
22519 1
22520 1
22521 2
22522 0
22523 1
22524 2
22525 1
22526 0
22527 0
22528 0
22529 1
22530 1
22531 3
22532 0
22533 0
22534 1
22535 2
22536 0
22537 2
22538 0
22539 0
22540 0
22541 1
22542 1
22543 0
22544 2
22545 1
22546 1
22547 0
22548 1
22549 0
22550 1
22551 0
22552 1
22553 2
22554 1
22555 2
22556 1
22557 0
22558 1
22559 1
22560 2
22561 0
22562 1
22563 1
22564 0
22565 1
22566 1
22567 1
22568 2
22569 1
22570 0
22571 3
22572 2
22573 0
22574 3
22575 1
22576 2
22577 0
22578 1
22579 1
22580 1
22581 1
22582 0
22583 0
22584 1
22585 2
22586 3
22587 2
22588 1
22589 1
22590 0
22591 1
22592 0
22593 1
22594 1
22595 1
22596 2
22597 2
22598 1
22599 2
22600 0
22601 1
22602 1
22603 0
22604 1
22605 2
22606 1
22607 1
22608 2
22609 2
22610 2
22611 3
22612 2
22613 1
22614 0
22615 0
22616 0
22617 2
22618 0
22619 0
22620 1
22621 2
22622 0
22623 0
22624 3
22625 1
22626 1
22627 2
22628 3
22629 1
22630 1
22631 1
22632 1
22633 0
22634 0
22635 0
22636 2
22637 0
22638 0
22639 3
22640 1
22641 0
22642 1
22643 2
22644 0
22645 0
22646 0
22647 0
22648 1
22649 0
22650 2
22651 1
22652 0
22653 0
22654 0
22655 1
22656 0
22657 2
22658 0
22659 1
22660 3
22661 0
22662 0
22663 0
22664 3
22665 1
22666 2
22667 2
22668 0
22669 0
22670 2
22671 0
22672 1
22673 0
22674 1
22675 2
22676 0
22677 1
22678 1
22679 2
22680 0
22681 1
22682 1
22683 2
22684 1
22685 2
22686 1
22687 0
22688 1
22689 1
22690 1
22691 1
22692 1
22693 0
22694 2
22695 2
22696 0
22697 0
22698 0
22699 0
22700 0
22701 2
22702 0
22703 0
22704 2
22705 2
22706 1
22707 1
22708 0
22709 0
22710 1
22711 1
22712 1
22713 1
22714 3
22715 1
22716 3
22717 3
22718 2
22719 2
22720 0
22721 2
22722 2
22723 2
22724 2
22725 1
22726 1
22727 1
22728 0
22729 0
22730 1
22731 3
22732 2
22733 0
22734 2
22735 2
22736 1
22737 0
22738 2
22739 0
22740 0
22741 0
22742 1
22743 1
22744 2
22745 1
22746 0
22747 2
22748 3
22749 2
22750 1
22751 0
22752 0
22753 2
22754 0
22755 0
22756 1
22757 2
22758 2
22759 2
22760 2
22761 1
22762 2
22763 1
22764 1
22765 2
22766 2
22767 1
22768 1
22769 3
22770 0
22771 1
22772 1
22773 2
22774 0
22775 2
22776 1
22777 1
22778 1
22779 2
22780 1
22781 3
22782 0
22783 0
22784 0
22785 0
22786 0
22787 1
22788 0
22789 1
22790 2
22791 0
22792 2
22793 1
22794 2
22795 3
22796 2
22797 3
22798 0
22799 0
22800 2
22801 1
22802 2
22803 0
22804 0
22805 0
22806 0
22807 2
22808 1
22809 0
22810 2
22811 3
22812 2
22813 0
22814 2
22815 2
22816 0
22817 2
22818 0
22819 0
22820 0
22821 0
22822 1
22823 2
22824 0
22825 0
22826 1
22827 1
22828 2
22829 0
22830 1
22831 0
22832 1
22833 1
22834 2
22835 1
22836 1
22837 2
22838 1
22839 2
22840 1
22841 1
22842 2
22843 1
22844 2
22845 0
22846 1
22847 2
22848 1
22849 0
22850 1
22851 0
22852 0
22853 0
22854 0
22855 1
22856 0
22857 0
22858 3
22859 0
22860 0
22861 0
22862 3
22863 0
22864 1
22865 2
22866 1
22867 1
22868 2
22869 0
22870 1
22871 2
22872 0
22873 2
22874 0
22875 1
22876 0
22877 2
22878 0
22879 0
22880 0
22881 0
22882 0
22883 0
22884 0
22885 2
22886 1
22887 0
22888 2
22889 0
22890 1
22891 1
22892 0
22893 0
22894 1
22895 0
22896 0
22897 2
22898 1
22899 3
22900 0
22901 0
22902 2
22903 1
22904 2
22905 0
22906 2
22907 1
22908 1
22909 2
22910 2
22911 0
22912 0
22913 0
22914 2
22915 0
22916 2
22917 0
22918 1
22919 0
22920 2
22921 0
22922 2
22923 0
22924 0
22925 1
22926 2
22927 0
22928 1
22929 2
22930 0
22931 1
22932 1
22933 2
22934 1
22935 3
22936 2
22937 1
22938 0
22939 0
22940 2
22941 2
22942 0
22943 1
22944 2
22945 0
22946 1
22947 2
22948 2
22949 0
22950 2
22951 2
22952 2
22953 2
22954 1
22955 0
22956 1
22957 0
22958 0
22959 2
22960 2
22961 0
22962 2
22963 3
22964 2
22965 0
22966 1
22967 2
22968 1
22969 2
22970 2
22971 0
22972 3
22973 0
22974 1
22975 1
22976 2
22977 2
22978 2
22979 2
22980 1
22981 1
22982 2
22983 1
22984 2
22985 0
22986 1
22987 0
22988 2
22989 2
22990 1
22991 0
22992 0
22993 1
22994 2
22995 1
22996 3
22997 1
22998 0
22999 2
23000 3
23001 2
23002 2
23003 2
23004 2
23005 0
23006 0
23007 0
23008 2
23009 1
23010 0
23011 1
23012 1
23013 2
23014 1
23015 0
23016 0
23017 0
23018 0
23019 2
23020 0
23021 0
23022 1
23023 1
23024 0
23025 1
23026 1
23027 2
23028 1
23029 2
23030 0
23031 2
23032 1
23033 1
23034 0
23035 0
23036 0
23037 0
23038 0
23039 0
23040 2
23041 2
23042 0
23043 0
23044 2
23045 1
23046 1
23047 0
23048 0
23049 0
23050 2
23051 0
23052 1
23053 1
23054 0
23055 1
23056 1
23057 2
23058 1
23059 0
23060 0
23061 1
23062 1
23063 1
23064 1
23065 3
23066 1
23067 1
23068 1
23069 2
23070 0
23071 2
23072 0
23073 0
23074 3
23075 0
23076 2
23077 1
23078 0
23079 1
23080 2
23081 2
23082 0
23083 3
23084 2
23085 1
23086 1
23087 1
23088 1
23089 3
23090 0
23091 2
23092 2
23093 0
23094 2
23095 1
23096 1
23097 3
23098 1
23099 2
23100 2
23101 0
23102 2
23103 0
23104 2
23105 0
23106 1
23107 0
23108 1
23109 2
23110 0
23111 1
23112 0
23113 0
23114 0
23115 0
23116 0
23117 0
23118 2
23119 0
23120 2
23121 0
23122 2
23123 2
23124 2
23125 1
23126 1
23127 1
23128 0
23129 0
23130 2
23131 0
23132 3
23133 1
23134 0
23135 2
23136 1
23137 1
23138 2
23139 2
23140 1
23141 0
23142 1
23143 1
23144 3
23145 2
23146 1
23147 1
23148 0
23149 1
23150 0
23151 1
23152 0
23153 0
23154 1
23155 0
23156 1
23157 0
23158 1
23159 1
23160 1
23161 1
23162 1
23163 1
23164 1
23165 2
23166 0
23167 0
23168 0
23169 2
23170 0
23171 2
23172 0
23173 0
23174 1
23175 1
23176 1
23177 1
23178 0
23179 2
23180 1
23181 0
23182 1
23183 0
23184 2
23185 1
23186 1
23187 2
23188 1
23189 3
23190 0
23191 1
23192 0
23193 1
23194 2
23195 0
23196 2
23197 2
23198 0
23199 1
23200 1
23201 2
23202 0
23203 0
23204 3
23205 0
23206 2
23207 1
23208 1
23209 0
23210 3
23211 1
23212 2
23213 1
23214 2
23215 2
23216 1
23217 2
23218 0
23219 2
23220 0
23221 1
23222 0
23223 3
23224 2
23225 0
23226 1
23227 2
23228 0
23229 2
23230 2
23231 1
23232 1
23233 0
23234 1
23235 1
23236 0
23237 2
23238 1
23239 0
23240 1
23241 0
23242 2
23243 2
23244 2
23245 1
23246 0
23247 0
23248 0
23249 0
23250 1
23251 1
23252 0
23253 2
23254 3
23255 2
23256 1
23257 2
23258 0
23259 1
23260 0
23261 0
23262 0
23263 1
23264 0
23265 2
23266 1
23267 0
23268 0
23269 2
23270 1
23271 0
23272 1
23273 1
23274 2
23275 0
23276 2
23277 0
23278 0
23279 1
23280 3
23281 0
23282 0
23283 0
23284 3
23285 1
23286 1
23287 0
23288 2
23289 2
23290 1
23291 1
23292 0
23293 2
23294 0
23295 2
23296 2
23297 0
23298 1
23299 2
23300 1
23301 2
23302 0
23303 0
23304 0
23305 2
23306 0
23307 0
23308 2
23309 1
23310 1
23311 1
23312 3
23313 1
23314 0
23315 1
23316 1
23317 0
23318 0
23319 2
23320 2
23321 0
23322 0
23323 1
23324 2
23325 2
23326 0
23327 2
23328 1
23329 2
23330 1
23331 0
23332 0
23333 2
23334 0
23335 1
23336 0
23337 2
23338 2
23339 0
23340 0
23341 2
23342 0
23343 1
23344 2
23345 2
23346 0
23347 0
23348 1
23349 2
23350 1
23351 0
23352 2
23353 1
23354 1
23355 2
23356 2
23357 3
23358 1
23359 1
23360 2
23361 2
23362 0
23363 1
23364 0
23365 0
23366 0
23367 0
23368 1
23369 1
23370 0
23371 2
23372 0
23373 0
23374 1
23375 2
23376 1
23377 1
23378 2
23379 1
23380 1
23381 1
23382 2
23383 1
23384 1
23385 2
23386 2
23387 1
23388 1
23389 0
23390 2
23391 0
23392 0
23393 0
23394 0
23395 0
23396 0
23397 1
23398 2
23399 1
23400 2
23401 0
23402 2
23403 0
23404 1
23405 2
23406 1
23407 1
23408 1
23409 1
23410 1
23411 0
23412 0
23413 0
23414 2
23415 1
23416 0
23417 1
23418 0
23419 1
23420 1
23421 1
23422 1
23423 1
23424 1
23425 2
23426 0
23427 2
23428 0
23429 2
23430 1
23431 0
23432 1
23433 1
23434 0
23435 0
23436 0
23437 2
23438 0
23439 2
23440 1
23441 0
23442 2
23443 0
23444 1
23445 2
23446 0
23447 1
23448 1
23449 0
23450 1
23451 2
23452 1
23453 2
23454 0
23455 1
23456 1
23457 2
23458 1
23459 1
23460 2
23461 2
23462 0
23463 2
23464 0
23465 0
23466 2
23467 0
23468 1
23469 1
23470 0
23471 0
23472 2
23473 2
23474 1
23475 0
23476 1
23477 0
23478 0
23479 0
23480 0
23481 0
23482 0
23483 2
23484 0
23485 3
23486 1
23487 2
23488 0
23489 1
23490 1
23491 2
23492 1
23493 2
23494 1
23495 2
23496 2
23497 0
23498 1
23499 1
23500 2
23501 1
23502 3
23503 0
23504 1
23505 0
23506 2
23507 1
23508 0
23509 1
23510 0
23511 1
23512 1
23513 1
23514 1
23515 1
23516 1
23517 1
23518 1
23519 0
23520 0
23521 0
23522 1
23523 2
23524 2
23525 1
23526 3
23527 2
23528 1
23529 1
23530 2
23531 2
23532 1
23533 1
23534 0
23535 0
23536 0
23537 1
23538 2
23539 1
23540 0
23541 1
23542 0
23543 2
23544 2
23545 2
23546 0
23547 0
23548 2
23549 0
23550 2
23551 1
23552 1
23553 2
23554 2
23555 1
23556 0
23557 2
23558 0
23559 2
23560 2
23561 0
23562 3
23563 2
23564 1
23565 2
23566 0
23567 2
23568 2
23569 1
23570 0
23571 1
23572 1
23573 0
23574 1
23575 2
23576 0
23577 1
23578 0
23579 0
23580 2
23581 0
23582 0
23583 2
23584 1
23585 2
23586 1
23587 2
23588 0
23589 0
23590 3
23591 0
23592 1
23593 1
23594 1
23595 2
23596 0
23597 0
23598 0
23599 2
23600 0
23601 0
23602 2
23603 1
23604 0
23605 2
23606 1
23607 0
23608 0
23609 0
23610 2
23611 0
23612 0
23613 0
23614 0
23615 1
23616 2
23617 0
23618 2
23619 0
23620 1
23621 2
23622 2
23623 1
23624 0
23625 0
23626 0
23627 1
23628 1
23629 0
23630 1
23631 2
23632 0
23633 2
23634 0
23635 0
23636 1
23637 2
23638 3
23639 3
23640 1
23641 0
23642 1
23643 1
23644 2
23645 1
23646 1
23647 0
23648 1
23649 1
23650 1
23651 2
23652 0
23653 0
23654 1
23655 2
23656 0
23657 2
23658 1
23659 0
23660 3
23661 1
23662 0
23663 1
23664 2
23665 0
23666 1
23667 0
23668 0
23669 1
23670 0
23671 0
23672 0
23673 0
23674 0
23675 1
23676 0
23677 1
23678 2
23679 2
23680 0
23681 1
23682 0
23683 3
23684 2
23685 0
23686 2
23687 2
23688 1
23689 0
23690 0
23691 2
23692 1
23693 2
23694 1
23695 0
23696 1
23697 0
23698 0
23699 2
23700 2
23701 0
23702 1
23703 0
23704 0
23705 2
23706 3
23707 1
23708 2
23709 0
23710 2
23711 0
23712 1
23713 1
23714 1
23715 1
23716 2
23717 2
23718 1
23719 0
23720 0
23721 1
23722 2
23723 2
23724 2
23725 0
23726 1
23727 2
23728 1
23729 2
23730 1
23731 0
23732 1
23733 0
23734 1
23735 1
23736 1
23737 2
23738 1
23739 2
23740 0
23741 0
23742 2
23743 1
23744 0
23745 2
23746 2
23747 0
23748 1
23749 1
23750 2
23751 1
23752 0
23753 1
23754 1
23755 1
23756 2
23757 2
23758 1
23759 0
23760 2
23761 1
23762 1
23763 1
23764 0
23765 1
23766 1
23767 1
23768 1
23769 2
23770 2
23771 1
23772 1
23773 1
23774 2
23775 0
23776 2
23777 0
23778 1
23779 2
23780 0
23781 2
23782 0
23783 0
23784 0
23785 2
23786 2
23787 1
23788 2
23789 2
23790 3
23791 0
23792 1
23793 2
23794 1
23795 2
23796 1
23797 2
23798 0
23799 2
23800 0
23801 1
23802 2
23803 0
23804 1
23805 1
23806 0
23807 2
23808 2
23809 0
23810 1
23811 1
23812 1
23813 1
23814 1
23815 1
23816 2
23817 1
23818 0
23819 0
23820 2
23821 1
23822 2
23823 3
23824 2
23825 2
23826 1
23827 2
23828 1
23829 1
23830 0
23831 2
23832 0
23833 0
23834 0
23835 0
23836 0
23837 1
23838 2
23839 2
23840 0
23841 1
23842 2
23843 0
23844 0
23845 2
23846 0
23847 2
23848 1
23849 0
23850 0
23851 1
23852 1
23853 1
23854 1
23855 1
23856 2
23857 1
23858 2
23859 0
23860 1
23861 1
23862 3
23863 1
23864 1
23865 0
23866 2
23867 1
23868 1
23869 2
23870 1
23871 2
23872 0
23873 0
23874 1
23875 1
23876 2
23877 3
23878 1
23879 2
23880 2
23881 2
23882 0
23883 0
23884 1
23885 2
23886 2
23887 1
23888 0
23889 3
23890 2
23891 0
23892 1
23893 1
23894 2
23895 2
23896 0
23897 1
23898 2
23899 2
23900 2
23901 1
23902 2
23903 1
23904 1
23905 1
23906 2
23907 2
23908 1
23909 1
23910 2
23911 1
23912 1
23913 1
23914 1
23915 2
23916 2
23917 2
23918 1
23919 1
23920 1
23921 2
23922 2
23923 0
23924 1
23925 1
23926 2
23927 1
23928 2
23929 0
23930 0
23931 2
23932 0
23933 0
23934 0
23935 2
23936 0
23937 0
23938 0
23939 0
23940 0
23941 2
23942 1
23943 2
23944 1
23945 0
23946 1
23947 1
23948 2
23949 0
23950 1
23951 0
23952 1
23953 2
23954 1
23955 1
23956 0
23957 2
23958 0
23959 1
23960 2
23961 2
23962 1
23963 1
23964 2
23965 0
23966 1
23967 0
23968 1
23969 1
23970 0
23971 2
23972 1
23973 2
23974 2
23975 1
23976 1
23977 2
23978 2
23979 1
23980 1
23981 1
23982 0
23983 2
23984 0
23985 0
23986 2
23987 1
23988 1
23989 2
23990 1
23991 2
23992 2
23993 0
23994 0
23995 2
23996 0
23997 0
23998 1
23999 1
24000 0
24001 2
24002 0
24003 1
24004 1
24005 2
24006 1
24007 0
24008 0
24009 1
24010 2
24011 1
24012 3
24013 2
24014 0
24015 0
24016 0
24017 2
24018 2
24019 0
24020 1
24021 1
24022 1
24023 2
24024 2
24025 0
24026 0
24027 2
24028 0
24029 3
24030 1
24031 3
24032 1
24033 0
24034 1
24035 1
24036 1
24037 1
24038 2
24039 2
24040 3
24041 2
24042 0
24043 2
24044 0
24045 0
24046 1
24047 0
24048 0
24049 0
24050 1
24051 1
24052 0
24053 1
24054 0
24055 0
24056 2
24057 0
24058 2
24059 0
24060 0
24061 0
24062 1
24063 1
24064 2
24065 0
24066 1
24067 3
24068 0
24069 1
24070 0
24071 3
24072 2
24073 2
24074 3
24075 1
24076 2
24077 0
24078 2
24079 1
24080 2
24081 1
24082 1
24083 0
24084 0
24085 1
24086 2
24087 2
24088 2
24089 1
24090 3
24091 3
24092 0
24093 2
24094 2
24095 2
24096 0
24097 0
24098 1
24099 2
24100 0
24101 0
24102 0
24103 2
24104 1
24105 0
24106 0
24107 2
24108 1
24109 1
24110 1
24111 1
24112 0
24113 2
24114 0
24115 2
24116 1
24117 1
24118 1
24119 0
24120 2
24121 0
24122 2
24123 0
24124 3
24125 0
24126 0
24127 2
24128 2
24129 3
24130 1
24131 1
24132 1
24133 2
24134 3
24135 1
24136 0
24137 1
24138 0
24139 1
24140 1
24141 0
24142 0
24143 1
24144 2
24145 0
24146 2
24147 1
24148 2
24149 2
24150 2
24151 1
24152 2
24153 0
24154 2
24155 2
24156 1
24157 3
24158 2
24159 1
24160 0
24161 0
24162 1
24163 1
24164 1
24165 1
24166 3
24167 1
24168 0
24169 0
24170 2
24171 2
24172 1
24173 1
24174 0
24175 1
24176 1
24177 2
24178 1
24179 0
24180 2
24181 2
24182 1
24183 1
24184 0
24185 1
24186 1
24187 1
24188 0
24189 2
24190 2
24191 1
24192 1
24193 2
24194 0
24195 0
24196 0
24197 2
24198 0
24199 1
24200 1
24201 2
24202 1
24203 1
24204 1
24205 1
24206 2
24207 0
24208 0
24209 2
24210 0
24211 3
24212 2
24213 2
24214 1
24215 0
24216 0
24217 0
24218 1
24219 3
24220 1
24221 1
24222 2
24223 1
24224 2
24225 1
24226 2
24227 1
24228 1
24229 1
24230 0
24231 1
24232 0
24233 0
24234 1
24235 2
24236 1
24237 1
24238 2
24239 0
24240 2
24241 1
24242 0
24243 0
24244 0
24245 0
24246 0
24247 3
24248 0
24249 1
24250 0
24251 2
24252 1
24253 1
24254 1
24255 1
24256 0
24257 2
24258 0
24259 2
24260 1
24261 1
24262 1
24263 1
24264 2
24265 0
24266 2
24267 1
24268 3
24269 2
24270 0
24271 1
24272 0
24273 1
24274 0
24275 1
24276 1
24277 1
24278 1
24279 1
24280 1
24281 0
24282 1
24283 1
24284 2
24285 2
24286 0
24287 0
24288 2
24289 0
24290 2
24291 1
24292 0
24293 3
24294 0
24295 1
24296 3
24297 0
24298 0
24299 0
24300 1
24301 0
24302 1
24303 1
24304 0
24305 1
24306 1
24307 0
24308 0
24309 0
24310 1
24311 1
24312 2
24313 1
24314 1
24315 0
24316 2
24317 1
24318 0
24319 2
24320 0
24321 0
24322 1
24323 2
24324 2
24325 1
24326 0
24327 1
24328 1
24329 1
24330 2
24331 1
24332 2
24333 2
24334 0
24335 2
24336 2
24337 2
24338 2
24339 1
24340 2
24341 2
24342 0
24343 3
24344 1
24345 1
24346 1
24347 2
24348 2
24349 0
24350 0
24351 1
24352 2
24353 2
24354 2
24355 1
24356 0
24357 2
24358 2
24359 1
24360 2
24361 1
24362 1
24363 0
24364 0
24365 0
24366 1
24367 1
24368 1
24369 2
24370 0
24371 3
24372 2
24373 2
24374 1
24375 0
24376 2
24377 1
24378 0
24379 1
24380 3
24381 0
24382 2
24383 2
24384 2
24385 1
24386 3
24387 0
24388 0
24389 2
24390 1
24391 2
24392 0
24393 1
24394 1
24395 0
24396 0
24397 0
24398 2
24399 0
24400 0
24401 2
24402 2
24403 2
24404 1
24405 2
24406 1
24407 0
24408 0
24409 1
24410 0
24411 1
24412 1
24413 3
24414 2
24415 0
24416 0
24417 1
24418 1
24419 0
24420 2
24421 1
24422 2
24423 2
24424 2
24425 2
24426 2
24427 1
24428 1
24429 2
24430 3
24431 3
24432 0
24433 0
24434 0
24435 1
24436 1
24437 1
24438 0
24439 1
24440 0
24441 1
24442 2
24443 0
24444 1
24445 2
24446 2
24447 1
24448 2
24449 1
24450 1
24451 1
24452 2
24453 2
24454 0
24455 0
24456 1
24457 1
24458 1
24459 0
24460 1
24461 1
24462 1
24463 0
24464 2
24465 2
24466 2
24467 2
24468 2
24469 1
24470 0
24471 1
24472 1
24473 1
24474 0
24475 1
24476 0
24477 2
24478 2
24479 1
24480 2
24481 0
24482 1
24483 1
24484 1
24485 1
24486 1
24487 0
24488 2
24489 2
24490 0
24491 0
24492 1
24493 1
24494 1
24495 2
24496 1
24497 0
24498 0
24499 2
24500 1
24501 2
24502 2
24503 1
24504 2
24505 1
24506 3
24507 2
24508 1
24509 1
24510 1
24511 2
24512 2
24513 2
24514 3
24515 1
24516 1
24517 2
24518 0
24519 2
24520 2
24521 1
24522 0
24523 2
24524 0
24525 3
24526 2
24527 0
24528 0
24529 2
24530 2
24531 1
24532 1
24533 1
24534 2
24535 3
24536 0
24537 1
24538 0
24539 1
24540 0
24541 1
24542 3
24543 2
24544 1
24545 0
24546 2
24547 3
24548 2
24549 1
24550 0
24551 0
24552 3
24553 2
24554 3
24555 1
24556 1
24557 1
24558 1
24559 0
24560 1
24561 2
24562 0
24563 1
24564 1
24565 0
24566 0
24567 2
24568 0
24569 2
24570 2
24571 0
24572 1
24573 1
24574 1
24575 1
24576 1
24577 0
24578 2
24579 2
24580 2
24581 1
24582 2
24583 2
24584 0
24585 0
24586 2
24587 1
24588 1
24589 0
24590 1
24591 0
24592 3
24593 2
24594 2
24595 0
24596 0
24597 0
24598 1
24599 2
24600 2
24601 0
24602 0
24603 2
24604 0
24605 0
24606 1
24607 1
24608 0
24609 2
24610 1
24611 0
24612 3
24613 1
24614 1
24615 1
24616 3
24617 2
24618 0
24619 1
24620 0
24621 2
24622 0
24623 1
24624 0
24625 0
24626 1
24627 0
24628 0
24629 0
24630 0
24631 0
24632 2
24633 2
24634 0
24635 0
24636 2
24637 0
24638 0
24639 0
24640 2
24641 0
24642 3
24643 1
24644 2
24645 0
24646 0
24647 2
24648 2
24649 1
24650 1
24651 2
24652 2
24653 1
24654 1
24655 2
24656 2
24657 1
24658 2
24659 2
24660 0
24661 0
24662 2
24663 1
24664 1
24665 1
24666 3
24667 0
24668 1
24669 0
24670 1
24671 0
24672 1
24673 1
24674 2
24675 2
24676 2
24677 2
24678 1
24679 0
24680 1
24681 1
24682 0
24683 1
24684 0
24685 0
24686 0
24687 1
24688 1
24689 2
24690 2
24691 1
24692 2
24693 1
24694 0
24695 2
24696 2
24697 0
24698 0
24699 0
24700 2
24701 0
24702 2
24703 0
24704 2
24705 1
24706 2
24707 2
24708 1
24709 1
24710 1
24711 2
24712 0
24713 3
24714 0
24715 2
24716 0
24717 1
24718 0
24719 2
24720 1
24721 1
24722 0
24723 1
24724 1
24725 2
24726 3
24727 2
24728 1
24729 1
24730 0
24731 2
24732 1
24733 0
24734 0
24735 1
24736 0
24737 0
24738 1
24739 0
24740 0
24741 0
24742 2
24743 1
24744 2
24745 2
24746 2
24747 2
24748 0
24749 2
24750 0
24751 2
24752 2
24753 0
24754 0
24755 0
24756 2
24757 2
24758 0
24759 0
24760 0
24761 1
24762 0
24763 0
24764 0
24765 0
24766 0
24767 0
24768 1
24769 0
24770 1
24771 1
24772 0
24773 1
24774 2
24775 0
24776 0
24777 1
24778 2
24779 1
24780 2
24781 3
24782 0
24783 2
24784 2
24785 0
24786 3
24787 0
24788 3
24789 0
24790 2
24791 2
24792 1
24793 1
24794 0
24795 1
24796 0
24797 2
24798 0
24799 2
24800 3
24801 2
24802 1
24803 2
24804 1
24805 1
24806 1
24807 2
24808 0
24809 2
24810 2
24811 2
24812 1
24813 0
24814 3
24815 3
24816 0
24817 2
24818 1
24819 1
24820 3
24821 2
24822 2
24823 0
24824 0
24825 2
24826 1
24827 1
24828 0
24829 1
24830 1
24831 2
24832 1
24833 1
24834 1
24835 1
24836 1
24837 1
24838 1
24839 2
24840 2
24841 0
24842 1
24843 1
24844 0
24845 2
24846 0
24847 1
24848 1
24849 0
24850 2
24851 2
24852 0
24853 0
24854 0
24855 2
24856 0
24857 0
24858 1
24859 0
24860 0
24861 0
24862 2
24863 1
24864 1
24865 0
24866 3
24867 0
24868 1
24869 0
24870 1
24871 1
24872 1
24873 2
24874 2
24875 1
24876 2
24877 1
24878 2
24879 3
24880 0
24881 0
24882 0
24883 0
24884 0
24885 1
24886 1
24887 1
24888 0
24889 3
24890 2
24891 1
24892 0
24893 0
24894 0
24895 1
24896 0
24897 0
24898 1
24899 2
24900 0
24901 1
24902 2
24903 1
24904 1
24905 2
24906 1
24907 1
24908 0
24909 2
24910 0
24911 2
24912 1
24913 1
24914 0
24915 1
24916 0
24917 1
24918 1
24919 0
24920 2
24921 1
24922 1
24923 2
24924 1
24925 1
24926 1
24927 0
24928 0
24929 0
24930 0
24931 1
24932 1
24933 1
24934 2
24935 1
24936 1
24937 2
24938 2
24939 1
24940 2
24941 1
24942 1
24943 2
24944 1
24945 0
24946 0
24947 0
24948 0
24949 1
24950 3
24951 1
24952 1
24953 0
24954 1
24955 0
24956 1
24957 0
24958 2
24959 1
24960 1
24961 0
24962 1
24963 1
24964 1
24965 1
24966 3
24967 1
24968 0
24969 2
24970 1
24971 2
24972 0
24973 0
24974 0
24975 2
24976 1
24977 2
24978 2
24979 2
24980 3
24981 1
24982 2
24983 2
24984 1
24985 0
24986 2
24987 2
24988 3
24989 0
24990 2
24991 0
24992 0
24993 1
24994 0
24995 0
24996 0
24997 1
24998 1
24999 1
25000 0
25001 2
25002 1
25003 2
25004 0
25005 1
25006 2
25007 0
25008 1
25009 2
25010 0
25011 3
25012 2
25013 2
25014 0
25015 0
25016 1
25017 2
25018 1
25019 3
25020 1
25021 0
25022 2
25023 1
25024 1
25025 0
25026 0
25027 2
25028 2
25029 2
25030 2
25031 1
25032 1
25033 2
25034 1
25035 1
25036 1
25037 2
25038 1
25039 2
25040 0
25041 2
25042 3
25043 1
25044 0
25045 1
25046 0
25047 3
25048 1
25049 0
25050 0
25051 2
25052 0
25053 2
25054 2
25055 0
25056 2
25057 2
25058 1
25059 1
25060 1
25061 3
25062 2
25063 1
25064 2
25065 1
25066 1
25067 1
25068 1
25069 0
25070 2
25071 1
25072 0
25073 1
25074 1
25075 0
25076 1
25077 1
25078 2
25079 1
25080 0
25081 1
25082 1
25083 1
25084 1
25085 2
25086 2
25087 1
25088 1
25089 1
25090 1
25091 2
25092 0
25093 2
25094 0
25095 1
25096 3
25097 1
25098 1
25099 3
25100 0
25101 3
25102 2
25103 3
25104 0
25105 1
25106 3
25107 1
25108 1
25109 0
25110 0
25111 2
25112 1
25113 0
25114 2
25115 2
25116 0
25117 1
25118 1
25119 2
25120 1
25121 1
25122 2
25123 0
25124 1
25125 2
25126 1
25127 0
25128 2
25129 0
25130 0
25131 2
25132 1
25133 2
25134 0
25135 0
25136 0
25137 0
25138 0
25139 2
25140 1
25141 1
25142 2
25143 1
25144 0
25145 2
25146 1
25147 0
25148 1
25149 0
25150 1
25151 2
25152 0
25153 1
25154 2
25155 0
25156 2
25157 1
25158 0
25159 0
25160 1
25161 0
25162 1
25163 1
25164 0
25165 2
25166 2
25167 0
25168 1
25169 1
25170 0
25171 0
25172 3
25173 1
25174 2
25175 0
25176 1
25177 2
25178 1
25179 1
25180 0
25181 1
25182 0
25183 1
25184 2
25185 0
25186 2
25187 0
25188 1
25189 2
25190 1
25191 0
25192 2
25193 0
25194 1
25195 0
25196 1
25197 2
25198 0
25199 2
25200 0
25201 1
25202 1
25203 2
25204 2
25205 0
25206 1
25207 2
25208 1
25209 3
25210 1
25211 1
25212 0
25213 1
25214 0
25215 1
25216 0
25217 0
25218 0
25219 0
25220 0
25221 0
25222 1
25223 2
25224 1
25225 1
25226 0
25227 1
25228 0
25229 3
25230 0
25231 2
25232 1
25233 2
25234 2
25235 2
25236 3
25237 1
25238 0
25239 1
25240 1
25241 1
25242 0
25243 0
25244 1
25245 1
25246 0
25247 1
25248 2
25249 2
25250 0
25251 2
25252 1
25253 1
25254 0
25255 0
25256 0
25257 0
25258 2
25259 2
25260 0
25261 0
25262 1
25263 0
25264 0
25265 2
25266 1
25267 2
25268 3
25269 2
25270 1
25271 2
25272 3
25273 2
25274 1
25275 1
25276 0
25277 0
25278 1
25279 0
25280 0
25281 0
25282 1
25283 3
25284 2
25285 3
25286 0
25287 2
25288 2
25289 2
25290 1
25291 2
25292 2
25293 1
25294 2
25295 0
25296 0
25297 1
25298 0
25299 2
25300 1
25301 0
25302 2
25303 0
25304 1
25305 1
25306 0
25307 1
25308 2
25309 1
25310 1
25311 1
25312 1
25313 0
25314 3
25315 1
25316 0
25317 1
25318 0
25319 0
25320 3
25321 2
25322 2
25323 0
25324 3
25325 0
25326 0
25327 2
25328 0
25329 1
25330 1
25331 1
25332 1
25333 2
25334 2
25335 2
25336 0
25337 0
25338 1
25339 2
25340 1
25341 2
25342 0
25343 1
25344 1
25345 0
25346 2
25347 3
25348 1
25349 0
25350 0
25351 2
25352 0
25353 0
25354 3
25355 0
25356 1
25357 0
25358 0
25359 0
25360 2
25361 2
25362 2
25363 1
25364 1
25365 0
25366 2
25367 1
25368 0
25369 2
25370 0
25371 1
25372 1
25373 1
25374 1
25375 3
25376 1
25377 0
25378 3
25379 0
25380 2
25381 2
25382 2
25383 0
25384 0
25385 2
25386 2
25387 1
25388 0
25389 2
25390 0
25391 0
25392 2
25393 2
25394 1
25395 1
25396 0
25397 1
25398 1
25399 0
25400 2
25401 0
25402 2
25403 2
25404 2
25405 1
25406 0
25407 2
25408 0
25409 2
25410 1
25411 1
25412 1
25413 1
25414 1
25415 0
25416 2
25417 3
25418 1
25419 1
25420 1
25421 3
25422 0
25423 1
25424 3
25425 1
25426 1
25427 1
25428 2
25429 2
25430 1
25431 2
25432 0
25433 0
25434 1
25435 2
25436 2
25437 2
25438 1
25439 1
25440 0
25441 1
25442 0
25443 2
25444 1
25445 3
25446 2
25447 2
25448 1
25449 1
25450 1
25451 1
25452 0
25453 0
25454 1
25455 0
25456 0
25457 0
25458 0
25459 1
25460 2
25461 1
25462 1
25463 2
25464 1
25465 3
25466 2
25467 0
25468 0
25469 1
25470 1
25471 1
25472 0
25473 1
25474 0
25475 2
25476 3
25477 0
25478 3
25479 2
25480 2
25481 0
25482 0
25483 0
25484 2
25485 2
25486 1
25487 2
25488 1
25489 2
25490 2
25491 0
25492 0
25493 1
25494 0
25495 1
25496 0
25497 2
25498 2
25499 0
25500 0
25501 0
25502 2
25503 1
25504 1
25505 1
25506 2
25507 1
25508 1
25509 0
25510 2
25511 0
25512 1
25513 0
25514 1
25515 0
25516 0
25517 1
25518 1
25519 2
25520 1
25521 1
25522 0
25523 0
25524 2
25525 1
25526 0
25527 3
25528 2
25529 2
25530 2
25531 1
25532 0
25533 0
25534 2
25535 0
25536 2
25537 0
25538 2
25539 2
25540 0
25541 0
25542 0
25543 0
25544 0
25545 0
25546 1
25547 0
25548 0
25549 2
25550 2
25551 0
25552 1
25553 2
25554 1
25555 0
25556 1
25557 1
25558 1
25559 1
25560 0
25561 1
25562 1
25563 2
25564 2
25565 1
25566 1
25567 1
25568 1
25569 2
25570 2
25571 1
25572 0
25573 0
25574 1
25575 0
25576 1
25577 2
25578 2
25579 2
25580 2
25581 0
25582 3
25583 1
25584 0
25585 1
25586 1
25587 3
25588 2
25589 1
25590 1
25591 1
25592 2
25593 1
25594 2
25595 1
25596 1
25597 0
25598 1
25599 0
25600 0
25601 1
25602 0
25603 2
25604 1
25605 1
25606 2
25607 1
25608 3
25609 1
25610 3
25611 0
25612 2
25613 0
25614 1
25615 1
25616 2
25617 2
25618 1
25619 2
25620 1
25621 1
25622 0
25623 2
25624 2
25625 0
25626 2
25627 0
25628 1
25629 3
25630 1
25631 1
25632 1
25633 2
25634 0
25635 1
25636 1
25637 0
25638 1
25639 1
25640 1
25641 0
25642 1
25643 0
25644 1
25645 0
25646 2
25647 1
25648 2
25649 2
25650 1
25651 0
25652 0
25653 0
25654 1
25655 1
25656 1
25657 2
25658 1
25659 0
25660 3
25661 0
25662 0
25663 0
25664 1
25665 0
25666 2
25667 0
25668 1
25669 1
25670 1
25671 0
25672 1
25673 2
25674 1
25675 1
25676 1
25677 0
25678 2
25679 2
25680 0
25681 0
25682 1
25683 0
25684 1
25685 1
25686 0
25687 2
25688 0
25689 2
25690 1
25691 2
25692 1
25693 0
25694 2
25695 0
25696 2
25697 2
25698 0
25699 0
25700 1
25701 2
25702 0
25703 1
25704 0
25705 1
25706 1
25707 1
25708 1
25709 2
25710 2
25711 1
25712 2
25713 0
25714 1
25715 3
25716 0
25717 2
25718 1
25719 0
25720 0
25721 2
25722 0
25723 1
25724 0
25725 0
25726 1
25727 0
25728 1
25729 3
25730 0
25731 1
25732 0
25733 0
25734 1
25735 2
25736 1
25737 0
25738 1
25739 2
25740 3
25741 0
25742 0
25743 2
25744 1
25745 0
25746 2
25747 2
25748 1
25749 0
25750 0
25751 0
25752 1
25753 0
25754 0
25755 0
25756 0
25757 0
25758 1
25759 0
25760 2
25761 2
25762 0
25763 0
25764 2
25765 1
25766 1
25767 2
25768 0
25769 1
25770 2
25771 0
25772 1
25773 1
25774 2
25775 1
25776 3
25777 1
25778 2
25779 1
25780 2
25781 1
25782 1
25783 3
25784 1
25785 2
25786 2
25787 1
25788 0
25789 1
25790 1
25791 0
25792 0
25793 2
25794 1
25795 0
25796 0
25797 2
25798 1
25799 2
25800 2
25801 3
25802 1
25803 3
25804 2
25805 2
25806 0
25807 2
25808 0
25809 1
25810 0
25811 0
25812 0
25813 2
25814 3
25815 1
25816 2
25817 0
25818 2
25819 0
25820 2
25821 0
25822 2
25823 1
25824 0
25825 0
25826 0
25827 1
25828 3
25829 1
25830 1
25831 2
25832 3
25833 2
25834 2
25835 1
25836 0
25837 2
25838 1
25839 2
25840 1
25841 2
25842 1
25843 0
25844 2
25845 1
25846 2
25847 2
25848 0
25849 2
25850 1
25851 2
25852 0
25853 1
25854 1
25855 1
25856 1
25857 2
25858 1
25859 1
25860 0
25861 0
25862 0
25863 0
25864 0
25865 0
25866 1
25867 2
25868 1
25869 1
25870 2
25871 0
25872 2
25873 1
25874 2
25875 2
25876 1
25877 1
25878 0
25879 2
25880 2
25881 0
25882 1
25883 0
25884 1
25885 1
25886 0
25887 0
25888 0
25889 1
25890 1
25891 2
25892 1
25893 0
25894 1
25895 2
25896 0
25897 1
25898 0
25899 1
25900 0
25901 0
25902 0
25903 0
25904 2
25905 1
25906 1
25907 2
25908 0
25909 0
25910 0
25911 1
25912 0
25913 1
25914 2
25915 2
25916 0
25917 0
25918 1
25919 3
25920 1
25921 2
25922 1
25923 0
25924 1
25925 0
25926 0
25927 2
25928 1
25929 2
25930 1
25931 0
25932 0
25933 0
25934 0
25935 2
25936 0
25937 2
25938 0
25939 0
25940 0
25941 0
25942 0
25943 0
25944 2
25945 0
25946 0
25947 0
25948 2
25949 0
25950 1
25951 0
25952 0
25953 0
25954 1
25955 0
25956 1
25957 0
25958 0
25959 0
25960 2
25961 0
25962 3
25963 1
25964 1
25965 2
25966 0
25967 2
25968 2
25969 1
25970 2
25971 1
25972 2
25973 1
25974 0
25975 1
25976 0
25977 0
25978 0
25979 1
25980 2
25981 0
25982 2
25983 1
25984 0
25985 2
25986 2
25987 0
25988 2
25989 0
25990 2
25991 2
25992 3
25993 1
25994 0
25995 1
25996 1
25997 1
25998 3
25999 2
26000 1
26001 2
26002 2
26003 2
26004 0
26005 1
26006 1
26007 1
26008 2
26009 1
26010 1
26011 2
26012 0
26013 1
26014 1
26015 0
26016 0
26017 1
26018 0
26019 0
26020 1
26021 3
26022 1
26023 1
26024 0
26025 1
26026 1
26027 2
26028 0
26029 0
26030 2
26031 2
26032 2
26033 1
26034 3
26035 1
26036 0
26037 1
26038 0
26039 2
26040 0
26041 1
26042 0
26043 1
26044 2
26045 3
26046 1
26047 1
26048 3
26049 0
26050 1
26051 1
26052 0
26053 2
26054 0
26055 1
26056 2
26057 0
26058 2
26059 0
26060 1
26061 0
26062 2
26063 0
26064 1
26065 0
26066 0
26067 0
26068 2
26069 2
26070 1
26071 1
26072 0
26073 3
26074 2
26075 0
26076 2
26077 2
26078 1
26079 0
26080 2
26081 0
26082 1
26083 0
26084 0
26085 0
26086 1
26087 3
26088 0
26089 2
26090 1
26091 1
26092 0
26093 1
26094 1
26095 2
26096 1
26097 2
26098 1
26099 1
26100 0
26101 1
26102 0
26103 2
26104 1
26105 0
26106 1
26107 2
26108 1
26109 1
26110 2
26111 2
26112 1
26113 0
26114 2
26115 2
26116 0
26117 1
26118 1
26119 0
26120 1
26121 0
26122 2
26123 1
26124 1
26125 0
26126 1
26127 0
26128 2
26129 1
26130 0
26131 0
26132 2
26133 1
26134 0
26135 0
26136 1
26137 0
26138 3
26139 2
26140 2
26141 1
26142 1
26143 0
26144 0
26145 3
26146 1
26147 2
26148 1
26149 1
26150 1
26151 2
26152 2
26153 1
26154 0
26155 3
26156 0
26157 2
26158 0
26159 1
26160 1
26161 0
26162 2
26163 1
26164 0
26165 0
26166 2
26167 0
26168 1
26169 0
26170 1
26171 1
26172 2
26173 2
26174 0
26175 1
26176 1
26177 1
26178 0
26179 2
26180 1
26181 0
26182 0
26183 0
26184 0
26185 1
26186 2
26187 1
26188 0
26189 1
26190 0
26191 2
26192 2
26193 1
26194 2
26195 3
26196 0
26197 2
26198 2
26199 0
26200 0
26201 2
26202 1
26203 1
26204 1
26205 0
26206 0
26207 2
26208 1
26209 0
26210 0
26211 2
26212 2
26213 0
26214 1
26215 2
26216 0
26217 2
26218 2
26219 2
26220 1
26221 2
26222 1
26223 2
26224 2
26225 0
26226 0
26227 1
26228 3
26229 2
26230 0
26231 2
26232 1
26233 2
26234 0
26235 1
26236 1
26237 0
26238 1
26239 1
26240 2
26241 2
26242 0
26243 2
26244 0
26245 3
26246 1
26247 1
26248 3
26249 0
26250 1
26251 0
26252 0
26253 3
26254 2
26255 0
26256 0
26257 1
26258 0
26259 2
26260 0
26261 0
26262 3
26263 0
26264 0
26265 0
26266 1
26267 0
26268 0
26269 0
26270 0
26271 2
26272 1
26273 2
26274 0
26275 2
26276 1
26277 0
26278 1
26279 0
26280 0
26281 0
26282 2
26283 1
26284 2
26285 0
26286 1
26287 0
26288 0
26289 0
26290 3
26291 3
26292 1
26293 1
26294 1
26295 1
26296 1
26297 1
26298 1
26299 1
26300 1
26301 0
26302 3
26303 0
26304 1
26305 1
26306 1
26307 1
26308 0
26309 0
26310 1
26311 1
26312 0
26313 3
26314 1
26315 1
26316 1
26317 1
26318 2
26319 1
26320 0
26321 0
26322 0
26323 1
26324 1
26325 0
26326 2
26327 1
26328 2
26329 2
26330 0
26331 0
26332 3
26333 0
26334 2
26335 1
26336 0
26337 0
26338 0
26339 0
26340 2
26341 1
26342 1
26343 1
26344 2
26345 0
26346 0
26347 1
26348 0
26349 0
26350 2
26351 0
26352 0
26353 2
26354 2
26355 1
26356 1
26357 0
26358 1
26359 0
26360 0
26361 3
26362 1
26363 1
26364 2
26365 2
26366 2
26367 0
26368 2
26369 1
26370 2
26371 1
26372 2
26373 0
26374 1
26375 1
26376 1
26377 1
26378 2
26379 1
26380 1
26381 2
26382 3
26383 1
26384 2
26385 2
26386 0
26387 1
26388 1
26389 0
26390 2
26391 2
26392 1
26393 0
26394 0
26395 0
26396 1
26397 3
26398 2
26399 1
26400 1
26401 1
26402 2
26403 2
26404 0
26405 0
26406 2
26407 1
26408 0
26409 2
26410 1
26411 0
26412 1
26413 0
26414 1
26415 1
26416 0
26417 1
26418 1
26419 2
26420 0
26421 0
26422 1
26423 0
26424 0
26425 0
26426 3
26427 1
26428 0
26429 3
26430 1
26431 1
26432 0
26433 0
26434 3
26435 1
26436 0
26437 1
26438 0
26439 1
26440 0
26441 2
26442 2
26443 0
26444 0
26445 1
26446 3
26447 1
26448 1
26449 2
26450 1
26451 0
26452 1
26453 0
26454 0
26455 0
26456 2
26457 1
26458 2
26459 0
26460 2
26461 1
26462 2
26463 2
26464 1
26465 2
26466 1
26467 1
26468 1
26469 0
26470 2
26471 1
26472 1
26473 0
26474 0
26475 0
26476 1
26477 0
26478 1
26479 2
26480 0
26481 0
26482 2
26483 2
26484 2
26485 1
26486 1
26487 1
26488 2
26489 1
26490 1
26491 2
26492 1
26493 1
26494 0
26495 1
26496 0
26497 2
26498 0
26499 1
26500 2
26501 1
26502 2
26503 1
26504 2
26505 0
26506 2
26507 1
26508 0
26509 1
26510 0
26511 1
26512 0
26513 0
26514 0
26515 2
26516 1
26517 0
26518 0
26519 2
26520 0
26521 0
26522 2
26523 3
26524 0
26525 2
26526 1
26527 2
26528 1
26529 1
26530 0
26531 0
26532 2
26533 1
26534 1
26535 0
26536 2
26537 0
26538 1
26539 2
26540 0
26541 0
26542 3
26543 0
26544 0
26545 0
26546 0
26547 0
26548 2
26549 0
26550 0
26551 1
26552 2
26553 0
26554 1
26555 1
26556 1
26557 0
26558 1
26559 2
26560 1
26561 0
26562 0
26563 3
26564 1
26565 0
26566 1
26567 1
26568 2
26569 2
26570 2
26571 0
26572 1
26573 1
26574 0
26575 3
26576 1
26577 2
26578 2
26579 1
26580 1
26581 0
26582 1
26583 2
26584 1
26585 0
26586 2
26587 0
26588 0
26589 1
26590 0
26591 1
26592 0
26593 0
26594 3
26595 3
26596 2
26597 1
26598 2
26599 2
26600 0
26601 0
26602 1
26603 3
26604 1
26605 1
26606 1
26607 1
26608 1
26609 1
26610 1
26611 2
26612 0
26613 0
26614 0
26615 2
26616 3
26617 2
26618 3
26619 0
26620 1
26621 3
26622 1
26623 1
26624 0
26625 0
26626 0
26627 0
26628 1
26629 0
26630 0
26631 0
26632 2
26633 2
26634 0
26635 1
26636 0
26637 2
26638 2
26639 2
26640 0
26641 1
26642 1
26643 3
26644 1
26645 2
26646 1
26647 1
26648 0
26649 1
26650 0
26651 1
26652 1
26653 0
26654 1
26655 0
26656 1
26657 2
26658 1
26659 3
26660 1
26661 2
26662 1
26663 2
26664 1
26665 2
26666 3
26667 0
26668 0
26669 2
26670 3
26671 1
26672 2
26673 2
26674 1
26675 0
26676 2
26677 1
26678 2
26679 2
26680 2
26681 0
26682 2
26683 1
26684 0
26685 0
26686 1
26687 0
26688 1
26689 2
26690 0
26691 3
26692 0
26693 2
26694 0
26695 0
26696 0
26697 1
26698 1
26699 2
26700 1
26701 1
26702 0
26703 1
26704 0
26705 0
26706 0
26707 2
26708 0
26709 0
26710 1
26711 1
26712 1
26713 1
26714 0
26715 1
26716 1
26717 0
26718 0
26719 2
26720 1
26721 0
26722 1
26723 2
26724 1
26725 0
26726 1
26727 1
26728 2
26729 1
26730 1
26731 1
26732 0
26733 0
26734 1
26735 0
26736 1
26737 2
26738 2
26739 0
26740 3
26741 0
26742 0
26743 1
26744 1
26745 2
26746 1
26747 0
26748 1
26749 2
26750 0
26751 1
26752 1
26753 0
26754 2
26755 1
26756 0
26757 3
26758 0
26759 2
26760 1
26761 2
26762 1
26763 2
26764 0
26765 0
26766 1
26767 2
26768 0
26769 0
26770 1
26771 0
26772 0
26773 0
26774 1
26775 0
26776 2
26777 0
26778 0
26779 0
26780 2
26781 0
26782 0
26783 0
26784 2
26785 0
26786 2
26787 1
26788 3
26789 1
26790 0
26791 1
26792 2
26793 0
26794 1
26795 0
26796 0
26797 1
26798 1
26799 0
26800 2
26801 1
26802 1
26803 2
26804 2
26805 1
26806 2
26807 0
26808 0
26809 0
26810 0
26811 0
26812 0
26813 2
26814 0
26815 1
26816 2
26817 1
26818 1
26819 1
26820 0
26821 0
26822 0
26823 1
26824 0
26825 0
26826 2
26827 0
26828 1
26829 0
26830 1
26831 0
26832 2
26833 0
26834 1
26835 2
26836 1
26837 1
26838 2
26839 0
26840 1
26841 2
26842 1
26843 1
26844 1
26845 0
26846 2
26847 0
26848 0
26849 1
26850 0
26851 1
26852 0
26853 0
26854 0
26855 1
26856 1
26857 1
26858 2
26859 1
26860 2
26861 1
26862 0
26863 1
26864 1
26865 1
26866 2
26867 2
26868 1
26869 0
26870 2
26871 1
26872 2
26873 0
26874 2
26875 1
26876 1
26877 1
26878 2
26879 0
26880 0
26881 1
26882 1
26883 2
26884 0
26885 1
26886 0
26887 0
26888 0
26889 3
26890 0
26891 2
26892 1
26893 2
26894 1
26895 0
26896 0
26897 0
26898 1
26899 0
26900 2
26901 1
26902 0
26903 2
26904 2
26905 2
26906 2
26907 2
26908 0
26909 0
26910 1
26911 0
26912 1
26913 0
26914 2
26915 2
26916 1
26917 0
26918 0
26919 1
26920 1
26921 0
26922 0
26923 0
26924 1
26925 0
26926 1
26927 0
26928 0
26929 0
26930 0
26931 1
26932 0
26933 0
26934 1
26935 2
26936 2
26937 1
26938 1
26939 0
26940 1
26941 1
26942 2
26943 1
26944 0
26945 2
26946 2
26947 1
26948 1
26949 0
26950 0
26951 1
26952 1
26953 3
26954 0
26955 1
26956 2
26957 0
26958 1
26959 2
26960 2
26961 0
26962 2
26963 2
26964 1
26965 0
26966 3
26967 0
26968 0
26969 1
26970 0
26971 1
26972 0
26973 0
26974 2
26975 1
26976 2
26977 0
26978 3
26979 0
26980 2
26981 0
26982 0
26983 2
26984 2
26985 0
26986 1
26987 0
26988 0
26989 1
26990 2
26991 2
26992 2
26993 0
26994 1
26995 0
26996 1
26997 0
26998 1
26999 1
27000 0
27001 1
27002 0
27003 0
27004 2
27005 0
27006 1
27007 2
27008 1
27009 1
27010 1
27011 2
27012 1
27013 1
27014 2
27015 0
27016 1
27017 2
27018 2
27019 0
27020 0
27021 1
27022 2
27023 0
27024 0
27025 2
27026 1
27027 0
27028 0
27029 1
27030 1
27031 1
27032 0
27033 0
27034 1
27035 0
27036 1
27037 3
27038 2
27039 1
27040 2
27041 1
27042 2
27043 0
27044 0
27045 1
27046 2
27047 2
27048 2
27049 2
27050 1
27051 2
27052 1
27053 3
27054 0
27055 1
27056 0
27057 1
27058 0
27059 1
27060 1
27061 0
27062 1
27063 3
27064 1
27065 0
27066 3
27067 0
27068 2
27069 0
27070 0
27071 2
27072 1
27073 0
27074 0
27075 3
27076 2
27077 3
27078 2
27079 0
27080 0
27081 1
27082 1
27083 2
27084 1
27085 2
27086 1
27087 0
27088 2
27089 2
27090 2
27091 0
27092 0
27093 0
27094 1
27095 3
27096 0
27097 0
27098 0
27099 2
27100 1
27101 1
27102 0
27103 2
27104 0
27105 2
27106 2
27107 3
27108 1
27109 1
27110 1
27111 2
27112 0
27113 0
27114 3
27115 1
27116 2
27117 0
27118 0
27119 2
27120 2
27121 2
27122 0
27123 0
27124 1
27125 1
27126 0
27127 2
27128 0
27129 0
27130 2
27131 3
27132 0
27133 2
27134 1
27135 1
27136 1
27137 1
27138 1
27139 2
27140 1
27141 2
27142 0
27143 1
27144 1
27145 3
27146 0
27147 1
27148 1
27149 0
27150 3
27151 1
27152 1
27153 1
27154 1
27155 2
27156 0
27157 2
27158 2
27159 2
27160 0
27161 1
27162 2
27163 1
27164 0
27165 2
27166 1
27167 0
27168 2
27169 3
27170 2
27171 0
27172 1
27173 1
27174 2
27175 2
27176 0
27177 2
27178 0
27179 2
27180 0
27181 1
27182 1
27183 0
27184 1
27185 1
27186 0
27187 1
27188 1
27189 1
27190 0
27191 1
27192 2
27193 1
27194 2
27195 1
27196 1
27197 2
27198 0
27199 3
27200 2
27201 1
27202 3
27203 1
27204 1
27205 0
27206 3
27207 1
27208 2
27209 0
27210 0
27211 3
27212 1
27213 0
27214 2
27215 1
27216 1
27217 3
27218 2
27219 1
27220 1
27221 0
27222 1
27223 2
27224 1
27225 2
27226 2
27227 0
27228 2
27229 1
27230 3
27231 2
27232 3
27233 1
27234 0
27235 3
27236 1
27237 2
27238 2
27239 1
27240 1
27241 1
27242 0
27243 0
27244 1
27245 0
27246 0
27247 2
27248 0
27249 1
27250 0
27251 1
27252 0
27253 1
27254 2
27255 0
27256 1
27257 1
27258 1
27259 0
27260 2
27261 2
27262 1
27263 2
27264 1
27265 2
27266 1
27267 2
27268 0
27269 2
27270 1
27271 0
27272 0
27273 0
27274 1
27275 0
27276 0
27277 1
27278 0
27279 1
27280 1
27281 0
27282 2
27283 3
27284 2
27285 2
27286 3
27287 1
27288 2
27289 1
27290 1
27291 1
27292 1
27293 1
27294 1
27295 2
27296 1
27297 1
27298 3
27299 0
27300 1
27301 1
27302 0
27303 2
27304 2
27305 0
27306 0
27307 3
27308 0
27309 0
27310 0
27311 0
27312 0
27313 1
27314 2
27315 2
27316 1
27317 2
27318 1
27319 2
27320 0
27321 0
27322 0
27323 3
27324 0
27325 2
27326 0
27327 0
27328 0
27329 0
27330 0
27331 0
27332 1
27333 1
27334 0
27335 2
27336 1
27337 0
27338 0
27339 2
27340 1
27341 1
27342 1
27343 1
27344 0
27345 0
27346 1
27347 1
27348 1
27349 2
27350 2
27351 2
27352 1
27353 1
27354 2
27355 1
27356 0
27357 1
27358 3
27359 3
27360 2
27361 0
27362 2
27363 1
27364 0
27365 1
27366 1
27367 0
27368 2
27369 2
27370 2
27371 2
27372 1
27373 2
27374 1
27375 0
27376 0
27377 0
27378 2
27379 2
27380 1
27381 1
27382 1
27383 0
27384 0
27385 2
27386 3
27387 0
27388 2
27389 0
27390 0
27391 0
27392 0
27393 0
27394 1
27395 0
27396 2
27397 2
27398 1
27399 1
27400 1
27401 2
27402 0
27403 0
27404 0
27405 0
27406 1
27407 1
27408 2
27409 0
27410 1
27411 1
27412 0
27413 3
27414 1
27415 1
27416 1
27417 1
27418 1
27419 2
27420 0
27421 1
27422 1
27423 0
27424 0
27425 2
27426 1
27427 0
27428 1
27429 2
27430 2
27431 0
27432 2
27433 1
27434 1
27435 1
27436 1
27437 1
27438 1
27439 1
27440 0
27441 0
27442 0
27443 3
27444 0
27445 2
27446 1
27447 2
27448 0
27449 1
27450 1
27451 1
27452 1
27453 3
27454 1
27455 1
27456 1
27457 1
27458 2
27459 1
27460 2
27461 0
27462 1
27463 0
27464 2
27465 2
27466 0
27467 0
27468 0
27469 0
27470 2
27471 2
27472 2
27473 0
27474 0
27475 1
27476 0
27477 0
27478 0
27479 1
27480 2
27481 0
27482 0
27483 1
27484 1
27485 1
27486 1
27487 1
27488 2
27489 0
27490 1
27491 2
27492 3
27493 0
27494 0
27495 2
27496 1
27497 1
27498 0
27499 1
27500 0
27501 3
27502 1
27503 0
27504 0
27505 2
27506 2
27507 1
27508 1
27509 2
27510 1
27511 1
27512 1
27513 0
27514 0
27515 0
27516 0
27517 0
27518 1
27519 1
27520 0
27521 2
27522 1
27523 0
27524 0
27525 2
27526 2
27527 0
27528 0
27529 1
27530 1
27531 0
27532 2
27533 2
27534 0
27535 0
27536 1
27537 0
27538 0
27539 2
27540 1
27541 0
27542 2
27543 0
27544 1
27545 1
27546 1
27547 1
27548 0
27549 2
27550 0
27551 3
27552 0
27553 2
27554 2
27555 1
27556 1
27557 0
27558 0
27559 2
27560 0
27561 0
27562 0
27563 0
27564 0
27565 0
27566 0
27567 2
27568 0
27569 2
27570 0
27571 1
27572 2
27573 2
27574 2
27575 0
27576 2
27577 1
27578 2
27579 1
27580 3
27581 2
27582 1
27583 0
27584 2
27585 2
27586 1
27587 1
27588 2
27589 0
27590 3
27591 1
27592 2
27593 1
27594 0
27595 1
27596 2
27597 2
27598 0
27599 1
27600 0
27601 1
27602 1
27603 0
27604 1
27605 1
27606 2
27607 1
27608 1
27609 1
27610 1
27611 0
27612 2
27613 1
27614 2
27615 0
27616 1
27617 1
27618 0
27619 2
27620 0
27621 2
27622 1
27623 3
27624 2
27625 2
27626 0
27627 2
27628 2
27629 0
27630 0
27631 1
27632 1
27633 1
27634 2
27635 0
27636 0
27637 0
27638 3
27639 1
27640 0
27641 2
27642 0
27643 3
27644 1
27645 0
27646 2
27647 1
27648 1
27649 2
27650 0
27651 3
27652 0
27653 2
27654 0
27655 0
27656 0
27657 1
27658 2
27659 0
27660 0
27661 1
27662 0
27663 0
27664 1
27665 0
27666 0
27667 0
27668 0
27669 0
27670 1
27671 1
27672 1
27673 0
27674 1
27675 2
27676 3
27677 0
27678 3
27679 1
27680 0
27681 0
27682 0
27683 2
27684 1
27685 1
27686 0
27687 2
27688 1
27689 1
27690 1
27691 1
27692 1
27693 1
27694 0
27695 2
27696 0
27697 2
27698 2
27699 2
27700 0
27701 2
27702 0
27703 0
27704 0
27705 3
27706 2
27707 1
27708 1
27709 1
27710 2
27711 1
27712 1
27713 1
27714 0
27715 2
27716 0
27717 0
27718 2
27719 1
27720 1
27721 2
27722 1
27723 0
27724 1
27725 1
27726 2
27727 2
27728 0
27729 2
27730 2
27731 1
27732 1
27733 2
27734 2
27735 2
27736 2
27737 2
27738 2
27739 2
27740 0
27741 2
27742 0
27743 0
27744 1
27745 0
27746 2
27747 1
27748 3
27749 2
27750 1
27751 0
27752 2
27753 0
27754 1
27755 1
27756 1
27757 1
27758 0
27759 0
27760 0
27761 1
27762 0
27763 3
27764 2
27765 0
27766 2
27767 0
27768 0
27769 1
27770 3
27771 0
27772 2
27773 0
27774 1
27775 0
27776 2
27777 2
27778 2
27779 1
27780 0
27781 1
27782 3
27783 0
27784 1
27785 2
27786 1
27787 1
27788 0
27789 2
27790 0
27791 2
27792 1
27793 1
27794 2
27795 0
27796 3
27797 2
27798 0
27799 1
27800 1
27801 2
27802 1
27803 3
27804 0
27805 2
27806 0
27807 0
27808 1
27809 3
27810 2
27811 2
27812 1
27813 1
27814 2
27815 0
27816 0
27817 2
27818 1
27819 1
27820 1
27821 2
27822 2
27823 0
27824 0
27825 2
27826 0
27827 2
27828 0
27829 0
27830 1
27831 1
27832 0
27833 0
27834 2
27835 1
27836 2
27837 1
27838 3
27839 1
27840 3
27841 1
27842 1
27843 2
27844 1
27845 1
27846 3
27847 2
27848 0
27849 1
27850 0
27851 2
27852 1
27853 0
27854 1
27855 0
27856 0
27857 0
27858 1
27859 1
27860 0
27861 3
27862 0
27863 0
27864 3
27865 1
27866 2
27867 2
27868 1
27869 1
27870 1
27871 1
27872 3
27873 2
27874 2
27875 2
27876 0
27877 0
27878 1
27879 1
27880 0
27881 1
27882 0
27883 0
27884 1
27885 0
27886 0
27887 1
27888 2
27889 1
27890 2
27891 0
27892 0
27893 1
27894 1
27895 2
27896 1
27897 1
27898 2
27899 1
27900 0
27901 0
27902 3
27903 1
27904 2
27905 0
27906 1
27907 0
27908 0
27909 2
27910 0
27911 2
27912 1
27913 2
27914 1
27915 0
27916 2
27917 1
27918 2
27919 0
27920 0
27921 1
27922 2
27923 0
27924 3
27925 3
27926 2
27927 2
27928 0
27929 1
27930 2
27931 2
27932 1
27933 1
27934 1
27935 1
27936 2
27937 1
27938 1
27939 2
27940 1
27941 1
27942 2
27943 1
27944 0
27945 1
27946 2
27947 2
27948 2
27949 2
27950 0
27951 2
27952 0
27953 1
27954 0
27955 0
27956 1
27957 1
27958 2
27959 2
27960 1
27961 1
27962 0
27963 2
27964 0
27965 2
27966 0
27967 2
27968 0
27969 1
27970 2
27971 0
27972 1
27973 0
27974 1
27975 0
27976 3
27977 1
27978 1
27979 1
27980 3
27981 1
27982 1
27983 1
27984 1
27985 0
27986 1
27987 2
27988 1
27989 1
27990 0
27991 0
27992 2
27993 1
27994 1
27995 1
27996 1
27997 0
27998 2
27999 2
28000 0
28001 2
28002 0
28003 1
28004 1
28005 1
28006 2
28007 2
28008 1
28009 1
28010 1
28011 2
28012 2
28013 1
28014 1
28015 0
28016 3
28017 0
28018 0
28019 0
28020 2
28021 1
28022 1
28023 2
28024 0
28025 0
28026 2
28027 1
28028 2
28029 1
28030 2
28031 1
28032 0
28033 2
28034 2
28035 2
28036 2
28037 0
28038 1
28039 1
28040 2
28041 1
28042 0
28043 0
28044 0
28045 0
28046 2
28047 2
28048 1
28049 1
28050 2
28051 1
28052 1
28053 1
28054 2
28055 3
28056 0
28057 0
28058 1
28059 1
28060 0
28061 2
28062 0
28063 2
28064 3
28065 3
28066 0
28067 2
28068 3
28069 0
28070 2
28071 1
28072 2
28073 2
28074 1
28075 3
28076 0
28077 0
28078 1
28079 1
28080 1
28081 0
28082 1
28083 3
28084 0
28085 0
28086 0
28087 1
28088 2
28089 3
28090 1
28091 0
28092 1
28093 1
28094 1
28095 1
28096 1
28097 0
28098 2
28099 0
28100 1
28101 1
28102 2
28103 3
28104 1
28105 1
28106 0
28107 1
28108 0
28109 1
28110 1
28111 1
28112 1
28113 2
28114 3
28115 1
28116 0
28117 2
28118 1
28119 1
28120 0
28121 0
28122 0
28123 1
28124 0
28125 1
28126 0
28127 0
28128 3
28129 1
28130 1
28131 1
28132 0
28133 0
28134 0
28135 2
28136 0
28137 2
28138 2
28139 1
28140 1
28141 2
28142 0
28143 2
28144 1
28145 2
28146 1
28147 2
28148 2
28149 0
28150 1
28151 2
28152 3
28153 2
28154 1
28155 2
28156 2
28157 0
28158 0
28159 2
28160 2
28161 2
28162 1
28163 2
28164 1
28165 0
28166 1
28167 1
28168 1
28169 1
28170 1
28171 1
28172 1
28173 2
28174 1
28175 3
28176 0
28177 0
28178 0
28179 0
28180 0
28181 0
28182 1
28183 0
28184 2
28185 1
28186 1
28187 1
28188 0
28189 1
28190 3
28191 1
28192 2
28193 1
28194 3
28195 1
28196 0
28197 0
28198 1
28199 0
28200 0
28201 0
28202 1
28203 0
28204 0
28205 2
28206 1
28207 2
28208 3
28209 0
28210 2
28211 1
28212 2
28213 0
28214 0
28215 0
28216 0
28217 2
28218 2
28219 1
28220 2
28221 2
28222 2
28223 2
28224 0
28225 1
28226 1
28227 0
28228 1
28229 2
28230 2
28231 0
28232 1
28233 1
28234 1
28235 0
28236 1
28237 1
28238 0
28239 1
28240 3
28241 0
28242 1
28243 1
28244 0
28245 1
28246 0
28247 2
28248 1
28249 1
28250 0
28251 1
28252 2
28253 1
28254 0
28255 2
28256 0
28257 1
28258 0
28259 0
28260 0
28261 1
28262 1
28263 1
28264 2
28265 1
28266 2
28267 0
28268 1
28269 0
28270 0
28271 1
28272 1
28273 0
28274 1
28275 3
28276 1
28277 1
28278 1
28279 0
28280 2
28281 1
28282 1
28283 1
28284 1
28285 2
28286 3
28287 0
28288 2
28289 0
28290 1
28291 0
28292 0
28293 0
28294 1
28295 2
28296 1
28297 2
28298 1
28299 0
28300 0
28301 0
28302 2
28303 1
28304 0
28305 0
28306 2
28307 3
28308 0
28309 0
28310 3
28311 2
28312 2
28313 2
28314 2
28315 1
28316 2
28317 0
28318 3
28319 1
28320 0
28321 2
28322 1
28323 3
28324 0
28325 2
28326 0
28327 0
28328 0
28329 0
28330 3
28331 1
28332 1
28333 3
28334 0
28335 1
28336 0
28337 2
28338 1
28339 0
28340 1
28341 2
28342 2
28343 0
28344 0
28345 0
28346 2
28347 1
28348 2
28349 0
28350 1
28351 0
28352 1
28353 2
28354 2
28355 2
28356 1
28357 2
28358 0
28359 1
28360 2
28361 0
28362 0
28363 2
28364 0
28365 2
28366 2
28367 0
28368 0
28369 1
28370 1
28371 0
28372 1
28373 0
28374 1
28375 2
28376 0
28377 1
28378 1
28379 0
28380 1
28381 0
28382 0
28383 2
28384 0
28385 1
28386 2
28387 3
28388 0
28389 1
28390 1
28391 2
28392 1
28393 0
28394 2
28395 1
28396 1
28397 1
28398 2
28399 2
28400 2
28401 3
28402 1
28403 3
28404 2
28405 3
28406 1
28407 1
28408 1
28409 1
28410 0
28411 2
28412 1
28413 2
28414 1
28415 0
28416 2
28417 2
28418 0
28419 1
28420 2
28421 1
28422 2
28423 2
28424 1
28425 1
28426 0
28427 0
28428 2
28429 0
28430 0
28431 0
28432 0
28433 1
28434 2
28435 2
28436 2
28437 2
28438 0
28439 2
28440 2
28441 1
28442 0
28443 1
28444 0
28445 1
28446 3
28447 2
28448 1
28449 2
28450 0
28451 1
28452 0
28453 1
28454 1
28455 3
28456 1
28457 2
28458 2
28459 1
28460 1
28461 0
28462 0
28463 2
28464 0
28465 0
28466 0
28467 3
28468 0
28469 0
28470 1
28471 1
28472 2
28473 2
28474 1
28475 0
28476 1
28477 1
28478 0
28479 1
28480 1
28481 3
28482 1
28483 0
28484 0
28485 1
28486 1
28487 2
28488 0
28489 2
28490 0
28491 2
28492 0
28493 0
28494 1
28495 2
28496 1
28497 0
28498 0
28499 3
28500 1
28501 0
28502 2
28503 1
28504 0
28505 2
28506 1
28507 1
28508 1
28509 0
28510 0
28511 1
28512 2
28513 0
28514 2
28515 3
28516 1
28517 1
28518 1
28519 2
28520 0
28521 1
28522 0
28523 2
28524 1
28525 1
28526 1
28527 0
28528 0
28529 0
28530 0
28531 2
28532 1
28533 2
28534 0
28535 2
28536 2
28537 2
28538 2
28539 0
28540 3
28541 0
28542 1
28543 0
28544 2
28545 0
28546 0
28547 0
28548 0
28549 1
28550 1
28551 1
28552 0
28553 0
28554 3
28555 1
28556 0
28557 2
28558 2
28559 2
28560 0
28561 0
28562 0
28563 0
28564 2
28565 0
28566 2
28567 1
28568 1
28569 2
28570 2
28571 0
28572 3
28573 2
28574 0
28575 2
28576 2
28577 1
28578 2
28579 0
28580 3
28581 2
28582 2
28583 0
28584 1
28585 2
28586 0
28587 0
28588 1
28589 1
28590 1
28591 3
28592 2
28593 2
28594 0
28595 2
28596 0
28597 0
28598 2
28599 0
28600 1
28601 0
28602 0
28603 1
28604 2
28605 2
28606 2
28607 0
28608 1
28609 1
28610 2
28611 0
28612 0
28613 0
28614 0
28615 2
28616 1
28617 3
28618 0
28619 0
28620 0
28621 2
28622 2
28623 0
28624 1
28625 2
28626 0
28627 2
28628 2
28629 0
28630 0
28631 1
28632 2
28633 1
28634 1
28635 2
28636 0
28637 2
28638 2
28639 1
28640 1
28641 0
28642 1
28643 0
28644 3
28645 0
28646 0
28647 1
28648 0
28649 1
28650 0
28651 0
28652 2
28653 0
28654 1
28655 0
28656 1
28657 0
28658 0
28659 2
28660 0
28661 3
28662 1
28663 3
28664 0
28665 0
28666 2
28667 0
28668 1
28669 0
28670 2
28671 2
28672 2
28673 0
28674 0
28675 2
28676 0
28677 1
28678 1
28679 2
28680 1
28681 1
28682 2
28683 2
28684 0
28685 1
28686 1
28687 2
28688 0
28689 3
28690 1
28691 1
28692 2
28693 1
28694 0
28695 1
28696 0
28697 0
28698 1
28699 0
28700 1
28701 1
28702 1
28703 2
28704 2
28705 1
28706 3
28707 1
28708 1
28709 0
28710 0
28711 1
28712 0
28713 2
28714 2
28715 0
28716 0
28717 2
28718 2
28719 0
28720 1
28721 0
28722 1
28723 1
28724 1
28725 1
28726 0
28727 1
28728 0
28729 0
28730 1
28731 0
28732 0
28733 0
28734 3
28735 1
28736 2
28737 1
28738 0
28739 1
28740 2
28741 0
28742 0
28743 1
28744 1
28745 0
28746 2
28747 1
28748 2
28749 1
28750 2
28751 0
28752 1
28753 1
28754 2
28755 1
28756 2
28757 3
28758 0
28759 3
28760 2
28761 1
28762 1
28763 1
28764 0
28765 0
28766 0
28767 2
28768 1
28769 1
28770 2
28771 1
28772 3
28773 0
28774 0
28775 1
28776 0
28777 0
28778 1
28779 0
28780 1
28781 0
28782 1
28783 0
28784 2
28785 1
28786 1
28787 1
28788 1
28789 0
28790 0
28791 1
28792 0
28793 2
28794 1
28795 2
28796 2
28797 1
28798 1
28799 0
28800 0
28801 1
28802 3
28803 1
28804 0
28805 0
28806 0
28807 0
28808 0
28809 1
28810 0
28811 0
28812 2
28813 1
28814 0
28815 1
28816 0
28817 0
28818 2
28819 0
28820 1
28821 2
28822 2
28823 1
28824 1
28825 0
28826 0
28827 2
28828 1
28829 1
28830 0
28831 1
28832 2
28833 2
28834 0
28835 0
28836 1
28837 0
28838 1
28839 2
28840 0
28841 0
28842 2
28843 0
28844 1
28845 0
28846 0
28847 0
28848 2
28849 0
28850 1
28851 2
28852 2
28853 2
28854 1
28855 2
28856 1
28857 0
28858 2
28859 1
28860 1
28861 1
28862 0
28863 3
28864 1
28865 2
28866 0
28867 2
28868 0
28869 0
28870 1
28871 0
28872 2
28873 2
28874 2
28875 1
28876 1
28877 1
28878 1
28879 2
28880 0
28881 1
28882 0
28883 0
28884 2
28885 2
28886 1
28887 0
28888 2
28889 0
28890 0
28891 0
28892 1
28893 2
28894 2
28895 1
28896 1
28897 2
28898 2
28899 0
28900 2
28901 1
28902 2
28903 0
28904 1
28905 1
28906 2
28907 3
28908 0
28909 1
28910 1
28911 1
28912 0
28913 0
28914 1
28915 1
28916 0
28917 1
28918 3
28919 0
28920 1
28921 0
28922 1
28923 1
28924 2
28925 2
28926 1
28927 0
28928 0
28929 1
28930 1
28931 1
28932 1
28933 1
28934 0
28935 2
28936 3
28937 2
28938 1
28939 0
28940 2
28941 1
28942 1
28943 0
28944 0
28945 2
28946 1
28947 2
28948 1
28949 1
28950 2
28951 2
28952 3
28953 2
28954 0
28955 1
28956 1
28957 2
28958 2
28959 0
28960 3
28961 1
28962 3
28963 0
28964 0
28965 0
28966 1
28967 3
28968 1
28969 0
28970 0
28971 1
28972 0
28973 1
28974 0
28975 1
28976 1
28977 0
28978 1
28979 2
28980 1
28981 1
28982 0
28983 0
28984 1
28985 0
28986 1
28987 0
28988 0
28989 1
28990 0
28991 1
28992 1
28993 1
28994 0
28995 0
28996 0
28997 2
28998 1
28999 2
29000 1
29001 3
29002 0
29003 1
29004 2
29005 3
29006 0
29007 2
29008 1
29009 0
29010 2
29011 0
29012 0
29013 0
29014 0
29015 1
29016 1
29017 0
29018 1
29019 1
29020 0
29021 1
29022 0
29023 1
29024 1
29025 0
29026 2
29027 2
29028 0
29029 2
29030 0
29031 1
29032 1
29033 2
29034 1
29035 2
29036 0
29037 1
29038 0
29039 2
29040 2
29041 2
29042 1
29043 2
29044 0
29045 2
29046 1
29047 1
29048 1
29049 0
29050 1
29051 1
29052 1
29053 0
29054 1
29055 1
29056 2
29057 0
29058 0
29059 2
29060 0
29061 1
29062 2
29063 3
29064 0
29065 2
29066 0
29067 1
29068 1
29069 0
29070 0
29071 1
29072 0
29073 1
29074 0
29075 1
29076 1
29077 0
29078 1
29079 2
29080 0
29081 1
29082 0
29083 0
29084 0
29085 0
29086 0
29087 2
29088 2
29089 2
29090 1
29091 0
29092 3
29093 2
29094 1
29095 1
29096 2
29097 2
29098 0
29099 0
29100 0
29101 2
29102 0
29103 0
29104 2
29105 2
29106 2
29107 0
29108 1
29109 0
29110 1
29111 2
29112 0
29113 1
29114 0
29115 1
29116 2
29117 2
29118 2
29119 0
29120 2
29121 2
29122 2
29123 1
29124 0
29125 1
29126 1
29127 2
29128 1
29129 2
29130 2
29131 0
29132 0
29133 2
29134 1
29135 0
29136 0
29137 3
29138 0
29139 0
29140 1
29141 1
29142 0
29143 0
29144 2
29145 2
29146 0
29147 2
29148 2
29149 0
29150 1
29151 0
29152 1
29153 2
29154 1
29155 2
29156 0
29157 2
29158 2
29159 0
29160 3
29161 3
29162 2
29163 2
29164 1
29165 0
29166 1
29167 2
29168 0
29169 1
29170 3
29171 3
29172 1
29173 1
29174 0
29175 1
29176 1
29177 1
29178 2
29179 0
29180 2
29181 2
29182 1
29183 3
29184 1
29185 1
29186 1
29187 0
29188 1
29189 0
29190 1
29191 0
29192 1
29193 0
29194 3
29195 0
29196 1
29197 2
29198 1
29199 1
29200 1
29201 2
29202 1
29203 0
29204 2
29205 3
29206 0
29207 0
29208 1
29209 3
29210 2
29211 0
29212 2
29213 1
29214 0
29215 1
29216 0
29217 3
29218 1
29219 0
29220 2
29221 0
29222 0
29223 1
29224 0
29225 2
29226 2
29227 3
29228 2
29229 0
29230 0
29231 3
29232 3
29233 1
29234 1
29235 1
29236 0
29237 1
29238 2
29239 0
29240 1
29241 2
29242 3
29243 1
29244 1
29245 1
29246 0
29247 0
29248 1
29249 3
29250 2
29251 0
29252 0
29253 1
29254 2
29255 0
29256 2
29257 2
29258 1
29259 2
29260 1
29261 2
29262 1
29263 1
29264 0
29265 0
29266 2
29267 1
29268 0
29269 0
29270 1
29271 2
29272 1
29273 1
29274 1
29275 1
29276 1
29277 1
29278 0
29279 1
29280 2
29281 3
29282 1
29283 3
29284 0
29285 2
29286 1
29287 1
29288 0
29289 1
29290 0
29291 2
29292 2
29293 2
29294 0
29295 2
29296 0
29297 1
29298 0
29299 1
29300 3
29301 0
29302 3
29303 3
29304 2
29305 0
29306 1
29307 2
29308 2
29309 1
29310 2
29311 1
29312 2
29313 0
29314 1
29315 2
29316 0
29317 0
29318 0
29319 0
29320 2
29321 3
29322 2
29323 3
29324 0
29325 0
29326 0
29327 1
29328 3
29329 0
29330 2
29331 1
29332 2
29333 1
29334 0
29335 0
29336 0
29337 0
29338 1
29339 1
29340 2
29341 2
29342 0
29343 1
29344 3
29345 0
29346 1
29347 2
29348 1
29349 0
29350 1
29351 3
29352 0
29353 0
29354 0
29355 3
29356 1
29357 2
29358 0
29359 1
29360 2
29361 2
29362 1
29363 1
29364 2
29365 1
29366 1
29367 3
29368 0
29369 1
29370 2
29371 1
29372 0
29373 1
29374 2
29375 2
29376 0
29377 1
29378 1
29379 2
29380 1
29381 1
29382 1
29383 2
29384 0
29385 0
29386 1
29387 2
29388 1
29389 0
29390 0
29391 0
29392 2
29393 0
29394 1
29395 1
29396 1
29397 0
29398 1
29399 0
29400 0
29401 0
29402 2
29403 2
29404 1
29405 1
29406 1
29407 1
29408 0
29409 1
29410 0
29411 1
29412 2
29413 0
29414 1
29415 0
29416 0
29417 0
29418 1
29419 0
29420 1
29421 1
29422 1
29423 2
29424 1
29425 1
29426 0
29427 2
29428 0
29429 1
29430 3
29431 0
29432 3
29433 1
29434 1
29435 2
29436 1
29437 2
29438 2
29439 1
29440 0
29441 0
29442 2
29443 2
29444 0
29445 0
29446 0
29447 1
29448 2
29449 2
29450 1
29451 0
29452 0
29453 0
29454 3
29455 1
29456 3
29457 1
29458 1
29459 0
29460 0
29461 1
29462 2
29463 2
29464 1
29465 2
29466 2
29467 0
29468 2
29469 1
29470 0
29471 1
29472 1
29473 1
29474 0
29475 2
29476 0
29477 0
29478 0
29479 2
29480 3
29481 2
29482 1
29483 2
29484 1
29485 2
29486 1
29487 1
29488 1
29489 1
29490 1
29491 0
29492 1
29493 2
29494 3
29495 2
29496 2
29497 2
29498 0
29499 2
29500 0
29501 1
29502 2
29503 2
29504 0
29505 0
29506 1
29507 2
29508 1
29509 0
29510 1
29511 1
29512 1
29513 1
29514 2
29515 1
29516 0
29517 0
29518 0
29519 2
29520 0
29521 3
29522 3
29523 1
29524 1
29525 2
29526 0
29527 1
29528 2
29529 0
29530 0
29531 0
29532 3
29533 0
29534 2
29535 0
29536 0
29537 2
29538 2
29539 0
29540 0
29541 2
29542 1
29543 1
29544 0
29545 1
29546 2
29547 3
29548 3
29549 0
29550 2
29551 0
29552 2
29553 1
29554 2
29555 0
29556 1
29557 1
29558 1
29559 1
29560 0
29561 0
29562 1
29563 0
29564 1
29565 0
29566 0
29567 2
29568 0
29569 0
29570 0
29571 1
29572 1
29573 2
29574 0
29575 1
29576 0
29577 2
29578 1
29579 1
29580 3
29581 1
29582 1
29583 1
29584 0
29585 0
29586 2
29587 0
29588 1
29589 3
29590 2
29591 1
29592 2
29593 2
29594 1
29595 1
29596 1
29597 1
29598 1
29599 0
29600 0
29601 0
29602 2
29603 1
29604 1
29605 0
29606 3
29607 0
29608 2
29609 3
29610 2
29611 1
29612 2
29613 1
29614 2
29615 2
29616 3
29617 1
29618 3
29619 0
29620 2
29621 1
29622 1
29623 0
29624 0
29625 1
29626 2
29627 1
29628 0
29629 3
29630 3
29631 1
29632 0
29633 2
29634 0
29635 1
29636 0
29637 2
29638 1
29639 0
29640 1
29641 3
29642 1
29643 0
29644 0
29645 2
29646 0
29647 0
29648 1
29649 0
29650 1
29651 0
29652 0
29653 2
29654 3
29655 2
29656 3
29657 2
29658 0
29659 2
29660 1
29661 1
29662 0
29663 1
29664 0
29665 0
29666 0
29667 3
29668 0
29669 1
29670 0
29671 0
29672 0
29673 0
29674 0
29675 2
29676 1
29677 0
29678 1
29679 0
29680 1
29681 2
29682 1
29683 0
29684 1
29685 0
29686 0
29687 2
29688 1
29689 0
29690 0
29691 0
29692 2
29693 0
29694 1
29695 1
29696 1
29697 2
29698 3
29699 1
29700 0
29701 1
29702 1
29703 2
29704 1
29705 1
29706 1
29707 1
29708 1
29709 0
29710 0
29711 0
29712 2
29713 1
29714 0
29715 1
29716 1
29717 2
29718 0
29719 2
29720 2
29721 1
29722 0
29723 1
29724 2
29725 2
29726 1
29727 1
29728 0
29729 1
29730 0
29731 0
29732 1
29733 1
29734 0
29735 1
29736 0
29737 1
29738 1
29739 2
29740 1
29741 0
29742 2
29743 1
29744 0
29745 1
29746 1
29747 1
29748 1
29749 0
29750 1
29751 1
29752 0
29753 1
29754 2
29755 1
29756 1
29757 0
29758 1
29759 2
29760 1
29761 2
29762 0
29763 1
29764 2
29765 1
29766 2
29767 1
29768 0
29769 2
29770 0
29771 3
29772 0
29773 0
29774 1
29775 2
29776 0
29777 2
29778 2
29779 2
29780 0
29781 0
29782 2
29783 0
29784 1
29785 0
29786 1
29787 0
29788 0
29789 2
29790 1
29791 2
29792 2
29793 2
29794 2
29795 0
29796 0
29797 1
29798 1
29799 0
29800 2
29801 2
29802 1
29803 2
29804 0
29805 1
29806 2
29807 2
29808 1
29809 1
29810 1
29811 0
29812 2
29813 2
29814 2
29815 1
29816 2
29817 1
29818 1
29819 1
29820 2
29821 0
29822 1
29823 0
29824 1
29825 0
29826 1
29827 1
29828 1
29829 3
29830 2
29831 0
29832 1
29833 2
29834 0
29835 1
29836 0
29837 1
29838 2
29839 0
29840 2
29841 0
29842 2
29843 0
29844 2
29845 1
29846 1
29847 2
29848 1
29849 0
29850 0
29851 0
29852 2
29853 0
29854 2
29855 1
29856 2
29857 0
29858 1
29859 1
29860 2
29861 0
29862 1
29863 1
29864 2
29865 2
29866 3
29867 1
29868 2
29869 0
29870 2
29871 1
29872 0
29873 0
29874 2
29875 2
29876 1
29877 1
29878 0
29879 2
29880 1
29881 0
29882 0
29883 3
29884 0
29885 1
29886 2
29887 1
29888 2
29889 2
29890 2
29891 2
29892 1
29893 0
29894 0
29895 1
29896 0
29897 3
29898 2
29899 1
29900 1
29901 3
29902 0
29903 1
29904 0
29905 3
29906 1
29907 0
29908 2
29909 1
29910 0
29911 0
29912 1
29913 0
29914 0
29915 0
29916 0
29917 2
29918 1
29919 0
29920 1
29921 2
29922 0
29923 1
29924 0
29925 1
29926 0
29927 1
29928 1
29929 2
29930 0
29931 2
29932 2
29933 1
29934 0
29935 1
29936 1
29937 0
29938 2
29939 0
29940 1
29941 1
29942 1
29943 1
29944 1
29945 2
29946 1
29947 2
29948 1
29949 3
29950 2
29951 1
29952 1
29953 1
29954 1
29955 1
29956 2
29957 1
29958 3
29959 1
29960 1
29961 0
29962 2
29963 0
29964 0
29965 3
29966 3
29967 2
29968 0
29969 1
29970 1
29971 1
29972 2
29973 0
29974 2
29975 1
29976 2
29977 1
29978 0
29979 1
29980 2
29981 2
29982 2
29983 1
29984 0
29985 1
29986 0
29987 2
29988 2
29989 1
29990 0
29991 2
29992 0
29993 2
29994 2
29995 1
29996 1
29997 0
29998 3
29999 1
30000 0
30001 0
30002 1
30003 1
30004 2
30005 0
30006 0
30007 2
30008 2
30009 2
30010 1
30011 2
30012 3
30013 2
30014 3
30015 0
30016 1
30017 0
30018 2
30019 1
30020 0
30021 2
30022 0
30023 0
30024 1
30025 1
30026 1
30027 3
30028 2
30029 0
30030 0
30031 2
30032 2
30033 1
30034 1
30035 1
30036 0
30037 1
30038 2
30039 0
30040 1
30041 1
30042 0
30043 0
30044 2
30045 0
30046 0
30047 1
30048 0
30049 0
30050 0
30051 1
30052 2
30053 0
30054 1
30055 0
30056 0
30057 1
30058 0
30059 1
30060 2
30061 0
30062 1
30063 3
30064 3
30065 1
30066 0
30067 1
30068 0
30069 2
30070 0
30071 1
30072 0
30073 0
30074 1
30075 0
30076 1
30077 1
30078 1
30079 0
30080 0
30081 0
30082 1
30083 1
30084 2
30085 1
30086 0
30087 0
30088 2
30089 1
30090 0
30091 1
30092 1
30093 1
30094 2
30095 0
30096 2
30097 0
30098 0
30099 1
30100 0
30101 1
30102 1
30103 2
30104 0
30105 1
30106 0
30107 1
30108 2
30109 2
30110 2
30111 2
30112 2
30113 0
30114 0
30115 0
30116 1
30117 1
30118 0
30119 1
30120 0
30121 0
30122 0
30123 1
30124 1
30125 1
30126 1
30127 3
30128 2
30129 2
30130 1
30131 0
30132 0
30133 0
30134 0
30135 2
30136 1
30137 0
30138 2
30139 0
30140 2
30141 1
30142 1
30143 1
30144 2
30145 1
30146 0
30147 0
30148 1
30149 1
30150 0
30151 0
30152 1
30153 2
30154 0
30155 1
30156 1
30157 0
30158 2
30159 0
30160 1
30161 1
30162 3
30163 3
30164 1
30165 2
30166 1
30167 1
30168 1
30169 0
30170 2
30171 0
30172 1
30173 0
30174 2
30175 2
30176 2
30177 0
30178 2
30179 2
30180 2
30181 2
30182 2
30183 3
30184 1
30185 2
30186 2
30187 0
30188 0
30189 1
30190 2
30191 1
30192 0
30193 1
30194 1
30195 2
30196 0
30197 0
30198 1
30199 0
30200 1
30201 3
30202 2
30203 1
30204 0
30205 2
30206 0
30207 2
30208 1
30209 2
30210 2
30211 0
30212 1
30213 0
30214 2
30215 1
30216 0
30217 0
30218 1
30219 1
30220 2
30221 1
30222 1
30223 0
30224 1
30225 0
30226 2
30227 2
30228 0
30229 3
30230 0
30231 3
30232 0
30233 1
30234 2
30235 1
30236 2
30237 1
30238 0
30239 1
30240 2
30241 1
30242 1
30243 0
30244 1
30245 0
30246 2
30247 1
30248 2
30249 1
30250 1
30251 1
30252 2
30253 1
30254 0
30255 1
30256 1
30257 0
30258 1
30259 0
30260 0
30261 1
30262 1
30263 2
30264 1
30265 2
30266 0
30267 1
30268 2
30269 2
30270 1
30271 2
30272 3
30273 0
30274 1
30275 2
30276 2
30277 1
30278 0
30279 0
30280 1
30281 3
30282 2
30283 1
30284 3
30285 0
30286 1
30287 1
30288 1
30289 1
30290 2
30291 0
30292 0
30293 0
30294 2
30295 1
30296 2
30297 1
30298 1
30299 1
30300 0
30301 1
30302 0
30303 1
30304 0
30305 0
30306 0
30307 1
30308 2
30309 1
30310 2
30311 1
30312 0
30313 0
30314 1
30315 3
30316 1
30317 2
30318 2
30319 0
30320 3
30321 2
30322 0
30323 2
30324 2
30325 0
30326 1
30327 0
30328 1
30329 0
30330 0
30331 0
30332 2
30333 0
30334 0
30335 1
30336 2
30337 0
30338 1
30339 0
30340 2
30341 0
30342 2
30343 0
30344 3
30345 1
30346 2
30347 0
30348 0
30349 0
30350 1
30351 3
30352 2
30353 1
30354 1
30355 2
30356 3
30357 2
30358 2
30359 1
30360 0
30361 2
30362 0
30363 1
30364 2
30365 1
30366 1
30367 0
30368 0
30369 0
30370 1
30371 0
30372 2
30373 1
30374 1
30375 1
30376 0
30377 1
30378 2
30379 1
30380 1
30381 0
30382 2
30383 1
30384 0
30385 2
30386 0
30387 1
30388 1
30389 1
30390 1
30391 0
30392 1
30393 1
30394 1
30395 2
30396 3
30397 1
30398 2
30399 1
30400 1
30401 1
30402 0
30403 0
30404 3
30405 3
30406 3
30407 2
30408 2
30409 1
30410 3
30411 1
30412 1
30413 0
30414 1
30415 2
30416 1
30417 1
30418 1
30419 0
30420 1
30421 0
30422 1
30423 3
30424 0
30425 2
30426 2
30427 0
30428 0
30429 2
30430 0
30431 0
30432 2
30433 3
30434 2
30435 2
30436 0
30437 0
30438 0
30439 0
30440 0
30441 2
30442 1
30443 1
30444 1
30445 2
30446 0
30447 1
30448 1
30449 0
30450 0
30451 0
30452 0
30453 1
30454 1
30455 0
30456 0
30457 0
30458 2
30459 0
30460 0
30461 1
30462 1
30463 0
30464 3
30465 2
30466 3
30467 1
30468 0
30469 1
30470 2
30471 0
30472 3
30473 2
30474 0
30475 1
30476 1
30477 2
30478 2
30479 0
30480 0
30481 2
30482 0
30483 0
30484 2
30485 1
30486 0
30487 1
30488 1
30489 1
30490 2
30491 1
30492 1
30493 1
30494 2
30495 1
30496 1
30497 1
30498 0
30499 1
30500 0
30501 1
30502 3
30503 0
30504 2
30505 0
30506 2
30507 0
30508 1
30509 2
30510 0
30511 0
30512 0
30513 0
30514 3
30515 2
30516 0
30517 1
30518 2
30519 1
30520 1
30521 2
30522 2
30523 0
30524 2
30525 1
30526 1
30527 1
30528 0
30529 3
30530 1
30531 1
30532 2
30533 1
30534 1
30535 2
30536 2
30537 1
30538 1
30539 1
30540 0
30541 2
30542 2
30543 1
30544 2
30545 1
30546 0
30547 0
30548 0
30549 2
30550 1
30551 1
30552 2
30553 2
30554 1
30555 0
30556 1
30557 0
30558 0
30559 1
30560 1
30561 0
30562 1
30563 2
30564 0
30565 2
30566 0
30567 1
30568 0
30569 2
30570 2
30571 1
30572 1
30573 2
30574 2
30575 2
30576 2
30577 0
30578 2
30579 0
30580 2
30581 0
30582 0
30583 0
30584 0
30585 0
30586 2
30587 2
30588 0
30589 2
30590 1
30591 0
30592 1
30593 1
30594 0
30595 0
30596 1
30597 3
30598 1
30599 1
30600 2
30601 0
30602 1
30603 1
30604 1
30605 1
30606 2
30607 1
30608 2
30609 2
30610 0
30611 3
30612 2
30613 2
30614 0
30615 0
30616 2
30617 2
30618 0
30619 0
30620 2
30621 2
30622 1
30623 1
30624 2
30625 1
30626 0
30627 2
30628 2
30629 2
30630 0
30631 0
30632 2
30633 2
30634 2
30635 1
30636 0
30637 0
30638 0
30639 0
30640 0
30641 0
30642 0
30643 0
30644 1
30645 2
30646 0
30647 2
30648 1
30649 1
30650 0
30651 0
30652 0
30653 2
30654 2
30655 1
30656 2
30657 0
30658 1
30659 0
30660 1
30661 1
30662 0
30663 0
30664 1
30665 2
30666 1
30667 0
30668 0
30669 0
30670 2
30671 2
30672 0
30673 0
30674 2
30675 0
30676 1
30677 2
30678 1
30679 0
30680 0
30681 1
30682 0
30683 1
30684 1
30685 1
30686 0
30687 2
30688 1
30689 2
30690 0
30691 2
30692 1
30693 2
30694 1
30695 1
30696 1
30697 0
30698 1
30699 0
30700 1
30701 1
30702 1
30703 1
30704 0
30705 1
30706 0
30707 1
30708 0
30709 1
30710 0
30711 0
30712 1
30713 1
30714 1
30715 1
30716 2
30717 1
30718 1
30719 0
30720 0
30721 0
30722 1
30723 0
30724 1
30725 1
30726 0
30727 1
30728 0
30729 0
30730 0
30731 2
30732 2
30733 0
30734 0
30735 1
30736 0
30737 2
30738 0
30739 2
30740 1
30741 1
30742 0
30743 2
30744 2
30745 0
30746 0
30747 2
30748 2
30749 1
30750 2
30751 1
30752 2
30753 0
30754 1
30755 1
30756 1
30757 0
30758 3
30759 2
30760 1
30761 0
30762 1
30763 1
30764 1
30765 1
30766 0
30767 0
30768 1
30769 1
30770 0
30771 0
30772 0
30773 1
30774 2
30775 2
30776 1
30777 2
30778 1
30779 0
30780 0
30781 0
30782 1
30783 2
30784 1
30785 0
30786 1
30787 1
30788 0
30789 2
30790 1
30791 0
30792 1
30793 1
30794 0
30795 2
30796 2
30797 0
30798 1
30799 1
30800 1
30801 0
30802 2
30803 2
30804 1
30805 2
30806 1
30807 2
30808 0
30809 2
30810 0
30811 2
30812 2
30813 2
30814 0
30815 2
30816 2
30817 1
30818 0
30819 1
30820 1
30821 1
30822 2
30823 0
30824 1
30825 1
30826 1
30827 1
30828 0
30829 1
30830 1
30831 0
30832 2
30833 0
30834 1
30835 1
30836 1
30837 3
30838 1
30839 2
30840 0
30841 0
30842 0
30843 3
30844 0
30845 3
30846 0
30847 2
30848 2
30849 1
30850 2
30851 1
30852 1
30853 1
30854 1
30855 2
30856 3
30857 0
30858 1
30859 0
30860 1
30861 0
30862 1
30863 2
30864 0
30865 1
30866 0
30867 1
30868 1
30869 0
30870 0
30871 0
30872 0
30873 0
30874 1
30875 0
30876 2
30877 1
30878 1
30879 1
30880 0
30881 0
30882 0
30883 0
30884 0
30885 1
30886 1
30887 0
30888 2
30889 2
30890 2
30891 1
30892 1
30893 2
30894 0
30895 2
30896 0
30897 0
30898 2
30899 0
30900 1
30901 2
30902 1
30903 1
30904 1
30905 1
30906 0
30907 2
30908 0
30909 2
30910 0
30911 1
30912 2
30913 0
30914 2
30915 0
30916 0
30917 1
30918 3
30919 0
30920 1
30921 0
30922 1
30923 2
30924 1
30925 1
30926 1
30927 1
30928 0
30929 1
30930 1
30931 2
30932 3
30933 0
30934 2
30935 1
30936 2
30937 0
30938 2
30939 2
30940 0
30941 1
30942 2
30943 2
30944 0
30945 2
30946 0
30947 0
30948 0
30949 0
30950 3
30951 1
30952 2
30953 2
30954 1
30955 0
30956 1
30957 1
30958 0
30959 2
30960 0
30961 0
30962 0
30963 3
30964 0
30965 1
30966 0
30967 2
30968 2
30969 1
30970 2
30971 2
30972 0
30973 1
30974 1
30975 1
30976 1
30977 0
30978 2
30979 2
30980 2
30981 1
30982 1
30983 2
30984 3
30985 1
30986 1
30987 1
30988 0
30989 0
30990 1
30991 0
30992 2
30993 2
30994 2
30995 0
30996 1
30997 2
30998 0
30999 1
31000 1
31001 1
31002 1
31003 0
31004 1
31005 0
31006 2
31007 2
31008 1
31009 1
31010 0
31011 0
31012 2
31013 0
31014 0
31015 1
31016 3
31017 0
31018 1
31019 2
31020 0
31021 1
31022 2
31023 1
31024 1
31025 2
31026 0
31027 0
31028 2
31029 1
31030 0
31031 0
31032 1
31033 2
31034 0
31035 2
31036 1
31037 2
31038 1
31039 0
31040 3
31041 0
31042 0
31043 0
31044 0
31045 1
31046 2
31047 0
31048 1
31049 0
31050 2
31051 0
31052 1
31053 2
31054 2
31055 0
31056 2
31057 1
31058 1
31059 0
31060 2
31061 2
31062 0
31063 2
31064 0
31065 1
31066 1
31067 1
31068 0
31069 1
31070 1
31071 1
31072 0
31073 0
31074 2
31075 1
31076 1
31077 0
31078 0
31079 2
31080 0
31081 1
31082 0
31083 2
31084 2
31085 1
31086 2
31087 1
31088 2
31089 0
31090 1
31091 0
31092 0
31093 1
31094 1
31095 0
31096 1
31097 2
31098 1
31099 0
31100 1
31101 1
31102 2
31103 1
31104 1
31105 0
31106 1
31107 1
31108 2
31109 0
31110 1
31111 1
31112 1
31113 0
31114 0
31115 1
31116 1
31117 1
31118 0
31119 0
31120 2
31121 1
31122 0
31123 1
31124 0
31125 3
31126 3
31127 0
31128 1
31129 0
31130 0
31131 1
31132 0
31133 0
31134 0
31135 1
31136 1
31137 1
31138 2
31139 1
31140 1
31141 0
31142 0
31143 2
31144 0
31145 0
31146 0
31147 0
31148 0
31149 0
31150 2
31151 0
31152 2
31153 0
31154 1
31155 3
31156 2
31157 2
31158 1
31159 1
31160 0
31161 1
31162 0
31163 2
31164 2
31165 0
31166 0
31167 1
31168 1
31169 2
31170 0
31171 2
31172 0
31173 0
31174 0
31175 0
31176 0
31177 1
31178 2
31179 1
31180 2
31181 1
31182 0
31183 2
31184 2
31185 3
31186 0
31187 0
31188 1
31189 2
31190 2
31191 1
31192 0
31193 2
31194 1
31195 0
31196 2
31197 0
31198 1
31199 2
31200 1
31201 1
31202 2
31203 2
31204 1
31205 1
31206 2
31207 1
31208 2
31209 2
31210 2
31211 1
31212 2
31213 1
31214 2
31215 2
31216 0
31217 1
31218 0
31219 2
31220 3
31221 0
31222 1
31223 3
31224 1
31225 1
31226 0
31227 0
31228 0
31229 1
31230 1
31231 0
31232 2
31233 2
31234 2
31235 1
31236 2
31237 0
31238 1
31239 1
31240 2
31241 2
31242 0
31243 2
31244 2
31245 0
31246 3
31247 0
31248 3
31249 1
31250 3
31251 2
31252 0
31253 0
31254 0
31255 1
31256 0
31257 1
31258 0
31259 2
31260 1
31261 1
31262 0
31263 1
31264 0
31265 1
31266 1
31267 0
31268 2
31269 2
31270 0
31271 0
31272 2
31273 3
31274 1
31275 3
31276 2
31277 0
31278 2
31279 0
31280 0
31281 2
31282 2
31283 1
31284 0
31285 1
31286 2
31287 1
31288 0
31289 2
31290 0
31291 1
31292 0
31293 1
31294 0
31295 1
31296 2
31297 2
31298 1
31299 0
31300 3
31301 1
31302 1
31303 2
31304 2
31305 0
31306 1
31307 0
31308 2
31309 1
31310 0
31311 2
31312 1
31313 0
31314 1
31315 0
31316 1
31317 1
31318 2
31319 1
31320 0
31321 0
31322 1
31323 0
31324 1
31325 3
31326 2
31327 1
31328 0
31329 2
31330 0
31331 1
31332 2
31333 2
31334 2
31335 1
31336 0
31337 1
31338 0
31339 0
31340 0
31341 1
31342 0
31343 1
31344 2
31345 2
31346 0
31347 1
31348 0
31349 0
31350 2
31351 0
31352 1
31353 2
31354 1
31355 2
31356 2
31357 3
31358 0
31359 1
31360 2
31361 1
31362 2
31363 1
31364 1
31365 1
31366 1
31367 0
31368 1
31369 2
31370 0
31371 2
31372 1
31373 2
31374 1
31375 2
31376 3
31377 0
31378 0
31379 0
31380 1
31381 3
31382 1
31383 1
31384 1
31385 1
31386 2
31387 2
31388 0
31389 0
31390 0
31391 2
31392 1
31393 1
31394 0
31395 1
31396 3
31397 0
31398 2
31399 2
31400 2
31401 2
31402 1
31403 1
31404 0
31405 1
31406 0
31407 1
31408 0
31409 0
31410 1
31411 1
31412 1
31413 2
31414 1
31415 2
31416 0
31417 2
31418 2
31419 1
31420 0
31421 1
31422 0
31423 0
31424 1
31425 1
31426 0
31427 1
31428 3
31429 1
31430 2
31431 3
31432 0
31433 0
31434 2
31435 2
31436 1
31437 2
31438 1
31439 2
31440 1
31441 1
31442 0
31443 0
31444 2
31445 1
31446 1
31447 1
31448 2
31449 1
31450 0
31451 1
31452 2
31453 2
31454 0
31455 0
31456 0
31457 0
31458 3
31459 1
31460 1
31461 1
31462 0
31463 0
31464 0
31465 2
31466 1
31467 3
31468 1
31469 0
31470 2
31471 1
31472 0
31473 1
31474 0
31475 0
31476 1
31477 2
31478 1
31479 1
31480 2
31481 1
31482 2
31483 2
31484 3
31485 0
31486 0
31487 2
31488 2
31489 2
31490 0
31491 0
31492 1
31493 2
31494 0
31495 0
31496 3
31497 1
31498 2
31499 2
31500 0
31501 1
31502 2
31503 1
31504 1
31505 2
31506 0
31507 2
31508 2
31509 1
31510 2
31511 1
31512 0
31513 1
31514 1
31515 0
31516 0
31517 0
31518 1
31519 1
31520 1
31521 1
31522 0
31523 0
31524 0
31525 1
31526 0
31527 0
31528 0
31529 2
31530 0
31531 2
31532 0
31533 1
31534 2
31535 0
31536 2
31537 2
31538 2
31539 2
31540 0
31541 0
31542 2
31543 1
31544 1
31545 2
31546 2
31547 2
31548 2
31549 2
31550 1
31551 2
31552 0
31553 4
31554 0
31555 3
31556 0
31557 1
31558 2
31559 1
31560 0
31561 1
31562 0
31563 1
31564 1
31565 1
31566 0
31567 2
31568 0
31569 1
31570 0
31571 1
31572 1
31573 1
31574 0
31575 2
31576 2
31577 2
31578 2
31579 0
31580 2
31581 0
31582 3
31583 1
31584 1
31585 0
31586 2
31587 2
31588 0
31589 2
31590 1
31591 1
31592 2
31593 2
31594 0
31595 0
31596 1
31597 2
31598 0
31599 0
31600 0
31601 1
31602 1
31603 2
31604 1
31605 2
31606 2
31607 1
31608 0
31609 0
31610 2
31611 2
31612 0
31613 2
31614 1
31615 1
31616 2
31617 2
31618 2
31619 0
31620 1
31621 0
31622 0
31623 1
31624 0
31625 2
31626 1
31627 0
31628 2
31629 0
31630 3
31631 2
31632 1
31633 2
31634 1
31635 0
31636 2
31637 0
31638 1
31639 0
31640 1
31641 1
31642 0
31643 1
31644 0
31645 2
31646 1
31647 1
31648 0
31649 2
31650 2
31651 0
31652 2
31653 2
31654 0
31655 1
31656 2
31657 0
31658 3
31659 0
31660 0
31661 2
31662 2
31663 1
31664 1
31665 0
31666 3
31667 3
31668 2
31669 0
31670 2
31671 1
31672 2
31673 2
31674 0
31675 1
31676 2
31677 1
31678 1
31679 0
31680 2
31681 2
31682 1
31683 0
31684 2
31685 2
31686 0
31687 1
31688 0
31689 2
31690 1
31691 2
31692 2
31693 0
31694 0
31695 1
31696 1
31697 0
31698 1
31699 0
31700 0
31701 2
31702 2
31703 3
31704 1
31705 1
31706 0
31707 0
31708 1
31709 2
31710 0
31711 2
31712 0
31713 1
31714 2
31715 1
31716 1
31717 1
31718 3
31719 1
31720 2
31721 1
31722 0
31723 2
31724 2
31725 0
31726 2
31727 2
31728 3
31729 0
31730 2
31731 1
31732 0
31733 0
31734 2
31735 0
31736 0
31737 2
31738 3
31739 0
31740 1
31741 1
31742 2
31743 2
31744 0
31745 2
31746 0
31747 0
31748 1
31749 2
31750 3
31751 0
31752 0
31753 1
31754 0
31755 2
31756 0
31757 3
31758 0
31759 2
31760 0
31761 0
31762 2
31763 0
31764 2
31765 2
31766 2
31767 1
31768 0
31769 0
31770 3
31771 1
31772 2
31773 2
31774 2
31775 1
31776 2
31777 3
31778 0
31779 0
31780 1
31781 1
31782 3
31783 1
31784 2
31785 0
31786 0
31787 0
31788 0
31789 0
31790 0
31791 0
31792 0
31793 1
31794 2
31795 0
31796 2
31797 1
31798 0
31799 2
31800 0
31801 2
31802 2
31803 0
31804 0
31805 2
31806 1
31807 2
31808 3
31809 0
31810 1
31811 2
31812 1
31813 1
31814 0
31815 0
31816 2
31817 0
31818 0
31819 1
31820 0
31821 3
31822 2
31823 1
31824 0
31825 2
31826 2
31827 1
31828 1
31829 1
31830 2
31831 1
31832 2
31833 1
31834 1
31835 2
31836 0
31837 2
31838 0
31839 1
31840 1
31841 1
31842 2
31843 1
31844 3
31845 0
31846 0
31847 1
31848 0
31849 1
31850 1
31851 0
31852 0
31853 0
31854 3
31855 1
31856 0
31857 2
31858 0
31859 2
31860 2
31861 0
31862 1
31863 3
31864 2
31865 1
31866 0
31867 1
31868 1
31869 0
31870 2
31871 1
31872 1
31873 2
31874 2
31875 1
31876 0
31877 1
31878 2
31879 0
31880 0
31881 1
31882 0
31883 0
31884 1
31885 0
31886 1
31887 0
31888 1
31889 0
31890 0
31891 1
31892 2
31893 2
31894 0
31895 1
31896 2
31897 0
31898 0
31899 1
31900 0
31901 0
31902 0
31903 2
31904 2
31905 2
31906 0
31907 1
31908 0
31909 0
31910 0
31911 3
31912 0
31913 0
31914 0
31915 0
31916 0
31917 0
31918 0
31919 1
31920 1
31921 0
31922 1
31923 1
31924 1
31925 1
31926 2
31927 0
31928 0
31929 1
31930 1
31931 2
31932 1
31933 1
31934 1
31935 2
31936 1
31937 0
31938 2
31939 2
31940 2
31941 1
31942 0
31943 0
31944 1
31945 0
31946 1
31947 1
31948 0
31949 1
31950 2
31951 1
31952 3
31953 2
31954 1
31955 1
31956 3
31957 2
31958 0
31959 2
31960 0
31961 0
31962 0
31963 2
31964 0
31965 3
31966 1
31967 3
31968 2
31969 1
31970 2
31971 1
31972 0
31973 1
31974 1
31975 0
31976 2
31977 3
31978 0
31979 2
31980 0
31981 1
31982 2
31983 2
31984 0
31985 2
31986 0
31987 0
31988 1
31989 0
31990 0
31991 0
31992 2
31993 0
31994 2
31995 1
31996 1
31997 0
31998 0
31999 1
32000 0
32001 1
32002 2
32003 0
32004 2
32005 2
32006 0
32007 3
32008 1
32009 0
32010 0
32011 1
32012 3
32013 0
32014 0
32015 1
32016 1
32017 2
32018 1
32019 2
32020 2
32021 0
32022 2
32023 2
32024 1
32025 3
32026 0
32027 1
32028 0
32029 0
32030 1
32031 1
32032 3
32033 0
32034 1
32035 1
32036 0
32037 0
32038 1
32039 0
32040 2
32041 2
32042 2
32043 2
32044 0
32045 0
32046 2
32047 1
32048 0
32049 0
32050 1
32051 3
32052 0
32053 0
32054 1
32055 1
32056 1
32057 3
32058 2
32059 1
32060 1
32061 2
32062 0
32063 1
32064 0
32065 1
32066 2
32067 0
32068 2
32069 0
32070 3
32071 1
32072 2
32073 0
32074 3
32075 1
32076 2
32077 1
32078 0
32079 1
32080 2
32081 1
32082 0
32083 1
32084 1
32085 1
32086 1
32087 1
32088 0
32089 0
32090 0
32091 0
32092 3
32093 1
32094 2
32095 0
32096 0
32097 0
32098 2
32099 1
32100 1
32101 0
32102 1
32103 2
32104 0
32105 2
32106 1
32107 1
32108 2
32109 3
32110 0
32111 1
32112 2
32113 0
32114 2
32115 2
32116 0
32117 2
32118 0
32119 1
32120 1
32121 2
32122 2
32123 1
32124 3
32125 0
32126 0
32127 2
32128 1
32129 1
32130 0
32131 3
32132 1
32133 1
32134 1
32135 2
32136 1
32137 2
32138 1
32139 3
32140 0
32141 2
32142 1
32143 0
32144 2
32145 2
32146 1
32147 2
32148 0
32149 0
32150 0
32151 0
32152 2
32153 2
32154 1
32155 1
32156 0
32157 0
32158 1
32159 1
32160 0
32161 0
32162 0
32163 0
32164 0
32165 1
32166 2
32167 2
32168 1
32169 0
32170 1
32171 2
32172 1
32173 1
32174 2
32175 0
32176 1
32177 2
32178 2
32179 2
32180 0
32181 0
32182 0
32183 2
32184 1
32185 1
32186 1
32187 2
32188 0
32189 1
32190 1
32191 1
32192 0
32193 1
32194 2
32195 1
32196 0
32197 2
32198 1
32199 1
32200 0
32201 1
32202 2
32203 0
32204 1
32205 0
32206 0
32207 0
32208 1
32209 3
32210 2
32211 0
32212 0
32213 1
32214 1
32215 1
32216 3
32217 1
32218 0
32219 1
32220 1
32221 2
32222 2
32223 0
32224 1
32225 2
32226 0
32227 2
32228 1
32229 1
32230 2
32231 2
32232 2
32233 2
32234 2
32235 0
32236 2
32237 1
32238 1
32239 2
32240 1
32241 1
32242 0
32243 2
32244 2
32245 1
32246 2
32247 1
32248 1
32249 1
32250 2
32251 1
32252 0
32253 2
32254 0
32255 2
32256 1
32257 0
32258 2
32259 2
32260 1
32261 1
32262 1
32263 1
32264 1
32265 3
32266 0
32267 1
32268 1
32269 1
32270 2
32271 0
32272 1
32273 2
32274 0
32275 2
32276 1
32277 2
32278 0
32279 2
32280 2
32281 1
32282 2
32283 0
32284 2
32285 1
32286 0
32287 1
32288 2
32289 2
32290 2
32291 0
32292 1
32293 0
32294 0
32295 0
32296 1
32297 0
32298 0
32299 0
32300 0
32301 2
32302 1
32303 2
32304 3
32305 0
32306 1
32307 0
32308 2
32309 1
32310 1
32311 0
32312 2
32313 2
32314 0
32315 1
32316 3
32317 0
32318 1
32319 2
32320 2
32321 1
32322 2
32323 2
32324 1
32325 3
32326 2
32327 0
32328 2
32329 0
32330 1
32331 0
32332 0
32333 2
32334 2
32335 2
32336 2
32337 2
32338 1
32339 3
32340 1
32341 1
32342 1
32343 2
32344 1
32345 0
32346 0
32347 0
32348 2
32349 1
32350 0
32351 1
32352 1
32353 0
32354 0
32355 1
32356 1
32357 0
32358 1
32359 3
32360 0
32361 1
32362 1
32363 0
32364 0
32365 3
32366 2
32367 2
32368 1
32369 0
32370 0
32371 1
32372 1
32373 1
32374 1
32375 2
32376 1
32377 1
32378 1
32379 3
32380 2
32381 1
32382 2
32383 0
32384 2
32385 0
32386 1
32387 1
32388 1
32389 0
32390 0
32391 0
32392 2
32393 1
32394 1
32395 1
32396 0
32397 1
32398 0
32399 1
32400 1
32401 2
32402 1
32403 0
32404 0
32405 2
32406 0
32407 1
32408 0
32409 1
32410 1
32411 1
32412 0
32413 1
32414 0
32415 0
32416 0
32417 0
32418 0
32419 2
32420 0
32421 1
32422 1
32423 1
32424 0
32425 1
32426 0
32427 3
32428 1
32429 0
32430 0
32431 2
32432 0
32433 1
32434 1
32435 1
32436 1
32437 1
32438 0
32439 0
32440 0
32441 0
32442 1
32443 0
32444 0
32445 0
32446 1
32447 0
32448 1
32449 1
32450 0
32451 0
32452 2
32453 1
32454 1
32455 2
32456 2
32457 1
32458 0
32459 2
32460 1
32461 0
32462 0
32463 1
32464 1
32465 1
32466 0
32467 0
32468 2
32469 0
32470 1
32471 0
32472 0
32473 2
32474 1
32475 1
32476 1
32477 0
32478 1
32479 2
32480 2
32481 2
32482 0
32483 1
32484 2
32485 3
32486 1
32487 1
32488 2
32489 1
32490 1
32491 2
32492 0
32493 0
32494 1
32495 1
32496 0
32497 1
32498 0
32499 0
32500 1
32501 0
32502 0
32503 2
32504 0
32505 0
32506 1
32507 0
32508 3
32509 0
32510 2
32511 1
32512 1
32513 1
32514 0
32515 1
32516 2
32517 2
32518 2
32519 1
32520 1
32521 2
32522 2
32523 1
32524 1
32525 1
32526 0
32527 0
32528 0
32529 1
32530 0
32531 2
32532 0
32533 1
32534 1
32535 1
32536 1
32537 0
32538 0
32539 0
32540 0
32541 0
32542 1
32543 1
32544 0
32545 0
32546 2
32547 0
32548 1
32549 1
32550 1
32551 0
32552 1
32553 1
32554 1
32555 0
32556 0
32557 1
32558 0
32559 2
32560 0
32561 1
32562 1
32563 0
32564 0
32565 0
32566 2
32567 2
32568 2
32569 1
32570 1
32571 1
32572 1
32573 1
32574 2
32575 0
32576 1
32577 2
32578 1
32579 0
32580 2
32581 1
32582 0
32583 1
32584 0
32585 2
32586 2
32587 0
32588 2
32589 0
32590 2
32591 3
32592 2
32593 0
32594 1
32595 0
32596 1
32597 0
32598 0
32599 2
32600 2
32601 3
32602 0
32603 1
32604 0
32605 0
32606 2
32607 2
32608 0
32609 1
32610 1
32611 0
32612 0
32613 0
32614 0
32615 1
32616 1
32617 2
32618 2
32619 1
32620 2
32621 0
32622 1
32623 1
32624 2
32625 1
32626 2
32627 3
32628 0
32629 3
32630 0
32631 0
32632 2
32633 2
32634 1
32635 0
32636 1
32637 0
32638 1
32639 0
32640 0
32641 2
32642 1
32643 0
32644 1
32645 1
32646 2
32647 1
32648 1
32649 1
32650 1
32651 0
32652 0
32653 1
32654 1
32655 0
32656 0
32657 0
32658 0
32659 1
32660 2
32661 0
32662 1
32663 0
32664 2
32665 2
32666 1
32667 2
32668 3
32669 0
32670 1
32671 3
32672 0
32673 1
32674 0
32675 1
32676 1
32677 1
32678 2
32679 1
32680 1
32681 2
32682 0
32683 1
32684 2
32685 0
32686 2
32687 2
32688 0
32689 1
32690 1
32691 1
32692 0
32693 2
32694 3
32695 2
32696 0
32697 1
32698 0
32699 1
32700 0
32701 1
32702 0
32703 0
32704 2
32705 3
32706 2
32707 0
32708 2
32709 2
32710 1
32711 1
32712 1
32713 0
32714 0
32715 2
32716 0
32717 1
32718 0
32719 1
32720 1
32721 2
32722 1
32723 1
32724 2
32725 1
32726 2
32727 3
32728 1
32729 0
32730 0
32731 2
32732 0
32733 1
32734 0
32735 1
32736 1
32737 0
32738 0
32739 1
32740 1
32741 1
32742 0
32743 0
32744 1
32745 2
32746 1
32747 2
32748 2
32749 1
32750 3
32751 2
32752 0
32753 0
32754 1
32755 1
32756 0
32757 2
32758 0
32759 1
32760 1
32761 1
32762 2
32763 1
32764 1
32765 0
32766 0
32767 2
32768 2
32769 1
32770 0
32771 2
32772 1
32773 0
32774 0
32775 0
32776 1
32777 2
32778 0
32779 1
32780 1
32781 1
32782 1
32783 2
32784 0
32785 2
32786 1
32787 1
32788 2
32789 0
32790 1
32791 1
32792 2
32793 1
32794 0
32795 1
32796 1
32797 3
32798 1
32799 1
32800 1
32801 1
32802 0
32803 0
32804 0
32805 1
32806 2
32807 2
32808 0
32809 2
32810 0
32811 2
32812 0
32813 0
32814 0
32815 0
32816 0
32817 0
32818 0
32819 2
32820 0
32821 2
32822 2
32823 0
32824 0
32825 2
32826 2
32827 2
32828 0
32829 0
32830 1
32831 0
32832 0
32833 0
32834 2
32835 2
32836 1
32837 0
32838 1
32839 1
32840 0
32841 1
32842 0
32843 0
32844 2
32845 2
32846 2
32847 0
32848 2
32849 0
32850 0
32851 1
32852 2
32853 3
32854 0
32855 2
32856 2
32857 1
32858 0
32859 0
32860 0
32861 1
32862 0
32863 2
32864 0
32865 2
32866 0
32867 1
32868 0
32869 1
32870 0
32871 2
32872 0
32873 1
32874 2
32875 0
32876 1
32877 0
32878 0
32879 2
32880 1
32881 1
32882 1
32883 1
32884 1
32885 0
32886 1
32887 0
32888 0
32889 1
32890 0
32891 1
32892 2
32893 2
32894 3
32895 1
32896 2
32897 3
32898 2
32899 2
32900 0
32901 1
32902 0
32903 0
32904 1
32905 1
32906 1
32907 2
32908 0
32909 2
32910 2
32911 1
32912 3
32913 0
32914 2
32915 0
32916 1
32917 1
32918 0
32919 0
32920 1
32921 1
32922 1
32923 1
32924 0
32925 0
32926 1
32927 2
32928 0
32929 0
32930 1
32931 0
32932 1
32933 1
32934 1
32935 2
32936 2
32937 1
32938 2
32939 0
32940 0
32941 1
32942 0
32943 1
32944 2
32945 1
32946 0
32947 0
32948 1
32949 0
32950 1
32951 2
32952 0
32953 1
32954 1
32955 0
32956 1
32957 0
32958 2
32959 2
32960 1
32961 2
32962 0
32963 0
32964 0
32965 0
32966 0
32967 2
32968 2
32969 2
32970 1
32971 1
32972 0
32973 2
32974 1
32975 1
32976 2
32977 0
32978 1
32979 1
32980 2
32981 0
32982 1
32983 1
32984 0
32985 2
32986 2
32987 3
32988 3
32989 0
32990 0
32991 2
32992 0
32993 1
32994 2
32995 1
32996 3
32997 0
32998 1
32999 1
33000 2
33001 0
33002 2
33003 1
33004 1
33005 0
33006 1
33007 1
33008 2
33009 2
33010 0
33011 2
33012 0
33013 0
33014 0
33015 2
33016 1
33017 0
33018 1
33019 0
33020 0
33021 0
33022 1
33023 1
33024 3
33025 0
33026 1
33027 1
33028 1
33029 0
33030 2
33031 1
33032 1
33033 2
33034 2
33035 1
33036 2
33037 1
33038 0
33039 1
33040 0
33041 0
33042 0
33043 1
33044 1
33045 2
33046 1
33047 0
33048 1
33049 0
33050 0
33051 0
33052 2
33053 0
33054 1
33055 1
33056 1
33057 0
33058 0
33059 0
33060 1
33061 0
33062 0
33063 2
33064 2
33065 1
33066 0
33067 1
33068 0
33069 3
33070 2
33071 1
33072 0
33073 0
33074 0
33075 0
33076 1
33077 2
33078 2
33079 0
33080 0
33081 0
33082 0
33083 1
33084 0
33085 0
33086 1
33087 1
33088 2
33089 1
33090 3
33091 1
33092 1
33093 0
33094 1
33095 2
33096 1
33097 0
33098 2
33099 0
33100 1
33101 0
33102 0
33103 0
33104 1
33105 0
33106 1
33107 0
33108 1
33109 0
33110 0
33111 2
33112 0
33113 2
33114 2
33115 2
33116 1
33117 1
33118 1
33119 1
33120 0
33121 1
33122 1
33123 1
33124 3
33125 0
33126 2
33127 2
33128 0
33129 1
33130 1
33131 0
33132 2
33133 0
33134 1
33135 2
33136 0
33137 1
33138 1
33139 2
33140 2
33141 2
33142 1
33143 0
33144 0
33145 0
33146 1
33147 2
33148 1
33149 0
33150 0
33151 2
33152 1
33153 2
33154 0
33155 0
33156 1
33157 1
33158 1
33159 0
33160 2
33161 0
33162 2
33163 2
33164 1
33165 1
33166 2
33167 0
33168 1
33169 1
33170 2
33171 1
33172 3
33173 1
33174 1
33175 2
33176 2
33177 1
33178 1
33179 2
33180 1
33181 2
33182 0
33183 2
33184 3
33185 0
33186 0
33187 1
33188 1
33189 2
33190 1
33191 2
33192 2
33193 0
33194 0
33195 0
33196 2
33197 1
33198 0
33199 0
33200 1
33201 1
33202 2
33203 2
33204 2
33205 1
33206 0
33207 0
33208 1
33209 0
33210 2
33211 1
33212 2
33213 2
33214 2
33215 0
33216 0
33217 1
33218 0
33219 3
33220 2
33221 2
33222 0
33223 0
33224 1
33225 1
33226 0
33227 3
33228 2
33229 0
33230 3
33231 2
33232 1
33233 2
33234 2
33235 1
33236 1
33237 3
33238 1
33239 3
33240 2
33241 1
33242 0
33243 1
33244 0
33245 1
33246 0
33247 2
33248 2
33249 0
33250 2
33251 0
33252 0
33253 1
33254 0
33255 0
33256 2
33257 2
33258 1
33259 0
33260 3
33261 1
33262 1
33263 3
33264 2
33265 0
33266 1
33267 2
33268 1
33269 2
33270 1
33271 2
33272 3
33273 1
33274 1
33275 1
33276 1
33277 1
33278 2
33279 1
33280 2
33281 2
33282 2
33283 0
33284 1
33285 1
33286 1
33287 0
33288 0
33289 0
33290 0
33291 0
33292 0
33293 0
33294 2
33295 0
33296 0
33297 1
33298 1
33299 0
33300 1
33301 2
33302 0
33303 0
33304 1
33305 0
33306 1
33307 2
33308 2
33309 0
33310 0
33311 0
33312 0
33313 1
33314 1
33315 3
33316 2
33317 1
33318 0
33319 0
33320 1
33321 0
33322 0
33323 1
33324 0
33325 2
33326 0
33327 1
33328 0
33329 0
33330 1
33331 1
33332 2
33333 2
33334 1
33335 0
33336 0
33337 1
33338 2
33339 1
33340 0
33341 1
33342 2
33343 0
33344 1
33345 1
33346 2
33347 0
33348 0
33349 2
33350 1
33351 2
33352 2
33353 1
33354 1
33355 1
33356 2
33357 1
33358 0
33359 3
33360 1
33361 2
33362 1
33363 0
33364 2
33365 2
33366 0
33367 0
33368 0
33369 0
33370 1
33371 2
33372 3
33373 1
33374 2
33375 1
33376 2
33377 0
33378 1
33379 0
33380 0
33381 1
33382 0
33383 2
33384 1
33385 0
33386 0
33387 2
33388 2
33389 2
33390 0
33391 0
33392 1
33393 1
33394 1
33395 2
33396 1
33397 0
33398 3
33399 1
33400 1
33401 0
33402 1
33403 0
33404 0
33405 2
33406 1
33407 2
33408 0
33409 2
33410 3
33411 0
33412 2
33413 2
33414 2
33415 0
33416 1
33417 1
33418 0
33419 2
33420 0
33421 0
33422 2
33423 3
33424 2
33425 1
33426 2
33427 1
33428 2
33429 0
33430 2
33431 2
33432 1
33433 2
33434 2
33435 1
33436 2
33437 2
33438 2
33439 2
33440 2
33441 0
33442 1
33443 2
33444 1
33445 2
33446 0
33447 1
33448 1
33449 0
33450 1
33451 0
33452 0
33453 1
33454 0
33455 2
33456 2
33457 0
33458 3
33459 1
33460 0
33461 0
33462 0
33463 1
33464 2
33465 3
33466 0
33467 0
33468 2
33469 1
33470 0
33471 2
33472 2
33473 2
33474 3
33475 2
33476 1
33477 0
33478 0
33479 0
33480 2
33481 2
33482 0
33483 1
33484 2
33485 0
33486 2
33487 0
33488 0
33489 0
33490 0
33491 1
33492 2
33493 0
33494 1
33495 0
33496 0
33497 1
33498 1
33499 2
33500 0
33501 2
33502 2
33503 0
33504 0
33505 0
33506 2
33507 0
33508 0
33509 1
33510 2
33511 0
33512 0
33513 1
33514 0
33515 0
33516 2
33517 0
33518 2
33519 1
33520 0
33521 1
33522 1
33523 1
33524 0
33525 1
33526 1
33527 2
33528 1
33529 2
33530 2
33531 2
33532 1
33533 1
33534 2
33535 0
33536 0
33537 0
33538 0
33539 1
33540 0
33541 2
33542 0
33543 0
33544 0
33545 0
33546 3
33547 1
33548 0
33549 1
33550 2
33551 0
33552 2
33553 0
33554 1
33555 3
33556 1
33557 2
33558 2
33559 2
33560 0
33561 2
33562 1
33563 1
33564 1
33565 0
33566 2
33567 2
33568 2
33569 2
33570 2
33571 0
33572 1
33573 0
33574 2
33575 0
33576 0
33577 2
33578 0
33579 1
33580 0
33581 1
33582 1
33583 0
33584 0
33585 2
33586 0
33587 0
33588 1
33589 2
33590 2
33591 1
33592 1
33593 0
33594 0
33595 0
33596 0
33597 3
33598 0
33599 1
33600 0
33601 2
33602 2
33603 3
33604 1
33605 2
33606 1
33607 1
33608 1
33609 0
33610 1
33611 2
33612 1
33613 0
33614 1
33615 1
33616 2
33617 0
33618 1
33619 2
33620 1
33621 0
33622 0
33623 2
33624 2
33625 0
33626 1
33627 1
33628 1
33629 0
33630 2
33631 1
33632 2
33633 2
33634 2
33635 0
33636 0
33637 0
33638 1
33639 1
33640 0
33641 0
33642 2
33643 1
33644 1
33645 0
33646 2
33647 0
33648 0
33649 1
33650 0
33651 1
33652 0
33653 2
33654 2
33655 1
33656 0
33657 1
33658 2
33659 1
33660 0
33661 0
33662 0
33663 1
33664 2
33665 2
33666 0
33667 0
33668 0
33669 2
33670 2
33671 1
33672 1
33673 0
33674 0
33675 0
33676 1
33677 0
33678 1
33679 2
33680 0
33681 3
33682 1
33683 0
33684 2
33685 2
33686 1
33687 0
33688 1
33689 0
33690 0
33691 1
33692 0
33693 0
33694 0
33695 1
33696 2
33697 0
33698 0
33699 0
33700 1
33701 2
33702 0
33703 0
33704 0
33705 1
33706 3
33707 0
33708 0
33709 0
33710 0
33711 2
33712 0
33713 0
33714 1
33715 2
33716 1
33717 0
33718 0
33719 1
33720 0
33721 2
33722 2
33723 0
33724 0
33725 2
33726 2
33727 1
33728 0
33729 0
33730 0
33731 1
33732 2
33733 1
33734 0
33735 1
33736 1
33737 1
33738 0
33739 0
33740 2
33741 0
33742 2
33743 0
33744 0
33745 1
33746 2
33747 0
33748 0
33749 1
33750 2
33751 0
33752 1
33753 0
33754 2
33755 2
33756 1
33757 2
33758 0
33759 0
33760 0
33761 1
33762 0
33763 1
33764 2
33765 1
33766 2
33767 1
33768 2
33769 0
33770 2
33771 0
33772 2
33773 1
33774 0
33775 2
33776 1
33777 1
33778 2
33779 2
33780 2
33781 0
33782 0
33783 1
33784 1
33785 2
33786 0
33787 1
33788 2
33789 2
33790 2
33791 0
33792 0
33793 2
33794 2
33795 2
33796 2
33797 0
33798 1
33799 0
33800 0
33801 0
33802 1
33803 1
33804 0
33805 1
33806 0
33807 1
33808 2
33809 2
33810 1
33811 1
33812 2
33813 2
33814 0
33815 2
33816 1
33817 1
33818 1
33819 0
33820 2
33821 2
33822 0
33823 0
33824 1
33825 0
33826 1
33827 0
33828 1
33829 1
33830 2
33831 1
33832 0
33833 1
33834 1
33835 3
33836 2
33837 1
33838 1
33839 1
33840 1
33841 2
33842 1
33843 0
33844 1
33845 0
33846 0
33847 1
33848 1
33849 0
33850 1
33851 0
33852 1
33853 0
33854 1
33855 1
33856 3
33857 0
33858 3
33859 0
33860 0
33861 2
33862 1
33863 1
33864 1
33865 2
33866 1
33867 1
33868 1
33869 1
33870 1
33871 1
33872 2
33873 0
33874 0
33875 1
33876 1
33877 3
33878 0
33879 2
33880 2
33881 2
33882 1
33883 1
33884 2
33885 0
33886 1
33887 0
33888 0
33889 2
33890 0
33891 1
33892 0
33893 1
33894 0
33895 1
33896 3
33897 1
33898 0
33899 2
33900 1
33901 0
33902 2
33903 0
33904 1
33905 1
33906 1
33907 1
33908 3
33909 0
33910 0
33911 1
33912 1
33913 0
33914 1
33915 1
33916 2
33917 1
33918 2
33919 3
33920 0
33921 1
33922 0
33923 0
33924 1
33925 0
33926 1
33927 0
33928 0
33929 0
33930 1
33931 0
33932 0
33933 0
33934 1
33935 0
33936 3
33937 2
33938 1
33939 1
33940 3
33941 1
33942 1
33943 1
33944 1
33945 2
33946 1
33947 1
33948 2
33949 3
33950 2
33951 1
33952 2
33953 1
33954 2
33955 2
33956 0
33957 2
33958 1
33959 1
33960 1
33961 1
33962 0
33963 0
33964 1
33965 1
33966 2
33967 0
33968 2
33969 1
33970 1
33971 1
33972 0
33973 0
33974 0
33975 2
33976 0
33977 1
33978 1
33979 1
33980 2
33981 0
33982 1
33983 2
33984 1
33985 2
33986 1
33987 0
33988 0
33989 1
33990 0
33991 0
33992 1
33993 3
33994 0
33995 0
33996 2
33997 0
33998 1
33999 1
34000 0
34001 0
34002 0
34003 0
34004 1
34005 2
34006 0
34007 1
34008 2
34009 0
34010 0
34011 2
34012 2
34013 0
34014 0
34015 2
34016 0
34017 3
34018 2
34019 0
34020 1
34021 2
34022 0
34023 3
34024 2
34025 1
34026 0
34027 0
34028 2
34029 1
34030 2
34031 2
34032 1
34033 1
34034 0
34035 2
34036 0
34037 2
34038 0
34039 2
34040 0
34041 0
34042 2
34043 1
34044 2
34045 0
34046 1
34047 2
34048 3
34049 0
34050 2
34051 1
34052 1
34053 0
34054 0
34055 0
34056 1
34057 0
34058 0
34059 1
34060 2
34061 0
34062 1
34063 1
34064 2
34065 1
34066 0
34067 2
34068 1
34069 0
34070 2
34071 0
34072 2
34073 2
34074 0
34075 2
34076 1
34077 0
34078 2
34079 0
34080 2
34081 1
34082 1
34083 1
34084 2
34085 1
34086 2
34087 0
34088 2
34089 0
34090 2
34091 3
34092 1
34093 0
34094 1
34095 0
34096 1
34097 2
34098 2
34099 0
34100 0
34101 1
34102 2
34103 1
34104 1
34105 3
34106 2
34107 0
34108 2
34109 1
34110 0
34111 0
34112 1
34113 1
34114 2
34115 2
34116 0
34117 1
34118 1
34119 2
34120 3
34121 0
34122 2
34123 0
34124 0
34125 1
34126 2
34127 1
34128 2
34129 0
34130 1
34131 0
34132 0
34133 2
34134 1
34135 0
34136 1
34137 0
34138 2
34139 1
34140 0
34141 3
34142 1
34143 4
34144 3
34145 2
34146 0
34147 1
34148 2
34149 1
34150 0
34151 0
34152 0
34153 2
34154 1
34155 2
34156 2
34157 1
34158 1
34159 2
34160 2
34161 2
34162 1
34163 0
34164 0
34165 0
34166 0
34167 2
34168 0
34169 2
34170 0
34171 0
34172 2
34173 2
34174 1
34175 0
34176 2
34177 1
34178 0
34179 1
34180 0
34181 0
34182 1
34183 0
34184 1
34185 0
34186 2
34187 1
34188 1
34189 1
34190 2
34191 1
34192 0
34193 0
34194 0
34195 2
34196 2
34197 0
34198 1
34199 0
34200 0
34201 2
34202 1
34203 0
34204 2
34205 2
34206 1
34207 0
34208 1
34209 0
34210 0
34211 2
34212 1
34213 2
34214 0
34215 1
34216 0
34217 1
34218 1
34219 2
34220 0
34221 1
34222 0
34223 2
34224 0
34225 1
34226 1
34227 1
34228 2
34229 2
34230 1
34231 0
34232 0
34233 1
34234 2
34235 1
34236 0
34237 1
34238 1
34239 1
34240 0
34241 1
34242 0
34243 2
34244 1
34245 0
34246 1
34247 2
34248 2
34249 0
34250 1
34251 0
34252 2
34253 1
34254 2
34255 2
34256 2
34257 2
34258 1
34259 1
34260 0
34261 1
34262 2
34263 0
34264 0
34265 0
34266 2
34267 0
34268 0
34269 1
34270 3
34271 0
34272 2
34273 0
34274 1
34275 1
34276 3
34277 1
34278 0
34279 2
34280 2
34281 0
34282 1
34283 2
34284 2
34285 0
34286 1
34287 0
34288 1
34289 0
34290 1
34291 1
34292 0
34293 0
34294 0
34295 1
34296 1
34297 2
34298 1
34299 1
34300 1
34301 4
34302 1
34303 2
34304 3
34305 1
34306 1
34307 3
34308 0
34309 0
34310 2
34311 0
34312 1
34313 0
34314 1
34315 1
34316 1
34317 0
34318 2
34319 0
34320 2
34321 0
34322 0
34323 1
34324 2
34325 0
34326 1
34327 2
34328 1
34329 1
34330 0
34331 0
34332 2
34333 0
34334 2
34335 0
34336 1
34337 0
34338 1
34339 0
34340 1
34341 1
34342 0
34343 2
34344 0
34345 0
34346 2
34347 2
34348 2
34349 2
34350 3
34351 0
34352 0
34353 1
34354 1
34355 0
34356 0
34357 0
34358 0
34359 1
34360 1
34361 1
34362 2
34363 1
34364 2
34365 1
34366 1
34367 1
34368 0
34369 0
34370 3
34371 0
34372 0
34373 0
34374 2
34375 0
34376 2
34377 1
34378 2
34379 0
34380 2
34381 0
34382 2
34383 2
34384 0
34385 1
34386 0
34387 2
34388 2
34389 1
34390 1
34391 1
34392 2
34393 0
34394 1
34395 0
34396 1
34397 2
34398 0
34399 2
34400 2
34401 0
34402 3
34403 3
34404 2
34405 0
34406 2
34407 0
34408 3
34409 1
34410 0
34411 1
34412 0
34413 3
34414 2
34415 1
34416 1
34417 0
34418 0
34419 2
34420 2
34421 2
34422 2
34423 1
34424 0
34425 0
34426 1
34427 0
34428 1
34429 1
34430 2
34431 3
34432 1
34433 1
34434 2
34435 1
34436 1
34437 3
34438 0
34439 2
34440 1
34441 2
34442 1
34443 0
34444 2
34445 0
34446 1
34447 1
34448 1
34449 2
34450 0
34451 1
34452 2
34453 2
34454 0
34455 1
34456 2
34457 1
34458 0
34459 1
34460 3
34461 1
34462 1
34463 2
34464 2
34465 1
34466 2
34467 0
34468 3
34469 2
34470 1
34471 3
34472 0
34473 0
34474 1
34475 3
34476 1
34477 2
34478 1
34479 1
34480 1
34481 0
34482 1
34483 2
34484 2
34485 0
34486 0
34487 1
34488 1
34489 0
34490 0
34491 1
34492 1
34493 0
34494 2
34495 2
34496 0
34497 1
34498 0
34499 1
34500 2
34501 2
34502 0
34503 2
34504 1
34505 0
34506 3
34507 2
34508 0
34509 0
34510 1
34511 2
34512 2
34513 0
34514 0
34515 2
34516 0
34517 1
34518 0
34519 0
34520 0
34521 1
34522 1
34523 1
34524 2
34525 2
34526 0
34527 2
34528 2
34529 1
34530 0
34531 1
34532 1
34533 0
34534 1
34535 1
34536 0
34537 0
34538 2
34539 2
34540 1
34541 2
34542 3
34543 2
34544 1
34545 0
34546 2
34547 1
34548 0
34549 0
34550 1
34551 2
34552 3
34553 2
34554 2
34555 2
34556 0
34557 1
34558 1
34559 2
34560 2
34561 1
34562 2
34563 0
34564 1
34565 0
34566 1
34567 0
34568 0
34569 0
34570 3
34571 1
34572 2
34573 1
34574 0
34575 0
34576 1
34577 1
34578 1
34579 2
34580 0
34581 0
34582 3
34583 0
34584 0
34585 3
34586 0
34587 0
34588 1
34589 0
34590 1
34591 2
34592 0
34593 2
34594 1
34595 2
34596 2
34597 1
34598 2
34599 1
34600 0
34601 0
34602 0
34603 0
34604 0
34605 1
34606 1
34607 2
34608 0
34609 0
34610 3
34611 2
34612 0
34613 0
34614 2
34615 1
34616 1
34617 1
34618 2
34619 3
34620 0
34621 0
34622 1
34623 2
34624 2
34625 2
34626 2
34627 0
34628 1
34629 0
34630 3
34631 1
34632 2
34633 0
34634 1
34635 1
34636 0
34637 4
34638 1
34639 3
34640 2
34641 3
34642 2
34643 2
34644 1
34645 1
34646 0
34647 1
34648 0
34649 0
34650 2
34651 0
34652 0
34653 2
34654 0
34655 0
34656 0
34657 0
34658 0
34659 3
34660 0
34661 1
34662 2
34663 1
34664 0
34665 1
34666 2
34667 1
34668 2
34669 2
34670 1
34671 0
34672 2
34673 0
34674 0
34675 1
34676 1
34677 0
34678 2
34679 2
34680 0
34681 1
34682 2
34683 1
34684 1
34685 0
34686 1
34687 0
34688 1
34689 0
34690 2
34691 1
34692 2
34693 2
34694 1
34695 1
34696 3
34697 1
34698 0
34699 1
34700 2
34701 1
34702 1
34703 1
34704 0
34705 2
34706 0
34707 2
34708 0
34709 1
34710 0
34711 1
34712 2
34713 1
34714 0
34715 2
34716 2
34717 2
34718 0
34719 2
34720 1
34721 2
34722 2
34723 2
34724 1
34725 2
34726 3
34727 1
34728 1
34729 1
34730 2
34731 0
34732 1
34733 1
34734 2
34735 2
34736 2
34737 1
34738 1
34739 1
34740 1
34741 2
34742 1
34743 1
34744 0
34745 1
34746 2
34747 2
34748 2
34749 2
34750 2
34751 2
34752 1
34753 3
34754 0
34755 2
34756 3
34757 0
34758 1
34759 1
34760 1
34761 1
34762 0
34763 2
34764 0
34765 2
34766 1
34767 1
34768 1
34769 0
34770 3
34771 2
34772 0
34773 0
34774 0
34775 0
34776 0
34777 0
34778 1
34779 1
34780 0
34781 1
34782 1
34783 0
34784 0
34785 0
34786 2
34787 0
34788 1
34789 0
34790 0
34791 0
34792 2
34793 1
34794 0
34795 1
34796 1
34797 1
34798 1
34799 0
34800 0
34801 3
34802 1
34803 1
34804 0
34805 0
34806 1
34807 0
34808 0
34809 0
34810 2
34811 1
34812 0
34813 0
34814 1
34815 1
34816 2
34817 3
34818 0
34819 1
34820 0
34821 2
34822 2
34823 2
34824 2
34825 3
34826 0
34827 0
34828 1
34829 1
34830 0
34831 1
34832 0
34833 2
34834 1
34835 1
34836 2
34837 1
34838 3
34839 0
34840 2
34841 2
34842 2
34843 2
34844 1
34845 3
34846 0
34847 2
34848 0
34849 0
34850 0
34851 0
34852 2
34853 2
34854 2
34855 2
34856 0
34857 0
34858 2
34859 0
34860 1
34861 3
34862 1
34863 0
34864 0
34865 1
34866 1
34867 0
34868 1
34869 0
34870 1
34871 2
34872 0
34873 2
34874 2
34875 2
34876 0
34877 1
34878 1
34879 1
34880 1
34881 0
34882 0
34883 1
34884 2
34885 2
34886 1
34887 0
34888 0
34889 1
34890 0
34891 0
34892 1
34893 1
34894 1
34895 1
34896 1
34897 3
34898 2
34899 0
34900 0
34901 0
34902 1
34903 0
34904 2
34905 3
34906 0
34907 0
34908 1
34909 0
34910 2
34911 2
34912 2
34913 1
34914 2
34915 2
34916 1
34917 0
34918 0
34919 0
34920 1
34921 0
34922 2
34923 1
34924 2
34925 1
34926 1
34927 1
34928 0
34929 1
34930 1
34931 2
34932 2
34933 1
34934 0
34935 1
34936 2
34937 1
34938 2
34939 2
34940 1
34941 0
34942 1
34943 2
34944 0
34945 1
34946 0
34947 1
34948 1
34949 3
34950 1
34951 1
34952 1
34953 2
34954 2
34955 2
34956 3
34957 1
34958 0
34959 2
34960 2
34961 2
34962 0
34963 0
34964 2
34965 2
34966 1
34967 2
34968 0
34969 1
34970 0
34971 0
34972 2
34973 1
34974 1
34975 0
34976 2
34977 1
34978 2
34979 2
34980 1
34981 2
34982 2
34983 2
34984 0
34985 2
34986 3
34987 2
34988 1
34989 0
34990 1
34991 3
34992 0
34993 1
34994 1
34995 2
34996 0
34997 0
34998 0
34999 0
35000 1
35001 0
35002 0
35003 0
35004 2
35005 2
35006 0
35007 2
35008 1
35009 2
35010 1
35011 2
35012 1
35013 1
35014 1
35015 1
35016 0
35017 0
35018 0
35019 2
35020 0
35021 0
35022 3
35023 0
35024 3
35025 0
35026 0
35027 2
35028 0
35029 1
35030 0
35031 1
35032 0
35033 1
35034 0
35035 0
35036 0
35037 1
35038 0
35039 1
35040 2
35041 1
35042 0
35043 0
35044 2
35045 0
35046 2
35047 1
35048 0
35049 2
35050 1
35051 1
35052 1
35053 0
35054 1
35055 0
35056 0
35057 2
35058 1
35059 1
35060 0
35061 0
35062 1
35063 1
35064 1
35065 0
35066 1
35067 0
35068 0
35069 0
35070 2
35071 1
35072 0
35073 1
35074 1
35075 1
35076 1
35077 2
35078 0
35079 0
35080 0
35081 0
35082 0
35083 2
35084 1
35085 1
35086 1
35087 1
35088 1
35089 1
35090 2
35091 2
35092 1
35093 1
35094 2
35095 2
35096 0
35097 1
35098 2
35099 1
35100 0
35101 0
35102 1
35103 2
35104 1
35105 0
35106 2
35107 2
35108 0
35109 2
35110 2
35111 2
35112 2
35113 0
35114 1
35115 1
35116 0
35117 1
35118 2
35119 1
35120 1
35121 2
35122 1
35123 1
35124 0
35125 1
35126 0
35127 0
35128 1
35129 1
35130 2
35131 1
35132 2
35133 1
35134 1
35135 2
35136 1
35137 1
35138 1
35139 1
35140 3
35141 2
35142 2
35143 1
35144 1
35145 1
35146 0
35147 0
35148 1
35149 1
35150 2
35151 3
35152 0
35153 2
35154 0
35155 2
35156 3
35157 1
35158 1
35159 0
35160 1
35161 2
35162 0
35163 1
35164 0
35165 1
35166 0
35167 0
35168 1
35169 2
35170 1
35171 1
35172 2
35173 1
35174 0
35175 0
35176 2
35177 2
35178 3
35179 2
35180 3
35181 1
35182 0
35183 0
35184 3
35185 1
35186 1
35187 0
35188 2
35189 2
35190 1
35191 0
35192 0
35193 0
35194 1
35195 0
35196 1
35197 1
35198 0
35199 0
35200 1
35201 0
35202 0
35203 1
35204 1
35205 1
35206 2
35207 2
35208 0
35209 3
35210 1
35211 0
35212 1
35213 0
35214 1
35215 0
35216 2
35217 0
35218 1
35219 2
35220 1
35221 3
35222 1
35223 0
35224 1
35225 1
35226 0
35227 2
35228 1
35229 3
35230 2
35231 2
35232 1
35233 2
35234 0
35235 0
35236 1
35237 0
35238 2
35239 1
35240 1
35241 0
35242 0
35243 0
35244 2
35245 3
35246 2
35247 0
35248 0
35249 0
35250 0
35251 1
35252 0
35253 1
35254 2
35255 2
35256 1
35257 0
35258 0
35259 0
35260 1
35261 1
35262 1
35263 0
35264 2
35265 1
35266 1
35267 0
35268 0
35269 0
35270 2
35271 0
35272 2
35273 0
35274 0
35275 2
35276 0
35277 0
35278 2
35279 2
35280 1
35281 0
35282 0
35283 1
35284 3
35285 1
35286 0
35287 1
35288 2
35289 2
35290 1
35291 0
35292 0
35293 2
35294 3
35295 1
35296 0
35297 1
35298 2
35299 0
35300 2
35301 0
35302 1
35303 1
35304 2
35305 1
35306 3
35307 1
35308 1
35309 0
35310 2
35311 1
35312 2
35313 3
35314 0
35315 3
35316 2
35317 1
35318 0
35319 1
35320 1
35321 0
35322 2
35323 0
35324 3
35325 2
35326 0
35327 0
35328 0
35329 1
35330 0
35331 2
35332 1
35333 2
35334 2
35335 1
35336 1
35337 2
35338 2
35339 0
35340 0
35341 1
35342 0
35343 1
35344 1
35345 1
35346 2
35347 1
35348 1
35349 2
35350 2
35351 2
35352 2
35353 2
35354 2
35355 1
35356 2
35357 1
35358 0
35359 3
35360 2
35361 0
35362 2
35363 1
35364 1
35365 1
35366 1
35367 1
35368 1
35369 2
35370 0
35371 0
35372 1
35373 1
35374 2
35375 1
35376 2
35377 0
35378 1
35379 1
35380 1
35381 0
35382 1
35383 3
35384 1
35385 0
35386 1
35387 2
35388 1
35389 3
35390 1
35391 0
35392 3
35393 0
35394 1
35395 0
35396 1
35397 1
35398 0
35399 1
35400 1
35401 1
35402 1
35403 1
35404 0
35405 2
35406 2
35407 0
35408 2
35409 0
35410 0
35411 3
35412 0
35413 0
35414 1
35415 1
35416 0
35417 3
35418 2
35419 0
35420 1
35421 0
35422 0
35423 2
35424 1
35425 3
35426 0
35427 2
35428 2
35429 1
35430 0
35431 2
35432 0
35433 0
35434 2
35435 1
35436 3
35437 1
35438 2
35439 2
35440 0
35441 1
35442 0
35443 0
35444 0
35445 0
35446 2
35447 2
35448 1
35449 0
35450 0
35451 1
35452 1
35453 0
35454 1
35455 0
35456 2
35457 2
35458 0
35459 2
35460 0
35461 2
35462 2
35463 3
35464 2
35465 1
35466 0
35467 0
35468 2
35469 1
35470 1
35471 1
35472 0
35473 0
35474 1
35475 0
35476 0
35477 0
35478 0
35479 2
35480 0
35481 0
35482 1
35483 2
35484 0
35485 0
35486 0
35487 2
35488 0
35489 0
35490 0
35491 2
35492 1
35493 2
35494 2
35495 2
35496 1
35497 2
35498 0
35499 0
35500 1
35501 2
35502 0
35503 0
35504 0
35505 0
35506 1
35507 2
35508 0
35509 2
35510 2
35511 1
35512 1
35513 1
35514 1
35515 1
35516 0
35517 1
35518 1
35519 1
35520 2
35521 0
35522 2
35523 0
35524 1
35525 1
35526 1
35527 2
35528 1
35529 1
35530 1
35531 0
35532 2
35533 1
35534 0
35535 0
35536 0
35537 1
35538 1
35539 2
35540 0
35541 2
35542 1
35543 0
35544 2
35545 0
35546 1
35547 1
35548 3
35549 1
35550 0
35551 2
35552 2
35553 0
35554 2
35555 1
35556 0
35557 1
35558 0
35559 1
35560 1
35561 1
35562 2
35563 0
35564 2
35565 2
35566 2
35567 0
35568 2
35569 0
35570 2
35571 1
35572 0
35573 2
35574 2
35575 2
35576 1
35577 2
35578 1
35579 2
35580 2
35581 0
35582 0
35583 1
35584 1
35585 0
35586 2
35587 0
35588 0
35589 1
35590 0
35591 1
35592 1
35593 0
35594 0
35595 2
35596 2
35597 2
35598 3
35599 0
35600 1
35601 1
35602 0
35603 1
35604 2
35605 1
35606 2
35607 2
35608 0
35609 0
35610 1
35611 1
35612 1
35613 2
35614 1
35615 1
35616 1
35617 2
35618 1
35619 0
35620 2
35621 2
35622 0
35623 1
35624 2
35625 2
35626 0
35627 0
35628 2
35629 2
35630 0
35631 1
35632 2
35633 0
35634 2
35635 2
35636 1
35637 3
35638 0
35639 2
35640 1
35641 1
35642 0
35643 1
35644 2
35645 1
35646 1
35647 1
35648 0
35649 0
35650 1
35651 0
35652 0
35653 0
35654 1
35655 2
35656 3
35657 0
35658 2
35659 0
35660 2
35661 1
35662 2
35663 1
35664 0
35665 2
35666 1
35667 1
35668 1
35669 1
35670 0
35671 2
35672 1
35673 1
35674 0
35675 2
35676 2
35677 1
35678 0
35679 2
35680 0
35681 3
35682 1
35683 2
35684 0
35685 1
35686 0
35687 1
35688 2
35689 1
35690 2
35691 1
35692 1
35693 3
35694 2
35695 2
35696 2
35697 1
35698 1
35699 1
35700 2
35701 1
35702 2
35703 2
35704 0
35705 2
35706 0
35707 1
35708 0
35709 0
35710 2
35711 2
35712 1
35713 2
35714 1
35715 0
35716 0
35717 2
35718 1
35719 2
35720 1
35721 0
35722 2
35723 1
35724 2
35725 1
35726 1
35727 0
35728 2
35729 2
35730 2
35731 2
35732 0
35733 2
35734 1
35735 1
35736 2
35737 0
35738 3
35739 0
35740 1
35741 0
35742 0
35743 1
35744 1
35745 0
35746 2
35747 2
35748 3
35749 2
35750 1
35751 3
35752 2
35753 0
35754 2
35755 0
35756 0
35757 2
35758 2
35759 0
35760 1
35761 1
35762 0
35763 2
35764 2
35765 1
35766 2
35767 1
35768 2
35769 0
35770 0
35771 2
35772 1
35773 2
35774 0
35775 2
35776 1
35777 2
35778 0
35779 1
35780 1
35781 3
35782 2
35783 0
35784 1
35785 1
35786 1
35787 0
35788 2
35789 2
35790 0
35791 0
35792 0
35793 0
35794 1
35795 2
35796 2
35797 0
35798 0
35799 1
35800 2
35801 1
35802 0
35803 2
35804 0
35805 2
35806 2
35807 0
35808 0
35809 2
35810 3
35811 1
35812 2
35813 1
35814 0
35815 1
35816 2
35817 0
35818 0
35819 2
35820 1
35821 0
35822 1
35823 0
35824 0
35825 1
35826 1
35827 0
35828 0
35829 0
35830 2
35831 3
35832 2
35833 0
35834 1
35835 1
35836 2
35837 0
35838 0
35839 1
35840 1
35841 0
35842 2
35843 0
35844 1
35845 2
35846 1
35847 1
35848 2
35849 2
35850 1
35851 0
35852 0
35853 2
35854 2
35855 0
35856 2
35857 2
35858 1
35859 1
35860 2
35861 1
35862 0
35863 1
35864 2
35865 0
35866 2
35867 3
35868 0
35869 2
35870 0
35871 1
35872 2
35873 0
35874 1
35875 1
35876 0
35877 1
35878 1
35879 3
35880 2
35881 1
35882 2
35883 0
35884 2
35885 2
35886 0
35887 2
35888 0
35889 0
35890 2
35891 0
35892 1
35893 0
35894 3
35895 0
35896 0
35897 1
35898 0
35899 0
35900 0
35901 1
35902 1
35903 2
35904 3
35905 2
35906 0
35907 2
35908 2
35909 0
35910 1
35911 0
35912 0
35913 0
35914 1
35915 1
35916 2
35917 1
35918 2
35919 2
35920 0
35921 1
35922 1
35923 2
35924 0
35925 1
35926 1
35927 1
35928 3
35929 2
35930 0
35931 1
35932 1
35933 0
35934 0
35935 1
35936 2
35937 0
35938 1
35939 2
35940 1
35941 0
35942 1
35943 0
35944 1
35945 1
35946 2
35947 0
35948 3
35949 0
35950 0
35951 0
35952 3
35953 2
35954 1
35955 2
35956 1
35957 1
35958 0
35959 1
35960 1
35961 1
35962 1
35963 3
35964 2
35965 0
35966 1
35967 0
35968 0
35969 1
35970 3
35971 0
35972 0
35973 2
35974 0
35975 0
35976 2
35977 1
35978 2
35979 0
35980 1
35981 2
35982 0
35983 1
35984 1
35985 1
35986 1
35987 2
35988 1
35989 2
35990 1
35991 0
35992 0
35993 2
35994 0
35995 0
35996 2
35997 0
35998 1
35999 0
36000 2
36001 1
36002 0
36003 2
36004 2
36005 2
36006 1
36007 2
36008 2
36009 3
36010 3
36011 0
36012 0
36013 0
36014 0
36015 0
36016 3
36017 2
36018 2
36019 1
36020 1
36021 1
36022 0
36023 2
36024 0
36025 1
36026 1
36027 1
36028 0
36029 0
36030 1
36031 1
36032 2
36033 1
36034 2
36035 1
36036 0
36037 2
36038 1
36039 1
36040 0
36041 0
36042 2
36043 0
36044 0
36045 1
36046 1
36047 2
36048 1
36049 2
36050 2
36051 0
36052 3
36053 1
36054 1
36055 1
36056 1
36057 2
36058 1
36059 1
36060 3
36061 0
36062 3
36063 2
36064 1
36065 3
36066 1
36067 1
36068 0
36069 1
36070 0
36071 3
36072 0
36073 1
36074 0
36075 0
36076 0
36077 0
36078 2
36079 0
36080 0
36081 0
36082 2
36083 3
36084 2
36085 1
36086 3
36087 2
36088 1
36089 0
36090 2
36091 2
36092 1
36093 0
36094 0
36095 2
36096 2
36097 0
36098 1
36099 2
36100 0
36101 2
36102 0
36103 2
36104 0
36105 2
36106 2
36107 0
36108 2
36109 0
36110 1
36111 2
36112 1
36113 2
36114 2
36115 0
36116 2
36117 0
36118 0
36119 1
36120 1
36121 1
36122 2
36123 1
36124 2
36125 0
36126 1
36127 1
36128 0
36129 1
36130 3
36131 2
36132 2
36133 2
36134 2
36135 2
36136 1
36137 2
36138 0
36139 1
36140 1
36141 2
36142 3
36143 1
36144 2
36145 1
36146 0
36147 2
36148 0
36149 2
36150 0
36151 0
36152 2
36153 0
36154 1
36155 2
36156 0
36157 1
36158 2
36159 2
36160 1
36161 0
36162 2
36163 0
36164 1
36165 0
36166 1
36167 0
36168 1
36169 2
36170 1
36171 1
36172 2
36173 1
36174 2
36175 0
36176 2
36177 1
36178 0
36179 0
36180 2
36181 1
36182 1
36183 0
36184 1
36185 0
36186 2
36187 2
36188 0
36189 3
36190 1
36191 3
36192 0
36193 0
36194 2
36195 1
36196 2
36197 1
36198 2
36199 0
36200 3
36201 0
36202 1
36203 3
36204 0
36205 0
36206 2
36207 0
36208 1
36209 2
36210 2
36211 2
36212 1
36213 1
36214 2
36215 1
36216 0
36217 1
36218 2
36219 1
36220 1
36221 2
36222 3
36223 0
36224 2
36225 1
36226 0
36227 0
36228 2
36229 2
36230 0
36231 1
36232 1
36233 2
36234 2
36235 1
36236 0
36237 0
36238 2
36239 0
36240 2
36241 1
36242 0
36243 1
36244 1
36245 0
36246 2
36247 0
36248 2
36249 1
36250 1
36251 3
36252 0
36253 2
36254 1
36255 0
36256 1
36257 0
36258 2
36259 1
36260 1
36261 1
36262 2
36263 1
36264 1
36265 1
36266 1
36267 1
36268 1
36269 3
36270 1
36271 0
36272 1
36273 1
36274 2
36275 0
36276 0
36277 1
36278 0
36279 0
36280 1
36281 1
36282 0
36283 2
36284 2
36285 2
36286 2
36287 3
36288 0
36289 2
36290 3
36291 0
36292 2
36293 0
36294 2
36295 3
36296 2
36297 2
36298 0
36299 1
36300 3
36301 3
36302 1
36303 0
36304 0
36305 3
36306 0
36307 0
36308 0
36309 2
36310 2
36311 1
36312 2
36313 1
36314 3
36315 2
36316 0
36317 2
36318 2
36319 1
36320 0
36321 1
36322 2
36323 2
36324 0
36325 0
36326 0
36327 0
36328 1
36329 2
36330 0
36331 3
36332 2
36333 0
36334 2
36335 2
36336 0
36337 2
36338 1
36339 0
36340 0
36341 3
36342 1
36343 1
36344 3
36345 1
36346 1
36347 2
36348 2
36349 0
36350 0
36351 0
36352 0
36353 1
36354 1
36355 0
36356 2
36357 2
36358 1
36359 1
36360 0
36361 1
36362 1
36363 1
36364 1
36365 2
36366 3
36367 0
36368 1
36369 2
36370 2
36371 1
36372 1
36373 2
36374 0
36375 1
36376 2
36377 2
36378 1
36379 1
36380 1
36381 0
36382 1
36383 0
36384 0
36385 1
36386 1
36387 1
36388 0
36389 0
36390 1
36391 1
36392 3
36393 1
36394 2
36395 1
36396 1
36397 0
36398 1
36399 0
36400 1
36401 2
36402 1
36403 3
36404 1
36405 0
36406 1
36407 1
36408 2
36409 0
36410 1
36411 2
36412 0
36413 0
36414 1
36415 2
36416 1
36417 2
36418 2
36419 0
36420 1
36421 1
36422 1
36423 0
36424 1
36425 1
36426 2
36427 2
36428 0
36429 1
36430 0
36431 0
36432 2
36433 2
36434 0
36435 2
36436 1
36437 2
36438 0
36439 2
36440 3
36441 3
36442 2
36443 2
36444 1
36445 1
36446 1
36447 1
36448 2
36449 2
36450 3
36451 0
36452 0
36453 2
36454 1
36455 3
36456 0
36457 2
36458 1
36459 0
36460 2
36461 1
36462 1
36463 2
36464 1
36465 0
36466 0
36467 0
36468 0
36469 1
36470 2
36471 0
36472 0
36473 3
36474 0
36475 1
36476 0
36477 1
36478 1
36479 1
36480 1
36481 2
36482 1
36483 2
36484 2
36485 1
36486 2
36487 0
36488 0
36489 1
36490 1
36491 1
36492 0
36493 3
36494 2
36495 1
36496 1
36497 0
36498 2
36499 0
36500 1
36501 1
36502 2
36503 1
36504 0
36505 3
36506 1
36507 3
36508 1
36509 0
36510 1
36511 0
36512 0
36513 0
36514 2
36515 1
36516 2
36517 2
36518 3
36519 1
36520 1
36521 0
36522 2
36523 0
36524 1
36525 2
36526 2
36527 2
36528 0
36529 2
36530 2
36531 0
36532 1
36533 1
36534 0
36535 1
36536 0
36537 2
36538 0
36539 0
36540 1
36541 1
36542 0
36543 1
36544 0
36545 2
36546 2
36547 0
36548 1
36549 0
36550 1
36551 1
36552 3
36553 1
36554 2
36555 2
36556 1
36557 0
36558 3
36559 2
36560 1
36561 2
36562 1
36563 2
36564 0
36565 2
36566 1
36567 1
36568 2
36569 1
36570 1
36571 1
36572 1
36573 0
36574 1
36575 0
36576 2
36577 1
36578 0
36579 2
36580 1
36581 0
36582 0
36583 2
36584 0
36585 0
36586 3
36587 3
36588 2
36589 1
36590 0
36591 1
36592 2
36593 2
36594 0
36595 0
36596 0
36597 1
36598 2
36599 3
36600 2
36601 1
36602 1
36603 1
36604 1
36605 0
36606 2
36607 1
36608 2
36609 0
36610 2
36611 1
36612 2
36613 0
36614 1
36615 0
36616 3
36617 1
36618 1
36619 0
36620 1
36621 0
36622 2
36623 2
36624 2
36625 3
36626 1
36627 1
36628 3
36629 1
36630 0
36631 0
36632 2
36633 1
36634 3
36635 0
36636 1
36637 2
36638 2
36639 0
36640 2
36641 1
36642 0
36643 0
36644 0
36645 0
36646 2
36647 1
36648 0
36649 1
36650 2
36651 0
36652 2
36653 0
36654 1
36655 0
36656 1
36657 1
36658 2
36659 1
36660 0
36661 2
36662 1
36663 0
36664 0
36665 2
36666 1
36667 1
36668 1
36669 1
36670 1
36671 0
36672 2
36673 1
36674 0
36675 1
36676 0
36677 2
36678 2
36679 2
36680 2
36681 2
36682 0
36683 0
36684 1
36685 2
36686 0
36687 1
36688 2
36689 1
36690 1
36691 3
36692 2
36693 1
36694 0
36695 2
36696 0
36697 1
36698 2
36699 0
36700 1
36701 2
36702 1
36703 3
36704 2
36705 0
36706 2
36707 2
36708 1
36709 1
36710 1
36711 0
36712 0
36713 0
36714 1
36715 1
36716 1
36717 1
36718 2
36719 1
36720 1
36721 0
36722 0
36723 1
36724 1
36725 0
36726 0
36727 2
36728 2
36729 1
36730 1
36731 2
36732 2
36733 0
36734 2
36735 2
36736 0
36737 1
36738 1
36739 1
36740 2
36741 0
36742 0
36743 2
36744 1
36745 0
36746 0
36747 1
36748 0
36749 2
36750 0
36751 0
36752 2
36753 2
36754 2
36755 2
36756 0
36757 2
36758 2
36759 0
36760 0
36761 2
36762 0
36763 2
36764 0
36765 2
36766 2
36767 0
36768 1
36769 2
36770 1
36771 1
36772 2
36773 3
36774 0
36775 0
36776 0
36777 2
36778 2
36779 1
36780 1
36781 1
36782 1
36783 2
36784 2
36785 1
36786 2
36787 0
36788 3
36789 1
36790 1
36791 2
36792 1
36793 1
36794 1
36795 0
36796 1
36797 0
36798 0
36799 1
36800 1
36801 0
36802 1
36803 1
36804 1
36805 1
36806 1
36807 0
36808 1
36809 1
36810 0
36811 1
36812 1
36813 1
36814 1
36815 1
36816 1
36817 0
36818 2
36819 0
36820 2
36821 0
36822 2
36823 0
36824 1
36825 0
36826 2
36827 1
36828 0
36829 0
36830 1
36831 1
36832 1
36833 0
36834 1
36835 2
36836 1
36837 0
36838 1
36839 1
36840 3
36841 2
36842 1
36843 2
36844 0
36845 1
36846 2
36847 2
36848 1
36849 2
36850 1
36851 2
36852 0
36853 2
36854 1
36855 2
36856 2
36857 2
36858 1
36859 1
36860 3
36861 2
36862 2
36863 2
36864 0
36865 3
36866 1
36867 1
36868 2
36869 2
36870 1
36871 1
36872 0
36873 1
36874 0
36875 1
36876 2
36877 1
36878 1
36879 2
36880 2
36881 2
36882 1
36883 0
36884 0
36885 0
36886 0
36887 0
36888 0
36889 0
36890 2
36891 1
36892 1
36893 2
36894 0
36895 0
36896 1
36897 0
36898 1
36899 2
36900 0
36901 2
36902 2
36903 0
36904 1
36905 2
36906 1
36907 1
36908 1
36909 0
36910 1
36911 0
36912 0
36913 0
36914 2
36915 2
36916 1
36917 2
36918 0
36919 1
36920 1
36921 2
36922 1
36923 1
36924 0
36925 0
36926 2
36927 1
36928 1
36929 2
36930 2
36931 2
36932 1
36933 0
36934 3
36935 1
36936 2
36937 2
36938 0
36939 1
36940 1
36941 0
36942 2
36943 3
36944 2
36945 0
36946 0
36947 1
36948 2
36949 1
36950 2
36951 2
36952 1
36953 1
36954 0
36955 2
36956 2
36957 0
36958 2
36959 2
36960 3
36961 2
36962 0
36963 2
36964 2
36965 2
36966 1
36967 0
36968 2
36969 3
36970 0
36971 1
36972 1
36973 2
36974 1
36975 1
36976 0
36977 2
36978 1
36979 1
36980 0
36981 0
36982 2
36983 1
36984 1
36985 0
36986 1
36987 1
36988 2
36989 1
36990 1
36991 0
36992 0
36993 1
36994 1
36995 0
36996 0
36997 1
36998 0
36999 0
37000 2
37001 1
37002 2
37003 0
37004 3
37005 0
37006 2
37007 1
37008 2
37009 1
37010 1
37011 2
37012 2
37013 2
37014 2
37015 2
37016 1
37017 2
37018 2
37019 2
37020 1
37021 1
37022 1
37023 2
37024 0
37025 1
37026 2
37027 2
37028 0
37029 0
37030 2
37031 0
37032 1
37033 1
37034 1
37035 1
37036 0
37037 1
37038 0
37039 0
37040 1
37041 2
37042 2
37043 2
37044 0
37045 1
37046 3
37047 1
37048 3
37049 0
37050 1
37051 2
37052 1
37053 0
37054 0
37055 2
37056 2
37057 2
37058 1
37059 0
37060 1
37061 3
37062 1
37063 2
37064 1
37065 2
37066 0
37067 2
37068 3
37069 1
37070 2
37071 1
37072 0
37073 0
37074 1
37075 2
37076 0
37077 2
37078 0
37079 2
37080 2
37081 2
37082 1
37083 2
37084 1
37085 0
37086 0
37087 3
37088 2
37089 0
37090 2
37091 0
37092 0
37093 0
37094 1
37095 0
37096 2
37097 1
37098 0
37099 0
37100 2
37101 1
37102 2
37103 2
37104 0
37105 0
37106 0
37107 2
37108 0
37109 2
37110 1
37111 1
37112 1
37113 2
37114 0
37115 0
37116 1
37117 2
37118 1
37119 2
37120 1
37121 2
37122 0
37123 0
37124 0
37125 1
37126 1
37127 0
37128 1
37129 1
37130 1
37131 2
37132 0
37133 1
37134 3
37135 1
37136 0
37137 0
37138 1
37139 1
37140 1
37141 1
37142 2
37143 1
37144 3
37145 0
37146 0
37147 0
37148 2
37149 1
37150 1
37151 1
37152 0
37153 1
37154 1
37155 1
37156 1
37157 0
37158 1
37159 2
37160 1
37161 0
37162 0
37163 2
37164 2
37165 0
37166 0
37167 3
37168 3
37169 0
37170 2
37171 1
37172 1
37173 0
37174 1
37175 0
37176 2
37177 1
37178 0
37179 1
37180 0
37181 3
37182 2
37183 2
37184 0
37185 2
37186 2
37187 1
37188 0
37189 2
37190 2
37191 2
37192 2
37193 3
37194 1
37195 0
37196 0
37197 1
37198 2
37199 2
37200 2
37201 0
37202 1
37203 2
37204 1
37205 1
37206 2
37207 2
37208 1
37209 0
37210 1
37211 1
37212 0
37213 2
37214 1
37215 0
37216 0
37217 0
37218 1
37219 1
37220 2
37221 2
37222 1
37223 0
37224 2
37225 1
37226 1
37227 1
37228 0
37229 1
37230 1
37231 1
37232 2
37233 0
37234 0
37235 2
37236 1
37237 0
37238 0
37239 1
37240 1
37241 0
37242 1
37243 0
37244 3
37245 2
37246 2
37247 2
37248 1
37249 0
37250 3
37251 1
37252 2
37253 2
37254 1
37255 2
37256 0
37257 3
37258 2
37259 0
37260 1
37261 2
37262 4
37263 1
37264 0
37265 0
37266 0
37267 0
37268 0
37269 1
37270 1
37271 1
37272 1
37273 1
37274 1
37275 2
37276 3
37277 1
37278 2
37279 0
37280 1
37281 0
37282 0
37283 1
37284 3
37285 1
37286 1
37287 2
37288 1
37289 1
37290 0
37291 1
37292 3
37293 0
37294 2
37295 3
37296 0
37297 0
37298 1
37299 0
37300 2
37301 2
37302 1
37303 1
37304 1
37305 0
37306 1
37307 1
37308 0
37309 1
37310 0
37311 1
37312 2
37313 2
37314 0
37315 1
37316 3
37317 1
37318 2
37319 1
37320 0
37321 3
37322 2
37323 0
37324 0
37325 1
37326 2
37327 2
37328 2
37329 1
37330 2
37331 1
37332 2
37333 0
37334 0
37335 1
37336 1
37337 0
37338 0
37339 2
37340 0
37341 0
37342 1
37343 0
37344 1
37345 1
37346 1
37347 2
37348 1
37349 1
37350 1
37351 0
37352 2
37353 2
37354 0
37355 0
37356 1
37357 2
37358 2
37359 0
37360 0
37361 0
37362 0
37363 1
37364 1
37365 0
37366 2
37367 1
37368 2
37369 0
37370 0
37371 1
37372 1
37373 1
37374 1
37375 2
37376 0
37377 1
37378 2
37379 2
37380 0
37381 0
37382 2
37383 1
37384 2
37385 0
37386 3
37387 1
37388 2
37389 2
37390 2
37391 1
37392 0
37393 0
37394 0
37395 0
37396 1
37397 2
37398 2
37399 2
37400 0
37401 1
37402 2
37403 2
37404 2
37405 1
37406 1
37407 1
37408 1
37409 1
37410 0
37411 2
37412 1
37413 1
37414 2
37415 2
37416 0
37417 2
37418 1
37419 0
37420 2
37421 3
37422 2
37423 1
37424 1
37425 1
37426 1
37427 0
37428 2
37429 3
37430 0
37431 2
37432 2
37433 2
37434 2
37435 2
37436 0
37437 2
37438 2
37439 0
37440 2
37441 2
37442 3
37443 2
37444 0
37445 0
37446 1
37447 1
37448 1
37449 1
37450 2
37451 2
37452 1
37453 0
37454 1
37455 2
37456 0
37457 0
37458 1
37459 2
37460 2
37461 1
37462 0
37463 1
37464 2
37465 2
37466 0
37467 3
37468 0
37469 0
37470 1
37471 1
37472 0
37473 0
37474 1
37475 0
37476 2
37477 2
37478 0
37479 2
37480 1
37481 0
37482 2
37483 0
37484 0
37485 2
37486 1
37487 0
37488 0
37489 2
37490 1
37491 1
37492 0
37493 0
37494 1
37495 1
37496 2
37497 1
37498 1
37499 1
37500 1
37501 2
37502 2
37503 2
37504 2
37505 2
37506 3
37507 0
37508 0
37509 0
37510 1
37511 1
37512 3
37513 1
37514 1
37515 2
37516 3
37517 2
37518 2
37519 1
37520 1
37521 1
37522 1
37523 3
37524 1
37525 2
37526 0
37527 0
37528 2
37529 2
37530 1
37531 2
37532 0
37533 0
37534 0
37535 3
37536 1
37537 2
37538 2
37539 1
37540 1
37541 0
37542 3
37543 2
37544 1
37545 2
37546 0
37547 2
37548 0
37549 1
37550 2
37551 1
37552 0
37553 0
37554 0
37555 1
37556 0
37557 2
37558 0
37559 3
37560 1
37561 1
37562 2
37563 0
37564 0
37565 1
37566 1
37567 1
37568 2
37569 2
37570 1
37571 1
37572 0
37573 3
37574 1
37575 0
37576 0
37577 1
37578 3
37579 2
37580 2
37581 0
37582 1
37583 2
37584 1
37585 0
37586 1
37587 0
37588 0
37589 1
37590 0
37591 1
37592 0
37593 2
37594 0
37595 0
37596 0
37597 2
37598 1
37599 1
37600 1
37601 0
37602 0
37603 0
37604 2
37605 1
37606 1
37607 2
37608 1
37609 0
37610 1
37611 1
37612 0
37613 2
37614 1
37615 1
37616 2
37617 0
37618 0
37619 1
37620 0
37621 0
37622 2
37623 2
37624 2
37625 3
37626 1
37627 2
37628 1
37629 0
37630 1
37631 0
37632 1
37633 1
37634 3
37635 1
37636 2
37637 1
37638 1
37639 2
37640 1
37641 1
37642 1
37643 0
37644 3
37645 1
37646 2
37647 3
37648 1
37649 2
37650 2
37651 1
37652 1
37653 2
37654 0
37655 0
37656 2
37657 2
37658 0
37659 3
37660 1
37661 1
37662 1
37663 1
37664 0
37665 1
37666 2
37667 2
37668 1
37669 0
37670 0
37671 1
37672 0
37673 0
37674 1
37675 1
37676 2
37677 2
37678 1
37679 0
37680 2
37681 1
37682 2
37683 0
37684 1
37685 2
37686 1
37687 0
37688 1
37689 0
37690 1
37691 0
37692 0
37693 0
37694 0
37695 1
37696 1
37697 1
37698 0
37699 1
37700 0
37701 2
37702 2
37703 1
37704 1
37705 1
37706 1
37707 2
37708 1
37709 0
37710 0
37711 2
37712 0
37713 0
37714 1
37715 3
37716 0
37717 0
37718 2
37719 2
37720 1
37721 2
37722 1
37723 2
37724 2
37725 2
37726 1
37727 2
37728 0
37729 1
37730 3
37731 2
37732 1
37733 1
37734 2
37735 1
37736 2
37737 1
37738 0
37739 1
37740 1
37741 3
37742 0
37743 2
37744 0
37745 0
37746 2
37747 1
37748 0
37749 1
37750 1
37751 1
37752 0
37753 2
37754 2
37755 1
37756 1
37757 1
37758 1
37759 0
37760 1
37761 0
37762 1
37763 3
37764 2
37765 1
37766 1
37767 2
37768 1
37769 0
37770 1
37771 0
37772 1
37773 2
37774 0
37775 2
37776 1
37777 1
37778 0
37779 2
37780 2
37781 0
37782 0
37783 2
37784 3
37785 1
37786 2
37787 1
37788 1
37789 2
37790 1
37791 1
37792 0
37793 2
37794 0
37795 1
37796 1
37797 0
37798 1
37799 2
37800 0
37801 2
37802 0
37803 0
37804 1
37805 2
37806 2
37807 1
37808 0
37809 0
37810 1
37811 0
37812 1
37813 0
37814 2
37815 0
37816 2
37817 3
37818 0
37819 0
37820 0
37821 1
37822 1
37823 0
37824 0
37825 1
37826 2
37827 1
37828 0
37829 0
37830 1
37831 1
37832 3
37833 1
37834 2
37835 0
37836 0
37837 1
37838 2
37839 1
37840 2
37841 0
37842 1
37843 2
37844 1
37845 1
37846 0
37847 2
37848 2
37849 0
37850 0
37851 0
37852 1
37853 1
37854 1
37855 1
37856 0
37857 1
37858 2
37859 3
37860 0
37861 1
37862 2
37863 1
37864 1
37865 0
37866 0
37867 2
37868 2
37869 0
37870 2
37871 1
37872 2
37873 0
37874 1
37875 0
37876 1
37877 1
37878 1
37879 1
37880 2
37881 1
37882 0
37883 2
37884 1
37885 2
37886 3
37887 1
37888 1
37889 1
37890 0
37891 1
37892 0
37893 1
37894 0
37895 0
37896 0
37897 1
37898 1
37899 0
37900 0
37901 3
37902 2
37903 2
37904 0
37905 1
37906 0
37907 0
37908 2
37909 2
37910 0
37911 0
37912 2
37913 1
37914 1
37915 2
37916 1
37917 1
37918 1
37919 0
37920 2
37921 2
37922 2
37923 0
37924 1
37925 2
37926 2
37927 2
37928 2
37929 2
37930 1
37931 1
37932 1
37933 0
37934 1
37935 0
37936 0
37937 0
37938 2
37939 0
37940 1
37941 0
37942 2
37943 0
37944 2
37945 1
37946 1
37947 1
37948 0
37949 1
37950 1
37951 0
37952 1
37953 1
37954 2
37955 1
37956 2
37957 3
37958 1
37959 0
37960 0
37961 2
37962 2
37963 0
37964 0
37965 0
37966 0
37967 0
37968 1
37969 0
37970 1
37971 0
37972 1
37973 1
37974 0
37975 0
37976 0
37977 2
37978 2
37979 1
37980 2
37981 1
37982 2
37983 1
37984 0
37985 0
37986 2
37987 0
37988 2
37989 2
37990 0
37991 0
37992 1
37993 0
37994 2
37995 3
37996 0
37997 0
37998 0
37999 0
38000 3
38001 3
38002 2
38003 2
38004 1
38005 1
38006 0
38007 3
38008 2
38009 1
38010 1
38011 0
38012 0
38013 1
38014 2
38015 0
38016 1
38017 1
38018 0
38019 3
38020 0
38021 1
38022 2
38023 1
38024 1
38025 1
38026 1
38027 0
38028 0
38029 2
38030 0
38031 0
38032 0
38033 0
38034 0
38035 0
38036 2
38037 1
38038 1
38039 2
38040 0
38041 0
38042 2
38043 0
38044 2
38045 0
38046 1
38047 1
38048 1
38049 0
38050 0
38051 0
38052 3
38053 1
38054 2
38055 0
38056 0
38057 1
38058 2
38059 2
38060 0
38061 0
38062 3
38063 2
38064 2
38065 1
38066 2
38067 2
38068 1
38069 1
38070 1
38071 2
38072 0
38073 1
38074 0
38075 2
38076 2
38077 1
38078 0
38079 0
38080 2
38081 0
38082 1
38083 2
38084 1
38085 0
38086 2
38087 2
38088 2
38089 0
38090 1
38091 0
38092 2
38093 0
38094 0
38095 0
38096 0
38097 0
38098 0
38099 1
38100 0
38101 1
38102 2
38103 0
38104 1
38105 2
38106 1
38107 0
38108 2
38109 2
38110 2
38111 0
38112 0
38113 1
38114 0
38115 0
38116 2
38117 0
38118 1
38119 1
38120 1
38121 0
38122 0
38123 2
38124 1
38125 0
38126 0
38127 0
38128 1
38129 3
38130 1
38131 1
38132 0
38133 1
38134 2
38135 0
38136 0
38137 1
38138 2
38139 0
38140 0
38141 4
38142 0
38143 2
38144 1
38145 0
38146 2
38147 2
38148 0
38149 1
38150 2
38151 0
38152 1
38153 2
38154 1
38155 2
38156 0
38157 0
38158 0
38159 2
38160 0
38161 2
38162 2
38163 0
38164 0
38165 0
38166 2
38167 2
38168 1
38169 0
38170 0
38171 0
38172 1
38173 1
38174 2
38175 3
38176 2
38177 1
38178 1
38179 2
38180 2
38181 1
38182 0
38183 0
38184 0
38185 2
38186 2
38187 1
38188 0
38189 1
38190 2
38191 1
38192 2
38193 3
38194 0
38195 1
38196 0
38197 2
38198 2
38199 2
38200 2
38201 0
38202 1
38203 0
38204 0
38205 0
38206 2
38207 1
38208 2
38209 2
38210 1
38211 2
38212 1
38213 1
38214 3
38215 2
38216 0
38217 0
38218 0
38219 1
38220 1
38221 1
38222 2
38223 2
38224 0
38225 2
38226 2
38227 3
38228 1
38229 1
38230 1
38231 0
38232 2
38233 2
38234 2
38235 2
38236 2
38237 0
38238 0
38239 1
38240 0
38241 2
38242 1
38243 2
38244 0
38245 2
38246 0
38247 0
38248 1
38249 2
38250 2
38251 2
38252 2
38253 1
38254 2
38255 3
38256 0
38257 2
38258 1
38259 2
38260 0
38261 1
38262 0
38263 0
38264 2
38265 1
38266 1
38267 0
38268 0
38269 1
38270 2
38271 1
38272 1
38273 0
38274 0
38275 0
38276 0
38277 0
38278 0
38279 2
38280 2
38281 2
38282 0
38283 2
38284 0
38285 0
38286 1
38287 1
38288 0
38289 0
38290 0
38291 2
38292 0
38293 2
38294 1
38295 0
38296 1
38297 0
38298 1
38299 1
38300 1
38301 0
38302 1
38303 0
38304 2
38305 0
38306 3
38307 0
38308 1
38309 1
38310 1
38311 2
38312 0
38313 1
38314 1
38315 1
38316 2
38317 0
38318 1
38319 0
38320 3
38321 0
38322 0
38323 0
38324 1
38325 1
38326 0
38327 2
38328 2
38329 2
38330 2
38331 2
38332 2
38333 1
38334 0
38335 0
38336 1
38337 1
38338 0
38339 1
38340 0
38341 0
38342 2
38343 0
38344 2
38345 1
38346 1
38347 1
38348 0
38349 1
38350 2
38351 1
38352 3
38353 2
38354 2
38355 1
38356 2
38357 1
38358 1
38359 2
38360 0
38361 2
38362 1
38363 0
38364 0
38365 0
38366 0
38367 0
38368 1
38369 1
38370 3
38371 2
38372 0
38373 1
38374 2
38375 0
38376 1
38377 0
38378 0
38379 2
38380 0
38381 2
38382 3
38383 2
38384 0
38385 0
38386 0
38387 0
38388 0
38389 1
38390 0
38391 3
38392 0
38393 3
38394 1
38395 1
38396 2
38397 1
38398 1
38399 2
38400 0
38401 1
38402 2
38403 2
38404 0
38405 1
38406 0
38407 0
38408 0
38409 2
38410 1
38411 2
38412 1
38413 2
38414 0
38415 0
38416 2
38417 0
38418 0
38419 2
38420 1
38421 1
38422 0
38423 2
38424 0
38425 1
38426 1
38427 2
38428 1
38429 1
38430 0
38431 1
38432 2
38433 0
38434 0
38435 2
38436 1
38437 2
38438 2
38439 0
38440 2
38441 2
38442 2
38443 2
38444 1
38445 0
38446 2
38447 0
38448 2
38449 1
38450 1
38451 1
38452 1
38453 1
38454 0
38455 0
38456 2
38457 0
38458 0
38459 2
38460 0
38461 1
38462 1
38463 1
38464 0
38465 0
38466 0
38467 0
38468 0
38469 2
38470 1
38471 1
38472 2
38473 0
38474 1
38475 0
38476 2
38477 1
38478 2
38479 1
38480 1
38481 2
38482 0
38483 1
38484 0
38485 3
38486 1
38487 1
38488 2
38489 1
38490 0
38491 0
38492 2
38493 2
38494 2
38495 1
38496 1
38497 0
38498 3
38499 1
38500 2
38501 2
38502 1
38503 2
38504 1
38505 0
38506 0
38507 1
38508 2
38509 1
38510 0
38511 0
38512 0
38513 2
38514 0
38515 1
38516 1
38517 0
38518 2
38519 3
38520 0
38521 1
38522 2
38523 1
38524 1
38525 2
38526 0
38527 2
38528 2
38529 1
38530 1
38531 0
38532 0
38533 0
38534 1
38535 0
38536 0
38537 0
38538 2
38539 1
38540 1
38541 0
38542 3
38543 1
38544 0
38545 1
38546 0
38547 2
38548 3
38549 3
38550 2
38551 2
38552 0
38553 0
38554 0
38555 1
38556 2
38557 0
38558 1
38559 2
38560 1
38561 1
38562 0
38563 2
38564 0
38565 2
38566 3
38567 2
38568 2
38569 1
38570 1
38571 0
38572 0
38573 0
38574 0
38575 0
38576 1
38577 0
38578 1
38579 0
38580 1
38581 2
38582 1
38583 2
38584 2
38585 1
38586 0
38587 2
38588 0
38589 1
38590 1
38591 2
38592 3
38593 1
38594 0
38595 3
38596 1
38597 2
38598 2
38599 0
38600 1
38601 2
38602 0
38603 0
38604 2
38605 1
38606 2
38607 1
38608 2
38609 1
38610 2
38611 2
38612 1
38613 0
38614 2
38615 0
38616 0
38617 2
38618 2
38619 0
38620 0
38621 0
38622 2
38623 3
38624 1
38625 0
38626 1
38627 0
38628 1
38629 0
38630 1
38631 1
38632 0
38633 1
38634 0
38635 0
38636 0
38637 2
38638 0
38639 0
38640 2
38641 0
38642 1
38643 1
38644 3
38645 2
38646 2
38647 2
38648 2
38649 0
38650 2
38651 3
38652 1
38653 2
38654 0
38655 0
38656 0
38657 2
38658 3
38659 1
38660 0
38661 1
38662 0
38663 0
38664 1
38665 1
38666 3
38667 0
38668 0
38669 2
38670 0
38671 0
38672 0
38673 0
38674 1
38675 1
38676 1
38677 0
38678 2
38679 0
38680 0
38681 1
38682 0
38683 1
38684 1
38685 0
38686 0
38687 1
38688 2
38689 1
38690 2
38691 3
38692 0
38693 1
38694 1
38695 0
38696 0
38697 2
38698 2
38699 0
38700 2
38701 2
38702 1
38703 1
38704 1
38705 3
38706 2
38707 1
38708 1
38709 3
38710 2
38711 1
38712 1
38713 1
38714 2
38715 1
38716 1
38717 1
38718 1
38719 0
38720 0
38721 1
38722 2
38723 3
38724 1
38725 2
38726 2
38727 0
38728 2
38729 1
38730 1
38731 1
38732 1
38733 2
38734 0
38735 2
38736 2
38737 2
38738 2
38739 2
38740 2
38741 0
38742 1
38743 2
38744 1
38745 0
38746 3
38747 1
38748 0
38749 0
38750 2
38751 1
38752 2
38753 1
38754 2
38755 2
38756 0
38757 0
38758 0
38759 2
38760 1
38761 1
38762 0
38763 0
38764 0
38765 0
38766 1
38767 0
38768 3
38769 1
38770 1
38771 0
38772 0
38773 2
38774 0
38775 1
38776 0
38777 3
38778 1
38779 1
38780 2
38781 0
38782 1
38783 0
38784 2
38785 1
38786 1
38787 0
38788 0
38789 1
38790 0
38791 1
38792 1
38793 0
38794 2
38795 2
38796 0
38797 1
38798 1
38799 1
38800 1
38801 0
38802 1
38803 0
38804 0
38805 1
38806 0
38807 2
38808 0
38809 1
38810 1
38811 2
38812 0
38813 2
38814 1
38815 2
38816 1
38817 2
38818 1
38819 1
38820 2
38821 1
38822 3
38823 3
38824 1
38825 0
38826 0
38827 0
38828 1
38829 1
38830 2
38831 1
38832 0
38833 1
38834 0
38835 1
38836 2
38837 3
38838 1
38839 1
38840 1
38841 1
38842 1
38843 1
38844 2
38845 0
38846 0
38847 0
38848 2
38849 2
38850 0
38851 1
38852 1
38853 0
38854 2
38855 1
38856 2
38857 1
38858 1
38859 1
38860 0
38861 1
38862 1
38863 0
38864 1
38865 2
38866 1
38867 3
38868 0
38869 2
38870 1
38871 1
38872 3
38873 1
38874 2
38875 3
38876 0
38877 1
38878 2
38879 3
38880 0
38881 0
38882 2
38883 2
38884 1
38885 1
38886 2
38887 2
38888 1
38889 2
38890 0
38891 0
38892 1
38893 2
38894 0
38895 1
38896 0
38897 0
38898 2
38899 1
38900 1
38901 1
38902 1
38903 0
38904 0
38905 0
38906 0
38907 0
38908 2
38909 2
38910 0
38911 0
38912 0
38913 0
38914 1
38915 2
38916 2
38917 1
38918 1
38919 0
38920 2
38921 0
38922 1
38923 2
38924 1
38925 0
38926 0
38927 1
38928 2
38929 1
38930 1
38931 0
38932 1
38933 1
38934 0
38935 2
38936 0
38937 0
38938 1
38939 0
38940 2
38941 0
38942 3
38943 0
38944 0
38945 0
38946 2
38947 0
38948 1
38949 0
38950 0
38951 0
38952 0
38953 2
38954 0
38955 2
38956 1
38957 2
38958 2
38959 0
38960 1
38961 1
38962 2
38963 1
38964 0
38965 2
38966 3
38967 1
38968 2
38969 1
38970 1
38971 2
38972 2
38973 1
38974 2
38975 0
38976 2
38977 0
38978 2
38979 2
38980 2
38981 1
38982 0
38983 2
38984 1
38985 2
38986 1
38987 0
38988 0
38989 0
38990 3
38991 3
38992 3
38993 2
38994 0
38995 0
38996 1
38997 2
38998 1
38999 1
39000 2
39001 2
39002 2
39003 2
39004 1
39005 0
39006 0
39007 2
39008 1
39009 2
39010 1
39011 0
39012 0
39013 0
39014 1
39015 0
39016 2
39017 1
39018 1
39019 1
39020 0
39021 0
39022 1
39023 1
39024 2
39025 1
39026 0
39027 1
39028 0
39029 0
39030 1
39031 1
39032 1
39033 1
39034 2
39035 1
39036 0
39037 1
39038 0
39039 0
39040 0
39041 2
39042 0
39043 2
39044 1
39045 0
39046 2
39047 1
39048 0
39049 0
39050 0
39051 1
39052 0
39053 1
39054 0
39055 1
39056 0
39057 1
39058 0
39059 1
39060 2
39061 2
39062 2
39063 2
39064 1
39065 1
39066 3
39067 0
39068 1
39069 3
39070 0
39071 2
39072 1
39073 1
39074 2
39075 0
39076 1
39077 1
39078 2
39079 2
39080 0
39081 0
39082 0
39083 3
39084 2
39085 2
39086 2
39087 1
39088 2
39089 0
39090 0
39091 3
39092 2
39093 0
39094 1
39095 0
39096 1
39097 0
39098 0
39099 2
39100 2
39101 0
39102 0
39103 2
39104 1
39105 2
39106 1
39107 0
39108 0
39109 1
39110 0
39111 0
39112 0
39113 2
39114 2
39115 2
39116 0
39117 1
39118 0
39119 1
39120 1
39121 1
39122 3
39123 1
39124 3
39125 2
39126 1
39127 0
39128 2
39129 0
39130 0
39131 0
39132 0
39133 0
39134 0
39135 1
39136 2
39137 1
39138 0
39139 0
39140 1
39141 0
39142 1
39143 0
39144 2
39145 1
39146 2
39147 1
39148 2
39149 1
39150 2
39151 2
39152 2
39153 0
39154 1
39155 0
39156 0
39157 0
39158 1
39159 1
39160 1
39161 1
39162 1
39163 1
39164 1
39165 1
39166 3
39167 2
39168 1
39169 2
39170 0
39171 1
39172 1
39173 1
39174 0
39175 1
39176 1
39177 2
39178 0
39179 0
39180 1
39181 1
39182 2
39183 1
39184 0
39185 1
39186 2
39187 1
39188 0
39189 1
39190 0
39191 1
39192 0
39193 3
39194 1
39195 0
39196 2
39197 0
39198 1
39199 0
39200 0
39201 1
39202 1
39203 2
39204 0
39205 1
39206 0
39207 1
39208 0
39209 2
39210 1
39211 2
39212 1
39213 0
39214 0
39215 1
39216 1
39217 0
39218 0
39219 0
39220 0
39221 2
39222 0
39223 1
39224 0
39225 0
39226 0
39227 2
39228 2
39229 2
39230 0
39231 1
39232 2
39233 0
39234 0
39235 1
39236 0
39237 3
39238 0
39239 2
39240 1
39241 2
39242 3
39243 0
39244 0
39245 2
39246 1
39247 1
39248 1
39249 0
39250 0
39251 1
39252 1
39253 1
39254 0
39255 0
39256 2
39257 0
39258 2
39259 3
39260 2
39261 2
39262 2
39263 1
39264 1
39265 1
39266 2
39267 2
39268 0
39269 2
39270 0
39271 1
39272 1
39273 2
39274 0
39275 0
39276 0
39277 0
39278 2
39279 0
39280 0
39281 1
39282 1
39283 0
39284 1
39285 1
39286 3
39287 3
39288 0
39289 1
39290 2
39291 3
39292 2
39293 0
39294 2
39295 1
39296 0
39297 1
39298 0
39299 0
39300 0
39301 1
39302 3
39303 2
39304 1
39305 1
39306 2
39307 0
39308 3
39309 2
39310 1
39311 0
39312 2
39313 2
39314 1
39315 2
39316 0
39317 1
39318 1
39319 0
39320 0
39321 1
39322 2
39323 2
39324 0
39325 1
39326 1
39327 0
39328 2
39329 1
39330 0
39331 2
39332 2
39333 0
39334 3
39335 2
39336 2
39337 0
39338 2
39339 0
39340 2
39341 1
39342 0
39343 2
39344 2
39345 0
39346 1
39347 0
39348 2
39349 1
39350 0
39351 1
39352 2
39353 0
39354 1
39355 1
39356 2
39357 2
39358 0
39359 0
39360 1
39361 0
39362 2
39363 2
39364 1
39365 0
39366 0
39367 0
39368 2
39369 0
39370 0
39371 2
39372 0
39373 1
39374 2
39375 2
39376 1
39377 2
39378 0
39379 1
39380 1
39381 3
39382 2
39383 1
39384 1
39385 0
39386 2
39387 0
39388 0
39389 2
39390 2
39391 0
39392 2
39393 3
39394 1
39395 2
39396 2
39397 2
39398 1
39399 1
39400 0
39401 2
39402 2
39403 2
39404 0
39405 0
39406 2
39407 1
39408 0
39409 1
39410 3
39411 0
39412 2
39413 1
39414 1
39415 0
39416 0
39417 1
39418 1
39419 0
39420 1
39421 2
39422 2
39423 1
39424 2
39425 1
39426 1
39427 3
39428 1
39429 1
39430 1
39431 2
39432 2
39433 1
39434 1
39435 2
39436 2
39437 0
39438 2
39439 3
39440 0
39441 0
39442 0
39443 2
39444 1
39445 3
39446 0
39447 0
39448 0
39449 1
39450 0
39451 0
39452 1
39453 1
39454 0
39455 1
39456 1
39457 1
39458 1
39459 3
39460 2
39461 0
39462 2
39463 1
39464 1
39465 0
39466 1
39467 1
39468 0
39469 1
39470 2
39471 1
39472 0
39473 1
39474 0
39475 2
39476 1
39477 1
39478 1
39479 1
39480 1
39481 2
39482 0
39483 1
39484 2
39485 1
39486 1
39487 0
39488 3
39489 1
39490 0
39491 2
39492 0
39493 2
39494 1
39495 0
39496 1
39497 0
39498 1
39499 1
39500 1
39501 3
39502 2
39503 1
39504 0
39505 2
39506 2
39507 2
39508 0
39509 2
39510 0
39511 0
39512 2
39513 2
39514 1
39515 0
39516 1
39517 0
39518 2
39519 0
39520 0
39521 1
39522 2
39523 1
39524 2
39525 1
39526 0
39527 1
39528 1
39529 1
39530 2
39531 1
39532 1
39533 0
39534 3
39535 1
39536 1
39537 0
39538 1
39539 2
39540 2
39541 0
39542 0
39543 0
39544 1
39545 1
39546 0
39547 1
39548 0
39549 2
39550 2
39551 0
39552 2
39553 3
39554 1
39555 3
39556 1
39557 2
39558 2
39559 1
39560 1
39561 2
39562 2
39563 2
39564 1
39565 1
39566 0
39567 1
39568 1
39569 1
39570 2
39571 2
39572 2
39573 1
39574 2
39575 1
39576 1
39577 2
39578 0
39579 1
39580 1
39581 0
39582 2
39583 0
39584 0
39585 1
39586 0
39587 2
39588 0
39589 1
39590 1
39591 0
39592 0
39593 0
39594 0
39595 1
39596 2
39597 0
39598 2
39599 0
39600 3
39601 0
39602 0
39603 2
39604 1
39605 0
39606 2
39607 3
39608 2
39609 1
39610 3
39611 2
39612 2
39613 0
39614 1
39615 2
39616 0
39617 3
39618 2
39619 1
39620 1
39621 0
39622 1
39623 1
39624 0
39625 2
39626 2
39627 0
39628 0
39629 2
39630 0
39631 3
39632 1
39633 0
39634 2
39635 0
39636 2
39637 0
39638 1
39639 1
39640 2
39641 1
39642 0
39643 2
39644 2
39645 1
39646 0
39647 2
39648 0
39649 1
39650 1
39651 3
39652 0
39653 0
39654 2
39655 0
39656 1
39657 0
39658 1
39659 2
39660 2
39661 2
39662 2
39663 1
39664 1
39665 1
39666 1
39667 1
39668 0
39669 0
39670 2
39671 1
39672 0
39673 1
39674 1
39675 2
39676 1
39677 2
39678 0
39679 0
39680 1
39681 1
39682 1
39683 2
39684 2
39685 1
39686 3
39687 0
39688 0
39689 2
39690 1
39691 2
39692 2
39693 1
39694 2
39695 2
39696 2
39697 0
39698 2
39699 1
39700 1
39701 2
39702 0
39703 2
39704 1
39705 1
39706 2
39707 0
39708 2
39709 1
39710 2
39711 2
39712 2
39713 2
39714 0
39715 1
39716 1
39717 0
39718 2
39719 2
39720 0
39721 2
39722 1
39723 1
39724 0
39725 0
39726 2
39727 2
39728 1
39729 1
39730 1
39731 1
39732 0
39733 2
39734 1
39735 1
39736 0
39737 0
39738 3
39739 2
39740 1
39741 2
39742 1
39743 0
39744 1
39745 2
39746 0
39747 2
39748 0
39749 1
39750 0
39751 2
39752 1
39753 0
39754 0
39755 2
39756 2
39757 0
39758 0
39759 1
39760 0
39761 0
39762 2
39763 1
39764 0
39765 1
39766 0
39767 2
39768 1
39769 2
39770 2
39771 1
39772 0
39773 1
39774 1
39775 1
39776 2
39777 2
39778 1
39779 2
39780 3
39781 2
39782 2
39783 1
39784 2
39785 2
39786 2
39787 2
39788 2
39789 1
39790 1
39791 1
39792 0
39793 0
39794 0
39795 1
39796 1
39797 0
39798 0
39799 1
39800 1
39801 2
39802 1
39803 1
39804 0
39805 2
39806 1
39807 1
39808 1
39809 1
39810 1
39811 1
39812 1
39813 0
39814 2
39815 1
39816 0
39817 0
39818 1
39819 3
39820 2
39821 2
39822 2
39823 1
39824 0
39825 3
39826 1
39827 1
39828 0
39829 0
39830 2
39831 0
39832 1
39833 1
39834 1
39835 1
39836 0
39837 1
39838 1
39839 0
39840 0
39841 2
39842 1
39843 0
39844 2
39845 0
39846 2
39847 0
39848 1
39849 0
39850 2
39851 0
39852 1
39853 2
39854 0
39855 0
39856 2
39857 2
39858 0
39859 0
39860 1
39861 2
39862 1
39863 1
39864 1
39865 2
39866 2
39867 1
39868 2
39869 1
39870 1
39871 1
39872 2
39873 0
39874 0
39875 0
39876 2
39877 1
39878 0
39879 2
39880 2
39881 1
39882 1
39883 0
39884 2
39885 0
39886 1
39887 0
39888 2
39889 0
39890 1
39891 1
39892 1
39893 3
39894 1
39895 2
39896 0
39897 2
39898 2
39899 2
39900 1
39901 1
39902 0
39903 0
39904 0
39905 1
39906 1
39907 2
39908 0
39909 1
39910 1
39911 0
39912 2
39913 0
39914 1
39915 0
39916 0
39917 1
39918 2
39919 1
39920 1
39921 1
39922 1
39923 1
39924 0
39925 1
39926 1
39927 2
39928 0
39929 0
39930 1
39931 1
39932 0
39933 2
39934 2
39935 1
39936 1
39937 0
39938 2
39939 1
39940 2
39941 3
39942 1
39943 1
39944 1
39945 1
39946 2
39947 1
39948 2
39949 1
39950 0
39951 2
39952 0
39953 2
39954 0
39955 2
39956 0
39957 2
39958 2
39959 2
39960 2
39961 2
39962 1
39963 1
39964 1
39965 1
39966 0
39967 0
39968 3
39969 1
39970 2
39971 0
39972 0
39973 1
39974 1
39975 3
39976 2
39977 1
39978 0
39979 2
39980 1
39981 0
39982 2
39983 0
39984 0
39985 2
39986 1
39987 1
39988 0
39989 2
39990 2
39991 0
39992 0
39993 0
39994 1
39995 1
39996 0
39997 2
39998 1
39999 2
40000 1
40001 0
40002 1
40003 0
40004 0
40005 0
40006 0
40007 1
40008 0
40009 0
40010 0
40011 2
40012 1
40013 0
40014 0
40015 2
40016 0
40017 0
40018 2
40019 0
40020 0
40021 1
40022 0
40023 1
40024 1
40025 1
40026 1
40027 1
40028 1
40029 0
40030 2
40031 2
40032 0
40033 2
40034 2
40035 0
40036 1
40037 1
40038 0
40039 2
40040 0
40041 1
40042 2
40043 3
40044 1
40045 1
40046 2
40047 0
40048 2
40049 0
40050 0
40051 1
40052 2
40053 1
40054 2
40055 0
40056 2
40057 2
40058 0
40059 0
40060 2
40061 0
40062 2
40063 0
40064 0
40065 0
40066 2
40067 0
40068 2
40069 2
40070 0
40071 1
40072 2
40073 0
40074 1
40075 1
40076 2
40077 0
40078 0
40079 2
40080 2
40081 0
40082 1
40083 1
40084 1
40085 0
40086 1
40087 1
40088 2
40089 0
40090 2
40091 0
40092 3
40093 0
40094 0
40095 0
40096 1
40097 1
40098 0
40099 2
40100 2
40101 0
40102 0
40103 0
40104 0
40105 1
40106 1
40107 0
40108 0
40109 3
40110 3
40111 2
40112 0
40113 1
40114 2
40115 1
40116 0
40117 0
40118 2
40119 1
40120 0
40121 2
40122 2
40123 2
40124 0
40125 3
40126 1
40127 0
40128 0
40129 1
40130 2
40131 1
40132 2
40133 2
40134 2
40135 0
40136 0
40137 1
40138 1
40139 1
40140 2
40141 1
40142 2
40143 0
40144 3
40145 0
40146 3
40147 0
40148 1
40149 2
40150 1
40151 2
40152 1
40153 3
40154 0
40155 1
40156 0
40157 1
40158 0
40159 1
40160 1
40161 0
40162 2
40163 2
40164 0
40165 0
40166 2
40167 1
40168 2
40169 1
40170 0
40171 1
40172 1
40173 0
40174 0
40175 1
40176 2
40177 2
40178 1
40179 2
40180 0
40181 0
40182 1
40183 0
40184 2
40185 0
40186 2
40187 1
40188 2
40189 2
40190 2
40191 1
40192 2
40193 0
40194 1
40195 2
40196 0
40197 0
40198 2
40199 1
40200 0
40201 0
40202 2
40203 1
40204 1
40205 1
40206 0
40207 1
40208 2
40209 3
40210 1
40211 1
40212 0
40213 0
40214 2
40215 1
40216 0
40217 1
40218 2
40219 0
40220 0
40221 0
40222 2
40223 2
40224 1
40225 2
40226 2
40227 1
40228 1
40229 2
40230 3
40231 2
40232 3
40233 1
40234 1
40235 2
40236 3
40237 2
40238 0
40239 0
40240 0
40241 0
40242 0
40243 1
40244 0
40245 2
40246 1
40247 1
40248 0
40249 2
40250 0
40251 2
40252 1
40253 1
40254 1
40255 2
40256 0
40257 2
40258 3
40259 3
40260 2
40261 0
40262 1
40263 0
40264 0
40265 2
40266 1
40267 2
40268 0
40269 1
40270 0
40271 0
40272 0
40273 1
40274 1
40275 1
40276 1
40277 3
40278 0
40279 0
40280 1
40281 2
40282 0
40283 0
40284 1
40285 1
40286 0
40287 0
40288 1
40289 0
40290 0
40291 2
40292 1
40293 0
40294 1
40295 1
40296 2
40297 2
40298 0
40299 0
40300 1
40301 2
40302 1
40303 3
40304 0
40305 1
40306 1
40307 2
40308 2
40309 0
40310 2
40311 2
40312 1
40313 1
40314 1
40315 0
40316 2
40317 2
40318 0
40319 0
40320 0
40321 2
40322 0
40323 0
40324 1
40325 2
40326 2
40327 0
40328 0
40329 0
40330 2
40331 1
40332 1
40333 3
40334 1
40335 0
40336 2
40337 2
40338 1
40339 3
40340 1
40341 2
40342 1
40343 3
40344 3
40345 0
40346 2
40347 1
40348 1
40349 0
40350 1
40351 0
40352 0
40353 3
40354 0
40355 2
40356 0
40357 1
40358 3
40359 0
40360 2
40361 1
40362 0
40363 1
40364 0
40365 0
40366 0
40367 0
40368 2
40369 0
40370 1
40371 1
40372 2
40373 0
40374 1
40375 2
40376 1
40377 2
40378 1
40379 1
40380 0
40381 2
40382 0
40383 0
40384 3
40385 0
40386 1
40387 2
40388 1
40389 1
40390 2
40391 1
40392 2
40393 1
40394 1
40395 1
40396 1
40397 0
40398 2
40399 3
40400 2
40401 0
40402 1
40403 0
40404 2
40405 0
40406 1
40407 1
40408 2
40409 2
40410 0
40411 1
40412 2
40413 2
40414 3
40415 0
40416 1
40417 1
40418 0
40419 2
40420 1
40421 1
40422 0
40423 1
40424 0
40425 1
40426 3
40427 0
40428 1
40429 1
40430 0
40431 1
40432 1
40433 1
40434 0
40435 1
40436 2
40437 1
40438 2
40439 2
40440 1
40441 0
40442 2
40443 2
40444 0
40445 2
40446 2
40447 1
40448 0
40449 2
40450 0
40451 1
40452 0
40453 2
40454 2
40455 1
40456 1
40457 2
40458 0
40459 2
40460 2
40461 2
40462 3
40463 0
40464 3
40465 0
40466 3
40467 2
40468 1
40469 0
40470 1
40471 1
40472 0
40473 0
40474 0
40475 0
40476 1
40477 1
40478 1
40479 1
40480 3
40481 0
40482 0
40483 0
40484 1
40485 0
40486 2
40487 0
40488 1
40489 0
40490 2
40491 3
40492 0
40493 1
40494 1
40495 2
40496 1
40497 1
40498 1
40499 0
40500 2
40501 0
40502 0
40503 1
40504 0
40505 0
40506 2
40507 2
40508 1
40509 2
40510 2
40511 1
40512 1
40513 1
40514 1
40515 2
40516 2
40517 1
40518 1
40519 0
40520 2
40521 1
40522 1
40523 3
40524 0
40525 1
40526 2
40527 0
40528 0
40529 3
40530 0
40531 1
40532 1
40533 1
40534 1
40535 1
40536 0
40537 1
40538 1
40539 1
40540 1
40541 1
40542 1
40543 3
40544 0
40545 3
40546 2
40547 2
40548 1
40549 1
40550 1
40551 1
40552 1
40553 2
40554 0
40555 0
40556 0
40557 2
40558 2
40559 0
40560 2
40561 0
40562 0
40563 0
40564 0
40565 0
40566 2
40567 1
40568 2
40569 2
40570 0
40571 2
40572 1
40573 2
40574 2
40575 2
40576 2
40577 3
40578 2
40579 0
40580 0
40581 1
40582 2
40583 0
40584 0
40585 1
40586 1
40587 3
40588 2
40589 2
40590 1
40591 0
40592 2
40593 1
40594 1
40595 1
40596 0
40597 2
40598 1
40599 1
40600 0
40601 1
40602 0
40603 1
40604 2
40605 0
40606 1
40607 3
40608 1
40609 1
40610 0
40611 2
40612 0
40613 0
40614 1
40615 2
40616 3
40617 0
40618 3
40619 1
40620 1
40621 1
40622 1
40623 1
40624 1
40625 1
40626 1
40627 1
40628 1
40629 1
40630 1
40631 1
40632 1
40633 2
40634 0
40635 0
40636 0
40637 0
40638 0
40639 2
40640 0
40641 1
40642 0
40643 1
40644 0
40645 2
40646 0
40647 0
40648 2
40649 2
40650 1
40651 2
40652 2
40653 0
40654 0
40655 0
40656 0
40657 0
40658 0
40659 1
40660 0
40661 1
40662 0
40663 1
40664 0
40665 0
40666 1
40667 0
40668 1
40669 1
40670 1
40671 2
40672 2
40673 2
40674 1
40675 2
40676 1
40677 1
40678 0
40679 0
40680 2
40681 0
40682 2
40683 0
40684 1
40685 0
40686 0
40687 1
40688 1
40689 0
40690 2
40691 3
40692 1
40693 0
40694 0
40695 1
40696 0
40697 0
40698 1
40699 0
40700 1
40701 0
40702 2
40703 1
40704 2
40705 0
40706 0
40707 0
40708 2
40709 2
40710 2
40711 0
40712 1
40713 0
40714 0
40715 2
40716 0
40717 2
40718 3
40719 1
40720 1
40721 2
40722 1
40723 1
40724 0
40725 1
40726 1
40727 2
40728 0
40729 1
40730 1
40731 2
40732 1
40733 0
40734 0
40735 1
40736 2
40737 1
40738 1
40739 0
40740 2
40741 1
40742 2
40743 2
40744 1
40745 2
40746 0
40747 3
40748 1
40749 0
40750 0
40751 0
40752 1
40753 2
40754 3
40755 2
40756 2
40757 2
40758 1
40759 1
40760 1
40761 3
40762 2
40763 3
40764 0
40765 1
40766 3
40767 0
40768 1
40769 0
40770 0
40771 1
40772 3
40773 1
40774 3
40775 0
40776 1
40777 1
40778 1
40779 3
40780 1
40781 0
40782 1
40783 3
40784 0
40785 1
40786 0
40787 0
40788 1
40789 1
40790 0
40791 0
40792 0
40793 0
40794 2
40795 1
40796 1
40797 1
40798 1
40799 1
40800 0
40801 1
40802 0
40803 1
40804 0
40805 0
40806 2
40807 2
40808 1
40809 1
40810 0
40811 3
40812 2
40813 2
40814 1
40815 1
40816 2
40817 3
40818 1
40819 3
40820 2
40821 0
40822 0
40823 0
40824 1
40825 0
40826 2
40827 0
40828 1
40829 0
40830 0
40831 0
40832 2
40833 2
40834 2
40835 1
40836 1
40837 1
40838 3
40839 1
40840 0
40841 1
40842 1
40843 0
40844 1
40845 1
40846 0
40847 0
40848 2
40849 2
40850 0
40851 1
40852 2
40853 0
40854 2
40855 1
40856 2
40857 1
40858 0
40859 0
40860 0
40861 0
40862 2
40863 3
40864 3
40865 1
40866 0
40867 2
40868 1
40869 2
40870 2
40871 1
40872 1
40873 2
40874 3
40875 1
40876 0
40877 3
40878 0
40879 0
40880 0
40881 1
40882 0
40883 1
40884 1
40885 3
40886 2
40887 2
40888 2
40889 0
40890 2
40891 2
40892 1
40893 1
40894 2
40895 0
40896 0
40897 1
40898 3
40899 1
40900 2
40901 0
40902 3
40903 0
40904 2
40905 0
40906 1
40907 2
40908 1
40909 1
40910 1
40911 1
40912 1
40913 2
40914 0
40915 2
40916 0
40917 0
40918 0
40919 0
40920 1
40921 1
40922 1
40923 0
40924 0
40925 0
40926 1
40927 0
40928 1
40929 2
40930 2
40931 1
40932 1
40933 1
40934 0
40935 2
40936 1
40937 0
40938 0
40939 0
40940 2
40941 0
40942 1
40943 0
40944 1
40945 3
40946 0
40947 1
40948 1
40949 2
40950 1
40951 1
40952 0
40953 1
40954 1
40955 1
40956 0
40957 2
40958 2
40959 2
40960 2
40961 3
40962 2
40963 0
40964 3
40965 2
40966 0
40967 0
40968 0
40969 0
40970 1
40971 0
40972 0
40973 0
40974 1
40975 0
40976 0
40977 1
40978 0
40979 0
40980 0
40981 1
40982 0
40983 0
40984 1
40985 0
40986 0
40987 0
40988 1
40989 1
40990 0
40991 0
40992 3
40993 1
40994 0
40995 2
40996 1
40997 2
40998 0
40999 2
41000 0
41001 1
41002 0
41003 0
41004 2
41005 2
41006 0
41007 1
41008 0
41009 3
41010 2
41011 1
41012 1
41013 1
41014 2
41015 0
41016 0
41017 1
41018 2
41019 1
41020 0
41021 0
41022 0
41023 1
41024 0
41025 1
41026 0
41027 1
41028 2
41029 1
41030 2
41031 2
41032 0
41033 0
41034 0
41035 2
41036 0
41037 0
41038 1
41039 2
41040 0
41041 0
41042 2
41043 1
41044 0
41045 0
41046 1
41047 2
41048 1
41049 1
41050 1
41051 1
41052 2
41053 1
41054 0
41055 0
41056 1
41057 1
41058 1
41059 2
41060 0
41061 1
41062 1
41063 2
41064 2
41065 1
41066 0
41067 0
41068 2
41069 2
41070 2
41071 0
41072 2
41073 0
41074 2
41075 0
41076 0
41077 1
41078 2
41079 0
41080 1
41081 0
41082 2
41083 1
41084 2
41085 0
41086 0
41087 2
41088 0
41089 1
41090 0
41091 0
41092 1
41093 1
41094 2
41095 0
41096 0
41097 0
41098 3
41099 3
41100 0
41101 0
41102 2
41103 1
41104 0
41105 0
41106 2
41107 1
41108 0
41109 0
41110 0
41111 1
41112 1
41113 0
41114 2
41115 1
41116 1
41117 1
41118 0
41119 2
41120 3
41121 1
41122 2
41123 1
41124 1
41125 2
41126 0
41127 1
41128 1
41129 1
41130 1
41131 1
41132 1
41133 0
41134 2
41135 1
41136 2
41137 0
41138 1
41139 1
41140 0
41141 2
41142 2
41143 2
41144 1
41145 0
41146 1
41147 0
41148 1
41149 1
41150 2
41151 1
41152 2
41153 1
41154 1
41155 3
41156 0
41157 1
41158 2
41159 3
41160 1
41161 1
41162 0
41163 2
41164 0
41165 0
41166 1
41167 2
41168 2
41169 3
41170 2
41171 2
41172 2
41173 1
41174 3
41175 0
41176 0
41177 1
41178 2
41179 0
41180 1
41181 2
41182 3
41183 0
41184 1
41185 1
41186 2
41187 2
41188 1
41189 2
41190 2
41191 0
41192 1
41193 1
41194 0
41195 1
41196 2
41197 0
41198 0
41199 2
41200 0
41201 1
41202 2
41203 0
41204 0
41205 1
41206 1
41207 0
41208 0
41209 0
41210 0
41211 1
41212 3
41213 3
41214 2
41215 0
41216 0
41217 2
41218 3
41219 2
41220 2
41221 0
41222 2
41223 3
41224 3
41225 3
41226 2
41227 1
41228 0
41229 2
41230 2
41231 2
41232 2
41233 2
41234 3
41235 0
41236 2
41237 0
41238 0
41239 0
41240 2
41241 1
41242 0
41243 0
41244 0
41245 2
41246 2
41247 2
41248 1
41249 0
41250 0
41251 2
41252 1
41253 2
41254 1
41255 0
41256 3
41257 2
41258 0
41259 1
41260 1
41261 2
41262 1
41263 1
41264 0
41265 1
41266 0
41267 1
41268 1
41269 1
41270 1
41271 1
41272 1
41273 1
41274 1
41275 1
41276 1
41277 0
41278 1
41279 1
41280 0
41281 0
41282 2
41283 1
41284 0
41285 1
41286 1
41287 2
41288 0
41289 1
41290 1
41291 0
41292 0
41293 1
41294 1
41295 0
41296 2
41297 2
41298 2
41299 2
41300 1
41301 1
41302 1
41303 1
41304 0
41305 2
41306 0
41307 0
41308 1
41309 1
41310 0
41311 2
41312 0
41313 0
41314 0
41315 0
41316 1
41317 0
41318 3
41319 2
41320 1
41321 1
41322 0
41323 1
41324 0
41325 1
41326 1
41327 3
41328 0
41329 2
41330 2
41331 3
41332 1
41333 1
41334 1
41335 1
41336 2
41337 2
41338 2
41339 0
41340 0
41341 0
41342 1
41343 1
41344 1
41345 0
41346 0
41347 0
41348 1
41349 0
41350 0
41351 1
41352 3
41353 0
41354 2
41355 0
41356 1
41357 2
41358 2
41359 0
41360 0
41361 2
41362 3
41363 2
41364 1
41365 0
41366 2
41367 1
41368 0
41369 0
41370 0
41371 1
41372 0
41373 2
41374 0
41375 0
41376 1
41377 1
41378 2
41379 2
41380 3
41381 2
41382 2
41383 2
41384 3
41385 1
41386 3
41387 2
41388 0
41389 1
41390 0
41391 0
41392 1
41393 0
41394 0
41395 0
41396 0
41397 2
41398 1
41399 1
41400 1
41401 2
41402 1
41403 0
41404 1
41405 0
41406 1
41407 2
41408 2
41409 1
41410 0
41411 1
41412 2
41413 0
41414 3
41415 0
41416 1
41417 1
41418 1
41419 0
41420 0
41421 0
41422 3
41423 1
41424 2
41425 2
41426 2
41427 0
41428 1
41429 3
41430 1
41431 0
41432 2
41433 1
41434 1
41435 1
41436 1
41437 0
41438 2
41439 1
41440 2
41441 1
41442 0
41443 0
41444 0
41445 2
41446 2
41447 0
41448 0
41449 0
41450 2
41451 0
41452 1
41453 0
41454 0
41455 0
41456 0
41457 0
41458 0
41459 2
41460 0
41461 0
41462 1
41463 1
41464 1
41465 1
41466 2
41467 2
41468 0
41469 3
41470 1
41471 1
41472 0
41473 0
41474 1
41475 2
41476 1
41477 0
41478 2
41479 2
41480 1
41481 2
41482 1
41483 1
41484 2
41485 3
41486 1
41487 1
41488 1
41489 1
41490 0
41491 0
41492 0
41493 1
41494 2
41495 1
41496 1
41497 0
41498 0
41499 0
41500 0
41501 1
41502 1
41503 1
41504 0
41505 2
41506 0
41507 0
41508 3
41509 3
41510 2
41511 0
41512 1
41513 0
41514 2
41515 2
41516 1
41517 2
41518 2
41519 1
41520 2
41521 1
41522 2
41523 1
41524 1
41525 1
41526 1
41527 1
41528 2
41529 1
41530 1
41531 2
41532 3
41533 2
41534 0
41535 2
41536 3
41537 1
41538 1
41539 0
41540 1
41541 1
41542 0
41543 0
41544 1
41545 0
41546 1
41547 3
41548 2
41549 0
41550 2
41551 1
41552 0
41553 0
41554 1
41555 0
41556 2
41557 2
41558 0
41559 2
41560 0
41561 2
41562 0
41563 1
41564 0
41565 0
41566 0
41567 1
41568 2
41569 2
41570 1
41571 2
41572 2
41573 0
41574 1
41575 1
41576 0
41577 2
41578 2
41579 0
41580 2
41581 1
41582 1
41583 2
41584 2
41585 1
41586 1
41587 1
41588 3
41589 0
41590 2
41591 0
41592 2
41593 0
41594 2
41595 0
41596 0
41597 2
41598 1
41599 2
41600 2
41601 0
41602 1
41603 2
41604 3
41605 1
41606 1
41607 0
41608 0
41609 0
41610 2
41611 2
41612 2
41613 0
41614 1
41615 0
41616 1
41617 1
41618 1
41619 0
41620 0
41621 0
41622 2
41623 1
41624 0
41625 2
41626 1
41627 0
41628 1
41629 1
41630 0
41631 1
41632 0
41633 0
41634 2
41635 2
41636 2
41637 0
41638 1
41639 1
41640 2
41641 0
41642 1
41643 2
41644 1
41645 0
41646 2
41647 1
41648 2
41649 0
41650 0
41651 2
41652 3
41653 0
41654 2
41655 3
41656 2
41657 0
41658 2
41659 0
41660 3
41661 0
41662 0
41663 1
41664 2
41665 1
41666 1
41667 1
41668 0
41669 2
41670 1
41671 2
41672 2
41673 1
41674 1
41675 3
41676 1
41677 1
41678 1
41679 0
41680 1
41681 0
41682 0
41683 0
41684 0
41685 2
41686 2
41687 2
41688 0
41689 0
41690 0
41691 2
41692 0
41693 2
41694 2
41695 2
41696 2
41697 2
41698 1
41699 1
41700 1
41701 2
41702 2
41703 2
41704 1
41705 1
41706 0
41707 2
41708 0
41709 0
41710 0
41711 2
41712 1
41713 0
41714 2
41715 2
41716 1
41717 1
41718 0
41719 3
41720 2
41721 2
41722 0
41723 1
41724 1
41725 2
41726 0
41727 1
41728 0
41729 2
41730 0
41731 2
41732 1
41733 1
41734 0
41735 2
41736 2
41737 1
41738 1
41739 3
41740 1
41741 2
41742 2
41743 2
41744 1
41745 1
41746 3
41747 0
41748 2
41749 3
41750 1
41751 1
41752 0
41753 2
41754 0
41755 0
41756 3
41757 2
41758 1
41759 0
41760 1
41761 1
41762 0
41763 0
41764 1
41765 1
41766 1
41767 1
41768 2
41769 0
41770 1
41771 1
41772 1
41773 0
41774 1
41775 0
41776 1
41777 2
41778 0
41779 1
41780 1
41781 1
41782 1
41783 2
41784 1
41785 0
41786 0
41787 2
41788 0
41789 2
41790 1
41791 3
41792 0
41793 1
41794 1
41795 1
41796 1
41797 0
41798 1
41799 2
41800 0
41801 0
41802 2
41803 2
41804 3
41805 1
41806 0
41807 0
41808 0
41809 2
41810 0
41811 2
41812 2
41813 2
41814 0
41815 1
41816 3
41817 0
41818 1
41819 0
41820 1
41821 0
41822 2
41823 0
41824 1
41825 0
41826 0
41827 2
41828 2
41829 0
41830 0
41831 1
41832 0
41833 0
41834 1
41835 0
41836 1
41837 0
41838 1
41839 0
41840 0
41841 1
41842 2
41843 1
41844 2
41845 1
41846 1
41847 0
41848 3
41849 0
41850 1
41851 0
41852 1
41853 1
41854 2
41855 1
41856 2
41857 1
41858 1
41859 0
41860 1
41861 2
41862 2
41863 2
41864 0
41865 2
41866 0
41867 0
41868 1
41869 0
41870 1
41871 1
41872 2
41873 2
41874 1
41875 3
41876 2
41877 3
41878 1
41879 1
41880 1
41881 0
41882 0
41883 3
41884 0
41885 0
41886 0
41887 1
41888 1
41889 0
41890 2
41891 1
41892 0
41893 1
41894 0
41895 1
41896 0
41897 1
41898 2
41899 1
41900 2
41901 1
41902 1
41903 0
41904 0
41905 2
41906 1
41907 2
41908 2
41909 2
41910 0
41911 3
41912 2
41913 1
41914 1
41915 1
41916 1
41917 1
41918 1
41919 1
41920 0
41921 3
41922 1
41923 0
41924 0
41925 1
41926 2
41927 1
41928 2
41929 0
41930 0
41931 3
41932 1
41933 2
41934 2
41935 3
41936 1
41937 0
41938 2
41939 1
41940 0
41941 0
41942 1
41943 0
41944 0
41945 0
41946 1
41947 0
41948 2
41949 1
41950 2
41951 1
41952 2
41953 2
41954 0
41955 1
41956 2
41957 0
41958 1
41959 0
41960 0
41961 0
41962 0
41963 1
41964 1
41965 0
41966 1
41967 2
41968 1
41969 3
41970 2
41971 2
41972 1
41973 2
41974 2
41975 2
41976 3
41977 2
41978 0
41979 0
41980 1
41981 2
41982 2
41983 1
41984 2
41985 2
41986 0
41987 0
41988 2
41989 0
41990 0
41991 2
41992 3
41993 0
41994 1
41995 0
41996 1
41997 1
41998 0
41999 0
42000 0
42001 0
42002 1
42003 2
42004 2
42005 0
42006 2
42007 2
42008 0
42009 1
42010 0
42011 0
42012 0
42013 0
42014 0
42015 1
42016 0
42017 0
42018 0
42019 0
42020 0
42021 2
42022 0
42023 0
42024 2
42025 2
42026 1
42027 1
42028 0
42029 2
42030 1
42031 2
42032 1
42033 0
42034 0
42035 1
42036 0
42037 0
42038 2
42039 2
42040 1
42041 1
42042 0
42043 2
42044 2
42045 1
42046 2
42047 3
42048 2
42049 1
42050 1
42051 0
42052 3
42053 1
42054 1
42055 0
42056 3
42057 2
42058 0
42059 2
42060 2
42061 0
42062 2
42063 2
42064 3
42065 1
42066 1
42067 2
42068 1
42069 2
42070 1
42071 1
42072 1
42073 0
42074 0
42075 0
42076 2
42077 0
42078 1
42079 2
42080 0
42081 2
42082 3
42083 1
42084 2
42085 1
42086 2
42087 0
42088 0
42089 1
42090 0
42091 0
42092 3
42093 0
42094 0
42095 0
42096 1
42097 3
42098 1
42099 3
42100 2
42101 0
42102 0
42103 0
42104 1
42105 2
42106 3
42107 2
42108 1
42109 2
42110 0
42111 0
42112 2
42113 1
42114 0
42115 1
42116 2
42117 3
42118 2
42119 3
42120 1
42121 1
42122 2
42123 1
42124 2
42125 2
42126 1
42127 3
42128 0
42129 1
42130 2
42131 0
42132 1
42133 0
42134 3
42135 2
42136 1
42137 1
42138 3
42139 2
42140 2
42141 0
42142 2
42143 3
42144 1
42145 2
42146 0
42147 2
42148 0
42149 1
42150 0
42151 0
42152 2
42153 1
42154 2
42155 2
42156 0
42157 2
42158 0
42159 0
42160 0
42161 1
42162 0
42163 1
42164 2
42165 3
42166 1
42167 2
42168 1
42169 0
42170 1
42171 2
42172 2
42173 1
42174 0
42175 1
42176 1
42177 2
42178 1
42179 0
42180 2
42181 3
42182 1
42183 2
42184 1
42185 1
42186 3
42187 2
42188 4
42189 1
42190 0
42191 1
42192 1
42193 1
42194 1
42195 2
42196 0
42197 1
42198 2
42199 1
42200 1
42201 1
42202 1
42203 1
42204 0
42205 2
42206 0
42207 2
42208 0
42209 2
42210 1
42211 2
42212 0
42213 2
42214 2
42215 0
42216 0
42217 1
42218 1
42219 1
42220 0
42221 2
42222 2
42223 0
42224 3
42225 1
42226 0
42227 1
42228 1
42229 2
42230 0
42231 2
42232 1
42233 2
42234 0
42235 1
42236 1
42237 1
42238 0
42239 1
42240 1
42241 1
42242 1
42243 2
42244 1
42245 2
42246 0
42247 0
42248 1
42249 2
42250 1
42251 2
42252 0
42253 0
42254 0
42255 0
42256 2
42257 1
42258 0
42259 2
42260 0
42261 1
42262 2
42263 2
42264 0
42265 0
42266 1
42267 3
42268 0
42269 0
42270 0
42271 1
42272 2
42273 1
42274 1
42275 0
42276 1
42277 0
42278 0
42279 0
42280 0
42281 2
42282 0
42283 0
42284 0
42285 1
42286 0
42287 1
42288 0
42289 1
42290 2
42291 3
42292 0
42293 2
42294 1
42295 1
42296 2
42297 0
42298 1
42299 0
42300 2
42301 1
42302 3
42303 1
42304 1
42305 0
42306 2
42307 1
42308 0
42309 1
42310 1
42311 0
42312 2
42313 2
42314 0
42315 0
42316 0
42317 0
42318 2
42319 0
42320 0
42321 1
42322 1
42323 1
42324 0
42325 0
42326 1
42327 1
42328 0
42329 1
42330 1
42331 2
42332 1
42333 2
42334 1
42335 1
42336 0
42337 0
42338 0
42339 2
42340 1
42341 0
42342 1
42343 1
42344 3
42345 2
42346 1
42347 1
42348 0
42349 0
42350 0
42351 2
42352 0
42353 2
42354 0
42355 1
42356 1
42357 1
42358 1
42359 1
42360 2
42361 2
42362 0
42363 1
42364 2
42365 3
42366 2
42367 2
42368 0
42369 0
42370 2
42371 0
42372 3
42373 1
42374 2
42375 2
42376 2
42377 0
42378 2
42379 0
42380 0
42381 2
42382 2
42383 2
42384 1
42385 1
42386 2
42387 0
42388 1
42389 2
42390 0
42391 0
42392 1
42393 3
42394 2
42395 1
42396 0
42397 1
42398 2
42399 1
42400 1
42401 1
42402 0
42403 0
42404 0
42405 1
42406 2
42407 1
42408 2
42409 1
42410 1
42411 1
42412 2
42413 1
42414 1
42415 0
42416 0
42417 0
42418 2
42419 3
42420 3
42421 2
42422 1
42423 1
42424 1
42425 1
42426 1
42427 0
42428 1
42429 1
42430 0
42431 0
42432 0
42433 0
42434 2
42435 1
42436 2
42437 1
42438 0
42439 1
42440 2
42441 0
42442 1
42443 1
42444 0
42445 3
42446 1
42447 0
42448 3
42449 1
42450 1
42451 0
42452 2
42453 0
42454 1
42455 2
42456 2
42457 1
42458 0
42459 0
42460 0
42461 2
42462 0
42463 1
42464 1
42465 2
42466 0
42467 0
42468 2
42469 1
42470 0
42471 1
42472 2
42473 0
42474 0
42475 2
42476 1
42477 2
42478 1
42479 2
42480 1
42481 0
42482 1
42483 2
42484 0
42485 2
42486 2
42487 1
42488 2
42489 0
42490 1
42491 0
42492 2
42493 0
42494 3
42495 1
42496 0
42497 2
42498 3
42499 0
42500 1
42501 1
42502 2
42503 3
42504 2
42505 0
42506 3
42507 2
42508 1
42509 0
42510 2
42511 0
42512 2
42513 0
42514 1
42515 2
42516 0
42517 0
42518 0
42519 2
42520 0
42521 0
42522 0
42523 2
42524 1
42525 1
42526 2
42527 0
42528 2
42529 3
42530 1
42531 2
42532 2
42533 2
42534 1
42535 0
42536 0
42537 1
42538 2
42539 2
42540 2
42541 0
42542 3
42543 2
42544 2
42545 1
42546 1
42547 2
42548 0
42549 0
42550 2
42551 1
42552 1
42553 1
42554 3
42555 2
42556 0
42557 0
42558 0
42559 2
42560 1
42561 2
42562 3
42563 0
42564 1
42565 1
42566 0
42567 2
42568 1
42569 0
42570 2
42571 0
42572 2
42573 1
42574 1
42575 1
42576 1
42577 0
42578 2
42579 0
42580 0
42581 0
42582 1
42583 2
42584 0
42585 2
42586 3
42587 1
42588 0
42589 0
42590 0
42591 2
42592 2
42593 2
42594 0
42595 1
42596 3
42597 2
42598 0
42599 1
42600 1
42601 3
42602 1
42603 0
42604 2
42605 0
42606 2
42607 1
42608 0
42609 2
42610 1
42611 0
42612 1
42613 2
42614 1
42615 0
42616 2
42617 0
42618 1
42619 0
42620 1
42621 1
42622 2
42623 2
42624 0
42625 0
42626 1
42627 0
42628 2
42629 1
42630 1
42631 0
42632 3
42633 0
42634 0
42635 0
42636 2
42637 2
42638 0
42639 0
42640 0
42641 2
42642 2
42643 1
42644 2
42645 3
42646 3
42647 3
42648 2
42649 2
42650 0
42651 2
42652 1
42653 2
42654 2
42655 0
42656 1
42657 0
42658 1
42659 0
42660 2
42661 2
42662 0
42663 0
42664 1
42665 1
42666 1
42667 0
42668 0
42669 2
42670 0
42671 0
42672 3
42673 1
42674 0
42675 1
42676 0
42677 2
42678 2
42679 2
42680 0
42681 0
42682 0
42683 0
42684 1
42685 0
42686 1
42687 0
42688 2
42689 1
42690 0
42691 0
42692 2
42693 2
42694 2
42695 1
42696 0
42697 1
42698 2
42699 0
42700 0
42701 0
42702 0
42703 0
42704 2
42705 2
42706 2
42707 2
42708 2
42709 1
42710 2
42711 0
42712 0
42713 0
42714 2
42715 0
42716 0
42717 2
42718 1
42719 2
42720 1
42721 1
42722 2
42723 1
42724 1
42725 1
42726 2
42727 1
42728 2
42729 1
42730 2
42731 1
42732 0
42733 1
42734 1
42735 0
42736 1
42737 1
42738 0
42739 0
42740 1
42741 0
42742 2
42743 2
42744 1
42745 0
42746 2
42747 0
42748 2
42749 0
42750 1
42751 2
42752 1
42753 2
42754 1
42755 1
42756 1
42757 1
42758 2
42759 1
42760 3
42761 0
42762 2
42763 1
42764 0
42765 2
42766 0
42767 1
42768 1
42769 2
42770 0
42771 1
42772 2
42773 1
42774 0
42775 2
42776 1
42777 1
42778 0
42779 2
42780 0
42781 0
42782 2
42783 1
42784 2
42785 1
42786 0
42787 0
42788 0
42789 0
42790 2
42791 1
42792 0
42793 2
42794 3
42795 2
42796 0
42797 1
42798 0
42799 1
42800 2
42801 0
42802 3
42803 0
42804 1
42805 1
42806 2
42807 2
42808 3
42809 2
42810 0
42811 1
42812 0
42813 0
42814 0
42815 0
42816 1
42817 0
42818 0
42819 1
42820 0
42821 0
42822 0
42823 0
42824 1
42825 0
42826 1
42827 1
42828 1
42829 1
42830 3
42831 1
42832 0
42833 0
42834 3
42835 3
42836 1
42837 2
42838 0
42839 1
42840 0
42841 1
42842 1
42843 1
42844 1
42845 1
42846 2
42847 3
42848 1
42849 0
42850 2
42851 2
42852 0
42853 0
42854 1
42855 2
42856 1
42857 0
42858 1
42859 2
42860 0
42861 0
42862 3
42863 2
42864 2
42865 3
42866 1
42867 2
42868 1
42869 0
42870 1
42871 0
42872 0
42873 1
42874 0
42875 1
42876 0
42877 1
42878 2
42879 0
42880 0
42881 1
42882 0
42883 2
42884 1
42885 3
42886 2
42887 0
42888 1
42889 0
42890 2
42891 1
42892 0
42893 1
42894 0
42895 1
42896 0
42897 1
42898 2
42899 1
42900 3
42901 1
42902 1
42903 1
42904 2
42905 2
42906 0
42907 1
42908 0
42909 2
42910 3
42911 2
42912 3
42913 2
42914 0
42915 2
42916 0
42917 2
42918 1
42919 2
42920 2
42921 1
42922 2
42923 3
42924 0
42925 1
42926 2
42927 2
42928 2
42929 2
42930 1
42931 0
42932 0
42933 1
42934 1
42935 0
42936 0
42937 3
42938 1
42939 1
42940 1
42941 1
42942 2
42943 0
42944 1
42945 1
42946 1
42947 0
42948 0
42949 0
42950 1
42951 0
42952 2
42953 1
42954 0
42955 0
42956 2
42957 1
42958 2
42959 1
42960 0
42961 2
42962 0
42963 0
42964 0
42965 0
42966 0
42967 1
42968 1
42969 2
42970 1
42971 2
42972 2
42973 1
42974 0
42975 2
42976 1
42977 0
42978 1
42979 0
42980 1
42981 1
42982 2
42983 0
42984 2
42985 0
42986 0
42987 0
42988 1
42989 0
42990 0
42991 1
42992 1
42993 2
42994 1
42995 2
42996 1
42997 2
42998 2
42999 2
43000 0
43001 0
43002 1
43003 1
43004 1
43005 0
43006 1
43007 0
43008 1
43009 0
43010 0
43011 2
43012 1
43013 1
43014 2
43015 2
43016 0
43017 1
43018 1
43019 1
43020 1
43021 2
43022 2
43023 3
43024 2
43025 0
43026 2
43027 1
43028 1
43029 0
43030 2
43031 2
43032 0
43033 1
43034 3
43035 1
43036 2
43037 1
43038 2
43039 2
43040 0
43041 0
43042 2
43043 1
43044 3
43045 1
43046 1
43047 0
43048 0
43049 2
43050 1
43051 2
43052 3
43053 2
43054 1
43055 0
43056 0
43057 0
43058 2
43059 0
43060 1
43061 1
43062 0
43063 2
43064 2
43065 2
43066 1
43067 2
43068 1
43069 1
43070 1
43071 1
43072 1
43073 2
43074 0
43075 0
43076 1
43077 2
43078 0
43079 2
43080 1
43081 0
43082 1
43083 1
43084 0
43085 3
43086 2
43087 0
43088 0
43089 1
43090 2
43091 1
43092 2
43093 1
43094 1
43095 2
43096 1
43097 0
43098 2
43099 2
43100 0
43101 1
43102 3
43103 2
43104 1
43105 1
43106 1
43107 1
43108 1
43109 2
43110 2
43111 1
43112 1
43113 0
43114 0
43115 0
43116 0
43117 0
43118 0
43119 2
43120 2
43121 2
43122 2
43123 2
43124 1
43125 2
43126 1
43127 0
43128 3
43129 0
43130 1
43131 3
43132 1
43133 2
43134 0
43135 1
43136 0
43137 0
43138 2
43139 1
43140 1
43141 2
43142 2
43143 0
43144 1
43145 2
43146 0
43147 0
43148 2
43149 0
43150 0
43151 2
43152 0
43153 1
43154 0
43155 0
43156 2
43157 0
43158 2
43159 2
43160 0
43161 1
43162 1
43163 0
43164 2
43165 2
43166 1
43167 1
43168 2
43169 2
43170 0
43171 0
43172 1
43173 2
43174 0
43175 0
43176 1
43177 1
43178 1
43179 2
43180 0
43181 3
43182 1
43183 0
43184 0
43185 2
43186 3
43187 0
43188 0
43189 0
43190 1
43191 3
43192 1
43193 0
43194 2
43195 0
43196 2
43197 1
43198 2
43199 0
43200 3
43201 1
43202 2
43203 2
43204 2
43205 0
43206 0
43207 0
43208 1
43209 0
43210 2
43211 0
43212 1
43213 3
43214 1
43215 1
43216 0
43217 0
43218 3
43219 1
43220 2
43221 0
43222 2
43223 0
43224 1
43225 1
43226 0
43227 1
43228 0
43229 0
43230 1
43231 0
43232 0
43233 1
43234 3
43235 2
43236 1
43237 0
43238 1
43239 1
43240 1
43241 0
43242 3
43243 2
43244 2
43245 0
43246 2
43247 1
43248 1
43249 2
43250 2
43251 0
43252 1
43253 0
43254 1
43255 1
43256 1
43257 0
43258 3
43259 1
43260 1
43261 0
43262 0
43263 0
43264 1
43265 1
43266 1
43267 0
43268 2
43269 0
43270 3
43271 1
43272 3
43273 1
43274 1
43275 1
43276 0
43277 0
43278 2
43279 1
43280 1
43281 2
43282 1
43283 0
43284 1
43285 1
43286 0
43287 2
43288 0
43289 0
43290 0
43291 0
43292 3
43293 1
43294 2
43295 2
43296 3
43297 0
43298 0
43299 1
43300 1
43301 2
43302 2
43303 1
43304 1
43305 2
43306 2
43307 0
43308 0
43309 3
43310 2
43311 1
43312 3
43313 0
43314 2
43315 2
43316 1
43317 1
43318 0
43319 2
43320 1
43321 2
43322 0
43323 0
43324 0
43325 2
43326 0
43327 1
43328 1
43329 2
43330 1
43331 2
43332 2
43333 0
43334 2
43335 0
43336 2
43337 0
43338 0
43339 0
43340 1
43341 2
43342 1
43343 1
43344 0
43345 0
43346 1
43347 0
43348 1
43349 1
43350 2
43351 2
43352 3
43353 0
43354 1
43355 2
43356 1
43357 1
43358 0
43359 0
43360 1
43361 2
43362 0
43363 1
43364 1
43365 2
43366 3
43367 1
43368 0
43369 1
43370 0
43371 0
43372 2
43373 0
43374 2
43375 2
43376 0
43377 1
43378 2
43379 1
43380 1
43381 0
43382 0
43383 2
43384 0
43385 1
43386 3
43387 0
43388 1
43389 0
43390 0
43391 1
43392 2
43393 3
43394 0
43395 1
43396 3
43397 1
43398 1
43399 0
43400 1
43401 0
43402 2
43403 0
43404 2
43405 0
43406 1
43407 1
43408 1
43409 0
43410 0
43411 2
43412 1
43413 2
43414 1
43415 2
43416 2
43417 2
43418 2
43419 3
43420 0
43421 1
43422 1
43423 1
43424 1
43425 1
43426 1
43427 1
43428 0
43429 2
43430 0
43431 0
43432 0
43433 0
43434 0
43435 1
43436 1
43437 0
43438 0
43439 0
43440 2
43441 0
43442 2
43443 2
43444 2
43445 1
43446 0
43447 3
43448 0
43449 0
43450 0
43451 2
43452 0
43453 1
43454 1
43455 1
43456 0
43457 2
43458 0
43459 0
43460 1
43461 0
43462 2
43463 3
43464 1
43465 0
43466 0
43467 2
43468 0
43469 2
43470 0
43471 1
43472 1
43473 1
43474 1
43475 2
43476 2
43477 0
43478 2
43479 1
43480 1
43481 2
43482 1
43483 0
43484 1
43485 2
43486 1
43487 0
43488 0
43489 1
43490 2
43491 1
43492 1
43493 1
43494 0
43495 3
43496 0
43497 2
43498 1
43499 2
43500 0
43501 0
43502 2
43503 0
43504 1
43505 2
43506 2
43507 2
43508 2
43509 1
43510 1
43511 1
43512 1
43513 0
43514 3
43515 1
43516 1
43517 0
43518 2
43519 1
43520 1
43521 1
43522 1
43523 1
43524 1
43525 0
43526 3
43527 1
43528 3
43529 1
43530 2
43531 2
43532 1
43533 1
43534 0
43535 0
43536 1
43537 3
43538 2
43539 0
43540 1
43541 0
43542 3
43543 1
43544 1
43545 0
43546 0
43547 1
43548 1
43549 2
43550 2
43551 0
43552 2
43553 2
43554 0
43555 0
43556 2
43557 0
43558 2
43559 0
43560 0
43561 3
43562 2
43563 0
43564 1
43565 1
43566 1
43567 0
43568 1
43569 1
43570 1
43571 0
43572 2
43573 3
43574 0
43575 2
43576 1
43577 1
43578 0
43579 0
43580 2
43581 1
43582 1
43583 0
43584 1
43585 2
43586 0
43587 1
43588 0
43589 2
43590 1
43591 1
43592 0
43593 0
43594 1
43595 0
43596 1
43597 2
43598 0
43599 2
43600 0
43601 1
43602 2
43603 2
43604 2
43605 2
43606 0
43607 0
43608 0
43609 2
43610 1
43611 0
43612 3
43613 0
43614 1
43615 1
43616 2
43617 1
43618 0
43619 0
43620 1
43621 0
43622 0
43623 1
43624 0
43625 1
43626 2
43627 2
43628 2
43629 1
43630 0
43631 1
43632 1
43633 1
43634 0
43635 1
43636 2
43637 1
43638 0
43639 2
43640 2
43641 2
43642 1
43643 0
43644 1
43645 1
43646 1
43647 0
43648 1
43649 1
43650 2
43651 1
43652 1
43653 1
43654 0
43655 2
43656 1
43657 0
43658 0
43659 1
43660 2
43661 2
43662 3
43663 2
43664 0
43665 2
43666 1
43667 2
43668 0
43669 1
43670 0
43671 0
43672 2
43673 1
43674 0
43675 2
43676 1
43677 2
43678 0
43679 0
43680 0
43681 1
43682 0
43683 1
43684 1
43685 0
43686 2
43687 1
43688 1
43689 0
43690 0
43691 1
43692 2
43693 0
43694 2
43695 0
43696 2
43697 1
43698 0
43699 0
43700 2
43701 0
43702 0
43703 2
43704 0
43705 3
43706 0
43707 1
43708 0
43709 1
43710 0
43711 1
43712 2
43713 1
43714 1
43715 3
43716 1
43717 0
43718 1
43719 2
43720 0
43721 3
43722 2
43723 0
43724 0
43725 1
43726 2
43727 2
43728 1
43729 1
43730 0
43731 2
43732 1
43733 1
43734 0
43735 2
43736 0
43737 1
43738 2
43739 2
43740 0
43741 2
43742 0
43743 0
43744 2
43745 0
43746 1
43747 1
43748 1
43749 2
43750 1
43751 1
43752 0
43753 0
43754 1
43755 1
43756 0
43757 1
43758 1
43759 2
43760 0
43761 1
43762 1
43763 2
43764 2
43765 1
43766 1
43767 0
43768 1
43769 0
43770 0
43771 2
43772 2
43773 0
43774 0
43775 1
43776 2
43777 0
43778 1
43779 1
43780 1
43781 2
43782 0
43783 1
43784 1
43785 2
43786 2
43787 1
43788 2
43789 3
43790 2
43791 0
43792 1
43793 1
43794 2
43795 0
43796 2
43797 1
43798 1
43799 2
43800 1
43801 0
43802 2
43803 1
43804 1
43805 1
43806 1
43807 2
43808 0
43809 1
43810 1
43811 1
43812 0
43813 1
43814 0
43815 1
43816 0
43817 0
43818 1
43819 0
43820 0
43821 1
43822 0
43823 2
43824 2
43825 1
43826 1
43827 2
43828 0
43829 0
43830 2
43831 3
43832 0
43833 1
43834 2
43835 0
43836 2
43837 0
43838 1
43839 0
43840 2
43841 0
43842 1
43843 0
43844 0
43845 2
43846 1
43847 2
43848 2
43849 1
43850 0
43851 0
43852 1
43853 1
43854 1
43855 1
43856 1
43857 3
43858 1
43859 1
43860 0
43861 2
43862 1
43863 2
43864 1
43865 1
43866 1
43867 1
43868 0
43869 0
43870 2
43871 0
43872 2
43873 0
43874 0
43875 2
43876 1
43877 2
43878 0
43879 2
43880 1
43881 0
43882 2
43883 0
43884 2
43885 0
43886 0
43887 1
43888 0
43889 1
43890 0
43891 0
43892 2
43893 1
43894 1
43895 1
43896 1
43897 1
43898 2
43899 0
43900 1
43901 0
43902 2
43903 0
43904 0
43905 2
43906 1
43907 0
43908 1
43909 3
43910 0
43911 1
43912 2
43913 2
43914 0
43915 0
43916 1
43917 1
43918 1
43919 2
43920 2
43921 1
43922 1
43923 1
43924 0
43925 0
43926 1
43927 2
43928 3
43929 1
43930 2
43931 1
43932 3
43933 1
43934 1
43935 1
43936 0
43937 0
43938 2
43939 0
43940 0
43941 1
43942 0
43943 1
43944 0
43945 2
43946 3
43947 0
43948 1
43949 1
43950 1
43951 1
43952 1
43953 3
43954 1
43955 2
43956 0
43957 0
43958 0
43959 2
43960 0
43961 1
43962 2
43963 1
43964 1
43965 0
43966 2
43967 1
43968 0
43969 1
43970 0
43971 1
43972 1
43973 2
43974 0
43975 0
43976 2
43977 1
43978 0
43979 0
43980 0
43981 1
43982 1
43983 1
43984 1
43985 1
43986 0
43987 1
43988 1
43989 1
43990 1
43991 2
43992 2
43993 3
43994 0
43995 0
43996 0
43997 0
43998 0
43999 3
44000 0
44001 2
44002 1
44003 1
44004 1
44005 1
44006 1
44007 0
44008 2
44009 2
44010 0
44011 1
44012 2
44013 2
44014 0
44015 3
44016 0
44017 0
44018 0
44019 0
44020 0
44021 1
44022 1
44023 1
44024 0
44025 0
44026 0
44027 0
44028 1
44029 2
44030 1
44031 2
44032 2
44033 1
44034 0
44035 0
44036 0
44037 2
44038 2
44039 2
44040 2
44041 2
44042 1
44043 2
44044 2
44045 2
44046 1
44047 1
44048 0
44049 0
44050 0
44051 0
44052 0
44053 0
44054 1
44055 2
44056 0
44057 1
44058 2
44059 1
44060 1
44061 1
44062 1
44063 1
44064 0
44065 2
44066 0
44067 0
44068 2
44069 2
44070 1
44071 1
44072 1
44073 2
44074 0
44075 2
44076 0
44077 3
44078 1
44079 2
44080 1
44081 0
44082 1
44083 2
44084 3
44085 1
44086 3
44087 2
44088 0
44089 1
44090 2
44091 1
44092 2
44093 1
44094 3
44095 2
44096 0
44097 0
44098 1
44099 1
44100 0
44101 0
44102 1
44103 1
44104 1
44105 0
44106 2
44107 2
44108 1
44109 1
44110 2
44111 1
44112 0
44113 1
44114 0
44115 1
44116 3
44117 0
44118 2
44119 2
44120 1
44121 1
44122 2
44123 2
44124 3
44125 1
44126 0
44127 0
44128 1
44129 1
44130 2
44131 0
44132 1
44133 0
44134 2
44135 0
44136 1
44137 1
44138 0
44139 0
44140 2
44141 2
44142 0
44143 1
44144 1
44145 2
44146 1
44147 1
44148 3
44149 3
44150 1
44151 2
44152 1
44153 2
44154 0
44155 0
44156 0
44157 2
44158 3
44159 2
44160 0
44161 1
44162 1
44163 0
44164 1
44165 0
44166 1
44167 0
44168 1
44169 0
44170 1
44171 2
44172 2
44173 1
44174 0
44175 1
44176 0
44177 1
44178 2
44179 2
44180 0
44181 1
44182 1
44183 0
44184 0
44185 0
44186 1
44187 1
44188 3
44189 0
44190 0
44191 2
44192 0
44193 0
44194 1
44195 2
44196 2
44197 2
44198 0
44199 1
44200 2
44201 1
44202 0
44203 0
44204 1
44205 2
44206 2
44207 0
44208 1
44209 0
44210 2
44211 2
44212 1
44213 2
44214 2
44215 1
44216 0
44217 1
44218 3
44219 3
44220 1
44221 2
44222 2
44223 2
44224 2
44225 0
44226 0
44227 2
44228 0
44229 0
44230 2
44231 1
44232 2
44233 0
44234 2
44235 1
44236 0
44237 3
44238 0
44239 1
44240 2
44241 2
44242 2
44243 0
44244 1
44245 1
44246 2
44247 1
44248 0
44249 2
44250 1
44251 1
44252 0
44253 2
44254 1
44255 1
44256 1
44257 1
44258 2
44259 2
44260 1
44261 0
44262 1
44263 2
44264 3
44265 1
44266 2
44267 2
44268 0
44269 2
44270 1
44271 0
44272 2
44273 1
44274 0
44275 0
44276 1
44277 1
44278 0
44279 0
44280 1
44281 0
44282 2
44283 1
44284 0
44285 2
44286 1
44287 2
44288 2
44289 1
44290 2
44291 0
44292 0
44293 1
44294 2
44295 0
44296 3
44297 2
44298 1
44299 1
44300 1
44301 0
44302 0
44303 2
44304 3
44305 2
44306 2
44307 1
44308 2
44309 2
44310 0
44311 1
44312 0
44313 1
44314 0
44315 0
44316 1
44317 0
44318 0
44319 1
44320 0
44321 1
44322 0
44323 1
44324 3
44325 2
44326 0
44327 0
44328 1
44329 1
44330 1
44331 0
44332 2
44333 1
44334 0
44335 2
44336 0
44337 2
44338 1
44339 2
44340 1
44341 1
44342 0
44343 3
44344 1
44345 3
44346 0
44347 0
44348 0
44349 1
44350 2
44351 2
44352 1
44353 1
44354 1
44355 1
44356 2
44357 1
44358 2
44359 0
44360 2
44361 2
44362 1
44363 1
44364 0
44365 0
44366 2
44367 0
44368 0
44369 2
44370 2
44371 0
44372 1
44373 0
44374 1
44375 2
44376 1
44377 1
44378 2
44379 0
44380 1
44381 1
44382 1
44383 1
44384 2
44385 0
44386 1
44387 2
44388 1
44389 0
44390 1
44391 1
44392 0
44393 1
44394 1
44395 2
44396 1
44397 2
44398 1
44399 1
44400 1
44401 2
44402 2
44403 1
44404 1
44405 2
44406 3
44407 2
44408 2
44409 0
44410 1
44411 1
44412 1
44413 0
44414 0
44415 1
44416 2
44417 2
44418 0
44419 0
44420 1
44421 1
44422 0
44423 1
44424 2
44425 0
44426 0
44427 0
44428 2
44429 0
44430 2
44431 1
44432 1
44433 1
44434 2
44435 0
44436 0
44437 0
44438 1
44439 1
44440 1
44441 0
44442 0
44443 0
44444 0
44445 0
44446 0
44447 2
44448 2
44449 2
44450 0
44451 0
44452 1
44453 0
44454 2
44455 0
44456 1
44457 3
44458 2
44459 1
44460 1
44461 1
44462 0
44463 0
44464 0
44465 2
44466 1
44467 2
44468 2
44469 0
44470 2
44471 2
44472 0
44473 2
44474 0
44475 1
44476 2
44477 0
44478 2
44479 1
44480 2
44481 0
44482 2
44483 1
44484 1
44485 1
44486 1
44487 0
44488 0
44489 1
44490 0
44491 1
44492 0
44493 1
44494 0
44495 2
44496 0
44497 2
44498 1
44499 2
44500 0
44501 0
44502 1
44503 2
44504 0
44505 2
44506 0
44507 0
44508 1
44509 0
44510 0
44511 1
44512 0
44513 1
44514 0
44515 0
44516 0
44517 2
44518 2
44519 2
44520 0
44521 1
44522 2
44523 1
44524 1
44525 1
44526 0
44527 1
44528 2
44529 1
44530 0
44531 3
44532 0
44533 1
44534 2
44535 1
44536 0
44537 1
44538 0
44539 2
44540 1
44541 0
44542 0
44543 1
44544 0
44545 3
44546 1
44547 2
44548 2
44549 1
44550 2
44551 2
44552 1
44553 2
44554 1
44555 2
44556 1
44557 2
44558 3
44559 2
44560 0
44561 0
44562 0
44563 0
44564 2
44565 0
44566 0
44567 1
44568 0
44569 0
44570 2
44571 0
44572 0
44573 1
44574 2
44575 2
44576 0
44577 2
44578 2
44579 1
44580 1
44581 2
44582 0
44583 2
44584 1
44585 3
44586 2
44587 1
44588 2
44589 0
44590 1
44591 1
44592 2
44593 0
44594 0
44595 3
44596 0
44597 1
44598 1
44599 3
44600 1
44601 0
44602 1
44603 0
44604 0
44605 2
44606 1
44607 0
44608 1
44609 1
44610 1
44611 1
44612 0
44613 2
44614 0
44615 1
44616 2
44617 0
44618 1
44619 2
44620 2
44621 1
44622 2
44623 1
44624 1
44625 1
44626 1
44627 1
44628 1
44629 0
44630 0
44631 1
44632 1
44633 0
44634 0
44635 2
44636 1
44637 0
44638 0
44639 2
44640 2
44641 2
44642 2
44643 2
44644 2
44645 1
44646 1
44647 1
44648 0
44649 1
44650 1
44651 4
44652 2
44653 1
44654 1
44655 1
44656 3
44657 1
44658 0
44659 1
44660 0
44661 2
44662 0
44663 0
44664 2
44665 0
44666 2
44667 0
44668 0
44669 0
44670 0
44671 2
44672 1
44673 2
44674 1
44675 1
44676 0
44677 1
44678 0
44679 0
44680 1
44681 2
44682 3
44683 1
44684 2
44685 2
44686 2
44687 1
44688 2
44689 2
44690 2
44691 0
44692 0
44693 0
44694 3
44695 3
44696 1
44697 0
44698 0
44699 2
44700 1
44701 0
44702 0
44703 1
44704 0
44705 3
44706 0
44707 1
44708 1
44709 0
44710 0
44711 2
44712 2
44713 2
44714 3
44715 1
44716 0
44717 2
44718 1
44719 0
44720 2
44721 1
44722 2
44723 0
44724 0
44725 0
44726 1
44727 0
44728 2
44729 2
44730 2
44731 1
44732 0
44733 3
44734 1
44735 1
44736 1
44737 2
44738 0
44739 1
44740 1
44741 1
44742 0
44743 1
44744 2
44745 3
44746 0
44747 0
44748 0
44749 0
44750 2
44751 1
44752 1
44753 2
44754 2
44755 1
44756 1
44757 1
44758 1
44759 2
44760 0
44761 2
44762 2
44763 2
44764 2
44765 2
44766 2
44767 0
44768 1
44769 1
44770 0
44771 0
44772 0
44773 0
44774 1
44775 2
44776 1
44777 1
44778 0
44779 1
44780 2
44781 1
44782 1
44783 0
44784 1
44785 0
44786 0
44787 1
44788 3
44789 0
44790 3
44791 2
44792 1
44793 0
44794 0
44795 2
44796 2
44797 0
44798 2
44799 2
44800 0
44801 2
44802 0
44803 2
44804 1
44805 2
44806 1
44807 1
44808 2
44809 1
44810 1
44811 2
44812 0
44813 1
44814 0
44815 2
44816 2
44817 1
44818 1
44819 1
44820 0
44821 0
44822 1
44823 3
44824 0
44825 0
44826 0
44827 1
44828 2
44829 0
44830 1
44831 0
44832 2
44833 1
44834 0
44835 0
44836 1
44837 1
44838 1
44839 3
44840 2
44841 0
44842 1
44843 0
44844 2
44845 1
44846 2
44847 1
44848 0
44849 0
44850 2
44851 1
44852 1
44853 0
44854 1
44855 1
44856 2
44857 1
44858 1
44859 0
44860 1
44861 1
44862 2
44863 3
44864 1
44865 1
44866 0
44867 1
44868 1
44869 0
44870 2
44871 0
44872 0
44873 1
44874 0
44875 2
44876 1
44877 3
44878 0
44879 0
44880 3
44881 0
44882 0
44883 0
44884 2
44885 1
44886 1
44887 1
44888 0
44889 1
44890 2
44891 0
44892 3
44893 0
44894 1
44895 1
44896 2
44897 2
44898 1
44899 0
44900 1
44901 1
44902 0
44903 0
44904 1
44905 1
44906 2
44907 2
44908 1
44909 2
44910 1
44911 1
44912 1
44913 0
44914 1
44915 1
44916 0
44917 0
44918 2
44919 0
44920 1
44921 0
44922 1
44923 2
44924 1
44925 2
44926 0
44927 0
44928 0
44929 1
44930 0
44931 2
44932 0
44933 1
44934 0
44935 1
44936 2
44937 1
44938 3
44939 0
44940 2
44941 0
44942 2
44943 0
44944 0
44945 1
44946 1
44947 2
44948 0
44949 1
44950 0
44951 0
44952 2
44953 2
44954 0
44955 0
44956 0
44957 0
44958 0
44959 1
44960 0
44961 0
44962 2
44963 1
44964 2
44965 0
44966 0
44967 2
44968 3
44969 1
44970 1
44971 1
44972 1
44973 0
44974 2
44975 2
44976 2
44977 0
44978 1
44979 0
44980 1
44981 1
44982 0
44983 0
44984 3
44985 0
44986 0
44987 0
44988 1
44989 0
44990 2
44991 0
44992 1
44993 0
44994 0
44995 1
44996 0
44997 0
44998 2
44999 1
45000 1
45001 0
45002 2
45003 1
45004 2
45005 1
45006 1
45007 3
45008 0
45009 2
45010 0
45011 0
45012 1
45013 1
45014 1
45015 0
45016 0
45017 1
45018 1
45019 0
45020 3
45021 0
45022 0
45023 2
45024 3
45025 1
45026 2
45027 0
45028 0
45029 0
45030 0
45031 1
45032 1
45033 0
45034 1
45035 1
45036 2
45037 0
45038 2
45039 1
45040 2
45041 3
45042 2
45043 0
45044 0
45045 1
45046 1
45047 1
45048 1
45049 2
45050 0
45051 2
45052 1
45053 1
45054 0
45055 1
45056 0
45057 0
45058 1
45059 0
45060 1
45061 1
45062 1
45063 0
45064 0
45065 1
45066 1
45067 0
45068 1
45069 0
45070 2
45071 1
45072 1
45073 2
45074 1
45075 0
45076 1
45077 2
45078 2
45079 3
45080 0
45081 1
45082 0
45083 1
45084 0
45085 2
45086 2
45087 1
45088 0
45089 0
45090 1
45091 3
45092 1
45093 2
45094 2
45095 0
45096 1
45097 0
45098 1
45099 0
45100 1
45101 1
45102 0
45103 0
45104 2
45105 2
45106 0
45107 1
45108 0
45109 3
45110 1
45111 0
45112 1
45113 2
45114 1
45115 2
45116 0
45117 2
45118 0
45119 0
45120 0
45121 2
45122 1
45123 2
45124 1
45125 0
45126 0
45127 0
45128 3
45129 0
45130 1
45131 2
45132 1
45133 2
45134 2
45135 1
45136 1
45137 0
45138 1
45139 2
45140 0
45141 1
45142 1
45143 2
45144 0
45145 0
45146 0
45147 0
45148 1
45149 3
45150 0
45151 0
45152 1
45153 0
45154 1
45155 0
45156 2
45157 1
45158 1
45159 1
45160 1
45161 2
45162 0
45163 2
45164 0
45165 1
45166 1
45167 0
45168 2
45169 2
45170 0
45171 2
45172 1
45173 0
45174 1
45175 1
45176 1
45177 1
45178 0
45179 0
45180 0
45181 2
45182 0
45183 1
45184 1
45185 1
45186 0
45187 0
45188 1
45189 2
45190 0
45191 2
45192 0
45193 2
45194 1
45195 0
45196 1
45197 1
45198 0
45199 2
45200 0
45201 0
45202 0
45203 0
45204 1
45205 1
45206 0
45207 0
45208 0
45209 0
45210 0
45211 1
45212 2
45213 1
45214 1
45215 0
45216 0
45217 0
45218 2
45219 1
45220 1
45221 0
45222 1
45223 2
45224 0
45225 2
45226 1
45227 1
45228 2
45229 1
45230 1
45231 0
45232 1
45233 1
45234 0
45235 2
45236 0
45237 2
45238 2
45239 1
45240 1
45241 2
45242 0
45243 0
45244 2
45245 0
45246 2
45247 1
45248 0
45249 2
45250 3
45251 0
45252 1
45253 2
45254 1
45255 3
45256 1
45257 1
45258 1
45259 0
45260 1
45261 0
45262 0
45263 2
45264 0
45265 1
45266 0
45267 2
45268 2
45269 0
45270 1
45271 2
45272 0
45273 2
45274 0
45275 2
45276 1
45277 0
45278 0
45279 0
45280 1
45281 1
45282 1
45283 0
45284 1
45285 0
45286 1
45287 1
45288 1
45289 2
45290 2
45291 1
45292 1
45293 0
45294 2
45295 0
45296 1
45297 2
45298 0
45299 1
45300 0
45301 0
45302 1
45303 0
45304 2
45305 2
45306 1
45307 0
45308 0
45309 0
45310 0
45311 0
45312 2
45313 2
45314 1
45315 0
45316 2
45317 1
45318 2
45319 0
45320 1
45321 3
45322 0
45323 0
45324 2
45325 0
45326 1
45327 0
45328 2
45329 1
45330 1
45331 0
45332 1
45333 2
45334 3
45335 3
45336 1
45337 2
45338 1
45339 2
45340 0
45341 1
45342 3
45343 0
45344 1
45345 2
45346 0
45347 1
45348 1
45349 2
45350 2
45351 0
45352 2
45353 0
45354 0
45355 2
45356 0
45357 1
45358 2
45359 1
45360 2
45361 0
45362 2
45363 0
45364 2
45365 3
45366 0
45367 2
45368 1
45369 0
45370 0
45371 1
45372 2
45373 0
45374 2
45375 1
45376 2
45377 1
45378 1
45379 1
45380 0
45381 3
45382 1
45383 2
45384 1
45385 1
45386 0
45387 1
45388 2
45389 0
45390 1
45391 3
45392 0
45393 2
45394 2
45395 2
45396 2
45397 2
45398 1
45399 3
45400 1
45401 0
45402 1
45403 2
45404 3
45405 0
45406 2
45407 0
45408 0
45409 0
45410 0
45411 1
45412 0
45413 2
45414 1
45415 0
45416 1
45417 0
45418 0
45419 1
45420 0
45421 0
45422 2
45423 1
45424 3
45425 2
45426 0
45427 1
45428 3
45429 2
45430 1
45431 0
45432 2
45433 1
45434 1
45435 2
45436 2
45437 0
45438 1
45439 1
45440 1
45441 1
45442 1
45443 0
45444 2
45445 2
45446 2
45447 1
45448 2
45449 1
45450 0
45451 2
45452 0
45453 0
45454 2
45455 2
45456 1
45457 0
45458 2
45459 3
45460 0
45461 1
45462 0
45463 2
45464 1
45465 1
45466 2
45467 0
45468 1
45469 1
45470 0
45471 2
45472 1
45473 1
45474 0
45475 0
45476 1
45477 0
45478 1
45479 0
45480 0
45481 2
45482 0
45483 0
45484 1
45485 0
45486 2
45487 0
45488 0
45489 1
45490 2
45491 0
45492 0
45493 1
45494 0
45495 2
45496 1
45497 3
45498 2
45499 2
45500 1
45501 1
45502 2
45503 1
45504 1
45505 1
45506 1
45507 1
45508 1
45509 0
45510 1
45511 0
45512 2
45513 2
45514 2
45515 0
45516 1
45517 1
45518 0
45519 0
45520 0
45521 0
45522 0
45523 1
45524 0
45525 1
45526 1
45527 1
45528 1
45529 1
45530 2
45531 1
45532 0
45533 1
45534 2
45535 2
45536 3
45537 0
45538 1
45539 0
45540 0
45541 2
45542 0
45543 1
45544 3
45545 0
45546 1
45547 0
45548 2
45549 1
45550 1
45551 2
45552 2
45553 2
45554 2
45555 0
45556 1
45557 1
45558 2
45559 1
45560 1
45561 0
45562 0
45563 0
45564 2
45565 1
45566 0
45567 2
45568 1
45569 0
45570 0
45571 0
45572 1
45573 2
45574 1
45575 1
45576 0
45577 0
45578 1
45579 1
45580 1
45581 1
45582 1
45583 2
45584 2
45585 2
45586 1
45587 0
45588 3
45589 1
45590 1
45591 2
45592 3
45593 2
45594 0
45595 2
45596 0
45597 2
45598 3
45599 0
45600 0
45601 2
45602 1
45603 0
45604 0
45605 1
45606 2
45607 0
45608 0
45609 2
45610 2
45611 1
45612 0
45613 0
45614 1
45615 2
45616 2
45617 0
45618 1
45619 2
45620 0
45621 0
45622 0
45623 1
45624 0
45625 1
45626 0
45627 1
45628 0
45629 1
45630 1
45631 1
45632 0
45633 1
45634 3
45635 1
45636 2
45637 1
45638 1
45639 0
45640 0
45641 1
45642 1
45643 0
45644 2
45645 0
45646 2
45647 3
45648 1
45649 1
45650 1
45651 0
45652 0
45653 1
45654 2
45655 1
45656 1
45657 0
45658 1
45659 2
45660 0
45661 3
45662 0
45663 0
45664 2
45665 1
45666 2
45667 0
45668 2
45669 1
45670 1
45671 1
45672 0
45673 2
45674 1
45675 0
45676 1
45677 0
45678 1
45679 1
45680 3
45681 1
45682 0
45683 0
45684 1
45685 3
45686 1
45687 1
45688 1
45689 2
45690 3
45691 2
45692 2
45693 0
45694 2
45695 1
45696 0
45697 2
45698 0
45699 0
45700 0
45701 0
45702 0
45703 1
45704 0
45705 0
45706 1
45707 0
45708 2
45709 2
45710 2
45711 2
45712 1
45713 0
45714 1
45715 2
45716 2
45717 2
45718 1
45719 2
45720 2
45721 1
45722 3
45723 1
45724 3
45725 0
45726 2
45727 1
45728 1
45729 3
45730 1
45731 1
45732 1
45733 1
45734 0
45735 2
45736 0
45737 2
45738 0
45739 0
45740 1
45741 1
45742 1
45743 3
45744 1
45745 0
45746 2
45747 0
45748 1
45749 0
45750 2
45751 0
45752 1
45753 1
45754 0
45755 1
45756 1
45757 0
45758 1
45759 0
45760 2
45761 1
45762 0
45763 1
45764 2
45765 0
45766 2
45767 0
45768 0
45769 2
45770 1
45771 2
45772 0
45773 0
45774 0
45775 1
45776 2
45777 0
45778 1
45779 1
45780 2
45781 0
45782 1
45783 2
45784 1
45785 1
45786 1
45787 1
45788 0
45789 1
45790 1
45791 1
45792 1
45793 2
45794 0
45795 2
45796 1
45797 2
45798 2
45799 2
45800 1
45801 2
45802 0
45803 0
45804 1
45805 0
45806 0
45807 1
45808 1
45809 1
45810 0
45811 2
45812 0
45813 1
45814 2
45815 1
45816 2
45817 1
45818 3
45819 0
45820 3
45821 1
45822 2
45823 0
45824 2
45825 0
45826 1
45827 0
45828 1
45829 1
45830 2
45831 0
45832 0
45833 1
45834 1
45835 2
45836 1
45837 1
45838 2
45839 2
45840 1
45841 1
45842 2
45843 1
45844 1
45845 2
45846 0
45847 2
45848 0
45849 0
45850 1
45851 2
45852 1
45853 1
45854 2
45855 3
45856 2
45857 0
45858 1
45859 3
45860 0
45861 0
45862 0
45863 1
45864 2
45865 2
45866 3
45867 0
45868 2
45869 2
45870 1
45871 0
45872 1
45873 3
45874 2
45875 1
45876 1
45877 1
45878 2
45879 0
45880 2
45881 2
45882 0
45883 1
45884 1
45885 1
45886 1
45887 1
45888 1
45889 0
45890 1
45891 1
45892 1
45893 0
45894 2
45895 1
45896 0
45897 1
45898 0
45899 3
45900 0
45901 2
45902 0
45903 0
45904 2
45905 1
45906 1
45907 0
45908 2
45909 2
45910 2
45911 2
45912 0
45913 1
45914 2
45915 2
45916 1
45917 1
45918 2
45919 1
45920 1
45921 3
45922 0
45923 1
45924 0
45925 2
45926 3
45927 0
45928 2
45929 0
45930 2
45931 1
45932 2
45933 2
45934 0
45935 2
45936 0
45937 1
45938 0
45939 2
45940 2
45941 2
45942 0
45943 0
45944 2
45945 0
45946 1
45947 0
45948 1
45949 3
45950 2
45951 1
45952 0
45953 1
45954 2
45955 2
45956 1
45957 0
45958 0
45959 2
45960 0
45961 2
45962 2
45963 1
45964 2
45965 1
45966 2
45967 1
45968 0
45969 1
45970 2
45971 1
45972 2
45973 3
45974 1
45975 2
45976 0
45977 1
45978 0
45979 1
45980 1
45981 0
45982 3
45983 1
45984 0
45985 0
45986 0
45987 2
45988 1
45989 1
45990 3
45991 1
45992 2
45993 1
45994 0
45995 3
45996 2
45997 1
45998 1
45999 2
46000 0
46001 2
46002 1
46003 2
46004 2
46005 1
46006 1
46007 0
46008 1
46009 0
46010 2
46011 2
46012 0
46013 1
46014 2
46015 0
46016 0
46017 1
46018 0
46019 3
46020 2
46021 1
46022 2
46023 0
46024 0
46025 0
46026 2
46027 0
46028 0
46029 0
46030 0
46031 2
46032 2
46033 2
46034 1
46035 1
46036 2
46037 1
46038 1
46039 3
46040 0
46041 0
46042 3
46043 2
46044 1
46045 0
46046 0
46047 2
46048 1
46049 1
46050 0
46051 1
46052 1
46053 0
46054 0
46055 1
46056 1
46057 2
46058 1
46059 0
46060 0
46061 2
46062 1
46063 0
46064 0
46065 2
46066 0
46067 3
46068 0
46069 0
46070 2
46071 0
46072 2
46073 0
46074 1
46075 2
46076 1
46077 0
46078 1
46079 0
46080 1
46081 1
46082 2
46083 0
46084 0
46085 2
46086 0
46087 0
46088 2
46089 0
46090 1
46091 0
46092 1
46093 2
46094 2
46095 2
46096 3
46097 0
46098 0
46099 0
46100 0
46101 1
46102 1
46103 3
46104 1
46105 2
46106 2
46107 2
46108 0
46109 0
46110 1
46111 0
46112 0
46113 2
46114 2
46115 0
46116 3
46117 2
46118 0
46119 0
46120 0
46121 0
46122 1
46123 2
46124 2
46125 2
46126 1
46127 2
46128 2
46129 2
46130 0
46131 0
46132 0
46133 1
46134 1
46135 1
46136 2
46137 1
46138 2
46139 0
46140 0
46141 1
46142 1
46143 1
46144 0
46145 1
46146 1
46147 1
46148 1
46149 0
46150 0
46151 2
46152 0
46153 0
46154 2
46155 0
46156 1
46157 1
46158 2
46159 1
46160 0
46161 2
46162 0
46163 2
46164 3
46165 0
46166 1
46167 1
46168 1
46169 1
46170 0
46171 1
46172 1
46173 1
46174 1
46175 1
46176 3
46177 1
46178 1
46179 1
46180 0
46181 1
46182 2
46183 0
46184 2
46185 0
46186 1
46187 0
46188 0
46189 2
46190 0
46191 1
46192 2
46193 1
46194 1
46195 0
46196 2
46197 1
46198 0
46199 0
46200 3
46201 2
46202 1
46203 1
46204 0
46205 0
46206 3
46207 1
46208 2
46209 0
46210 2
46211 1
46212 2
46213 0
46214 1
46215 0
46216 0
46217 1
46218 0
46219 1
46220 1
46221 2
46222 1
46223 0
46224 1
46225 2
46226 0
46227 0
46228 2
46229 1
46230 2
46231 2
46232 0
46233 1
46234 0
46235 2
46236 3
46237 1
46238 0
46239 1
46240 0
46241 1
46242 0
46243 0
46244 2
46245 3
46246 1
46247 2
46248 0
46249 2
46250 0
46251 3
46252 1
46253 0
46254 0
46255 1
46256 2
46257 0
46258 2
46259 2
46260 2
46261 2
46262 3
46263 2
46264 2
46265 0
46266 2
46267 0
46268 0
46269 0
46270 0
46271 0
46272 0
46273 1
46274 0
46275 0
46276 0
46277 3
46278 2
46279 2
46280 1
46281 1
46282 0
46283 1
46284 1
46285 0
46286 1
46287 1
46288 2
46289 3
46290 1
46291 1
46292 1
46293 0
46294 1
46295 0
46296 2
46297 1
46298 0
46299 1
46300 3
46301 1
46302 2
46303 2
46304 2
46305 1
46306 1
46307 0
46308 2
46309 1
46310 0
46311 2
46312 0
46313 0
46314 1
46315 1
46316 0
46317 1
46318 2
46319 1
46320 1
46321 0
46322 1
46323 3
46324 2
46325 0
46326 1
46327 0
46328 2
46329 1
46330 2
46331 2
46332 1
46333 2
46334 0
46335 1
46336 1
46337 1
46338 2
46339 2
46340 1
46341 1
46342 1
46343 0
46344 1
46345 1
46346 1
46347 1
46348 2
46349 1
46350 0
46351 3
46352 2
46353 0
46354 2
46355 2
46356 1
46357 2
46358 2
46359 0
46360 0
46361 2
46362 1
46363 0
46364 2
46365 2
46366 1
46367 0
46368 2
46369 1
46370 2
46371 1
46372 1
46373 0
46374 1
46375 2
46376 1
46377 0
46378 1
46379 2
46380 1
46381 0
46382 1
46383 0
46384 1
46385 2
46386 2
46387 1
46388 0
46389 2
46390 1
46391 2
46392 0
46393 2
46394 0
46395 0
46396 1
46397 0
46398 0
46399 0
46400 1
46401 1
46402 2
46403 1
46404 1
46405 0
46406 1
46407 1
46408 1
46409 1
46410 1
46411 0
46412 1
46413 2
46414 1
46415 0
46416 2
46417 2
46418 0
46419 2
46420 0
46421 0
46422 0
46423 2
46424 1
46425 0
46426 0
46427 0
46428 2
46429 3
46430 1
46431 0
46432 0
46433 0
46434 1
46435 1
46436 1
46437 0
46438 1
46439 1
46440 2
46441 1
46442 2
46443 2
46444 1
46445 2
46446 0
46447 1
46448 1
46449 2
46450 0
46451 1
46452 0
46453 1
46454 2
46455 1
46456 2
46457 1
46458 2
46459 0
46460 1
46461 1
46462 1
46463 0
46464 0
46465 3
46466 3
46467 0
46468 0
46469 1
46470 1
46471 1
46472 1
46473 1
46474 3
46475 1
46476 0
46477 1
46478 1
46479 2
46480 1
46481 3
46482 1
46483 1
46484 1
46485 0
46486 1
46487 1
46488 2
46489 2
46490 1
46491 1
46492 1
46493 2
46494 0
46495 1
46496 2
46497 1
46498 3
46499 1
46500 1
46501 0
46502 1
46503 3
46504 1
46505 1
46506 2
46507 1
46508 2
46509 2
46510 0
46511 1
46512 0
46513 2
46514 1
46515 1
46516 2
46517 2
46518 0
46519 1
46520 2
46521 0
46522 2
46523 2
46524 1
46525 1
46526 1
46527 0
46528 2
46529 2
46530 1
46531 0
46532 0
46533 1
46534 1
46535 3
46536 0
46537 0
46538 2
46539 2
46540 2
46541 0
46542 1
46543 3
46544 1
46545 1
46546 0
46547 0
46548 0
46549 1
46550 0
46551 0
46552 3
46553 2
46554 1
46555 2
46556 0
46557 2
46558 1
46559 2
46560 1
46561 0
46562 1
46563 0
46564 2
46565 0
46566 0
46567 1
46568 1
46569 0
46570 1
46571 2
46572 3
46573 1
46574 1
46575 1
46576 1
46577 1
46578 2
46579 2
46580 1
46581 3
46582 2
46583 2
46584 3
46585 0
46586 0
46587 2
46588 2
46589 2
46590 0
46591 1
46592 1
46593 1
46594 2
46595 1
46596 3
46597 0
46598 2
46599 1
46600 0
46601 2
46602 1
46603 2
46604 2
46605 2
46606 1
46607 0
46608 1
46609 0
46610 2
46611 2
46612 1
46613 2
46614 2
46615 2
46616 2
46617 2
46618 1
46619 1
46620 0
46621 0
46622 2
46623 1
46624 2
46625 0
46626 2
46627 0
46628 2
46629 0
46630 0
46631 0
46632 1
46633 0
46634 0
46635 0
46636 0
46637 0
46638 2
46639 2
46640 1
46641 0
46642 0
46643 1
46644 0
46645 2
46646 1
46647 0
46648 0
46649 1
46650 0
46651 0
46652 1
46653 1
46654 1
46655 0
46656 0
46657 0
46658 3
46659 1
46660 0
46661 0
46662 1
46663 0
46664 0
46665 2
46666 2
46667 0
46668 1
46669 2
46670 0
46671 1
46672 1
46673 2
46674 1
46675 1
46676 1
46677 2
46678 0
46679 3
46680 0
46681 0
46682 1
46683 3
46684 0
46685 0
46686 0
46687 1
46688 2
46689 0
46690 1
46691 1
46692 2
46693 0
46694 0
46695 0
46696 0
46697 0
46698 2
46699 2
46700 0
46701 0
46702 2
46703 3
46704 3
46705 2
46706 2
46707 2
46708 1
46709 2
46710 1
46711 3
46712 1
46713 1
46714 1
46715 0
46716 1
46717 0
46718 2
46719 2
46720 0
46721 3
46722 2
46723 1
46724 2
46725 0
46726 0
46727 0
46728 1
46729 1
46730 2
46731 2
46732 3
46733 1
46734 0
46735 1
46736 3
46737 2
46738 2
46739 0
46740 1
46741 0
46742 2
46743 2
46744 2
46745 1
46746 0
46747 2
46748 1
46749 1
46750 0
46751 0
46752 0
46753 3
46754 0
46755 2
46756 0
46757 0
46758 0
46759 1
46760 2
46761 0
46762 2
46763 1
46764 1
46765 2
46766 1
46767 3
46768 1
46769 1
46770 1
46771 2
46772 2
46773 0
46774 1
46775 1
46776 1
46777 1
46778 2
46779 0
46780 0
46781 1
46782 0
46783 1
46784 2
46785 0
46786 2
46787 2
46788 1
46789 0
46790 1
46791 2
46792 1
46793 0
46794 0
46795 1
46796 0
46797 1
46798 2
46799 2
46800 2
46801 2
46802 2
46803 1
46804 1
46805 0
46806 2
46807 0
46808 2
46809 2
46810 1
46811 1
46812 3
46813 3
46814 0
46815 1
46816 2
46817 2
46818 1
46819 2
46820 0
46821 1
46822 1
46823 0
46824 2
46825 0
46826 0
46827 0
46828 2
46829 1
46830 0
46831 1
46832 0
46833 1
46834 2
46835 0
46836 2
46837 0
46838 2
46839 0
46840 2
46841 0
46842 1
46843 1
46844 0
46845 2
46846 1
46847 3
46848 0
46849 1
46850 2
46851 1
46852 1
46853 1
46854 2
46855 2
46856 2
46857 3
46858 2
46859 2
46860 1
46861 0
46862 2
46863 0
46864 0
46865 0
46866 2
46867 2
46868 1
46869 2
46870 3
46871 0
46872 1
46873 1
46874 0
46875 0
46876 2
46877 0
46878 0
46879 1
46880 2
46881 1
46882 2
46883 0
46884 2
46885 0
46886 0
46887 2
46888 0
46889 0
46890 1
46891 0
46892 0
46893 1
46894 1
46895 2
46896 1
46897 0
46898 1
46899 0
46900 2
46901 2
46902 0
46903 0
46904 0
46905 1
46906 0
46907 0
46908 0
46909 1
46910 1
46911 2
46912 1
46913 0
46914 1
46915 2
46916 2
46917 3
46918 1
46919 2
46920 1
46921 1
46922 2
46923 0
46924 0
46925 3
46926 0
46927 0
46928 2
46929 1
46930 0
46931 0
46932 1
46933 2
46934 1
46935 1
46936 1
46937 0
46938 3
46939 0
46940 2
46941 0
46942 0
46943 0
46944 2
46945 2
46946 2
46947 2
46948 0
46949 1
46950 1
46951 1
46952 1
46953 2
46954 0
46955 1
46956 1
46957 2
46958 2
46959 2
46960 3
46961 1
46962 1
46963 2
46964 2
46965 1
46966 0
46967 0
46968 1
46969 0
46970 2
46971 1
46972 0
46973 0
46974 2
46975 1
46976 3
46977 2
46978 1
46979 1
46980 2
46981 0
46982 0
46983 1
46984 3
46985 2
46986 0
46987 1
46988 2
46989 0
46990 1
46991 1
46992 1
46993 1
46994 3
46995 2
46996 1
46997 0
46998 1
46999 2
47000 2
47001 0
47002 3
47003 2
47004 2
47005 1
47006 0
47007 0
47008 2
47009 0
47010 1
47011 0
47012 1
47013 2
47014 0
47015 2
47016 1
47017 3
47018 2
47019 0
47020 2
47021 2
47022 0
47023 2
47024 1
47025 1
47026 0
47027 2
47028 2
47029 1
47030 0
47031 1
47032 0
47033 2
47034 1
47035 0
47036 0
47037 1
47038 1
47039 2
47040 2
47041 2
47042 2
47043 2
47044 1
47045 1
47046 2
47047 1
47048 0
47049 3
47050 3
47051 0
47052 1
47053 0
47054 1
47055 1
47056 2
47057 0
47058 1
47059 0
47060 2
47061 0
47062 0
47063 0
47064 2
47065 1
47066 0
47067 0
47068 0
47069 2
47070 2
47071 1
47072 0
47073 3
47074 1
47075 0
47076 1
47077 2
47078 1
47079 2
47080 2
47081 0
47082 1
47083 1
47084 0
47085 0
47086 2
47087 1
47088 1
47089 0
47090 0
47091 0
47092 1
47093 1
47094 0
47095 1
47096 0
47097 0
47098 2
47099 2
47100 1
47101 1
47102 0
47103 1
47104 0
47105 1
47106 1
47107 1
47108 0
47109 2
47110 0
47111 1
47112 3
47113 0
47114 1
47115 2
47116 0
47117 2
47118 2
47119 2
47120 1
47121 3
47122 0
47123 3
47124 1
47125 1
47126 3
47127 0
47128 2
47129 2
47130 1
47131 1
47132 2
47133 0
47134 0
47135 0
47136 0
47137 1
47138 2
47139 2
47140 0
47141 1
47142 2
47143 1
47144 1
47145 2
47146 1
47147 0
47148 0
47149 0
47150 1
47151 2
47152 0
47153 2
47154 0
47155 1
47156 1
47157 0
47158 1
47159 0
47160 0
47161 0
47162 2
47163 1
47164 0
47165 1
47166 0
47167 2
47168 1
47169 2
47170 2
47171 0
47172 2
47173 1
47174 0
47175 2
47176 2
47177 3
47178 0
47179 1
47180 0
47181 1
47182 3
47183 0
47184 2
47185 1
47186 1
47187 2
47188 0
47189 0
47190 0
47191 1
47192 2
47193 1
47194 2
47195 0
47196 2
47197 0
47198 1
47199 0
47200 1
47201 0
47202 1
47203 2
47204 0
47205 1
47206 2
47207 1
47208 2
47209 0
47210 0
47211 1
47212 2
47213 1
47214 2
47215 0
47216 1
47217 1
47218 1
47219 0
47220 3
47221 1
47222 2
47223 1
47224 2
47225 1
47226 2
47227 0
47228 1
47229 1
47230 0
47231 1
47232 1
47233 2
47234 0
47235 1
47236 2
47237 2
47238 0
47239 1
47240 0
47241 1
47242 2
47243 0
47244 1
47245 2
47246 1
47247 1
47248 2
47249 1
47250 2
47251 0
47252 2
47253 0
47254 1
47255 1
47256 1
47257 1
47258 1
47259 2
47260 0
47261 1
47262 0
47263 2
47264 0
47265 2
47266 0
47267 2
47268 0
47269 3
47270 0
47271 0
47272 2
47273 2
47274 1
47275 0
47276 2
47277 1
47278 1
47279 1
47280 0
47281 0
47282 1
47283 1
47284 2
47285 1
47286 1
47287 2
47288 2
47289 1
47290 1
47291 2
47292 1
47293 0
47294 0
47295 0
47296 1
47297 2
47298 3
47299 1
47300 0
47301 1
47302 2
47303 2
47304 1
47305 2
47306 2
47307 1
47308 1
47309 0
47310 0
47311 2
47312 1
47313 1
47314 2
47315 0
47316 1
47317 2
47318 3
47319 2
47320 2
47321 2
47322 1
47323 0
47324 0
47325 0
47326 0
47327 0
47328 2
47329 2
47330 0
47331 0
47332 0
47333 1
47334 2
47335 2
47336 2
47337 1
47338 1
47339 0
47340 2
47341 1
47342 0
47343 2
47344 2
47345 1
47346 2
47347 0
47348 0
47349 1
47350 2
47351 0
47352 2
47353 1
47354 2
47355 0
47356 2
47357 0
47358 0
47359 2
47360 0
47361 2
47362 1
47363 2
47364 0
47365 2
47366 0
47367 0
47368 1
47369 2
47370 0
47371 2
47372 1
47373 1
47374 2
47375 2
47376 2
47377 2
47378 1
47379 1
47380 0
47381 0
47382 2
47383 0
47384 2
47385 0
47386 1
47387 2
47388 2
47389 0
47390 0
47391 2
47392 2
47393 2
47394 2
47395 1
47396 0
47397 0
47398 0
47399 1
47400 1
47401 2
47402 1
47403 2
47404 1
47405 0
47406 3
47407 0
47408 2
47409 3
47410 0
47411 1
47412 0
47413 0
47414 0
47415 2
47416 1
47417 1
47418 0
47419 0
47420 2
47421 0
47422 0
47423 2
47424 1
47425 2
47426 1
47427 1
47428 0
47429 0
47430 0
47431 0
47432 1
47433 1
47434 3
47435 2
47436 2
47437 1
47438 2
47439 1
47440 0
47441 0
47442 1
47443 2
47444 2
47445 1
47446 0
47447 1
47448 1
47449 3
47450 0
47451 2
47452 2
47453 0
47454 0
47455 0
47456 1
47457 0
47458 3
47459 0
47460 2
47461 0
47462 0
47463 0
47464 0
47465 3
47466 2
47467 2
47468 0
47469 3
47470 1
47471 2
47472 2
47473 1
47474 1
47475 1
47476 0
47477 1
47478 1
47479 1
47480 1
47481 2
47482 2
47483 1
47484 1
47485 1
47486 2
47487 2
47488 1
47489 0
47490 0
47491 2
47492 1
47493 1
47494 2
47495 0
47496 3
47497 1
47498 1
47499 1
47500 3
47501 1
47502 3
47503 2
47504 1
47505 0
47506 3
47507 0
47508 1
47509 0
47510 0
47511 2
47512 2
47513 1
47514 2
47515 2
47516 0
47517 0
47518 2
47519 0
47520 0
47521 1
47522 1
47523 0
47524 0
47525 0
47526 1
47527 1
47528 0
47529 0
47530 0
47531 1
47532 0
47533 0
47534 0
47535 2
47536 0
47537 2
47538 1
47539 2
47540 0
47541 2
47542 2
47543 0
47544 1
47545 0
47546 1
47547 2
47548 1
47549 0
47550 1
47551 3
47552 3
47553 2
47554 2
47555 2
47556 0
47557 1
47558 0
47559 1
47560 1
47561 1
47562 3
47563 1
47564 2
47565 1
47566 1
47567 2
47568 0
47569 1
47570 2
47571 1
47572 1
47573 0
47574 0
47575 1
47576 1
47577 3
47578 2
47579 1
47580 2
47581 1
47582 1
47583 2
47584 0
47585 1
47586 0
47587 1
47588 0
47589 1
47590 0
47591 1
47592 0
47593 1
47594 2
47595 2
47596 1
47597 1
47598 1
47599 3
47600 0
47601 1
47602 1
47603 2
47604 1
47605 1
47606 2
47607 0
47608 1
47609 1
47610 0
47611 2
47612 2
47613 1
47614 0
47615 2
47616 2
47617 1
47618 1
47619 2
47620 2
47621 2
47622 0
47623 2
47624 2
47625 2
47626 0
47627 2
47628 0
47629 2
47630 1
47631 1
47632 2
47633 2
47634 2
47635 2
47636 1
47637 1
47638 0
47639 1
47640 0
47641 2
47642 1
47643 2
47644 0
47645 2
47646 0
47647 2
47648 0
47649 3
47650 1
47651 2
47652 1
47653 1
47654 2
47655 1
47656 1
47657 1
47658 1
47659 0
47660 2
47661 3
47662 0
47663 3
47664 0
47665 2
47666 0
47667 1
47668 0
47669 1
47670 0
47671 1
47672 2
47673 1
47674 0
47675 3
47676 2
47677 0
47678 2
47679 1
47680 0
47681 1
47682 1
47683 1
47684 2
47685 0
47686 2
47687 0
47688 1
47689 0
47690 1
47691 1
47692 0
47693 1
47694 0
47695 1
47696 0
47697 2
47698 3
47699 2
47700 1
47701 1
47702 2
47703 2
47704 1
47705 2
47706 0
47707 1
47708 2
47709 2
47710 1
47711 0
47712 0
47713 0
47714 2
47715 1
47716 1
47717 0
47718 1
47719 2
47720 1
47721 2
47722 0
47723 0
47724 1
47725 0
47726 3
47727 2
47728 0
47729 0
47730 0
47731 3
47732 2
47733 2
47734 2
47735 0
47736 1
47737 1
47738 0
47739 0
47740 1
47741 0
47742 2
47743 0
47744 1
47745 2
47746 0
47747 2
47748 0
47749 2
47750 3
47751 2
47752 0
47753 0
47754 2
47755 1
47756 1
47757 1
47758 3
47759 0
47760 1
47761 1
47762 2
47763 1
47764 2
47765 2
47766 0
47767 1
47768 1
47769 2
47770 1
47771 0
47772 1
47773 2
47774 0
47775 0
47776 2
47777 2
47778 2
47779 1
47780 3
47781 1
47782 0
47783 2
47784 0
47785 0
47786 2
47787 2
47788 0
47789 3
47790 1
47791 1
47792 0
47793 3
47794 0
47795 0
47796 2
47797 0
47798 0
47799 0
47800 0
47801 0
47802 1
47803 0
47804 1
47805 0
47806 2
47807 1
47808 2
47809 0
47810 2
47811 1
47812 1
47813 0
47814 1
47815 1
47816 2
47817 0
47818 0
47819 2
47820 1
47821 2
47822 1
47823 2
47824 3
47825 1
47826 3
47827 0
47828 2
47829 2
47830 1
47831 0
47832 1
47833 1
47834 3
47835 1
47836 0
47837 0
47838 0
47839 1
47840 0
47841 1
47842 2
47843 1
47844 1
47845 0
47846 2
47847 1
47848 1
47849 2
47850 1
47851 0
47852 1
47853 1
47854 2
47855 1
47856 0
47857 2
47858 1
47859 1
47860 1
47861 1
47862 2
47863 2
47864 1
47865 0
47866 0
47867 2
47868 1
47869 2
47870 1
47871 1
47872 1
47873 0
47874 1
47875 0
47876 2
47877 0
47878 1
47879 1
47880 2
47881 2
47882 0
47883 0
47884 0
47885 0
47886 2
47887 1
47888 0
47889 1
47890 1
47891 1
47892 1
47893 0
47894 0
47895 1
47896 2
47897 1
47898 1
47899 2
47900 0
47901 2
47902 2
47903 0
47904 1
47905 2
47906 2
47907 2
47908 0
47909 1
47910 0
47911 0
47912 2
47913 0
47914 3
47915 2
47916 1
47917 0
47918 0
47919 1
47920 0
47921 0
47922 3
47923 0
47924 2
47925 1
47926 1
47927 0
47928 0
47929 1
47930 0
47931 3
47932 1
47933 2
47934 0
47935 2
47936 1
47937 0
47938 1
47939 1
47940 0
47941 0
47942 3
47943 2
47944 2
47945 1
47946 0
47947 1
47948 0
47949 2
47950 1
47951 0
47952 2
47953 3
47954 2
47955 1
47956 1
47957 1
47958 2
47959 1
47960 1
47961 0
47962 0
47963 2
47964 0
47965 1
47966 1
47967 0
47968 0
47969 0
47970 2
47971 0
47972 3
47973 2
47974 0
47975 0
47976 2
47977 0
47978 2
47979 2
47980 0
47981 0
47982 1
47983 2
47984 3
47985 0
47986 2
47987 2
47988 2
47989 1
47990 1
47991 1
47992 0
47993 0
47994 1
47995 2
47996 3
47997 0
47998 1
47999 3
48000 1
48001 2
48002 1
48003 3
48004 2
48005 0
48006 2
48007 0
48008 2
48009 1
48010 1
48011 0
48012 2
48013 1
48014 0
48015 2
48016 1
48017 1
48018 2
48019 2
48020 0
48021 0
48022 0
48023 1
48024 0
48025 4
48026 2
48027 1
48028 1
48029 1
48030 0
48031 1
48032 2
48033 2
48034 0
48035 1
48036 1
48037 0
48038 2
48039 3
48040 1
48041 1
48042 2
48043 1
48044 1
48045 0
48046 0
48047 0
48048 1
48049 1
48050 2
48051 1
48052 3
48053 2
48054 0
48055 2
48056 1
48057 1
48058 1
48059 0
48060 0
48061 1
48062 1
48063 2
48064 2
48065 1
48066 3
48067 1
48068 0
48069 0
48070 0
48071 2
48072 1
48073 0
48074 0
48075 2
48076 1
48077 2
48078 1
48079 1
48080 0
48081 0
48082 2
48083 1
48084 2
48085 1
48086 1
48087 1
48088 2
48089 0
48090 1
48091 2
48092 2
48093 0
48094 1
48095 1
48096 0
48097 2
48098 1
48099 2
48100 0
48101 1
48102 1
48103 1
48104 0
48105 1
48106 2
48107 1
48108 1
48109 0
48110 1
48111 2
48112 0
48113 1
48114 1
48115 1
48116 2
48117 3
48118 0
48119 1
48120 3
48121 1
48122 1
48123 1
48124 0
48125 0
48126 0
48127 0
48128 1
48129 0
48130 1
48131 2
48132 1
48133 0
48134 1
48135 0
48136 2
48137 1
48138 1
48139 0
48140 0
48141 1
48142 2
48143 0
48144 0
48145 3
48146 2
48147 2
48148 1
48149 2
48150 2
48151 0
48152 2
48153 0
48154 0
48155 0
48156 2
48157 0
48158 0
48159 0
48160 2
48161 1
48162 0
48163 3
48164 2
48165 1
48166 1
48167 1
48168 1
48169 2
48170 0
48171 1
48172 0
48173 0
48174 0
48175 0
48176 1
48177 0
48178 2
48179 1
48180 0
48181 3
48182 1
48183 1
48184 2
48185 0
48186 0
48187 2
48188 0
48189 1
48190 2
48191 0
48192 2
48193 1
48194 2
48195 0
48196 0
48197 0
48198 1
48199 0
48200 2
48201 1
48202 2
48203 1
48204 0
48205 1
48206 2
48207 2
48208 1
48209 0
48210 1
48211 0
48212 1
48213 1
48214 0
48215 2
48216 2
48217 1
48218 0
48219 0
48220 2
48221 1
48222 1
48223 0
48224 0
48225 1
48226 0
48227 1
48228 0
48229 1
48230 1
48231 0
48232 0
48233 3
48234 1
48235 0
48236 1
48237 0
48238 1
48239 0
48240 0
48241 3
48242 2
48243 0
48244 0
48245 2
48246 1
48247 0
48248 0
48249 1
48250 2
48251 0
48252 1
48253 1
48254 0
48255 1
48256 1
48257 1
48258 3
48259 1
48260 1
48261 2
48262 0
48263 2
48264 3
48265 1
48266 0
48267 1
48268 1
48269 2
48270 1
48271 0
48272 1
48273 2
48274 1
48275 1
48276 2
48277 2
48278 2
48279 2
48280 1
48281 0
48282 1
48283 2
48284 2
48285 0
48286 0
48287 2
48288 1
48289 0
48290 1
48291 1
48292 0
48293 0
48294 3
48295 0
48296 0
48297 1
48298 2
48299 2
48300 2
48301 0
48302 1
48303 1
48304 0
48305 2
48306 1
48307 1
48308 0
48309 0
48310 1
48311 0
48312 2
48313 0
48314 1
48315 1
48316 1
48317 2
48318 2
48319 2
48320 3
48321 1
48322 1
48323 0
48324 1
48325 0
48326 1
48327 0
48328 2
48329 1
48330 0
48331 0
48332 1
48333 1
48334 0
48335 1
48336 0
48337 2
48338 1
48339 0
48340 0
48341 3
48342 1
48343 2
48344 1
48345 0
48346 0
48347 1
48348 2
48349 1
48350 1
48351 2
48352 1
48353 0
48354 1
48355 2
48356 1
48357 2
48358 0
48359 1
48360 2
48361 0
48362 0
48363 1
48364 2
48365 1
48366 0
48367 2
48368 1
48369 2
48370 1
48371 0
48372 3
48373 2
48374 0
48375 2
48376 3
48377 2
48378 0
48379 3
48380 2
48381 0
48382 1
48383 2
48384 0
48385 1
48386 2
48387 0
48388 0
48389 2
48390 1
48391 1
48392 2
48393 1
48394 0
48395 1
48396 1
48397 2
48398 0
48399 0
48400 1
48401 1
48402 2
48403 0
48404 2
48405 0
48406 2
48407 2
48408 0
48409 3
48410 0
48411 2
48412 2
48413 0
48414 0
48415 1
48416 2
48417 1
48418 2
48419 1
48420 2
48421 2
48422 3
48423 2
48424 2
48425 2
48426 1
48427 0
48428 2
48429 1
48430 1
48431 0
48432 3
48433 0
48434 1
48435 0
48436 2
48437 1
48438 2
48439 1
48440 1
48441 3
48442 2
48443 0
48444 1
48445 2
48446 1
48447 0
48448 0
48449 0
48450 0
48451 1
48452 0
48453 2
48454 0
48455 1
48456 1
48457 0
48458 0
48459 0
48460 1
48461 0
48462 1
48463 0
48464 1
48465 0
48466 0
48467 0
48468 0
48469 0
48470 0
48471 3
48472 2
48473 0
48474 0
48475 1
48476 0
48477 0
48478 1
48479 0
48480 0
48481 2
48482 1
48483 0
48484 3
48485 1
48486 1
48487 1
48488 2
48489 0
48490 2
48491 0
48492 2
48493 2
48494 2
48495 2
48496 1
48497 0
48498 0
48499 1
48500 0
48501 0
48502 3
48503 3
48504 2
48505 1
48506 0
48507 1
48508 2
48509 2
48510 1
48511 1
48512 0
48513 0
48514 2
48515 1
48516 0
48517 2
48518 2
48519 1
48520 1
48521 2
48522 1
48523 1
48524 2
48525 0
48526 1
48527 2
48528 1
48529 0
48530 2
48531 1
48532 2
48533 2
48534 2
48535 2
48536 2
48537 2
48538 1
48539 1
48540 2
48541 1
48542 1
48543 0
48544 2
48545 2
48546 0
48547 1
48548 1
48549 2
48550 0
48551 1
48552 2
48553 0
48554 0
48555 1
48556 2
48557 2
48558 0
48559 3
48560 0
48561 0
48562 2
48563 0
48564 2
48565 2
48566 2
48567 0
48568 0
48569 2
48570 0
48571 0
48572 2
48573 0
48574 0
48575 2
48576 0
48577 3
48578 0
48579 0
48580 0
48581 1
48582 2
48583 1
48584 0
48585 0
48586 0
48587 1
48588 0
48589 1
48590 3
48591 1
48592 3
48593 1
48594 2
48595 1
48596 0
48597 2
48598 1
48599 0
48600 2
48601 1
48602 2
48603 1
48604 0
48605 3
48606 1
48607 1
48608 1
48609 1
48610 1
48611 2
48612 2
48613 2
48614 2
48615 1
48616 1
48617 2
48618 2
48619 3
48620 3
48621 2
48622 1
48623 2
48624 1
48625 2
48626 0
48627 3
48628 2
48629 3
48630 2
48631 2
48632 0
48633 1
48634 0
48635 0
48636 1
48637 0
48638 1
48639 0
48640 0
48641 0
48642 3
48643 2
48644 1
48645 2
48646 3
48647 3
48648 2
48649 2
48650 1
48651 2
48652 3
48653 2
48654 1
48655 0
48656 3
48657 2
48658 1
48659 0
48660 1
48661 0
48662 0
48663 3
48664 1
48665 2
48666 2
48667 0
48668 0
48669 1
48670 1
48671 3
48672 1
48673 0
48674 2
48675 0
48676 0
48677 0
48678 0
48679 1
48680 0
48681 0
48682 2
48683 3
48684 2
48685 2
48686 1
48687 1
48688 0
48689 0
48690 2
48691 1
48692 0
48693 1
48694 1
48695 0
48696 2
48697 0
48698 2
48699 1
48700 2
48701 2
48702 2
48703 1
48704 1
48705 2
48706 0
48707 0
48708 0
48709 1
48710 2
48711 1
48712 0
48713 0
48714 2
48715 3
48716 1
48717 0
48718 2
48719 0
48720 1
48721 1
48722 3
48723 2
48724 1
48725 1
48726 3
48727 1
48728 2
48729 2
48730 1
48731 1
48732 2
48733 1
48734 0
48735 0
48736 2
48737 0
48738 2
48739 0
48740 4
48741 1
48742 1
48743 0
48744 0
48745 1
48746 0
48747 1
48748 1
48749 1
48750 1
48751 0
48752 0
48753 0
48754 0
48755 3
48756 0
48757 2
48758 1
48759 2
48760 2
48761 0
48762 0
48763 0
48764 1
48765 3
48766 2
48767 2
48768 2
48769 2
48770 1
48771 1
48772 1
48773 2
48774 0
48775 1
48776 0
48777 0
48778 0
48779 2
48780 2
48781 0
48782 1
48783 0
48784 1
48785 1
48786 0
48787 0
48788 1
48789 1
48790 0
48791 1
48792 2
48793 1
48794 2
48795 3
48796 2
48797 1
48798 0
48799 1
48800 1
48801 1
48802 0
48803 2
48804 1
48805 3
48806 1
48807 1
48808 2
48809 3
48810 1
48811 2
48812 0
48813 0
48814 1
48815 0
48816 1
48817 3
48818 0
48819 1
48820 1
48821 2
48822 2
48823 1
48824 0
48825 3
48826 1
48827 1
48828 0
48829 1
48830 1
48831 0
48832 1
48833 0
48834 3
48835 2
48836 1
48837 2
48838 2
48839 1
48840 1
48841 2
48842 0
48843 1
48844 1
48845 2
48846 0
48847 1
48848 1
48849 0
48850 1
48851 1
48852 2
48853 0
48854 1
48855 1
48856 0
48857 1
48858 0
48859 1
48860 0
48861 1
48862 0
48863 0
48864 0
48865 2
48866 2
48867 0
48868 1
48869 1
48870 0
48871 2
48872 0
48873 1
48874 0
48875 3
48876 2
48877 1
48878 0
48879 1
48880 1
48881 2
48882 1
48883 1
48884 1
48885 1
48886 2
48887 0
48888 0
48889 0
48890 0
48891 2
48892 1
48893 0
48894 1
48895 2
48896 0
48897 0
48898 2
48899 1
48900 1
48901 1
48902 1
48903 1
48904 0
48905 2
48906 0
48907 0
48908 2
48909 1
48910 2
48911 2
48912 0
48913 0
48914 0
48915 0
48916 3
48917 1
48918 3
48919 0
48920 1
48921 0
48922 2
48923 1
48924 2
48925 2
48926 1
48927 2
48928 0
48929 0
48930 0
48931 2
48932 0
48933 1
48934 1
48935 1
48936 1
48937 3
48938 0
48939 1
48940 0
48941 0
48942 2
48943 2
48944 1
48945 0
48946 0
48947 3
48948 1
48949 1
48950 2
48951 0
48952 2
48953 0
48954 0
48955 1
48956 1
48957 0
48958 2
48959 1
48960 1
48961 1
48962 0
48963 2
48964 1
48965 0
48966 0
48967 0
48968 1
48969 2
48970 1
48971 2
48972 1
48973 2
48974 0
48975 1
48976 2
48977 1
48978 2
48979 1
48980 2
48981 0
48982 2
48983 2
48984 2
48985 0
48986 2
48987 0
48988 1
48989 2
48990 2
48991 2
48992 1
48993 3
48994 1
48995 0
48996 0
48997 0
48998 1
48999 2
49000 2
49001 2
49002 0
49003 0
49004 0
49005 3
49006 2
49007 1
49008 1
49009 1
49010 1
49011 1
49012 0
49013 3
49014 1
49015 1
49016 1
49017 3
49018 1
49019 1
49020 2
49021 2
49022 3
49023 3
49024 0
49025 0
49026 0
49027 2
49028 0
49029 1
49030 1
49031 1
49032 1
49033 0
49034 2
49035 0
49036 1
49037 2
49038 1
49039 1
49040 0
49041 3
49042 1
49043 0
49044 0
49045 2
49046 0
49047 0
49048 3
49049 2
49050 1
49051 1
49052 1
49053 0
49054 0
49055 2
49056 0
49057 1
49058 1
49059 2
49060 1
49061 1
49062 0
49063 1
49064 2
49065 2
49066 2
49067 1
49068 0
49069 2
49070 1
49071 2
49072 1
49073 0
49074 3
49075 1
49076 0
49077 0
49078 2
49079 2
49080 1
49081 0
49082 0
49083 0
49084 1
49085 2
49086 0
49087 0
49088 1
49089 1
49090 1
49091 0
49092 1
49093 0
49094 1
49095 1
49096 1
49097 1
49098 0
49099 1
49100 1
49101 1
49102 0
49103 3
49104 2
49105 2
49106 2
49107 1
49108 1
49109 1
49110 1
49111 0
49112 3
49113 0
49114 0
49115 2
49116 1
49117 2
49118 2
49119 0
49120 0
49121 2
49122 0
49123 1
49124 2
49125 1
49126 0
49127 1
49128 2
49129 0
49130 3
49131 0
49132 0
49133 0
49134 1
49135 2
49136 0
49137 2
49138 1
49139 0
49140 0
49141 0
49142 2
49143 0
49144 2
49145 0
49146 1
49147 2
49148 0
49149 0
49150 2
49151 1
49152 0
49153 1
49154 1
49155 2
49156 1
49157 0
49158 1
49159 0
49160 0
49161 0
49162 0
49163 1
49164 1
49165 2
49166 0
49167 1
49168 1
49169 2
49170 2
49171 3
49172 0
49173 0
49174 0
49175 0
49176 1
49177 0
49178 0
49179 3
49180 1
49181 0
49182 0
49183 1
49184 0
49185 0
49186 1
49187 0
49188 0
49189 0
49190 2
49191 3
49192 1
49193 0
49194 0
49195 0
49196 0
49197 1
49198 1
49199 1
49200 1
49201 0
49202 1
49203 0
49204 0
49205 1
49206 1
49207 2
49208 0
49209 2
49210 2
49211 2
49212 1
49213 2
49214 2
49215 1
49216 2
49217 1
49218 2
49219 2
49220 1
49221 3
49222 2
49223 2
49224 2
49225 0
49226 2
49227 2
49228 1
49229 2
49230 0
49231 2
49232 0
49233 1
49234 0
49235 0
49236 2
49237 2
49238 2
49239 2
49240 1
49241 3
49242 0
49243 3
49244 0
49245 1
49246 1
49247 0
49248 1
49249 2
49250 2
49251 2
49252 1
49253 0
49254 1
49255 0
49256 2
49257 3
49258 3
49259 2
49260 0
49261 2
49262 2
49263 0
49264 1
49265 0
49266 1
49267 1
49268 1
49269 0
49270 1
49271 1
49272 0
49273 1
49274 0
49275 2
49276 0
49277 1
49278 1
49279 1
49280 2
49281 1
49282 1
49283 2
49284 2
49285 0
49286 1
49287 1
49288 1
49289 0
49290 0
49291 2
49292 1
49293 2
49294 1
49295 1
49296 2
49297 0
49298 1
49299 1
49300 1
49301 0
49302 0
49303 1
49304 2
49305 1
49306 0
49307 3
49308 2
49309 1
49310 0
49311 2
49312 2
49313 2
49314 0
49315 0
49316 1
49317 1
49318 1
49319 2
49320 2
49321 1
49322 0
49323 2
49324 0
49325 1
49326 2
49327 2
49328 0
49329 1
49330 1
49331 1
49332 2
49333 1
49334 0
49335 1
49336 1
49337 0
49338 0
49339 1
49340 1
49341 0
49342 1
49343 3
49344 1
49345 1
49346 0
49347 1
49348 1
49349 1
49350 1
49351 0
49352 2
49353 0
49354 0
49355 3
49356 0
49357 0
49358 2
49359 2
49360 1
49361 2
49362 1
49363 1
49364 1
49365 0
49366 1
49367 1
49368 2
49369 0
49370 0
49371 1
49372 1
49373 1
49374 1
49375 2
49376 2
49377 0
49378 1
49379 2
49380 1
49381 0
49382 1
49383 0
49384 0
49385 0
49386 2
49387 2
49388 2
49389 0
49390 1
49391 0
49392 0
49393 0
49394 2
49395 1
49396 0
49397 0
49398 0
49399 0
49400 2
49401 1
49402 1
49403 2
49404 2
49405 2
49406 1
49407 0
49408 1
49409 0
49410 2
49411 1
49412 1
49413 0
49414 0
49415 1
49416 1
49417 2
49418 1
49419 2
49420 2
49421 2
49422 1
49423 1
49424 3
49425 0
49426 1
49427 0
49428 1
49429 0
49430 0
49431 0
49432 2
49433 0
49434 2
49435 1
49436 0
49437 0
49438 1
49439 1
49440 2
49441 0
49442 1
49443 2
49444 2
49445 0
49446 2
49447 0
49448 0
49449 3
49450 1
49451 0
49452 0
49453 0
49454 0
49455 3
49456 1
49457 2
49458 0
49459 1
49460 2
49461 1
49462 0
49463 0
49464 2
49465 1
49466 1
49467 1
49468 1
49469 0
49470 2
49471 1
49472 1
49473 1
49474 0
49475 0
49476 1
49477 0
49478 1
49479 1
49480 0
49481 2
49482 3
49483 2
49484 1
49485 3
49486 1
49487 2
49488 2
49489 2
49490 2
49491 0
49492 2
49493 0
49494 1
49495 1
49496 0
49497 1
49498 0
49499 2
49500 0
49501 0
49502 2
49503 1
49504 1
49505 3
49506 1
49507 0
49508 1
49509 2
49510 1
49511 0
49512 0
49513 3
49514 0
49515 2
49516 2
49517 1
49518 2
49519 0
49520 1
49521 1
49522 3
49523 3
49524 3
49525 1
49526 2
49527 1
49528 3
49529 1
49530 2
49531 0
49532 0
49533 2
49534 2
49535 2
49536 0
49537 1
49538 1
49539 0
49540 1
49541 2
49542 2
49543 0
49544 0
49545 2
49546 0
49547 2
49548 3
49549 1
49550 1
49551 1
49552 2
49553 0
49554 2
49555 2
49556 2
49557 0
49558 1
49559 0
49560 1
49561 1
49562 1
49563 1
49564 1
49565 1
49566 1
49567 1
49568 2
49569 0
49570 0
49571 0
49572 2
49573 2
49574 1
49575 2
49576 1
49577 2
49578 0
49579 0
49580 0
49581 0
49582 0
49583 1
49584 2
49585 0
49586 0
49587 2
49588 2
49589 2
49590 0
49591 0
49592 0
49593 2
49594 0
49595 1
49596 1
49597 2
49598 0
49599 0
49600 1
49601 0
49602 0
49603 2
49604 2
49605 2
49606 1
49607 2
49608 1
49609 1
49610 3
49611 0
49612 2
49613 1
49614 0
49615 2
49616 1
49617 2
49618 0
49619 3
49620 2
49621 2
49622 1
49623 1
49624 1
49625 1
49626 0
49627 1
49628 2
49629 0
49630 2
49631 1
49632 1
49633 0
49634 1
49635 2
49636 2
49637 2
49638 1
49639 1
49640 0
49641 2
49642 1
49643 1
49644 0
49645 0
49646 2
49647 2
49648 1
49649 0
49650 0
49651 2
49652 0
49653 1
49654 0
49655 0
49656 1
49657 0
49658 2
49659 0
49660 2
49661 1
49662 2
49663 1
49664 0
49665 1
49666 2
49667 2
49668 2
49669 2
49670 2
49671 1
49672 0
49673 0
49674 1
49675 1
49676 0
49677 0
49678 2
49679 1
49680 1
49681 2
49682 0
49683 0
49684 0
49685 0
49686 0
49687 0
49688 2
49689 0
49690 0
49691 0
49692 2
49693 0
49694 0
49695 0
49696 3
49697 2
49698 0
49699 1
49700 0
49701 0
49702 0
49703 0
49704 0
49705 0
49706 0
49707 1
49708 0
49709 1
49710 2
49711 0
49712 2
49713 2
49714 1
49715 0
49716 1
49717 0
49718 0
49719 0
49720 3
49721 1
49722 0
49723 1
49724 0
49725 0
49726 2
49727 2
49728 0
49729 1
49730 0
49731 1
49732 0
49733 1
49734 1
49735 1
49736 0
49737 0
49738 0
49739 1
49740 1
49741 1
49742 2
49743 0
49744 1
49745 1
49746 1
49747 1
49748 2
49749 2
49750 2
49751 1
49752 0
49753 0
49754 0
49755 2
49756 0
49757 0
49758 1
49759 2
49760 1
49761 2
49762 2
49763 1
49764 1
49765 1
49766 2
49767 1
49768 0
49769 1
49770 1
49771 0
49772 1
49773 1
49774 2
49775 2
49776 1
49777 0
49778 0
49779 1
49780 0
49781 0
49782 1
49783 1
49784 3
49785 1
49786 2
49787 0
49788 0
49789 0
49790 2
49791 2
49792 3
49793 2
49794 0
49795 1
49796 2
49797 0
49798 1
49799 0
49800 1
49801 2
49802 2
49803 1
49804 2
49805 0
49806 3
49807 2
49808 1
49809 1
49810 1
49811 2
49812 2
49813 0
49814 0
49815 1
49816 0
49817 1
49818 1
49819 0
49820 1
49821 1
49822 0
49823 0
49824 0
49825 0
49826 0
49827 2
49828 1
49829 0
49830 1
49831 3
49832 2
49833 2
49834 0
49835 0
49836 0
49837 0
49838 2
49839 0
49840 1
49841 1
49842 0
49843 3
49844 0
49845 3
49846 1
49847 2
49848 2
49849 1
49850 2
49851 1
49852 1
49853 2
49854 2
49855 0
49856 0
49857 2
49858 0
49859 0
49860 1
49861 0
49862 1
49863 2
49864 1
49865 2
49866 2
49867 2
49868 0
49869 2
49870 0
49871 0
49872 3
49873 0
49874 2
49875 0
49876 2
49877 1
49878 0
49879 0
49880 2
49881 0
49882 1
49883 1
49884 1
49885 2
49886 0
49887 1
49888 1
49889 2
49890 1
49891 0
49892 2
49893 0
49894 2
49895 2
49896 2
49897 1
49898 1
49899 1
49900 2
49901 1
49902 1
49903 2
49904 1
49905 1
49906 1
49907 1
49908 0
49909 3
49910 0
49911 1
49912 0
49913 2
49914 0
49915 1
49916 2
49917 2
49918 1
49919 2
49920 0
49921 0
49922 0
49923 1
49924 2
49925 2
49926 2
49927 0
49928 0
49929 1
49930 0
49931 2
49932 2
49933 1
49934 2
49935 0
49936 0
49937 0
49938 0
49939 2
49940 0
49941 2
49942 1
49943 0
49944 1
49945 2
49946 0
49947 1
49948 2
49949 1
49950 2
49951 0
49952 0
49953 0
49954 1
49955 2
49956 1
49957 2
49958 1
49959 0
49960 1
49961 0
49962 2
49963 0
49964 2
49965 2
49966 1
49967 2
49968 1
49969 0
49970 3
49971 2
49972 2
49973 0
49974 1
49975 1
49976 0
49977 2
49978 1
49979 0
49980 0
49981 2
49982 1
49983 2
49984 0
49985 2
49986 0
49987 2
49988 1
49989 2
49990 1
49991 1
49992 3
49993 1
49994 0
49995 0
49996 1
49997 1
49998 1
49999 1
Colors used: 5
Valid coloring: true
Execution time: 3.78364 ms
