Algorithm: Kruskal's MST
MST edges:
222 452 -5
6116 7330 -5
917 2347 -5
69 281 -5
2785 8057 -5
4756 9701 -5
4759 5399 -5
922 3307 -5
2377 4369 -5
3602 4055 -5
1383 8690 -5
309 2681 -5
6089 9455 -5
2790 5325 -5
1108 7458 -5
3982 8847 -5
2375 6592 -5
928 2485 -5
3615 9557 -5
2785 4899 -5
2220 6438 -5
4175 7628 -5
6062 8045 -5
6061 6972 -5
6055 8741 -5
350 8234 -5
6185 8527 -5
2193 5628 -5
2195 2350 -5
3568 8392 -5
2379 3837 -5
2199 2243 -5
1068 8523 -5
901 3281 -5
2199 9609 -5
6216 8593 -5
1818 3137 -5
1400 2682 -5
6192 6209 -5
3631 9800 -5
67 544 -5
3580 9353 -5
612 3608 -5
2793 4661 -5
612 2382 -5
1394 9534 -5
1816 4189 -5
129 5184 -5
68 3774 -5
1710 3642 -5
2205 5871 -5
2750 6186 -5
573 6291 -5
2753 6578 -5
76 1069 -5
5946 7568 -5
1272 2675 -5
937 4244 -5
939 6976 -5
217 4917 -5
217 3654 -5
1731 6565 -5
2633 5022 -5
125 1487 -5
1223 5529 -5
5891 9121 -5
3691 6112 -5
77 5177 -5
2236 6224 -5
2633 7097 -5
941 6380 -5
3694 3774 -5
78 496 -5
5848 9370 -5
5841 9076 -5
942 8238 -5
4060 6932 -5
1721 2900 -5
6042 8897 -5
1220 1320 -5
73 90 -5
4772 8524 -5
2222 7781 -5
1601 4160 -5
2776 5191 -5
6026 6210 -5
461 1193 -5
219 9075 -5
6012 6183 -5
2189 5821 -5
2227 3130 -5
1372 9554 -5
1368 9994 -5
5968 9447 -5
4162 7919 -5
523 3283 -5
2480 6851 -5
1605 5839 -5
1730 4769 -5
75 6730 -5
3680 7100 -5
6429 9222 -5
867 1747 -5
867 5057 -5
1425 8096 -5
2508 6998 -5
6448 8007 -5
55 89 -5
4689 7371 -5
6447 9226 -5
3498 9175 -5
6441 8956 -5
109 2928 -5
306 368 -5
1427 1698 -5
2828 7256 -5
2145 5528 -5
2823 3565 -5
56 8524 -5
514 813 -5
1198 4423 -5
442 5720 -5
482 2781 -5
362 422 -5
514 8205 -5
6395 8865 -5
6521 7208 -5
4238 8016 -5
1834 6755 -5
6547 8972 -5
51 2695 -5
6544 8141 -5
6542 7960 -5
6541 7280 -5
1583 5564 -5
849 2489 -5
3464 7676 -5
1432 4417 -5
3471 6140 -5
3511 5296 -5
2675 4420 -5
2833 5046 -5
392 3633 -5
463 484 -5
865 3579 -5
233 9763 -5
305 3270 -5
2136 9930 -5
233 3455 -5
483 688 -5
6458 9409 -5
63 835 -5
6338 6822 -5
517 696 -5
2170 5288 -5
6322 9495 -5
4214 8039 -5
227 8076 -5
1412 6940 -5
4212 4537 -5
2379 4785 -5
893 5327 -5
4732 6850 -5
6290 7294 -5
3536 6426 -5
226 5798 -5
894 967 -5
1060 1271 -5
6270 9914 -5
444 4842 -5
518 2480 -5
1590 5910 -5
3565 9909 -5
4739 5574 -5
2801 3309 -5
4973 8433 -5
2165 4138 -5
6394 9485 -5
3511 8223 -5
1199 1854 -5
2628 5992 -5
6391 8971 -5
482 1015 -5
5116 7180 -5
1418 4750 -5
878 1447 -5
4002 4650 -5
307 1245 -5
59 3207 -5
4145 4567 -5
885 9401 -5
6369 8829 -5
1588 3570 -5
229 6874 -5
1590 2585 -5
4711 7822 -5
1413 3527 -5
60 525 -5
2817 4584 -5
6357 7136 -5
1824 9304 -5
1312 7248 -5
1078 9239 -5
3854 4674 -5
1762 1818 -5
5196 5365 -5
5440 9089 -5
4912 7727 -5
5429 8418 -5
1241 6873 -5
120 1638 -5
5419 6838 -5
5416 6888 -5
4913 9173 -5
2336 4082 -5
1275 9571 -5
1018 1447 -5
2445 7387 -5
5399 6500 -5
182 2739 -5
1019 3052 -5
1076 7549 -5
1643 6699 -5
1022 5417 -5
590 1504 -5
2441 4790 -5
2341 3641 -5
4893 7078 -5
1319 5444 -5
993 3539 -5
544 3961 -5
2306 2653 -5
1737 8762 -5
2715 8716 -5
3825 7612 -5
5188 9364 -5
5502 6582 -5
3826 8314 -5
3829 9955 -5
4893 6645 -5
5369 9333 -5
1316 5476 -5
3841 4367 -5
202 4829 -5
5473 8580 -5
2314 9311 -5
3844 4826 -5
1238 9302 -5
1763 8250 -5
1007 9627 -5
1240 2066 -5
1008 7175 -5
537 9106 -5
1629 2406 -5
1289 4427 -5
5253 7275 -5
1072 7700 -5
1024 8583 -5
2689 2863 -5
1283 1999 -5
4080 6731 -5
195 654 -5
330 6875 -5
1282 2887 -5
4077 9851 -5
1074 1911 -5
2357 6778 -5
194 346 -5
5200 8197 -5
2677 9944 -5
3949 7496 -5
1040 7888 -5
104 1381 -5
1752 7140 -5
104 1479 -5
1045 1133 -5
5201 7302 -5
5323 5880 -5
1307 4128 -5
5352 6185 -5
2437 5667 -5
5347 7743 -5
590 1035 -5
4922 7513 -5
1752 5000 -5
118 1495 -5
1761 5168 -5
100 355 -5
5324 8413 -5
4088 7358 -5
2464 4702 -5
1248 6680 -5
5319 8130 -5
1022 7892 -5
1628 7161 -5
2343 3264 -5
1023 3849 -5
1295 4612 -5
1249 2036 -5
3903 8907 -5
357 8276 -5
5274 6870 -5
84 2013 -5
1091 7181 -5
2738 8075 -5
3745 4458 -5
1349 4578 -5
4827 7514 -5
5706 6838 -5
451 8039 -5
2736 9714 -5
3748 3830 -5
2736 7592 -5
5692 7880 -5
5688 9946 -5
961 6468 -5
2736 7519 -5
2733 7683 -5
1791 7337 -5
3758 8073 -5
5670 6282 -5
191 958 -5
4127 4604 -5
5666 7899 -5
2733 2960 -5
970 4049 -5
5656 7198 -5
4141 4287 -5
943 1411 -5
2743 9768 -5
3713 4085 -5
5833 7643 -5
525 8670 -5
2743 6745 -5
4816 6963 -5
1224 6586 -5
2742 7390 -5
1797 5649 -5
946 4844 -5
2264 7667 -5
973 9187 -5
5790 6151 -5
3721 5741 -5
3723 5459 -5
5785 7897 -5
314 2346 -5
1225 1287 -5
4820 8685 -5
2374 7072 -5
3735 7352 -5
1350 3679 -5
5759 8848 -5
2299 2413 -5
122 2576 -5
5577 6950 -5
1082 4240 -5
981 7499 -5
353 8457 -5
2719 6003 -5
206 9751 -5
5565 9257 -5
5554 9784 -5
4962 5229 -5
2298 8105 -5
983 1159 -5
89 9637 -5
3792 7878 -5
91 2789 -5
3801 4580 -5
1618 2475 -5
529 9816 -5
331 2215 -5
5532 8641 -5
2305 3719 -5
1081 1846 -5
92 632 -5
92 994 -5
87 5783 -5
3972 4514 -5
2290 3816 -5
5637 9023 -5
107 770 -5
375 1046 -5
209 1459 -5
975 9633 -5
4841 6534 -5
5630 8068 -5
5171 9005 -5
5624 7267 -5
528 1967 -5
6552 7868 -5
1780 6407 -5
5614 9659 -5
2367 3957 -5
2635 2993 -5
3969 5229 -5
317 2542 -5
106 263 -5
5600 9081 -5
978 2478 -5
978 3456 -5
5587 5802 -5
4491 8231 -5
1480 1818 -5
1161 1835 -5
1479 5141 -5
3179 4643 -5
2936 3341 -5
723 3424 -5
3185 4586 -5
14 167 -5
7902 9118 -5
1980 2119 -5
7883 7965 -5
2542 7601 -5
188 596 -5
4494 7576 -5
7847 9332 -5
2598 2841 -5
3191 4033 -5
2669 9949 -5
7804 8838 -5
7790 8984 -5
1158 2099 -5
4030 7576 -5
1477 7586 -5
265 1928 -5
7734 8700 -5
8020 8053 -5
292 5986 -5
711 6531 -5
656 2789 -5
8090 9219 -5
1895 7931 -5
8068 9841 -5
3154 6962 -5
1894 5193 -5
153 4888 -5
8037 8382 -5
8037 8090 -5
1487 5122 -5
7729 9055 -5
4479 5501 -5
1962 2329 -5
714 8488 -5
1162 6847 -5
337 8261 -5
1892 3990 -5
1890 4267 -5
2942 5370 -5
5033 7398 -5
655 1298 -5
722 6295 -5
742 5593 -5
3250 5345 -5
7647 8124 -5
2001 4822 -5
739 9066 -5
1881 6349 -5
4318 6993 -5
1473 6448 -5
2008 2315 -5
21 3647 -5
1879 5113 -5
7585 8504 -5
7584 8268 -5
736 1018 -5
1185 4540 -5
2011 2243 -5
3259 4340 -5
4521 8980 -5
7547 8762 -5
502 5484 -5
1470 9758 -5
744 1957 -5
744 9440 -5
3264 9404 -5
6560 7237 -5
19 4784 -5
1477 6110 -5
7724 9166 -5
1156 9798 -5
5060 8291 -5
3210 5502 -5
2540 2936 -5
4321 7227 -5
1475 4712 -5
3216 5267 -5
263 358 -5
1474 5635 -5
1064 5989 -5
2945 7110 -5
4508 9963 -5
4511 6684 -5
7691 8211 -5
20 55 -5
733 2906 -5
433 3262 -5
344 645 -5
3236 4719 -5
147 5905 -5
261 5013 -5
3242 3293 -5
3074 4869 -5
1911 2140 -5
1905 7517 -5
1925 3693 -5
280 652 -5
1685 2699 -5
8977 9398 -5
1903 4503 -5
8964 8966 -5
4436 6743 -5
1932 3819 -5
8922 9884 -5
679 7443 -5
3063 6836 -5
8900 9323 -5
3 8228 -5
4044 4096 -5
1897 4672 -5
8866 9924 -5
1936 4674 -5
3080 3307 -5
3081 6342 -5
3082 6893 -5
1940 8738 -5
8777 8870 -5
1896 3016 -5
1172 2120 -5
2399 5329 -5
159 1986 -5
668 1212 -5
3013 5094 -5
286 9826 -5
9463 9586 -5
1169 6075 -5
3039 8470 -5
9389 9583 -5
1252 1434 -5
3044 3902 -5
9304 9732 -5
5 1613 -5
1169 1624 -5
1252 5595 -5
4403 6562 -5
9169 9427 -5
4393 4934 -5
1675 4826 -5
341 1272 -5
329 4010 -5
4433 4545 -5
9052 9326 -5
1675 2974 -5
8274 9834 -5
1958 6478 -5
8383 9237 -5
8 389 -5
1493 5535 -5
3128 6972 -5
559 3066 -5
9 50 -5
1163 5637 -5
1492 4619 -5
8297 9217 -5
4989 8369 -5
9 663 -5
707 3719 -5
709 1260 -5
2664 5960 -5
8221 8703 -5
1490 8407 -5
8192 8200 -5
1958 7783 -5
2587 8877 -5
113 123 -5
271 2337 -5
4460 6895 -5
2544 6945 -5
1067 1730 -5
8710 9275 -5
684 814 -5
2977 5131 -5
684 1262 -5
3094 5715 -5
3095 8950 -5
661 7497 -5
2566 4974 -5
689 3297 -5
4436 8298 -5
1067 4708 -5
155 662 -5
22 6191 -5
5017 8388 -5
8527 8590 -5
8522 9320 -5
420 7625 -5
273 3654 -5
4442 9917 -5
4345 5935 -5
704 4778 -5
3120 6123 -5
3121 6670 -5
2960 3451 -5
3398 8665 -5
2870 6284 -5
3387 5875 -5
6855 8023 -5
6845 9339 -5
3388 6029 -5
1144 7780 -5
6821 6857 -5
4277 9661 -5
1188 7178 -5
1862 2744 -5
6803 7729 -5
3395 9105 -5
1261 3868 -5
1858 7874 -5
2078 2126 -5
506 7679 -5
2078 6985 -5
1441 9247 -5
111 367 -5
6773 8953 -5
1193 4544 -5
3403 7687 -5
4635 5003 -5
2859 7708 -5
240 4689 -5
4606 9562 -5
6987 8367 -5
4521 9735 -5
4593 4728 -5
346 536 -5
3372 4026 -5
143 456 -5
633 2909 -5
37 486 -5
1669 9060 -5
4287 5532 -5
169 3586 -5
6952 8880 -5
4270 4335 -5
1062 2311 -5
3378 7962 -5
6939 9663 -5
2064 2451 -5
3379 3724 -5
6926 9378 -5
6923 6970 -5
4612 6144 -5
4615 6355 -5
169 5597 -5
3386 5999 -5
2381 6878 -5
6662 9020 -5
6662 8484 -5
6658 7581 -5
2512 9654 -5
4665 5882 -5
1706 7374 -5
3438 4160 -5
567 2242 -5
1839 2269 -5
1837 3502 -5
136 1702 -5
3446 7369 -5
828 3503 -5
394 5031 -5
1262 8469 -5
2615 9119 -5
4246 5652 -5
2119 4605 -5
4242 7975 -5
4241 9757 -5
3461 4837 -5
3461 5213 -5
6580 8635 -5
2122 5228 -5
397 6523 -5
1439 1472 -5
6748 9753 -5
2090 4505 -5
4011 6823 -5
3411 5636 -5
3414 5583 -5
629 3286 -5
171 291 -5
2095 2992 -5
1748 8147 -5
2858 6436 -5
508 2037 -5
2889 4474 -5
2096 2436 -5
4653 4690 -5
1854 2014 -5
6699 8016 -5
1853 5494 -5
2100 7874 -5
3425 7960 -5
1847 1898 -5
2856 3440 -5
439 561 -5
542 4920 -5
2906 3443 -5
1149 4371 -5
3289 6179 -5
3291 5791 -5
7364 9379 -5
2532 2637 -5
26 1101 -5
7345 7853 -5
563 3512 -5
4555 5206 -5
3294 3580 -5
3295 6368 -5
7322 8967 -5
7368 9480 -5
7309 8225 -5
4022 5690 -5
763 959 -5
4565 5388 -5
3304 7201 -5
582 6363 -5
2898 5757 -5
7296 7507 -5
7294 7479 -5
7287 7567 -5
793 1299 -5
1874 2289 -5
7501 9469 -5
411 509 -5
4522 5239 -5
167 1683 -5
1690 4690 -5
2017 4521 -5
23 1533 -5
1691 3440 -5
5061 7079 -5
7434 9125 -5
2019 8803 -5
23 6816 -5
29 122 -5
644 5776 -5
4314 8104 -5
5062 7713 -5
2921 3106 -5
750 8959 -5
4989 6862 -5
503 764 -5
1873 2603 -5
4538 7650 -5
3284 4601 -5
3285 6235 -5
1454 3924 -5
564 2691 -5
405 2048 -5
7133 9466 -5
1188 3230 -5
7130 9427 -5
7128 9398 -5
2055 2181 -5
2055 3777 -5
2890 4177 -5
780 9526 -5
2056 9516 -5
7284 8598 -5
2057 7560 -5
3358 5254 -5
7066 9416 -5
7053 7830 -5
248 286 -5
7045 9723 -5
3362 4568 -5
4587 8327 -5
1448 8899 -5
792 2753 -5
7015 9452 -5
780 7435 -5
1459 7551 -5
435 1839 -5
4019 4730 -5
2898 5608 -5
406 2627 -5
3322 4138 -5
3324 5926 -5
2046 4411 -5
7217 7491 -5
3328 7554 -5
7211 9512 -5
1458 1612 -5
4017 7306 -5
7161 7377 -5
2890 6252 -5
3347 8909 -5
3343 7838 -5
3340 7586 -5
2048 2293 -5
7194 9036 -5
774 4919 -5
5089 6964 -5
4054 7600 -4
1251 4217 -4
4065 5974 -4
185 3995 -4
4062 9011 -4
550 569 -4
4280 8879 -4
4315 4593 -4
4310 7559 -4
167 6581 -4
4305 7284 -4
4304 6146 -4
4300 6861 -4
2601 5958 -4
168 323 -4
1183 2588 -4
4278 5323 -4
2608 3688 -4
171 253 -4
4261 4558 -4
1668 4807 -4
171 1885 -4
4249 4613 -4
468 673 -4
3020 3918 -4
159 4761 -4
2557 3706 -4
4388 7067 -4
4379 6522 -4
2572 3796 -4
467 776 -4
1181 8394 -4
1195 6928 -4
4341 8203 -4
4331 4485 -4
468 2066 -4
4327 7211 -4
4326 8448 -4
4326 7272 -4
165 992 -4
1655 6073 -4
4130 8978 -4
4130 7245 -4
1227 1519 -4
1230 6220 -4
4116 7997 -4
544 8176 -4
4114 6807 -4
1656 5852 -4
4150 6607 -4
1652 2694 -4
4109 6276 -4
1238 7062 -4
1241 6106 -4
472 2310 -4
2657 3555 -4
473 6152 -4
548 6028 -4
1198 1460 -4
1170 1526 -4
2626 5855 -4
1205 1806 -4
4221 7075 -4
1206 2275 -4
1206 8819 -4
4202 6777 -4
1634 7525 -4
4190 7578 -4
1211 2943 -4
1214 7215 -4
4188 8684 -4
335 2503 -4
335 1172 -4
1663 1715 -4
1563 6234 -4
2879 3640 -4
301 4325 -4
3377 5319 -4
244 7509 -4
1571 2392 -4
301 949 -4
3369 6020 -4
246 656 -4
3362 7872 -4
3355 3566 -4
3353 7964 -4
1455 8754 -4
3334 8411 -4
1459 6594 -4
1569 1649 -4
3381 7418 -4
1459 9108 -4
1461 4686 -4
2909 3231 -4
255 546 -4
1464 6533 -4
2916 5329 -4
3279 5205 -4
2921 5482 -4
3270 5824 -4
3268 9253 -4
257 3428 -4
1466 3463 -4
1470 3449 -4
258 1535 -4
303 1462 -4
3473 3525 -4
510 1724 -4
236 792 -4
2841 6355 -4
2842 9264 -4
2848 6145 -4
1580 2087 -4
3449 6818 -4
3448 8123 -4
3446 4477 -4
1579 8763 -4
1437 5213 -4
239 313 -4
239 426 -4
3265 5195 -4
1437 7704 -4
1438 6868 -4
240 244 -4
2859 5000 -4
1439 2148 -4
3405 9789 -4
3402 6490 -4
2867 6209 -4
242 488 -4
1577 8478 -4
3390 5776 -4
3386 7827 -4
243 740 -4
3384 8889 -4
279 7939 -4
3137 4853 -4
2950 4074 -4
1542 4665 -4
272 1028 -4
3116 3945 -4
1495 4845 -4
2967 9998 -4
3111 4078 -4
1496 2662 -4
1534 5825 -4
1502 2135 -4
275 3475 -4
3076 3601 -4
2987 4951 -4
271 3519 -4
1528 4825 -4
3057 6575 -4
3056 3335 -4
3055 3710 -4
1527 7876 -4
3050 7703 -4
287 9920 -4
282 4921 -4
3008 3316 -4
3044 7272 -4
3040 8368 -4
3012 3079 -4
286 2360 -4
286 337 -4
3191 8618 -4
3263 4305 -4
260 2252 -4
3251 6490 -4
1559 2209 -4
1474 1786 -4
1556 1823 -4
3220 8920 -4
1554 3237 -4
2931 8243 -4
3211 7195 -4
2932 8152 -4
3208 3522 -4
3198 9311 -4
3195 5508 -4
511 9106 -4
1478 4063 -4
1478 5863 -4
3187 4623 -4
500 5613 -4
1546 4309 -4
3169 9119 -4
3165 4892 -4
293 335 -4
3162 9266 -4
2943 3708 -4
3157 5856 -4
3148 4867 -4
1489 9986 -4
3142 5095 -4
2716 8001 -4
3880 4770 -4
2702 7694 -4
3872 9057 -4
2704 2741 -4
2706 5121 -4
1314 3873 -4
3857 9344 -4
3856 9588 -4
201 4093 -4
3849 6892 -4
3848 9193 -4
3833 4971 -4
3832 6891 -4
320 392 -4
319 4300 -4
198 6713 -4
3814 6899 -4
1619 3259 -4
1320 7580 -4
2719 3929 -4
1328 6802 -4
3790 8792 -4
3787 8525 -4
317 5812 -4
1616 8600 -4
208 5663 -4
3777 4169 -4
478 1633 -4
316 4828 -4
1336 4840 -4
2682 3166 -4
4038 8664 -4
2670 8959 -4
1634 3923 -4
475 2685 -4
190 988 -4
539 719 -4
1269 6590 -4
326 9436 -4
3975 5873 -4
2675 9107 -4
192 1372 -4
1632 2766 -4
1276 9096 -4
1278 5920 -4
3762 9552 -4
195 255 -4
3923 9807 -4
3915 4764 -4
3912 4919 -4
1293 8142 -4
2694 3948 -4
1296 6654 -4
1298 1939 -4
2696 8610 -4
3894 4636 -4
3892 7894 -4
198 317 -4
533 1871 -4
3885 4177 -4
1410 7562 -4
3610 9372 -4
1383 8381 -4
3604 8035 -4
3601 5795 -4
3599 4787 -4
3595 7386 -4
520 1112 -4
3590 8271 -4
3575 4606 -4
1401 3164 -4
1403 3583 -4
3568 8081 -4
3568 4146 -4
308 2277 -4
521 4461 -4
3554 7081 -4
2808 8081 -4
3551 8037 -4
227 8766 -4
3526 6386 -4
1417 5877 -4
2818 8003 -4
515 3545 -4
515 1385 -4
3510 4457 -4
1586 7829 -4
232 4252 -4
3498 4725 -4
233 706 -4
3686 9191 -4
3759 4777 -4
2732 8871 -4
210 5816 -4
3758 8775 -4
314 3177 -4
3736 4238 -4
2740 4430 -4
3729 5620 -4
3728 5893 -4
2741 3584 -4
214 1672 -4
3713 4679 -4
1616 2405 -4
3693 4471 -4
542 3928 -4
1363 5726 -4
2750 8631 -4
217 5156 -4
3683 8584 -4
3681 8788 -4
1366 2917 -4
3660 4425 -4
3656 7020 -4
1375 2011 -4
3649 9919 -4
1378 8069 -4
2780 4773 -4
310 1260 -4
3628 7677 -4
2224 9199 -4
936 1410 -4
5960 8977 -4
5964 8174 -4
75 147 -4
2229 8264 -4
2229 7843 -4
933 7581 -4
6002 7496 -4
415 6211 -4
1886 3396 -4
6026 8665 -4
448 4101 -4
6039 9120 -4
2222 4518 -4
382 8566 -4
2221 9855 -4
7718 7990 -4
2244 8824 -4
5865 9362 -4
940 5744 -4
5899 6399 -4
2235 2675 -4
2233 2700 -4
5904 7546 -4
5920 8608 -4
1808 2473 -4
1806 4408 -4
5941 9550 -4
76 412 -4
936 3898 -4
76 184 -4
2232 4399 -4
1987 8981 -4
901 1342 -4
6145 7236 -4
2201 8493 -4
6182 7095 -4
67 3802 -4
1998 3346 -4
734 9878 -4
66 98 -4
2198 2965 -4
6135 9544 -4
6252 7166 -4
735 9339 -4
900 2669 -4
64 420 -4
6259 9309 -4
6260 7749 -4
7671 9543 -4
727 1620 -4
908 2382 -4
911 5682 -4
732 1300 -4
917 6793 -4
2205 8031 -4
2207 7682 -4
447 2157 -4
2216 9077 -4
927 1883 -4
6080 8556 -4
1884 6205 -4
6074 7695 -4
928 4831 -4
19 1332 -4
414 9277 -4
5608 8482 -4
1889 2936 -4
1976 9648 -4
1977 2667 -4
980 6332 -4
5601 7343 -4
722 7004 -4
1887 4880 -4
7907 8045 -4
90 8574 -4
596 6922 -4
7906 9533 -4
432 7176 -4
7877 9639 -4
5634 7836 -4
5634 9050 -4
1981 6790 -4
597 4320 -4
1772 4445 -4
90 9741 -4
8004 8288 -4
5549 5692 -4
985 3718 -4
2301 4853 -4
2301 8505 -4
2304 3555 -4
989 3906 -4
5526 8871 -4
5525 8072 -4
992 8897 -4
92 3632 -4
997 1412 -4
453 3508 -4
948 9267 -4
5767 7184 -4
5767 7326 -4
5771 9933 -4
958 8064 -4
81 4799 -4
5785 7454 -4
2264 8137 -4
950 989 -4
5752 5778 -4
726 8409 -4
7772 8622 -4
943 9653 -4
2248 2739 -4
603 4105 -4
7751 8615 -4
943 4046 -4
63 6543 -4
5738 8270 -4
2266 4371 -4
725 2213 -4
2269 7119 -4
2271 6984 -4
7834 9252 -4
5681 8907 -4
723 9506 -4
5675 9744 -4
967 6520 -4
968 2548 -4
5665 7527 -4
2277 9048 -4
1790 6360 -4
7861 8542 -4
799 1651 -4
2081 2426 -4
2031 4152 -4
805 6084 -4
2078 6119 -4
41 49 -4
2033 2727 -4
6828 8085 -4
2066 6034 -4
2083 2660 -4
6858 8749 -4
435 3847 -4
6911 7677 -4
761 4599 -4
2065 2917 -4
402 2718 -4
6921 7752 -4
2064 6432 -4
806 7732 -4
758 1840 -4
435 1450 -4
7385 8902 -4
6758 7905 -4
814 9817 -4
6742 8044 -4
2093 6700 -4
6719 8142 -4
818 7038 -4
2095 3781 -4
826 4693 -4
2108 3965 -4
755 1142 -4
6669 8543 -4
2049 7483 -4
784 3362 -4
7095 7797 -4
34 74 -4
7133 8491 -4
7143 9614 -4
32 7633 -4
7167 7807 -4
28 514 -4
7320 7783 -4
435 3348 -4
30 9028 -4
7216 9262 -4
2046 2226 -4
763 6601 -4
765 5453 -4
7271 7392 -4
6657 7630 -4
2059 4425 -4
7034 8813 -4
2036 6804 -4
2060 3304 -4
2036 3696 -4
36 2121 -4
6982 8195 -4
403 1799 -4
6971 9143 -4
2060 8928 -4
797 2442 -4
6952 9536 -4
6949 8663 -4
2063 3057 -4
37 8910 -4
6397 7776 -4
877 8997 -4
7540 9111 -4
1826 7697 -4
875 4701 -4
2164 2584 -4
443 2372 -4
872 3116 -4
7539 8628 -4
879 5847 -4
7526 7660 -4
871 1053 -4
57 124 -4
870 3034 -4
620 6973 -4
56 105 -4
6432 9888 -4
7510 7619 -4
617 5340 -4
7565 9137 -4
6364 6734 -4
6358 8425 -4
1825 4075 -4
6344 9938 -4
6332 6489 -4
7603 8858 -4
2176 2737 -4
6311 6556 -4
1823 4624 -4
740 1665 -4
6296 7277 -4
2177 8026 -4
6283 9510 -4
2117 8625 -4
6540 8933 -4
1835 5873 -4
6591 7024 -4
2019 4843 -4
50 153 -4
7404 8270 -4
6599 6716 -4
6607 7392 -4
6536 8296 -4
2115 9274 -4
7402 8290 -4
6628 7012 -4
832 1110 -4
2026 3876 -4
6646 8696 -4
2112 6387 -4
159 274 -4
851 4524 -4
2130 2709 -4
410 4088 -4
1831 2008 -4
2132 6087 -4
2134 2156 -4
1830 7299 -4
54 605 -4
1830 2349 -4
392 529 -4
54 3444 -4
392 456 -4
2138 6409 -4
869 892 -4
1876 2210 -4
1732 1797 -4
681 2094 -4
2465 8408 -4
4449 6751 -4
576 2133 -4
4841 8925 -4
2465 8706 -4
154 7661 -4
4837 8185 -4
4837 6652 -4
1899 7648 -4
4449 6879 -4
4458 8147 -4
466 1790 -4
560 3818 -4
4445 8261 -4
1092 1901 -4
124 5676 -4
2472 7013 -4
1093 1672 -4
2476 9948 -4
9276 9553 -4
4805 9510 -4
4801 7642 -4
4797 9904 -4
8988 9722 -4
1730 4503 -4
4483 7924 -4
4775 6004 -4
4771 9910 -4
1163 7540 -4
581 2410 -4
8549 9468 -4
2410 3172 -4
4966 9143 -4
430 8423 -4
670 2865 -4
4961 7048 -4
1164 3117 -4
2411 5666 -4
2411 6650 -4
117 699 -4
4436 8003 -4
1947 9275 -4
689 2075 -4
8990 9329 -4
155 399 -4
9450 9772 -4
4922 5250 -4
8658 9121 -4
1077 2180 -4
4913 6395 -4
4437 6186 -4
666 6583 -4
8787 9984 -4
1913 3126 -4
8861 9880 -4
9370 9829 -4
1081 4120 -4
1736 3542 -4
4521 7272 -4
1707 5366 -4
136 1030 -4
1920 5506 -4
4656 9004 -4
2513 3407 -4
2539 3155 -4
2514 5338 -4
1704 8177 -4
4633 5973 -4
676 5867 -4
4630 7589 -4
2517 7756 -4
1919 3899 -4
4618 8196 -4
4667 4678 -4
1919 1988 -4
147 1379 -4
1152 9244 -4
4527 7931 -4
1145 9719 -4
4599 5067 -4
1152 1248 -4
4578 7840 -4
465 495 -4
4573 7966 -4
4565 9805 -4
9259 9928 -4
2537 3616 -4
465 759 -4
1 6485 -4
127 7273 -4
4762 9158 -4
4495 4930 -4
1109 1555 -4
2492 7847 -4
9039 9344 -4
2 14 -4
4744 6763 -4
2502 2701 -4
1127 6996 -4
1708 7760 -4
1160 6046 -4
2542 2845 -4
2507 3256 -4
9514 9700 -4
1129 7197 -4
1708 2936 -4
568 5749 -4
133 1444 -4
4699 5139 -4
4698 5234 -4
4695 5124 -4
4676 9151 -4
2511 6686 -4
4676 5603 -4
4506 4566 -4
1131 9915 -4
1132 3422 -4
2539 6054 -4
8158 9737 -4
8157 9696 -4
5379 9771 -4
99 111 -4
5352 7787 -4
5349 9204 -4
5338 5829 -4
5334 9763 -4
5326 9337 -4
100 627 -4
5321 6196 -4
100 4360 -4
455 6602 -4
101 349 -4
101 651 -4
158 2483 -4
368 3557 -4
5271 9990 -4
5266 9660 -4
5265 6506 -4
1757 9240 -4
8164 9767 -4
8213 9422 -4
1754 4596 -4
709 2966 -4
2352 6965 -4
8297 8872 -4
2407 7999 -4
5229 8081 -4
4419 6888 -4
1771 5075 -4
5502 8988 -4
998 5434 -4
1962 4323 -4
1769 4550 -4
714 7337 -4
999 1909 -4
11 227 -4
10 9345 -4
8049 8585 -4
8134 9011 -4
1000 4832 -4
454 2086 -4
1767 1795 -4
592 690 -4
8307 9176 -4
5455 8004 -4
5454 5955 -4
10 531 -4
5446 9892 -4
1010 4389 -4
8145 9318 -4
97 418 -4
5412 5750 -4
1016 1187 -4
2340 3930 -4
1019 1051 -4
419 2422 -4
5397 9382 -4
5383 7520 -4
7 4227 -4
4424 4744 -4
5111 8359 -4
5106 7454 -4
1754 2303 -4
1061 2302 -4
2384 5762 -4
8463 9205 -4
2387 5209 -4
1062 8745 -4
430 8602 -4
1168 9296 -4
458 5743 -4
8477 9913 -4
5054 7933 -4
5101 6516 -4
703 9133 -4
5045 8187 -4
421 697 -4
2551 5790 -4
2389 6308 -4
2392 5431 -4
5009 5494 -4
1068 4763 -4
4997 6704 -4
2546 5168 -4
4997 5919 -4
2394 6094 -4
2403 5346 -4
2374 2769 -4
8307 9902 -4
1039 4465 -4
104 142 -4
1752 7444 -4
8323 9122 -4
104 4406 -4
5200 5332 -4
419 4164 -4
1046 1315 -4
457 4653 -4
2367 8404 -4
2368 3102 -4
1676 5550 -4
1060 6115 -4
419 5614 -4
109 2061 -4
5128 7093 -4
1917 3065 -4
108 4178 -4
426 5664 -4
1749 5937 -4
1057 6675 -4
2375 9550 -4
1055 7683 -4
2037 6248 -3
485 5103 -3
3016 9009 -3
2041 2207 -3
2898 6666 -3
1560 2189 -3
2035 6390 -3
1915 2156 -3
406 5452 -3
408 1220 -3
2907 7243 -3
2927 2945 -3
2978 5809 -3
2974 6285 -3
1532 6444 -3
1943 4764 -3
1944 4255 -3
1950 3594 -3
2970 4238 -3
1538 3465 -3
1884 5666 -3
1996 6317 -3
1551 3073 -3
490 8988 -3
492 1138 -3
1956 7251 -3
1887 2097 -3
2932 3800 -3
2955 9115 -3
1887 3472 -3
1887 4000 -3
2932 8823 -3
1542 6442 -3
1548 3887 -3
2941 3121 -3
1972 5610 -3
2943 5068 -3
289 315 -3
2909 9748 -3
3006 4549 -3
3001 9104 -3
1918 4942 -3
2029 3373 -3
2917 3466 -3
1919 4525 -3
2998 3944 -3
2023 5853 -3
2019 5256 -3
1528 3295 -3
410 4310 -3
296 5908 -3
2995 6952 -3
1529 4252 -3
2992 4579 -3
2988 4303 -3
1902 3547 -3
411 616 -3
2008 6236 -3
2986 7347 -3
1529 5297 -3
2001 3434 -3
1939 2521 -3
1998 9014 -3
2662 6876 -3
326 7693 -3
2378 2586 -3
2674 8968 -3
1747 6569 -3
475 1291 -3
2671 6971 -3
1634 5155 -3
1747 5070 -3
2668 2749 -3
2667 2755 -3
1752 2435 -3
2410 5650 -3
1747 4724 -3
2660 9402 -3
473 940 -3
2412 5396 -3
2421 5948 -3
2428 7240 -3
331 384 -3
1745 9618 -3
2434 5259 -3
2702 3884 -3
318 8892 -3
1622 2634 -3
2710 9981 -3
2311 9554 -3
2314 2714 -3
2709 4055 -3
2314 6098 -3
2707 5623 -3
1627 7193 -3
370 4897 -3
1741 2848 -3
2701 4855 -3
2699 6791 -3
476 2726 -3
1629 7987 -3
2349 9879 -3
2352 6418 -3
2352 9787 -3
1631 1785 -3
2356 2765 -3
366 1482 -3
1673 2645 -3
2511 6934 -3
2612 4471 -3
2514 5151 -3
2610 6328 -3
1704 5397 -3
1703 7934 -3
1698 6369 -3
2528 6281 -3
1695 4380 -3
1693 4083 -3
1663 3776 -3
467 6122 -3
1673 4308 -3
2579 4447 -3
1674 8695 -3
2565 6271 -3
1682 4994 -3
2560 6046 -3
340 1457 -3
2555 5745 -3
2556 7055 -3
2467 4205 -3
1739 9450 -3
2449 2578 -3
459 3687 -3
2459 2745 -3
2464 4272 -3
2464 6672 -3
1734 4479 -3
2648 9573 -3
2634 6808 -3
1732 9938 -3
2722 5915 -3
1656 8623 -3
1657 3977 -3
460 6964 -3
1659 6936 -3
2491 4366 -3
1663 2519 -3
1708 8875 -3
2500 7269 -3
349 3450 -3
1831 3710 -3
2085 6185 -3
2092 3404 -3
1845 8757 -3
1844 2013 -3
2851 6634 -3
2116 6327 -3
2118 3802 -3
2119 9486 -3
2121 2862 -3
483 1048 -3
398 1951 -3
1585 6325 -3
2829 5720 -3
1828 4255 -3
1827 2203 -3
391 603 -3
391 552 -3
2166 5784 -3
2166 5830 -3
2815 3300 -3
2812 3505 -3
2889 7584 -3
2892 6280 -3
2046 2051 -3
2892 4186 -3
485 1899 -3
2891 6300 -3
2051 7896 -3
2051 9764 -3
403 5975 -3
1569 7481 -3
2059 8222 -3
2177 5519 -3
2885 7951 -3
1572 7557 -3
2870 8808 -3
2066 6622 -3
2066 7069 -3
2869 3451 -3
1858 8426 -3
1854 8442 -3
2860 3191 -3
1854 8238 -3
1782 5140 -3
1798 6473 -3
1797 6706 -3
1616 3223 -3
2251 5638 -3
2266 9073 -3
2267 4681 -3
452 2449 -3
2276 3328 -3
2731 9381 -3
2730 9638 -3
2744 5219 -3
2293 8437 -3
478 3489 -3
478 1757 -3
2726 5014 -3
374 548 -3
1772 4730 -3
2723 7301 -3
2723 2901 -3
453 1431 -3
2297 6542 -3
2780 9609 -3
2806 4015 -3
2181 8783 -3
445 2437 -3
1816 5306 -3
2795 7152 -3
386 982 -3
1815 9644 -3
2216 9145 -3
2217 6915 -3
1600 2230 -3
2042 2954 -3
383 1608 -3
2775 5436 -3
2226 2426 -3
1610 8347 -3
1614 3923 -3
2756 3868 -3
2755 4895 -3
313 798 -3
378 9519 -3
579 5562 -3
1079 2876 -3
4919 5599 -3
578 5130 -3
119 296 -3
118 6321 -3
4923 6892 -3
4925 6861 -3
4936 5730 -3
7250 7827 -3
4942 5572 -3
7239 9510 -3
4960 6856 -3
7238 7340 -3
1070 3600 -3
1070 1273 -3
4967 5768 -3
4985 5376 -3
123 2356 -3
573 619 -3
759 9423 -3
640 2785 -3
4780 8420 -3
7306 8031 -3
124 5828 -3
1088 9417 -3
4828 9744 -3
4987 9683 -3
4857 8475 -3
1087 1530 -3
122 204 -3
4869 9942 -3
4875 5525 -3
4877 6378 -3
4891 6157 -3
7273 9869 -3
5200 6637 -3
1056 4976 -3
5150 8657 -3
1051 3554 -3
5153 6750 -3
1049 6338 -3
1047 4306 -3
586 8167 -3
105 9384 -3
585 1144 -3
1044 3338 -3
5220 6471 -3
776 2032 -3
779 790 -3
5229 5570 -3
5233 8170 -3
5236 6129 -3
5237 5669 -3
5096 7499 -3
1068 6751 -3
636 2146 -3
1066 9571 -3
5032 6185 -3
5053 7596 -3
5067 7922 -3
5083 7816 -3
5090 7504 -3
4766 7478 -3
5099 9371 -3
5103 5749 -3
5115 9624 -3
5120 5582 -3
108 2796 -3
1058 5598 -3
1057 3684 -3
156 633 -3
4409 8118 -3
557 1257 -3
744 905 -3
4418 9108 -3
558 678 -3
7556 9502 -3
1166 7767 -3
1166 2832 -3
21 8860 -3
4433 8436 -3
646 717 -3
4486 7397 -3
150 3185 -3
149 155 -3
4506 6458 -3
1153 1947 -3
4527 5150 -3
4354 6563 -3
1182 9988 -3
4327 9613 -3
4329 5696 -3
4330 6368 -3
4331 9316 -3
4344 9806 -3
4346 5715 -3
7610 9216 -3
146 1523 -3
4360 9899 -3
1176 7455 -3
21 3286 -3
4371 6226 -3
4380 5622 -3
4380 6693 -3
4388 9096 -3
569 3202 -3
4671 5038 -3
4676 7162 -3
4677 5093 -3
1129 8945 -3
4705 9027 -3
7403 7550 -3
4723 8248 -3
751 830 -3
1133 1946 -3
4744 5013 -3
756 1017 -3
1110 1930 -3
4752 9577 -3
757 5748 -3
7373 7808 -3
758 9175 -3
759 7344 -3
7430 8713 -3
4532 8112 -3
4533 6017 -3
4562 9251 -3
7450 7938 -3
4587 4984 -3
141 7238 -3
4610 9441 -3
565 808 -3
5240 5552 -3
4625 4651 -3
1136 5164 -3
566 2034 -3
4639 6703 -3
749 6052 -3
4662 9133 -3
4666 5138 -3
900 7468 -3
6208 7628 -3
902 2193 -3
614 797 -3
6225 8856 -3
6225 9133 -3
65 450 -3
41 7232 -3
812 1904 -3
6762 9607 -3
6264 9006 -3
812 5759 -3
6721 9052 -3
63 365 -3
43 2425 -3
62 6630 -3
616 7558 -3
61 5389 -3
6783 7953 -3
6045 9587 -3
6047 8337 -3
608 1336 -3
805 1980 -3
71 314 -3
71 241 -3
70 1940 -3
41 77 -3
889 1330 -3
6090 9850 -3
6093 8427 -3
609 6994 -3
919 7283 -3
41 490 -3
908 3517 -3
41 3271 -3
805 7076 -3
6591 7209 -3
53 2449 -3
864 4149 -3
6678 9574 -3
855 3735 -3
6677 8741 -3
6556 7024 -3
6559 8338 -3
50 5798 -3
6684 9678 -3
6592 9258 -3
830 1686 -3
6646 7063 -3
6613 7422 -3
6617 6814 -3
839 4560 -3
6628 8881 -3
6633 9513 -3
6407 9424 -3
60 159 -3
6365 7291 -3
618 5626 -3
6390 7984 -3
58 7828 -3
58 156 -3
6712 9959 -3
871 4738 -3
72 1506 -3
6418 8613 -3
627 3546 -3
868 5604 -3
6451 8345 -3
6460 8361 -3
6467 8193 -3
6699 7494 -3
791 9847 -3
5487 8001 -3
5489 6023 -3
5504 7934 -3
93 8278 -3
996 8591 -3
593 3474 -3
988 6628 -3
987 6479 -3
5480 6011 -3
5547 7304 -3
5566 5738 -3
5571 8060 -3
981 2127 -3
5606 8516 -3
5617 6007 -3
794 7661 -3
5628 8668 -3
5420 7463 -3
33 2606 -3
1024 4747 -3
7106 9182 -3
5280 9796 -3
100 6665 -3
5324 8615 -3
590 1328 -3
97 6728 -3
87 103 -3
781 2159 -3
591 8168 -3
5460 9664 -3
95 1721 -3
1006 5526 -3
7086 8053 -3
5477 8046 -3
6829 8811 -3
5812 9655 -3
5817 6052 -3
6920 7442 -3
604 2177 -3
941 2039 -3
5889 8549 -3
5899 7246 -3
6859 7588 -3
5810 9681 -3
5926 8662 -3
76 183 -3
5970 8588 -3
607 838 -3
6801 7258 -3
6032 6151 -3
73 877 -3
6041 6610 -3
797 6445 -3
974 1317 -3
5652 8694 -3
5665 7410 -3
6964 9645 -3
965 7427 -3
5695 8168 -3
965 1393 -3
5702 8154 -3
160 5471 -3
600 6654 -3
5725 7320 -3
963 7802 -3
6930 7126 -3
947 6406 -3
6920 8486 -3
944 2009 -3
3441 9425 -3
660 8243 -3
1442 2075 -3
3401 9054 -3
1439 7511 -3
3410 3494 -3
3418 6427 -3
3430 4999 -3
3434 3831 -3
242 3779 -3
1435 2777 -3
3453 5147 -3
8555 9453 -3
8541 9576 -3
3458 5380 -3
3459 7165 -3
3463 4628 -3
1429 9435 -3
1445 6785 -3
251 568 -3
3323 4173 -3
3323 9975 -3
3325 9507 -3
3348 4030 -3
3358 5253 -3
661 8563 -3
1448 6959 -3
3478 9530 -3
3368 8593 -3
8615 9550 -3
245 1655 -3
3373 8251 -3
3377 6096 -3
1445 3496 -3
3383 9547 -3
243 647 -3
3616 4102 -3
3566 6973 -3
8157 8845 -3
3566 8171 -3
1398 8597 -3
8080 8127 -3
1393 7250 -3
8041 9948 -3
168 316 -3
3565 9535 -3
8009 8942 -3
3625 8968 -3
3632 4725 -3
3634 6316 -3
8004 9764 -3
3644 3790 -3
3670 8265 -3
218 1662 -3
3515 5364 -3
3488 9345 -3
659 1326 -3
3499 5134 -3
8466 9918 -3
3502 4218 -3
1421 5610 -3
8402 9406 -3
3506 9770 -3
682 766 -3
3522 6008 -3
3523 7527 -3
8338 9695 -3
3533 7819 -3
656 5856 -3
3548 7393 -3
3552 6647 -3
517 5584 -3
9092 9777 -3
9907 9958 -3
278 4151 -3
1509 2563 -3
3089 4851 -3
3091 4448 -3
666 1275 -3
9166 9184 -3
1497 6375 -3
1511 1586 -3
1495 9181 -3
9084 9874 -3
3123 4071 -3
9026 9885 -3
3131 3762 -3
3134 8389 -3
8995 9452 -3
3151 4414 -3
3046 7112 -3
1524 2901 -3
284 6914 -3
1523 4401 -3
1522 3470 -3
1521 1760 -3
3036 8442 -3
283 2557 -3
1519 2499 -3
269 1918 -3
3048 3464 -3
1518 6148 -3
3057 5229 -3
0 1 -3
3064 3743 -3
1513 2154 -3
3065 8714 -3
3068 7029 -3
253 9894 -3
502 4457 -3
3274 5737 -3
1465 3016 -3
8853 9578 -3
1465 2181 -3
1463 3046 -3
3290 7958 -3
3292 6261 -3
3229 4787 -3
3296 5985 -3
3296 7523 -3
252 6036 -3
3301 5600 -3
681 9566 -3
3308 7914 -3
3308 9902 -3
1458 7295 -3
3193 6059 -3
1485 8863 -3
665 2194 -3
8955 9221 -3
1479 6292 -3
3182 7658 -3
8952 9019 -3
3182 9680 -3
8911 9448 -3
3604 4437 -3
1476 9893 -3
3209 4286 -3
3211 7425 -3
263 7864 -3
1475 3216 -3
681 4229 -3
3217 5005 -3
539 9077 -3
3950 5626 -3
3958 4145 -3
1274 4559 -3
191 3179 -3
3992 6352 -3
4003 6644 -3
1269 3415 -3
1262 9106 -3
3935 4593 -3
7716 9250 -3
1261 1604 -3
731 833 -3
7714 8080 -3
19 308 -3
4034 8764 -3
1257 4249 -3
1301 3518 -3
3852 7605 -3
3855 8772 -3
532 2494 -3
1313 6540 -3
1312 1775 -3
3876 5973 -3
3882 5657 -3
1309 8514 -3
4038 6614 -3
1296 3154 -3
654 3569 -3
3904 3955 -3
196 1783 -3
3919 8055 -3
727 3603 -3
1282 4159 -3
4184 5799 -3
4112 6015 -3
1226 1952 -3
4146 9477 -3
177 209 -3
7688 9832 -3
7688 7889 -3
4171 8106 -3
4178 9525 -3
1234 1614 -3
4187 4557 -3
1205 3071 -3
1204 4485 -3
4227 9751 -3
551 3650 -3
4256 4454 -3
4288 6728 -3
1245 7574 -3
187 3598 -3
4056 8504 -3
4066 8977 -3
1251 2939 -3
4069 9240 -3
4078 8051 -3
1249 5696 -3
4085 4310 -3
725 9173 -3
7701 8255 -3
1245 4763 -3
1243 3363 -3
4108 9871 -3
19 4218 -3
544 5148 -3
4111 5509 -3
3745 5071 -3
208 1741 -3
1332 3450 -3
3779 9447 -3
3779 7154 -3
1333 9031 -3
1335 7413 -3
7920 8171 -3
3766 8843 -3
3765 4487 -3
3763 8937 -3
1339 3357 -3
1341 7085 -3
211 1058 -3
7955 9661 -3
1348 8837 -3
210 598 -3
1359 3857 -3
3727 4347 -3
1359 9756 -3
3713 9810 -3
3713 5475 -3
3713 4341 -3
1362 1942 -3
3707 9285 -3
3706 8470 -3
7956 9522 -3
217 2284 -3
524 6917 -3
217 7118 -3
1364 3035 -3
3682 5106 -3
7916 9917 -3
1314 7765 -3
7900 9241 -3
1318 2489 -3
203 6264 -3
3826 8063 -3
3824 7855 -3
1318 8965 -3
7903 9298 -3
1322 8793 -3
207 1847 -3
1331 3602 -3
206 2931 -3
206 7782 -3
493 1834 -2
1862 4021 -2
666 2274 -2
673 3938 -2
769 1150 -2
437 4464 -2
770 5359 -2
634 6633 -2
779 9405 -2
827 1004 -2
2966 3736 -2
1883 4326 -2
766 3926 -2
640 2388 -2
742 2524 -2
731 5070 -2
828 1170 -2
655 4308 -2
785 9946 -2
762 2831 -2
431 1966 -2
798 3319 -2
735 9965 -2
774 4977 -2
648 1936 -2
1841 4332 -2
717 7543 -2
737 840 -2
1882 4188 -2
731 1174 -2
749 3453 -2
770 2273 -2
707 5490 -2
1861 6197 -2
747 9101 -2
654 4426 -2
1875 3418 -2
1896 3005 -2
807 9825 -2
803 7376 -2
1890 5890 -2
644 9814 -2
432 2076 -2
803 4400 -2
1904 4527 -2
681 3344 -2
747 897 -2
676 9907 -2
796 4839 -2
821 8107 -2
432 1471 -2
746 7744 -2
1876 4702 -2
632 2509 -2
823 4827 -2
1872 2398 -2
705 2169 -2
633 7071 -2
804 4567 -2
700 709 -2
1320 1414 -2
1634 5164 -2
1258 5695 -2
1259 1654 -2
540 3349 -2
540 1057 -2
1630 2799 -2
1283 2131 -2
1294 5022 -2
1625 7780 -2
530 6023 -2
1640 6375 -2
1331 2068 -2
1336 2568 -2
1346 6697 -2
1347 9075 -2
1349 5687 -2
525 3989 -2
1615 9059 -2
1364 4568 -2
479 9083 -2
554 1169 -2
1153 1627 -2
1689 2161 -2
1685 6195 -2
560 2847 -2
1163 2481 -2
1168 2544 -2
1675 6204 -2
1173 8109 -2
1675 2259 -2
1175 6721 -2
1376 1442 -2
552 864 -2
1191 2934 -2
551 3971 -2
1665 3188 -2
546 7355 -2
1224 2409 -2
1658 4764 -2
1227 5304 -2
1234 7491 -2
1493 4570 -2
503 3348 -2
1553 4513 -2
488 927 -2
1548 8233 -2
1548 5672 -2
1479 9014 -2
1484 7423 -2
1487 6096 -2
1487 6885 -2
1490 4815 -2
504 2235 -2
1493 7824 -2
496 3082 -2
1499 1740 -2
1502 3417 -2
1502 7270 -2
1504 9679 -2
1510 3931 -2
1514 4117 -2
1515 7836 -2
1422 9883 -2
1377 5845 -2
1382 9953 -2
1388 2657 -2
1398 3745 -2
1595 6117 -2
517 2839 -2
1415 8448 -2
515 7889 -2
1421 3239 -2
513 3451 -2
1692 7640 -2
512 1387 -2
1434 1784 -2
1580 8413 -2
507 2472 -2
1443 4137 -2
1576 8105 -2
1569 8495 -2
1450 4232 -2
485 2356 -2
939 7827 -2
906 4668 -2
917 2839 -2
1815 6304 -2
1813 5218 -2
928 6029 -2
447 9483 -2
608 1086 -2
929 7627 -2
1806 7626 -2
935 2772 -2
446 7022 -2
1804 9777 -2
1803 2583 -2
943 8831 -2
1794 7863 -2
952 2616 -2
964 2957 -2
1793 2483 -2
966 1401 -2
1789 5005 -2
873 9944 -2
845 2780 -2
847 4149 -2
853 3258 -2
1831 6655 -2
856 1286 -2
865 9066 -2
866 1620 -2
441 7457 -2
622 3771 -2
870 891 -2
976 3542 -2
884 939 -2
891 1780 -2
892 9382 -2
897 5258 -2
1823 4004 -2
900 8958 -2
1818 9443 -2
900 9773 -2
905 7265 -2
1100 4815 -2
576 2158 -2
1088 2225 -2
1095 2188 -2
574 604 -2
1095 8971 -2
1096 2245 -2
1096 8239 -2
1099 7594 -2
461 9812 -2
1718 2607 -2
1081 1231 -2
1109 2525 -2
1125 9311 -2
1129 1356 -2
1708 3437 -2
1134 1427 -2
1136 7110 -2
564 4194 -2
1146 6145 -2
1148 1181 -2
1752 9276 -2
977 9121 -2
983 2001 -2
986 4829 -2
592 1039 -2
1010 4157 -2
1024 1338 -2
1025 1558 -2
1026 5152 -2
1030 1151 -2
842 2923 -2
588 648 -2
1046 7657 -2
1068 5891 -2
1070 7780 -2
1072 6776 -2
1745 5245 -2
1078 4593 -2
459 2459 -2
1079 4938 -2
4315 8426 -2
4161 7082 -2
4167 8453 -2
4190 6715 -2
175 408 -2
4228 8671 -2
4229 5074 -2
4230 8332 -2
4271 6110 -2
4274 6258 -2
4277 6465 -2
4288 8705 -2
4147 6194 -2
4320 6870 -2
164 5465 -2
4346 8801 -2
4355 7024 -2
4363 4765 -2
4407 5461 -2
4409 9080 -2
4413 7717 -2
4423 4886 -2
4432 8938 -2
4100 5836 -2
189 4691 -2
4015 7017 -2
4022 6515 -2
4023 6040 -2
4028 5133 -2
4038 5954 -2
184 2374 -2
184 612 -2
183 3912 -2
4092 7362 -2
4094 4095 -2
4484 6526 -2
4101 9658 -2
181 8293 -2
4104 4193 -2
4104 7137 -2
4109 7416 -2
4110 8670 -2
4112 4407 -2
4116 8755 -2
4123 5471 -2
4127 6999 -2
121 158 -2
4777 6130 -2
4779 8860 -2
4794 8050 -2
4816 9574 -2
4823 6431 -2
4823 8001 -2
4857 7567 -2
4860 6121 -2
4869 9959 -2
4873 9046 -2
4877 8763 -2
4775 7006 -2
4906 5863 -2
4908 4917 -2
4920 6733 -2
117 3530 -2
4946 5188 -2
4953 7401 -2
117 728 -2
117 139 -2
4964 6347 -2
4966 7934 -2
4622 6559 -2
4496 6290 -2
4500 6806 -2
4501 5042 -2
4507 6932 -2
4524 9507 -2
4527 9360 -2
4546 5334 -2
4552 8963 -2
4582 5563 -2
4599 6276 -2
140 8527 -2
4003 6671 -2
4624 6124 -2
4638 7188 -2
4649 5979 -2
136 9883 -2
4704 8068 -2
4708 8496 -2
4730 8723 -2
129 8872 -2
4759 6624 -2
4761 9231 -2
3406 8717 -2
3314 5510 -2
3339 5813 -2
249 737 -2
248 524 -2
3362 3590 -2
3366 5264 -2
3392 3434 -2
3398 8964 -2
3400 6769 -2
241 610 -2
240 4981 -2
251 4778 -2
3409 7777 -2
3422 3987 -2
3425 7637 -2
3437 4238 -2
3446 7131 -2
3458 4058 -2
232 4327 -2
232 333 -2
3506 4640 -2
3510 6511 -2
3209 3730 -2
3150 5167 -2
3151 9016 -2
3163 7169 -2
3163 8070 -2
3171 4871 -2
3173 5400 -2
3178 6164 -2
3189 8927 -2
3189 9042 -2
3201 7977 -2
3202 6393 -2
3515 5122 -2
262 3564 -2
3236 9494 -2
3255 6644 -2
259 712 -2
3276 5658 -2
3283 3467 -2
256 703 -2
3290 5256 -2
3293 9270 -2
3299 9420 -2
3864 6613 -2
3735 9850 -2
3743 4217 -2
212 385 -2
3759 4188 -2
3763 9077 -2
3772 3826 -2
208 8047 -2
3787 6748 -2
3823 8451 -2
203 1748 -2
3834 6423 -2
3729 9865 -2
3869 7403 -2
3873 8710 -2
197 479 -2
3897 9504 -2
197 232 -2
3903 6242 -2
3919 7869 -2
3923 8165 -2
3944 6000 -2
3973 4477 -2
220 5032 -2
3520 4018 -2
3526 9709 -2
3556 4384 -2
225 1221 -2
225 402 -2
3571 8242 -2
3573 7486 -2
223 1640 -2
3592 8732 -2
3603 7270 -2
3623 9816 -2
4972 9794 -2
3635 4879 -2
3647 8969 -2
3650 9638 -2
3658 4937 -2
3676 5038 -2
3684 5183 -2
217 1197 -2
3690 9521 -2
215 6657 -2
215 1759 -2
35 831 -2
6744 8895 -2
6795 8254 -2
6798 8358 -2
6812 9955 -2
40 1909 -2
6855 9184 -2
6933 6943 -2
6955 8317 -2
6967 9669 -2
7016 9956 -2
35 2795 -2
6737 9557 -2
7046 7437 -2
7098 8036 -2
7137 8859 -2
7144 7762 -2
7182 8490 -2
7186 7366 -2
31 225 -2
7244 9828 -2
29 1995 -2
7303 8576 -2
6512 9423 -2
58 61 -2
6395 7036 -2
57 5580 -2
57 222 -2
6419 6969 -2
6447 6500 -2
55 150 -2
6457 7374 -2
6476 9379 -2
53 4342 -2
6501 6699 -2
28 3516 -2
6537 8381 -2
6598 9703 -2
6614 7987 -2
6644 7841 -2
6666 8303 -2
6688 9646 -2
6700 8762 -2
6717 8600 -2
44 190 -2
44 79 -2
8599 9092 -2
8006 9212 -2
8119 8576 -2
9 7192 -2
8232 9893 -2
8349 9485 -2
8436 9973 -2
8437 9186 -2
8490 9173 -2
8521 8830 -2
8593 8615 -2
6 96 -2
7925 9294 -2
5 1279 -2
8785 9623 -2
8863 9467 -2
8869 9476 -2
8881 9909 -2
8914 9677 -2
2 5169 -2
9020 9065 -2
9170 9465 -2
9680 9948 -2
7591 7778 -2
7305 9333 -2
7334 9920 -2
7367 9395 -2
7389 7653 -2
7394 8369 -2
7422 7874 -2
7424 9197 -2
7446 8444 -2
7453 7603 -2
7470 8276 -2
7483 9851 -2
6393 6737 -2
7610 7811 -2
7653 8701 -2
7682 8507 -2
20 117 -2
19 5181 -2
7711 9242 -2
7784 8710 -2
7788 9593 -2
7866 8725 -2
7904 8894 -2
5501 8872 -2
5347 5760 -2
5371 6262 -2
5375 7505 -2
5390 7496 -2
5400 6255 -2
5407 8581 -2
5433 6118 -2
5457 6038 -2
5457 6610 -2
5461 8924 -2
94 4444 -2
5310 6024 -2
5516 8479 -2
5520 9686 -2
91 8220 -2
5532 9923 -2
5533 7213 -2
5534 7671 -2
5538 8401 -2
91 469 -2
5543 8666 -2
5569 8038 -2
5161 6951 -2
4992 7996 -2
4999 8485 -2
5014 5437 -2
5094 9686 -2
110 9472 -2
5126 8484 -2
5131 5944 -2
5137 6816 -2
5139 7939 -2
5143 9175 -2
5156 9781 -2
5583 6648 -2
5183 5492 -2
5183 6601 -2
5208 7547 -2
5210 8319 -2
103 3672 -2
103 1964 -2
5240 7006 -2
5249 6698 -2
5250 5575 -2
5296 6133 -2
6251 6817 -2
5958 6725 -2
5975 8181 -2
6067 7143 -2
6070 9432 -2
71 722 -2
69 4201 -2
6122 7635 -2
68 8202 -2
6135 6195 -2
6210 8503 -2
6220 8478 -2
5951 6245 -2
6258 8945 -2
6265 9683 -2
6273 7587 -2
6294 7430 -2
6309 7516 -2
6313 8022 -2
6351 7351 -2
6366 7229 -2
6379 9804 -2
59 86 -2
81 93 -2
89 3127 -2
5611 8504 -2
5618 7937 -2
87 328 -2
5638 7893 -2
5668 7746 -2
85 1430 -2
5702 7308 -2
5705 7225 -2
5712 9357 -2
5786 9904 -2
1917 3101 -2
5813 8056 -2
79 2443 -2
79 1343 -2
5835 9206 -2
79 229 -2
5868 7235 -2
77 4760 -2
77 865 -2
5930 7750 -2
5939 8806 -2
2565 4127 -2
2067 9180 -2
2555 2618 -2
304 2791 -2
2077 8689 -2
2260 3285 -2
305 4911 -2
2080 9435 -2
2252 2288 -2
2098 4535 -2
2248 6834 -2
2561 8803 -2
2820 8912 -2
2099 2456 -2
2545 6103 -2
307 2666 -2
2233 7948 -2
2818 4823 -2
2099 3122 -2
2108 4016 -2
2565 8069 -2
2112 2377 -2
2801 8153 -2
2573 9049 -2
2112 3524 -2
2113 3209 -2
2577 5813 -2
2537 8952 -2
2931 8802 -2
2297 3975 -2
345 2669 -2
345 2212 -2
1998 7823 -2
2923 7677 -2
345 634 -2
2297 2502 -2
2007 2376 -2
2008 2368 -2
2015 7466 -2
2904 5412 -2
2016 3318 -2
2580 8779 -2
2892 3411 -2
344 684 -2
301 834 -2
301 2192 -2
2027 4892 -2
342 1345 -2
2030 9834 -2
2041 5445 -2
2853 9008 -2
2043 3767 -2
2544 7657 -2
2065 7101 -2
2206 2725 -2
2223 3815 -2
382 5577 -2
2689 3155 -2
2685 3831 -2
2683 6665 -2
2138 3628 -2
384 3557 -2
2672 3262 -2
2670 7067 -2
2157 7730 -2
384 4094 -2
2211 3153 -2
2170 3562 -2
2632 7099 -2
389 721 -2
2660 9987 -2
2660 4486 -2
334 4012 -2
333 8843 -2
387 829 -2
2659 4221 -2
2191 6621 -2
387 1377 -2
2655 9476 -2
2655 8612 -2
2653 3492 -2
2129 6766 -2
2781 4731 -2
338 424 -2
395 5522 -2
2587 4592 -2
2591 5369 -2
2767 6700 -2
2760 4278 -2
2115 9247 -2
2233 3198 -2
2127 4864 -2
2750 9815 -2
336 909 -2
2745 5482 -2
2877 9038 -2
2227 5483 -2
313 7669 -2
2729 4641 -2
2617 3452 -2
317 4254 -2
2629 3947 -2
2717 4615 -2
392 7392 -2
320 7133 -2
2707 4855 -2
392 1748 -2
2695 9626 -2
3020 8349 -2
3062 7192 -2
422 6674 -2
2477 3901 -2
3055 3206 -2
365 5438 -2
3045 3599 -2
351 4472 -2
1947 4505 -2
2362 2638 -2
2485 4422 -2
1954 9475 -2
3028 9000 -2
2522 7232 -2
2362 3017 -2
1960 3953 -2
2999 6314 -2
2345 6737 -2
2342 8000 -2
418 844 -2
2486 8226 -2
2982 8301 -2
2979 6499 -2
2490 9972 -2
1967 2224 -2
2339 6088 -2
1969 5052 -2
3101 8744 -2
2411 4818 -2
427 2362 -2
2387 6276 -2
2431 7966 -2
3128 6638 -2
3124 6192 -2
2384 8291 -2
2456 3329 -2
3115 8281 -2
3114 4377 -2
3105 5108 -2
2463 9093 -2
3026 9982 -2
3099 5930 -2
1923 4908 -2
3092 7535 -2
2465 5360 -2
424 991 -2
1933 1973 -2
3085 6181 -2
2467 2816 -2
3073 6899 -2
2471 3435 -2
2366 5123 -2
3064 6913 -2
2298 3839 -2
2309 2882 -2
1984 7972 -2
2308 2969 -2
2507 7453 -2
349 1541 -2
2948 5549 -2
2512 4583 -2
2515 5559 -2
1979 5232 -2
416 5952 -2
1990 2595 -2
2495 6244 -2
2307 8667 -2
2968 9883 -2
1974 3792 -2
1995 8378 -2
291 1466 -2
414 5397 -2
291 2404 -2
5463 9626 -1
6173 6525 -1
5636 9165 -1
5457 9558 -1
1816 8023 -1
6138 6209 -1
1012 5913 -1
2367 3932 -1
5733 6185 -1
963 1961 -1
5409 6715 -1
5475 8613 -1
1002 3834 -1
1784 6041 -1
5756 6627 -1
969 9406 -1
909 5434 -1
1001 2285 -1
960 2688 -1
5669 9940 -1
1807 1887 -1
6249 7606 -1
5453 7804 -1
2382 4413 -1
5654 5805 -1
896 1438 -1
5676 9720 -1
894 7069 -1
2205 3778 -1
900 1131 -1
2295 2598 -1
6257 6754 -1
2291 6739 -1
6173 7698 -1
974 8365 -1
2375 5055 -1
2203 5519 -1
6230 8263 -1
5457 7932 -1
5665 6935 -1
6218 9882 -1
2221 8101 -1
902 6964 -1
6173 9574 -1
2327 8019 -1
5833 7572 -1
2350 5882 -1
2347 9303 -1
2277 3544 -1
5596 6990 -1
5534 9859 -1
932 2141 -1
6002 7439 -1
1791 7414 -1
2273 5243 -1
2269 5406 -1
5966 6034 -1
6019 7199 -1
5841 6906 -1
2245 5934 -1
982 2375 -1
1762 5478 -1
2331 8586 -1
1795 6420 -1
5588 8083 -1
979 9697 -1
1794 3365 -1
2267 9097 -1
978 8564 -1
978 4197 -1
5797 7096 -1
6108 9258 -1
5784 6794 -1
5865 9794 -1
6107 9463 -1
6107 7506 -1
6102 8578 -1
2287 9802 -1
6082 7361 -1
5504 9582 -1
2130 7264 -1
5792 6125 -1
2232 4666 -1
6114 7113 -1
2315 3204 -1
5517 6512 -1
6067 8639 -1
928 7648 -1
1804 7212 -1
5799 7834 -1
5806 8171 -1
2357 7606 -1
2282 5508 -1
2355 3549 -1
6024 7004 -1
5602 5772 -1
7723 9098 -1
7656 7786 -1
7668 7917 -1
735 6730 -1
7687 8309 -1
1987 2692 -1
733 1873 -1
7693 9263 -1
1986 7922 -1
7716 8430 -1
729 9086 -1
7646 9558 -1
7726 8129 -1
7821 8676 -1
7839 8522 -1
1971 4663 -1
7908 9778 -1
7913 9991 -1
7921 8154 -1
1970 6783 -1
7965 8283 -1
2004 3601 -1
758 8276 -1
2027 4576 -1
2021 8406 -1
7392 8004 -1
755 6524 -1
2016 7265 -1
7400 7792 -1
7400 9371 -1
7462 7676 -1
747 3822 -1
7975 8677 -1
7472 8823 -1
7528 9179 -1
7529 8946 -1
7567 9549 -1
7576 9918 -1
742 2837 -1
1996 6847 -1
741 6408 -1
7639 9671 -1
9149 9879 -1
8703 9259 -1
683 3625 -1
682 2418 -1
1897 9737 -1
1898 9021 -1
1932 2593 -1
680 3781 -1
1927 9061 -1
1910 9547 -1
676 7051 -1
8656 9145 -1
1922 6088 -1
673 7591 -1
9232 9566 -1
9378 9415 -1
672 8166 -1
9409 9429 -1
9513 9530 -1
670 907 -1
667 1827 -1
702 6564 -1
8013 8835 -1
8098 9900 -1
1892 2017 -1
710 4031 -1
8261 9822 -1
707 7057 -1
1965 3073 -1
1959 2570 -1
8467 8686 -1
1953 9099 -1
7367 9190 -1
702 5858 -1
8558 9685 -1
695 6472 -1
689 3729 -1
8594 9616 -1
1942 2871 -1
689 818 -1
8619 8860 -1
684 9382 -1
1069 9338 -1
1829 8553 -1
6493 6666 -1
6509 7737 -1
2135 4322 -1
6530 8798 -1
6536 7449 -1
6595 6819 -1
2130 9433 -1
839 9629 -1
6617 9491 -1
2154 3165 -1
831 9936 -1
6648 8169 -1
1832 6547 -1
6670 6735 -1
1834 5756 -1
6706 7437 -1
825 1851 -1
822 8698 -1
821 9027 -1
2167 4540 -1
887 3992 -1
886 7618 -1
6371 9475 -1
6372 6964 -1
1820 2577 -1
6381 6556 -1
6385 7875 -1
2187 9265 -1
2178 9743 -1
2176 6949 -1
2114 5048 -1
2164 6749 -1
6427 9296 -1
6428 9393 -1
2158 4850 -1
867 7065 -1
6455 9876 -1
2156 3501 -1
866 9121 -1
6457 7831 -1
771 1134 -1
1857 6512 -1
7072 8571 -1
7095 8983 -1
1858 6561 -1
2074 3899 -1
7174 8199 -1
2072 4454 -1
7193 8857 -1
7197 8298 -1
773 5049 -1
2083 4598 -1
2046 7883 -1
7285 9553 -1
1866 5324 -1
7308 9017 -1
7324 8936 -1
7325 9243 -1
7333 8869 -1
7361 8341 -1
7365 7701 -1
804 2924 -1
1839 3381 -1
817 6335 -1
816 1355 -1
6743 7149 -1
6748 7939 -1
6762 8115 -1
6764 8467 -1
6768 7142 -1
6776 8717 -1
6358 7494 -1
6818 7638 -1
800 4526 -1
1847 3498 -1
6949 7095 -1
1853 9241 -1
796 9121 -1
6974 9946 -1
6982 8735 -1
7004 9506 -1
2869 8753 -1
1358 9901 -1
1573 6662 -1
3746 6930 -1
3748 7976 -1
3752 4451 -1
1575 2360 -1
3762 6071 -1
1338 1809 -1
2876 9476 -1
3766 3782 -1
3718 5455 -1
3773 8824 -1
3787 3795 -1
2851 3282 -1
3790 9005 -1
3791 5781 -1
3802 6084 -1
3805 6127 -1
3806 4358 -1
3806 5621 -1
3818 4069 -1
3656 5511 -1
1383 8486 -1
3605 3756 -1
2924 6805 -1
3627 5239 -1
1379 2683 -1
2923 6592 -1
2922 4582 -1
2908 9516 -1
1373 8590 -1
3654 8328 -1
3819 7708 -1
1366 6766 -1
3675 4753 -1
1563 7485 -1
3683 8717 -1
2901 7379 -1
2899 9680 -1
2897 9331 -1
2890 3067 -1
1361 5939 -1
3995 5996 -1
1284 1857 -1
2801 3595 -1
3933 5475 -1
1282 3161 -1
3935 4488 -1
3939 7090 -1
3940 6356 -1
3955 7862 -1
2779 3488 -1
3973 8482 -1
1288 8476 -1
3997 4627 -1
4004 4796 -1
4008 6839 -1
1608 1889 -1
2759 8759 -1
4022 7166 -1
2759 3774 -1
1260 2337 -1
4032 6981 -1
4044 5085 -1
1303 1456 -1
2848 8823 -1
2834 5528 -1
3840 4576 -1
3862 8697 -1
2829 8103 -1
3869 9040 -1
2821 9976 -1
3884 6997 -1
3890 9417 -1
3891 8230 -1
2926 3138 -1
3896 5458 -1
1297 2106 -1
2820 4949 -1
3898 7849 -1
1295 3040 -1
1294 3311 -1
3904 9384 -1
1293 5700 -1
3912 8614 -1
1519 8757 -1
3078 5485 -1
3283 6524 -1
3286 7379 -1
3069 5447 -1
1512 5383 -1
3307 7536 -1
1515 6287 -1
3316 5029 -1
3059 4983 -1
1454 4979 -1
3268 6035 -1
3365 9211 -1
3034 3460 -1
1447 6206 -1
3366 6663 -1
3378 4279 -1
3391 4923 -1
1442 4200 -1
3023 8850 -1
1524 3210 -1
1524 9202 -1
3104 5903 -1
1490 1735 -1
3142 7932 -1
3162 8620 -1
3141 6696 -1
1485 3903 -1
3131 7992 -1
3117 6246 -1
1479 6020 -1
3178 6382 -1
3185 9608 -1
3418 5880 -1
3212 4823 -1
3215 6679 -1
3235 4702 -1
3098 4817 -1
3085 9803 -1
1472 2840 -1
3264 6993 -1
3267 3942 -1
1466 6643 -1
3561 8553 -1
1540 8287 -1
3521 5310 -1
3525 7225 -1
2951 5917 -1
3537 4830 -1
3539 7640 -1
3543 7521 -1
3558 9883 -1
1408 9605 -1
1403 6878 -1
3518 7152 -1
1545 9459 -1
2939 9840 -1
2938 6660 -1
2938 3258 -1
3588 9561 -1
1396 6838 -1
3590 6080 -1
2934 4972 -1
3592 8151 -1
1428 9022 -1
2996 9696 -1
2996 4821 -1
2993 7973 -1
1436 5474 -1
3462 9337 -1
3465 7308 -1
3472 7391 -1
3488 4726 -1
3490 7014 -1
1429 2344 -1
4050 5675 -1
3495 9527 -1
3498 3898 -1
1530 1713 -1
3500 8847 -1
3503 4856 -1
1419 6895 -1
3513 6318 -1
1419 4463 -1
0 2 -1
2532 3457 -1
4801 6477 -1
4813 8573 -1
1094 9117 -1
1093 7299 -1
1093 2262 -1
1691 7177 -1
4828 7070 -1
4833 8480 -1
4844 8387 -1
2533 8100 -1
2540 3126 -1
4862 9395 -1
1081 2271 -1
4900 9495 -1
1696 2849 -1
2521 8526 -1
4918 5755 -1
1703 9557 -1
4921 5235 -1
1076 6058 -1
2519 5337 -1
1121 1219 -1
4666 8012 -1
4671 5898 -1
4675 7753 -1
4685 4958 -1
4726 5513 -1
2556 4722 -1
4736 6464 -1
4750 8585 -1
1124 7258 -1
1124 5127 -1
2512 9153 -1
1114 1551 -1
4754 9668 -1
1107 2534 -1
4763 5830 -1
4764 8949 -1
1097 4629 -1
4774 5218 -1
2542 9536 -1
1687 5742 -1
1032 1625 -1
1054 2674 -1
5151 8719 -1
2480 2522 -1
1731 1916 -1
5185 6596 -1
5206 6810 -1
1042 7923 -1
5224 5308 -1
5228 7198 -1
1038 1290 -1
2484 9174 -1
1028 9680 -1
2464 5883 -1
1737 5041 -1
5279 7619 -1
2450 2514 -1
2448 9509 -1
2443 6323 -1
2440 6995 -1
5378 8105 -1
5060 9765 -1
2510 6185 -1
1070 7719 -1
3144 8056 -1
4969 7266 -1
2504 3687 -1
4993 5260 -1
1709 2528 -1
5009 8058 -1
2492 3172 -1
5030 7409 -1
4635 8959 -1
1063 2023 -1
5075 9865 -1
5079 9157 -1
5114 7089 -1
2485 6788 -1
5130 6250 -1
1724 6795 -1
5133 9545 -1
1729 3336 -1
4225 8610 -1
1220 5172 -1
4173 5296 -1
1216 1352 -1
1213 7620 -1
1210 4057 -1
4192 4589 -1
4203 6089 -1
4208 6890 -1
4221 4887 -1
4222 9785 -1
2673 8368 -1
4227 7509 -1
1198 5678 -1
2665 3662 -1
1196 6737 -1
4244 9522 -1
1194 8570 -1
4248 7090 -1
4253 8472 -1
1638 2132 -1
4271 7361 -1
1238 7693 -1
1251 8380 -1
4051 7385 -1
4052 4875 -1
4059 7989 -1
2728 3111 -1
4080 7801 -1
2727 9799 -1
4098 5094 -1
2719 2754 -1
2713 3128 -1
2657 3487 -1
4107 4611 -1
2691 7244 -1
2690 4161 -1
4116 5874 -1
4120 8769 -1
4135 5960 -1
4142 8475 -1
2676 5592 -1
2673 8493 -1
1666 6937 -1
4481 6813 -1
4481 8527 -1
4481 8568 -1
1162 2610 -1
1662 4647 -1
1159 3537 -1
2631 5951 -1
1153 2964 -1
1153 2659 -1
4517 7153 -1
4475 9720 -1
1668 1911 -1
1150 8068 -1
4540 7234 -1
2607 7599 -1
1147 5468 -1
4575 4735 -1
2593 5270 -1
4594 6111 -1
1143 1976 -1
4421 5566 -1
1642 2216 -1
1647 8175 -1
1182 4952 -1
2652 3241 -1
2650 8789 -1
1176 6345 -1
4370 9373 -1
2633 8439 -1
4415 7628 -1
4417 7470 -1
2388 9385 -1
2632 7875 -1
4424 4925 -1
4425 5755 -1
4430 9528 -1
1660 2319 -1
4436 7325 -1
4436 8816 -1
4445 9366 -1
4445 9781 -1
152 8537 -1
109 2706 -1
642 2580 -1
50 6046 -1
34 5671 -1
560 6488 -1
250 7926 -1
543 9183 -1
199 236 -1
199 2069 -1
466 3226 -1
359 8751 -1
329 2294 -1
413 5417 -1
584 5591 -1
459 2304 -1
115 118 -1
653 9306 -1
411 1956 -1
411 1477 -1
53 724 -1
31 3195 -1
16 7785 -1
50 81 -1
505 4126 -1
317 2136 -1
160 2012 -1
422 5665 -1
389 480 -1
74 8516 -1
104 1663 -1
74 7833 -1
322 5029 -1
421 4997 -1
593 657 -1
192 1270 -1
469 4128 -1
561 9326 -1
35 6650 -1
469 2184 -1
9 9241 -1
595 8672 -1
527 1629 -1
156 1512 -1
10 2364 -1
127 9205 -1
125 9068 -1
343 8088 -1
211 1497 -1
222 3031 -1
22 35 -1
25 8225 -1
141 2048 -1
462 5274 -1
60 523 -1
220 8563 -1
124 9212 -1
57 7091 -1
395 4152 -1
59 128 -1
133 2429 -1
216 2215 -1
23 3024 -1
494 7796 -1
590 5394 -1
218 904 -1
590 7453 -1
356 9618 -1
408 1186 -1
147 4950 -1
231 3390 -1
120 3664 -1
620 866 -1
120 4917 -1
121 5281 -1
146 3553 -1
145 7333 -1
208 231 -1
302 3506 -1
543 1064 -1
123 154 -1
659 1137 -1
356 1551 -1
491 609 -1
354 8303 -1
20 1388 -1
228 419 -1
341 1190 -1
143 1265 -1
295 7611 -1
375 2802 -1
633 2389 -1
526 7149 -1
311 481 -1
481 583 -1
448 6658 -1
163 8337 -1
603 805 -1
82 7940 -1
185 6530 -1
382 434 -1
95 5272 -1
511 3718 -1
296 1860 -1
46 75 -1
8 1180 -1
447 4201 -1
665 6091 -1
305 1231 -1
526 5310 -1
5 6 -1
2 4 -1
513 2891 -1
447 2881 -1
94 129 -1
177 2061 -1
4 1202 -1
446 2248 -1
179 8573 -1
518 556 -1
291 8927 -1
314 2922 -1
174 6438 -1
100 7690 -1
301 321 -1
85 8871 -1
173 966 -1
161 1953 -1
101 1645 -1
101 9225 -1
570 1250 -1
43 46 -1
311 2163 -1
269 2670 -1
100 795 -1
279 608 -1
648 1075 -1
281 918 -1
37 602 -1
477 1460 -1
387 8423 -1
315 320 -1
304 2174 -1
4226 7205 0
4545 6254 0
4287 4303 0
84 7894 0
4544 9974 0
902 2384 0
4286 5053 0
1246 5804 0
4726 8243 0
2269 5349 0
1249 2350 0
2128 9704 0
1225 6535 0
4658 4930 0
2134 6247 0
615 3925 0
4239 5914 0
4666 9256 0
4248 4863 0
4229 6717 0
895 8799 0
4551 7457 0
4675 9968 0
4606 7649 0
900 7289 0
134 342 0
2253 5822 0
4267 8584 0
2138 2565 0
4588 5292 0
604 8699 0
2221 7012 0
4344 5594 0
4348 6486 0
916 1011 0
916 4662 0
154 9544 0
4439 4869 0
4438 8328 0
4350 4939 0
4438 5817 0
4355 8079 0
609 3285 0
917 7191 0
2158 3933 0
156 2804 0
384 3452 0
4381 4989 0
385 3023 0
924 2848 0
2171 3526 0
4389 9137 0
4412 7836 0
2172 5326 0
4407 4743 0
1236 2766 0
2234 7777 0
4538 8530 0
4295 9228 0
4298 8422 0
939 1445 0
4299 6542 0
606 6167 0
4308 5887 0
907 2094 0
907 4953 0
167 1768 0
907 8672 0
2148 3941 0
2238 8620 0
4499 8918 0
2148 5931 0
2234 2724 0
4494 9250 0
933 7149 0
4493 7307 0
4481 9539 0
4336 6497 0
4474 8466 0
4461 8581 0
391 5312 0
5331 9289 0
5257 8056 0
5278 9911 0
5282 8367 0
1929 6347 0
5301 9081 0
1920 2186 0
625 5691 0
5320 5700 0
5255 8540 0
1912 7977 0
5344 9229 0
1910 2748 0
1290 9733 0
99 804 0
5384 8700 0
5406 6961 0
5422 5498 0
1951 7132 0
5146 7809 0
1953 6770 0
1952 4570 0
5165 6740 0
1952 4400 0
5167 7846 0
107 224 0
5177 9526 0
430 2309 0
1947 8193 0
5227 8600 0
846 9654 0
1942 9456 0
5238 6888 0
5245 6072 0
5252 6523 0
5588 6784 0
5537 6752 0
818 1963 0
1865 2869 0
5549 7652 0
5554 6766 0
5562 9343 0
1862 2679 0
90 4028 0
628 9257 0
89 99 0
812 6981 0
5632 6645 0
812 1486 0
5649 8095 0
437 8974 0
1306 4623 0
1408 3906 0
826 4452 0
5430 5545 0
432 6951 0
1881 4439 0
5469 9316 0
5471 5792 0
5482 6228 0
5492 8530 0
5494 9389 0
536 4246 0
1296 9061 0
1873 8511 0
435 1292 0
5528 7832 0
5531 8046 0
1867 6181 0
5534 8929 0
4835 5445 0
2070 4185 0
4801 9747 0
403 2941 0
403 5265 0
4817 6160 0
4818 9857 0
4825 4956 0
4829 7746 0
4791 6465 0
123 3042 0
4843 8667 0
4857 7181 0
4858 5187 0
405 4046 0
2048 3990 0
2048 2877 0
2047 9904 0
2080 9525 0
2085 7173 0
4727 7338 0
4733 5178 0
1256 8850 0
2082 3352 0
4748 9637 0
4755 9146 0
4764 7955 0
405 9771 0
2080 5585 0
2074 2305 0
1257 6450 0
126 1449 0
4778 4978 0
1258 2045 0
4784 6309 0
1973 2306 0
1989 8218 0
862 3607 0
112 3439 0
5061 9304 0
5070 8708 0
5074 6850 0
858 4496 0
1975 8013 0
1994 3740 0
110 2412 0
1968 4061 0
5108 5306 0
857 1118 0
5114 6869 0
1963 2336 0
108 1703 0
4978 7612 0
2044 2062 0
119 1397 0
4939 5430 0
4940 5453 0
2016 2274 0
2015 8641 0
2014 2847 0
4963 7297 0
892 7024 0
4984 7064 0
866 4866 0
866 3622 0
4994 6732 0
623 936 0
5009 8171 0
5020 9002 0
1162 6454 0
3298 4789 0
581 5949 0
253 1234 0
3304 7140 0
252 773 0
1160 8669 0
3317 3968 0
2662 9166 0
2668 8094 0
331 459 0
3353 7542 0
2654 5018 0
1061 7917 0
3373 7141 0
2633 9746 0
2627 6627 0
1166 8164 0
3254 5262 0
3203 6927 0
3204 4470 0
1079 2732 0
263 6813 0
3225 7946 0
3228 4467 0
3228 8842 0
1156 1692 0
3390 6216 0
2687 7815 0
3278 5632 0
3278 7001 0
327 3757 0
2672 3490 0
2671 6844 0
580 5520 0
581 802 0
1042 6056 0
3491 4098 0
232 842 0
2576 9500 0
2570 2669 0
339 366 0
3510 3891 0
3513 3681 0
3517 3593 0
1046 2261 0
3518 4758 0
2565 3866 0
2563 3999 0
229 9336 0
1040 3618 0
1177 2322 0
1039 4431 0
3527 9280 0
2604 9178 0
242 857 0
3405 4070 0
3412 4739 0
3413 8107 0
3424 7526 0
3432 6533 0
1169 7869 0
2609 8957 0
3202 3992 0
3450 9614 0
2589 6648 0
235 2344 0
235 1803 0
1048 6301 0
2580 2969 0
586 5940 0
3472 6946 0
290 5209 0
2934 3314 0
2939 2946 0
2949 3115 0
2818 8445 0
2964 5214 0
2966 4227 0
2810 6597 0
2979 6251 0
2830 9307 0
290 698 0
308 2109 0
2992 5864 0
2998 3496 0
3003 3430 0
3008 5292 0
2793 4398 0
1105 6799 0
2906 8786 0
2873 8744 0
301 8842 0
2887 4699 0
2890 3424 0
2851 4032 0
2846 5118 0
2841 9051 0
2841 4887 0
3020 9492 0
2840 4553 0
1121 6750 0
1121 5854 0
1121 5211 0
1134 5779 0
296 2174 0
2924 6333 0
2924 9237 0
2747 3982 0
3077 9713 0
3089 5231 0
2753 3103 0
1093 4566 0
3104 3301 0
274 967 0
3110 9044 0
3111 5441 0
2773 5442 0
313 4857 0
1151 4727 0
1085 3454 0
3166 3187 0
3168 5389 0
2726 3661 0
318 874 0
3201 3889 0
3049 8824 0
3021 3094 0
3035 3139 0
1103 9470 0
3042 6328 0
3042 6977 0
3042 8949 0
2776 5123 0
3049 6829 0
228 9294 0
3053 8862 0
572 2031 0
282 660 0
3057 9481 0
3066 9676 0
1097 3269 0
3068 3138 0
2773 8199 0
367 6168 0
2355 9988 0
975 6064 0
3973 7565 0
2352 7592 0
3977 6671 0
3977 7907 0
3988 6699 0
3989 4822 0
3957 8148 0
370 3965 0
3998 4667 0
2340 2452 0
4002 6161 0
4006 7175 0
547 6393 0
2333 3832 0
2333 2613 0
3886 8023 0
2393 7652 0
3866 7621 0
3866 9889 0
2390 4901 0
988 1264 0
3884 7281 0
3884 7844 0
593 8129 0
1214 3188 0
3888 8347 0
198 1976 0
2378 3586 0
196 3855 0
2372 7495 0
3935 4189 0
2361 6373 0
193 5652 0
176 560 0
4101 5536 0
180 234 0
1218 7873 0
2289 9818 0
4128 5507 0
4132 5738 0
2289 5372 0
2287 4393 0
4100 6827 0
952 1657 0
546 6766 0
2282 6431 0
4200 9192 0
174 7998 0
1224 1877 0
4206 6562 0
2275 6270 0
4055 9310 0
4023 4980 0
4027 6061 0
547 3453 0
4039 5275 0
188 194 0
2325 5768 0
4051 4373 0
2316 2910 0
3856 6712 0
4056 9587 0
4070 4268 0
1217 2030 0
372 3025 0
4081 8007 0
4086 7261 0
2303 4356 0
373 2369 0
3654 6884 0
1024 8662 0
220 3049 0
2510 5522 0
3638 4084 0
3638 6120 0
2509 7336 0
3645 3860 0
3651 8438 0
348 4346 0
349 3170 0
219 330 0
3674 6757 0
3675 3903 0
1015 7663 0
1015 3276 0
216 2091 0
3708 8827 0
1030 2187 0
1038 2602 0
226 3758 0
3568 7185 0
341 9898 0
3568 9435 0
3570 4686 0
2545 5753 0
2542 8017 0
2485 8258 0
344 4987 0
2532 2998 0
2526 9709 0
3604 7159 0
346 4742 0
3620 7546 0
347 2509 0
1025 7627 0
592 7335 0
2443 2659 0
208 3540 0
1002 9954 0
3784 4321 0
3804 7777 0
3809 4646 0
2429 2474 0
2427 4197 0
208 9110 0
3828 7783 0
3829 8152 0
996 1395 0
3841 6318 0
3841 9930 0
202 312 0
2400 5628 0
2398 7144 0
2466 3416 0
2482 7173 0
3718 7336 0
352 4857 0
2476 2549 0
1189 3112 0
3739 7328 0
2467 8489 0
1010 4147 0
2274 9731 0
354 4275 0
1191 8755 0
1192 6216 0
354 4575 0
209 1509 0
3765 6940 0
3770 4116 0
7182 9391 0
7946 9205 0
6565 8034 0
1326 6972 0
757 2657 0
781 6072 0
1544 3587 0
1471 6241 0
30 4131 0
1665 9788 0
1542 1667 0
8054 9406 0
1744 3102 0
1466 8974 0
8074 8132 0
1466 5149 0
6104 7702 0
1664 3050 0
8123 8142 0
6177 8613 0
1339 1664 0
500 786 0
1531 3281 0
7831 9297 0
1722 5395 0
16 141 0
1682 1865 0
501 8897 0
8158 9546 0
7863 8851 0
7867 9917 0
1728 1912 0
1729 7817 0
7869 9357 0
1535 8496 0
6149 7822 0
723 8906 0
1574 2466 0
9 1360 0
8312 9571 0
729 3746 0
7062 7473 0
73 474 0
7041 7851 0
6032 7999 0
1347 8803 0
753 4256 0
661 8807 0
6001 9308 0
7025 8095 0
7017 9863 0
7016 9458 0
8438 9975 0
8441 9599 0
1319 4924 0
1321 8471 0
1663 3726 0
784 2584 0
487 8496 0
502 8886 0
8208 8288 0
7121 9177 0
7100 7236 0
1758 4297 0
27 33 0
1463 1755 0
6611 7300 0
1462 2082 0
524 661 0
1391 3011 0
1345 8962 0
1459 6188 0
1346 3050 0
1688 2584 0
465 575 0
1519 6728 0
6389 8663 0
21 22 0
6384 7523 0
6381 8311 0
465 1024 0
1706 2511 0
6369 9333 0
21 32 0
465 6350 0
7691 9947 0
462 3930 0
521 8633 0
6312 8964 0
493 1476 0
6459 9731 0
704 744 0
6395 8064 0
7510 9838 0
7544 9895 0
709 4160 0
22 7069 0
1696 8580 0
7484 7934 0
6396 7310 0
7551 9410 0
703 4840 0
6410 6671 0
1376 9455 0
6392 7897 0
7580 8214 0
54 9669 0
7594 8231 0
1699 8814 0
7613 9582 0
7808 9039 0
1371 1816 0
6490 9345 0
6243 9904 0
1486 8696 0
6500 7268 0
26 4169 0
6230 8644 0
6228 9701 0
1490 6024 0
641 5200 0
7344 8568 0
66 875 0
1384 5529 0
1484 2649 0
7816 9936 0
6210 7733 0
6207 9921 0
6275 7338 0
774 5461 0
7702 7985 0
62 5919 0
7703 8464 0
7715 9796 0
19 165 0
497 1955 0
7415 8992 0
647 1814 0
717 1158 0
702 1369 0
1529 2576 0
6270 8675 0
6470 6929 0
25 2168 0
6259 6826 0
1715 2636 0
8632 9019 0
1607 8503 0
672 6006 0
1839 3911 0
41 64 0
9111 9210 0
37 863 0
1399 9267 0
481 2226 0
516 1368 0
1417 1597 0
5863 9300 0
45 189 0
1843 5064 0
8647 9583 0
5776 6821 0
8617 9960 0
438 5811 0
6954 7266 0
1802 2650 0
1360 1731 0
1405 7071 0
1414 3426 0
5892 9079 0
6693 7228 0
1585 9515 0
1354 9043 0
664 9477 0
8552 8558 0
1349 6596 0
5841 8889 0
5818 9453 0
6896 7804 0
8797 9376 0
674 6647 0
1426 2577 0
5823 5850 0
1603 4325 0
744 7461 0
1313 3690 0
6744 8116 0
1604 5608 0
5829 9242 0
6719 9171 0
666 1019 0
5962 6337 0
79 82 0
6921 9807 0
1597 7765 0
6926 8230 0
8939 9726 0
1619 6775 0
1429 3469 0
1431 1668 0
6926 8241 0
1618 7124 0
1607 7504 0
6929 9813 0
1591 6532 0
8969 9314 0
6832 6977 0
1581 7456 0
1585 3079 0
36 8893 0
6688 7365 0
1789 6071 0
1410 4169 0
1407 7634 0
1442 2563 0
1361 1391 0
5928 8452 0
1782 4961 0
5702 6417 0
5954 7772 0
1847 8362 0
9659 9964 0
1583 2117 0
76 196 0
7013 8815 0
507 5645 0
5908 9233 0
5955 7251 0
1791 3247 0
1613 8545 0
5907 9390 0
6837 9225 0
1318 5563 0
1355 5602 0
6818 7435 0
634 1690 0
6964 8420 0
964 1917 1
7364 8135 1
1022 9467 1
2315 3821 1
553 3934 1
351 6881 1
1187 4734 1
7734 8636 1
179 1575 1
7515 8209 1
352 1008 1
2465 5233 1
2298 9608 1
3641 7759 1
4070 6758 1
717 5801 1
6893 8672 1
1514 1550 1
7474 9839 1
3639 7497 1
4061 9557 1
2315 6732 1
718 3671 1
6829 8480 1
495 537 1
1355 7231 1
7427 9672 1
39 1081 1
1185 1750 1
713 4315 1
1016 1658 1
2492 6763 1
3687 6264 1
2310 3165 1
4098 8626 1
552 8907 1
4091 6143 1
7437 7646 1
2302 6343 1
1016 6262 1
1017 7267 1
4087 8548 1
963 2547 1
4111 9250 1
2508 8174 1
4111 6451 1
184 836 1
7421 9640 1
4078 9280 1
4087 8362 1
3657 3710 1
1614 4206 1
1515 4901 1
4080 8305 1
479 6434 1
3708 8709 1
23 91 1
3673 6719 1
4106 9897 1
1562 2273 1
7067 9944 1
485 7858 1
1361 2309 1
3882 8521 1
1563 3303 1
361 5571 1
360 5490 1
734 2513 1
1211 5895 1
2346 9251 1
2391 7242 1
6984 7105 1
2397 8356 1
3857 4636 1
1558 5982 1
33 162 1
2399 5571 1
7146 9169 1
486 6907 1
1548 5960 1
3994 7134 1
2411 3597 1
3994 9471 1
7029 9059 1
3957 9946 1
3965 5756 1
2357 6811 1
596 4181 1
731 2734 1
3933 6168 1
2368 4657 1
982 5877 1
2368 9201 1
2372 7471 1
983 3730 1
3998 5857 1
364 1916 1
3892 6240 1
975 5743 1
2355 8286 1
3890 3966 1
7048 9015 1
2384 2518 1
2354 3986 1
484 4476 1
987 4107 1
1531 2991 1
6928 9986 1
1003 6411 1
2328 4310 1
4035 7230 1
3779 4804 1
2439 4459 1
7282 7411 1
7290 8180 1
7301 7930 1
4045 4503 1
7309 8097 1
4016 7728 1
3757 8189 1
211 1208 1
6912 9630 1
6899 7351 1
3749 6637 1
2325 3819 1
7340 9392 1
1008 8890 1
4053 6250 1
7341 7742 1
6896 8321 1
7240 9123 1
358 4362 1
3834 9599 1
203 1129 1
358 1493 1
7174 9763 1
190 564 1
1368 4140 1
203 6747 1
2414 5236 1
37 873 1
3816 6711 1
2321 6392 1
1369 4917 1
1196 5383 1
592 3754 1
37 1059 1
1369 5586 1
2431 2564 1
4012 6628 1
2432 8336 1
7267 9482 1
4015 8108 1
1097 5991 1
3102 7011 1
1147 6664 1
313 1049 1
2752 3879 1
1444 8620 1
313 334 1
3090 4260 1
563 5737 1
2764 7493 1
1397 6573 1
2771 8435 1
7 24 1
2772 4211 1
8529 8985 1
664 7637 1
8 13 1
3060 7815 1
3059 8177 1
8572 9920 1
3056 3497 1
1434 2292 1
282 683 1
1433 3700 1
8676 9399 1
8684 9555 1
2779 5142 1
8692 8723 1
3035 8261 1
3035 4818 1
677 1135 1
314 1018 1
9 311 1
3195 6469 1
3193 8716 1
3192 9322 1
8319 9726 1
1153 1399 1
1392 6275 1
3173 4550 1
1455 3911 1
315 3400 1
1085 3107 1
506 1254 1
268 494 1
8365 8445 1
8401 9440 1
310 1408 1
3148 5950 1
271 3045 1
8437 8515 1
3137 8519 1
3135 7131 1
3132 6092 1
2744 2868 1
2746 4983 1
3123 7833 1
3119 5373 1
1149 2983 1
3114 6102 1
1395 8401 1
8458 9123 1
1412 8320 1
2823 4436 1
2944 5881 1
2825 3853 1
2828 2892 1
1403 9717 1
295 520 1
2932 4743 1
1422 4013 1
1416 8313 1
296 4352 1
2911 9961 1
9241 9285 1
1 3 1
2838 9948 1
9423 9970 1
2946 4807 1
297 5477 1
1411 4261 1
0 67 1
2849 6583 1
9550 9985 1
299 8764 1
9559 9898 1
1407 4406 1
2851 9270 1
2853 7494 1
2864 4144 1
2862 9749 1
2859 3648 1
303 455 1
288 1095 1
1143 9202 1
3021 6626 1
1105 3846 1
8755 8925 1
1105 7723 1
2782 6681 1
2782 8275 1
2790 5108 1
8770 9239 1
5 31 1
2795 3728 1
3000 4299 1
1141 3026 1
518 4410 1
264 9671 1
2798 3859 1
8832 9340 1
2987 5866 1
1111 1387 1
4 1103 1
291 1156 1
2969 6301 1
1137 8031 1
8901 9190 1
2962 4113 1
2958 6303 1
8939 9542 1
2950 4769 1
673 793 1
3485 8875 1
3534 3829 1
496 3168 1
2560 3083 1
3523 9729 1
230 3169 1
18 649 1
5688 9673 1
2567 5656 1
1492 2137 1
7734 9817 1
233 2057 1
1174 5692 1
2577 4806 1
1045 5871 1
497 5961 1
522 2260 1
1487 2067 1
3470 4066 1
1486 3362 1
7807 9404 1
3462 7233 1
699 4714 1
3453 9332 1
3452 8686 1
336 9788 1
7814 9140 1
3438 5314 1
2619 3907 1
3437 6924 1
3581 7348 1
1509 7292 1
3628 9772 1
2514 3486 1
1182 7302 1
7549 8070 1
1181 8095 1
3615 3764 1
7564 9406 1
7579 8200 1
222 8938 1
223 5896 1
344 5425 1
7583 8745 1
3435 6549 1
1506 3684 1
1505 4415 1
1501 3614 1
3567 7632 1
3567 6077 1
3565 4688 1
1036 1588 1
7658 9020 1
3539 9513 1
7672 9301 1
340 4966 1
3538 6963 1
3537 9102 1
20 283 1
1074 2253 1
3305 8111 1
8052 9696 1
3297 4197 1
2664 9804 1
328 6118 1
8120 9494 1
8187 9741 1
8188 8454 1
326 6311 1
1072 6458 1
1157 1731 1
2697 8186 1
1464 9482 1
3311 6479 1
323 1376 1
1074 4549 1
323 958 1
3241 6142 1
1389 5320 1
2706 6131 1
8239 8804 1
579 1007 1
3226 6920 1
3223 4878 1
3221 5163 1
2715 5488 1
688 4571 1
3208 9478 1
7922 9603 1
2623 9440 1
3433 5078 1
2626 5893 1
558 3851 1
1385 6150 1
3406 4836 1
1476 4805 1
3403 4329 1
241 9965 1
242 1153 1
14 471 1
3377 7323 1
3376 4362 1
3374 6170 1
2511 9513 1
3364 7815 1
3363 9458 1
2651 5127 1
12 2723 1
249 2079 1
7974 9535 1
3335 7005 1
502 5714 1
8004 9327 1
1064 9694 1
2659 7496 1
330 752 1
8014 8137 1
3315 6858 1
2101 3561 1
6388 9147 1
1701 4825 1
6391 8274 1
4710 7044 1
4701 8684 1
893 4302 1
58 800 1
5292 5844 1
77 233 1
425 2639 1
5319 8221 1
452 2824 1
397 8159 1
76 9620 1
4688 9072 1
2104 9607 1
2105 6367 1
4681 9011 1
5323 5738 1
1792 2713 1
5326 9821 1
4670 5093 1
4669 5085 1
4668 6164 1
136 622 1
1253 1456 1
774 5190 1
1785 9308 1
63 1192 1
6274 7671 1
1936 2348 1
125 464 1
5932 6751 1
4802 6812 1
2064 7616 1
843 1876 1
5278 5991 1
1711 2288 1
4787 6691 1
4656 9180 1
4783 6259 1
6311 7730 1
6326 8432 1
6355 7249 1
1333 3641 1
4767 7812 1
463 1012 1
771 3892 1
1287 4607 1
1704 2007 1
4741 9123 1
4738 5516 1
4534 9573 1
6458 7421 1
902 3737 1
4549 5808 1
2145 4669 1
4544 5188 1
1899 3399 1
97 1609 1
4543 7121 1
904 3409 1
4538 9265 1
5418 9650 1
6456 9260 1
5420 7246 1
6472 7074 1
5855 9184 1
147 515 1
6480 8053 1
4518 5957 1
611 9374 1
5843 9603 1
430 3550 1
543 1102 1
2147 2468 1
761 3144 1
139 8765 1
137 1349 1
393 2294 1
4652 4833 1
4644 8026 1
393 1417 1
899 1083 1
4638 4922 1
4630 5363 1
4629 6895 1
1695 3154 1
1911 5531 1
4129 9461 1
1799 5186 1
6419 6709 1
1694 8761 1
6437 7490 1
1805 8203 1
4604 7952 1
392 987 1
1694 1827 1
836 2386 1
4593 5157 1
1246 8077 1
1293 1992 1
68 2234 1
5008 6001 1
1281 6636 1
1963 5345 1
854 4435 1
1742 3747 1
6115 6667 1
455 574 1
4994 9574 1
6128 7822 1
1962 4243 1
781 6338 1
6135 6606 1
864 9921 1
1762 7288 1
5135 5279 1
115 9475 1
6146 7184 1
72 1344 1
5151 6528 1
116 588 1
1955 6043 1
4960 9799 1
4960 5085 1
852 2570 1
117 1492 1
5108 7606 1
5088 8821 1
416 8558 1
1979 5830 1
5096 5278 1
5085 8264 1
1757 2017 1
1277 5421 1
859 6205 1
6074 8244 1
1757 7003 1
1759 3265 1
71 8891 1
107 1260 1
1280 8356 1
786 5962 1
862 7320 1
5058 8665 1
5044 5694 1
1276 2107 1
5031 7332 1
113 163 1
5027 9868 1
1996 6821 1
5023 8131 1
459 646 1
4858 8400 1
4897 6876 1
4893 6052 1
4882 6500 1
454 3568 1
105 9941 1
5987 6044 1
1768 2584 1
6221 7130 1
104 7297 1
1264 2464 1
539 6061 1
4860 5960 1
1770 5509 1
4898 5838 1
849 1204 1
5213 5410 1
5218 8126 1
2053 3429 1
4844 7437 1
1262 1591 1
64 157 1
404 2885 1
1781 5848 1
1713 4124 1
1286 2822 1
1936 4093 1
5168 8820 1
1762 8815 1
5163 8433 1
6172 6494 1
74 352 1
1270 1669 1
870 3067 1
4939 7400 1
4938 8396 1
4934 9736 1
2018 4995 1
2023 4424 1
2033 2403 1
5863 6776 1
851 2283 1
872 8225 1
407 8560 1
5172 5837 1
120 144 1
4915 5144 1
6200 9283 1
6206 8912 1
1266 1657 1
5996 8466 1
2045 7467 1
4899 5042 1
1842 3318 1
163 438 1
4345 8555 1
1645 6962 1
4215 6683 1
42 1155 1
5547 7724 1
2225 7789 1
6665 6809 1
5696 6394 1
5555 9594 1
435 7163 1
1836 7540 1
472 9589 1
5727 5800 1
2232 3574 1
4221 6356 1
5581 8936 1
1859 4039 1
815 853 1
1224 7598 1
4326 9465 1
5593 7712 1
4324 8260 1
81 300 1
5520 9200 1
4375 4421 1
1656 4202 1
631 7822 1
2220 2717 1
1655 4330 1
162 5042 1
2222 3948 1
1649 2417 1
478 1193 1
83 8074 1
380 530 1
4354 8601 1
1870 2632 1
443 1578 1
6783 9726 1
1299 6991 1
929 3086 1
1828 6372 1
1347 8895 1
6755 8229 1
2276 9603 1
47 3695 1
6718 8826 1
1623 6467 1
941 5802 1
1854 6090 1
1621 9724 1
604 3564 1
2252 9783 1
170 4299 1
5613 9579 1
644 8247 1
2267 2813 1
4232 7141 1
5704 8775 1
436 6805 1
4258 4680 1
87 631 1
5634 8024 1
1350 7586 1
2260 3169 1
5637 9429 1
4246 5025 1
4242 6846 1
4238 8599 1
1351 3120 1
5719 7150 1
4323 4824 1
6677 9993 1
1850 4697 1
5598 5770 1
749 8284 1
4305 4576 1
168 214 1
4303 5459 1
4300 6974 1
2236 6340 1
2237 7465 1
950 7967 1
5601 7355 1
1629 7158 1
1228 7531 1
1629 2568 1
745 2098 1
5609 9448 1
169 195 1
813 5212 1
604 8962 1
88 879 1
1227 2117 1
827 5804 1
2288 4569 1
1220 3041 1
1877 4678 1
827 9777 1
1681 3997 1
4147 6159 1
6815 9109 1
2286 6531 1
4167 7119 1
6552 9894 1
1850 8014 1
758 778 1
955 8156 1
154 1599 1
2285 3495 1
1221 1581 1
5489 5726 1
6554 8777 1
467 5178 1
4444 9532 1
5818 6712 1
801 8589 1
1339 9094 1
6826 9350 1
6504 8889 1
1337 7664 1
431 3566 1
4499 5265 1
4495 4711 1
53 110 1
831 5106 1
5842 9994 1
5432 7814 1
1889 6989 1
1887 7065 1
152 731 1
5494 8547 1
830 4323 1
6533 6867 1
433 9621 1
5461 7070 1
2154 3943 1
5682 7993 1
1878 7724 1
4465 8651 1
4460 6832 1
4459 7312 1
1355 3011 1
919 1249 1
4422 7231 1
1671 4761 1
5803 9452 1
4184 8003 1
920 3817 1
6601 9095 1
4189 8185 1
470 4691 1
1872 8709 1
6608 9840 1
643 2687 1
5512 6458 1
921 4363 1
1656 6315 1
2284 8660 1
2188 7432 1
4402 7710 1
4400 6680 1
92 2006 1
643 3773 1
387 4790 1
6792 8485 1
1872 6070 1
4425 7761 1
155 4547 1
5500 8374 1
80 238 1
4435 4890 1
6804 9177 1
917 6080 1
1221 3507 1
757 1644 1
2170 3699 1
1221 6050 1
4426 6722 1
419 1367 2
1282 8127 2
1965 7143 2
1130 1311 2
1458 3176 2
1964 4500 2
2714 7552 2
562 3005 2
1130 5194 2
418 9426 2
1854 5423 2
2718 9934 2
1280 1923 2
1408 2159 2
2712 2783 2
1852 4552 2
1321 7140 2
1459 3960 2
1759 4500 2
517 9824 2
1907 2200 2
2813 9212 2
1288 2155 2
1424 1565 2
308 476 2
1398 1826 2
1919 3244 2
1145 7143 2
1437 1910 2
451 7079 2
518 3046 2
1912 2966 2
1435 9855 2
2774 5807 2
1920 8017 2
1433 6766 2
435 1009 2
1906 2173 2
1905 8692 2
428 1497 2
1903 2521 2
1140 5273 2
1807 2890 2
1713 2350 2
534 7174 2
2782 3124 2
1896 6580 2
2749 4137 2
1455 8871 2
1409 1959 2
2734 4154 2
506 1751 2
1763 6741 2
533 5308 2
2742 3767 2
516 8006 2
1858 9333 2
2834 7043 2
2746 6574 2
2730 4870 2
563 2647 2
1285 2399 2
1839 5578 2
1862 4735 2
1404 5671 2
1839 3543 2
1835 2195 2
1933 5537 2
1931 5468 2
2819 9848 2
445 470 2
1442 1831 2
2416 9107 2
2155 3759 2
1539 2357 2
2437 4323 2
2436 6452 2
2435 9988 2
2433 4203 2
2432 7518 2
2160 3172 2
2429 7839 2
1239 1912 2
2154 6908 2
1671 4699 2
488 3678 2
390 998 2
2171 6499 2
2184 4054 2
2184 4926 2
1559 3093 2
1563 2268 2
2193 2645 2
2384 8290 2
384 1032 2
1529 2902 2
1523 4290 2
1246 6572 2
2497 2768 2
2493 8478 2
493 3398 2
2492 4585 2
1526 3311 2
350 3522 2
350 5643 2
391 7846 2
2478 4301 2
2222 4224 2
353 519 2
1371 2037 2
2148 3406 2
2148 9418 2
2457 8745 2
466 1890 2
2149 3904 2
1684 1929 2
1193 2476 2
2451 6315 2
1242 1269 2
1370 6241 2
1215 3683 2
1212 1803 2
1629 8471 2
2240 3356 2
2240 7085 2
1350 1480 2
378 7066 2
371 543 2
2331 4038 2
2254 6953 2
2328 2578 2
2258 8782 2
2259 9212 2
2348 4785 2
376 3575 2
1620 8046 2
1216 5438 2
1216 8927 2
2275 5770 2
1354 6572 2
2277 8835 2
1222 5108 2
2286 5336 2
2292 9315 2
1355 4162 2
1208 2853 2
382 1268 2
2223 6454 2
2223 7120 2
2376 7598 2
2373 2423 2
483 8848 2
2225 5375 2
2369 7525 2
1645 3299 2
465 858 2
2361 5179 2
1578 2721 2
366 7614 2
1209 1618 2
2231 4671 2
366 9388 2
1348 8255 2
380 1759 2
475 2558 2
1348 9765 2
2237 3669 2
2634 8261 2
331 1241 2
1735 4311 2
1473 6420 2
1730 7629 2
2648 7794 2
2647 5062 2
2646 6772 2
1165 1503 2
1165 1777 2
2013 2611 2
2638 6014 2
1166 1313 2
1272 7250 2
2631 8161 2
1474 1677 2
1270 2650 2
2626 8453 2
410 2690 2
1727 2722 2
2626 7384 2
406 5175 2
2042 9000 2
2045 3679 2
337 3077 2
1717 5089 2
1322 9728 2
2699 4640 2
1755 2595 2
2694 4602 2
2692 5321 2
1981 2968 2
2689 9090 2
1754 3121 2
416 2552 2
2675 8908 2
327 781 2
1466 4193 2
1171 6040 2
2673 6364 2
456 4759 2
520 2752 2
1468 3304 2
1997 6047 2
1471 3612 2
1999 7021 2
1471 9139 2
2003 7315 2
1274 3507 2
411 4910 2
2117 5552 2
1178 4922 2
2088 7811 2
2543 7430 2
1506 6377 2
343 782 2
1508 3964 2
2532 7258 2
2105 7480 2
2527 4050 2
2109 5560 2
2116 6002 2
1376 4219 2
2120 3953 2
394 535 2
1511 9263 2
1514 2170 2
1184 3014 2
2506 3243 2
2499 4312 2
391 8412 2
2142 2465 2
1383 3068 2
2590 4998 2
2586 2687 2
2585 6411 2
1330 6641 2
2050 5922 2
1715 8082 2
528 9277 2
2053 3097 2
1174 3343 2
1714 7342 2
497 1997 2
2699 9638 2
2058 3141 2
2565 6968 2
1260 3412 2
339 3653 2
541 884 2
2072 2220 2
1332 5097 2
398 7327 2
2548 2609 2
1256 6196 2
6891 7479 2
188 2371 2
4028 9467 2
6847 8061 2
6847 8985 2
189 1978 2
189 4625 2
4996 5006 2
4000 7737 2
3994 4005 2
6863 9350 2
3993 8603 2
3993 5450 2
6883 8724 2
3989 7162 2
6886 8227 2
6833 8047 2
3974 7431 2
5025 5946 2
192 779 2
6924 8911 2
38 668 2
3951 4994 2
3947 7274 2
3947 7028 2
3943 8954 2
734 8482 2
3933 5170 2
3924 8802 2
3924 4735 2
4089 4544 2
620 7230 2
952 7512 2
953 1242 2
4171 4574 2
6698 9606 2
6701 7773 2
955 1484 2
645 7452 2
4147 5797 2
4136 4852 2
4126 6076 2
4125 6024 2
6728 8412 2
6007 7301 2
5995 8054 2
37 551 2
5978 7872 2
4087 4245 2
622 2573 2
744 3197 2
4082 7948 2
6787 8436 2
4987 5920 2
114 1296 2
185 491 2
965 2089 2
6828 7363 2
4055 6086 2
39 6216 2
4050 7348 2
7150 7378 2
1000 4302 2
78 148 2
3802 5329 2
3801 7255 2
109 4902 2
3790 6391 2
3784 6004 2
3783 7398 2
3781 6444 2
3774 8098 2
855 3116 2
727 1559 2
3766 6254 2
5117 7619 2
3758 7019 2
653 3867 2
3746 8567 2
212 4908 2
7160 8651 2
30 3203 2
853 7279 2
3740 8075 2
3738 8782 2
3735 4084 2
5828 7832 2
1011 7906 2
3734 7200 2
3724 7274 2
3872 4965 2
3921 9116 2
5043 5344 2
6974 8812 2
6977 7738 2
7002 9602 2
3898 5238 2
7020 7345 2
651 4212 2
3891 6328 2
5935 6138 2
3888 4276 2
3878 4845 2
5928 7047 2
4943 6441 2
990 1341 2
3862 7798 2
5087 8819 2
77 1547 2
5097 9656 2
3852 4754 2
3838 4322 2
5892 9931 2
3820 7393 2
3820 5674 2
7119 8577 2
5875 7122 2
123 997 2
4601 5075 2
618 7678 2
143 460 2
4590 8870 2
6397 9935 2
4550 6252 2
6114 9707 2
4539 7502 2
4532 4727 2
4510 8942 2
907 7458 2
4504 8217 2
611 4715 2
4492 7083 2
568 4504 2
6391 7463 2
4457 9750 2
914 7448 2
4454 5788 2
54 1642 2
6092 6945 2
916 6807 2
639 4211 2
6459 8629 2
6511 8826 2
6089 8441 2
4414 6318 2
4412 6666 2
6521 8417 2
6174 9779 2
889 1436 2
4770 5211 2
6199 8238 2
6189 6313 2
4726 8627 2
893 3070 2
6241 9241 2
4800 5984 2
6258 7938 2
6259 9103 2
4682 7653 2
6176 6273 2
4408 9641 2
6144 7390 2
134 8432 2
6302 9950 2
4811 7483 2
774 6307 2
6325 7390 2
6326 8143 2
6353 9636 2
772 1063 2
4649 5019 2
6362 6830 2
59 3559 2
4629 5132 2
6134 8145 2
4251 9021 2
6071 9265 2
752 7519 2
606 3749 2
939 3689 2
4919 7898 2
606 672 2
605 8788 2
4920 8903 2
752 2539 2
4277 5265 2
6641 9356 2
751 2484 2
785 5618 2
751 1014 2
6056 8805 2
48 7099 2
4239 4348 2
6055 6224 2
945 1008 2
4229 5134 2
173 6021 2
947 3789 2
6050 8596 2
4215 4336 2
4204 7741 2
4200 8758 2
4199 5827 2
4941 8540 2
749 5734 2
4363 5703 2
4406 5115 2
4863 7061 2
4868 8241 2
6541 8479 2
757 4808 2
6565 8492 2
923 8717 2
6568 9110 2
6570 8312 2
4381 5553 2
4374 8169 2
6573 7749 2
6574 7267 2
3751 6523 2
4359 9569 2
4359 5548 2
4357 9849 2
6582 8417 2
6589 7655 2
4872 8970 2
929 9077 2
4907 5701 2
4909 9667 2
4912 6011 2
874 1505 2
163 9242 2
755 5116 2
934 7178 2
264 4816 2
8245 9826 2
625 3182 2
579 7608 2
259 3057 2
3257 3768 2
579 7007 2
3249 4916 2
1074 4541 2
8282 8395 2
5668 6528 2
3239 9088 2
1076 3403 2
5336 7389 2
8332 9430 2
3263 5702 2
8333 8526 2
8347 8900 2
686 1605 2
99 9877 2
5342 6768 2
836 5110 2
8457 9782 2
3175 5932 2
3165 4544 2
3165 3780 2
5351 6923 2
1086 2750 2
5664 9522 2
5659 7673 2
8194 9974 2
5719 7726 2
247 6129 2
8020 9754 2
3325 3909 2
692 5322 2
3323 5901 2
8045 8345 2
8063 9311 2
841 3544 2
5696 7866 2
3318 4532 2
3313 8412 2
3296 5352 2
3140 6651 2
255 2197 2
581 1824 2
3288 7174 2
255 3264 2
689 4290 2
630 4502 2
661 1817 2
1071 5704 2
3277 6184 2
8226 9368 2
3265 5409 2
258 6922 2
2911 2937 2
5559 7299 2
8889 9117 2
5552 9161 2
8947 9866 2
2987 7059 2
2966 6619 2
1113 5966 2
9039 9227 2
2944 6700 2
95 4583 2
5532 8239 2
9160 9183 2
5463 7921 2
1119 2912 2
3000 3479 2
9218 9695 2
0 6863 2
296 6584 2
94 7367 2
1123 3646 2
2895 5162 2
299 2532 2
5482 8319 2
2882 9767 2
5523 9359 2
9722 9823 2
2859 9740 2
3072 4509 2
5373 8313 2
3114 6165 2
8550 9792 2
5646 5724 2
3100 8289 2
275 7984 2
3092 3360 2
8577 9622 2
5422 9899 2
5 6363 2
8684 9674 2
573 4237 2
3065 8149 2
3057 4473 2
1102 2367 2
282 4391 2
8705 9924 2
3032 7438 2
3030 8451 2
1105 8591 2
5427 7550 2
5589 7959 2
5564 5847 2
8847 9097 2
5434 6519 2
23 71 2
222 9875 2
5162 6178 2
223 7111 2
224 3171 2
1031 2991 2
3573 8915 2
3570 9194 2
588 1998 2
7474 8614 2
3548 6848 2
3538 7298 2
3525 3713 2
7438 9987 2
230 401 2
3519 3842 2
7490 7517 2
5184 8859 2
1043 2997 2
3508 3823 2
1044 3430 2
5186 6278 2
3507 5841 2
3492 7717 2
7538 7963 2
7547 9219 2
3471 8267 2
3661 5464 2
7253 7955 2
79 7281 2
7281 7933 2
7292 7547 2
3701 4529 2
7340 8067 2
853 3576 2
217 4222 2
25 5901 2
1019 4973 2
3663 6634 2
219 1406 2
3653 8930 2
3652 6980 2
3640 9076 2
3635 7626 2
5795 6664 2
24 2772 2
5157 5912 2
3620 8316 2
716 4153 2
7428 9704 2
221 2214 2
23 4659 2
5730 7056 2
841 6294 2
7840 8937 2
237 1327 2
5761 7864 2
1052 9557 2
19 2446 2
7723 8684 2
17 6851 2
7824 8347 2
3378 4776 2
105 4610 2
7753 9784 2
1060 2212 2
7812 7828 2
3435 5959 2
5754 7471 2
701 6260 2
3388 4511 2
699 912 2
8008 9510 2
7617 8775 2
5198 7631 2
5287 6213 2
3460 5131 2
5783 8423 2
7599 8256 2
3365 9133 2
7648 9461 2
7881 8906 2
1050 6430 2
7595 8398 2
3468 4907 2
6012 8803 3
1820 8541 3
6141 8660 3
5821 8216 3
1772 9432 3
5516 7290 3
1734 2996 3
91 6726 3
1727 3804 3
5805 9920 3
1869 2365 3
1727 7326 3
5795 9590 3
6010 8601 3
5532 7646 3
5725 7940 3
5972 7058 3
5651 5713 3
1858 4260 3
82 429 3
6059 8771 3
1828 7793 3
1774 2321 3
5679 7423 3
1783 5909 3
5905 9322 3
6065 9230 3
1783 3504 3
1852 5664 3
6082 8201 3
1776 5398 3
1756 2477 3
75 1491 3
1794 4986 3
6134 6214 3
5741 9644 3
6051 7083 3
6110 9157 3
5963 6746 3
5885 8063 3
1744 5682 3
89 506 3
69 693 3
5756 7368 3
6097 8519 3
77 1972 3
5605 7134 3
1481 4391 3
7578 8149 3
7619 8246 3
7695 7870 3
1499 7716 3
1497 9703 3
7736 8672 3
17 1235 3
7801 9161 3
22 6975 3
501 5917 3
7859 9712 3
7954 8161 3
7990 8690 3
11 1887 3
8113 8576 3
503 6269 3
7274 8801 3
486 1761 3
7125 9800 3
1558 2003 3
486 4876 3
7149 9782 3
1547 4264 3
1544 7431 3
7221 9526 3
7240 9505 3
8255 9600 3
1536 7299 3
25 5964 3
7394 9304 3
7423 9263 3
7447 7774 3
1516 2389 3
1513 9084 3
9105 9617 3
8760 8982 3
8763 8960 3
1426 3058 3
8789 9612 3
1425 3674 3
1424 3905 3
8925 9915 3
1422 6786 3
9056 9929 3
9140 9520 3
9200 9530 3
9510 9853 3
9556 9960 3
9632 9947 3
0 28 3
3040 3705 3
506 2334 3
8256 8622 3
8328 8991 3
1456 8682 3
8363 9581 3
1446 5087 3
1445 7723 3
1445 6902 3
7 3246 3
8501 9735 3
1440 1723 3
8519 8941 3
8541 9717 3
1438 1517 3
6 372 3
510 862 3
6600 8828 3
1688 4393 3
6521 7615 3
6536 7777 3
6538 9633 3
6542 9737 3
1671 4594 3
6595 7831 3
1663 5020 3
6453 7944 3
1663 1857 3
6603 7247 3
470 5339 3
48 3611 3
1651 3994 3
472 1104 3
6623 7034 3
463 2151 3
1720 8363 3
6222 6998 3
6255 7826 3
1714 3523 3
63 7541 3
1712 8642 3
6649 7848 3
1706 2115 3
6377 9752 3
6392 7722 3
57 9885 3
6402 8420 3
6405 8712 3
56 1454 3
6451 7372 3
1576 7260 3
1612 9166 3
2054 9010 3
1598 4565 3
6953 9361 3
6956 9914 3
1584 9344 3
1577 8246 3
1575 4564 3
7037 7416 3
7052 7586 3
1569 5502 3
1567 2857 3
1563 5093 3
7083 9531 3
7089 7368 3
1623 7226 3
6676 8493 3
6680 9112 3
1634 2989 3
6681 9643 3
475 9310 3
6686 9993 3
6691 7389 3
6691 9230 3
6693 7985 3
1720 9592 3
6734 7406 3
6736 7704 3
1621 4816 3
6741 8482 3
6749 9715 3
6792 7775 3
6798 9121 3
40 6629 3
3717 7081 3
3630 5419 3
3634 8931 3
3668 5994 3
3682 6257 3
3685 4163 3
3690 9405 3
3699 6158 3
2491 5796 3
2491 3420 3
3709 5520 3
2487 7261 3
3623 6348 3
214 467 3
3734 6414 3
2474 5498 3
3740 8914 3
353 6514 3
3741 6650 3
2462 7428 3
3748 8062 3
3772 7094 3
3507 8481 3
3448 8826 3
2593 8930 3
2592 6288 3
3456 6810 3
337 8462 3
2586 2973 3
235 9652 3
3461 9527 3
2581 6112 3
338 1339 3
3488 5803 3
3509 9442 3
3515 8306 3
3524 7953 3
3579 5319 3
3584 3596 3
3585 7432 3
3598 8230 3
3602 8734 3
3616 5990 3
346 6471 3
4008 4650 3
194 284 3
3942 3987 3
3973 6682 3
2353 8122 3
367 4883 3
3919 4143 3
189 8540 3
4016 8460 3
4039 9287 3
186 4073 3
2319 8732 3
4061 5064 3
4069 5795 3
4073 7346 3
4077 6585 3
3794 6706 3
3804 6407 3
2430 5730 3
205 3856 3
3810 4629 3
3820 3991 3
2417 4139 3
3830 7286 3
202 8053 3
201 245 3
3859 4433 3
2606 3083 3
3861 8502 3
3874 6729 3
361 6659 3
2378 7403 3
3894 8409 3
364 1514 3
364 1648 3
196 6947 3
196 5317 3
3907 7504 3
3090 6066 3
3010 4597 3
3010 8681 3
2789 8792 3
3017 3766 3
3025 6419 3
283 554 3
3073 7451 3
3079 3283 3
3083 3367 3
277 7382 3
3089 4670 3
2761 9196 3
3000 5995 3
3102 5276 3
3112 5621 3
3113 7460 3
3124 8965 3
2743 3406 3
3147 4284 3
3153 8167 3
3155 6342 3
3164 5444 3
2728 3723 3
294 7998 3
2856 3564 3
2854 8111 3
303 1510 3
301 819 3
299 407 3
2904 4503 3
2910 3589 3
2837 3397 3
2834 9269 3
2914 8664 3
3177 7860 3
2935 4276 3
2827 9924 3
2941 7409 3
2949 6172 3
2957 7727 3
2963 7825 3
2972 4619 3
2995 8011 3
2798 3032 3
2998 5261 3
243 2469 3
3342 6168 3
2652 9617 3
331 8141 3
2649 6815 3
3364 9953 3
3366 6631 3
245 7750 3
245 850 3
3377 8198 3
2636 5918 3
3381 7237 3
2656 6568 3
2630 3481 3
3386 8344 3
3401 3639 3
3422 7466 3
239 2608 3
335 9999 3
2623 6960 3
3437 7957 3
3441 9687 3
2614 6841 3
2614 6693 3
2694 5561 3
3178 6910 3
266 6739 3
266 1183 3
3198 8589 3
3200 5562 3
3222 4025 3
3224 6559 3
3239 9434 3
2704 4634 3
3249 3946 3
2697 5402 3
2314 4581 3
3260 3784 3
3281 9612 3
3285 7195 3
3292 4049 3
2662 8510 3
3320 4044 3
330 1670 3
1993 9695 3
4938 7608 3
4940 7310 3
4951 7204 3
2009 9882 3
4963 8861 3
4974 6989 3
115 174 3
2004 4713 3
2001 5925 3
4995 5247 3
4996 5907 3
5034 8666 3
4931 9133 3
5042 5928 3
1984 8066 3
112 815 3
1983 7621 3
5063 7999 3
5072 9215 3
1975 8160 3
5099 9304 3
417 932 3
1971 3344 3
5100 5423 3
4858 5387 3
126 299 3
4802 5556 3
2063 3879 3
125 293 3
2059 6423 3
2059 3196 3
124 1907 3
124 164 3
4833 9194 3
4853 6099 3
1968 2622 3
4861 9803 3
4862 7804 3
2048 5088 3
4915 8096 3
4919 5888 3
2041 4018 3
2037 3266 3
118 6214 3
409 2125 3
2026 4291 3
1917 2264 3
99 1000 3
5360 8355 3
5368 9047 3
1903 6584 3
1901 5342 3
5385 7850 3
429 5849 3
5424 5523 3
1892 3164 3
5441 6701 3
1887 2462 3
1883 2512 3
5463 6268 3
1874 9838 3
5503 6381 3
5512 9711 3
5211 9068 3
5112 6716 3
5114 6297 3
5117 7165 3
5125 6578 3
1960 4614 3
5129 7406 3
1957 5462 3
5139 7861 3
5152 6671 3
5167 6757 3
4781 7237 3
1943 4920 3
5230 6996 3
5237 9511 3
5242 7190 3
5248 7579 3
5281 8419 3
1929 6509 3
424 6684 3
5302 9927 3
2228 4198 3
4279 6234 3
2242 6789 3
4299 7148 3
4321 7132 3
380 667 3
4326 6827 3
4328 4454 3
378 435 3
4336 7418 3
4337 7924 3
2225 3957 3
4354 7009 3
4356 8339 3
4369 6010 3
4374 7040 3
2208 7104 3
2204 4916 3
2194 3376 3
4189 8587 3
4080 5579 3
2305 7711 3
2305 2335 3
4087 6640 3
4122 7140 3
178 193 3
374 503 3
375 2414 3
176 5343 3
4165 6830 3
176 4231 3
4390 4712 3
4192 8164 3
4192 8771 3
4195 8081 3
4219 4875 3
4225 4253 3
4252 6245 3
4261 8674 3
170 1753 3
4679 9079 3
392 1793 3
2131 5306 3
4639 5131 3
2124 7317 3
2121 3591 3
4669 7671 3
4678 6421 3
2114 3713 3
4620 9416 3
4686 8799 3
4687 9117 3
2102 2592 3
4695 6318 3
2087 6200 3
130 3757 3
4770 8554 3
126 621 3
4452 8202 3
4398 6105 3
4402 8822 3
161 528 3
2185 2407 3
4410 6082 3
158 7017 3
2171 2571 3
4421 9606 3
4427 6514 3
390 2856 3
2161 3256 3
435 1218 3
4465 8659 3
4467 8368 3
4469 5958 3
148 5976 3
4545 9248 3
4572 4885 3
4580 5997 3
4597 8272 3
4606 8417 3
2136 3582 3
906 7023 3
1154 1280 3
629 4343 3
730 779 3
1002 6803 3
1053 5372 3
1349 3532 3
1218 7903 3
914 1829 3
676 8854 3
953 4892 3
806 8131 3
999 6982 3
686 1842 3
943 5505 3
593 4110 3
1020 4126 3
1174 1767 3
1230 6515 3
1178 1496 3
538 4753 3
720 5697 3
807 6114 3
1208 5937 3
695 1185 3
868 2278 3
861 6416 3
864 3571 3
589 6465 3
751 5391 3
633 5921 3
864 2800 3
698 9560 3
1157 5199 3
1118 2735 3
697 1072 3
1305 9743 3
921 2202 3
1305 4538 3
589 3411 3
545 9211 3
1330 1729 3
898 4523 3
1330 6071 3
1055 7200 3
554 5495 3
837 1819 3
1086 7342 3
1090 6984 3
1358 3321 3
882 8631 3
1268 7844 3
963 3894 3
1010 7712 3
839 2345 3
962 3186 3
851 6864 3
738 4568 3
802 3693 3
1263 1475 3
1229 2597 3
689 2056 3
1044 4849 3
831 2327 3
1135 4122 3
691 3897 3
873 2971 3
1348 3611 3
1233 7977 3
1241 2500 3
773 4392 3
669 4316 3
804 975 3
590 9926 3
966 2761 3
775 2551 3
1133 1595 3
1180 1964 3
774 8790 3
1262 3964 3
1407 6936 3
1120 9930 3
569 2797 3
779 1396 3
1230 4359 3
741 4634 3
1340 1602 3
1114 7980 3
823 3144 3
741 929 3
5660 8807 4
5764 8393 4
1639 3577 4
4687 9651 4
535 2492 4
5689 7912 4
3322 5284 4
1354 7293 4
973 5819 4
1023 3022 4
1618 7116 4
1619 2753 4
2263 7515 4
6939 7946 4
3601 8500 4
5711 7173 4
893 9067 4
2762 7977 4
610 8678 4
736 2575 4
6929 8246 4
2376 4392 4
2936 9663 4
5752 6557 4
4002 5669 4
4684 7923 4
4675 7077 4
3627 8380 4
2572 6826 4
1902 3274 4
1146 3215 4
294 3187 4
3620 5796 4
5738 6867 4
5663 6661 4
2367 7981 4
4431 8332 4
3341 6599 4
631 2179 4
7084 8809 4
2763 7010 4
86 114 4
807 4247 4
3625 6370 4
6964 8746 4
1028 3010 4
3629 7128 4
7045 7791 4
2726 9835 4
1967 8190 4
3290 3326 4
825 6770 4
93 8391 4
5523 7269 4
2243 2929 4
5530 7080 4
1959 7462 4
7388 7443 4
23 449 4
819 9052 4
5541 8199 4
1362 6025 4
1578 1692 4
1362 2195 4
2389 9284 4
3291 3520 4
1019 2206 4
7366 9833 4
2959 5085 4
817 5407 4
5460 7444 4
3694 5084 4
1561 8659 4
5463 8606 4
710 9928 4
5468 6180 4
711 1023 4
2395 6200 4
4751 4805 4
378 9980 4
1229 6160 4
216 4510 4
1186 3439 4
1565 1778 4
1565 2208 4
7485 8707 4
1186 3427 4
1567 8349 4
5476 5869 4
5480 9411 4
5481 6739 4
4742 7104 4
1185 7012 4
2492 4927 4
94 4865 4
292 545 4
3307 5716 4
814 8371 4
1066 7125 4
7212 8618 4
3309 4020 4
3310 3432 4
4130 6921 4
2379 5988 4
1609 5940 4
923 1765 4
32 587 4
133 1213 4
1357 8846 4
1149 6365 4
5622 8922 4
7149 7945 4
5631 6553 4
422 9733 4
2253 6548 4
2497 3729 4
4135 7632 4
3985 4517 4
1117 3841 4
5557 6424 4
2735 6489 4
5561 6998 4
1587 5656 4
1951 2538 4
255 377 4
7313 7887 4
5564 6767 4
2248 2738 4
5582 8841 4
28 9742 4
3303 9132 4
4721 7816 4
1944 7321 4
5594 7637 4
1944 3160 4
1601 8443 4
4131 8093 4
588 691 4
3437 5758 4
1329 1405 4
2813 9821 4
341 388 4
70 178 4
4508 5701 4
783 2408 4
6121 8533 4
1053 2139 4
1730 9422 4
908 1365 4
1039 8637 4
1815 4170 4
6465 7108 4
3522 7440 4
2862 8604 4
1814 3755 4
3520 5533 4
967 1707 4
2303 2431 4
4039 8589 4
306 4740 4
6169 6545 4
6169 7649 4
6034 7857 4
6042 8902 4
4023 6205 4
3421 9305 4
2877 6085 4
1180 6424 4
1310 4758 4
3427 8202 4
2807 7531 4
6578 9896 4
786 8841 4
440 3166 4
4023 8087 4
440 7307 4
4501 5107 4
2294 8796 4
968 4398 4
2525 6743 4
370 7602 4
1829 2503 4
3536 5711 4
6344 7538 4
4057 8682 4
1786 2254 4
6239 7735 4
452 4944 4
4557 5029 4
4056 5165 4
1322 4073 4
775 4603 4
6345 7263 4
2535 6269 4
1776 5536 4
1775 4654 4
1134 3119 4
2843 9639 4
3475 5592 4
3482 4290 4
3480 4345 4
1767 6860 4
304 2249 4
2853 7224 4
237 3659 4
779 6502 4
765 8166 4
1130 2479 4
532 807 4
2544 6143 4
1742 6348 4
1214 3405 4
6391 9147 4
6187 7132 4
6190 7135 4
3449 6696 4
4041 4811 4
6031 8491 4
1746 6391 4
2823 5203 4
778 4608 4
4563 8354 4
3452 5709 4
3510 9446 4
1316 4658 4
6217 8352 4
1179 2522 4
65 841 4
181 7359 4
5842 9901 4
6819 8893 4
1061 5402 4
2274 5300 4
2568 5446 4
6812 8092 4
5849 6669 4
1029 2001 4
4449 7457 4
40 9363 4
2908 3378 4
1877 2507 4
743 9465 4
797 981 4
1122 1236 4
915 6512 4
2781 9021 4
3371 8934 4
3371 9629 4
6753 9033 4
1031 1572 4
1031 3636 4
533 9899 4
1886 4019 4
3349 9078 4
6915 7408 4
6914 8342 4
1207 2367 4
5778 9349 4
376 745 4
2919 7353 4
802 6250 4
802 5686 4
2270 3842 4
2916 3140 4
3360 8240 4
1174 7058 4
1209 5992 4
1663 5350 4
6871 9807 4
582 6710 4
5822 5907 4
6855 8818 4
800 5405 4
5824 7395 4
1883 3698 4
3984 9787 4
3589 4258 4
6835 7509 4
189 1127 4
791 9244 4
5969 7686 4
1058 4666 4
241 1351 4
5992 7078 4
4475 4774 4
1125 6390 4
960 5329 4
2794 3622 4
5998 9202 4
899 8175 4
4476 4512 4
6653 7604 4
4469 7188 4
6652 7413 4
3406 6176 4
4618 5986 4
789 3142 4
2886 5891 4
789 868 4
3406 6518 4
339 4383 4
6019 6109 4
227 3509 4
1302 8069 4
5889 9162 4
1686 3897 4
1868 8977 4
1687 5010 4
1868 2116 4
1337 1621 4
555 9334 4
2565 6642 4
1861 3242 4
4103 7391 4
225 9203 4
4634 6266 4
2283 9618 4
44 2799 4
793 3809 4
1693 9934 4
6704 6727 4
44 9642 4
1856 6713 4
4468 6893 4
1142 6239 4
2352 5356 4
1334 6630 4
300 6711 4
5178 7229 4
1386 9348 4
5154 8793 4
8381 9369 4
195 249 4
1473 5764 4
8352 9318 4
8351 9556 4
5162 5755 4
624 1981 4
3807 4151 4
2207 7647 4
4801 9056 4
5179 6673 4
5181 9039 4
2429 5358 4
2470 3778 4
2213 4170 4
3797 8412 4
2428 2499 4
4815 9408 4
1163 7045 4
3831 6944 4
681 7970 4
2438 2762 4
4200 7979 4
3830 9307 4
2437 3714 4
576 2299 4
502 9780 4
1465 7959 4
939 1891 4
3822 8173 4
2092 6315 4
8450 9723 4
385 6649 4
594 1899 4
2084 4532 4
8427 9263 4
4808 6779 4
2207 7420 4
3014 9212 4
3788 7682 4
8102 9897 4
1495 8688 4
2419 8546 4
4309 8060 4
8070 9591 4
2594 3364 4
3194 9216 4
102 134 4
2475 4239 4
1264 8062 4
5254 7086 4
2041 2233 4
3783 8341 4
5266 9427 4
3011 6069 4
3011 4230 4
695 6359 4
576 9045 4
3190 7449 4
1159 3807 4
849 9293 4
8246 8797 4
498 3323 4
5205 7520 4
2672 6973 4
883 5715 4
2053 2947 4
3192 7388 4
4300 9951 4
1490 7114 4
405 3423 4
4301 7411 4
4782 8756 4
1158 2940 4
9024 9467 4
1168 7803 4
543 7936 4
9071 9985 4
512 1886 4
4936 9713 4
1431 4113 4
620 3043 4
3118 4418 4
3118 5472 4
4252 6219 4
2140 4705 4
4846 5987 4
2139 5313 4
3863 9911 4
8912 9570 4
984 8310 4
172 2938 4
9848 9922 4
4232 5647 4
3090 4228 4
4873 9604 4
593 9394 4
277 7833 4
669 1229 4
9488 9566 4
9473 9500 4
4893 8326 4
277 9164 4
2137 5938 4
4902 5974 4
1095 5677 4
2162 5521 4
875 2757 4
2625 4459 4
9256 9811 4
3075 7145 4
1092 7903 4
2452 3805 4
2452 3132 4
3053 4829 4
1451 6164 4
5008 6081 4
1453 1590 4
123 9158 4
4825 6843 4
4280 7463 4
5027 6311 4
169 5467 4
8652 9274 4
174 9444 4
883 4889 4
3145 6475 4
1164 1569 4
5038 7886 4
504 3702 4
112 7924 4
5049 8948 4
3920 6529 4
5056 9344 4
3062 3359 4
673 7811 4
1098 4999 4
3123 5833 4
2635 4592 4
2190 3554 4
1443 9435 4
4264 7489 4
676 4489 4
4209 8545 4
271 8841 4
8751 9312 4
1101 8131 4
2641 7556 4
882 7914 4
2018 9159 4
1545 5646 4
2998 8885 4
1521 8556 4
324 597 4
7835 9930 4
658 1888 4
5317 8973 4
1989 2103 4
2696 7596 4
489 2957 4
3744 6018 4
1525 4775 4
3252 4761 4
3736 5026 4
2997 9004 4
3719 6578 4
7886 9254 4
2027 6473 4
290 1132 4
626 1174 4
1268 9718 4
1374 9994 4
5298 5862 4
592 913 4
3706 4134 4
2024 2853 4
2232 2778 4
591 680 4
1531 3512 4
2001 4786 4
7670 9465 4
4333 7266 4
3233 7344 4
5370 7959 4
7706 8452 4
1231 3786 4
7696 7944 4
5380 9690 4
2003 2423 4
2012 5326 4
3222 5779 4
4339 5268 4
4339 4606 4
1275 4395 4
1543 1636 4
707 2548 4
3232 9814 4
3249 4221 4
5407 9697 4
5363 7757 4
7563 9373 4
1979 7609 4
3968 9058 4
7950 8585 4
5459 6905 4
4770 6079 4
15 213 4
1979 8178 4
1073 1139 4
617 1501 4
3773 9140 4
1514 3147 4
1558 2185 4
1366 3240 4
3005 9540 4
3200 6063 4
5296 7740 4
522 7686 4
934 7020 4
163 938 4
13 3027 4
319 817 4
1079 1244 4
787 7851 5
544 1469 5
3483 9164 5
2127 3301 5
4024 9577 5
6052 9281 5
5413 8341 5
4987 8002 5
6078 8733 5
819 9113 5
4031 4289 5
1777 3240 5
3494 6263 5
2127 5970 5
1277 5364 5
4970 9377 5
1958 3125 5
2191 2417 5
4025 8592 5
4891 9205 5
1840 5723 5
1140 1978 5
2642 8300 5
3694 6535 5
2169 5505 5
4607 7951 5
2719 8423 5
2116 7917 5
6025 8117 5
3889 5929 5
5393 5466 5
5557 9294 5
3560 7643 5
2644 5015 5
5550 9295 5
4603 8539 5
5405 7825 5
2554 4508 5
318 2190 5
4836 5810 5
865 2661 5
414 549 5
2123 4534 5
4755 9756 5
6044 7534 5
413 3667 5
4022 4068 5
613 5789 5
4856 7330 5
3880 4563 5
3518 4879 5
1786 1987 5
1800 2422 5
2629 5350 5
2145 8376 5
3704 5018 5
2624 9006 5
4570 6452 5
3881 4367 5
4851 7536 5
2303 8269 5
2830 2903 5
5472 5698 5
5470 7484 5
119 2993 5
4563 9127 5
831 4133 5
4922 8195 5
3971 9908 5
777 2728 5
2626 4749 5
1153 2151 5
450 5189 5
69 280 5
3528 5004 5
1820 1906 5
4957 6724 5
445 3178 5
4959 6048 5
4865 6868 5
832 2631 5
891 5357 5
117 925 5
991 2077 5
784 2240 5
1823 5476 5
3963 4078 5
1825 6877 5
901 3335 5
542 6687 5
2139 5612 5
5432 7764 5
2175 2258 5
3685 6103 5
2182 3034 5
831 8680 5
4845 8868 5
988 1237 5
5513 8299 5
3700 8118 5
6141 8720 5
1991 2170 5
2817 5120 5
4798 9352 5
3646 4906 5
4700 9870 5
3936 4304 5
1889 5284 5
3594 8358 5
210 3915 5
5202 7383 5
2775 3432 5
897 1353 5
4698 6353 5
624 2124 5
2054 7791 5
5216 7076 5
5216 8350 5
973 5499 5
847 3922 5
5228 5971 5
3602 4262 5
5770 7709 5
5618 7155 5
5178 7347 5
79 2809 5
5611 7388 5
2668 8970 5
3590 7278 5
409 9549 5
2669 9148 5
3746 9718 5
2272 4202 5
5316 7250 5
4657 7774 5
3748 7776 5
100 3739 5
801 8122 5
5264 5659 5
5722 7929 5
4772 8822 5
1921 2454 5
3632 8015 5
806 5497 5
972 5187 5
2758 6939 5
208 8379 5
5687 6897 5
3630 3740 5
5267 9699 5
4777 6237 5
2035 7241 5
1267 5361 5
5275 8836 5
2682 5044 5
2255 2921 5
2771 4838 5
2219 2307 5
631 2242 5
82 1725 5
886 9092 5
2048 4752 5
2594 5166 5
2210 4736 5
4689 8153 5
406 2153 5
5657 9943 5
1902 3666 5
325 2792 5
1905 4333 5
2678 7476 5
5253 5927 5
2102 5667 5
1304 9374 5
899 2176 5
5065 6787 5
2285 3850 5
1304 8460 5
5078 6304 5
559 7085 5
397 1467 5
4761 5111 5
3655 3906 5
3828 4561 5
2284 3649 5
3827 8725 5
2011 8621 5
3921 6540 5
864 3129 5
1141 7862 5
140 2241 5
396 1990 5
2607 4259 5
4726 7049 5
5922 6167 5
5984 8356 5
2736 8506 5
5980 7655 5
3660 8440 5
131 606 5
325 7039 5
3660 7989 5
2103 4217 5
1853 9469 5
5864 8986 5
3576 4295 5
4809 5003 5
1942 4291 5
399 1295 5
4645 6221 5
192 4587 5
837 7819 5
400 439 5
885 1068 5
1009 7672 5
5176 7487 5
897 2591 5
3652 5994 5
5912 6539 5
2279 5758 5
1867 2279 5
1033 1074 5
5597 8133 5
395 4404 5
3815 5311 5
1150 4826 5
2783 6061 5
7183 9757 5
243 7747 5
2467 3645 5
8427 9939 5
914 1210 5
3309 9616 5
6737 9856 5
1467 3632 5
480 8984 5
44 2529 5
3038 8904 5
3158 7393 5
6708 9238 5
1209 6211 5
4400 8967 5
913 2961 5
7241 7537 5
8332 9271 5
3034 9496 5
685 6067 5
3371 7949 5
3314 7498 5
1338 8138 5
8390 9434 5
2511 7593 5
6745 9037 5
685 4210 5
2355 9236 5
1108 9860 5
2411 6147 5
2900 4293 5
1611 6384 5
6652 7412 5
1077 1142 5
940 4279 5
47 870 5
8543 9399 5
2995 9329 5
3229 3302 5
2952 3827 5
271 931 5
1712 2770 5
8563 9380 5
1602 3012 5
4196 9399 5
1466 2829 5
7782 9035 5
3389 6750 5
8486 9963 5
492 7449 5
3154 3954 5
29 2020 5
1699 3400 5
8521 9021 5
4133 5347 5
6672 9978 5
4095 5233 5
1489 3480 5
8128 9998 5
8142 8279 5
1197 5309 5
36 3920 5
1626 7050 5
3010 5449 5
3199 8940 5
3009 4024 5
650 2273 5
3342 8983 5
1120 4092 5
1625 6401 5
6944 9601 5
266 483 5
7947 9584 5
3343 8397 5
1638 4443 5
731 3230 5
7025 7257 5
1379 9933 5
1635 2275 5
167 848 5
250 1314 5
1184 6527 5
2421 5833 5
7043 8033 5
1638 9064 5
4115 9265 5
2369 4174 5
1081 2693 5
548 8727 5
2930 5691 5
6832 8446 5
7128 8742 5
499 8313 5
1343 4975 5
1479 6689 5
4297 5023 5
1618 3004 5
477 5496 5
7888 8371 5
2477 4282 5
2910 7571 5
577 8928 5
3168 6330 5
1672 9684 5
3370 6789 5
6812 8265 5
2359 8562 5
3024 3806 5
9 3306 5
6912 8139 5
180 2406 5
285 2770 5
3354 8372 5
6899 9866 5
6899 9012 5
1184 8898 5
2918 4970 5
7923 9859 5
6897 7539 5
1622 1650 5
4438 6484 5
1065 8609 5
8272 8559 5
251 638 5
3288 9593 5
8934 9854 5
2855 7317 5
6400 8562 5
571 1988 5
1052 5382 5
3114 8767 5
7434 9147 5
7441 8231 5
1199 9904 5
21 5539 5
2451 5659 5
458 6428 5
6382 6618 5
3071 3261 5
2326 5576 5
1403 1848 5
354 810 5
666 1838 5
4520 5206 5
1572 7407 5
6457 9976 5
7475 8628 5
3443 7386 5
3443 8497 5
6440 6941 5
1544 5757 5
8915 9909 5
3447 6863 5
4527 8240 5
4051 7809 5
1404 9168 5
3092 9255 5
2320 4955 5
4536 9991 5
2849 4943 5
944 2446 5
1413 3332 5
235 5307 5
1047 3224 5
657 1554 5
3090 6016 5
6308 9264 5
931 1003 5
343 8438 5
273 7008 5
3109 5454 5
1 444 5
278 7692 5
3107 9712 5
9200 9903 5
4144 8549 5
1568 3351 5
4248 6467 5
1548 9134 5
2488 2976 5
6354 8330 5
708 4980 5
7563 7667 5
9286 9959 5
7482 9852 5
9312 9695 5
1418 6449 5
8668 9755 5
1535 7151 5
2388 9114 5
20 166 5
3435 5504 5
3053 8367 5
4379 8360 5
3054 4883 5
2331 3671 5
3290 7908 5
351 2150 5
2962 7725 5
7672 8040 5
2869 8712 5
8810 9255 5
1186 4447 5
6517 8764 5
8812 8975 5
1538 2320 5
4509 6154 5
8578 9021 5
1589 4685 5
2521 4058 5
581 2652 5
2881 8121 5
7328 8884 5
703 1568 5
8607 9036 5
4279 9937 5
721 3852 5
4165 9457 5
1534 3715 5
2497 3330 5
4165 6529 5
8650 9170 5
8878 9665 5
1574 8245 5
7653 9706 5
8814 9209 5
1198 3797 6
1075 7354 6
887 9518 6
7707 9452 6
3731 5159 6
4319 4533 6
5457 8042 6
7981 9647 6
4316 9333 6
3259 8638 6
7764 8693 6
2021 8808 6
5377 5813 6
5314 8621 6
7796 8507 6
2988 8569 6
1133 6904 6
406 5315 6
1557 3950 6
5259 5518 6
21 42 6
1980 2147 6
4158 7997 6
290 5656 6
2408 8575 6
836 3272 6
3213 4530 6
694 1576 6
5316 6386 6
549 2496 6
7650 9462 6
2978 9586 6
5265 5450 6
1992 8905 6
5368 5536 6
322 768 6
2398 6083 6
2985 6210 6
4175 4798 6
2480 5777 6
1013 1091 6
4174 8237 6
5362 7326 6
7786 8691 6
4149 7518 6
1513 4148 6
7786 7929 6
3002 4455 6
381 1762 6
3753 4876 6
176 6882 6
4333 7259 6
3256 9484 6
2590 3727 6
3008 9571 6
3007 6810 6
2230 4285 6
4175 6019 6
1547 4873 6
2687 8318 6
2708 8843 6
2404 3184 6
2025 5252 6
8693 9895 6
5 3375 6
4988 6620 6
4208 6834 6
4265 7938 6
2639 6524 6
1099 4648 6
1448 2206 6
4840 9631 6
4965 7997 6
4964 5736 6
3060 5546 6
1440 5678 6
3862 4010 6
881 5976 6
940 8913 6
4201 9529 6
2648 7860 6
2107 7337 6
1457 3430 6
3835 4849 6
665 2044 6
335 976 6
3142 4890 6
1253 2994 6
8627 8747 6
394 676 6
3134 8930 6
3053 6925 6
2175 4732 6
9165 9578 6
3879 9317 6
4915 8646 6
1 15 6
9269 9745 6
9284 9331 6
874 4281 6
4909 7670 6
2161 2351 6
4907 9716 6
3077 4155 6
2460 5467 6
9660 9928 6
3062 6039 6
4951 9490 6
4944 6156 6
8917 9651 6
2143 5595 6
171 3091 6
3045 3658 6
4935 7271 6
512 6114 6
1428 3886 6
3068 4884 6
4931 5807 6
2461 4035 6
688 1914 6
4793 5845 6
8210 9707 6
3793 6697 6
267 343 6
3180 9935 6
1082 3313 6
5197 7131 6
5196 8183 6
2214 2525 6
2595 7482 6
8296 8791 6
2598 6915 6
3029 8162 6
2599 9233 6
687 1874 6
1160 2237 6
3173 9154 6
3171 9602 6
1379 5039 6
4184 5119 6
4313 8059 6
496 6546 6
4778 5689 6
265 7854 6
2047 2385 6
2210 6617 6
8132 8944 6
103 890 6
103 951 6
3791 4953 6
3018 5867 6
618 718 6
624 4655 6
1195 2488 6
2603 4877 6
3158 4656 6
109 5443 6
3821 6361 6
109 9891 6
2605 5270 6
5101 6320 6
2656 3976 6
8518 9796 6
2202 2432 6
2100 8428 6
4292 6349 6
3031 5900 6
1475 5602 6
8348 8951 6
8348 9061 6
5156 8979 6
692 4922 6
8406 9866 6
1257 1979 6
3812 5879 6
3165 4007 6
2662 7129 6
8431 9719 6
1085 3696 6
4106 5874 6
2275 6854 6
1327 2013 6
780 6299 6
3442 9705 6
2907 8367 6
565 1596 6
2779 2786 6
6829 9649 6
1675 8909 6
1667 5953 6
1882 8292 6
2776 3660 6
2912 3305 6
5823 9114 6
6170 6350 6
6853 9497 6
3590 7488 6
647 5518 6
1664 6190 6
299 2018 6
1300 1499 6
138 1089 6
6734 8398 6
6738 7100 6
6145 6435 6
5889 7951 6
309 2523 6
1870 7929 6
2784 5831 6
5874 8071 6
2356 7460 6
2359 4609 6
2907 4971 6
2907 4998 6
6786 9916 6
38 1787 6
1651 8869 6
1649 9220 6
2267 5225 6
1893 7456 6
135 5923 6
156 181 6
1292 4455 6
373 635 6
1042 3836 6
6389 9421 6
6895 8226 6
1343 5906 6
469 5293 6
1343 9451 6
964 4099 6
4438 5819 6
6173 6942 6
4569 5063 6
80 739 6
1028 5707 6
6175 6714 6
6900 7018 6
2571 5729 6
5780 6634 6
4492 7590 6
151 400 6
2807 9453 6
3429 6887 6
909 8538 6
6585 9011 6
4513 5642 6
2342 8658 6
760 9209 6
1837 5226 6
53 3097 6
2816 5589 6
4490 4704 6
1712 3437 6
4020 9003 6
2340 3720 6
641 8215 6
1726 9075 6
3436 8652 6
4590 5897 6
6071 7156 6
6070 7318 6
6519 9511 6
6626 8864 6
3431 4566 6
1728 2654 6
2874 8636 6
6095 6362 6
785 9128 6
440 2893 6
6512 8262 6
3529 4423 6
2792 9695 6
45 861 6
299 9163 6
367 617 6
1335 8132 6
4631 7018 6
4466 8954 6
1733 3940 6
181 8323 6
43 6433 6
6462 7980 6
2896 3473 6
6143 8611 6
1862 6615 6
1862 9257 6
5916 9751 6
4622 5588 6
6007 6903 6
3556 6962 6
601 7904 6
4020 4442 6
584 2364 6
4622 7717 6
464 3146 6
782 2354 6
6693 7469 6
3563 5658 6
4727 6647 6
965 2905 6
1952 7961 6
2735 4001 6
1582 1687 6
1581 2228 6
720 1592 6
2960 4036 6
6333 6639 6
5541 5728 6
91 3768 6
4733 7545 6
7394 8155 6
3305 8813 6
3311 8192 6
2313 2908 6
589 8528 6
2931 4163 6
7246 7508 6
5590 6286 6
2740 5230 6
6250 8916 6
4385 7443 6
815 6403 6
5571 6296 6
4385 7399 6
416 9895 6
3283 6132 6
2393 4382 6
417 2575 6
4744 7571 6
6303 9456 6
7478 9899 6
1566 8891 6
1564 6979 6
130 954 6
1564 4327 6
257 6969 6
3979 8115 6
7396 8356 6
2495 6525 6
5520 8921 6
4736 7806 6
4737 6879 6
824 7577 6
3978 8184 6
1173 3136 6
6267 6929 6
2585 7031 6
1763 6992 6
3686 7651 6
6376 7457 6
7041 9814 6
7053 8082 6
4423 9172 6
1626 7112 6
185 2866 6
5667 9353 6
4529 9567 6
809 7353 6
2851 7534 6
1147 5742 6
5664 6623 6
1044 3445 6
5661 8305 6
4688 9581 6
7016 7044 6
1324 2102 6
377 7252 6
1131 4572 6
1796 3893 6
3621 3775 6
3622 4982 6
1939 9124 6
5710 7419 6
3334 4469 6
5699 9602 6
2825 3015 6
6230 9107 6
1786 3243 6
5638 7666 6
919 9034 6
1355 6782 6
4702 5007 6
6356 9635 6
1612 7276 6
3652 4195 6
4560 5091 6
6230 8219 6
636 5239 6
5648 7907 6
4536 6202 7
2317 7261 7
2449 3785 7
2550 2661 7
4058 6508 7
4029 8805 7
4247 9833 7
2324 7262 7
906 4269 7
4034 6231 7
4237 7752 7
4519 8307 7
373 2913 7
2537 4081 7
4261 8946 7
2330 5329 7
920 4940 7
2591 9692 7
4693 5639 7
4117 8961 7
2477 8167 7
1232 6686 7
1171 4933 7
2478 3769 7
3989 5963 7
4167 7588 7
4167 7183 7
549 3273 7
2573 6724 7
548 7042 7
1205 8351 7
4183 9993 7
2480 2861 7
2416 5011 7
2225 6315 7
350 1055 7
4157 8212 7
977 2361 7
4147 7651 7
2396 5836 7
930 1123 7
4131 5374 7
161 888 7
4388 9370 7
351 3310 7
2408 2927 7
2481 9412 7
4002 6988 7
161 3996 7
2232 9383 7
3979 4560 7
2402 6804 7
4281 5860 7
4490 5280 7
2345 6761 7
4482 7668 7
4097 4253 7
2433 5439 7
2296 2490 7
356 607 7
2465 5440 7
4605 7744 7
4079 4274 7
2198 2274 7
4670 5794 7
155 5404 7
2424 4809 7
2266 7771 7
4783 8324 7
2596 7890 7
135 4292 7
2422 3248 7
4460 6227 7
4294 6996 7
3933 5868 7
3935 4945 7
2427 2596 7
3408 8044 7
1711 8834 7
1706 5408 7
463 9759 7
3401 9881 7
1698 4626 7
6691 9063 7
644 6425 7
1053 1500 7
6475 8110 7
6477 9250 7
6510 8339 7
6693 9502 7
6566 6787 7
6589 8252 7
1650 4179 7
6872 7322 7
6879 9619 7
739 1122 7
6903 8329 7
3351 5607 7
3344 7296 7
1652 9662 7
1639 2183 7
748 1744 7
3385 7498 7
3384 6985 7
465 1678 7
2899 7691 7
2863 5763 7
1682 6765 7
1680 9259 7
3535 4689 7
3534 8607 7
1812 6596 7
565 5368 7
779 5965 7
1801 3345 7
3555 9087 7
5962 9030 7
3561 5721 7
1850 3605 7
6001 9994 7
2797 2915 7
73 1149 7
2803 8475 7
6044 9831 7
440 5269 7
3472 5318 7
2847 7681 7
6329 9262 7
6345 7170 7
6306 7718 7
6365 9273 7
1752 4820 7
6376 8172 7
6383 7790 7
2854 9597 7
6436 6690 7
1781 5943 7
3514 4777 7
6198 8744 7
230 9278 7
3505 5188 7
2832 3692 7
6288 7426 7
1766 8298 7
1383 3799 7
1488 7339 7
8227 9905 7
688 2265 7
500 5302 7
8324 9568 7
3035 3927 7
15 2846 7
287 7133 7
264 1325 7
7942 8381 7
8444 8720 7
495 5223 7
8027 9717 7
8110 9047 7
9243 9992 7
3 379 7
8944 9795 7
2 5109 7
1429 9836 7
1404 6101 7
1420 9780 7
9438 9464 7
9544 9650 7
1454 8370 7
1086 2517 7
1388 5629 7
1390 9891 7
3043 5826 7
1456 9792 7
3047 5691 7
8630 9589 7
271 3956 7
1452 9795 7
3050 7441 7
483 1243 7
1603 1879 7
7243 8733 7
723 7810 7
28 7575 7
7304 7590 7
2954 7691 7
482 7196 7
30 1097 7
7373 8114 7
7141 8048 7
1627 2444 7
729 2447 7
7103 8624 7
7105 7187 7
7106 7560 7
479 788 7
2944 3870 7
7153 8728 7
1540 7739 7
658 5009 7
3237 3327 7
1535 1821 7
18 6098 7
7757 8900 7
7782 9493 7
698 8998 7
16 332 7
7843 9499 7
3273 5159 7
1112 8800 7
7487 8179 7
1559 7207 7
1545 3821 7
707 4795 7
1543 7940 7
2988 4263 7
7636 9189 7
993 1115 7
2110 2657 7
396 2420 7
395 9347 7
1968 5180 7
5494 5625 7
1964 4792 7
864 7636 7
562 8119 7
1163 1710 7
2711 5754 7
5428 7887 7
5050 8064 7
1977 3261 7
1976 9295 7
5600 9288 7
5573 8689 7
1945 7437 7
5597 5832 7
200 3614 7
1935 5073 7
630 872 7
5016 9816 7
5539 9998 7
5004 7989 7
114 9906 7
3671 4703 7
2038 8622 7
3801 5236 7
5241 6202 7
5180 8267 7
3779 9727 7
208 4171 7
2034 5535 7
5219 5392 7
327 5752 7
103 9791 7
104 3372 7
1262 9786 7
3803 6850 7
103 298 7
3789 6424 7
403 2975 7
5135 5260 7
2703 3694 7
2087 7742 7
837 6168 7
3821 3937 7
623 1089 7
412 5035 7
5162 6603 7
2031 8322 7
2690 5718 7
1007 4257 7
5298 6912 7
840 8374 7
5306 5710 7
5789 9952 7
5795 7161 7
3591 4484 7
3598 8091 7
4900 9551 7
5846 7210 7
5846 9319 7
2164 5773 7
2621 3006 7
2625 3663 7
873 6849 7
1896 6400 7
4922 6695 7
1243 7852 7
428 6611 7
3619 5780 7
428 505 7
5950 8337 7
437 926 7
3565 4673 7
793 1934 7
1033 3716 7
5886 7644 7
4881 9371 7
5870 8244 7
1239 2250 7
2620 5489 7
4898 7906 7
4958 7411 7
5650 6588 7
3624 6232 7
5653 6231 7
2136 4440 7
808 9846 7
990 2729 7
2750 6153 7
4947 5576 7
2144 8800 7
3644 7088 7
3647 8144 7
311 6456 7
871 7991 7
1192 9155 8
1087 6842 8
2981 9986 8
3242 7502 8
3927 4720 8
270 276 8
4195 4516 8
1084 2006 8
3040 3541 8
3910 3913 8
1103 2318 8
3143 4444 8
3126 6279 8
2650 8582 8
577 682 8
2477 2894 8
576 1488 8
3871 5941 8
3011 8308 8
3015 7455 8
3871 9138 8
3013 8882 8
2630 9200 8
3109 9367 8
2601 6938 8
3188 5739 8
3865 7617 8
2623 8343 8
3219 3437 8
3236 9613 8
3814 9142 8
1106 2229 8
3065 6894 8
4056 5942 8
4063 9479 8
3448 6547 8
3448 8643 8
1050 1340 8
972 6856 8
2849 5911 8
186 1810 8
2536 4061 8
344 3159 8
3477 3677 8
2764 4534 8
1125 9844 8
2733 7218 8
2735 5290 8
2736 3914 8
3482 9977 8
600 8760 8
2819 5135 8
2814 7176 8
3532 3916 8
340 9290 8
2556 6352 8
2566 8361 8
2811 6987 8
2810 8459 8
4016 4376 8
555 9125 8
3505 9268 8
2836 8493 8
2768 5429 8
2582 3556 8
2827 8565 8
230 601 8
306 1801 8
3519 7570 8
2820 4009 8
3312 7173 8
1066 3315 8
3765 9858 8
4118 8867 8
2935 6933 8
3733 4710 8
3328 4632 8
3329 3662 8
2490 5916 8
2492 2498 8
3790 7891 8
3329 6017 8
1116 4737 8
2893 6453 8
2587 8325 8
2723 7464 8
3687 9018 8
3680 9454 8
2891 3531 8
960 8579 8
3335 6174 8
1063 5789 8
3725 8683 8
3357 9580 8
2721 7542 8
528 1697 8
1690 4929 8
393 1641 8
42 5875 8
4985 9745 8
1334 9995 8
5028 6443 8
1661 7041 8
6846 9141 8
1671 1796 8
1674 9849 8
4929 8896 8
6772 7043 8
1685 9351 8
6573 8248 8
2093 3624 8
1725 2574 8
2084 7741 8
6525 7429 8
6519 8461 8
5033 9830 8
2106 6347 8
464 767 8
6643 7885 8
6643 7375 8
1255 2961 8
860 4111 8
5093 9015 8
5098 6581 8
1608 6609 8
128 254 8
724 2505 8
7184 8028 8
4789 8336 8
4794 8034 8
1571 3372 8
2247 9644 8
7377 7645 8
2244 4746 8
2244 2312 8
2242 6136 8
4797 5294 8
7372 8839 8
720 3506 8
891 1982 8
1590 6759 8
7278 9827 8
380 1027 8
4867 7982 8
2185 7027 8
1646 4801 8
1654 7506 8
1655 1822 8
6901 7179 8
7103 7630 8
4815 7179 8
5153 9085 8
730 9961 8
6986 9467 8
6985 9864 8
2189 2715 8
788 2953 8
1969 6045 8
440 1518 8
6073 8781 8
1282 2105 8
5542 9282 8
5553 7818 8
5554 6154 8
6018 6113 8
6147 6612 8
5434 7986 8
1825 9223 8
1826 4379 8
6088 7372 8
1295 4696 8
1921 7586 8
5857 5977 8
5853 7417 8
5852 9245 8
5675 8285 8
1926 6952 8
5809 6824 8
1289 7204 8
1908 4351 8
1907 5024 8
1291 3108 8
5738 8249 8
82 7641 8
5748 9537 8
2457 4075 8
5587 6381 8
6015 8726 8
5568 9658 8
1949 5924 8
5993 6447 8
815 4838 8
5967 6652 8
5401 6275 8
5910 7380 8
5878 7555 8
5250 8846 8
1322 4418 8
2040 2646 8
5269 9495 8
6333 7754 8
5272 7349 8
2064 9538 8
1327 9636 8
541 5851 8
6471 9253 8
6466 8319 8
5187 6107 8
764 3606 8
5201 7755 8
409 9325 8
776 9548 8
838 5451 8
5347 8955 8
6210 7766 8
6190 9738 8
2000 2991 8
2028 4378 8
6291 7748 8
5296 7573 8
6282 7186 8
1774 6037 8
63 7607 8
1432 3983 8
2423 2520 8
4464 6853 8
144 309 8
1520 9726 8
1526 9246 8
7850 8946 8
4314 9877 8
7869 9967 8
4556 8488 8
144 3813 8
4554 4932 8
2353 8904 8
9121 9514 8
550 1764 8
8294 9332 8
20 2658 8
1534 4757 8
678 5057 8
915 7138 8
4446 8673 8
1483 2604 8
1402 8169 8
7746 9321 8
7763 9398 8
7778 9820 8
1527 6538 8
4529 7065 8
164 3808 8
1378 1941 8
11 2458 8
8022 8602 8
4478 8113 8
4515 5974 8
1396 9375 8
1494 3548 8
611 2678 8
150 5458 8
2341 9718 8
151 4450 8
506 1924 8
369 3634 8
522 9509 8
9 2338 8
495 2455 8
4540 4968 8
8902 9517 8
1510 6474 8
4324 9284 8
7940 9912 8
547 1593 8
2350 9805 8
8720 9595 8
8901 9289 8
2411 5529 8
9377 9907 8
2257 8287 8
898 3716 8
8396 9996 8
4649 9763 8
7540 9725 8
4692 9622 8
375 3095 8
2279 7971 8
4378 5797 8
926 4242 8
4685 5277 8
2450 9001 8
7458 7969 8
686 9306 8
8506 8532 8
1403 6513 8
4266 8375 8
2445 4976 8
4634 9691 8
1385 4914 8
9198 9281 8
2256 5481 8
942 1080 8
7602 9762 8
6163 6333 9
3055 4156 9
8728 9310 9
6171 6756 9
6212 9096 9
2826 7179 9
6230 6286 9
531 9873 9
1788 8245 9
8632 9413 9
1134 5485 9
8561 8688 9
6 2152 9
2837 9428 9
9222 9478 9
5861 9568 9
5867 6314 9
2782 5102 9
5872 8449 9
3572 7951 9
1859 7887 9
5928 8304 9
1859 3015 9
3564 5291 9
7436 9579 9
5775 7802 9
1895 2705 9
3596 3665 9
5957 9596 9
3588 3765 9
1881 3883 9
6050 6229 9
508 4453 9
2809 9041 9
71 1201 9
1440 9657 9
4 8085 9
3124 9007 9
6133 9291 9
6005 7344 9
9117 9279 9
3561 4590 9
513 1173 9
575 6298 9
5999 6320 9
1308 1394 9
1816 6577 9
8949 9313 9
1841 9086 9
1433 7994 9
3539 8795 9
7720 8042 9
1650 7837 9
2990 4490 9
7644 9213 9
3244 7087 9
3337 3770 9
7608 9152 9
739 8456 9
6843 7805 9
1594 3682 9
7350 9760 9
3277 3371 9
3279 4405 9
2966 4990 9
7381 7795 9
7387 8481 9
716 9839 9
7562 7674 9
7132 9997 9
1555 5051 9
7145 9513 9
1612 9062 9
2974 7030 9
1608 2684 9
3306 3350 9
6388 6632 9
3174 4687 9
637 6378 9
3442 8332 9
3441 8304 9
6476 7204 9
6498 6548 9
689 5898 9
3477 9091 9
62 9126 9
8487 9907 9
1047 5524 9
52 1211 9
1106 3798 9
1702 3253 9
1694 6009 9
3002 4554 9
3000 6507 9
497 8634 9
2874 2883 9
8143 8729 9
1722 6896 9
8114 8849 9
3409 7530 9
1497 7845 9
6627 8932 9
2648 3952 9
4970 8483 9
3848 4125 9
4972 6319 9
2354 5287 9
5026 5904 9
154 8595 9
5030 9766 9
5032 5344 9
4108 6033 9
3833 4357 9
3831 9093 9
4428 8396 9
5084 8025 9
4943 9208 9
4488 9797 9
4959 6328 9
4485 6203 9
2348 7654 9
4475 6889 9
4970 5354 9
4089 6281 9
2061 9682 9
106 6446 9
404 6126 9
2052 8121 9
2493 6605 9
5235 7915 9
2675 5069 9
846 5727 9
2377 6483 9
4404 8794 9
2658 9523 9
5104 8232 9
2660 4627 9
851 8724 9
4396 5464 9
2070 3339 9
4394 8556 9
128 956 9
2562 5426 9
2238 9144 9
615 1833 9
2559 6831 9
614 9734 9
2589 6164 9
2300 2961 9
4790 5034 9
2270 5092 9
895 2710 9
2564 2600 9
130 5894 9
2317 7856 9
196 7210 9
2155 4631 9
620 1021 9
4069 5283 9
3874 8996 9
4072 7530 9
2599 3732 9
3933 8287 9
2546 8415 9
4803 9188 9
4804 6636 9
2545 9335 9
3925 4469 9
2200 2880 9
387 5567 9
4831 9025 9
2610 6277 9
3911 5870 9
4541 6865 9
2317 4856 9
5530 6541 9
2726 7356 9
5543 7569 9
818 1311 9
357 4812 9
4298 5719 9
1196 7123 9
96 8817 9
3729 5980 9
4168 7468 9
5434 5633 9
5447 6067 9
1977 4664 9
216 2642 9
2415 3741 9
5664 8282 9
4250 4458 9
85 6567 9
1025 5217 9
5704 7223 9
5706 6653 9
4226 7316 9
4233 7740 9
3615 5638 9
5740 7470 9
5641 9368 9
1943 2005 9
1194 9642 9
5603 6625 9
2744 4387 9
3643 5799 9
5642 7877 9
1928 2663 9
4218 9845 9
5297 5479 9
1200 7834 9
4146 6780 9
2019 2022 9
4332 5782 9
5255 7360 9
3786 4351 9
5271 7624 9
3779 9508 9
208 8331 9
3775 8543 9
2394 8536 9
5285 5427 9
8206 8284 10
3238 5357 10
7661 8828 10
8491 9355 10
3096 5759 10
4599 8649 10
4262 4903 10
4607 6714 10
3177 7988 10
957 1146 10
9178 9234 10
4469 5286 10
3149 3433 10
962 3068 10
4171 7623 10
4581 5814 10
8235 9035 10
667 4270 10
947 1639 10
4642 6855 10
4235 8515 10
4646 7684 10
4371 9913 10
3186 8994 10
260 8125 10
8230 8780 10
3095 6503 10
8884 8943 10
9419 9993 10
8564 9503 10
21 7026 10
8540 9950 10
4136 5062 10
7577 8375 10
8372 8692 10
4528 7477 10
3119 6656 10
265 4428 10
7964 8384 10
3133 9822 10
4536 5700 10
8402 9235 10
8066 8191 10
8029 9305 10
675 3257 10
4309 7878 10
2 2332 10
11 6339 10
4040 4307 10
3217 6831 10
8408 9867 10
4565 8162 10
4287 5820 10
4542 6800 10
4545 6261 10
7918 9021 10
951 7117 10
3211 9886 10
4552 9330 10
4560 7189 10
8688 9282 10
4562 9224 10
4565 7054 10
3214 3792 10
3472 3913 10
775 2218 10
6289 7470 10
841 9487 10
3468 9400 10
3734 8926 10
3507 6166 10
776 7624 10
3753 5207 10
204 8150 10
6586 8784 10
3418 6495 10
5190 6492 10
5236 7459 10
5234 6796 10
6426 9238 10
5365 8079 10
3442 6753 10
762 2505 10
3440 8334 10
3584 9989 10
5663 5708 10
3578 7264 10
5631 6254 10
5924 6845 10
88 5001 10
5774 9916 10
5713 7096 10
5831 9779 10
5699 7528 10
5685 6712 10
6068 7146 10
5491 5758 10
5556 7779 10
3547 6057 10
3317 8364 10
7107 9694 10
7107 9837 10
595 6171 10
7171 8385 10
3945 7254 10
7216 8160 10
4771 7984 10
3954 7943 10
3332 5072 10
4825 5059 10
4819 5705 10
4814 6500 10
4718 6756 10
4694 9381 10
7298 8887 10
3969 8919 10
4745 8760 10
115 8878 10
4995 8787 10
6705 8604 10
3382 4793 10
6685 7991 10
6735 7381 10
4960 8029 10
754 5743 10
5077 6960 10
861 1203 10
3394 3985 10
3351 5886 10
4881 8253 10
4873 6215 10
3344 6233 10
734 8266 10
3895 8882 10
4844 8867 10
3337 8531 10
6771 9817 10
4928 9287 10
3877 6988 10
4908 6293 10
876 2656 10
1188 4904 10
2471 5515 10
355 1308 10
1194 1570 10
1197 4694 10
2403 5028 10
2402 7000 10
360 2380 10
2555 7046 10
2587 2822 10
2584 8421 10
2582 4446 10
2581 9243 10
1203 8844 10
2541 5436 10
2530 9109 10
2499 6932 10
1223 8257 10
2238 8976 10
381 4207 10
2207 5353 10
2358 3485 10
2378 5215 10
2370 7887 10
2334 9872 10
2306 3613 10
2850 3175 10
2875 3039 10
2819 4441 10
2805 9755 10
2793 5947 10
309 1537 10
1109 3970 10
1121 7927 10
2895 5872 10
570 4896 10
2884 8976 10
2643 7010 10
2640 3068 10
2675 9808 10
2601 4296 10
562 2956 10
2716 9342 10
320 5335 10
1673 5202 10
1339 6334 10
1671 9739 10
1665 3254 10
1630 1984 10
1329 4498 10
1776 9776 10
1757 9957 10
1724 4660 10
1700 9459 10
1687 5815 10
1398 2071 10
1423 4847 10
514 2643 10
1370 6587 10
1485 2919 10
405 2878 10
2031 2440 10
1962 3978 10
2139 5581 10
542 1808 10
1296 7968 10
1870 7577 10
1841 8065 10
533 1743 10
443 4591 10
1314 1380 10
1787 7879 10
1953 4220 10
1939 3380 10
1935 3472 10
1910 8888 10
3056 4090 10
3037 6262 10
1102 3761 10
3465 8687 11
3677 6501 11
2844 7647 11
4945 8163 11
3473 4176 11
5017 9437 11
6937 7947 11
2852 7005 11
6955 9875 11
4182 7037 11
1016 5642 11
8839 9634 11
4193 5193 11
946 4042 11
2157 3900 11
3493 8882 11
4880 5415 11
2464 9195 11
2732 2955 11
1245 5448 11
3485 5693 11
1268 5640 11
5271 9769 11
6836 8228 11
3050 5619 11
4079 5527 11
2020 5862 11
1269 1312 11
3715 9309 11
7810 7882 11
574 5361 11
1655 4462 11
5104 6256 11
104 880 11
585 7115 11
1526 6579 11
6932 8737 11
6880 8198 11
5174 7239 11
2073 3703 11
1660 2870 11
2755 6354 11
4561 6990 11
1203 7842 11
3627 8335 11
1217 1779 11
4548 5719 11
8513 9558 11
7333 7532 11
4545 8429 11
903 2833 11
3584 9693 11
7344 8399 11
4595 9154 11
7522 8613 11
2291 2562 11
4601 9625 11
4600 9965 11
2328 7731 11
8617 9801 11
4587 9029 11
4577 5838 11
2772 4782 11
2772 3183 11
7430 8010 11
7427 9730 11
8542 8654 11
3604 7910 11
7412 8752 11
7405 9328 11
8581 8740 11
146 6253 11
2335 6909 11
4499 6742 11
4429 6532 11
682 9372 11
617 1719 11
1136 4528 11
4763 4992 11
8708 9348 11
4291 7405 11
4814 7983 11
2207 5765 11
4803 8123 11
2823 4991 11
4269 9058 11
7554 8468 11
2263 5141 11
3548 5012 11
7239 7548 11
896 4223 11
4662 5047 11
3556 6820 11
4334 8146 11
7262 8035 11
893 9843 11
4307 7973 11
6530 6690 11
1499 8736 11
3917 7365 11
795 8661 11
3121 7329 11
2952 4683 11
5983 6520 11
6030 8584 11
460 7800 11
6505 7891 11
5986 6100 11
1420 3861 11
1169 9407 11
985 2501 11
5779 7102 11
1900 3495 11
3982 5569 11
3983 6137 11
5824 9708 11
2949 3142 11
1881 8414 11
5350 5879 11
1883 8099 11
800 6886 11
1502 5414 11
1886 8873 11
671 2221 11
1777 2326 11
9565 9991 11
6237 7675 11
6408 9341 11
1107 9808 11
6357 6740 11
8207 8436 11
3811 8926 11
770 9150 11
1773 6160 11
1097 3843 11
325 6918 11
2686 8819 11
1495 8996 11
1742 2569 11
497 1177 11
6162 7664 11
1738 8476 11
3861 7092 11
783 7316 11
3365 5333 11
822 8146 11
6732 8585 11
2567 3220 11
4012 7093 11
4018 6223 11
1954 2383 11
820 5300 11
3205 3292 11
832 7662 11
411 9167 11
2521 8609 11
5473 8778 11
5472 9871 11
244 1128 11
6758 7060 11
3333 5890 11
47 2391 11
1942 7871 11
6620 8704 11
944 7214 12
8173 9623 12
7803 8512 12
8189 9082 12
2669 5355 12
4081 7172 12
4078 8301 12
3796 9945 12
369 1661 12
2479 7222 12
363 6347 12
3969 7768 12
1204 4043 12
8063 9249 12
7930 9207 12
2419 4739 12
2468 5305 12
2400 9396 12
3867 8605 12
603 3697 12
4038 4076 12
7889 9197 12
7553 8325 12
4022 7084 12
1549 9611 12
593 7311 12
4263 6571 12
1167 2537 12
1948 7215 12
5515 9890 12
5782 6415 12
1717 1864 12
1982 4621 12
1712 8377 12
5684 7012 12
5274 7202 12
2039 3934 12
6844 8302 12
1343 4497 12
5427 9358 12
5422 9541 12
5408 7947 12
6789 8416 12
6412 9909 12
6179 6760 12
1312 1606 12
1753 8683 12
1750 5981 12
3061 8506 12
78 5751 12
1719 7033 12
792 5204 12
1727 4368 12
5944 9979 12
4659 8494 12
4658 9449 12
4641 9272 12
2288 9501 12
7205 7220 12
3038 8773 12
7367 9131 12
1213 3742 12
1580 1869 12
2352 3100 12
1218 5021 12
722 5835 12
5043 5827 12
5038 5244 12
648 2010 12
5017 7129 12
5136 7515 12
5102 5466 12
5082 6653 12
4872 6027 12
2192 3744 12
472 4273 12
1638 1811 12
4932 5348 12
7035 9684 12
390 7068 12
8295 8774 12
1050 1549 12
9074 9608 12
516 5456 12
2990 8923 12
2852 3361 12
1075 2698 12
2995 7895 12
8846 9790 12
315 8832 12
3679 7503 12
3419 6041 12
3419 8089 12
2980 4635 12
1391 6060 12
2910 8731 12
2861 3980 12
2865 8277 12
1005 1543 12
1415 6049 12
1455 1915 12
2740 8455 12
2887 3088 12
294 5616 12
3754 4810 12
8958 9932 12
9166 9861 12
2720 6741 12
3396 7164 12
3792 4364 12
3204 9365 12
8692 9688 12
3079 6978 12
3752 4660 12
2888 5480 12
251 5878 12
2927 8204 12
2769 3181 12
1423 3018 12
8416 9460 12
1139 1949 12
3270 8018 12
1963 5040 13
5496 6919 13
3637 7317 13
3626 6189 13
4382 7032 13
97 6958 13
4386 9600 13
1979 5615 13
808 9615 13
19 5551 13
9081 9135 13
1900 9100 13
5732 7734 13
428 8084 13
4112 5558 13
701 9710 13
169 8852 13
5588 6305 13
173 5182 13
3673 8711 13
2462 6336 13
1705 3692 13
5599 8509 13
2452 8679 13
5607 7350 13
2454 2531 13
2810 4884 13
2249 4047 13
1250 7919 13
893 4706 13
3542 7203 13
4934 5483 13
1228 3084 13
8694 9178 13
1637 2157 13
5061 7127 13
4684 8715 13
665 2644 13
1629 4213 13
7098 8364 13
1237 8648 13
4854 7494 13
4905 6920 13
1232 4717 13
7147 9617 13
2147 6723 13
4894 5129 13
3090 6341 13
3494 9085 13
2835 6100 13
3075 5221 13
1028 1552 13
2355 2788 13
3610 6852 13
910 3970 13
2049 4037 13
4412 5735 13
4403 6800 13
39 3972 13
1571 6482 13
5299 5783 13
6823 9788 13
8535 9491 13
2089 9689 13
5105 8481 13
2787 5698 13
6903 9761 13
5086 5090 13
4617 6016 13
1128 5435 13
237 6551 13
6884 7705 13
2318 5173 13
2323 3557 13
4531 8616 13
5158 8541 13
5928 6898 13
1861 2394 13
1314 2920 13
1483 3110 13
3842 8434 13
2953 8405 13
6235 8357 13
6257 8465 13
3300 8668 13
2646 4166 13
992 5876 13
12 6439 13
3976 6916 13
6462 8474 13
1384 8825 13
597 984 13
6022 8404 13
5960 7139 13
985 9445 13
5956 5983 13
1170 3287 13
2607 8473 13
3913 4283 13
2697 8743 13
6576 7892 13
3212 9013 13
8182 8617 13
6294 7314 13
2998 5303 13
347 8616 13
3809 4948 13
531 6702 13
6306 9628 13
5793 8391 13
1767 3959 13
1618 6550 14
5183 5386 14
850 1498 14
5197 9575 14
8048 9563 14
541 9702 14
7311 7902 14
3897 5330 14
3252 9524 14
390 1880 14
903 1259 14
2069 5766 14
2318 5176 14
230 4216 14
3152 5080 14
3903 5540 14
4875 8259 14
5263 9519 14
2772 3001 14
1211 8833 14
6346 8949 14
6048 8295 14
123 5680 14
301 8140 14
1209 5351 14
1105 4874 14
2057 4709 14
8554 8993 14
4846 9130 14
2980 7928 14
3087 7325 14
283 9498 14
8876 9048 14
1609 6948 14
2682 9876 14
1347 2162 14
6204 7331 14
678 1863 14
1037 2080 14
1637 9971 14
4716 7283 14
7184 9721 14
2849 7911 14
3845 8984 14
1128 3213 14
5102 5840 14
1044 6324 14
780 8750 14
2089 6781 14
3153 6983 14
1653 5259 14
2102 8078 14
7249 8551 14
2276 9774 14
5037 5541 14
4902 8385 14
723 6694 14
7147 8410 14
5081 7789 14
7565 8653 14
4313 9515 14
5493 6385 14
1328 5884 14
1465 1679 14
5933 9501 14
4337 7770 14
1186 4234 14
2411 3722 14
4254 5242 14
5897 6496 14
4209 6331 14
5640 8517 14
2705 7433 14
2733 8043 14
5630 9598 14
4282 8100 14
4191 8738 14
4266 5769 14
749 6491 14
4197 7219 14
5392 7745 14
3981 6321 14
5994 8935 14
2497 3234 14
3697 8544 14
4397 4924 14
1309 1922 14
3946 9572 14
1126 3055 14
8525 9962 14
630 6374 14
3405 8236 14
715 751 14
6773 7133 14
3019 6821 14
4361 7372 14
1993 3824 14
3982 9136 14
963 5644 14
2185 3712 15
768 7978 15
1886 1985 15
9649 9698 15
250 3393 15
1772 5662 15
6635 8939 15
729 4729 15
2925 7973 15
5781 5834 15
5784 7622 15
7092 8721 15
672 7566 15
5198 7721 15
2890 5555 15
2006 4048 15
6747 9299 15
739 2872 15
6120 7865 15
5424 7415 15
5328 6325 15
815 4121 15
3238 7206 15
3231 5673 15
112 5002 15
6719 7884 15
5134 6404 15
2082 9069 15
2081 4338 15
3289 8600 15
2912 3962 15
5939 6720 15
6154 9397 15
4114 8499 15
4600 5381 15
8650 9214 15
3709 9819 15
8399 8640 15
1453 6310 15
3191 6840 15
7302 8940 15
350 8032 15
2301 5367 15
2566 9775 15
2553 7657 15
2256 8224 15
3156 9338 15
494 5289 15
2519 7524 15
4551 6481 15
7525 9610 15
3016 6272 15
7545 9156 15
157 9474 15
920 6797 15
3586 5192 15
2453 3255 15
3663 9983 15
4248 5246 15
7664 8855 15
4311 8883 15
935 3484 15
4472 9387 15
2771 5902 15
2770 4988 15
2741 3617 15
3893 7813 15
2658 9666 15
2656 7168 15
1163 7109 15
1161 9185 15
4733 9438 15
3765 8273 15
270 1188 15
5 2111 15
3875 6595 15
8225 9129 15
576 5787 15
8146 8820 15
1092 1617 16
314 3051 16
89 995 16
550 961 16
646 6487 16
3806 8989 16
3099 6593 16
926 2002 16
329 2246 16
7541 7769 16
606 8021 16
2643 3227 16
4353 8518 16
8493 9292 16
4316 6440 16
2401 9427 16
4331 5080 16
3941 9966 16
8307 8315 16
3943 7799 16
4054 5251 16
2593 7820 16
71 5731 16
3715 8520 16
1479 5747 16
8005 9752 16
2521 3609 16
1419 3280 16
971 1993 16
9302 9793 16
9296 9675 16
13 1041 16
6139 6813 16
9087 9887 16
462 9842 16
6082 7689 16
3331 7888 16
8403 8846 16
3697 6238 16
6109 6558 16
1909 2516 16
302 5066 16
8636 8987 16
3441 8776 16
2280 6311 16
4507 9346 16
402 4067 16
6875 8718 16
3433 8086 16
5214 7500 16
151 3711 16
851 9670 16
903 3760 16
903 7665 16
2317 4064 16
4900 6422 16
1134 4788 16
4853 7995 16
867 1247 16
36 1938 16
2851 8722 16
1037 1716 16
919 7582 16
4465 7370 16
6845 6966 16
3037 8346 16
3967 7972 17
121 2680 17
8136 8444 17
1849 9737 17
677 5655 17
3167 6053 17
7242 8447 17
877 8508 17
5937 7659 17
4014 6954 17
2965 5514 17
4349 4542 17
2799 7492 17
7238 8874 17
4352 5683 17
968 8340 17
6157 8386 17
2230 4897 17
121 811 17
3878 7758 17
3182 9870 17
209 599 17
6461 8039 17
9555 9809 17
87 132 17
658 4434 17
7634 9053 17
807 4616 17
2488 7935 17
4501 8557 17
561 1855 17
1322 5717 17
4499 4848 17
5198 9106 17
2443 5936 17
456 2933 17
2828 9862 17
3353 8353 17
1978 8366 17
7796 9439 17
7535 9261 17
3030 8655 17
5036 7468 17
5836 6604 17
4865 8748 17
1900 4180 17
915 6825 17
701 2281 17
9735 9969 18
1471 9386 18
7347 8768 18
3084 4365 18
11 1507 18
7901 9514 18
52 4172 18
1724 4834 18
1340 2363 18
1376 3167 18
1354 8645 18
1681 7157 18
5341 8206 18
5157 6707 18
963 8498 18
3803 6463 18
5570 8030 18
3805 7699 18
3833 6668 18
2248 3245 18
4513 5076 18
895 3858 18
2347 4480 18
4499 6398 18
2280 6201 18
4220 4317 18
4844 7941 18
2430 3033 18
1809 5945 18
3195 7445 18
1846 1937 18
2884 5403 18
294 423 18
1119 3218 18
1080 5411 18
1286 9925 18
427 6866 18
5733 8424 18
1761 3908 18
3603 5222 18
267 5746 19
1410 2239 19
241 8534 19
7319 8896 19
4312 5859 19
571 2073 19
2392 5627 19
2405 7597 19
1065 5295 19
8620 9489 19
3728 8840 19
1182 9564 19
1445 6413 19
6880 6931 19
461 2751 19
2080 4236 19
1657 5544 19
542 5145 19
90 9414 19
5521 7357 19
3075 4707 19
6812 6957 19
409 6155 19
6171 8739 19
6228 7909 19
1233 7073 19
6130 6692 19
126 2196 19
1323 6473 19
615 4954 19
2276 9403 19
2285 4859 19
1060 8702 20
219 4372 20
456 8999 20
6477 7685 20
5641 6774 20
8382 9032 20
1153 9354 20
3539 8188 20
1040 7533 20
1738 4637 20
2761 6616 20
8522 9431 20
1324 9324 20
2763 6555 20
2170 3476 20
2212 6013 20
7601 8373 20
2444 4456 20
886 5160 20
4490 5486 20
372 1034 20
4695 7561 20
3889 4119 20
6831 9070 20
3941 4416 20
688 4768 20
816 3275 20
2693 7680 20
3751 8280 20
3750 9863 20
1981 8730 20
3845 6193 20
2518 2984 20
4058 9585 20
Total MST weight: 18920
Execution time: 0.925278 ms

Algorithm: Prim's MST
MST edges:
0 1 -3
1 6485 -4
0 2 -1
2 14 -4
14 167 -5
167 1683 -5
167 6581 -4
2 5169 -2
2 4 -1
4 1202 -1
167 1768 0
1 3 1
3 8228 -5
0 67 1
67 544 -5
544 3961 -5
67 3802 -4
544 8176 -4
3802 2118 -3
544 5148 -3
3802 6084 -1
6084 805 -4
805 1980 -3
1980 2119 -5
2119 4605 -5
805 7076 -3
2119 9486 -3
805 603 -1
603 4105 -4
603 391 -3
391 552 -3
552 864 -2
864 4149 -3
4149 847 -2
391 5312 0
14 471 1
4 1103 1
1103 9470 0
1768 2584 1
2584 2164 -4
2164 6749 -1
2584 784 0
784 3362 -4
3362 4568 -5
3362 7872 -4
4568 1364 -2
1364 3035 -3
3362 3590 -2
3590 8271 -4
3590 6080 -1
6080 8556 -4
2584 1688 0
3035 3139 0
6080 917 1
917 2347 -5
917 6793 -4
917 2839 -2
2839 517 -2
517 696 -5
517 5584 -3
2347 9303 -1
917 7191 0
3362 1486 1
1486 812 0
812 1904 -3
812 5759 -3
5759 8848 -5
1904 4527 -2
4527 7931 -4
7931 1895 -5
4527 5150 -3
5150 8657 -3
4527 9360 -2
812 6981 0
6981 4032 -1
4032 2851 0
2851 6634 -3
2851 3282 -1
1486 8696 0
8696 6646 -4
6646 7063 -3
3035 4818 1
4818 2411 -2
2411 5666 -4
5666 7899 -5
2411 6650 -4
5666 1884 -3
1884 6205 -4
6650 35 -1
35 831 -2
35 2795 -2
2795 7152 -3
35 22 -1
22 6191 -5
7152 3518 -1
3518 1301 -3
831 9936 -1
22 21 0
21 3647 -5
21 3286 -3
3286 629 -5
21 8860 -3
8860 4779 -2
3647 8969 -2
3286 7379 -1
7379 2901 -1
2901 1524 -3
2901 2723 -3
2723 7301 -3
1524 3210 -1
3210 5502 -5
5502 6582 -5
5502 8988 -4
8988 9722 -4
8988 490 -3
490 41 -3
41 49 -4
41 77 -3
77 5177 -5
41 3271 -3
41 7232 -3
77 865 -2
865 3579 -5
7232 2522 -2
77 4760 -2
865 9066 -2
9066 739 -5
2522 2480 -1
2480 518 -5
2480 6851 -5
518 556 -1
8860 8619 -1
1524 9202 -1
21 32 0
32 7633 -4
41 64 0
64 420 -4
420 7625 -5
3518 4758 0
22 7069 0
7069 2066 -3
2066 1240 -5
2066 468 -4
468 673 -4
2066 6034 -4
2066 6622 -3
673 3938 -2
7069 894 -1
894 967 -5
967 6520 -4
6034 5966 -1
673 7591 -1
7591 7778 -2
967 274 0
274 159 -4
159 1986 -5
159 4761 -4
159 60 -3
60 525 -5
525 8670 -5
525 3989 -2
8670 4110 -2
4761 9231 -2
60 523 -1
523 3283 -5
3283 3467 -2
3283 6524 -1
6524 755 -1
755 1142 -4
1986 7922 -1
7922 5067 -3
5067 4599 -4
4599 761 -4
4599 6276 -2
6276 4109 -4
6276 2387 -2
2387 5209 -4
4109 7416 -2
5209 290 0
290 698 0
3989 4822 0
4822 2001 -5
2001 3434 -3
3434 3831 -3
2001 983 -2
983 1159 -5
3831 2685 -2
2685 475 -4
475 1291 -3
3434 3392 -2
1159 3537 -1
3537 4830 -1
9936 7816 0
7816 5083 -3
8969 9314 0
5177 9526 0
9526 780 -5
780 7435 -5
7435 6818 0
6818 3449 -4
3449 1470 -4
1470 9758 -5
6818 7638 -1
4818 9857 0
2723 12 1
22 44 1
44 79 -2
44 190 -2
190 988 -4
988 6628 -3
6628 7012 -4
6628 8881 -3
79 229 -2
229 6874 -5
79 1343 -2
79 2443 -2
8881 9909 -2
9909 3565 -5
3565 2823 -5
3565 9535 -3
2443 6323 -1
79 82 0
82 7940 -1
988 1264 0
7012 2221 0
2221 9855 -4
2221 8101 -1
2443 2659 0
2659 4221 -2
4221 7075 -4
2659 1153 -1
1153 1947 -3
1947 9275 -4
9275 8710 -5
1153 1627 -2
1627 7193 -3
8710 3873 -2
3873 1314 -4
1314 7765 -3
1947 4505 -2
4505 2090 -5
8710 7784 -2
1153 2964 -1
4221 4887 -1
7193 8857 -1
7765 1597 0
1597 1417 0
1417 5877 -4
4887 2841 0
2841 2598 -5
2841 6355 -4
6355 4615 -5
4615 2717 -2
2598 2295 -1
2964 5214 0
1947 8193 0
8193 6467 -3
2841 9051 0
229 9336 0
64 157 1
77 233 1
233 3455 -5
233 9763 -5
233 706 -4
9763 5334 -4
5334 4546 -2
1153 242 1
242 488 -4
242 3779 -3
3779 7154 -3
3779 9447 -3
9447 5968 -5
488 927 -2
927 1883 -4
1883 4326 -2
4326 7272 -4
7272 3044 -4
3044 3902 -5
7272 4521 -4
4521 2017 -5
4521 8980 -5
4521 9735 -5
4326 8448 -4
8448 1415 -2
2017 1892 -1
1892 3990 -5
242 857 0
857 1118 0
3990 2048 0
2048 405 -5
2048 2293 -5
2293 8437 -3
8437 9186 -2
2048 141 -1
141 7238 -3
7238 7340 -3
141 16 0
16 7785 -1
2048 2877 0
2877 9038 -2
405 4046 0
4046 943 -4
943 1411 -5
943 9653 -4
943 8831 -2
405 9771 0
9771 5379 -4
988 347 1
347 2509 0
2509 632 -2
632 92 -5
92 994 -5
92 3632 -4
3632 4725 -3
4725 3498 -4
3498 9175 -5
9175 758 -3
758 1840 -4
9175 5143 -2
3498 1847 -1
1847 1898 -5
1847 207 -3
3498 3898 -1
3898 936 -4
936 1410 -4
1410 7562 -4
3898 7849 -1
758 8276 -1
8276 357 -5
8276 7470 -2
7470 4417 -1
4417 1432 -5
1898 9021 -1
936 623 0
1410 4169 0
4169 3777 -4
3777 2055 -5
2055 2181 -5
2181 1465 -3
1465 3016 -3
3016 1896 -5
2181 8783 -3
3016 9009 -3
1896 3005 -2
4169 26 0
26 1101 -5
2509 7336 0
7336 3718 0
3718 985 -4
3718 511 -1
511 9106 -4
9106 537 -5
9106 1262 -3
1262 684 -5
684 814 -5
1262 8469 -5
814 9817 -4
684 344 -2
344 645 -5
3718 5455 -1
5455 8004 -4
8004 8288 -4
8004 9764 -3
9764 2051 -3
2051 2046 -3
2046 4411 -5
2046 2226 -4
2226 2426 -3
2426 2081 -4
2051 7896 -3
8004 7392 -1
7392 6607 -4
6607 4150 -4
7392 7271 -4
7392 392 -2
392 3633 -5
392 320 -4
392 456 -4
456 143 -5
392 529 -4
529 9816 -5
392 1748 -2
1748 8147 -5
8147 4458 -4
4458 3745 -5
3745 5071 -3
1748 203 -2
203 6264 -3
6264 9006 -3
3745 1398 -2
1398 8597 -3
9816 3623 -2
320 7133 -2
7133 9466 -5
7133 8491 -4
320 315 -1
315 289 -3
143 1265 -1
2046 7883 -1
7883 7965 -5
7965 8283 -1
684 9382 -1
9382 5397 -4
5397 1704 -3
1704 8177 -4
5397 414 -2
414 9277 -4
9382 892 -2
892 869 -4
2226 481 0
481 311 -1
481 583 -1
311 2163 -1
344 4987 0
4987 9683 -3
9683 6265 -2
892 7024 0
7024 6591 -4
7024 6556 -3
6556 6311 -4
6591 7209 -3
7024 4355 -2
6556 6381 -1
4355 8079 0
8288 8208 0
6381 8311 0
1847 8362 0
311 9 1
9 50 -5
9 663 -5
50 153 -4
153 4888 -5
50 5798 -3
5798 226 -5
9 7192 -2
7192 3062 -2
50 81 -1
81 4799 -4
81 93 -2
93 8278 -3
50 6046 -1
6046 1160 -4
6046 2560 -3
9 9241 -1
9241 7900 -3
9241 1853 -1
1853 5494 -5
5494 5009 -4
5009 8058 -1
9 1360 0
1360 1731 0
1731 6565 -5
1731 1916 -1
226 3758 0
3758 8073 -5
3758 8775 -4
6565 8034 0
5009 8171 0
8171 3566 -3
3566 3355 -4
3566 6973 -3
6973 620 -4
8171 7920 -3
620 866 -1
866 1620 -2
1620 727 -4
727 3603 -3
3603 7270 -2
7270 1502 -2
1502 2135 -4
1502 3417 -2
2135 4322 -1
8171 5806 -1
866 9121 -1
9121 5891 -5
9121 8658 -4
9121 977 -2
5891 1068 -2
1068 8523 -5
1068 4763 -4
4763 1245 -3
1245 307 -5
1068 6751 -3
6751 4449 -4
4449 6879 -4
1245 7574 -3
307 2666 -2
9121 796 -1
796 4839 -2
4763 5830 -1
5830 2166 -3
2166 5784 -3
5784 6794 -1
866 3622 0
866 4866 0
1160 8669 0
5494 9389 0
9389 9583 -5
9583 8647 0
81 300 1
6311 326 1
326 9436 -4
326 7693 -3
7693 1238 -1
1238 9302 -5
1238 7062 -4
7693 9263 -1
7062 7473 0
1916 364 1
1417 393 1
3566 431 1
431 1966 -2
537 495 1
495 465 -4
465 759 -4
759 7344 -3
759 9423 -3
9423 6512 -2
6512 1857 -1
1857 1284 -1
6512 5517 -1
465 575 0
465 1024 0
1024 8583 -5
1024 4747 -3
1024 1338 -2
1338 1809 -1
465 6350 0
7344 8568 0
8568 4481 -1
4481 6813 -1
4481 8527 -1
8527 6185 -5
6185 5352 -5
8527 8590 -5
5352 7787 -4
6185 2085 -3
6185 5032 -3
8527 140 -2
5032 220 -2
8590 1373 -1
6185 2510 -1
6185 5733 -1
220 8563 -1
8563 661 -3
661 7497 -5
6813 263 0
263 106 -5
263 358 -5
263 7864 -3
661 524 0
524 6917 -3
524 248 -2
248 286 -5
286 9826 -5
286 337 -4
337 8261 -5
286 2360 -4
8261 4445 -4
4445 1772 -4
1772 4730 -3
4730 4019 -5
4730 8723 -2
2360 1575 -1
4445 9366 -1
4445 9781 -1
9781 5156 -2
5156 217 -4
217 3654 -5
3654 273 -5
217 4917 -5
217 2284 -3
217 7118 -3
217 1197 -2
4917 4908 -2
4908 1923 -2
4917 120 -1
120 1638 -5
1638 2132 -1
2132 6087 -4
120 3664 -1
3654 8328 -1
8261 9822 -1
220 3049 0
8328 4438 0
2510 5522 0
5522 395 -2
395 4152 -1
4152 2031 -4
2031 572 0
4438 5817 0
5817 6052 -3
6052 749 -3
749 3453 -2
3453 5147 -3
3453 547 0
547 6393 0
6393 3202 -2
3202 569 -3
569 550 -4
6393 6737 -2
6737 2345 -2
6737 9557 -2
9557 3615 -5
6737 1196 -1
9557 1703 -1
1703 7934 -3
7934 5504 -3
7934 4966 -2
4966 9143 -4
9143 6971 -4
6971 2671 -3
5504 9582 -1
1703 108 0
108 4178 -4
108 2796 -3
4178 9525 -3
9525 2080 0
2080 9435 -2
9435 1429 -3
1429 2344 -1
2344 235 0
235 1803 0
1803 2583 -2
1429 3469 0
9435 3568 0
3568 8392 -5
3568 4146 -4
3568 8081 -4
8081 2808 -4
8081 5229 -4
5229 3969 -5
5229 4962 -5
5229 3057 -3
3057 2063 -4
3057 6575 -4
5229 5570 -3
4146 9477 -3
9477 664 0
3202 3992 0
3992 6352 -3
3992 887 -1
2080 5585 0
3049 6829 0
6829 8811 -3
2671 6844 0
3654 6884 0
2085 7173 0
7173 2482 0
3568 7185 0
7934 7484 0
9582 7613 0
1024 8662 0
8662 5926 -3
5926 3324 -5
661 8807 0
3049 8824 0
8824 2244 -4
8824 3773 -1
3057 9481 0
4481 9539 0
108 100 1
100 355 -5
100 627 -4
100 4360 -4
627 3546 -3
100 6665 -3
4360 9899 -3
6665 2683 -2
100 795 -1
2683 1379 -1
1379 147 -4
147 5905 -5
147 75 -4
75 6730 -5
75 46 -1
46 43 -1
43 2425 -3
6730 735 -1
735 9339 -4
9339 6845 -5
735 9965 -2
147 4950 -1
100 7690 -1
120 144 1
1575 179 1
179 8573 -1
8573 4813 -1
9965 241 1
241 71 -3
71 314 -3
314 2346 -5
314 3177 -4
241 610 -2
71 722 -2
722 6295 -5
722 7004 -4
314 2922 -1
2922 4582 -1
4582 5563 -2
7004 6024 -1
6024 5310 -2
5310 526 -1
5310 3521 -1
526 7149 -1
7149 6743 -1
6743 4436 -5
4436 8298 -5
4436 8003 -4
8003 2818 -4
2818 4823 -2
4823 6431 -2
4823 8001 -2
8001 2716 -4
8001 5487 -3
4823 3212 -1
8298 7197 -1
7197 1129 -4
1129 8945 -3
1129 1356 -2
8945 6258 -2
6258 4274 -2
4436 7325 -1
4436 8816 -1
7325 9243 -1
7004 9506 -1
9506 723 -4
723 3424 -5
7149 933 0
933 7581 -4
7581 6658 -5
6658 448 -1
448 4101 -4
4101 9658 -2
5563 1318 0
1318 2489 -3
2489 849 -5
1318 8965 -3
6024 1490 0
1490 8407 -5
1490 4815 -2
4815 1100 -2
1490 1735 -1
6431 2282 0
2282 5508 -1
5508 3195 -4
3195 31 -1
31 225 -2
225 402 -2
402 2718 -4
225 1221 -2
3424 2890 0
2890 4177 -5
2890 6252 -5
4177 3885 -4
6252 7166 -4
2890 3067 -1
7166 4022 -1
4022 5690 -5
4022 6515 -2
4101 5536 0
3424 7526 0
7526 7660 -4
2818 8445 0
723 8906 0
31 5 1
5 1613 -5
5 1279 -2
5 6 -1
6 96 -2
1613 8545 0
4966 340 1
340 1457 -3
3568 454 1
454 2086 -4
147 515 1
515 1385 -4
515 3545 -4
515 7889 -2
7889 7688 -3
7688 9832 -3
190 564 1
564 2691 -5
564 4194 -2
2691 7244 -1
7244 9828 -2
3773 643 1
758 778 1
673 793 1
793 1299 -5
623 836 1
836 184 1
184 76 -4
76 1069 -5
76 412 -4
76 183 -3
184 612 -2
612 2382 -5
612 3608 -5
2382 908 -4
908 3517 -3
184 2374 -2
2374 7072 -5
2374 2769 -4
183 3912 -2
3912 4919 -4
4919 774 -5
4919 5599 -3
774 4977 -2
2382 4413 -1
4413 7717 -2
7072 8571 -1
3912 8614 -1
1069 9338 -1
76 196 0
196 1783 -3
3517 3593 0
196 3855 0
3855 8772 -3
774 5461 0
5461 4407 -2
4407 4112 -2
4112 6015 -3
5461 8924 -2
4407 4743 0
6205 859 1
3067 870 1
870 3034 -4
870 891 -2
891 1780 -2
1780 6407 -5
6407 9424 -3
3034 3460 -1
5877 982 1
982 386 -3
982 2375 -1
2375 6592 -5
2375 9550 -4
9550 5941 -4
9550 8615 -3
8615 7751 -4
8615 5324 -3
5324 8413 -5
6592 9258 -3
8413 1580 -2
1580 2087 -4
8615 8593 -2
8593 6216 -5
8593 3368 -3
5324 1866 -1
6592 2923 -1
2923 842 -2
2923 7677 -2
7677 3628 -4
7677 6911 -4
3628 2138 -2
2138 6409 -4
2375 5055 -1
9258 6108 -1
842 232 0
232 4252 -4
4252 1529 -3
1529 5297 -3
232 197 -2
232 333 -2
197 479 -2
232 4327 -2
4327 7211 -4
7211 9512 -5
4327 9613 -3
333 8843 -2
8843 3766 -3
479 9083 -2
3766 3782 -1
6216 1192 0
2138 2565 0
2565 6271 -3
2565 4127 -2
4127 4604 -5
4127 6999 -2
2565 8069 -2
8069 1378 -4
1529 2576 0
2576 122 -5
122 29 -5
122 204 -3
29 1995 -2
1995 8378 -2
6216 3390 0
3390 5776 -4
5776 644 -5
644 9814 -2
3390 231 -1
231 208 -1
208 5663 -4
208 1741 -3
1741 2848 -3
2848 6145 -4
6145 7236 -4
6145 1146 -2
208 8047 -2
2848 8823 -1
8823 2932 -3
2932 8152 -4
2932 3800 -3
8823 7472 -1
2848 924 0
208 3540 0
8152 3829 0
3829 9955 -5
9955 6812 -2
2565 3866 0
5776 6821 0
6821 6857 -5
7236 7100 0
7100 3680 -5
3866 7621 0
208 9110 0
2576 9500 0
3866 9889 0
1192 63 1
63 835 -5
63 6543 -4
63 365 -3
365 5438 -2
392 987 1
987 6479 -3
314 1018 1
1018 736 -5
1018 1447 -5
1447 878 -5
1447 6206 -1
9202 1143 1
1143 1976 -1
1976 9648 -4
1976 198 0
198 317 -4
317 2542 -5
2542 7601 -5
2542 2845 -4
317 5812 -4
198 6713 -4
5812 9655 -3
317 4254 -2
317 2136 -1
2136 9930 -5
2542 9536 -1
9536 6952 -4
6952 8880 -5
6952 2995 -3
9930 3841 0
3841 4367 -5
3841 6318 0
6318 3513 -1
3513 3681 0
3681 8788 -4
2542 8017 0
1731 1157 1
849 1204 1
1204 4485 -3
4485 4331 -4
4331 9316 -3
9316 5469 0
4917 1369 1
1369 702 0
702 5858 -1
702 6564 -1
1153 1399 1
1399 9267 0
9267 948 -4
358 1493 1
1493 5535 -5
1493 4570 -2
1493 7824 -2
4570 1952 0
1952 1226 -3
1952 4400 0
4400 803 -2
803 7376 -2
1221 1581 1
1581 7456 0
1262 1591 1
1591 6532 0
6467 1623 1
4761 1671 1
2017 1757 1
1757 9240 -4
1757 478 -3
478 1633 -4
478 3489 -3
9240 4069 -3
4069 3818 -1
3818 560 -4
560 2847 -2
560 6488 -1
560 176 0
2847 2014 0
2014 1854 -5
1854 1199 -5
1854 8238 -3
8238 942 -5
1854 8442 -3
8442 3036 -3
478 1193 1
1193 461 -5
1193 4544 -5
461 9812 -2
4544 9974 0
5830 1979 1
1979 5232 -2
6821 1996 1
1996 6317 -3
1996 6847 -1
6847 1162 -5
1162 2610 -1
2610 6328 -3
6328 3042 0
3042 123 0
123 113 -5
123 2356 -3
2356 2765 -3
2356 485 -2
485 1899 -3
1899 7648 -4
485 5103 -3
5103 5749 -3
5749 568 -4
568 251 -3
251 4778 -2
4778 704 -5
123 154 -1
154 7661 -4
7661 794 -3
7648 928 -1
928 2485 -5
928 4831 -4
2485 4422 -2
928 6029 -2
6029 3388 -5
2485 6788 -1
704 744 0
744 1957 -5
744 9440 -5
744 905 -3
905 7265 -2
7265 2016 -1
2016 3318 -2
2016 2274 0
2274 666 -2
666 6583 -4
666 1275 -3
1275 9571 -5
9571 1066 -3
666 1019 0
1019 3052 -5
1019 1051 -4
1051 3554 -3
3554 7081 -4
4778 4978 0
1162 6454 0
3042 6977 0
6977 6832 0
744 7461 0
4978 7612 0
7612 3825 -5
2485 8258 0
9571 8312 0
3042 8949 0
8949 4764 -1
4764 3915 -4
4764 1943 -3
4764 1658 -2
4764 7955 0
7955 9661 -3
9661 4277 -5
4277 6465 -2
6465 4791 0
154 9544 0
9544 6135 -4
6135 6195 -2
6195 1685 -2
1685 2699 -5
2699 6791 -3
2274 9731 0
9731 6459 0
113 163 1
163 8337 -1
8337 6047 -3
163 438 1
438 5811 0
1658 1016 1
1016 1187 -4
154 1599 1
3318 1842 1
92 2006 1
1704 2007 1
2007 2376 -2
233 2057 1
2057 7560 -5
2717 2220 1
2220 6438 -5
6438 174 -1
174 7998 0
393 2294 1
2294 329 -1
329 4010 -5
836 2386 1
1264 2464 1
2464 4702 -5
2464 4272 -3
2464 6672 -3
4702 1876 -2
1876 2210 -4
4702 3235 -1
2464 5883 -1
1876 843 1
9440 2623 1
643 2687 1
2687 7815 0
6583 2849 1
2849 1696 -1
1696 8580 0
8580 5473 -5
8177 3059 1
3059 4983 -1
4983 2746 1
7815 3060 1
2560 3083 1
761 3144 1
3144 8056 -1
8056 5813 -2
5813 2577 -2
5813 3339 -2
2577 1820 -1
2577 1426 0
8056 5257 0
6479 3311 1
3311 1294 -1
1294 5022 -2
5022 2633 -5
2633 7097 -5
2633 8439 -1
2633 9746 0
7815 3364 1
1899 3399 1
315 3400 1
3400 6769 -2
1221 3507 1
3829 3534 1
2411 3597 1
7497 3639 1
6264 3687 1
3687 459 -3
459 2459 -2
2459 2745 -3
2745 5482 -2
5482 2921 -4
2921 3106 -5
459 2304 -1
2304 3555 -4
3555 2657 -4
2657 1388 -2
1388 20 -1
20 55 -5
55 89 -5
89 9637 -5
20 117 -2
117 699 -4
117 139 -2
55 150 -2
150 3185 -3
3185 4586 -5
117 728 -2
89 3127 -2
117 3530 -2
3687 2504 -1
2657 3487 -1
3185 9608 -1
89 99 0
99 111 -4
111 367 -5
459 331 0
331 2215 -5
331 384 -3
384 3557 -2
3557 368 -4
368 306 -5
384 4094 -2
4094 4095 -2
2215 216 -1
2657 757 0
757 5748 -3
99 804 0
804 4567 -2
4567 4145 -5
4145 3958 -3
804 2924 -1
2924 6805 -1
216 2091 0
384 3452 0
3452 2617 -2
9637 4748 0
367 6168 0
5482 6228 0
2924 6333 0
2924 9237 0
9237 8383 -5
6228 9701 0
9701 4756 -5
20 283 1
283 2557 -3
2557 3706 -4
3706 8470 -3
8470 3039 -5
6805 436 1
459 646 1
646 717 -3
717 7543 -2
717 1158 0
1158 2099 -5
2099 2456 -2
2099 3122 -2
2456 3329 -2
117 1492 1
1492 4619 -5
757 1644 1
1492 2137 1
9608 2298 1
2298 8105 -5
8105 1576 -2
2298 3839 -2
8105 5378 -1
2795 3728 1
3728 5893 -4
5893 2626 1
2626 5855 -4
983 3730 1
3730 3209 -2
3209 4286 -3
3209 2113 -2
4286 5053 0
5053 7596 -3
3615 3764 1
6168 3933 1
3933 5475 -1
5475 3713 -3
3713 4085 -5
3713 4679 -4
4085 4310 -3
4310 7559 -4
4310 410 -3
410 4088 -4
4088 7358 -5
3713 4341 -3
4341 8203 -4
3713 9810 -3
5475 8613 -1
8613 6418 -3
6418 2352 -3
2352 6965 -4
2352 9787 -3
3933 2158 0
2158 576 -2
576 2133 -4
2158 4850 -1
8613 6177 0
2352 7592 0
7592 2736 -5
2736 7519 -5
2736 9714 -5
8203 1805 1
4310 2328 1
6628 4012 1
4012 334 -2
334 313 1
313 239 -4
239 426 -4
426 5664 -4
313 798 -3
798 3319 -2
313 7669 -2
313 4857 0
4857 8475 -3
4857 7567 -2
7567 7287 -5
8475 4142 -1
7567 9549 -1
4857 352 0
4857 7181 0
7181 1091 -5
352 74 1
74 34 -4
34 5671 -1
74 7833 -1
74 8516 -1
8516 5606 -3
352 1008 1
1008 7175 -5
7175 4006 0
313 1049 1
1049 6338 -3
6338 6822 -5
6338 781 1
781 2159 -3
781 6072 0
6072 5245 0
5245 1745 -2
1745 9618 -3
9618 356 -1
356 1551 -1
1551 3073 -3
3073 6899 -2
6899 3814 -4
1551 1114 -1
3073 1965 -1
7833 3123 1
3123 4071 -3
9557 4061 1
4061 1968 0
8362 4087 1
987 4107 1
4107 4611 -1
8003 4184 1
4184 5799 -3
5799 7834 -1
7834 9252 -4
1411 4261 1
4261 4558 -4
358 4362 1
4362 3376 1
518 4410 1
6832 4460 1
4460 6895 -5
6895 1419 -1
1419 4463 -1
6895 4629 1
4629 1097 -1
1097 3269 0
3565 4688 1
699 4714 1
1187 4734 1
6812 4802 1
3779 4804 1
2577 4806 1
6052 4893 1
4893 6645 -5
4893 7078 -5
6645 5632 0
5632 3278 0
3278 7001 0
831 5106 1
5106 7454 -4
7454 5785 -4
5785 7897 -5
5106 3682 -3
7897 6392 0
6392 2321 1
4544 5188 1
5188 9364 -5
5188 4946 -2
774 5190 1
1196 5383 1
5383 7520 -4
5383 1512 -1
1512 156 -1
156 58 -3
156 633 -3
633 2909 -5
2909 3231 -4
58 7828 -3
2909 9748 -3
58 61 -2
61 5389 -3
633 7071 -2
633 2389 -1
2389 6308 -4
7071 1405 0
156 2804 0
5389 3168 0
3168 496 1
496 78 -5
496 3082 -2
3082 6893 -5
58 800 1
800 4526 -1
344 5425 1
1369 5586 1
8775 5704 1
717 5801 1
6751 5932 1
1097 5991 1
5991 5278 1
5278 9911 0
5278 5096 1
5096 7499 -3
7499 981 -5
981 2127 -3
2127 4864 -2
1221 6050 1
1854 6090 1
6090 9850 -3
9850 3735 -2
3735 7352 -5
3735 855 -3
1385 6150 1
1016 6262 1
6262 5371 -2
4221 6356 1
6356 3940 -1
479 6434 1
3195 6469 1
6135 6606 1
7154 6613 1
6613 7422 -3
6613 3864 -2
7422 7874 -2
7874 1858 -5
7874 2100 -5
1858 8426 -3
8426 4315 -2
4315 4593 -4
4593 4728 -5
4593 3935 -3
4593 1078 -2
1078 9239 -5
3935 4488 -1
1858 6561 -1
3935 4189 0
4189 1816 -5
1816 5306 -3
1816 8023 -1
8023 6855 -5
6855 9184 -2
9184 9166 -3
9166 7724 -5
1816 1371 0
9166 2662 0
2662 1496 -4
2662 6876 -3
8023 3886 0
5306 5108 0
5108 3105 -2
4315 713 1
7724 1878 1
5108 2790 1
2790 5325 -5
6876 4897 1
4897 370 -3
370 3965 0
3965 2108 -4
2108 4016 -2
4593 5157 1
7724 5547 1
5547 7304 -3
3965 5756 1
5756 1834 -1
1834 6755 -5
1834 493 -2
5756 6627 -1
493 1476 0
1476 9893 -3
9893 8232 -2
6627 2627 0
2627 406 -5
406 5452 -3
1476 4805 1
4805 9510 -4
9510 6283 -4
9510 7239 -3
4400 6680 1
6680 1248 -5
1248 1152 -4
1152 9244 -4
203 6747 1
6665 6809 1
1299 6991 1
1757 7003 1
5461 7070 1
7070 4828 -1
4828 316 -4
316 168 -3
168 323 -4
4828 9744 -3
9744 5675 -4
5675 4050 -1
168 214 1
214 1672 -4
1672 1093 -4
1093 2262 -1
1093 7299 -1
7299 1830 -4
1830 2349 -4
2349 9879 -3
9879 9149 -1
1093 4566 0
4566 4506 -4
4506 6458 -3
6458 9409 -5
9409 9429 -1
323 958 1
958 191 -5
958 8064 -4
191 3179 -3
3179 4643 -5
8064 6395 0
6395 8865 -5
6395 4913 -4
4913 9173 -5
9173 725 -3
725 2213 -4
6395 7036 -2
9173 8490 -2
8490 7182 -2
7182 9391 0
6458 1072 1
1072 7700 -5
1072 6776 -2
6776 8717 -1
8717 3406 -2
8717 3683 -1
3683 8584 -4
8584 4267 0
4267 1890 -5
1890 5890 -2
323 1376 1
1376 1442 -2
1442 2075 -3
2075 689 -4
689 3297 -5
689 818 -1
818 7038 -4
689 3729 -1
3729 5620 -4
3729 9865 -2
1442 4200 -1
9865 5075 -1
5075 1771 -4
818 1963 0
1963 2336 0
2336 4082 -5
1442 2563 0
2563 1509 -3
1509 209 0
209 1459 -5
1459 7551 -5
1459 6594 -4
1459 9108 -4
209 177 -3
9108 4418 -3
177 2061 -1
2061 109 -4
109 2928 -5
109 2706 -1
2706 5121 -4
2563 3999 0
1459 6188 0
4200 9192 0
7551 9410 0
1376 9455 0
9455 6089 -5
6089 4203 -1
3297 4197 1
4197 978 -1
978 2478 -5
978 3456 -5
978 8564 -1
4197 2427 0
3406 4836 1
1963 5345 1
5345 3250 -5
6458 5512 1
9429 5637 1
5637 1163 -5
5637 9023 -5
1163 7540 -4
7540 9111 -4
1163 2481 -2
9111 9210 0
7540 1836 1
6776 5863 1
5863 1478 -4
1478 4063 -4
5863 4906 -2
5863 9300 0
2706 6131 1
9763 7174 1
7174 8199 -1
8199 2773 0
2773 5442 0
4422 7231 1
7231 1355 1
1355 816 -1
1355 5602 0
5602 5772 -1
1355 3011 1
3011 1391 0
1391 1361 0
1361 5939 -1
5939 8806 -2
1361 2309 1
2309 2882 -2
2309 430 0
430 8423 -4
430 8602 -4
8423 387 -1
387 829 -2
387 1377 -2
1377 5845 -2
430 3550 1
387 4790 1
4790 2441 -5
6355 7249 1
1509 7292 1
6899 7351 1
7351 6351 -2
6458 7421 1
2659 7496 1
7496 3949 -5
7496 6002 -4
7496 5390 -2
6002 7439 -1
5108 7606 1
7606 2357 -1
2357 6778 -5
7606 6249 -1
2357 6811 1
664 7637 1
7637 3425 -2
3425 7960 -5
7960 6542 -5
6542 2297 -3
2297 2502 -2
2502 2701 -4
2701 4855 -3
4855 2707 -2
2707 5623 -3
2297 3975 -2
3975 5873 -4
5873 1835 -4
1835 1161 -5
6542 4299 0
4299 170 1
4299 3000 1
4016 7728 1
6311 7730 1
7730 2157 -2
2157 447 -4
447 9483 -2
447 2881 -1
447 4201 -1
4201 69 -2
69 281 -5
281 918 -1
9817 7734 1
7734 8700 -5
8700 5384 0
485 7858 1
7301 7930 1
4604 7952 1
9535 7974 1
4189 8185 1
8185 4837 -4
4837 3461 -5
3461 5213 -5
5213 1437 -4
4837 6652 -4
1437 7704 -4
5213 5410 1
6755 8229 1
644 8247 1
749 8284 1
8445 8365 1
8365 974 -1
974 1317 -3
9440 8401 1
8401 5538 -2
8401 1395 1
1395 996 0
996 8591 -3
6829 8480 1
8480 4833 -1
4833 4652 1
8437 8515 1
5494 8547 1
4087 8548 1
7734 8636 1
2284 8660 1
6893 8672 1
8672 595 -1
8672 907 0
907 670 -1
670 2865 -4
907 2094 0
2094 681 -4
681 4229 -3
681 9566 -3
681 3344 -2
4229 5074 -2
9566 9232 -1
907 4953 0
4953 7401 -2
4229 6717 0
6717 8600 -2
8600 1616 -4
1616 2405 -4
1616 3223 -3
8600 5227 0
5074 6850 0
6850 4732 -5
3223 4878 1
3452 8686 1
8686 8467 -1
8467 6764 -1
8723 8692 1
139 8765 1
9239 8770 1
1008 8890 1
71 8891 1
552 8907 1
8907 3903 -5
8907 5681 -4
3903 6242 -2
3903 1485 -1
1485 8863 -3
8863 9467 -2
3903 3675 0
3675 4753 -1
9467 1022 1
1022 5417 -5
1022 7892 -5
5417 413 -1
6206 8912 1
8912 2820 -2
2820 4949 -1
4688 9072 1
3537 9102 1
2346 9251 1
9251 4562 -3
2851 9270 1
9270 3293 -2
3293 3242 -5
9241 9285 1
9285 3707 -3
8004 9327 1
3453 9332 1
9332 7847 -5
7847 2492 -4
2492 3172 -1
3172 2410 -4
2410 581 -4
2410 5650 -3
581 802 0
581 5949 0
2492 6763 1
6763 4744 -4
4744 4424 -4
4744 5013 -3
5013 261 -5
4424 4925 -1
4925 6861 -3
6861 4300 -4
4300 319 -4
4424 2023 1
2023 5853 -3
2023 1063 -1
4300 6974 1
6974 9946 -1
9946 5688 -5
9946 785 -2
9946 3957 1
3957 2367 -5
2367 8404 -4
2367 3932 -1
3957 8148 0
7340 9392 1
4326 9465 1
9465 9170 -2
7922 9603 1
9603 2276 1
2276 3328 -3
3328 7554 -5
9603 5843 1
76 9620 1
7421 9640 1
5688 9673 1
3628 9772 1
9772 9450 -4
9450 1739 -3
864 9921 1
9921 6207 0
9423 9970 1
9550 9985 1
8101 10 2
10 531 -4
10 9345 -4
9345 3488 -3
10 2364 -1
3488 2779 -1
3488 4726 -1
4726 5513 -1
9345 6490 0
6490 3251 -4
6490 3402 -4
4726 8243 0
8243 2931 -4
2931 206 -3
206 9751 -5
8243 660 -3
9751 4227 -3
4227 7 -4
206 7782 -3
2931 8802 -2
4227 7509 -1
7509 244 -4
244 240 -4
240 4689 -5
4689 7371 -5
240 4981 -2
660 282 0
282 4921 -4
4921 5235 -1
4227 2966 0
2966 709 -4
709 1260 -5
1260 310 -4
709 700 -2
2966 3736 -2
3736 4238 -4
4238 8016 -5
8016 6699 -5
6699 1643 -5
4238 2970 -3
6699 7494 -3
4238 3437 -2
3437 1708 -2
1708 2936 -4
2936 2540 -5
2936 3341 -5
2936 1889 -4
1708 7760 -4
1708 8875 -3
6699 6501 -2
1889 1608 -1
1608 383 -3
1260 2337 -1
2337 271 -5
271 3519 -4
2540 3126 -1
3126 1913 -4
7494 6358 -1
6358 8425 -4
6699 3988 0
709 4160 0
4160 1601 -5
4160 3438 -5
7 24 1
1260 107 1
107 770 -5
770 2273 -2
770 5359 -2
2273 5243 -1
107 224 0
282 683 1
683 3625 -1
3625 8968 -3
8968 2674 -3
2674 1054 -1
310 1408 1
1408 9605 -1
1408 3906 0
3906 989 -4
989 950 -4
2273 1562 1
7494 2853 1
2853 9008 -2
271 3045 1
3045 3599 -2
3599 4787 -4
4787 3229 -3
8875 3485 1
2779 5142 1
3438 5314 1
4787 6691 1
3437 6924 1
1889 6989 1
950 7967 1
4238 8599 1
8599 9092 -2
9092 9777 -3
9777 1804 -2
1804 7212 -1
9777 827 1
827 1004 -2
827 5804 1
5804 1246 0
1246 8077 1
6851 17 2
71 23 2
23 1533 -5
23 6816 -5
6816 5137 -2
23 3024 -1
23 91 1
91 2789 -5
2789 656 -5
656 246 -4
656 5856 -3
5856 3157 -4
91 469 -2
91 8220 -2
469 2184 -1
469 4128 -1
4128 1307 -5
4128 5507 0
6216 39 2
39 1081 1
1081 1846 -5
1081 4120 -4
1081 1231 -2
1231 305 -1
305 3270 -5
3270 5824 -4
305 4911 -2
1081 2271 -1
2271 6984 -4
4120 8769 -1
6984 7105 1
0 53 2
53 2449 -3
2449 452 -3
452 222 -5
2449 2578 -3
222 57 -2
57 124 -4
124 5676 -4
124 5828 -3
53 4342 -2
57 5580 -2
53 724 -1
222 3031 -1
57 7091 -1
124 9212 -1
9212 8006 -2
5676 9720 -1
9720 4475 -1
53 110 1
110 9472 -2
110 2412 0
2412 5396 -3
452 2824 1
222 8938 1
8938 4432 -2
78 148 2
0 188 2
188 596 -5
596 6922 -4
188 194 0
194 346 -5
346 536 -5
536 4246 0
4246 5652 -5
5652 8694 -3
5652 193 0
346 4742 0
596 4181 1
4246 5025 1
4908 212 2
212 385 -2
385 3023 0
3023 8850 -1
8850 1256 0
6922 258 2
258 1535 -4
1535 8496 0
8496 4708 -2
4708 1067 -5
1067 1730 -5
1730 4769 -5
1730 4503 -4
4503 1903 -5
8496 487 0
4769 2950 1
2950 4074 -4
4503 4045 1
3057 259 2
259 712 -2
547 297 2
297 5477 1
5477 8046 -3
8046 5531 0
5531 1911 1
1911 1074 -5
1911 2140 -5
1911 1668 -1
1668 4807 -4
1668 1431 0
1431 453 -3
453 3508 -4
1074 2253 1
2253 5822 0
4807 2946 1
2946 2939 0
2939 1251 -3
1251 4217 -4
4217 3743 -2
3743 3064 -3
3064 6913 -2
1251 8380 -1
2939 9840 -1
1074 4549 1
4549 3006 -3
4549 5808 1
9840 6608 1
781 327 2
327 3757 0
3757 8189 1
143 460 2
460 6964 -3
6964 5089 -5
6964 9645 -3
6964 902 -1
902 2193 -3
2193 5628 -5
5628 8668 -3
6964 6372 -1
902 2384 0
2384 5762 -4
2384 8291 -2
8291 5060 -5
5060 9765 -1
5628 2400 0
6964 8420 0
8420 4780 -3
6372 1828 1
1828 4255 -3
4255 1944 -3
2384 2518 1
902 3737 1
1890 466 2
466 1790 -4
1790 6360 -4
466 3226 -1
3226 6920 1
6920 7442 -3
6920 8486 -3
8486 1383 -1
1383 8690 -5
1383 8381 -4
8381 6537 -2
8848 483 2
483 688 -5
483 1048 -3
1048 6301 0
6301 2969 1
2969 2308 -2
2969 2580 0
2580 8779 -2
2580 642 -1
688 4571 1
8006 516 2
516 1368 0
1368 9994 -5
1368 4140 1
9994 5842 1
9277 528 2
528 1967 -5
1967 2224 -2
2224 9199 -4
7174 534 2
3005 562 2
8788 605 2
605 54 -4
54 3444 -4
54 9669 0
9669 6967 -2
2425 634 2
634 345 -2
345 2212 -2
345 2669 -2
2669 9949 -5
2669 900 -4
900 7468 -3
634 6633 -2
6633 9513 -3
900 8958 -2
900 9773 -2
900 1131 -1
1131 9915 -4
9513 9530 -1
9530 3478 -3
634 1690 0
1690 4690 -5
4690 4653 -5
4653 457 -4
2669 2570 0
2570 1959 -1
900 7289 0
2570 852 1
9513 2511 1
2511 6686 -4
2511 6934 -3
2511 1706 0
1706 7374 -5
7374 6457 -2
6457 7831 -1
7831 9297 0
9513 3539 1
3539 993 -5
3539 7640 -1
7640 1692 -2
1692 1156 0
1156 9798 -5
1156 291 1
291 171 -5
171 253 -4
171 1885 -4
253 9894 -3
291 1466 -2
1466 3463 -4
3463 4628 -3
291 2404 -2
1466 6643 -1
291 8927 -1
8927 3189 -2
3189 9042 -2
253 1234 0
1234 1614 -3
1614 3923 -3
3923 1634 -4
1634 7525 -4
3923 9807 -4
1634 5155 -3
1634 5164 -2
5164 1136 -3
1136 7110 -2
7110 2945 -5
2945 2927 -3
1234 7491 -2
7491 7217 -5
3923 8165 -2
1466 5149 0
9807 6921 0
6921 7752 -4
1466 8974 0
8974 437 0
437 4464 -2
1614 4206 1
4206 6562 0
6562 4403 -5
9894 6552 1
6552 7868 -5
7519 752 2
752 330 1
330 6875 -5
330 219 0
219 9075 -5
9075 1347 -2
1347 8803 0
8803 2019 -5
2019 4843 -4
2019 5256 -3
8803 2561 -2
5256 3290 -2
3290 7958 -3
4843 8667 0
8667 2307 -2
1347 8895 1
8895 6744 -2
6744 8116 0
1063 772 2
465 858 2
858 4496 0
4496 6290 -2
6290 7294 -5
7294 7479 -5
699 912 2
8717 923 2
1008 945 2
123 997 2
997 1412 -4
1412 6940 -5
6940 3765 0
3765 4487 -3
1412 8320 1
100 1010 2
1010 4389 -4
1010 4157 -2
1010 4147 0
4147 6194 -2
4389 9137 0
9137 7565 -4
7565 3973 0
3973 4477 -2
4477 3446 -4
3446 7369 -5
3446 7131 -2
3973 8482 -1
8482 5608 -4
5608 2898 -5
2898 5757 -5
2898 6666 -3
6666 8303 -2
8303 354 -1
6666 6493 -1
5608 1604 0
1604 1261 -3
1261 3868 -5
3868 2756 -3
354 4275 0
354 4575 0
4575 4735 -1
7131 3135 1
4147 6159 1
8482 734 2
734 9878 -4
734 2513 1
2513 3407 -4
7899 1011 2
1011 916 0
916 4662 0
4662 9133 -3
9133 703 -4
9133 6225 -3
6225 8856 -3
703 256 -2
703 4840 0
4840 1336 -4
1336 608 -3
608 1086 -2
1336 2568 -2
608 279 -1
279 7939 -4
7939 5139 -2
5139 4699 -4
7939 6748 -1
6748 9753 -5
6748 3787 -2
3787 8525 -4
3787 3795 -1
4699 2887 0
2887 1282 -5
1282 4159 -3
1282 3161 -1
2568 1629 1
1629 2406 -5
1629 7987 -3
7987 6614 -2
6614 4038 -3
4038 8664 -4
4038 5954 -2
1629 527 -1
5954 7772 0
7772 8622 -4
1629 7158 1
384 1032 2
1032 1625 -1
1625 7780 -2
7780 1144 -5
1144 585 -3
7780 1070 -2
1070 1273 -3
1070 3600 -3
1070 7719 -1
9557 1052 2
2212 1060 2
1060 1271 -5
1060 6115 -4
6115 6667 1
5704 1071 2
2367 1102 2
1102 543 1
543 1064 -1
1064 5989 -5
543 9183 -1
1064 9694 1
543 371 2
8591 1105 2
1105 6799 0
1105 3846 1
1105 7723 1
7723 9098 -1
5966 1113 2
2853 1208 2
1208 211 1
211 1058 -3
1058 5598 -3
211 1497 -1
1497 6375 -3
6375 1640 -2
1640 223 -2
5598 5770 1
223 5896 1
1497 428 2
1803 1212 2
1212 668 -5
668 38 2
3683 1215 2
5438 1216 2
1216 1352 -1
5108 1222 2
331 1241 2
1241 6873 -5
1241 6106 -4
3507 1274 2
1274 4559 -3
1923 1280 2
1280 8356 1
8356 2397 1
9765 1348 2
1348 8837 -3
5671 1404 2
219 1406 2
1959 1409 2
9855 1435 2
1435 2777 -3
9263 1511 2
1511 1586 -3
1586 7829 -4
3311 1526 2
1526 1170 -4
1170 828 -2
828 3503 -5
3503 4856 -1
2357 1539 2
77 1547 2
727 1559 2
1559 2209 -4
54 1642 2
1642 2216 -1
2216 9077 -4
9077 539 -3
539 719 -4
2216 9145 -3
9077 3763 -2
3763 8937 -3
9145 8656 -1
539 6061 1
6061 6972 -5
6972 3128 -5
3128 6638 -2
3128 2713 -1
6972 1326 0
1326 659 -3
659 1137 -1
6061 4027 0
2713 1792 1
1137 8031 1
8031 2205 -4
2205 5871 -5
8031 7306 -3
7306 4017 -5
2205 3778 -1
5871 1045 1
1045 1133 -5
1133 1946 -3
9077 929 2
929 7627 -2
7627 1025 0
1025 1558 -2
929 3086 1
1558 5982 1
3269 1695 2
1695 4380 -3
4380 5622 -3
4380 6693 -3
6693 7228 0
1695 3154 1
3154 6962 -5
3154 1296 -3
1296 6654 -4
6654 600 -3
1296 9061 0
9061 1927 -1
6962 1645 1
1645 101 -1
101 349 -4
101 651 -4
349 3450 -3
3450 1332 -3
1332 19 -4
19 4784 -5
19 308 -3
308 2277 -4
2277 9048 -4
19 4218 -3
4218 3502 -3
3502 1837 -5
349 1541 -2
19 5181 -2
2277 3544 -1
101 9225 -1
19 165 0
165 992 -4
992 8897 -4
8897 6042 -5
8897 501 0
308 2109 0
349 3170 0
4784 6309 0
6309 7516 -2
9225 6837 0
3450 9614 0
9614 7143 -4
7143 6067 -2
6067 8639 -1
1296 114 2
308 476 2
476 2726 -3
2726 5014 -3
5014 5437 -2
2726 3661 0
3544 841 2
7143 1145 2
1145 9719 -4
9240 1698 2
1698 1427 -5
1698 6369 -3
6369 8829 -5
1427 1134 -2
1134 771 -1
1134 5779 0
6369 9333 0
9333 5369 -5
5369 2591 -2
9333 7305 -2
771 3892 1
3892 7894 -4
7894 84 0
84 2013 -5
2013 1844 -3
3892 6240 1
1837 1713 2
1713 1530 -1
1530 1087 -3
1713 4124 1
5089 1717 2
327 1752 2
1752 5000 -5
1752 7140 -5
5000 2859 -4
2859 7708 -5
1752 7444 -4
1752 2435 -3
1752 9276 -2
9276 9553 -4
7708 3819 -1
3819 1932 -5
1932 2593 -1
2593 5270 -1
9553 7285 -1
7140 3304 0
3304 7201 -5
3304 2060 -4
2060 8928 -4
3819 2325 1
2325 5768 0
5768 4967 -3
2859 3648 1
7140 1321 2
1321 8471 0
3304 1468 2
2890 1807 2
1807 1887 -1
1887 4880 -4
1887 2097 -3
1887 3472 -3
1887 4000 -3
3472 7391 -1
3472 6946 0
1887 7065 1
7065 867 -1
867 1747 -5
867 5057 -5
1747 4724 -3
1747 5070 -3
1747 6569 -3
5070 731 -2
731 833 -3
731 1174 -2
5070 8708 0
731 152 1
152 8537 -1
731 2734 1
1174 5692 1
5692 7880 -5
5692 5549 -4
5549 2948 -2
5549 7652 0
7652 2393 0
661 1817 2
581 1824 2
1824 9304 -5
9304 9732 -5
9304 5061 0
5061 7079 -5
7079 451 2
451 8039 -5
8039 4214 -5
1398 1826 2
1826 7697 -4
1442 1831 2
1831 2008 -4
2008 2315 -5
1831 3710 -3
3710 3055 -4
2008 6236 -3
2008 2368 -2
2368 3102 -4
3055 3206 -2
1831 6655 -2
2315 3204 -1
3102 1744 0
3204 4470 0
3710 3657 1
2315 3821 1
2368 4657 1
2315 6732 1
6732 4994 0
4994 1682 -3
1682 1865 0
1865 2869 0
2869 3451 -3
3451 2960 -5
2960 2733 -5
2733 7683 -5
7683 1055 -4
3451 513 -2
513 2891 -1
2891 6300 -3
2869 8753 -1
3102 7011 1
2368 9201 1
4994 9574 1
9574 6678 -3
9574 4816 -2
4816 6963 -5
9574 6173 -1
6173 6525 -1
6173 7698 -1
6963 3538 1
4816 264 2
264 9671 1
9671 7639 -1
4735 1862 2
1862 2744 -5
2744 5219 -3
1862 4021 -2
1862 2679 0
2744 2868 1
870 1905 2
1905 7517 -5
1437 1910 2
1910 9547 -1
9547 3383 -3
1910 2748 0
2966 1912 2
1912 1728 0
1912 7977 0
7977 3201 -2
3201 3889 0
1912 1239 2
8017 1920 2
1920 5506 -4
1920 2186 0
6047 1997 2
1997 497 2
497 1955 0
497 5961 1
1955 6043 1
1371 2037 2
2037 508 -5
2037 6248 -3
2220 2072 2
2072 4454 -1
4454 4256 -3
4256 753 0
6002 2116 2
2116 6327 -3
3406 2148 2
2148 1439 -4
1439 1472 -5
1439 7511 -3
1472 2840 -1
2148 3941 0
2840 4553 0
2148 5931 0
3172 2160 2
1835 2195 2
2195 2350 -5
2350 5882 -1
5882 4665 -5
4665 1542 -4
1542 6442 -3
2350 1249 0
1249 2036 -5
2036 3696 -4
2036 6804 -4
1249 5696 -3
5696 4329 -3
1542 1667 0
1249 919 1
919 7283 -3
4329 3403 1
3403 7687 -5
7687 8309 -1
5696 6394 1
6394 9485 -5
9485 8349 -2
8349 3020 -2
3020 3918 -4
3020 9492 0
6804 9177 1
9177 7121 0
7121 4543 1
3403 1076 2
1076 7549 -5
1076 6058 -1
7549 8070 1
8070 3163 -2
3163 7169 -2
6454 2223 2
2223 3815 -2
9212 2259 2
2259 1675 -2
1675 2974 -5
1675 4826 -5
4826 3844 -5
2974 6285 -3
1675 6204 -2
5770 2275 2
2275 1206 -4
1206 8819 -4
2275 6270 0
6270 9914 -5
6270 8675 0
4038 2331 2
2331 8586 -1
7525 2369 2
2369 373 0
188 2371 2
556 2378 2
2378 2586 -3
2378 3586 0
3586 169 -5
169 5597 -5
169 195 1
195 654 -5
195 255 -4
255 546 -4
654 3569 -3
654 4426 -2
546 7355 -2
546 6766 0
6766 2129 -2
6766 1366 -1
1366 2917 -4
2917 2065 -4
2917 3466 -3
2065 7101 -2
6766 5554 0
5554 9784 -5
7355 5601 1
5601 7343 -4
4426 6722 1
6766 1433 2
1433 3700 1
255 2197 2
4203 2433 2
19 2446 2
1193 2476 2
2476 9948 -4
9948 8041 -3
9948 9680 -2
9680 3182 -3
3182 7658 -3
9680 1028 -1
1028 272 -4
9680 2899 -1
2476 2549 0
9948 2838 1
7658 9020 1
9020 6662 -5
6662 8484 -5
8484 5126 -2
9020 9065 -2
6662 1573 -1
3182 625 2
625 5691 0
1903 2521 2
2521 1939 -3
1939 1298 -4
1298 655 -5
655 4308 -2
4308 1673 -3
1673 2645 -3
2521 8526 -1
4308 5887 0
4050 2527 2
752 2539 2
2539 3155 -4
2539 6054 -4
3155 2689 -2
2689 2863 -5
475 2558 2
2013 2611 2
8261 2634 2
2634 1622 -3
2634 6808 -3
410 2690 2
2690 4161 -1
4161 7082 -2
1086 2750 2
2750 6186 -5
6186 4437 -4
2750 8631 -4
4437 3604 -3
3604 8035 -4
2750 9815 -2
3604 7159 0
24 2772 2
2772 935 -2
2772 4211 1
4211 639 2
9212 2813 2
2813 2267 1
2267 4681 -3
2267 9097 -1
4681 9011 1
9011 4062 -4
9011 8134 -4
1529 2902 2
518 3046 2
3046 1463 -3
3046 7112 -3
1463 1755 0
1755 2595 2
2595 1990 -2
1383 3068 2
3068 7029 -3
3068 3138 0
3138 2926 -1
7029 9059 1
9059 1615 -2
337 3077 2
3077 9713 0
1559 3093 2
855 3116 2
3116 872 -4
3116 3945 -4
872 8225 1
8225 7309 -5
8225 25 -1
25 2168 0
7309 8097 1
4544 3165 2
3165 4892 -4
4892 2027 -2
3165 2154 -1
2154 1513 -3
2027 4576 -1
4576 3840 -1
3165 2310 1
2310 472 -4
2154 3943 1
4576 4305 1
4305 3263 -4
4305 7284 -4
7284 8598 -5
472 9589 1
224 3171 2
3171 4871 -2
5932 3175 2
744 3197 2
255 3264 2
3264 2343 -5
3264 9404 -5
3264 6993 -1
6993 4318 -5
9404 7807 1
7807 7167 -4
7174 3288 2
5352 3296 2
3296 5985 -3
3296 7523 -3
7523 6384 0
1645 3299 2
3299 9420 -2
1174 3343 2
3343 7838 -5
9133 3365 2
3365 1794 -1
1794 7863 -2
3365 9211 -1
7863 8851 0
493 3398 2
3398 8665 -5
8665 6026 -4
6026 6210 -5
6210 8503 -2
3398 8964 -2
8964 8966 -5
8503 1607 0
8964 6312 0
1607 7504 0
7504 5090 -3
6210 7733 0
8665 5058 1
1260 3412 2
3412 4739 0
4739 5574 -5
3000 3479 2
5379 3492 2
3492 2653 -2
2653 2306 -5
2306 1973 0
1973 1933 -2
3713 3525 2
3525 3473 -4
3525 7225 -1
7225 5705 -2
6634 3663 2
488 3678 2
3165 3780 2
3508 3823 2
3823 8451 -2
8451 3030 2
4322 3838 2
3519 3842 2
6328 3891 2
3891 8230 -1
3891 3510 0
3510 4457 -4
4457 502 -3
502 5484 -5
3510 6511 -2
8230 6926 0
6926 9378 -5
9378 9415 -1
6926 8241 0
502 8886 0
502 5714 1
8802 3924 2
3924 1454 -5
1454 4979 -1
4994 3951 2
1459 3960 2
9467 4028 2
4028 5133 -2
5133 9545 -1
4028 90 0
90 73 -5
90 8574 -4
90 9741 -4
73 877 -3
877 8997 -4
73 474 0
9741 8187 1
8187 5045 -4
2184 4054 2
4054 7600 -4
3735 4084 2
4084 3638 0
3638 6120 0
4544 4089 2
6024 4125 2
2734 4154 2
1355 4162 2
4162 7919 -5
1466 4193 2
4193 4104 -2
4104 7137 -2
7137 8859 -2
651 4212 2
4212 4537 -5
1376 4219 2
217 4222 2
4222 9785 -1
4087 4245 2
9021 4251 2
689 4290 2
4290 1523 2
1523 146 -3
1523 4401 -3
146 3553 -1
2478 4301 2
1735 4311 2
282 4391 2
6666 4412 2
4412 7836 0
7836 5634 -4
5634 9050 -4
7836 1515 -2
1515 6287 -1
1515 4901 1
4901 2390 0
5634 8024 1
6318 4414 2
4414 3151 -3
3151 9016 -2
3057 4473 2
568 4504 2
3388 4511 2
4511 6684 -5
6684 9678 -3
3318 4532 2
4532 8112 -3
1074 4541 2
6252 4550 2
4550 1769 -4
4550 3173 1
3173 5400 -2
5400 6255 -2
2492 4585 2
5075 4601 2
4601 3284 -5
2699 4640 2
4640 3506 -2
3506 9770 -3
3506 302 -1
23 4659 2
4532 4727 2
4727 1151 0
1151 1030 -2
1030 136 -4
136 1702 -5
136 9883 -2
9883 1422 -2
9883 2968 -2
9883 3558 -1
1030 2187 0
2187 9265 -1
4727 7338 0
7338 6275 0
136 622 1
622 3771 -2
6275 1392 1
1422 4013 1
9265 4538 1
4538 7650 -5
4538 8530 0
8530 5492 0
5492 5183 -2
5183 3684 -2
3684 1057 -3
1057 6675 -4
1057 540 -2
540 3349 -2
5183 6601 -2
6601 763 -4
763 959 -5
3684 1506 1
1506 72 -3
72 1344 1
6601 9095 1
2968 1981 2
1981 6790 -4
622 2573 2
2573 9049 -2
456 4759 2
4759 5399 -5
5399 6500 -5
6500 6447 -2
6447 9226 -5
4759 6624 -2
6500 7268 0
6500 4882 1
757 4808 2
8241 4868 2
8238 4870 2
4870 2730 2
2730 9638 -3
9638 3650 -2
3650 551 -3
551 3971 -2
551 37 2
37 486 -5
37 8910 -4
37 602 -1
37 863 0
37 873 1
873 9944 -2
9944 2677 -5
37 1059 1
486 6907 1
9944 7067 1
7067 4388 -4
4388 9096 -3
9096 1276 -4
7067 2670 -2
2670 8959 -4
8959 750 -5
2670 269 -1
269 1918 -3
1918 4942 -3
4942 5572 -3
8959 4635 -1
4635 5003 -5
1276 2107 1
109 4902 2
2184 4926 2
1019 4973 2
4973 8433 -5
8433 5163 1
5163 3221 1
8819 5087 2
1332 5097 2
836 5110 2
755 5116 2
5116 7180 -5
3460 5131 2
5131 2977 -5
5131 5944 -2
4629 5132 2
4229 5134 2
5134 3499 -3
3933 5170 2
406 5175 2
8859 5184 2
5184 129 -5
129 8872 -2
8872 8297 -4
8297 9217 -5
8872 5501 -2
5501 4479 -5
4479 1734 -3
129 94 -1
94 4444 -2
4444 9532 1
3898 5238 2
5238 6888 0
6888 5416 -5
6888 4419 -4
4277 5265 2
5265 6506 -4
5265 403 0
403 1799 -4
403 5975 -3
5975 8181 -2
403 2941 0
2941 3121 -3
3121 6670 -5
6670 6735 -1
5265 4499 1
4499 8918 0
1799 5186 1
3121 1754 2
1754 2303 -4
1754 4596 -4
2303 4356 0
3802 5329 2
5329 2399 -5
5329 2916 -4
2399 5571 1
5571 8060 -3
5571 361 1
2399 1285 2
9899 5422 2
5422 5498 0
1854 5423 2
3661 5464 2
1933 5537 2
5537 6752 0
7299 5559 2
5559 2515 -2
2109 5560 2
785 5618 2
5618 7937 -2
3263 5702 2
5702 8154 -3
5702 7308 -2
7308 3465 -1
3465 1538 -3
8154 7921 -1
7308 9017 -1
5702 6417 0
7921 5463 2
5463 9626 -1
9626 2695 -2
2695 51 -5
749 5734 2
7864 5761 2
8423 5783 2
5783 87 -5
87 103 -3
87 328 -2
103 1964 -2
103 3672 -2
87 631 1
328 6118 1
6118 5433 -2
631 7822 1
7822 4711 -5
7822 6149 0
4711 4495 1
4495 4930 -4
4930 4658 0
7822 6128 1
1964 4500 2
4500 6806 -2
4500 1759 2
1759 215 -2
215 6657 -2
6657 7630 -4
1759 3265 1
3265 5195 -4
1759 380 2
380 530 1
530 6023 -2
6023 5489 -3
5489 5726 1
5726 1363 -4
3265 5409 2
5409 6715 -1
6715 4190 -2
4190 7578 -4
4454 5788 2
4147 5797 2
5797 7096 -1
3507 5841 2
5841 9076 -5
5841 6906 -1
5841 8889 0
8889 3384 -4
8889 6504 1
9076 3640 2
3640 2879 -4
25 5901 2
5901 3323 2
3323 4173 -3
3323 9975 -3
4173 5296 -1
5296 3511 -5
3511 8223 -5
5296 6133 -2
9975 8438 0
8438 3651 0
5157 5912 2
4987 5920 2
5920 1278 -4
5920 8608 -4
5025 5946 2
5946 7568 -5
7872 5978 2
7301 6007 2
6007 5617 -3
9265 6071 2
6071 3762 -1
3762 9552 -4
3762 3131 -3
3131 7992 -1
6071 1789 0
1789 5005 -2
5005 3217 -3
1256 6196 2
6196 5321 -4
5321 2692 2
2692 1987 -1
1987 8981 -4
8238 6199 2
9241 6241 2
6241 1471 0
1471 432 -2
432 7176 -4
432 2076 -2
432 6951 0
6951 5161 -2
6241 1370 2
1471 3612 2
3766 6254 2
6254 4545 0
4545 4433 -5
4433 8436 -3
8436 9973 -2
5186 6278 2
841 6294 2
6294 7430 -2
7430 8713 -3
7430 2543 2
774 6307 2
5 6363 2
6363 582 -5
1506 6377 2
9110 6568 2
8312 6570 2
1246 6572 2
6572 1354 2
1354 9043 0
2746 6574 2
1896 6580 2
6580 8635 -5
2966 6619 2
8436 6787 2
916 6807 2
6807 4114 -4
8047 6833 2
0 6863 2
7479 6891 2
6891 3832 -4
3832 2333 0
2333 2613 0
2154 6908 2
2565 6968 2
3758 7019 2
223 7111 2
2223 7120 2
3989 7162 2
7162 4676 -3
4676 5603 -4
4676 9151 -4
620 7230 2
7230 4035 1
7955 7253 2
6574 7267 2
7267 5624 -5
7267 1017 1
1017 756 -3
7267 9482 1
9482 1464 1
1464 6533 -4
6533 3432 0
6533 6867 1
79 7281 2
7281 3884 0
3884 2702 -3
2702 7694 -4
3884 6997 -1
3884 7844 0
3538 7298 2
4050 7348 2
7348 3581 1
94 7367 2
7367 9395 -2
9395 4862 -1
7367 9190 -1
9190 8901 1
2626 7384 2
4690 7402 2
7402 8290 -4
645 7452 2
907 7458 2
7458 1108 -5
8614 7474 2
7474 9839 1
7517 7490 2
7490 6437 1
7292 7547 2
7547 8762 -5
8762 1737 -5
7547 5208 -2
8762 6700 -2
6700 2093 -4
6700 2767 -2
1737 5041 -1
6700 2944 2
2944 5881 1
2376 7598 2
7598 1224 1
1224 6586 -5
1224 2409 -2
1224 1877 0
1877 4678 1
4678 4667 -4
4667 3998 0
3998 5857 1
8775 7617 2
1730 7629 2
4000 7737 2
7737 6509 -1
6977 7738 2
9784 7753 2
7753 4675 -1
4675 9968 0
7828 7812 2
7812 4767 1
5828 7832 2
7832 5528 0
5528 2145 -5
5528 2834 -1
2145 4669 1
4669 5085 1
5085 4044 -1
4044 4096 -5
5085 4960 1
4960 6856 -3
5085 8264 1
8264 2229 -4
2229 7843 -4
4960 9799 1
9799 2727 -1
2727 2033 -4
2033 2403 1
2403 5346 -4
2834 7043 2
8937 7840 2
7840 4578 -4
4578 1349 -5
1349 5687 -2
1349 6596 0
6596 5185 -1
1349 137 1
391 7846 2
7846 5167 0
5167 3150 -2
5696 7866 2
7866 8725 -2
8906 7881 2
4919 7898 2
1011 7906 2
7906 9533 -4
7281 7933 2
7933 5054 -4
6258 7938 2
7938 7450 -3
4082 7948 2
7948 2233 -2
2233 2700 -4
2233 3198 -2
3198 9311 -4
9311 2314 -5
2314 2714 -3
2314 6098 -3
9311 1125 -2
2714 7552 2
9510 8008 2
6847 8061 2
9311 8063 2
8063 3826 -3
3826 8314 -5
3826 3772 -2
7340 8067 2
1282 8127 2
8127 8080 -3
8080 7714 -3
9974 8194 2
4504 8217 2
9826 8245 2
1348 8255 2
8255 7701 -3
7701 7365 -1
7365 6688 0
6688 9646 -2
5482 8319 2
8319 5210 -2
8319 9726 1
9726 8939 0
9726 6783 1
6783 7953 -3
6783 1970 -1
8939 9542 1
8526 8333 2
7824 8347 2
8347 1610 -3
8347 3888 0
3888 4276 2
391 8412 2
8412 3313 2
8412 6728 2
6728 97 -3
97 418 -4
6728 4288 -3
418 844 -2
4288 8705 -2
6728 1519 0
1519 1227 -4
1519 2499 -3
1227 5304 -2
1519 8757 -1
8757 1845 -3
97 1609 1
1227 2117 1
2117 8625 -4
2117 1583 0
1583 5564 -5
2499 4312 2
2117 5552 2
5552 5240 -3
5240 7006 -2
7006 4775 -2
4775 6004 -4
6004 3784 2
3784 4321 0
4321 7227 -5
5564 5847 2
5847 879 -4
879 88 1
6582 8417 2
8417 6521 2
6521 7208 -5
6089 8441 2
8441 9599 0
9599 3834 1
3834 6423 -2
3834 1002 -1
1002 9954 0
2626 8453 2
8453 4167 -2
4167 7119 1
7119 2269 -4
2269 1839 -5
1839 435 -5
435 1450 -4
435 3348 -4
435 3847 -4
3348 4030 -3
4030 7576 -5
7576 4494 -5
3348 503 -2
503 764 -5
1450 4232 -2
1839 3381 -1
3381 7418 -4
2269 5406 -1
7576 9918 -1
9918 8466 -3
435 1292 0
1839 3911 0
8466 4474 0
4474 2889 -5
2889 7584 -3
7584 8268 -5
2269 5349 0
5349 9204 -4
5406 6961 0
4494 9250 0
9250 7716 -3
7716 8430 -1
3911 1455 1
1455 8754 -4
9250 4111 1
4111 5509 -3
5509 1770 1
8466 5996 1
5996 3995 -1
3995 185 -4
185 6530 -1
6530 8798 -1
4111 6451 1
6451 8345 -3
4232 7141 1
7141 3373 0
3373 2029 -3
3373 8251 -3
435 7163 1
185 491 2
491 609 -1
609 6994 -3
609 3285 0
3285 6235 -5
3285 2260 -2
2260 522 1
2260 3169 1
3169 9119 -4
9119 2615 -5
3169 230 1
230 401 2
435 1009 2
1839 3543 2
3543 7521 -1
1839 5578 2
8345 8045 2
8045 6062 -5
8045 7907 -4
7907 3977 0
3977 1657 -3
1657 952 0
952 2616 -2
3977 6671 0
6671 4003 -2
4003 6644 -3
6644 3255 -2
6644 7841 -2
6671 6410 0
1657 1266 1
952 7512 2
6565 8492 2
7119 8577 2
6050 8596 2
4726 8627 2
6459 8629 2
7723 8684 2
8684 4188 -4
4188 1882 -2
4188 3759 -2
3759 4777 -4
4777 6130 -2
8684 4701 1
4701 875 -4
875 66 0
66 98 -4
8684 9555 1
3759 2155 2
2155 1288 2
1288 8476 -1
4200 8758 2
6974 8812 2
6511 8826 2
8826 6718 1
2277 8835 2
8835 8013 -1
8013 1975 0
9097 8847 2
8847 3982 -5
8847 3500 -1
3982 2747 0
1455 8871 2
8871 2732 -4
8871 5526 -4
5526 1006 -3
8871 85 -1
85 1430 -2
2732 1079 0
1079 2876 -3
1079 4938 -2
2876 9476 -1
9476 2655 -2
2655 8612 -2
9476 8869 -2
8869 7333 -1
7333 145 -1
4938 8396 1
8347 8900 2
8900 9323 -5
6924 8911 2
8911 9448 -3
9448 5609 1
3943 8954 2
6847 8985 2
8985 8529 1
2689 9090 2
8889 9117 2
9117 1094 -1
1471 9139 2
9183 9160 2
5552 9161 2
7547 9219 2
9219 8090 -5
8090 8037 -5
8037 8382 -5
8037 3551 -4
163 9242 2
9242 7711 -2
9242 5829 0
5829 5338 -4
5338 2514 -4
2514 5151 -3
2514 2450 -1
5151 8719 -1
2514 3486 1
5151 6528 1
6528 5668 2
5668 7746 -2
7746 4829 0
4829 202 -5
4829 986 -2
202 312 0
6863 9350 2
9350 6826 1
6826 6259 0
6259 9309 -4
6259 4783 1
6259 9103 2
2148 9418 2
418 9426 2
7648 9461 2
9461 4129 1
5664 9522 2
9522 7956 -3
9522 4244 -1
4244 937 -5
8577 9622 2
5097 9656 2
8684 9674 2
2859 9740 2
4457 9750 2
2882 9767 2
9767 8164 -4
8164 1166 0
1166 2832 -3
1166 7767 -3
1166 1313 2
1313 6540 -3
6540 8933 -4
1313 3690 0
3690 9521 -2
9722 9823 2
517 9824 2
222 9875 2
99 9877 2
8705 9924 2
9924 8866 -5
2718 9934 2
2435 9988 2
9988 1182 -3
1182 4952 -1
9988 2355 0
2355 3549 -1
1182 7302 1
7302 5201 -5
2355 8286 1
1887 11 3
11 227 -4
227 8076 -5
227 8766 -4
0 28 3
28 514 -4
514 813 -5
514 8205 -5
28 3516 -2
813 5212 1
1454 56 3
56 8524 -5
8524 4772 -5
56 105 -4
105 9384 -3
9384 3904 -1
3904 3955 -3
3955 7862 -1
105 9941 1
3904 2149 2
105 4610 2
4610 9441 -3
174 115 3
115 118 -1
118 1495 -5
1495 4845 -4
118 6321 -3
1495 9181 -3
115 9475 1
9475 1954 -2
9475 6371 -1
4845 3878 2
3757 130 3
528 161 3
161 1953 -1
1953 9099 -1
1953 6770 0
124 164 3
164 5465 -2
193 178 3
1970 192 3
192 1372 -4
1372 9554 -5
9554 2311 -3
2311 1062 -5
1062 8745 -4
192 1270 -1
1270 1669 1
1669 9060 -5
8745 7583 1
192 779 2
779 790 -3
779 9405 -2
8745 2457 2
1270 2650 2
2650 8789 -1
2650 1802 0
9975 201 3
201 4093 -4
4093 1936 1
1936 4674 -5
4674 3854 -5
1936 648 -2
648 588 -2
648 1075 -1
588 116 1
1936 2348 1
588 1998 2
1998 3346 -4
1998 9014 -3
9014 1479 -2
1479 104 -5
104 1381 -5
1479 5141 -5
104 142 -4
104 4406 -4
1479 6292 -3
1998 7823 -2
104 1663 -1
1663 1715 -4
1663 2519 -3
1663 3776 -3
2519 5337 -1
1479 6020 -1
6020 3369 -4
1715 2636 0
1663 3726 0
4406 1407 1
1407 7634 0
104 7297 1
7297 4963 0
2348 4785 2
4785 2379 -5
2379 3837 -5
4406 5115 2
5115 9624 -3
1715 8082 2
104 205 3
201 245 3
245 1655 -3
1655 6073 -4
1655 4330 1
4330 6368 -3
6368 3295 -5
3295 1528 -3
1528 4825 -4
4825 4956 0
4825 1701 1
194 284 3
284 6914 -3
7998 294 3
9753 366 3
366 1482 -3
366 339 0
339 3653 2
366 7614 2
3653 8930 2
366 9388 2
6 372 3
372 3025 0
503 374 3
374 548 -3
548 6028 -4
435 378 3
378 9519 -3
378 7066 2
7066 9416 -5
7677 424 3
424 338 -2
424 991 -2
82 429 3
214 467 3
467 776 -4
776 2032 -3
467 6122 -3
6122 7635 -2
467 5178 1
5178 4733 0
89 506 3
506 7679 -5
506 1254 1
506 1751 2
4753 538 3
9211 545 3
283 554 3
554 1169 -2
1169 1624 -5
1169 6075 -5
1169 7869 0
7869 3919 -2
3919 8055 -3
7869 9357 0
9357 5712 -2
6465 589 3
4110 593 3
593 3474 -3
593 657 -1
593 8129 0
8129 7726 -1
7726 5719 2
5719 7150 1
7150 7378 2
2659 616 3
616 411 -3
411 509 -5
616 7558 -3
411 1477 -1
1477 6110 -5
1477 7586 -5
7586 3340 -5
6110 4271 -2
411 1956 -1
1956 7251 -3
4271 7361 -1
7361 6082 -1
7361 8341 -1
7251 5955 0
5955 5454 -4
7586 1350 1
1350 3679 -5
1350 1480 2
1480 1818 -5
1818 1762 -5
1818 3137 -5
3137 4853 -4
4853 2301 -4
2301 8505 -4
1818 9443 -2
1762 5478 -1
1762 7288 1
3137 8519 1
1762 8815 1
8815 7013 0
7013 2472 -4
2472 507 -2
507 5645 0
3679 2045 2
2045 1258 0
1258 5695 -2
5695 8168 -3
8168 591 -3
2045 7467 1
411 4910 2
4708 621 3
621 126 3
126 1449 0
126 299 3
299 8764 1
8764 4034 -3
299 2532 2
2532 2637 -5
2532 3457 -1
2532 2998 0
2998 3944 -3
3944 6000 -2
2998 3496 0
3496 1445 -3
1445 6785 -3
1445 939 0
939 6976 -5
939 884 -2
939 7827 -2
7827 3386 -4
3386 5999 -5
7827 7250 -3
7250 1393 -3
1393 965 -3
965 7427 -3
7427 9672 1
884 541 2
7250 1272 2
1272 341 -5
1272 2675 -5
2675 4420 -5
2675 2235 -4
2675 9107 -4
2235 504 -2
341 1190 -1
341 9898 0
9898 9559 1
965 2089 2
9107 2416 2
939 3689 2
2532 7258 2
7258 6801 -3
7258 1124 -1
1124 5127 -1
5127 2651 1
2675 8908 2
299 407 3
407 8560 1
878 647 3
647 243 -3
243 740 -4
740 1665 -4
1665 3188 -2
3188 1214 0
1214 7215 -4
647 1814 0
1665 9788 0
9788 336 1
336 909 -2
909 5434 -1
5434 998 -4
998 390 2
5434 6519 2
380 667 3
667 1827 -1
1827 2203 -3
2203 5519 -1
5519 2177 -3
2177 8026 -4
2177 604 -3
604 574 -2
604 8699 0
574 455 1
455 6602 -4
455 303 1
303 1462 -4
1462 2082 0
2082 3352 0
1827 1694 1
604 3564 1
3564 262 -2
8026 4644 1
1694 8761 1
604 8962 1
8962 1345 0
1345 342 -2
342 134 0
134 8432 2
8432 6326 1
6326 8143 2
1842 686 3
686 1605 2
1605 5839 -5
69 693 3
1072 697 3
697 421 -4
421 4997 -1
4997 5919 -4
4997 6704 -4
5919 62 0
62 6630 -3
3263 711 3
711 6531 -5
6531 2286 1
2286 5336 2
5336 7389 2
7389 7653 -2
7653 8701 -2
7653 4682 2
779 730 3
4568 738 3
929 741 3
741 6408 -1
3144 823 3
823 4827 -2
4827 7514 -5
2345 839 3
839 4560 -3
839 9629 -1
245 850 3
8631 882 3
4892 953 3
953 1242 2
1242 1269 2
1269 6590 -4
1269 3415 -3
804 975 3
975 9633 -5
975 6064 0
975 5743 1
5743 458 -4
99 1000 3
1000 4832 -4
1000 4302 2
4302 893 1
893 5327 -5
893 3070 2
6984 1090 3
472 1104 3
9930 1120 3
1280 1154 3
1496 1178 3
1178 4922 2
4922 7513 -5
4922 5250 -4
5250 5575 -2
4922 4638 1
4638 7188 -2
1964 1180 3
1180 8 -1
8 389 -5
389 721 -2
389 480 -1
8 13 1
1671 1218 3
1218 7873 0
6515 1230 3
1230 6220 -4
6220 8478 -2
8478 1577 -4
8478 2493 2
7977 1233 3
17 1235 3
7844 1268 3
1268 382 2
382 8566 -4
382 5577 -2
5577 6950 -5
382 434 -1
4538 1305 3
6071 1330 3
1330 889 -3
889 1436 2
1436 5474 -1
1330 6641 2
6641 9356 2
338 1339 3
1339 3357 -3
1339 1664 0
1664 3050 0
3050 7703 -4
3050 1346 0
1346 6697 -2
7703 8464 0
1339 9094 1
779 1396 3
1396 6838 -1
6838 5419 -5
6838 5706 -5
985 1421 3
1421 5610 -3
5610 1972 -3
1421 3239 -2
3239 9088 2
479 1446 3
4391 1481 3
75 1491 3
7716 1499 3
1499 1740 -2
303 1510 3
1510 3931 -2
364 1514 3
1514 4117 -2
1514 1550 1
1514 2170 2
2170 5288 -5
2170 3562 -2
2170 3699 1
2389 1516 3
7299 1536 3
5502 1569 3
1569 1649 -4
1569 7481 -3
1569 8495 -2
1649 2417 1
1133 1595 3
1595 6117 -2
9166 1612 3
1612 1458 -5
1458 7295 -3
1458 3176 2
4816 1621 3
1621 9724 1
364 1648 3
330 1670 3
2117 1718 3
1718 2607 -2
2607 7599 -1
7599 8256 2
1330 1729 3
1729 3336 -1
1729 7817 0
170 1753 3
486 1761 3
1761 5168 -5
5168 2546 -4
5168 8820 1
1174 1767 3
1767 1795 -4
1795 6420 -1
6420 1473 2
1473 6448 -5
6448 8007 -5
8007 4081 0
2321 1774 3
392 1793 3
1793 2483 -2
2483 158 -4
158 121 -2
121 5281 -1
5664 1852 3
1852 4552 2
4552 8963 -2
124 1907 3
1907 2200 2
6509 1929 3
1929 6347 0
6347 4964 -2
1929 1684 2
3344 1971 3
1971 4663 -1
7621 1983 3
1558 2003 3
2003 7315 2
689 2056 3
2056 9516 -5
9516 2908 -1
6423 2059 3
2059 4425 -4
4425 3660 -4
2059 8222 -3
4425 5755 -1
5755 4918 -1
4425 7761 1
3713 2114 3
2114 5048 -1
1706 2115 3
2115 9274 -4
2115 9247 -2
9247 1441 -5
5306 2131 3
2131 1283 -2
1283 1999 -5
1999 7021 2
3376 2194 3
2194 665 -3
665 6091 -1
3957 2225 3
2225 1088 -2
1088 9417 -3
9417 3890 -1
3890 3966 1
2225 7789 1
2225 5375 2
5375 7505 -2
7711 2305 3
2305 3719 -5
3719 707 -5
707 5490 -2
707 7057 -1
2305 2074 0
2074 3899 -1
3899 1919 -4
1919 1988 -4
1919 4525 -3
5490 360 1
1919 3244 2
831 2327 3
2327 8019 -1
506 2334 3
2305 2335 3
1887 2462 3
243 2469 3
5498 2474 3
2474 2429 0
2429 133 -1
133 1444 -4
1444 8620 1
8620 3162 -1
3162 9266 -4
8620 2238 0
2429 7839 2
7839 8522 -1
8522 9320 -5
1241 2500 3
2500 7269 -3
717 2503 3
2503 335 -4
335 293 -4
335 1172 -4
1172 2120 -5
2120 3953 2
3953 1960 -2
293 125 3
125 1487 -5
1487 5122 -5
5122 3515 -2
3515 5364 -3
1487 6096 -2
6096 3377 -3
3377 5319 -4
5319 8130 -5
1487 6885 -2
125 9068 -1
125 464 1
1487 2067 1
2067 9180 -2
9180 4656 1
4656 9004 -4
3377 7323 1
5319 8221 1
8221 8703 -5
8703 9259 -1
9259 9928 -4
1883 2512 3
2512 9654 -5
2512 4583 -2
2512 9153 -1
9654 846 0
4583 95 2
95 1721 -3
1721 2900 -5
95 5272 -1
3083 2606 3
2606 33 -3
33 27 0
33 162 1
162 5042 1
5042 4501 -2
5042 4899 1
4899 2785 -5
2785 8057 -5
2785 640 -3
640 2388 -2
2388 9385 -1
239 2608 3
2608 3688 -4
6693 2614 3
1968 2622 3
6568 2656 3
6442 2724 3
2724 2234 0
2234 7777 0
7777 3409 -2
7777 3804 0
2234 68 1
68 3774 -5
3774 3694 -5
68 8202 -2
3774 2759 -1
2759 8759 -1
3409 904 1
904 218 -1
218 1662 -3
1662 4647 -1
3774 8098 2
8098 9900 -1
3804 1727 3
1727 2722 2
2722 5915 -3
1118 2735 3
3406 2743 3
2743 6745 -5
2743 9768 -5
569 2797 3
750 2798 3
2798 3859 1
864 2800 3
9924 2827 3
390 2856 3
2856 3440 -5
3440 1691 -5
1691 7177 -1
4503 2904 3
2904 5412 -2
5412 5750 -4
8664 2914 3
4276 2935 3
873 2971 3
4619 2972 3
2586 2973 3
1634 2989 3
1734 2996 3
2996 4821 -1
2996 9696 -1
9696 8157 -4
8157 8845 -3
9696 8052 1
3766 3017 3
3017 2362 -2
2362 427 -2
2362 2638 -2
2638 6014 2
2798 3032 3
3032 7438 2
7438 9987 2
9987 2660 -2
2660 2083 -4
2660 9402 -3
2660 4486 -2
4486 7397 -3
2083 4598 -1
1426 3058 3
3283 3079 3
3079 3012 -4
3079 1585 0
1585 6325 -3
1585 9515 0
6325 7390 2
7390 2742 -5
2742 3767 2
3767 2043 -2
7390 6144 2
6144 4612 -5
4612 1295 -5
1295 3040 -1
3040 8368 -4
8368 2673 -1
2673 8493 -1
8493 2201 -4
2673 6364 2
6364 6734 -4
8965 3124 3
3124 6192 -2
6192 6209 -5
6209 2867 -4
6209 6138 -1
3124 2782 2
2782 6681 1
2782 8275 1
6138 5935 2
5935 4345 -5
4345 8555 1
8555 9453 -3
9453 5818 0
5818 6712 1
6712 9959 -3
9959 4869 -2
4869 3074 -5
4869 9942 -3
6712 3856 0
3856 9588 -4
4869 4439 0
4439 1881 0
1881 6349 -5
1892 3164 3
3164 1401 -4
1401 966 -2
966 173 -1
173 6021 2
966 2761 3
703 3196 3
7 3246 3
3784 3260 3
2037 3266 3
7880 3320 3
6168 3342 3
3083 3367 3
3639 3401 3
3401 9054 -3
589 3411 3
3411 5636 -5
3411 2892 -2
2892 4186 -3
2892 6280 -3
5636 9165 -1
2892 2828 1
2828 7256 -5
8826 3448 3
3448 8123 -4
8123 8142 0
8142 1293 -4
8142 6719 -4
1293 5700 -1
5700 5320 0
6719 9171 0
5320 1389 1
1293 1992 1
6719 3673 1
1783 3504 3
7953 3524 3
3524 2112 -2
2112 6387 -4
2112 2377 -2
2377 4369 -5
1349 3532 3
864 3571 3
3571 8242 -2
2136 3582 3
8230 3598 3
3598 187 -3
1348 3611 3
3611 48 3
48 7099 2
7099 2632 -2
2632 7875 -1
7875 6385 -1
2632 1870 1
5419 3630 3
802 3693 3
3693 1925 -5
3693 4471 -4
4471 2612 -3
3040 3705 3
7081 3717 3
6650 3741 3
4629 3810 3
2063 3879 3
3879 2752 1
2752 520 2
520 1112 -4
520 295 1
295 7611 -1
7504 3907 3
3907 2619 1
1262 3964 3
3964 1508 2
7140 4122 3
4122 1135 3
1135 677 1
2417 4139 3
3919 4143 3
8164 4192 3
4192 4589 -1
8081 4195 3
176 4231 3
1858 4260 3
4260 3090 1
1547 4264 3
4454 4328 3
7418 4336 3
4336 6497 0
4336 4215 2
4215 6683 1
629 4343 3
1230 4359 3
4359 5548 2
4359 9569 2
1688 4393 3
4393 4934 -5
4393 2287 0
2287 9802 -1
4934 9736 1
8202 4452 3
4452 826 0
826 4693 -4
8368 4467 3
4467 3228 0
3228 8842 0
8842 301 0
301 949 -4
301 4325 -4
301 834 -2
301 2192 -2
301 321 -1
4325 1603 0
301 819 3
1575 4564 3
2314 4581 3
1671 4594 3
4594 6111 -1
8417 4606 3
4606 9562 -5
4606 3575 -4
4606 7649 0
3575 376 2
1960 4614 3
9416 4620 3
741 4634 3
4634 2704 3
2704 2741 -4
2741 3584 -4
3584 3596 3
5131 4639 3
4639 6703 -3
9117 4687 3
6318 4695 3
4695 5124 -4
4219 4875 3
4875 5525 -3
5525 8072 -4
4875 4052 -1
486 4876 3
367 4883 3
1239 4915 3
4915 5144 1
1943 4920 3
4920 542 -5
542 3928 -4
4920 6733 -2
4920 8903 2
9133 4931 3
6989 4974 3
4974 2566 -5
1794 4986 3
1663 5020 3
5020 9002 0
4061 5064 3
5064 1843 0
2048 5088 3
5088 8821 1
9304 5099 3
5099 9371 -3
9371 7400 -1
7400 7792 -1
7400 4939 1
4939 4350 0
4939 5430 0
5430 5545 0
5423 5100 3
6671 5152 3
5152 1026 -2
1157 5199 3
9068 5211 3
5211 1121 0
1121 1219 -1
1121 5854 0
1121 6750 0
6750 5153 -3
5211 4770 2
4770 3880 -4
2998 5261 3
3102 5276 3
196 5317 3
176 5343 3
3164 5444 3
5444 1319 -5
1319 4924 0
1957 5462 3
9161 5468 3
5468 1147 -1
1147 6664 1
5468 1931 2
6664 5795 2
5795 3601 -4
3601 3076 -4
3601 2004 -1
2004 4713 3
554 5495 3
6381 5503 3
943 5505 3
4802 5556 3
1744 5682 3
5682 911 -4
5682 7993 1
7940 5725 3
5725 7320 -3
7320 7783 -4
7783 1958 -5
1958 6478 -5
7783 3828 0
7320 862 1
862 3607 0
862 510 3
510 1724 -4
1724 6795 -1
6795 8254 -2
3488 5803 3
5803 9452 1
9452 7015 -5
9452 8995 -3
429 5849 3
3456 5885 3
4919 5888 3
1783 5909 3
501 5917 3
5917 2951 -1
2636 5918 3
633 5921 3
2001 5925 3
5042 5928 3
5928 8452 0
5928 7047 2
1208 5937 3
5937 1749 -4
25 5964 3
5964 8174 -4
8174 2508 1
2508 6998 -5
148 5976 3
3000 5995 3
5995 8054 2
8054 9406 0
9406 8402 -3
9406 969 -1
9406 7564 1
4369 6010 3
8803 6012 3
6012 6183 -5
3090 6066 3
8519 6097 3
4853 6099 3
8660 6141 3
3699 6158 3
2087 6200 3
6200 9283 1
118 6214 3
6214 6134 3
6134 8145 2
8145 9318 -4
6998 6222 3
4252 6245 3
6245 5951 -2
5951 2631 -1
2631 8161 2
3682 6257 3
6257 6754 -1
866 6260 3
6260 7749 -4
6260 701 2
7749 6573 2
6573 1397 1
1397 119 0
119 296 -3
296 5908 -3
296 1860 -1
296 2174 0
2174 304 -1
304 2791 -2
5908 9233 0
296 4352 1
296 6584 2
5463 6268 3
503 6269 3
3155 6342 3
6342 3081 -5
3623 6348 3
3623 6402 3
3025 6419 3
6419 6969 -2
6419 6709 1
4678 6421 3
346 6471 3
6471 5220 -3
7777 6536 3
6536 8296 -4
6536 7449 -1
9633 6538 3
7831 6595 3
6595 6819 -1
4087 6640 3
361 6659 3
8493 6676 3
3973 6682 3
91 6726 3
7704 6736 3
8482 6741 3
6741 1763 2
1763 8250 -5
5167 6757 3
6757 3674 0
3674 1425 3
1425 8096 -5
1422 6786 3
9121 6798 3
6798 8358 -2
1002 6803 3
6803 7729 -5
7729 9055 -5
3456 6810 3
6810 5206 -1
5206 4555 -5
4326 6827 3
6827 4100 0
4100 5836 -2
2614 6841 3
1445 6902 3
1407 6936 3
6936 1659 -3
196 6947 3
9914 6956 3
2623 6960 3
22 6975 3
158 7017 3
7017 4015 -2
4015 2806 -3
7017 9863 0
4015 8108 1
7416 7037 3
7586 7052 3
3772 7094 3
4321 7132 3
7132 1951 0
1951 398 -3
398 7327 2
4299 7148 3
3285 7195 3
7195 3211 -4
3211 7425 -3
1055 7200 3
7200 3734 2
3734 6414 3
9526 7221 3
1623 7226 3
3381 7237 3
7237 6560 -5
7237 4781 3
1576 7260 3
1727 7326 3
7326 5767 -4
5767 7184 -4
7184 6146 1
6146 4304 -4
1086 7342 3
7342 1714 2
1714 3523 3
3523 7527 -3
7527 5665 -4
5665 7410 -3
5665 422 -1
422 362 -5
422 6674 -2
5665 6935 -1
3523 9729 1
5756 7368 3
7368 9480 -5
7368 7089 3
7089 5114 -1
5114 6869 0
5114 6297 3
6451 7372 3
9304 7394 3
7394 8369 -2
8369 4989 -5
4989 6862 -5
4989 4381 0
4381 5553 2
2378 7403 3
7403 7550 -3
7403 3869 -2
3869 9040 -1
7550 5427 2
6734 7406 3
7406 5129 3
2941 7409 3
7409 5030 -1
9263 7423 3
7423 1484 -2
1484 2649 0
1484 955 2
955 8156 1
7423 5679 3
2649 6815 3
6815 9109 1
2462 7428 3
7428 9704 2
9704 2128 0
3073 7451 3
63 7541 3
4938 7608 3
7608 579 2
579 5562 -3
5562 9343 0
579 1007 1
1007 9627 -5
579 7007 2
5562 3200 3
6521 7615 3
4669 7671 3
7671 9543 -4
7671 5534 -2
5534 9859 -1
5534 8929 0
7671 6274 1
1010 7712 3
7712 5593 1
5593 742 -5
742 2524 -2
742 2837 -1
2837 3397 3
6392 7722 3
8672 7736 3
245 7750 3
7750 5930 -2
5930 3099 -2
1828 7793 3
9161 7801 3
7801 4080 -1
4080 6731 -5
4080 8305 1
4080 5579 3
4862 7804 3
7804 8838 -5
7804 5453 -1
5453 765 -4
5453 4940 0
7804 6896 0
6896 8321 1
4940 7310 3
7310 6396 0
6255 7826 3
3177 7860 3
5139 7861 3
7861 8542 -4
1218 7903 3
7903 9298 -3
8161 7954 3
3437 7957 3
1114 7980 3
6693 7985 3
7985 7702 0
7702 6104 0
8690 7990 3
7990 7718 -4
2995 8011 3
202 8053 3
8053 8020 -5
8053 7086 -3
8053 6480 1
8020 9754 2
331 8141 3
8141 6544 -5
7578 8149 3
8149 3065 2
3065 1917 -4
3065 8714 -3
1917 3101 -2
3101 8744 -2
8744 2873 0
1917 964 1
964 2957 -2
1917 2264 3
2264 7667 -5
2264 8137 -4
8137 8014 1
8014 1850 1
1850 4697 1
2957 7727 3
7727 4912 -5
4912 6011 2
6011 5480 -3
1975 8160 3
3377 8198 3
6082 8201 3
1577 8246 3
8246 7619 3
7619 7510 -4
7619 5279 -1
7510 9838 0
5279 5135 1
7619 5117 2
9838 1874 3
1874 2289 -5
2289 5372 0
2289 9818 0
9818 871 3
871 1053 -4
871 4738 -3
4738 5516 1
5516 8479 -2
8479 6541 2
6541 7280 -5
5117 7165 3
7165 3459 -3
5516 7290 3
7290 8180 1
4756 8306 3
4356 8339 3
3386 8344 3
5281 8419 3
4016 8460 3
337 8462 3
3507 8481 3
9735 8501 3
2662 8510 3
3990 8541 3
8541 9576 -3
4770 8554 3
4189 8587 3
3198 8589 3
8589 801 1
6010 8601 3
8601 4354 1
4354 6563 -3
4354 7009 3
4261 8674 3
4192 8771 3
8771 6059 3
6059 3193 -3
3193 8716 1
8716 2715 -5
2715 5488 1
774 8790 3
2789 8792 3
8792 3790 -4
3790 3644 -3
3790 9005 -1
9005 5171 -5
3790 6391 2
6391 8971 -5
8971 1095 -2
1095 2188 -2
1095 288 1
2188 7432 1
6391 8274 1
8274 9834 -5
9834 2030 -2
2030 1217 0
6391 7463 2
7463 5420 -3
5420 7246 1
7246 5899 -3
5899 6399 -4
7432 3585 3
4963 8861 3
8861 9880 -4
9915 8925 3
8925 4841 -4
4841 6534 -5
8925 8755 1
8755 4116 -2
4116 7997 -4
4116 5874 -1
8755 1191 0
1191 2934 -2
2934 4972 -1
4972 9794 -2
9794 5865 -1
5865 9362 -4
2934 3314 0
3314 5510 -2
4116 3770 0
8519 8941 3
8328 8991 3
4679 9079 3
9079 5892 0
5892 9931 2
1513 9084 3
9084 9874 -3
6680 9112 3
6110 9157 3
9157 5079 -1
4833 9194 3
9194 3570 2
3570 1588 -5
3570 4686 0
4686 1461 -4
1588 1036 1
4686 8799 3
8799 895 0
2761 9196 3
9530 9200 3
9200 5520 1
5520 9686 -2
9686 5094 -2
5094 3013 -5
5094 4098 -1
5520 580 0
4098 3491 0
4098 8626 1
5520 3709 3
6691 9230 3
9230 6065 3
4545 9248 3
2834 9269 3
475 9310 3
9310 4055 0
4055 3602 -5
3602 1331 -3
4055 2709 -3
2709 2130 -4
1331 2068 -2
2130 7264 -1
2130 9433 -1
4055 6086 2
3602 8734 3
5905 9322 3
9322 3192 1
1772 9432 3
9432 6070 -2
6070 1872 1
1872 2398 -2
2398 7144 0
7144 7762 -2
1872 8709 1
8709 3708 1
3708 2943 -4
2943 1211 -4
2943 5068 -3
3708 8827 0
1211 5895 1
3239 9434 3
3461 9527 3
9527 3495 -1
3495 2285 1
2285 1001 -1
698 9560 3
5795 9590 3
8255 9600 3
8789 9612 3
9612 3281 3
3281 901 -5
901 1342 -4
3281 1531 0
1531 2991 1
2991 1031 2
6681 9643 3
235 9652 3
1497 9703 3
9703 6598 -2
5512 9711 3
6749 9715 3
8541 9717 3
9717 1403 1
1403 3583 -4
1403 6878 -1
6878 2381 -5
6542 9737 3
9737 8158 -4
9737 1897 -1
1897 4672 -5
8158 9546 0
1305 9743 3
9743 2178 -1
6377 9752 3
7149 9782 3
9782 8457 2
8457 353 -5
353 519 2
353 6514 3
6514 4427 3
4427 1289 -5
9510 9853 3
57 9885 3
9885 9026 -3
3364 9953 3
9953 1382 -2
6686 9993 3
9993 6677 1
6677 8741 -3
8741 6055 -5
6055 6224 2
6224 2236 -5
2236 6340 1
335 9999 3
841 65 4
65 450 -3
178 70 4
70 1940 -3
1940 8738 -5
7723 86 4
86 59 -2
59 3207 -5
59 128 -1
59 3559 2
134 102 4
195 249 4
249 737 -2
737 840 -2
249 2079 1
34 252 4
252 6036 -3
252 773 0
773 5049 -1
773 4392 3
7833 277 4
277 7382 3
545 292 4
292 5986 -5
4109 375 4
375 1046 -5
1046 1315 -4
1046 7657 -2
7657 2544 -2
2544 6945 -5
2544 1168 -2
1168 9296 -4
375 2802 -1
9296 6427 -1
6427 3418 -3
3418 1875 -2
3418 5880 -1
5880 5323 -5
5323 4278 -4
4278 2760 -2
1046 2261 0
5323 5738 1
5738 8270 -4
8270 7404 -4
5738 5566 -3
5566 4421 -1
5738 4132 0
4421 4375 1
6945 6092 2
6092 3132 1
375 2414 3
2414 5236 1
5236 6129 -3
6129 247 2
4421 9606 3
9606 6698 2
6698 5249 -2
255 377 4
341 388 4
23 449 4
2957 489 4
3323 498 4
9899 533 4
533 1871 -4
533 5308 2
5308 5224 -1
2492 535 4
535 394 2
394 5031 -5
5031 7332 1
259 563 4
563 3512 -5
563 5737 1
5737 3274 -3
563 2647 2
2647 5062 2
5062 7713 -5
1278 578 4
578 5130 -3
5130 6250 -1
6250 4053 1
32 587 4
1899 594 4
1981 624 4
1174 626 4
591 680 4
680 3781 -1
3781 2095 -4
2095 2992 -5
2992 4579 -3
2992 5864 0
3781 6444 2
6444 1532 -3
588 691 4
691 3897 3
3897 9504 -2
9928 710 4
710 4031 -1
9465 743 4
376 745 4
745 2098 1
2098 4535 -2
9244 791 4
791 9847 -3
981 797 4
797 2442 -4
797 614 -3
797 6445 -3
319 817 4
817 6335 -1
6770 825 4
825 1851 -1
6512 915 4
163 938 4
5329 960 4
960 2688 -1
8165 1014 4
1014 751 2
751 830 -3
830 1686 -3
830 4323 1
4323 1962 -4
1962 2329 -5
1962 4243 1
4323 4824 1
4323 2437 2
2437 5667 -5
2437 445 -3
445 470 2
470 4691 1
4691 189 -2
189 45 0
189 1978 2
751 2484 2
2484 9174 -1
189 4625 2
4625 4651 -3
470 5339 3
751 5391 3
189 8540 3
8540 5255 0
8540 4941 2
711 1023 4
1023 3849 -5
3849 6892 -4
6892 4923 -3
4923 3391 -1
2001 1029 4
7903 1092 4
1092 1901 -4
1901 5342 3
5342 6768 2
6768 7142 -1
3841 1117 4
189 1127 4
1127 6996 -4
6996 5230 3
290 1132 4
1132 3422 -4
3422 3987 -2
3987 3942 3
3942 3267 -1
3422 7466 3
7466 2015 -2
2015 8641 0
8641 5532 -5
5532 4287 -5
4287 4141 -5
5532 9923 -2
4287 4303 0
4303 2988 -3
4303 5459 1
5459 3723 -5
5532 8239 2
8239 1096 -2
1096 2245 -2
2245 5934 -1
8239 8804 1
3723 2728 3
2728 3111 -1
3111 4078 -4
4078 8051 -3
3111 5441 0
4078 9280 1
9280 3527 0
3527 1413 -5
5441 6701 3
6701 7773 2
5532 7646 3
7646 9558 -1
9558 5457 -1
5457 6038 -2
5457 6610 -2
6610 6041 -3
6041 1784 -1
1784 1434 -2
1434 1252 -5
1252 5595 -5
5457 7932 -1
7932 3142 -1
3142 5095 -4
1434 2292 1
7646 7437 1
7437 7046 -2
7437 6706 -1
6706 1797 -3
1797 5649 -5
1797 1732 -4
1732 9938 -3
9938 6344 -4
5649 8095 0
8095 7025 0
8095 1181 1
1181 8394 -4
1181 1148 -2
7437 4844 1
4844 946 -5
4844 8387 -1
2292 9315 2
6706 3794 3
3142 789 4
789 868 4
868 5604 -3
868 2278 3
1569 1164 4
1164 3117 -4
3117 6246 -1
1870 1171 4
1171 6040 2
6040 4023 -2
4023 4980 0
2522 1179 4
7012 1185 4
1185 4540 -5
4540 2167 -1
4540 7234 -1
1185 1750 1
1185 695 3
695 6472 -1
6472 7074 1
2367 1207 4
133 1213 4
1213 7620 -1
1079 1244 4
8069 1302 4
4758 1310 4
4658 1316 4
1316 5476 -5
1405 1329 4
6630 1334 4
1621 1337 4
1337 7664 1
241 1351 4
1351 3120 1
3120 6123 -5
2195 1362 4
1362 1942 -3
1942 2871 -1
1942 9456 0
908 1365 4
9994 1374 4
9435 1443 4
1443 4137 -2
4137 2749 2
2749 2668 -3
2668 8094 0
3212 1504 4
1504 590 -5
590 1035 -5
590 1328 -3
1328 6802 -4
1504 9679 -2
590 5394 -1
590 7453 -1
7453 2507 -2
2507 3256 -4
7453 7603 -2
7603 8858 -4
3256 2161 3
2161 1689 -2
590 9926 3
8556 1521 4
1521 1760 -3
4775 1525 4
8349 1567 4
1567 2857 3
1031 1572 4
1572 7557 -3
1692 1578 4
1578 443 1
443 2372 -4
2372 7495 0
2372 7471 1
1578 2721 2
7471 5754 2
9934 1693 4
1693 4083 -3
967 1707 4
1707 5366 -4
6348 1742 4
1742 3747 1
6391 1746 4
923 1765 4
5536 1776 4
1776 5398 3
1091 1829 4
1829 8553 -1
8553 3561 -1
3561 2101 1
1829 914 3
914 7448 2
6713 1856 4
3242 1861 4
1861 6197 -2
2116 1868 4
4019 1886 4
1886 3396 -4
1886 512 4
512 1387 -2
1387 1111 1
1886 1555 4
1555 1109 -4
1109 2525 -2
939 1891 4
3274 1902 4
1902 3547 -3
2853 2024 4
2233 2041 4
2041 2207 -3
2207 7682 -4
2041 5445 -2
7682 8507 -2
5445 4835 0
2041 4018 3
4018 3520 -2
4532 2084 4
3511 2121 4
2121 36 -4
2121 2862 -3
36 8893 0
2862 9749 1
2121 3591 3
1053 2139 4
631 2179 4
1558 2185 4
2185 2407 3
2407 7999 -4
7999 6032 0
6032 6151 -3
6151 5790 -5
5790 2551 -4
2551 775 3
7999 5063 3
3554 2190 4
1019 2206 4
2206 2725 -2
304 2249 4
3842 2270 4
9618 2283 4
2283 851 1
851 4524 -4
4524 9507 -2
9507 3325 -3
3325 3909 2
851 6864 3
576 2299 4
2299 2413 -5
6200 2395 4
2003 2423 4
2423 2373 2
2499 2428 4
2428 7240 -3
7240 9123 1
9123 4741 1
9123 8458 1
7240 9505 3
2303 2431 4
2431 7966 -2
7966 4573 -4
2431 2564 1
3132 2452 4
2452 2340 0
2340 3930 -4
3930 462 0
462 5274 -1
5274 6870 -5
6870 4320 -2
4320 597 -4
597 324 4
3778 2470 4
3729 2497 4
2497 2768 2
6269 2535 4
1951 2538 4
707 2548 4
2548 968 -4
2548 2609 2
2609 8957 0
6826 2572 4
2572 3796 -4
736 2575 4
3364 2594 4
1233 2664 4
2664 5960 -5
5960 8977 -4
8977 9398 -5
9398 7128 -5
8977 4066 -3
5960 4135 -1
5960 1548 1
1548 3887 -3
1548 5672 -2
1548 8233 -2
4066 3470 1
3470 1522 -3
5960 4860 1
4860 6121 -2
2664 9804 1
9804 6379 -2
6973 2672 4
2672 3262 -2
3262 433 -5
2672 3490 0
3490 7014 -1
433 9621 1
4760 2676 4
2676 5592 -1
7596 2696 4
2696 8610 -4
8610 4225 -1
4225 4253 3
4253 8472 -1
875 2757 4
7977 2762 4
2762 2438 4
9021 2781 4
2781 482 -5
482 1015 -5
2781 4731 -2
1015 3276 0
3276 5658 -2
1015 7663 0
3622 2794 4
44 2799 4
2799 1630 -2
5891 2886 4
1158 2940 4
5085 2959 4
9004 2997 4
2997 1043 2
1028 3010 4
3010 4597 3
4597 8272 3
3010 8681 3
9212 3014 4
3014 1184 2
1023 3022 4
13 3027 4
620 3043 4
4829 3053 4
3053 8862 0
2671 3089 4
3089 4851 -3
3089 5231 0
3089 4670 3
4670 5093 1
5093 4677 -3
5093 1563 3
1563 6234 -4
1563 7485 -1
1563 3303 1
1563 2268 2
6234 4279 3
4279 3378 -1
3378 7962 -5
3378 4776 2
4418 3118 4
1134 3119 4
3119 5373 1
5373 8313 2
8313 1416 1
2916 3140 4
3140 6651 2
1514 3147 4
3147 4284 3
1944 3160 4
294 3187 4
3187 4623 -4
4623 1306 0
3187 3166 0
3166 2682 -4
2682 1400 -5
3166 440 4
7449 3190 4
1146 3215 4
3215 6679 -1
5779 3222 4
3222 4025 3
9814 3232 4
7344 3233 4
1366 3240 4
4221 3249 4
3249 4916 2
4916 2204 3
3249 3946 3
4761 3252 4
3520 3291 4
3291 5791 -5
3432 3310 4
3290 3326 4
3062 3359 4
9629 3371 4
1214 3405 4
3405 9789 -4
3405 4070 0
4070 4268 0
4070 6758 1
6758 7905 -4
405 3423 4
8202 3427 4
3427 1186 4
1186 408 -1
408 1220 -3
1220 1320 -5
1320 7580 -4
408 175 -2
1320 1414 -2
1220 5172 -1
1414 3426 0
7580 8214 0
1220 3041 1
5172 5837 1
1186 3439 4
3439 112 0
112 815 3
815 853 1
853 3258 -2
3258 2938 -1
2938 6660 -1
853 3576 2
853 7279 2
2938 172 4
8924 3462 4
3462 9337 -1
9337 5326 -4
5326 2172 0
3462 7233 1
5326 9821 1
5326 2012 4
2012 160 -1
160 5471 -3
5471 4123 -2
5471 5792 0
5792 6125 -1
5592 3475 4
3475 275 -4
275 7984 2
7984 6390 -3
6390 2035 -3
4345 3480 4
4290 3482 4
227 3509 4
3509 9442 3
8380 3627 4
3627 5239 -1
5239 4522 -5
7128 3629 4
1031 3636 4
1883 3698 4
504 3702 4
2437 3714 4
1814 3755 4
8341 3783 4
3783 7398 2
7398 5033 -5
1231 3786 4
7682 3788 4
8412 3797 4
2452 3805 4
3805 6127 -1
1159 3807 4
793 3809 4
3809 4646 0
9911 3863 4
9787 3984 4
8589 4039 4
4039 5275 0
4039 1859 1
4039 9287 3
7391 4103 4
1431 4113 4
4113 2962 1
6921 4130 4
4130 7245 -4
4130 8978 -4
3706 4134 4
3807 4151 4
4151 278 -3
2213 4170 4
4170 1815 4
1815 9644 -3
1815 6304 -2
9644 5741 3
5741 3721 -5
8545 4209 4
3090 4228 4
4228 8671 -2
3011 4230 4
4230 8332 -2
8332 9430 2
7463 4280 4
4280 8879 -4
8060 4309 4
4309 1546 -4
4606 4339 4
339 4383 4
1275 4395 4
968 4398 4
4398 2793 0
2793 4661 -5
4398 6105 3
8332 4431 4
4431 1039 0
1039 4465 -4
1039 592 -2
592 690 -4
592 7335 0
592 3754 1
4465 8651 1
8651 7160 2
4465 8659 3
592 913 4
8659 1561 4
6893 4468 4
7188 4469 4
4469 5958 3
5958 2601 -4
5958 6725 -2
216 4510 4
4510 8942 2
8942 8009 -3
775 4603 4
778 4608 4
5986 4618 4
4618 8196 -4
1058 4666 4
4666 5138 -3
4666 2232 -1
2232 4399 -4
4666 8012 -1
4666 9256 0
2232 3574 1
2232 2778 4
2140 4705 4
4705 9027 -3
9027 821 -1
821 8107 -2
8107 3413 0
7816 4721 4
306 4740 4
4805 4751 4
4475 4774 4
4774 5218 -1
5218 1813 -2
5218 8126 1
2001 4786 4
94 4865 4
2492 4927 4
9713 4936 4
4936 5730 -3
5730 7056 2
5730 2430 3
452 4944 4
3736 5026 4
6311 5027 4
5027 9868 1
3694 5084 4
4501 5107 4
5755 5162 4
5162 2895 2
5162 6178 2
7067 5200 4
5200 8197 -5
5200 5332 -4
5200 6637 -3
5200 641 0
6637 3749 1
3749 606 2
606 6167 0
606 672 2
672 8166 -1
672 6006 0
2823 5203 4
7520 5205 4
5205 3279 -4
7086 5254 4
5254 3358 -5
3358 5253 -3
5253 7275 -5
4339 5268 4
2274 5300 4
2016 5313 4
1663 5350 4
2352 5356 4
2429 5358 4
800 5405 4
817 5407 4
5407 8581 -2
8581 4461 0
4461 521 -4
521 8633 0
2568 5446 4
5446 9892 -4
7444 5460 4
5460 9664 -3
169 5467 4
3118 5472 4
7269 5523 4
5523 9359 2
5523 5424 3
3520 5533 4
5533 7213 -2
8199 5541 4
6998 5561 4
5561 2694 3
2694 1652 -4
2694 3948 -4
3948 2222 1
2222 7781 -5
2222 4518 -4
4518 5957 1
2222 4224 2
2694 4602 2
7637 5594 4
5594 4344 0
4344 9806 -3
4232 5647 4
8807 5660 4
1095 5677 4
802 5686 4
3452 5709 4
7173 5711 4
5711 3536 4
3536 6426 -5
3437 5758 4
1473 5764 4
3123 5833 4
5833 7643 -5
5833 7572 -1
5476 5869 4
5822 5907 4
5907 9390 0
5907 4996 3
4996 5006 2
2137 5938 4
1609 5940 4
5940 586 0
586 8167 -3
8167 3153 3
3153 2211 -2
4902 5974 4
5974 4065 -4
2379 5988 4
7078 5992 4
5992 2628 -5
5992 1209 4
1209 1618 2
1618 2475 -5
1618 7124 0
2475 4239 4
4239 5914 0
4239 4348 2
4348 6486 0
9202 5998 4
1362 6025 4
8491 6031 4
3200 6063 4
3011 6069 4
4770 6079 4
2877 6085 4
2544 6143 4
6143 4091 1
7649 6169 4
3406 6176 4
6176 6273 2
6273 7587 -2
5468 6180 4
7132 6187 4
4252 6219 4
1142 6239 4
4634 6266 4
695 6359 4
936 6366 4
6366 7229 -2
3625 6370 4
1180 6424 4
6424 5557 4
2027 6473 4
6473 1798 -3
2735 6489 4
6489 6332 -4
6332 980 -4
779 6502 4
3406 6518 4
6169 6545 4
2253 6548 4
3719 6578 4
6578 2753 -5
2753 792 -5
792 236 -4
236 199 -1
199 2069 -1
2753 3103 0
6578 5125 3
2753 1619 4
1619 3259 -4
3259 4340 -5
1619 6775 0
3341 6599 4
6599 6716 -4
6716 5112 3
2565 6642 4
385 6649 4
6649 7848 3
5663 6661 4
5849 6669 4
6669 8543 -4
3449 6696 4
6696 3141 -1
3141 2058 2
582 6710 4
300 6711 4
6711 3816 1
3816 2290 -5
8080 6721 4
6721 9052 -3
9052 9326 -5
6721 1175 -2
9326 561 -1
561 439 -5
6704 6727 4
5564 6767 4
4245 6779 4
7509 6835 4
1011 6843 4
1767 6860 4
9807 6871 4
5459 6905 4
8246 6929 4
6929 6470 0
6929 9813 0
3831 6944 4
1163 7045 4
7045 9723 -5
1174 7058 4
7058 5972 3
4675 7077 4
4742 7104 4
7104 2208 3
2208 1565 4
1565 1424 2
1424 3905 3
1565 1778 4
6465 7108 4
1490 7114 4
1618 7116 4
1066 7125 4
7125 9800 3
9800 3631 -5
2853 7224 4
1354 7293 4
440 7307 4
7307 4493 0
1944 7321 4
3192 7388 4
5824 7395 4
4301 7411 4
7411 7282 1
6652 7413 4
7413 1335 -3
2207 7420 4
7388 7443 4
7443 679 -5
4449 7457 4
7457 441 -2
7457 4551 0
1959 7462 4
7462 7676 -1
7676 3464 -5
3464 3048 -3
4264 7489 4
6344 7538 4
7538 7963 2
370 7602 4
1979 7609 4
4135 7632 4
7632 3567 1
3567 6077 1
2207 7647 4
7647 8124 -5
9465 7670 4
522 7686 4
7686 5969 4
8452 7706 4
6239 7735 4
5296 7740 4
7045 7791 4
1168 7803 4
673 7811 4
7811 7610 -2
7610 9216 -3
7811 2088 2
9216 3194 4
9930 7835 4
6034 7857 4
882 7914 4
7914 3308 -3
3308 9902 -3
9902 8307 -4
8307 9176 -4
112 7924 4
7924 4483 -4
7924 4337 3
543 7936 4
7149 7945 4
1465 7959 4
7959 5589 2
7959 5370 4
5370 2942 -5
681 7970 4
4200 7979 4
2367 7981 4
1264 8062 4
8062 3748 3
3748 3830 -5
3748 7976 -1
3830 7286 3
4023 8087 4
6812 8092 4
1101 8131 4
8131 5023 1
8131 806 3
806 7732 -4
1979 8178 4
1967 8190 4
3012 8213 4
8213 9422 -4
4893 8326 4
6914 8342 4
9318 8352 4
8352 6217 4
814 8371 4
93 8391 4
5764 8393 4
9263 8427 4
8427 6093 -3
1601 8443 4
9723 8450 4
3601 8500 4
6121 8533 4
2862 8604 4
5463 8606 4
7212 8618 4
8618 3191 -4
3191 4033 -5
3191 2860 -3
1039 8637 4
9274 8652 4
610 8678 4
1495 8688 4
7485 8707 4
6964 8746 4
2294 8796 4
3024 8797 4
8797 9376 0
6855 8818 4
271 8841 4
8841 786 4
786 500 0
500 5613 -4
786 5962 1
5962 6337 0
5613 9579 1
8841 5582 4
5582 5120 -3
2998 8885 4
6042 8902 4
8902 7385 -4
7385 4051 -1
4051 4373 0
5622 8922 4
8922 9884 -5
3371 8934 4
5049 8948 4
5317 8973 4
9467 9024 4
5181 9039 4
9039 9344 -4
9344 3857 -4
3857 1359 -3
1359 9756 -3
9039 7808 0
7808 7373 -3
3857 4636 1
4636 3894 -4
9039 9227 2
3894 963 3
963 7802 -3
963 1961 -1
963 2547 1
9344 1584 3
3894 8409 3
8409 726 -4
9344 5056 4
576 9045 4
893 9067 4
2226 9071 4
3349 9078 4
3303 9132 4
3773 9140 4
9140 7814 1
7814 5432 1
9140 9520 3
6391 9147 4
9147 6388 1
123 9158 4
9158 4762 -4
277 9164 4
225 9203 4
2389 9284 4
849 9293 4
3830 9307 4
9307 2830 0
8381 9369 4
593 9394 4
4815 9408 4
5480 9411 4
174 9444 4
3510 9446 4
9500 9473 4
9566 9488 4
3005 9540 4
8912 9570 4
8070 9591 4
44 9642 4
4687 9651 4
2936 9663 4
9663 6939 -5
6939 7946 4
7946 3225 0
7946 9205 0
9205 8463 -4
9205 127 -1
127 7273 -4
7273 9869 -3
5407 9697 4
9697 979 -1
1268 9718 4
422 9733 4
9733 1290 0
1290 1038 -1
1038 2602 0
28 9742 4
502 9780 4
9256 9811 4
2726 9835 4
6578 9896 4
5842 9901 4
9901 1358 -1
1358 3321 3
4300 9951 4
378 9980 4
870 47 5
47 3695 1
606 131 5
3342 155 5
155 662 -5
155 399 -4
155 149 -3
155 4547 1
20 166 5
2406 180 5
180 234 0
3915 210 5
210 5816 -4
210 598 -3
1314 250 5
250 7926 -1
2877 266 5
266 1183 3
1183 2588 -4
266 6739 3
6739 2291 -1
6739 5481 4
69 280 5
280 652 -5
2190 318 5
318 8892 -3
318 874 0
874 1505 2
1505 4415 1
4415 7628 -1
7628 4175 -5
7628 6208 -3
8438 343 5
343 8088 -1
343 782 2
7920 348 5
348 4346 0
4346 5715 -3
5715 3094 -5
4346 8801 -2
3094 3021 0
3021 6626 1
8801 7274 3
7274 3724 2
3724 3379 -5
7274 3947 2
3947 2629 -2
3947 7028 2
5715 883 4
883 4889 4
3304 396 5
439 400 5
9549 409 5
409 2125 3
1 444 5
444 4842 -5
7449 492 5
492 1138 -3
8313 499 5
414 549 5
1988 571 5
8928 577 5
387 611 5
611 9374 1
611 4715 2
251 638 5
2273 650 5
6067 685 5
4980 708 5
2728 777 5
354 810 5
2631 832 5
832 1110 -4
1110 1930 -3
167 848 5
1068 885 5
885 9401 -5
9092 886 5
886 7618 -1
2591 897 5
897 747 -2
897 5258 -2
747 9101 -2
747 3822 -1
3822 8173 4
117 925 5
271 931 5
4279 940 5
940 5744 -4
940 473 -3
473 6152 -4
2446 944 5
944 2009 -3
2009 9882 3
9882 6218 -1
931 1003 5
1003 6411 1
6411 2585 2
2585 1590 -5
1590 5910 -5
1590 1453 4
1074 1033 5
1142 1077 5
1077 2180 -4
1978 1140 5
1140 5273 2
7862 1141 5
1141 3026 1
3026 9982 -2
4826 1150 5
1150 769 -2
1150 8068 -1
8068 5630 -5
8068 9841 -5
8068 4704 -2
914 1210 5
1210 4057 -1
4057 8682 4
8682 1456 3
1456 1303 -1
1456 1253 1
988 1237 5
5364 1277 5
1277 5421 1
4778 1287 5
1287 1225 -5
1225 6535 0
1287 4607 1
8460 1304 5
897 1353 5
3632 1467 5
1467 397 5
397 6523 -5
6523 5252 0
397 8159 1
6523 3751 2
544 1469 5
3480 1489 5
1489 9986 -4
9986 6928 1
6928 1195 -4
5757 1544 5
1544 3587 0
1544 7431 3
7431 3974 2
657 1554 5
1554 3237 -4
703 1568 5
8245 1574 5
1574 2466 0
2466 3416 0
3012 1602 5
1602 1340 3
6384 1611 5
2275 1635 5
1622 1650 5
3400 1699 5
1699 8814 0
82 1725 5
3240 1777 5
1777 1165 2
1165 1503 2
1987 1786 5
1786 1474 -4
1474 5635 -5
1474 1677 2
1786 2254 4
2254 6953 2
6953 9361 3
5476 1823 5
1823 1556 -4
1823 4624 -4
1823 4004 -2
4624 6124 -2
4004 4796 -1
666 1838 5
1403 1848 5
1820 1906 5
1906 2173 2
2170 1991 5
29 2020 5
7791 2054 5
2054 9010 3
991 2077 5
2077 8689 -2
5667 2102 5
2102 2592 3
2592 6288 3
4217 2103 5
2103 1989 4
1989 8218 0
624 2124 5
2124 7317 3
1153 2151 5
2151 463 3
463 484 -5
463 1012 1
1012 5913 -1
484 4476 1
4476 4512 4
406 2153 5
5505 2169 5
2169 705 -2
3034 2182 5
2417 2191 5
2191 6621 -2
2307 2219 5
784 2240 5
2240 3356 2
2240 7085 2
7085 1341 -3
1341 990 2
7085 559 5
559 3066 -5
3066 9676 0
140 2241 5
631 2242 5
2242 567 -5
2242 6789 3
2921 2255 5
5758 2279 5
2279 1867 5
1867 6181 0
6181 3085 -2
3085 9803 -1
9803 4861 3
1538 2320 5
5833 2421 5
2421 5948 -3
44 2529 5
9176 2587 5
2587 8877 -5
2587 4592 -2
4592 2635 4
2635 2993 -5
2993 7973 -1
9006 2624 5
581 2652 5
2652 3241 -1
3241 6142 1
2652 9617 3
9617 9105 3
9105 3395 -5
865 2661 5
1081 2693 5
8423 2719 5
2719 6003 -5
2719 3929 -4
2719 2754 -1
6939 2758 5
3432 2775 5
2775 5436 -3
6061 2783 5
2783 2712 2
79 2809 5
5120 2817 5
2817 4584 -5
1466 2829 5
2829 5720 -3
5720 442 -5
2829 8103 -1
7317 2855 5
2830 2903 5
5691 2930 5
913 2961 5
1618 3004 5
4883 3054 5
5454 3109 5
918 3125 5
864 3129 5
445 3178 5
3178 6164 -2
3178 6382 -1
6164 4668 1
4668 906 -2
3178 6910 3
906 7023 3
6164 1451 4
731 3230 5
3230 1188 -5
1188 7178 -5
7178 934 2
934 7020 4
7020 3656 -4
3656 5511 -1
7020 7345 2
7345 7853 -5
2127 3301 5
3301 5600 -3
5600 9081 -5
3301 3104 0
3104 5903 -1
9081 5301 0
3229 3302 5
9 3306 5
2497 3330 5
1413 3332 5
901 3335 5
3335 3056 -4
3056 3497 1
3335 7005 1
1568 3351 5
6789 3370 5
6750 3389 5
5504 3435 5
3435 2471 -2
3435 6549 1
3435 5959 2
6863 3447 5
6788 3483 5
7643 3560 5
8358 3594 5
3594 1950 -3
4906 3646 5
3646 1123 2
2284 3649 5
3649 9919 -4
3906 3655 5
1902 3666 5
413 3667 5
2331 3671 5
3671 718 1
100 3739 5
3739 7328 0
3630 3740 5
3740 1994 0
3740 8075 2
8075 2738 -5
3740 8914 3
8914 9677 -2
2738 2248 4
2248 2739 -4
2739 182 -5
2248 6834 -2
2248 446 -1
446 7022 -2
9718 3746 5
3746 6930 -1
6930 7126 -3
3746 729 0
729 9086 -1
3746 8567 2
3024 3806 5
3806 4358 -1
3806 5621 -1
5621 3112 3
3112 1189 0
8725 3827 5
3827 2952 5
2285 3850 5
721 3852 5
3852 7605 -3
3852 4754 2
4754 9668 -1
4367 3881 5
36 3920 5
3920 6529 4
6540 3921 5
3921 9116 2
847 3922 5
4304 3936 5
3154 3954 5
4078 3963 5
2521 4058 5
4058 3458 -2
3458 5380 -3
5380 9690 4
4022 4068 5
1120 4092 5
4092 7362 -2
9265 4115 5
831 4133 5
11 4164 5
4164 419 -4
419 2422 -4
419 5614 -4
5614 9659 -5
419 228 -1
228 9294 0
9294 7925 -2
9659 9964 0
419 1367 2
2422 1800 5
6529 4165 5
4165 6830 3
6830 6362 2
2369 4174 5
685 4210 5
6467 4248 5
4248 7090 -1
7090 3939 -1
4248 4863 0
4863 7061 2
2607 4259 5
9545 4262 5
4031 4289 5
1942 4291 5
4291 2026 3
2026 3876 -4
3876 5973 -3
5973 4633 -4
2900 4293 5
3576 4295 5
4295 9228 0
5023 4297 5
4297 1758 0
1905 4333 5
4333 7266 4
7266 4969 -1
7266 6954 0
395 4404 5
1638 4443 5
1186 4447 5
4447 2579 -3
5206 4520 5
3828 4561 5
3880 4563 5
4563 8354 4
192 4587 5
4587 8327 -5
4587 4984 -3
4984 7064 0
2210 4736 5
4736 6464 -1
2626 4749 5
2048 4752 5
4752 9577 -3
9577 4024 5
4024 3009 5
9756 4755 5
4755 9146 0
5003 4809 5
3518 4879 5
4879 3635 -2
3635 7626 2
7626 1806 -2
1806 1205 -4
1806 4408 -4
1205 3071 -3
4408 9641 2
3071 3261 5
9205 4891 5
4891 6157 -3
2849 4943 5
4943 6441 2
6441 8956 -5
2320 4955 5
1343 4975 5
2682 5044 5
5044 5694 1
6787 5065 5
6304 5078 5
5078 3433 1
4761 5111 5
5111 8359 -4
2594 5166 5
450 5189 5
7076 5216 5
4095 5233 5
5233 8170 -3
5233 2465 1
2465 8408 -4
2465 8706 -4
2465 5360 -2
2465 2142 2
5360 8355 3
1889 5284 5
5284 3322 4
3322 4138 -5
4138 2165 -5
235 5307 5
1197 5309 5
3815 5311 5
7250 5316 5
4133 5347 5
5347 7743 -5
5347 5760 -2
1299 5357 5
1052 5382 5
8341 5413 5
3010 5449 5
7484 5470 5
806 5497 5
21 5539 5
7388 5611 5
5611 8504 -2
8504 7585 -5
8504 4056 -3
4056 9587 0
9587 6045 -3
4056 5165 4
5165 6740 0
2139 5612 5
5472 5698 5
1840 5723 5
4836 5810 5
5810 9681 -3
6167 5922 5
5922 2050 2
5253 5927 5
3889 5929 5
2127 5970 5
5970 8588 -3
8356 5984 5
5984 4800 2
3090 6016 5
2411 6147 5
1209 6211 5
6211 415 -4
4777 6237 5
3168 6330 5
1625 6401 5
458 6428 5
6428 9393 -1
4570 6452 5
6452 2436 2
2436 2096 -5
4438 6484 5
8764 6517 5
1184 6527 5
5912 6539 5
6382 6618 5
542 6687 5
1479 6689 5
4865 6868 5
6868 1438 -4
1438 896 -1
1438 1517 3
5687 6897 5
7260 6949 5
6949 8663 -4
6949 2176 -1
2176 2737 -4
6949 7095 -1
7095 6182 -4
7095 7797 -4
7095 8983 -1
8663 6389 0
2176 899 5
899 1083 1
899 8175 4
8175 1647 -1
273 7008 5
4726 7049 5
1535 7151 5
5618 7155 5
2035 7241 5
7025 7257 5
3590 7278 5
4856 7330 5
7330 6116 -5
5178 7347 5
7347 2986 -3
3838 7386 5
7386 3595 -4
3595 2801 -1
2801 3309 -5
2801 8153 -2
3309 4020 4
7386 3443 5
3443 2906 -5
2906 733 -5
733 1873 -1
1873 2603 -5
1873 8511 0
2906 8786 0
1572 7407 5
6652 7412 5
9147 7434 5
7434 9125 -5
3314 7498 5
4851 7536 5
7536 3307 -1
3307 922 -5
3307 3080 -5
3307 5716 4
7241 7537 5
6897 7539 5
7539 8628 -4
8628 7475 5
7667 7563 5
7563 9373 4
9373 4370 -1
2511 7593 5
1578 7668 5
7668 7917 -1
7917 1061 0
1061 2302 -4
2302 6343 1
1061 5402 4
5402 2697 3
2697 8186 1
1009 7672 5
7672 9301 1
278 7692 5
5770 7709 5
2962 7725 5
243 7747 5
5432 7764 5
4657 7774 5
7774 7447 3
3748 7776 5
7776 6397 -4
6397 9935 2
4051 7809 5
7809 5146 0
5405 7825 5
7825 2963 3
8371 7888 5
7888 1040 -5
1040 3618 0
3290 7908 5
7908 9778 -1
9859 7923 5
7923 1042 -1
1042 6056 0
6056 8805 2
7923 4684 4
3371 7949 5
4607 7951 5
7951 2885 -3
2885 404 1
3660 7989 5
7989 4059 -1
4987 8002 5
3632 8015 5
7043 8033 5
7672 8040 5
6025 8117 5
3700 8118 5
8118 4409 -3
4409 9080 -2
2881 8121 5
801 8122 5
8122 2353 3
5597 8133 5
1338 8138 5
4922 8195 5
8195 6982 -4
6982 8735 -1
6982 999 3
999 1909 -4
1909 40 -2
40 6629 3
40 9363 4
4527 8240 5
8240 3360 4
3360 3092 2
3092 7535 -2
6812 8265 5
8265 3670 -3
2303 8269 5
8142 8279 5
5513 8299 5
5216 8350 5
3053 8367 5
8367 6987 -5
8367 5282 0
2145 8376 5
208 8379 5
9434 8390 5
3343 8397 5
3660 8440 5
6832 8446 5
3443 8497 5
2736 8506 5
9021 8521 5
8521 8830 -2
8521 3882 1
3882 5657 -3
4603 8539 5
8272 8559 5
9021 8578 5
8578 6102 -1
6102 3114 1
3114 4377 -2
3114 6165 2
4025 8592 5
9170 8650 5
831 8680 5
2869 8712 5
8712 6405 3
6141 8720 5
548 8727 5
7128 8742 5
3114 8767 5
4772 8822 5
8822 4402 3
4402 7710 1
5275 8836 5
4845 8868 5
7328 8884 5
1184 8898 5
9909 8915 5
8915 3573 2
3573 7486 -2
4400 8967 5
8967 7322 -5
2668 8970 5
8970 4872 2
8812 8975 5
480 8984 5
8984 7790 -5
5864 8986 5
6899 9012 5
7782 9035 5
6745 9037 5
1638 9064 5
819 9113 5
2388 9114 5
4563 9127 5
1548 9134 5
2669 9148 5
1404 9168 5
8814 9209 5
2355 9236 5
3092 9255 5
9255 8810 5
6308 9264 5
9264 2842 -4
8332 9271 5
6052 9281 5
9959 9286 5
2995 9329 5
9329 8990 -4
8563 9380 5
8543 9399 5
9399 8676 1
8676 7821 -1
9399 4196 5
4165 9457 5
1853 9469 5
9469 7501 -5
3034 9496 5
3288 9593 5
9593 7788 -2
6944 9601 5
3309 9616 5
9616 8594 -1
1672 9684 5
7653 9706 5
8668 9755 5
8934 9854 5
6737 9856 5
1108 9860 5
6899 9866 5
9866 8947 2
9200 9903 5
1199 9904 5
9904 4797 -4
9904 5786 -2
9904 2047 0
9904 6243 0
3971 9908 5
1379 9933 5
9933 5771 -4
4279 9937 5
8427 9939 5
5657 9943 5
8486 9963 5
9963 4508 -5
4508 5701 4
5701 4907 2
4907 3468 2
4508 2554 5
6457 9976 5
9976 2821 -1
6672 9978 5
1 15 6
15 213 4
21 42 6
42 1155 1
739 80 6
80 238 1
7221 151 6
156 181 6
181 8293 -2
181 7359 4
191 237 6
237 1327 2
237 3659 4
6969 257 6
257 3428 -4
343 267 6
1762 381 6
2575 417 6
417 932 3
932 2141 -1
2364 584 6
584 5591 -1
367 617 6
617 5340 -4
617 1501 4
1501 3614 1
718 618 6
618 5626 -3
5626 3950 -3
618 7678 2
373 635 6
5239 636 6
636 2146 -3
394 676 6
676 5867 -4
676 9907 -2
9907 9958 -3
676 7051 -1
676 8854 3
676 4489 4
1874 687 6
4922 692 6
692 5322 2
1576 694 6
9209 760 6
45 861 6
861 6416 3
5976 881 6
103 890 6
4150 951 6
130 954 6
4543 973 6
973 9187 -5
973 5819 4
973 5499 5
335 976 6
976 3542 -2
3542 1736 -4
1091 1013 6
3313 1082 6
1082 4240 -5
3696 1085 6
1085 3454 0
1085 3107 1
3107 9712 5
9712 7859 3
3797 1198 6
1198 4423 -5
1198 1460 -4
4423 4886 -2
1460 477 -1
1198 5678 -1
477 5496 5
1979 1257 6
1257 557 -3
1257 4249 -3
4249 4613 -4
1257 6450 0
1499 1300 6
1300 732 -4
2102 1324 6
3886 1428 6
1428 9022 -1
5678 1440 6
1440 1723 3
2206 1448 6
1448 8899 -5
1448 6959 -3
5602 1475 6
1475 4712 -5
1475 3216 -3
3216 5267 -5
1475 1263 3
4712 4390 3
5267 9699 5
3950 1557 6
4327 1564 6
8891 1566 6
7112 1626 6
1626 7050 5
8869 1651 6
1651 799 -4
1651 3994 3
3994 7134 1
3994 9471 1
3994 4005 2
7134 5605 3
3437 1712 6
1712 8642 3
1712 2770 5
2770 285 5
9075 1726 6
3940 1733 6
38 1787 6
7456 1893 6
688 1914 6
299 2018 6
2018 4995 1
4995 5247 3
2018 9159 4
5252 2025 6
665 2044 6
2044 2062 0
5595 2143 6
1980 2147 6
2147 2468 1
4732 2175 6
2175 2258 5
2258 8782 2
8782 3738 2
2525 2214 6
2214 221 2
1581 2228 6
2228 4198 3
1160 2237 6
2237 7465 1
2237 3669 2
7921 2252 6
2252 260 -4
2252 2288 -2
2288 1711 1
2288 4569 1
2252 9783 1
2908 2313 6
8658 2342 6
2342 8000 -2
2161 2351 6
782 2354 6
2354 3986 1
2047 2385 6
5137 2460 6
4035 2461 6
1195 2488 6
2488 2976 5
6525 2495 6
2495 6244 -2
549 2496 6
9233 2599 6
5270 2605 6
6524 2639 6
2639 425 1
2379 2648 6
2648 9573 -3
9573 4534 1
2648 7794 2
4534 2123 5
1728 2654 6
2654 5018 0
5018 3704 5
8843 2708 6
5230 2740 6
2740 4430 -4
4430 9528 -1
3660 2776 6
2776 5191 -5
2776 5123 0
5123 2366 -2
2779 2786 6
9453 2807 6
2807 7531 4
7531 1228 1
5589 2816 6
2816 2467 -2
2467 4205 -3
2467 8489 0
2467 3645 5
3645 3860 0
185 2866 6
8636 2874 6
3412 2893 6
7491 2896 6
965 2905 6
8367 2907 6
2907 7243 -3
479 2985 6
1253 2994 6
6810 3007 6
9571 3008 6
3008 3316 -4
3316 5029 -1
5029 322 -1
3008 5292 0
5292 4588 0
5292 5844 1
5029 4557 4
4557 4187 -3
322 768 6
5867 3018 6
171 3091 6
3091 4448 -3
53 3097 6
3097 2053 2
2053 3429 1
2053 2947 4
8930 3134 6
3134 8389 -3
464 3146 6
4656 3158 6
3158 7393 5
7393 3548 -3
7393 3820 2
3820 5674 2
3548 6848 2
3820 3991 3
2670 3180 6
2404 3184 6
1786 3243 6
3243 2506 2
836 3272 6
4469 3334 6
3334 8411 -4
5 3375 6
1457 3430 6
3430 4999 -3
4999 8485 -2
3430 3003 0
8485 6792 1
3430 1044 2
1044 3338 -3
1044 4849 3
6792 7775 3
4999 1098 4
4566 3431 6
8589 3436 6
1044 3445 6
4134 3526 6
3526 6386 -4
3526 9709 -2
3526 2171 0
9709 2526 0
2171 6499 2
6499 2979 -2
2979 6251 0
6251 6817 -2
2171 2571 3
4423 3529 6
6962 3556 6
3556 4384 -2
5658 3563 6
4195 3652 6
3652 6980 2
3652 5994 5
5994 3668 3
3045 3658 6
3658 4937 -2
1930 3685 6
3685 4163 3
3685 6103 5
6103 2545 -2
2545 5753 0
2340 3720 6
4876 3753 6
91 3768 6
3768 3257 2
4953 3791 6
3791 5781 -1
6697 3793 6
8101 3835 6
1042 3836 6
4010 3862 6
3862 8697 -1
3862 7798 2
2656 3976 6
2735 4001 6
3165 4007 6
2960 4036 6
964 4099 6
5874 4106 6
4106 9897 1
9897 8102 4
1513 4148 6
3077 4155 6
7997 4158 6
6834 4208 6
4208 6890 -1
7938 4265 6
874 4281 6
6349 4292 6
9333 4316 6
4316 669 3
669 1229 4
1229 2597 3
1229 6160 4
6160 4817 0
4817 3098 -1
2393 4382 6
7443 4385 6
4020 4442 6
4442 9917 -5
9917 7916 -3
9917 7867 0
1292 4455 6
4455 3002 6
8954 4466 6
4704 4490 6
1131 4572 6
4572 4885 3
7717 4622 6
4622 6559 -2
6559 8338 -3
8338 9695 -3
9695 9218 2
9695 1993 3
6559 3224 3
3224 1047 5
1047 4306 -3
9695 9312 5
9312 8751 4
8751 359 -1
9695 2792 6
2792 325 5
325 7039 5
624 4655 6
6879 4737 6
5845 4793 6
4175 4798 6
4798 9352 5
1547 4873 6
4873 9046 -2
4873 9604 4
2603 4877 6
4877 6378 -3
4877 8763 -2
8763 1579 -4
8763 8960 3
3068 4884 6
3142 4890 6
4890 4435 1
4435 854 1
7670 4909 6
4909 9667 2
7271 4935 6
7997 4965 6
4965 3872 2
3872 9057 -4
2907 4971 6
4971 3833 -4
3622 4982 6
2907 4998 6
4998 2590 2
2590 3727 6
3727 4347 -3
4702 5007 6
1379 5039 6
4560 5091 6
2765 5119 6
7131 5197 6
2267 5225 6
1837 5226 6
469 5293 6
406 5315 6
7326 5362 6
5536 5368 6
5368 9047 3
5813 5377 6
109 5443 6
5265 5450 6
5450 3993 2
3993 8603 2
647 5518 6
5518 5259 6
5259 2434 -3
7472 5546 6
4622 5588 6
5588 8083 -1
5588 6784 0
7907 5648 6
290 5656 6
5656 7198 -5
7198 5228 -1
5228 2122 -5
5656 2567 1
5656 1587 4
5228 5971 5
8305 5661 6
4778 5689 6
5689 7912 4
1028 5707 6
5541 5728 6
2571 5729 6
4964 5736 6
1147 5742 6
5742 1687 -1
1687 5010 4
1687 1582 6
2480 5777 6
6634 5780 6
4931 5807 6
5807 2774 2
9114 5823 6
5823 5850 0
1026 5889 6
5889 8549 -3
8549 9468 -4
5889 9162 4
8549 4144 5
4144 2864 1
3031 5900 6
1343 5906 6
9751 5916 6
1667 5953 6
4175 6019 6
6019 7199 -1
6019 6109 4
3062 6039 6
6039 9120 -4
2398 6083 6
6362 6095 6
512 6114 6
6114 7113 -1
6114 9707 2
6114 807 3
807 9825 -2
807 532 4
532 2494 -3
807 4247 4
3283 6132 6
4944 6156 6
6350 6170 6
6170 3374 1
1664 6190 6
6190 7135 4
9107 6230 6
6230 8263 -1
6230 8644 0
6929 6267 6
5571 6296 6
6296 7277 -4
780 6299 6
9456 6303 6
6303 2958 1
3821 6361 6
7457 6376 6
815 6403 6
43 6433 6
6145 6435 6
7980 6462 6
496 6546 6
9011 6585 6
6585 4077 3
4077 9851 -5
9851 7483 -2
7483 2049 -4
7483 4811 2
4811 4041 4
1862 6615 6
2210 6617 6
6617 6814 -3
6617 9491 -1
5664 6623 6
6623 7034 3
7034 8813 -4
8813 3305 6
3305 8111 1
8111 2854 3
3305 2912 6
2912 1119 2
6333 6639 6
4727 6647 6
6647 3552 -3
6647 674 0
7100 6738 6
1355 6782 6
2275 6854 6
176 6882 6
3429 6887 6
6007 6903 6
1133 6904 6
2598 6915 6
6915 2217 -3
6915 7408 4
3053 6925 6
6173 6942 6
1564 6979 6
1763 6992 6
2585 7031 6
9814 7041 6
7041 7851 0
7851 787 5
8082 7053 6
7053 7830 -5
2662 7129 6
6071 7156 6
377 7252 6
4333 7259 6
1612 7276 6
6070 7318 6
2107 7337 6
7337 1791 -5
7337 714 -4
714 8488 -5
1791 7414 -1
1791 3247 0
1075 7354 6
8356 7396 6
4385 7399 6
2356 7460 6
7460 3113 3
6693 7469 6
9899 7478 6
7478 4766 -3
2595 7482 6
7482 9852 5
3590 7488 6
7246 7508 6
4149 7518 6
7518 2432 2
2432 8336 1
2432 2202 6
2202 921 3
921 4363 1
4363 4765 -2
4363 5703 2
2851 7534 6
7534 6044 5
6044 5987 1
5987 4846 4
4733 7545 6
4744 7571 6
7571 2910 5
2910 2316 0
2910 3589 3
3589 4258 4
4258 4680 1
9452 7707 6
8507 7796 6
7796 494 -1
494 268 1
4736 7806 6
1870 7929 6
7929 5722 5
7929 7786 6
7786 7656 -1
1952 7961 6
5457 8042 6
5874 8071 6
1335 8132 6
8132 8074 0
8074 83 1
7394 8155 6
3311 8192 6
8192 8200 -5
8200 7579 1
7579 5248 3
9707 8210 6
641 8215 6
6230 8219 6
6895 8226 6
8226 2486 -2
8226 9368 2
4174 8237 6
6512 8262 6
1882 8292 6
2687 8318 6
181 8323 6
8323 9122 -4
9061 8348 6
6734 8398 6
8398 7595 2
9866 8406 6
8406 2021 -1
2100 8428 6
9719 8431 6
589 8528 6
909 8538 6
2988 8569 6
6143 8611 6
5314 8621 6
8621 2011 5
2011 2243 -5
2243 2199 -5
2199 9609 -5
2011 1375 -4
9609 2780 -3
2780 4773 -4
2780 845 -2
2243 2929 4
3259 8638 6
4915 8646 6
7786 8691 6
7764 8693 6
8627 8747 6
8296 8791 6
2021 8808 6
8808 2870 -3
2870 6284 -5
6626 8864 6
1992 8905 6
1675 8909 6
8909 3347 -5
940 8913 6
6250 8916 6
9651 8917 6
5520 8921 6
8132 8944 6
8348 8951 6
5156 8979 6
4020 9003 6
919 9034 6
1939 9124 6
785 9128 6
3173 9154 6
299 9163 6
4423 9172 6
1649 9220 6
1862 9257 6
9257 5565 -5
9257 628 0
3879 9317 6
9284 9331 6
9331 2897 -1
5667 9353 6
9353 3580 -5
3580 3294 -5
6389 9421 6
1343 9451 6
7650 9462 6
5776 9484 6
6519 9511 6
9511 5237 3
5237 5669 -3
5669 9940 -1
5669 4002 4
4002 4650 -5
4002 6161 0
4650 4008 3
4008 6839 -1
887 9518 6
4201 9529 6
9165 9578 6
9578 8853 -3
4688 9581 6
9581 8363 3
8363 1720 3
1720 9592 3
3171 9602 6
9602 7002 2
9602 5699 6
4840 9631 6
6356 9635 6
7981 9647 6
6829 9649 6
9928 9660 6
9660 5266 -4
5266 9427 4
9427 7130 -5
9427 9169 -5
7130 6221 1
9169 7146 1
6221 4645 5
4907 9716 6
9269 9745 6
109 9891 6
8693 9895 6
9895 7544 0
9895 416 6
416 5952 -2
416 8558 1
8558 9685 -1
8558 8552 0
416 2552 2
6786 9916 6
6098 18 7
18 649 1
1097 30 7
30 9028 -4
30 4131 0
30 3203 2
3203 6927 0
4131 8093 4
113 135 7
135 5923 6
3614 200 7
7133 287 7
287 9920 -4
9920 7334 -2
9920 8572 1
9920 5805 3
5805 5654 -1
103 298 7
16 332 7
1055 350 7
350 8234 -5
350 3522 2
3522 3208 -4
3522 6008 -3
3208 9478 1
350 5643 2
3522 7440 4
3310 351 7
351 4472 -2
351 6881 1
351 2150 5
3 379 7
428 505 7
505 4126 -1
4126 6076 2
4126 1020 3
406 565 7
565 808 -3
565 1596 6
356 607 7
607 838 -3
872 630 7
630 4502 2
5009 658 7
658 1888 4
1744 748 7
479 788 7
6168 837 7
837 1819 3
837 7819 5
7819 3533 -3
161 888 7
4940 920 7
920 3817 1
437 926 7
1123 930 7
623 1089 7
1089 138 6
993 1115 7
739 1122 7
1122 1236 4
1236 2766 0
2766 1632 -4
73 1149 7
1149 4371 -5
4371 2266 -4
4371 6226 -3
2266 9073 -3
1149 2983 1
1149 6365 4
6365 7291 -3
6686 1232 7
483 1243 7
1243 3363 -3
3363 9458 1
9458 7016 0
7016 9956 -2
7016 7044 6
7044 4710 1
264 1325 7
9891 1390 7
9780 1420 7
1053 1500 7
7940 1543 7
1543 1636 4
3821 1545 7
1545 9459 -1
1545 5646 4
5646 5724 2
465 1678 7
9259 1680 7
1163 1710 7
1710 3642 -5
8298 1766 7
267 1785 7
1785 1631 -3
1785 9308 1
9308 6001 0
6001 5008 1
5008 6081 4
6596 1812 7
1535 1821 7
1603 1879 7
1879 5113 -5
793 1934 7
7437 1945 7
3261 1977 7
1977 2667 -4
2667 2755 -3
2755 4895 -3
5535 2034 7
2034 566 -3
8622 2038 7
6204 2064 7
2064 2451 -5
2064 6432 -4
6432 9888 -4
2064 7616 1
2451 6315 2
6315 1656 1
1656 5852 -4
1656 8623 -3
1656 4202 1
4202 6777 -4
6315 2092 4
2092 3404 -3
4202 2272 5
2451 5659 5
5659 7673 2
5659 5264 5
5264 3366 -2
3366 6663 -1
3366 6631 3
2657 2110 7
2274 2198 7
2198 2965 -4
1239 2250 7
688 2265 7
5329 2330 7
977 2361 7
2361 6373 0
2361 5179 2
5179 6673 4
5836 2396 7
6804 2402 7
2927 2408 7
2408 783 4
2408 8575 6
396 2420 7
4809 2424 7
1627 2444 7
729 2447 7
8167 2477 7
2477 3901 -2
2477 1756 3
2477 4282 5
1086 2517 7
2517 7756 -4
4081 2537 7
2537 3616 -4
3616 4102 -3
2537 8952 -2
8952 9019 -3
9019 8632 0
3616 5990 3
2661 2550 7
2427 2596 7
5489 2620 7
3006 2621 7
3663 2625 7
2625 4459 4
4459 2439 1
4459 7312 1
3694 2703 7
5754 2711 7
990 2729 7
2729 4641 -2
8475 2803 7
15 2846 7
2846 5118 0
2480 2861 7
373 2913 7
2797 2915 7
403 2975 7
5691 3047 7
2422 3248 7
549 3273 7
3237 3327 7
104 3372 7
3372 4026 -5
7498 3385 7
5188 3505 7
3505 2812 -3
4777 3514 7
4689 3535 7
1850 3605 7
3605 3756 -1
5780 3619 7
2832 3692 7
1033 3716 7
2478 3769 7
2449 3785 7
6424 3789 7
3789 947 2
947 6406 -3
1383 3799 7
5236 3801 7
3801 4580 -5
3801 7255 2
4580 5997 3
6850 3803 7
2944 3870 7
3035 3927 7
3821 3937 7
271 3956 7
4560 3979 7
3979 8115 6
8115 6762 -1
6762 9607 -3
9607 2104 1
161 3996 7
8805 4029 7
1118 4079 7
4253 4097 7
208 4171 7
4171 8106 -3
4171 4574 2
1650 4179 7
9993 4183 7
7752 4237 7
4237 573 2
573 6291 -5
573 619 -3
2340 4241 7
4241 9757 -5
9757 7183 5
1007 4257 7
2988 4263 7
906 4269 7
6996 4294 7
2136 4440 7
7567 4482 7
3591 4484 7
4484 6526 -2
5839 4519 7
1905 4609 7
4609 2359 6
2359 8562 5
8562 6400 5
1698 4626 7
3565 4673 7
3671 4703 7
1964 4792 7
707 4795 7
1752 4820 7
4820 8685 -5
9810 4881 7
7906 4898 7
4898 5838 1
1171 4933 7
3935 4945 7
7411 4958 7
4958 4685 -1
4685 1589 5
7989 5004 7
5004 3528 5
307 5011 7
9816 5016 7
412 5035 7
8064 5050 7
2 5109 7
3273 5159 7
5159 3731 6
1968 5180 7
495 5223 7
5135 5260 7
5260 4993 -1
440 5269 7
4490 5280 7
5280 9796 -3
9796 7715 0
9796 8518 6
500 5302 7
5302 9927 3
3472 5318 7
4131 5374 7
5219 5392 7
155 5404 7
1706 5408 7
2433 5439 7
2465 5440 7
5440 9089 -5
8689 5573 7
3351 5607 7
5494 5625 7
1388 5629 7
4693 5639 7
5306 5710 7
5710 7419 6
2690 5718 7
3561 5721 7
327 5752 7
5752 5778 -4
5752 6557 4
5778 9349 4
2863 5763 7
2164 5773 7
4670 5794 7
3043 5826 7
5597 5832 7
4281 5860 7
3933 5868 7
5868 7235 -2
8337 5950 7
5950 3148 1
3148 4867 -4
3989 5963 7
5963 6746 3
779 5965 7
1404 6101 7
2750 6153 7
8744 6198 7
4460 6227 7
4034 6231 7
6231 5653 7
7718 6306 7
7790 6383 7
644 6425 7
311 6456 7
6456 9260 1
9250 6477 7
6477 4801 -1
4801 7642 -4
4801 9747 0
4801 9056 4
9056 9929 3
6645 6508 7
8339 6510 7
6787 6566 7
5650 6588 7
5162 6603 7
6603 7247 3
428 6611 7
6611 7300 0
4922 6695 7
2573 6724 7
6724 4957 5
2345 6761 7
9832 6765 7
873 6849 7
2790 6872 7
3384 6985 7
6985 2078 -5
2078 2126 -5
2078 6119 -4
4002 6988 7
548 7042 7
3644 7088 7
7560 7106 7
7106 9182 -3
5795 7161 7
7161 1628 -5
7161 7377 -5
7105 7187 7
482 7196 7
1559 7207 7
3344 7296 7
7296 7507 -5
1416 7366 7
7366 7186 -2
7366 9833 4
6288 7426 7
3050 7441 7
7441 8231 5
8231 4491 -5
8231 7594 0
7594 1099 -2
1099 4648 6
28 7575 7
4167 7588 7
7588 6859 -3
7304 7590 7
7590 4492 6
4492 7083 2
7083 6051 3
7083 9531 3
864 7636 7
4147 7651 7
7651 3686 6
3686 9191 -4
2847 7681 7
2899 7691 7
7691 8211 -5
7691 9947 0
9947 9632 3
7691 2954 7
2954 2042 -3
2042 9000 2
9000 3028 -2
2087 7742 7
7742 7341 1
4605 7744 7
7744 746 -2
8900 7757 7
7757 5363 4
5363 4630 1
4630 7589 -4
2266 7771 7
723 7810 7
1243 7852 7
2596 7890 7
8381 7942 7
871 7991 7
5935 8027 7
7141 8048 7
3598 8091 7
9047 8110 7
8110 6475 7
6475 3145 4
7373 8114 7
562 8119 7
8119 8576 -2
8576 7303 -2
8576 8113 3
3647 8144 7
6376 8172 7
4157 8212 7
5180 8267 7
8267 3471 2
3471 6140 -5
2031 8322 7
4783 8324 7
6903 8329 7
1205 8351 7
8351 9556 4
9556 9960 3
9960 8617 0
1454 8370 7
840 8374 7
8374 5500 1
8720 8444 7
8444 7446 -2
3534 8607 7
8607 9036 5
9036 7194 -5
9589 8630 7
7243 8733 7
8733 6078 5
1112 8800 7
8800 2144 7
1711 8834 7
4261 8946 7
8946 7529 -1
4117 8961 7
698 8998 7
5962 9030 7
6691 9063 7
3555 9087 7
7636 9189 7
6365 9273 7
230 9278 7
5600 9288 7
1976 9295 7
9295 5550 5
5550 1676 -4
395 9347 7
4388 9370 7
9370 5848 -5
9370 9829 -4
5848 1781 1
1781 5943 7
2232 9383 7
2481 9412 7
7782 9493 7
7843 9499 7
6693 9502 7
9502 7556 -3
7556 2641 4
8324 9568 7
9065 9597 7
6879 9619 7
9544 9650 7
9650 5418 1
1652 9662 7
2591 9692 7
3779 9727 7
463 9759 7
1262 9786 7
103 9791 7
1456 9792 7
9792 8550 2
8944 9795 7
9795 1452 7
6044 9831 7
1429 9836 7
808 9846 7
3401 9881 7
114 9906 7
9243 9992 7
5539 9998 7
9998 2967 -4
9998 8128 5
128 254 8
144 309 8
309 2681 -5
309 2523 6
9125 555 8
555 9334 4
230 601 8
601 7904 6
7904 8894 -2
5057 678 8
678 558 -3
558 3851 1
577 682 8
682 766 -3
766 3926 -2
682 2418 -1
3506 720 8
720 5697 3
720 1592 6
464 767 8
4111 860 8
3716 898 8
898 4523 3
6856 972 8
972 5187 5
5187 4858 0
4858 8400 1
4858 5387 3
380 1027 8
1340 1050 8
1050 6430 2
942 1080 8
2006 1084 8
2229 1106 8
4737 1116 8
2961 1255 8
4418 1322 8
1322 8793 -3
1322 9728 2
1322 4073 4
4073 186 3
4073 7346 3
8793 5154 4
576 1488 8
1488 7339 7
1546 1494 8
440 1518 8
1518 6148 -3
9726 1520 8
6538 1527 8
1527 7876 -4
3372 1571 8
1571 2392 -4
2392 5431 -4
547 1593 8
393 1641 8
4801 1646 8
2774 1661 8
528 1697 8
550 1764 8
1671 1796 8
1796 3893 6
306 1801 8
1801 3345 7
186 1810 8
1655 1822 8
7586 1921 8
1921 2454 5
506 1924 8
6952 1926 8
1378 1941 8
6045 1969 8
1969 5052 -2
891 1982 8
2991 2000 8
1282 2105 8
2105 6367 1
2105 7480 2
6347 2106 8
2106 1297 -1
2715 2189 8
2189 5821 -5
2189 1560 -3
5821 8216 3
9644 2247 8
5481 2256 8
2244 2312 8
1103 2318 8
9 2338 8
9718 2341 8
2341 3641 -5
3641 1333 1
1333 9031 -3
3641 7759 1
495 2455 8
11 2458 8
5916 2490 8
2490 9972 -2
2490 2296 7
2492 2498 8
724 2505 8
2423 2520 8
4061 2536 8
6352 2556 8
2556 7055 -3
2556 4722 -1
1725 2574 8
3556 2582 8
9200 2630 8
2630 3481 3
20 2658 8
611 2678 8
2678 7476 5
4534 2764 8
2764 7493 1
5083 2811 8
7176 2814 8
609 2819 8
2819 9848 2
9848 9922 4
8493 2836 8
2477 2894 8
788 2953 8
9986 2981 8
375 3095 8
3095 8950 -5
1291 3108 8
4444 3143 8
344 3159 8
3437 3219 8
9613 3236 8
3236 4719 -5
3236 9494 -2
9494 8120 1
7173 3312 8
1066 3315 8
3315 6858 1
6858 8749 -4
2891 3531 8
3040 3541 8
764 3606 8
2093 3624 8
3624 6232 7
3329 3662 8
3662 2665 -1
4710 3733 8
164 3808 8
144 3813 8
7617 3865 8
5941 3871 8
2736 3914 8
3532 3916 8
1432 3983 8
2820 4009 8
2457 4075 8
4075 1825 -4
1825 6877 5
926 4242 8
4242 7975 -5
7975 8677 -1
4242 6846 1
9877 4314 8
4314 8104 -5
9284 4324 8
4324 8260 1
4016 4376 8
5797 4378 8
4378 2028 8
1826 4379 8
4379 6522 -4
4379 8360 5
151 4450 8
8113 4478 8
5974 4515 8
4195 4516 8
7065 4529 8
4529 3701 2
4529 9567 6
3035 4539 8
4539 7502 2
7587 4556 8
3328 4632 8
9763 4649 8
4649 5979 -2
4649 5019 2
9622 4692 8
1295 4696 8
3013 4720 8
2244 4746 8
8336 4789 8
4789 3298 0
8034 4794 8
4794 8050 -2
815 4838 8
4838 2771 5
2771 8435 1
1385 4914 8
1690 4929 8
4899 4961 8
4961 7048 -4
4961 1782 0
1782 5140 -3
7048 9015 1
4540 4968 8
9745 4985 8
4985 5376 -3
1907 5024 8
6581 5098 8
4685 5277 8
2735 5290 8
4797 5294 8
6275 5401 8
2768 5429 8
5429 8418 -5
838 5451 8
150 5458 8
5458 3896 -1
2411 5529 8
5529 1223 -5
5529 1384 0
9658 5568 8
6381 5587 8
5587 5802 -5
5802 941 1
941 6380 -5
941 2039 -3
3188 5739 8
1063 5789 8
5789 613 5
5789 9952 7
541 5851 8
42 5875 8
5875 3387 -5
5875 7122 2
2849 5911 8
4056 5942 8
6652 5967 8
5857 5977 8
6447 5993 8
3329 6017 8
6017 4533 -3
4533 4319 6
1774 6037 8
7372 6088 8
6088 2339 -2
6088 1922 -1
5187 6107 8
6107 7506 -1
6107 9463 -1
9463 9586 -5
9586 2978 6
2978 5809 -3
7506 1654 8
1654 1259 -2
2242 6136 8
5554 6154 8
6154 4509 5
4509 3072 2
3335 6174 8
6174 9779 2
3126 6279 8
7186 6282 8
6282 5670 -5
2893 6453 8
6453 7944 3
7944 7696 4
8319 6466 8
1510 6474 8
1403 6513 8
3448 6547 8
6547 8972 -5
6547 1832 -1
1608 6609 8
6147 6612 8
1590 6759 8
7043 6772 8
6772 2646 2
2646 2040 8
5809 6824 8
1087 6842 8
4464 6853 8
6853 9497 6
3065 6894 8
2935 6933 8
6933 6943 -2
2601 6938 8
9467 6986 8
2185 7027 8
7630 7103 8
7103 8624 7
915 7138 8
4815 7179 8
7179 6901 8
1289 7204 8
7204 4951 3
4951 2987 -4
2987 5866 1
2987 7059 2
4951 9490 6
2733 7218 8
5272 7349 8
6643 7375 8
5910 7380 8
5853 7417 8
6525 7429 8
2723 7464 8
2721 7542 8
7542 3353 0
3353 7964 -4
3519 7570 8
5296 7573 8
63 7607 8
82 7641 8
7377 7645 8
2084 7741 8
7741 4204 2
6291 7748 8
6333 7754 8
5201 7755 8
9398 7763 8
656 7766 8
5553 7818 8
8946 7850 8
7850 5385 3
6643 7885 8
3790 7891 8
7458 7969 8
2279 7971 8
4867 7982 8
5434 7986 8
8602 8022 8
8022 6313 -2
6313 6189 2
7184 8028 8
6573 8248 8
8248 4723 -3
5738 8249 8
5675 8285 8
9332 8294 8
3011 8308 8
2587 8325 8
2623 8343 8
2566 8361 8
8361 6460 -3
6519 8461 8
8506 8532 8
2827 8565 8
960 8579 8
2650 8582 8
3448 8643 8
6015 8726 8
600 8760 8
8760 8982 3
6073 8781 8
7372 8839 8
5250 8846 8
8846 1357 4
3013 8882 8
1314 8896 8
2353 8904 8
8904 3038 5
5347 8955 8
8955 9221 -3
2450 9001 8
3687 9018 8
5153 9085 8
3871 9138 8
6846 9141 8
3814 9142 8
1192 9155 8
9281 9198 8
1825 9223 8
5852 9245 8
1526 9246 8
6471 9253 8
9253 3268 -4
3268 6035 -1
3505 9268 8
8901 9289 8
9289 5331 0
340 9290 8
686 9306 8
9306 653 -1
653 3867 2
7746 9321 8
409 9325 8
1685 9351 8
3109 9367 8
1396 9375 8
9907 9377 8
9377 4970 5
4970 2918 5
3680 9454 8
4063 9479 8
5269 9495 8
9495 6322 -5
9495 4900 -1
4900 9551 7
522 9509 8
9509 2448 -1
9121 9514 8
9514 9700 -4
8902 9517 8
5748 9537 8
2064 9538 8
776 9548 8
3357 9580 8
8720 9595 8
1327 9636 8
9636 6353 2
6353 4698 5
4698 5234 -4
4634 9691 8
7540 9725 8
6190 9738 8
7602 9762 8
2350 9805 8
9805 4565 -4
4565 5388 -5
4565 1598 3
7778 9820 8
7278 9827 8
5033 9830 8
1125 9844 8
3765 9858 8
6985 9864 8
7940 9912 8
730 9961 8
9961 2911 1
2911 2937 2
7869 9967 8
3482 9977 8
1334 9995 8
8396 9996 8
1211 52 9
6378 637 9
9839 716 9
716 4153 2
128 956 9
620 1021 9
3141 1056 9
1056 4976 -3
4976 2445 8
2445 7387 -5
513 1173 9
1173 8109 -2
1173 3136 6
9642 1194 9
1194 8570 -1
7834 1200 9
71 1201 9
818 1311 9
1311 1130 2
1130 5194 2
1130 2479 4
631 1540 9
1540 8287 -1
1540 7739 7
8287 2257 8
3682 1594 9
6896 1722 9
1722 5395 0
8245 1788 9
9086 1841 9
1841 4332 -2
1943 2005 9
2019 2022 9
8121 2052 9
3339 2070 9
2070 4185 0
6 2152 9
2961 2300 9
4856 2317 9
2317 7261 7
7261 4086 0
7261 2487 3
3741 2415 9
6164 2589 9
2589 6648 0
6648 5583 -2
5583 3414 -5
6648 8169 -1
8169 4374 2
4374 7040 3
8169 1402 8
2564 2600 9
216 2642 9
2642 8300 5
1608 2684 9
1895 2705 9
895 2710 9
2710 9981 -3
7179 2826 9
2200 2880 9
2874 2883 9
4490 2990 9
3187 3015 9
3015 2825 6
2825 3853 1
3015 7455 8
7455 1176 -3
1176 6345 -1
6345 7263 4
6345 7170 7
4687 3174 9
1702 3253 9
3371 3277 9
3277 6184 2
3770 3337 9
3306 3350 9
8332 3442 9
3442 9705 6
7951 3572 9
3765 3588 9
3588 9561 -1
5799 3643 9
3596 3665 9
2599 3732 9
8543 3775 9
3775 3621 6
1106 3798 9
4125 3848 9
3848 9193 -4
1881 3883 9
4469 3925 9
3925 615 0
615 1833 9
2648 3952 9
3055 4156 9
7468 4168 9
7740 4233 9
4458 4250 9
5719 4298 9
4298 8422 0
3786 4351 9
4351 1908 8
3833 4357 9
4357 9849 2
9849 1674 8
1674 8695 -3
2744 4387 9
8556 4394 9
5464 4396 9
3279 4405 9
8396 4428 9
508 4453 9
3002 4554 9
4554 4932 8
3561 4590 9
4590 8870 2
8870 8777 -5
8777 6554 1
4590 5897 6
2462 4627 9
4627 3997 -1
3997 1681 1
2155 4631 9
4631 7018 6
7018 6900 6
1977 4664 9
357 4812 9
6328 4959 9
4959 6048 5
2966 4990 9
4790 5034 9
5034 8666 3
8666 5543 -2
1555 5051 9
2675 5069 9
2270 5092 9
2782 5102 9
8232 5104 9
5104 1281 9
1281 6636 1
1025 5217 9
4069 5283 9
5427 5285 9
2354 5287 9
5287 6213 2
3564 5291 9
5032 5344 9
5344 9229 0
5344 5043 2
4970 5354 9
6067 5447 9
5447 3069 -1
5297 5479 9
1134 5485 9
5485 3078 -1
1047 5524 9
6541 5530 9
5530 7080 4
387 5567 9
9192 5633 9
3615 5638 9
5638 2251 -3
5638 7893 -2
5638 7666 6
9390 5641 9
846 5727 9
5727 5800 1
7470 5740 9
7802 5775 9
4332 5782 9
9568 5861 9
3911 5870 9
5870 8244 7
8244 6074 1
6074 7695 -4
7695 7870 3
130 5894 9
689 5898 9
5898 4671 -1
4671 5038 -3
5038 3676 -2
4671 2231 2
5038 7886 4
7886 9254 4
5026 5904 9
5904 7546 -4
7546 3620 0
3620 8316 2
3620 5796 4
5796 2491 3
2491 4366 -3
2491 3420 3
3729 5980 9
5980 7655 5
7655 6589 2
6589 8252 7
7344 6005 9
1694 6009 9
404 6126 9
6333 6163 9
4485 6203 9
9096 6212 9
6050 6229 9
2610 6277 9
4089 6281 9
6281 2528 -3
2528 1709 -1
6230 6286 9
6286 5590 6
575 6298 9
5867 6314 9
6314 2999 -2
4972 6319 9
5999 6320 9
6320 5101 6
5101 6516 -4
106 6446 9
7204 6476 9
6476 9379 -2
9379 7364 -5
7364 8135 1
2377 6483 9
6548 6498 9
3000 6507 9
85 6567 9
1816 6577 9
2493 6605 9
5603 6625 9
6388 6632 9
5706 6653 9
6653 7604 4
4146 6780 9
4329 6865 9
4475 6889 9
2974 7030 9
3244 7087 9
1196 7123 9
9513 7145 9
7145 3075 4
196 7210 9
7210 5846 7
5846 9319 7
5704 7223 9
2726 7356 9
5255 7360 9
9579 7436 9
3409 7530 9
7530 4072 9
5543 7569 9
2348 7654 9
7562 7674 9
8042 7720 9
6843 7805 9
1650 7837 9
1497 7845 9
2317 7856 9
1859 7887 9
7887 7313 4
7887 5428 7
5235 7915 9
1433 7994 9
5084 8025 9
4 8085 9
8085 6828 -4
6828 7363 2
5664 8282 9
8282 8395 2
5928 8304 9
8304 3441 9
3441 9425 -3
3441 9687 3
208 8331 9
2546 8415 9
739 8456 9
4970 8483 9
9907 8487 9
5134 8561 9
154 8595 9
497 8634 9
851 8724 9
8724 6883 2
9310 8728 9
8728 7153 7
7153 4517 -1
4517 3985 4
8143 8729 9
4404 8794 9
3539 8795 9
96 8817 9
4320 8849 9
6627 8932 9
3124 9007 9
4831 9025 9
2809 9041 9
1612 9062 9
3831 9093 9
9093 2463 -2
62 9126 9
2238 9144 9
7608 9152 9
4943 9208 9
9478 9222 9
9222 6429 -5
9117 9279 9
6133 9291 9
8949 9313 9
2545 9335 9
8632 9413 9
2837 9428 9
3779 9508 9
2658 9523 9
4777 9596 9
1440 9657 9
2061 9682 9
614 9734 9
5030 9766 9
4488 9797 9
4218 9845 9
531 9873 9
7132 9997 9
4428 265 10
265 1928 -5
265 7854 6
1928 2663 9
3257 675 10
5743 754 10
2505 762 10
762 2831 -2
2656 876 10
1146 957 10
3068 962 10
962 3186 3
861 1203 10
3754 1286 10
1286 856 -2
1286 2822 1
355 1308 10
1308 1394 9
1394 9534 -5
1314 1380 10
309 1537 10
9735 1570 10
947 1639 10
1639 3577 4
1639 2183 7
9459 1700 10
533 1743 10
542 1808 10
1808 2473 -4
3472 1935 10
1935 5073 7
1630 1984 10
1984 7972 -2
1984 8066 3
1398 2071 10
775 2218 10
2 2332 10
3485 2358 10
7887 2370 10
360 2380 10
2031 2440 10
2440 6995 -1
9109 2530 10
5436 2541 10
7046 2555 10
2555 5745 -3
2555 2618 -2
9243 2581 10
2581 6112 3
6112 3691 -5
3068 2640 10
514 2643 10
9755 2805 10
3175 2850 10
3039 2875 10
405 2878 10
1485 2919 10
2919 7353 4
7353 809 6
562 2956 10
6262 3037 10
5759 3096 10
9822 3133 10
3433 3149 10
249 3238 10
1665 3254 10
3254 5262 0
1939 3380 10
2220 3382 10
3985 3394 10
2633 3578 10
2306 3613 10
1102 3761 10
7543 3877 10
9169 3895 10
3472 3913 10
3913 3910 8
1109 3970 10
1962 3978 10
3978 8184 6
2109 4060 10
4060 6932 -5
6932 4507 -2
3056 4090 10
2108 4118 10
4118 8867 8
5062 4136 10
4136 4852 2
381 4207 10
1953 4220 10
8515 4235 10
667 4270 10
4270 4335 -5
2601 4296 10
2819 4441 10
2582 4446 10
4446 8673 8
1329 4498 10
5700 4536 10
4536 9991 5
9991 7913 -1
4536 6202 7
6202 5241 7
443 4591 10
6855 4642 10
1724 4660 10
1197 4694 10
8760 4745 10
7984 4771 10
4771 9910 -4
6500 4814 10
5705 4819 10
4262 4903 10
1188 4904 10
9287 4928 10
88 5001 10
2403 5028 10
5028 6443 8
4825 5059 10
3332 5072 10
5072 9215 3
6960 5077 10
1673 5202 10
5202 7383 5
3753 5207 10
2378 5215 10
4469 5286 10
320 5335 10
2207 5353 10
8079 5365 10
5365 5196 -5
5196 8183 6
360 5491 10
2471 5515 10
2139 5581 10
5581 8936 1
8936 7324 -1
6254 5631 10
5631 6553 4
6712 5685 10
5663 5708 10
7096 5713 10
5713 5651 3
9916 5774 10
4581 5814 10
1687 5815 10
4287 5820 10
9779 5831 10
5831 2784 6
2895 5872 10
5872 8449 9
3351 5886 10
5886 7644 7
7644 9213 9
6845 5924 10
5924 1949 8
2793 5947 10
3547 6057 10
7146 6068 10
3507 6166 10
595 6171 10
6171 6756 9
6756 4718 10
4873 6215 10
3344 6233 10
8176 6261 10
6261 3292 -3
3292 4049 3
4049 970 -5
7470 6289 10
4908 6293 10
1339 6334 10
11 6339 10
5190 6492 10
3418 6495 10
3095 6503 10
1370 6587 10
3119 6656 10
7991 6685 10
8604 6705 10
4607 6714 10
6714 6175 6
2652 6753 10
6753 9033 4
9817 6771 10
5234 6796 10
3217 6831 10
6831 2559 9
2402 7000 10
2643 7010 10
7010 2763 4
21 7026 10
4565 7054 10
9694 7107 10
951 7117 10
4560 7189 10
8160 7216 10
7216 9262 -4
9262 6329 7
3945 7254 10
6735 7381 10
7381 7795 9
5236 7459 10
5699 7528 10
7528 9179 -1
1870 7577 10
7577 824 6
4171 7623 10
776 7624 10
7624 5271 9
5271 9990 -4
4646 7684 10
5556 7779 10
4309 7878 10
7878 3792 -5
3792 1974 -2
3792 3214 10
1787 7879 10
9021 7918 10
1121 7927 10
3954 7943 10
1296 7968 10
3177 7988 10
4960 8029 10
1841 8065 10
260 8125 10
204 8150 10
4565 8162 10
8162 3029 6
8066 8191 10
8284 8206 10
897 8235 10
4881 8253 10
1223 8257 10
734 8266 10
3440 8334 10
8692 8372 10
8372 3354 5
7577 8375 10
8375 4266 8
7964 8384 10
2584 8421 10
3337 8531 10
4599 8649 10
8230 8780 10
6586 8784 10
4995 8787 10
8787 9984 -4
7661 8828 10
8828 6600 3
1203 8844 10
115 8878 10
8878 9665 5
7298 8887 10
1910 8888 10
3969 8919 10
3734 8926 10
8884 8943 10
2238 8976 10
8976 2884 10
3186 8994 10
4562 9224 10
8402 9235 10
6426 9238 10
9238 6708 5
8688 9282 10
9282 5542 8
3872 9305 10
9305 3421 4
4552 9330 10
2716 9342 10
8491 9355 10
4694 9381 10
9381 2731 -3
3468 9400 10
9993 9419 10
841 9487 10
8564 9503 10
1671 9739 10
1776 9776 10
2675 9808 10
7107 9837 10
8408 9867 10
2334 9872 10
3211 9886 10
4371 9913 10
9913 8477 -4
3839 9950 10
9950 6302 2
1757 9957 10
3584 9989 10
2221 671 11
5300 820 11
104 880 11
9808 1107 11
1107 2534 -1
244 1128 11
497 1177 11
1177 2322 0
1269 1312 11
1312 7248 -5
1312 1775 -3
1775 4654 4
767 1553 11
1553 4513 -2
4513 5642 6
5642 7877 9
7877 9639 -4
9639 2843 4
2870 1660 11
1660 2319 -1
2319 8732 3
8732 3592 -2
3592 8151 -1
617 1719 11
8476 1738 11
6160 1773 11
1217 1779 11
3495 1900 11
5141 2263 11
2263 7515 4
7515 8209 1
1777 2326 11
2326 5576 5
5576 4947 7
1954 2383 11
47 2391 11
2391 7242 1
985 2501 11
2291 2562 11
2562 5426 9
1742 2569 11
8819 2686 11
7647 2844 11
906 2852 11
1699 2858 11
2858 6436 -5
6436 6690 7
3142 2949 11
2949 3115 0
3115 8281 -2
2949 6172 3
6172 6494 1
2732 2955 11
2955 9115 -3
2772 3183 11
3292 3205 11
2567 3220 11
3220 8920 -4
5890 3333 11
8882 3493 11
6501 3677 11
3677 3477 8
3477 9091 9
9309 3715 11
3715 1534 5
1534 5825 -4
1534 4757 8
8926 3811 11
1097 3843 11
1420 3861 11
3861 8502 3
2157 3900 11
7365 3917 11
946 4042 11
3473 4176 11
7037 4182 11
896 4223 11
1336 4226 11
4226 7205 0
4226 7316 9
7973 4307 11
4307 4040 10
6532 4429 11
1655 4462 11
1136 4528 11
4528 7477 10
5719 4548 11
5838 4577 11
9154 4595 11
9965 4600 11
2952 4683 11
2772 4782 11
4782 8756 4
3558 4803 11
4803 9188 9
2823 4991 11
4763 4992 11
4992 7996 -2
3548 5012 11
4662 5047 11
7239 5174 11
4193 5193 11
5193 1894 -5
3365 5333 11
574 5361 11
5361 1267 5
1502 5414 11
4880 5415 11
1245 5448 11
4079 5527 11
3982 5569 11
5569 8038 -2
3040 5596 11
5596 6990 -1
3050 5619 11
1268 5640 11
3485 5693 11
2207 5765 11
2020 5862 11
5862 5298 4
5298 6912 7
6912 9630 1
6912 8139 5
5350 5879 11
5879 3812 6
6520 5983 11
8584 6030 11
5986 6100 11
3983 6137 11
7664 6162 11
4018 6223 11
146 6253 11
5104 6256 11
2755 6354 11
6354 8330 5
6740 6357 11
6357 7136 -5
7891 6505 11
1526 6579 11
4499 6742 11
6742 8044 -4
8044 3408 7
3556 6820 11
8228 6836 11
6836 3063 -5
8198 6880 11
800 6886 11
6886 8227 2
8227 9905 7
2335 6909 11
325 6918 11
9875 6955 11
6955 8317 -2
6758 7060 11
3861 7092 11
4012 7093 11
7093 5128 -4
5779 7102 11
585 7115 11
6537 7262 11
7262 2324 7
3958 7329 11
4291 7405 11
8613 7522 11
7333 7532 11
7239 7548 11
832 7662 11
6237 7675 11
2328 7731 11
460 7800 11
1203 7842 11
1942 7871 11
7810 7882 11
3604 7910 11
9297 7950 11
7950 8585 4
8585 8049 -4
8585 4750 -1
4750 1418 -5
1418 6449 5
4814 7983 11
7430 8010 11
1883 8099 11
4945 8163 11
8436 8207 11
3627 8335 11
7344 8399 11
1881 8414 11
4545 8429 11
7554 8468 11
9558 8513 11
2521 8609 11
8609 1065 5
8542 8654 11
795 8661 11
3465 8687 11
1499 8736 11
6932 8737 11
8581 8740 11
5482 8752 11
5473 8778 11
1886 8873 11
1495 8996 11
8996 3874 9
3874 6729 3
4587 9029 11
4269 9058 11
9058 3968 4
3968 3317 0
3317 8364 10
770 9150 11
411 9167 11
2464 9195 11
7405 9328 11
6408 9341 11
8708 9348 11
9348 1386 4
682 9372 11
9372 3610 -4
1169 9407 11
9991 9565 11
4601 9625 11
8839 9634 11
3584 9693 11
5824 9708 11
7427 9730 11
5271 9769 11
8617 9801 11
893 9843 11
5472 9871 11
9871 4108 -3
4108 6033 9
6347 363 12
175 369 12
369 3634 8
3634 6316 -3
3634 8931 3
1543 1005 12
1949 1139 12
1139 1073 4
2537 1167 12
3018 1423 12
1423 4847 10
1050 1549 12
1312 1606 12
1638 1811 12
1717 1864 12
1580 1869 12
1869 2365 3
1455 1915 12
1915 2156 -3
2156 2134 -4
2156 3501 -1
2134 6247 0
7215 1948 12
648 2010 12
4140 2419 12
2419 8546 4
1075 2698 12
6741 2720 12
5480 2888 12
4635 2980 12
8506 3061 12
2887 3088 12
2352 3100 12
3100 8289 2
2769 3181 12
8666 3361 12
6041 3419 12
603 3697 12
1213 3742 12
2192 3744 12
3744 6018 4
6018 6113 8
4660 3752 12
3752 4451 -1
2039 3934 12
3934 553 1
2861 3980 12
1204 4043 12
4038 4076 12
472 4273 12
3792 4364 12
1727 4368 12
1343 4497 12
1982 4621 12
3754 4810 12
7129 5017 12
5017 8388 -5
5017 9437 11
1218 5021 12
6653 5082 12
7515 5136 12
792 5204 12
5038 5244 12
2468 5305 12
4932 5348 12
2669 5355 12
516 5456 12
5102 5466 12
5466 5393 5
294 5616 12
7012 5684 12
78 5751 12
5043 5827 12
5827 4199 2
722 5835 12
5835 9206 -2
251 5878 12
5878 7555 8
1750 5981 12
4872 6027 12
1415 6049 12
1391 6060 12
9909 6412 12
7089 6415 12
4263 6571 12
3079 6978 12
1719 7033 12
9684 7035 12
390 7068 12
4022 7084 12
7084 8809 4
3396 7164 12
4081 7172 12
5274 7202 12
944 7214 12
7205 7220 12
2479 7222 12
593 7311 12
3679 7503 12
8325 7553 12
3969 7768 12
2995 7895 12
5408 7947 12
7947 9584 5
7947 6937 11
6937 1666 -1
3270 8018 12
3419 8089 12
2927 8204 12
2865 8277 12
4078 8301 12
8301 2982 -2
6844 8302 12
315 8377 12
6789 8416 12
2740 8455 12
4659 8494 12
7803 8512 12
578 8605 12
1753 8683 12
8683 3725 8
2910 8731 12
3038 8773 12
315 8832 12
8832 9340 1
2990 8923 12
9608 9074 12
8189 9082 12
7367 9131 12
7889 9197 12
9197 7424 -2
7930 9207 12
8063 9249 12
4641 9272 12
5427 9358 12
3204 9365 12
2400 9396 12
4658 9449 12
8416 9460 12
2288 9501 12
5422 9541 12
1549 9611 12
8173 9623 12
9623 8785 -2
8692 9688 12
8846 9790 12
9166 9861 12
5515 9890 12
8958 9932 12
4470 9945 12
5944 9979 12
3970 910 13
597 984 13
984 8310 4
7919 1250 13
1250 570 -1
570 4896 10
1028 1552 13
2157 1637 13
3692 1705 13
3557 2323 13
1861 2394 13
2394 6094 -4
2394 8536 9
2454 2531 13
665 2644 13
2644 5015 5
482 2787 13
2355 2788 13
4884 2810 13
2810 6597 0
2810 8459 8
29 2835 13
1314 2920 13
1228 3084 13
1170 3287 13
8668 3300 13
3300 2815 -3
9085 3494 13
3494 3410 -3
3494 6263 5
6189 3626 13
6262 3637 13
1767 3959 13
39 3972 13
3972 4514 -5
6308 4011 13
4011 6823 -5
2049 4037 13
2249 4047 13
2646 4166 13
1629 4213 13
3913 4283 13
9600 4386 13
6016 4617 13
893 4706 13
1232 4717 13
7494 4854 13
5129 4894 13
6920 4905 13
3809 4948 13
1963 5040 13
5090 5086 13
8481 5105 13
8541 5158 13
2318 5173 13
173 5182 13
3075 5221 13
5783 5299 13
2998 5303 13
1128 5435 13
4934 5483 13
5483 2227 -2
2227 3130 -5
19 5551 13
4112 5558 13
1979 5615 13
3568 5732 13
4412 5735 13
8391 5793 13
992 5876 13
5983 5956 13
8404 6022 13
5588 6305 13
2462 6336 13
3090 6341 13
12 6439 13
1571 6482 13
237 6551 13
7892 6576 13
531 6702 13
2147 6723 13
4403 6800 13
6800 4542 10
3610 6852 13
5928 6898 13
6122 6916 13
5496 6919 13
97 6958 13
4382 7032 13
8364 7098 13
7098 8036 -2
5061 7127 13
5960 7139 13
9617 7147 13
3542 7203 13
6294 7314 13
5607 7350 13
7350 9760 9
6884 7705 13
428 8084 13
8617 8182 13
6235 8357 13
2953 8405 13
3842 8434 13
6257 8465 13
2607 8473 13
6462 8474 13
5599 8509 13
9491 8535 13
347 8616 13
8616 4531 13
1237 8648 13
2452 8679 13
3673 8711 13
4684 8715 13
2697 8743 13
1384 8825 13
169 8852 13
3212 9013 13
1900 9100 13
9081 9135 13
8694 9178 13
9178 2604 0
2604 1483 8
9178 9234 10
1483 3110 13
3110 9044 0
985 9445 13
808 9615 13
6306 9628 13
2089 9689 13
701 9710 13
6903 9761 13
751 715 14
1259 903 14
903 2833 11
2833 5046 -5
2080 1037 14
3055 1126 14
1922 1309 14
1309 8514 -3
850 1498 14
5259 1653 14
1465 1679 14
678 1863 14
390 1880 14
1347 2162 14
2162 5521 4
2772 3001 14
3001 9104 -3
6821 3019 14
7325 3087 14
1128 3213 14
3213 4530 6
2497 3234 14
2411 3722 14
1993 3824 14
3824 7855 -3
8984 3845 14
6321 3981 14
8738 4191 14
230 4216 14
1186 4234 14
9515 4313 14
4313 8059 6
7372 4361 14
4924 4397 14
2057 4709 14
7283 4716 14
1105 4874 14
5541 5037 14
7789 5081 14
2318 5176 14
5176 7487 5
7487 8179 7
4254 5242 14
5242 7190 3
9519 5263 14
3897 5330 14
1209 5351 14
5351 6923 2
6923 6970 -5
5183 5386 14
6385 5493 14
3903 5540 14
963 5644 14
123 5680 14
2069 5766 14
4266 5769 14
5102 5840 14
1328 5884 14
6838 5933 14
1044 6324 14
4209 6331 14
8949 6346 14
630 6374 14
749 6491 14
5897 6496 14
1618 6550 14
723 6694 14
7133 6773 14
6773 8953 -5
2089 6781 14
1609 6948 14
3153 6983 14
4197 7219 14
6204 7331 14
2705 7433 14
5392 7745 14
4337 7770 14
7311 7902 14
7902 9118 -5
2849 7911 14
2980 7928 14
2733 8043 14
2102 8078 14
4282 8100 14
8100 2533 -1
301 8140 14
3405 8236 14
4875 8259 14
6048 8295 14
8295 8774 12
4902 8385 14
8385 7171 10
7147 8410 14
5640 8517 14
3697 8544 14
7249 8551 14
7565 8653 14
780 8750 14
1211 8833 14
9048 8876 14
5994 8935 14
8554 8993 14
4846 9130 14
3982 9136 14
283 9498 14
3252 9524 14
8048 9563 14
3946 9572 14
5197 9575 14
5630 9598 14
541 9702 14
7184 9721 14
2276 9774 14
2682 9876 14
9876 6455 -1
8525 9962 14
1637 9971 14
1188 270 15
270 276 8
2344 1985 15
5 2111 15
3255 2453 15
7657 2553 15
739 2872 15
7973 2925 15
9338 3156 15
8600 3289 15
3289 6179 -5
6179 6760 12
626 3393 15
935 3484 15
2741 3617 15
2185 3712 15
6595 3875 15
2912 3962 15
2006 4048 15
815 4121 15
2081 4338 15
729 4729 15
2770 4988 15
4988 6620 6
6620 8704 11
112 5002 15
3586 5192 15
4248 5246 15
494 5289 15
6325 5328 15
2301 5367 15
4600 5381 15
2890 5555 15
5555 9594 1
1772 5662 15
3231 5673 15
576 5787 15
5781 5834 15
2771 5902 15
3016 6272 15
1453 6310 15
5134 6404 15
4551 6481 15
8939 6635 15
5939 6720 15
920 6797 15
3191 6840 15
1163 7109 15
2656 7168 15
3238 7206 15
5424 7415 15
7415 8992 0
2519 7524 15
672 7566 15
5784 7622 15
3893 7813 15
6120 7865 15
6719 7884 15
768 7978 15
350 8032 15
8820 8146 15
8146 822 11
822 8698 -1
8146 4334 11
2256 8224 15
3765 8273 15
4114 8499 15
8399 8640 15
7092 8721 15
7664 8855 15
4311 8883 15
7302 8940 15
8940 3199 5
2082 9069 15
8225 9129 15
7545 9156 15
1161 9185 15
8650 9214 15
6747 9299 15
4472 9387 15
6154 9397 15
4733 9438 15
9438 9464 7
157 9474 15
7525 9610 15
2658 9666 15
9515 9698 15
2566 9775 15
3709 9819 15
3663 9983 15
550 961 16
961 6468 -5
1993 971 16
89 995 16
13 1041 16
867 1247 16
1092 1617 16
1037 1716 16
36 1938 16
926 2002 16
329 2246 16
6311 2280 16
9427 2401 16
1909 2516 16
314 3051 16
225 3227 16
1419 3280 16
7888 3331 16
2521 3609 16
151 3711 16
903 3760 16
2317 4064 16
402 4067 16
8518 4353 16
1134 4788 16
302 5066 16
4331 5080 16
5080 3152 14
4054 5251 16
71 5731 16
1479 5747 16
6813 6139 16
3697 6238 16
4900 6422 16
4316 6440 16
6440 6941 5
646 6487 16
6109 6558 16
3099 6593 16
6845 6966 16
4465 7370 16
5214 7500 16
919 7582 16
903 7665 16
6082 7689 16
7541 7769 16
3943 7799 16
2593 7820 16
4853 7995 16
9752 8005 16
606 8021 16
3433 8086 16
8307 8315 16
3037 8346 16
8846 8403 16
3715 8520 16
6875 8718 16
2851 8722 16
3441 8776 16
8636 8987 16
3806 8989 16
8493 9292 16
4507 9346 16
851 9670 16
9296 9675 16
9302 9793 16
851 9842 16
9087 9887 16
3941 9966 16
87 132 17
209 599 17
1350 811 17
70 1600 17
1600 2230 -3
2230 4285 6
9737 1849 17
561 1855 17
701 2281 17
121 2680 17
456 2933 17
7972 3967 17
6954 4014 17
1900 4180 17
4542 4349 17
658 4434 17
807 4616 17
3754 4700 17
4700 9870 5
4499 4848 17
7468 5036 17
9106 5198 17
5198 7631 2
5198 7721 15
2965 5514 17
677 5655 17
4352 5683 17
1322 5717 17
2443 5936 17
8039 6461 17
5836 6604 17
915 6825 17
2799 7492 17
5937 7659 17
3878 7758 17
2488 7935 17
8444 8136 17
968 8340 17
3353 8353 17
1978 8366 17
6157 8386 17
7242 8447 17
877 8508 17
4501 8557 17
3030 8655 17
4865 8748 17
7238 8874 17
7634 9053 17
7535 9261 17
7796 9439 17
9555 9809 17
2828 9862 17
294 423 18
11 1507 18
1846 1937 18
1340 2363 18
4915 3033 18
1376 3167 18
3167 6053 17
1119 3218 18
2248 3245 18
895 3858 18
1761 3908 18
52 4172 18
4220 4317 18
3084 4365 18
2347 4480 18
1724 4834 18
4513 5076 18
3603 5222 18
8206 5341 18
2884 5403 18
1080 5411 18
1809 5945 18
2280 6201 18
4499 6398 18
3803 6463 18
3833 6668 18
5157 6707 18
427 6866 18
4290 7157 18
3195 7445 18
3805 7699 18
9514 7901 18
4844 7941 18
5570 8030 18
5733 8424 18
963 8498 18
1354 8645 18
7347 8768 18
1471 9386 18
1286 9925 18
9735 9969 18
6473 1323 19
571 2073 19
2073 3703 11
126 2196 19
1410 2239 19
461 2751 19
2080 4236 19
3075 4707 19
2285 4859 19
615 4954 19
542 5145 19
1065 5295 19
1657 5544 19
2392 5627 19
267 5746 19
1768 5859 19
409 6155 19
1445 6413 19
6130 6692 19
6880 6931 19
6812 6957 19
1233 7073 19
6342 7319 19
5521 7357 19
2405 7597 19
6228 7909 19
241 8534 19
6171 8739 19
3728 8840 19
2276 9403 19
90 9414 19
8620 9489 19
1182 9564 19
372 1034 20
2518 2984 20
816 3275 20
2170 3476 20
2100 3750 20
3889 4119 20
219 4372 20
3941 4416 20
2444 4456 20
1738 4637 20
688 4768 20
886 5160 20
4490 5486 20
2212 6013 20
3845 6193 20
2763 6555 20
2761 6616 20
5641 6774 20
1040 7533 20
4695 7561 20
2693 7680 20
6477 7685 20
3539 8188 20
8188 8454 1
3751 8280 20
7601 8373 20
1060 8702 20
1981 8730 20
456 8999 20
8382 9032 20
6831 9070 20
1324 9324 20
1153 9354 20
8522 9431 20
4058 9585 20
Total MST weight: 18920
Execution time: 2.31062 ms
