Algorithm: Bellman-Ford
Source: 0
Vertex Distance
0 0
1 -1
2 -6
3 3
4 18
5 30
6 -2
7 5
8 43
9 8
10 5
11 46
12 16
13 6
14 54
15 28
16 52
17 21
18 59
19 9
20 22
21 19
22 49
23 -3
24 8
25 8
26 36
27 46
28 52
29 59
30 24
31 57
32 -2
33 34
34 5
35 6
36 1
37 23
38 2
39 24
40 5
41 58
42 7
43 30
44 35
45 31
46 51
47 52
48 22
49 9
50 8
51 9
52 56
53 29
54 6
55 4
56 60
57 31
58 50
59 45
60 4
61 23
62 1
63 5
64 53
65 59
66 64
67 21
68 66
69 -7
70 20
71 45
72 18
73 71
74 9
75 7
76 5
77 68
78 23
79 29
80 -1
81 26
82 34
83 54
84 21
85 23
86 30
87 57
88 42
89 3
90 6
91 61
92 15
93 7
94 63
95 30
96 4
97 18
98 8
99 29
100 46
101 1
102 41
103 17
104 22
105 60
106 11
107 64
108 49
109 26
110 57
111 30
112 31
113 36
114 60
115 40
116 22
117 60
118 45
119 62
120 -2
121 0
122 28
123 36
124 26
125 11
126 55
127 13
128 25
129 32
130 44
131 11
132 19
133 32
134 9
135 60
136 12
137 52
138 65
139 2
140 -2
141 15
142 70
143 55
144 38
145 58
146 23
147 52
148 59
149 -4
150 55
151 70
152 28
153 73
154 32
155 24
156 10
157 11
158 17
159 42
160 19
161 0
162 0
163 6
164 18
165 58
166 19
167 21
168 62
169 50
170 27
171 47
172 15
173 11
174 60
175 26
176 36
177 44
178 41
179 39
180 43
181 46
182 56
183 19
184 32
185 27
186 7
187 57
188 59
189 4
190 0
191 9
192 44
193 27
194 73
195 44
196 22
197 54
198 43
199 64
200 22
201 67
202 28
203 11
204 68
205 58
206 47
207 62
208 60
209 2
210 23
211 62
212 43
213 68
214 51
215 25
216 23
217 9
218 -2
219 26
220 72
221 29
222 72
223 25
224 24
225 60
226 33
227 67
228 7
229 22
230 6
231 53
232 0
233 13
234 82
235 29
236 23
237 10
238 7
239 61
240 42
241 33
242 36
243 15
244 9
245 22
246 53
247 75
248 73
249 34
250 31
251 18
252 26
253 18
254 34
255 53
256 53
257 68
258 5
259 23
260 10
261 5
262 10
263 14
264 52
265 66
266 18
267 8
268 7
269 60
270 28
271 21
272 21
273 7
274 30
275 20
276 51
277 22
278 38
279 44
280 3
281 7
282 13
283 81
284 38
285 11
286 64
287 14
288 3
289 14
290 21
291 18
292 31
293 78
294 79
295 25
296 72
297 40
298 64
299 57
300 5
301 55
302 37
303 66
304 9
305 37
306 40
307 11
308 84
309 87
310 43
311 5
312 31
313 45
314 10
315 46
316 19
317 15
318 43
319 27
320 24
321 83
322 25
323 61
324 23
325 84
326 14
327 26
328 44
329 36
330 53
331 -2
332 15
333 7
334 47
335 32
336 26
337 16
338 4
339 40
340 59
341 45
342 16
343 48
344 20
345 74
346 39
347 41
348 70
349 38
350 17
351 71
352 50
353 18
354 67
355 56
356 41
357 46
358 29
359 57
360 25
361 48
362 59
363 32
364 51
365 71
366 74
367 65
368 65
369 65
370 61
371 41
372 68
373 15
374 68
375 44
376 33
377 72
378 98
379 19
380 25
381 20
382 13
383 23
384 20
385 76
386 -6
387 38
388 15
389 8
390 23
391 40
392 64
393 65
394 1
395 30
396 15
397 23
398 3
399 13
400 13
401 48
402 25
403 72
404 53
405 6
406 70
407 29
408 47
409 56
410 46
411 60
412 -4
413 43
414 21
415 76
416 32
417 36
418 55
419 70
420 54
421 70
422 43
423 73
424 37
425 38
426 7
427 19
428 42
429 55
430 40
431 33
432 54
433 31
434 25
435 33
436 43
437 29
438 30
439 36
440 4
441 44
442 19
443 43
444 66
445 36
446 73
447 8
448 16
449 51
450 73
451 36
452 21
453 18
454 19
455 31
456 7
457 74
458 40
459 37
460 8
461 20
462 22
463 13
464 8
465 69
466 20
467 66
468 -5
469 38
470 14
471 36
472 16
473 87
474 22
475 35
476 13
477 30
478 38
479 55
480 13
481 38
482 7
483 18
484 29
485 63
486 80
487 10
488 2
489 58
490 45
491 9
492 28
493 40
494 71
495 13
496 41
497 37
498 18
499 34
500 24
501 31
502 4
503 18
504 18
505 19
506 13
507 16
508 39
509 20
510 66
511 20
512 50
513 11
514 11
515 11
516 27
517 52
518 39
519 13
520 50
521 39
522 28
523 17
524 17
525 30
526 31
527 22
528 43
529 62
530 79
531 -1
532 13
533 57
534 17
535 2
536 41
537 27
538 14
539 68
540 90
541 44
542 35
543 30
544 15
545 65
546 47
547 28
548 66
549 1
550 67
551 20
552 67
553 33
554 30
555 29
556 23
557 67
558 41
559 52
560 97
561 62
562 58
563 9
564 66
565 19
566 39
567 14
568 50
569 23
570 24
571 6
572 20
573 27
574 20
575 8
576 65
577 29
578 70
579 26
580 19
581 31
582 11
583 17
584 15
585 61
586 41
587 33
588 89
589 71
590 29
591 9
592 68
593 54
594 72
595 67
596 41
597 21
598 39
599 34
600 48
601 5
602 81
603 40
604 32
605 67
606 54
607 70
608 3
609 2
610 24
611 3
612 70
613 57
614 32
615 23
616 52
617 18
618 0
619 58
620 36
621 15
622 35
623 17
624 46
625 70
626 12
627 87
628 74
629 13
630 55
631 68
632 12
633 28
634 59
635 13
636 6
637 52
638 35
639 69
640 12
641 17
642 34
643 40
644 2
645 18
646 18
647 4
648 21
649 50
650 28
651 13
652 29
653 39
654 11
655 47
656 48
657 38
658 44
659 48
660 50
661 32
662 13
663 18
664 10
665 53
666 37
667 62
668 14
669 52
670 42
671 17
672 0
673 5
674 44
675 45
676 71
677 38
678 65
679 80
680 44
681 61
682 68
683 31
684 41
685 33
686 23
687 -10
688 63
689 3
690 6
691 31
692 35
693 26
694 75
695 97
696 40
697 21
698 37
699 57
700 89
701 13
702 43
703 29
704 43
705 21
706 73
707 17
708 62
709 49
710 45
711 6
712 10
713 55
714 48
715 57
716 -1
717 20
718 86
719 37
720 21
721 -5
722 49
723 81
724 47
725 17
726 54
727 30
728 45
729 40
730 43
731 40
732 19
733 42
734 46
735 17
736 31
737 32
738 61
739 63
740 18
741 53
742 17
743 63
744 37
745 12
746 58
747 76
748 51
749 40
750 14
751 42
752 29
753 60
754 55
755 27
756 8
757 69
758 23
759 40
760 61
761 18
762 33
763 102
764 54
765 62
766 80
767 27
768 -2
769 44
770 39
771 16
772 46
773 23
774 35
775 24
776 3
777 63
778 48
779 50
780 77
781 20
782 41
783 40
784 18
785 51
786 42
787 22
788 32
789 14
790 59
791 24
792 46
793 44
794 2
795 56
796 31
797 69
798 60
799 25
800 4
801 80
802 47
803 95
804 29
805 8
806 62
807 4
808 37
809 26
810 58
811 34
812 14
813 41
814 24
815 28
816 29
817 68
818 60
819 65
820 18
821 54
822 81
823 38
824 16
825 26
826 33
827 35
828 14
829 66
830 12
831 66
832 47
833 14
834 60
835 2
836 45
837 64
838 46
839 72
840 56
841 14
842 44
843 32
844 27
845 58
846 64
847 78
848 26
849 95
850 74
851 17
852 16
853 22
854 69
855 24
856 60
857 79
858 51
859 7
860 49
861 11
862 23
863 63
864 31
865 35
866 -8
867 80
868 25
869 23
870 50
871 9
872 41
873 43
874 19
875 59
876 57
877 13
878 4
879 32
880 32
881 28
882 29
883 56
884 21
885 36
886 18
887 44
888 23
889 41
890 23
891 60
892 27
893 67
894 74
895 27
896 24
897 14
898 47
899 66
900 9
901 66
902 35
903 -4
904 48
905 62
906 21
907 22
908 49
909 26
910 62
911 67
912 78
913 45
914 43
915 65
916 57
917 18
918 30
919 70
920 30
921 31
922 29
923 35
924 64
925 66
926 6
927 63
928 61
929 27
930 4
931 59
932 56
933 34
934 20
935 77
936 38
937 62
938 52
939 -4
940 42
941 5
942 78
943 56
944 68
945 21
946 31
947 56
948 66
949 49
950 17
951 1
952 25
953 39
954 8
955 25
956 82
957 0
958 26
959 48
960 16
961 25
962 4
963 69
964 9
965 39
966 12
967 55
968 52
969 72
970 65
971 61
972 52
973 70
974 22
975 32
976 57
977 26
978 78
979 16
980 -1
981 80
982 102
983 61
984 53
985 -1
986 12
987 54
988 27
989 63
990 10
991 61
992 -5
993 34
994 64
995 77
996 58
997 75
998 11
999 63
1000 31
1001 31
1002 40
1003 50
1004 48
1005 72
1006 52
1007 30
1008 65
1009 55
1010 38
1011 6
1012 33
1013 48
1014 -3
1015 0
1016 76
1017 79
1018 25
1019 48
1020 69
1021 75
1022 63
1023 68
1024 65
1025 31
1026 87
1027 23
1028 41
1029 62
1030 34
1031 28
1032 55
1033 51
1034 63
1035 12
1036 26
1037 60
1038 41
1039 67
1040 92
1041 15
1042 33
1043 20
1044 31
1045 28
1046 64
1047 33
1048 67
1049 27
1050 34
1051 43
1052 21
1053 21
1054 3
1055 24
1056 54
1057 13
1058 26
1059 70
1060 63
1061 18
1062 69
1063 10
1064 22
1065 21
1066 -2
1067 45
1068 36
1069 41
1070 18
1071 67
1072 109
1073 49
1074 5
1075 75
1076 65
1077 62
1078 9
1079 16
1080 4
1081 44
1082 52
1083 1
1084 60
1085 35
1086 50
1087 62
1088 49
1089 71
1090 21
1091 50
1092 42
1093 52
1094 6
1095 57
1096 6
1097 47
1098 69
1099 71
1100 28
1101 24
1102 71
1103 62
1104 51
1105 67
1106 13
1107 49
1108 -7
1109 46
1110 83
1111 48
1112 34
1113 49
1114 26
1115 4
1116 24
1117 55
1118 59
1119 53
1120 5
1121 77
1122 33
1123 57
1124 54
1125 12
1126 52
1127 10
1128 34
1129 66
1130 49
1131 57
1132 24
1133 34
1134 86
1135 51
1136 37
1137 49
1138 44
1139 62
1140 13
1141 89
1142 27
1143 64
1144 22
1145 50
1146 34
1147 54
1148 73
1149 34
1150 13
1151 21
1152 28
1153 35
1154 49
1155 15
1156 76
1157 45
1158 3
1159 84
1160 59
1161 39
1162 38
1163 66
1164 37
1165 12
1166 48
1167 11
1168 56
1169 58
1170 25
1171 40
1172 21
1173 48
1174 44
1175 84
1176 33
1177 19
1178 57
1179 62
1180 30
1181 84
1182 17
1183 33
1184 71
1185 16
1186 57
1187 73
1188 20
1189 39
1190 103
1191 79
1192 50
1193 81
1194 13
1195 40
1196 62
1197 72
1198 81
1199 78
1200 42
1201 16
1202 13
1203 58
1204 44
1205 59
1206 46
1207 27
1208 73
1209 16
1210 67
1211 27
1212 27
1213 68
1214 22
1215 19
1216 16
1217 35
1218 58
1219 13
1220 67
1221 19
1222 44
1223 21
1224 23
1225 51
1226 36
1227 99
1228 64
1229 54
1230 56
1231 1
1232 14
1233 67
1234 25
1235 67
1236 68
1237 67
1238 58
1239 53
1240 39
1241 15
1242 57
1243 59
1244 51
1245 70
1246 74
1247 23
1248 41
1249 40
1250 56
1251 82
1252 29
1253 54
1254 24
1255 67
1256 35
1257 38
1258 31
1259 75
1260 77
1261 58
1262 63
1263 72
1264 53
1265 21
1266 25
1267 54
1268 42
1269 30
1270 31
1271 32
1272 32
1273 27
1274 80
1275 6
1276 66
1277 38
1278 68
1279 56
1280 71
1281 43
1282 47
1283 17
1284 19
1285 77
1286 56
1287 24
1288 44
1289 79
1290 23
1291 6
1292 44
1293 18
1294 46
1295 62
1296 49
1297 19
1298 -8
1299 57
1300 7
1301 32
1302 10
1303 27
1304 27
1305 44
1306 20
1307 39
1308 15
1309 69
1310 21
1311 20
1312 19
1313 12
1314 66
1315 56
1316 69
1317 28
1318 71
1319 93
1320 74
1321 51
1322 66
1323 37
1324 72
1325 51
1326 2
1327 55
1328 49
1329 24
1330 9
1331 58
1332 64
1333 63
1334 5
1335 71
1336 19
1337 16
1338 10
1339 11
1340 22
1341 24
1342 7
1343 48
1344 16
1345 31
1346 2
1347 27
1348 23
1349 17
1350 24
1351 33
1352 42
1353 7
1354 79
1355 17
1356 38
1357 61
1358 46
1359 36
1360 9
1361 32
1362 26
1363 74
1364 4
1365 50
1366 63
1367 28
1368 17
1369 59
1370 32
1371 21
1372 16
1373 20
1374 71
1375 41
1376 56
1377 30
1378 65
1379 56
1380 28
1381 73
1382 83
1383 58
1384 42
1385 26
1386 75
1387 34
1388 16
1389 19
1390 77
1391 56
1392 6
1393 44
1394 19
1395 55
1396 25
1397 63
1398 35
1399 28
1400 37
1401 32
1402 35
1403 72
1404 61
1405 62
1406 51
1407 75
1408 73
1409 60
1410 14
1411 59
1412 28
1413 87
1414 40
1415 38
1416 18
1417 16
1418 50
1419 27
1420 65
1421 46
1422 99
1423 6
1424 63
1425 58
1426 52
1427 27
1428 24
1429 26
1430 65
1431 18
1432 73
1433 26
1434 13
1435 57
1436 24
1437 29
1438 63
1439 12
1440 17
1441 63
1442 55
1443 17
1444 13
1445 56
1446 18
1447 88
1448 27
1449 16
1450 30
1451 38
1452 24
1453 57
1454 60
1455 62
1456 38
1457 34
1458 30
1459 44
1460 52
1461 28
1462 64
1463 26
1464 29
1465 12
1466 43
1467 84
1468 11
1469 5
1470 51
1471 45
1472 94
1473 22
1474 74
1475 69
1476 34
1477 78
1478 34
1479 45
1480 5
1481 11
1482 6
1483 71
1484 56
1485 31
1486 1
1487 -1
1488 76
1489 -5
1490 31
1491 53
1492 64
1493 44
1494 21
1495 8
1496 86
1497 61
1498 56
1499 80
1500 39
1501 43
1502 83
1503 1
1504 67
1505 54
1506 41
1507 20
1508 39
1509 74
1510 88
1511 21
1512 54
1513 73
1514 44
1515 31
1516 22
1517 79
1518 37
1519 26
1520 28
1521 24
1522 61
1523 32
1524 33
1525 8
1526 26
1527 72
1528 63
1529 45
1530 17
1531 29
1532 26
1533 10
1534 19
1535 49
1536 43
1537 59
1538 30
1539 80
1540 44
1541 42
1542 10
1543 29
1544 13
1545 2
1546 58
1547 32
1548 12
1549 56
1550 45
1551 33
1552 36
1553 69
1554 53
1555 66
1556 63
1557 22
1558 55
1559 42
1560 45
1561 40
1562 61
1563 23
1564 51
1565 46
1566 21
1567 44
1568 20
1569 57
1570 40
1571 19
1572 16
1573 80
1574 82
1575 51
1576 43
1577 21
1578 73
1579 77
1580 62
1581 14
1582 77
1583 28
1584 58
1585 70
1586 46
1587 21
1588 15
1589 23
1590 60
1591 22
1592 91
1593 19
1594 34
1595 61
1596 94
1597 41
1598 27
1599 65
1600 39
1601 40
1602 46
1603 46
1604 26
1605 52
1606 32
1607 64
1608 55
1609 47
1610 43
1611 43
1612 78
1613 16
1614 38
1615 65
1616 26
1617 13
1618 65
1619 12
1620 20
1621 87
1622 37
1623 6
1624 45
1625 45
1626 28
1627 37
1628 87
1629 80
1630 9
1631 35
1632 36
1633 42
1634 67
1635 4
1636 69
1637 62
1638 41
1639 6
1640 21
1641 56
1642 41
1643 64
1644 7
1645 55
1646 35
1647 77
1648 54
1649 56
1650 16
1651 62
1652 23
1653 28
1654 64
1655 61
1656 45
1657 49
1658 69
1659 65
1660 67
1661 75
1662 21
1663 31
1664 90
1665 33
1666 20
1667 71
1668 13
1669 49
1670 41
1671 15
1672 38
1673 42
1674 58
1675 34
1676 38
1677 29
1678 27
1679 45
1680 14
1681 54
1682 26
1683 11
1684 40
1685 27
1686 70
1687 10
1688 31
1689 49
1690 56
1691 103
1692 23
1693 29
1694 54
1695 62
1696 30
1697 46
1698 49
1699 74
1700 76
1701 56
1702 10
1703 28
1704 41
1705 52
1706 41
1707 24
1708 30
1709 22
1710 84
1711 23
1712 22
1713 25
1714 67
1715 36
1716 69
1717 28
1718 38
1719 58
1720 10
1721 79
1722 16
1723 21
1724 82
1725 55
1726 72
1727 40
1728 24
1729 27
1730 51
1731 44
1732 68
1733 15
1734 34
1735 38
1736 35
1737 69
1738 20
1739 67
1740 9
1741 56
1742 40
1743 48
1744 13
1745 60
1746 8
1747 63
1748 70
1749 66
1750 29
1751 104
1752 34
1753 55
1754 50
1755 14
1756 92
1757 44
1758 18
1759 72
1760 13
1761 3
1762 8
1763 63
1764 17
1765 46
1766 29
1767 27
1768 82
1769 2
1770 73
1771 55
1772 -2
1773 95
1774 41
1775 14
1776 8
1777 74
1778 22
1779 42
1780 4
1781 22
1782 56
1783 36
1784 45
1785 35
1786 54
1787 96
1788 4
1789 -2
1790 40
1791 33
1792 38
1793 39
1794 26
1795 91
1796 36
1797 94
1798 60
1799 25
1800 69
1801 34
1802 28
1803 70
1804 76
1805 37
1806 28
1807 17
1808 80
1809 36
1810 10
1811 28
1812 61
1813 51
1814 29
1815 54
1816 53
1817 63
1818 37
1819 53
1820 64
1821 15
1822 11
1823 52
1824 75
1825 18
1826 30
1827 56
1828 42
1829 70
1830 46
1831 65
1832 25
1833 71
1834 53
1835 29
1836 35
1837 31
1838 10
1839 74
1840 48
1841 78
1842 11
1843 18
1844 76
1845 46
1846 24
1847 81
1848 35
1849 58
1850 29
1851 66
1852 20
1853 31
1854 50
1855 21
1856 67
1857 31
1858 66
1859 17
1860 46
1861 82
1862 42
1863 81
1864 35
1865 72
1866 58
1867 32
1868 63
1869 52
1870 90
1871 19
1872 66
1873 1
1874 20
1875 55
1876 37
1877 30
1878 53
1879 97
1880 51
1881 28
1882 25
1883 95
1884 50
1885 36
1886 77
1887 103
1888 0
1889 13
1890 52
1891 76
1892 64
1893 44
1894 19
1895 28
1896 18
1897 2
1898 32
1899 35
1900 25
1901 33
1902 10
1903 47
1904 17
1905 56
1906 13
1907 59
1908 43
1909 64
1910 15
1911 66
1912 63
1913 19
1914 42
1915 32
1916 10
1917 63
1918 9
1919 33
1920 49
1921 62
1922 104
1923 109
1924 55
1925 44
1926 67
1927 74
1928 59
1929 23
1930 21
1931 70
1932 21
1933 6
1934 36
1935 19
1936 48
1937 54
1938 -2
1939 19
1940 89
1941 19
1942 32
1943 58
1944 64
1945 47
1946 50
1947 29
1948 35
1949 3
1950 59
1951 70
1952 25
1953 37
1954 61
1955 27
1956 47
1957 16
1958 31
1959 32
1960 76
1961 28
1962 47
1963 18
1964 29
1965 39
1966 33
1967 69
1968 12
1969 12
1970 34
1971 46
1972 -2
1973 42
1974 75
1975 59
1976 45
1977 5
1978 36
1979 33
1980 47
1981 17
1982 8
1983 5
1984 39
1985 42
1986 41
1987 63
1988 33
1989 45
1990 50
1991 55
1992 27
1993 41
1994 21
1995 17
1996 47
1997 65
1998 35
1999 66
2000 10
2001 34
2002 20
2003 58
2004 7
2005 81
2006 28
2007 49
2008 74
2009 7
2010 37
2011 45
2012 32
2013 27
2014 70
2015 34
2016 39
2017 21
2018 67
2019 36
2020 4
2021 38
2022 4
2023 64
2024 65
2025 44
2026 86
2027 3
2028 63
2029 37
2030 12
2031 19
2032 51
2033 13
2034 33
2035 27
2036 73
2037 12
2038 38
2039 65
2040 23
2041 34
2042 2
2043 32
2044 63
2045 73
2046 60
2047 61
2048 36
2049 80
2050 46
2051 46
2052 97
2053 51
2054 47
2055 8
2056 60
2057 17
2058 23
2059 53
2060 16
2061 73
2062 62
2063 53
2064 75
2065 35
2066 69
2067 24
2068 72
2069 15
2070 36
2071 53
2072 48
2073 80
2074 41
2075 2
2076 27
2077 65
2078 49
2079 19
2080 12
2081 69
2082 16
2083 38
2084 28
2085 14
2086 62
2087 45
2088 75
2089 24
2090 30
2091 18
2092 106
2093 49
2094 31
2095 45
2096 41
2097 25
2098 70
2099 35
2100 60
2101 31
2102 30
2103 5
2104 75
2105 27
2106 14
2107 16
2108 32
2109 66
2110 68
2111 56
2112 70
2113 66
2114 72
2115 2
2116 85
2117 19
2118 25
2119 82
2120 12
2121 19
2122 42
2123 6
2124 14
2125 62
2126 29
2127 25
2128 19
2129 10
2130 45
2131 56
2132 39
2133 75
2134 81
2135 15
2136 5
2137 19
2138 48
2139 19
2140 38
2141 105
2142 10
2143 15
2144 32
2145 44
2146 20
2147 49
2148 45
2149 19
2150 44
2151 15
2152 69
2153 74
2154 68
2155 90
2156 26
2157 46
2158 72
2159 29
2160 82
2161 73
2162 63
2163 36
2164 23
2165 49
2166 80
2167 37
2168 75
2169 66
2170 77
2171 19
2172 38
2173 22
2174 94
2175 0
2176 56
2177 9
2178 52
2179 65
2180 30
2181 39
2182 4
2183 53
2184 31
2185 51
2186 38
2187 7
2188 33
2189 19
2190 43
2191 29
2192 90
2193 83
2194 41
2195 46
2196 44
2197 54
2198 48
2199 39
2200 67
2201 64
2202 23
2203 11
2204 81
2205 43
2206 15
2207 69
2208 54
2209 63
2210 7
2211 52
2212 46
2213 20
2214 75
2215 65
2216 52
2217 19
2218 28
2219 70
2220 94
2221 61
2222 79
2223 59
2224 27
2225 24
2226 8
2227 42
2228 55
2229 46
2230 37
2231 72
2232 18
2233 78
2234 67
2235 7
2236 36
2237 70
2238 44
2239 42
2240 29
2241 8
2242 72
2243 57
2244 83
2245 86
2246 41
2247 42
2248 75
2249 37
2250 65
2251 14
2252 25
2253 28
2254 23
2255 79
2256 11
2257 55
2258 3
2259 29
2260 82
2261 32
2262 28
2263 34
2264 17
2265 57
2266 31
2267 36
2268 77
2269 83
2270 52
2271 19
2272 29
2273 53
2274 6
2275 32
2276 33
2277 18
2278 50
2279 22
2280 96
2281 29
2282 58
2283 15
2284 61
2285 12
2286 65
2287 6
2288 9
2289 95
2290 68
2291 55
2292 18
2293 78
2294 33
2295 73
2296 89
2297 79
2298 90
2299 64
2300 21
2301 81
2302 59
2303 49
2304 13
2305 19
2306 62
2307 67
2308 16
2309 57
2310 37
2311 64
2312 69
2313 86
2314 34
2315 36
2316 17
2317 31
2318 40
2319 21
2320 9
2321 66
2322 39
2323 99
2324 16
2325 50
2326 32
2327 11
2328 66
2329 73
2330 66
2331 32
2332 55
2333 32
2334 49
2335 48
2336 16
2337 34
2338 62
2339 40
2340 17
2341 41
2342 41
2343 63
2344 36
2345 31
2346 63
2347 87
2348 28
2349 53
2350 54
2351 33
2352 24
2353 20
2354 42
2355 91
2356 53
2357 5
2358 15
2359 91
2360 9
2361 20
2362 41
2363 97
2364 14
2365 83
2366 69
2367 45
2368 93
2369 60
2370 77
2371 14
2372 43
2373 83
2374 24
2375 26
2376 64
2377 47
2378 42
2379 78
2380 52
2381 62
2382 93
2383 64
2384 23
2385 14
2386 10
2387 45
2388 23
2389 15
2390 73
2391 59
2392 92
2393 5
2394 77
2395 36
2396 15
2397 55
2398 12
2399 64
2400 24
2401 15
2402 39
2403 68
2404 39
2405 37
2406 45
2407 53
2408 44
2409 22
2410 46
2411 25
2412 55
2413 86
2414 28
2415 28
2416 70
2417 15
2418 10
2419 10
2420 57
2421 76
2422 57
2423 62
2424 40
2425 25
2426 62
2427 42
2428 80
2429 49
2430 51
2431 32
2432 71
2433 22
2434 85
2435 11
2436 44
2437 34
2438 32
2439 51
2440 76
2441 66
2442 27
2443 38
2444 41
2445 32
2446 93
2447 18
2448 32
2449 37
2450 10
2451 5
2452 69
2453 31
2454 79
2455 106
2456 12
2457 110
2458 46
2459 65
2460 43
2461 87
2462 38
2463 11
2464 69
2465 81
2466 47
2467 67
2468 32
2469 37
2470 79
2471 50
2472 0
2473 16
2474 88
2475 43
2476 44
2477 5
2478 25
2479 57
2480 46
2481 80
2482 9
2483 32
2484 10
2485 6
2486 26
2487 31
2488 45
2489 68
2490 60
2491 19
2492 79
2493 81
2494 58
2495 54
2496 37
2497 70
2498 31
2499 43
2500 34
2501 4
2502 31
2503 6
2504 2
2505 93
2506 20
2507 29
2508 3
2509 86
2510 27
2511 3
2512 32
2513 65
2514 21
2515 96
2516 47
2517 71
2518 71
2519 23
2520 40
2521 50
2522 65
2523 52
2524 49
2525 5
2526 27
2527 40
2528 43
2529 45
2530 24
2531 66
2532 58
2533 90
2534 36
2535 8
2536 23
2537 77
2538 30
2539 48
2540 50
2541 80
2542 23
2543 42
2544 65
2545 37
2546 90
2547 9
2548 70
2549 45
2550 30
2551 26
2552 11
2553 63
2554 62
2555 88
2556 23
2557 47
2558 34
2559 4
2560 35
2561 65
2562 28
2563 61
2564 20
2565 36
2566 6
2567 51
2568 65
2569 69
2570 33
2571 19
2572 36
2573 46
2574 40
2575 54
2576 76
2577 38
2578 45
2579 37
2580 18
2581 68
2582 51
2583 21
2584 21
2585 58
2586 54
2587 78
2588 25
2589 43
2590 12
2591 88
2592 24
2593 38
2594 75
2595 46
2596 31
2597 51
2598 24
2599 14
2600 86
2601 67
2602 83
2603 37
2604 55
2605 43
2606 42
2607 53
2608 62
2609 22
2610 33
2611 27
2612 56
2613 18
2614 71
2615 71
2616 36
2617 51
2618 37
2619 28
2620 49
2621 12
2622 70
2623 19
2624 84
2625 110
2626 43
2627 19
2628 71
2629 44
2630 93
2631 17
2632 37
2633 20
2634 61
2635 3
2636 5
2637 109
2638 58
2639 48
2640 12
2641 88
2642 1
2643 78
2644 10
2645 35
2646 49
2647 76
2648 29
2649 49
2650 18
2651 41
2652 28
2653 47
2654 29
2655 72
2656 15
2657 49
2658 48
2659 40
2660 20
2661 17
2662 76
2663 80
2664 49
2665 48
2666 37
2667 16
2668 22
2669 31
2670 72
2671 22
2672 55
2673 59
2674 57
2675 28
2676 27
2677 71
2678 20
2679 103
2680 63
2681 9
2682 26
2683 17
2684 24
2685 10
2686 36
2687 25
2688 79
2689 19
2690 43
2691 30
2692 55
2693 8
2694 -1
2695 62
2696 28
2697 71
2698 22
2699 66
2700 59
2701 12
2702 26
2703 -13
2704 34
2705 66
2706 23
2707 18
2708 28
2709 23
2710 18
2711 44
2712 23
2713 61
2714 20
2715 2
2716 26
2717 54
2718 69
2719 75
2720 70
2721 30
2722 49
2723 19
2724 88
2725 91
2726 51
2727 29
2728 29
2729 70
2730 22
2731 49
2732 11
2733 44
2734 6
2735 62
2736 41
2737 34
2738 5
2739 32
2740 -5
2741 83
2742 28
2743 20
2744 54
2745 41
2746 51
2747 70
2748 18
2749 82
2750 67
2751 51
2752 50
2753 20
2754 10
2755 50
2756 39
2757 26
2758 27
2759 1
2760 30
2761 76
2762 92
2763 29
2764 40
2765 74
2766 17
2767 58
2768 33
2769 21
2770 44
2771 65
2772 71
2773 47
2774 68
2775 14
2776 83
2777 32
2778 56
2779 13
2780 44
2781 40
2782 79
2783 36
2784 -3
2785 23
2786 37
2787 88
2788 73
2789 52
2790 121
2791 48
2792 124
2793 32
2794 34
2795 48
2796 45
2797 57
2798 89
2799 72
2800 57
2801 15
2802 43
2803 33
2804 17
2805 75
2806 -3
2807 39
2808 46
2809 14
2810 77
2811 67
2812 15
2813 26
2814 49
2815 93
2816 65
2817 36
2818 44
2819 73
2820 76
2821 19
2822 91
2823 51
2824 29
2825 38
2826 27
2827 31
2828 63
2829 44
2830 23
2831 49
2832 90
2833 34
2834 45
2835 59
2836 27
2837 31
2838 26
2839 67
2840 33
2841 42
2842 8
2843 6
2844 7
2845 37
2846 29
2847 81
2848 4
2849 11
2850 74
2851 25
2852 23
2853 54
2854 27
2855 24
2856 67
2857 76
2858 39
2859 62
2860 14
2861 62
2862 44
2863 16
2864 62
2865 6
2866 22
2867 7
2868 22
2869 11
2870 82
2871 29
2872 25
2873 117
2874 29
2875 36
2876 38
2877 14
2878 31
2879 51
2880 21
2881 64
2882 43
2883 92
2884 115
2885 66
2886 21
2887 71
2888 50
2889 59
2890 50
2891 55
2892 35
2893 28
2894 99
2895 48
2896 30
2897 45
2898 13
2899 74
2900 56
2901 49
2902 41
2903 2
2904 72
2905 40
2906 17
2907 31
2908 33
2909 35
2910 76
2911 62
2912 75
2913 36
2914 68
2915 22
2916 31
2917 29
2918 72
2919 83
2920 50
2921 22
2922 34
2923 6
2924 78
2925 4
2926 81
2927 36
2928 67
2929 27
2930 77
2931 100
2932 22
2933 97
2934 68
2935 67
2936 26
2937 2
2938 44
2939 39
2940 53
2941 22
2942 68
2943 82
2944 77
2945 56
2946 17
2947 28
2948 85
2949 89
2950 47
2951 20
2952 80
2953 15
2954 55
2955 11
2956 -7
2957 40
2958 60
2959 35
2960 93
2961 40
2962 8
2963 7
2964 64
2965 19
2966 61
2967 55
2968 18
2969 30
2970 35
2971 37
2972 11
2973 40
2974 39
2975 67
2976 74
2977 33
2978 17
2979 41
2980 41
2981 75
2982 14
2983 9
2984 73
2985 32
2986 38
2987 17
2988 15
2989 60
2990 36
2991 19
2992 71
2993 86
2994 41
2995 28
2996 -1
2997 15
2998 87
2999 47
3000 76
3001 19
3002 63
3003 2
3004 16
3005 35
3006 54
3007 73
3008 34
3009 31
3010 90
3011 77
3012 18
3013 31
3014 6
3015 22
3016 64
3017 91
3018 33
3019 69
3020 11
3021 31
3022 39
3023 65
3024 18
3025 33
3026 38
3027 32
3028 29
3029 24
3030 55
3031 40
3032 10
3033 17
3034 27
3035 69
3036 28
3037 62
3038 37
3039 88
3040 33
3041 98
3042 5
3043 22
3044 10
3045 4
3046 51
3047 19
3048 -5
3049 49
3050 12
3051 67
3052 0
3053 21
3054 63
3055 26
3056 3
3057 21
3058 29
3059 59
3060 -2
3061 17
3062 83
3063 91
3064 52
3065 75
3066 51
3067 62
3068 35
3069 53
3070 47
3071 44
3072 4
3073 30
3074 72
3075 29
3076 41
3077 53
3078 36
3079 5
3080 32
3081 63
3082 5
3083 49
3084 41
3085 36
3086 47
3087 26
3088 26
3089 58
3090 27
3091 43
3092 20
3093 69
3094 8
3095 23
3096 39
3097 75
3098 33
3099 22
3100 46
3101 5
3102 15
3103 22
3104 42
3105 15
3106 52
3107 13
3108 49
3109 31
3110 42
3111 71
3112 14
3113 45
3114 31
3115 27
3116 93
3117 81
3118 26
3119 20
3120 43
3121 86
3122 75
3123 58
3124 27
3125 37
3126 71
3127 27
3128 41
3129 42
3130 37
3131 0
3132 26
3133 28
3134 -1
3135 68
3136 72
3137 5
3138 30
3139 25
3140 62
3141 87
3142 9
3143 27
3144 36
3145 19
3146 85
3147 56
3148 55
3149 11
3150 53
3151 70
3152 42
3153 51
3154 29
3155 93
3156 45
3157 31
3158 51
3159 18
3160 40
3161 42
3162 40
3163 79
3164 22
3165 41
3166 82
3167 64
3168 71
3169 28
3170 39
3171 60
3172 49
3173 33
3174 9
3175 73
3176 12
3177 74
3178 27
3179 12
3180 53
3181 54
3182 97
3183 62
3184 6
3185 -2
3186 3
3187 53
3188 0
3189 44
3190 14
3191 82
3192 13
3193 75
3194 66
3195 37
3196 17
3197 46
3198 61
3199 32
3200 18
3201 8
3202 36
3203 44
3204 39
3205 63
3206 32
3207 47
3208 14
3209 40
3210 26
3211 36
3212 65
3213 32
3214 21
3215 20
3216 62
3217 57
3218 84
3219 29
3220 57
3221 49
3222 39
3223 57
3224 43
3225 28
3226 49
3227 0
3228 64
3229 62
3230 33
3231 81
3232 29
3233 15
3234 3
3235 54
3236 39
3237 115
3238 39
3239 82
3240 90
3241 70
3242 19
3243 16
3244 2
3245 47
3246 6
3247 87
3248 12
3249 13
3250 78
3251 68
3252 51
3253 -3
3254 20
3255 29
3256 38
3257 84
3258 30
3259 80
3260 72
3261 77
3262 29
3263 22
3264 60
3265 73
3266 59
3267 44
3268 95
3269 61
3270 77
3271 40
3272 41
3273 50
3274 37
3275 9
3276 85
3277 27
3278 42
3279 20
3280 34
3281 52
3282 80
3283 44
3284 9
3285 27
3286 27
3287 65
3288 45
3289 42
3290 50
3291 46
3292 82
3293 1
3294 53
3295 58
3296 67
3297 32
3298 80
3299 72
3300 41
3301 73
3302 30
3303 21
3304 47
3305 60
3306 7
3307 75
3308 21
3309 23
3310 59
3311 34
3312 50
3313 19
3314 27
3315 43
3316 17
3317 -2
3318 -4
3319 22
3320 46
3321 73
3322 81
3323 83
3324 59
3325 92
3326 92
3327 37
3328 28
3329 56
3330 63
3331 26
3332 16
3333 46
3334 41
3335 85
3336 18
3337 44
3338 68
3339 45
3340 7
3341 76
3342 25
3343 29
3344 62
3345 57
3346 38
3347 40
3348 23
3349 38
3350 20
3351 55
3352 52
3353 19
3354 0
3355 66
3356 18
3357 47
3358 88
3359 3
3360 20
3361 62
3362 21
3363 97
3364 35
3365 61
3366 30
3367 76
3368 64
3369 30
3370 18
3371 54
3372 34
3373 10
3374 23
3375 38
3376 2
3377 60
3378 80
3379 44
3380 53
3381 30
3382 48
3383 72
3384 79
3385 27
3386 38
3387 38
3388 25
3389 87
3390 29
3391 26
3392 91
3393 95
3394 5
3395 44
3396 13
3397 42
3398 11
3399 72
3400 6
3401 87
3402 62
3403 51
3404 54
3405 9
3406 26
3407 35
3408 92
3409 13
3410 24
3411 62
3412 81
3413 55
3414 89
3415 20
3416 26
3417 23
3418 69
3419 86
3420 89
3421 41
3422 32
3423 25
3424 66
3425 24
3426 77
3427 41
3428 54
3429 6
3430 73
3431 80
3432 51
3433 64
3434 34
3435 25
3436 11
3437 16
3438 14
3439 11
3440 30
3441 33
3442 50
3443 22
3444 81
3445 56
3446 10
3447 22
3448 58
3449 45
3450 24
3451 5
3452 60
3453 44
3454 36
3455 21
3456 84
3457 37
3458 9
3459 51
3460 36
3461 95
3462 53
3463 41
3464 32
3465 25
3466 35
3467 77
3468 29
3469 20
3470 38
3471 62
3472 70
3473 58
3474 42
3475 59
3476 94
3477 30
3478 14
3479 93
3480 14
3481 67
3482 79
3483 53
3484 49
3485 38
3486 39
3487 22
3488 61
3489 7
3490 103
3491 11
3492 51
3493 16
3494 68
3495 102
3496 89
3497 23
3498 53
3499 50
3500 27
3501 35
3502 33
3503 4
3504 50
3505 57
3506 95
3507 24
3508 53
3509 34
3510 46
3511 30
3512 59
3513 33
3514 75
3515 51
3516 30
3517 10
3518 86
3519 59
3520 10
3521 62
3522 15
3523 55
3524 34
3525 41
3526 103
3527 9
3528 14
3529 13
3530 96
3531 23
3532 28
3533 55
3534 30
3535 21
3536 59
3537 79
3538 5
3539 19
3540 16
3541 24
3542 15
3543 37
3544 67
3545 49
3546 17
3547 38
3548 111
3549 19
3550 91
3551 96
3552 38
3553 28
3554 14
3555 49
3556 46
3557 9
3558 48
3559 112
3560 74
3561 23
3562 65
3563 26
3564 66
3565 56
3566 23
3567 11
3568 63
3569 71
3570 31
3571 34
3572 72
3573 29
3574 66
3575 89
3576 36
3577 44
3578 25
3579 28
3580 27
3581 33
3582 47
3583 56
3584 55
3585 21
3586 22
3587 34
3588 18
3589 25
3590 81
3591 20
3592 43
3593 59
3594 10
3595 46
3596 10
3597 34
3598 41
3599 72
3600 15
3601 37
3602 38
3603 64
3604 55
3605 17
3606 31
3607 37
3608 40
3609 12
3610 47
3611 10
3612 12
3613 34
3614 44
3615 56
3616 54
3617 13
3618 60
3619 45
3620 82
3621 56
3622 47
3623 33
3624 22
3625 37
3626 11
3627 7
3628 56
3629 22
3630 44
3631 35
3632 15
3633 18
3634 45
3635 73
3636 63
3637 42
3638 32
3639 50
3640 14
3641 77
3642 -4
3643 12
3644 65
3645 50
3646 49
3647 96
3648 33
3649 70
3650 64
3651 61
3652 51
3653 36
3654 52
3655 64
3656 29
3657 46
3658 28
3659 57
3660 52
3661 3
3662 65
3663 11
3664 51
3665 37
3666 38
3667 28
3668 94
3669 53
3670 13
3671 21
3672 17
3673 59
3674 10
3675 97
3676 35
3677 62
3678 35
3679 9
3680 38
3681 49
3682 11
3683 32
3684 27
3685 80
3686 86
3687 59
3688 43
3689 12
3690 84
3691 46
3692 40
3693 17
3694 8
3695 30
3696 6
3697 -2
3698 40
3699 86
3700 50
3701 20
3702 77
3703 19
3704 17
3705 29
3706 21
3707 58
3708 34
3709 38
3710 67
3711 73
3712 62
3713 34
3714 23
3715 74
3716 103
3717 34
3718 36
3719 70
3720 36
3721 35
3722 72
3723 18
3724 61
3725 44
3726 36
3727 76
3728 22
3729 37
3730 68
3731 59
3732 15
3733 11
3734 55
3735 36
3736 38
3737 23
3738 1
3739 65
3740 65
3741 14
3742 28
3743 53
3744 53
3745 63
3746 51
3747 17
3748 42
3749 10
3750 37
3751 35
3752 46
3753 68
3754 20
3755 53
3756 10
3757 105
3758 72
3759 31
3760 41
3761 35
3762 24
3763 22
3764 69
3765 59
3766 18
3767 19
3768 60
3769 74
3770 22
3771 78
3772 37
3773 57
3774 -4
3775 19
3776 15
3777 67
3778 38
3779 59
3780 2
3781 65
3782 48
3783 77
3784 55
3785 42
3786 17
3787 35
3788 68
3789 17
3790 12
3791 47
3792 43
3793 50
3794 20
3795 48
3796 68
3797 40
3798 8
3799 15
3800 72
3801 97
3802 42
3803 47
3804 60
3805 32
3806 56
3807 36
3808 35
3809 16
3810 18
3811 11
3812 34
3813 68
3814 3
3815 77
3816 42
3817 27
3818 106
3819 70
3820 20
3821 27
3822 50
3823 46
3824 44
3825 39
3826 35
3827 40
3828 37
3829 -8
3830 36
3831 15
3832 62
3833 80
3834 39
3835 41
3836 106
3837 9
3838 26
3839 52
3840 5
3841 26
3842 67
3843 40
3844 62
3845 37
3846 29
3847 57
3848 57
3849 71
3850 46
3851 38
3852 59
3853 9
3854 58
3855 35
3856 33
3857 55
3858 41
3859 51
3860 21
3861 71
3862 43
3863 72
3864 71
3865 18
3866 77
3867 47
3868 61
3869 55
3870 9
3871 59
3872 51
3873 74
3874 52
3875 59
3876 39
3877 81
3878 21
3879 23
3880 32
3881 24
3882 21
3883 40
3884 12
3885 20
3886 51
3887 67
3888 29
3889 4
3890 83
3891 42
3892 83
3893 44
3894 23
3895 52
3896 78
3897 14
3898 13
3899 36
3900 32
3901 41
3902 40
3903 28
3904 85
3905 25
3906 -1
3907 38
3908 47
3909 44
3910 18
3911 15
3912 64
3913 64
3914 40
3915 30
3916 42
3917 50
3918 48
3919 47
3920 30
3921 31
3922 31
3923 23
3924 0
3925 -2
3926 24
3927 36
3928 92
3929 25
3930 13
3931 20
3932 74
3933 82
3934 49
3935 66
3936 64
3937 32
3938 86
3939 35
3940 39
3941 64
3942 1
3943 79
3944 53
3945 37
3946 21
3947 45
3948 30
3949 28
3950 53
3951 66
3952 103
3953 61
3954 75
3955 25
3956 55
3957 37
3958 31
3959 59
3960 80
3961 48
3962 11
3963 80
3964 29
3965 43
3966 93
3967 96
3968 66
3969 44
3970 85
3971 27
3972 26
3973 76
3974 54
3975 35
3976 15
3977 18
3978 84
3979 37
3980 37
3981 31
3982 44
3983 60
3984 13
3985 88
3986 52
3987 33
3988 50
3989 9
3990 72
3991 27
3992 79
3993 27
3994 51
3995 46
3996 9
3997 60
3998 15
3999 42
4000 58
4001 40
4002 45
4003 20
4004 25
4005 55
4006 60
4007 38
4008 52
4009 25
4010 21
4011 39
4012 85
4013 29
4014 20
4015 45
4016 26
4017 100
4018 20
4019 29
4020 79
4021 25
4022 77
4023 22
4024 12
4025 72
4026 38
4027 76
4028 60
4029 26
4030 96
4031 29
4032 9
4033 57
4034 42
4035 82
4036 83
4037 83
4038 28
4039 44
4040 72
4041 79
4042 108
4043 23
4044 62
4045 47
4046 17
4047 26
4048 114
4049 69
4050 92
4051 73
4052 41
4053 60
4054 53
4055 15
4056 30
4057 21
4058 11
4059 78
4060 14
4061 52
4062 75
4063 13
4064 3
4065 62
4066 24
4067 37
4068 54
4069 20
4070 24
4071 26
4072 8
4073 44
4074 69
4075 83
4076 41
4077 36
4078 20
4079 24
4080 82
4081 37
4082 30
4083 69
4084 37
4085 51
4086 27
4087 29
4088 45
4089 106
4090 7
4091 81
4092 33
4093 32
4094 33
4095 7
4096 13
4097 33
4098 22
4099 52
4100 27
4101 64
4102 21
4103 99
4104 46
4105 41
4106 34
4107 0
4108 28
4109 29
4110 77
4111 32
4112 5
4113 18
4114 33
4115 64
4116 80
4117 24
4118 19
4119 43
4120 29
4121 40
4122 6
4123 57
4124 106
4125 26
4126 57
4127 34
4128 76
4129 14
4130 26
4131 7
4132 33
4133 50
4134 48
4135 51
4136 82
4137 39
4138 18
4139 81
4140 27
4141 44
4142 62
4143 34
4144 38
4145 95
4146 17
4147 27
4148 53
4149 40
4150 35
4151 51
4152 94
4153 23
4154 34
4155 7
4156 52
4157 20
4158 29
4159 26
4160 9
4161 39
4162 23
4163 78
4164 46
4165 32
4166 34
4167 29
4168 -2
4169 40
4170 79
4171 29
4172 45
4173 37
4174 -1
4175 19
4176 33
4177 73
4178 99
4179 28
4180 26
4181 39
4182 25
4183 72
4184 62
4185 61
4186 31
4187 13
4188 47
4189 63
4190 53
4191 31
4192 39
4193 35
4194 25
4195 78
4196 38
4197 30
4198 24
4199 45
4200 10
4201 22
4202 16
4203 56
4204 22
4205 58
4206 9
4207 95
4208 98
4209 12
4210 32
4211 97
4212 32
4213 74
4214 24
4215 68
4216 54
4217 23
4218 32
4219 18
4220 44
4221 44
4222 35
4223 36
4224 4
4225 0
4226 63
4227 78
4228 39
4229 54
4230 37
4231 21
4232 35
4233 86
4234 14
4235 62
4236 20
4237 52
4238 102
4239 11
4240 76
4241 55
4242 10
4243 22
4244 79
4245 42
4246 5
4247 27
4248 32
4249 29
4250 19
4251 33
4252 48
4253 83
4254 81
4255 64
4256 18
4257 64
4258 44
4259 28
4260 40
4261 57
4262 8
4263 69
4264 70
4265 57
4266 27
4267 95
4268 43
4269 23
4270 24
4271 72
4272 34
4273 49
4274 72
4275 79
4276 41
4277 51
4278 82
4279 57
4280 69
4281 22
4282 44
4283 39
4284 41
4285 43
4286 26
4287 27
4288 31
4289 40
4290 46
4291 25
4292 22
4293 22
4294 81
4295 39
4296 59
4297 -18
4298 51
4299 63
4300 32
4301 14
4302 28
4303 52
4304 68
4305 70
4306 99
4307 92
4308 84
4309 50
4310 34
4311 22
4312 30
4313 52
4314 35
4315 38
4316 66
4317 43
4318 29
4319 50
4320 65
4321 41
4322 13
4323 52
4324 28
4325 27
4326 78
4327 29
4328 12
4329 71
4330 72
4331 28
4332 57
4333 77
4334 47
4335 52
4336 14
4337 -1
4338 8
4339 6
4340 42
4341 54
4342 9
4343 18
4344 87
4345 21
4346 47
4347 29
4348 57
4349 87
4350 7
4351 58
4352 12
4353 68
4354 21
4355 29
4356 42
4357 71
4358 77
4359 78
4360 47
4361 30
4362 84
4363 20
4364 30
4365 16
4366 16
4367 32
4368 24
4369 45
4370 59
4371 69
4372 33
4373 79
4374 56
4375 58
4376 60
4377 77
4378 67
4379 49
4380 20
4381 76
4382 23
4383 45
4384 23
4385 47
4386 73
4387 81
4388 26
4389 21
4390 -9
4391 70
4392 50
4393 -1
4394 80
4395 18
4396 26
4397 74
4398 28
4399 61
4400 33
4401 54
4402 62
4403 35
4404 18
4405 67
4406 46
4407 39
4408 15
4409 35
4410 26
4411 17
4412 22
4413 13
4414 57
4415 101
4416 1
4417 -6
4418 53
4419 41
4420 53
4421 78
4422 87
4423 87
4424 23
4425 19
4426 35
4427 53
4428 58
4429 7
4430 45
4431 67
4432 54
4433 55
4434 49
4435 98
4436 84
4437 98
4438 57
4439 78
4440 46
4441 57
4442 19
4443 1
4444 19
4445 34
4446 9
4447 2
4448 18
4449 25
4450 95
4451 51
4452 24
4453 71
4454 49
4455 45
4456 38
4457 32
4458 4
4459 30
4460 27
4461 45
4462 79
4463 89
4464 56
4465 44
4466 80
4467 85
4468 26
4469 23
4470 28
4471 60
4472 99
4473 18
4474 21
4475 45
4476 75
4477 47
4478 69
4479 18
4480 50
4481 39
4482 73
4483 22
4484 48
4485 27
4486 62
4487 7
4488 36
4489 109
4490 53
4491 74
4492 44
4493 65
4494 47
4495 45
4496 47
4497 16
4498 48
4499 115
4500 52
4501 32
4502 14
4503 78
4504 61
4505 40
4506 31
4507 17
4508 26
4509 26
4510 37
4511 32
4512 23
4513 27
4514 47
4515 14
4516 4
4517 17
4518 28
4519 84
4520 43
4521 29
4522 9
4523 23
4524 27
4525 43
4526 65
4527 25
4528 12
4529 39
4530 44
4531 63
4532 77
4533 16
4534 53
4535 13
4536 85
4537 57
4538 27
4539 19
4540 10
4541 24
4542 49
4543 86
4544 40
4545 82
4546 25
4547 6
4548 89
4549 5
4550 38
4551 81
4552 61
4553 55
4554 98
4555 65
4556 44
4557 94
4558 80
4559 17
4560 31
4561 61
4562 65
4563 49
4564 123
4565 28
4566 31
4567 15
4568 58
4569 119
4570 75
4571 21
4572 25
4573 45
4574 16
4575 72
4576 41
4577 33
4578 12
4579 23
4580 2
4581 66
4582 29
4583 79
4584 46
4585 30
4586 12
4587 13
4588 57
4589 37
4590 121
4591 70
4592 89
4593 9
4594 19
4595 10
4596 76
4597 41
4598 61
4599 57
4600 16
4601 57
4602 53
4603 40
4604 4
4605 45
4606 54
4607 37
4608 60
4609 39
4610 24
4611 25
4612 64
4613 9
4614 19
4615 91
4616 102
4617 16
4618 61
4619 8
4620 10
4621 87
4622 44
4623 84
4624 45
4625 36
4626 35
4627 78
4628 18
4629 33
4630 32
4631 2
4632 29
4633 57
4634 34
4635 80
4636 55
4637 61
4638 39
4639 81
4640 50
4641 60
4642 24
4643 25
4644 -2
4645 65
4646 29
4647 68
4648 17
4649 90
4650 76
4651 28
4652 61
4653 88
4654 107
4655 76
4656 28
4657 11
4658 53
4659 -9
4660 80
4661 90
4662 52
4663 58
4664 19
4665 54
4666 61
4667 44
4668 57
4669 41
4670 31
4671 55
4672 16
4673 57
4674 21
4675 75
4676 71
4677 24
4678 69
4679 3
4680 37
4681 70
4682 13
4683 56
4684 9
4685 67
4686 36
4687 30
4688 25
4689 13
4690 20
4691 45
4692 28
4693 61
4694 13
4695 10
4696 34
4697 20
4698 65
4699 28
4700 19
4701 97
4702 16
4703 94
4704 19
4705 35
4706 45
4707 51
4708 50
4709 48
4710 37
4711 39
4712 67
4713 109
4714 31
4715 75
4716 33
4717 68
4718 40
4719 21
4720 48
4721 48
4722 31
4723 26
4724 20
4725 82
4726 36
4727 24
4728 25
4729 66
4730 80
4731 29
4732 44
4733 22
4734 46
4735 27
4736 14
4737 19
4738 32
4739 63
4740 90
4741 25
4742 23
4743 53
4744 23
4745 18
4746 22
4747 20
4748 33
4749 28
4750 24
4751 35
4752 70
4753 15
4754 43
4755 82
4756 64
4757 1
4758 73
4759 51
4760 44
4761 23
4762 84
4763 25
4764 2
4765 15
4766 30
4767 40
4768 52
4769 30
4770 25
4771 50
4772 25
4773 42
4774 12
4775 53
4776 17
4777 44
4778 17
4779 43
4780 39
4781 77
4782 8
4783 8
4784 35
4785 50
4786 57
4787 53
4788 105
4789 70
4790 35
4791 100
4792 33
4793 95
4794 79
4795 26
4796 29
4797 25
4798 60
4799 11
4800 22
4801 11
4802 22
4803 59
4804 41
4805 50
4806 82
4807 -1
4808 60
4809 40
4810 38
4811 35
4812 59
4813 52
4814 71
4815 41
4816 30
4817 63
4818 71
4819 71
4820 41
4821 12
4822 58
4823 56
4824 47
4825 34
4826 21
4827 27
4828 76
4829 38
4830 31
4831 11
4832 65
4833 37
4834 24
4835 49
4836 32
4837 79
4838 37
4839 22
4840 48
4841 22
4842 44
4843 21
4844 25
4845 21
4846 75
4847 89
4848 80
4849 21
4850 83
4851 15
4852 69
4853 11
4854 12
4855 15
4856 61
4857 10
4858 61
4859 30
4860 12
4861 99
4862 43
4863 7
4864 41
4865 67
4866 61
4867 99
4868 30
4869 90
4870 42
4871 61
4872 57
4873 90
4874 27
4875 23
4876 46
4877 56
4878 14
4879 74
4880 52
4881 57
4882 16
4883 24
4884 40
4885 50
4886 30
4887 67
4888 57
4889 18
4890 75
4891 14
4892 23
4893 2
4894 40
4895 58
4896 31
4897 109
4898 44
4899 40
4900 57
4901 60
4902 70
4903 112
4904 83
4905 43
4906 13
4907 64
4908 64
4909 12
4910 9
4911 72
4912 82
4913 42
4914 53
4915 15
4916 77
4917 50
4918 40
4919 81
4920 75
4921 54
4922 72
4923 39
4924 34
4925 68
4926 29
4927 30
4928 7
4929 54
4930 54
4931 43
4932 4
4933 49
4934 24
4935 11
4936 64
4937 59
4938 32
4939 18
4940 28
4941 58
4942 33
4943 26
4944 26
4945 72
4946 32
4947 76
4948 34
4949 37
4950 36
4951 59
4952 66
4953 78
4954 36
4955 -4
4956 38
4957 87
4958 48
4959 26
4960 38
4961 64
4962 60
4963 28
4964 25
4965 12
4966 89
4967 107
4968 41
4969 55
4970 89
4971 63
4972 10
4973 75
4974 38
4975 86
4976 6
4977 77
4978 12
4979 87
4980 22
4981 74
4982 54
4983 75
4984 36
4985 47
4986 26
4987 16
4988 28
4989 22
4990 48
4991 64
4992 31
4993 16
4994 60
4995 53
4996 45
4997 61
4998 76
4999 -12
5000 77
5001 67
5002 26
5003 13
5004 71
5005 52
5006 61
5007 65
5008 36
5009 90
5010 24
5011 38
5012 44
5013 15
5014 99
5015 52
5016 23
5017 53
5018 54
5019 9
5020 83
5021 45
5022 28
5023 92
5024 5
5025 78
5026 23
5027 32
5028 60
5029 19
5030 99
5031 68
5032 17
5033 94
5034 19
5035 65
5036 23
5037 60
5038 19
5039 31
5040 19
5041 43
5042 51
5043 7
5044 54
5045 101
5046 76
5047 20
5048 54
5049 46
5050 33
5051 34
5052 22
5053 74
5054 25
5055 17
5056 77
5057 49
5058 62
5059 54
5060 37
5061 28
5062 41
5063 70
5064 84
5065 42
5066 30
5067 21
5068 99
5069 73
5070 64
5071 23
5072 39
5073 14
5074 11
5075 24
5076 23
5077 19
5078 80
5079 66
5080 50
5081 81
5082 23
5083 43
5084 77
5085 85
5086 21
5087 59
5088 14
5089 48
5090 24
5091 9
5092 26
5093 63
5094 37
5095 9
5096 75
5097 65
5098 68
5099 54
5100 44
5101 102
5102 37
5103 23
5104 35
5105 62
5106 79
5107 12
5108 57
5109 40
5110 28
5111 47
5112 47
5113 20
5114 90
5115 42
5116 35
5117 29
5118 69
5119 25
5120 74
5121 56
5122 51
5123 27
5124 41
5125 10
5126 81
5127 17
5128 27
5129 28
5130 0
5131 95
5132 78
5133 45
5134 45
5135 90
5136 29
5137 31
5138 8
5139 33
5140 35
5141 66
5142 56
5143 71
5144 40
5145 74
5146 52
5147 99
5148 3
5149 40
5150 83
5151 35
5152 91
5153 52
5154 40
5155 47
5156 25
5157 24
5158 39
5159 23
5160 19
5161 22
5162 30
5163 43
5164 55
5165 48
5166 41
5167 42
5168 73
5169 21
5170 24
5171 89
5172 4
5173 13
5174 32
5175 33
5176 23
5177 93
5178 15
5179 93
5180 17
5181 30
5182 62
5183 43
5184 73
5185 37
5186 31
5187 7
5188 22
5189 36
5190 52
5191 30
5192 70
5193 7
5194 8
5195 21
5196 22
5197 56
5198 -3
5199 54
5200 35
5201 82
5202 22
5203 57
5204 34
5205 49
5206 36
5207 99
5208 47
5209 44
5210 48
5211 16
5212 15
5213 43
5214 86
5215 16
5216 21
5217 44
5218 47
5219 20
5220 24
5221 54
5222 19
5223 66
5224 8
5225 8
5226 57
5227 32
5228 39
5229 25
5230 26
5231 73
5232 35
5233 44
5234 8
5235 38
5236 17
5237 80
5238 40
5239 68
5240 73
5241 -5
5242 47
5243 57
5244 19
5245 32
5246 66
5247 32
5248 58
5249 81
5250 48
5251 -6
5252 114
5253 29
5254 62
5255 72
5256 15
5257 95
5258 42
5259 66
5260 49
5261 31
5262 34
5263 27
5264 104
5265 38
5266 42
5267 2
5268 37
5269 13
5270 58
5271 29
5272 30
5273 63
5274 24
5275 38
5276 43
5277 31
5278 18
5279 17
5280 32
5281 19
5282 39
5283 20
5284 69
5285 35
5286 26
5287 52
5288 96
5289 79
5290 15
5291 38
5292 18
5293 54
5294 65
5295 64
5296 22
5297 22
5298 114
5299 66
5300 74
5301 50
5302 5
5303 69
5304 8
5305 65
5306 28
5307 49
5308 5
5309 46
5310 79
5311 99
5312 100
5313 56
5314 62
5315 84
5316 27
5317 81
5318 27
5319 19
5320 35
5321 45
5322 74
5323 35
5324 26
5325 43
5326 33
5327 38
5328 22
5329 17
5330 30
5331 14
5332 21
5333 50
5334 63
5335 72
5336 40
5337 18
5338 38
5339 94
5340 64
5341 47
5342 59
5343 57
5344 40
5345 21
5346 54
5347 26
5348 93
5349 75
5350 73
5351 29
5352 7
5353 13
5354 26
5355 43
5356 2
5357 71
5358 41
5359 18
5360 24
5361 84
5362 58
5363 82
5364 93
5365 35
5366 74
5367 35
5368 82
5369 26
5370 67
5371 31
5372 68
5373 76
5374 32
5375 29
5376 12
5377 68
5378 84
5379 60
5380 13
5381 52
5382 34
5383 24
5384 -6
5385 29
5386 76
5387 43
5388 43
5389 51
5390 84
5391 27
5392 48
5393 52
5394 23
5395 23
5396 56
5397 46
5398 10
5399 85
5400 89
5401 88
5402 19
5403 29
5404 60
5405 31
5406 25
5407 14
5408 34
5409 19
5410 14
5411 44
5412 32
5413 25
5414 75
5415 13
5416 26
5417 19
5418 104
5419 67
5420 32
5421 78
5422 25
5423 99
5424 12
5425 63
5426 39
5427 63
5428 89
5429 60
5430 15
5431 77
5432 80
5433 35
5434 24
5435 20
5436 24
5437 105
5438 101
5439 36
5440 25
5441 23
5442 4
5443 39
5444 5
5445 64
5446 84
5447 72
5448 60
5449 38
5450 6
5451 19
5452 41
5453 11
5454 15
5455 81
5456 26
5457 20
5458 -23
5459 28
5460 46
5461 99
5462 35
5463 25
5464 15
5465 47
5466 22
5467 7
5468 84
5469 22
5470 30
5471 20
5472 68
5473 42
5474 25
5475 65
5476 50
5477 14
5478 78
5479 59
5480 67
5481 25
5482 39
5483 48
5484 45
5485 12
5486 77
5487 30
5488 16
5489 19
5490 23
5491 36
5492 37
5493 14
5494 37
5495 16
5496 55
5497 87
5498 76
5499 33
5500 50
5501 46
5502 9
5503 37
5504 59
5505 38
5506 92
5507 40
5508 27
5509 54
5510 92
5511 110
5512 9
5513 40
5514 27
5515 25
5516 104
5517 45
5518 65
5519 61
5520 7
5521 58
5522 25
5523 37
5524 34
5525 19
5526 41
5527 81
5528 44
5529 28
5530 49
5531 86
5532 22
5533 71
5534 41
5535 13
5536 23
5537 47
5538 59
5539 24
5540 93
5541 17
5542 70
5543 52
5544 18
5545 68
5546 77
5547 80
5548 79
5549 47
5550 56
5551 46
5552 50
5553 64
5554 25
5555 12
5556 84
5557 45
5558 3
5559 73
5560 33
5561 29
5562 16
5563 33
5564 69
5565 30
5566 73
5567 24
5568 18
5569 46
5570 22
5571 46
5572 21
5573 44
5574 70
5575 74
5576 25
5577 48
5578 35
5579 27
5580 26
5581 35
5582 39
5583 87
5584 49
5585 29
5586 24
5587 32
5588 53
5589 5
5590 58
5591 101
5592 15
5593 37
5594 24
5595 37
5596 32
5597 82
5598 55
5599 67
5600 45
5601 15
5602 56
5603 73
5604 32
5605 76
5606 75
5607 30
5608 22
5609 17
5610 103
5611 61
5612 27
5613 68
5614 41
5615 65
5616 0
5617 72
5618 59
5619 29
5620 36
5621 38
5622 38
5623 48
5624 52
5625 25
5626 51
5627 44
5628 73
5629 9
5630 26
5631 37
5632 21
5633 50
5634 36
5635 39
5636 37
5637 13
5638 83
5639 64
5640 46
5641 39
5642 84
5643 42
5644 60
5645 24
5646 40
5647 23
5648 73
5649 25
5650 84
5651 74
5652 43
5653 27
5654 11
5655 22
5656 29
5657 36
5658 48
5659 28
5660 14
5661 30
5662 35
5663 22
5664 37
5665 23
5666 84
5667 34
5668 41
5669 55
5670 34
5671 12
5672 68
5673 57
5674 31
5675 41
5676 94
5677 47
5678 57
5679 48
5680 68
5681 109
5682 40
5683 8
5684 49
5685 8
5686 73
5687 58
5688 75
5689 77
5690 91
5691 6
5692 27
5693 32
5694 12
5695 39
5696 57
5697 14
5698 42
5699 43
5700 38
5701 66
5702 74
5703 10
5704 41
5705 81
5706 60
5707 -1
5708 52
5709 79
5710 27
5711 74
5712 56
5713 61
5714 79
5715 8
5716 77
5717 72
5718 58
5719 58
5720 35
5721 33
5722 66
5723 24
5724 88
5725 55
5726 81
5727 25
5728 109
5729 86
5730 27
5731 26
5732 35
5733 26
5734 37
5735 43
5736 10
5737 1
5738 74
5739 28
5740 33
5741 17
5742 56
5743 43
5744 97
5745 21
5746 76
5747 16
5748 109
5749 45
5750 74
5751 20
5752 21
5753 45
5754 71
5755 41
5756 6
5757 73
5758 29
5759 37
5760 45
5761 19
5762 25
5763 2
5764 68
5765 14
5766 16
5767 0
5768 69
5769 65
5770 66
5771 11
5772 130
5773 28
5774 14
5775 40
5776 26
5777 48
5778 79
5779 86
5780 82
5781 18
5782 41
5783 63
5784 12
5785 24
5786 75
5787 71
5788 79
5789 30
5790 40
5791 5
5792 80
5793 32
5794 42
5795 54
5796 43
5797 37
5798 28
5799 81
5800 35
5801 20
5802 21
5803 76
5804 37
5805 48
5806 14
5807 31
5808 27
5809 58
5810 36
5811 19
5812 35
5813 119
5814 47
5815 41
5816 63
5817 62
5818 46
5819 40
5820 14
5821 79
5822 29
5823 -2
5824 60
5825 13
5826 73
5827 23
5828 34
5829 113
5830 41
5831 37
5832 25
5833 33
5834 3
5835 38
5836 10
5837 5
5838 40
5839 39
5840 39
5841 62
5842 38
5843 78
5844 19
5845 30
5846 24
5847 26
5848 85
5849 28
5850 11
5851 42
5852 33
5853 65
5854 15
5855 29
5856 54
5857 36
5858 21
5859 50
5860 14
5861 26
5862 25
5863 52
5864 50
5865 38
5866 24
5867 17
5868 12
5869 69
5870 107
5871 30
5872 44
5873 63
5874 22
5875 41
5876 29
5877 29
5878 110
5879 52
5880 35
5881 26
5882 58
5883 29
5884 46
5885 85
5886 29
5887 66
5888 30
5889 79
5890 51
5891 34
5892 23
5893 66
5894 83
5895 33
5896 59
5897 48
5898 59
5899 23
5900 41
5901 57
5902 72
5903 15
5904 54
5905 42
5906 24
5907 48
5908 12
5909 49
5910 -2
5911 26
5912 29
5913 60
5914 68
5915 35
5916 0
5917 21
5918 22
5919 73
5920 83
5921 31
5922 25
5923 62
5924 90
5925 78
5926 46
5927 21
5928 36
5929 54
5930 91
5931 66
5932 38
5933 38
5934 9
5935 39
5936 24
5937 70
5938 56
5939 65
5940 39
5941 10
5942 33
5943 47
5944 43
5945 9
5946 22
5947 28
5948 79
5949 15
5950 58
5951 4
5952 61
5953 55
5954 44
5955 31
5956 37
5957 88
5958 14
5959 34
5960 21
5961 40
5962 91
5963 86
5964 61
5965 45
5966 34
5967 72
5968 68
5969 57
5970 70
5971 22
5972 44
5973 59
5974 26
5975 33
5976 32
5977 30
5978 27
5979 29
5980 56
5981 54
5982 81
5983 25
5984 45
5985 -1
5986 16
5987 49
5988 46
5989 93
5990 48
5991 73
5992 27
5993 14
5994 39
5995 29
5996 39
5997 30
5998 26
5999 38
6000 29
6001 64
6002 89
6003 37
6004 32
6005 48
6006 55
6007 35
6008 14
6009 95
6010 58
6011 74
6012 39
6013 25
6014 39
6015 45
6016 42
6017 80
6018 76
6019 12
6020 56
6021 40
6022 20
6023 36
6024 58
6025 19
6026 19
6027 17
6028 53
6029 32
6030 19
6031 58
6032 49
6033 59
6034 53
6035 67
6036 60
6037 45
6038 37
6039 42
6040 37
6041 13
6042 1
6043 39
6044 25
6045 34
6046 31
6047 39
6048 31
6049 47
6050 28
6051 80
6052 74
6053 55
6054 87
6055 14
6056 63
6057 10
6058 18
6059 16
6060 102
6061 20
6062 77
6063 47
6064 19
6065 20
6066 38
6067 23
6068 26
6069 26
6070 25
6071 33
6072 94
6073 46
6074 83
6075 29
6076 68
6077 21
6078 35
6079 29
6080 23
6081 61
6082 29
6083 33
6084 28
6085 79
6086 10
6087 19
6088 67
6089 39
6090 94
6091 71
6092 70
6093 74
6094 20
6095 62
6096 10
6097 24
6098 28
6099 36
6100 42
6101 26
6102 82
6103 29
6104 27
6105 30
6106 27
6107 25
6108 25
6109 104
6110 18
6111 88
6112 22
6113 44
6114 31
6115 24
6116 40
6117 37
6118 14
6119 79
6120 41
6121 43
6122 22
6123 37
6124 67
6125 71
6126 84
6127 11
6128 5
6129 -3
6130 51
6131 25
6132 5
6133 41
6134 67
6135 88
6136 76
6137 45
6138 12
6139 23
6140 52
6141 94
6142 46
6143 64
6144 80
6145 3
6146 41
6147 6
6148 19
6149 32
6150 59
6151 25
6152 82
6153 57
6154 13
6155 16
6156 41
6157 44
6158 83
6159 17
6160 40
6161 30
6162 69
6163 57
6164 12
6165 35
6166 11
6167 65
6168 4
6169 48
6170 58
6171 29
6172 32
6173 49
6174 25
6175 51
6176 67
6177 40
6178 20
6179 104
6180 29
6181 80
6182 72
6183 73
6184 46
6185 60
6186 30
6187 19
6188 70
6189 39
6190 45
6191 46
6192 7
6193 51
6194 91
6195 61
6196 17
6197 67
6198 48
6199 20
6200 22
6201 43
6202 34
6203 32
6204 56
6205 44
6206 22
6207 58
6208 7
6209 -2
6210 55
6211 37
6212 44
6213 38
6214 54
6215 38
6216 19
6217 68
6218 108
6219 59
6220 46
6221 53
6222 60
6223 81
6224 30
6225 34
6226 49
6227 32
6228 47
6229 66
6230 32
6231 13
6232 22
6233 37
6234 79
6235 15
6236 56
6237 16
6238 40
6239 41
6240 33
6241 26
6242 102
6243 25
6244 5
6245 69
6246 0
6247 69
6248 35
6249 39
6250 61
6251 65
6252 74
6253 30
6254 73
6255 28
6256 79
6257 34
6258 61
6259 33
6260 37
6261 37
6262 50
6263 40
6264 66
6265 4
6266 38
6267 40
6268 33
6269 79
6270 15
6271 2
6272 40
6273 7
6274 2
6275 33
6276 29
6277 72
6278 50
6279 55
6280 123
6281 66
6282 85
6283 69
6284 72
6285 46
6286 27
6287 25
6288 15
6289 49
6290 66
6291 50
6292 24
6293 54
6294 64
6295 74
6296 18
6297 108
6298 103
6299 14
6300 16
6301 45
6302 32
6303 30
6304 46
6305 32
6306 58
6307 20
6308 23
6309 59
6310 36
6311 18
6312 -4
6313 60
6314 40
6315 32
6316 28
6317 76
6318 38
6319 45
6320 18
6321 7
6322 78
6323 23
6324 13
6325 32
6326 27
6327 47
6328 77
6329 107
6330 25
6331 95
6332 68
6333 43
6334 43
6335 70
6336 27
6337 31
6338 38
6339 85
6340 20
6341 3
6342 31
6343 11
6344 89
6345 -18
6346 71
6347 31
6348 60
6349 38
6350 37
6351 13
6352 71
6353 93
6354 19
6355 1
6356 119
6357 75
6358 11
6359 49
6360 70
6361 46
6362 69
6363 62
6364 64
6365 48
6366 50
6367 76
6368 75
6369 39
6370 79
6371 18
6372 49
6373 31
6374 30
6375 12
6376 35
6377 44
6378 97
6379 84
6380 43
6381 33
6382 61
6383 75
6384 36
6385 108
6386 70
6387 78
6388 34
6389 48
6390 89
6391 47
6392 48
6393 42
6394 42
6395 64
6396 59
6397 0
6398 28
6399 83
6400 15
6401 21
6402 57
6403 69
6404 3
6405 24
6406 58
6407 -1
6408 23
6409 32
6410 45
6411 54
6412 58
6413 76
6414 95
6415 55
6416 18
6417 76
6418 79
6419 22
6420 24
6421 24
6422 27
6423 63
6424 53
6425 42
6426 30
6427 43
6428 78
6429 30
6430 45
6431 58
6432 62
6433 55
6434 32
6435 58
6436 91
6437 68
6438 15
6439 31
6440 70
6441 33
6442 61
6443 36
6444 54
6445 58
6446 24
6447 76
6448 101
6449 45
6450 31
6451 -7
6452 58
6453 32
6454 45
6455 66
6456 9
6457 87
6458 85
6459 63
6460 34
6461 121
6462 48
6463 62
6464 90
6465 54
6466 50
6467 25
6468 84
6469 85
6470 73
6471 74
6472 0
6473 48
6474 87
6475 56
6476 41
6477 101
6478 61
6479 34
6480 16
6481 64
6482 7
6483 67
6484 20
6485 88
6486 6
6487 14
6488 22
6489 39
6490 33
6491 59
6492 30
6493 33
6494 111
6495 42
6496 54
6497 16
6498 19
6499 59
6500 67
6501 20
6502 51
6503 60
6504 12
6505 46
6506 28
6507 37
6508 51
6509 59
6510 29
6511 86
6512 32
6513 58
6514 106
6515 55
6516 60
6517 76
6518 62
6519 43
6520 19
6521 22
6522 27
6523 46
6524 5
6525 77
6526 11
6527 13
6528 100
6529 40
6530 90
6531 53
6532 5
6533 32
6534 6
6535 37
6536 50
6537 55
6538 37
6539 44
6540 35
6541 43
6542 44
6543 73
6544 68
6545 58
6546 21
6547 61
6548 28
6549 53
6550 29
6551 71
6552 13
6553 85
6554 41
6555 10
6556 75
6557 7
6558 68
6559 24
6560 41
6561 74
6562 21
6563 23
6564 48
6565 68
6566 91
6567 50
6568 45
6569 11
6570 64
6571 38
6572 52
6573 31
6574 56
6575 105
6576 10
6577 94
6578 90
6579 90
6580 60
6581 22
6582 23
6583 138
6584 48
6585 89
6586 32
6587 77
6588 6
6589 43
6590 64
6591 56
6592 64
6593 22
6594 26
6595 43
6596 8
6597 9
6598 20
6599 27
6600 22
6601 77
6602 43
6603 35
6604 1
6605 24
6606 19
6607 44
6608 83
6609 58
6610 98
6611 10
6612 65
6613 25
6614 22
6615 41
6616 12
6617 38
6618 29
6619 40
6620 39
6621 68
6622 30
6623 49
6624 11
6625 46
6626 42
6627 79
6628 42
6629 69
6630 44
6631 67
6632 76
6633 14
6634 57
6635 79
6636 38
6637 17
6638 16
6639 4
6640 43
6641 27
6642 48
6643 15
6644 80
6645 79
6646 36
6647 18
6648 36
6649 27
6650 86
6651 37
6652 39
6653 52
6654 68
6655 35
6656 29
6657 44
6658 65
6659 16
6660 70
6661 26
6662 51
6663 22
6664 50
6665 62
6666 54
6667 88
6668 13
6669 65
6670 30
6671 42
6672 81
6673 50
6674 77
6675 11
6676 5
6677 91
6678 0
6679 53
6680 37
6681 14
6682 57
6683 37
6684 24
6685 62
6686 23
6687 1
6688 100
6689 66
6690 -5
6691 18
6692 50
6693 30
6694 23
6695 16
6696 74
6697 14
6698 21
6699 117
6700 43
6701 48
6702 68
6703 80
6704 21
6705 86
6706 39
6707 20
6708 86
6709 62
6710 82
6711 31
6712 18
6713 66
6714 18
6715 38
6716 46
6717 46
6718 63
6719 36
6720 9
6721 16
6722 67
6723 35
6724 31
6725 21
6726 19
6727 46
6728 41
6729 24
6730 37
6731 37
6732 47
6733 36
6734 30
6735 30
6736 37
6737 19
6738 13
6739 17
6740 79
6741 47
6742 84
6743 12
6744 51
6745 49
6746 39
6747 6
6748 30
6749 47
6750 67
6751 35
6752 59
6753 27
6754 83
6755 42
6756 38
6757 17
6758 61
6759 64
6760 51
6761 17
6762 56
6763 85
6764 90
6765 55
6766 16
6767 41
6768 37
6769 24
6770 25
6771 27
6772 15
6773 23
6774 42
6775 27
6776 27
6777 22
6778 39
6779 15
6780 19
6781 57
6782 59
6783 32
6784 81
6785 33
6786 69
6787 17
6788 44
6789 20
6790 21
6791 33
6792 24
6793 50
6794 112
6795 68
6796 75
6797 57
6798 61
6799 20
6800 84
6801 43
6802 29
6803 49
6804 53
6805 54
6806 39
6807 21
6808 58
6809 52
6810 8
6811 20
6812 19
6813 69
6814 74
6815 26
6816 124
6817 12
6818 94
6819 28
6820 89
6821 21
6822 32
6823 79
6824 9
6825 52
6826 7
6827 47
6828 25
6829 22
6830 48
6831 92
6832 19
6833 52
6834 35
6835 18
6836 63
6837 2
6838 15
6839 34
6840 20
6841 106
6842 11
6843 44
6844 24
6845 61
6846 67
6847 15
6848 41
6849 30
6850 10
6851 52
6852 26
6853 14
6854 20
6855 22
6856 48
6857 17
6858 78
6859 39
6860 34
6861 91
6862 22
6863 54
6864 30
6865 79
6866 70
6867 13
6868 6
6869 91
6870 10
6871 22
6872 43
6873 24
6874 44
6875 68
6876 26
6877 42
6878 36
6879 24
6880 44
6881 16
6882 31
6883 23
6884 16
6885 80
6886 32
6887 67
6888 46
6889 56
6890 36
6891 44
6892 43
6893 46
6894 46
6895 72
6896 47
6897 26
6898 52
6899 0
6900 54
6901 31
6902 24
6903 35
6904 37
6905 29
6906 -4
6907 91
6908 28
6909 23
6910 75
6911 111
6912 31
6913 8
6914 99
6915 14
6916 33
6917 33
6918 19
6919 46
6920 54
6921 77
6922 63
6923 26
6924 11
6925 60
6926 103
6927 39
6928 4
6929 32
6930 14
6931 62
6932 97
6933 16
6934 68
6935 61
6936 30
6937 16
6938 47
6939 49
6940 38
6941 47
6942 23
6943 32
6944 38
6945 13
6946 33
6947 45
6948 123
6949 42
6950 23
6951 64
6952 52
6953 40
6954 80
6955 11
6956 61
6957 22
6958 25
6959 55
6960 41
6961 43
6962 17
6963 42
6964 17
6965 57
6966 44
6967 123
6968 90
6969 80
6970 60
6971 72
6972 76
6973 40
6974 52
6975 49
6976 20
6977 77
6978 5
6979 25
6980 26
6981 55
6982 37
6983 63
6984 83
6985 41
6986 95
6987 41
6988 38
6989 13
6990 0
6991 36
6992 73
6993 15
6994 25
6995 29
6996 64
6997 36
6998 83
6999 85
7000 28
7001 83
7002 33
7003 41
7004 28
7005 67
7006 37
7007 55
7008 49
7009 52
7010 81
7011 21
7012 89
7013 66
7014 55
7015 68
7016 57
7017 74
7018 5
7019 44
7020 31
7021 44
7022 37
7023 47
7024 47
7025 61
7026 78
7027 38
7028 66
7029 51
7030 17
7031 53
7032 47
7033 39
7034 93
7035 12
7036 8
7037 86
7038 0
7039 39
7040 18
7041 55
7042 9
7043 11
7044 11
7045 61
7046 65
7047 4
7048 50
7049 74
7050 82
7051 62
7052 35
7053 21
7054 10
7055 94
7056 32
7057 43
7058 7
7059 28
7060 36
7061 48
7062 41
7063 55
7064 37
7065 33
7066 36
7067 27
7068 64
7069 111
7070 55
7071 93
7072 48
7073 30
7074 97
7075 76
7076 39
7077 44
7078 41
7079 26
7080 49
7081 5
7082 22
7083 93
7084 24
7085 16
7086 19
7087 38
7088 67
7089 33
7090 11
7091 86
7092 46
7093 57
7094 46
7095 23
7096 56
7097 59
7098 26
7099 13
7100 15
7101 21
7102 33
7103 39
7104 17
7105 33
7106 28
7107 39
7108 28
7109 48
7110 78
7111 67
7112 6
7113 58
7114 5
7115 34
7116 45
7117 26
7118 0
7119 96
7120 36
7121 25
7122 23
7123 64
7124 21
7125 16
7126 13
7127 87
7128 19
7129 51
7130 54
7131 42
7132 5
7133 27
7134 36
7135 64
7136 64
7137 22
7138 68
7139 78
7140 12
7141 15
7142 53
7143 6
7144 13
7145 44
7146 10
7147 55
7148 47
7149 44
7150 36
7151 62
7152 15
7153 29
7154 43
7155 33
7156 38
7157 16
7158 40
7159 39
7160 27
7161 90
7162 64
7163 16
7164 70
7165 52
7166 34
7167 41
7168 68
7169 9
7170 15
7171 50
7172 15
7173 27
7174 32
7175 16
7176 29
7177 18
7178 27
7179 39
7180 -2
7181 50
7182 -11
7183 31
7184 71
7185 83
7186 50
7187 51
7188 80
7189 38
7190 5
7191 1
7192 54
7193 45
7194 93
7195 51
7196 2
7197 124
7198 49
7199 51
7200 13
7201 78
7202 40
7203 14
7204 41
7205 67
7206 22
7207 21
7208 28
7209 66
7210 67
7211 76
7212 31
7213 40
7214 78
7215 76
7216 53
7217 29
7218 9
7219 68
7220 11
7221 94
7222 47
7223 46
7224 54
7225 8
7226 42
7227 76
7228 101
7229 68
7230 44
7231 41
7232 43
7233 89
7234 23
7235 39
7236 44
7237 83
7238 3
7239 12
7240 39
7241 7
7242 42
7243 85
7244 21
7245 69
7246 76
7247 42
7248 96
7249 9
7250 25
7251 65
7252 76
7253 19
7254 55
7255 27
7256 11
7257 41
7258 55
7259 77
7260 81
7261 50
7262 39
7263 43
7264 44
7265 69
7266 91
7267 69
7268 104
7269 57
7270 37
7271 46
7272 49
7273 25
7274 65
7275 31
7276 52
7277 100
7278 24
7279 36
7280 29
7281 42
7282 52
7283 37
7284 20
7285 33
7286 60
7287 96
7288 -3
7289 30
7290 46
7291 81
7292 78
7293 29
7294 21
7295 32
7296 18
7297 13
7298 20
7299 60
7300 4
7301 45
7302 4
7303 49
7304 45
7305 34
7306 41
7307 69
7308 39
7309 48
7310 49
7311 63
7312 22
7313 33
7314 27
7315 100
7316 30
7317 47
7318 55
7319 55
7320 4
7321 37
7322 16
7323 30
7324 85
7325 74
7326 43
7327 7
7328 37
7329 51
7330 22
7331 73
7332 36
7333 46
7334 48
7335 28
7336 57
7337 26
7338 43
7339 26
7340 57
7341 52
7342 102
7343 64
7344 41
7345 44
7346 35
7347 48
7348 46
7349 23
7350 86
7351 51
7352 55
7353 72
7354 30
7355 38
7356 50
7357 11
7358 33
7359 17
7360 8
7361 53
7362 16
7363 29
7364 100
7365 60
7366 24
7367 76
7368 29
7369 38
7370 45
7371 33
7372 65
7373 24
7374 44
7375 54
7376 40
7377 36
7378 21
7379 56
7380 4
7381 28
7382 93
7383 86
7384 99
7385 68
7386 9
7387 27
7388 19
7389 80
7390 62
7391 30
7392 64
7393 64
7394 48
7395 42
7396 19
7397 22
7398 76
7399 60
7400 35
7401 73
7402 21
7403 39
7404 42
7405 -22
7406 75
7407 25
7408 41
7409 47
7410 22
7411 19
7412 23
7413 29
7414 76
7415 11
7416 67
7417 -1
7418 61
7419 80
7420 66
7421 68
7422 26
7423 87
7424 31
7425 45
7426 23
7427 37
7428 65
7429 86
7430 11
7431 37
7432 25
7433 61
7434 26
7435 67
7436 59
7437 65
7438 47
7439 43
7440 50
7441 59
7442 39
7443 76
7444 69
7445 53
7446 63
7447 94
7448 74
7449 11
7450 26
7451 31
7452 43
7453 23
7454 2
7455 44
7456 79
7457 92
7458 23
7459 43
7460 21
7461 59
7462 9
7463 13
7464 35
7465 23
7466 63
7467 35
7468 18
7469 55
7470 34
7471 33
7472 46
7473 42
7474 27
7475 23
7476 34
7477 46
7478 60
7479 44
7480 34
7481 112
7482 51
7483 5
7484 27
7485 39
7486 60
7487 68
7488 41
7489 37
7490 12
7491 32
7492 36
7493 20
7494 -2
7495 64
7496 44
7497 36
7498 8
7499 18
7500 8
7501 52
7502 74
7503 97
7504 72
7505 41
7506 22
7507 23
7508 62
7509 66
7510 94
7511 59
7512 38
7513 12
7514 81
7515 26
7516 30
7517 20
7518 22
7519 79
7520 58
7521 57
7522 79
7523 101
7524 17
7525 14
7526 55
7527 2
7528 69
7529 9
7530 10
7531 9
7532 61
7533 32
7534 56
7535 61
7536 47
7537 19
7538 73
7539 18
7540 28
7541 61
7542 15
7543 20
7544 77
7545 63
7546 31
7547 19
7548 30
7549 56
7550 4
7551 19
7552 44
7553 43
7554 51
7555 48
7556 48
7557 68
7558 21
7559 13
7560 14
7561 81
7562 50
7563 56
7564 13
7565 60
7566 51
7567 53
7568 41
7569 11
7570 70
7571 49
7572 64
7573 16
7574 28
7575 65
7576 56
7577 43
7578 30
7579 92
7580 24
7581 68
7582 47
7583 13
7584 27
7585 26
7586 51
7587 106
7588 26
7589 38
7590 1
7591 69
7592 76
7593 24
7594 47
7595 7
7596 55
7597 77
7598 91
7599 7
7600 33
7601 19
7602 54
7603 17
7604 72
7605 37
7606 24
7607 76
7608 39
7609 37
7610 20
7611 42
7612 42
7613 97
7614 47
7615 39
7616 53
7617 84
7618 56
7619 24
7620 44
7621 43
7622 46
7623 17
7624 14
7625 35
7626 32
7627 85
7628 40
7629 48
7630 38
7631 63
7632 26
7633 89
7634 16
7635 65
7636 92
7637 7
7638 58
7639 22
7640 21
7641 59
7642 27
7643 53
7644 34
7645 75
7646 29
7647 124
7648 -1
7649 47
7650 20
7651 47
7652 31
7653 35
7654 28
7655 12
7656 58
7657 68
7658 73
7659 21
7660 36
7661 66
7662 37
7663 62
7664 36
7665 60
7666 102
7667 71
7668 83
7669 80
7670 16
7671 32
7672 115
7673 76
7674 84
7675 0
7676 63
7677 20
7678 68
7679 67
7680 89
7681 103
7682 20
7683 60
7684 30
7685 43
7686 46
7687 13
7688 59
7689 30
7690 38
7691 25
7692 17
7693 49
7694 32
7695 12
7696 77
7697 14
7698 24
7699 24
7700 5
7701 49
7702 34
7703 22
7704 2
7705 65
7706 70
7707 34
7708 84
7709 20
7710 31
7711 28
7712 46
7713 51
7714 45
7715 71
7716 76
7717 42
7718 28
7719 22
7720 23
7721 18
7722 28
7723 38
7724 35
7725 10
7726 24
7727 10
7728 86
7729 21
7730 5
7731 28
7732 60
7733 48
7734 122
7735 18
7736 30
7737 51
7738 42
7739 60
7740 82
7741 85
7742 50
7743 60
7744 90
7745 39
7746 17
7747 61
7748 66
7749 62
7750 37
7751 60
7752 14
7753 79
7754 42
7755 44
7756 32
7757 47
7758 6
7759 53
7760 67
7761 30
7762 30
7763 56
7764 44
7765 29
7766 14
7767 40
7768 68
7769 62
7770 33
7771 11
7772 66
7773 20
7774 2
7775 53
7776 19
7777 34
7778 44
7779 57
7780 12
7781 21
7782 64
7783 39
7784 9
7785 40
7786 30
7787 47
7788 34
7789 86
7790 29
7791 84
7792 28
7793 17
7794 67
7795 34
7796 57
7797 52
7798 38
7799 37
7800 77
7801 38
7802 7
7803 25
7804 30
7805 31
7806 19
7807 18
7808 58
7809 58
7810 43
7811 88
7812 36
7813 43
7814 40
7815 78
7816 -3
7817 14
7818 32
7819 29
7820 15
7821 29
7822 19
7823 46
7824 61
7825 39
7826 49
7827 -1
7828 86
7829 63
7830 53
7831 10
7832 47
7833 41
7834 35
7835 47
7836 38
7837 80
7838 71
7839 33
7840 48
7841 24
7842 69
7843 85
7844 9
7845 13
7846 85
7847 56
7848 47
7849 5
7850 98
7851 21
7852 34
7853 14
7854 25
7855 35
7856 40
7857 52
7858 28
7859 23
7860 54
7861 23
7862 68
7863 24
7864 7
7865 75
7866 29
7867 73
7868 20
7869 0
7870 24
7871 39
7872 90
7873 80
7874 39
7875 20
7876 17
7877 47
7878 22
7879 41
7880 53
7881 62
7882 68
7883 24
7884 11
7885 24
7886 28
7887 8
7888 83
7889 38
7890 33
7891 54
7892 77
7893 80
7894 82
7895 13
7896 33
7897 21
7898 19
7899 64
7900 31
7901 28
7902 18
7903 9
7904 40
7905 53
7906 -16
7907 69
7908 27
7909 47
7910 93
7911 6
7912 83
7913 26
7914 84
7915 36
7916 58
7917 82
7918 26
7919 19
7920 21
7921 6
7922 39
7923 103
7924 15
7925 16
7926 76
7927 30
7928 63
7929 71
7930 41
7931 27
7932 26
7933 34
7934 49
7935 32
7936 59
7937 0
7938 23
7939 25
7940 74
7941 75
7942 23
7943 2
7944 26
7945 16
7946 61
7947 21
7948 50
7949 62
7950 21
7951 22
7952 53
7953 40
7954 29
7955 71
7956 47
7957 47
7958 88
7959 54
7960 15
7961 46
7962 19
7963 2
7964 56
7965 16
7966 47
7967 12
7968 28
7969 44
7970 13
7971 26
7972 46
7973 40
7974 5
7975 29
7976 18
7977 58
7978 50
7979 67
7980 49
7981 77
7982 16
7983 53
7984 29
7985 63
7986 29
7987 70
7988 38
7989 25
7990 53
7991 33
7992 20
7993 56
7994 80
7995 71
7996 46
7997 21
7998 71
7999 95
8000 34
8001 59
8002 91
8003 56
8004 55
8005 11
8006 37
8007 11
8008 35
8009 32
8010 48
8011 26
8012 58
8013 87
8014 43
8015 94
8016 33
8017 67
8018 111
8019 29
8020 1
8021 35
8022 96
8023 33
8024 24
8025 86
8026 41
8027 51
8028 45
8029 7
8030 32
8031 72
8032 21
8033 89
8034 30
8035 74
8036 44
8037 50
8038 43
8039 39
8040 8
8041 41
8042 34
8043 100
8044 26
8045 21
8046 41
8047 44
8048 74
8049 12
8050 30
8051 115
8052 27
8053 70
8054 36
8055 33
8056 43
8057 50
8058 86
8059 6
8060 40
8061 30
8062 7
8063 41
8064 19
8065 31
8066 21
8067 22
8068 28
8069 47
8070 31
8071 51
8072 28
8073 43
8074 6
8075 17
8076 42
8077 17
8078 54
8079 28
8080 32
8081 25
8082 11
8083 71
8084 50
8085 59
8086 41
8087 85
8088 77
8089 38
8090 84
8091 6
8092 74
8093 38
8094 51
8095 89
8096 43
8097 63
8098 13
8099 39
8100 27
8101 72
8102 26
8103 58
8104 13
8105 68
8106 34
8107 65
8108 37
8109 39
8110 16
8111 15
8112 84
8113 40
8114 5
8115 76
8116 49
8117 80
8118 46
8119 43
8120 43
8121 117
8122 25
8123 63
8124 48
8125 57
8126 26
8127 56
8128 27
8129 30
8130 22
8131 19
8132 61
8133 13
8134 25
8135 10
8136 55
8137 69
8138 49
8139 44
8140 35
8141 56
8142 41
8143 75
8144 15
8145 54
8146 22
8147 55
8148 44
8149 5
8150 61
8151 46
8152 18
8153 74
8154 71
8155 -3
8156 47
8157 64
8158 63
8159 19
8160 33
8161 26
8162 58
8163 24
8164 48
8165 30
8166 25
8167 11
8168 22
8169 25
8170 72
8171 73
8172 35
8173 74
8174 71
8175 55
8176 33
8177 59
8178 36
8179 49
8180 25
8181 11
8182 40
8183 23
8184 40
8185 7
8186 44
8187 13
8188 5
8189 37
8190 58
8191 2
8192 42
8193 65
8194 22
8195 45
8196 40
8197 22
8198 60
8199 96
8200 16
8201 91
8202 68
8203 58
8204 34
8205 68
8206 22
8207 36
8208 24
8209 82
8210 30
8211 23
8212 25
8213 4
8214 63
8215 60
8216 44
8217 44
8218 12
8219 54
8220 31
8221 19
8222 18
8223 1
8224 77
8225 69
8226 41
8227 8
8228 62
8229 64
8230 44
8231 36
8232 54
8233 21
8234 16
8235 21
8236 92
8237 41
8238 87
8239 30
8240 44
8241 106
8242 35
8243 60
8244 57
8245 25
8246 44
8247 89
8248 57
8249 -6
8250 41
8251 69
8252 28
8253 22
8254 79
8255 65
8256 81
8257 6
8258 83
8259 21
8260 67
8261 46
8262 27
8263 10
8264 9
8265 11
8266 69
8267 8
8268 26
8269 6
8270 44
8271 54
8272 44
8273 39
8274 12
8275 32
8276 56
8277 46
8278 64
8279 15
8280 52
8281 4
8282 81
8283 83
8284 21
8285 43
8286 48
8287 41
8288 14
8289 53
8290 35
8291 47
8292 42
8293 36
8294 15
8295 28
8296 29
8297 61
8298 29
8299 52
8300 40
8301 36
8302 23
8303 28
8304 18
8305 66
8306 35
8307 40
8308 86
8309 3
8310 66
8311 25
8312 74
8313 26
8314 2
8315 45
8316 14
8317 42
8318 38
8319 15
8320 89
8321 93
8322 49
8323 48
8324 24
8325 81
8326 15
8327 47
8328 69
8329 50
8330 22
8331 56
8332 42
8333 17
8334 55
8335 36
8336 19
8337 59
8338 61
8339 72
8340 6
8341 55
8342 22
8343 72
8344 -12
8345 9
8346 69
8347 90
8348 21
8349 24
8350 68
8351 35
8352 78
8353 29
8354 43
8355 65
8356 69
8357 13
8358 11
8359 30
8360 16
8361 57
8362 21
8363 64
8364 6
8365 40
8366 43
8367 42
8368 91
8369 49
8370 46
8371 72
8372 33
8373 78
8374 7
8375 55
8376 68
8377 43
8378 98
8379 58
8380 35
8381 31
8382 68
8383 37
8384 59
8385 3
8386 26
8387 69
8388 42
8389 50
8390 33
8391 23
8392 11
8393 101
8394 74
8395 58
8396 22
8397 32
8398 70
8399 31
8400 27
8401 34
8402 23
8403 48
8404 21
8405 22
8406 64
8407 34
8408 25
8409 37
8410 30
8411 3
8412 44
8413 40
8414 40
8415 26
8416 47
8417 58
8418 60
8419 43
8420 18
8421 57
8422 88
8423 69
8424 37
8425 32
8426 49
8427 67
8428 31
8429 8
8430 51
8431 22
8432 -9
8433 7
8434 42
8435 62
8436 33
8437 64
8438 65
8439 50
8440 12
8441 38
8442 11
8443 19
8444 58
8445 14
8446 37
8447 67
8448 34
8449 53
8450 74
8451 4
8452 35
8453 20
8454 30
8455 14
8456 46
8457 46
8458 91
8459 64
8460 76
8461 66
8462 20
8463 3
8464 45
8465 70
8466 32
8467 18
8468 32
8469 74
8470 90
8471 48
8472 70
8473 16
8474 25
8475 20
8476 91
8477 84
8478 20
8479 13
8480 22
8481 37
8482 21
8483 76
8484 22
8485 47
8486 107
8487 2
8488 34
8489 58
8490 21
8491 11
8492 83
8493 104
8494 52
8495 40
8496 41
8497 30
8498 11
8499 70
8500 11
8501 37
8502 66
8503 19
8504 58
8505 36
8506 21
8507 46
8508 70
8509 104
8510 22
8511 1
8512 89
8513 57
8514 36
8515 18
8516 39
8517 61
8518 31
8519 15
8520 38
8521 19
8522 48
8523 38
8524 44
8525 26
8526 26
8527 43
8528 37
8529 54
8530 7
8531 89
8532 45
8533 97
8534 20
8535 52
8536 102
8537 -11
8538 27
8539 54
8540 39
8541 70
8542 23
8543 41
8544 82
8545 48
8546 15
8547 55
8548 58
8549 83
8550 38
8551 60
8552 42
8553 86
8554 21
8555 58
8556 105
8557 22
8558 17
8559 66
8560 102
8561 84
8562 58
8563 73
8564 45
8565 45
8566 34
8567 17
8568 42
8569 74
8570 33
8571 16
8572 49
8573 75
8574 74
8575 36
8576 41
8577 24
8578 0
8579 37
8580 91
8581 102
8582 80
8583 79
8584 59
8585 45
8586 57
8587 58
8588 61
8589 120
8590 54
8591 18
8592 46
8593 37
8594 8
8595 51
8596 23
8597 46
8598 4
8599 88
8600 45
8601 22
8602 46
8603 28
8604 20
8605 67
8606 19
8607 22
8608 44
8609 24
8610 63
8611 33
8612 73
8613 43
8614 46
8615 40
8616 45
8617 44
8618 38
8619 43
8620 43
8621 38
8622 35
8623 27
8624 36
8625 18
8626 22
8627 56
8628 103
8629 82
8630 44
8631 0
8632 36
8633 20
8634 86
8635 23
8636 7
8637 65
8638 89
8639 26
8640 30
8641 60
8642 94
8643 34
8644 80
8645 65
8646 60
8647 53
8648 51
8649 72
8650 74
8651 11
8652 28
8653 116
8654 15
8655 10
8656 31
8657 17
8658 33
8659 35
8660 12
8661 90
8662 20
8663 36
8664 76
8665 59
8666 18
8667 40
8668 3
8669 36
8670 66
8671 23
8672 41
8673 34
8674 12
8675 11
8676 20
8677 41
8678 22
8679 55
8680 60
8681 -10
8682 29
8683 77
8684 49
8685 31
8686 34
8687 27
8688 25
8689 35
8690 8
8691 43
8692 22
8693 53
8694 56
8695 86
8696 61
8697 58
8698 64
8699 44
8700 40
8701 5
8702 16
8703 63
8704 125
8705 -1
8706 12
8707 67
8708 93
8709 48
8710 36
8711 21
8712 48
8713 25
8714 71
8715 41
8716 60
8717 47
8718 45
8719 35
8720 54
8721 17
8722 27
8723 10
8724 37
8725 55
8726 43
8727 42
8728 57
8729 12
8730 71
8731 71
8732 14
8733 32
8734 75
8735 27
8736 39
8737 55
8738 5
8739 45
8740 59
8741 49
8742 47
8743 14
8744 39
8745 18
8746 24
8747 66
8748 95
8749 66
8750 45
8751 38
8752 66
8753 56
8754 66
8755 82
8756 50
8757 28
8758 30
8759 29
8760 77
8761 27
8762 31
8763 38
8764 43
8765 19
8766 3
8767 29
8768 23
8769 30
8770 63
8771 33
8772 30
8773 22
8774 35
8775 57
8776 23
8777 72
8778 71
8779 24
8780 41
8781 43
8782 13
8783 28
8784 26
8785 26
8786 44
8787 32
8788 9
8789 66
8790 44
8791 99
8792 17
8793 22
8794 56
8795 100
8796 38
8797 57
8798 24
8799 31
8800 94
8801 38
8802 32
8803 26
8804 15
8805 63
8806 -1
8807 76
8808 83
8809 30
8810 56
8811 20
8812 60
8813 16
8814 64
8815 16
8816 40
8817 72
8818 30
8819 32
8820 44
8821 32
8822 58
8823 21
8824 24
8825 30
8826 35
8827 72
8828 41
8829 38
8830 17
8831 102
8832 19
8833 28
8834 57
8835 15
8836 14
8837 104
8838 82
8839 14
8840 67
8841 -6
8842 47
8843 43
8844 70
8845 10
8846 45
8847 38
8848 29
8849 44
8850 13
8851 23
8852 37
8853 50
8854 112
8855 35
8856 60
8857 26
8858 33
8859 37
8860 15
8861 73
8862 58
8863 89
8864 71
8865 55
8866 65
8867 42
8868 91
8869 50
8870 29
8871 57
8872 49
8873 26
8874 10
8875 63
8876 61
8877 23
8878 23
8879 10
8880 66
8881 28
8882 26
8883 15
8884 11
8885 54
8886 26
8887 9
8888 14
8889 28
8890 31
8891 25
8892 52
8893 107
8894 70
8895 77
8896 18
8897 45
8898 15
8899 24
8900 36
8901 101
8902 11
8903 32
8904 1
8905 27
8906 77
8907 26
8908 68
8909 63
8910 17
8911 7
8912 88
8913 34
8914 27
8915 50
8916 29
8917 60
8918 20
8919 78
8920 54
8921 45
8922 31
8923 20
8924 13
8925 37
8926 51
8927 62
8928 54
8929 12
8930 15
8931 89
8932 58
8933 13
8934 31
8935 29
8936 15
8937 40
8938 41
8939 19
8940 44
8941 20
8942 22
8943 43
8944 92
8945 83
8946 39
8947 37
8948 58
8949 29
8950 39
8951 44
8952 66
8953 34
8954 -2
8955 19
8956 66
8957 21
8958 15
8959 18
8960 37
8961 60
8962 6
8963 87
8964 79
8965 27
8966 41
8967 22
8968 28
8969 41
8970 13
8971 32
8972 39
8973 50
8974 64
8975 11
8976 58
8977 98
8978 59
8979 35
8980 61
8981 25
8982 39
8983 53
8984 104
8985 40
8986 29
8987 42
8988 30
8989 36
8990 30
8991 33
8992 55
8993 81
8994 63
8995 59
8996 72
8997 33
8998 62
8999 79
9000 59
9001 53
9002 33
9003 18
9004 40
9005 30
9006 34
9007 7
9008 16
9009 20
9010 34
9011 63
9012 57
9013 94
9014 11
9015 80
9016 31
9017 21
9018 49
9019 18
9020 52
9021 25
9022 58
9023 35
9024 53
9025 56
9026 56
9027 41
9028 49
9029 38
9030 35
9031 25
9032 40
9033 21
9034 32
9035 12
9036 51
9037 56
9038 76
9039 21
9040 86
9041 28
9042 31
9043 44
9044 54
9045 62
9046 26
9047 65
9048 7
9049 25
9050 20
9051 21
9052 49
9053 41
9054 54
9055 19
9056 31
9057 41
9058 81
9059 14
9060 43
9061 75
9062 65
9063 19
9064 21
9065 31
9066 20
9067 35
9068 18
9069 33
9070 45
9071 28
9072 49
9073 51
9074 42
9075 42
9076 49
9077 54
9078 50
9079 37
9080 50
9081 24
9082 21
9083 20
9084 128
9085 17
9086 79
9087 50
9088 59
9089 55
9090 43
9091 37
9092 64
9093 42
9094 64
9095 13
9096 118
9097 14
9098 -9
9099 29
9100 17
9101 23
9102 39
9103 53
9104 22
9105 41
9106 53
9107 56
9108 88
9109 97
9110 37
9111 63
9112 60
9113 65
9114 51
9115 19
9116 21
9117 45
9118 19
9119 54
9120 45
9121 11
9122 58
9123 44
9124 69
9125 66
9126 92
9127 37
9128 124
9129 52
9130 70
9131 56
9132 20
9133 61
9134 11
9135 9
9136 32
9137 40
9138 85
9139 55
9140 13
9141 4
9142 49
9143 103
9144 37
9145 49
9146 32
9147 15
9148 43
9149 20
9150 17
9151 -1
9152 27
9153 56
9154 37
9155 5
9156 35
9157 62
9158 18
9159 34
9160 57
9161 9
9162 47
9163 89
9164 32
9165 73
9166 84
9167 60
9168 5
9169 36
9170 19
9171 69
9172 71
9173 47
9174 24
9175 28
9176 25
9177 41
9178 67
9179 53
9180 60
9181 26
9182 67
9183 61
9184 36
9185 44
9186 56
9187 40
9188 58
9189 20
9190 83
9191 93
9192 19
9193 33
9194 25
9195 79
9196 64
9197 36
9198 8
9199 49
9200 60
9201 13
9202 103
9203 49
9204 8
9205 38
9206 39
9207 53
9208 89
9209 20
9210 45
9211 25
9212 25
9213 37
9214 44
9215 34
9216 39
9217 4
9218 65
9219 87
9220 23
9221 34
9222 38
9223 60
9224 19
9225 35
9226 -4
9227 61
9228 109
9229 25
9230 38
9231 20
9232 52
9233 45
9234 61
9235 42
9236 14
9237 54
9238 39
9239 25
9240 83
9241 59
9242 -6
9243 32
9244 94
9245 36
9246 55
9247 47
9248 27
9249 69
9250 12
9251 7
9252 79
9253 15
9254 13
9255 69
9256 65
9257 42
9258 32
9259 1
9260 23
9261 52
9262 29
9263 44
9264 37
9265 64
9266 55
9267 22
9268 88
9269 24
9270 27
9271 62
9272 8
9273 62
9274 20
9275 72
9276 31
9277 59
9278 43
9279 71
9280 24
9281 44
9282 44
9283 52
9284 25
9285 65
9286 39
9287 54
9288 26
9289 55
9290 36
9291 60
9292 50
9293 15
9294 24
9295 60
9296 45
9297 61
9298 55
9299 12
9300 28
9301 29
9302 33
9303 26
9304 47
9305 37
9306 41
9307 35
9308 59
9309 53
9310 76
9311 35
9312 69
9313 40
9314 18
9315 23
9316 21
9317 87
9318 58
9319 77
9320 36
9321 76
9322 52
9323 45
9324 21
9325 12
9326 29
9327 39
9328 61
9329 -12
9330 34
9331 17
9332 12
9333 77
9334 31
9335 42
9336 31
9337 70
9338 57
9339 45
9340 17
9341 37
9342 47
9343 37
9344 29
9345 12
9346 30
9347 30
9348 35
9349 44
9350 49
9351 19
9352 37
9353 76
9354 34
9355 43
9356 28
9357 67
9358 29
9359 43
9360 9
9361 63
9362 26
9363 34
9364 36
9365 19
9366 72
9367 15
9368 29
9369 7
9370 41
9371 17
9372 40
9373 51
9374 61
9375 32
9376 69
9377 27
9378 64
9379 13
9380 20
9381 41
9382 51
9383 51
9384 48
9385 41
9386 94
9387 14
9388 39
9389 52
9390 49
9391 50
9392 44
9393 79
9394 70
9395 94
9396 81
9397 72
9398 31
9399 4
9400 20
9401 32
9402 53
9403 50
9404 90
9405 23
9406 38
9407 22
9408 51
9409 18
9410 62
9411 64
9412 92
9413 54
9414 19
9415 39
9416 39
9417 33
9418 64
9419 38
9420 -2
9421 47
9422 -8
9423 31
9424 15
9425 58
9426 95
9427 63
9428 54
9429 12
9430 28
9431 87
9432 80
9433 63
9434 39
9435 29
9436 21
9437 36
9438 23
9439 28
9440 59
9441 20
9442 39
9443 34
9444 8
9445 27
9446 66
9447 31
9448 80
9449 12
9450 3
9451 25
9452 81
9453 21
9454 9
9455 21
9456 20
9457 77
9458 83
9459 106
9460 5
9461 45
9462 2
9463 26
9464 48
9465 26
9466 15
9467 90
9468 94
9469 29
9470 36
9471 11
9472 36
9473 72
9474 92
9475 92
9476 41
9477 74
9478 50
9479 27
9480 31
9481 18
9482 78
9483 36
9484 101
9485 68
9486 30
9487 51
9488 57
9489 43
9490 54
9491 16
9492 85
9493 24
9494 43
9495 22
9496 73
9497 50
9498 21
9499 2
9500 69
9501 5
9502 8
9503 70
9504 5
9505 41
9506 18
9507 37
9508 44
9509 48
9510 50
9511 1
9512 71
9513 61
9514 0
9515 74
9516 15
9517 37
9518 28
9519 78
9520 80
9521 62
9522 49
9523 48
9524 56
9525 42
9526 20
9527 14
9528 74
9529 -8
9530 25
9531 57
9532 18
9533 58
9534 19
9535 83
9536 42
9537 32
9538 22
9539 43
9540 30
9541 53
9542 90
9543 60
9544 8
9545 38
9546 0
9547 8
9548 29
9549 60
9550 5
9551 25
9552 54
9553 83
9554 11
9555 12
9556 58
9557 45
9558 23
9559 56
9560 47
9561 98
9562 61
9563 12
9564 79
9565 35
9566 48
9567 54
9568 39
9569 82
9570 45
9571 12
9572 41
9573 33
9574 16
9575 8
9576 59
9577 18
9578 46
9579 62
9580 27
9581 -8
9582 59
9583 14
9584 25
9585 32
9586 49
9587 35
9588 21
9589 96
9590 -1
9591 41
9592 15
9593 61
9594 69
9595 44
9596 43
9597 70
9598 45
9599 120
9600 39
9601 17
9602 31
9603 49
9604 69
9605 38
9606 70
9607 24
9608 26
9609 19
9610 76
9611 81
9612 54
9613 6
9614 54
9615 49
9616 73
9617 54
9618 55
9619 29
9620 88
9621 14
9622 46
9623 47
9624 42
9625 -5
9626 44
9627 41
9628 89
9629 38
9630 44
9631 12
9632 56
9633 17
9634 83
9635 41
9636 43
9637 30
9638 45
9639 50
9640 9
9641 39
9642 43
9643 8
9644 61
9645 56
9646 35
9647 25
9648 56
9649 18
9650 98
9651 53
9652 3
9653 36
9654 38
9655 62
9656 28
9657 39
9658 23
9659 87
9660 31
9661 51
9662 60
9663 57
9664 52
9665 36
9666 61
9667 46
9668 111
9669 23
9670 31
9671 48
9672 50
9673 6
9674 28
9675 42
9676 74
9677 46
9678 78
9679 69
9680 53
9681 58
9682 77
9683 32
9684 20
9685 32
9686 44
9687 60
9688 -2
9689 66
9690 65
9691 88
9692 19
9693 44
9694 41
9695 73
9696 37
9697 51
9698 15
9699 0
9700 26
9701 4
9702 70
9703 59
9704 47
9705 48
9706 68
9707 27
9708 32
9709 24
9710 21
9711 28
9712 45
9713 112
9714 55
9715 25
9716 34
9717 46
9718 13
9719 59
9720 39
9721 79
9722 27
9723 65
9724 55
9725 52
9726 41
9727 122
9728 27
9729 107
9730 52
9731 68
9732 76
9733 34
9734 9
9735 24
9736 15
9737 75
9738 30
9739 24
9740 12
9741 20
9742 11
9743 29
9744 20
9745 5
9746 43
9747 39
9748 29
9749 31
9750 42
9751 40
9752 10
9753 31
9754 0
9755 22
9756 21
9757 21
9758 51
9759 97
9760 1
9761 17
9762 55
9763 41
9764 97
9765 58
9766 18
9767 78
9768 79
9769 82
9770 41
9771 26
9772 7
9773 79
9774 55
9775 66
9776 35
9777 40
9778 50
9779 38
9780 29
9781 81
9782 82
9783 54
9784 26
9785 34
9786 43
9787 51
9788 18
9789 43
9790 7
9791 16
9792 34
9793 41
9794 34
9795 56
9796 94
9797 -8
9798 78
9799 75
9800 39
9801 72
9802 73
9803 48
9804 48
9805 99
9806 44
9807 63
9808 24
9809 21
9810 32
9811 16
9812 49
9813 26
9814 10
9815 30
9816 24
9817 -1
9818 25
9819 44
9820 120
9821 39
9822 11
9823 62
9824 24
9825 17
9826 1
9827 71
9828 69
9829 57
9830 78
9831 57
9832 32
9833 28
9834 80
9835 72
9836 30
9837 28
9838 48
9839 31
9840 51
9841 7
9842 40
9843 13
9844 13
9845 11
9846 71
9847 26
9848 23
9849 76
9850 73
9851 94
9852 46
9853 44
9854 79
9855 26
9856 35
9857 44
9858 52
9859 79
9860 66
9861 38
9862 9
9863 37
9864 19
9865 12
9866 22
9867 30
9868 13
9869 38
9870 56
9871 10
9872 16
9873 57
9874 10
9875 67
9876 39
9877 46
9878 37
9879 28
9880 -4
9881 28
9882 38
9883 74
9884 52
9885 32
9886 14
9887 47
9888 17
9889 16
9890 33
9891 17
9892 24
9893 46
9894 88
9895 59
9896 41
9897 22
9898 74
9899 86
9900 29
9901 17
9902 31
9903 39
9904 87
9905 29
9906 58
9907 18
9908 39
9909 63
9910 20
9911 41
9912 75
9913 1
9914 39
9915 26
9916 13
9917 24
9918 -3
9919 19
9920 33
9921 47
9922 83
9923 79
9924 45
9925 29
9926 24
9927 40
9928 60
9929 34
9930 53
9931 58
9932 21
9933 38
9934 23
9935 46
9936 65
9937 79
9938 14
9939 15
9940 40
9941 35
9942 16
9943 57
9944 44
9945 29
9946 13
9947 -7
9948 39
9949 34
9950 11
9951 31
9952 76
9953 26
9954 98
9955 62
9956 14
9957 16
9958 52
9959 47
9960 34
9961 45
9962 56
9963 22
9964 41
9965 34
9966 37
9967 45
9968 42
9969 67
9970 34
9971 16
9972 27
9973 22
9974 25
9975 72
9976 20
9977 32
9978 45
9979 45
9980 6
9981 13
9982 70
9983 32
9984 47
9985 30
9986 35
9987 39
9988 37
9989 51
9990 22
9991 15
9992 38
9993 28
9994 62
9995 61
9996 26
9997 35
9998 101
9999 36
10000 42
10001 32
10002 21
10003 52
10004 52
10005 10
10006 50
10007 70
10008 23
10009 10
10010 45
10011 19
10012 46
10013 18
10014 67
10015 30
10016 55
10017 73
10018 65
10019 76
10020 58
10021 55
10022 5
10023 25
10024 32
10025 8
10026 11
10027 42
10028 31
10029 29
10030 67
10031 66
10032 55
10033 7
10034 11
10035 30
10036 36
10037 36
10038 21
10039 37
10040 54
10041 14
10042 91
10043 38
10044 -3
10045 32
10046 16
10047 82
10048 17
10049 47
10050 80
10051 72
10052 13
10053 65
10054 19
10055 27
10056 33
10057 5
10058 12
10059 23
10060 64
10061 17
10062 17
10063 71
10064 75
10065 47
10066 37
10067 68
10068 86
10069 45
10070 44
10071 17
10072 45
10073 63
10074 34
10075 18
10076 16
10077 57
10078 17
10079 69
10080 54
10081 37
10082 15
10083 29
10084 81
10085 61
10086 40
10087 52
10088 46
10089 109
10090 9
10091 81
10092 69
10093 28
10094 43
10095 20
10096 13
10097 58
10098 53
10099 13
10100 58
10101 100
10102 22
10103 36
10104 56
10105 30
10106 36
10107 44
10108 26
10109 104
10110 75
10111 37
10112 41
10113 40
10114 53
10115 17
10116 14
10117 21
10118 19
10119 75
10120 41
10121 32
10122 37
10123 56
10124 51
10125 67
10126 28
10127 47
10128 47
10129 40
10130 85
10131 49
10132 50
10133 56
10134 107
10135 14
10136 21
10137 73
10138 44
10139 18
10140 30
10141 37
10142 27
10143 47
10144 69
10145 55
10146 61
10147 29
10148 52
10149 13
10150 33
10151 46
10152 60
10153 33
10154 78
10155 62
10156 40
10157 -3
10158 79
10159 49
10160 47
10161 18
10162 16
10163 76
10164 78
10165 51
10166 38
10167 15
10168 28
10169 35
10170 23
10171 20
10172 12
10173 2
10174 26
10175 25
10176 75
10177 106
10178 89
10179 38
10180 18
10181 67
10182 41
10183 20
10184 43
10185 35
10186 3
10187 25
10188 18
10189 35
10190 55
10191 30
10192 17
10193 36
10194 31
10195 21
10196 79
10197 39
10198 48
10199 20
10200 57
10201 30
10202 38
10203 46
10204 15
10205 69
10206 22
10207 30
10208 27
10209 8
10210 29
10211 33
10212 74
10213 30
10214 37
10215 25
10216 31
10217 72
10218 60
10219 40
10220 10
10221 62
10222 57
10223 49
10224 16
10225 30
10226 64
10227 58
10228 68
10229 16
10230 66
10231 71
10232 46
10233 73
10234 87
10235 58
10236 25
10237 50
10238 24
10239 28
10240 98
10241 49
10242 20
10243 81
10244 63
10245 1
10246 21
10247 36
10248 49
10249 59
10250 60
10251 0
10252 41
10253 30
10254 17
10255 62
10256 15
10257 44
10258 38
10259 14
10260 89
10261 45
10262 0
10263 38
10264 43
10265 39
10266 66
10267 62
10268 45
10269 77
10270 19
10271 62
10272 41
10273 45
10274 34
10275 74
10276 91
10277 63
10278 35
10279 50
10280 104
10281 37
10282 50
10283 30
10284 55
10285 40
10286 56
10287 96
10288 25
10289 71
10290 43
10291 24
10292 26
10293 -1
10294 19
10295 42
10296 29
10297 41
10298 59
10299 43
10300 41
10301 78
10302 2
10303 19
10304 34
10305 45
10306 33
10307 14
10308 68
10309 45
10310 41
10311 41
10312 48
10313 60
10314 20
10315 68
10316 34
10317 1
10318 23
10319 103
10320 80
10321 21
10322 54
10323 18
10324 28
10325 38
10326 31
10327 17
10328 24
10329 35
10330 14
10331 87
10332 27
10333 79
10334 37
10335 35
10336 83
10337 46
10338 48
10339 40
10340 9
10341 51
10342 30
10343 42
10344 37
10345 48
10346 29
10347 78
10348 3
10349 44
10350 46
10351 -1
10352 99
10353 21
10354 56
10355 44
10356 36
10357 26
10358 32
10359 5
10360 60
10361 55
10362 8
10363 8
10364 22
10365 43
10366 108
10367 22
10368 91
10369 58
10370 25
10371 26
10372 17
10373 83
10374 37
10375 23
10376 6
10377 14
10378 51
10379 11
10380 49
10381 81
10382 61
10383 38
10384 62
10385 25
10386 35
10387 23
10388 17
10389 66
10390 38
10391 37
10392 68
10393 55
10394 58
10395 76
10396 59
10397 95
10398 76
10399 36
10400 23
10401 66
10402 84
10403 40
10404 65
10405 62
10406 80
10407 91
10408 33
10409 28
10410 95
10411 53
10412 43
10413 26
10414 19
10415 25
10416 128
10417 -5
10418 85
10419 46
10420 21
10421 73
10422 50
10423 51
10424 64
10425 76
10426 16
10427 85
10428 15
10429 20
10430 56
10431 39
10432 32
10433 24
10434 31
10435 60
10436 34
10437 70
10438 61
10439 75
10440 38
10441 78
10442 74
10443 62
10444 70
10445 81
10446 53
10447 17
10448 70
10449 48
10450 33
10451 98
10452 56
10453 16
10454 52
10455 48
10456 51
10457 58
10458 41
10459 -9
10460 59
10461 46
10462 16
10463 29
10464 22
10465 81
10466 49
10467 49
10468 29
10469 12
10470 -17
10471 14
10472 54
10473 64
10474 44
10475 51
10476 48
10477 71
10478 68
10479 37
10480 69
10481 8
10482 31
10483 39
10484 49
10485 12
10486 25
10487 72
10488 41
10489 51
10490 20
10491 63
10492 29
10493 34
10494 39
10495 68
10496 103
10497 10
10498 41
10499 7
10500 12
10501 38
10502 48
10503 81
10504 32
10505 79
10506 85
10507 15
10508 41
10509 2
10510 28
10511 60
10512 10
10513 68
10514 35
10515 24
10516 20
10517 18
10518 21
10519 73
10520 37
10521 32
10522 32
10523 30
10524 28
10525 70
10526 9
10527 33
10528 19
10529 70
10530 12
10531 31
10532 99
10533 69
10534 36
10535 102
10536 52
10537 66
10538 38
10539 29
10540 78
10541 60
10542 47
10543 75
10544 38
10545 76
10546 16
10547 9
10548 14
10549 13
10550 36
10551 36
10552 55
10553 73
10554 38
10555 89
10556 18
10557 10
10558 97
10559 30
10560 87
10561 44
10562 37
10563 35
10564 12
10565 24
10566 21
10567 60
10568 35
10569 59
10570 73
10571 60
10572 44
10573 49
10574 29
10575 87
10576 -1
10577 14
10578 23
10579 77
10580 77
10581 17
10582 16
10583 39
10584 71
10585 23
10586 62
10587 10
10588 69
10589 34
10590 45
10591 12
10592 21
10593 43
10594 40
10595 22
10596 57
10597 42
10598 23
10599 46
10600 76
10601 24
10602 44
10603 6
10604 59
10605 66
10606 36
10607 21
10608 36
10609 75
10610 20
10611 18
10612 25
10613 17
10614 62
10615 25
10616 48
10617 70
10618 53
10619 44
10620 29
10621 73
10622 29
10623 17
10624 105
10625 22
10626 33
10627 87
10628 8
10629 20
10630 36
10631 14
10632 25
10633 18
10634 27
10635 102
10636 52
10637 12
10638 52
10639 25
10640 9
10641 56
10642 75
10643 29
10644 33
10645 52
10646 3
10647 10
10648 41
10649 63
10650 53
10651 29
10652 13
10653 28
10654 39
10655 47
10656 96
10657 26
10658 33
10659 10
10660 15
10661 72
10662 17
10663 45
10664 74
10665 98
10666 77
10667 64
10668 32
10669 35
10670 13
10671 54
10672 6
10673 35
10674 38
10675 70
10676 31
10677 19
10678 30
10679 18
10680 37
10681 96
10682 24
10683 29
10684 13
10685 11
10686 32
10687 27
10688 76
10689 69
10690 25
10691 68
10692 24
10693 44
10694 22
10695 73
10696 83
10697 30
10698 43
10699 9
10700 54
10701 13
10702 41
10703 80
10704 39
10705 18
10706 2
10707 15
10708 22
10709 80
10710 41
10711 73
10712 2
10713 65
10714 49
10715 64
10716 23
10717 26
10718 12
10719 45
10720 74
10721 14
10722 48
10723 28
10724 63
10725 71
10726 43
10727 1
10728 47
10729 34
10730 18
10731 15
10732 21
10733 37
10734 53
10735 27
10736 55
10737 49
10738 85
10739 19
10740 31
10741 62
10742 10
10743 51
10744 48
10745 31
10746 48
10747 41
10748 70
10749 28
10750 29
10751 84
10752 44
10753 92
10754 41
10755 48
10756 38
10757 33
10758 44
10759 43
10760 52
10761 37
10762 53
10763 77
10764 62
10765 48
10766 69
10767 38
10768 41
10769 44
10770 23
10771 23
10772 -4
10773 27
10774 41
10775 39
10776 50
10777 80
10778 41
10779 59
10780 31
10781 51
10782 16
10783 39
10784 71
10785 60
10786 9
10787 19
10788 27
10789 29
10790 82
10791 68
10792 28
10793 28
10794 3
10795 46
10796 42
10797 21
10798 65
10799 52
10800 75
10801 24
10802 45
10803 20
10804 44
10805 39
10806 50
10807 37
10808 16
10809 76
10810 29
10811 19
10812 50
10813 17
10814 77
10815 36
10816 53
10817 100
10818 15
10819 61
10820 72
10821 42
10822 17
10823 46
10824 12
10825 74
10826 37
10827 21
10828 30
10829 26
10830 37
10831 55
10832 74
10833 37
10834 35
10835 0
10836 80
10837 26
10838 59
10839 17
10840 4
10841 21
10842 14
10843 23
10844 2
10845 27
10846 40
10847 38
10848 19
10849 31
10850 14
10851 46
10852 1
10853 9
10854 4
10855 14
10856 26
10857 47
10858 45
10859 41
10860 24
10861 19
10862 80
10863 24
10864 60
10865 41
10866 38
10867 15
10868 33
10869 49
10870 96
10871 28
10872 30
10873 41
10874 30
10875 33
10876 35
10877 17
10878 77
10879 53
10880 32
10881 83
10882 111
10883 99
10884 50
10885 79
10886 98
10887 20
10888 12
10889 70
10890 34
10891 53
10892 128
10893 96
10894 38
10895 62
10896 22
10897 79
10898 19
10899 40
10900 21
10901 14
10902 72
10903 5
10904 52
10905 31
10906 29
10907 2
10908 31
10909 24
10910 35
10911 9
10912 77
10913 34
10914 -2
10915 40
10916 27
10917 71
10918 44
10919 63
10920 63
10921 37
10922 48
10923 13
10924 74
10925 76
10926 41
10927 35
10928 18
10929 26
10930 65
10931 61
10932 16
10933 12
10934 95
10935 18
10936 26
10937 75
10938 46
10939 74
10940 29
10941 48
10942 -8
10943 69
10944 80
10945 44
10946 28
10947 14
10948 41
10949 18
10950 58
10951 52
10952 57
10953 39
10954 55
10955 38
10956 28
10957 92
10958 68
10959 25
10960 30
10961 58
10962 57
10963 21
10964 14
10965 31
10966 26
10967 8
10968 12
10969 49
10970 41
10971 104
10972 39
10973 34
10974 44
10975 15
10976 37
10977 24
10978 27
10979 37
10980 28
10981 46
10982 0
10983 11
10984 55
10985 60
10986 46
10987 44
10988 13
10989 58
10990 76
10991 26
10992 29
10993 24
10994 49
10995 63
10996 37
10997 42
10998 37
10999 40
11000 32
11001 31
11002 94
11003 52
11004 25
11005 9
11006 57
11007 12
11008 51
11009 64
11010 52
11011 46
11012 51
11013 33
11014 71
11015 74
11016 17
11017 39
11018 12
11019 6
11020 4
11021 29
11022 97
11023 55
11024 51
11025 87
11026 14
11027 68
11028 12
11029 82
11030 17
11031 8
11032 40
11033 7
11034 38
11035 33
11036 35
11037 33
11038 19
11039 19
11040 95
11041 29
11042 24
11043 43
11044 15
11045 17
11046 55
11047 26
11048 11
11049 49
11050 34
11051 32
11052 25
11053 29
11054 12
11055 13
11056 47
11057 41
11058 16
11059 33
11060 23
11061 40
11062 61
11063 56
11064 37
11065 7
11066 30
11067 44
11068 94
11069 52
11070 67
11071 43
11072 34
11073 92
11074 67
11075 43
11076 56
11077 30
11078 49
11079 48
11080 45
11081 40
11082 39
11083 28
11084 19
11085 17
11086 26
11087 20
11088 27
11089 35
11090 21
11091 24
11092 37
11093 9
11094 43
11095 19
11096 31
11097 39
11098 34
11099 74
11100 27
11101 39
11102 61
11103 22
11104 6
11105 37
11106 44
11107 48
11108 -1
11109 56
11110 26
11111 50
11112 42
11113 37
11114 43
11115 25
11116 71
11117 77
11118 19
11119 84
11120 46
11121 14
11122 34
11123 39
11124 58
11125 58
11126 34
11127 71
11128 52
11129 10
11130 36
11131 62
11132 50
11133 33
11134 28
11135 55
11136 -1
11137 29
11138 16
11139 9
11140 69
11141 51
11142 45
11143 23
11144 47
11145 45
11146 41
11147 18
11148 37
11149 43
11150 56
11151 23
11152 93
11153 45
11154 -3
11155 48
11156 89
11157 64
11158 38
11159 15
11160 58
11161 73
11162 19
11163 40
11164 31
11165 4
11166 37
11167 34
11168 10
11169 43
11170 28
11171 31
11172 91
11173 89
11174 35
11175 9
11176 4
11177 38
11178 23
11179 8
11180 27
11181 35
11182 21
11183 20
11184 36
11185 34
11186 40
11187 42
11188 -5
11189 69
11190 37
11191 77
11192 21
11193 21
11194 14
11195 18
11196 11
11197 21
11198 21
11199 13
11200 31
11201 18
11202 27
11203 87
11204 13
11205 50
11206 19
11207 18
11208 63
11209 39
11210 13
11211 39
11212 114
11213 34
11214 38
11215 42
11216 47
11217 48
11218 20
11219 85
11220 30
11221 61
11222 21
11223 13
11224 40
11225 90
11226 40
11227 30
11228 26
11229 65
11230 30
11231 71
11232 32
11233 24
11234 35
11235 2
11236 37
11237 6
11238 34
11239 40
11240 46
11241 49
11242 5
11243 54
11244 54
11245 54
11246 15
11247 27
11248 32
11249 26
11250 35
11251 22
11252 28
11253 83
11254 51
11255 76
11256 32
11257 40
11258 10
11259 60
11260 30
11261 21
11262 55
11263 35
11264 33
11265 36
11266 37
11267 30
11268 21
11269 13
11270 18
11271 80
11272 83
11273 48
11274 4
11275 98
11276 36
11277 22
11278 69
11279 67
11280 81
11281 71
11282 42
11283 37
11284 22
11285 68
11286 7
11287 29
11288 25
11289 33
11290 10
11291 76
11292 21
11293 36
11294 54
11295 24
11296 29
11297 25
11298 30
11299 27
11300 37
11301 67
11302 35
11303 77
11304 54
11305 104
11306 5
11307 59
11308 30
11309 46
11310 8
11311 16
11312 32
11313 75
11314 30
11315 17
11316 23
11317 21
11318 23
11319 28
11320 33
11321 70
11322 38
11323 15
11324 22
11325 45
11326 23
11327 68
11328 66
11329 27
11330 48
11331 24
11332 51
11333 45
11334 77
11335 66
11336 44
11337 36
11338 84
11339 49
11340 39
11341 21
11342 4
11343 42
11344 50
11345 33
11346 60
11347 41
11348 74
11349 45
11350 7
11351 85
11352 37
11353 18
11354 11
11355 15
11356 35
11357 66
11358 33
11359 48
11360 35
11361 28
11362 18
11363 21
11364 46
11365 81
11366 71
11367 80
11368 52
11369 79
11370 95
11371 112
11372 20
11373 15
11374 82
11375 21
11376 34
11377 19
11378 28
11379 36
11380 68
11381 60
11382 31
11383 13
11384 48
11385 31
11386 68
11387 99
11388 25
11389 25
11390 65
11391 21
11392 63
11393 97
11394 21
11395 74
11396 1
11397 18
11398 64
11399 63
11400 8
11401 57
11402 1
11403 53
11404 25
11405 50
11406 64
11407 61
11408 38
11409 16
11410 67
11411 17
11412 38
11413 15
11414 24
11415 45
11416 55
11417 20
11418 52
11419 27
11420 15
11421 22
11422 36
11423 24
11424 44
11425 80
11426 34
11427 37
11428 24
11429 40
11430 30
11431 9
11432 58
11433 68
11434 52
11435 21
11436 33
11437 22
11438 26
11439 29
11440 61
11441 -6
11442 138
11443 42
11444 44
11445 25
11446 41
11447 106
11448 67
11449 52
11450 32
11451 11
11452 30
11453 26
11454 58
11455 67
11456 103
11457 82
11458 14
11459 10
11460 13
11461 23
11462 8
11463 4
11464 19
11465 51
11466 -8
11467 106
11468 53
11469 73
11470 38
11471 22
11472 45
11473 30
11474 33
11475 59
11476 48
11477 16
11478 30
11479 5
11480 18
11481 58
11482 41
11483 55
11484 36
11485 63
11486 56
11487 16
11488 48
11489 35
11490 50
11491 -9
11492 21
11493 14
11494 34
11495 30
11496 57
11497 28
11498 49
11499 9
11500 26
11501 10
11502 129
11503 29
11504 59
11505 34
11506 26
11507 61
11508 7
11509 49
11510 114
11511 11
11512 6
11513 44
11514 72
11515 15
11516 83
11517 22
11518 24
11519 26
11520 47
11521 14
11522 39
11523 69
11524 89
11525 72
11526 24
11527 39
11528 73
11529 32
11530 38
11531 47
11532 27
11533 42
11534 59
11535 18
11536 17
11537 87
11538 8
11539 60
11540 18
11541 93
11542 26
11543 77
11544 18
11545 37
11546 46
11547 27
11548 49
11549 31
11550 30
11551 39
11552 17
11553 31
11554 42
11555 60
11556 32
11557 9
11558 31
11559 51
11560 54
11561 25
11562 32
11563 55
11564 11
11565 28
11566 16
11567 55
11568 35
11569 41
11570 64
11571 66
11572 100
11573 64
11574 74
11575 53
11576 26
11577 36
11578 48
11579 33
11580 55
11581 14
11582 42
11583 43
11584 76
11585 44
11586 25
11587 29
11588 30
11589 27
11590 33
11591 48
11592 41
11593 65
11594 39
11595 38
11596 60
11597 45
11598 14
11599 55
11600 23
11601 82
11602 16
11603 28
11604 42
11605 70
11606 24
11607 15
11608 69
11609 11
11610 29
11611 59
11612 8
11613 42
11614 44
11615 130
11616 8
11617 66
11618 27
11619 50
11620 54
11621 57
11622 7
11623 40
11624 32
11625 33
11626 32
11627 29
11628 16
11629 67
11630 32
11631 52
11632 24
11633 67
11634 19
11635 58
11636 20
11637 29
11638 53
11639 27
11640 10
11641 21
11642 77
11643 36
11644 3
11645 21
11646 22
11647 6
11648 78
11649 32
11650 83
11651 143
11652 44
11653 110
11654 23
11655 22
11656 20
11657 13
11658 35
11659 66
11660 27
11661 14
11662 48
11663 69
11664 50
11665 37
11666 49
11667 77
11668 57
11669 49
11670 19
11671 11
11672 41
11673 30
11674 9
11675 26
11676 25
11677 63
11678 86
11679 51
11680 20
11681 34
11682 78
11683 85
11684 26
11685 11
11686 50
11687 57
11688 44
11689 61
11690 83
11691 37
11692 26
11693 15
11694 71
11695 14
11696 11
11697 17
11698 37
11699 8
11700 38
11701 12
11702 9
11703 38
11704 43
11705 72
11706 18
11707 56
11708 24
11709 10
11710 9
11711 22
11712 53
11713 35
11714 11
11715 57
11716 28
11717 10
11718 24
11719 18
11720 58
11721 19
11722 1
11723 5
11724 24
11725 37
11726 49
11727 48
11728 6
11729 61
11730 81
11731 75
11732 39
11733 24
11734 36
11735 35
11736 29
11737 46
11738 71
11739 102
11740 30
11741 37
11742 63
11743 44
11744 40
11745 36
11746 37
11747 95
11748 20
11749 2
11750 6
11751 27
11752 33
11753 88
11754 102
11755 34
11756 57
11757 14
11758 42
11759 -4
11760 60
11761 49
11762 83
11763 43
11764 48
11765 34
11766 45
11767 6
11768 35
11769 54
11770 31
11771 34
11772 65
11773 35
11774 74
11775 14
11776 49
11777 31
11778 52
11779 35
11780 13
11781 26
11782 13
11783 60
11784 32
11785 42
11786 21
11787 14
11788 21
11789 55
11790 17
11791 82
11792 25
11793 10
11794 14
11795 21
11796 66
11797 61
11798 23
11799 55
11800 39
11801 -1
11802 45
11803 11
11804 33
11805 36
11806 18
11807 33
11808 76
11809 48
11810 16
11811 54
11812 8
11813 96
11814 40
11815 51
11816 29
11817 56
11818 19
11819 48
11820 42
11821 45
11822 52
11823 22
11824 23
11825 23
11826 57
11827 65
11828 27
11829 48
11830 16
11831 83
11832 52
11833 23
11834 53
11835 68
11836 18
11837 25
11838 103
11839 59
11840 32
11841 32
11842 73
11843 18
11844 48
11845 40
11846 64
11847 14
11848 67
11849 52
11850 24
11851 -2
11852 13
11853 45
11854 19
11855 47
11856 9
11857 27
11858 51
11859 20
11860 82
11861 20
11862 16
11863 56
11864 29
11865 42
11866 75
11867 21
11868 17
11869 32
11870 19
11871 59
11872 30
11873 27
11874 48
11875 42
11876 30
11877 44
11878 20
11879 28
11880 37
11881 18
11882 41
11883 31
11884 71
11885 33
11886 15
11887 26
11888 55
11889 77
11890 42
11891 56
11892 31
11893 17
11894 5
11895 14
11896 35
11897 14
11898 38
11899 6
11900 74
11901 31
11902 48
11903 26
11904 63
11905 28
11906 75
11907 20
11908 50
11909 64
11910 22
11911 25
11912 8
11913 14
11914 42
11915 33
11916 14
11917 52
11918 65
11919 24
11920 43
11921 82
11922 28
11923 43
11924 38
11925 95
11926 17
11927 37
11928 78
11929 86
11930 51
11931 80
11932 52
11933 13
11934 40
11935 34
11936 22
11937 77
11938 33
11939 26
11940 83
11941 56
11942 27
11943 40
11944 65
11945 88
11946 27
11947 62
11948 62
11949 77
11950 56
11951 60
11952 18
11953 37
11954 48
11955 38
11956 109
11957 78
11958 112
11959 20
11960 19
11961 42
11962 68
11963 22
11964 29
11965 38
11966 87
11967 79
11968 29
11969 63
11970 18
11971 53
11972 74
11973 17
11974 73
11975 68
11976 26
11977 17
11978 44
11979 61
11980 39
11981 28
11982 7
11983 77
11984 34
11985 61
11986 21
11987 19
11988 48
11989 1
11990 17
11991 32
11992 45
11993 27
11994 15
11995 30
11996 24
11997 63
11998 17
11999 35
12000 66
12001 14
12002 42
12003 49
12004 8
12005 61
12006 51
12007 78
12008 69
12009 63
12010 17
12011 80
12012 33
12013 50
12014 78
12015 77
12016 8
12017 58
12018 60
12019 15
12020 19
12021 15
12022 19
12023 3
12024 14
12025 26
12026 58
12027 53
12028 32
12029 8
12030 23
12031 23
12032 54
12033 19
12034 43
12035 15
12036 9
12037 104
12038 36
12039 43
12040 7
12041 43
12042 22
12043 9
12044 23
12045 10
12046 10
12047 19
12048 51
12049 67
12050 20
12051 66
12052 37
12053 27
12054 26
12055 30
12056 57
12057 67
12058 15
12059 12
12060 29
12061 31
12062 65
12063 71
12064 24
12065 14
12066 93
12067 68
12068 25
12069 69
12070 18
12071 -2
12072 3
12073 43
12074 44
12075 71
12076 17
12077 6
12078 26
12079 83
12080 63
12081 -3
12082 66
12083 18
12084 17
12085 70
12086 85
12087 45
12088 76
12089 25
12090 41
12091 47
12092 26
12093 20
12094 61
12095 21
12096 26
12097 51
12098 52
12099 61
12100 22
12101 6
12102 15
12103 42
12104 43
12105 71
12106 34
12107 70
12108 64
12109 32
12110 16
12111 51
12112 30
12113 32
12114 3
12115 36
12116 32
12117 36
12118 28
12119 93
12120 30
12121 23
12122 31
12123 17
12124 28
12125 81
12126 39
12127 47
12128 46
12129 23
12130 11
12131 23
12132 26
12133 32
12134 41
12135 24
12136 22
12137 81
12138 62
12139 17
12140 44
12141 29
12142 84
12143 29
12144 44
12145 11
12146 19
12147 68
12148 78
12149 7
12150 72
12151 73
12152 41
12153 32
12154 83
12155 31
12156 33
12157 54
12158 22
12159 37
12160 40
12161 11
12162 8
12163 30
12164 28
12165 56
12166 52
12167 30
12168 21
12169 82
12170 53
12171 61
12172 30
12173 42
12174 38
12175 32
12176 82
12177 59
12178 67
12179 70
12180 79
12181 41
12182 35
12183 90
12184 70
12185 46
12186 34
12187 19
12188 42
12189 27
12190 60
12191 40
12192 57
12193 58
12194 44
12195 19
12196 29
12197 34
12198 59
12199 19
12200 51
12201 16
12202 34
12203 69
12204 26
12205 58
12206 50
12207 37
12208 50
12209 25
12210 42
12211 18
12212 51
12213 66
12214 52
12215 55
12216 20
12217 74
12218 47
12219 28
12220 19
12221 64
12222 68
12223 55
12224 33
12225 52
12226 22
12227 98
12228 79
12229 24
12230 19
12231 70
12232 71
12233 34
12234 43
12235 29
12236 74
12237 45
12238 38
12239 52
12240 86
12241 22
12242 64
12243 28
12244 8
12245 48
12246 36
12247 49
12248 26
12249 12
12250 68
12251 13
12252 39
12253 55
12254 57
12255 33
12256 27
12257 27
12258 28
12259 28
12260 17
12261 58
12262 48
12263 -2
12264 93
12265 41
12266 64
12267 24
12268 67
12269 53
12270 89
12271 48
12272 16
12273 19
12274 44
12275 30
12276 46
12277 24
12278 45
12279 56
12280 11
12281 5
12282 61
12283 41
12284 43
12285 102
12286 10
12287 4
12288 12
12289 92
12290 64
12291 41
12292 17
12293 96
12294 7
12295 97
12296 13
12297 66
12298 82
12299 26
12300 14
12301 17
12302 9
12303 55
12304 31
12305 67
12306 38
12307 18
12308 5
12309 4
12310 21
12311 83
12312 -1
12313 81
12314 30
12315 37
12316 11
12317 38
12318 3
12319 40
12320 29
12321 53
12322 89
12323 12
12324 36
12325 40
12326 50
12327 58
12328 47
12329 65
12330 70
12331 61
12332 33
12333 5
12334 30
12335 40
12336 118
12337 4
12338 32
12339 100
12340 44
12341 64
12342 19
12343 9
12344 29
12345 28
12346 37
12347 71
12348 27
12349 31
12350 32
12351 26
12352 34
12353 23
12354 41
12355 65
12356 63
12357 9
12358 24
12359 22
12360 90
12361 44
12362 31
12363 28
12364 32
12365 41
12366 11
12367 51
12368 6
12369 8
12370 35
12371 117
12372 29
12373 29
12374 71
12375 33
12376 59
12377 11
12378 61
12379 55
12380 38
12381 69
12382 26
12383 40
12384 65
12385 79
12386 64
12387 32
12388 23
12389 34
12390 18
12391 43
12392 37
12393 28
12394 47
12395 48
12396 54
12397 9
12398 38
12399 40
12400 27
12401 26
12402 22
12403 26
12404 61
12405 32
12406 27
12407 78
12408 19
12409 18
12410 38
12411 35
12412 11
12413 30
12414 91
12415 37
12416 79
12417 33
12418 47
12419 25
12420 2
12421 10
12422 45
12423 -3
12424 29
12425 43
12426 28
12427 28
12428 29
12429 35
12430 47
12431 14
12432 82
12433 89
12434 9
12435 67
12436 11
12437 50
12438 58
12439 23
12440 45
12441 29
12442 73
12443 15
12444 70
12445 29
12446 37
12447 12
12448 35
12449 20
12450 75
12451 46
12452 90
12453 32
12454 43
12455 78
12456 41
12457 29
12458 36
12459 45
12460 111
12461 -1
12462 10
12463 -5
12464 42
12465 59
12466 5
12467 63
12468 23
12469 56
12470 8
12471 25
12472 16
12473 25
12474 72
12475 50
12476 49
12477 42
12478 37
12479 23
12480 37
12481 25
12482 40
12483 66
12484 58
12485 27
12486 46
12487 38
12488 90
12489 20
12490 88
12491 26
12492 72
12493 24
12494 7
12495 37
12496 40
12497 26
12498 26
12499 2
12500 24
12501 33
12502 39
12503 107
12504 12
12505 45
12506 49
12507 10
12508 41
12509 58
12510 12
12511 7
12512 11
12513 11
12514 46
12515 43
12516 6
12517 75
12518 25
12519 48
12520 23
12521 62
12522 42
12523 29
12524 18
12525 52
12526 68
12527 22
12528 48
12529 41
12530 28
12531 45
12532 14
12533 21
12534 25
12535 54
12536 75
12537 -6
12538 83
12539 38
12540 69
12541 25
12542 31
12543 6
12544 14
12545 31
12546 47
12547 40
12548 9
12549 69
12550 13
12551 39
12552 28
12553 58
12554 34
12555 39
12556 64
12557 25
12558 7
12559 47
12560 90
12561 57
12562 39
12563 38
12564 54
12565 27
12566 19
12567 52
12568 88
12569 13
12570 86
12571 44
12572 24
12573 45
12574 58
12575 17
12576 28
12577 24
12578 76
12579 45
12580 23
12581 9
12582 27
12583 41
12584 56
12585 79
12586 13
12587 39
12588 20
12589 32
12590 78
12591 31
12592 20
12593 56
12594 25
12595 15
12596 34
12597 99
12598 26
12599 90
12600 42
12601 12
12602 22
12603 18
12604 33
12605 50
12606 30
12607 80
12608 37
12609 43
12610 60
12611 24
12612 19
12613 39
12614 39
12615 20
12616 33
12617 53
12618 23
12619 103
12620 27
12621 44
12622 32
12623 76
12624 39
12625 27
12626 7
12627 77
12628 32
12629 58
12630 74
12631 22
12632 28
12633 72
12634 34
12635 32
12636 19
12637 77
12638 59
12639 28
12640 33
12641 76
12642 5
12643 47
12644 77
12645 42
12646 39
12647 32
12648 75
12649 12
12650 30
12651 13
12652 35
12653 7
12654 64
12655 93
12656 19
12657 38
12658 -6
12659 9
12660 42
12661 36
12662 14
12663 56
12664 10
12665 54
12666 44
12667 55
12668 70
12669 35
12670 34
12671 37
12672 47
12673 -1
12674 77
12675 10
12676 46
12677 20
12678 49
12679 52
12680 59
12681 16
12682 45
12683 60
12684 6
12685 42
12686 87
12687 37
12688 97
12689 69
12690 53
12691 32
12692 95
12693 12
12694 8
12695 40
12696 82
12697 78
12698 48
12699 80
12700 38
12701 18
12702 65
12703 38
12704 23
12705 52
12706 19
12707 49
12708 67
12709 42
12710 34
12711 10
12712 103
12713 38
12714 41
12715 1
12716 34
12717 29
12718 27
12719 54
12720 64
12721 52
12722 14
12723 6
12724 1
12725 25
12726 75
12727 49
12728 22
12729 69
12730 35
12731 46
12732 20
12733 11
12734 65
12735 78
12736 19
12737 36
12738 26
12739 67
12740 42
12741 41
12742 12
12743 32
12744 35
12745 17
12746 55
12747 82
12748 57
12749 51
12750 82
12751 58
12752 24
12753 60
12754 23
12755 40
12756 34
12757 21
12758 43
12759 16
12760 61
12761 30
12762 54
12763 46
12764 50
12765 98
12766 69
12767 24
12768 35
12769 58
12770 23
12771 41
12772 3
12773 12
12774 22
12775 14
12776 29
12777 101
12778 28
12779 27
12780 53
12781 72
12782 45
12783 103
12784 24
12785 46
12786 74
12787 23
12788 82
12789 24
12790 14
12791 5
12792 19
12793 46
12794 41
12795 12
12796 25
12797 25
12798 75
12799 94
12800 40
12801 69
12802 15
12803 37
12804 70
12805 60
12806 30
12807 15
12808 57
12809 65
12810 21
12811 55
12812 44
12813 20
12814 26
12815 14
12816 30
12817 70
12818 48
12819 115
12820 51
12821 81
12822 51
12823 8
12824 44
12825 70
12826 70
12827 29
12828 78
12829 51
12830 56
12831 51
12832 35
12833 81
12834 57
12835 49
12836 29
12837 47
12838 42
12839 71
12840 16
12841 71
12842 34
12843 80
12844 117
12845 36
12846 94
12847 52
12848 38
12849 46
12850 40
12851 73
12852 113
12853 4
12854 51
12855 75
12856 13
12857 3
12858 41
12859 21
12860 15
12861 36
12862 14
12863 22
12864 10
12865 52
12866 14
12867 36
12868 18
12869 48
12870 73
12871 46
12872 30
12873 13
12874 70
12875 40
12876 22
12877 16
12878 27
12879 52
12880 55
12881 26
12882 25
12883 63
12884 24
12885 11
12886 3
12887 37
12888 29
12889 31
12890 29
12891 52
12892 97
12893 37
12894 37
12895 5
12896 13
12897 25
12898 16
12899 53
12900 76
12901 22
12902 19
12903 52
12904 34
12905 27
12906 4
12907 52
12908 1
12909 7
12910 27
12911 71
12912 40
12913 6
12914 64
12915 108
12916 30
12917 17
12918 26
12919 57
12920 25
12921 61
12922 93
12923 44
12924 34
12925 67
12926 22
12927 8
12928 67
12929 21
12930 70
12931 38
12932 79
12933 27
12934 59
12935 26
12936 22
12937 20
12938 49
12939 78
12940 24
12941 27
12942 24
12943 58
12944 5
12945 42
12946 31
12947 24
12948 14
12949 37
12950 38
12951 22
12952 15
12953 59
12954 24
12955 51
12956 27
12957 95
12958 64
12959 25
12960 51
12961 6
12962 50
12963 19
12964 70
12965 23
12966 23
12967 54
12968 43
12969 36
12970 62
12971 35
12972 60
12973 59
12974 25
12975 34
12976 59
12977 29
12978 37
12979 29
12980 38
12981 25
12982 21
12983 24
12984 10
12985 53
12986 28
12987 43
12988 69
12989 70
12990 35
12991 21
12992 42
12993 23
12994 71
12995 8
12996 35
12997 84
12998 24
12999 52
13000 71
13001 26
13002 7
13003 50
13004 42
13005 43
13006 31
13007 44
13008 23
13009 32
13010 65
13011 67
13012 41
13013 6
13014 6
13015 33
13016 23
13017 33
13018 14
13019 77
13020 27
13021 42
13022 30
13023 19
13024 26
13025 25
13026 26
13027 51
13028 55
13029 69
13030 38
13031 49
13032 40
13033 18
13034 20
13035 16
13036 51
13037 29
13038 40
13039 33
13040 47
13041 39
13042 29
13043 4
13044 14
13045 83
13046 66
13047 16
13048 37
13049 36
13050 27
13051 83
13052 8
13053 32
13054 26
13055 40
13056 20
13057 22
13058 48
13059 27
13060 16
13061 77
13062 13
13063 27
13064 25
13065 38
13066 41
13067 28
13068 6
13069 18
13070 27
13071 43
13072 55
13073 30
13074 20
13075 56
13076 65
13077 38
13078 52
13079 25
13080 85
13081 101
13082 20
13083 54
13084 19
13085 22
13086 28
13087 60
13088 59
13089 39
13090 68
13091 35
13092 19
13093 29
13094 42
13095 79
13096 -2
13097 27
13098 45
13099 33
13100 13
13101 58
13102 32
13103 16
13104 10
13105 97
13106 41
13107 65
13108 62
13109 105
13110 39
13111 25
13112 54
13113 62
13114 74
13115 42
13116 29
13117 19
13118 15
13119 55
13120 59
13121 12
13122 73
13123 24
13124 33
13125 34
13126 69
13127 20
13128 39
13129 34
13130 30
13131 62
13132 77
13133 30
13134 108
13135 61
13136 71
13137 1
13138 68
13139 69
13140 40
13141 26
13142 12
13143 70
13144 18
13145 46
13146 25
13147 26
13148 33
13149 42
13150 47
13151 45
13152 57
13153 85
13154 38
13155 28
13156 28
13157 10
13158 45
13159 78
13160 17
13161 52
13162 -3
13163 20
13164 18
13165 51
13166 28
13167 24
13168 90
13169 69
13170 20
13171 53
13172 57
13173 11
13174 58
13175 15
13176 15
13177 41
13178 16
13179 21
13180 36
13181 50
13182 42
13183 36
13184 31
13185 100
13186 81
13187 42
13188 37
13189 20
13190 33
13191 88
13192 49
13193 41
13194 72
13195 13
13196 60
13197 38
13198 53
13199 45
13200 27
13201 55
13202 23
13203 80
13204 59
13205 35
13206 5
13207 38
13208 38
13209 24
13210 46
13211 10
13212 26
13213 15
13214 12
13215 32
13216 40
13217 27
13218 28
13219 62
13220 85
13221 -4
13222 32
13223 88
13224 20
13225 43
13226 30
13227 71
13228 15
13229 47
13230 48
13231 31
13232 23
13233 39
13234 24
13235 57
13236 39
13237 5
13238 39
13239 45
13240 30
13241 43
13242 26
13243 69
13244 22
13245 28
13246 78
13247 39
13248 16
13249 11
13250 75
13251 36
13252 86
13253 87
13254 45
13255 20
13256 11
13257 28
13258 24
13259 14
13260 45
13261 38
13262 29
13263 49
13264 92
13265 55
13266 32
13267 34
13268 39
13269 59
13270 62
13271 44
13272 5
13273 17
13274 33
13275 20
13276 28
13277 71
13278 40
13279 18
13280 62
13281 60
13282 27
13283 8
13284 53
13285 38
13286 -4
13287 25
13288 67
13289 30
13290 81
13291 20
13292 25
13293 93
13294 62
13295 65
13296 39
13297 41
13298 36
13299 22
13300 28
13301 53
13302 17
13303 42
13304 24
13305 45
13306 27
13307 23
13308 32
13309 57
13310 20
13311 23
13312 51
13313 27
13314 71
13315 31
13316 70
13317 12
13318 71
13319 53
13320 -2
13321 40
13322 27
13323 31
13324 16
13325 38
13326 31
13327 47
13328 13
13329 10
13330 62
13331 16
13332 51
13333 18
13334 34
13335 4
13336 22
13337 34
13338 22
13339 59
13340 50
13341 26
13342 114
13343 27
13344 48
13345 38
13346 32
13347 55
13348 14
13349 46
13350 79
13351 10
13352 21
13353 37
13354 35
13355 28
13356 42
13357 77
13358 9
13359 -2
13360 91
13361 41
13362 32
13363 110
13364 40
13365 38
13366 13
13367 65
13368 48
13369 27
13370 56
13371 50
13372 33
13373 30
13374 48
13375 22
13376 20
13377 58
13378 70
13379 44
13380 53
13381 0
13382 21
13383 30
13384 1
13385 55
13386 14
13387 55
13388 29
13389 31
13390 42
13391 23
13392 30
13393 52
13394 25
13395 21
13396 -4
13397 37
13398 59
13399 47
13400 4
13401 18
13402 14
13403 29
13404 66
13405 33
13406 51
13407 27
13408 13
13409 44
13410 70
13411 33
13412 10
13413 75
13414 41
13415 22
13416 91
13417 76
13418 48
13419 34
13420 46
13421 34
13422 42
13423 78
13424 99
13425 64
13426 51
13427 33
13428 34
13429 71
13430 15
13431 36
13432 52
13433 33
13434 25
13435 50
13436 108
13437 24
13438 28
13439 111
13440 71
13441 20
13442 77
13443 9
13444 38
13445 42
13446 60
13447 20
13448 59
13449 3
13450 89
13451 39
13452 85
13453 19
13454 28
13455 80
13456 -6
13457 54
13458 58
13459 50
13460 52
13461 55
13462 78
13463 57
13464 49
13465 27
13466 41
13467 26
13468 88
13469 23
13470 102
13471 18
13472 85
13473 48
13474 84
13475 34
13476 63
13477 36
13478 30
13479 57
13480 40
13481 29
13482 14
13483 48
13484 47
13485 67
13486 33
13487 7
13488 14
13489 27
13490 11
13491 15
13492 50
13493 69
13494 38
13495 64
13496 -8
13497 19
13498 51
13499 25
13500 34
13501 40
13502 23
13503 67
13504 32
13505 19
13506 25
13507 84
13508 4
13509 22
13510 52
13511 68
13512 14
13513 51
13514 54
13515 59
13516 37
13517 46
13518 37
13519 129
13520 106
13521 26
13522 67
13523 122
13524 29
13525 23
13526 34
13527 48
13528 21
13529 18
13530 28
13531 10
13532 82
13533 20
13534 53
13535 66
13536 17
13537 25
13538 33
13539 28
13540 72
13541 53
13542 84
13543 46
13544 33
13545 28
13546 41
13547 16
13548 19
13549 16
13550 61
13551 53
13552 48
13553 50
13554 18
13555 25
13556 45
13557 30
13558 58
13559 15
13560 56
13561 23
13562 24
13563 20
13564 27
13565 18
13566 61
13567 56
13568 38
13569 45
13570 43
13571 23
13572 32
13573 25
13574 -1
13575 32
13576 56
13577 19
13578 28
13579 3
13580 63
13581 41
13582 24
13583 67
13584 60
13585 25
13586 34
13587 60
13588 44
13589 24
13590 47
13591 90
13592 35
13593 74
13594 32
13595 73
13596 54
13597 1
13598 68
13599 65
13600 68
13601 21
13602 23
13603 33
13604 12
13605 69
13606 11
13607 110
13608 36
13609 18
13610 53
13611 15
13612 57
13613 31
13614 35
13615 76
13616 48
13617 37
13618 29
13619 74
13620 55
13621 39
13622 49
13623 33
13624 25
13625 31
13626 38
13627 33
13628 41
13629 32
13630 59
13631 10
13632 27
13633 30
13634 71
13635 21
13636 18
13637 58
13638 121
13639 42
13640 42
13641 23
13642 22
13643 2
13644 42
13645 90
13646 77
13647 12
13648 54
13649 65
13650 42
13651 37
13652 40
13653 46
13654 34
13655 14
13656 43
13657 63
13658 25
13659 77
13660 56
13661 13
13662 20
13663 -8
13664 52
13665 61
13666 54
13667 28
13668 26
13669 51
13670 33
13671 39
13672 47
13673 27
13674 42
13675 30
13676 27
13677 26
13678 86
13679 22
13680 54
13681 76
13682 81
13683 24
13684 25
13685 20
13686 31
13687 30
13688 91
13689 21
13690 26
13691 24
13692 26
13693 37
13694 53
13695 32
13696 53
13697 16
13698 4
13699 32
13700 49
13701 22
13702 48
13703 49
13704 7
13705 36
13706 39
13707 56
13708 29
13709 41
13710 16
13711 51
13712 71
13713 12
13714 37
13715 39
13716 23
13717 17
13718 48
13719 25
13720 62
13721 68
13722 51
13723 15
13724 33
13725 17
13726 28
13727 -1
13728 13
13729 35
13730 36
13731 61
13732 55
13733 50
13734 7
13735 34
13736 80
13737 20
13738 29
13739 50
13740 46
13741 81
13742 74
13743 23
13744 14
13745 35
13746 67
13747 8
13748 19
13749 29
13750 47
13751 78
13752 29
13753 9
13754 36
13755 17
13756 29
13757 36
13758 99
13759 29
13760 55
13761 43
13762 43
13763 43
13764 78
13765 31
13766 101
13767 35
13768 29
13769 11
13770 59
13771 48
13772 16
13773 25
13774 40
13775 43
13776 82
13777 43
13778 68
13779 81
13780 31
13781 23
13782 12
13783 76
13784 91
13785 22
13786 62
13787 69
13788 41
13789 64
13790 46
13791 32
13792 34
13793 -4
13794 31
13795 104
13796 45
13797 23
13798 115
13799 53
13800 85
13801 44
13802 10
13803 65
13804 36
13805 33
13806 21
13807 12
13808 8
13809 17
13810 75
13811 20
13812 36
13813 66
13814 54
13815 50
13816 35
13817 87
13818 10
13819 39
13820 17
13821 18
13822 38
13823 8
13824 80
13825 38
13826 32
13827 18
13828 23
13829 45
13830 45
13831 63
13832 98
13833 69
13834 87
13835 28
13836 34
13837 21
13838 20
13839 46
13840 37
13841 59
13842 52
13843 34
13844 46
13845 58
13846 22
13847 44
13848 59
13849 7
13850 63
13851 18
13852 36
13853 24
13854 64
13855 45
13856 74
13857 6
13858 25
13859 32
13860 30
13861 94
13862 49
13863 43
13864 17
13865 32
13866 39
13867 9
13868 24
13869 46
13870 26
13871 95
13872 67
13873 9
13874 36
13875 15
13876 33
13877 26
13878 38
13879 68
13880 25
13881 39
13882 77
13883 19
13884 122
13885 24
13886 31
13887 48
13888 47
13889 33
13890 24
13891 32
13892 15
13893 65
13894 61
13895 59
13896 41
13897 7
13898 44
13899 24
13900 41
13901 39
13902 32
13903 12
13904 46
13905 12
13906 56
13907 25
13908 27
13909 17
13910 50
13911 72
13912 19
13913 82
13914 36
13915 91
13916 47
13917 49
13918 40
13919 42
13920 44
13921 12
13922 74
13923 22
13924 24
13925 79
13926 78
13927 29
13928 43
13929 12
13930 35
13931 43
13932 38
13933 28
13934 44
13935 23
13936 38
13937 73
13938 37
13939 54
13940 65
13941 51
13942 31
13943 21
13944 38
13945 18
13946 47
13947 83
13948 16
13949 74
13950 30
13951 26
13952 25
13953 34
13954 30
13955 23
13956 62
13957 61
13958 44
13959 30
13960 27
13961 36
13962 34
13963 33
13964 100
13965 44
13966 10
13967 23
13968 32
13969 52
13970 59
13971 26
13972 33
13973 34
13974 37
13975 40
13976 44
13977 32
13978 6
13979 91
13980 51
13981 8
13982 55
13983 30
13984 42
13985 63
13986 25
13987 27
13988 77
13989 24
13990 67
13991 35
13992 19
13993 29
13994 33
13995 36
13996 41
13997 14
13998 47
13999 20
14000 57
14001 68
14002 33
14003 6
14004 26
14005 62
14006 42
14007 31
14008 35
14009 11
14010 21
14011 71
14012 48
14013 37
14014 41
14015 39
14016 41
14017 0
14018 49
14019 53
14020 60
14021 37
14022 58
14023 31
14024 59
14025 15
14026 73
14027 26
14028 26
14029 36
14030 25
14031 47
14032 89
14033 75
14034 91
14035 54
14036 83
14037 104
14038 32
14039 32
14040 10
14041 8
14042 31
14043 10
14044 70
14045 68
14046 26
14047 34
14048 78
14049 54
14050 33
14051 26
14052 69
14053 24
14054 8
14055 51
14056 29
14057 2
14058 95
14059 108
14060 27
14061 41
14062 16
14063 41
14064 41
14065 47
14066 27
14067 22
14068 112
14069 27
14070 67
14071 49
14072 23
14073 59
14074 34
14075 73
14076 25
14077 69
14078 21
14079 52
14080 44
14081 39
14082 50
14083 77
14084 10
14085 51
14086 71
14087 22
14088 23
14089 51
14090 60
14091 37
14092 32
14093 18
14094 66
14095 60
14096 25
14097 36
14098 32
14099 46
14100 14
14101 11
14102 78
14103 29
14104 15
14105 33
14106 8
14107 40
14108 3
14109 51
14110 45
14111 40
14112 104
14113 37
14114 78
14115 31
14116 56
14117 7
14118 56
14119 27
14120 8
14121 33
14122 58
14123 43
14124 22
14125 16
14126 19
14127 7
14128 71
14129 32
14130 26
14131 16
14132 23
14133 35
14134 7
14135 44
14136 73
14137 21
14138 23
14139 49
14140 53
14141 34
14142 35
14143 115
14144 -20
14145 52
14146 9
14147 38
14148 21
14149 -7
14150 42
14151 59
14152 59
14153 67
14154 26
14155 29
14156 23
14157 28
14158 20
14159 36
14160 34
14161 100
14162 29
14163 29
14164 73
14165 30
14166 62
14167 46
14168 23
14169 46
14170 61
14171 53
14172 23
14173 57
14174 24
14175 19
14176 22
14177 13
14178 24
14179 86
14180 43
14181 17
14182 24
14183 46
14184 28
14185 60
14186 57
14187 75
14188 30
14189 4
14190 37
14191 35
14192 64
14193 35
14194 24
14195 57
14196 33
14197 28
14198 32
14199 18
14200 47
14201 8
14202 40
14203 69
14204 26
14205 42
14206 8
14207 28
14208 74
14209 28
14210 43
14211 28
14212 25
14213 37
14214 89
14215 39
14216 15
14217 -4
14218 18
14219 59
14220 46
14221 57
14222 37
14223 42
14224 63
14225 60
14226 13
14227 28
14228 17
14229 80
14230 89
14231 25
14232 32
14233 37
14234 53
14235 3
14236 40
14237 69
14238 -12
14239 42
14240 46
14241 63
14242 6
14243 31
14244 83
14245 36
14246 34
14247 19
14248 70
14249 41
14250 56
14251 37
14252 25
14253 5
14254 80
14255 -2
14256 44
14257 18
14258 49
14259 7
14260 17
14261 80
14262 30
14263 54
14264 32
14265 44
14266 80
14267 31
14268 25
14269 29
14270 21
14271 11
14272 24
14273 41
14274 96
14275 65
14276 21
14277 28
14278 47
14279 33
14280 28
14281 47
14282 33
14283 34
14284 47
14285 -7
14286 80
14287 28
14288 52
14289 19
14290 58
14291 19
14292 42
14293 43
14294 7
14295 49
14296 3
14297 40
14298 50
14299 50
14300 22
14301 32
14302 43
14303 43
14304 58
14305 4
14306 83
14307 29
14308 19
14309 33
14310 23
14311 41
14312 18
14313 13
14314 23
14315 105
14316 28
14317 83
14318 44
14319 22
14320 18
14321 10
14322 40
14323 55
14324 -2
14325 27
14326 12
14327 32
14328 35
14329 75
14330 72
14331 52
14332 35
14333 19
14334 57
14335 68
14336 85
14337 -2
14338 4
14339 24
14340 33
14341 32
14342 21
14343 93
14344 28
14345 5
14346 28
14347 42
14348 42
14349 9
14350 11
14351 13
14352 84
14353 57
14354 24
14355 37
14356 22
14357 3
14358 77
14359 19
14360 29
14361 29
14362 33
14363 19
14364 7
14365 33
14366 14
14367 7
14368 30
14369 67
14370 19
14371 62
14372 31
14373 36
14374 54
14375 52
14376 54
14377 47
14378 30
14379 28
14380 29
14381 80
14382 21
14383 34
14384 51
14385 23
14386 21
14387 65
14388 31
14389 107
14390 79
14391 17
14392 29
14393 25
14394 39
14395 33
14396 21
14397 41
14398 28
14399 36
14400 27
14401 39
14402 15
14403 79
14404 37
14405 17
14406 82
14407 15
14408 27
14409 10
14410 36
14411 17
14412 45
14413 78
14414 48
14415 29
14416 12
14417 103
14418 23
14419 7
14420 35
14421 72
14422 22
14423 -1
14424 90
14425 52
14426 66
14427 86
14428 26
14429 74
14430 28
14431 9
14432 35
14433 -1
14434 23
14435 21
14436 22
14437 11
14438 67
14439 22
14440 46
14441 34
14442 56
14443 47
14444 92
14445 50
14446 65
14447 59
14448 15
14449 35
14450 8
14451 35
14452 32
14453 45
14454 24
14455 39
14456 45
14457 43
14458 70
14459 25
14460 53
14461 13
14462 7
14463 41
14464 65
14465 77
14466 6
14467 68
14468 41
14469 36
14470 44
14471 13
14472 36
14473 30
14474 64
14475 127
14476 96
14477 17
14478 32
14479 73
14480 24
14481 12
14482 13
14483 31
14484 93
14485 28
14486 50
14487 86
14488 15
14489 50
14490 31
14491 60
14492 6
14493 14
14494 60
14495 27
14496 10
14497 23
14498 18
14499 32
14500 20
14501 42
14502 33
14503 44
14504 19
14505 94
14506 28
14507 102
14508 23
14509 31
14510 36
14511 80
14512 27
14513 38
14514 43
14515 23
14516 74
14517 58
14518 8
14519 59
14520 22
14521 66
14522 27
14523 67
14524 28
14525 35
14526 27
14527 112
14528 76
14529 31
14530 36
14531 69
14532 30
14533 46
14534 -8
14535 20
14536 32
14537 30
14538 41
14539 48
14540 -7
14541 78
14542 14
14543 24
14544 58
14545 25
14546 23
14547 54
14548 106
14549 33
14550 13
14551 31
14552 21
14553 57
14554 18
14555 24
14556 15
14557 104
14558 47
14559 27
14560 26
14561 30
14562 26
14563 48
14564 48
14565 41
14566 12
14567 9
14568 43
14569 62
14570 16
14571 106
14572 114
14573 -4
14574 45
14575 42
14576 21
14577 76
14578 51
14579 18
14580 21
14581 57
14582 36
14583 19
14584 4
14585 92
14586 34
14587 28
14588 40
14589 37
14590 17
14591 62
14592 50
14593 32
14594 39
14595 77
14596 27
14597 20
14598 40
14599 8
14600 88
14601 55
14602 25
14603 71
14604 59
14605 34
14606 23
14607 26
14608 67
14609 27
14610 17
14611 16
14612 56
14613 17
14614 107
14615 65
14616 57
14617 46
14618 29
14619 39
14620 25
14621 83
14622 23
14623 31
14624 84
14625 54
14626 14
14627 42
14628 30
14629 39
14630 52
14631 18
14632 14
14633 47
14634 22
14635 12
14636 37
14637 16
14638 60
14639 42
14640 18
14641 37
14642 35
14643 43
14644 43
14645 29
14646 20
14647 19
14648 13
14649 15
14650 22
14651 14
14652 18
14653 52
14654 36
14655 5
14656 25
14657 69
14658 69
14659 22
14660 30
14661 63
14662 46
14663 32
14664 31
14665 31
14666 41
14667 23
14668 18
14669 51
14670 35
14671 13
14672 70
14673 26
14674 80
14675 17
14676 25
14677 35
14678 92
14679 31
14680 11
14681 49
14682 13
14683 27
14684 84
14685 31
14686 63
14687 32
14688 41
14689 23
14690 35
14691 59
14692 12
14693 33
14694 37
14695 35
14696 24
14697 2
14698 23
14699 107
14700 27
14701 40
14702 14
14703 59
14704 77
14705 76
14706 32
14707 69
14708 20
14709 29
14710 18
14711 21
14712 77
14713 28
14714 45
14715 11
14716 43
14717 31
14718 14
14719 76
14720 15
14721 14
14722 21
14723 9
14724 44
14725 17
14726 50
14727 49
14728 30
14729 69
14730 7
14731 55
14732 22
14733 32
14734 41
14735 23
14736 53
14737 24
14738 14
14739 26
14740 26
14741 20
14742 11
14743 73
14744 31
14745 25
14746 41
14747 15
14748 40
14749 32
14750 38
14751 52
14752 65
14753 34
14754 42
14755 30
14756 80
14757 41
14758 59
14759 67
14760 51
14761 29
14762 9
14763 62
14764 12
14765 36
14766 56
14767 3
14768 13
14769 11
14770 27
14771 81
14772 50
14773 47
14774 94
14775 38
14776 20
14777 7
14778 13
14779 33
14780 73
14781 44
14782 28
14783 33
14784 49
14785 38
14786 55
14787 34
14788 32
14789 16
14790 33
14791 63
14792 39
14793 37
14794 58
14795 112
14796 45
14797 15
14798 87
14799 28
14800 62
14801 64
14802 87
14803 22
14804 7
14805 77
14806 13
14807 84
14808 3
14809 48
14810 117
14811 44
14812 14
14813 25
14814 21
14815 28
14816 12
14817 78
14818 24
14819 63
14820 5
14821 46
14822 45
14823 36
14824 62
14825 51
14826 15
14827 38
14828 42
14829 25
14830 25
14831 70
14832 52
14833 48
14834 28
14835 13
14836 50
14837 39
14838 44
14839 24
14840 17
14841 73
14842 12
14843 8
14844 103
14845 66
14846 23
14847 32
14848 33
14849 64
14850 22
14851 49
14852 40
14853 31
14854 44
14855 14
14856 64
14857 11
14858 56
14859 40
14860 4
14861 42
14862 86
14863 28
14864 41
14865 62
14866 41
14867 2
14868 78
14869 2
14870 45
14871 72
14872 23
14873 56
14874 36
14875 82
14876 67
14877 29
14878 61
14879 15
14880 31
14881 33
14882 33
14883 46
14884 18
14885 15
14886 42
14887 29
14888 50
14889 -7
14890 50
14891 64
14892 25
14893 45
14894 19
14895 20
14896 49
14897 42
14898 24
14899 38
14900 17
14901 43
14902 42
14903 29
14904 48
14905 35
14906 87
14907 26
14908 26
14909 17
14910 12
14911 44
14912 21
14913 41
14914 49
14915 15
14916 48
14917 25
14918 66
14919 59
14920 85
14921 23
14922 4
14923 22
14924 28
14925 58
14926 8
14927 41
14928 80
14929 21
14930 55
14931 47
14932 33
14933 31
14934 15
14935 60
14936 59
14937 103
14938 24
14939 24
14940 86
14941 68
14942 16
14943 18
14944 25
14945 22
14946 46
14947 63
14948 28
14949 56
14950 54
14951 46
14952 56
14953 15
14954 15
14955 1
14956 56
14957 18
14958 58
14959 30
14960 27
14961 10
14962 37
14963 63
14964 41
14965 18
14966 39
14967 40
14968 53
14969 18
14970 6
14971 0
14972 25
14973 43
14974 65
14975 15
14976 52
14977 20
14978 69
14979 56
14980 25
14981 29
14982 37
14983 31
14984 24
14985 9
14986 18
14987 19
14988 28
14989 89
14990 92
14991 23
14992 8
14993 82
14994 58
14995 69
14996 42
14997 21
14998 19
14999 25
15000 63
15001 30
15002 12
15003 11
15004 27
15005 50
15006 16
15007 108
15008 15
15009 93
15010 68
15011 11
15012 13
15013 2
15014 23
15015 0
15016 41
15017 36
15018 96
15019 24
15020 40
15021 18
15022 39
15023 41
15024 16
15025 45
15026 26
15027 50
15028 31
15029 28
15030 100
15031 37
15032 57
15033 10
15034 9
15035 58
15036 30
15037 64
15038 47
15039 32
15040 67
15041 99
15042 29
15043 34
15044 21
15045 3
15046 11
15047 47
15048 17
15049 47
15050 23
15051 10
15052 58
15053 34
15054 55
15055 3
15056 16
15057 33
15058 27
15059 28
15060 62
15061 27
15062 37
15063 47
15064 47
15065 16
15066 60
15067 7
15068 14
15069 18
15070 26
15071 41
15072 33
15073 16
15074 38
15075 44
15076 96
15077 3
15078 8
15079 87
15080 86
15081 73
15082 43
15083 44
15084 23
15085 49
15086 55
15087 108
15088 36
15089 62
15090 66
15091 42
15092 16
15093 25
15094 56
15095 24
15096 49
15097 20
15098 52
15099 18
15100 33
15101 23
15102 26
15103 24
15104 45
15105 53
15106 10
15107 34
15108 20
15109 21
15110 27
15111 49
15112 44
15113 32
15114 7
15115 6
15116 36
15117 76
15118 44
15119 80
15120 49
15121 126
15122 43
15123 7
15124 61
15125 19
15126 10
15127 56
15128 35
15129 26
15130 4
15131 27
15132 50
15133 8
15134 40
15135 82
15136 39
15137 43
15138 28
15139 40
15140 14
15141 32
15142 40
15143 83
15144 43
15145 32
15146 24
15147 48
15148 42
15149 14
15150 63
15151 53
15152 66
15153 30
15154 37
15155 3
15156 74
15157 53
15158 17
15159 32
15160 26
15161 19
15162 47
15163 41
15164 23
15165 35
15166 45
15167 48
15168 77
15169 29
15170 39
15171 29
15172 11
15173 18
15174 37
15175 31
15176 50
15177 52
15178 36
15179 92
15180 62
15181 64
15182 21
15183 7
15184 22
15185 44
15186 46
15187 20
15188 23
15189 20
15190 12
15191 34
15192 56
15193 63
15194 36
15195 78
15196 10
15197 25
15198 63
15199 5
15200 36
15201 26
15202 31
15203 26
15204 93
15205 19
15206 46
15207 94
15208 9
15209 19
15210 19
15211 35
15212 51
15213 16
15214 75
15215 51
15216 117
15217 20
15218 83
15219 31
15220 34
15221 46
15222 69
15223 25
15224 3
15225 24
15226 65
15227 59
15228 80
15229 57
15230 45
15231 -6
15232 47
15233 28
15234 37
15235 42
15236 90
15237 25
15238 18
15239 44
15240 52
15241 -11
15242 70
15243 1
15244 2
15245 4
15246 30
15247 17
15248 24
15249 54
15250 50
15251 114
15252 97
15253 34
15254 72
15255 22
15256 39
15257 64
15258 33
15259 46
15260 15
15261 100
15262 29
15263 21
15264 54
15265 79
15266 48
15267 13
15268 50
15269 47
15270 61
15271 43
15272 23
15273 16
15274 77
15275 54
15276 43
15277 45
15278 86
15279 77
15280 42
15281 44
15282 29
15283 6
15284 43
15285 22
15286 52
15287 51
15288 28
15289 9
15290 58
15291 24
15292 60
15293 20
15294 21
15295 24
15296 43
15297 28
15298 40
15299 71
15300 0
15301 34
15302 28
15303 26
15304 57
15305 1
15306 43
15307 50
15308 58
15309 37
15310 39
15311 53
15312 38
15313 98
15314 77
15315 32
15316 32
15317 9
15318 34
15319 20
15320 102
15321 48
15322 54
15323 59
15324 46
15325 29
15326 29
15327 36
15328 48
15329 52
15330 42
15331 39
15332 81
15333 57
15334 52
15335 29
15336 47
15337 44
15338 29
15339 61
15340 38
15341 22
15342 43
15343 40
15344 28
15345 -11
15346 9
15347 35
15348 2
15349 40
15350 51
15351 9
15352 21
15353 45
15354 44
15355 26
15356 44
15357 73
15358 67
15359 39
15360 33
15361 22
15362 75
15363 26
15364 13
15365 44
15366 50
15367 42
15368 54
15369 33
15370 33
15371 24
15372 24
15373 33
15374 31
15375 29
15376 105
15377 6
15378 59
15379 23
15380 32
15381 19
15382 74
15383 16
15384 20
15385 80
15386 97
15387 29
15388 42
15389 55
15390 26
15391 48
15392 11
15393 50
15394 77
15395 19
15396 35
15397 83
15398 23
15399 16
15400 82
15401 89
15402 18
15403 39
15404 28
15405 61
15406 39
15407 26
15408 39
15409 23
15410 38
15411 23
15412 18
15413 62
15414 20
15415 16
15416 36
15417 96
15418 30
15419 9
15420 34
15421 71
15422 26
15423 46
15424 25
15425 4
15426 41
15427 54
15428 37
15429 29
15430 37
15431 45
15432 37
15433 36
15434 23
15435 63
15436 71
15437 41
15438 48
15439 31
15440 -2
15441 44
15442 23
15443 71
15444 68
15445 30
15446 15
15447 46
15448 21
15449 62
15450 19
15451 39
15452 26
15453 41
15454 70
15455 44
15456 37
15457 22
15458 32
15459 26
15460 36
15461 43
15462 15
15463 34
15464 9
15465 24
15466 79
15467 28
15468 63
15469 19
15470 21
15471 76
15472 6
15473 28
15474 77
15475 110
15476 70
15477 34
15478 40
15479 28
15480 17
15481 66
15482 31
15483 17
15484 15
15485 55
15486 43
15487 20
15488 19
15489 21
15490 17
15491 31
15492 45
15493 70
15494 5
15495 40
15496 17
15497 11
15498 63
15499 30
15500 20
15501 33
15502 21
15503 10
15504 56
15505 22
15506 11
15507 43
15508 27
15509 39
15510 14
15511 103
15512 26
15513 33
15514 16
15515 48
15516 63
15517 14
15518 61
15519 3
15520 54
15521 54
15522 6
15523 30
15524 55
15525 20
15526 14
15527 62
15528 69
15529 41
15530 37
15531 44
15532 18
15533 60
15534 26
15535 22
15536 39
15537 17
15538 53
15539 21
15540 29
15541 41
15542 15
15543 40
15544 -9
15545 82
15546 21
15547 21
15548 62
15549 -12
15550 4
15551 11
15552 108
15553 79
15554 40
15555 29
15556 3
15557 21
15558 22
15559 37
15560 26
15561 35
15562 53
15563 32
15564 25
15565 25
15566 57
15567 -3
15568 26
15569 79
15570 26
15571 35
15572 23
15573 16
15574 10
15575 84
15576 32
15577 21
15578 5
15579 39
15580 8
15581 13
15582 46
15583 12
15584 33
15585 50
15586 50
15587 26
15588 57
15589 25
15590 22
15591 49
15592 -17
15593 61
15594 22
15595 36
15596 8
15597 81
15598 30
15599 15
15600 71
15601 41
15602 55
15603 49
15604 49
15605 68
15606 66
15607 72
15608 47
15609 29
15610 79
15611 56
15612 27
15613 51
15614 56
15615 26
15616 37
15617 77
15618 37
15619 82
15620 18
15621 35
15622 74
15623 43
15624 4
15625 26
15626 65
15627 22
15628 12
15629 20
15630 28
15631 77
15632 67
15633 27
15634 40
15635 57
15636 74
15637 24
15638 37
15639 36
15640 12
15641 3
15642 59
15643 40
15644 67
15645 8
15646 66
15647 35
15648 25
15649 47
15650 70
15651 23
15652 63
15653 11
15654 54
15655 27
15656 27
15657 77
15658 76
15659 60
15660 53
15661 45
15662 28
15663 56
15664 7
15665 22
15666 37
15667 8
15668 100
15669 13
15670 65
15671 37
15672 24
15673 10
15674 37
15675 35
15676 22
15677 21
15678 30
15679 46
15680 18
15681 40
15682 29
15683 22
15684 35
15685 57
15686 42
15687 47
15688 6
15689 36
15690 45
15691 34
15692 67
15693 25
15694 34
15695 28
15696 32
15697 56
15698 28
15699 80
15700 54
15701 29
15702 43
15703 31
15704 33
15705 67
15706 44
15707 56
15708 9
15709 8
15710 48
15711 36
15712 15
15713 85
15714 70
15715 43
15716 31
15717 63
15718 28
15719 29
15720 87
15721 28
15722 59
15723 69
15724 60
15725 17
15726 19
15727 28
15728 26
15729 45
15730 28
15731 16
15732 68
15733 41
15734 48
15735 9
15736 26
15737 57
15738 51
15739 16
15740 51
15741 35
15742 23
15743 6
15744 82
15745 18
15746 6
15747 22
15748 20
15749 86
15750 43
15751 77
15752 56
15753 16
15754 20
15755 40
15756 88
15757 42
15758 13
15759 18
15760 92
15761 45
15762 30
15763 51
15764 85
15765 33
15766 26
15767 19
15768 33
15769 57
15770 23
15771 51
15772 61
15773 29
15774 6
15775 37
15776 99
15777 12
15778 34
15779 39
15780 36
15781 72
15782 28
15783 43
15784 33
15785 45
15786 23
15787 37
15788 70
15789 21
15790 48
15791 13
15792 50
15793 37
15794 51
15795 47
15796 27
15797 85
15798 32
15799 40
15800 62
15801 20
15802 8
15803 24
15804 18
15805 29
15806 7
15807 4
15808 37
15809 63
15810 44
15811 87
15812 32
15813 35
15814 21
15815 91
15816 25
15817 77
15818 31
15819 19
15820 17
15821 17
15822 -3
15823 43
15824 22
15825 -2
15826 14
15827 104
15828 53
15829 16
15830 88
15831 14
15832 21
15833 62
15834 9
15835 44
15836 17
15837 62
15838 25
15839 63
15840 50
15841 18
15842 2
15843 5
15844 37
15845 4
15846 38
15847 57
15848 30
15849 46
15850 37
15851 31
15852 114
15853 59
15854 46
15855 13
15856 40
15857 0
15858 23
15859 49
15860 6
15861 31
15862 16
15863 39
15864 54
15865 11
15866 28
15867 53
15868 52
15869 21
15870 25
15871 14
15872 9
15873 43
15874 42
15875 58
15876 30
15877 18
15878 -3
15879 49
15880 15
15881 -6
15882 35
15883 75
15884 17
15885 30
15886 30
15887 69
15888 37
15889 50
15890 25
15891 67
15892 21
15893 28
15894 37
15895 15
15896 24
15897 14
15898 88
15899 35
15900 14
15901 24
15902 21
15903 93
15904 29
15905 27
15906 92
15907 48
15908 41
15909 41
15910 22
15911 23
15912 28
15913 51
15914 34
15915 9
15916 61
15917 47
15918 20
15919 40
15920 81
15921 29
15922 15
15923 28
15924 50
15925 10
15926 76
15927 5
15928 29
15929 32
15930 13
15931 30
15932 48
15933 25
15934 30
15935 21
15936 41
15937 36
15938 13
15939 44
15940 16
15941 90
15942 59
15943 74
15944 39
15945 69
15946 32
15947 15
15948 44
15949 32
15950 28
15951 13
15952 85
15953 20
15954 25
15955 24
15956 28
15957 65
15958 39
15959 41
15960 37
15961 60
15962 33
15963 75
15964 53
15965 63
15966 39
15967 28
15968 53
15969 18
15970 27
15971 30
15972 68
15973 69
15974 85
15975 67
15976 17
15977 4
15978 30
15979 37
15980 27
15981 58
15982 55
15983 55
15984 45
15985 67
15986 81
15987 2
15988 28
15989 61
15990 16
15991 13
15992 20
15993 54
15994 30
15995 53
15996 37
15997 43
15998 21
15999 63
16000 11
16001 67
16002 70
16003 39
16004 49
16005 39
16006 32
16007 79
16008 26
16009 62
16010 28
16011 16
16012 31
16013 45
16014 -1
16015 36
16016 38
16017 15
16018 35
16019 56
16020 113
16021 36
16022 52
16023 40
16024 18
16025 36
16026 4
16027 66
16028 24
16029 22
16030 -2
16031 12
16032 10
16033 28
16034 43
16035 26
16036 37
16037 101
16038 19
16039 30
16040 31
16041 59
16042 22
16043 0
16044 47
16045 79
16046 54
16047 3
16048 21
16049 45
16050 83
16051 24
16052 68
16053 32
16054 40
16055 23
16056 12
16057 62
16058 42
16059 63
16060 21
16061 37
16062 38
16063 28
16064 57
16065 27
16066 77
16067 69
16068 24
16069 37
16070 31
16071 28
16072 40
16073 9
16074 44
16075 10
16076 47
16077 58
16078 32
16079 25
16080 75
16081 79
16082 42
16083 15
16084 34
16085 6
16086 22
16087 111
16088 58
16089 55
16090 28
16091 45
16092 55
16093 62
16094 79
16095 45
16096 54
16097 26
16098 31
16099 55
16100 7
16101 56
16102 10
16103 17
16104 57
16105 51
16106 74
16107 13
16108 20
16109 26
16110 17
16111 26
16112 20
16113 45
16114 41
16115 62
16116 46
16117 23
16118 49
16119 43
16120 61
16121 28
16122 74
16123 -4
16124 59
16125 73
16126 55
16127 27
16128 57
16129 29
16130 31
16131 68
16132 32
16133 14
16134 26
16135 36
16136 86
16137 38
16138 63
16139 33
16140 32
16141 24
16142 77
16143 98
16144 41
16145 24
16146 82
16147 25
16148 37
16149 10
16150 54
16151 18
16152 36
16153 13
16154 32
16155 7
16156 24
16157 20
16158 26
16159 47
16160 18
16161 40
16162 14
16163 20
16164 49
16165 4
16166 36
16167 90
16168 36
16169 10
16170 -1
16171 45
16172 37
16173 44
16174 2
16175 63
16176 11
16177 42
16178 27
16179 53
16180 57
16181 10
16182 9
16183 41
16184 46
16185 12
16186 22
16187 24
16188 46
16189 28
16190 30
16191 24
16192 53
16193 19
16194 16
16195 57
16196 24
16197 45
16198 41
16199 54
16200 34
16201 72
16202 35
16203 83
16204 17
16205 12
16206 29
16207 25
16208 13
16209 48
16210 23
16211 32
16212 34
16213 47
16214 32
16215 23
16216 -7
16217 22
16218 36
16219 61
16220 19
16221 48
16222 81
16223 31
16224 19
16225 48
16226 98
16227 48
16228 22
16229 27
16230 23
16231 32
16232 30
16233 73
16234 51
16235 48
16236 61
16237 39
16238 3
16239 45
16240 5
16241 40
16242 42
16243 44
16244 23
16245 90
16246 37
16247 56
16248 42
16249 11
16250 43
16251 45
16252 48
16253 37
16254 18
16255 59
16256 81
16257 55
16258 3
16259 47
16260 49
16261 24
16262 45
16263 45
16264 15
16265 31
16266 18
16267 93
16268 41
16269 36
16270 81
16271 46
16272 53
16273 59
16274 37
16275 48
16276 81
16277 10
16278 37
16279 64
16280 -11
16281 42
16282 19
16283 36
16284 8
16285 22
16286 12
16287 12
16288 49
16289 27
16290 35
16291 26
16292 82
16293 11
16294 23
16295 5
16296 18
16297 28
16298 17
16299 40
16300 56
16301 20
16302 38
16303 9
16304 15
16305 33
16306 18
16307 4
16308 36
16309 46
16310 16
16311 7
16312 -13
16313 22
16314 33
16315 35
16316 30
16317 17
16318 8
16319 39
16320 54
16321 53
16322 44
16323 95
16324 29
16325 76
16326 23
16327 15
16328 66
16329 36
16330 24
16331 48
16332 33
16333 10
16334 27
16335 20
16336 24
16337 24
16338 12
16339 46
16340 29
16341 45
16342 117
16343 24
16344 44
16345 28
16346 39
16347 49
16348 32
16349 44
16350 43
16351 29
16352 21
16353 39
16354 33
16355 60
16356 67
16357 16
16358 57
16359 34
16360 26
16361 64
16362 42
16363 87
16364 33
16365 34
16366 45
16367 35
16368 96
16369 13
16370 31
16371 19
16372 27
16373 51
16374 12
16375 68
16376 51
16377 17
16378 36
16379 26
16380 22
16381 37
16382 61
16383 88
16384 21
16385 26
16386 61
16387 62
16388 25
16389 24
16390 6
16391 18
16392 35
16393 11
16394 40
16395 15
16396 12
16397 7
16398 13
16399 36
16400 54
16401 23
16402 60
16403 24
16404 31
16405 16
16406 17
16407 22
16408 28
16409 32
16410 40
16411 6
16412 18
16413 76
16414 64
16415 53
16416 19
16417 15
16418 45
16419 9
16420 22
16421 37
16422 70
16423 52
16424 46
16425 19
16426 34
16427 14
16428 63
16429 30
16430 25
16431 28
16432 37
16433 36
16434 36
16435 49
16436 38
16437 18
16438 36
16439 60
16440 69
16441 36
16442 32
16443 40
16444 94
16445 21
16446 57
16447 35
16448 70
16449 4
16450 25
16451 15
16452 16
16453 81
16454 48
16455 11
16456 36
16457 43
16458 21
16459 28
16460 44
16461 66
16462 34
16463 37
16464 41
16465 46
16466 24
16467 30
16468 22
16469 34
16470 50
16471 51
16472 14
16473 49
16474 4
16475 52
16476 75
16477 17
16478 22
16479 41
16480 12
16481 14
16482 17
16483 20
16484 103
16485 31
16486 14
16487 18
16488 28
16489 21
16490 36
16491 42
16492 17
16493 23
16494 33
16495 12
16496 4
16497 38
16498 50
16499 36
16500 0
16501 3
16502 38
16503 61
16504 44
16505 58
16506 100
16507 48
16508 37
16509 19
16510 22
16511 62
16512 62
16513 14
16514 44
16515 8
16516 41
16517 71
16518 33
16519 23
16520 25
16521 28
16522 44
16523 -1
16524 32
16525 69
16526 20
16527 24
16528 22
16529 78
16530 58
16531 79
16532 37
16533 26
16534 24
16535 35
16536 33
16537 62
16538 44
16539 22
16540 64
16541 -8
16542 20
16543 34
16544 17
16545 42
16546 9
16547 26
16548 54
16549 83
16550 36
16551 45
16552 21
16553 67
16554 -1
16555 67
16556 24
16557 17
16558 43
16559 7
16560 44
16561 67
16562 7
16563 36
16564 49
16565 19
16566 28
16567 25
16568 64
16569 69
16570 46
16571 28
16572 20
16573 30
16574 74
16575 81
16576 33
16577 49
16578 24
16579 19
16580 29
16581 88
16582 20
16583 58
16584 21
16585 24
16586 9
16587 -2
16588 18
16589 116
16590 33
16591 19
16592 28
16593 91
16594 99
16595 1
16596 54
16597 50
16598 41
16599 14
16600 2
16601 41
16602 48
16603 19
16604 88
16605 13
16606 64
16607 67
16608 11
16609 26
16610 42
16611 26
16612 57
16613 34
16614 70
16615 43
16616 12
16617 115
16618 43
16619 73
16620 22
16621 13
16622 34
16623 55
16624 48
16625 19
16626 9
16627 27
16628 19
16629 38
16630 14
16631 18
16632 6
16633 61
16634 1
16635 43
16636 18
16637 37
16638 27
16639 31
16640 18
16641 41
16642 41
16643 17
16644 16
16645 51
16646 38
16647 45
16648 35
16649 41
16650 18
16651 1
16652 26
16653 117
16654 4
16655 36
16656 20
16657 57
16658 53
16659 -2
16660 39
16661 29
16662 22
16663 12
16664 22
16665 63
16666 83
16667 18
16668 46
16669 36
16670 52
16671 20
16672 35
16673 17
16674 56
16675 16
16676 69
16677 27
16678 73
16679 72
16680 20
16681 31
16682 24
16683 14
16684 1
16685 69
16686 48
16687 64
16688 91
16689 36
16690 40
16691 46
16692 43
16693 23
16694 20
16695 3
16696 0
16697 62
16698 50
16699 48
16700 29
16701 19
16702 67
16703 28
16704 24
16705 41
16706 22
16707 60
16708 18
16709 25
16710 25
16711 20
16712 69
16713 6
16714 62
16715 23
16716 59
16717 43
16718 11
16719 87
16720 19
16721 16
16722 10
16723 37
16724 25
16725 62
16726 7
16727 15
16728 21
16729 22
16730 108
16731 58
16732 86
16733 60
16734 33
16735 14
16736 21
16737 6
16738 20
16739 20
16740 44
16741 6
16742 43
16743 36
16744 19
16745 45
16746 13
16747 23
16748 56
16749 26
16750 50
16751 3
16752 51
16753 6
16754 76
16755 15
16756 13
16757 48
16758 40
16759 66
16760 -1
16761 30
16762 46
16763 29
16764 55
16765 27
16766 18
16767 29
16768 36
16769 71
16770 8
16771 24
16772 20
16773 27
16774 10
16775 22
16776 17
16777 11
16778 32
16779 40
16780 38
16781 37
16782 27
16783 22
16784 42
16785 11
16786 52
16787 49
16788 43
16789 26
16790 45
16791 41
16792 30
16793 28
16794 37
16795 31
16796 45
16797 64
16798 16
16799 12
16800 30
16801 99
16802 29
16803 44
16804 64
16805 20
16806 20
16807 27
16808 16
16809 58
16810 -3
16811 84
16812 39
16813 35
16814 50
16815 17
16816 57
16817 23
16818 34
16819 76
16820 45
16821 46
16822 33
16823 39
16824 53
16825 25
16826 62
16827 -2
16828 68
16829 23
16830 44
16831 22
16832 55
16833 28
16834 12
16835 55
16836 62
16837 33
16838 51
16839 17
16840 11
16841 48
16842 41
16843 59
16844 82
16845 49
16846 60
16847 21
16848 18
16849 24
16850 36
16851 16
16852 31
16853 10
16854 12
16855 34
16856 10
16857 28
16858 39
16859 -3
16860 33
16861 37
16862 16
16863 51
16864 33
16865 16
16866 -19
16867 78
16868 36
16869 55
16870 9
16871 32
16872 41
16873 34
16874 45
16875 14
16876 48
16877 43
16878 35
16879 48
16880 44
16881 17
16882 68
16883 16
16884 36
16885 53
16886 58
16887 34
16888 75
16889 41
16890 2
16891 13
16892 94
16893 52
16894 24
16895 79
16896 1
16897 43
16898 24
16899 20
16900 27
16901 21
16902 36
16903 77
16904 7
16905 33
16906 58
16907 14
16908 32
16909 28
16910 14
16911 25
16912 14
16913 52
16914 44
16915 17
16916 29
16917 38
16918 32
16919 37
16920 23
16921 19
16922 46
16923 56
16924 16
16925 38
16926 60
16927 17
16928 29
16929 28
16930 64
16931 37
16932 57
16933 1
16934 48
16935 5
16936 29
16937 27
16938 6
16939 21
16940 20
16941 72
16942 47
16943 15
16944 48
16945 27
16946 85
16947 53
16948 46
16949 33
16950 14
16951 19
16952 18
16953 -2
16954 32
16955 25
16956 51
16957 28
16958 66
16959 65
16960 11
16961 22
16962 16
16963 33
16964 19
16965 81
16966 29
16967 22
16968 67
16969 24
16970 44
16971 -5
16972 42
16973 65
16974 56
16975 79
16976 5
16977 29
16978 64
16979 27
16980 49
16981 15
16982 33
16983 7
16984 7
16985 16
16986 44
16987 17
16988 49
16989 93
16990 16
16991 75
16992 62
16993 19
16994 62
16995 23
16996 28
16997 39
16998 71
16999 30
17000 47
17001 7
17002 45
17003 5
17004 47
17005 47
17006 36
17007 44
17008 65
17009 16
17010 55
17011 37
17012 66
17013 55
17014 38
17015 49
17016 2
17017 20
17018 42
17019 46
17020 31
17021 23
17022 16
17023 36
17024 38
17025 26
17026 33
17027 14
17028 0
17029 16
17030 18
17031 56
17032 24
17033 78
17034 32
17035 47
17036 89
17037 72
17038 6
17039 19
17040 34
17041 19
17042 17
17043 59
17044 44
17045 65
17046 4
17047 28
17048 33
17049 13
17050 37
17051 70
17052 -6
17053 24
17054 35
17055 38
17056 42
17057 78
17058 32
17059 36
17060 36
17061 44
17062 72
17063 15
17064 29
17065 26
17066 33
17067 24
17068 57
17069 99
17070 43
17071 26
17072 65
17073 30
17074 29
17075 26
17076 60
17077 32
17078 72
17079 25
17080 33
17081 15
17082 30
17083 51
17084 1
17085 27
17086 112
17087 57
17088 34
17089 20
17090 19
17091 34
17092 27
17093 43
17094 30
17095 27
17096 38
17097 71
17098 10
17099 68
17100 27
17101 28
17102 22
17103 34
17104 16
17105 -5
17106 42
17107 47
17108 21
17109 53
17110 74
17111 30
17112 32
17113 29
17114 17
17115 84
17116 59
17117 59
17118 27
17119 65
17120 59
17121 22
17122 45
17123 71
17124 21
17125 29
17126 30
17127 38
17128 21
17129 19
17130 44
17131 32
17132 18
17133 41
17134 19
17135 18
17136 16
17137 16
17138 28
17139 36
17140 67
17141 32
17142 33
17143 13
17144 -1
17145 25
17146 20
17147 34
17148 44
17149 39
17150 49
17151 23
17152 35
17153 70
17154 24
17155 111
17156 21
17157 56
17158 56
17159 65
17160 21
17161 33
17162 17
17163 23
17164 42
17165 26
17166 41
17167 13
17168 33
17169 50
17170 82
17171 62
17172 56
17173 53
17174 6
17175 29
17176 63
17177 32
17178 25
17179 91
17180 0
17181 27
17182 19
17183 36
17184 10
17185 14
17186 32
17187 41
17188 7
17189 59
17190 22
17191 74
17192 42
17193 25
17194 69
17195 32
17196 46
17197 30
17198 33
17199 16
17200 31
17201 19
17202 29
17203 47
17204 1
17205 35
17206 60
17207 60
17208 35
17209 30
17210 27
17211 17
17212 63
17213 50
17214 98
17215 32
17216 29
17217 46
17218 86
17219 -3
17220 26
17221 38
17222 30
17223 32
17224 14
17225 54
17226 4
17227 64
17228 19
17229 1
17230 19
17231 44
17232 10
17233 28
17234 98
17235 53
17236 82
17237 60
17238 25
17239 24
17240 55
17241 57
17242 43
17243 90
17244 42
17245 20
17246 54
17247 88
17248 47
17249 18
17250 26
17251 47
17252 30
17253 12
17254 69
17255 41
17256 59
17257 38
17258 50
17259 17
17260 33
17261 37
17262 8
17263 46
17264 -9
17265 23
17266 10
17267 58
17268 12
17269 40
17270 6
17271 22
17272 -2
17273 54
17274 2
17275 28
17276 29
17277 72
17278 68
17279 21
17280 57
17281 15
17282 9
17283 61
17284 92
17285 31
17286 25
17287 70
17288 21
17289 34
17290 59
17291 65
17292 59
17293 29
17294 16
17295 28
17296 9
17297 10
17298 36
17299 41
17300 21
17301 33
17302 10
17303 3
17304 7
17305 22
17306 45
17307 29
17308 31
17309 57
17310 43
17311 45
17312 44
17313 29
17314 72
17315 26
17316 21
17317 42
17318 5
17319 49
17320 32
17321 94
17322 32
17323 48
17324 38
17325 84
17326 17
17327 46
17328 56
17329 56
17330 8
17331 10
17332 50
17333 78
17334 21
17335 27
17336 14
17337 21
17338 17
17339 33
17340 42
17341 31
17342 82
17343 51
17344 49
17345 91
17346 44
17347 40
17348 28
17349 18
17350 55
17351 27
17352 34
17353 39
17354 23
17355 30
17356 15
17357 21
17358 20
17359 17
17360 82
17361 78
17362 36
17363 104
17364 46
17365 23
17366 40
17367 34
17368 40
17369 40
17370 22
17371 55
17372 54
17373 75
17374 38
17375 64
17376 65
17377 29
17378 63
17379 26
17380 26
17381 74
17382 39
17383 34
17384 34
17385 26
17386 65
17387 61
17388 62
17389 31
17390 31
17391 36
17392 50
17393 30
17394 10
17395 39
17396 22
17397 72
17398 79
17399 46
17400 15
17401 69
17402 58
17403 55
17404 35
17405 55
17406 11
17407 11
17408 48
17409 44
17410 34
17411 23
17412 7
17413 65
17414 22
17415 15
17416 38
17417 44
17418 31
17419 50
17420 39
17421 24
17422 47
17423 40
17424 11
17425 16
17426 45
17427 21
17428 -4
17429 39
17430 15
17431 60
17432 50
17433 34
17434 53
17435 17
17436 11
17437 61
17438 86
17439 40
17440 45
17441 45
17442 17
17443 21
17444 28
17445 17
17446 4
17447 17
17448 22
17449 22
17450 24
17451 56
17452 16
17453 39
17454 12
17455 7
17456 30
17457 13
17458 28
17459 47
17460 6
17461 2
17462 43
17463 39
17464 82
17465 31
17466 19
17467 17
17468 78
17469 3
17470 59
17471 10
17472 43
17473 18
17474 39
17475 43
17476 27
17477 11
17478 27
17479 53
17480 8
17481 64
17482 54
17483 41
17484 8
17485 66
17486 42
17487 26
17488 25
17489 13
17490 77
17491 39
17492 14
17493 48
17494 14
17495 35
17496 45
17497 43
17498 30
17499 44
17500 21
17501 22
17502 27
17503 26
17504 88
17505 59
17506 61
17507 50
17508 11
17509 47
17510 -2
17511 51
17512 117
17513 62
17514 11
17515 53
17516 107
17517 97
17518 49
17519 24
17520 25
17521 28
17522 47
17523 1
17524 34
17525 13
17526 42
17527 11
17528 38
17529 44
17530 54
17531 25
17532 44
17533 31
17534 -6
17535 22
17536 10
17537 55
17538 67
17539 21
17540 29
17541 35
17542 17
17543 38
17544 43
17545 31
17546 37
17547 62
17548 27
17549 88
17550 23
17551 39
17552 -18
17553 35
17554 19
17555 96
17556 18
17557 43
17558 46
17559 28
17560 53
17561 58
17562 94
17563 41
17564 22
17565 43
17566 55
17567 55
17568 38
17569 8
17570 -3
17571 16
17572 75
17573 16
17574 52
17575 20
17576 29
17577 30
17578 17
17579 54
17580 49
17581 45
17582 36
17583 19
17584 17
17585 30
17586 23
17587 11
17588 55
17589 15
17590 21
17591 28
17592 24
17593 39
17594 26
17595 35
17596 17
17597 -3
17598 63
17599 12
17600 21
17601 27
17602 29
17603 14
17604 39
17605 44
17606 52
17607 42
17608 24
17609 46
17610 33
17611 54
17612 41
17613 33
17614 104
17615 25
17616 28
17617 28
17618 57
17619 62
17620 36
17621 70
17622 24
17623 18
17624 39
17625 38
17626 27
17627 3
17628 38
17629 14
17630 8
17631 65
17632 69
17633 38
17634 29
17635 13
17636 85
17637 20
17638 34
17639 65
17640 13
17641 21
17642 68
17643 10
17644 24
17645 63
17646 21
17647 37
17648 57
17649 58
17650 6
17651 2
17652 52
17653 29
17654 70
17655 36
17656 29
17657 24
17658 87
17659 40
17660 47
17661 23
17662 10
17663 12
17664 38
17665 41
17666 12
17667 55
17668 28
17669 0
17670 21
17671 42
17672 1
17673 5
17674 35
17675 7
17676 23
17677 24
17678 18
17679 29
17680 96
17681 13
17682 44
17683 50
17684 31
17685 41
17686 46
17687 0
17688 22
17689 26
17690 14
17691 26
17692 20
17693 25
17694 22
17695 17
17696 39
17697 23
17698 -5
17699 95
17700 51
17701 96
17702 11
17703 63
17704 47
17705 18
17706 27
17707 43
17708 9
17709 10
17710 24
17711 46
17712 25
17713 20
17714 61
17715 30
17716 27
17717 50
17718 51
17719 34
17720 24
17721 54
17722 56
17723 36
17724 56
17725 33
17726 16
17727 29
17728 73
17729 44
17730 107
17731 34
17732 41
17733 53
17734 50
17735 33
17736 42
17737 27
17738 40
17739 14
17740 100
17741 33
17742 63
17743 37
17744 26
17745 66
17746 14
17747 31
17748 38
17749 60
17750 13
17751 88
17752 19
17753 27
17754 25
17755 16
17756 13
17757 8
17758 30
17759 22
17760 30
17761 15
17762 23
17763 50
17764 43
17765 47
17766 14
17767 6
17768 38
17769 44
17770 32
17771 26
17772 43
17773 101
17774 32
17775 65
17776 36
17777 5
17778 110
17779 19
17780 90
17781 29
17782 17
17783 46
17784 83
17785 -2
17786 48
17787 23
17788 18
17789 27
17790 26
17791 116
17792 30
17793 14
17794 22
17795 24
17796 51
17797 60
17798 74
17799 40
17800 8
17801 47
17802 10
17803 68
17804 17
17805 26
17806 52
17807 29
17808 9
17809 67
17810 18
17811 58
17812 46
17813 31
17814 13
17815 1
17816 92
17817 46
17818 10
17819 26
17820 57
17821 46
17822 22
17823 29
17824 52
17825 45
17826 16
17827 23
17828 24
17829 25
17830 24
17831 1
17832 37
17833 9
17834 23
17835 27
17836 34
17837 18
17838 31
17839 27
17840 0
17841 44
17842 78
17843 48
17844 51
17845 13
17846 81
17847 43
17848 42
17849 22
17850 15
17851 22
17852 39
17853 38
17854 26
17855 18
17856 26
17857 14
17858 27
17859 11
17860 51
17861 13
17862 38
17863 7
17864 66
17865 55
17866 36
17867 73
17868 66
17869 26
17870 38
17871 16
17872 33
17873 40
17874 31
17875 13
17876 68
17877 27
17878 52
17879 28
17880 20
17881 67
17882 58
17883 9
17884 17
17885 84
17886 60
17887 23
17888 36
17889 38
17890 50
17891 37
17892 65
17893 44
17894 40
17895 26
17896 22
17897 24
17898 121
17899 36
17900 9
17901 3
17902 25
17903 23
17904 11
17905 51
17906 65
17907 68
17908 16
17909 7
17910 40
17911 19
17912 -2
17913 88
17914 31
17915 17
17916 35
17917 124
17918 41
17919 14
17920 39
17921 100
17922 80
17923 104
17924 10
17925 47
17926 13
17927 35
17928 14
17929 25
17930 38
17931 19
17932 45
17933 110
17934 64
17935 15
17936 50
17937 36
17938 36
17939 55
17940 31
17941 47
17942 78
17943 12
17944 82
17945 29
17946 54
17947 6
17948 8
17949 39
17950 0
17951 108
17952 28
17953 42
17954 28
17955 41
17956 17
17957 32
17958 30
17959 87
17960 19
17961 25
17962 102
17963 99
17964 17
17965 12
17966 71
17967 15
17968 35
17969 28
17970 22
17971 18
17972 19
17973 20
17974 43
17975 42
17976 23
17977 23
17978 30
17979 4
17980 42
17981 41
17982 48
17983 27
17984 17
17985 49
17986 24
17987 34
17988 78
17989 24
17990 61
17991 22
17992 39
17993 28
17994 20
17995 97
17996 86
17997 -1
17998 37
17999 34
18000 8
18001 14
18002 67
18003 30
18004 24
18005 79
18006 72
18007 60
18008 11
18009 15
18010 -1
18011 17
18012 30
18013 22
18014 33
18015 9
18016 16
18017 30
18018 32
18019 45
18020 37
18021 85
18022 23
18023 26
18024 -6
18025 52
18026 28
18027 40
18028 46
18029 23
18030 17
18031 21
18032 -3
18033 32
18034 43
18035 30
18036 49
18037 24
18038 45
18039 101
18040 34
18041 38
18042 36
18043 17
18044 25
18045 57
18046 79
18047 10
18048 34
18049 15
18050 26
18051 15
18052 25
18053 18
18054 23
18055 88
18056 41
18057 34
18058 28
18059 23
18060 15
18061 38
18062 21
18063 21
18064 53
18065 15
18066 23
18067 41
18068 47
18069 7
18070 11
18071 19
18072 24
18073 47
18074 41
18075 27
18076 41
18077 42
18078 68
18079 20
18080 70
18081 -4
18082 17
18083 90
18084 25
18085 11
18086 19
18087 13
18088 29
18089 15
18090 28
18091 33
18092 25
18093 54
18094 24
18095 49
18096 30
18097 59
18098 103
18099 52
18100 33
18101 29
18102 81
18103 32
18104 10
18105 57
18106 24
18107 62
18108 29
18109 23
18110 27
18111 8
18112 33
18113 30
18114 30
18115 29
18116 55
18117 29
18118 36
18119 41
18120 51
18121 13
18122 7
18123 19
18124 20
18125 45
18126 78
18127 36
18128 5
18129 14
18130 16
18131 37
18132 64
18133 12
18134 14
18135 7
18136 78
18137 11
18138 46
18139 23
18140 48
18141 43
18142 5
18143 29
18144 51
18145 45
18146 24
18147 40
18148 20
18149 37
18150 29
18151 13
18152 30
18153 29
18154 27
18155 17
18156 25
18157 46
18158 35
18159 38
18160 42
18161 25
18162 25
18163 20
18164 26
18165 39
18166 37
18167 12
18168 28
18169 28
18170 23
18171 6
18172 46
18173 13
18174 3
18175 26
18176 34
18177 35
18178 98
18179 27
18180 23
18181 69
18182 40
18183 63
18184 31
18185 16
18186 70
18187 28
18188 50
18189 42
18190 43
18191 19
18192 58
18193 19
18194 37
18195 52
18196 79
18197 50
18198 19
18199 0
18200 33
18201 18
18202 46
18203 60
18204 23
18205 14
18206 24
18207 20
18208 16
18209 76
18210 62
18211 42
18212 61
18213 51
18214 71
18215 17
18216 27
18217 25
18218 25
18219 17
18220 34
18221 65
18222 16
18223 22
18224 44
18225 33
18226 36
18227 2
18228 11
18229 15
18230 79
18231 21
18232 12
18233 9
18234 22
18235 16
18236 41
18237 31
18238 111
18239 35
18240 55
18241 26
18242 -5
18243 40
18244 1
18245 1
18246 36
18247 69
18248 11
18249 26
18250 37
18251 31
18252 71
18253 4
18254 31
18255 60
18256 44
18257 44
18258 12
18259 45
18260 77
18261 30
18262 26
18263 35
18264 63
18265 29
18266 79
18267 64
18268 18
18269 1
18270 61
18271 3
18272 41
18273 48
18274 115
18275 64
18276 17
18277 30
18278 61
18279 51
18280 27
18281 34
18282 82
18283 37
18284 54
18285 -7
18286 49
18287 15
18288 22
18289 37
18290 62
18291 38
18292 102
18293 47
18294 36
18295 58
18296 19
18297 21
18298 35
18299 28
18300 27
18301 59
18302 31
18303 67
18304 76
18305 12
18306 66
18307 9
18308 26
18309 33
18310 40
18311 37
18312 49
18313 88
18314 39
18315 15
18316 10
18317 49
18318 22
18319 58
18320 8
18321 86
18322 20
18323 26
18324 21
18325 31
18326 34
18327 30
18328 18
18329 1
18330 73
18331 34
18332 16
18333 75
18334 31
18335 -2
18336 30
18337 24
18338 39
18339 29
18340 8
18341 66
18342 90
18343 47
18344 34
18345 37
18346 14
18347 34
18348 18
18349 32
18350 -1
18351 15
18352 4
18353 46
18354 36
18355 21
18356 28
18357 42
18358 10
18359 38
18360 70
18361 35
18362 24
18363 26
18364 39
18365 11
18366 18
18367 28
18368 36
18369 26
18370 15
18371 3
18372 14
18373 30
18374 53
18375 33
18376 0
18377 9
18378 38
18379 55
18380 32
18381 29
18382 6
18383 32
18384 13
18385 13
18386 38
18387 43
18388 40
18389 -13
18390 29
18391 40
18392 18
18393 20
18394 15
18395 3
18396 46
18397 32
18398 15
18399 39
18400 23
18401 23
18402 20
18403 44
18404 64
18405 32
18406 17
18407 8
18408 71
18409 0
18410 43
18411 55
18412 99
18413 25
18414 38
18415 79
18416 122
18417 24
18418 14
18419 63
18420 44
18421 22
18422 54
18423 22
18424 87
18425 16
18426 23
18427 55
18428 10
18429 57
18430 28
18431 6
18432 17
18433 16
18434 37
18435 40
18436 46
18437 76
18438 48
18439 30
18440 57
18441 8
18442 62
18443 59
18444 43
18445 13
18446 96
18447 11
18448 50
18449 47
18450 16
18451 35
18452 46
18453 12
18454 31
18455 8
18456 36
18457 18
18458 -13
18459 21
18460 13
18461 16
18462 -8
18463 76
18464 45
18465 13
18466 89
18467 19
18468 62
18469 43
18470 51
18471 12
18472 26
18473 32
18474 33
18475 48
18476 8
18477 43
18478 26
18479 32
18480 57
18481 30
18482 23
18483 56
18484 8
18485 36
18486 41
18487 25
18488 16
18489 69
18490 22
18491 56
18492 48
18493 94
18494 48
18495 63
18496 31
18497 13
18498 17
18499 26
18500 72
18501 18
18502 25
18503 82
18504 -9
18505 31
18506 8
18507 27
18508 -5
18509 18
18510 40
18511 35
18512 30
18513 26
18514 35
18515 57
18516 19
18517 19
18518 49
18519 66
18520 29
18521 75
18522 58
18523 44
18524 9
18525 27
18526 26
18527 26
18528 31
18529 38
18530 29
18531 85
18532 42
18533 50
18534 23
18535 34
18536 72
18537 30
18538 6
18539 46
18540 5
18541 12
18542 18
18543 30
18544 38
18545 33
18546 8
18547 16
18548 27
18549 87
18550 12
18551 50
18552 90
18553 21
18554 66
18555 32
18556 6
18557 58
18558 18
18559 24
18560 63
18561 6
18562 28
18563 13
18564 29
18565 29
18566 22
18567 54
18568 30
18569 21
18570 23
18571 2
18572 43
18573 42
18574 67
18575 92
18576 29
18577 15
18578 43
18579 70
18580 2
18581 41
18582 54
18583 39
18584 26
18585 35
18586 26
18587 30
18588 27
18589 23
18590 37
18591 88
18592 -3
18593 19
18594 22
18595 5
18596 20
18597 8
18598 10
18599 35
18600 29
18601 36
18602 33
18603 18
18604 60
18605 37
18606 11
18607 42
18608 53
18609 23
18610 44
18611 76
18612 28
18613 15
18614 48
18615 15
18616 54
18617 20
18618 39
18619 7
18620 16
18621 12
18622 41
18623 7
18624 18
18625 36
18626 33
18627 20
18628 26
18629 51
18630 28
18631 31
18632 26
18633 42
18634 -19
18635 13
18636 54
18637 28
18638 21
18639 36
18640 37
18641 30
18642 49
18643 12
18644 16
18645 9
18646 31
18647 88
18648 68
18649 29
18650 25
18651 81
18652 8
18653 80
18654 27
18655 10
18656 25
18657 71
18658 -3
18659 32
18660 29
18661 24
18662 1
18663 11
18664 24
18665 46
18666 33
18667 5
18668 56
18669 13
18670 31
18671 24
18672 33
18673 10
18674 72
18675 22
18676 3
18677 42
18678 2
18679 17
18680 7
18681 10
18682 14
18683 8
18684 30
18685 24
18686 16
18687 53
18688 12
18689 48
18690 41
18691 77
18692 19
18693 60
18694 4
18695 51
18696 43
18697 31
18698 31
18699 57
18700 26
18701 10
18702 53
18703 22
18704 6
18705 88
18706 45
18707 39
18708 26
18709 37
18710 36
18711 16
18712 26
18713 62
18714 36
18715 34
18716 18
18717 26
18718 58
18719 17
18720 73
18721 14
18722 33
18723 76
18724 51
18725 19
18726 10
18727 24
18728 40
18729 30
18730 73
18731 33
18732 31
18733 25
18734 9
18735 6
18736 19
18737 13
18738 40
18739 73
18740 26
18741 20
18742 104
18743 22
18744 14
18745 5
18746 22
18747 14
18748 95
18749 21
18750 27
18751 13
18752 32
18753 37
18754 60
18755 81
18756 18
18757 33
18758 35
18759 13
18760 23
18761 26
18762 19
18763 28
18764 33
18765 95
18766 20
18767 78
18768 78
18769 40
18770 13
18771 37
18772 20
18773 71
18774 36
18775 38
18776 11
18777 36
18778 73
18779 39
18780 31
18781 72
18782 5
18783 23
18784 52
18785 41
18786 7
18787 62
18788 32
18789 33
18790 53
18791 22
18792 52
18793 38
18794 14
18795 64
18796 28
18797 54
18798 35
18799 93
18800 13
18801 30
18802 21
18803 21
18804 46
18805 19
18806 25
18807 64
18808 9
18809 -1
18810 26
18811 0
18812 38
18813 42
18814 44
18815 38
18816 23
18817 -3
18818 43
18819 50
18820 50
18821 53
18822 49
18823 64
18824 82
18825 31
18826 50
18827 53
18828 40
18829 44
18830 84
18831 62
18832 53
18833 30
18834 11
18835 8
18836 27
18837 37
18838 30
18839 38
18840 30
18841 63
18842 66
18843 40
18844 31
18845 18
18846 21
18847 35
18848 57
18849 15
18850 13
18851 50
18852 13
18853 38
18854 22
18855 23
18856 84
18857 46
18858 47
18859 39
18860 29
18861 27
18862 17
18863 16
18864 47
18865 34
18866 56
18867 41
18868 30
18869 53
18870 27
18871 34
18872 53
18873 13
18874 21
18875 69
18876 43
18877 27
18878 70
18879 54
18880 34
18881 57
18882 12
18883 16
18884 30
18885 33
18886 37
18887 0
18888 14
18889 24
18890 66
18891 62
18892 33
18893 32
18894 27
18895 36
18896 12
18897 21
18898 83
18899 97
18900 44
18901 32
18902 -1
18903 65
18904 30
18905 15
18906 34
18907 56
18908 27
18909 46
18910 18
18911 34
18912 60
18913 46
18914 13
18915 50
18916 19
18917 38
18918 36
18919 15
18920 55
18921 73
18922 82
18923 50
18924 47
18925 68
18926 74
18927 12
18928 43
18929 33
18930 57
18931 21
18932 31
18933 10
18934 51
18935 57
18936 20
18937 64
18938 15
18939 65
18940 24
18941 56
18942 34
18943 35
18944 22
18945 21
18946 25
18947 42
18948 26
18949 63
18950 54
18951 31
18952 15
18953 87
18954 70
18955 62
18956 6
18957 39
18958 36
18959 52
18960 29
18961 43
18962 94
18963 61
18964 17
18965 18
18966 50
18967 3
18968 17
18969 21
18970 21
18971 33
18972 40
18973 19
18974 1
18975 13
18976 90
18977 8
18978 40
18979 65
18980 1
18981 63
18982 60
18983 33
18984 64
18985 20
18986 92
18987 26
18988 -1
18989 44
18990 24
18991 69
18992 30
18993 76
18994 28
18995 39
18996 28
18997 31
18998 64
18999 59
19000 60
19001 45
19002 26
19003 43
19004 36
19005 31
19006 14
19007 15
19008 43
19009 11
19010 24
19011 5
19012 25
19013 34
19014 71
19015 42
19016 23
19017 86
19018 36
19019 57
19020 49
19021 30
19022 51
19023 19
19024 29
19025 44
19026 37
19027 41
19028 80
19029 9
19030 25
19031 23
19032 21
19033 33
19034 30
19035 16
19036 23
19037 52
19038 39
19039 26
19040 56
19041 54
19042 55
19043 28
19044 33
19045 31
19046 45
19047 22
19048 59
19049 41
19050 8
19051 62
19052 36
19053 44
19054 32
19055 31
19056 74
19057 -1
19058 33
19059 48
19060 40
19061 38
19062 22
19063 33
19064 95
19065 27
19066 35
19067 25
19068 79
19069 29
19070 22
19071 33
19072 67
19073 23
19074 108
19075 42
19076 35
19077 35
19078 38
19079 12
19080 25
19081 78
19082 101
19083 35
19084 11
19085 40
19086 22
19087 21
19088 6
19089 42
19090 28
19091 96
19092 64
19093 59
19094 37
19095 28
19096 20
19097 15
19098 49
19099 45
19100 8
19101 33
19102 5
19103 53
19104 17
19105 9
19106 35
19107 29
19108 12
19109 19
19110 24
19111 22
19112 48
19113 24
19114 90
19115 38
19116 32
19117 31
19118 18
19119 24
19120 29
19121 22
19122 88
19123 72
19124 26
19125 27
19126 31
19127 59
19128 63
19129 18
19130 103
19131 38
19132 2
19133 53
19134 21
19135 67
19136 22
19137 16
19138 57
19139 24
19140 -5
19141 -5
19142 34
19143 51
19144 25
19145 125
19146 12
19147 34
19148 14
19149 6
19150 3
19151 43
19152 35
19153 33
19154 39
19155 31
19156 -2
19157 22
19158 59
19159 27
19160 12
19161 30
19162 12
19163 19
19164 27
19165 4
19166 27
19167 84
19168 46
19169 79
19170 36
19171 19
19172 23
19173 23
19174 74
19175 19
19176 52
19177 4
19178 17
19179 51
19180 28
19181 32
19182 7
19183 5
19184 39
19185 -14
19186 52
19187 30
19188 12
19189 1
19190 46
19191 31
19192 12
19193 48
19194 22
19195 31
19196 79
19197 68
19198 25
19199 29
19200 38
19201 22
19202 12
19203 38
19204 27
19205 37
19206 26
19207 67
19208 89
19209 44
19210 17
19211 13
19212 36
19213 40
19214 19
19215 33
19216 61
19217 69
19218 57
19219 50
19220 37
19221 26
19222 36
19223 30
19224 54
19225 17
19226 17
19227 8
19228 68
19229 40
19230 26
19231 42
19232 51
19233 3
19234 38
19235 18
19236 42
19237 64
19238 35
19239 21
19240 27
19241 95
19242 74
19243 10
19244 42
19245 51
19246 16
19247 79
19248 36
19249 93
19250 16
19251 15
19252 105
19253 64
19254 14
19255 38
19256 36
19257 19
19258 24
19259 25
19260 40
19261 32
19262 45
19263 18
19264 11
19265 6
19266 22
19267 88
19268 10
19269 25
19270 6
19271 44
19272 43
19273 46
19274 36
19275 77
19276 13
19277 43
19278 47
19279 -14
19280 49
19281 62
19282 14
19283 12
19284 22
19285 9
19286 65
19287 15
19288 18
19289 82
19290 19
19291 -5
19292 23
19293 53
19294 101
19295 12
19296 30
19297 -19
19298 34
19299 26
19300 56
19301 28
19302 35
19303 41
19304 54
19305 13
19306 23
19307 28
19308 28
19309 36
19310 41
19311 27
19312 56
19313 -8
19314 63
19315 25
19316 21
19317 42
19318 25
19319 63
19320 44
19321 41
19322 125
19323 31
19324 14
19325 23
19326 27
19327 75
19328 27
19329 19
19330 28
19331 48
19332 46
19333 37
19334 6
19335 26
19336 34
19337 10
19338 32
19339 20
19340 54
19341 28
19342 14
19343 32
19344 21
19345 8
19346 89
19347 33
19348 22
19349 0
19350 35
19351 20
19352 76
19353 30
19354 31
19355 79
19356 47
19357 22
19358 32
19359 37
19360 75
19361 64
19362 83
19363 23
19364 18
19365 8
19366 20
19367 28
19368 27
19369 88
19370 -2
19371 77
19372 71
19373 11
19374 28
19375 4
19376 52
19377 16
19378 32
19379 26
19380 38
19381 54
19382 34
19383 88
19384 26
19385 85
19386 1
19387 20
19388 31
19389 60
19390 43
19391 20
19392 15
19393 51
19394 36
19395 59
19396 62
19397 34
19398 -2
19399 18
19400 1
19401 49
19402 25
19403 26
19404 -7
19405 30
19406 18
19407 5
19408 40
19409 16
19410 80
19411 22
19412 49
19413 27
19414 38
19415 95
19416 32
19417 22
19418 96
19419 28
19420 17
19421 33
19422 32
19423 30
19424 45
19425 30
19426 47
19427 39
19428 68
19429 15
19430 30
19431 10
19432 90
19433 22
19434 16
19435 0
19436 61
19437 68
19438 77
19439 23
19440 56
19441 8
19442 22
19443 21
19444 24
19445 18
19446 43
19447 51
19448 23
19449 38
19450 80
19451 32
19452 109
19453 2
19454 59
19455 12
19456 19
19457 51
19458 35
19459 -1
19460 29
19461 67
19462 3
19463 16
19464 104
19465 59
19466 25
19467 38
19468 28
19469 9
19470 39
19471 43
19472 38
19473 59
19474 35
19475 73
19476 29
19477 34
19478 30
19479 48
19480 12
19481 33
19482 11
19483 21
19484 13
19485 23
19486 25
19487 30
19488 8
19489 28
19490 40
19491 47
19492 37
19493 29
19494 45
19495 15
19496 37
19497 60
19498 34
19499 28
19500 5
19501 19
19502 12
19503 48
19504 37
19505 27
19506 54
19507 27
19508 10
19509 0
19510 72
19511 35
19512 38
19513 24
19514 43
19515 8
19516 53
19517 9
19518 26
19519 22
19520 19
19521 80
19522 30
19523 33
19524 68
19525 90
19526 51
19527 41
19528 95
19529 78
19530 10
19531 90
19532 23
19533 40
19534 12
19535 25
19536 39
19537 72
19538 19
19539 31
19540 31
19541 100
19542 22
19543 29
19544 37
19545 33
19546 14
19547 25
19548 50
19549 33
19550 83
19551 40
19552 39
19553 16
19554 31
19555 39
19556 12
19557 18
19558 25
19559 40
19560 33
19561 37
19562 20
19563 36
19564 35
19565 39
19566 65
19567 -8
19568 32
19569 64
19570 11
19571 19
19572 21
19573 29
19574 21
19575 48
19576 99
19577 60
19578 13
19579 20
19580 34
19581 7
19582 4
19583 48
19584 22
19585 49
19586 32
19587 73
19588 46
19589 0
19590 29
19591 68
19592 32
19593 51
19594 33
19595 30
19596 55
19597 13
19598 35
19599 36
19600 78
19601 43
19602 45
19603 13
19604 35
19605 30
19606 42
19607 4
19608 76
19609 28
19610 7
19611 34
19612 33
19613 37
19614 18
19615 56
19616 15
19617 100
19618 43
19619 19
19620 33
19621 25
19622 15
19623 8
19624 27
19625 43
19626 29
19627 54
19628 32
19629 97
19630 21
19631 58
19632 52
19633 3
19634 54
19635 46
19636 32
19637 34
19638 39
19639 67
19640 56
19641 13
19642 25
19643 43
19644 35
19645 19
19646 22
19647 41
19648 42
19649 10
19650 25
19651 89
19652 45
19653 13
19654 25
19655 37
19656 22
19657 29
19658 33
19659 38
19660 45
19661 41
19662 62
19663 29
19664 58
19665 13
19666 30
19667 31
19668 54
19669 69
19670 29
19671 12
19672 47
19673 56
19674 3
19675 44
19676 27
19677 13
19678 33
19679 11
19680 31
19681 34
19682 53
19683 11
19684 7
19685 42
19686 63
19687 7
19688 30
19689 8
19690 25
19691 69
19692 53
19693 50
19694 15
19695 8
19696 39
19697 46
19698 22
19699 11
19700 29
19701 -15
19702 114
19703 4
19704 44
19705 32
19706 35
19707 56
19708 35
19709 21
19710 40
19711 41
19712 38
19713 7
19714 34
19715 4
19716 26
19717 1
19718 17
19719 59
19720 17
19721 44
19722 22
19723 45
19724 42
19725 50
19726 58
19727 21
19728 15
19729 32
19730 71
19731 26
19732 119
19733 25
19734 37
19735 12
19736 28
19737 12
19738 14
19739 35
19740 28
19741 48
19742 29
19743 36
19744 29
19745 14
19746 34
19747 18
19748 13
19749 41
19750 23
19751 16
19752 90
19753 61
19754 10
19755 -2
19756 26
19757 10
19758 23
19759 46
19760 14
19761 79
19762 37
19763 47
19764 34
19765 19
19766 55
19767 13
19768 4
19769 8
19770 36
19771 15
19772 43
19773 13
19774 16
19775 48
19776 22
19777 78
19778 41
19779 18
19780 39
19781 44
19782 25
19783 21
19784 46
19785 26
19786 45
19787 74
19788 32
19789 25
19790 34
19791 59
19792 30
19793 29
19794 2
19795 28
19796 26
19797 15
19798 51
19799 46
19800 42
19801 42
19802 27
19803 23
19804 43
19805 22
19806 57
19807 54
19808 29
19809 54
19810 42
19811 22
19812 30
19813 49
19814 40
19815 37
19816 58
19817 22
19818 59
19819 24
19820 41
19821 14
19822 78
19823 63
19824 21
19825 60
19826 31
19827 47
19828 25
19829 44
19830 14
19831 44
19832 58
19833 69
19834 18
19835 66
19836 30
19837 42
19838 39
19839 62
19840 16
19841 71
19842 32
19843 33
19844 22
19845 39
19846 14
19847 60
19848 29
19849 16
19850 20
19851 42
19852 26
19853 23
19854 32
19855 47
19856 13
19857 6
19858 67
19859 73
19860 5
19861 74
19862 31
19863 37
19864 52
19865 64
19866 16
19867 51
19868 7
19869 24
19870 59
19871 38
19872 18
19873 31
19874 50
19875 35
19876 33
19877 33
19878 43
19879 28
19880 50
19881 29
19882 16
19883 15
19884 71
19885 -5
19886 22
19887 49
19888 55
19889 24
19890 46
19891 46
19892 2
19893 24
19894 48
19895 29
19896 62
19897 61
19898 15
19899 37
19900 46
19901 49
19902 32
19903 29
19904 39
19905 14
19906 40
19907 78
19908 26
19909 12
19910 14
19911 32
19912 9
19913 34
19914 90
19915 0
19916 57
19917 44
19918 50
19919 11
19920 34
19921 42
19922 34
19923 59
19924 44
19925 48
19926 17
19927 42
19928 5
19929 25
19930 21
19931 51
19932 2
19933 9
19934 41
19935 49
19936 11
19937 30
19938 27
19939 65
19940 18
19941 41
19942 33
19943 83
19944 39
19945 29
19946 53
19947 39
19948 84
19949 35
19950 47
19951 88
19952 33
19953 47
19954 11
19955 46
19956 35
19957 42
19958 9
19959 68
19960 59
19961 3
19962 31
19963 40
19964 47
19965 72
19966 20
19967 32
19968 15
19969 -1
19970 85
19971 63
19972 9
19973 42
19974 56
19975 33
19976 12
19977 21
19978 42
19979 70
19980 1
19981 16
19982 34
19983 43
19984 36
19985 76
19986 36
19987 22
19988 12
19989 70
19990 83
19991 51
19992 28
19993 22
19994 35
19995 21
19996 25
19997 61
19998 40
19999 22
20000 30
20001 46
20002 37
20003 10
20004 55
20005 7
20006 68
20007 52
20008 80
20009 76
20010 52
20011 23
20012 24
20013 42
20014 25
20015 34
20016 26
20017 18
20018 -4
20019 50
20020 28
20021 14
20022 34
20023 38
20024 8
20025 80
20026 38
20027 21
20028 18
20029 30
20030 13
20031 15
20032 0
20033 28
20034 2
20035 73
20036 36
20037 29
20038 7
20039 32
20040 36
20041 25
20042 42
20043 26
20044 56
20045 32
20046 36
20047 8
20048 13
20049 18
20050 59
20051 11
20052 31
20053 12
20054 7
20055 27
20056 20
20057 18
20058 23
20059 38
20060 26
20061 23
20062 64
20063 35
20064 16
20065 11
20066 28
20067 40
20068 11
20069 37
20070 61
20071 38
20072 37
20073 39
20074 46
20075 48
20076 93
20077 29
20078 49
20079 23
20080 33
20081 25
20082 3
20083 36
20084 58
20085 37
20086 21
20087 17
20088 73
20089 53
20090 40
20091 24
20092 69
20093 22
20094 39
20095 10
20096 19
20097 10
20098 14
20099 14
20100 29
20101 22
20102 46
20103 14
20104 18
20105 80
20106 36
20107 -2
20108 27
20109 36
20110 30
20111 39
20112 7
20113 14
20114 5
20115 81
20116 31
20117 26
20118 16
20119 18
20120 14
20121 36
20122 39
20123 8
20124 36
20125 48
20126 65
20127 11
20128 23
20129 43
20130 27
20131 36
20132 68
20133 34
20134 29
20135 20
20136 29
20137 53
20138 79
20139 49
20140 12
20141 35
20142 52
20143 89
20144 23
20145 20
20146 8
20147 46
20148 50
20149 32
20150 31
20151 52
20152 23
20153 68
20154 38
20155 41
20156 29
20157 40
20158 24
20159 33
20160 53
20161 45
20162 76
20163 5
20164 28
20165 23
20166 42
20167 18
20168 27
20169 28
20170 37
20171 25
20172 31
20173 23
20174 37
20175 11
20176 33
20177 45
20178 1
20179 -18
20180 -3
20181 39
20182 43
20183 0
20184 85
20185 22
20186 22
20187 -1
20188 26
20189 70
20190 64
20191 51
20192 25
20193 24
20194 -19
20195 21
20196 18
20197 1
20198 -7
20199 -8
20200 26
20201 39
20202 93
20203 23
20204 96
20205 46
20206 23
20207 34
20208 58
20209 15
20210 15
20211 25
20212 77
20213 26
20214 12
20215 13
20216 4
20217 27
20218 5
20219 14
20220 0
20221 68
20222 46
20223 26
20224 38
20225 36
20226 39
20227 26
20228 34
20229 36
20230 -4
20231 15
20232 38
20233 36
20234 60
20235 45
20236 13
20237 7
20238 90
20239 21
20240 37
20241 15
20242 39
20243 20
20244 7
20245 43
20246 36
20247 25
20248 82
20249 55
20250 27
20251 -7
20252 8
20253 15
20254 9
20255 11
20256 36
20257 53
20258 23
20259 16
20260 11
20261 29
20262 31
20263 30
20264 23
20265 46
20266 77
20267 54
20268 61
20269 43
20270 67
20271 55
20272 65
20273 69
20274 35
20275 25
20276 7
20277 4
20278 62
20279 42
20280 11
20281 25
20282 25
20283 47
20284 42
20285 24
20286 11
20287 3
20288 30
20289 66
20290 13
20291 -1
20292 35
20293 36
20294 85
20295 22
20296 28
20297 29
20298 -18
20299 38
20300 44
20301 26
20302 32
20303 54
20304 50
20305 54
20306 39
20307 48
20308 85
20309 54
20310 50
20311 31
20312 16
20313 37
20314 91
20315 0
20316 55
20317 49
20318 11
20319 95
20320 22
20321 37
20322 46
20323 40
20324 54
20325 80
20326 71
20327 22
20328 41
20329 15
20330 23
20331 32
20332 36
20333 49
20334 27
20335 30
20336 35
20337 43
20338 31
20339 51
20340 16
20341 18
20342 55
20343 33
20344 61
20345 10
20346 51
20347 30
20348 4
20349 0
20350 26
20351 27
20352 73
20353 92
20354 34
20355 19
20356 22
20357 28
20358 35
20359 14
20360 17
20361 50
20362 47
20363 55
20364 16
20365 23
20366 40
20367 37
20368 27
20369 32
20370 21
20371 24
20372 43
20373 0
20374 45
20375 27
20376 23
20377 13
20378 44
20379 12
20380 24
20381 54
20382 42
20383 22
20384 33
20385 27
20386 21
20387 40
20388 22
20389 35
20390 68
20391 35
20392 16
20393 17
20394 59
20395 30
20396 45
20397 80
20398 44
20399 31
20400 12
20401 15
20402 38
20403 28
20404 86
20405 42
20406 44
20407 24
20408 41
20409 118
20410 55
20411 50
20412 34
20413 26
20414 25
20415 27
20416 10
20417 45
20418 59
20419 14
20420 82
20421 18
20422 118
20423 7
20424 -3
20425 41
20426 12
20427 84
20428 78
20429 20
20430 38
20431 10
20432 19
20433 23
20434 48
20435 35
20436 27
20437 46
20438 39
20439 20
20440 64
20441 42
20442 50
20443 69
20444 25
20445 29
20446 17
20447 38
20448 41
20449 16
20450 16
20451 3
20452 14
20453 65
20454 30
20455 85
20456 46
20457 45
20458 45
20459 30
20460 33
20461 10
20462 66
20463 20
20464 22
20465 38
20466 43
20467 46
20468 24
20469 66
20470 59
20471 3
20472 71
20473 55
20474 23
20475 54
20476 29
20477 31
20478 5
20479 16
20480 10
20481 9
20482 21
20483 49
20484 49
20485 25
20486 28
20487 26
20488 11
20489 35
20490 5
20491 34
20492 31
20493 1
20494 23
20495 24
20496 28
20497 61
20498 54
20499 19
20500 14
20501 24
20502 26
20503 11
20504 27
20505 52
20506 38
20507 57
20508 84
20509 39
20510 32
20511 61
20512 63
20513 2
20514 8
20515 21
20516 14
20517 49
20518 21
20519 26
20520 21
20521 -2
20522 52
20523 31
20524 13
20525 34
20526 20
20527 26
20528 25
20529 36
20530 20
20531 25
20532 7
20533 33
20534 6
20535 14
20536 47
20537 76
20538 30
20539 32
20540 3
20541 35
20542 17
20543 39
20544 36
20545 24
20546 51
20547 68
20548 6
20549 15
20550 45
20551 60
20552 45
20553 33
20554 67
20555 46
20556 18
20557 4
20558 104
20559 36
20560 30
20561 38
20562 26
20563 79
20564 40
20565 32
20566 10
20567 3
20568 24
20569 -9
20570 26
20571 33
20572 57
20573 9
20574 45
20575 13
20576 32
20577 30
20578 79
20579 9
20580 27
20581 39
20582 26
20583 37
20584 17
20585 20
20586 9
20587 34
20588 25
20589 23
20590 39
20591 6
20592 39
20593 52
20594 24
20595 10
20596 59
20597 14
20598 73
20599 40
20600 15
20601 9
20602 -3
20603 45
20604 34
20605 25
20606 27
20607 79
20608 32
20609 19
20610 22
20611 24
20612 24
20613 77
20614 28
20615 22
20616 61
20617 32
20618 31
20619 46
20620 10
20621 28
20622 78
20623 26
20624 14
20625 28
20626 14
20627 4
20628 19
20629 22
20630 9
20631 27
20632 39
20633 51
20634 30
20635 51
20636 33
20637 99
20638 40
20639 20
20640 71
20641 47
20642 30
20643 46
20644 44
20645 1
20646 42
20647 55
20648 22
20649 19
20650 30
20651 38
20652 30
20653 24
20654 9
20655 47
20656 38
20657 65
20658 39
20659 65
20660 47
20661 31
20662 60
20663 36
20664 32
20665 35
20666 16
20667 53
20668 32
20669 16
20670 20
20671 16
20672 43
20673 51
20674 36
20675 15
20676 21
20677 43
20678 15
20679 21
20680 37
20681 13
20682 24
20683 6
20684 37
20685 48
20686 41
20687 63
20688 14
20689 17
20690 8
20691 47
20692 38
20693 59
20694 13
20695 16
20696 18
20697 76
20698 42
20699 -1
20700 15
20701 39
20702 33
20703 94
20704 21
20705 19
20706 53
20707 49
20708 17
20709 7
20710 20
20711 16
20712 55
20713 9
20714 47
20715 22
20716 61
20717 22
20718 92
20719 29
20720 36
20721 5
20722 17
20723 39
20724 19
20725 56
20726 80
20727 47
20728 30
20729 69
20730 28
20731 45
20732 65
20733 34
20734 34
20735 22
20736 40
20737 107
20738 59
20739 14
20740 29
20741 22
20742 83
20743 53
20744 25
20745 36
20746 18
20747 60
20748 37
20749 4
20750 58
20751 41
20752 53
20753 14
20754 59
20755 21
20756 17
20757 16
20758 36
20759 22
20760 28
20761 109
20762 37
20763 25
20764 47
20765 29
20766 23
20767 16
20768 65
20769 24
20770 77
20771 66
20772 32
20773 33
20774 21
20775 30
20776 48
20777 29
20778 28
20779 44
20780 78
20781 23
20782 21
20783 -11
20784 33
20785 24
20786 30
20787 45
20788 22
20789 14
20790 21
20791 39
20792 47
20793 9
20794 75
20795 48
20796 74
20797 45
20798 -2
20799 33
20800 21
20801 19
20802 29
20803 32
20804 14
20805 1
20806 52
20807 49
20808 40
20809 54
20810 35
20811 40
20812 48
20813 58
20814 32
20815 8
20816 40
20817 8
20818 21
20819 57
20820 24
20821 50
20822 14
20823 35
20824 40
20825 34
20826 30
20827 19
20828 22
20829 46
20830 18
20831 51
20832 38
20833 18
20834 33
20835 41
20836 13
20837 70
20838 13
20839 38
20840 34
20841 28
20842 36
20843 16
20844 52
20845 9
20846 31
20847 32
20848 27
20849 17
20850 36
20851 19
20852 32
20853 93
20854 21
20855 24
20856 102
20857 16
20858 110
20859 92
20860 30
20861 21
20862 37
20863 67
20864 97
20865 34
20866 68
20867 19
20868 20
20869 35
20870 91
20871 17
20872 26
20873 26
20874 18
20875 7
20876 54
20877 22
20878 13
20879 41
20880 42
20881 13
20882 70
20883 20
20884 20
20885 33
20886 10
20887 69
20888 5
20889 14
20890 2
20891 52
20892 43
20893 -6
20894 26
20895 14
20896 94
20897 7
20898 26
20899 10
20900 48
20901 32
20902 16
20903 20
20904 48
20905 42
20906 27
20907 4
20908 26
20909 45
20910 3
20911 -3
20912 7
20913 29
20914 34
20915 14
20916 34
20917 19
20918 27
20919 18
20920 57
20921 30
20922 12
20923 10
20924 18
20925 15
20926 39
20927 13
20928 32
20929 40
20930 15
20931 33
20932 26
20933 25
20934 11
20935 16
20936 50
20937 20
20938 44
20939 22
20940 72
20941 55
20942 72
20943 65
20944 75
20945 36
20946 34
20947 29
20948 27
20949 50
20950 34
20951 116
20952 5
20953 8
20954 -10
20955 -6
20956 21
20957 17
20958 -12
20959 13
20960 44
20961 51
20962 69
20963 27
20964 50
20965 25
20966 29
20967 44
20968 5
20969 10
20970 53
20971 42
20972 17
20973 18
20974 19
20975 45
20976 21
20977 27
20978 20
20979 33
20980 20
20981 21
20982 -2
20983 26
20984 34
20985 20
20986 48
20987 12
20988 110
20989 19
20990 59
20991 -10
20992 8
20993 11
20994 32
20995 42
20996 39
20997 41
20998 45
20999 9
21000 34
21001 12
21002 23
21003 89
21004 69
21005 36
21006 51
21007 34
21008 82
21009 23
21010 44
21011 86
21012 56
21013 11
21014 36
21015 82
21016 6
21017 27
21018 46
21019 27
21020 4
21021 30
21022 45
21023 68
21024 15
21025 11
21026 15
21027 24
21028 44
21029 48
21030 48
21031 22
21032 72
21033 47
21034 43
21035 37
21036 34
21037 45
21038 51
21039 11
21040 22
21041 39
21042 35
21043 64
21044 99
21045 11
21046 24
21047 7
21048 61
21049 48
21050 69
21051 66
21052 67
21053 46
21054 42
21055 14
21056 42
21057 53
21058 34
21059 42
21060 31
21061 51
21062 60
21063 29
21064 33
21065 26
21066 18
21067 12
21068 13
21069 10
21070 25
21071 30
21072 78
21073 41
21074 62
21075 25
21076 39
21077 25
21078 49
21079 11
21080 18
21081 12
21082 28
21083 52
21084 31
21085 18
21086 40
21087 38
21088 30
21089 18
21090 28
21091 22
21092 13
21093 18
21094 46
21095 32
21096 29
21097 54
21098 23
21099 69
21100 41
21101 19
21102 69
21103 18
21104 13
21105 11
21106 5
21107 33
21108 38
21109 25
21110 28
21111 -6
21112 -4
21113 23
21114 19
21115 39
21116 23
21117 25
21118 78
21119 45
21120 54
21121 30
21122 36
21123 20
21124 34
21125 22
21126 25
21127 59
21128 82
21129 44
21130 16
21131 15
21132 21
21133 23
21134 66
21135 36
21136 49
21137 41
21138 30
21139 55
21140 12
21141 19
21142 41
21143 82
21144 52
21145 14
21146 50
21147 64
21148 25
21149 51
21150 28
21151 22
21152 42
21153 35
21154 37
21155 50
21156 35
21157 23
21158 38
21159 33
21160 43
21161 42
21162 36
21163 19
21164 24
21165 37
21166 22
21167 30
21168 55
21169 18
21170 18
21171 46
21172 12
21173 6
21174 25
21175 52
21176 45
21177 23
21178 30
21179 26
21180 37
21181 46
21182 16
21183 21
21184 21
21185 65
21186 20
21187 56
21188 10
21189 31
21190 22
21191 58
21192 46
21193 38
21194 38
21195 8
21196 20
21197 28
21198 13
21199 70
21200 3
21201 44
21202 31
21203 21
21204 33
21205 13
21206 26
21207 48
21208 107
21209 66
21210 8
21211 41
21212 20
21213 2
21214 23
21215 25
21216 14
21217 52
21218 77
21219 13
21220 42
21221 24
21222 18
21223 48
21224 18
21225 22
21226 9
21227 26
21228 41
21229 41
21230 36
21231 31
21232 16
21233 15
21234 8
21235 79
21236 16
21237 37
21238 26
21239 34
21240 32
21241 43
21242 53
21243 75
21244 13
21245 36
21246 83
21247 20
21248 24
21249 10
21250 47
21251 36
21252 59
21253 13
21254 98
21255 30
21256 31
21257 43
21258 18
21259 52
21260 28
21261 18
21262 25
21263 39
21264 10
21265 46
21266 8
21267 25
21268 100
21269 42
21270 40
21271 21
21272 42
21273 50
21274 41
21275 6
21276 23
21277 9
21278 20
21279 28
21280 50
21281 27
21282 72
21283 22
21284 76
21285 15
21286 28
21287 34
21288 31
21289 42
21290 29
21291 17
21292 32
21293 37
21294 25
21295 25
21296 13
21297 35
21298 78
21299 20
21300 18
21301 32
21302 30
21303 40
21304 39
21305 56
21306 -2
21307 21
21308 42
21309 10
21310 51
21311 77
21312 42
21313 19
21314 50
21315 26
21316 54
21317 19
21318 40
21319 19
21320 26
21321 36
21322 17
21323 75
21324 43
21325 47
21326 16
21327 0
21328 15
21329 30
21330 23
21331 24
21332 26
21333 43
21334 32
21335 45
21336 47
21337 31
21338 63
21339 35
21340 9
21341 7
21342 33
21343 25
21344 8
21345 59
21346 28
21347 26
21348 23
21349 38
21350 35
21351 28
21352 48
21353 42
21354 128
21355 46
21356 34
21357 86
21358 8
21359 68
21360 24
21361 22
21362 31
21363 68
21364 9
21365 33
21366 28
21367 77
21368 13
21369 42
21370 19
21371 79
21372 30
21373 37
21374 8
21375 27
21376 26
21377 46
21378 95
21379 29
21380 45
21381 43
21382 17
21383 54
21384 25
21385 67
21386 29
21387 32
21388 52
21389 10
21390 28
21391 8
21392 21
21393 32
21394 27
21395 39
21396 44
21397 18
21398 13
21399 57
21400 78
21401 27
21402 18
21403 42
21404 45
21405 48
21406 25
21407 15
21408 51
21409 31
21410 26
21411 21
21412 20
21413 13
21414 81
21415 21
21416 30
21417 35
21418 9
21419 122
21420 26
21421 59
21422 73
21423 37
21424 27
21425 55
21426 36
21427 18
21428 58
21429 12
21430 51
21431 75
21432 40
21433 52
21434 91
21435 57
21436 36
21437 13
21438 13
21439 11
21440 10
21441 72
21442 33
21443 20
21444 47
21445 10
21446 4
21447 11
21448 34
21449 29
21450 15
21451 44
21452 24
21453 20
21454 25
21455 45
21456 29
21457 28
21458 15
21459 4
21460 33
21461 9
21462 46
21463 87
21464 22
21465 91
21466 34
21467 8
21468 45
21469 111
21470 51
21471 16
21472 70
21473 35
21474 55
21475 46
21476 26
21477 24
21478 20
21479 111
21480 111
21481 10
21482 34
21483 84
21484 14
21485 27
21486 22
21487 33
21488 30
21489 30
21490 28
21491 42
21492 69
21493 21
21494 -3
21495 21
21496 36
21497 54
21498 12
21499 27
21500 9
21501 44
21502 39
21503 48
21504 100
21505 -1
21506 53
21507 28
21508 65
21509 29
21510 59
21511 32
21512 49
21513 24
21514 18
21515 16
21516 21
21517 36
21518 49
21519 57
21520 35
21521 60
21522 31
21523 35
21524 48
21525 27
21526 62
21527 24
21528 85
21529 30
21530 31
21531 27
21532 53
21533 20
21534 16
21535 30
21536 73
21537 57
21538 83
21539 15
21540 45
21541 100
21542 10
21543 21
21544 29
21545 19
21546 30
21547 28
21548 54
21549 42
21550 44
21551 60
21552 38
21553 7
21554 22
21555 32
21556 46
21557 60
21558 81
21559 -1
21560 41
21561 2
21562 73
21563 15
21564 21
21565 26
21566 45
21567 50
21568 59
21569 27
21570 35
21571 23
21572 40
21573 25
21574 31
21575 10
21576 9
21577 40
21578 44
21579 40
21580 34
21581 13
21582 14
21583 61
21584 4
21585 20
21586 24
21587 17
21588 37
21589 29
21590 47
21591 66
21592 13
21593 17
21594 23
21595 34
21596 56
21597 -6
21598 75
21599 23
21600 37
21601 135
21602 64
21603 28
21604 26
21605 45
21606 43
21607 35
21608 45
21609 22
21610 39
21611 26
21612 34
21613 35
21614 45
21615 52
21616 30
21617 50
21618 27
21619 25
21620 27
21621 94
21622 103
21623 30
21624 23
21625 15
21626 43
21627 32
21628 23
21629 20
21630 28
21631 42
21632 10
21633 9
21634 54
21635 25
21636 48
21637 78
21638 20
21639 12
21640 30
21641 30
21642 28
21643 23
21644 25
21645 5
21646 21
21647 45
21648 17
21649 48
21650 77
21651 56
21652 53
21653 31
21654 15
21655 52
21656 -13
21657 33
21658 22
21659 19
21660 64
21661 30
21662 63
21663 23
21664 42
21665 2
21666 37
21667 27
21668 45
21669 58
21670 57
21671 0
21672 15
21673 7
21674 39
21675 45
21676 40
21677 19
21678 31
21679 63
21680 26
21681 72
21682 3
21683 23
21684 50
21685 47
21686 40
21687 17
21688 65
21689 92
21690 30
21691 15
21692 36
21693 16
21694 62
21695 34
21696 40
21697 56
21698 16
21699 31
21700 46
21701 17
21702 20
21703 49
21704 28
21705 18
21706 25
21707 60
21708 2
21709 19
21710 11
21711 23
21712 8
21713 50
21714 28
21715 25
21716 -1
21717 46
21718 -8
21719 45
21720 76
21721 26
21722 27
21723 58
21724 40
21725 26
21726 34
21727 14
21728 9
21729 1
21730 12
21731 49
21732 25
21733 4
21734 29
21735 40
21736 61
21737 71
21738 12
21739 36
21740 27
21741 38
21742 13
21743 45
21744 14
21745 29
21746 9
21747 42
21748 32
21749 20
21750 35
21751 25
21752 14
21753 15
21754 17
21755 34
21756 21
21757 39
21758 64
21759 6
21760 9
21761 32
21762 6
21763 90
21764 26
21765 7
21766 27
21767 -9
21768 59
21769 68
21770 42
21771 28
21772 23
21773 39
21774 36
21775 13
21776 11
21777 17
21778 39
21779 13
21780 21
21781 4
21782 29
21783 26
21784 46
21785 5
21786 42
21787 14
21788 53
21789 23
21790 20
21791 37
21792 23
21793 25
21794 80
21795 29
21796 32
21797 43
21798 22
21799 32
21800 34
21801 16
21802 48
21803 19
21804 85
21805 42
21806 65
21807 22
21808 19
21809 69
21810 65
21811 27
21812 8
21813 6
21814 38
21815 47
21816 36
21817 27
21818 13
21819 26
21820 55
21821 32
21822 23
21823 19
21824 64
21825 12
21826 105
21827 42
21828 28
21829 4
21830 18
21831 20
21832 34
21833 20
21834 34
21835 45
21836 57
21837 81
21838 60
21839 41
21840 21
21841 5
21842 39
21843 43
21844 -3
21845 13
21846 42
21847 19
21848 55
21849 52
21850 43
21851 85
21852 29
21853 25
21854 21
21855 16
21856 41
21857 55
21858 25
21859 58
21860 23
21861 29
21862 43
21863 14
21864 9
21865 20
21866 64
21867 54
21868 -7
21869 32
21870 48
21871 20
21872 15
21873 28
21874 97
21875 53
21876 48
21877 28
21878 14
21879 37
21880 39
21881 31
21882 32
21883 16
21884 21
21885 35
21886 18
21887 32
21888 34
21889 36
21890 75
21891 48
21892 82
21893 34
21894 7
21895 31
21896 33
21897 44
21898 69
21899 25
21900 48
21901 -2
21902 84
21903 32
21904 16
21905 42
21906 102
21907 55
21908 4
21909 -5
21910 40
21911 17
21912 27
21913 84
21914 39
21915 38
21916 102
21917 39
21918 41
21919 13
21920 24
21921 16
21922 36
21923 19
21924 78
21925 89
21926 80
21927 41
21928 24
21929 8
21930 43
21931 35
21932 2
21933 35
21934 66
21935 38
21936 25
21937 70
21938 9
21939 20
21940 23
21941 65
21942 2
21943 -2
21944 35
21945 18
21946 2
21947 28
21948 -2
21949 11
21950 86
21951 43
21952 22
21953 15
21954 28
21955 25
21956 43
21957 65
21958 5
21959 35
21960 48
21961 21
21962 39
21963 21
21964 24
21965 31
21966 33
21967 16
21968 32
21969 7
21970 18
21971 -3
21972 17
21973 53
21974 13
21975 -1
21976 4
21977 36
21978 67
21979 16
21980 24
21981 63
21982 22
21983 28
21984 70
21985 44
21986 56
21987 56
21988 57
21989 75
21990 74
21991 51
21992 28
21993 29
21994 21
21995 63
21996 46
21997 23
21998 53
21999 38
22000 84
22001 18
22002 -3
22003 47
22004 42
22005 23
22006 59
22007 2
22008 19
22009 35
22010 32
22011 78
22012 29
22013 23
22014 9
22015 42
22016 29
22017 37
22018 70
22019 6
22020 63
22021 14
22022 40
22023 2
22024 23
22025 65
22026 12
22027 86
22028 38
22029 27
22030 94
22031 19
22032 21
22033 67
22034 26
22035 24
22036 10
22037 5
22038 -4
22039 90
22040 13
22041 8
22042 39
22043 36
22044 75
22045 24
22046 35
22047 30
22048 43
22049 13
22050 37
22051 32
22052 26
22053 58
22054 19
22055 38
22056 25
22057 25
22058 18
22059 47
22060 28
22061 35
22062 20
22063 25
22064 37
22065 21
22066 24
22067 47
22068 25
22069 39
22070 30
22071 21
22072 16
22073 14
22074 15
22075 57
22076 41
22077 50
22078 21
22079 9
22080 22
22081 30
22082 16
22083 9
22084 20
22085 11
22086 20
22087 57
22088 35
22089 27
22090 28
22091 51
22092 42
22093 18
22094 38
22095 28
22096 67
22097 11
22098 24
22099 55
22100 52
22101 14
22102 33
22103 1
22104 47
22105 10
22106 53
22107 30
22108 49
22109 25
22110 46
22111 56
22112 83
22113 17
22114 22
22115 36
22116 16
22117 56
22118 88
22119 42
22120 80
22121 31
22122 18
22123 34
22124 57
22125 39
22126 40
22127 32
22128 19
22129 47
22130 40
22131 67
22132 46
22133 67
22134 83
22135 21
22136 43
22137 23
22138 8
22139 48
22140 40
22141 33
22142 82
22143 39
22144 26
22145 14
22146 25
22147 9
22148 27
22149 38
22150 26
22151 11
22152 52
22153 89
22154 4
22155 29
22156 45
22157 82
22158 18
22159 36
22160 25
22161 38
22162 73
22163 49
22164 63
22165 12
22166 29
22167 23
22168 27
22169 27
22170 26
22171 31
22172 9
22173 21
22174 88
22175 21
22176 32
22177 24
22178 58
22179 -4
22180 78
22181 28
22182 39
22183 -4
22184 32
22185 35
22186 9
22187 3
22188 -10
22189 47
22190 54
22191 30
22192 51
22193 49
22194 39
22195 9
22196 34
22197 57
22198 54
22199 23
22200 25
22201 12
22202 26
22203 39
22204 19
22205 32
22206 14
22207 10
22208 47
22209 34
22210 31
22211 30
22212 -11
22213 56
22214 21
22215 27
22216 30
22217 24
22218 29
22219 25
22220 37
22221 16
22222 30
22223 16
22224 11
22225 13
22226 19
22227 26
22228 55
22229 36
22230 32
22231 41
22232 56
22233 27
22234 88
22235 24
22236 86
22237 32
22238 28
22239 17
22240 9
22241 66
22242 13
22243 21
22244 12
22245 112
22246 27
22247 68
22248 30
22249 22
22250 20
22251 35
22252 24
22253 4
22254 41
22255 69
22256 26
22257 52
22258 48
22259 48
22260 93
22261 28
22262 29
22263 28
22264 26
22265 15
22266 34
22267 36
22268 130
22269 13
22270 41
22271 78
22272 30
22273 20
22274 36
22275 30
22276 19
22277 53
22278 24
22279 18
22280 41
22281 67
22282 36
22283 55
22284 31
22285 11
22286 35
22287 43
22288 52
22289 36
22290 31
22291 107
22292 62
22293 26
22294 7
22295 17
22296 23
22297 39
22298 28
22299 53
22300 4
22301 42
22302 54
22303 2
22304 43
22305 37
22306 30
22307 26
22308 21
22309 41
22310 36
22311 9
22312 8
22313 35
22314 36
22315 57
22316 -3
22317 36
22318 28
22319 65
22320 62
22321 73
22322 33
22323 71
22324 15
22325 38
22326 46
22327 49
22328 46
22329 8
22330 23
22331 47
22332 24
22333 7
22334 14
22335 26
22336 32
22337 36
22338 20
22339 50
22340 111
22341 39
22342 33
22343 14
22344 74
22345 13
22346 38
22347 54
22348 22
22349 29
22350 55
22351 48
22352 47
22353 44
22354 27
22355 11
22356 51
22357 54
22358 69
22359 35
22360 20
22361 0
22362 93
22363 63
22364 41
22365 14
22366 20
22367 20
22368 32
22369 66
22370 45
22371 19
22372 44
22373 42
22374 25
22375 37
22376 72
22377 31
22378 12
22379 37
22380 48
22381 25
22382 26
22383 52
22384 26
22385 32
22386 36
22387 -4
22388 11
22389 12
22390 36
22391 14
22392 39
22393 18
22394 63
22395 51
22396 23
22397 23
22398 4
22399 34
22400 18
22401 68
22402 -4
22403 46
22404 28
22405 47
22406 29
22407 0
22408 34
22409 20
22410 19
22411 47
22412 30
22413 9
22414 15
22415 34
22416 31
22417 37
22418 25
22419 18
22420 43
22421 28
22422 19
22423 68
22424 70
22425 29
22426 23
22427 27
22428 31
22429 31
22430 23
22431 23
22432 31
22433 56
22434 4
22435 33
22436 50
22437 41
22438 21
22439 44
22440 24
22441 53
22442 29
22443 7
22444 33
22445 34
22446 70
22447 12
22448 14
22449 63
22450 27
22451 27
22452 24
22453 44
22454 12
22455 35
22456 6
22457 16
22458 24
22459 20
22460 0
22461 41
22462 16
22463 21
22464 31
22465 24
22466 20
22467 36
22468 87
22469 24
22470 25
22471 -4
22472 33
22473 58
22474 13
22475 15
22476 0
22477 29
22478 29
22479 49
22480 8
22481 43
22482 41
22483 32
22484 77
22485 17
22486 97
22487 -2
22488 34
22489 3
22490 11
22491 -5
22492 8
22493 20
22494 12
22495 54
22496 38
22497 15
22498 50
22499 28
22500 23
22501 24
22502 7
22503 32
22504 76
22505 22
22506 26
22507 31
22508 28
22509 38
22510 45
22511 42
22512 10
22513 16
22514 2
22515 22
22516 29
22517 7
22518 50
22519 13
22520 49
22521 35
22522 11
22523 29
22524 94
22525 27
22526 69
22527 25
22528 111
22529 40
22530 44
22531 8
22532 32
22533 18
22534 10
22535 2
22536 42
22537 30
22538 33
22539 36
22540 42
22541 34
22542 37
22543 53
22544 67
22545 28
22546 32
22547 20
22548 61
22549 26
22550 18
22551 36
22552 10
22553 22
22554 84
22555 22
22556 36
22557 35
22558 40
22559 12
22560 36
22561 53
22562 27
22563 48
22564 22
22565 14
22566 15
22567 48
22568 12
22569 32
22570 31
22571 86
22572 36
22573 20
22574 26
22575 54
22576 30
22577 41
22578 63
22579 15
22580 17
22581 9
22582 49
22583 19
22584 15
22585 30
22586 34
22587 13
22588 21
22589 39
22590 66
22591 34
22592 20
22593 31
22594 32
22595 39
22596 29
22597 34
22598 32
22599 -6
22600 48
22601 60
22602 31
22603 24
22604 26
22605 -6
22606 28
22607 31
22608 0
22609 10
22610 34
22611 23
22612 10
22613 28
22614 30
22615 17
22616 34
22617 -4
22618 44
22619 56
22620 82
22621 22
22622 41
22623 38
22624 20
22625 19
22626 26
22627 25
22628 96
22629 43
22630 7
22631 17
22632 51
22633 23
22634 79
22635 5
22636 21
22637 18
22638 31
22639 72
22640 19
22641 84
22642 29
22643 70
22644 26
22645 13
22646 24
22647 24
22648 31
22649 34
22650 14
22651 8
22652 27
22653 28
22654 36
22655 23
22656 56
22657 28
22658 14
22659 36
22660 47
22661 77
22662 17
22663 53
22664 50
22665 6
22666 59
22667 35
22668 12
22669 18
22670 18
22671 10
22672 25
22673 43
22674 55
22675 40
22676 25
22677 81
22678 14
22679 6
22680 54
22681 3
22682 14
22683 137
22684 23
22685 17
22686 39
22687 38
22688 43
22689 36
22690 27
22691 35
22692 36
22693 14
22694 14
22695 23
22696 12
22697 32
22698 6
22699 11
22700 2
22701 16
22702 51
22703 20
22704 31
22705 27
22706 11
22707 13
22708 28
22709 12
22710 60
22711 26
22712 67
22713 50
22714 12
22715 16
22716 8
22717 61
22718 38
22719 22
22720 21
22721 12
22722 89
22723 28
22724 24
22725 10
22726 24
22727 29
22728 32
22729 37
22730 2
22731 39
22732 21
22733 51
22734 44
22735 39
22736 25
22737 2
22738 18
22739 17
22740 15
22741 0
22742 67
22743 41
22744 43
22745 21
22746 28
22747 14
22748 14
22749 59
22750 33
22751 25
22752 6
22753 19
22754 17
22755 31
22756 38
22757 17
22758 41
22759 39
22760 18
22761 11
22762 47
22763 56
22764 43
22765 32
22766 34
22767 1
22768 11
22769 44
22770 11
22771 29
22772 35
22773 33
22774 50
22775 18
22776 18
22777 85
22778 23
22779 12
22780 39
22781 14
22782 38
22783 13
22784 20
22785 32
22786 38
22787 11
22788 23
22789 60
22790 14
22791 16
22792 69
22793 3
22794 10
22795 50
22796 28
22797 41
22798 35
22799 35
22800 24
22801 32
22802 41
22803 41
22804 11
22805 22
22806 27
22807 54
22808 33
22809 32
22810 44
22811 29
22812 13
22813 68
22814 40
22815 38
22816 60
22817 -5
22818 16
22819 39
22820 11
22821 21
22822 18
22823 16
22824 34
22825 39
22826 31
22827 13
22828 42
22829 3
22830 82
22831 54
22832 17
22833 22
22834 57
22835 40
22836 20
22837 46
22838 30
22839 24
22840 37
22841 4
22842 36
22843 20
22844 25
22845 38
22846 2
22847 53
22848 27
22849 43
22850 29
22851 64
22852 76
22853 36
22854 27
22855 4
22856 57
22857 2
22858 16
22859 20
22860 32
22861 7
22862 18
22863 32
22864 13
22865 8
22866 47
22867 12
22868 85
22869 91
22870 18
22871 46
22872 7
22873 39
22874 39
22875 3
22876 39
22877 63
22878 28
22879 40
22880 50
22881 38
22882 21
22883 31
22884 28
22885 23
22886 5
22887 14
22888 17
22889 17
22890 45
22891 22
22892 37
22893 32
22894 5
22895 25
22896 16
22897 33
22898 29
22899 8
22900 36
22901 22
22902 40
22903 41
22904 13
22905 12
22906 29
22907 57
22908 16
22909 28
22910 25
22911 39
22912 4
22913 53
22914 69
22915 72
22916 44
22917 36
22918 64
22919 39
22920 4
22921 35
22922 14
22923 36
22924 53
22925 19
22926 12
22927 46
22928 35
22929 11
22930 28
22931 75
22932 35
22933 40
22934 23
22935 25
22936 34
22937 24
22938 6
22939 90
22940 6
22941 26
22942 45
22943 83
22944 33
22945 15
22946 4
22947 59
22948 34
22949 38
22950 66
22951 22
22952 24
22953 49
22954 46
22955 25
22956 26
22957 32
22958 20
22959 23
22960 44
22961 43
22962 20
22963 15
22964 13
22965 32
22966 19
22967 75
22968 21
22969 31
22970 35
22971 22
22972 19
22973 13
22974 11
22975 38
22976 23
22977 23
22978 57
22979 21
22980 37
22981 31
22982 62
22983 5
22984 25
22985 11
22986 38
22987 7
22988 39
22989 23
22990 24
22991 67
22992 55
22993 29
22994 46
22995 34
22996 31
22997 12
22998 27
22999 30
23000 71
23001 -1
23002 4
23003 15
23004 8
23005 22
23006 97
23007 44
23008 46
23009 43
23010 9
23011 56
23012 40
23013 43
23014 55
23015 48
23016 35
23017 19
23018 33
23019 11
23020 65
23021 38
23022 56
23023 73
23024 17
23025 4
23026 25
23027 18
23028 63
23029 23
23030 23
23031 19
23032 36
23033 32
23034 25
23035 67
23036 21
23037 34
23038 2
23039 34
23040 3
23041 37
23042 50
23043 51
23044 26
23045 13
23046 25
23047 51
23048 71
23049 22
23050 26
23051 32
23052 58
23053 53
23054 1
23055 20
23056 4
23057 35
23058 -2
23059 33
23060 45
23061 15
23062 39
23063 44
23064 34
23065 65
23066 22
23067 27
23068 37
23069 13
23070 28
23071 53
23072 23
23073 79
23074 30
23075 10
23076 5
23077 43
23078 33
23079 2
23080 52
23081 17
23082 23
23083 44
23084 17
23085 39
23086 20
23087 25
23088 11
23089 31
23090 25
23091 35
23092 40
23093 1
23094 15
23095 34
23096 43
23097 26
23098 26
23099 19
23100 55
23101 41
23102 52
23103 10
23104 81
23105 22
23106 26
23107 79
23108 8
23109 41
23110 43
23111 34
23112 1
23113 74
23114 21
23115 84
23116 30
23117 43
23118 28
23119 19
23120 15
23121 30
23122 19
23123 24
23124 18
23125 59
23126 45
23127 10
23128 23
23129 20
23130 17
23131 25
23132 9
23133 29
23134 13
23135 15
23136 82
23137 81
23138 24
23139 44
23140 52
23141 20
23142 -4
23143 26
23144 34
23145 42
23146 31
23147 65
23148 16
23149 25
23150 23
23151 26
23152 17
23153 12
23154 20
23155 19
23156 47
23157 25
23158 22
23159 74
23160 45
23161 27
23162 5
23163 16
23164 32
23165 15
23166 12
23167 29
23168 54
23169 49
23170 46
23171 58
23172 11
23173 69
23174 37
23175 35
23176 1
23177 14
23178 24
23179 22
23180 29
23181 12
23182 38
23183 26
23184 21
23185 26
23186 30
23187 18
23188 15
23189 105
23190 46
23191 72
23192 51
23193 7
23194 42
23195 37
23196 22
23197 21
23198 42
23199 27
23200 52
23201 32
23202 22
23203 94
23204 23
23205 12
23206 61
23207 56
23208 40
23209 43
23210 8
23211 39
23212 105
23213 19
23214 -2
23215 10
23216 11
23217 31
23218 21
23219 23
23220 28
23221 19
23222 -22
23223 34
23224 26
23225 13
23226 6
23227 55
23228 -1
23229 37
23230 40
23231 22
23232 31
23233 64
23234 26
23235 24
23236 2
23237 25
23238 16
23239 37
23240 20
23241 18
23242 -19
23243 37
23244 8
23245 50
23246 15
23247 60
23248 28
23249 20
23250 29
23251 34
23252 38
23253 42
23254 20
23255 12
23256 12
23257 17
23258 -6
23259 36
23260 61
23261 68
23262 14
23263 22
23264 23
23265 43
23266 63
23267 39
23268 61
23269 45
23270 52
23271 55
23272 6
23273 40
23274 33
23275 27
23276 16
23277 27
23278 39
23279 38
23280 99
23281 27
23282 28
23283 18
23284 2
23285 37
23286 30
23287 60
23288 23
23289 8
23290 42
23291 59
23292 16
23293 38
23294 43
23295 26
23296 41
23297 39
23298 90
23299 16
23300 21
23301 94
23302 4
23303 28
23304 45
23305 30
23306 24
23307 38
23308 30
23309 56
23310 14
23311 25
23312 111
23313 43
23314 11
23315 15
23316 19
23317 29
23318 18
23319 29
23320 57
23321 31
23322 19
23323 98
23324 27
23325 52
23326 14
23327 42
23328 16
23329 68
23330 49
23331 30
23332 24
23333 18
23334 36
23335 47
23336 69
23337 17
23338 41
23339 35
23340 59
23341 15
23342 47
23343 16
23344 14
23345 73
23346 28
23347 12
23348 -2
23349 17
23350 23
23351 40
23352 23
23353 26
23354 29
23355 9
23356 48
23357 51
23358 15
23359 -1
23360 17
23361 9
23362 32
23363 126
23364 78
23365 27
23366 32
23367 17
23368 19
23369 41
23370 23
23371 31
23372 26
23373 53
23374 1
23375 43
23376 22
23377 27
23378 6
23379 24
23380 25
23381 25
23382 52
23383 67
23384 11
23385 26
23386 75
23387 38
23388 51
23389 37
23390 15
23391 33
23392 16
23393 44
23394 6
23395 13
23396 39
23397 82
23398 65
23399 14
23400 78
23401 25
23402 27
23403 50
23404 20
23405 43
23406 20
23407 36
23408 21
23409 8
23410 16
23411 63
23412 53
23413 83
23414 38
23415 28
23416 83
23417 19
23418 56
23419 24
23420 23
23421 17
23422 81
23423 7
23424 31
23425 25
23426 45
23427 42
23428 45
23429 33
23430 10
23431 6
23432 63
23433 25
23434 2
23435 38
23436 86
23437 20
23438 32
23439 49
23440 9
23441 51
23442 24
23443 30
23444 28
23445 26
23446 4
23447 22
23448 24
23449 46
23450 40
23451 10
23452 80
23453 9
23454 24
23455 25
23456 21
23457 8
23458 40
23459 12
23460 46
23461 22
23462 40
23463 36
23464 23
23465 55
23466 39
23467 39
23468 39
23469 57
23470 8
23471 47
23472 6
23473 46
23474 46
23475 26
23476 39
23477 114
23478 32
23479 83
23480 54
23481 103
23482 11
23483 63
23484 29
23485 69
23486 4
23487 26
23488 93
23489 42
23490 13
23491 14
23492 18
23493 50
23494 4
23495 64
23496 21
23497 20
23498 34
23499 34
23500 17
23501 43
23502 44
23503 3
23504 38
23505 25
23506 36
23507 13
23508 -1
23509 89
23510 23
23511 31
23512 8
23513 46
23514 23
23515 45
23516 24
23517 13
23518 15
23519 4
23520 51
23521 14
23522 10
23523 22
23524 10
23525 14
23526 29
23527 50
23528 21
23529 57
23530 38
23531 107
23532 24
23533 39
23534 35
23535 45
23536 29
23537 53
23538 12
23539 65
23540 32
23541 20
23542 57
23543 40
23544 47
23545 16
23546 35
23547 43
23548 19
23549 38
23550 11
23551 16
23552 44
23553 119
23554 16
23555 14
23556 43
23557 39
23558 109
23559 82
23560 10
23561 16
23562 39
23563 8
23564 34
23565 33
23566 51
23567 69
23568 90
23569 24
23570 29
23571 13
23572 8
23573 4
23574 34
23575 31
23576 17
23577 36
23578 16
23579 6
23580 14
23581 26
23582 42
23583 36
23584 37
23585 28
23586 17
23587 33
23588 8
23589 53
23590 25
23591 50
23592 77
23593 86
23594 21
23595 4
23596 29
23597 48
23598 8
23599 26
23600 14
23601 60
23602 29
23603 29
23604 25
23605 63
23606 14
23607 33
23608 8
23609 66
23610 -11
23611 26
23612 25
23613 59
23614 7
23615 34
23616 72
23617 41
23618 60
23619 37
23620 37
23621 40
23622 47
23623 26
23624 28
23625 7
23626 14
23627 47
23628 37
23629 26
23630 52
23631 38
23632 31
23633 27
23634 18
23635 27
23636 8
23637 5
23638 18
23639 68
23640 74
23641 55
23642 29
23643 25
23644 28
23645 23
23646 64
23647 15
23648 28
23649 14
23650 52
23651 45
23652 40
23653 18
23654 29
23655 21
23656 7
23657 66
23658 14
23659 16
23660 31
23661 21
23662 94
23663 54
23664 14
23665 23
23666 42
23667 47
23668 25
23669 16
23670 29
23671 45
23672 36
23673 24
23674 27
23675 -6
23676 18
23677 40
23678 14
23679 90
23680 29
23681 2
23682 25
23683 46
23684 8
23685 10
23686 51
23687 16
23688 19
23689 14
23690 13
23691 28
23692 48
23693 -13
23694 24
23695 50
23696 28
23697 23
23698 110
23699 25
23700 48
23701 38
23702 16
23703 29
23704 33
23705 13
23706 42
23707 9
23708 13
23709 7
23710 68
23711 47
23712 86
23713 23
23714 36
23715 19
23716 32
23717 18
23718 11
23719 25
23720 22
23721 54
23722 34
23723 41
23724 31
23725 25
23726 42
23727 31
23728 30
23729 92
23730 29
23731 45
23732 38
23733 32
23734 -4
23735 19
23736 53
23737 26
23738 29
23739 26
23740 6
23741 49
23742 49
23743 32
23744 32
23745 45
23746 5
23747 35
23748 15
23749 34
23750 30
23751 40
23752 16
23753 24
23754 60
23755 30
23756 28
23757 57
23758 68
23759 2
23760 5
23761 20
23762 41
23763 45
23764 21
23765 24
23766 28
23767 47
23768 30
23769 39
23770 35
23771 9
23772 24
23773 20
23774 13
23775 60
23776 20
23777 41
23778 36
23779 58
23780 34
23781 1
23782 43
23783 1
23784 19
23785 38
23786 36
23787 47
23788 26
23789 35
23790 56
23791 24
23792 51
23793 14
23794 23
23795 29
23796 48
23797 6
23798 36
23799 79
23800 18
23801 33
23802 42
23803 37
23804 10
23805 27
23806 43
23807 29
23808 38
23809 53
23810 43
23811 1
23812 21
23813 8
23814 17
23815 -15
23816 7
23817 54
23818 14
23819 6
23820 29
23821 22
23822 36
23823 64
23824 42
23825 37
23826 41
23827 83
23828 32
23829 15
23830 32
23831 9
23832 86
23833 44
23834 27
23835 25
23836 34
23837 27
23838 47
23839 39
23840 13
23841 23
23842 13
23843 26
23844 44
23845 27
23846 27
23847 16
23848 69
23849 -2
23850 52
23851 52
23852 26
23853 15
23854 42
23855 35
23856 24
23857 11
23858 11
23859 84
23860 44
23861 19
23862 32
23863 33
23864 23
23865 35
23866 22
23867 16
23868 13
23869 31
23870 53
23871 -1
23872 29
23873 34
23874 56
23875 2
23876 62
23877 39
23878 29
23879 44
23880 55
23881 15
23882 38
23883 79
23884 32
23885 74
23886 32
23887 24
23888 37
23889 43
23890 23
23891 30
23892 47
23893 8
23894 41
23895 33
23896 18
23897 22
23898 10
23899 53
23900 35
23901 22
23902 21
23903 60
23904 26
23905 12
23906 4
23907 1
23908 61
23909 44
23910 16
23911 27
23912 41
23913 24
23914 25
23915 34
23916 51
23917 42
23918 50
23919 0
23920 32
23921 44
23922 57
23923 29
23924 23
23925 45
23926 48
23927 33
23928 8
23929 24
23930 13
23931 11
23932 18
23933 19
23934 69
23935 54
23936 11
23937 40
23938 26
23939 59
23940 10
23941 28
23942 34
23943 18
23944 21
23945 6
23946 15
23947 10
23948 15
23949 32
23950 52
23951 27
23952 6
23953 19
23954 45
23955 42
23956 25
23957 25
23958 45
23959 49
23960 26
23961 80
23962 20
23963 33
23964 25
23965 34
23966 46
23967 18
23968 32
23969 31
23970 34
23971 37
23972 38
23973 38
23974 30
23975 23
23976 17
23977 17
23978 34
23979 29
23980 24
23981 44
23982 23
23983 38
23984 1
23985 0
23986 32
23987 29
23988 71
23989 49
23990 23
23991 25
23992 23
23993 40
23994 3
23995 19
23996 37
23997 66
23998 30
23999 -3
24000 26
24001 46
24002 38
24003 20
24004 41
24005 32
24006 27
24007 42
24008 38
24009 -3
24010 70
24011 7
24012 63
24013 23
24014 54
24015 8
24016 13
24017 33
24018 14
24019 40
24020 19
24021 43
24022 61
24023 62
24024 17
24025 21
24026 42
24027 22
24028 30
24029 64
24030 30
24031 30
24032 24
24033 22
24034 3
24035 53
24036 26
24037 33
24038 19
24039 19
24040 35
24041 99
24042 24
24043 12
24044 35
24045 43
24046 23
24047 33
24048 29
24049 39
24050 35
24051 8
24052 18
24053 28
24054 19
24055 17
24056 26
24057 23
24058 55
24059 33
24060 20
24061 11
24062 31
24063 24
24064 75
24065 23
24066 6
24067 25
24068 71
24069 25
24070 7
24071 25
24072 23
24073 39
24074 29
24075 22
24076 24
24077 12
24078 9
24079 10
24080 37
24081 17
24082 20
24083 20
24084 9
24085 28
24086 30
24087 31
24088 84
24089 5
24090 29
24091 39
24092 38
24093 37
24094 25
24095 53
24096 34
24097 24
24098 42
24099 11
24100 30
24101 59
24102 24
24103 34
24104 16
24105 13
24106 46
24107 28
24108 15
24109 8
24110 84
24111 15
24112 50
24113 14
24114 25
24115 15
24116 11
24117 32
24118 39
24119 -2
24120 42
24121 18
24122 53
24123 11
24124 15
24125 33
24126 42
24127 21
24128 72
24129 57
24130 60
24131 37
24132 15
24133 17
24134 8
24135 -6
24136 43
24137 66
24138 2
24139 68
24140 35
24141 30
24142 32
24143 23
24144 71
24145 21
24146 5
24147 27
24148 68
24149 22
24150 43
24151 37
24152 23
24153 40
24154 30
24155 16
24156 76
24157 20
24158 90
24159 37
24160 9
24161 27
24162 24
24163 35
24164 25
24165 25
24166 60
24167 20
24168 15
24169 9
24170 46
24171 26
24172 33
24173 27
24174 53
24175 39
24176 18
24177 28
24178 23
24179 31
24180 26
24181 27
24182 36
24183 12
24184 19
24185 20
24186 7
24187 14
24188 40
24189 8
24190 15
24191 19
24192 56
24193 71
24194 62
24195 40
24196 16
24197 13
24198 23
24199 6
24200 34
24201 6
24202 30
24203 31
24204 66
24205 31
24206 47
24207 36
24208 16
24209 106
24210 3
24211 60
24212 27
24213 1
24214 22
24215 -3
24216 23
24217 88
24218 22
24219 51
24220 17
24221 41
24222 44
24223 34
24224 93
24225 48
24226 13
24227 25
24228 47
24229 36
24230 20
24231 19
24232 22
24233 57
24234 29
24235 48
24236 35
24237 11
24238 11
24239 29
24240 20
24241 25
24242 26
24243 69
24244 30
24245 6
24246 32
24247 42
24248 19
24249 16
24250 24
24251 46
24252 15
24253 29
24254 5
24255 15
24256 11
24257 14
24258 20
24259 51
24260 25
24261 7
24262 13
24263 34
24264 16
24265 79
24266 22
24267 71
24268 26
24269 31
24270 1
24271 37
24272 36
24273 33
24274 50
24275 18
24276 32
24277 68
24278 32
24279 32
24280 32
24281 37
24282 37
24283 -1
24284 21
24285 12
24286 -1
24287 34
24288 7
24289 21
24290 22
24291 29
24292 15
24293 49
24294 28
24295 38
24296 70
24297 86
24298 13
24299 35
24300 33
24301 21
24302 20
24303 27
24304 17
24305 36
24306 34
24307 30
24308 55
24309 4
24310 12
24311 19
24312 29
24313 11
24314 15
24315 50
24316 19
24317 18
24318 52
24319 14
24320 26
24321 33
24322 7
24323 9
24324 47
24325 70
24326 2
24327 84
24328 7
24329 20
24330 32
24331 18
24332 6
24333 32
24334 19
24335 8
24336 30
24337 17
24338 41
24339 62
24340 8
24341 41
24342 33
24343 23
24344 42
24345 16
24346 56
24347 38
24348 25
24349 22
24350 23
24351 52
24352 5
24353 33
24354 6
24355 36
24356 77
24357 32
24358 27
24359 55
24360 27
24361 1
24362 21
24363 27
24364 13
24365 40
24366 13
24367 15
24368 78
24369 48
24370 39
24371 37
24372 47
24373 33
24374 12
24375 11
24376 29
24377 33
24378 49
24379 96
24380 43
24381 43
24382 -7
24383 44
24384 25
24385 14
24386 25
24387 6
24388 30
24389 15
24390 53
24391 26
24392 72
24393 35
24394 109
24395 70
24396 93
24397 31
24398 26
24399 28
24400 89
24401 25
24402 28
24403 29
24404 43
24405 3
24406 34
24407 48
24408 6
24409 13
24410 26
24411 64
24412 -2
24413 34
24414 32
24415 19
24416 14
24417 68
24418 11
24419 44
24420 22
24421 61
24422 49
24423 36
24424 45
24425 17
24426 18
24427 72
24428 14
24429 8
24430 55
24431 6
24432 55
24433 14
24434 21
24435 52
24436 16
24437 66
24438 22
24439 33
24440 6
24441 29
24442 29
24443 94
24444 21
24445 29
24446 5
24447 39
24448 17
24449 9
24450 32
24451 13
24452 21
24453 14
24454 17
24455 23
24456 40
24457 28
24458 77
24459 23
24460 36
24461 36
24462 14
24463 46
24464 44
24465 35
24466 25
24467 30
24468 25
24469 24
24470 18
24471 14
24472 54
24473 32
24474 66
24475 21
24476 45
24477 21
24478 24
24479 55
24480 49
24481 53
24482 32
24483 18
24484 19
24485 25
24486 25
24487 9
24488 28
24489 52
24490 25
24491 37
24492 3
24493 100
24494 31
24495 20
24496 12
24497 27
24498 66
24499 29
24500 42
24501 8
24502 41
24503 18
24504 -7
24505 73
24506 41
24507 11
24508 6
24509 5
24510 22
24511 44
24512 10
24513 15
24514 1
24515 31
24516 47
24517 39
24518 75
24519 60
24520 31
24521 75
24522 61
24523 24
24524 26
24525 4
24526 27
24527 -4
24528 19
24529 25
24530 11
24531 22
24532 16
24533 11
24534 25
24535 -3
24536 37
24537 31
24538 48
24539 26
24540 17
24541 29
24542 15
24543 21
24544 21
24545 36
24546 40
24547 52
24548 17
24549 15
24550 0
24551 21
24552 22
24553 6
24554 27
24555 34
24556 23
24557 39
24558 23
24559 10
24560 26
24561 24
24562 45
24563 38
24564 28
24565 8
24566 16
24567 44
24568 11
24569 31
24570 25
24571 3
24572 38
24573 32
24574 15
24575 27
24576 37
24577 14
24578 22
24579 46
24580 21
24581 24
24582 22
24583 32
24584 94
24585 91
24586 28
24587 16
24588 10
24589 50
24590 16
24591 -1
24592 11
24593 63
24594 9
24595 31
24596 33
24597 13
24598 8
24599 17
24600 33
24601 32
24602 16
24603 26
24604 28
24605 48
24606 58
24607 56
24608 0
24609 9
24610 33
24611 64
24612 31
24613 42
24614 13
24615 13
24616 33
24617 26
24618 54
24619 51
24620 34
24621 21
24622 26
24623 39
24624 24
24625 71
24626 30
24627 13
24628 68
24629 27
24630 26
24631 34
24632 66
24633 25
24634 68
24635 28
24636 47
24637 30
24638 21
24639 71
24640 25
24641 3
24642 19
24643 26
24644 44
24645 33
24646 28
24647 20
24648 11
24649 31
24650 4
24651 13
24652 22
24653 34
24654 62
24655 78
24656 25
24657 22
24658 3
24659 34
24660 28
24661 53
24662 35
24663 81
24664 47
24665 34
24666 46
24667 0
24668 37
24669 4
24670 92
24671 36
24672 14
24673 38
24674 30
24675 57
24676 46
24677 22
24678 52
24679 4
24680 11
24681 40
24682 64
24683 19
24684 62
24685 21
24686 35
24687 11
24688 12
24689 30
24690 5
24691 26
24692 23
24693 67
24694 2
24695 35
24696 18
24697 22
24698 23
24699 21
24700 11
24701 -8
24702 10
24703 48
24704 28
24705 48
24706 12
24707 28
24708 61
24709 -3
24710 16
24711 30
24712 65
24713 42
24714 61
24715 46
24716 25
24717 27
24718 46
24719 29
24720 28
24721 63
24722 27
24723 7
24724 43
24725 18
24726 6
24727 46
24728 12
24729 31
24730 42
24731 38
24732 18
24733 39
24734 40
24735 9
24736 53
24737 33
24738 18
24739 18
24740 20
24741 26
24742 10
24743 28
24744 32
24745 65
24746 -4
24747 15
24748 48
24749 20
24750 82
24751 36
24752 16
24753 42
24754 22
24755 8
24756 57
24757 68
24758 47
24759 28
24760 66
24761 35
24762 19
24763 88
24764 94
24765 73
24766 46
24767 22
24768 24
24769 14
24770 39
24771 14
24772 24
24773 31
24774 14
24775 -2
24776 -5
24777 44
24778 27
24779 28
24780 36
24781 27
24782 18
24783 13
24784 33
24785 35
24786 19
24787 9
24788 85
24789 35
24790 12
24791 -16
24792 23
24793 47
24794 44
24795 40
24796 20
24797 20
24798 29
24799 11
24800 15
24801 21
24802 54
24803 32
24804 87
24805 31
24806 61
24807 28
24808 20
24809 41
24810 77
24811 16
24812 30
24813 35
24814 27
24815 17
24816 46
24817 49
24818 22
24819 17
24820 27
24821 11
24822 15
24823 12
24824 24
24825 21
24826 14
24827 127
24828 35
24829 28
24830 24
24831 11
24832 26
24833 41
24834 21
24835 22
24836 40
24837 40
24838 45
24839 11
24840 28
24841 47
24842 6
24843 18
24844 75
24845 34
24846 23
24847 13
24848 41
24849 33
24850 25
24851 48
24852 28
24853 16
24854 20
24855 31
24856 34
24857 21
24858 47
24859 11
24860 87
24861 37
24862 67
24863 15
24864 53
24865 19
24866 -1
24867 20
24868 20
24869 35
24870 30
24871 25
24872 34
24873 8
24874 39
24875 34
24876 25
24877 2
24878 13
24879 0
24880 50
24881 16
24882 10
24883 18
24884 12
24885 11
24886 -8
24887 63
24888 27
24889 117
24890 68
24891 30
24892 58
24893 20
24894 10
24895 51
24896 36
24897 48
24898 22
24899 28
24900 30
24901 20
24902 40
24903 14
24904 27
24905 5
24906 76
24907 28
24908 36
24909 19
24910 14
24911 46
24912 57
24913 25
24914 22
24915 23
24916 83
24917 28
24918 12
24919 6
24920 9
24921 19
24922 10
24923 42
24924 40
24925 22
24926 31
24927 47
24928 30
24929 20
24930 10
24931 43
24932 34
24933 15
24934 43
24935 2
24936 81
24937 63
24938 34
24939 18
24940 40
24941 87
24942 30
24943 15
24944 16
24945 10
24946 12
24947 7
24948 19
24949 11
24950 41
24951 24
24952 2
24953 27
24954 40
24955 40
24956 45
24957 18
24958 5
24959 28
24960 19
24961 17
24962 64
24963 39
24964 10
24965 59
24966 35
24967 28
24968 27
24969 26
24970 29
24971 16
24972 1
24973 22
24974 41
24975 37
24976 32
24977 22
24978 47
24979 46
24980 16
24981 47
24982 74
24983 13
24984 11
24985 35
24986 50
24987 46
24988 33
24989 -7
24990 8
24991 34
24992 17
24993 23
24994 12
24995 19
24996 26
24997 39
24998 22
24999 32
25000 14
25001 4
25002 63
25003 29
25004 27
25005 40
25006 37
25007 39
25008 31
25009 52
25010 51
25011 20
25012 20
25013 30
25014 12
25015 36
25016 33
25017 44
25018 18
25019 67
25020 30
25021 26
25022 102
25023 11
25024 37
25025 16
25026 11
25027 17
25028 39
25029 26
25030 28
25031 4
25032 -8
25033 36
25034 25
25035 43
25036 3
25037 6
25038 14
25039 10
25040 39
25041 32
25042 27
25043 59
25044 37
25045 14
25046 48
25047 12
25048 12
25049 34
25050 17
25051 18
25052 36
25053 51
25054 16
25055 2
25056 10
25057 26
25058 32
25059 0
25060 14
25061 22
25062 18
25063 47
25064 72
25065 12
25066 43
25067 25
25068 30
25069 56
25070 15
25071 5
25072 32
25073 29
25074 36
25075 21
25076 3
25077 21
25078 11
25079 54
25080 11
25081 24
25082 18
25083 60
25084 14
25085 72
25086 15
25087 20
25088 33
25089 53
25090 75
25091 36
25092 0
25093 48
25094 48
25095 10
25096 33
25097 9
25098 103
25099 62
25100 35
25101 6
25102 23
25103 11
25104 29
25105 37
25106 17
25107 34
25108 41
25109 67
25110 21
25111 39
25112 17
25113 -8
25114 -3
25115 26
25116 4
25117 -3
25118 22
25119 32
25120 30
25121 27
25122 37
25123 27
25124 53
25125 11
25126 8
25127 30
25128 86
25129 12
25130 31
25131 72
25132 74
25133 17
25134 22
25135 23
25136 20
25137 16
25138 56
25139 15
25140 26
25141 35
25142 -12
25143 57
25144 68
25145 28
25146 25
25147 18
25148 41
25149 18
25150 27
25151 40
25152 11
25153 41
25154 20
25155 25
25156 37
25157 34
25158 23
25159 32
25160 2
25161 54
25162 14
25163 72
25164 38
25165 44
25166 73
25167 35
25168 44
25169 22
25170 34
25171 77
25172 60
25173 47
25174 47
25175 34
25176 42
25177 12
25178 24
25179 29
25180 56
25181 66
25182 8
25183 45
25184 36
25185 33
25186 49
25187 38
25188 23
25189 33
25190 21
25191 42
25192 35
25193 6
25194 79
25195 23
25196 25
25197 82
25198 23
25199 -8
25200 28
25201 3
25202 35
25203 40
25204 43
25205 13
25206 38
25207 53
25208 4
25209 29
25210 31
25211 37
25212 50
25213 30
25214 25
25215 67
25216 39
25217 23
25218 23
25219 23
25220 31
25221 15
25222 30
25223 17
25224 66
25225 33
25226 -4
25227 8
25228 74
25229 42
25230 43
25231 46
25232 36
25233 55
25234 112
25235 41
25236 14
25237 35
25238 35
25239 26
25240 5
25241 55
25242 6
25243 9
25244 24
25245 33
25246 46
25247 51
25248 56
25249 34
25250 37
25251 10
25252 27
25253 18
25254 4
25255 15
25256 28
25257 71
25258 27
25259 38
25260 82
25261 66
25262 10
25263 31
25264 23
25265 54
25266 0
25267 24
25268 56
25269 20
25270 15
25271 -2
25272 39
25273 8
25274 33
25275 -1
25276 17
25277 56
25278 17
25279 49
25280 24
25281 55
25282 9
25283 20
25284 30
25285 9
25286 31
25287 16
25288 11
25289 37
25290 37
25291 65
25292 34
25293 60
25294 38
25295 30
25296 13
25297 49
25298 55
25299 11
25300 -2
25301 30
25302 24
25303 52
25304 30
25305 16
25306 25
25307 2
25308 9
25309 27
25310 37
25311 47
25312 48
25313 7
25314 16
25315 10
25316 14
25317 50
25318 9
25319 18
25320 40
25321 61
25322 41
25323 26
25324 28
25325 27
25326 39
25327 18
25328 18
25329 27
25330 97
25331 11
25332 56
25333 11
25334 22
25335 34
25336 34
25337 6
25338 9
25339 47
25340 22
25341 56
25342 29
25343 24
25344 75
25345 76
25346 24
25347 12
25348 25
25349 16
25350 62
25351 20
25352 25
25353 31
25354 33
25355 14
25356 11
25357 32
25358 32
25359 18
25360 10
25361 9
25362 -2
25363 14
25364 45
25365 20
25366 22
25367 69
25368 10
25369 23
25370 10
25371 2
25372 36
25373 35
25374 9
25375 23
25376 51
25377 11
25378 20
25379 1
25380 17
25381 28
25382 43
25383 37
25384 28
25385 94
25386 17
25387 47
25388 33
25389 14
25390 18
25391 32
25392 18
25393 101
25394 25
25395 13
25396 23
25397 14
25398 30
25399 21
25400 12
25401 79
25402 82
25403 14
25404 14
25405 18
25406 32
25407 59
25408 6
25409 11
25410 39
25411 11
25412 25
25413 38
25414 91
25415 67
25416 16
25417 29
25418 1
25419 23
25420 41
25421 42
25422 36
25423 36
25424 9
25425 24
25426 36
25427 49
25428 23
25429 38
25430 61
25431 14
25432 30
25433 12
25434 14
25435 65
25436 6
25437 4
25438 12
25439 12
25440 35
25441 20
25442 20
25443 15
25444 56
25445 39
25446 26
25447 -3
25448 5
25449 26
25450 42
25451 37
25452 28
25453 31
25454 56
25455 30
25456 59
25457 33
25458 23
25459 16
25460 32
25461 48
25462 31
25463 69
25464 23
25465 9
25466 18
25467 22
25468 28
25469 21
25470 42
25471 -3
25472 33
25473 53
25474 18
25475 41
25476 91
25477 59
25478 65
25479 14
25480 75
25481 46
25482 36
25483 49
25484 71
25485 20
25486 33
25487 25
25488 26
25489 17
25490 9
25491 29
25492 30
25493 45
25494 29
25495 52
25496 38
25497 20
25498 27
25499 14
25500 26
25501 35
25502 22
25503 11
25504 62
25505 46
25506 26
25507 36
25508 26
25509 37
25510 72
25511 83
25512 53
25513 23
25514 16
25515 41
25516 27
25517 54
25518 43
25519 37
25520 8
25521 72
25522 73
25523 23
25524 21
25525 54
25526 44
25527 5
25528 16
25529 22
25530 28
25531 33
25532 36
25533 1
25534 13
25535 69
25536 35
25537 32
25538 20
25539 36
25540 26
25541 23
25542 9
25543 18
25544 42
25545 30
25546 36
25547 34
25548 21
25549 73
25550 28
25551 25
25552 20
25553 26
25554 18
25555 10
25556 78
25557 31
25558 9
25559 8
25560 14
25561 18
25562 17
25563 31
25564 28
25565 10
25566 29
25567 12
25568 35
25569 29
25570 35
25571 40
25572 68
25573 29
25574 46
25575 13
25576 2
25577 24
25578 9
25579 6
25580 21
25581 19
25582 38
25583 81
25584 44
25585 18
25586 92
25587 -4
25588 3
25589 31
25590 14
25591 27
25592 12
25593 22
25594 45
25595 11
25596 45
25597 7
25598 63
25599 47
25600 48
25601 57
25602 18
25603 7
25604 33
25605 49
25606 73
25607 2
25608 19
25609 17
25610 37
25611 18
25612 6
25613 21
25614 27
25615 22
25616 16
25617 -10
25618 38
25619 28
25620 24
25621 4
25622 41
25623 17
25624 43
25625 51
25626 17
25627 18
25628 16
25629 7
25630 34
25631 13
25632 31
25633 55
25634 50
25635 26
25636 27
25637 28
25638 91
25639 13
25640 28
25641 30
25642 108
25643 20
25644 4
25645 9
25646 21
25647 43
25648 49
25649 10
25650 11
25651 67
25652 74
25653 40
25654 22
25655 51
25656 15
25657 28
25658 49
25659 -1
25660 -5
25661 5
25662 11
25663 63
25664 20
25665 14
25666 43
25667 15
25668 15
25669 64
25670 23
25671 25
25672 26
25673 78
25674 23
25675 38
25676 7
25677 66
25678 62
25679 36
25680 29
25681 25
25682 15
25683 39
25684 24
25685 37
25686 8
25687 24
25688 44
25689 16
25690 26
25691 14
25692 84
25693 1
25694 34
25695 17
25696 19
25697 63
25698 16
25699 7
25700 4
25701 19
25702 16
25703 20
25704 26
25705 30
25706 26
25707 22
25708 89
25709 36
25710 83
25711 14
25712 3
25713 37
25714 15
25715 30
25716 22
25717 30
25718 29
25719 24
25720 44
25721 44
25722 10
25723 36
25724 48
25725 39
25726 18
25727 8
25728 31
25729 41
25730 46
25731 87
25732 62
25733 56
25734 -3
25735 16
25736 48
25737 34
25738 38
25739 19
25740 28
25741 -2
25742 24
25743 15
25744 29
25745 1
25746 24
25747 40
25748 72
25749 7
25750 56
25751 43
25752 144
25753 50
25754 40
25755 25
25756 10
25757 37
25758 35
25759 51
25760 15
25761 8
25762 20
25763 11
25764 42
25765 18
25766 35
25767 95
25768 30
25769 12
25770 31
25771 25
25772 71
25773 20
25774 6
25775 20
25776 1
25777 47
25778 53
25779 14
25780 22
25781 15
25782 5
25783 20
25784 21
25785 1
25786 23
25787 27
25788 21
25789 41
25790 33
25791 6
25792 5
25793 42
25794 2
25795 16
25796 61
25797 19
25798 20
25799 36
25800 46
25801 32
25802 27
25803 32
25804 33
25805 40
25806 35
25807 15
25808 32
25809 -3
25810 6
25811 25
25812 26
25813 66
25814 27
25815 38
25816 24
25817 22
25818 85
25819 18
25820 75
25821 -4
25822 90
25823 46
25824 24
25825 2
25826 17
25827 31
25828 11
25829 16
25830 30
25831 19
25832 49
25833 39
25834 40
25835 51
25836 9
25837 33
25838 64
25839 24
25840 32
25841 -3
25842 47
25843 11
25844 47
25845 39
25846 12
25847 9
25848 20
25849 8
25850 20
25851 15
25852 37
25853 28
25854 14
25855 30
25856 33
25857 35
25858 26
25859 0
25860 10
25861 49
25862 17
25863 21
25864 25
25865 -11
25866 45
25867 28
25868 38
25869 29
25870 8
25871 33
25872 26
25873 11
25874 56
25875 25
25876 27
25877 20
25878 36
25879 17
25880 58
25881 27
25882 7
25883 34
25884 11
25885 36
25886 46
25887 21
25888 34
25889 33
25890 28
25891 64
25892 13
25893 9
25894 22
25895 75
25896 53
25897 26
25898 33
25899 9
25900 18
25901 28
25902 23
25903 26
25904 42
25905 20
25906 14
25907 58
25908 6
25909 69
25910 33
25911 52
25912 13
25913 -12
25914 86
25915 26
25916 60
25917 14
25918 11
25919 13
25920 37
25921 20
25922 17
25923 35
25924 18
25925 11
25926 63
25927 26
25928 3
25929 56
25930 34
25931 15
25932 44
25933 39
25934 21
25935 38
25936 11
25937 17
25938 13
25939 59
25940 14
25941 43
25942 97
25943 16
25944 17
25945 7
25946 33
25947 14
25948 12
25949 41
25950 13
25951 115
25952 26
25953 9
25954 5
25955 78
25956 34
25957 50
25958 28
25959 16
25960 27
25961 -8
25962 21
25963 30
25964 5
25965 18
25966 31
25967 16
25968 31
25969 24
25970 19
25971 26
25972 68
25973 39
25974 3
25975 31
25976 21
25977 22
25978 19
25979 63
25980 28
25981 56
25982 24
25983 48
25984 26
25985 23
25986 9
25987 46
25988 81
25989 4
25990 17
25991 -7
25992 37
25993 11
25994 2
25995 67
25996 6
25997 2
25998 14
25999 20
26000 18
26001 31
26002 59
26003 6
26004 16
26005 36
26006 0
26007 27
26008 19
26009 5
26010 29
26011 -8
26012 45
26013 28
26014 26
26015 21
26016 6
26017 41
26018 31
26019 45
26020 19
26021 62
26022 26
26023 24
26024 17
26025 42
26026 31
26027 9
26028 16
26029 27
26030 7
26031 2
26032 33
26033 42
26034 38
26035 4
26036 7
26037 31
26038 31
26039 38
26040 12
26041 33
26042 54
26043 11
26044 18
26045 20
26046 31
26047 73
26048 56
26049 18
26050 10
26051 16
26052 23
26053 34
26054 26
26055 6
26056 9
26057 23
26058 8
26059 45
26060 64
26061 61
26062 23
26063 36
26064 30
26065 55
26066 25
26067 18
26068 12
26069 20
26070 26
26071 28
26072 37
26073 27
26074 43
26075 19
26076 31
26077 65
26078 42
26079 17
26080 19
26081 23
26082 66
26083 1
26084 -5
26085 0
26086 54
26087 32
26088 29
26089 34
26090 16
26091 29
26092 31
26093 8
26094 65
26095 24
26096 46
26097 38
26098 97
26099 52
26100 25
26101 11
26102 26
26103 66
26104 31
26105 13
26106 16
26107 45
26108 20
26109 11
26110 42
26111 35
26112 8
26113 24
26114 9
26115 15
26116 31
26117 56
26118 18
26119 10
26120 10
26121 20
26122 15
26123 61
26124 39
26125 21
26126 9
26127 16
26128 40
26129 3
26130 38
26131 19
26132 72
26133 59
26134 58
26135 18
26136 60
26137 96
26138 48
26139 47
26140 40
26141 30
26142 38
26143 30
26144 19
26145 34
26146 65
26147 86
26148 33
26149 4
26150 21
26151 62
26152 15
26153 23
26154 42
26155 85
26156 31
26157 3
26158 9
26159 18
26160 25
26161 12
26162 36
26163 35
26164 30
26165 35
26166 25
26167 53
26168 86
26169 10
26170 36
26171 13
26172 27
26173 43
26174 28
26175 32
26176 48
26177 32
26178 31
26179 43
26180 17
26181 13
26182 25
26183 46
26184 16
26185 22
26186 84
26187 21
26188 18
26189 91
26190 106
26191 44
26192 33
26193 11
26194 22
26195 25
26196 32
26197 71
26198 64
26199 33
26200 31
26201 73
26202 56
26203 27
26204 28
26205 37
26206 31
26207 104
26208 22
26209 32
26210 36
26211 22
26212 47
26213 26
26214 21
26215 51
26216 26
26217 31
26218 20
26219 11
26220 69
26221 34
26222 22
26223 39
26224 23
26225 27
26226 31
26227 22
26228 26
26229 64
26230 18
26231 39
26232 70
26233 25
26234 42
26235 20
26236 24
26237 41
26238 13
26239 -4
26240 17
26241 20
26242 31
26243 25
26244 10
26245 32
26246 34
26247 2
26248 25
26249 39
26250 21
26251 24
26252 7
26253 18
26254 43
26255 27
26256 0
26257 23
26258 28
26259 14
26260 19
26261 40
26262 44
26263 44
26264 15
26265 31
26266 24
26267 13
26268 2
26269 56
26270 19
26271 1
26272 11
26273 85
26274 15
26275 36
26276 22
26277 20
26278 11
26279 61
26280 31
26281 38
26282 35
26283 73
26284 46
26285 9
26286 19
26287 11
26288 56
26289 9
26290 20
26291 29
26292 38
26293 37
26294 41
26295 1
26296 57
26297 33
26298 16
26299 12
26300 -9
26301 39
26302 37
26303 29
26304 28
26305 1
26306 34
26307 31
26308 30
26309 40
26310 31
26311 16
26312 6
26313 22
26314 20
26315 39
26316 15
26317 22
26318 13
26319 37
26320 14
26321 37
26322 24
26323 67
26324 34
26325 10
26326 31
26327 22
26328 25
26329 25
26330 28
26331 20
26332 30
26333 28
26334 22
26335 6
26336 41
26337 34
26338 55
26339 20
26340 35
26341 39
26342 39
26343 39
26344 12
26345 48
26346 26
26347 11
26348 18
26349 39
26350 19
26351 70
26352 59
26353 25
26354 22
26355 55
26356 29
26357 43
26358 24
26359 16
26360 45
26361 34
26362 47
26363 34
26364 52
26365 -3
26366 16
26367 23
26368 82
26369 42
26370 10
26371 32
26372 14
26373 23
26374 59
26375 27
26376 15
26377 9
26378 46
26379 4
26380 14
26381 72
26382 38
26383 35
26384 33
26385 21
26386 22
26387 -5
26388 8
26389 35
26390 22
26391 43
26392 19
26393 42
26394 30
26395 22
26396 23
26397 48
26398 -3
26399 42
26400 -9
26401 72
26402 29
26403 36
26404 26
26405 50
26406 46
26407 27
26408 106
26409 30
26410 91
26411 32
26412 65
26413 74
26414 28
26415 13
26416 44
26417 15
26418 14
26419 0
26420 2
26421 46
26422 17
26423 53
26424 48
26425 27
26426 30
26427 18
26428 20
26429 33
26430 16
26431 29
26432 27
26433 35
26434 8
26435 30
26436 15
26437 26
26438 39
26439 30
26440 11
26441 49
26442 3
26443 10
26444 12
26445 39
26446 15
26447 26
26448 31
26449 19
26450 27
26451 -2
26452 21
26453 13
26454 74
26455 7
26456 45
26457 14
26458 57
26459 26
26460 11
26461 37
26462 24
26463 31
26464 12
26465 29
26466 8
26467 23
26468 -2
26469 18
26470 14
26471 25
26472 19
26473 24
26474 91
26475 28
26476 35
26477 44
26478 25
26479 24
26480 16
26481 16
26482 20
26483 31
26484 27
26485 23
26486 43
26487 17
26488 53
26489 39
26490 29
26491 -6
26492 19
26493 2
26494 12
26495 40
26496 38
26497 24
26498 34
26499 20
26500 42
26501 48
26502 14
26503 20
26504 77
26505 20
26506 18
26507 20
26508 2
26509 28
26510 34
26511 56
26512 10
26513 19
26514 39
26515 17
26516 67
26517 109
26518 29
26519 23
26520 46
26521 28
26522 20
26523 53
26524 14
26525 24
26526 29
26527 23
26528 35
26529 13
26530 1
26531 20
26532 31
26533 21
26534 7
26535 17
26536 21
26537 21
26538 24
26539 42
26540 39
26541 33
26542 9
26543 15
26544 24
26545 43
26546 36
26547 35
26548 23
26549 1
26550 29
26551 86
26552 47
26553 24
26554 11
26555 35
26556 15
26557 31
26558 30
26559 3
26560 38
26561 42
26562 28
26563 -2
26564 36
26565 22
26566 91
26567 16
26568 74
26569 13
26570 24
26571 37
26572 27
26573 18
26574 37
26575 29
26576 27
26577 -10
26578 25
26579 14
26580 12
26581 63
26582 15
26583 104
26584 8
26585 52
26586 27
26587 24
26588 29
26589 28
26590 29
26591 85
26592 122
26593 31
26594 32
26595 22
26596 35
26597 21
26598 64
26599 67
26600 42
26601 27
26602 25
26603 29
26604 18
26605 48
26606 29
26607 7
26608 23
26609 34
26610 28
26611 31
26612 11
26613 17
26614 37
26615 22
26616 10
26617 27
26618 58
26619 18
26620 41
26621 37
26622 24
26623 44
26624 41
26625 20
26626 17
26627 32
26628 24
26629 9
26630 29
26631 45
26632 5
26633 38
26634 29
26635 54
26636 22
26637 82
26638 7
26639 31
26640 11
26641 18
26642 11
26643 70
26644 93
26645 78
26646 32
26647 55
26648 29
26649 23
26650 27
26651 37
26652 28
26653 13
26654 14
26655 15
26656 15
26657 28
26658 49
26659 48
26660 11
26661 20
26662 26
26663 31
26664 43
26665 59
26666 34
26667 38
26668 7
26669 2
26670 37
26671 16
26672 12
26673 -1
26674 33
26675 48
26676 34
26677 45
26678 20
26679 24
26680 13
26681 44
26682 22
26683 19
26684 16
26685 32
26686 43
26687 30
26688 20
26689 44
26690 34
26691 26
26692 13
26693 37
26694 24
26695 39
26696 121
26697 11
26698 32
26699 20
26700 16
26701 25
26702 32
26703 28
26704 27
26705 29
26706 19
26707 27
26708 2
26709 14
26710 28
26711 1
26712 6
26713 33
26714 2
26715 17
26716 25
26717 43
26718 5
26719 25
26720 43
26721 0
26722 16
26723 -6
26724 7
26725 17
26726 61
26727 32
26728 47
26729 39
26730 34
26731 17
26732 24
26733 78
26734 75
26735 17
26736 40
26737 41
26738 40
26739 49
26740 20
26741 26
26742 23
26743 25
26744 32
26745 32
26746 19
26747 24
26748 15
26749 0
26750 9
26751 40
26752 9
26753 5
26754 46
26755 29
26756 1
26757 39
26758 17
26759 25
26760 61
26761 11
26762 12
26763 31
26764 24
26765 93
26766 50
26767 8
26768 20
26769 64
26770 27
26771 68
26772 26
26773 12
26774 30
26775 23
26776 24
26777 22
26778 31
26779 38
26780 44
26781 9
26782 16
26783 35
26784 22
26785 29
26786 59
26787 39
26788 26
26789 36
26790 77
26791 39
26792 65
26793 34
26794 33
26795 35
26796 -2
26797 114
26798 20
26799 43
26800 25
26801 35
26802 18
26803 28
26804 24
26805 27
26806 26
26807 38
26808 1
26809 31
26810 3
26811 29
26812 23
26813 38
26814 15
26815 39
26816 23
26817 9
26818 -1
26819 56
26820 7
26821 21
26822 38
26823 32
26824 36
26825 10
26826 35
26827 39
26828 17
26829 26
26830 45
26831 29
26832 46
26833 12
26834 39
26835 12
26836 38
26837 18
26838 15
26839 29
26840 40
26841 53
26842 28
26843 17
26844 42
26845 4
26846 43
26847 11
26848 33
26849 35
26850 48
26851 15
26852 30
26853 19
26854 44
26855 40
26856 23
26857 23
26858 31
26859 11
26860 27
26861 28
26862 14
26863 45
26864 43
26865 51
26866 21
26867 27
26868 57
26869 44
26870 43
26871 6
26872 39
26873 35
26874 22
26875 18
26876 37
26877 12
26878 21
26879 12
26880 -2
26881 27
26882 43
26883 24
26884 19
26885 23
26886 30
26887 10
26888 24
26889 27
26890 23
26891 22
26892 14
26893 -2
26894 16
26895 27
26896 62
26897 20
26898 13
26899 63
26900 5
26901 29
26902 49
26903 38
26904 40
26905 24
26906 39
26907 32
26908 10
26909 27
26910 22
26911 14
26912 13
26913 2
26914 17
26915 33
26916 44
26917 37
26918 15
26919 19
26920 46
26921 51
26922 35
26923 38
26924 37
26925 46
26926 15
26927 28
26928 20
26929 12
26930 21
26931 -11
26932 29
26933 8
26934 7
26935 26
26936 15
26937 9
26938 45
26939 48
26940 51
26941 4
26942 17
26943 33
26944 27
26945 25
26946 16
26947 18
26948 16
26949 3
26950 36
26951 -3
26952 34
26953 84
26954 67
26955 -5
26956 49
26957 24
26958 7
26959 43
26960 48
26961 20
26962 36
26963 34
26964 48
26965 42
26966 6
26967 21
26968 19
26969 35
26970 11
26971 35
26972 34
26973 24
26974 30
26975 36
26976 32
26977 38
26978 71
26979 31
26980 25
26981 17
26982 22
26983 10
26984 31
26985 46
26986 10
26987 15
26988 27
26989 14
26990 22
26991 4
26992 14
26993 4
26994 50
26995 34
26996 35
26997 48
26998 54
26999 23
27000 41
27001 17
27002 31
27003 25
27004 57
27005 72
27006 4
27007 18
27008 20
27009 13
27010 11
27011 52
27012 22
27013 22
27014 -2
27015 31
27016 16
27017 26
27018 18
27019 26
27020 12
27021 35
27022 42
27023 25
27024 37
27025 35
27026 62
27027 33
27028 25
27029 35
27030 41
27031 36
27032 23
27033 21
27034 13
27035 80
27036 22
27037 57
27038 29
27039 21
27040 10
27041 44
27042 16
27043 -4
27044 12
27045 4
27046 95
27047 37
27048 -1
27049 39
27050 39
27051 21
27052 64
27053 33
27054 30
27055 21
27056 17
27057 24
27058 29
27059 32
27060 22
27061 20
27062 24
27063 20
27064 25
27065 3
27066 37
27067 18
27068 42
27069 -7
27070 18
27071 52
27072 14
27073 1
27074 5
27075 69
27076 20
27077 39
27078 14
27079 15
27080 10
27081 28
27082 48
27083 27
27084 12
27085 24
27086 97
27087 1
27088 35
27089 33
27090 40
27091 26
27092 7
27093 6
27094 24
27095 76
27096 34
27097 38
27098 6
27099 36
27100 13
27101 9
27102 16
27103 24
27104 26
27105 60
27106 48
27107 48
27108 82
27109 17
27110 19
27111 20
27112 49
27113 9
27114 22
27115 9
27116 36
27117 4
27118 25
27119 53
27120 21
27121 26
27122 19
27123 24
27124 17
27125 30
27126 46
27127 37
27128 10
27129 52
27130 20
27131 19
27132 49
27133 93
27134 15
27135 34
27136 60
27137 40
27138 18
27139 50
27140 31
27141 69
27142 38
27143 24
27144 81
27145 51
27146 34
27147 37
27148 67
27149 24
27150 -12
27151 7
27152 35
27153 13
27154 25
27155 6
27156 51
27157 29
27158 7
27159 9
27160 10
27161 22
27162 18
27163 38
27164 34
27165 33
27166 10
27167 59
27168 20
27169 41
27170 26
27171 12
27172 37
27173 19
27174 17
27175 11
27176 19
27177 45
27178 23
27179 30
27180 41
27181 34
27182 12
27183 9
27184 7
27185 43
27186 28
27187 100
27188 17
27189 42
27190 28
27191 -6
27192 24
27193 22
27194 21
27195 29
27196 24
27197 25
27198 20
27199 53
27200 67
27201 57
27202 46
27203 8
27204 12
27205 -5
27206 36
27207 10
27208 21
27209 0
27210 14
27211 31
27212 26
27213 25
27214 18
27215 10
27216 36
27217 18
27218 82
27219 13
27220 46
27221 -3
27222 87
27223 10
27224 31
27225 65
27226 9
27227 8
27228 32
27229 23
27230 46
27231 19
27232 12
27233 13
27234 21
27235 29
27236 33
27237 17
27238 22
27239 0
27240 21
27241 29
27242 9
27243 23
27244 12
27245 38
27246 22
27247 34
27248 40
27249 31
27250 29
27251 57
27252 21
27253 18
27254 19
27255 22
27256 34
27257 24
27258 28
27259 31
27260 51
27261 39
27262 10
27263 34
27264 35
27265 27
27266 42
27267 42
27268 -4
27269 45
27270 28
27271 32
27272 30
27273 79
27274 14
27275 19
27276 1
27277 15
27278 11
27279 26
27280 -12
27281 20
27282 38
27283 18
27284 17
27285 22
27286 26
27287 52
27288 -7
27289 11
27290 25
27291 10
27292 37
27293 30
27294 30
27295 21
27296 2
27297 19
27298 31
27299 36
27300 27
27301 29
27302 -12
27303 33
27304 -7
27305 19
27306 37
27307 21
27308 90
27309 19
27310 66
27311 12
27312 14
27313 24
27314 34
27315 70
27316 35
27317 6
27318 2
27319 17
27320 18
27321 33
27322 9
27323 8
27324 49
27325 41
27326 24
27327 48
27328 22
27329 9
27330 35
27331 33
27332 16
27333 13
27334 30
27335 26
27336 26
27337 10
27338 43
27339 64
27340 23
27341 26
27342 92
27343 43
27344 21
27345 29
27346 30
27347 11
27348 27
27349 26
27350 27
27351 19
27352 33
27353 2
27354 27
27355 28
27356 84
27357 54
27358 11
27359 8
27360 33
27361 7
27362 87
27363 3
27364 48
27365 14
27366 20
27367 9
27368 28
27369 33
27370 64
27371 12
27372 21
27373 26
27374 77
27375 13
27376 28
27377 14
27378 40
27379 32
27380 44
27381 59
27382 22
27383 -10
27384 16
27385 47
27386 44
27387 -3
27388 22
27389 28
27390 64
27391 19
27392 21
27393 -3
27394 54
27395 16
27396 7
27397 20
27398 24
27399 3
27400 64
27401 27
27402 50
27403 35
27404 36
27405 12
27406 29
27407 71
27408 43
27409 45
27410 45
27411 25
27412 21
27413 49
27414 30
27415 32
27416 37
27417 32
27418 24
27419 2
27420 53
27421 9
27422 29
27423 38
27424 45
27425 15
27426 56
27427 24
27428 14
27429 19
27430 11
27431 71
27432 17
27433 -9
27434 49
27435 30
27436 54
27437 55
27438 17
27439 12
27440 31
27441 67
27442 5
27443 11
27444 36
27445 29
27446 23
27447 10
27448 10
27449 37
27450 19
27451 33
27452 34
27453 107
27454 13
27455 40
27456 21
27457 31
27458 12
27459 19
27460 29
27461 25
27462 24
27463 51
27464 46
27465 44
27466 11
27467 44
27468 38
27469 18
27470 24
27471 45
27472 3
27473 26
27474 -12
27475 28
27476 39
27477 23
27478 67
27479 27
27480 10
27481 23
27482 1
27483 9
27484 25
27485 38
27486 37
27487 56
27488 28
27489 32
27490 35
27491 27
27492 9
27493 33
27494 25
27495 43
27496 41
27497 11
27498 33
27499 48
27500 59
27501 10
27502 26
27503 30
27504 64
27505 43
27506 26
27507 3
27508 20
27509 28
27510 23
27511 21
27512 26
27513 50
27514 5
27515 3
27516 43
27517 15
27518 24
27519 7
27520 33
27521 50
27522 9
27523 20
27524 29
27525 44
27526 23
27527 17
27528 13
27529 3
27530 24
27531 24
27532 7
27533 5
27534 29
27535 0
27536 20
27537 12
27538 48
27539 24
27540 25
27541 95
27542 37
27543 33
27544 21
27545 29
27546 10
27547 17
27548 4
27549 28
27550 16
27551 14
27552 19
27553 47
27554 23
27555 14
27556 65
27557 33
27558 57
27559 25
27560 22
27561 15
27562 -15
27563 18
27564 16
27565 20
27566 34
27567 26
27568 10
27569 31
27570 18
27571 35
27572 26
27573 17
27574 15
27575 57
27576 20
27577 35
27578 0
27579 30
27580 83
27581 84
27582 58
27583 24
27584 51
27585 23
27586 27
27587 24
27588 19
27589 30
27590 18
27591 20
27592 24
27593 9
27594 21
27595 33
27596 3
27597 27
27598 47
27599 13
27600 11
27601 16
27602 31
27603 40
27604 29
27605 37
27606 29
27607 11
27608 26
27609 0
27610 3
27611 7
27612 72
27613 27
27614 16
27615 28
27616 38
27617 36
27618 39
27619 58
27620 35
27621 21
27622 1
27623 42
27624 36
27625 19
27626 27
27627 24
27628 11
27629 40
27630 23
27631 14
27632 40
27633 37
27634 22
27635 21
27636 21
27637 97
27638 40
27639 16
27640 28
27641 36
27642 10
27643 11
27644 1
27645 55
27646 18
27647 38
27648 36
27649 27
27650 54
27651 54
27652 40
27653 1
27654 38
27655 36
27656 48
27657 20
27658 37
27659 40
27660 -3
27661 65
27662 53
27663 21
27664 41
27665 10
27666 24
27667 78
27668 20
27669 51
27670 -2
27671 52
27672 17
27673 1
27674 11
27675 19
27676 31
27677 59
27678 36
27679 11
27680 21
27681 19
27682 16
27683 27
27684 17
27685 55
27686 32
27687 36
27688 16
27689 36
27690 44
27691 31
27692 48
27693 18
27694 42
27695 33
27696 52
27697 31
27698 6
27699 4
27700 67
27701 15
27702 29
27703 40
27704 19
27705 30
27706 36
27707 14
27708 42
27709 14
27710 10
27711 23
27712 -17
27713 26
27714 48
27715 43
27716 38
27717 49
27718 14
27719 38
27720 20
27721 6
27722 46
27723 16
27724 11
27725 31
27726 4
27727 63
27728 35
27729 33
27730 27
27731 38
27732 34
27733 -7
27734 11
27735 18
27736 22
27737 13
27738 13
27739 41
27740 21
27741 29
27742 29
27743 35
27744 14
27745 -5
27746 7
27747 49
27748 15
27749 -3
27750 30
27751 16
27752 24
27753 20
27754 19
27755 6
27756 14
27757 14
27758 21
27759 21
27760 30
27761 30
27762 49
27763 30
27764 2
27765 5
27766 40
27767 19
27768 41
27769 31
27770 30
27771 24
27772 23
27773 25
27774 26
27775 7
27776 24
27777 6
27778 27
27779 21
27780 0
27781 38
27782 18
27783 28
27784 24
27785 9
27786 34
27787 23
27788 22
27789 5
27790 41
27791 39
27792 19
27793 69
27794 0
27795 2
27796 20
27797 32
27798 27
27799 25
27800 16
27801 16
27802 10
27803 18
27804 19
27805 2
27806 4
27807 8
27808 27
27809 23
27810 19
27811 8
27812 21
27813 25
27814 20
27815 23
27816 44
27817 13
27818 31
27819 29
27820 14
27821 23
27822 80
27823 4
27824 5
27825 33
27826 52
27827 50
27828 13
27829 57
27830 23
27831 7
27832 49
27833 29
27834 9
27835 47
27836 5
27837 5
27838 23
27839 25
27840 15
27841 6
27842 33
27843 23
27844 42
27845 27
27846 12
27847 2
27848 40
27849 55
27850 26
27851 4
27852 15
27853 29
27854 27
27855 29
27856 38
27857 13
27858 12
27859 41
27860 27
27861 26
27862 30
27863 30
27864 32
27865 31
27866 17
27867 43
27868 53
27869 15
27870 55
27871 53
27872 32
27873 29
27874 29
27875 39
27876 25
27877 115
27878 8
27879 59
27880 16
27881 16
27882 28
27883 43
27884 63
27885 10
27886 41
27887 36
27888 15
27889 17
27890 10
27891 6
27892 18
27893 24
27894 28
27895 25
27896 20
27897 26
27898 32
27899 29
27900 21
27901 32
27902 5
27903 33
27904 55
27905 -2
27906 15
27907 23
27908 27
27909 10
27910 27
27911 19
27912 7
27913 14
27914 28
27915 14
27916 28
27917 17
27918 17
27919 17
27920 23
27921 12
27922 10
27923 45
27924 34
27925 16
27926 7
27927 17
27928 38
27929 19
27930 57
27931 49
27932 44
27933 24
27934 21
27935 9
27936 34
27937 33
27938 27
27939 31
27940 11
27941 14
27942 37
27943 33
27944 11
27945 16
27946 30
27947 61
27948 22
27949 33
27950 18
27951 22
27952 30
27953 23
27954 27
27955 7
27956 4
27957 40
27958 35
27959 44
27960 97
27961 18
27962 47
27963 24
27964 15
27965 16
27966 20
27967 27
27968 59
27969 24
27970 -5
27971 11
27972 51
27973 55
27974 19
27975 20
27976 51
27977 9
27978 42
27979 24
27980 41
27981 34
27982 32
27983 30
27984 23
27985 24
27986 -2
27987 37
27988 25
27989 33
27990 58
27991 50
27992 20
27993 45
27994 25
27995 21
27996 28
27997 58
27998 23
27999 9
28000 16
28001 23
28002 26
28003 55
28004 50
28005 22
28006 43
28007 86
28008 37
28009 42
28010 28
28011 24
28012 -4
28013 16
28014 5
28015 3
28016 39
28017 48
28018 37
28019 30
28020 79
28021 18
28022 33
28023 76
28024 20
28025 10
28026 33
28027 89
28028 20
28029 37
28030 7
28031 43
28032 10
28033 61
28034 26
28035 15
28036 8
28037 18
28038 29
28039 23
28040 14
28041 21
28042 21
28043 60
28044 14
28045 12
28046 19
28047 19
28048 8
28049 65
28050 43
28051 2
28052 16
28053 11
28054 38
28055 23
28056 63
28057 39
28058 18
28059 53
28060 26
28061 53
28062 50
28063 5
28064 -2
28065 27
28066 6
28067 46
28068 17
28069 17
28070 -2
28071 24
28072 51
28073 29
28074 38
28075 20
28076 86
28077 26
28078 8
28079 44
28080 28
28081 52
28082 20
28083 35
28084 28
28085 51
28086 29
28087 31
28088 17
28089 28
28090 7
28091 34
28092 9
28093 18
28094 29
28095 48
28096 8
28097 45
28098 32
28099 48
28100 89
28101 9
28102 12
28103 69
28104 20
28105 0
28106 -21
28107 9
28108 11
28109 7
28110 18
28111 21
28112 17
28113 5
28114 35
28115 10
28116 71
28117 66
28118 26
28119 24
28120 15
28121 14
28122 -11
28123 11
28124 61
28125 53
28126 60
28127 50
28128 -15
28129 41
28130 39
28131 23
28132 47
28133 19
28134 63
28135 28
28136 13
28137 27
28138 18
28139 8
28140 56
28141 34
28142 63
28143 41
28144 11
28145 33
28146 8
28147 15
28148 10
28149 21
28150 20
28151 16
28152 24
28153 31
28154 17
28155 24
28156 6
28157 7
28158 10
28159 29
28160 28
28161 28
28162 35
28163 26
28164 1
28165 13
28166 -17
28167 27
28168 28
28169 30
28170 35
28171 16
28172 41
28173 46
28174 17
28175 50
28176 7
28177 19
28178 -5
28179 38
28180 21
28181 20
28182 11
28183 24
28184 6
28185 14
28186 30
28187 31
28188 26
28189 32
28190 21
28191 20
28192 55
28193 49
28194 -4
28195 26
28196 -7
28197 15
28198 20
28199 34
28200 21
28201 23
28202 41
28203 42
28204 43
28205 37
28206 42
28207 70
28208 22
28209 12
28210 33
28211 27
28212 33
28213 16
28214 35
28215 17
28216 12
28217 35
28218 4
28219 19
28220 -4
28221 10
28222 44
28223 17
28224 14
28225 20
28226 89
28227 22
28228 95
28229 55
28230 1
28231 19
28232 3
28233 14
28234 36
28235 -5
28236 79
28237 -4
28238 18
28239 2
28240 30
28241 9
28242 29
28243 25
28244 23
28245 28
28246 21
28247 19
28248 23
28249 61
28250 34
28251 28
28252 22
28253 15
28254 18
28255 16
28256 19
28257 41
28258 32
28259 12
28260 29
28261 50
28262 8
28263 35
28264 29
28265 12
28266 7
28267 9
28268 19
28269 7
28270 37
28271 18
28272 26
28273 71
28274 20
28275 8
28276 10
28277 17
28278 29
28279 50
28280 33
28281 46
28282 65
28283 21
28284 38
28285 10
28286 33
28287 47
28288 22
28289 63
28290 14
28291 43
28292 -2
28293 19
28294 37
28295 7
28296 10
28297 79
28298 21
28299 20
28300 11
28301 45
28302 43
28303 61
28304 29
28305 22
28306 28
28307 12
28308 6
28309 9
28310 27
28311 0
28312 18
28313 7
28314 38
28315 25
28316 45
28317 22
28318 55
28319 58
28320 38
28321 43
28322 22
28323 9
28324 20
28325 25
28326 22
28327 18
28328 67
28329 13
28330 37
28331 17
28332 23
28333 39
28334 27
28335 22
28336 0
28337 26
28338 101
28339 29
28340 -2
28341 21
28342 24
28343 31
28344 18
28345 22
28346 16
28347 2
28348 16
28349 51
28350 21
28351 21
28352 13
28353 14
28354 25
28355 46
28356 51
28357 66
28358 30
28359 28
28360 13
28361 53
28362 22
28363 46
28364 11
28365 37
28366 48
28367 -6
28368 49
28369 15
28370 15
28371 33
28372 22
28373 64
28374 37
28375 58
28376 29
28377 21
28378 17
28379 11
28380 30
28381 39
28382 30
28383 9
28384 28
28385 33
28386 0
28387 6
28388 14
28389 22
28390 5
28391 28
28392 15
28393 27
28394 42
28395 -1
28396 11
28397 25
28398 31
28399 25
28400 42
28401 40
28402 27
28403 8
28404 67
28405 57
28406 9
28407 80
28408 33
28409 46
28410 22
28411 6
28412 30
28413 5
28414 36
28415 71
28416 28
28417 22
28418 -4
28419 29
28420 11
28421 30
28422 28
28423 13
28424 13
28425 22
28426 30
28427 13
28428 20
28429 12
28430 40
28431 26
28432 9
28433 40
28434 51
28435 45
28436 19
28437 42
28438 44
28439 -1
28440 19
28441 3
28442 42
28443 22
28444 29
28445 17
28446 12
28447 17
28448 133
28449 31
28450 2
28451 33
28452 48
28453 45
28454 51
28455 34
28456 49
28457 26
28458 4
28459 21
28460 18
28461 56
28462 33
28463 44
28464 40
28465 51
28466 23
28467 36
28468 46
28469 65
28470 4
28471 2
28472 24
28473 41
28474 50
28475 18
28476 11
28477 73
28478 37
28479 37
28480 -5
28481 22
28482 12
28483 34
28484 5
28485 24
28486 50
28487 12
28488 24
28489 56
28490 41
28491 31
28492 17
28493 6
28494 9
28495 65
28496 3
28497 41
28498 16
28499 19
28500 27
28501 63
28502 34
28503 22
28504 9
28505 4
28506 34
28507 6
28508 -10
28509 7
28510 28
28511 30
28512 18
28513 16
28514 27
28515 11
28516 56
28517 33
28518 19
28519 43
28520 21
28521 22
28522 82
28523 -3
28524 31
28525 35
28526 15
28527 15
28528 13
28529 54
28530 13
28531 28
28532 27
28533 21
28534 73
28535 22
28536 27
28537 25
28538 41
28539 63
28540 27
28541 11
28542 42
28543 20
28544 29
28545 38
28546 20
28547 45
28548 17
28549 21
28550 20
28551 0
28552 29
28553 20
28554 40
28555 25
28556 9
28557 29
28558 5
28559 23
28560 12
28561 48
28562 5
28563 25
28564 25
28565 14
28566 37
28567 36
28568 11
28569 3
28570 14
28571 17
28572 42
28573 30
28574 39
28575 10
28576 15
28577 49
28578 19
28579 54
28580 11
28581 22
28582 22
28583 6
28584 34
28585 19
28586 18
28587 53
28588 34
28589 32
28590 13
28591 36
28592 17
28593 3
28594 22
28595 10
28596 29
28597 17
28598 24
28599 38
28600 80
28601 8
28602 59
28603 29
28604 32
28605 20
28606 43
28607 6
28608 -3
28609 6
28610 28
28611 8
28612 22
28613 32
28614 17
28615 21
28616 26
28617 43
28618 17
28619 10
28620 38
28621 27
28622 2
28623 45
28624 11
28625 49
28626 10
28627 8
28628 10
28629 36
28630 19
28631 28
28632 -2
28633 17
28634 19
28635 26
28636 22
28637 43
28638 21
28639 15
28640 27
28641 16
28642 48
28643 10
28644 45
28645 9
28646 15
28647 9
28648 69
28649 -2
28650 38
28651 0
28652 23
28653 33
28654 33
28655 51
28656 14
28657 21
28658 24
28659 -4
28660 24
28661 38
28662 18
28663 26
28664 4
28665 4
28666 26
28667 29
28668 12
28669 62
28670 30
28671 19
28672 29
28673 36
28674 33
28675 -15
28676 31
28677 10
28678 18
28679 13
28680 30
28681 21
28682 -2
28683 34
28684 24
28685 22
28686 52
28687 28
28688 71
28689 0
28690 26
28691 26
28692 45
28693 12
28694 62
28695 -21
28696 31
28697 25
28698 99
28699 84
28700 39
28701 19
28702 39
28703 49
28704 25
28705 12
28706 24
28707 14
28708 -13
28709 6
28710 34
28711 39
28712 35
28713 33
28714 35
28715 58
28716 6
28717 -21
28718 22
28719 65
28720 28
28721 16
28722 85
28723 41
28724 21
28725 22
28726 9
28727 12
28728 4
28729 20
28730 45
28731 16
28732 25
28733 39
28734 39
28735 6
28736 37
28737 25
28738 41
28739 44
28740 44
28741 7
28742 34
28743 19
28744 0
28745 27
28746 47
28747 19
28748 16
28749 38
28750 25
28751 40
28752 2
28753 47
28754 35
28755 31
28756 17
28757 37
28758 44
28759 13
28760 14
28761 14
28762 18
28763 6
28764 25
28765 25
28766 3
28767 40
28768 27
28769 8
28770 5
28771 15
28772 42
28773 31
28774 22
28775 21
28776 26
28777 15
28778 1
28779 23
28780 42
28781 -4
28782 22
28783 35
28784 45
28785 22
28786 8
28787 36
28788 20
28789 18
28790 26
28791 7
28792 34
28793 0
28794 28
28795 9
28796 8
28797 16
28798 23
28799 20
28800 67
28801 38
28802 30
28803 27
28804 20
28805 81
28806 26
28807 7
28808 99
28809 31
28810 28
28811 15
28812 13
28813 60
28814 20
28815 70
28816 15
28817 78
28818 39
28819 -5
28820 32
28821 31
28822 19
28823 23
28824 21
28825 23
28826 16
28827 40
28828 17
28829 18
28830 24
28831 24
28832 13
28833 35
28834 34
28835 37
28836 19
28837 32
28838 29
28839 9
28840 19
28841 24
28842 43
28843 10
28844 70
28845 11
28846 13
28847 79
28848 22
28849 25
28850 16
28851 17
28852 52
28853 31
28854 17
28855 29
28856 35
28857 48
28858 26
28859 21
28860 19
28861 18
28862 -5
28863 8
28864 12
28865 37
28866 30
28867 24
28868 52
28869 23
28870 25
28871 19
28872 32
28873 16
28874 26
28875 52
28876 30
28877 24
28878 32
28879 25
28880 38
28881 29
28882 40
28883 32
28884 20
28885 43
28886 19
28887 51
28888 27
28889 15
28890 25
28891 3
28892 18
28893 21
28894 30
28895 29
28896 6
28897 17
28898 11
28899 32
28900 40
28901 21
28902 22
28903 -1
28904 13
28905 32
28906 18
28907 1
28908 55
28909 5
28910 46
28911 12
28912 24
28913 17
28914 42
28915 26
28916 14
28917 19
28918 41
28919 41
28920 45
28921 28
28922 18
28923 17
28924 11
28925 31
28926 -2
28927 26
28928 46
28929 23
28930 28
28931 49
28932 23
28933 22
28934 36
28935 40
28936 25
28937 24
28938 65
28939 3
28940 69
28941 22
28942 26
28943 15
28944 28
28945 23
28946 71
28947 24
28948 20
28949 25
28950 22
28951 17
28952 19
28953 18
28954 20
28955 101
28956 17
28957 66
28958 15
28959 36
28960 11
28961 -6
28962 38
28963 36
28964 13
28965 52
28966 10
28967 21
28968 67
28969 51
28970 27
28971 37
28972 36
28973 12
28974 11
28975 -1
28976 42
28977 26
28978 -3
28979 13
28980 24
28981 137
28982 13
28983 22
28984 35
28985 55
28986 79
28987 15
28988 30
28989 40
28990 43
28991 -5
28992 53
28993 17
28994 34
28995 14
28996 34
28997 20
28998 20
28999 7
29000 27
29001 47
29002 24
29003 54
29004 -10
29005 8
29006 44
29007 37
29008 18
29009 8
29010 10
29011 18
29012 22
29013 16
29014 61
29015 34
29016 23
29017 11
29018 35
29019 4
29020 20
29021 16
29022 35
29023 20
29024 30
29025 36
29026 13
29027 11
29028 16
29029 34
29030 -1
29031 9
29032 34
29033 20
29034 43
29035 14
29036 6
29037 24
29038 38
29039 50
29040 18
29041 30
29042 36
29043 83
29044 55
29045 20
29046 18
29047 25
29048 35
29049 19
29050 27
29051 87
29052 52
29053 22
29054 19
29055 49
29056 31
29057 79
29058 16
29059 47
29060 18
29061 18
29062 20
29063 105
29064 12
29065 7
29066 39
29067 8
29068 34
29069 7
29070 84
29071 18
29072 22
29073 32
29074 16
29075 31
29076 51
29077 -21
29078 -6
29079 19
29080 4
29081 63
29082 19
29083 1
29084 34
29085 79
29086 100
29087 44
29088 13
29089 25
29090 84
29091 16
29092 19
29093 10
29094 29
29095 34
29096 31
29097 40
29098 15
29099 29
29100 30
29101 33
29102 35
29103 33
29104 36
29105 1
29106 51
29107 28
29108 83
29109 49
29110 29
29111 30
29112 36
29113 46
29114 46
29115 31
29116 35
29117 14
29118 19
29119 90
29120 17
29121 17
29122 7
29123 92
29124 49
29125 53
29126 50
29127 -3
29128 19
29129 9
29130 36
29131 53
29132 30
29133 8
29134 25
29135 13
29136 11
29137 44
29138 32
29139 43
29140 32
29141 30
29142 9
29143 13
29144 34
29145 17
29146 25
29147 37
29148 22
29149 17
29150 44
29151 22
29152 27
29153 18
29154 21
29155 15
29156 21
29157 33
29158 73
29159 35
29160 17
29161 30
29162 61
29163 17
29164 26
29165 4
29166 13
29167 17
29168 62
29169 9
29170 71
29171 11
29172 42
29173 53
29174 12
29175 21
29176 14
29177 65
29178 13
29179 12
29180 30
29181 4
29182 11
29183 66
29184 -4
29185 20
29186 27
29187 34
29188 21
29189 22
29190 18
29191 4
29192 23
29193 54
29194 59
29195 45
29196 0
29197 7
29198 40
29199 26
29200 14
29201 35
29202 37
29203 61
29204 30
29205 26
29206 12
29207 10
29208 24
29209 21
29210 26
29211 48
29212 1
29213 74
29214 38
29215 29
29216 21
29217 24
29218 21
29219 48
29220 38
29221 85
29222 33
29223 78
29224 25
29225 35
29226 30
29227 28
29228 17
29229 30
29230 10
29231 6
29232 16
29233 39
29234 67
29235 48
29236 38
29237 31
29238 31
29239 20
29240 25
29241 29
29242 13
29243 7
29244 31
29245 37
29246 29
29247 26
29248 6
29249 67
29250 11
29251 19
29252 55
29253 26
29254 10
29255 34
29256 35
29257 24
29258 -4
29259 2
29260 32
29261 15
29262 17
29263 11
29264 33
29265 42
29266 37
29267 23
29268 21
29269 36
29270 29
29271 2
29272 53
29273 81
29274 15
29275 42
29276 35
29277 9
29278 29
29279 20
29280 18
29281 20
29282 28
29283 -5
29284 18
29285 56
29286 42
29287 22
29288 20
29289 27
29290 33
29291 29
29292 13
29293 38
29294 15
29295 6
29296 29
29297 33
29298 27
29299 61
29300 36
29301 13
29302 38
29303 25
29304 10
29305 19
29306 66
29307 41
29308 5
29309 15
29310 25
29311 15
29312 6
29313 24
29314 23
29315 15
29316 33
29317 26
29318 30
29319 13
29320 5
29321 41
29322 7
29323 6
29324 24
29325 59
29326 53
29327 17
29328 3
29329 30
29330 26
29331 -2
29332 20
29333 45
29334 14
29335 34
29336 24
29337 15
29338 -13
29339 49
29340 35
29341 12
29342 37
29343 35
29344 44
29345 -4
29346 19
29347 14
29348 15
29349 41
29350 22
29351 14
29352 21
29353 16
29354 21
29355 24
29356 24
29357 22
29358 28
29359 23
29360 32
29361 25
29362 44
29363 55
29364 72
29365 15
29366 24
29367 8
29368 14
29369 23
29370 20
29371 4
29372 14
29373 38
29374 33
29375 24
29376 28
29377 56
29378 24
29379 47
29380 80
29381 21
29382 -2
29383 50
29384 14
29385 16
29386 11
29387 -1
29388 44
29389 14
29390 8
29391 34
29392 13
29393 41
29394 21
29395 59
29396 21
29397 25
29398 34
29399 33
29400 17
29401 64
29402 28
29403 99
29404 36
29405 44
29406 15
29407 42
29408 29
29409 28
29410 50
29411 52
29412 62
29413 15
29414 22
29415 3
29416 13
29417 17
29418 9
29419 0
29420 29
29421 21
29422 33
29423 23
29424 27
29425 42
29426 16
29427 23
29428 47
29429 24
29430 29
29431 23
29432 46
29433 20
29434 40
29435 16
29436 39
29437 77
29438 45
29439 19
29440 14
29441 12
29442 15
29443 25
29444 6
29445 7
29446 6
29447 73
29448 8
29449 42
29450 4
29451 34
29452 20
29453 53
29454 9
29455 42
29456 30
29457 66
29458 30
29459 25
29460 37
29461 34
29462 15
29463 27
29464 16
29465 36
29466 61
29467 25
29468 46
29469 70
29470 -6
29471 35
29472 15
29473 23
29474 22
29475 41
29476 52
29477 16
29478 13
29479 17
29480 56
29481 20
29482 17
29483 10
29484 53
29485 42
29486 6
29487 101
29488 28
29489 69
29490 30
29491 -16
29492 36
29493 41
29494 23
29495 12
29496 19
29497 30
29498 28
29499 13
29500 11
29501 12
29502 15
29503 36
29504 -9
29505 46
29506 28
29507 8
29508 43
29509 26
29510 18
29511 -3
29512 66
29513 22
29514 43
29515 28
29516 75
29517 43
29518 28
29519 25
29520 0
29521 42
29522 17
29523 3
29524 25
29525 13
29526 33
29527 20
29528 6
29529 34
29530 85
29531 31
29532 24
29533 13
29534 17
29535 24
29536 4
29537 15
29538 16
29539 10
29540 40
29541 24
29542 -8
29543 30
29544 22
29545 11
29546 23
29547 20
29548 23
29549 16
29550 19
29551 76
29552 7
29553 26
29554 36
29555 16
29556 9
29557 4
29558 15
29559 21
29560 13
29561 11
29562 12
29563 50
29564 19
29565 12
29566 37
29567 24
29568 28
29569 54
29570 19
29571 35
29572 15
29573 37
29574 18
29575 38
29576 39
29577 36
29578 11
29579 16
29580 41
29581 6
29582 24
29583 6
29584 31
29585 29
29586 -3
29587 20
29588 45
29589 22
29590 15
29591 13
29592 49
29593 38
29594 18
29595 14
29596 8
29597 41
29598 26
29599 16
29600 13
29601 9
29602 22
29603 32
29604 -1
29605 24
29606 11
29607 25
29608 16
29609 44
29610 28
29611 14
29612 26
29613 32
29614 53
29615 1
29616 31
29617 30
29618 78
29619 48
29620 36
29621 32
29622 3
29623 8
29624 23
29625 15
29626 32
29627 29
29628 27
29629 1
29630 40
29631 94
29632 17
29633 22
29634 30
29635 26
29636 66
29637 29
29638 37
29639 35
29640 28
29641 21
29642 42
29643 9
29644 23
29645 9
29646 7
29647 35
29648 37
29649 20
29650 35
29651 6
29652 29
29653 15
29654 9
29655 -3
29656 42
29657 25
29658 -16
29659 8
29660 27
29661 14
29662 26
29663 45
29664 103
29665 31
29666 57
29667 17
29668 55
29669 49
29670 37
29671 30
29672 16
29673 32
29674 18
29675 25
29676 21
29677 52
29678 26
29679 30
29680 39
29681 27
29682 31
29683 8
29684 19
29685 28
29686 26
29687 16
29688 39
29689 23
29690 30
29691 48
29692 78
29693 20
29694 6
29695 24
29696 21
29697 34
29698 58
29699 22
29700 97
29701 18
29702 35
29703 19
29704 -1
29705 27
29706 31
29707 34
29708 12
29709 39
29710 23
29711 29
29712 49
29713 66
29714 7
29715 36
29716 10
29717 53
29718 29
29719 41
29720 22
29721 32
29722 2
29723 21
29724 12
29725 28
29726 31
29727 30
29728 25
29729 26
29730 48
29731 13
29732 3
29733 30
29734 11
29735 23
29736 22
29737 41
29738 60
29739 29
29740 14
29741 8
29742 32
29743 18
29744 14
29745 26
29746 36
29747 20
29748 29
29749 83
29750 22
29751 14
29752 10
29753 28
29754 62
29755 24
29756 39
29757 6
29758 10
29759 30
29760 14
29761 55
29762 -3
29763 56
29764 27
29765 13
29766 29
29767 35
29768 19
29769 1
29770 14
29771 37
29772 7
29773 27
29774 11
29775 1
29776 13
29777 20
29778 13
29779 39
29780 99
29781 6
29782 21
29783 15
29784 23
29785 55
29786 41
29787 31
29788 25
29789 9
29790 56
29791 40
29792 20
29793 16
29794 34
29795 49
29796 32
29797 22
29798 18
29799 12
29800 50
29801 34
29802 5
29803 55
29804 17
29805 22
29806 67
29807 20
29808 47
29809 32
29810 23
29811 37
29812 101
29813 26
29814 40
29815 17
29816 23
29817 56
29818 12
29819 25
29820 27
29821 36
29822 -1
29823 10
29824 13
29825 71
29826 20
29827 27
29828 34
29829 37
29830 19
29831 24
29832 15
29833 14
29834 3
29835 39
29836 37
29837 21
29838 -19
29839 38
29840 27
29841 18
29842 13
29843 24
29844 53
29845 58
29846 18
29847 25
29848 20
29849 46
29850 20
29851 7
29852 0
29853 20
29854 29
29855 32
29856 29
29857 27
29858 37
29859 27
29860 48
29861 21
29862 34
29863 23
29864 30
29865 10
29866 25
29867 37
29868 56
29869 6
29870 23
29871 24
29872 23
29873 5
29874 28
29875 21
29876 29
29877 0
29878 23
29879 40
29880 3
29881 62
29882 15
29883 -2
29884 88
29885 57
29886 27
29887 9
29888 23
29889 27
29890 10
29891 11
29892 12
29893 72
29894 14
29895 25
29896 37
29897 23
29898 14
29899 25
29900 27
29901 34
29902 57
29903 35
29904 38
29905 20
29906 24
29907 53
29908 66
29909 32
29910 31
29911 38
29912 27
29913 9
29914 61
29915 34
29916 23
29917 41
29918 13
29919 10
29920 19
29921 24
29922 61
29923 27
29924 18
29925 3
29926 40
29927 13
29928 10
29929 -4
29930 43
29931 23
29932 30
29933 26
29934 50
29935 28
29936 19
29937 48
29938 20
29939 29
29940 75
29941 16
29942 16
29943 43
29944 36
29945 32
29946 38
29947 68
29948 25
29949 46
29950 18
29951 25
29952 -2
29953 38
29954 34
29955 4
29956 13
29957 13
29958 51
29959 40
29960 35
29961 8
29962 15
29963 35
29964 7
29965 12
29966 -13
29967 33
29968 6
29969 24
29970 33
29971 5
29972 29
29973 35
29974 28
29975 42
29976 40
29977 10
29978 53
29979 17
29980 36
29981 29
29982 45
29983 24
29984 3
29985 39
29986 22
29987 20
29988 22
29989 76
29990 3
29991 7
29992 74
29993 19
29994 37
29995 11
29996 18
29997 83
29998 24
29999 17
30000 35
30001 81
30002 57
30003 -1
30004 58
30005 10
30006 29
30007 20
30008 13
30009 44
30010 17
30011 9
30012 7
30013 26
30014 24
30015 21
30016 14
30017 28
30018 11
30019 18
30020 -6
30021 19
30022 27
30023 26
30024 34
30025 49
30026 54
30027 18
30028 16
30029 12
30030 14
30031 22
30032 34
30033 27
30034 26
30035 30
30036 -3
30037 11
30038 8
30039 13
30040 28
30041 61
30042 3
30043 42
30044 42
30045 17
30046 21
30047 30
30048 24
30049 45
30050 27
30051 40
30052 23
30053 11
30054 33
30055 4
30056 16
30057 25
30058 35
30059 27
30060 40
30061 25
30062 27
30063 39
30064 31
30065 30
30066 46
30067 76
30068 7
30069 7
30070 22
30071 17
30072 28
30073 12
30074 9
30075 38
30076 51
30077 19
30078 39
30079 4
30080 25
30081 20
30082 17
30083 5
30084 -3
30085 26
30086 36
30087 56
30088 38
30089 39
30090 9
30091 15
30092 26
30093 21
30094 22
30095 28
30096 26
30097 15
30098 14
30099 37
30100 9
30101 5
30102 21
30103 -8
30104 14
30105 22
30106 14
30107 50
30108 38
30109 30
30110 20
30111 55
30112 16
30113 26
30114 26
30115 29
30116 48
30117 16
30118 55
30119 56
30120 23
30121 74
30122 34
30123 25
30124 -2
30125 -3
30126 17
30127 40
30128 5
30129 12
30130 7
30131 34
30132 7
30133 19
30134 -4
30135 27
30136 52
30137 22
30138 15
30139 8
30140 53
30141 31
30142 16
30143 18
30144 17
30145 27
30146 2
30147 42
30148 18
30149 3
30150 18
30151 21
30152 15
30153 43
30154 26
30155 25
30156 4
30157 7
30158 42
30159 27
30160 16
30161 22
30162 35
30163 23
30164 41
30165 17
30166 60
30167 19
30168 33
30169 18
30170 26
30171 26
30172 9
30173 41
30174 31
30175 22
30176 19
30177 26
30178 9
30179 53
30180 31
30181 22
30182 19
30183 17
30184 26
30185 19
30186 7
30187 42
30188 31
30189 26
30190 41
30191 24
30192 11
30193 17
30194 10
30195 70
30196 51
30197 14
30198 13
30199 25
30200 64
30201 38
30202 45
30203 11
30204 9
30205 10
30206 20
30207 9
30208 12
30209 21
30210 35
30211 32
30212 48
30213 34
30214 36
30215 24
30216 23
30217 21
30218 11
30219 15
30220 20
30221 15
30222 25
30223 30
30224 24
30225 20
30226 22
30227 18
30228 -1
30229 78
30230 22
30231 44
30232 33
30233 10
30234 43
30235 39
30236 15
30237 8
30238 44
30239 22
30240 21
30241 7
30242 8
30243 0
30244 28
30245 13
30246 26
30247 17
30248 -5
30249 36
30250 12
30251 30
30252 26
30253 57
30254 23
30255 43
30256 47
30257 37
30258 20
30259 39
30260 38
30261 31
30262 16
30263 6
30264 1
30265 20
30266 14
30267 36
30268 27
30269 85
30270 6
30271 24
30272 26
30273 4
30274 12
30275 55
30276 -8
30277 11
30278 35
30279 28
30280 21
30281 20
30282 7
30283 19
30284 28
30285 13
30286 33
30287 26
30288 9
30289 41
30290 58
30291 58
30292 14
30293 42
30294 25
30295 15
30296 58
30297 31
30298 24
30299 34
30300 7
30301 21
30302 5
30303 -7
30304 -3
30305 86
30306 50
30307 28
30308 30
30309 26
30310 -7
30311 -6
30312 33
30313 16
30314 27
30315 11
30316 13
30317 18
30318 58
30319 33
30320 43
30321 16
30322 -5
30323 11
30324 56
30325 23
30326 40
30327 8
30328 39
30329 23
30330 15
30331 17
30332 24
30333 11
30334 14
30335 27
30336 6
30337 44
30338 40
30339 42
30340 23
30341 7
30342 48
30343 70
30344 37
30345 27
30346 25
30347 17
30348 16
30349 17
30350 29
30351 40
30352 40
30353 33
30354 26
30355 49
30356 50
30357 58
30358 23
30359 35
30360 13
30361 44
30362 17
30363 44
30364 17
30365 54
30366 18
30367 42
30368 54
30369 11
30370 35
30371 16
30372 10
30373 14
30374 28
30375 13
30376 32
30377 17
30378 63
30379 4
30380 16
30381 13
30382 11
30383 14
30384 33
30385 45
30386 6
30387 51
30388 28
30389 -16
30390 6
30391 25
30392 19
30393 3
30394 38
30395 8
30396 33
30397 4
30398 2
30399 20
30400 38
30401 45
30402 9
30403 1
30404 10
30405 -26
30406 16
30407 46
30408 7
30409 12
30410 18
30411 46
30412 11
30413 20
30414 22
30415 74
30416 19
30417 39
30418 14
30419 15
30420 9
30421 27
30422 85
30423 20
30424 39
30425 14
30426 27
30427 3
30428 41
30429 1
30430 17
30431 16
30432 49
30433 38
30434 46
30435 56
30436 10
30437 15
30438 28
30439 56
30440 34
30441 19
30442 1
30443 3
30444 24
30445 23
30446 56
30447 32
30448 5
30449 8
30450 31
30451 16
30452 11
30453 31
30454 7
30455 19
30456 11
30457 21
30458 20
30459 25
30460 26
30461 20
30462 49
30463 20
30464 14
30465 9
30466 24
30467 17
30468 39
30469 12
30470 12
30471 52
30472 66
30473 62
30474 21
30475 10
30476 20
30477 46
30478 29
30479 17
30480 8
30481 32
30482 2
30483 16
30484 28
30485 21
30486 27
30487 30
30488 32
30489 19
30490 23
30491 3
30492 18
30493 11
30494 38
30495 35
30496 27
30497 33
30498 82
30499 17
30500 53
30501 14
30502 22
30503 37
30504 9
30505 38
30506 17
30507 24
30508 32
30509 8
30510 62
30511 60
30512 16
30513 18
30514 11
30515 27
30516 11
30517 31
30518 12
30519 34
30520 21
30521 35
30522 24
30523 20
30524 17
30525 22
30526 30
30527 17
30528 9
30529 29
30530 18
30531 22
30532 17
30533 5
30534 34
30535 5
30536 16
30537 53
30538 33
30539 37
30540 29
30541 66
30542 5
30543 40
30544 59
30545 58
30546 12
30547 16
30548 17
30549 28
30550 17
30551 24
30552 37
30553 43
30554 24
30555 76
30556 18
30557 97
30558 16
30559 10
30560 2
30561 17
30562 20
30563 43
30564 44
30565 58
30566 7
30567 9
30568 30
30569 21
30570 31
30571 21
30572 17
30573 41
30574 74
30575 30
30576 15
30577 47
30578 31
30579 41
30580 33
30581 21
30582 21
30583 41
30584 14
30585 43
30586 33
30587 5
30588 17
30589 31
30590 26
30591 47
30592 45
30593 27
30594 2
30595 10
30596 24
30597 34
30598 30
30599 8
30600 8
30601 12
30602 8
30603 48
30604 36
30605 17
30606 19
30607 18
30608 22
30609 29
30610 12
30611 -1
30612 -2
30613 36
30614 46
30615 6
30616 26
30617 43
30618 32
30619 27
30620 16
30621 13
30622 1
30623 28
30624 71
30625 24
30626 0
30627 44
30628 21
30629 17
30630 10
30631 67
30632 20
30633 25
30634 47
30635 28
30636 6
30637 28
30638 8
30639 25
30640 30
30641 93
30642 15
30643 26
30644 25
30645 29
30646 44
30647 37
30648 29
30649 5
30650 28
30651 36
30652 4
30653 6
30654 22
30655 16
30656 18
30657 11
30658 18
30659 23
30660 47
30661 10
30662 38
30663 14
30664 11
30665 12
30666 19
30667 26
30668 18
30669 27
30670 10
30671 50
30672 7
30673 20
30674 46
30675 22
30676 85
30677 12
30678 22
30679 41
30680 18
30681 17
30682 38
30683 29
30684 25
30685 22
30686 56
30687 32
30688 20
30689 5
30690 11
30691 31
30692 18
30693 97
30694 23
30695 12
30696 28
30697 53
30698 20
30699 14
30700 19
30701 -8
30702 27
30703 36
30704 34
30705 -4
30706 14
30707 30
30708 22
30709 42
30710 26
30711 38
30712 2
30713 16
30714 69
30715 19
30716 22
30717 5
30718 21
30719 50
30720 26
30721 28
30722 1
30723 23
30724 2
30725 28
30726 11
30727 25
30728 36
30729 27
30730 29
30731 23
30732 38
30733 15
30734 36
30735 26
30736 -2
30737 23
30738 43
30739 15
30740 14
30741 24
30742 49
30743 52
30744 35
30745 36
30746 1
30747 -1
30748 30
30749 43
30750 20
30751 9
30752 34
30753 36
30754 12
30755 35
30756 18
30757 52
30758 43
30759 28
30760 -2
30761 49
30762 20
30763 9
30764 42
30765 12
30766 14
30767 8
30768 -3
30769 14
30770 20
30771 18
30772 22
30773 5
30774 26
30775 17
30776 39
30777 23
30778 3
30779 12
30780 11
30781 35
30782 20
30783 6
30784 34
30785 40
30786 38
30787 39
30788 80
30789 18
30790 14
30791 43
30792 12
30793 34
30794 28
30795 22
30796 -1
30797 16
30798 25
30799 7
30800 5
30801 11
30802 -13
30803 0
30804 18
30805 51
30806 9
30807 65
30808 25
30809 21
30810 23
30811 56
30812 30
30813 37
30814 41
30815 37
30816 35
30817 6
30818 23
30819 9
30820 14
30821 25
30822 -2
30823 15
30824 34
30825 21
30826 9
30827 24
30828 32
30829 27
30830 7
30831 22
30832 30
30833 60
30834 23
30835 12
30836 35
30837 32
30838 7
30839 22
30840 3
30841 23
30842 84
30843 43
30844 11
30845 32
30846 13
30847 25
30848 -26
30849 17
30850 47
30851 42
30852 9
30853 16
30854 26
30855 14
30856 11
30857 3
30858 43
30859 21
30860 -1
30861 27
30862 18
30863 11
30864 17
30865 21
30866 33
30867 35
30868 29
30869 8
30870 16
30871 53
30872 27
30873 28
30874 25
30875 8
30876 15
30877 25
30878 5
30879 10
30880 42
30881 33
30882 22
30883 16
30884 32
30885 24
30886 32
30887 27
30888 39
30889 47
30890 16
30891 17
30892 2
30893 23
30894 39
30895 33
30896 22
30897 7
30898 20
30899 31
30900 14
30901 46
30902 28
30903 11
30904 22
30905 20
30906 15
30907 2
30908 44
30909 38
30910 29
30911 53
30912 12
30913 37
30914 42
30915 28
30916 10
30917 42
30918 18
30919 15
30920 12
30921 6
30922 13
30923 36
30924 2
30925 31
30926 11
30927 54
30928 32
30929 6
30930 10
30931 23
30932 86
30933 9
30934 51
30935 39
30936 23
30937 26
30938 35
30939 13
30940 58
30941 10
30942 28
30943 39
30944 39
30945 16
30946 1
30947 43
30948 17
30949 16
30950 14
30951 2
30952 45
30953 56
30954 15
30955 29
30956 13
30957 15
30958 5
30959 -1
30960 16
30961 6
30962 14
30963 33
30964 19
30965 7
30966 10
30967 46
30968 11
30969 28
30970 -5
30971 23
30972 39
30973 43
30974 20
30975 6
30976 17
30977 10
30978 12
30979 15
30980 20
30981 21
30982 25
30983 18
30984 25
30985 8
30986 0
30987 11
30988 22
30989 52
30990 28
30991 26
30992 33
30993 35
30994 31
30995 21
30996 7
30997 35
30998 10
30999 32
31000 41
31001 20
31002 9
31003 6
31004 13
31005 27
31006 79
31007 40
31008 21
31009 14
31010 33
31011 8
31012 18
31013 56
31014 17
31015 21
31016 43
31017 10
31018 5
31019 6
31020 22
31021 35
31022 0
31023 26
31024 10
31025 26
31026 29
31027 25
31028 21
31029 28
31030 14
31031 22
31032 40
31033 22
31034 68
31035 11
31036 21
31037 35
31038 27
31039 11
31040 13
31041 23
31042 28
31043 50
31044 19
31045 24
31046 21
31047 45
31048 29
31049 -6
31050 24
31051 11
31052 7
31053 25
31054 16
31055 26
31056 23
31057 22
31058 9
31059 33
31060 21
31061 37
31062 21
31063 38
31064 13
31065 53
31066 28
31067 40
31068 72
31069 15
31070 31
31071 6
31072 59
31073 31
31074 36
31075 31
31076 20
31077 36
31078 16
31079 16
31080 17
31081 32
31082 32
31083 7
31084 55
31085 22
31086 35
31087 92
31088 11
31089 22
31090 63
31091 14
31092 20
31093 33
31094 4
31095 8
31096 32
31097 41
31098 20
31099 5
31100 4
31101 3
31102 13
31103 4
31104 28
31105 3
31106 2
31107 11
31108 21
31109 37
31110 19
31111 3
31112 18
31113 30
31114 61
31115 32
31116 36
31117 5
31118 28
31119 14
31120 -9
31121 27
31122 20
31123 27
31124 21
31125 14
31126 18
31127 25
31128 34
31129 45
31130 10
31131 29
31132 32
31133 32
31134 31
31135 25
31136 40
31137 10
31138 43
31139 29
31140 18
31141 33
31142 38
31143 15
31144 13
31145 29
31146 28
31147 11
31148 70
31149 14
31150 15
31151 3
31152 45
31153 20
31154 30
31155 17
31156 4
31157 18
31158 6
31159 26
31160 10
31161 30
31162 7
31163 12
31164 68
31165 30
31166 23
31167 48
31168 7
31169 46
31170 10
31171 34
31172 17
31173 28
31174 28
31175 23
31176 18
31177 23
31178 13
31179 23
31180 86
31181 12
31182 23
31183 38
31184 32
31185 21
31186 -9
31187 19
31188 24
31189 36
31190 7
31191 19
31192 54
31193 58
31194 23
31195 13
31196 24
31197 13
31198 32
31199 18
31200 37
31201 42
31202 14
31203 15
31204 28
31205 2
31206 22
31207 21
31208 31
31209 42
31210 24
31211 37
31212 87
31213 34
31214 23
31215 28
31216 9
31217 23
31218 15
31219 26
31220 0
31221 26
31222 13
31223 5
31224 24
31225 31
31226 23
31227 35
31228 13
31229 39
31230 25
31231 27
31232 22
31233 47
31234 14
31235 33
31236 16
31237 12
31238 41
31239 25
31240 14
31241 12
31242 37
31243 41
31244 29
31245 15
31246 72
31247 53
31248 30
31249 17
31250 18
31251 31
31252 23
31253 67
31254 22
31255 4
31256 23
31257 42
31258 27
31259 8
31260 9
31261 42
31262 12
31263 18
31264 21
31265 14
31266 25
31267 17
31268 28
31269 23
31270 44
31271 11
31272 25
31273 26
31274 20
31275 28
31276 18
31277 70
31278 76
31279 16
31280 69
31281 54
31282 39
31283 34
31284 21
31285 22
31286 35
31287 36
31288 24
31289 6
31290 66
31291 39
31292 16
31293 27
31294 23
31295 37
31296 23
31297 32
31298 21
31299 21
31300 31
31301 18
31302 47
31303 8
31304 39
31305 4
31306 26
31307 5
31308 30
31309 26
31310 14
31311 41
31312 30
31313 16
31314 36
31315 15
31316 -10
31317 3
31318 25
31319 25
31320 43
31321 18
31322 26
31323 12
31324 25
31325 26
31326 30
31327 24
31328 47
31329 23
31330 34
31331 55
31332 4
31333 30
31334 31
31335 34
31336 22
31337 20
31338 27
31339 24
31340 5
31341 11
31342 10
31343 43
31344 8
31345 -13
31346 15
31347 40
31348 10
31349 27
31350 19
31351 19
31352 25
31353 6
31354 28
31355 23
31356 27
31357 17
31358 86
31359 35
31360 15
31361 7
31362 3
31363 31
31364 33
31365 38
31366 5
31367 17
31368 19
31369 19
31370 13
31371 26
31372 4
31373 16
31374 14
31375 35
31376 9
31377 35
31378 15
31379 -4
31380 81
31381 15
31382 12
31383 25
31384 31
31385 21
31386 28
31387 21
31388 77
31389 13
31390 31
31391 13
31392 11
31393 20
31394 23
31395 18
31396 30
31397 60
31398 42
31399 13
31400 29
31401 50
31402 -5
31403 24
31404 8
31405 -2
31406 24
31407 12
31408 23
31409 -2
31410 7
31411 7
31412 18
31413 33
31414 9
31415 11
31416 26
31417 10
31418 24
31419 5
31420 48
31421 46
31422 56
31423 19
31424 -2
31425 29
31426 13
31427 21
31428 18
31429 10
31430 20
31431 23
31432 27
31433 39
31434 -1
31435 1
31436 40
31437 36
31438 13
31439 22
31440 44
31441 17
31442 19
31443 39
31444 42
31445 10
31446 28
31447 19
31448 13
31449 29
31450 15
31451 27
31452 18
31453 14
31454 34
31455 7
31456 11
31457 35
31458 -7
31459 14
31460 10
31461 87
31462 62
31463 26
31464 17
31465 9
31466 19
31467 12
31468 32
31469 20
31470 16
31471 31
31472 22
31473 37
31474 11
31475 18
31476 8
31477 14
31478 26
31479 10
31480 33
31481 -7
31482 57
31483 5
31484 49
31485 5
31486 13
31487 49
31488 33
31489 12
31490 36
31491 21
31492 -18
31493 40
31494 36
31495 17
31496 33
31497 72
31498 9
31499 52
31500 56
31501 18
31502 2
31503 25
31504 50
31505 8
31506 15
31507 0
31508 17
31509 29
31510 6
31511 22
31512 10
31513 28
31514 -6
31515 7
31516 29
31517 -5
31518 13
31519 17
31520 14
31521 23
31522 49
31523 13
31524 30
31525 16
31526 37
31527 30
31528 12
31529 12
31530 25
31531 22
31532 22
31533 12
31534 53
31535 35
31536 14
31537 14
31538 50
31539 15
31540 1
31541 24
31542 25
31543 18
31544 30
31545 19
31546 48
31547 22
31548 21
31549 38
31550 44
31551 13
31552 19
31553 5
31554 20
31555 24
31556 26
31557 29
31558 0
31559 58
31560 -1
31561 13
31562 36
31563 26
31564 12
31565 60
31566 17
31567 57
31568 15
31569 28
31570 11
31571 77
31572 10
31573 32
31574 35
31575 21
31576 21
31577 16
31578 7
31579 56
31580 20
31581 17
31582 28
31583 38
31584 4
31585 27
31586 17
31587 35
31588 -1
31589 4
31590 32
31591 28
31592 24
31593 13
31594 10
31595 60
31596 30
31597 18
31598 36
31599 31
31600 13
31601 8
31602 32
31603 21
31604 21
31605 22
31606 26
31607 16
31608 22
31609 25
31610 23
31611 26
31612 0
31613 14
31614 9
31615 72
31616 55
31617 34
31618 30
31619 19
31620 13
31621 0
31622 8
31623 14
31624 22
31625 27
31626 21
31627 -6
31628 -14
31629 25
31630 41
31631 27
31632 40
31633 18
31634 32
31635 2
31636 13
31637 10
31638 11
31639 15
31640 16
31641 45
31642 49
31643 20
31644 19
31645 10
31646 3
31647 21
31648 43
31649 27
31650 5
31651 41
31652 27
31653 15
31654 27
31655 16
31656 32
31657 36
31658 15
31659 25
31660 50
31661 10
31662 24
31663 19
31664 22
31665 24
31666 8
31667 37
31668 26
31669 1
31670 35
31671 36
31672 45
31673 25
31674 15
31675 14
31676 16
31677 34
31678 9
31679 20
31680 10
31681 32
31682 0
31683 17
31684 40
31685 23
31686 8
31687 5
31688 10
31689 9
31690 15
31691 109
31692 51
31693 11
31694 16
31695 30
31696 20
31697 31
31698 15
31699 9
31700 10
31701 18
31702 37
31703 23
31704 10
31705 21
31706 18
31707 24
31708 64
31709 33
31710 1
31711 17
31712 49
31713 20
31714 24
31715 30
31716 17
31717 37
31718 -1
31719 11
31720 13
31721 76
31722 35
31723 7
31724 26
31725 23
31726 40
31727 15
31728 1
31729 34
31730 45
31731 2
31732 17
31733 -13
31734 29
31735 38
31736 -10
31737 41
31738 11
31739 19
31740 16
31741 17
31742 10
31743 23
31744 10
31745 13
31746 14
31747 23
31748 0
31749 46
31750 27
31751 31
31752 17
31753 45
31754 25
31755 22
31756 40
31757 35
31758 10
31759 15
31760 24
31761 18
31762 46
31763 6
31764 19
31765 17
31766 -2
31767 31
31768 6
31769 29
31770 14
31771 31
31772 36
31773 49
31774 15
31775 20
31776 4
31777 21
31778 24
31779 20
31780 15
31781 4
31782 31
31783 57
31784 20
31785 6
31786 32
31787 30
31788 18
31789 35
31790 39
31791 26
31792 66
31793 7
31794 13
31795 21
31796 0
31797 15
31798 15
31799 40
31800 32
31801 -22
31802 12
31803 32
31804 12
31805 7
31806 35
31807 26
31808 36
31809 22
31810 12
31811 55
31812 9
31813 18
31814 17
31815 29
31816 25
31817 20
31818 -10
31819 9
31820 33
31821 33
31822 7
31823 25
31824 41
31825 9
31826 7
31827 57
31828 39
31829 52
31830 22
31831 3
31832 12
31833 22
31834 88
31835 59
31836 58
31837 30
31838 17
31839 7
31840 25
31841 31
31842 15
31843 26
31844 21
31845 20
31846 42
31847 23
31848 67
31849 21
31850 10
31851 7
31852 32
31853 37
31854 6
31855 6
31856 1
31857 17
31858 18
31859 23
31860 51
31861 34
31862 27
31863 10
31864 -1
31865 22
31866 29
31867 33
31868 5
31869 29
31870 39
31871 50
31872 16
31873 23
31874 14
31875 32
31876 19
31877 23
31878 31
31879 29
31880 23
31881 51
31882 18
31883 12
31884 19
31885 14
31886 35
31887 14
31888 62
31889 20
31890 38
31891 36
31892 3
31893 25
31894 55
31895 23
31896 31
31897 24
31898 12
31899 14
31900 -3
31901 -5
31902 45
31903 10
31904 15
31905 24
31906 24
31907 2
31908 16
31909 -2
31910 24
31911 16
31912 54
31913 20
31914 10
31915 38
31916 24
31917 12
31918 48
31919 16
31920 55
31921 8
31922 32
31923 54
31924 23
31925 22
31926 16
31927 34
31928 12
31929 13
31930 4
31931 30
31932 27
31933 13
31934 18
31935 49
31936 23
31937 49
31938 26
31939 4
31940 10
31941 25
31942 21
31943 45
31944 22
31945 11
31946 6
31947 32
31948 20
31949 3
31950 13
31951 22
31952 32
31953 39
31954 3
31955 3
31956 2
31957 24
31958 15
31959 26
31960 7
31961 32
31962 18
31963 -19
31964 15
31965 15
31966 21
31967 -5
31968 24
31969 34
31970 36
31971 47
31972 28
31973 31
31974 25
31975 26
31976 33
31977 3
31978 24
31979 4
31980 24
31981 20
31982 21
31983 48
31984 16
31985 24
31986 27
31987 -3
31988 9
31989 15
31990 36
31991 3
31992 27
31993 9
31994 3
31995 29
31996 39
31997 28
31998 28
31999 -1
32000 34
32001 4
32002 30
32003 29
32004 54
32005 22
32006 8
32007 49
32008 8
32009 31
32010 41
32011 -4
32012 38
32013 87
32014 31
32015 23
32016 62
32017 19
32018 10
32019 31
32020 18
32021 8
32022 28
32023 90
32024 19
32025 13
32026 4
32027 65
32028 25
32029 15
32030 15
32031 26
32032 20
32033 -21
32034 28
32035 32
32036 16
32037 10
32038 0
32039 43
32040 -4
32041 34
32042 24
32043 36
32044 9
32045 21
32046 28
32047 5
32048 14
32049 12
32050 13
32051 8
32052 17
32053 17
32054 10
32055 13
32056 35
32057 22
32058 22
32059 29
32060 24
32061 9
32062 23
32063 20
32064 33
32065 11
32066 40
32067 24
32068 18
32069 9
32070 39
32071 25
32072 54
32073 -5
32074 30
32075 16
32076 1
32077 28
32078 9
32079 34
32080 31
32081 10
32082 14
32083 48
32084 12
32085 41
32086 17
32087 16
32088 32
32089 59
32090 20
32091 38
32092 46
32093 -2
32094 42
32095 16
32096 13
32097 30
32098 1
32099 17
32100 47
32101 1
32102 11
32103 24
32104 4
32105 26
32106 51
32107 34
32108 30
32109 29
32110 22
32111 19
32112 38
32113 23
32114 9
32115 40
32116 17
32117 36
32118 37
32119 34
32120 56
32121 33
32122 73
32123 23
32124 -6
32125 9
32126 29
32127 8
32128 31
32129 40
32130 18
32131 25
32132 8
32133 84
32134 29
32135 18
32136 21
32137 31
32138 17
32139 30
32140 20
32141 17
32142 80
32143 31
32144 19
32145 16
32146 1
32147 20
32148 29
32149 25
32150 23
32151 103
32152 94
32153 3
32154 23
32155 31
32156 34
32157 67
32158 22
32159 21
32160 27
32161 31
32162 26
32163 29
32164 20
32165 31
32166 21
32167 67
32168 17
32169 29
32170 30
32171 29
32172 4
32173 7
32174 19
32175 37
32176 28
32177 31
32178 5
32179 43
32180 21
32181 28
32182 29
32183 30
32184 5
32185 39
32186 24
32187 22
32188 35
32189 -4
32190 85
32191 32
32192 4
32193 15
32194 2
32195 13
32196 26
32197 40
32198 15
32199 9
32200 31
32201 26
32202 31
32203 10
32204 16
32205 13
32206 30
32207 43
32208 31
32209 17
32210 -11
32211 16
32212 13
32213 39
32214 27
32215 21
32216 19
32217 59
32218 63
32219 2
32220 29
32221 5
32222 20
32223 2
32224 18
32225 27
32226 16
32227 19
32228 41
32229 10
32230 43
32231 18
32232 52
32233 10
32234 77
32235 25
32236 2
32237 32
32238 17
32239 16
32240 15
32241 19
32242 25
32243 2
32244 8
32245 57
32246 31
32247 25
32248 12
32249 21
32250 28
32251 19
32252 25
32253 50
32254 20
32255 30
32256 25
32257 10
32258 10
32259 24
32260 24
32261 -9
32262 15
32263 24
32264 7
32265 -6
32266 30
32267 21
32268 28
32269 -13
32270 27
32271 46
32272 28
32273 29
32274 65
32275 15
32276 34
32277 7
32278 9
32279 -1
32280 6
32281 4
32282 32
32283 35
32284 11
32285 12
32286 3
32287 53
32288 29
32289 16
32290 19
32291 27
32292 30
32293 32
32294 36
32295 14
32296 80
32297 24
32298 34
32299 -8
32300 10
32301 45
32302 25
32303 37
32304 53
32305 36
32306 13
32307 41
32308 35
32309 15
32310 17
32311 7
32312 16
32313 27
32314 13
32315 27
32316 37
32317 7
32318 24
32319 56
32320 26
32321 16
32322 82
32323 28
32324 19
32325 44
32326 46
32327 18
32328 0
32329 34
32330 16
32331 19
32332 12
32333 15
32334 16
32335 27
32336 39
32337 20
32338 5
32339 36
32340 27
32341 21
32342 34
32343 30
32344 39
32345 31
32346 -2
32347 22
32348 -7
32349 23
32350 29
32351 23
32352 31
32353 7
32354 25
32355 19
32356 63
32357 12
32358 29
32359 36
32360 12
32361 39
32362 15
32363 20
32364 12
32365 17
32366 0
32367 24
32368 6
32369 40
32370 8
32371 23
32372 -2
32373 45
32374 40
32375 34
32376 -21
32377 4
32378 3
32379 16
32380 25
32381 22
32382 3
32383 -3
32384 29
32385 5
32386 49
32387 40
32388 10
32389 17
32390 18
32391 24
32392 11
32393 26
32394 42
32395 12
32396 17
32397 4
32398 -15
32399 33
32400 12
32401 19
32402 33
32403 35
32404 3
32405 20
32406 63
32407 32
32408 2
32409 6
32410 21
32411 55
32412 31
32413 39
32414 6
32415 32
32416 24
32417 18
32418 9
32419 27
32420 40
32421 25
32422 23
32423 41
32424 20
32425 54
32426 28
32427 19
32428 4
32429 31
32430 21
32431 17
32432 36
32433 9
32434 11
32435 28
32436 44
32437 48
32438 13
32439 0
32440 34
32441 40
32442 18
32443 5
32444 15
32445 19
32446 7
32447 39
32448 74
32449 27
32450 16
32451 32
32452 13
32453 38
32454 13
32455 35
32456 11
32457 -14
32458 -2
32459 15
32460 16
32461 41
32462 28
32463 24
32464 23
32465 22
32466 13
32467 33
32468 33
32469 -1
32470 47
32471 26
32472 15
32473 28
32474 37
32475 23
32476 30
32477 17
32478 34
32479 65
32480 15
32481 37
32482 39
32483 25
32484 10
32485 10
32486 10
32487 41
32488 35
32489 8
32490 1
32491 -3
32492 20
32493 35
32494 -3
32495 7
32496 20
32497 72
32498 80
32499 36
32500 36
32501 40
32502 9
32503 16
32504 10
32505 14
32506 68
32507 8
32508 26
32509 8
32510 30
32511 39
32512 8
32513 12
32514 10
32515 20
32516 19
32517 38
32518 32
32519 33
32520 32
32521 -13
32522 11
32523 17
32524 69
32525 17
32526 20
32527 28
32528 23
32529 54
32530 76
32531 29
32532 72
32533 13
32534 16
32535 30
32536 34
32537 -13
32538 3
32539 19
32540 14
32541 14
32542 30
32543 22
32544 18
32545 28
32546 16
32547 17
32548 2
32549 27
32550 22
32551 17
32552 41
32553 8
32554 59
32555 4
32556 22
32557 3
32558 35
32559 21
32560 41
32561 6
32562 14
32563 28
32564 19
32565 11
32566 33
32567 32
32568 22
32569 11
32570 32
32571 15
32572 7
32573 38
32574 16
32575 23
32576 18
32577 24
32578 23
32579 19
32580 21
32581 34
32582 14
32583 37
32584 22
32585 22
32586 25
32587 49
32588 34
32589 19
32590 24
32591 21
32592 66
32593 23
32594 51
32595 5
32596 30
32597 26
32598 13
32599 40
32600 46
32601 15
32602 18
32603 35
32604 60
32605 45
32606 17
32607 22
32608 17
32609 25
32610 14
32611 21
32612 35
32613 34
32614 88
32615 30
32616 -1
32617 25
32618 20
32619 30
32620 22
32621 23
32622 2
32623 1
32624 40
32625 18
32626 -1
32627 19
32628 2
32629 15
32630 20
32631 17
32632 15
32633 3
32634 76
32635 25
32636 18
32637 17
32638 21
32639 41
32640 26
32641 27
32642 9
32643 17
32644 18
32645 34
32646 31
32647 33
32648 40
32649 13
32650 30
32651 20
32652 10
32653 22
32654 35
32655 59
32656 27
32657 25
32658 20
32659 0
32660 48
32661 20
32662 23
32663 16
32664 54
32665 35
32666 30
32667 15
32668 9
32669 48
32670 23
32671 11
32672 49
32673 17
32674 21
32675 11
32676 27
32677 10
32678 19
32679 53
32680 35
32681 18
32682 29
32683 13
32684 8
32685 7
32686 29
32687 15
32688 19
32689 44
32690 70
32691 46
32692 35
32693 -2
32694 75
32695 48
32696 73
32697 -2
32698 42
32699 13
32700 36
32701 22
32702 13
32703 22
32704 19
32705 52
32706 36
32707 18
32708 60
32709 31
32710 15
32711 11
32712 0
32713 13
32714 17
32715 31
32716 6
32717 83
32718 19
32719 12
32720 40
32721 -10
32722 21
32723 -4
32724 1
32725 20
32726 12
32727 43
32728 18
32729 10
32730 11
32731 27
32732 11
32733 16
32734 20
32735 47
32736 5
32737 56
32738 24
32739 -1
32740 23
32741 28
32742 22
32743 12
32744 29
32745 1
32746 20
32747 2
32748 7
32749 22
32750 19
32751 6
32752 11
32753 18
32754 28
32755 57
32756 18
32757 33
32758 17
32759 26
32760 9
32761 21
32762 35
32763 14
32764 27
32765 16
32766 1
32767 71
32768 4
32769 77
32770 31
32771 32
32772 18
32773 2
32774 23
32775 24
32776 16
32777 45
32778 36
32779 32
32780 18
32781 17
32782 15
32783 15
32784 32
32785 31
32786 27
32787 28
32788 16
32789 31
32790 57
32791 39
32792 -3
32793 24
32794 49
32795 12
32796 16
32797 -4
32798 52
32799 2
32800 2
32801 2
32802 24
32803 11
32804 21
32805 40
32806 35
32807 29
32808 12
32809 11
32810 27
32811 29
32812 33
32813 32
32814 22
32815 19
32816 22
32817 17
32818 38
32819 11
32820 12
32821 17
32822 -1
32823 2
32824 -2
32825 9
32826 52
32827 34
32828 21
32829 40
32830 57
32831 16
32832 13
32833 26
32834 32
32835 17
32836 13
32837 7
32838 54
32839 21
32840 20
32841 15
32842 35
32843 38
32844 38
32845 3
32846 13
32847 18
32848 69
32849 22
32850 6
32851 19
32852 28
32853 8
32854 17
32855 8
32856 13
32857 -9
32858 3
32859 21
32860 19
32861 14
32862 39
32863 9
32864 23
32865 15
32866 20
32867 24
32868 15
32869 3
32870 11
32871 -2
32872 -7
32873 38
32874 41
32875 16
32876 8
32877 26
32878 21
32879 13
32880 14
32881 24
32882 9
32883 30
32884 -10
32885 -1
32886 25
32887 29
32888 26
32889 13
32890 33
32891 57
32892 13
32893 7
32894 27
32895 33
32896 15
32897 26
32898 8
32899 30
32900 17
32901 77
32902 32
32903 19
32904 26
32905 28
32906 25
32907 35
32908 22
32909 25
32910 54
32911 17
32912 10
32913 33
32914 8
32915 40
32916 23
32917 60
32918 24
32919 25
32920 -9
32921 72
32922 28
32923 0
32924 9
32925 21
32926 61
32927 54
32928 42
32929 29
32930 26
32931 20
32932 72
32933 30
32934 24
32935 37
32936 24
32937 39
32938 15
32939 17
32940 35
32941 10
32942 34
32943 36
32944 9
32945 41
32946 35
32947 15
32948 24
32949 30
32950 9
32951 9
32952 25
32953 5
32954 52
32955 16
32956 13
32957 79
32958 32
32959 22
32960 17
32961 21
32962 14
32963 19
32964 41
32965 27
32966 25
32967 23
32968 4
32969 24
32970 13
32971 35
32972 31
32973 27
32974 28
32975 25
32976 12
32977 8
32978 9
32979 18
32980 23
32981 11
32982 16
32983 44
32984 7
32985 19
32986 25
32987 21
32988 3
32989 74
32990 38
32991 -2
32992 34
32993 14
32994 3
32995 25
32996 36
32997 118
32998 33
32999 12
33000 24
33001 24
33002 65
33003 19
33004 15
33005 28
33006 23
33007 47
33008 33
33009 15
33010 -2
33011 27
33012 33
33013 14
33014 28
33015 1
33016 -13
33017 10
33018 1
33019 20
33020 6
33021 17
33022 19
33023 78
33024 40
33025 19
33026 32
33027 23
33028 19
33029 12
33030 12
33031 42
33032 7
33033 24
33034 5
33035 35
33036 -2
33037 13
33038 2
33039 45
33040 31
33041 30
33042 25
33043 30
33044 20
33045 20
33046 46
33047 0
33048 6
33049 24
33050 11
33051 7
33052 47
33053 8
33054 27
33055 25
33056 11
33057 32
33058 5
33059 18
33060 19
33061 29
33062 23
33063 32
33064 33
33065 -9
33066 15
33067 30
33068 42
33069 30
33070 -13
33071 -3
33072 10
33073 28
33074 26
33075 8
33076 19
33077 5
33078 19
33079 10
33080 21
33081 7
33082 3
33083 22
33084 24
33085 3
33086 28
33087 27
33088 20
33089 32
33090 6
33091 34
33092 25
33093 6
33094 5
33095 11
33096 68
33097 29
33098 59
33099 23
33100 20
33101 34
33102 21
33103 10
33104 43
33105 0
33106 19
33107 4
33108 21
33109 13
33110 14
33111 17
33112 25
33113 18
33114 15
33115 5
33116 23
33117 10
33118 -4
33119 21
33120 19
33121 7
33122 18
33123 21
33124 -6
33125 4
33126 21
33127 39
33128 15
33129 6
33130 17
33131 18
33132 24
33133 6
33134 26
33135 28
33136 15
33137 44
33138 50
33139 16
33140 8
33141 12
33142 1
33143 35
33144 13
33145 49
33146 23
33147 19
33148 -3
33149 21
33150 15
33151 39
33152 10
33153 44
33154 31
33155 6
33156 36
33157 18
33158 7
33159 39
33160 29
33161 -2
33162 21
33163 19
33164 24
33165 32
33166 27
33167 63
33168 10
33169 20
33170 11
33171 30
33172 81
33173 22
33174 9
33175 20
33176 8
33177 -17
33178 24
33179 18
33180 14
33181 27
33182 30
33183 15
33184 29
33185 53
33186 5
33187 32
33188 31
33189 -3
33190 13
33191 22
33192 40
33193 -13
33194 31
33195 37
33196 55
33197 13
33198 22
33199 30
33200 48
33201 31
33202 24
33203 80
33204 20
33205 20
33206 18
33207 16
33208 13
33209 14
33210 10
33211 31
33212 18
33213 18
33214 4
33215 -6
33216 29
33217 45
33218 65
33219 18
33220 6
33221 9
33222 83
33223 16
33224 21
33225 40
33226 13
33227 44
33228 29
33229 21
33230 26
33231 66
33232 39
33233 -12
33234 18
33235 45
33236 21
33237 23
33238 45
33239 10
33240 7
33241 10
33242 17
33243 19
33244 20
33245 50
33246 5
33247 -7
33248 15
33249 -18
33250 12
33251 17
33252 24
33253 40
33254 15
33255 24
33256 6
33257 7
33258 -3
33259 0
33260 35
33261 7
33262 19
33263 21
33264 22
33265 48
33266 54
33267 23
33268 9
33269 47
33270 31
33271 29
33272 21
33273 26
33274 37
33275 29
33276 23
33277 44
33278 24
33279 29
33280 13
33281 25
33282 8
33283 56
33284 29
33285 43
33286 -5
33287 18
33288 7
33289 67
33290 84
33291 16
33292 13
33293 12
33294 16
33295 10
33296 22
33297 11
33298 9
33299 7
33300 37
33301 -2
33302 42
33303 37
33304 33
33305 15
33306 38
33307 11
33308 12
33309 26
33310 77
33311 14
33312 23
33313 -1
33314 16
33315 8
33316 48
33317 46
33318 13
33319 15
33320 20
33321 32
33322 21
33323 90
33324 21
33325 31
33326 16
33327 19
33328 22
33329 22
33330 8
33331 21
33332 22
33333 21
33334 30
33335 57
33336 20
33337 17
33338 21
33339 26
33340 21
33341 54
33342 15
33343 19
33344 23
33345 22
33346 23
33347 20
33348 42
33349 27
33350 27
33351 13
33352 36
33353 23
33354 11
33355 10
33356 5
33357 21
33358 18
33359 3
33360 25
33361 21
33362 24
33363 59
33364 35
33365 12
33366 23
33367 28
33368 28
33369 48
33370 6
33371 15
33372 7
33373 68
33374 34
33375 23
33376 52
33377 14
33378 27
33379 29
33380 34
33381 9
33382 14
33383 28
33384 35
33385 20
33386 17
33387 1
33388 6
33389 33
33390 25
33391 0
33392 34
33393 7
33394 42
33395 26
33396 26
33397 15
33398 5
33399 30
33400 -7
33401 20
33402 12
33403 6
33404 26
33405 20
33406 11
33407 27
33408 30
33409 15
33410 5
33411 15
33412 9
33413 21
33414 4
33415 16
33416 18
33417 35
33418 8
33419 27
33420 15
33421 23
33422 5
33423 25
33424 44
33425 20
33426 7
33427 -2
33428 4
33429 17
33430 30
33431 16
33432 25
33433 41
33434 18
33435 33
33436 12
33437 28
33438 27
33439 10
33440 27
33441 12
33442 24
33443 15
33444 21
33445 33
33446 32
33447 6
33448 111
33449 15
33450 15
33451 44
33452 18
33453 3
33454 24
33455 5
33456 22
33457 25
33458 22
33459 8
33460 19
33461 42
33462 5
33463 32
33464 20
33465 27
33466 5
33467 5
33468 1
33469 15
33470 67
33471 5
33472 1
33473 25
33474 9
33475 50
33476 11
33477 17
33478 32
33479 29
33480 66
33481 31
33482 11
33483 43
33484 17
33485 35
33486 24
33487 21
33488 30
33489 5
33490 9
33491 14
33492 0
33493 29
33494 78
33495 25
33496 9
33497 18
33498 69
33499 13
33500 -12
33501 15
33502 24
33503 15
33504 7
33505 10
33506 23
33507 19
33508 44
33509 42
33510 21
33511 12
33512 30
33513 15
33514 34
33515 21
33516 5
33517 3
33518 33
33519 64
33520 11
33521 51
33522 12
33523 37
33524 14
33525 33
33526 25
33527 7
33528 18
33529 31
33530 28
33531 34
33532 -13
33533 37
33534 6
33535 23
33536 23
33537 115
33538 40
33539 22
33540 30
33541 8
33542 27
33543 23
33544 28
33545 30
33546 16
33547 48
33548 25
33549 32
33550 11
33551 6
33552 19
33553 14
33554 24
33555 12
33556 11
33557 35
33558 28
33559 16
33560 36
33561 29
33562 23
33563 11
33564 92
33565 10
33566 9
33567 4
33568 3
33569 11
33570 32
33571 16
33572 24
33573 72
33574 26
33575 10
33576 22
33577 32
33578 22
33579 36
33580 67
33581 30
33582 1
33583 11
33584 3
33585 24
33586 17
33587 8
33588 14
33589 2
33590 39
33591 32
33592 4
33593 23
33594 7
33595 43
33596 28
33597 20
33598 16
33599 4
33600 28
33601 23
33602 30
33603 19
33604 28
33605 36
33606 -2
33607 81
33608 9
33609 76
33610 20
33611 68
33612 25
33613 10
33614 15
33615 26
33616 29
33617 19
33618 22
33619 29
33620 64
33621 12
33622 2
33623 30
33624 16
33625 34
33626 21
33627 19
33628 -3
33629 28
33630 5
33631 22
33632 56
33633 15
33634 28
33635 14
33636 29
33637 26
33638 8
33639 3
33640 21
33641 20
33642 41
33643 17
33644 9
33645 32
33646 38
33647 27
33648 13
33649 12
33650 43
33651 19
33652 26
33653 29
33654 16
33655 24
33656 14
33657 25
33658 10
33659 16
33660 7
33661 35
33662 17
33663 53
33664 55
33665 29
33666 33
33667 17
33668 27
33669 31
33670 10
33671 45
33672 5
33673 25
33674 12
33675 73
33676 20
33677 7
33678 67
33679 4
33680 15
33681 15
33682 10
33683 38
33684 19
33685 18
33686 27
33687 21
33688 15
33689 21
33690 62
33691 12
33692 55
33693 33
33694 35
33695 25
33696 23
33697 -11
33698 22
33699 20
33700 0
33701 14
33702 28
33703 41
33704 2
33705 15
33706 19
33707 21
33708 10
33709 9
33710 21
33711 32
33712 -2
33713 17
33714 -2
33715 29
33716 18
33717 22
33718 24
33719 17
33720 102
33721 3
33722 8
33723 84
33724 13
33725 37
33726 29
33727 36
33728 5
33729 3
33730 23
33731 31
33732 42
33733 21
33734 67
33735 31
33736 50
33737 21
33738 35
33739 24
33740 5
33741 7
33742 8
33743 10
33744 -9
33745 24
33746 15
33747 10
33748 23
33749 13
33750 28
33751 13
33752 60
33753 11
33754 19
33755 17
33756 21
33757 35
33758 4
33759 -9
33760 33
33761 8
33762 32
33763 -1
33764 37
33765 15
33766 14
33767 12
33768 12
33769 4
33770 39
33771 22
33772 30
33773 18
33774 -4
33775 16
33776 14
33777 9
33778 11
33779 13
33780 6
33781 28
33782 30
33783 39
33784 8
33785 38
33786 5
33787 26
33788 18
33789 33
33790 18
33791 12
33792 17
33793 22
33794 18
33795 18
33796 -1
33797 8
33798 24
33799 9
33800 27
33801 16
33802 32
33803 35
33804 24
33805 23
33806 3
33807 19
33808 12
33809 11
33810 23
33811 9
33812 52
33813 26
33814 29
33815 20
33816 21
33817 9
33818 24
33819 13
33820 29
33821 8
33822 9
33823 31
33824 15
33825 9
33826 10
33827 2
33828 57
33829 32
33830 29
33831 29
33832 10
33833 38
33834 11
33835 39
33836 3
33837 36
33838 28
33839 20
33840 27
33841 38
33842 10
33843 32
33844 30
33845 20
33846 -2
33847 14
33848 27
33849 16
33850 16
33851 69
33852 20
33853 19
33854 68
33855 15
33856 53
33857 23
33858 31
33859 50
33860 11
33861 -1
33862 25
33863 29
33864 -2
33865 16
33866 22
33867 15
33868 18
33869 52
33870 15
33871 6
33872 23
33873 1
33874 12
33875 11
33876 78
33877 4
33878 23
33879 -20
33880 4
33881 8
33882 59
33883 17
33884 113
33885 10
33886 35
33887 7
33888 17
33889 11
33890 9
33891 11
33892 25
33893 55
33894 4
33895 10
33896 12
33897 35
33898 21
33899 18
33900 23
33901 31
33902 10
33903 11
33904 10
33905 50
33906 13
33907 8
33908 -15
33909 11
33910 34
33911 46
33912 33
33913 12
33914 28
33915 22
33916 9
33917 23
33918 38
33919 63
33920 42
33921 57
33922 13
33923 9
33924 34
33925 22
33926 32
33927 12
33928 -2
33929 20
33930 7
33931 26
33932 12
33933 23
33934 57
33935 1
33936 65
33937 11
33938 23
33939 37
33940 29
33941 48
33942 43
33943 15
33944 24
33945 18
33946 3
33947 20
33948 11
33949 6
33950 19
33951 54
33952 47
33953 15
33954 11
33955 51
33956 28
33957 25
33958 18
33959 33
33960 10
33961 15
33962 9
33963 28
33964 77
33965 60
33966 9
33967 12
33968 18
33969 23
33970 25
33971 49
33972 26
33973 29
33974 0
33975 10
33976 13
33977 27
33978 18
33979 4
33980 8
33981 21
33982 2
33983 22
33984 19
33985 14
33986 53
33987 21
33988 5
33989 65
33990 39
33991 17
33992 30
33993 63
33994 52
33995 11
33996 44
33997 20
33998 16
33999 6
34000 22
34001 8
34002 22
34003 0
34004 52
34005 5
34006 22
34007 35
34008 22
34009 0
34010 52
34011 20
34012 29
34013 5
34014 24
34015 18
34016 17
34017 13
34018 20
34019 2
34020 29
34021 37
34022 25
34023 52
34024 14
34025 24
34026 27
34027 76
34028 18
34029 30
34030 -4
34031 57
34032 7
34033 33
34034 19
34035 29
34036 8
34037 27
34038 27
34039 34
34040 64
34041 44
34042 30
34043 11
34044 59
34045 38
34046 19
34047 17
34048 -2
34049 13
34050 18
34051 60
34052 57
34053 77
34054 44
34055 37
34056 23
34057 44
34058 16
34059 20
34060 13
34061 -1
34062 31
34063 46
34064 1
34065 58
34066 22
34067 18
34068 13
34069 29
34070 33
34071 6
34072 15
34073 31
34074 27
34075 13
34076 37
34077 29
34078 31
34079 15
34080 22
34081 8
34082 32
34083 9
34084 18
34085 25
34086 47
34087 22
34088 23
34089 54
34090 13
34091 23
34092 14
34093 22
34094 0
34095 19
34096 7
34097 22
34098 28
34099 33
34100 36
34101 6
34102 8
34103 21
34104 11
34105 12
34106 17
34107 8
34108 34
34109 18
34110 48
34111 38
34112 13
34113 13
34114 30
34115 27
34116 8
34117 15
34118 -3
34119 53
34120 32
34121 32
34122 34
34123 40
34124 -3
34125 39
34126 3
34127 19
34128 12
34129 25
34130 25
34131 42
34132 3
34133 76
34134 22
34135 -9
34136 29
34137 26
34138 1
34139 15
34140 20
34141 23
34142 23
34143 31
34144 13
34145 15
34146 29
34147 32
34148 23
34149 39
34150 85
34151 18
34152 47
34153 21
34154 19
34155 17
34156 23
34157 11
34158 14
34159 23
34160 28
34161 23
34162 23
34163 15
34164 53
34165 24
34166 21
34167 32
34168 5
34169 6
34170 28
34171 18
34172 30
34173 7
34174 10
34175 45
34176 11
34177 21
34178 40
34179 12
34180 9
34181 10
34182 16
34183 10
34184 6
34185 10
34186 4
34187 19
34188 13
34189 7
34190 25
34191 11
34192 46
34193 27
34194 1
34195 34
34196 22
34197 5
34198 20
34199 15
34200 12
34201 65
34202 -1
34203 25
34204 60
34205 59
34206 12
34207 13
34208 20
34209 24
34210 32
34211 49
34212 40
34213 14
34214 18
34215 29
34216 20
34217 14
34218 9
34219 33
34220 8
34221 32
34222 9
34223 31
34224 13
34225 3
34226 24
34227 30
34228 1
34229 5
34230 4
34231 -2
34232 13
34233 23
34234 8
34235 19
34236 3
34237 11
34238 36
34239 25
34240 12
34241 7
34242 17
34243 25
34244 23
34245 42
34246 -9
34247 7
34248 35
34249 45
34250 20
34251 16
34252 10
34253 33
34254 65
34255 18
34256 20
34257 66
34258 33
34259 33
34260 -3
34261 16
34262 11
34263 35
34264 36
34265 23
34266 12
34267 24
34268 9
34269 11
34270 24
34271 19
34272 15
34273 16
34274 34
34275 40
34276 7
34277 24
34278 16
34279 11
34280 13
34281 24
34282 19
34283 16
34284 14
34285 14
34286 11
34287 14
34288 -1
34289 11
34290 5
34291 29
34292 30
34293 67
34294 13
34295 32
34296 20
34297 23
34298 16
34299 26
34300 28
34301 23
34302 21
34303 28
34304 29
34305 21
34306 19
34307 56
34308 69
34309 36
34310 14
34311 12
34312 13
34313 15
34314 17
34315 20
34316 17
34317 19
34318 37
34319 0
34320 17
34321 1
34322 14
34323 31
34324 65
34325 30
34326 25
34327 3
34328 23
34329 27
34330 37
34331 21
34332 26
34333 42
34334 8
34335 26
34336 0
34337 -5
34338 43
34339 7
34340 34
34341 11
34342 24
34343 26
34344 19
34345 23
34346 10
34347 38
34348 28
34349 25
34350 84
34351 34
34352 8
34353 29
34354 -3
34355 22
34356 -9
34357 0
34358 21
34359 15
34360 74
34361 25
34362 1
34363 18
34364 29
34365 19
34366 11
34367 79
34368 95
34369 9
34370 1
34371 12
34372 25
34373 22
34374 14
34375 21
34376 23
34377 20
34378 2
34379 35
34380 18
34381 -13
34382 55
34383 11
34384 28
34385 13
34386 1
34387 5
34388 29
34389 79
34390 18
34391 28
34392 60
34393 4
34394 27
34395 9
34396 13
34397 14
34398 9
34399 22
34400 58
34401 -3
34402 18
34403 17
34404 24
34405 15
34406 -14
34407 21
34408 -1
34409 14
34410 23
34411 13
34412 35
34413 14
34414 33
34415 22
34416 28
34417 50
34418 57
34419 11
34420 16
34421 17
34422 34
34423 81
34424 22
34425 23
34426 -1
34427 103
34428 57
34429 1
34430 19
34431 23
34432 18
34433 16
34434 18
34435 -10
34436 20
34437 -2
34438 10
34439 33
34440 10
34441 28
34442 36
34443 63
34444 1
34445 27
34446 18
34447 1
34448 57
34449 72
34450 28
34451 47
34452 19
34453 6
34454 24
34455 23
34456 23
34457 18
34458 32
34459 28
34460 57
34461 19
34462 11
34463 14
34464 2
34465 6
34466 24
34467 15
34468 4
34469 25
34470 43
34471 17
34472 5
34473 37
34474 8
34475 38
34476 15
34477 -1
34478 42
34479 19
34480 23
34481 5
34482 22
34483 19
34484 33
34485 40
34486 11
34487 -9
34488 12
34489 42
34490 61
34491 22
34492 0
34493 3
34494 13
34495 10
34496 23
34497 26
34498 21
34499 12
34500 20
34501 37
34502 16
34503 17
34504 8
34505 21
34506 10
34507 13
34508 35
34509 58
34510 5
34511 27
34512 9
34513 8
34514 19
34515 8
34516 18
34517 26
34518 19
34519 26
34520 36
34521 18
34522 25
34523 45
34524 21
34525 3
34526 17
34527 12
34528 31
34529 24
34530 4
34531 16
34532 25
34533 37
34534 8
34535 42
34536 10
34537 40
34538 -3
34539 28
34540 16
34541 28
34542 24
34543 17
34544 -5
34545 27
34546 7
34547 45
34548 36
34549 6
34550 40
34551 17
34552 31
34553 32
34554 -1
34555 22
34556 9
34557 19
34558 46
34559 12
34560 5
34561 15
34562 12
34563 10
34564 6
34565 -4
34566 9
34567 11
34568 32
34569 23
34570 17
34571 11
34572 8
34573 11
34574 19
34575 30
34576 20
34577 23
34578 38
34579 32
34580 5
34581 20
34582 8
34583 4
34584 15
34585 33
34586 11
34587 24
34588 47
34589 22
34590 3
34591 -1
34592 19
34593 15
34594 12
34595 33
34596 2
34597 10
34598 49
34599 27
34600 27
34601 21
34602 23
34603 29
34604 16
34605 19
34606 19
34607 46
34608 24
34609 27
34610 43
34611 58
34612 20
34613 21
34614 19
34615 24
34616 45
34617 25
34618 9
34619 32
34620 6
34621 39
34622 43
34623 31
34624 35
34625 -3
34626 28
34627 17
34628 21
34629 29
34630 40
34631 16
34632 18
34633 11
34634 13
34635 13
34636 48
34637 9
34638 24
34639 36
34640 27
34641 1
34642 9
34643 32
34644 -1
34645 -20
34646 25
34647 14
34648 17
34649 9
34650 19
34651 12
34652 48
34653 24
34654 26
34655 28
34656 47
34657 23
34658 -4
34659 18
34660 27
34661 28
34662 5
34663 13
34664 30
34665 11
34666 34
34667 13
34668 16
34669 8
34670 5
34671 6
34672 8
34673 4
34674 22
34675 23
34676 14
34677 21
34678 36
34679 -6
34680 2
34681 23
34682 32
34683 22
34684 49
34685 13
34686 7
34687 21
34688 45
34689 21
34690 49
34691 13
34692 4
34693 27
34694 38
34695 6
34696 6
34697 8
34698 13
34699 29
34700 22
34701 5
34702 36
34703 97
34704 13
34705 17
34706 18
34707 -15
34708 42
34709 14
34710 24
34711 42
34712 -3
34713 19
34714 19
34715 19
34716 18
34717 15
34718 32
34719 15
34720 20
34721 19
34722 33
34723 28
34724 11
34725 -6
34726 -3
34727 37
34728 -3
34729 19
34730 14
34731 0
34732 15
34733 21
34734 39
34735 29
34736 16
34737 11
34738 8
34739 31
34740 36
34741 4
34742 35
34743 8
34744 35
34745 29
34746 50
34747 19
34748 41
34749 25
34750 36
34751 25
34752 17
34753 26
34754 8
34755 14
34756 4
34757 17
34758 12
34759 18
34760 16
34761 -10
34762 11
34763 47
34764 24
34765 23
34766 19
34767 2
34768 42
34769 30
34770 19
34771 20
34772 11
34773 80
34774 34
34775 19
34776 35
34777 2
34778 29
34779 28
34780 33
34781 47
34782 50
34783 11
34784 45
34785 70
34786 2
34787 12
34788 28
34789 37
34790 12
34791 93
34792 117
34793 13
34794 15
34795 20
34796 8
34797 15
34798 7
34799 13
34800 33
34801 36
34802 21
34803 22
34804 6
34805 20
34806 22
34807 3
34808 26
34809 -4
34810 57
34811 19
34812 13
34813 20
34814 21
34815 24
34816 32
34817 10
34818 6
34819 42
34820 29
34821 7
34822 28
34823 7
34824 22
34825 -6
34826 24
34827 24
34828 17
34829 12
34830 32
34831 56
34832 24
34833 20
34834 12
34835 24
34836 29
34837 8
34838 50
34839 4
34840 9
34841 2
34842 28
34843 22
34844 28
34845 19
34846 16
34847 10
34848 22
34849 13
34850 4
34851 13
34852 26
34853 62
34854 20
34855 30
34856 12
34857 16
34858 28
34859 18
34860 8
34861 3
34862 8
34863 28
34864 31
34865 6
34866 33
34867 16
34868 18
34869 -2
34870 46
34871 14
34872 -4
34873 52
34874 17
34875 -2
34876 33
34877 21
34878 28
34879 -22
34880 32
34881 25
34882 8
34883 25
34884 23
34885 16
34886 25
34887 44
34888 26
34889 23
34890 42
34891 9
34892 9
34893 12
34894 20
34895 9
34896 38
34897 7
34898 11
34899 6
34900 42
34901 79
34902 28
34903 27
34904 18
34905 17
34906 32
34907 -6
34908 33
34909 75
34910 24
34911 5
34912 2
34913 28
34914 30
34915 23
34916 -17
34917 3
34918 15
34919 16
34920 12
34921 -2
34922 28
34923 19
34924 37
34925 2
34926 23
34927 12
34928 9
34929 23
34930 29
34931 23
34932 1
34933 2
34934 12
34935 11
34936 18
34937 12
34938 20
34939 49
34940 20
34941 43
34942 25
34943 27
34944 0
34945 23
34946 9
34947 16
34948 16
34949 12
34950 12
34951 26
34952 27
34953 20
34954 29
34955 7
34956 21
34957 18
34958 4
34959 37
34960 23
34961 22
34962 34
34963 7
34964 27
34965 22
34966 7
34967 8
34968 56
34969 10
34970 12
34971 17
34972 18
34973 7
34974 -10
34975 9
34976 0
34977 13
34978 33
34979 1
34980 30
34981 13
34982 7
34983 21
34984 6
34985 46
34986 110
34987 13
34988 4
34989 4
34990 30
34991 27
34992 23
34993 74
34994 18
34995 31
34996 32
34997 4
34998 16
34999 19
35000 12
35001 36
35002 68
35003 36
35004 21
35005 6
35006 10
35007 52
35008 21
35009 55
35010 61
35011 10
35012 7
35013 38
35014 20
35015 18
35016 71
35017 24
35018 16
35019 19
35020 23
35021 22
35022 25
35023 11
35024 4
35025 41
35026 14
35027 32
35028 28
35029 30
35030 12
35031 19
35032 27
35033 27
35034 18
35035 10
35036 25
35037 37
35038 65
35039 5
35040 42
35041 24
35042 22
35043 -15
35044 49
35045 17
35046 44
35047 1
35048 14
35049 3
35050 31
35051 6
35052 14
35053 31
35054 17
35055 18
35056 -4
35057 6
35058 23
35059 -3
35060 11
35061 11
35062 18
35063 16
35064 26
35065 13
35066 12
35067 20
35068 15
35069 79
35070 0
35071 21
35072 -5
35073 17
35074 23
35075 31
35076 41
35077 12
35078 4
35079 25
35080 39
35081 8
35082 13
35083 17
35084 9
35085 29
35086 14
35087 25
35088 56
35089 23
35090 28
35091 37
35092 16
35093 7
35094 11
35095 10
35096 22
35097 81
35098 7
35099 -4
35100 5
35101 13
35102 22
35103 15
35104 49
35105 21
35106 13
35107 11
35108 20
35109 21
35110 15
35111 9
35112 16
35113 15
35114 20
35115 15
35116 -18
35117 17
35118 -3
35119 10
35120 22
35121 6
35122 21
35123 42
35124 10
35125 16
35126 16
35127 24
35128 20
35129 46
35130 17
35131 46
35132 9
35133 7
35134 15
35135 20
35136 10
35137 8
35138 4
35139 9
35140 29
35141 40
35142 43
35143 31
35144 52
35145 26
35146 27
35147 9
35148 66
35149 4
35150 58
35151 47
35152 16
35153 -4
35154 33
35155 15
35156 10
35157 14
35158 28
35159 0
35160 8
35161 36
35162 16
35163 46
35164 16
35165 19
35166 31
35167 4
35168 28
35169 -3
35170 12
35171 8
35172 39
35173 27
35174 28
35175 16
35176 16
35177 15
35178 5
35179 25
35180 22
35181 29
35182 34
35183 50
35184 31
35185 23
35186 15
35187 11
35188 25
35189 11
35190 -9
35191 18
35192 54
35193 14
35194 29
35195 11
35196 17
35197 7
35198 21
35199 4
35200 0
35201 0
35202 13
35203 -5
35204 28
35205 17
35206 20
35207 9
35208 -23
35209 34
35210 23
35211 7
35212 15
35213 -8
35214 3
35215 35
35216 40
35217 16
35218 59
35219 6
35220 29
35221 37
35222 37
35223 6
35224 27
35225 19
35226 8
35227 20
35228 45
35229 1
35230 19
35231 10
35232 25
35233 -3
35234 15
35235 2
35236 17
35237 22
35238 15
35239 21
35240 12
35241 17
35242 7
35243 21
35244 37
35245 9
35246 36
35247 32
35248 13
35249 22
35250 -3
35251 44
35252 12
35253 11
35254 54
35255 36
35256 23
35257 4
35258 7
35259 15
35260 3
35261 22
35262 13
35263 14
35264 25
35265 3
35266 39
35267 37
35268 9
35269 25
35270 5
35271 21
35272 30
35273 10
35274 12
35275 13
35276 22
35277 19
35278 23
35279 35
35280 33
35281 21
35282 21
35283 2
35284 19
35285 28
35286 98
35287 1
35288 -7
35289 40
35290 21
35291 7
35292 28
35293 17
35294 8
35295 10
35296 15
35297 11
35298 45
35299 12
35300 9
35301 46
35302 27
35303 10
35304 34
35305 9
35306 0
35307 15
35308 31
35309 33
35310 22
35311 21
35312 -8
35313 2
35314 -8
35315 6
35316 42
35317 56
35318 12
35319 10
35320 4
35321 30
35322 42
35323 -6
35324 24
35325 20
35326 31
35327 16
35328 15
35329 12
35330 4
35331 16
35332 4
35333 19
35334 32
35335 48
35336 23
35337 14
35338 12
35339 44
35340 28
35341 26
35342 22
35343 -2
35344 59
35345 14
35346 17
35347 6
35348 23
35349 29
35350 27
35351 5
35352 30
35353 33
35354 26
35355 18
35356 50
35357 19
35358 15
35359 77
35360 9
35361 8
35362 37
35363 26
35364 2
35365 3
35366 9
35367 35
35368 25
35369 -9
35370 20
35371 36
35372 15
35373 54
35374 34
35375 30
35376 30
35377 7
35378 31
35379 14
35380 11
35381 13
35382 8
35383 36
35384 23
35385 27
35386 18
35387 18
35388 24
35389 14
35390 33
35391 7
35392 21
35393 7
35394 11
35395 16
35396 22
35397 33
35398 -2
35399 17
35400 32
35401 49
35402 14
35403 -5
35404 6
35405 19
35406 8
35407 20
35408 38
35409 31
35410 25
35411 13
35412 25
35413 36
35414 37
35415 21
35416 9
35417 4
35418 32
35419 25
35420 9
35421 11
35422 11
35423 36
35424 9
35425 20
35426 12
35427 -1
35428 2
35429 64
35430 8
35431 14
35432 18
35433 10
35434 16
35435 25
35436 9
35437 14
35438 8
35439 6
35440 14
35441 12
35442 -7
35443 11
35444 12
35445 5
35446 27
35447 16
35448 62
35449 26
35450 26
35451 23
35452 17
35453 8
35454 19
35455 18
35456 -1
35457 5
35458 6
35459 10
35460 -1
35461 29
35462 24
35463 17
35464 8
35465 4
35466 -4
35467 26
35468 16
35469 64
35470 18
35471 17
35472 51
35473 89
35474 7
35475 17
35476 30
35477 30
35478 43
35479 14
35480 15
35481 26
35482 10
35483 44
35484 15
35485 -2
35486 27
35487 30
35488 16
35489 12
35490 69
35491 16
35492 34
35493 14
35494 0
35495 9
35496 28
35497 23
35498 45
35499 -17
35500 30
35501 26
35502 13
35503 41
35504 7
35505 0
35506 23
35507 24
35508 43
35509 12
35510 22
35511 14
35512 -4
35513 0
35514 20
35515 1
35516 17
35517 22
35518 17
35519 9
35520 17
35521 3
35522 5
35523 41
35524 19
35525 31
35526 -5
35527 50
35528 5
35529 59
35530 25
35531 11
35532 33
35533 43
35534 26
35535 11
35536 11
35537 -4
35538 24
35539 11
35540 7
35541 29
35542 13
35543 8
35544 11
35545 20
35546 23
35547 7
35548 37
35549 -4
35550 38
35551 14
35552 4
35553 15
35554 11
35555 1
35556 10
35557 13
35558 27
35559 11
35560 32
35561 62
35562 13
35563 6
35564 18
35565 6
35566 36
35567 7
35568 41
35569 49
35570 5
35571 4
35572 45
35573 18
35574 42
35575 31
35576 21
35577 21
35578 20
35579 10
35580 45
35581 12
35582 13
35583 5
35584 20
35585 4
35586 23
35587 51
35588 25
35589 34
35590 5
35591 13
35592 28
35593 10
35594 15
35595 22
35596 13
35597 11
35598 59
35599 15
35600 25
35601 5
35602 10
35603 -5
35604 19
35605 18
35606 59
35607 15
35608 27
35609 9
35610 -9
35611 15
35612 20
35613 12
35614 8
35615 6
35616 13
35617 36
35618 90
35619 6
35620 -2
35621 14
35622 15
35623 8
35624 17
35625 26
35626 17
35627 15
35628 40
35629 2
35630 20
35631 42
35632 38
35633 0
35634 13
35635 10
35636 26
35637 29
35638 11
35639 27
35640 32
35641 6
35642 26
35643 28
35644 25
35645 21
35646 24
35647 1
35648 15
35649 7
35650 7
35651 -8
35652 26
35653 30
35654 8
35655 0
35656 36
35657 44
35658 3
35659 47
35660 10
35661 17
35662 81
35663 78
35664 30
35665 23
35666 9
35667 15
35668 26
35669 5
35670 11
35671 14
35672 25
35673 31
35674 13
35675 31
35676 5
35677 20
35678 35
35679 22
35680 43
35681 3
35682 46
35683 41
35684 0
35685 1
35686 15
35687 17
35688 7
35689 51
35690 30
35691 18
35692 10
35693 28
35694 15
35695 24
35696 27
35697 18
35698 16
35699 60
35700 23
35701 22
35702 15
35703 12
35704 10
35705 23
35706 22
35707 34
35708 3
35709 5
35710 31
35711 10
35712 22
35713 30
35714 19
35715 13
35716 2
35717 15
35718 6
35719 62
35720 15
35721 7
35722 22
35723 10
35724 2
35725 26
35726 8
35727 20
35728 23
35729 13
35730 61
35731 26
35732 41
35733 21
35734 25
35735 81
35736 9
35737 19
35738 11
35739 22
35740 14
35741 13
35742 16
35743 -4
35744 16
35745 30
35746 13
35747 10
35748 5
35749 22
35750 26
35751 35
35752 20
35753 14
35754 19
35755 29
35756 4
35757 23
35758 11
35759 16
35760 17
35761 19
35762 13
35763 22
35764 18
35765 -27
35766 22
35767 10
35768 23
35769 5
35770 41
35771 6
35772 20
35773 24
35774 28
35775 10
35776 17
35777 18
35778 -3
35779 35
35780 34
35781 8
35782 -4
35783 -6
35784 -11
35785 29
35786 7
35787 21
35788 8
35789 8
35790 20
35791 -3
35792 44
35793 70
35794 5
35795 52
35796 18
35797 6
35798 57
35799 14
35800 -1
35801 16
35802 89
35803 22
35804 17
35805 7
35806 35
35807 78
35808 18
35809 47
35810 25
35811 -8
35812 30
35813 33
35814 33
35815 16
35816 -2
35817 37
35818 4
35819 18
35820 33
35821 -6
35822 24
35823 13
35824 12
35825 4
35826 25
35827 32
35828 79
35829 28
35830 43
35831 16
35832 32
35833 18
35834 19
35835 8
35836 23
35837 69
35838 10
35839 18
35840 6
35841 18
35842 21
35843 22
35844 24
35845 40
35846 21
35847 29
35848 3
35849 15
35850 14
35851 34
35852 43
35853 19
35854 10
35855 47
35856 3
35857 41
35858 -10
35859 8
35860 16
35861 43
35862 25
35863 16
35864 34
35865 4
35866 20
35867 20
35868 10
35869 19
35870 44
35871 20
35872 10
35873 11
35874 17
35875 22
35876 17
35877 -15
35878 15
35879 0
35880 13
35881 18
35882 75
35883 32
35884 27
35885 12
35886 22
35887 12
35888 24
35889 20
35890 19
35891 -16
35892 14
35893 7
35894 12
35895 1
35896 -5
35897 21
35898 33
35899 34
35900 26
35901 29
35902 23
35903 -1
35904 11
35905 25
35906 10
35907 24
35908 33
35909 20
35910 19
35911 35
35912 23
35913 12
35914 38
35915 29
35916 78
35917 -20
35918 35
35919 5
35920 21
35921 26
35922 48
35923 12
35924 20
35925 21
35926 18
35927 16
35928 0
35929 12
35930 -4
35931 22
35932 29
35933 9
35934 16
35935 16
35936 -10
35937 7
35938 30
35939 25
35940 16
35941 18
35942 38
35943 27
35944 12
35945 16
35946 45
35947 36
35948 10
35949 29
35950 11
35951 -11
35952 7
35953 18
35954 26
35955 18
35956 6
35957 27
35958 4
35959 16
35960 20
35961 -3
35962 14
35963 34
35964 23
35965 11
35966 0
35967 13
35968 9
35969 38
35970 16
35971 17
35972 -2
35973 15
35974 3
35975 25
35976 34
35977 -2
35978 48
35979 31
35980 11
35981 5
35982 18
35983 53
35984 47
35985 8
35986 43
35987 24
35988 7
35989 15
35990 4
35991 4
35992 46
35993 25
35994 13
35995 10
35996 -2
35997 14
35998 24
35999 6
36000 4
36001 13
36002 11
36003 15
36004 29
36005 27
36006 90
36007 43
36008 1
36009 28
36010 24
36011 26
36012 14
36013 50
36014 5
36015 18
36016 10
36017 12
36018 24
36019 13
36020 13
36021 1
36022 17
36023 16
36024 24
36025 9
36026 18
36027 23
36028 35
36029 21
36030 8
36031 -4
36032 6
36033 26
36034 60
36035 14
36036 0
36037 -3
36038 4
36039 30
36040 17
36041 4
36042 31
36043 22
36044 48
36045 -2
36046 9
36047 9
36048 18
36049 6
36050 10
36051 29
36052 -16
36053 22
36054 49
36055 19
36056 3
36057 31
36058 24
36059 16
36060 12
36061 8
36062 30
36063 14
36064 -5
36065 25
36066 48
36067 34
36068 10
36069 24
36070 17
36071 3
36072 9
36073 14
36074 14
36075 47
36076 27
36077 27
36078 17
36079 9
36080 42
36081 17
36082 22
36083 7
36084 39
36085 2
36086 30
36087 16
36088 23
36089 24
36090 33
36091 -5
36092 29
36093 16
36094 10
36095 2
36096 23
36097 54
36098 23
36099 -15
36100 18
36101 4
36102 18
36103 24
36104 8
36105 28
36106 20
36107 26
36108 8
36109 62
36110 44
36111 22
36112 -9
36113 23
36114 12
36115 2
36116 7
36117 32
36118 28
36119 12
36120 29
36121 16
36122 11
36123 21
36124 -1
36125 29
36126 18
36127 11
36128 14
36129 25
36130 13
36131 -6
36132 30
36133 -1
36134 10
36135 24
36136 14
36137 20
36138 -10
36139 7
36140 -7
36141 12
36142 34
36143 10
36144 51
36145 21
36146 14
36147 15
36148 1
36149 15
36150 25
36151 32
36152 24
36153 6
36154 30
36155 84
36156 36
36157 20
36158 28
36159 41
36160 9
36161 25
36162 13
36163 20
36164 55
36165 15
36166 17
36167 12
36168 9
36169 9
36170 47
36171 10
36172 44
36173 3
36174 10
36175 21
36176 28
36177 33
36178 14
36179 17
36180 29
36181 17
36182 76
36183 24
36184 29
36185 14
36186 -8
36187 8
36188 13
36189 11
36190 32
36191 22
36192 22
36193 20
36194 19
36195 11
36196 17
36197 -8
36198 27
36199 22
36200 15
36201 17
36202 36
36203 9
36204 21
36205 11
36206 20
36207 -2
36208 26
36209 11
36210 19
36211 19
36212 -1
36213 9
36214 17
36215 14
36216 13
36217 8
36218 -6
36219 11
36220 4
36221 32
36222 26
36223 10
36224 52
36225 -10
36226 23
36227 10
36228 23
36229 4
36230 41
36231 28
36232 6
36233 17
36234 15
36235 18
36236 18
36237 22
36238 11
36239 67
36240 19
36241 21
36242 22
36243 29
36244 39
36245 4
36246 11
36247 16
36248 1
36249 7
36250 31
36251 -4
36252 18
36253 24
36254 2
36255 15
36256 15
36257 24
36258 3
36259 22
36260 26
36261 25
36262 8
36263 17
36264 26
36265 55
36266 7
36267 14
36268 26
36269 28
36270 19
36271 28
36272 4
36273 28
36274 7
36275 29
36276 28
36277 21
36278 34
36279 30
36280 3
36281 31
36282 17
36283 11
36284 10
36285 15
36286 2
36287 20
36288 22
36289 23
36290 9
36291 96
36292 4
36293 -2
36294 15
36295 26
36296 19
36297 10
36298 7
36299 20
36300 2
36301 30
36302 1
36303 6
36304 3
36305 3
36306 27
36307 26
36308 1
36309 31
36310 28
36311 12
36312 39
36313 29
36314 18
36315 29
36316 -2
36317 25
36318 15
36319 100
36320 24
36321 11
36322 85
36323 13
36324 14
36325 61
36326 12
36327 -4
36328 24
36329 18
36330 -16
36331 15
36332 8
36333 8
36334 32
36335 35
36336 11
36337 26
36338 23
36339 32
36340 8
36341 27
36342 1
36343 15
36344 11
36345 22
36346 5
36347 16
36348 21
36349 14
36350 10
36351 5
36352 10
36353 11
36354 31
36355 35
36356 17
36357 44
36358 18
36359 40
36360 8
36361 25
36362 19
36363 28
36364 1
36365 -8
36366 22
36367 8
36368 17
36369 19
36370 15
36371 34
36372 13
36373 38
36374 17
36375 23
36376 23
36377 21
36378 41
36379 -6
36380 29
36381 23
36382 14
36383 60
36384 32
36385 58
36386 25
36387 48
36388 12
36389 -7
36390 26
36391 13
36392 10
36393 28
36394 51
36395 -1
36396 30
36397 17
36398 22
36399 12
36400 28
36401 -4
36402 7
36403 67
36404 23
36405 46
36406 29
36407 61
36408 30
36409 -1
36410 22
36411 10
36412 47
36413 2
36414 36
36415 18
36416 7
36417 49
36418 25
36419 8
36420 8
36421 90
36422 16
36423 8
36424 35
36425 23
36426 0
36427 13
36428 29
36429 15
36430 20
36431 23
36432 8
36433 15
36434 14
36435 74
36436 14
36437 7
36438 11
36439 7
36440 26
36441 20
36442 12
36443 40
36444 34
36445 20
36446 5
36447 33
36448 12
36449 3
36450 29
36451 55
36452 7
36453 -6
36454 28
36455 44
36456 19
36457 13
36458 15
36459 16
36460 17
36461 16
36462 8
36463 1
36464 4
36465 5
36466 21
36467 15
36468 4
36469 8
36470 37
36471 1
36472 2
36473 31
36474 31
36475 19
36476 44
36477 24
36478 17
36479 15
36480 31
36481 26
36482 16
36483 33
36484 5
36485 54
36486 9
36487 23
36488 19
36489 39
36490 12
36491 25
36492 -12
36493 7
36494 11
36495 14
36496 35
36497 5
36498 4
36499 21
36500 56
36501 27
36502 -6
36503 8
36504 6
36505 11
36506 13
36507 21
36508 69
36509 26
36510 13
36511 21
36512 29
36513 6
36514 4
36515 30
36516 49
36517 13
36518 38
36519 30
36520 9
36521 0
36522 50
36523 21
36524 3
36525 17
36526 37
36527 22
36528 25
36529 33
36530 6
36531 25
36532 -12
36533 -18
36534 6
36535 27
36536 6
36537 24
36538 20
36539 10
36540 16
36541 11
36542 23
36543 19
36544 28
36545 13
36546 0
36547 69
36548 13
36549 -3
36550 -2
36551 30
36552 26
36553 7
36554 93
36555 16
36556 6
36557 13
36558 15
36559 35
36560 23
36561 20
36562 6
36563 14
36564 17
36565 6
36566 10
36567 16
36568 53
36569 30
36570 18
36571 -21
36572 19
36573 12
36574 21
36575 34
36576 19
36577 20
36578 13
36579 62
36580 19
36581 25
36582 9
36583 16
36584 38
36585 27
36586 4
36587 -3
36588 16
36589 21
36590 21
36591 38
36592 36
36593 21
36594 21
36595 15
36596 7
36597 13
36598 14
36599 17
36600 20
36601 20
36602 19
36603 40
36604 29
36605 26
36606 1
36607 24
36608 47
36609 11
36610 12
36611 21
36612 23
36613 3
36614 8
36615 21
36616 19
36617 39
36618 19
36619 23
36620 17
36621 2
36622 1
36623 20
36624 15
36625 27
36626 21
36627 26
36628 14
36629 46
36630 24
36631 6
36632 12
36633 14
36634 9
36635 -6
36636 38
36637 15
36638 27
36639 30
36640 14
36641 36
36642 7
36643 13
36644 -15
36645 33
36646 5
36647 18
36648 28
36649 20
36650 29
36651 42
36652 11
36653 -1
36654 24
36655 15
36656 12
36657 0
36658 25
36659 14
36660 25
36661 35
36662 26
36663 7
36664 20
36665 16
36666 26
36667 21
36668 9
36669 13
36670 48
36671 56
36672 28
36673 7
36674 9
36675 68
36676 26
36677 8
36678 32
36679 27
36680 10
36681 31
36682 7
36683 25
36684 23
36685 23
36686 21
36687 19
36688 9
36689 25
36690 0
36691 28
36692 13
36693 27
36694 -18
36695 5
36696 10
36697 -5
36698 22
36699 -15
36700 17
36701 18
36702 41
36703 42
36704 22
36705 24
36706 10
36707 14
36708 4
36709 20
36710 17
36711 -8
36712 -15
36713 33
36714 22
36715 22
36716 16
36717 5
36718 38
36719 36
36720 1
36721 15
36722 34
36723 26
36724 25
36725 37
36726 6
36727 17
36728 54
36729 19
36730 20
36731 20
36732 48
36733 -2
36734 31
36735 33
36736 11
36737 17
36738 30
36739 9
36740 19
36741 13
36742 -7
36743 10
36744 12
36745 60
36746 14
36747 25
36748 11
36749 18
36750 51
36751 35
36752 13
36753 27
36754 10
36755 32
36756 14
36757 -2
36758 24
36759 35
36760 42
36761 28
36762 19
36763 -12
36764 25
36765 40
36766 22
36767 11
36768 13
36769 24
36770 15
36771 13
36772 32
36773 20
36774 23
36775 20
36776 21
36777 30
36778 -10
36779 32
36780 2
36781 9
36782 5
36783 23
36784 33
36785 20
36786 35
36787 18
36788 27
36789 6
36790 -7
36791 8
36792 5
36793 13
36794 9
36795 21
36796 24
36797 27
36798 35
36799 18
36800 21
36801 16
36802 12
36803 17
36804 43
36805 61
36806 23
36807 16
36808 19
36809 7
36810 29
36811 14
36812 26
36813 18
36814 38
36815 19
36816 24
36817 27
36818 9
36819 5
36820 9
36821 -2
36822 15
36823 19
36824 16
36825 20
36826 1
36827 15
36828 6
36829 12
36830 16
36831 20
36832 12
36833 6
36834 17
36835 1
36836 -6
36837 26
36838 31
36839 21
36840 21
36841 21
36842 1
36843 18
36844 -4
36845 44
36846 -2
36847 4
36848 15
36849 17
36850 32
36851 32
36852 29
36853 18
36854 53
36855 11
36856 27
36857 10
36858 8
36859 49
36860 -6
36861 34
36862 28
36863 24
36864 15
36865 36
36866 3
36867 31
36868 7
36869 43
36870 15
36871 17
36872 15
36873 16
36874 23
36875 10
36876 24
36877 5
36878 41
36879 34
36880 49
36881 14
36882 18
36883 16
36884 15
36885 25
36886 19
36887 15
36888 38
36889 22
36890 23
36891 27
36892 10
36893 18
36894 12
36895 -4
36896 16
36897 27
36898 27
36899 16
36900 16
36901 -3
36902 12
36903 26
36904 26
36905 23
36906 14
36907 20
36908 13
36909 1
36910 0
36911 10
36912 19
36913 29
36914 35
36915 19
36916 11
36917 21
36918 30
36919 18
36920 1
36921 23
36922 8
36923 20
36924 9
36925 15
36926 26
36927 15
36928 4
36929 83
36930 20
36931 29
36932 11
36933 25
36934 -6
36935 -22
36936 14
36937 17
36938 19
36939 22
36940 34
36941 28
36942 6
36943 11
36944 22
36945 15
36946 4
36947 11
36948 9
36949 23
36950 59
36951 30
36952 15
36953 75
36954 -14
36955 15
36956 6
36957 24
36958 47
36959 10
36960 -1
36961 50
36962 45
36963 20
36964 16
36965 24
36966 21
36967 59
36968 17
36969 25
36970 17
36971 -2
36972 -14
36973 32
36974 61
36975 15
36976 5
36977 -1
36978 16
36979 6
36980 14
36981 12
36982 16
36983 21
36984 10
36985 18
36986 24
36987 23
36988 10
36989 6
36990 16
36991 19
36992 10
36993 24
36994 5
36995 10
36996 1
36997 13
36998 33
36999 28
37000 7
37001 17
37002 12
37003 11
37004 26
37005 35
37006 25
37007 19
37008 24
37009 11
37010 41
37011 36
37012 0
37013 66
37014 20
37015 33
37016 21
37017 9
37018 31
37019 3
37020 11
37021 15
37022 24
37023 10
37024 21
37025 21
37026 -3
37027 33
37028 12
37029 17
37030 9
37031 15
37032 47
37033 16
37034 -4
37035 35
37036 21
37037 26
37038 16
37039 23
37040 16
37041 25
37042 6
37043 60
37044 19
37045 20
37046 16
37047 11
37048 38
37049 7
37050 37
37051 14
37052 2
37053 10
37054 13
37055 11
37056 0
37057 11
37058 3
37059 23
37060 22
37061 19
37062 -4
37063 33
37064 17
37065 25
37066 29
37067 9
37068 28
37069 1
37070 4
37071 10
37072 30
37073 41
37074 39
37075 32
37076 14
37077 19
37078 19
37079 13
37080 -12
37081 -7
37082 13
37083 16
37084 40
37085 20
37086 21
37087 35
37088 25
37089 38
37090 30
37091 31
37092 13
37093 17
37094 5
37095 28
37096 15
37097 21
37098 26
37099 14
37100 24
37101 26
37102 2
37103 25
37104 39
37105 47
37106 29
37107 15
37108 1
37109 29
37110 13
37111 25
37112 33
37113 17
37114 14
37115 37
37116 18
37117 16
37118 -10
37119 17
37120 30
37121 15
37122 12
37123 5
37124 29
37125 5
37126 26
37127 15
37128 14
37129 23
37130 16
37131 15
37132 20
37133 15
37134 29
37135 18
37136 21
37137 24
37138 20
37139 -2
37140 29
37141 -2
37142 -8
37143 10
37144 11
37145 38
37146 16
37147 13
37148 7
37149 38
37150 18
37151 -3
37152 11
37153 -7
37154 37
37155 20
37156 39
37157 11
37158 30
37159 8
37160 25
37161 -6
37162 14
37163 23
37164 -2
37165 15
37166 40
37167 38
37168 16
37169 50
37170 3
37171 7
37172 24
37173 14
37174 20
37175 33
37176 46
37177 21
37178 19
37179 15
37180 15
37181 8
37182 10
37183 34
37184 14
37185 14
37186 6
37187 11
37188 15
37189 15
37190 10
37191 23
37192 19
37193 17
37194 21
37195 12
37196 31
37197 22
37198 19
37199 -4
37200 11
37201 28
37202 11
37203 20
37204 33
37205 -3
37206 37
37207 23
37208 22
37209 12
37210 28
37211 19
37212 35
37213 31
37214 13
37215 44
37216 15
37217 9
37218 40
37219 1
37220 36
37221 2
37222 3
37223 18
37224 12
37225 41
37226 14
37227 27
37228 62
37229 1
37230 5
37231 23
37232 14
37233 30
37234 18
37235 24
37236 40
37237 11
37238 21
37239 16
37240 19
37241 14
37242 8
37243 7
37244 29
37245 39
37246 24
37247 17
37248 41
37249 12
37250 23
37251 18
37252 -1
37253 -5
37254 27
37255 14
37256 20
37257 36
37258 34
37259 11
37260 12
37261 -5
37262 2
37263 21
37264 15
37265 6
37266 13
37267 20
37268 31
37269 10
37270 3
37271 -12
37272 20
37273 29
37274 26
37275 -8
37276 14
37277 24
37278 13
37279 8
37280 24
37281 -9
37282 17
37283 21
37284 10
37285 24
37286 10
37287 4
37288 5
37289 9
37290 35
37291 -5
37292 20
37293 15
37294 25
37295 10
37296 44
37297 21
37298 31
37299 32
37300 20
37301 26
37302 17
37303 5
37304 33
37305 30
37306 19
37307 9
37308 2
37309 26
37310 -18
37311 38
37312 25
37313 8
37314 27
37315 21
37316 7
37317 11
37318 52
37319 19
37320 38
37321 3
37322 27
37323 36
37324 20
37325 12
37326 36
37327 34
37328 2
37329 31
37330 17
37331 67
37332 9
37333 11
37334 32
37335 11
37336 16
37337 23
37338 2
37339 6
37340 -8
37341 20
37342 4
37343 36
37344 -10
37345 19
37346 13
37347 26
37348 7
37349 -7
37350 4
37351 15
37352 11
37353 -2
37354 40
37355 14
37356 7
37357 11
37358 15
37359 53
37360 3
37361 37
37362 7
37363 98
37364 2
37365 19
37366 -1
37367 -7
37368 15
37369 46
37370 37
37371 15
37372 44
37373 -16
37374 9
37375 34
37376 8
37377 30
37378 11
37379 19
37380 33
37381 11
37382 40
37383 5
37384 14
37385 17
37386 20
37387 31
37388 37
37389 30
37390 9
37391 14
37392 -5
37393 26
37394 16
37395 25
37396 28
37397 9
37398 -3
37399 8
37400 16
37401 19
37402 120
37403 23
37404 26
37405 25
37406 41
37407 5
37408 26
37409 7
37410 21
37411 17
37412 8
37413 26
37414 0
37415 9
37416 29
37417 36
37418 -1
37419 19
37420 3
37421 3
37422 19
37423 7
37424 26
37425 23
37426 17
37427 12
37428 16
37429 31
37430 6
37431 32
37432 16
37433 22
37434 30
37435 9
37436 11
37437 10
37438 22
37439 -1
37440 14
37441 -5
37442 21
37443 11
37444 3
37445 10
37446 23
37447 15
37448 17
37449 28
37450 4
37451 14
37452 21
37453 18
37454 3
37455 11
37456 10
37457 25
37458 14
37459 22
37460 26
37461 24
37462 12
37463 19
37464 12
37465 28
37466 3
37467 14
37468 9
37469 47
37470 24
37471 27
37472 -16
37473 27
37474 -6
37475 19
37476 27
37477 14
37478 4
37479 26
37480 13
37481 20
37482 18
37483 51
37484 21
37485 18
37486 1
37487 29
37488 10
37489 24
37490 43
37491 12
37492 5
37493 6
37494 17
37495 -7
37496 -3
37497 27
37498 17
37499 20
37500 25
37501 2
37502 10
37503 6
37504 6
37505 2
37506 31
37507 20
37508 16
37509 25
37510 33
37511 19
37512 25
37513 25
37514 13
37515 42
37516 27
37517 3
37518 30
37519 8
37520 12
37521 50
37522 12
37523 36
37524 3
37525 25
37526 47
37527 24
37528 36
37529 -11
37530 10
37531 70
37532 44
37533 27
37534 10
37535 29
37536 -3
37537 0
37538 11
37539 42
37540 9
37541 22
37542 11
37543 24
37544 13
37545 7
37546 39
37547 -4
37548 10
37549 12
37550 18
37551 23
37552 15
37553 24
37554 40
37555 20
37556 20
37557 -4
37558 43
37559 34
37560 24
37561 -15
37562 14
37563 8
37564 8
37565 6
37566 5
37567 -1
37568 11
37569 22
37570 24
37571 10
37572 10
37573 10
37574 11
37575 34
37576 17
37577 34
37578 11
37579 36
37580 -1
37581 11
37582 32
37583 27
37584 35
37585 19
37586 26
37587 5
37588 38
37589 12
37590 17
37591 31
37592 12
37593 16
37594 10
37595 -2
37596 22
37597 40
37598 35
37599 48
37600 12
37601 30
37602 12
37603 27
37604 10
37605 23
37606 11
37607 -6
37608 13
37609 14
37610 7
37611 24
37612 -15
37613 24
37614 -7
37615 31
37616 28
37617 14
37618 20
37619 18
37620 15
37621 20
37622 1
37623 15
37624 5
37625 17
37626 45
37627 79
37628 32
37629 18
37630 7
37631 7
37632 16
37633 24
37634 5
37635 29
37636 25
37637 1
37638 15
37639 12
37640 32
37641 66
37642 9
37643 23
37644 33
37645 0
37646 15
37647 5
37648 31
37649 37
37650 24
37651 22
37652 10
37653 16
37654 0
37655 15
37656 13
37657 39
37658 24
37659 32
37660 25
37661 41
37662 36
37663 30
37664 17
37665 42
37666 4
37667 24
37668 39
37669 -5
37670 23
37671 6
37672 24
37673 10
37674 7
37675 41
37676 21
37677 60
37678 6
37679 26
37680 15
37681 22
37682 25
37683 21
37684 8
37685 5
37686 -7
37687 25
37688 45
37689 15
37690 14
37691 33
37692 21
37693 26
37694 14
37695 4
37696 -1
37697 86
37698 24
37699 18
37700 -4
37701 14
37702 16
37703 15
37704 10
37705 10
37706 20
37707 22
37708 5
37709 24
37710 21
37711 10
37712 16
37713 24
37714 37
37715 4
37716 7
37717 24
37718 35
37719 11
37720 -1
37721 28
37722 9
37723 5
37724 18
37725 11
37726 7
37727 5
37728 0
37729 21
37730 4
37731 31
37732 14
37733 24
37734 10
37735 24
37736 30
37737 30
37738 24
37739 3
37740 17
37741 5
37742 28
37743 14
37744 26
37745 17
37746 13
37747 8
37748 26
37749 24
37750 8
37751 17
37752 28
37753 18
37754 16
37755 27
37756 22
37757 17
37758 5
37759 -12
37760 10
37761 44
37762 29
37763 5
37764 9
37765 21
37766 9
37767 39
37768 0
37769 24
37770 25
37771 17
37772 55
37773 15
37774 4
37775 21
37776 21
37777 16
37778 32
37779 10
37780 16
37781 23
37782 35
37783 5
37784 37
37785 -4
37786 44
37787 41
37788 13
37789 15
37790 -1
37791 6
37792 18
37793 19
37794 25
37795 6
37796 20
37797 7
37798 23
37799 21
37800 22
37801 8
37802 33
37803 35
37804 11
37805 25
37806 13
37807 13
37808 11
37809 34
37810 -1
37811 3
37812 19
37813 28
37814 13
37815 37
37816 24
37817 14
37818 7
37819 13
37820 24
37821 14
37822 40
37823 12
37824 9
37825 7
37826 7
37827 14
37828 18
37829 23
37830 33
37831 10
37832 34
37833 13
37834 46
37835 6
37836 6
37837 5
37838 10
37839 -1
37840 24
37841 16
37842 21
37843 3
37844 39
37845 26
37846 41
37847 8
37848 52
37849 -6
37850 19
37851 32
37852 15
37853 10
37854 27
37855 7
37856 25
37857 20
37858 -6
37859 25
37860 4
37861 20
37862 25
37863 8
37864 11
37865 9
37866 31
37867 15
37868 10
37869 17
37870 -20
37871 2
37872 26
37873 14
37874 11
37875 7
37876 18
37877 17
37878 10
37879 31
37880 12
37881 26
37882 32
37883 37
37884 10
37885 -1
37886 15
37887 27
37888 28
37889 7
37890 10
37891 6
37892 15
37893 28
37894 -6
37895 8
37896 15
37897 34
37898 31
37899 23
37900 7
37901 27
37902 9
37903 15
37904 29
37905 8
37906 29
37907 47
37908 19
37909 13
37910 6
37911 0
37912 44
37913 30
37914 26
37915 19
37916 14
37917 7
37918 24
37919 8
37920 10
37921 21
37922 5
37923 16
37924 14
37925 24
37926 6
37927 14
37928 24
37929 16
37930 44
37931 1
37932 18
37933 22
37934 14
37935 27
37936 12
37937 -3
37938 13
37939 39
37940 13
37941 32
37942 6
37943 24
37944 43
37945 34
37946 11
37947 32
37948 15
37949 15
37950 3
37951 18
37952 27
37953 16
37954 2
37955 21
37956 29
37957 47
37958 13
37959 17
37960 11
37961 42
37962 8
37963 26
37964 16
37965 11
37966 42
37967 10
37968 49
37969 -5
37970 14
37971 15
37972 22
37973 -1
37974 45
37975 50
37976 7
37977 28
37978 6
37979 13
37980 11
37981 13
37982 5
37983 14
37984 -9
37985 15
37986 31
37987 35
37988 8
37989 19
37990 22
37991 5
37992 19
37993 32
37994 33
37995 28
37996 29
37997 27
37998 8
37999 13
38000 44
38001 13
38002 36
38003 30
38004 16
38005 6
38006 4
38007 20
38008 20
38009 21
38010 23
38011 24
38012 26
38013 22
38014 23
38015 36
38016 13
38017 22
38018 12
38019 -4
38020 0
38021 24
38022 28
38023 6
38024 11
38025 5
38026 11
38027 24
38028 44
38029 10
38030 20
38031 5
38032 14
38033 -12
38034 13
38035 15
38036 -9
38037 8
38038 6
38039 13
38040 18
38041 15
38042 34
38043 0
38044 21
38045 33
38046 29
38047 42
38048 13
38049 91
38050 0
38051 30
38052 4
38053 20
38054 5
38055 13
38056 5
38057 2
38058 38
38059 5
38060 13
38061 22
38062 20
38063 -1
38064 9
38065 16
38066 5
38067 17
38068 2
38069 17
38070 8
38071 46
38072 20
38073 26
38074 15
38075 10
38076 7
38077 18
38078 9
38079 23
38080 7
38081 19
38082 20
38083 21
38084 26
38085 45
38086 13
38087 53
38088 7
38089 8
38090 7
38091 43
38092 30
38093 -11
38094 19
38095 7
38096 28
38097 15
38098 28
38099 11
38100 65
38101 26
38102 3
38103 10
38104 21
38105 34
38106 14
38107 15
38108 26
38109 6
38110 3
38111 22
38112 29
38113 13
38114 6
38115 8
38116 15
38117 9
38118 28
38119 21
38120 14
38121 5
38122 18
38123 14
38124 21
38125 0
38126 10
38127 30
38128 24
38129 39
38130 17
38131 -6
38132 16
38133 3
38134 43
38135 12
38136 14
38137 -5
38138 6
38139 -1
38140 6
38141 48
38142 4
38143 2
38144 31
38145 19
38146 30
38147 25
38148 22
38149 18
38150 31
38151 6
38152 15
38153 10
38154 28
38155 4
38156 16
38157 18
38158 13
38159 34
38160 20
38161 21
38162 15
38163 20
38164 8
38165 -9
38166 23
38167 22
38168 17
38169 -13
38170 12
38171 43
38172 18
38173 5
38174 37
38175 17
38176 26
38177 -8
38178 27
38179 19
38180 16
38181 24
38182 12
38183 20
38184 19
38185 46
38186 -4
38187 -9
38188 29
38189 37
38190 24
38191 3
38192 16
38193 8
38194 17
38195 21
38196 31
38197 9
38198 20
38199 14
38200 8
38201 17
38202 28
38203 28
38204 15
38205 15
38206 5
38207 9
38208 48
38209 7
38210 19
38211 30
38212 12
38213 27
38214 21
38215 -2
38216 26
38217 -3
38218 35
38219 95
38220 38
38221 -2
38222 39
38223 19
38224 12
38225 10
38226 14
38227 7
38228 18
38229 26
38230 28
38231 26
38232 11
38233 13
38234 24
38235 12
38236 22
38237 6
38238 13
38239 29
38240 11
38241 26
38242 11
38243 39
38244 4
38245 18
38246 18
38247 24
38248 -14
38249 17
38250 13
38251 16
38252 32
38253 74
38254 -6
38255 13
38256 10
38257 -3
38258 8
38259 20
38260 11
38261 7
38262 26
38263 13
38264 17
38265 12
38266 -10
38267 20
38268 21
38269 28
38270 28
38271 19
38272 -2
38273 -7
38274 16
38275 13
38276 15
38277 5
38278 8
38279 25
38280 33
38281 -15
38282 21
38283 -24
38284 17
38285 10
38286 5
38287 15
38288 8
38289 19
38290 27
38291 26
38292 3
38293 9
38294 34
38295 43
38296 31
38297 4
38298 12
38299 4
38300 16
38301 28
38302 33
38303 10
38304 33
38305 15
38306 1
38307 15
38308 8
38309 57
38310 23
38311 11
38312 22
38313 119
38314 33
38315 27
38316 14
38317 25
38318 12
38319 36
38320 14
38321 7
38322 20
38323 17
38324 30
38325 27
38326 15
38327 20
38328 16
38329 7
38330 26
38331 11
38332 32
38333 11
38334 35
38335 35
38336 4
38337 15
38338 11
38339 14
38340 15
38341 13
38342 8
38343 6
38344 -4
38345 17
38346 24
38347 8
38348 5
38349 0
38350 44
38351 24
38352 19
38353 28
38354 27
38355 9
38356 12
38357 5
38358 49
38359 23
38360 16
38361 11
38362 21
38363 9
38364 13
38365 11
38366 13
38367 16
38368 -7
38369 5
38370 29
38371 70
38372 30
38373 14
38374 24
38375 9
38376 30
38377 66
38378 2
38379 6
38380 32
38381 29
38382 10
38383 11
38384 25
38385 19
38386 21
38387 13
38388 14
38389 22
38390 21
38391 28
38392 19
38393 12
38394 -2
38395 22
38396 -7
38397 1
38398 96
38399 11
38400 27
38401 9
38402 7
38403 11
38404 24
38405 34
38406 11
38407 14
38408 18
38409 14
38410 50
38411 4
38412 40
38413 20
38414 14
38415 19
38416 23
38417 25
38418 59
38419 18
38420 15
38421 4
38422 20
38423 32
38424 -1
38425 24
38426 31
38427 38
38428 7
38429 17
38430 8
38431 17
38432 8
38433 25
38434 5
38435 30
38436 24
38437 -2
38438 25
38439 29
38440 28
38441 7
38442 -25
38443 5
38444 27
38445 10
38446 11
38447 22
38448 6
38449 10
38450 22
38451 6
38452 42
38453 8
38454 10
38455 36
38456 4
38457 -12
38458 -6
38459 18
38460 8
38461 22
38462 -2
38463 20
38464 34
38465 36
38466 14
38467 17
38468 -1
38469 26
38470 64
38471 15
38472 16
38473 25
38474 24
38475 15
38476 -8
38477 9
38478 11
38479 11
38480 -2
38481 -8
38482 11
38483 26
38484 19
38485 10
38486 28
38487 23
38488 20
38489 31
38490 13
38491 21
38492 37
38493 4
38494 44
38495 17
38496 12
38497 -8
38498 23
38499 0
38500 38
38501 16
38502 19
38503 11
38504 26
38505 18
38506 44
38507 13
38508 5
38509 7
38510 30
38511 6
38512 -10
38513 -1
38514 18
38515 10
38516 13
38517 7
38518 -8
38519 34
38520 1
38521 62
38522 8
38523 9
38524 20
38525 3
38526 0
38527 19
38528 28
38529 5
38530 17
38531 24
38532 26
38533 26
38534 -4
38535 20
38536 3
38537 14
38538 23
38539 27
38540 20
38541 6
38542 5
38543 33
38544 14
38545 14
38546 -2
38547 17
38548 21
38549 9
38550 25
38551 10
38552 14
38553 -13
38554 28
38555 24
38556 -12
38557 12
38558 2
38559 -3
38560 31
38561 15
38562 2
38563 18
38564 11
38565 24
38566 31
38567 21
38568 17
38569 17
38570 12
38571 23
38572 0
38573 34
38574 -3
38575 39
38576 38
38577 27
38578 30
38579 43
38580 23
38581 -6
38582 15
38583 18
38584 97
38585 1
38586 -11
38587 13
38588 2
38589 90
38590 7
38591 35
38592 22
38593 20
38594 10
38595 5
38596 8
38597 28
38598 16
38599 17
38600 4
38601 23
38602 -2
38603 59
38604 3
38605 3
38606 11
38607 9
38608 35
38609 40
38610 48
38611 -1
38612 24
38613 22
38614 37
38615 24
38616 21
38617 13
38618 7
38619 8
38620 17
38621 -9
38622 22
38623 17
38624 31
38625 25
38626 31
38627 13
38628 26
38629 8
38630 18
38631 16
38632 26
38633 23
38634 31
38635 30
38636 39
38637 14
38638 18
38639 14
38640 18
38641 14
38642 15
38643 33
38644 20
38645 3
38646 6
38647 21
38648 11
38649 22
38650 15
38651 24
38652 22
38653 43
38654 39
38655 2
38656 23
38657 -2
38658 36
38659 6
38660 20
38661 9
38662 55
38663 22
38664 13
38665 -23
38666 -3
38667 11
38668 3
38669 34
38670 3
38671 18
38672 36
38673 8
38674 29
38675 20
38676 30
38677 39
38678 17
38679 20
38680 3
38681 8
38682 0
38683 21
38684 13
38685 33
38686 36
38687 0
38688 51
38689 24
38690 22
38691 25
38692 9
38693 17
38694 8
38695 7
38696 36
38697 11
38698 53
38699 21
38700 20
38701 25
38702 33
38703 6
38704 38
38705 17
38706 5
38707 35
38708 25
38709 15
38710 11
38711 16
38712 25
38713 34
38714 14
38715 16
38716 20
38717 8
38718 44
38719 31
38720 34
38721 20
38722 50
38723 12
38724 0
38725 15
38726 24
38727 8
38728 20
38729 25
38730 14
38731 7
38732 14
38733 26
38734 24
38735 -14
38736 19
38737 3
38738 7
38739 10
38740 27
38741 18
38742 16
38743 1
38744 7
38745 12
38746 12
38747 3
38748 24
38749 15
38750 8
38751 31
38752 -14
38753 -3
38754 10
38755 39
38756 2
38757 2
38758 19
38759 16
38760 6
38761 41
38762 -2
38763 39
38764 27
38765 24
38766 19
38767 9
38768 17
38769 9
38770 16
38771 10
38772 70
38773 25
38774 8
38775 21
38776 38
38777 55
38778 17
38779 50
38780 28
38781 20
38782 23
38783 14
38784 28
38785 16
38786 25
38787 19
38788 16
38789 14
38790 -7
38791 -1
38792 17
38793 12
38794 5
38795 16
38796 15
38797 33
38798 -4
38799 16
38800 38
38801 -22
38802 10
38803 30
38804 28
38805 27
38806 7
38807 26
38808 20
38809 16
38810 10
38811 51
38812 6
38813 32
38814 17
38815 27
38816 11
38817 20
38818 25
38819 42
38820 24
38821 4
38822 0
38823 25
38824 28
38825 13
38826 32
38827 9
38828 16
38829 43
38830 13
38831 8
38832 11
38833 7
38834 19
38835 17
38836 9
38837 10
38838 21
38839 1
38840 -4
38841 19
38842 40
38843 16
38844 0
38845 12
38846 28
38847 -11
38848 11
38849 25
38850 9
38851 10
38852 27
38853 24
38854 17
38855 5
38856 8
38857 17
38858 12
38859 2
38860 22
38861 43
38862 35
38863 26
38864 2
38865 19
38866 9
38867 3
38868 16
38869 37
38870 11
38871 37
38872 11
38873 24
38874 23
38875 10
38876 29
38877 9
38878 15
38879 8
38880 15
38881 39
38882 40
38883 32
38884 62
38885 18
38886 23
38887 7
38888 21
38889 7
38890 15
38891 7
38892 4
38893 16
38894 -2
38895 5
38896 39
38897 16
38898 15
38899 -11
38900 27
38901 12
38902 6
38903 2
38904 30
38905 1
38906 14
38907 10
38908 15
38909 18
38910 5
38911 21
38912 2
38913 6
38914 45
38915 21
38916 33
38917 4
38918 20
38919 15
38920 51
38921 -5
38922 14
38923 33
38924 27
38925 3
38926 14
38927 24
38928 1
38929 5
38930 19
38931 3
38932 -4
38933 26
38934 30
38935 35
38936 24
38937 9
38938 11
38939 37
38940 11
38941 11
38942 35
38943 -5
38944 12
38945 20
38946 0
38947 32
38948 10
38949 25
38950 13
38951 7
38952 29
38953 16
38954 22
38955 23
38956 16
38957 18
38958 -2
38959 21
38960 31
38961 -7
38962 13
38963 4
38964 7
38965 8
38966 35
38967 21
38968 15
38969 10
38970 76
38971 32
38972 3
38973 29
38974 14
38975 19
38976 16
38977 9
38978 7
38979 22
38980 28
38981 23
38982 32
38983 0
38984 20
38985 37
38986 17
38987 4
38988 6
38989 24
38990 17
38991 14
38992 20
38993 5
38994 18
38995 0
38996 -3
38997 21
38998 16
38999 9
39000 21
39001 6
39002 8
39003 12
39004 16
39005 31
39006 13
39007 21
39008 15
39009 19
39010 -10
39011 5
39012 17
39013 9
39014 -5
39015 15
39016 23
39017 13
39018 19
39019 -12
39020 15
39021 -5
39022 2
39023 8
39024 22
39025 2
39026 13
39027 24
39028 5
39029 13
39030 32
39031 15
39032 11
39033 13
39034 5
39035 34
39036 2
39037 11
39038 33
39039 4
39040 69
39041 15
39042 27
39043 42
39044 30
39045 11
39046 50
39047 56
39048 9
39049 -10
39050 -3
39051 -17
39052 10
39053 18
39054 20
39055 24
39056 21
39057 6
39058 12
39059 11
39060 16
39061 19
39062 22
39063 6
39064 11
39065 26
39066 26
39067 21
39068 16
39069 11
39070 14
39071 8
39072 25
39073 25
39074 0
39075 4
39076 18
39077 19
39078 24
39079 13
39080 -6
39081 12
39082 5
39083 12
39084 18
39085 7
39086 9
39087 21
39088 8
39089 8
39090 22
39091 9
39092 29
39093 10
39094 16
39095 -11
39096 15
39097 19
39098 16
39099 11
39100 6
39101 15
39102 13
39103 -11
39104 17
39105 8
39106 3
39107 1
39108 20
39109 0
39110 30
39111 4
39112 5
39113 5
39114 18
39115 46
39116 20
39117 7
39118 24
39119 7
39120 3
39121 23
39122 18
39123 27
39124 3
39125 33
39126 0
39127 -3
39128 9
39129 12
39130 16
39131 -1
39132 25
39133 16
39134 13
39135 17
39136 14
39137 11
39138 11
39139 -1
39140 44
39141 46
39142 15
39143 14
39144 16
39145 7
39146 1
39147 10
39148 29
39149 13
39150 22
39151 24
39152 50
39153 14
39154 6
39155 23
39156 14
39157 46
39158 21
39159 23
39160 9
39161 4
39162 13
39163 12
39164 17
39165 12
39166 11
39167 15
39168 16
39169 20
39170 21
39171 9
39172 20
39173 46
39174 19
39175 4
39176 17
39177 7
39178 12
39179 16
39180 2
39181 2
39182 12
39183 34
39184 14
39185 15
39186 26
39187 35
39188 9
39189 21
39190 16
39191 15
39192 16
39193 13
39194 11
39195 5
39196 37
39197 -5
39198 13
39199 23
39200 23
39201 12
39202 20
39203 39
39204 4
39205 14
39206 16
39207 -7
39208 16
39209 11
39210 -2
39211 28
39212 14
39213 38
39214 27
39215 4
39216 14
39217 17
39218 41
39219 5
39220 27
39221 15
39222 89
39223 15
39224 12
39225 12
39226 1
39227 5
39228 45
39229 34
39230 10
39231 29
39232 17
39233 35
39234 10
39235 13
39236 21
39237 20
39238 27
39239 10
39240 -1
39241 17
39242 35
39243 13
39244 19
39245 21
39246 10
39247 9
39248 17
39249 -9
39250 32
39251 22
39252 30
39253 30
39254 23
39255 16
39256 4
39257 7
39258 44
39259 39
39260 9
39261 11
39262 6
39263 15
39264 49
39265 35
39266 8
39267 20
39268 -8
39269 6
39270 39
39271 14
39272 22
39273 17
39274 28
39275 19
39276 15
39277 1
39278 10
39279 39
39280 35
39281 -1
39282 25
39283 8
39284 7
39285 8
39286 19
39287 10
39288 11
39289 7
39290 6
39291 70
39292 10
39293 7
39294 -1
39295 22
39296 6
39297 -2
39298 24
39299 9
39300 20
39301 33
39302 21
39303 4
39304 24
39305 17
39306 10
39307 2
39308 28
39309 24
39310 19
39311 9
39312 12
39313 21
39314 6
39315 14
39316 -11
39317 19
39318 16
39319 26
39320 -3
39321 5
39322 3
39323 -3
39324 23
39325 4
39326 16
39327 25
39328 27
39329 19
39330 19
39331 12
39332 36
39333 27
39334 8
39335 16
39336 21
39337 56
39338 31
39339 3
39340 22
39341 -2
39342 51
39343 9
39344 6
39345 36
39346 22
39347 25
39348 12
39349 12
39350 16
39351 4
39352 -8
39353 22
39354 19
39355 10
39356 10
39357 15
39358 8
39359 25
39360 7
39361 47
39362 25
39363 -12
39364 15
39365 12
39366 8
39367 34
39368 20
39369 45
39370 24
39371 15
39372 16
39373 -1
39374 17
39375 1
39376 24
39377 9
39378 85
39379 -2
39380 28
39381 16
39382 25
39383 44
39384 15
39385 1
39386 17
39387 15
39388 0
39389 38
39390 14
39391 32
39392 70
39393 7
39394 26
39395 41
39396 27
39397 21
39398 35
39399 20
39400 12
39401 -4
39402 4
39403 11
39404 19
39405 10
39406 -2
39407 4
39408 8
39409 25
39410 10
39411 11
39412 37
39413 -4
39414 11
39415 16
39416 17
39417 7
39418 6
39419 26
39420 16
39421 8
39422 18
39423 16
39424 24
39425 29
39426 18
39427 -6
39428 67
39429 32
39430 22
39431 64
39432 12
39433 -10
39434 97
39435 1
39436 15
39437 -2
39438 12
39439 20
39440 7
39441 3
39442 8
39443 16
39444 21
39445 -11
39446 24
39447 32
39448 13
39449 22
39450 -5
39451 14
39452 34
39453 14
39454 10
39455 14
39456 19
39457 16
39458 4
39459 10
39460 30
39461 46
39462 16
39463 30
39464 24
39465 4
39466 12
39467 14
39468 8
39469 3
39470 -2
39471 19
39472 16
39473 24
39474 35
39475 14
39476 12
39477 20
39478 60
39479 13
39480 19
39481 7
39482 22
39483 -2
39484 17
39485 21
39486 16
39487 16
39488 25
39489 10
39490 18
39491 12
39492 29
39493 26
39494 8
39495 19
39496 5
39497 24
39498 12
39499 12
39500 -11
39501 15
39502 9
39503 8
39504 16
39505 21
39506 33
39507 15
39508 21
39509 30
39510 -4
39511 9
39512 10
39513 11
39514 -14
39515 20
39516 15
39517 22
39518 15
39519 16
39520 10
39521 17
39522 -4
39523 -1
39524 16
39525 34
39526 19
39527 33
39528 4
39529 22
39530 34
39531 6
39532 67
39533 57
39534 38
39535 6
39536 20
39537 12
39538 8
39539 0
39540 28
39541 5
39542 24
39543 18
39544 10
39545 13
39546 23
39547 -1
39548 40
39549 1
39550 10
39551 4
39552 65
39553 34
39554 15
39555 -2
39556 3
39557 28
39558 25
39559 20
39560 24
39561 2
39562 32
39563 13
39564 3
39565 19
39566 6
39567 18
39568 6
39569 38
39570 24
39571 0
39572 -4
39573 1
39574 25
39575 0
39576 15
39577 7
39578 18
39579 -12
39580 26
39581 11
39582 11
39583 22
39584 -4
39585 34
39586 19
39587 29
39588 9
39589 7
39590 20
39591 27
39592 27
39593 19
39594 39
39595 18
39596 16
39597 26
39598 18
39599 20
39600 13
39601 16
39602 41
39603 6
39604 40
39605 24
39606 101
39607 14
39608 11
39609 10
39610 5
39611 26
39612 23
39613 -18
39614 13
39615 29
39616 27
39617 11
39618 4
39619 2
39620 10
39621 8
39622 21
39623 12
39624 35
39625 5
39626 0
39627 14
39628 29
39629 14
39630 8
39631 11
39632 24
39633 15
39634 3
39635 38
39636 40
39637 -18
39638 12
39639 5
39640 17
39641 5
39642 35
39643 9
39644 9
39645 6
39646 18
39647 27
39648 15
39649 39
39650 13
39651 7
39652 8
39653 10
39654 4
39655 -8
39656 17
39657 36
39658 21
39659 13
39660 -2
39661 34
39662 11
39663 25
39664 13
39665 1
39666 25
39667 50
39668 14
39669 5
39670 20
39671 17
39672 6
39673 -9
39674 21
39675 31
39676 10
39677 34
39678 14
39679 9
39680 3
39681 7
39682 20
39683 18
39684 26
39685 3
39686 28
39687 14
39688 13
39689 11
39690 15
39691 12
39692 22
39693 26
39694 13
39695 13
39696 33
39697 25
39698 3
39699 23
39700 8
39701 7
39702 16
39703 9
39704 18
39705 32
39706 19
39707 15
39708 24
39709 21
39710 -12
39711 12
39712 5
39713 16
39714 14
39715 20
39716 3
39717 7
39718 42
39719 18
39720 21
39721 14
39722 5
39723 21
39724 25
39725 8
39726 38
39727 16
39728 31
39729 23
39730 -1
39731 9
39732 3
39733 17
39734 2
39735 9
39736 1
39737 34
39738 47
39739 22
39740 14
39741 28
39742 16
39743 19
39744 24
39745 21
39746 49
39747 3
39748 23
39749 28
39750 16
39751 10
39752 14
39753 8
39754 -27
39755 22
39756 25
39757 7
39758 26
39759 5
39760 18
39761 23
39762 4
39763 24
39764 94
39765 19
39766 20
39767 67
39768 16
39769 9
39770 3
39771 22
39772 28
39773 5
39774 11
39775 -4
39776 6
39777 40
39778 16
39779 15
39780 4
39781 20
39782 31
39783 16
39784 17
39785 28
39786 9
39787 5
39788 17
39789 11
39790 28
39791 5
39792 14
39793 27
39794 6
39795 17
39796 25
39797 0
39798 12
39799 37
39800 18
39801 23
39802 9
39803 13
39804 72
39805 -8
39806 25
39807 14
39808 -5
39809 12
39810 27
39811 13
39812 28
39813 -2
39814 2
39815 11
39816 2
39817 13
39818 11
39819 -4
39820 -4
39821 -20
39822 22
39823 45
39824 33
39825 11
39826 11
39827 12
39828 97
39829 17
39830 16
39831 5
39832 30
39833 -1
39834 34
39835 14
39836 8
39837 1
39838 11
39839 21
39840 16
39841 9
39842 12
39843 4
39844 27
39845 22
39846 -7
39847 24
39848 21
39849 16
39850 16
39851 11
39852 16
39853 20
39854 91
39855 9
39856 21
39857 -3
39858 22
39859 9
39860 16
39861 47
39862 13
39863 26
39864 -4
39865 18
39866 6
39867 0
39868 40
39869 61
39870 10
39871 6
39872 12
39873 33
39874 11
39875 10
39876 20
39877 22
39878 16
39879 18
39880 14
39881 19
39882 10
39883 9
39884 16
39885 41
39886 12
39887 15
39888 37
39889 14
39890 20
39891 1
39892 -19
39893 17
39894 23
39895 9
39896 3
39897 -1
39898 9
39899 9
39900 27
39901 13
39902 8
39903 -8
39904 31
39905 -9
39906 16
39907 13
39908 9
39909 11
39910 21
39911 24
39912 12
39913 22
39914 4
39915 11
39916 5
39917 11
39918 25
39919 12
39920 30
39921 14
39922 9
39923 26
39924 19
39925 19
39926 29
39927 19
39928 10
39929 0
39930 -3
39931 25
39932 6
39933 40
39934 20
39935 19
39936 14
39937 14
39938 14
39939 43
39940 18
39941 21
39942 13
39943 25
39944 1
39945 -7
39946 6
39947 13
39948 1
39949 22
39950 14
39951 4
39952 12
39953 1
39954 30
39955 19
39956 13
39957 20
39958 12
39959 15
39960 12
39961 2
39962 15
39963 15
39964 24
39965 11
39966 18
39967 2
39968 0
39969 3
39970 24
39971 -4
39972 10
39973 14
39974 -2
39975 31
39976 -10
39977 -12
39978 30
39979 -1
39980 -5
39981 2
39982 18
39983 4
39984 18
39985 17
39986 17
39987 19
39988 41
39989 20
39990 0
39991 17
39992 6
39993 8
39994 14
39995 21
39996 21
39997 25
39998 10
39999 27
40000 -1
40001 67
40002 12
40003 14
40004 55
40005 21
40006 42
40007 -1
40008 25
40009 21
40010 7
40011 18
40012 6
40013 12
40014 28
40015 15
40016 28
40017 15
40018 7
40019 40
40020 14
40021 25
40022 24
40023 -1
40024 -3
40025 5
40026 26
40027 11
40028 19
40029 9
40030 4
40031 3
40032 23
40033 6
40034 -4
40035 9
40036 44
40037 25
40038 52
40039 48
40040 20
40041 13
40042 3
40043 25
40044 9
40045 10
40046 22
40047 10
40048 3
40049 1
40050 20
40051 11
40052 15
40053 17
40054 47
40055 27
40056 0
40057 27
40058 11
40059 7
40060 0
40061 13
40062 17
40063 16
40064 1
40065 26
40066 31
40067 29
40068 26
40069 26
40070 55
40071 11
40072 14
40073 15
40074 24
40075 8
40076 4
40077 28
40078 17
40079 29
40080 32
40081 38
40082 10
40083 6
40084 14
40085 16
40086 -3
40087 25
40088 23
40089 2
40090 65
40091 28
40092 3
40093 -5
40094 9
40095 49
40096 17
40097 2
40098 20
40099 20
40100 20
40101 16
40102 23
40103 22
40104 3
40105 7
40106 18
40107 0
40108 13
40109 35
40110 1
40111 7
40112 35
40113 19
40114 18
40115 42
40116 21
40117 24
40118 -6
40119 12
40120 6
40121 15
40122 13
40123 25
40124 12
40125 -2
40126 -2
40127 23
40128 22
40129 6
40130 10
40131 -8
40132 -18
40133 27
40134 22
40135 12
40136 21
40137 -18
40138 13
40139 12
40140 22
40141 8
40142 67
40143 51
40144 26
40145 7
40146 19
40147 18
40148 6
40149 11
40150 8
40151 30
40152 59
40153 26
40154 10
40155 40
40156 20
40157 24
40158 8
40159 18
40160 -5
40161 24
40162 23
40163 11
40164 -30
40165 4
40166 -8
40167 10
40168 14
40169 19
40170 18
40171 24
40172 12
40173 14
40174 6
40175 21
40176 18
40177 15
40178 17
40179 13
40180 36
40181 27
40182 19
40183 -4
40184 40
40185 15
40186 16
40187 26
40188 18
40189 11
40190 19
40191 32
40192 11
40193 11
40194 16
40195 30
40196 25
40197 5
40198 10
40199 2
40200 41
40201 41
40202 12
40203 26
40204 25
40205 6
40206 10
40207 10
40208 54
40209 -16
40210 12
40211 20
40212 -3
40213 10
40214 1
40215 14
40216 7
40217 21
40218 1
40219 3
40220 19
40221 4
40222 2
40223 7
40224 38
40225 15
40226 24
40227 0
40228 -14
40229 2
40230 9
40231 15
40232 1
40233 8
40234 18
40235 14
40236 -3
40237 18
40238 15
40239 13
40240 5
40241 15
40242 7
40243 75
40244 21
40245 16
40246 16
40247 36
40248 2
40249 -2
40250 9
40251 9
40252 11
40253 -7
40254 10
40255 3
40256 13
40257 30
40258 7
40259 5
40260 14
40261 29
40262 15
40263 9
40264 -1
40265 16
40266 14
40267 24
40268 17
40269 30
40270 26
40271 21
40272 1
40273 6
40274 34
40275 9
40276 15
40277 13
40278 0
40279 26
40280 14
40281 28
40282 12
40283 7
40284 15
40285 -2
40286 20
40287 4
40288 3
40289 18
40290 -5
40291 19
40292 8
40293 10
40294 16
40295 23
40296 15
40297 5
40298 23
40299 30
40300 10
40301 39
40302 -5
40303 30
40304 18
40305 14
40306 21
40307 16
40308 11
40309 10
40310 3
40311 10
40312 5
40313 12
40314 12
40315 9
40316 44
40317 -3
40318 6
40319 14
40320 17
40321 15
40322 18
40323 10
40324 36
40325 12
40326 10
40327 9
40328 34
40329 0
40330 21
40331 30
40332 4
40333 10
40334 47
40335 -17
40336 28
40337 -2
40338 11
40339 -7
40340 17
40341 13
40342 22
40343 17
40344 5
40345 28
40346 19
40347 22
40348 23
40349 16
40350 36
40351 26
40352 5
40353 -1
40354 23
40355 10
40356 13
40357 22
40358 23
40359 24
40360 7
40361 13
40362 19
40363 13
40364 13
40365 -4
40366 2
40367 5
40368 18
40369 18
40370 4
40371 1
40372 17
40373 65
40374 -1
40375 26
40376 -3
40377 9
40378 -5
40379 22
40380 15
40381 -16
40382 4
40383 22
40384 29
40385 -1
40386 3
40387 44
40388 14
40389 35
40390 4
40391 4
40392 23
40393 11
40394 1
40395 27
40396 5
40397 15
40398 26
40399 3
40400 8
40401 -12
40402 5
40403 -4
40404 21
40405 8
40406 -7
40407 32
40408 -2
40409 29
40410 -2
40411 31
40412 21
40413 1
40414 4
40415 -1
40416 42
40417 31
40418 11
40419 33
40420 17
40421 -3
40422 33
40423 19
40424 16
40425 10
40426 17
40427 14
40428 26
40429 63
40430 2
40431 4
40432 5
40433 16
40434 19
40435 0
40436 -6
40437 25
40438 12
40439 20
40440 6
40441 30
40442 -10
40443 -6
40444 15
40445 20
40446 17
40447 10
40448 0
40449 7
40450 7
40451 -2
40452 22
40453 12
40454 24
40455 10
40456 6
40457 22
40458 12
40459 30
40460 29
40461 19
40462 66
40463 14
40464 -18
40465 32
40466 19
40467 40
40468 10
40469 38
40470 14
40471 8
40472 12
40473 6
40474 2
40475 2
40476 28
40477 16
40478 15
40479 -2
40480 12
40481 2
40482 18
40483 9
40484 16
40485 28
40486 28
40487 26
40488 14
40489 26
40490 27
40491 20
40492 22
40493 20
40494 23
40495 9
40496 2
40497 -1
40498 1
40499 12
40500 6
40501 -2
40502 -7
40503 16
40504 14
40505 5
40506 -1
40507 32
40508 10
40509 24
40510 -1
40511 10
40512 28
40513 24
40514 17
40515 9
40516 15
40517 19
40518 12
40519 7
40520 8
40521 7
40522 11
40523 3
40524 16
40525 18
40526 10
40527 -5
40528 9
40529 -3
40530 16
40531 22
40532 11
40533 21
40534 33
40535 30
40536 28
40537 23
40538 19
40539 8
40540 31
40541 23
40542 28
40543 11
40544 5
40545 11
40546 15
40547 19
40548 11
40549 15
40550 26
40551 20
40552 13
40553 15
40554 39
40555 32
40556 12
40557 36
40558 4
40559 18
40560 -5
40561 42
40562 26
40563 4
40564 28
40565 21
40566 18
40567 10
40568 5
40569 1
40570 27
40571 25
40572 18
40573 29
40574 -7
40575 9
40576 24
40577 -15
40578 34
40579 6
40580 16
40581 17
40582 19
40583 11
40584 20
40585 9
40586 32
40587 15
40588 31
40589 0
40590 8
40591 29
40592 7
40593 13
40594 8
40595 27
40596 -5
40597 13
40598 26
40599 19
40600 5
40601 17
40602 32
40603 9
40604 9
40605 21
40606 38
40607 17
40608 20
40609 7
40610 13
40611 25
40612 20
40613 24
40614 19
40615 20
40616 0
40617 -10
40618 13
40619 17
40620 15
40621 6
40622 20
40623 28
40624 9
40625 18
40626 10
40627 22
40628 20
40629 16
40630 -13
40631 22
40632 12
40633 13
40634 3
40635 35
40636 28
40637 30
40638 3
40639 20
40640 -7
40641 14
40642 16
40643 12
40644 20
40645 2
40646 16
40647 7
40648 8
40649 2
40650 0
40651 10
40652 19
40653 13
40654 4
40655 13
40656 16
40657 -10
40658 9
40659 12
40660 9
40661 30
40662 8
40663 31
40664 22
40665 22
40666 1
40667 28
40668 12
40669 27
40670 27
40671 19
40672 11
40673 5
40674 15
40675 30
40676 18
40677 11
40678 -23
40679 11
40680 15
40681 18
40682 10
40683 3
40684 6
40685 1
40686 8
40687 -1
40688 17
40689 14
40690 5
40691 25
40692 13
40693 4
40694 21
40695 34
40696 20
40697 8
40698 14
40699 8
40700 39
40701 5
40702 15
40703 16
40704 25
40705 5
40706 -2
40707 -16
40708 4
40709 -7
40710 20
40711 15
40712 17
40713 12
40714 19
40715 -3
40716 -3
40717 -5
40718 27
40719 9
40720 10
40721 9
40722 11
40723 0
40724 23
40725 9
40726 37
40727 13
40728 7
40729 34
40730 13
40731 22
40732 31
40733 14
40734 23
40735 17
40736 21
40737 31
40738 41
40739 22
40740 11
40741 8
40742 -8
40743 11
40744 12
40745 15
40746 13
40747 17
40748 4
40749 18
40750 32
40751 18
40752 -1
40753 18
40754 5
40755 18
40756 12
40757 17
40758 12
40759 20
40760 1
40761 17
40762 20
40763 10
40764 13
40765 2
40766 9
40767 11
40768 9
40769 8
40770 25
40771 8
40772 24
40773 4
40774 6
40775 -14
40776 3
40777 6
40778 11
40779 25
40780 18
40781 28
40782 9
40783 17
40784 9
40785 26
40786 25
40787 35
40788 6
40789 7
40790 54
40791 11
40792 2
40793 15
40794 24
40795 22
40796 33
40797 9
40798 16
40799 19
40800 11
40801 -6
40802 31
40803 5
40804 35
40805 -4
40806 5
40807 15
40808 25
40809 5
40810 20
40811 -13
40812 25
40813 29
40814 23
40815 9
40816 -5
40817 6
40818 2
40819 16
40820 11
40821 9
40822 2
40823 19
40824 15
40825 6
40826 22
40827 30
40828 25
40829 20
40830 -3
40831 7
40832 9
40833 7
40834 6
40835 19
40836 14
40837 21
40838 19
40839 14
40840 29
40841 -8
40842 18
40843 -2
40844 12
40845 15
40846 31
40847 25
40848 -1
40849 14
40850 15
40851 5
40852 17
40853 11
40854 19
40855 -12
40856 4
40857 47
40858 30
40859 28
40860 -1
40861 20
40862 11
40863 74
40864 1
40865 7
40866 20
40867 13
40868 60
40869 11
40870 9
40871 18
40872 6
40873 35
40874 5
40875 10
40876 14
40877 36
40878 40
40879 2
40880 10
40881 21
40882 26
40883 23
40884 15
40885 8
40886 15
40887 13
40888 20
40889 23
40890 0
40891 14
40892 3
40893 5
40894 14
40895 16
40896 9
40897 0
40898 47
40899 8
40900 8
40901 31
40902 11
40903 27
40904 33
40905 13
40906 55
40907 20
40908 6
40909 16
40910 7
40911 11
40912 0
40913 0
40914 16
40915 90
40916 26
40917 22
40918 11
40919 29
40920 11
40921 9
40922 2
40923 36
40924 16
40925 10
40926 24
40927 13
40928 19
40929 2
40930 -1
40931 17
40932 26
40933 18
40934 8
40935 22
40936 -1
40937 -9
40938 29
40939 0
40940 -3
40941 -1
40942 -7
40943 -10
40944 10
40945 25
40946 9
40947 14
40948 16
40949 30
40950 18
40951 16
40952 20
40953 15
40954 32
40955 25
40956 -9
40957 16
40958 11
40959 -16
40960 -1
40961 -13
40962 12
40963 19
40964 0
40965 -3
40966 27
40967 -4
40968 6
40969 12
40970 24
40971 19
40972 -14
40973 10
40974 -7
40975 4
40976 11
40977 24
40978 13
40979 26
40980 21
40981 7
40982 13
40983 2
40984 11
40985 25
40986 -12
40987 -5
40988 13
40989 15
40990 13
40991 17
40992 16
40993 21
40994 15
40995 18
40996 1
40997 36
40998 -9
40999 29
41000 4
41001 14
41002 12
41003 10
41004 43
41005 24
41006 24
41007 -3
41008 45
41009 8
41010 4
41011 30
41012 19
41013 10
41014 12
41015 17
41016 27
41017 17
41018 6
41019 5
41020 3
41021 3
41022 1
41023 9
41024 12
41025 9
41026 24
41027 13
41028 26
41029 -3
41030 20
41031 41
41032 17
41033 -14
41034 20
41035 -1
41036 3
41037 0
41038 9
41039 13
41040 24
41041 -2
41042 30
41043 4
41044 29
41045 1
41046 17
41047 26
41048 13
41049 17
41050 8
41051 12
41052 26
41053 30
41054 28
41055 -9
41056 13
41057 24
41058 -2
41059 9
41060 34
41061 -3
41062 15
41063 14
41064 3
41065 23
41066 7
41067 -4
41068 36
41069 8
41070 26
41071 4
41072 36
41073 10
41074 -1
41075 24
41076 -1
41077 21
41078 10
41079 1
41080 17
41081 27
41082 4
41083 1
41084 10
41085 33
41086 13
41087 16
41088 16
41089 52
41090 9
41091 7
41092 37
41093 26
41094 17
41095 9
41096 20
41097 19
41098 13
41099 29
41100 3
41101 24
41102 13
41103 2
41104 9
41105 6
41106 4
41107 6
41108 -8
41109 19
41110 28
41111 23
41112 1
41113 10
41114 5
41115 -10
41116 -9
41117 -2
41118 19
41119 91
41120 17
41121 12
41122 23
41123 36
41124 10
41125 13
41126 30
41127 7
41128 5
41129 18
41130 29
41131 16
41132 7
41133 19
41134 13
41135 16
41136 21
41137 12
41138 9
41139 41
41140 48
41141 19
41142 24
41143 -4
41144 24
41145 -5
41146 29
41147 3
41148 -9
41149 -1
41150 25
41151 11
41152 21
41153 23
41154 30
41155 3
41156 21
41157 6
41158 11
41159 12
41160 7
41161 13
41162 -6
41163 2
41164 10
41165 27
41166 24
41167 19
41168 12
41169 4
41170 -1
41171 3
41172 4
41173 -3
41174 15
41175 6
41176 11
41177 15
41178 1
41179 20
41180 -14
41181 21
41182 0
41183 36
41184 16
41185 -6
41186 24
41187 33
41188 0
41189 17
41190 15
41191 14
41192 6
41193 15
41194 23
41195 15
41196 -2
41197 -5
41198 5
41199 30
41200 16
41201 6
41202 32
41203 -2
41204 20
41205 14
41206 5
41207 0
41208 14
41209 27
41210 2
41211 3
41212 19
41213 8
41214 -11
41215 20
41216 8
41217 39
41218 -19
41219 6
41220 19
41221 26
41222 29
41223 13
41224 14
41225 27
41226 78
41227 36
41228 59
41229 20
41230 20
41231 -16
41232 32
41233 10
41234 12
41235 28
41236 22
41237 16
41238 1
41239 5
41240 15
41241 17
41242 11
41243 -4
41244 16
41245 7
41246 35
41247 22
41248 12
41249 4
41250 22
41251 21
41252 10
41253 9
41254 0
41255 25
41256 20
41257 4
41258 8
41259 14
41260 17
41261 15
41262 24
41263 4
41264 15
41265 13
41266 5
41267 -9
41268 3
41269 20
41270 19
41271 -18
41272 34
41273 46
41274 1
41275 -12
41276 -5
41277 25
41278 14
41279 7
41280 33
41281 12
41282 19
41283 24
41284 21
41285 15
41286 3
41287 17
41288 6
41289 43
41290 18
41291 38
41292 25
41293 7
41294 4
41295 6
41296 16
41297 6
41298 58
41299 20
41300 44
41301 26
41302 13
41303 6
41304 31
41305 11
41306 12
41307 5
41308 14
41309 6
41310 -16
41311 2
41312 17
41313 1
41314 23
41315 -1
41316 10
41317 21
41318 18
41319 21
41320 4
41321 22
41322 18
41323 17
41324 15
41325 19
41326 15
41327 30
41328 13
41329 13
41330 29
41331 31
41332 9
41333 16
41334 11
41335 38
41336 18
41337 10
41338 34
41339 32
41340 24
41341 24
41342 17
41343 2
41344 15
41345 19
41346 90
41347 16
41348 23
41349 16
41350 8
41351 22
41352 5
41353 16
41354 -13
41355 12
41356 -3
41357 11
41358 25
41359 13
41360 20
41361 19
41362 26
41363 10
41364 -11
41365 15
41366 17
41367 16
41368 12
41369 21
41370 17
41371 19
41372 7
41373 21
41374 4
41375 2
41376 9
41377 -15
41378 21
41379 24
41380 -11
41381 1
41382 21
41383 6
41384 5
41385 11
41386 13
41387 30
41388 -5
41389 9
41390 27
41391 3
41392 17
41393 13
41394 15
41395 6
41396 19
41397 26
41398 2
41399 10
41400 32
41401 36
41402 8
41403 18
41404 43
41405 29
41406 14
41407 32
41408 4
41409 9
41410 -9
41411 13
41412 17
41413 -2
41414 -11
41415 8
41416 35
41417 6
41418 6
41419 26
41420 -10
41421 17
41422 7
41423 24
41424 4
41425 21
41426 17
41427 4
41428 26
41429 15
41430 13
41431 17
41432 -8
41433 18
41434 45
41435 28
41436 21
41437 26
41438 1
41439 0
41440 16
41441 31
41442 8
41443 12
41444 33
41445 12
41446 27
41447 44
41448 2
41449 9
41450 1
41451 1
41452 9
41453 21
41454 -17
41455 4
41456 15
41457 26
41458 15
41459 5
41460 43
41461 -2
41462 5
41463 4
41464 13
41465 27
41466 33
41467 12
41468 17
41469 -3
41470 5
41471 19
41472 15
41473 10
41474 -5
41475 -2
41476 13
41477 7
41478 0
41479 1
41480 -4
41481 2
41482 11
41483 2
41484 65
41485 3
41486 20
41487 9
41488 16
41489 9
41490 15
41491 6
41492 16
41493 9
41494 23
41495 4
41496 13
41497 9
41498 1
41499 15
41500 18
41501 13
41502 9
41503 -3
41504 7
41505 19
41506 -4
41507 14
41508 29
41509 13
41510 29
41511 9
41512 9
41513 -1
41514 5
41515 20
41516 30
41517 -7
41518 12
41519 19
41520 9
41521 21
41522 7
41523 21
41524 -3
41525 21
41526 23
41527 27
41528 11
41529 7
41530 16
41531 2
41532 13
41533 16
41534 18
41535 2
41536 -20
41537 21
41538 4
41539 -6
41540 6
41541 27
41542 8
41543 9
41544 31
41545 22
41546 5
41547 17
41548 4
41549 16
41550 8
41551 11
41552 12
41553 6
41554 26
41555 16
41556 7
41557 -9
41558 22
41559 6
41560 4
41561 31
41562 7
41563 3
41564 6
41565 8
41566 19
41567 16
41568 30
41569 24
41570 15
41571 31
41572 -2
41573 9
41574 26
41575 5
41576 9
41577 19
41578 13
41579 8
41580 16
41581 -5
41582 3
41583 35
41584 9
41585 18
41586 25
41587 2
41588 15
41589 7
41590 10
41591 22
41592 3
41593 -15
41594 6
41595 23
41596 17
41597 2
41598 17
41599 9
41600 11
41601 7
41602 11
41603 7
41604 20
41605 -22
41606 10
41607 19
41608 24
41609 7
41610 31
41611 12
41612 -9
41613 -7
41614 7
41615 38
41616 39
41617 13
41618 23
41619 6
41620 1
41621 22
41622 21
41623 13
41624 0
41625 17
41626 20
41627 24
41628 -1
41629 1
41630 33
41631 25
41632 37
41633 20
41634 47
41635 15
41636 16
41637 17
41638 9
41639 7
41640 37
41641 13
41642 10
41643 8
41644 8
41645 56
41646 4
41647 7
41648 21
41649 -4
41650 27
41651 10
41652 11
41653 13
41654 12
41655 31
41656 24
41657 17
41658 19
41659 -10
41660 24
41661 12
41662 1
41663 6
41664 41
41665 1
41666 10
41667 2
41668 17
41669 13
41670 28
41671 16
41672 0
41673 -1
41674 -9
41675 21
41676 3
41677 -6
41678 -1
41679 6
41680 11
41681 13
41682 13
41683 -1
41684 30
41685 13
41686 -8
41687 25
41688 15
41689 -5
41690 19
41691 -16
41692 41
41693 -3
41694 -13
41695 4
41696 9
41697 6
41698 36
41699 11
41700 5
41701 14
41702 46
41703 12
41704 9
41705 16
41706 17
41707 9
41708 25
41709 27
41710 18
41711 24
41712 15
41713 9
41714 9
41715 58
41716 22
41717 6
41718 8
41719 16
41720 15
41721 5
41722 8
41723 0
41724 27
41725 23
41726 11
41727 18
41728 15
41729 54
41730 8
41731 0
41732 42
41733 8
41734 6
41735 12
41736 20
41737 17
41738 21
41739 24
41740 10
41741 2
41742 21
41743 -5
41744 37
41745 27
41746 30
41747 8
41748 10
41749 9
41750 5
41751 8
41752 12
41753 11
41754 34
41755 -4
41756 14
41757 23
41758 9
41759 -5
41760 10
41761 10
41762 13
41763 14
41764 12
41765 13
41766 24
41767 14
41768 16
41769 3
41770 28
41771 15
41772 24
41773 -14
41774 13
41775 14
41776 15
41777 21
41778 22
41779 20
41780 11
41781 0
41782 6
41783 21
41784 17
41785 12
41786 20
41787 37
41788 -8
41789 22
41790 3
41791 18
41792 8
41793 2
41794 25
41795 13
41796 19
41797 16
41798 35
41799 21
41800 27
41801 23
41802 8
41803 -4
41804 17
41805 14
41806 11
41807 15
41808 42
41809 14
41810 23
41811 9
41812 21
41813 8
41814 27
41815 11
41816 13
41817 103
41818 -1
41819 -11
41820 32
41821 3
41822 4
41823 -8
41824 11
41825 8
41826 7
41827 20
41828 25
41829 12
41830 23
41831 18
41832 49
41833 12
41834 4
41835 -4
41836 22
41837 13
41838 -2
41839 11
41840 44
41841 21
41842 8
41843 6
41844 30
41845 -10
41846 -6
41847 21
41848 3
41849 12
41850 40
41851 6
41852 10
41853 3
41854 7
41855 7
41856 10
41857 18
41858 24
41859 2
41860 18
41861 20
41862 6
41863 5
41864 10
41865 4
41866 20
41867 -1
41868 12
41869 -10
41870 15
41871 18
41872 14
41873 -13
41874 3
41875 0
41876 18
41877 2
41878 31
41879 19
41880 8
41881 14
41882 30
41883 21
41884 15
41885 1
41886 4
41887 -3
41888 14
41889 18
41890 3
41891 18
41892 5
41893 10
41894 -1
41895 9
41896 2
41897 6
41898 1
41899 -4
41900 13
41901 11
41902 6
41903 54
41904 6
41905 20
41906 14
41907 6
41908 7
41909 19
41910 5
41911 14
41912 8
41913 6
41914 -11
41915 17
41916 11
41917 23
41918 7
41919 3
41920 16
41921 17
41922 47
41923 13
41924 18
41925 9
41926 19
41927 3
41928 23
41929 10
41930 15
41931 70
41932 17
41933 6
41934 -18
41935 27
41936 14
41937 1
41938 22
41939 -1
41940 23
41941 12
41942 39
41943 10
41944 25
41945 25
41946 16
41947 18
41948 4
41949 15
41950 6
41951 19
41952 11
41953 35
41954 55
41955 -14
41956 24
41957 52
41958 6
41959 8
41960 18
41961 0
41962 1
41963 23
41964 30
41965 17
41966 19
41967 19
41968 -5
41969 2
41970 23
41971 17
41972 11
41973 -3
41974 43
41975 15
41976 15
41977 31
41978 24
41979 3
41980 9
41981 -4
41982 0
41983 5
41984 10
41985 21
41986 2
41987 -6
41988 11
41989 5
41990 29
41991 20
41992 -4
41993 14
41994 17
41995 15
41996 5
41997 21
41998 30
41999 17
42000 8
42001 21
42002 19
42003 53
42004 12
42005 21
42006 -2
42007 11
42008 11
42009 -21
42010 -11
42011 24
42012 17
42013 3
42014 17
42015 -2
42016 -1
42017 14
42018 16
42019 17
42020 22
42021 24
42022 11
42023 4
42024 22
42025 17
42026 5
42027 10
42028 6
42029 2
42030 -6
42031 14
42032 3
42033 -2
42034 2
42035 27
42036 -15
42037 13
42038 13
42039 8
42040 7
42041 11
42042 14
42043 27
42044 -2
42045 -1
42046 12
42047 20
42048 26
42049 4
42050 2
42051 10
42052 27
42053 17
42054 9
42055 17
42056 12
42057 9
42058 34
42059 24
42060 0
42061 11
42062 -2
42063 15
42064 6
42065 7
42066 0
42067 10
42068 7
42069 22
42070 17
42071 27
42072 9
42073 0
42074 3
42075 7
42076 17
42077 -1
42078 18
42079 5
42080 20
42081 38
42082 18
42083 12
42084 29
42085 28
42086 1
42087 17
42088 8
42089 4
42090 5
42091 8
42092 4
42093 33
42094 18
42095 6
42096 34
42097 86
42098 14
42099 28
42100 -11
42101 13
42102 16
42103 12
42104 19
42105 33
42106 14
42107 97
42108 18
42109 13
42110 -1
42111 35
42112 6
42113 9
42114 34
42115 54
42116 5
42117 20
42118 15
42119 23
42120 11
42121 10
42122 15
42123 5
42124 7
42125 4
42126 30
42127 0
42128 3
42129 14
42130 21
42131 8
42132 15
42133 35
42134 1
42135 10
42136 11
42137 14
42138 3
42139 9
42140 -8
42141 26
42142 19
42143 27
42144 3
42145 41
42146 5
42147 28
42148 2
42149 17
42150 22
42151 28
42152 8
42153 17
42154 8
42155 12
42156 3
42157 12
42158 11
42159 30
42160 10
42161 14
42162 0
42163 30
42164 8
42165 6
42166 20
42167 28
42168 40
42169 20
42170 8
42171 -3
42172 39
42173 22
42174 12
42175 22
42176 0
42177 1
42178 40
42179 27
42180 17
42181 33
42182 18
42183 0
42184 24
42185 17
42186 13
42187 15
42188 21
42189 12
42190 16
42191 4
42192 42
42193 13
42194 13
42195 15
42196 7
42197 23
42198 9
42199 26
42200 40
42201 -13
42202 4
42203 2
42204 18
42205 16
42206 18
42207 24
42208 3
42209 0
42210 12
42211 20
42212 -3
42213 -12
42214 12
42215 13
42216 34
42217 8
42218 7
42219 14
42220 33
42221 9
42222 45
42223 1
42224 84
42225 7
42226 22
42227 77
42228 22
42229 19
42230 19
42231 44
42232 22
42233 0
42234 22
42235 17
42236 18
42237 23
42238 2
42239 2
42240 5
42241 15
42242 -4
42243 17
42244 21
42245 16
42246 -7
42247 11
42248 13
42249 -5
42250 5
42251 21
42252 23
42253 2
42254 12
42255 25
42256 -2
42257 25
42258 5
42259 8
42260 21
42261 12
42262 12
42263 8
42264 10
42265 15
42266 11
42267 19
42268 16
42269 3
42270 27
42271 22
42272 18
42273 2
42274 22
42275 19
42276 14
42277 11
42278 -4
42279 15
42280 17
42281 19
42282 -4
42283 18
42284 14
42285 60
42286 30
42287 1
42288 -4
42289 21
42290 -10
42291 12
42292 9
42293 13
42294 34
42295 9
42296 1
42297 5
42298 27
42299 3
42300 26
42301 25
42302 104
42303 12
42304 19
42305 14
42306 4
42307 -1
42308 15
42309 64
42310 23
42311 -3
42312 6
42313 13
42314 22
42315 11
42316 -7
42317 -11
42318 16
42319 7
42320 12
42321 10
42322 25
42323 19
42324 -2
42325 12
42326 28
42327 62
42328 33
42329 10
42330 14
42331 11
42332 15
42333 22
42334 14
42335 -1
42336 -9
42337 7
42338 0
42339 12
42340 4
42341 16
42342 8
42343 7
42344 -10
42345 1
42346 21
42347 10
42348 48
42349 12
42350 8
42351 5
42352 24
42353 9
42354 50
42355 25
42356 12
42357 2
42358 5
42359 1
42360 25
42361 14
42362 4
42363 11
42364 23
42365 25
42366 20
42367 16
42368 36
42369 20
42370 6
42371 -9
42372 13
42373 3
42374 -32
42375 27
42376 12
42377 4
42378 5
42379 17
42380 22
42381 30
42382 10
42383 11
42384 12
42385 3
42386 -19
42387 19
42388 19
42389 15
42390 9
42391 34
42392 21
42393 9
42394 4
42395 13
42396 21
42397 19
42398 20
42399 11
42400 11
42401 85
42402 8
42403 7
42404 2
42405 26
42406 -4
42407 20
42408 -5
42409 13
42410 15
42411 29
42412 11
42413 3
42414 11
42415 26
42416 10
42417 5
42418 24
42419 3
42420 19
42421 15
42422 17
42423 -7
42424 29
42425 12
42426 4
42427 5
42428 5
42429 12
42430 40
42431 10
42432 18
42433 25
42434 5
42435 15
42436 -2
42437 18
42438 14
42439 26
42440 28
42441 20
42442 18
42443 15
42444 -1
42445 11
42446 7
42447 6
42448 6
42449 10
42450 -9
42451 10
42452 0
42453 25
42454 18
42455 19
42456 0
42457 8
42458 26
42459 40
42460 14
42461 2
42462 10
42463 -16
42464 18
42465 45
42466 29
42467 17
42468 19
42469 6
42470 0
42471 -4
42472 10
42473 32
42474 14
42475 36
42476 22
42477 11
42478 -1
42479 -1
42480 -13
42481 25
42482 3
42483 25
42484 34
42485 13
42486 25
42487 3
42488 2
42489 5
42490 14
42491 8
42492 13
42493 4
42494 17
42495 1
42496 -1
42497 15
42498 8
42499 -1
42500 10
42501 -1
42502 17
42503 29
42504 -1
42505 7
42506 5
42507 18
42508 15
42509 -25
42510 13
42511 -12
42512 30
42513 14
42514 19
42515 1
42516 11
42517 24
42518 -4
42519 8
42520 10
42521 24
42522 20
42523 25
42524 27
42525 45
42526 9
42527 7
42528 16
42529 3
42530 13
42531 -10
42532 1
42533 -6
42534 6
42535 -16
42536 -1
42537 13
42538 25
42539 11
42540 -1
42541 27
42542 -7
42543 26
42544 29
42545 4
42546 0
42547 14
42548 12
42549 -10
42550 18
42551 11
42552 -11
42553 24
42554 11
42555 9
42556 10
42557 33
42558 14
42559 -7
42560 24
42561 18
42562 18
42563 23
42564 20
42565 7
42566 -11
42567 7
42568 -8
42569 3
42570 19
42571 -5
42572 13
42573 19
42574 2
42575 9
42576 11
42577 10
42578 1
42579 -4
42580 27
42581 11
42582 28
42583 25
42584 20
42585 6
42586 4
42587 -3
42588 25
42589 52
42590 33
42591 19
42592 -12
42593 24
42594 18
42595 13
42596 15
42597 22
42598 0
42599 -6
42600 -16
42601 5
42602 8
42603 8
42604 -9
42605 11
42606 10
42607 48
42608 1
42609 27
42610 13
42611 6
42612 18
42613 0
42614 12
42615 35
42616 20
42617 20
42618 -2
42619 12
42620 17
42621 38
42622 5
42623 2
42624 9
42625 -2
42626 -7
42627 2
42628 15
42629 8
42630 5
42631 7
42632 17
42633 18
42634 19
42635 15
42636 12
42637 10
42638 6
42639 6
42640 -6
42641 -8
42642 5
42643 35
42644 -7
42645 49
42646 -6
42647 7
42648 5
42649 0
42650 23
42651 35
42652 5
42653 38
42654 4
42655 0
42656 -1
42657 -12
42658 13
42659 0
42660 26
42661 -2
42662 8
42663 11
42664 17
42665 -9
42666 20
42667 12
42668 -7
42669 13
42670 20
42671 23
42672 18
42673 25
42674 16
42675 5
42676 -3
42677 0
42678 56
42679 1
42680 -12
42681 12
42682 14
42683 0
42684 14
42685 7
42686 33
42687 12
42688 12
42689 27
42690 -4
42691 24
42692 25
42693 12
42694 21
42695 18
42696 0
42697 7
42698 49
42699 9
42700 -4
42701 9
42702 -3
42703 7
42704 6
42705 12
42706 15
42707 -13
42708 20
42709 16
42710 25
42711 13
42712 23
42713 6
42714 8
42715 23
42716 13
42717 0
42718 6
42719 4
42720 15
42721 -4
42722 19
42723 27
42724 7
42725 28
42726 34
42727 20
42728 -4
42729 17
42730 11
42731 15
42732 1
42733 10
42734 5
42735 8
42736 51
42737 7
42738 22
42739 14
42740 30
42741 0
42742 -5
42743 19
42744 -5
42745 8
42746 6
42747 22
42748 20
42749 55
42750 10
42751 43
42752 17
42753 -8
42754 24
42755 32
42756 0
42757 23
42758 12
42759 2
42760 22
42761 10
42762 29
42763 24
42764 -3
42765 18
42766 18
42767 13
42768 -1
42769 -6
42770 9
42771 -7
42772 19
42773 14
42774 14
42775 -1
42776 -3
42777 10
42778 51
42779 18
42780 40
42781 20
42782 -9
42783 22
42784 8
42785 33
42786 10
42787 32
42788 13
42789 24
42790 25
42791 7
42792 13
42793 -5
42794 5
42795 10
42796 28
42797 21
42798 14
42799 2
42800 -10
42801 3
42802 17
42803 -5
42804 2
42805 20
42806 3
42807 0
42808 17
42809 -25
42810 10
42811 41
42812 -15
42813 27
42814 10
42815 27
42816 7
42817 11
42818 -8
42819 15
42820 13
42821 7
42822 -9
42823 -5
42824 13
42825 16
42826 31
42827 -3
42828 8
42829 3
42830 6
42831 15
42832 5
42833 2
42834 45
42835 -6
42836 17
42837 23
42838 25
42839 14
42840 4
42841 12
42842 10
42843 5
42844 4
42845 11
42846 32
42847 10
42848 6
42849 8
42850 1
42851 19
42852 12
42853 13
42854 22
42855 0
42856 -19
42857 20
42858 17
42859 9
42860 6
42861 8
42862 19
42863 -3
42864 11
42865 14
42866 -5
42867 16
42868 11
42869 15
42870 -15
42871 13
42872 17
42873 16
42874 19
42875 -1
42876 14
42877 24
42878 -1
42879 3
42880 2
42881 10
42882 4
42883 -13
42884 7
42885 15
42886 3
42887 7
42888 8
42889 7
42890 6
42891 25
42892 -6
42893 3
42894 1
42895 22
42896 20
42897 6
42898 11
42899 8
42900 26
42901 30
42902 21
42903 27
42904 9
42905 15
42906 31
42907 13
42908 11
42909 15
42910 0
42911 22
42912 19
42913 9
42914 -19
42915 17
42916 13
42917 17
42918 47
42919 17
42920 4
42921 35
42922 -29
42923 4
42924 19
42925 8
42926 27
42927 21
42928 10
42929 -9
42930 -3
42931 15
42932 -10
42933 0
42934 7
42935 -6
42936 28
42937 14
42938 9
42939 -11
42940 27
42941 26
42942 -2
42943 14
42944 3
42945 24
42946 6
42947 19
42948 13
42949 16
42950 11
42951 7
42952 -2
42953 10
42954 19
42955 13
42956 4
42957 7
42958 24
42959 9
42960 19
42961 30
42962 13
42963 14
42964 -6
42965 18
42966 10
42967 25
42968 10
42969 21
42970 -8
42971 10
42972 -2
42973 25
42974 1
42975 -14
42976 5
42977 2
42978 9
42979 5
42980 3
42981 7
42982 3
42983 -1
42984 17
42985 -2
42986 15
42987 18
42988 -4
42989 27
42990 6
42991 20
42992 -3
42993 22
42994 31
42995 8
42996 24
42997 29
42998 7
42999 13
43000 16
43001 3
43002 13
43003 15
43004 15
43005 30
43006 15
43007 61
43008 2
43009 10
43010 22
43011 21
43012 1
43013 13
43014 13
43015 6
43016 23
43017 1
43018 -1
43019 23
43020 11
43021 18
43022 1
43023 8
43024 8
43025 8
43026 34
43027 8
43028 16
43029 15
43030 42
43031 -6
43032 9
43033 6
43034 12
43035 -1
43036 31
43037 21
43038 27
43039 -5
43040 16
43041 26
43042 19
43043 12
43044 12
43045 4
43046 -8
43047 20
43048 15
43049 13
43050 15
43051 26
43052 8
43053 20
43054 19
43055 25
43056 7
43057 17
43058 16
43059 16
43060 8
43061 8
43062 -1
43063 0
43064 43
43065 45
43066 3
43067 13
43068 16
43069 12
43070 -1
43071 6
43072 14
43073 10
43074 -26
43075 2
43076 14
43077 4
43078 13
43079 30
43080 -1
43081 16
43082 9
43083 19
43084 -6
43085 8
43086 33
43087 7
43088 24
43089 20
43090 20
43091 19
43092 15
43093 5
43094 -2
43095 5
43096 14
43097 7
43098 -2
43099 6
43100 -11
43101 4
43102 13
43103 27
43104 21
43105 7
43106 20
43107 1
43108 4
43109 29
43110 25
43111 8
43112 47
43113 26
43114 9
43115 6
43116 7
43117 5
43118 3
43119 11
43120 -6
43121 11
43122 8
43123 27
43124 20
43125 11
43126 13
43127 27
43128 21
43129 10
43130 1
43131 5
43132 10
43133 -9
43134 7
43135 18
43136 11
43137 -3
43138 3
43139 8
43140 14
43141 -1
43142 5
43143 11
43144 25
43145 -5
43146 14
43147 17
43148 -1
43149 1
43150 12
43151 31
43152 -8
43153 15
43154 10
43155 7
43156 -1
43157 30
43158 32
43159 8
43160 10
43161 10
43162 12
43163 8
43164 48
43165 9
43166 6
43167 19
43168 15
43169 3
43170 13
43171 34
43172 13
43173 8
43174 4
43175 5
43176 -8
43177 14
43178 27
43179 9
43180 13
43181 31
43182 8
43183 24
43184 -2
43185 7
43186 11
43187 4
43188 20
43189 23
43190 6
43191 5
43192 0
43193 20
43194 17
43195 11
43196 -1
43197 37
43198 13
43199 8
43200 10
43201 19
43202 9
43203 -6
43204 23
43205 8
43206 10
43207 -3
43208 16
43209 11
43210 12
43211 -8
43212 13
43213 22
43214 14
43215 25
43216 14
43217 6
43218 13
43219 16
43220 18
43221 6
43222 -6
43223 10
43224 8
43225 13
43226 9
43227 8
43228 12
43229 34
43230 17
43231 28
43232 -1
43233 24
43234 18
43235 -2
43236 -9
43237 3
43238 8
43239 0
43240 -1
43241 16
43242 7
43243 -5
43244 17
43245 23
43246 7
43247 9
43248 1
43249 10
43250 7
43251 13
43252 0
43253 27
43254 5
43255 4
43256 23
43257 -8
43258 18
43259 15
43260 0
43261 7
43262 -8
43263 28
43264 5
43265 -1
43266 3
43267 8
43268 3
43269 9
43270 16
43271 21
43272 8
43273 5
43274 3
43275 24
43276 7
43277 29
43278 -15
43279 24
43280 15
43281 -3
43282 -4
43283 -2
43284 -2
43285 8
43286 3
43287 9
43288 16
43289 8
43290 20
43291 15
43292 9
43293 -5
43294 14
43295 8
43296 10
43297 29
43298 13
43299 17
43300 -4
43301 2
43302 8
43303 12
43304 34
43305 27
43306 8
43307 6
43308 10
43309 26
43310 36
43311 11
43312 23
43313 23
43314 29
43315 -4
43316 26
43317 -6
43318 0
43319 8
43320 23
43321 -4
43322 16
43323 22
43324 4
43325 26
43326 0
43327 2
43328 28
43329 17
43330 11
43331 13
43332 5
43333 21
43334 -18
43335 4
43336 7
43337 25
43338 -6
43339 -15
43340 19
43341 5
43342 18
43343 14
43344 44
43345 4
43346 17
43347 44
43348 18
43349 7
43350 13
43351 -4
43352 21
43353 13
43354 30
43355 22
43356 22
43357 11
43358 12
43359 8
43360 6
43361 22
43362 12
43363 18
43364 3
43365 11
43366 5
43367 13
43368 15
43369 20
43370 8
43371 9
43372 19
43373 5
43374 9
43375 5
43376 19
43377 11
43378 12
43379 7
43380 -14
43381 11
43382 17
43383 50
43384 12
43385 28
43386 1
43387 15
43388 24
43389 15
43390 25
43391 46
43392 21
43393 15
43394 13
43395 18
43396 7
43397 4
43398 1
43399 0
43400 20
43401 17
43402 9
43403 17
43404 29
43405 11
43406 11
43407 14
43408 37
43409 9
43410 32
43411 9
43412 1
43413 27
43414 8
43415 19
43416 22
43417 8
43418 4
43419 6
43420 9
43421 11
43422 10
43423 29
43424 13
43425 7
43426 3
43427 18
43428 11
43429 10
43430 9
43431 13
43432 29
43433 3
43434 6
43435 8
43436 3
43437 14
43438 34
43439 -8
43440 -13
43441 20
43442 -5
43443 26
43444 11
43445 64
43446 -1
43447 11
43448 16
43449 13
43450 7
43451 6
43452 -3
43453 10
43454 32
43455 4
43456 0
43457 -15
43458 67
43459 1
43460 -12
43461 13
43462 -16
43463 44
43464 15
43465 -5
43466 -7
43467 -3
43468 17
43469 17
43470 -2
43471 20
43472 25
43473 14
43474 9
43475 -4
43476 4
43477 34
43478 19
43479 5
43480 19
43481 15
43482 24
43483 9
43484 15
43485 17
43486 0
43487 8
43488 3
43489 -10
43490 -4
43491 13
43492 27
43493 12
43494 20
43495 16
43496 0
43497 20
43498 10
43499 -1
43500 23
43501 12
43502 23
43503 11
43504 33
43505 16
43506 6
43507 10
43508 50
43509 25
43510 23
43511 28
43512 -29
43513 1
43514 13
43515 -15
43516 7
43517 19
43518 6
43519 -17
43520 33
43521 19
43522 9
43523 20
43524 7
43525 9
43526 21
43527 14
43528 -4
43529 25
43530 -1
43531 38
43532 -7
43533 11
43534 12
43535 4
43536 4
43537 17
43538 -11
43539 3
43540 2
43541 25
43542 12
43543 12
43544 -2
43545 -6
43546 37
43547 21
43548 -13
43549 39
43550 22
43551 0
43552 0
43553 -3
43554 1
43555 19
43556 21
43557 18
43558 22
43559 19
43560 13
43561 -2
43562 3
43563 -3
43564 7
43565 -15
43566 -1
43567 25
43568 9
43569 7
43570 6
43571 4
43572 -21
43573 5
43574 11
43575 3
43576 10
43577 14
43578 10
43579 21
43580 0
43581 16
43582 10
43583 16
43584 11
43585 11
43586 -28
43587 7
43588 20
43589 12
43590 15
43591 -20
43592 23
43593 6
43594 -4
43595 1
43596 -3
43597 14
43598 20
43599 2
43600 1
43601 -16
43602 9
43603 80
43604 8
43605 16
43606 -2
43607 5
43608 8
43609 34
43610 1
43611 18
43612 -8
43613 5
43614 -6
43615 5
43616 2
43617 -9
43618 24
43619 -6
43620 -13
43621 8
43622 16
43623 -21
43624 13
43625 27
43626 -1
43627 29
43628 0
43629 16
43630 18
43631 19
43632 6
43633 14
43634 18
43635 15
43636 4
43637 8
43638 -1
43639 50
43640 24
43641 8
43642 21
43643 -6
43644 13
43645 1
43646 15
43647 11
43648 25
43649 3
43650 10
43651 -1
43652 4
43653 7
43654 22
43655 3
43656 13
43657 17
43658 7
43659 0
43660 13
43661 22
43662 10
43663 10
43664 8
43665 10
43666 0
43667 15
43668 14
43669 5
43670 -4
43671 11
43672 5
43673 28
43674 5
43675 4
43676 -5
43677 1
43678 10
43679 3
43680 17
43681 -8
43682 0
43683 0
43684 -1
43685 8
43686 16
43687 2
43688 -3
43689 30
43690 -3
43691 19
43692 1
43693 2
43694 15
43695 13
43696 -4
43697 16
43698 22
43699 10
43700 9
43701 51
43702 28
43703 16
43704 18
43705 6
43706 -9
43707 29
43708 14
43709 17
43710 35
43711 19
43712 7
43713 -4
43714 7
43715 5
43716 19
43717 8
43718 -5
43719 18
43720 0
43721 -8
43722 9
43723 -24
43724 11
43725 24
43726 16
43727 16
43728 12
43729 11
43730 9
43731 28
43732 0
43733 3
43734 -3
43735 9
43736 -4
43737 12
43738 1
43739 16
43740 6
43741 10
43742 13
43743 3
43744 23
43745 15
43746 11
43747 5
43748 -23
43749 10
43750 19
43751 8
43752 13
43753 7
43754 -1
43755 7
43756 15
43757 26
43758 23
43759 11
43760 70
43761 30
43762 -4
43763 3
43764 24
43765 20
43766 29
43767 5
43768 -3
43769 23
43770 -5
43771 13
43772 41
43773 17
43774 12
43775 -4
43776 -5
43777 23
43778 2
43779 1
43780 -1
43781 5
43782 16
43783 5
43784 8
43785 -4
43786 -13
43787 22
43788 -4
43789 25
43790 35
43791 15
43792 31
43793 24
43794 0
43795 6
43796 44
43797 8
43798 15
43799 -14
43800 21
43801 22
43802 29
43803 13
43804 -3
43805 10
43806 1
43807 8
43808 13
43809 -1
43810 25
43811 -4
43812 25
43813 14
43814 2
43815 18
43816 23
43817 -1
43818 17
43819 10
43820 -14
43821 16
43822 13
43823 10
43824 5
43825 19
43826 9
43827 13
43828 -1
43829 0
43830 13
43831 21
43832 1
43833 14
43834 24
43835 35
43836 -11
43837 9
43838 -8
43839 1
43840 20
43841 -9
43842 22
43843 -2
43844 3
43845 1
43846 26
43847 3
43848 3
43849 0
43850 9
43851 -1
43852 15
43853 -1
43854 6
43855 22
43856 13
43857 23
43858 10
43859 3
43860 10
43861 18
43862 27
43863 20
43864 14
43865 9
43866 10
43867 19
43868 0
43869 18
43870 4
43871 14
43872 6
43873 -8
43874 -15
43875 1
43876 4
43877 8
43878 7
43879 15
43880 1
43881 14
43882 18
43883 15
43884 8
43885 -1
43886 -3
43887 6
43888 15
43889 -4
43890 15
43891 11
43892 25
43893 0
43894 6
43895 -7
43896 -13
43897 11
43898 1
43899 4
43900 12
43901 -3
43902 3
43903 11
43904 14
43905 4
43906 13
43907 -20
43908 15
43909 -3
43910 1
43911 12
43912 9
43913 19
43914 3
43915 2
43916 17
43917 -2
43918 -9
43919 14
43920 27
43921 14
43922 17
43923 26
43924 6
43925 5
43926 -4
43927 10
43928 20
43929 9
43930 -11
43931 -25
43932 22
43933 4
43934 26
43935 9
43936 9
43937 10
43938 60
43939 50
43940 -5
43941 7
43942 11
43943 16
43944 -2
43945 4
43946 3
43947 7
43948 -6
43949 6
43950 10
43951 8
43952 13
43953 14
43954 -6
43955 10
43956 19
43957 14
43958 20
43959 16
43960 -1
43961 22
43962 4
43963 43
43964 2
43965 12
43966 -4
43967 -10
43968 24
43969 8
43970 19
43971 8
43972 -19
43973 44
43974 11
43975 3
43976 9
43977 3
43978 36
43979 4
43980 24
43981 1
43982 2
43983 14
43984 3
43985 16
43986 9
43987 -3
43988 5
43989 22
43990 19
43991 3
43992 9
43993 24
43994 25
43995 27
43996 5
43997 17
43998 6
43999 10
44000 7
44001 6
44002 7
44003 -12
44004 19
44005 13
44006 -10
44007 25
44008 7
44009 -5
44010 20
44011 -2
44012 -5
44013 17
44014 32
44015 18
44016 11
44017 11
44018 19
44019 36
44020 12
44021 19
44022 36
44023 17
44024 1
44025 -13
44026 1
44027 23
44028 6
44029 7
44030 11
44031 -2
44032 14
44033 27
44034 2
44035 5
44036 21
44037 0
44038 26
44039 18
44040 25
44041 39
44042 2
44043 -19
44044 12
44045 20
44046 2
44047 15
44048 10
44049 3
44050 -3
44051 -1
44052 0
44053 -9
44054 16
44055 12
44056 4
44057 23
44058 18
44059 12
44060 0
44061 6
44062 2
44063 2
44064 3
44065 8
44066 -9
44067 -6
44068 14
44069 4
44070 9
44071 22
44072 4
44073 19
44074 5
44075 6
44076 12
44077 5
44078 7
44079 1
44080 -21
44081 14
44082 18
44083 10
44084 4
44085 -18
44086 -3
44087 15
44088 26
44089 18
44090 10
44091 14
44092 20
44093 24
44094 -1
44095 -14
44096 6
44097 27
44098 5
44099 -5
44100 7
44101 4
44102 -16
44103 3
44104 2
44105 4
44106 12
44107 13
44108 37
44109 12
44110 11
44111 13
44112 -5
44113 3
44114 -1
44115 12
44116 20
44117 -4
44118 17
44119 4
44120 -7
44121 11
44122 -4
44123 11
44124 46
44125 2
44126 11
44127 37
44128 -12
44129 -2
44130 7
44131 3
44132 45
44133 -13
44134 -2
44135 8
44136 -4
44137 9
44138 -1
44139 12
44140 -13
44141 12
44142 -1
44143 11
44144 -15
44145 10
44146 8
44147 8
44148 10
44149 12
44150 9
44151 9
44152 28
44153 -11
44154 4
44155 14
44156 10
44157 17
44158 19
44159 11
44160 6
44161 44
44162 16
44163 29
44164 34
44165 0
44166 5
44167 -25
44168 -2
44169 21
44170 5
44171 2
44172 4
44173 7
44174 9
44175 3
44176 24
44177 -7
44178 27
44179 17
44180 9
44181 13
44182 -10
44183 15
44184 9
44185 3
44186 1
44187 3
44188 13
44189 -4
44190 1
44191 18
44192 13
44193 20
44194 27
44195 7
44196 16
44197 27
44198 25
44199 23
44200 -9
44201 18
44202 8
44203 -5
44204 9
44205 -3
44206 4
44207 10
44208 19
44209 16
44210 1
44211 18
44212 6
44213 13
44214 0
44215 16
44216 13
44217 -3
44218 20
44219 8
44220 10
44221 -5
44222 20
44223 11
44224 10
44225 57
44226 2
44227 9
44228 2
44229 0
44230 11
44231 16
44232 0
44233 9
44234 4
44235 -28
44236 7
44237 8
44238 10
44239 -1
44240 10
44241 16
44242 -8
44243 20
44244 37
44245 10
44246 1
44247 10
44248 20
44249 17
44250 4
44251 27
44252 17
44253 26
44254 -14
44255 13
44256 15
44257 2
44258 7
44259 6
44260 16
44261 6
44262 -1
44263 30
44264 16
44265 8
44266 -4
44267 1
44268 30
44269 30
44270 -3
44271 -1
44272 0
44273 10
44274 24
44275 18
44276 9
44277 4
44278 40
44279 21
44280 14
44281 -1
44282 14
44283 6
44284 27
44285 5
44286 -8
44287 33
44288 22
44289 10
44290 16
44291 6
44292 9
44293 3
44294 -2
44295 6
44296 6
44297 5
44298 18
44299 13
44300 17
44301 21
44302 44
44303 11
44304 2
44305 12
44306 17
44307 7
44308 38
44309 32
44310 10
44311 17
44312 11
44313 18
44314 0
44315 -3
44316 2
44317 13
44318 -1
44319 1
44320 7
44321 2
44322 8
44323 15
44324 -9
44325 1
44326 10
44327 18
44328 22
44329 16
44330 22
44331 20
44332 16
44333 4
44334 9
44335 4
44336 15
44337 15
44338 15
44339 0
44340 27
44341 0
44342 57
44343 18
44344 3
44345 8
44346 10
44347 19
44348 0
44349 -4
44350 3
44351 23
44352 13
44353 28
44354 8
44355 -1
44356 14
44357 -19
44358 2
44359 7
44360 -4
44361 12
44362 16
44363 -26
44364 10
44365 -4
44366 -2
44367 -26
44368 10
44369 -1
44370 9
44371 -7
44372 -6
44373 2
44374 -20
44375 -6
44376 6
44377 3
44378 15
44379 -5
44380 14
44381 18
44382 9
44383 24
44384 -4
44385 3
44386 31
44387 3
44388 1
44389 22
44390 9
44391 -16
44392 2
44393 4
44394 16
44395 6
44396 6
44397 17
44398 4
44399 28
44400 -5
44401 -10
44402 1
44403 11
44404 17
44405 9
44406 16
44407 16
44408 -9
44409 13
44410 13
44411 22
44412 18
44413 -2
44414 17
44415 6
44416 10
44417 22
44418 -2
44419 11
44420 22
44421 3
44422 26
44423 17
44424 24
44425 7
44426 -1
44427 10
44428 -9
44429 14
44430 1
44431 0
44432 19
44433 9
44434 2
44435 31
44436 13
44437 19
44438 23
44439 13
44440 -4
44441 17
44442 35
44443 9
44444 9
44445 -8
44446 -2
44447 -3
44448 29
44449 5
44450 9
44451 26
44452 28
44453 24
44454 21
44455 2
44456 18
44457 6
44458 2
44459 11
44460 7
44461 -4
44462 21
44463 11
44464 0
44465 -8
44466 8
44467 -2
44468 45
44469 -1
44470 23
44471 6
44472 15
44473 8
44474 25
44475 4
44476 49
44477 3
44478 12
44479 4
44480 6
44481 22
44482 8
44483 35
44484 3
44485 29
44486 3
44487 66
44488 6
44489 22
44490 13
44491 16
44492 15
44493 -1
44494 22
44495 27
44496 1
44497 28
44498 7
44499 15
44500 5
44501 8
44502 9
44503 7
44504 -19
44505 19
44506 19
44507 8
44508 2
44509 8
44510 -7
44511 4
44512 6
44513 24
44514 -7
44515 15
44516 16
44517 11
44518 9
44519 7
44520 10
44521 13
44522 92
44523 7
44524 2
44525 -3
44526 -5
44527 11
44528 3
44529 6
44530 10
44531 14
44532 5
44533 15
44534 5
44535 43
44536 -2
44537 13
44538 23
44539 19
44540 12
44541 5
44542 16
44543 8
44544 10
44545 14
44546 21
44547 -20
44548 18
44549 18
44550 8
44551 1
44552 18
44553 15
44554 4
44555 11
44556 -7
44557 8
44558 63
44559 3
44560 7
44561 1
44562 13
44563 15
44564 8
44565 26
44566 17
44567 7
44568 -15
44569 12
44570 11
44571 9
44572 4
44573 17
44574 3
44575 9
44576 0
44577 38
44578 5
44579 13
44580 9
44581 36
44582 10
44583 17
44584 12
44585 7
44586 19
44587 2
44588 6
44589 24
44590 -2
44591 3
44592 29
44593 -2
44594 3
44595 6
44596 13
44597 8
44598 28
44599 8
44600 3
44601 24
44602 15
44603 -24
44604 14
44605 -20
44606 3
44607 12
44608 -5
44609 23
44610 -3
44611 17
44612 39
44613 -3
44614 7
44615 17
44616 4
44617 10
44618 1
44619 12
44620 0
44621 6
44622 -5
44623 6
44624 8
44625 11
44626 -20
44627 16
44628 0
44629 -1
44630 0
44631 -4
44632 3
44633 8
44634 22
44635 14
44636 15
44637 11
44638 28
44639 18
44640 17
44641 32
44642 28
44643 13
44644 14
44645 -4
44646 13
44647 -7
44648 30
44649 11
44650 4
44651 8
44652 13
44653 5
44654 10
44655 30
44656 21
44657 4
44658 9
44659 8
44660 10
44661 5
44662 10
44663 7
44664 16
44665 24
44666 22
44667 -2
44668 -17
44669 4
44670 3
44671 1
44672 20
44673 8
44674 22
44675 -4
44676 18
44677 24
44678 -2
44679 8
44680 5
44681 -13
44682 38
44683 13
44684 1
44685 -8
44686 13
44687 -2
44688 11
44689 -16
44690 -4
44691 7
44692 -9
44693 23
44694 11
44695 12
44696 8
44697 9
44698 25
44699 17
44700 6
44701 4
44702 10
44703 -1
44704 -7
44705 21
44706 6
44707 0
44708 11
44709 -4
44710 -16
44711 6
44712 1
44713 55
44714 -1
44715 4
44716 -11
44717 6
44718 4
44719 21
44720 2
44721 12
44722 -3
44723 -8
44724 9
44725 9
44726 -3
44727 -16
44728 7
44729 10
44730 9
44731 6
44732 44
44733 15
44734 10
44735 1
44736 14
44737 9
44738 -9
44739 3
44740 6
44741 22
44742 -1
44743 12
44744 22
44745 15
44746 18
44747 8
44748 18
44749 8
44750 15
44751 -31
44752 7
44753 -7
44754 1
44755 6
44756 17
44757 10
44758 -20
44759 2
44760 10
44761 7
44762 6
44763 4
44764 1
44765 9
44766 5
44767 20
44768 12
44769 22
44770 29
44771 10
44772 6
44773 6
44774 1
44775 -3
44776 -4
44777 30
44778 14
44779 10
44780 4
44781 11
44782 13
44783 10
44784 0
44785 3
44786 6
44787 -3
44788 6
44789 9
44790 9
44791 25
44792 16
44793 14
44794 2
44795 4
44796 10
44797 5
44798 -13
44799 -8
44800 15
44801 2
44802 -2
44803 20
44804 -13
44805 11
44806 11
44807 13
44808 2
44809 29
44810 8
44811 27
44812 5
44813 14
44814 8
44815 9
44816 -16
44817 -1
44818 -7
44819 7
44820 24
44821 0
44822 3
44823 -5
44824 13
44825 15
44826 10
44827 5
44828 19
44829 11
44830 -23
44831 -6
44832 -3
44833 1
44834 23
44835 26
44836 -19
44837 3
44838 -8
44839 18
44840 8
44841 7
44842 2
44843 16
44844 -5
44845 3
44846 16
44847 12
44848 20
44849 -23
44850 0
44851 7
44852 -10
44853 23
44854 8
44855 48
44856 18
44857 8
44858 -2
44859 12
44860 -1
44861 13
44862 7
44863 18
44864 0
44865 18
44866 9
44867 6
44868 15
44869 -12
44870 14
44871 38
44872 0
44873 21
44874 -3
44875 6
44876 3
44877 -8
44878 16
44879 -22
44880 15
44881 7
44882 1
44883 0
44884 -1
44885 5
44886 23
44887 31
44888 6
44889 -1
44890 15
44891 17
44892 18
44893 7
44894 11
44895 3
44896 10
44897 2
44898 8
44899 8
44900 3
44901 3
44902 36
44903 17
44904 -11
44905 0
44906 9
44907 17
44908 27
44909 23
44910 40
44911 10
44912 8
44913 19
44914 -5
44915 7
44916 17
44917 -2
44918 -9
44919 16
44920 36
44921 8
44922 8
44923 36
44924 21
44925 1
44926 18
44927 14
44928 0
44929 6
44930 11
44931 4
44932 24
44933 8
44934 4
44935 -3
44936 5
44937 -3
44938 -4
44939 -3
44940 14
44941 -2
44942 -17
44943 -7
44944 3
44945 -1
44946 7
44947 22
44948 61
44949 18
44950 16
44951 6
44952 17
44953 9
44954 1
44955 -3
44956 23
44957 4
44958 -10
44959 -5
44960 12
44961 1
44962 40
44963 0
44964 -2
44965 2
44966 13
44967 -1
44968 32
44969 -15
44970 12
44971 11
44972 -5
44973 26
44974 -2
44975 10
44976 29
44977 6
44978 6
44979 22
44980 4
44981 1
44982 17
44983 0
44984 16
44985 2
44986 20
44987 14
44988 -14
44989 4
44990 -5
44991 2
44992 38
44993 12
44994 21
44995 6
44996 -2
44997 -4
44998 10
44999 50
45000 11
45001 11
45002 1
45003 7
45004 10
45005 20
45006 11
45007 5
45008 23
45009 7
45010 27
45011 9
45012 6
45013 17
45014 -4
45015 7
45016 -7
45017 9
45018 4
45019 5
45020 10
45021 -2
45022 -7
45023 7
45024 18
45025 7
45026 7
45027 10
45028 11
45029 1
45030 7
45031 26
45032 -2
45033 8
45034 4
45035 5
45036 5
45037 -15
45038 -2
45039 17
45040 12
45041 10
45042 8
45043 22
45044 36
45045 3
45046 4
45047 23
45048 8
45049 -5
45050 -15
45051 4
45052 5
45053 0
45054 17
45055 16
45056 -9
45057 -8
45058 2
45059 -8
45060 2
45061 6
45062 17
45063 0
45064 8
45065 12
45066 -7
45067 5
45068 3
45069 21
45070 18
45071 -5
45072 -9
45073 -1
45074 5
45075 2
45076 10
45077 -3
45078 13
45079 15
45080 19
45081 2
45082 13
45083 38
45084 22
45085 19
45086 9
45087 18
45088 8
45089 19
45090 7
45091 24
45092 16
45093 2
45094 5
45095 39
45096 7
45097 15
45098 2
45099 20
45100 27
45101 31
45102 1
45103 2
45104 18
45105 7
45106 6
45107 30
45108 4
45109 -16
45110 5
45111 -1
45112 21
45113 15
45114 10
45115 6
45116 47
45117 8
45118 20
45119 18
45120 21
45121 3
45122 2
45123 33
45124 5
45125 3
45126 8
45127 38
45128 -6
45129 -19
45130 12
45131 21
45132 32
45133 11
45134 7
45135 15
45136 12
45137 5
45138 8
45139 26
45140 7
45141 14
45142 12
45143 -7
45144 19
45145 1
45146 13
45147 13
45148 15
45149 18
45150 -2
45151 -6
45152 14
45153 4
45154 21
45155 -1
45156 -11
45157 3
45158 13
45159 -4
45160 19
45161 8
45162 1
45163 3
45164 26
45165 12
45166 13
45167 10
45168 -17
45169 -3
45170 20
45171 16
45172 31
45173 1
45174 17
45175 23
45176 5
45177 2
45178 10
45179 16
45180 6
45181 20
45182 -13
45183 -6
45184 11
45185 9
45186 14
45187 -2
45188 8
45189 3
45190 -2
45191 -9
45192 1
45193 0
45194 3
45195 13
45196 3
45197 4
45198 26
45199 10
45200 -2
45201 14
45202 4
45203 11
45204 9
45205 1
45206 -13
45207 13
45208 -3
45209 1
45210 8
45211 15
45212 -3
45213 41
45214 7
45215 3
45216 2
45217 13
45218 10
45219 27
45220 17
45221 3
45222 -1
45223 -2
45224 18
45225 72
45226 3
45227 13
45228 23
45229 -6
45230 0
45231 43
45232 -12
45233 13
45234 -6
45235 4
45236 -1
45237 9
45238 5
45239 20
45240 12
45241 7
45242 29
45243 1
45244 7
45245 13
45246 4
45247 2
45248 10
45249 10
45250 4
45251 2
45252 -22
45253 -6
45254 4
45255 9
45256 17
45257 17
45258 34
45259 -11
45260 6
45261 -4
45262 13
45263 7
45264 2
45265 0
45266 -5
45267 -19
45268 2
45269 13
45270 16
45271 18
45272 7
45273 3
45274 12
45275 19
45276 14
45277 10
45278 -2
45279 -5
45280 1
45281 -12
45282 17
45283 3
45284 -21
45285 -20
45286 11
45287 11
45288 -1
45289 -6
45290 1
45291 6
45292 9
45293 7
45294 33
45295 -4
45296 -4
45297 -1
45298 4
45299 -4
45300 0
45301 27
45302 14
45303 2
45304 0
45305 7
45306 24
45307 1
45308 -4
45309 5
45310 18
45311 23
45312 1
45313 11
45314 9
45315 12
45316 -5
45317 16
45318 -15
45319 13
45320 15
45321 11
45322 17
45323 -4
45324 15
45325 -7
45326 0
45327 -1
45328 12
45329 21
45330 -4
45331 -4
45332 2
45333 2
45334 10
45335 7
45336 5
45337 0
45338 -5
45339 13
45340 -16
45341 24
45342 -3
45343 32
45344 1
45345 10
45346 0
45347 20
45348 12
45349 44
45350 3
45351 7
45352 16
45353 4
45354 -6
45355 -2
45356 8
45357 16
45358 -8
45359 -2
45360 8
45361 9
45362 23
45363 -3
45364 14
45365 12
45366 -2
45367 18
45368 15
45369 -17
45370 9
45371 17
45372 -18
45373 9
45374 -17
45375 35
45376 20
45377 21
45378 3
45379 3
45380 4
45381 11
45382 21
45383 8
45384 -2
45385 -9
45386 18
45387 7
45388 24
45389 -7
45390 7
45391 -12
45392 -10
45393 17
45394 -5
45395 11
45396 -9
45397 28
45398 25
45399 11
45400 13
45401 21
45402 9
45403 21
45404 5
45405 11
45406 -12
45407 -8
45408 -4
45409 25
45410 10
45411 20
45412 8
45413 -2
45414 6
45415 10
45416 -1
45417 18
45418 10
45419 -3
45420 5
45421 0
45422 -10
45423 -7
45424 9
45425 -2
45426 15
45427 17
45428 4
45429 8
45430 24
45431 6
45432 25
45433 28
45434 8
45435 8
45436 -9
45437 6
45438 -8
45439 14
45440 -1
45441 9
45442 4
45443 7
45444 7
45445 -4
45446 24
45447 -22
45448 15
45449 18
45450 15
45451 21
45452 -3
45453 3
45454 10
45455 1
45456 -8
45457 9
45458 12
45459 16
45460 -7
45461 -17
45462 29
45463 7
45464 44
45465 -10
45466 10
45467 33
45468 19
45469 -24
45470 4
45471 1
45472 16
45473 1
45474 4
45475 10
45476 3
45477 2
45478 8
45479 11
45480 9
45481 -16
45482 -11
45483 13
45484 2
45485 0
45486 -1
45487 47
45488 15
45489 -5
45490 15
45491 8
45492 18
45493 35
45494 13
45495 20
45496 31
45497 7
45498 6
45499 -8
45500 6
45501 22
45502 12
45503 2
45504 0
45505 26
45506 11
45507 11
45508 17
45509 0
45510 -2
45511 -7
45512 18
45513 -1
45514 5
45515 -5
45516 21
45517 -11
45518 8
45519 0
45520 52
45521 20
45522 16
45523 -8
45524 13
45525 1
45526 2
45527 18
45528 13
45529 8
45530 29
45531 12
45532 34
45533 -1
45534 5
45535 -4
45536 21
45537 17
45538 25
45539 -3
45540 24
45541 4
45542 5
45543 26
45544 11
45545 17
45546 16
45547 9
45548 11
45549 -2
45550 -9
45551 -6
45552 14
45553 -7
45554 -19
45555 6
45556 7
45557 -1
45558 -3
45559 11
45560 2
45561 -1
45562 -2
45563 30
45564 19
45565 25
45566 10
45567 59
45568 11
45569 -18
45570 14
45571 17
45572 1
45573 -17
45574 -2
45575 19
45576 9
45577 1
45578 -14
45579 -2
45580 4
45581 -6
45582 1
45583 4
45584 22
45585 16
45586 17
45587 14
45588 -5
45589 3
45590 22
45591 -4
45592 15
45593 3
45594 0
45595 2
45596 27
45597 7
45598 17
45599 8
45600 7
45601 -10
45602 -4
45603 14
45604 3
45605 30
45606 5
45607 6
45608 2
45609 43
45610 17
45611 12
45612 15
45613 21
45614 13
45615 15
45616 -14
45617 3
45618 4
45619 2
45620 -1
45621 -2
45622 16
45623 7
45624 1
45625 6
45626 -11
45627 17
45628 -5
45629 12
45630 9
45631 10
45632 13
45633 4
45634 16
45635 -12
45636 -1
45637 17
45638 31
45639 8
45640 17
45641 -3
45642 2
45643 3
45644 7
45645 11
45646 3
45647 6
45648 5
45649 -9
45650 -8
45651 -5
45652 -10
45653 -4
45654 26
45655 30
45656 15
45657 5
45658 7
45659 -1
45660 11
45661 19
45662 -3
45663 -10
45664 18
45665 38
45666 18
45667 9
45668 17
45669 2
45670 8
45671 -2
45672 7
45673 7
45674 4
45675 9
45676 -1
45677 4
45678 16
45679 13
45680 1
45681 -15
45682 35
45683 39
45684 12
45685 5
45686 132
45687 14
45688 -16
45689 -25
45690 7
45691 5
45692 7
45693 -6
45694 9
45695 18
45696 11
45697 21
45698 6
45699 -10
45700 1
45701 4
45702 2
45703 -5
45704 16
45705 9
45706 15
45707 8
45708 -13
45709 16
45710 -16
45711 4
45712 1
45713 -3
45714 15
45715 4
45716 8
45717 -5
45718 15
45719 13
45720 26
45721 12
45722 22
45723 -15
45724 7
45725 6
45726 5
45727 11
45728 1
45729 23
45730 19
45731 14
45732 -4
45733 6
45734 5
45735 8
45736 18
45737 2
45738 14
45739 11
45740 6
45741 4
45742 10
45743 -8
45744 6
45745 6
45746 18
45747 -10
45748 -1
45749 0
45750 -1
45751 5
45752 14
45753 58
45754 -14
45755 8
45756 26
45757 0
45758 15
45759 21
45760 -10
45761 14
45762 2
45763 14
45764 11
45765 10
45766 24
45767 11
45768 3
45769 23
45770 -5
45771 3
45772 -25
45773 5
45774 4
45775 -2
45776 5
45777 6
45778 -18
45779 5
45780 -9
45781 10
45782 0
45783 17
45784 16
45785 7
45786 18
45787 -14
45788 7
45789 6
45790 18
45791 1
45792 20
45793 -5
45794 27
45795 4
45796 20
45797 11
45798 12
45799 -4
45800 3
45801 -5
45802 15
45803 -9
45804 1
45805 9
45806 7
45807 14
45808 -11
45809 -3
45810 -1
45811 34
45812 6
45813 12
45814 9
45815 6
45816 29
45817 -4
45818 -5
45819 7
45820 15
45821 28
45822 10
45823 14
45824 15
45825 19
45826 -8
45827 -2
45828 12
45829 -8
45830 4
45831 1
45832 -13
45833 6
45834 4
45835 17
45836 18
45837 -5
45838 3
45839 18
45840 -8
45841 13
45842 -14
45843 0
45844 6
45845 -2
45846 -4
45847 -13
45848 19
45849 36
45850 2
45851 15
45852 6
45853 -28
45854 7
45855 10
45856 7
45857 12
45858 8
45859 11
45860 -30
45861 17
45862 4
45863 -4
45864 2
45865 7
45866 12
45867 2
45868 6
45869 2
45870 -1
45871 -22
45872 -3
45873 8
45874 -7
45875 -3
45876 -4
45877 -2
45878 -9
45879 -8
45880 31
45881 1
45882 11
45883 6
45884 18
45885 0
45886 -9
45887 -11
45888 9
45889 -9
45890 6
45891 17
45892 4
45893 6
45894 15
45895 0
45896 13
45897 -5
45898 7
45899 10
45900 -28
45901 5
45902 6
45903 2
45904 25
45905 11
45906 31
45907 -12
45908 83
45909 11
45910 -9
45911 4
45912 -11
45913 1
45914 -8
45915 4
45916 17
45917 1
45918 -20
45919 12
45920 18
45921 12
45922 -2
45923 3
45924 8
45925 3
45926 2
45927 4
45928 -11
45929 -15
45930 13
45931 -10
45932 1
45933 4
45934 9
45935 13
45936 14
45937 13
45938 10
45939 6
45940 11
45941 13
45942 0
45943 12
45944 5
45945 9
45946 13
45947 -9
45948 1
45949 7
45950 0
45951 -6
45952 -4
45953 1
45954 14
45955 54
45956 12
45957 6
45958 15
45959 -1
45960 -3
45961 0
45962 -16
45963 9
45964 21
45965 0
45966 0
45967 4
45968 17
45969 10
45970 14
45971 14
45972 -6
45973 3
45974 3
45975 18
45976 16
45977 5
45978 6
45979 17
45980 -11
45981 6
45982 -11
45983 0
45984 28
45985 24
45986 -17
45987 17
45988 -4
45989 9
45990 5
45991 5
45992 14
45993 12
45994 -12
45995 5
45996 7
45997 18
45998 -2
45999 -6
46000 -12
46001 9
46002 9
46003 5
46004 -3
46005 -3
46006 4
46007 35
46008 7
46009 10
46010 -13
46011 31
46012 3
46013 3
46014 5
46015 13
46016 -4
46017 3
46018 5
46019 13
46020 5
46021 -7
46022 -3
46023 -3
46024 13
46025 5
46026 -8
46027 -10
46028 -16
46029 14
46030 16
46031 -5
46032 7
46033 -6
46034 21
46035 -2
46036 29
46037 -6
46038 10
46039 4
46040 -1
46041 -6
46042 3
46043 18
46044 10
46045 2
46046 6
46047 4
46048 -8
46049 25
46050 -5
46051 7
46052 6
46053 10
46054 6
46055 3
46056 16
46057 -19
46058 22
46059 16
46060 8
46061 15
46062 9
46063 16
46064 9
46065 8
46066 -30
46067 5
46068 7
46069 10
46070 -9
46071 4
46072 4
46073 -9
46074 0
46075 -6
46076 26
46077 9
46078 -4
46079 -4
46080 22
46081 4
46082 7
46083 3
46084 -8
46085 6
46086 22
46087 16
46088 22
46089 10
46090 -11
46091 11
46092 14
46093 5
46094 10
46095 -9
46096 -13
46097 10
46098 -3
46099 6
46100 25
46101 0
46102 21
46103 15
46104 18
46105 -5
46106 1
46107 7
46108 0
46109 3
46110 13
46111 26
46112 -2
46113 23
46114 -13
46115 16
46116 11
46117 20
46118 34
46119 1
46120 -1
46121 10
46122 -1
46123 10
46124 13
46125 5
46126 -2
46127 16
46128 24
46129 24
46130 3
46131 7
46132 1
46133 3
46134 -15
46135 2
46136 20
46137 -13
46138 5
46139 -10
46140 3
46141 12
46142 -18
46143 10
46144 -10
46145 11
46146 7
46147 3
46148 -7
46149 11
46150 4
46151 -9
46152 -14
46153 18
46154 3
46155 11
46156 7
46157 -7
46158 6
46159 22
46160 -8
46161 -1
46162 2
46163 -7
46164 8
46165 6
46166 0
46167 6
46168 6
46169 13
46170 2
46171 10
46172 13
46173 -8
46174 3
46175 6
46176 1
46177 2
46178 -10
46179 11
46180 2
46181 -3
46182 7
46183 8
46184 -12
46185 9
46186 1
46187 10
46188 3
46189 -3
46190 14
46191 7
46192 3
46193 1
46194 17
46195 -4
46196 6
46197 20
46198 11
46199 5
46200 1
46201 -2
46202 6
46203 21
46204 17
46205 15
46206 7
46207 18
46208 3
46209 -10
46210 -4
46211 14
46212 -2
46213 -32
46214 9
46215 1
46216 7
46217 5
46218 -9
46219 12
46220 -3
46221 27
46222 -13
46223 56
46224 -7
46225 -4
46226 2
46227 26
46228 3
46229 4
46230 -22
46231 -5
46232 3
46233 29
46234 -2
46235 -2
46236 -11
46237 17
46238 14
46239 12
46240 7
46241 -1
46242 1
46243 8
46244 -4
46245 12
46246 -7
46247 14
46248 4
46249 5
46250 1
46251 4
46252 -13
46253 6
46254 0
46255 -13
46256 38
46257 25
46258 11
46259 1
46260 11
46261 0
46262 30
46263 25
46264 13
46265 4
46266 21
46267 27
46268 13
46269 -4
46270 -20
46271 2
46272 12
46273 13
46274 17
46275 -12
46276 18
46277 17
46278 -10
46279 -18
46280 12
46281 5
46282 -10
46283 -4
46284 17
46285 12
46286 -8
46287 16
46288 9
46289 98
46290 9
46291 3
46292 9
46293 -7
46294 5
46295 2
46296 1
46297 11
46298 4
46299 -7
46300 -17
46301 13
46302 5
46303 -12
46304 6
46305 -11
46306 -15
46307 11
46308 -6
46309 4
46310 5
46311 -5
46312 -17
46313 1
46314 12
46315 -8
46316 5
46317 20
46318 21
46319 8
46320 1
46321 -5
46322 17
46323 4
46324 -2
46325 24
46326 2
46327 17
46328 -20
46329 1
46330 8
46331 9
46332 12
46333 -8
46334 8
46335 -1
46336 -10
46337 2
46338 17
46339 29
46340 0
46341 6
46342 10
46343 0
46344 -3
46345 6
46346 11
46347 2
46348 16
46349 0
46350 -1
46351 13
46352 -17
46353 5
46354 -6
46355 -1
46356 11
46357 16
46358 25
46359 30
46360 -8
46361 11
46362 6
46363 5
46364 23
46365 1
46366 4
46367 -6
46368 25
46369 11
46370 14
46371 8
46372 -1
46373 3
46374 2
46375 -1
46376 10
46377 -4
46378 6
46379 3
46380 -2
46381 -2
46382 23
46383 -6
46384 -2
46385 -5
46386 -6
46387 8
46388 10
46389 -11
46390 2
46391 -9
46392 22
46393 16
46394 12
46395 24
46396 9
46397 -19
46398 -22
46399 21
46400 12
46401 -4
46402 4
46403 -15
46404 -6
46405 10
46406 9
46407 10
46408 -11
46409 15
46410 -17
46411 9
46412 5
46413 21
46414 -6
46415 -8
46416 24
46417 -6
46418 12
46419 -16
46420 5
46421 -16
46422 11
46423 31
46424 7
46425 4
46426 -6
46427 5
46428 11
46429 26
46430 8
46431 -4
46432 8
46433 8
46434 -6
46435 12
46436 -9
46437 -6
46438 -4
46439 -6
46440 5
46441 22
46442 8
46443 18
46444 5
46445 0
46446 5
46447 17
46448 14
46449 7
46450 -8
46451 7
46452 -1
46453 10
46454 5
46455 9
46456 -4
46457 9
46458 10
46459 -8
46460 8
46461 17
46462 13
46463 -9
46464 -2
46465 10
46466 -16
46467 -3
46468 103
46469 13
46470 3
46471 16
46472 -8
46473 0
46474 -2
46475 16
46476 -6
46477 0
46478 -5
46479 -15
46480 -7
46481 -24
46482 0
46483 -6
46484 2
46485 7
46486 10
46487 3
46488 4
46489 10
46490 -14
46491 19
46492 1
46493 6
46494 12
46495 3
46496 11
46497 9
46498 16
46499 -8
46500 0
46501 -10
46502 -9
46503 6
46504 2
46505 31
46506 11
46507 0
46508 -15
46509 20
46510 -2
46511 3
46512 12
46513 -7
46514 14
46515 -3
46516 7
46517 -1
46518 9
46519 10
46520 -17
46521 2
46522 9
46523 27
46524 12
46525 -1
46526 -12
46527 -9
46528 -1
46529 4
46530 -1
46531 4
46532 13
46533 9
46534 -3
46535 16
46536 12
46537 -2
46538 -18
46539 3
46540 -2
46541 -20
46542 -16
46543 5
46544 38
46545 10
46546 1
46547 18
46548 -8
46549 11
46550 -32
46551 22
46552 -25
46553 1
46554 -11
46555 1
46556 9
46557 7
46558 4
46559 13
46560 11
46561 -15
46562 7
46563 4
46564 10
46565 15
46566 -10
46567 5
46568 -23
46569 11
46570 5
46571 32
46572 13
46573 12
46574 2
46575 27
46576 16
46577 -3
46578 7
46579 7
46580 -15
46581 5
46582 6
46583 -6
46584 -11
46585 21
46586 18
46587 19
46588 4
46589 8
46590 8
46591 -8
46592 -3
46593 -2
46594 -15
46595 30
46596 6
46597 -4
46598 -23
46599 -5
46600 -6
46601 -3
46602 6
46603 12
46604 18
46605 7
46606 20
46607 -1
46608 11
46609 -8
46610 3
46611 -1
46612 18
46613 -7
46614 2
46615 20
46616 -18
46617 5
46618 12
46619 -8
46620 5
46621 -6
46622 8
46623 22
46624 2
46625 -13
46626 3
46627 18
46628 -10
46629 16
46630 -6
46631 9
46632 5
46633 12
46634 5
46635 -3
46636 -4
46637 5
46638 15
46639 4
46640 2
46641 1
46642 -6
46643 -13
46644 -6
46645 -4
46646 1
46647 8
46648 5
46649 -17
46650 2
46651 -2
46652 -7
46653 17
46654 6
46655 0
46656 12
46657 12
46658 10
46659 8
46660 0
46661 31
46662 0
46663 -4
46664 -4
46665 -6
46666 2
46667 2
46668 16
46669 -8
46670 0
46671 -3
46672 10
46673 -2
46674 14
46675 0
46676 15
46677 0
46678 8
46679 10
46680 18
46681 -5
46682 5
46683 11
46684 -32
46685 5
46686 7
46687 14
46688 14
46689 -14
46690 0
46691 13
46692 0
46693 4
46694 -1
46695 9
46696 -16
46697 14
46698 7
46699 10
46700 7
46701 -11
46702 17
46703 -12
46704 -15
46705 -7
46706 -4
46707 6
46708 22
46709 -14
46710 -1
46711 -1
46712 3
46713 10
46714 12
46715 -13
46716 -23
46717 5
46718 14
46719 -5
46720 -3
46721 21
46722 1
46723 -5
46724 7
46725 1
46726 -4
46727 -3
46728 -2
46729 -3
46730 -3
46731 6
46732 4
46733 1
46734 -2
46735 10
46736 8
46737 13
46738 -3
46739 0
46740 14
46741 0
46742 42
46743 -6
46744 -5
46745 1
46746 5
46747 2
46748 0
46749 16
46750 49
46751 10
46752 19
46753 1
46754 10
46755 8
46756 4
46757 10
46758 9
46759 6
46760 -8
46761 -8
46762 -21
46763 4
46764 -1
46765 -1
46766 1
46767 -2
46768 3
46769 -11
46770 17
46771 -16
46772 3
46773 16
46774 16
46775 -7
46776 -2
46777 0
46778 -2
46779 -2
46780 12
46781 12
46782 25
46783 -6
46784 -7
46785 2
46786 2
46787 -14
46788 11
46789 10
46790 7
46791 -15
46792 9
46793 15
46794 4
46795 -4
46796 14
46797 5
46798 8
46799 4
46800 11
46801 7
46802 -3
46803 10
46804 7
46805 2
46806 10
46807 4
46808 23
46809 -4
46810 -6
46811 17
46812 -10
46813 -6
46814 8
46815 3
46816 -1
46817 -2
46818 9
46819 9
46820 -7
46821 11
46822 27
46823 -13
46824 9
46825 9
46826 12
46827 -7
46828 7
46829 -12
46830 4
46831 -6
46832 3
46833 -11
46834 1
46835 -5
46836 18
46837 14
46838 18
46839 21
46840 1
46841 7
46842 19
46843 20
46844 5
46845 19
46846 19
46847 4
46848 11
46849 -20
46850 -5
46851 11
46852 -7
46853 10
46854 -8
46855 13
46856 3
46857 -4
46858 10
46859 4
46860 10
46861 2
46862 7
46863 14
46864 -15
46865 9
46866 5
46867 15
46868 -2
46869 5
46870 7
46871 -22
46872 0
46873 -1
46874 8
46875 -17
46876 6
46877 1
46878 9
46879 5
46880 -19
46881 6
46882 22
46883 -18
46884 6
46885 3
46886 5
46887 -9
46888 -20
46889 31
46890 11
46891 -13
46892 9
46893 -9
46894 7
46895 -5
46896 14
46897 0
46898 13
46899 2
46900 -1
46901 16
46902 9
46903 3
46904 11
46905 -6
46906 5
46907 14
46908 11
46909 6
46910 -4
46911 14
46912 2
46913 -1
46914 3
46915 -19
46916 2
46917 1
46918 19
46919 -1
46920 1
46921 21
46922 6
46923 -16
46924 -6
46925 6
46926 3
46927 7
46928 2
46929 5
46930 -8
46931 -15
46932 7
46933 3
46934 14
46935 5
46936 -6
46937 -7
46938 -3
46939 2
46940 11
46941 0
46942 10
46943 8
46944 -6
46945 2
46946 -3
46947 14
46948 -10
46949 15
46950 2
46951 4
46952 2
46953 -11
46954 7
46955 -9
46956 8
46957 6
46958 -4
46959 -1
46960 2
46961 7
46962 3
46963 8
46964 11
46965 -5
46966 3
46967 -17
46968 -7
46969 -7
46970 1
46971 -5
46972 9
46973 4
46974 9
46975 4
46976 4
46977 22
46978 -24
46979 -1
46980 -31
46981 8
46982 -25
46983 -2
46984 -5
46985 1
46986 11
46987 -7
46988 -1
46989 14
46990 -3
46991 0
46992 21
46993 17
46994 19
46995 1
46996 13
46997 -9
46998 -2
46999 16
47000 11
47001 7
47002 2
47003 -31
47004 -3
47005 9
47006 7
47007 8
47008 8
47009 21
47010 6
47011 -6
47012 -4
47013 0
47014 11
47015 -1
47016 2
47017 11
47018 2
47019 11
47020 -7
47021 11
47022 5
47023 0
47024 4
47025 -4
47026 10
47027 2
47028 7
47029 30
47030 -9
47031 -6
47032 12
47033 -6
47034 -5
47035 -4
47036 2
47037 8
47038 13
47039 1
47040 4
47041 4
47042 15
47043 20
47044 -6
47045 -9
47046 10
47047 -22
47048 0
47049 10
47050 -8
47051 1
47052 -4
47053 2
47054 0
47055 7
47056 6
47057 6
47058 -7
47059 15
47060 -19
47061 -1
47062 12
47063 9
47064 11
47065 -10
47066 -3
47067 3
47068 1
47069 3
47070 18
47071 -14
47072 19
47073 -20
47074 -11
47075 1
47076 21
47077 -21
47078 3
47079 2
47080 8
47081 -7
47082 11
47083 4
47084 6
47085 -9
47086 7
47087 -2
47088 -2
47089 27
47090 8
47091 22
47092 12
47093 -3
47094 7
47095 9
47096 -13
47097 -17
47098 -23
47099 -6
47100 3
47101 -7
47102 13
47103 9
47104 -1
47105 24
47106 15
47107 -26
47108 1
47109 -6
47110 12
47111 -11
47112 1
47113 -7
47114 9
47115 -5
47116 -27
47117 10
47118 2
47119 10
47120 7
47121 13
47122 13
47123 6
47124 0
47125 -6
47126 1
47127 7
47128 -4
47129 9
47130 5
47131 14
47132 2
47133 21
47134 -5
47135 -13
47136 -5
47137 -8
47138 0
47139 12
47140 -11
47141 -8
47142 0
47143 2
47144 -19
47145 20
47146 -3
47147 8
47148 -6
47149 -5
47150 5
47151 2
47152 0
47153 10
47154 1
47155 3
47156 6
47157 3
47158 -15
47159 10
47160 -9
47161 22
47162 -19
47163 5
47164 15
47165 6
47166 -3
47167 6
47168 6
47169 -10
47170 -6
47171 -1
47172 -11
47173 -6
47174 4
47175 2
47176 -6
47177 -16
47178 8
47179 -19
47180 15
47181 -4
47182 10
47183 3
47184 13
47185 3
47186 5
47187 -4
47188 8
47189 7
47190 12
47191 -16
47192 6
47193 3
47194 6
47195 9
47196 22
47197 30
47198 13
47199 8
47200 5
47201 -7
47202 -3
47203 -12
47204 13
47205 2
47206 0
47207 -9
47208 13
47209 3
47210 -9
47211 6
47212 7
47213 2
47214 -6
47215 11
47216 1
47217 9
47218 -2
47219 -3
47220 -22
47221 -11
47222 12
47223 12
47224 8
47225 -10
47226 -7
47227 -11
47228 -4
47229 0
47230 17
47231 3
47232 -8
47233 -14
47234 6
47235 4
47236 16
47237 6
47238 3
47239 3
47240 -10
47241 10
47242 17
47243 -3
47244 4
47245 17
47246 -6
47247 -1
47248 8
47249 5
47250 -12
47251 -9
47252 -1
47253 -12
47254 14
47255 7
47256 -9
47257 23
47258 -1
47259 10
47260 -4
47261 -9
47262 0
47263 -10
47264 -4
47265 -18
47266 1
47267 -8
47268 20
47269 -14
47270 -5
47271 15
47272 5
47273 -3
47274 1
47275 6
47276 14
47277 13
47278 -3
47279 4
47280 14
47281 4
47282 -19
47283 10
47284 -22
47285 18
47286 1
47287 18
47288 -13
47289 9
47290 24
47291 0
47292 -12
47293 -1
47294 18
47295 -14
47296 -10
47297 -3
47298 13
47299 13
47300 8
47301 -16
47302 15
47303 -7
47304 11
47305 8
47306 -6
47307 -6
47308 7
47309 8
47310 0
47311 18
47312 -2
47313 -7
47314 18
47315 -9
47316 -10
47317 12
47318 0
47319 -5
47320 -10
47321 7
47322 9
47323 20
47324 23
47325 1
47326 -2
47327 26
47328 16
47329 -10
47330 7
47331 -9
47332 14
47333 10
47334 8
47335 48
47336 4
47337 10
47338 2
47339 -2
47340 2
47341 6
47342 -19
47343 29
47344 1
47345 -5
47346 -2
47347 4
47348 -4
47349 -6
47350 7
47351 2
47352 -18
47353 6
47354 9
47355 0
47356 3
47357 0
47358 18
47359 11
47360 4
47361 -18
47362 7
47363 9
47364 12
47365 -9
47366 -9
47367 2
47368 2
47369 4
47370 -14
47371 7
47372 -3
47373 6
47374 6
47375 -14
47376 17
47377 8
47378 0
47379 9
47380 7
47381 1
47382 10
47383 -10
47384 -1
47385 5
47386 -14
47387 2
47388 -11
47389 -14
47390 -3
47391 -1
47392 21
47393 -17
47394 4
47395 -4
47396 -6
47397 -7
47398 18
47399 1
47400 10
47401 -6
47402 -2
47403 1
47404 13
47405 -20
47406 12
47407 12
47408 -20
47409 -22
47410 -7
47411 0
47412 2
47413 5
47414 3
47415 -10
47416 -11
47417 20
47418 14
47419 -2
47420 -11
47421 -13
47422 -7
47423 16
47424 3
47425 0
47426 2
47427 7
47428 -5
47429 12
47430 -5
47431 -14
47432 -20
47433 7
47434 7
47435 -5
47436 2
47437 12
47438 -15
47439 -6
47440 2
47441 0
47442 14
47443 -4
47444 -7
47445 19
47446 16
47447 2
47448 6
47449 11
47450 3
47451 15
47452 7
47453 -6
47454 14
47455 -9
47456 3
47457 -5
47458 -9
47459 15
47460 14
47461 -1
47462 3
47463 6
47464 10
47465 -1
47466 5
47467 -1
47468 2
47469 8
47470 12
47471 -3
47472 21
47473 -2
47474 5
47475 -12
47476 11
47477 10
47478 5
47479 -10
47480 -9
47481 -3
47482 -1
47483 -5
47484 2
47485 3
47486 3
47487 0
47488 0
47489 4
47490 13
47491 -6
47492 -8
47493 9
47494 0
47495 -1
47496 26
47497 -1
47498 7
47499 -1
47500 3
47501 -6
47502 -1
47503 -10
47504 0
47505 4
47506 4
47507 -16
47508 -2
47509 10
47510 4
47511 -4
47512 8
47513 0
47514 -1
47515 13
47516 14
47517 -9
47518 10
47519 -18
47520 -20
47521 7
47522 -12
47523 -6
47524 11
47525 3
47526 -17
47527 1
47528 9
47529 23
47530 11
47531 -5
47532 5
47533 -21
47534 -5
47535 6
47536 14
47537 6
47538 13
47539 5
47540 -2
47541 -21
47542 -4
47543 2
47544 -12
47545 7
47546 10
47547 -3
47548 -1
47549 0
47550 -18
47551 13
47552 5
47553 7
47554 -6
47555 -4
47556 -6
47557 12
47558 -17
47559 -23
47560 0
47561 -3
47562 3
47563 15
47564 8
47565 0
47566 -11
47567 6
47568 -10
47569 21
47570 4
47571 -5
47572 -12
47573 0
47574 -23
47575 5
47576 2
47577 8
47578 -1
47579 9
47580 0
47581 0
47582 10
47583 2
47584 34
47585 14
47586 -5
47587 4
47588 6
47589 3
47590 -4
47591 2
47592 13
47593 -6
47594 -33
47595 12
47596 10
47597 11
47598 -1
47599 22
47600 -13
47601 -1
47602 15
47603 -4
47604 4
47605 9
47606 -7
47607 -2
47608 -8
47609 -8
47610 -1
47611 -2
47612 -5
47613 10
47614 5
47615 14
47616 -2
47617 17
47618 0
47619 -6
47620 -3
47621 17
47622 3
47623 -1
47624 8
47625 5
47626 -3
47627 24
47628 -1
47629 13
47630 3
47631 9
47632 -8
47633 -1
47634 2
47635 -4
47636 -6
47637 5
47638 11
47639 -2
47640 -7
47641 -38
47642 18
47643 -8
47644 -19
47645 -16
47646 -7
47647 6
47648 -1
47649 -12
47650 -7
47651 16
47652 -28
47653 11
47654 -10
47655 1
47656 13
47657 -3
47658 -5
47659 9
47660 -1
47661 -24
47662 -32
47663 7
47664 -3
47665 -5
47666 3
47667 -4
47668 -11
47669 23
47670 9
47671 6
47672 4
47673 -25
47674 11
47675 -3
47676 6
47677 11
47678 8
47679 -32
47680 18
47681 5
47682 3
47683 -3
47684 -4
47685 5
47686 15
47687 0
47688 4
47689 5
47690 -7
47691 9
47692 14
47693 -4
47694 -5
47695 -13
47696 10
47697 -6
47698 -12
47699 -5
47700 -7
47701 17
47702 -40
47703 -6
47704 -2
47705 19
47706 5
47707 4
47708 -4
47709 7
47710 4
47711 -24
47712 -9
47713 13
47714 -7
47715 -7
47716 7
47717 2
47718 19
47719 -5
47720 -6
47721 -18
47722 -10
47723 26
47724 -1
47725 18
47726 16
47727 -13
47728 -18
47729 8
47730 -3
47731 -4
47732 -13
47733 -3
47734 2
47735 5
47736 -6
47737 -17
47738 15
47739 2
47740 -17
47741 -6
47742 2
47743 -1
47744 7
47745 1
47746 -13
47747 3
47748 7
47749 -11
47750 -5
47751 -7
47752 -7
47753 9
47754 6
47755 2
47756 -5
47757 2
47758 6
47759 -5
47760 6
47761 7
47762 -7
47763 -17
47764 2
47765 0
47766 -3
47767 -11
47768 -11
47769 6
47770 8
47771 -6
47772 -4
47773 -23
47774 -4
47775 -23
47776 1
47777 1
47778 6
47779 11
47780 -1
47781 -10
47782 4
47783 -23
47784 10
47785 -12
47786 -9
47787 -1
47788 -1
47789 16
47790 -3
47791 -12
47792 -3
47793 6
47794 -27
47795 8
47796 21
47797 -2
47798 15
47799 1
47800 -8
47801 15
47802 0
47803 -8
47804 -6
47805 3
47806 1
47807 8
47808 -14
47809 -11
47810 0
47811 4
47812 12
47813 -6
47814 -8
47815 7
47816 10
47817 -9
47818 5
47819 1
47820 12
47821 11
47822 -4
47823 10
47824 -1
47825 -5
47826 0
47827 -2
47828 13
47829 -10
47830 15
47831 1
47832 -6
47833 1
47834 3
47835 -12
47836 -7
47837 -7
47838 4
47839 11
47840 -10
47841 23
47842 1
47843 -2
47844 2
47845 11
47846 2
47847 17
47848 1
47849 2
47850 -13
47851 8
47852 5
47853 11
47854 16
47855 6
47856 -8
47857 -9
47858 2
47859 -5
47860 -6
47861 6
47862 7
47863 13
47864 -18
47865 6
47866 15
47867 -16
47868 -3
47869 1
47870 14
47871 -15
47872 6
47873 12
47874 15
47875 4
47876 -9
47877 1
47878 -6
47879 1
47880 -5
47881 -7
47882 -17
47883 -7
47884 -2
47885 8
47886 -5
47887 4
47888 2
47889 -15
47890 -21
47891 17
47892 -9
47893 -17
47894 5
47895 13
47896 -5
47897 21
47898 -1
47899 -10
47900 8
47901 -1
47902 -15
47903 -5
47904 -21
47905 4
47906 2
47907 -2
47908 -2
47909 10
47910 -5
47911 -3
47912 0
47913 -2
47914 -6
47915 -13
47916 1
47917 -29
47918 4
47919 9
47920 -10
47921 0
47922 7
47923 -12
47924 6
47925 28
47926 -16
47927 2
47928 -2
47929 -18
47930 -27
47931 -22
47932 13
47933 -11
47934 14
47935 -21
47936 -7
47937 4
47938 2
47939 -7
47940 -4
47941 -1
47942 8
47943 -7
47944 -10
47945 7
47946 8
47947 4
47948 -22
47949 9
47950 0
47951 6
47952 2
47953 3
47954 -1
47955 -6
47956 14
47957 -8
47958 -5
47959 -18
47960 4
47961 5
47962 11
47963 -8
47964 21
47965 -7
47966 9
47967 -8
47968 -4
47969 6
47970 -29
47971 14
47972 -4
47973 -14
47974 -12
47975 -24
47976 -8
47977 1
47978 -7
47979 12
47980 6
47981 2
47982 -4
47983 5
47984 -18
47985 -8
47986 3
47987 -23
47988 3
47989 -3
47990 -3
47991 -6
47992 4
47993 7
47994 6
47995 7
47996 3
47997 -8
47998 -6
47999 -3
48000 3
48001 2
48002 -15
48003 -4
48004 9
48005 4
48006 7
48007 1
48008 4
48009 -10
48010 -16
48011 7
48012 -30
48013 1
48014 10
48015 5
48016 4
48017 5
48018 1
48019 13
48020 0
48021 -3
48022 12
48023 -14
48024 -4
48025 -3
48026 3
48027 3
48028 -3
48029 20
48030 6
48031 -12
48032 7
48033 -9
48034 2
48035 3
48036 7
48037 -3
48038 -2
48039 -5
48040 -11
48041 0
48042 -1
48043 8
48044 3
48045 6
48046 -6
48047 6
48048 1
48049 6
48050 -26
48051 2
48052 -6
48053 -1
48054 1
48055 5
48056 -14
48057 -2
48058 -8
48059 -4
48060 -2
48061 -14
48062 11
48063 -2
48064 -3
48065 2
48066 -7
48067 5
48068 -12
48069 3
48070 3
48071 -5
48072 10
48073 9
48074 17
48075 2
48076 -3
48077 4
48078 3
48079 -2
48080 9
48081 -4
48082 4
48083 -5
48084 -12
48085 12
48086 0
48087 4
48088 0
48089 -4
48090 -1
48091 4
48092 2
48093 1
48094 3
48095 -17
48096 5
48097 -8
48098 -9
48099 7
48100 -5
48101 7
48102 5
48103 5
48104 -1
48105 -4
48106 -7
48107 15
48108 12
48109 7
48110 -26
48111 -8
48112 6
48113 18
48114 -15
48115 -3
48116 -2
48117 0
48118 9
48119 -6
48120 0
48121 -22
48122 17
48123 22
48124 2
48125 5
48126 3
48127 0
48128 9
48129 -8
48130 -20
48131 25
48132 6
48133 1
48134 -19
48135 -3
48136 -1
48137 -7
48138 6
48139 0
48140 -5
48141 -8
48142 -7
48143 1
48144 -19
48145 21
48146 10
48147 4
48148 2
48149 10
48150 3
48151 -9
48152 -4
48153 -8
48154 -7
48155 -10
48156 -33
48157 5
48158 11
48159 -28
48160 -3
48161 -4
48162 -3
48163 -8
48164 -2
48165 -29
48166 20
48167 10
48168 -4
48169 11
48170 -4
48171 -13
48172 5
48173 -4
48174 -7
48175 -14
48176 2
48177 -6
48178 -1
48179 -4
48180 -7
48181 -10
48182 -3
48183 -13
48184 9
48185 10
48186 -5
48187 4
48188 2
48189 2
48190 1
48191 -12
48192 -10
48193 -13
48194 -19
48195 14
48196 14
48197 8
48198 9
48199 -11
48200 6
48201 -11
48202 1
48203 -8
48204 5
48205 -12
48206 16
48207 7
48208 14
48209 18
48210 -8
48211 2
48212 5
48213 -9
48214 10
48215 -9
48216 7
48217 -29
48218 -10
48219 -7
48220 16
48221 -13
48222 -9
48223 3
48224 -9
48225 -2
48226 -12
48227 1
48228 0
48229 3
48230 -1
48231 1
48232 14
48233 -16
48234 -18
48235 -11
48236 21
48237 -3
48238 -20
48239 1
48240 6
48241 -20
48242 -2
48243 5
48244 -6
48245 8
48246 2
48247 -2
48248 -7
48249 2
48250 -2
48251 8
48252 12
48253 12
48254 -7
48255 -6
48256 4
48257 -8
48258 8
48259 2
48260 -32
48261 1
48262 -32
48263 -2
48264 -9
48265 9
48266 28
48267 -7
48268 -3
48269 2
48270 -8
48271 -17
48272 10
48273 -10
48274 10
48275 -7
48276 4
48277 8
48278 8
48279 -7
48280 -7
48281 2
48282 -20
48283 2
48284 -2
48285 9
48286 12
48287 20
48288 -4
48289 -5
48290 -20
48291 -1
48292 -10
48293 -21
48294 -10
48295 24
48296 -9
48297 0
48298 9
48299 -8
48300 -17
48301 16
48302 -5
48303 -6
48304 13
48305 -36
48306 -12
48307 -26
48308 -4
48309 7
48310 44
48311 0
48312 8
48313 -3
48314 -10
48315 -15
48316 -11
48317 4
48318 -12
48319 -6
48320 3
48321 0
48322 5
48323 0
48324 15
48325 0
48326 -7
48327 -1
48328 3
48329 -8
48330 1
48331 -9
48332 -18
48333 5
48334 -14
48335 1
48336 6
48337 -11
48338 -28
48339 -6
48340 -6
48341 -9
48342 -27
48343 -8
48344 -6
48345 5
48346 -2
48347 -12
48348 9
48349 -10
48350 -8
48351 22
48352 12
48353 10
48354 -7
48355 4
48356 -6
48357 -10
48358 7
48359 -2
48360 13
48361 6
48362 -9
48363 4
48364 9
48365 -3
48366 -4
48367 20
48368 -4
48369 12
48370 0
48371 -2
48372 0
48373 -9
48374 12
48375 -11
48376 3
48377 12
48378 -19
48379 -16
48380 4
48381 -5
48382 12
48383 -15
48384 9
48385 -24
48386 -9
48387 12
48388 -20
48389 7
48390 0
48391 -2
48392 3
48393 -5
48394 8
48395 -5
48396 -22
48397 14
48398 16
48399 -21
48400 -9
48401 0
48402 9
48403 -2
48404 -7
48405 -22
48406 19
48407 12
48408 33
48409 -4
48410 -8
48411 -25
48412 -22
48413 -5
48414 11
48415 -12
48416 -2
48417 21
48418 1
48419 0
48420 -6
48421 -18
48422 -6
48423 -15
48424 -3
48425 9
48426 0
48427 -7
48428 -17
48429 0
48430 -6
48431 -2
48432 -16
48433 -12
48434 -1
48435 19
48436 2
48437 -3
48438 -4
48439 6
48440 7
48441 -14
48442 14
48443 -6
48444 -13
48445 -2
48446 -1
48447 1
48448 6
48449 -13
48450 2
48451 -18
48452 -2
48453 -12
48454 1
48455 5
48456 -2
48457 -4
48458 -7
48459 -19
48460 7
48461 4
48462 3
48463 -8
48464 -1
48465 12
48466 0
48467 11
48468 5
48469 7
48470 2
48471 -9
48472 14
48473 -4
48474 10
48475 3
48476 0
48477 7
48478 -2
48479 15
48480 -3
48481 1
48482 21
48483 15
48484 12
48485 11
48486 -1
48487 -7
48488 6
48489 -3
48490 -15
48491 -10
48492 -4
48493 3
48494 -19
48495 -23
48496 5
48497 -3
48498 4
48499 1
48500 8
48501 -13
48502 10
48503 5
48504 -2
48505 -7
48506 -3
48507 5
48508 1
48509 0
48510 -2
48511 -11
48512 -5
48513 -4
48514 -5
48515 -3
48516 -22
48517 -14
48518 4
48519 23
48520 9
48521 -19
48522 -11
48523 7
48524 -6
48525 6
48526 -9
48527 -3
48528 -10
48529 -26
48530 -3
48531 0
48532 -14
48533 -5
48534 -8
48535 4
48536 6
48537 -6
48538 -9
48539 -5
48540 6
48541 -6
48542 -8
48543 -5
48544 6
48545 1
48546 -17
48547 6
48548 0
48549 -17
48550 14
48551 -8
48552 4
48553 -8
48554 10
48555 -1
48556 -15
48557 1
48558 13
48559 14
48560 -22
48561 1
48562 2
48563 -15
48564 12
48565 -7
48566 -12
48567 1
48568 -1
48569 1
48570 -8
48571 2
48572 -12
48573 -15
48574 1
48575 5
48576 7
48577 -6
48578 -1
48579 0
48580 1
48581 -18
48582 1
48583 19
48584 -17
48585 1
48586 -7
48587 -28
48588 -9
48589 -5
48590 1
48591 -8
48592 -10
48593 -10
48594 -5
48595 -6
48596 0
48597 -1
48598 -3
48599 -10
48600 13
48601 -1
48602 -4
48603 -21
48604 -4
48605 -4
48606 -6
48607 -4
48608 -18
48609 -10
48610 21
48611 0
48612 -6
48613 2
48614 -11
48615 49
48616 -4
48617 -2
48618 -19
48619 -11
48620 -4
48621 -16
48622 -4
48623 -8
48624 4
48625 -5
48626 -22
48627 -14
48628 1
48629 -23
48630 -1
48631 -13
48632 -4
48633 -6
48634 -17
48635 -9
48636 6
48637 19
48638 2
48639 -8
48640 14
48641 -13
48642 -11
48643 -4
48644 -16
48645 5
48646 -22
48647 2
48648 -28
48649 -12
48650 -7
48651 -10
48652 -16
48653 1
48654 -3
48655 3
48656 -20
48657 11
48658 1
48659 0
48660 1
48661 -8
48662 4
48663 0
48664 -11
48665 -3
48666 -3
48667 -5
48668 -4
48669 -14
48670 27
48671 7
48672 -6
48673 -26
48674 -13
48675 24
48676 -16
48677 2
48678 4
48679 -16
48680 7
48681 7
48682 -9
48683 9
48684 0
48685 -18
48686 -16
48687 3
48688 -13
48689 -12
48690 7
48691 7
48692 18
48693 15
48694 -4
48695 4
48696 -18
48697 -2
48698 0
48699 -6
48700 -14
48701 16
48702 -23
48703 1
48704 -19
48705 -5
48706 -13
48707 -10
48708 4
48709 -7
48710 15
48711 9
48712 7
48713 -12
48714 -11
48715 -1
48716 -21
48717 10
48718 -8
48719 -3
48720 -9
48721 -1
48722 1
48723 -2
48724 -4
48725 -6
48726 -19
48727 2
48728 9
48729 -10
48730 9
48731 -6
48732 -15
48733 -1
48734 0
48735 -4
48736 -6
48737 -2
48738 -13
48739 -13
48740 11
48741 -15
48742 -8
48743 7
48744 -14
48745 19
48746 -9
48747 -4
48748 -2
48749 -2
48750 -1
48751 -2
48752 6
48753 3
48754 -8
48755 -15
48756 5
48757 3
48758 -20
48759 -13
48760 8
48761 0
48762 18
48763 -3
48764 -14
48765 -4
48766 8
48767 -16
48768 -29
48769 -30
48770 13
48771 -14
48772 -5
48773 -12
48774 -11
48775 -19
48776 11
48777 -6
48778 -18
48779 -9
48780 1
48781 -3
48782 5
48783 16
48784 1
48785 4
48786 4
48787 -10
48788 19
48789 -7
48790 -9
48791 6
48792 -24
48793 -11
48794 -14
48795 -1
48796 -1
48797 -10
48798 -3
48799 -5
48800 -3
48801 -16
48802 -1
48803 -13
48804 -1
48805 -10
48806 9
48807 -22
48808 -7
48809 4
48810 13
48811 7
48812 1
48813 -14
48814 7
48815 -10
48816 -11
48817 -3
48818 -15
48819 -9
48820 -2
48821 10
48822 0
48823 -28
48824 -3
48825 2
48826 3
48827 -28
48828 3
48829 -6
48830 -14
48831 0
48832 -1
48833 -9
48834 11
48835 2
48836 -4
48837 -11
48838 -2
48839 1
48840 -11
48841 -10
48842 -4
48843 -9
48844 -11
48845 -30
48846 -5
48847 -9
48848 -19
48849 -9
48850 -9
48851 -12
48852 1
48853 -8
48854 -15
48855 -16
48856 13
48857 -16
48858 5
48859 11
48860 -7
48861 -12
48862 7
48863 -9
48864 -5
48865 -7
48866 -14
48867 6
48868 -8
48869 3
48870 -7
48871 -2
48872 0
48873 -6
48874 5
48875 -7
48876 1
48877 -3
48878 -10
48879 -24
48880 3
48881 6
48882 -1
48883 -14
48884 -14
48885 -10
48886 -4
48887 -18
48888 11
48889 -13
48890 5
48891 -4
48892 -19
48893 2
48894 -11
48895 -18
48896 -10
48897 -11
48898 6
48899 -6
48900 2
48901 -1
48902 -10
48903 0
48904 -12
48905 -3
48906 -17
48907 -3
48908 -14
48909 -8
48910 -3
48911 -2
48912 -12
48913 -3
48914 -2
48915 4
48916 -3
48917 -17
48918 9
48919 7
48920 0
48921 -22
48922 -16
48923 7
48924 4
48925 0
48926 10
48927 -15
48928 -8
48929 -15
48930 -15
48931 -9
48932 -2
48933 -1
48934 2
48935 -3
48936 -3
48937 4
48938 7
48939 8
48940 5
48941 7
48942 -11
48943 -7
48944 -7
48945 4
48946 5
48947 -14
48948 -2
48949 9
48950 -11
48951 -19
48952 0
48953 -3
48954 3
48955 -6
48956 13
48957 3
48958 -12
48959 -18
48960 -14
48961 8
48962 6
48963 -16
48964 1
48965 -15
48966 20
48967 -6
48968 -7
48969 -9
48970 -6
48971 -5
48972 -24
48973 -14
48974 -12
48975 -4
48976 -10
48977 8
48978 -3
48979 -8
48980 -13
48981 -5
48982 0
48983 -4
48984 -13
48985 2
48986 -7
48987 -6
48988 0
48989 3
48990 -13
48991 -8
48992 -17
48993 -9
48994 2
48995 -5
48996 -15
48997 10
48998 -16
48999 -15
49000 -10
49001 -18
49002 -13
49003 -25
49004 0
49005 16
49006 -3
49007 -8
49008 7
49009 -2
49010 3
49011 6
49012 -1
49013 -2
49014 1
49015 -3
49016 -8
49017 9
49018 -18
49019 1
49020 -15
49021 6
49022 7
49023 0
49024 2
49025 -10
49026 6
49027 -5
49028 -6
49029 -2
49030 -13
49031 1
49032 -14
49033 2
49034 -14
49035 -2
49036 0
49037 0
49038 -4
49039 -3
49040 -22
49041 -7
49042 -8
49043 -12
49044 -20
49045 0
49046 1
49047 -4
49048 9
49049 2
49050 40
49051 -31
49052 1
49053 -8
49054 -11
49055 7
49056 -4
49057 -30
49058 4
49059 -9
49060 1
49061 -6
49062 -4
49063 15
49064 -22
49065 1
49066 -18
49067 -1
49068 -10
49069 -19
49070 20
49071 -6
49072 -12
49073 -14
49074 -20
49075 -3
49076 -3
49077 4
49078 10
49079 -25
49080 -6
49081 -6
49082 20
49083 6
49084 7
49085 -1
49086 -3
49087 7
49088 -9
49089 -3
49090 1
49091 0
49092 -2
49093 -14
49094 5
49095 8
49096 -16
49097 -15
49098 -11
49099 -4
49100 0
49101 -12
49102 -9
49103 -19
49104 -5
49105 -9
49106 5
49107 -2
49108 -18
49109 -1
49110 -11
49111 6
49112 -13
49113 -1
49114 -15
49115 0
49116 -14
49117 -12
49118 -4
49119 -14
49120 2
49121 7
49122 -16
49123 -31
49124 -9
49125 -15
49126 -6
49127 -18
49128 -11
49129 -8
49130 -9
49131 -15
49132 -12
49133 -2
49134 -21
49135 -1
49136 -21
49137 -11
49138 -3
49139 -17
49140 -24
49141 -13
49142 0
49143 -23
49144 7
49145 -8
49146 -26
49147 -12
49148 -13
49149 -7
49150 -17
49151 -4
49152 -10
49153 3
49154 -11
49155 -11
49156 15
49157 0
49158 -10
49159 -5
49160 -15
49161 -3
49162 -4
49163 -6
49164 -15
49165 -13
49166 -8
49167 -16
49168 -27
49169 -14
49170 -19
49171 -21
49172 -16
49173 -18
49174 -21
49175 -25
49176 -4
49177 -7
49178 -10
49179 -3
49180 4
49181 1
49182 -22
49183 -9
49184 -17
49185 0
49186 -10
49187 -23
49188 2
49189 -9
49190 -9
49191 5
49192 0
49193 -7
49194 -5
49195 -19
49196 11
49197 -1
49198 -3
49199 -6
49200 -17
49201 -7
49202 -26
49203 -11
49204 -9
49205 -7
49206 -1
49207 -21
49208 -11
49209 -2
49210 -6
49211 -10
49212 1
49213 4
49214 -12
49215 -19
49216 -5
49217 -9
49218 -25
49219 -17
49220 -4
49221 2
49222 -18
49223 5
49224 6
49225 -11
49226 -7
49227 8
49228 -6
49229 -16
49230 2
49231 -3
49232 -3
49233 -22
49234 -12
49235 -16
49236 -14
49237 -2
49238 -13
49239 -13
49240 7
49241 -6
49242 1
49243 -4
49244 -19
49245 4
49246 -19
49247 -17
49248 -9
49249 -4
49250 -13
49251 -12
49252 -24
49253 -16
49254 -15
49255 -9
49256 -7
49257 -7
49258 11
49259 -22
49260 -1
49261 -12
49262 -20
49263 -29
49264 4
49265 -10
49266 -9
49267 -8
49268 -17
49269 -9
49270 -13
49271 -24
49272 -19
49273 -8
49274 -4
49275 0
49276 -4
49277 -11
49278 -7
49279 -2
49280 -15
49281 -8
49282 -29
49283 -20
49284 -8
49285 -10
49286 -8
49287 -16
49288 -9
49289 -22
49290 -32
49291 3
49292 -9
49293 8
49294 -1
49295 -8
49296 0
49297 -7
49298 -15
49299 4
49300 12
49301 -7
49302 0
49303 -9
49304 -16
49305 10
49306 -5
49307 -7
49308 -15
49309 -2
49310 1
49311 -5
49312 -5
49313 -8
49314 15
49315 -6
49316 -22
49317 -6
49318 7
49319 -10
49320 -6
49321 -3
49322 -15
49323 1
49324 8
49325 -12
49326 -10
49327 -6
49328 -23
49329 -5
49330 -12
49331 -10
49332 0
49333 -27
49334 5
49335 6
49336 -10
49337 -1
49338 -21
49339 -8
49340 -21
49341 -1
49342 -2
49343 -7
49344 -2
49345 0
49346 7
49347 -10
49348 -20
49349 -8
49350 -8
49351 -20
49352 -15
49353 -13
49354 2
49355 -3
49356 -24
49357 -20
49358 -11
49359 -10
49360 -5
49361 0
49362 -8
49363 -6
49364 -14
49365 0
49366 -8
49367 -11
49368 -4
49369 -15
49370 -1
49371 -20
49372 -8
49373 -9
49374 -4
49375 -26
49376 11
49377 -16
49378 -14
49379 -15
49380 -8
49381 -12
49382 -13
49383 -6
49384 11
49385 -5
49386 -5
49387 7
49388 -15
49389 -10
49390 -8
49391 -10
49392 -20
49393 -20
49394 -20
49395 -3
49396 -2
49397 4
49398 10
49399 8
49400 -21
49401 -16
49402 -24
49403 -10
49404 -7
49405 -8
49406 -9
49407 -16
49408 -11
49409 -13
49410 -13
49411 -1
49412 -13
49413 -15
49414 -11
49415 -7
49416 -29
49417 -12
49418 -10
49419 2
49420 -23
49421 -13
49422 -15
49423 -10
49424 -16
49425 -14
49426 -6
49427 -11
49428 2
49429 -16
49430 -17
49431 9
49432 -12
49433 -27
49434 -11
49435 -14
49436 -12
49437 1
49438 3
49439 -12
49440 -17
49441 -3
49442 -25
49443 0
49444 -13
49445 4
49446 -6
49447 -18
49448 6
49449 -27
49450 -6
49451 -5
49452 -5
49453 -9
49454 -14
49455 -12
49456 -7
49457 -14
49458 -9
49459 1
49460 -8
49461 11
49462 16
49463 -19
49464 -5
49465 -3
49466 -20
49467 3
49468 -17
49469 -21
49470 -17
49471 -2
49472 -19
49473 -13
49474 -16
49475 21
49476 -15
49477 -7
49478 -21
49479 -13
49480 3
49481 -4
49482 -16
49483 -7
49484 -11
49485 -23
49486 -25
49487 -2
49488 -15
49489 -2
49490 -6
49491 -7
49492 -6
49493 3
49494 -10
49495 3
49496 -14
49497 -19
49498 -20
49499 3
49500 -14
49501 2
49502 -6
49503 -14
49504 -18
49505 -16
49506 -18
49507 -8
49508 -1
49509 -5
49510 -17
49511 -3
49512 -20
49513 -15
49514 -16
49515 -16
49516 -5
49517 -10
49518 -20
49519 -10
49520 -22
49521 5
49522 -14
49523 -18
49524 -19
49525 -3
49526 11
49527 -9
49528 -28
49529 -8
49530 -4
49531 -3
49532 -23
49533 -7
49534 -1
49535 -14
49536 -10
49537 -6
49538 -20
49539 -2
49540 -21
49541 -7
49542 -15
49543 -8
49544 -26
49545 -19
49546 -20
49547 -29
49548 -9
49549 -11
49550 -15
49551 -5
49552 -12
49553 -16
49554 -12
49555 -8
49556 -7
49557 -19
49558 -3
49559 -4
49560 -8
49561 -12
49562 -1
49563 -10
49564 -37
49565 -10
49566 -18
49567 9
49568 1
49569 -9
49570 -13
49571 -5
49572 -17
49573 -8
49574 -7
49575 -9
49576 -11
49577 -16
49578 -16
49579 4
49580 -22
49581 -4
49582 3
49583 -24
49584 -20
49585 -16
49586 -29
49587 7
49588 3
49589 -30
49590 1
49591 -17
49592 -23
49593 -9
49594 -6
49595 -4
49596 -16
49597 -2
49598 -25
49599 -6
49600 -23
49601 -22
49602 -19
49603 -2
49604 -17
49605 -15
49606 -17
49607 -22
49608 -20
49609 -23
49610 -15
49611 -33
49612 1
49613 -3
49614 -16
49615 -15
49616 -10
49617 -7
49618 -22
49619 -10
49620 -4
49621 -19
49622 -13
49623 -9
49624 -19
49625 -6
49626 -2
49627 -14
49628 -16
49629 -11
49630 -19
49631 -28
49632 6
49633 -25
49634 -30
49635 -31
49636 -23
49637 -12
49638 -7
49639 -18
49640 4
49641 -21
49642 -16
49643 -11
49644 -3
49645 -14
49646 -10
49647 -18
49648 -17
49649 15
49650 -6
49651 -27
49652 -33
49653 -18
49654 -23
49655 -21
49656 -21
49657 -6
49658 -23
49659 23
49660 -18
49661 -2
49662 -11
49663 13
49664 -16
49665 -10
49666 -19
49667 -3
49668 -7
49669 -9
49670 -38
49671 -27
49672 -31
49673 -12
49674 -10
49675 -13
49676 -34
49677 -17
49678 -15
49679 -27
49680 -15
49681 -24
49682 -35
49683 8
49684 -8
49685 -2
49686 -13
49687 -5
49688 -11
49689 -17
49690 -14
49691 -15
49692 -19
49693 -17
49694 -21
49695 -10
49696 -19
49697 -37
49698 -4
49699 -16
49700 -22
49701 -5
49702 -11
49703 -12
49704 -15
49705 -25
49706 -27
49707 -35
49708 -5
49709 -12
49710 -14
49711 -15
49712 -14
49713 -19
49714 -7
49715 -15
49716 -8
49717 -4
49718 9
49719 -12
49720 -20
49721 -7
49722 -5
49723 -14
49724 -24
49725 6
49726 -18
49727 -31
49728 1
49729 -22
49730 -3
49731 -28
49732 -9
49733 -2
49734 -10
49735 -10
49736 -19
49737 -23
49738 -10
49739 -32
49740 -12
49741 -21
49742 -23
49743 -23
49744 -20
49745 -27
49746 -13
49747 -13
49748 -4
49749 -11
49750 -14
49751 -25
49752 -24
49753 -11
49754 -31
49755 -21
49756 -17
49757 -19
49758 -11
49759 -21
49760 -28
49761 -17
49762 -15
49763 -14
49764 -20
49765 -31
49766 -21
49767 -19
49768 -2
49769 -33
49770 -33
49771 -11
49772 -10
49773 -23
49774 -24
49775 -31
49776 -6
49777 -20
49778 -5
49779 -29
49780 8
49781 -25
49782 -29
49783 -7
49784 -9
49785 -22
49786 -12
49787 -23
49788 -18
49789 -17
49790 -31
49791 -13
49792 -4
49793 2
49794 -15
49795 -29
49796 -38
49797 -18
49798 -33
49799 -7
49800 -22
49801 -26
49802 -22
49803 -34
49804 -13
49805 -28
49806 -24
49807 -32
49808 -28
49809 -3
49810 -9
49811 -12
49812 -27
49813 -35
49814 -12
49815 -19
49816 -22
49817 -21
49818 -18
49819 -13
49820 -5
49821 -15
49822 -19
49823 -23
49824 -17
49825 -24
49826 -20
49827 -33
49828 -24
49829 -25
49830 -19
49831 -19
49832 -25
49833 -9
49834 -2
49835 -24
49836 -26
49837 -19
49838 -15
49839 -10
49840 -32
49841 -8
49842 -26
49843 -14
49844 -13
49845 -28
49846 -23
49847 -22
49848 -28
49849 -8
49850 -30
49851 -19
49852 -17
49853 -12
49854 -14
49855 -24
49856 -24
49857 -15
49858 -12
49859 -25
49860 -16
49861 -28
49862 -23
49863 -18
49864 -26
49865 -23
49866 -31
49867 -8
49868 -21
49869 -10
49870 -10
49871 -19
49872 -23
49873 -20
49874 -27
49875 -21
49876 -20
49877 -18
49878 -21
49879 -20
49880 -15
49881 -29
49882 -26
49883 -27
49884 -17
49885 -13
49886 -34
49887 -20
49888 -31
49889 4
49890 -30
49891 -21
49892 -23
49893 -26
49894 -28
49895 -15
49896 -16
49897 -19
49898 -6
49899 -25
49900 -18
49901 -32
49902 -4
49903 -29
49904 -28
49905 -23
49906 -28
49907 -33
49908 -22
49909 -18
49910 -22
49911 -30
49912 -10
49913 -33
49914 -25
49915 1
49916 -19
49917 -29
49918 -17
49919 -32
49920 -27
49921 -10
49922 -30
49923 -32
49924 -26
49925 -30
49926 -31
49927 -25
49928 -18
49929 -21
49930 -17
49931 -28
49932 -25
49933 -19
49934 -23
49935 -30
49936 -27
49937 -27
49938 -26
49939 -28
49940 -29
49941 -27
49942 -38
49943 -35
49944 -40
49945 -20
49946 -10
49947 -18
49948 -16
49949 -19
49950 -41
49951 -33
49952 -33
49953 -14
49954 -23
49955 -27
49956 -27
49957 -14
49958 -32
49959 -35
49960 -25
49961 -29
49962 -22
49963 -31
49964 -34
49965 -29
49966 -20
49967 -29
49968 -25
49969 -36
49970 -34
49971 -38
49972 -29
49973 -25
49974 -29
49975 -32
49976 -35
49977 -30
49978 -19
49979 -33
49980 -23
49981 -33
49982 -43
49983 -34
49984 -17
49985 -33
49986 -26
49987 -32
49988 -43
49989 -27
49990 -31
49991 -40
49992 -29
49993 -34
49994 -39
49995 -32
49996 -33
49997 -41
49998 -44
49999 -45
Negative cycle: none
Execution time: 3.59078 ms
