Algorithm: Bellman-Ford
Source: 0
Vertex Distance
0 0
1 -2
2 -3
3 7
4 11
5 13
6 5
7 12
8 4
9 12
10 4
11 -4
12 16
13 24
14 15
15 7
16 6
17 18
18 18
19 16
20 2
21 3
22 -4
23 27
24 7
25 24
26 13
27 12
28 -1
29 38
30 20
31 22
32 27
33 17
34 27
35 3
36 21
37 0
38 0
39 0
40 14
41 10
42 2
43 11
44 35
45 11
46 14
47 24
48 29
49 10
50 2
51 8
52 21
53 36
54 9
55 -3
56 7
57 -3
58 16
59 42
60 19
61 26
62 11
63 20
64 22
65 25
66 3
67 22
68 22
69 23
70 23
71 11
72 26
73 11
74 14
75 28
76 15
77 15
78 43
79 12
80 36
81 18
82 19
83 15
84 -2
85 17
86 2
87 40
88 2
89 29
90 24
91 18
92 3
93 39
94 14
95 15
96 37
97 19
98 10
99 30
100 1
101 54
102 24
103 10
104 20
105 7
106 34
107 30
108 8
109 31
110 24
111 56
112 18
113 11
114 19
115 24
116 8
117 26
118 34
119 1
120 28
121 20
122 6
123 17
124 10
125 27
126 2
127 8
128 66
129 13
130 23
131 38
132 27
133 27
134 36
135 12
136 33
137 14
138 37
139 25
140 36
141 23
142 -1
143 40
144 23
145 37
146 18
147 4
148 1
149 36
150 3
151 23
152 27
153 30
154 13
155 18
156 9
157 7
158 8
159 16
160 36
161 22
162 10
163 5
164 7
165 10
166 21
167 43
168 13
169 11
170 34
171 19
172 14
173 27
174 23
175 3
176 42
177 25
178 22
179 15
180 37
181 22
182 12
183 42
184 7
185 14
186 32
187 2
188 8
189 22
190 4
191 17
192 26
193 15
194 53
195 -2
196 17
197 37
198 19
199 30
200 20
201 17
202 12
203 22
204 15
205 35
206 4
207 32
208 38
209 14
210 13
211 27
212 21
213 10
214 11
215 17
216 5
217 22
218 -2
219 18
220 1
221 48
222 51
223 20
224 3
225 6
226 23
227 19
228 9
229 44
230 32
231 9
232 17
233 10
234 17
235 29
236 11
237 22
238 19
239 23
240 58
241 15
242 13
243 7
244 26
245 32
246 41
247 -2
248 17
249 45
250 29
251 44
252 36
253 17
254 37
255 66
256 -4
257 36
258 20
259 32
260 34
261 25
262 41
263 22
264 3
265 27
266 25
267 36
268 7
269 23
270 32
271 8
272 18
273 24
274 18
275 21
276 52
277 52
278 18
279 38
280 18
281 37
282 24
283 30
284 31
285 23
286 25
287 15
288 48
289 33
290 11
291 11
292 27
293 32
294 16
295 -5
296 37
297 19
298 20
299 15
300 42
301 16
302 5
303 6
304 7
305 23
306 13
307 65
308 32
309 44
310 16
311 19
312 19
313 10
314 41
315 31
316 36
317 14
318 30
319 3
320 13
321 51
322 15
323 57
324 47
325 9
326 28
327 -2
328 25
329 -1
330 31
331 14
332 39
333 17
334 1
335 0
336 58
337 24
338 52
339 14
340 23
341 49
342 28
343 80
344 19
345 25
346 43
347 3
348 15
349 37
350 33
351 31
352 27
353 51
354 23
355 26
356 53
357 42
358 44
359 -5
360 28
361 42
362 45
363 11
364 49
365 52
366 49
367 41
368 14
369 22
370 28
371 7
372 25
373 15
374 12
375 30
376 37
377 30
378 18
379 33
380 36
381 79
382 26
383 41
384 13
385 34
386 4
387 21
388 17
389 42
390 68
391 22
392 10
393 8
394 27
395 43
396 23
397 37
398 12
399 43
400 37
401 29
402 20
403 30
404 17
405 28
406 54
407 24
408 33
409 19
410 18
411 26
412 26
413 23
414 28
415 38
416 21
417 39
418 12
419 40
420 25
421 18
422 10
423 -2
424 39
425 24
426 55
427 10
428 28
429 6
430 -9
431 28
432 -2
433 30
434 26
435 25
436 35
437 7
438 22
439 24
440 8
441 34
442 30
443 29
444 33
445 -7
446 14
447 26
448 30
449 30
450 27
451 21
452 10
453 32
454 39
455 22
456 33
457 37
458 5
459 20
460 -2
461 3
462 57
463 16
464 16
465 6
466 52
467 47
468 30
469 22
470 46
471 13
472 43
473 18
474 30
475 -5
476 17
477 17
478 25
479 45
480 76
481 28
482 19
483 9
484 18
485 13
486 50
487 43
488 7
489 -4
490 22
491 37
492 13
493 1
494 20
495 46
496 38
497 36
498 8
499 34
500 12
501 21
502 14
503 37
504 71
505 76
506 14
507 64
508 40
509 2
510 33
511 -3
512 43
513 33
514 13
515 24
516 35
517 16
518 17
519 31
520 30
521 39
522 11
523 38
524 13
525 2
526 35
527 20
528 25
529 31
530 3
531 27
532 45
533 20
534 39
535 39
536 36
537 41
538 44
539 51
540 -2
541 33
542 -3
543 53
544 -1
545 66
546 15
547 10
548 22
549 28
550 54
551 26
552 50
553 14
554 28
555 9
556 71
557 1
558 36
559 50
560 27
561 28
562 11
563 8
564 18
565 47
566 29
567 46
568 15
569 34
570 15
571 7
572 31
573 55
574 39
575 6
576 25
577 51
578 11
579 65
580 30
581 24
582 27
583 50
584 71
585 19
586 21
587 17
588 13
589 22
590 37
591 47
592 -2
593 32
594 26
595 27
596 28
597 31
598 2
599 28
600 37
601 33
602 36
603 36
604 14
605 13
606 34
607 34
608 24
609 21
610 41
611 24
612 41
613 28
614 42
615 3
616 56
617 24
618 7
619 12
620 10
621 12
622 63
623 35
624 27
625 34
626 90
627 16
628 26
629 44
630 45
631 53
632 34
633 41
634 23
635 39
636 22
637 34
638 24
639 43
640 40
641 17
642 32
643 9
644 12
645 18
646 38
647 46
648 25
649 29
650 52
651 56
652 50
653 20
654 34
655 27
656 1
657 35
658 26
659 62
660 23
661 27
662 55
663 38
664 7
665 41
666 16
667 36
668 7
669 0
670 47
671 33
672 18
673 25
674 21
675 17
676 33
677 26
678 37
679 13
680 39
681 10
682 53
683 30
684 78
685 48
686 75
687 54
688 -7
689 25
690 27
691 21
692 24
693 38
694 34
695 20
696 27
697 19
698 10
699 3
700 62
701 48
702 29
703 33
704 27
705 7
706 22
707 23
708 12
709 10
710 34
711 23
712 -7
713 5
714 21
715 17
716 67
717 37
718 9
719 33
720 22
721 46
722 29
723 24
724 -6
725 29
726 14
727 26
728 49
729 8
730 3
731 43
732 11
733 27
734 56
735 27
736 47
737 34
738 64
739 33
740 14
741 40
742 12
743 15
744 24
745 58
746 34
747 38
748 65
749 55
750 19
751 15
752 28
753 16
754 3
755 56
756 24
757 25
758 44
759 26
760 7
761 3
762 -2
763 67
764 37
765 31
766 53
767 66
768 39
769 43
770 21
771 -5
772 12
773 30
774 26
775 40
776 26
777 48
778 7
779 11
780 19
781 37
782 31
783 -4
784 31
785 34
786 39
787 42
788 54
789 48
790 26
791 28
792 55
793 40
794 20
795 45
796 42
797 79
798 78
799 34
800 25
801 70
802 33
803 43
804 14
805 28
806 38
807 45
808 11
809 3
810 -4
811 24
812 43
813 12
814 20
815 8
816 16
817 35
818 31
819 42
820 26
821 20
822 14
823 38
824 41
825 3
826 44
827 5
828 21
829 1
830 23
831 72
832 50
833 27
834 21
835 52
836 56
837 22
838 53
839 37
840 21
841 28
842 6
843 17
844 28
845 11
846 33
847 52
848 29
849 36
850 35
851 38
852 59
853 16
854 24
855 -2
856 51
857 21
858 41
859 24
860 16
861 16
862 50
863 49
864 6
865 65
866 27
867 76
868 37
869 33
870 25
871 27
872 13
873 42
874 49
875 30
876 14
877 14
878 33
879 8
880 17
881 -5
882 7
883 40
884 51
885 19
886 50
887 57
888 3
889 19
890 24
891 19
892 34
893 28
894 8
895 35
896 69
897 20
898 46
899 40
900 51
901 28
902 38
903 20
904 20
905 -2
906 33
907 36
908 21
909 5
910 10
911 45
912 53
913 10
914 34
915 43
916 44
917 19
918 15
919 31
920 17
921 33
922 22
923 0
924 41
925 62
926 22
927 27
928 19
929 63
930 20
931 22
932 54
933 58
934 38
935 28
936 80
937 46
938 13
939 -1
940 25
941 38
942 53
943 38
944 35
945 12
946 32
947 47
948 39
949 -7
950 34
951 10
952 26
953 33
954 21
955 3
956 25
957 15
958 28
959 29
960 20
961 51
962 39
963 10
964 56
965 26
966 14
967 20
968 47
969 54
970 38
971 26
972 20
973 -10
974 21
975 1
976 38
977 57
978 34
979 28
980 33
981 16
982 55
983 10
984 16
985 35
986 39
987 39
988 48
989 8
990 48
991 51
992 15
993 13
994 73
995 27
996 25
997 52
998 25
999 31
1000 37
1001 30
1002 35
1003 28
1004 25
1005 66
1006 31
1007 24
1008 40
1009 27
1010 35
1011 35
1012 22
1013 31
1014 24
1015 45
1016 26
1017 8
1018 71
1019 28
1020 27
1021 47
1022 48
1023 32
1024 41
1025 31
1026 67
1027 39
1028 35
1029 53
1030 43
1031 34
1032 21
1033 10
1034 45
1035 17
1036 28
1037 15
1038 1
1039 18
1040 32
1041 11
1042 43
1043 42
1044 54
1045 20
1046 19
1047 9
1048 12
1049 -4
1050 9
1051 29
1052 49
1053 16
1054 8
1055 27
1056 54
1057 31
1058 18
1059 27
1060 -1
1061 17
1062 51
1063 46
1064 64
1065 30
1066 67
1067 68
1068 54
1069 41
1070 65
1071 4
1072 28
1073 53
1074 18
1075 49
1076 40
1077 21
1078 33
1079 11
1080 13
1081 4
1082 67
1083 39
1084 12
1085 15
1086 21
1087 25
1088 32
1089 37
1090 45
1091 32
1092 42
1093 70
1094 39
1095 42
1096 20
1097 24
1098 13
1099 22
1100 21
1101 42
1102 27
1103 20
1104 32
1105 15
1106 10
1107 25
1108 14
1109 10
1110 10
1111 22
1112 44
1113 49
1114 35
1115 36
1116 19
1117 52
1118 14
1119 44
1120 35
1121 19
1122 26
1123 17
1124 39
1125 33
1126 55
1127 26
1128 14
1129 30
1130 38
1131 25
1132 31
1133 23
1134 41
1135 6
1136 44
1137 54
1138 24
1139 39
1140 4
1141 43
1142 48
1143 19
1144 52
1145 30
1146 31
1147 4
1148 27
1149 27
1150 30
1151 56
1152 30
1153 65
1154 31
1155 22
1156 19
1157 8
1158 8
1159 29
1160 39
1161 52
1162 66
1163 25
1164 26
1165 7
1166 2
1167 29
1168 33
1169 31
1170 11
1171 35
1172 28
1173 57
1174 8
1175 74
1176 12
1177 35
1178 19
1179 12
1180 16
1181 26
1182 6
1183 40
1184 19
1185 25
1186 33
1187 13
1188 46
1189 32
1190 73
1191 60
1192 40
1193 11
1194 44
1195 33
1196 9
1197 15
1198 28
1199 43
1200 47
1201 78
1202 12
1203 57
1204 17
1205 69
1206 9
1207 34
1208 22
1209 60
1210 46
1211 53
1212 10
1213 33
1214 26
1215 53
1216 25
1217 35
1218 8
1219 19
1220 38
1221 23
1222 54
1223 45
1224 38
1225 41
1226 36
1227 51
1228 80
1229 44
1230 20
1231 12
1232 24
1233 4
1234 26
1235 41
1236 35
1237 36
1238 14
1239 60
1240 24
1241 6
1242 14
1243 20
1244 14
1245 -10
1246 21
1247 18
1248 4
1249 11
1250 14
1251 36
1252 32
1253 16
1254 21
1255 23
1256 31
1257 47
1258 52
1259 45
1260 37
1261 22
1262 38
1263 93
1264 48
1265 31
1266 5
1267 21
1268 30
1269 39
1270 48
1271 46
1272 40
1273 51
1274 43
1275 48
1276 37
1277 30
1278 34
1279 35
1280 11
1281 53
1282 23
1283 22
1284 30
1285 25
1286 40
1287 55
1288 32
1289 56
1290 -3
1291 26
1292 37
1293 46
1294 45
1295 16
1296 31
1297 10
1298 16
1299 -5
1300 13
1301 31
1302 20
1303 25
1304 21
1305 26
1306 36
1307 1
1308 38
1309 63
1310 41
1311 2
1312 24
1313 42
1314 28
1315 37
1316 31
1317 48
1318 7
1319 44
1320 44
1321 23
1322 17
1323 49
1324 -2
1325 43
1326 64
1327 45
1328 32
1329 35
1330 26
1331 23
1332 42
1333 33
1334 5
1335 37
1336 30
1337 14
1338 28
1339 56
1340 43
1341 47
1342 23
1343 31
1344 16
1345 16
1346 14
1347 20
1348 13
1349 6
1350 30
1351 54
1352 33
1353 27
1354 21
1355 20
1356 19
1357 41
1358 64
1359 53
1360 41
1361 34
1362 15
1363 82
1364 27
1365 9
1366 46
1367 42
1368 37
1369 47
1370 61
1371 22
1372 33
1373 29
1374 46
1375 10
1376 7
1377 60
1378 46
1379 40
1380 52
1381 48
1382 30
1383 61
1384 0
1385 14
1386 29
1387 30
1388 45
1389 33
1390 32
1391 68
1392 91
1393 40
1394 30
1395 29
1396 28
1397 8
1398 3
1399 41
1400 24
1401 70
1402 44
1403 20
1404 26
1405 33
1406 40
1407 13
1408 23
1409 28
1410 37
1411 48
1412 49
1413 26
1414 33
1415 18
1416 28
1417 10
1418 32
1419 56
1420 55
1421 24
1422 18
1423 26
1424 23
1425 20
1426 18
1427 25
1428 19
1429 50
1430 27
1431 35
1432 30
1433 29
1434 47
1435 37
1436 60
1437 11
1438 25
1439 46
1440 19
1441 25
1442 32
1443 31
1444 1
1445 72
1446 30
1447 56
1448 36
1449 1
1450 39
1451 49
1452 31
1453 33
1454 62
1455 50
1456 19
1457 20
1458 -5
1459 37
1460 95
1461 40
1462 21
1463 23
1464 38
1465 38
1466 26
1467 4
1468 24
1469 45
1470 41
1471 23
1472 45
1473 24
1474 20
1475 44
1476 42
1477 52
1478 39
1479 15
1480 31
1481 23
1482 41
1483 33
1484 29
1485 67
1486 33
1487 48
1488 7
1489 30
1490 32
1491 31
1492 30
1493 38
1494 33
1495 42
1496 27
1497 9
1498 23
1499 27
1500 23
1501 32
1502 21
1503 62
1504 40
1505 34
1506 33
1507 17
1508 34
1509 19
1510 17
1511 32
1512 30
1513 2
1514 38
1515 25
1516 44
1517 34
1518 29
1519 29
1520 11
1521 39
1522 45
1523 11
1524 45
1525 24
1526 15
1527 17
1528 13
1529 32
1530 40
1531 34
1532 23
1533 73
1534 42
1535 31
1536 58
1537 52
1538 47
1539 49
1540 31
1541 0
1542 16
1543 51
1544 50
1545 46
1546 45
1547 -1
1548 46
1549 30
1550 19
1551 18
1552 34
1553 17
1554 4
1555 38
1556 31
1557 41
1558 28
1559 43
1560 41
1561 58
1562 21
1563 25
1564 68
1565 30
1566 66
1567 10
1568 21
1569 33
1570 50
1571 10
1572 39
1573 44
1574 31
1575 45
1576 61
1577 16
1578 51
1579 49
1580 47
1581 66
1582 52
1583 44
1584 26
1585 72
1586 84
1587 24
1588 52
1589 89
1590 12
1591 42
1592 26
1593 78
1594 21
1595 17
1596 7
1597 60
1598 60
1599 24
1600 49
1601 12
1602 14
1603 0
1604 50
1605 49
1606 41
1607 57
1608 -4
1609 47
1610 7
1611 33
1612 -3
1613 42
1614 35
1615 31
1616 15
1617 26
1618 18
1619 38
1620 49
1621 54
1622 2
1623 25
1624 50
1625 46
1626 32
1627 26
1628 37
1629 41
1630 25
1631 22
1632 52
1633 39
1634 15
1635 49
1636 24
1637 46
1638 10
1639 38
1640 56
1641 32
1642 16
1643 27
1644 -4
1645 34
1646 18
1647 47
1648 46
1649 45
1650 15
1651 14
1652 14
1653 25
1654 5
1655 52
1656 54
1657 12
1658 52
1659 52
1660 32
1661 11
1662 45
1663 32
1664 50
1665 7
1666 44
1667 15
1668 36
1669 34
1670 35
1671 37
1672 46
1673 37
1674 20
1675 48
1676 23
1677 51
1678 44
1679 46
1680 42
1681 38
1682 19
1683 43
1684 21
1685 22
1686 36
1687 10
1688 1
1689 36
1690 35
1691 19
1692 33
1693 48
1694 -3
1695 46
1696 29
1697 51
1698 23
1699 46
1700 23
1701 7
1702 63
1703 4
1704 28
1705 39
1706 21
1707 22
1708 10
1709 13
1710 45
1711 1
1712 36
1713 31
1714 38
1715 46
1716 30
1717 14
1718 17
1719 36
1720 39
1721 57
1722 27
1723 61
1724 26
1725 57
1726 60
1727 71
1728 37
1729 73
1730 24
1731 71
1732 15
1733 34
1734 41
1735 50
1736 31
1737 45
1738 53
1739 11
1740 4
1741 47
1742 23
1743 33
1744 15
1745 19
1746 45
1747 42
1748 33
1749 21
1750 38
1751 58
1752 51
1753 31
1754 22
1755 47
1756 25
1757 43
1758 19
1759 68
1760 60
1761 38
1762 41
1763 68
1764 10
1765 66
1766 73
1767 28
1768 36
1769 24
1770 15
1771 60
1772 12
1773 48
1774 34
1775 36
1776 67
1777 30
1778 24
1779 54
1780 12
1781 8
1782 53
1783 8
1784 28
1785 14
1786 46
1787 36
1788 58
1789 52
1790 34
1791 18
1792 26
1793 20
1794 28
1795 31
1796 32
1797 27
1798 78
1799 28
1800 24
1801 41
1802 42
1803 48
1804 41
1805 61
1806 24
1807 20
1808 50
1809 30
1810 21
1811 33
1812 46
1813 13
1814 28
1815 27
1816 50
1817 25
1818 16
1819 37
1820 58
1821 28
1822 29
1823 32
1824 52
1825 32
1826 13
1827 41
1828 30
1829 8
1830 42
1831 14
1832 68
1833 22
1834 31
1835 40
1836 24
1837 34
1838 49
1839 41
1840 0
1841 59
1842 41
1843 20
1844 40
1845 26
1846 26
1847 63
1848 41
1849 40
1850 37
1851 27
1852 50
1853 44
1854 26
1855 35
1856 11
1857 16
1858 33
1859 24
1860 8
1861 44
1862 68
1863 -6
1864 20
1865 37
1866 27
1867 34
1868 41
1869 62
1870 29
1871 47
1872 16
1873 6
1874 27
1875 11
1876 10
1877 26
1878 37
1879 33
1880 34
1881 38
1882 35
1883 15
1884 43
1885 23
1886 38
1887 41
1888 53
1889 79
1890 28
1891 49
1892 10
1893 24
1894 50
1895 13
1896 34
1897 53
1898 24
1899 21
1900 61
1901 25
1902 67
1903 61
1904 59
1905 22
1906 12
1907 19
1908 22
1909 5
1910 45
1911 29
1912 44
1913 37
1914 39
1915 10
1916 45
1917 41
1918 39
1919 38
1920 26
1921 46
1922 33
1923 38
1924 3
1925 14
1926 45
1927 15
1928 68
1929 17
1930 47
1931 34
1932 51
1933 54
1934 21
1935 59
1936 19
1937 37
1938 25
1939 26
1940 24
1941 15
1942 8
1943 31
1944 48
1945 35
1946 40
1947 34
1948 14
1949 40
1950 27
1951 41
1952 26
1953 79
1954 30
1955 17
1956 46
1957 41
1958 28
1959 10
1960 42
1961 61
1962 29
1963 8
1964 50
1965 -4
1966 37
1967 27
1968 46
1969 22
1970 28
1971 42
1972 58
1973 33
1974 44
1975 27
1976 37
1977 2
1978 51
1979 3
1980 33
1981 15
1982 21
1983 47
1984 55
1985 42
1986 20
1987 38
1988 35
1989 20
1990 65
1991 23
1992 30
1993 23
1994 2
1995 61
1996 45
1997 21
1998 35
1999 44
2000 47
2001 17
2002 32
2003 16
2004 69
2005 20
2006 5
2007 60
2008 58
2009 13
2010 23
2011 39
2012 41
2013 30
2014 55
2015 38
2016 53
2017 -4
2018 -7
2019 52
2020 56
2021 53
2022 30
2023 54
2024 59
2025 35
2026 43
2027 28
2028 61
2029 20
2030 35
2031 22
2032 54
2033 7
2034 30
2035 31
2036 54
2037 61
2038 73
2039 42
2040 67
2041 42
2042 35
2043 43
2044 29
2045 41
2046 18
2047 26
2048 34
2049 26
2050 26
2051 24
2052 65
2053 2
2054 26
2055 71
2056 20
2057 18
2058 21
2059 23
2060 64
2061 54
2062 46
2063 11
2064 72
2065 27
2066 8
2067 70
2068 11
2069 34
2070 27
2071 35
2072 33
2073 39
2074 31
2075 39
2076 46
2077 12
2078 54
2079 29
2080 7
2081 38
2082 46
2083 47
2084 48
2085 73
2086 57
2087 19
2088 39
2089 12
2090 66
2091 30
2092 33
2093 42
2094 54
2095 31
2096 67
2097 22
2098 20
2099 35
2100 72
2101 27
2102 5
2103 55
2104 28
2105 33
2106 25
2107 43
2108 23
2109 68
2110 11
2111 54
2112 35
2113 51
2114 59
2115 27
2116 34
2117 16
2118 34
2119 17
2120 33
2121 13
2122 16
2123 42
2124 26
2125 9
2126 28
2127 74
2128 51
2129 19
2130 29
2131 1
2132 46
2133 42
2134 45
2135 23
2136 48
2137 37
2138 9
2139 32
2140 35
2141 36
2142 73
2143 57
2144 11
2145 80
2146 9
2147 3
2148 38
2149 2
2150 12
2151 29
2152 10
2153 13
2154 59
2155 23
2156 22
2157 43
2158 73
2159 39
2160 28
2161 31
2162 40
2163 28
2164 54
2165 15
2166 42
2167 45
2168 32
2169 38
2170 44
2171 7
2172 30
2173 36
2174 62
2175 28
2176 53
2177 67
2178 25
2179 55
2180 13
2181 49
2182 9
2183 42
2184 49
2185 44
2186 37
2187 13
2188 7
2189 42
2190 16
2191 80
2192 24
2193 30
2194 49
2195 37
2196 22
2197 59
2198 46
2199 10
2200 19
2201 43
2202 41
2203 70
2204 22
2205 27
2206 22
2207 57
2208 76
2209 26
2210 39
2211 18
2212 21
2213 21
2214 50
2215 18
2216 33
2217 83
2218 62
2219 37
2220 51
2221 -2
2222 46
2223 40
2224 12
2225 39
2226 9
2227 19
2228 8
2229 29
2230 43
2231 40
2232 33
2233 13
2234 53
2235 37
2236 31
2237 10
2238 37
2239 64
2240 32
2241 86
2242 34
2243 23
2244 29
2245 51
2246 26
2247 27
2248 10
2249 0
2250 42
2251 17
2252 37
2253 23
2254 21
2255 52
2256 25
2257 43
2258 35
2259 30
2260 28
2261 27
2262 74
2263 37
2264 43
2265 40
2266 43
2267 19
2268 40
2269 74
2270 76
2271 77
2272 18
2273 4
2274 57
2275 27
2276 52
2277 44
2278 85
2279 32
2280 43
2281 28
2282 8
2283 11
2284 44
2285 46
2286 66
2287 40
2288 46
2289 21
2290 55
2291 52
2292 4
2293 37
2294 35
2295 40
2296 37
2297 27
2298 27
2299 19
2300 44
2301 66
2302 35
2303 50
2304 52
2305 -6
2306 4
2307 47
2308 34
2309 37
2310 60
2311 62
2312 43
2313 61
2314 27
2315 25
2316 23
2317 40
2318 21
2319 63
2320 23
2321 61
2322 23
2323 -4
2324 -11
2325 39
2326 13
2327 30
2328 51
2329 0
2330 31
2331 44
2332 31
2333 77
2334 54
2335 36
2336 17
2337 39
2338 39
2339 63
2340 71
2341 32
2342 26
2343 20
2344 18
2345 21
2346 47
2347 28
2348 23
2349 26
2350 7
2351 19
2352 3
2353 44
2354 27
2355 17
2356 12
2357 36
2358 47
2359 40
2360 46
2361 19
2362 0
2363 49
2364 31
2365 23
2366 30
2367 23
2368 46
2369 57
2370 58
2371 40
2372 15
2373 28
2374 11
2375 25
2376 39
2377 52
2378 4
2379 30
2380 61
2381 52
2382 60
2383 13
2384 28
2385 34
2386 13
2387 46
2388 31
2389 18
2390 15
2391 39
2392 9
2393 60
2394 14
2395 64
2396 25
2397 62
2398 34
2399 50
2400 48
2401 54
2402 49
2403 41
2404 56
2405 22
2406 10
2407 20
2408 28
2409 75
2410 64
2411 41
2412 22
2413 46
2414 56
2415 65
2416 68
2417 53
2418 29
2419 11
2420 29
2421 35
2422 45
2423 47
2424 75
2425 9
2426 6
2427 27
2428 35
2429 29
2430 34
2431 33
2432 22
2433 7
2434 63
2435 55
2436 27
2437 15
2438 50
2439 64
2440 35
2441 47
2442 59
2443 12
2444 32
2445 28
2446 15
2447 43
2448 57
2449 33
2450 42
2451 75
2452 54
2453 65
2454 76
2455 24
2456 61
2457 64
2458 28
2459 12
2460 34
2461 17
2462 20
2463 33
2464 45
2465 5
2466 46
2467 21
2468 26
2469 30
2470 14
2471 94
2472 34
2473 26
2474 54
2475 -9
2476 33
2477 43
2478 100
2479 30
2480 33
2481 37
2482 25
2483 92
2484 15
2485 20
2486 45
2487 41
2488 55
2489 44
2490 35
2491 44
2492 63
2493 45
2494 10
2495 35
2496 24
2497 75
2498 61
2499 81
2500 25
2501 34
2502 56
2503 45
2504 24
2505 32
2506 43
2507 27
2508 8
2509 52
2510 17
2511 47
2512 22
2513 53
2514 60
2515 62
2516 13
2517 34
2518 26
2519 59
2520 39
2521 45
2522 11
2523 27
2524 23
2525 38
2526 61
2527 57
2528 30
2529 57
2530 45
2531 51
2532 22
2533 35
2534 43
2535 61
2536 36
2537 54
2538 13
2539 25
2540 58
2541 60
2542 1
2543 38
2544 5
2545 -5
2546 47
2547 20
2548 46
2549 46
2550 41
2551 47
2552 17
2553 47
2554 42
2555 0
2556 11
2557 39
2558 48
2559 27
2560 8
2561 55
2562 45
2563 31
2564 22
2565 44
2566 11
2567 48
2568 16
2569 39
2570 62
2571 14
2572 37
2573 4
2574 32
2575 10
2576 25
2577 51
2578 23
2579 13
2580 28
2581 12
2582 65
2583 22
2584 49
2585 23
2586 55
2587 13
2588 47
2589 24
2590 45
2591 31
2592 16
2593 60
2594 27
2595 62
2596 70
2597 8
2598 54
2599 50
2600 45
2601 15
2602 41
2603 62
2604 43
2605 20
2606 20
2607 7
2608 54
2609 41
2610 59
2611 36
2612 75
2613 61
2614 60
2615 49
2616 28
2617 25
2618 36
2619 15
2620 59
2621 28
2622 57
2623 74
2624 48
2625 64
2626 37
2627 21
2628 28
2629 20
2630 25
2631 19
2632 47
2633 34
2634 54
2635 16
2636 31
2637 93
2638 80
2639 57
2640 56
2641 30
2642 17
2643 19
2644 53
2645 31
2646 36
2647 25
2648 42
2649 57
2650 50
2651 48
2652 15
2653 35
2654 39
2655 52
2656 43
2657 71
2658 66
2659 16
2660 26
2661 80
2662 33
2663 8
2664 69
2665 12
2666 41
2667 36
2668 44
2669 41
2670 4
2671 2
2672 42
2673 22
2674 41
2675 50
2676 0
2677 60
2678 35
2679 31
2680 37
2681 16
2682 56
2683 43
2684 56
2685 33
2686 35
2687 23
2688 61
2689 29
2690 5
2691 36
2692 81
2693 49
2694 66
2695 36
2696 30
2697 16
2698 25
2699 49
2700 44
2701 21
2702 67
2703 30
2704 50
2705 72
2706 44
2707 31
2708 66
2709 48
2710 37
2711 36
2712 47
2713 32
2714 36
2715 36
2716 22
2717 32
2718 19
2719 57
2720 51
2721 43
2722 -11
2723 20
2724 48
2725 46
2726 73
2727 38
2728 58
2729 14
2730 31
2731 27
2732 52
2733 30
2734 21
2735 24
2736 51
2737 38
2738 38
2739 27
2740 61
2741 20
2742 66
2743 47
2744 41
2745 -9
2746 48
2747 64
2748 35
2749 37
2750 46
2751 48
2752 19
2753 81
2754 4
2755 49
2756 46
2757 53
2758 70
2759 39
2760 52
2761 29
2762 19
2763 32
2764 32
2765 44
2766 12
2767 11
2768 13
2769 -1
2770 20
2771 26
2772 26
2773 53
2774 45
2775 70
2776 50
2777 32
2778 -3
2779 27
2780 59
2781 17
2782 2
2783 43
2784 29
2785 34
2786 27
2787 51
2788 79
2789 58
2790 43
2791 21
2792 9
2793 0
2794 41
2795 26
2796 12
2797 7
2798 60
2799 30
2800 15
2801 27
2802 14
2803 69
2804 59
2805 51
2806 59
2807 12
2808 71
2809 32
2810 9
2811 9
2812 30
2813 39
2814 59
2815 87
2816 22
2817 32
2818 19
2819 52
2820 46
2821 33
2822 27
2823 50
2824 46
2825 28
2826 19
2827 59
2828 44
2829 58
2830 13
2831 24
2832 33
2833 41
2834 62
2835 52
2836 40
2837 23
2838 31
2839 36
2840 75
2841 22
2842 18
2843 38
2844 12
2845 39
2846 29
2847 26
2848 13
2849 12
2850 17
2851 36
2852 42
2853 18
2854 42
2855 7
2856 49
2857 23
2858 59
2859 53
2860 54
2861 36
2862 36
2863 38
2864 60
2865 76
2866 55
2867 26
2868 53
2869 79
2870 4
2871 68
2872 13
2873 36
2874 35
2875 48
2876 34
2877 35
2878 36
2879 16
2880 31
2881 16
2882 7
2883 0
2884 43
2885 1
2886 48
2887 22
2888 18
2889 95
2890 35
2891 31
2892 29
2893 23
2894 42
2895 21
2896 48
2897 21
2898 29
2899 28
2900 64
2901 13
2902 93
2903 38
2904 24
2905 52
2906 48
2907 50
2908 52
2909 21
2910 39
2911 31
2912 27
2913 24
2914 65
2915 20
2916 30
2917 20
2918 36
2919 35
2920 -1
2921 33
2922 35
2923 72
2924 50
2925 42
2926 28
2927 35
2928 35
2929 45
2930 39
2931 44
2932 40
2933 22
2934 69
2935 54
2936 6
2937 49
2938 67
2939 38
2940 66
2941 31
2942 54
2943 29
2944 31
2945 11
2946 77
2947 18
2948 31
2949 25
2950 59
2951 10
2952 8
2953 17
2954 1
2955 9
2956 75
2957 92
2958 51
2959 23
2960 45
2961 22
2962 58
2963 35
2964 -10
2965 34
2966 4
2967 10
2968 38
2969 56
2970 -2
2971 5
2972 77
2973 61
2974 44
2975 25
2976 10
2977 29
2978 62
2979 32
2980 54
2981 82
2982 0
2983 32
2984 29
2985 49
2986 34
2987 58
2988 38
2989 60
2990 43
2991 32
2992 45
2993 22
2994 37
2995 32
2996 40
2997 10
2998 25
2999 29
3000 42
3001 18
3002 40
3003 43
3004 19
3005 21
3006 38
3007 15
3008 45
3009 58
3010 2
3011 34
3012 42
3013 50
3014 24
3015 66
3016 17
3017 58
3018 36
3019 28
3020 38
3021 37
3022 54
3023 12
3024 31
3025 73
3026 20
3027 60
3028 37
3029 40
3030 37
3031 26
3032 25
3033 45
3034 73
3035 62
3036 59
3037 45
3038 53
3039 26
3040 48
3041 57
3042 12
3043 12
3044 33
3045 13
3046 66
3047 41
3048 42
3049 42
3050 6
3051 59
3052 60
3053 41
3054 18
3055 23
3056 37
3057 10
3058 56
3059 54
3060 39
3061 29
3062 15
3063 33
3064 36
3065 38
3066 26
3067 27
3068 50
3069 79
3070 15
3071 3
3072 3
3073 32
3074 38
3075 50
3076 47
3077 17
3078 60
3079 52
3080 20
3081 25
3082 37
3083 44
3084 26
3085 29
3086 42
3087 37
3088 26
3089 38
3090 30
3091 14
3092 58
3093 44
3094 54
3095 41
3096 33
3097 73
3098 42
3099 22
3100 14
3101 50
3102 23
3103 56
3104 32
3105 36
3106 31
3107 60
3108 16
3109 52
3110 4
3111 57
3112 41
3113 63
3114 24
3115 4
3116 30
3117 37
3118 48
3119 40
3120 40
3121 46
3122 37
3123 16
3124 56
3125 29
3126 11
3127 18
3128 55
3129 25
3130 38
3131 37
3132 64
3133 46
3134 27
3135 39
3136 81
3137 32
3138 33
3139 39
3140 39
3141 32
3142 15
3143 59
3144 9
3145 15
3146 15
3147 20
3148 31
3149 50
3150 50
3151 7
3152 44
3153 44
3154 39
3155 60
3156 67
3157 47
3158 23
3159 22
3160 44
3161 21
3162 46
3163 55
3164 74
3165 43
3166 45
3167 31
3168 12
3169 41
3170 6
3171 11
3172 21
3173 34
3174 32
3175 12
3176 47
3177 28
3178 5
3179 39
3180 54
3181 47
3182 65
3183 31
3184 53
3185 25
3186 39
3187 3
3188 32
3189 21
3190 18
3191 56
3192 21
3193 50
3194 61
3195 21
3196 59
3197 72
3198 21
3199 90
3200 16
3201 40
3202 68
3203 21
3204 46
3205 34
3206 23
3207 63
3208 9
3209 23
3210 56
3211 48
3212 12
3213 1
3214 49
3215 47
3216 45
3217 43
3218 44
3219 32
3220 30
3221 38
3222 56
3223 22
3224 69
3225 31
3226 58
3227 53
3228 25
3229 45
3230 12
3231 53
3232 44
3233 49
3234 28
3235 52
3236 39
3237 3
3238 26
3239 42
3240 3
3241 7
3242 41
3243 18
3244 24
3245 67
3246 29
3247 23
3248 67
3249 46
3250 53
3251 54
3252 11
3253 53
3254 43
3255 26
3256 27
3257 50
3258 65
3259 42
3260 26
3261 53
3262 49
3263 6
3264 62
3265 25
3266 19
3267 70
3268 64
3269 43
3270 23
3271 83
3272 22
3273 12
3274 33
3275 51
3276 45
3277 38
3278 86
3279 54
3280 70
3281 45
3282 41
3283 9
3284 34
3285 0
3286 19
3287 25
3288 9
3289 6
3290 32
3291 19
3292 27
3293 35
3294 24
3295 41
3296 81
3297 36
3298 35
3299 31
3300 23
3301 47
3302 33
3303 39
3304 15
3305 48
3306 7
3307 42
3308 44
3309 24
3310 52
3311 83
3312 50
3313 45
3314 18
3315 38
3316 15
3317 45
3318 23
3319 69
3320 0
3321 32
3322 33
3323 29
3324 73
3325 3
3326 43
3327 44
3328 51
3329 74
3330 29
3331 37
3332 18
3333 45
3334 47
3335 49
3336 26
3337 77
3338 54
3339 54
3340 50
3341 17
3342 81
3343 32
3344 43
3345 -9
3346 48
3347 53
3348 20
3349 40
3350 30
3351 44
3352 79
3353 39
3354 63
3355 26
3356 58
3357 54
3358 24
3359 27
3360 26
3361 57
3362 23
3363 35
3364 30
3365 15
3366 40
3367 70
3368 44
3369 59
3370 4
3371 36
3372 26
3373 22
3374 37
3375 13
3376 24
3377 7
3378 59
3379 30
3380 31
3381 11
3382 75
3383 45
3384 18
3385 32
3386 0
3387 31
3388 34
3389 19
3390 28
3391 22
3392 17
3393 22
3394 23
3395 38
3396 23
3397 20
3398 35
3399 56
3400 48
3401 55
3402 45
3403 60
3404 -7
3405 49
3406 42
3407 52
3408 20
3409 71
3410 43
3411 33
3412 9
3413 42
3414 18
3415 22
3416 39
3417 42
3418 78
3419 27
3420 4
3421 35
3422 18
3423 32
3424 29
3425 20
3426 32
3427 61
3428 8
3429 39
3430 11
3431 29
3432 33
3433 35
3434 23
3435 16
3436 60
3437 18
3438 24
3439 52
3440 34
3441 20
3442 5
3443 39
3444 4
3445 31
3446 76
3447 48
3448 50
3449 39
3450 5
3451 60
3452 45
3453 32
3454 34
3455 10
3456 24
3457 35
3458 25
3459 20
3460 39
3461 34
3462 -1
3463 58
3464 44
3465 27
3466 60
3467 23
3468 20
3469 45
3470 39
3471 18
3472 32
3473 34
3474 6
3475 29
3476 23
3477 16
3478 13
3479 41
3480 33
3481 31
3482 11
3483 38
3484 62
3485 33
3486 31
3487 40
3488 43
3489 39
3490 17
3491 32
3492 18
3493 74
3494 74
3495 35
3496 12
3497 81
3498 56
3499 33
3500 30
3501 37
3502 18
3503 52
3504 44
3505 -1
3506 44
3507 14
3508 32
3509 16
3510 -7
3511 33
3512 37
3513 57
3514 14
3515 63
3516 54
3517 69
3518 40
3519 11
3520 32
3521 26
3522 59
3523 57
3524 23
3525 31
3526 61
3527 59
3528 16
3529 26
3530 57
3531 65
3532 41
3533 58
3534 16
3535 35
3536 72
3537 16
3538 13
3539 34
3540 46
3541 41
3542 31
3543 30
3544 28
3545 29
3546 59
3547 51
3548 44
3549 32
3550 37
3551 14
3552 87
3553 45
3554 53
3555 41
3556 10
3557 55
3558 1
3559 32
3560 72
3561 62
3562 42
3563 29
3564 48
3565 9
3566 79
3567 13
3568 63
3569 57
3570 59
3571 65
3572 41
3573 35
3574 41
3575 87
3576 13
3577 41
3578 10
3579 52
3580 47
3581 13
3582 45
3583 4
3584 49
3585 57
3586 54
3587 39
3588 32
3589 37
3590 79
3591 19
3592 57
3593 39
3594 62
3595 62
3596 17
3597 21
3598 37
3599 34
3600 40
3601 21
3602 31
3603 26
3604 45
3605 60
3606 54
3607 16
3608 19
3609 20
3610 57
3611 29
3612 14
3613 57
3614 8
3615 65
3616 72
3617 35
3618 50
3619 35
3620 61
3621 56
3622 33
3623 83
3624 11
3625 43
3626 28
3627 52
3628 51
3629 20
3630 26
3631 43
3632 3
3633 27
3634 11
3635 83
3636 33
3637 49
3638 44
3639 73
3640 63
3641 43
3642 7
3643 28
3644 21
3645 20
3646 22
3647 34
3648 38
3649 32
3650 45
3651 24
3652 59
3653 30
3654 56
3655 56
3656 48
3657 10
3658 50
3659 40
3660 41
3661 48
3662 19
3663 28
3664 30
3665 44
3666 28
3667 -1
3668 46
3669 43
3670 30
3671 52
3672 25
3673 16
3674 63
3675 16
3676 9
3677 29
3678 47
3679 64
3680 52
3681 52
3682 62
3683 48
3684 87
3685 12
3686 18
3687 16
3688 39
3689 33
3690 25
3691 12
3692 36
3693 25
3694 19
3695 52
3696 34
3697 39
3698 42
3699 54
3700 11
3701 8
3702 36
3703 21
3704 9
3705 36
3706 27
3707 30
3708 56
3709 15
3710 31
3711 51
3712 36
3713 48
3714 28
3715 72
3716 66
3717 54
3718 56
3719 33
3720 19
3721 14
3722 20
3723 36
3724 53
3725 39
3726 47
3727 17
3728 49
3729 22
3730 21
3731 61
3732 25
3733 44
3734 72
3735 37
3736 17
3737 31
3738 61
3739 29
3740 52
3741 32
3742 5
3743 46
3744 37
3745 46
3746 58
3747 46
3748 29
3749 37
3750 23
3751 4
3752 47
3753 41
3754 66
3755 79
3756 42
3757 37
3758 61
3759 20
3760 28
3761 16
3762 35
3763 73
3764 97
3765 32
3766 60
3767 18
3768 55
3769 66
3770 63
3771 85
3772 32
3773 55
3774 48
3775 18
3776 24
3777 48
3778 66
3779 80
3780 24
3781 -4
3782 12
3783 90
3784 46
3785 41
3786 34
3787 50
3788 19
3789 19
3790 31
3791 58
3792 39
3793 11
3794 19
3795 35
3796 36
3797 32
3798 24
3799 32
3800 28
3801 88
3802 8
3803 29
3804 38
3805 31
3806 29
3807 27
3808 64
3809 29
3810 25
3811 29
3812 9
3813 79
3814 54
3815 29
3816 13
3817 86
3818 17
3819 46
3820 21
3821 37
3822 46
3823 34
3824 24
3825 24
3826 51
3827 59
3828 42
3829 25
3830 26
3831 54
3832 44
3833 18
3834 29
3835 1
3836 63
3837 25
3838 8
3839 31
3840 30
3841 34
3842 39
3843 26
3844 26
3845 44
3846 36
3847 62
3848 52
3849 24
3850 55
3851 41
3852 -4
3853 63
3854 25
3855 20
3856 44
3857 46
3858 41
3859 34
3860 40
3861 25
3862 36
3863 40
3864 12
3865 24
3866 36
3867 20
3868 47
3869 17
3870 27
3871 1
3872 36
3873 40
3874 41
3875 29
3876 38
3877 32
3878 49
3879 6
3880 30
3881 15
3882 27
3883 32
3884 98
3885 110
3886 36
3887 44
3888 45
3889 48
3890 31
3891 21
3892 26
3893 34
3894 55
3895 30
3896 37
3897 11
3898 29
3899 30
3900 76
3901 51
3902 56
3903 23
3904 82
3905 17
3906 27
3907 42
3908 57
3909 14
3910 54
3911 49
3912 42
3913 -2
3914 8
3915 62
3916 35
3917 33
3918 9
3919 11
3920 32
3921 62
3922 37
3923 69
3924 65
3925 14
3926 57
3927 37
3928 46
3929 42
3930 28
3931 32
3932 66
3933 58
3934 6
3935 45
3936 31
3937 29
3938 36
3939 37
3940 36
3941 43
3942 -3
3943 26
3944 63
3945 45
3946 12
3947 18
3948 49
3949 31
3950 48
3951 40
3952 63
3953 19
3954 20
3955 35
3956 69
3957 54
3958 43
3959 57
3960 37
3961 8
3962 38
3963 11
3964 66
3965 48
3966 34
3967 30
3968 49
3969 12
3970 22
3971 58
3972 32
3973 6
3974 62
3975 50
3976 30
3977 64
3978 27
3979 22
3980 64
3981 44
3982 37
3983 70
3984 18
3985 52
3986 55
3987 64
3988 54
3989 52
3990 8
3991 41
3992 31
3993 104
3994 56
3995 10
3996 55
3997 42
3998 40
3999 30
4000 46
4001 12
4002 38
4003 79
4004 64
4005 18
4006 46
4007 39
4008 32
4009 47
4010 33
4011 15
4012 26
4013 26
4014 28
4015 56
4016 34
4017 2
4018 46
4019 40
4020 55
4021 35
4022 43
4023 20
4024 65
4025 41
4026 26
4027 38
4028 -5
4029 33
4030 20
4031 44
4032 42
4033 28
4034 44
4035 19
4036 21
4037 28
4038 40
4039 23
4040 26
4041 49
4042 53
4043 7
4044 33
4045 4
4046 51
4047 22
4048 47
4049 18
4050 22
4051 22
4052 62
4053 99
4054 68
4055 -10
4056 15
4057 29
4058 34
4059 28
4060 63
4061 46
4062 42
4063 63
4064 38
4065 52
4066 33
4067 66
4068 24
4069 11
4070 50
4071 50
4072 16
4073 32
4074 40
4075 20
4076 13
4077 51
4078 28
4079 12
4080 56
4081 51
4082 45
4083 57
4084 78
4085 25
4086 76
4087 41
4088 21
4089 67
4090 28
4091 47
4092 16
4093 58
4094 4
4095 16
4096 47
4097 38
4098 12
4099 63
4100 47
4101 47
4102 41
4103 23
4104 56
4105 19
4106 27
4107 33
4108 29
4109 27
4110 -1
4111 27
4112 45
4113 10
4114 40
4115 35
4116 39
4117 46
4118 57
4119 28
4120 103
4121 61
4122 78
4123 10
4124 46
4125 8
4126 60
4127 68
4128 32
4129 22
4130 2
4131 32
4132 54
4133 25
4134 77
4135 48
4136 46
4137 31
4138 36
4139 15
4140 58
4141 41
4142 47
4143 6
4144 60
4145 79
4146 34
4147 60
4148 27
4149 40
4150 38
4151 43
4152 34
4153 55
4154 24
4155 15
4156 13
4157 10
4158 40
4159 64
4160 48
4161 31
4162 67
4163 30
4164 40
4165 55
4166 42
4167 43
4168 46
4169 78
4170 23
4171 47
4172 20
4173 22
4174 23
4175 48
4176 25
4177 34
4178 42
4179 59
4180 21
4181 40
4182 38
4183 21
4184 33
4185 5
4186 27
4187 -2
4188 48
4189 66
4190 47
4191 38
4192 6
4193 15
4194 74
4195 29
4196 31
4197 26
4198 28
4199 75
4200 25
4201 14
4202 23
4203 46
4204 8
4205 59
4206 81
4207 33
4208 89
4209 44
4210 73
4211 60
4212 95
4213 8
4214 2
4215 65
4216 23
4217 35
4218 49
4219 24
4220 89
4221 45
4222 47
4223 55
4224 46
4225 46
4226 53
4227 21
4228 28
4229 33
4230 26
4231 37
4232 27
4233 45
4234 30
4235 20
4236 25
4237 37
4238 43
4239 85
4240 30
4241 56
4242 40
4243 26
4244 75
4245 50
4246 42
4247 4
4248 22
4249 88
4250 19
4251 15
4252 22
4253 40
4254 24
4255 36
4256 32
4257 -3
4258 30
4259 36
4260 16
4261 53
4262 72
4263 88
4264 26
4265 32
4266 35
4267 22
4268 83
4269 22
4270 38
4271 20
4272 54
4273 15
4274 31
4275 34
4276 25
4277 29
4278 66
4279 1
4280 62
4281 3
4282 51
4283 48
4284 52
4285 22
4286 5
4287 36
4288 53
4289 46
4290 29
4291 67
4292 58
4293 26
4294 57
4295 20
4296 25
4297 18
4298 33
4299 45
4300 61
4301 33
4302 73
4303 3
4304 21
4305 35
4306 22
4307 44
4308 39
4309 38
4310 77
4311 57
4312 20
4313 37
4314 36
4315 42
4316 31
4317 26
4318 49
4319 16
4320 30
4321 50
4322 38
4323 77
4324 25
4325 25
4326 13
4327 29
4328 37
4329 32
4330 49
4331 43
4332 34
4333 43
4334 89
4335 74
4336 41
4337 45
4338 30
4339 2
4340 43
4341 36
4342 16
4343 24
4344 26
4345 62
4346 65
4347 17
4348 52
4349 60
4350 75
4351 17
4352 49
4353 78
4354 26
4355 35
4356 45
4357 16
4358 19
4359 27
4360 90
4361 40
4362 36
4363 39
4364 34
4365 43
4366 8
4367 71
4368 28
4369 75
4370 22
4371 65
4372 20
4373 24
4374 30
4375 34
4376 16
4377 25
4378 20
4379 75
4380 -3
4381 15
4382 9
4383 60
4384 48
4385 15
4386 39
4387 70
4388 51
4389 8
4390 10
4391 21
4392 30
4393 32
4394 18
4395 46
4396 27
4397 58
4398 89
4399 34
4400 16
4401 42
4402 75
4403 20
4404 34
4405 72
4406 52
4407 35
4408 22
4409 24
4410 40
4411 60
4412 45
4413 47
4414 33
4415 25
4416 58
4417 3
4418 41
4419 76
4420 61
4421 45
4422 36
4423 23
4424 29
4425 50
4426 38
4427 33
4428 36
4429 37
4430 17
4431 18
4432 57
4433 38
4434 13
4435 3
4436 53
4437 27
4438 41
4439 3
4440 45
4441 37
4442 65
4443 28
4444 52
4445 38
4446 66
4447 26
4448 33
4449 22
4450 40
4451 35
4452 34
4453 58
4454 0
4455 64
4456 16
4457 55
4458 43
4459 75
4460 29
4461 39
4462 30
4463 33
4464 26
4465 7
4466 17
4467 5
4468 47
4469 27
4470 41
4471 43
4472 57
4473 22
4474 40
4475 46
4476 52
4477 40
4478 53
4479 72
4480 47
4481 20
4482 15
4483 57
4484 36
4485 66
4486 8
4487 11
4488 6
4489 62
4490 32
4491 50
4492 41
4493 66
4494 34
4495 23
4496 26
4497 45
4498 20
4499 30
4500 7
4501 14
4502 30
4503 45
4504 40
4505 21
4506 16
4507 8
4508 41
4509 59
4510 34
4511 9
4512 11
4513 76
4514 37
4515 59
4516 45
4517 28
4518 39
4519 14
4520 25
4521 18
4522 32
4523 83
4524 36
4525 24
4526 21
4527 45
4528 54
4529 31
4530 23
4531 68
4532 29
4533 41
4534 19
4535 47
4536 27
4537 12
4538 52
4539 77
4540 49
4541 21
4542 19
4543 16
4544 42
4545 7
4546 19
4547 32
4548 30
4549 28
4550 50
4551 63
4552 74
4553 49
4554 57
4555 15
4556 65
4557 23
4558 26
4559 31
4560 52
4561 77
4562 35
4563 18
4564 22
4565 33
4566 13
4567 27
4568 47
4569 28
4570 38
4571 86
4572 45
4573 55
4574 65
4575 29
4576 52
4577 29
4578 4
4579 30
4580 59
4581 15
4582 35
4583 83
4584 44
4585 52
4586 60
4587 65
4588 20
4589 68
4590 -2
4591 39
4592 30
4593 8
4594 10
4595 87
4596 32
4597 17
4598 71
4599 31
4600 46
4601 38
4602 63
4603 15
4604 19
4605 54
4606 51
4607 55
4608 39
4609 57
4610 24
4611 59
4612 43
4613 41
4614 41
4615 87
4616 25
4617 40
4618 -2
4619 50
4620 39
4621 24
4622 48
4623 68
4624 45
4625 41
4626 22
4627 24
4628 35
4629 57
4630 63
4631 74
4632 68
4633 25
4634 49
4635 18
4636 48
4637 16
4638 15
4639 36
4640 13
4641 39
4642 26
4643 40
4644 -4
4645 69
4646 46
4647 56
4648 23
4649 73
4650 34
4651 14
4652 27
4653 60
4654 16
4655 25
4656 78
4657 40
4658 13
4659 55
4660 43
4661 8
4662 33
4663 15
4664 52
4665 12
4666 33
4667 29
4668 77
4669 45
4670 31
4671 23
4672 22
4673 19
4674 16
4675 31
4676 82
4677 54
4678 11
4679 21
4680 49
4681 22
4682 18
4683 53
4684 9
4685 91
4686 58
4687 27
4688 44
4689 35
4690 4
4691 11
4692 42
4693 23
4694 37
4695 46
4696 60
4697 98
4698 28
4699 12
4700 -1
4701 46
4702 51
4703 6
4704 63
4705 40
4706 51
4707 42
4708 30
4709 45
4710 27
4711 33
4712 70
4713 63
4714 31
4715 20
4716 52
4717 41
4718 40
4719 90
4720 20
4721 45
4722 27
4723 -2
4724 48
4725 9
4726 -4
4727 78
4728 31
4729 26
4730 10
4731 9
4732 19
4733 40
4734 44
4735 58
4736 20
4737 -2
4738 45
4739 63
4740 60
4741 1
4742 11
4743 43
4744 23
4745 23
4746 63
4747 23
4748 72
4749 28
4750 46
4751 70
4752 56
4753 110
4754 12
4755 12
4756 32
4757 79
4758 38
4759 82
4760 61
4761 42
4762 20
4763 28
4764 45
4765 60
4766 66
4767 48
4768 65
4769 59
4770 2
4771 14
4772 44
4773 10
4774 83
4775 38
4776 12
4777 59
4778 53
4779 46
4780 37
4781 16
4782 59
4783 88
4784 22
4785 -3
4786 76
4787 7
4788 76
4789 28
4790 59
4791 48
4792 26
4793 15
4794 30
4795 13
4796 35
4797 26
4798 92
4799 5
4800 100
4801 9
4802 32
4803 40
4804 57
4805 10
4806 0
4807 31
4808 48
4809 25
4810 14
4811 41
4812 65
4813 37
4814 37
4815 56
4816 51
4817 38
4818 32
4819 39
4820 31
4821 41
4822 56
4823 41
4824 22
4825 16
4826 41
4827 34
4828 46
4829 -6
4830 24
4831 13
4832 49
4833 32
4834 50
4835 33
4836 34
4837 29
4838 11
4839 62
4840 41
4841 45
4842 42
4843 16
4844 30
4845 18
4846 95
4847 60
4848 26
4849 19
4850 23
4851 73
4852 53
4853 37
4854 9
4855 40
4856 33
4857 13
4858 22
4859 23
4860 20
4861 21
4862 61
4863 32
4864 26
4865 15
4866 11
4867 46
4868 49
4869 45
4870 43
4871 36
4872 21
4873 70
4874 25
4875 16
4876 31
4877 39
4878 40
4879 40
4880 51
4881 17
4882 2
4883 49
4884 44
4885 105
4886 55
4887 47
4888 40
4889 39
4890 49
4891 56
4892 11
4893 25
4894 16
4895 56
4896 7
4897 55
4898 27
4899 33
4900 92
4901 30
4902 44
4903 30
4904 38
4905 50
4906 27
4907 16
4908 26
4909 38
4910 55
4911 31
4912 5
4913 56
4914 58
4915 28
4916 7
4917 38
4918 54
4919 3
4920 39
4921 32
4922 50
4923 59
4924 24
4925 39
4926 50
4927 21
4928 14
4929 32
4930 14
4931 28
4932 78
4933 78
4934 21
4935 34
4936 28
4937 82
4938 15
4939 59
4940 51
4941 20
4942 17
4943 21
4944 10
4945 27
4946 24
4947 37
4948 9
4949 18
4950 60
4951 8
4952 11
4953 56
4954 28
4955 37
4956 6
4957 17
4958 16
4959 19
4960 41
4961 51
4962 36
4963 57
4964 39
4965 48
4966 33
4967 54
4968 23
4969 29
4970 52
4971 34
4972 33
4973 30
4974 80
4975 32
4976 37
4977 26
4978 79
4979 45
4980 77
4981 23
4982 54
4983 32
4984 23
4985 20
4986 19
4987 48
4988 66
4989 26
4990 18
4991 35
4992 57
4993 69
4994 56
4995 29
4996 25
4997 47
4998 26
4999 22
5000 55
5001 27
5002 60
5003 18
5004 38
5005 63
5006 25
5007 30
5008 7
5009 4
5010 53
5011 10
5012 18
5013 43
5014 51
5015 68
5016 24
5017 39
5018 50
5019 29
5020 44
5021 6
5022 22
5023 69
5024 16
5025 38
5026 49
5027 48
5028 19
5029 19
5030 15
5031 81
5032 58
5033 18
5034 47
5035 9
5036 45
5037 56
5038 67
5039 32
5040 16
5041 38
5042 61
5043 5
5044 26
5045 46
5046 20
5047 30
5048 55
5049 28
5050 15
5051 74
5052 69
5053 48
5054 33
5055 38
5056 20
5057 75
5058 25
5059 60
5060 -2
5061 43
5062 -7
5063 47
5064 17
5065 29
5066 21
5067 43
5068 40
5069 57
5070 64
5071 45
5072 49
5073 10
5074 25
5075 19
5076 79
5077 60
5078 91
5079 39
5080 8
5081 50
5082 32
5083 37
5084 22
5085 22
5086 52
5087 53
5088 67
5089 13
5090 52
5091 40
5092 43
5093 6
5094 35
5095 57
5096 44
5097 45
5098 19
5099 27
5100 53
5101 38
5102 26
5103 26
5104 11
5105 65
5106 51
5107 27
5108 23
5109 53
5110 15
5111 23
5112 9
5113 38
5114 44
5115 47
5116 29
5117 7
5118 52
5119 57
5120 31
5121 16
5122 22
5123 58
5124 47
5125 32
5126 40
5127 34
5128 25
5129 11
5130 24
5131 18
5132 25
5133 17
5134 46
5135 30
5136 61
5137 -1
5138 47
5139 36
5140 55
5141 24
5142 56
5143 36
5144 18
5145 50
5146 17
5147 29
5148 33
5149 30
5150 57
5151 32
5152 21
5153 50
5154 51
5155 41
5156 43
5157 59
5158 18
5159 56
5160 26
5161 44
5162 57
5163 4
5164 37
5165 61
5166 42
5167 7
5168 83
5169 34
5170 68
5171 41
5172 32
5173 34
5174 39
5175 13
5176 25
5177 49
5178 38
5179 47
5180 22
5181 30
5182 31
5183 26
5184 37
5185 24
5186 24
5187 35
5188 18
5189 38
5190 46
5191 26
5192 16
5193 71
5194 16
5195 81
5196 54
5197 36
5198 24
5199 32
5200 80
5201 69
5202 49
5203 27
5204 38
5205 59
5206 25
5207 -3
5208 20
5209 22
5210 30
5211 32
5212 41
5213 63
5214 11
5215 58
5216 6
5217 29
5218 54
5219 50
5220 21
5221 70
5222 36
5223 22
5224 40
5225 -1
5226 53
5227 -9
5228 28
5229 33
5230 16
5231 24
5232 10
5233 5
5234 42
5235 45
5236 15
5237 34
5238 24
5239 26
5240 58
5241 15
5242 31
5243 40
5244 55
5245 17
5246 19
5247 31
5248 58
5249 51
5250 52
5251 41
5252 9
5253 26
5254 44
5255 36
5256 60
5257 33
5258 52
5259 70
5260 33
5261 40
5262 24
5263 17
5264 53
5265 14
5266 32
5267 46
5268 42
5269 42
5270 39
5271 16
5272 63
5273 58
5274 13
5275 50
5276 66
5277 52
5278 30
5279 39
5280 52
5281 50
5282 43
5283 70
5284 40
5285 28
5286 19
5287 64
5288 50
5289 48
5290 64
5291 21
5292 39
5293 15
5294 39
5295 78
5296 41
5297 47
5298 31
5299 0
5300 27
5301 50
5302 11
5303 52
5304 42
5305 43
5306 87
5307 73
5308 57
5309 32
5310 25
5311 36
5312 5
5313 24
5314 77
5315 15
5316 80
5317 32
5318 51
5319 36
5320 57
5321 4
5322 41
5323 22
5324 54
5325 46
5326 34
5327 7
5328 31
5329 30
5330 54
5331 47
5332 9
5333 65
5334 59
5335 10
5336 45
5337 60
5338 60
5339 66
5340 47
5341 58
5342 32
5343 40
5344 16
5345 84
5346 18
5347 58
5348 44
5349 20
5350 -9
5351 24
5352 50
5353 62
5354 51
5355 26
5356 9
5357 26
5358 44
5359 40
5360 11
5361 49
5362 62
5363 72
5364 42
5365 22
5366 1
5367 43
5368 33
5369 31
5370 47
5371 12
5372 13
5373 43
5374 17
5375 39
5376 42
5377 77
5378 67
5379 67
5380 57
5381 16
5382 33
5383 21
5384 25
5385 54
5386 42
5387 74
5388 40
5389 54
5390 57
5391 64
5392 31
5393 71
5394 33
5395 44
5396 46
5397 67
5398 59
5399 25
5400 14
5401 53
5402 62
5403 22
5404 48
5405 13
5406 36
5407 55
5408 34
5409 14
5410 19
5411 18
5412 9
5413 38
5414 28
5415 42
5416 -6
5417 36
5418 51
5419 3
5420 35
5421 39
5422 5
5423 36
5424 44
5425 19
5426 -3
5427 44
5428 83
5429 70
5430 29
5431 16
5432 75
5433 67
5434 22
5435 59
5436 29
5437 45
5438 26
5439 52
5440 34
5441 83
5442 53
5443 59
5444 73
5445 50
5446 36
5447 46
5448 39
5449 43
5450 68
5451 52
5452 42
5453 59
5454 51
5455 26
5456 48
5457 47
5458 37
5459 60
5460 57
5461 22
5462 18
5463 30
5464 20
5465 18
5466 46
5467 67
5468 35
5469 72
5470 23
5471 39
5472 59
5473 25
5474 42
5475 19
5476 28
5477 24
5478 35
5479 48
5480 48
5481 48
5482 65
5483 18
5484 61
5485 63
5486 67
5487 57
5488 54
5489 19
5490 51
5491 49
5492 65
5493 44
5494 14
5495 57
5496 51
5497 45
5498 26
5499 53
5500 33
5501 42
5502 15
5503 57
5504 31
5505 28
5506 61
5507 27
5508 57
5509 14
5510 25
5511 46
5512 40
5513 38
5514 65
5515 24
5516 37
5517 23
5518 37
5519 78
5520 48
5521 12
5522 17
5523 17
5524 14
5525 59
5526 29
5527 29
5528 24
5529 26
5530 51
5531 24
5532 53
5533 53
5534 56
5535 47
5536 3
5537 26
5538 13
5539 47
5540 54
5541 10
5542 12
5543 15
5544 71
5545 36
5546 52
5547 18
5548 44
5549 7
5550 18
5551 33
5552 29
5553 50
5554 59
5555 41
5556 24
5557 37
5558 32
5559 33
5560 20
5561 22
5562 57
5563 35
5564 25
5565 62
5566 58
5567 60
5568 33
5569 39
5570 55
5571 44
5572 29
5573 33
5574 29
5575 34
5576 49
5577 29
5578 65
5579 33
5580 48
5581 83
5582 32
5583 57
5584 52
5585 -1
5586 71
5587 43
5588 26
5589 48
5590 88
5591 31
5592 70
5593 45
5594 28
5595 47
5596 65
5597 76
5598 13
5599 13
5600 36
5601 27
5602 27
5603 28
5604 97
5605 31
5606 38
5607 12
5608 39
5609 14
5610 27
5611 52
5612 50
5613 74
5614 39
5615 -4
5616 34
5617 53
5618 16
5619 80
5620 67
5621 44
5622 19
5623 33
5624 89
5625 39
5626 57
5627 79
5628 44
5629 18
5630 20
5631 13
5632 46
5633 41
5634 63
5635 17
5636 54
5637 54
5638 23
5639 31
5640 15
5641 55
5642 36
5643 46
5644 33
5645 36
5646 59
5647 33
5648 19
5649 28
5650 27
5651 39
5652 51
5653 34
5654 19
5655 10
5656 84
5657 28
5658 6
5659 29
5660 59
5661 14
5662 8
5663 10
5664 7
5665 50
5666 23
5667 66
5668 9
5669 11
5670 39
5671 34
5672 79
5673 14
5674 68
5675 41
5676 56
5677 12
5678 61
5679 42
5680 59
5681 29
5682 16
5683 25
5684 54
5685 17
5686 40
5687 21
5688 4
5689 40
5690 34
5691 9
5692 64
5693 8
5694 31
5695 20
5696 37
5697 31
5698 65
5699 23
5700 16
5701 44
5702 34
5703 25
5704 32
5705 29
5706 46
5707 48
5708 26
5709 22
5710 51
5711 31
5712 35
5713 42
5714 55
5715 64
5716 45
5717 32
5718 2
5719 58
5720 33
5721 9
5722 59
5723 40
5724 35
5725 3
5726 10
5727 19
5728 33
5729 57
5730 26
5731 55
5732 3
5733 25
5734 51
5735 19
5736 18
5737 51
5738 72
5739 5
5740 41
5741 77
5742 52
5743 47
5744 33
5745 56
5746 3
5747 26
5748 8
5749 47
5750 48
5751 54
5752 60
5753 44
5754 6
5755 20
5756 42
5757 54
5758 14
5759 59
5760 37
5761 44
5762 60
5763 29
5764 59
5765 46
5766 73
5767 28
5768 47
5769 44
5770 11
5771 13
5772 15
5773 -4
5774 72
5775 19
5776 36
5777 26
5778 29
5779 44
5780 65
5781 23
5782 19
5783 37
5784 82
5785 30
5786 47
5787 58
5788 16
5789 39
5790 11
5791 40
5792 27
5793 36
5794 28
5795 22
5796 47
5797 23
5798 85
5799 22
5800 25
5801 12
5802 19
5803 23
5804 47
5805 46
5806 38
5807 38
5808 66
5809 52
5810 51
5811 59
5812 52
5813 47
5814 24
5815 36
5816 40
5817 51
5818 23
5819 26
5820 55
5821 50
5822 45
5823 22
5824 23
5825 40
5826 60
5827 64
5828 69
5829 51
5830 24
5831 11
5832 35
5833 41
5834 20
5835 39
5836 22
5837 53
5838 40
5839 47
5840 49
5841 60
5842 54
5843 99
5844 12
5845 29
5846 34
5847 26
5848 37
5849 49
5850 66
5851 51
5852 52
5853 19
5854 40
5855 37
5856 34
5857 38
5858 7
5859 45
5860 56
5861 54
5862 21
5863 23
5864 40
5865 61
5866 17
5867 43
5868 82
5869 41
5870 20
5871 58
5872 46
5873 77
5874 39
5875 36
5876 58
5877 33
5878 61
5879 38
5880 4
5881 22
5882 46
5883 82
5884 49
5885 46
5886 41
5887 53
5888 61
5889 36
5890 21
5891 32
5892 55
5893 72
5894 32
5895 29
5896 44
5897 5
5898 52
5899 26
5900 25
5901 18
5902 31
5903 47
5904 54
5905 23
5906 44
5907 78
5908 17
5909 51
5910 54
5911 22
5912 18
5913 39
5914 22
5915 37
5916 46
5917 68
5918 32
5919 55
5920 50
5921 14
5922 2
5923 25
5924 25
5925 59
5926 41
5927 30
5928 35
5929 78
5930 51
5931 58
5932 19
5933 24
5934 30
5935 30
5936 31
5937 50
5938 41
5939 39
5940 37
5941 46
5942 15
5943 42
5944 34
5945 33
5946 -14
5947 30
5948 32
5949 63
5950 78
5951 13
5952 30
5953 87
5954 14
5955 48
5956 25
5957 46
5958 6
5959 16
5960 70
5961 23
5962 44
5963 17
5964 11
5965 15
5966 53
5967 23
5968 49
5969 13
5970 49
5971 42
5972 30
5973 49
5974 51
5975 24
5976 33
5977 33
5978 75
5979 29
5980 53
5981 9
5982 10
5983 25
5984 64
5985 44
5986 28
5987 45
5988 32
5989 51
5990 42
5991 50
5992 40
5993 45
5994 30
5995 17
5996 36
5997 4
5998 20
5999 45
6000 29
6001 28
6002 61
6003 42
6004 48
6005 38
6006 11
6007 50
6008 66
6009 58
6010 38
6011 48
6012 26
6013 79
6014 27
6015 66
6016 34
6017 44
6018 15
6019 108
6020 39
6021 82
6022 36
6023 67
6024 33
6025 54
6026 57
6027 53
6028 75
6029 48
6030 75
6031 27
6032 16
6033 16
6034 55
6035 49
6036 70
6037 27
6038 33
6039 55
6040 39
6041 29
6042 23
6043 33
6044 21
6045 34
6046 64
6047 4
6048 52
6049 27
6050 38
6051 35
6052 52
6053 23
6054 29
6055 27
6056 14
6057 23
6058 59
6059 31
6060 11
6061 25
6062 22
6063 63
6064 36
6065 39
6066 11
6067 39
6068 14
6069 48
6070 24
6071 34
6072 19
6073 55
6074 31
6075 20
6076 46
6077 35
6078 55
6079 33
6080 61
6081 44
6082 24
6083 12
6084 9
6085 67
6086 51
6087 47
6088 12
6089 54
6090 90
6091 37
6092 71
6093 59
6094 13
6095 18
6096 52
6097 3
6098 49
6099 21
6100 27
6101 38
6102 47
6103 31
6104 33
6105 31
6106 36
6107 57
6108 16
6109 31
6110 23
6111 66
6112 36
6113 30
6114 10
6115 15
6116 5
6117 25
6118 21
6119 7
6120 39
6121 26
6122 25
6123 22
6124 78
6125 51
6126 27
6127 4
6128 27
6129 28
6130 26
6131 1
6132 65
6133 63
6134 -2
6135 48
6136 26
6137 29
6138 75
6139 64
6140 63
6141 41
6142 37
6143 55
6144 52
6145 38
6146 22
6147 33
6148 4
6149 55
6150 15
6151 34
6152 33
6153 35
6154 45
6155 46
6156 40
6157 46
6158 39
6159 6
6160 28
6161 56
6162 60
6163 36
6164 36
6165 28
6166 34
6167 20
6168 53
6169 43
6170 45
6171 26
6172 23
6173 29
6174 64
6175 18
6176 4
6177 17
6178 45
6179 43
6180 43
6181 50
6182 28
6183 10
6184 50
6185 31
6186 14
6187 35
6188 25
6189 23
6190 12
6191 94
6192 49
6193 16
6194 62
6195 51
6196 60
6197 19
6198 50
6199 35
6200 9
6201 54
6202 51
6203 38
6204 63
6205 46
6206 27
6207 21
6208 33
6209 45
6210 24
6211 25
6212 36
6213 27
6214 3
6215 56
6216 46
6217 42
6218 16
6219 1
6220 65
6221 41
6222 64
6223 40
6224 29
6225 40
6226 49
6227 29
6228 46
6229 57
6230 67
6231 65
6232 15
6233 48
6234 52
6235 31
6236 42
6237 25
6238 56
6239 62
6240 58
6241 19
6242 10
6243 10
6244 47
6245 33
6246 6
6247 25
6248 31
6249 62
6250 58
6251 -2
6252 61
6253 14
6254 62
6255 49
6256 31
6257 50
6258 16
6259 15
6260 22
6261 42
6262 63
6263 49
6264 63
6265 15
6266 28
6267 26
6268 29
6269 32
6270 15
6271 67
6272 83
6273 -7
6274 55
6275 54
6276 35
6277 3
6278 66
6279 27
6280 43
6281 42
6282 71
6283 43
6284 56
6285 64
6286 70
6287 68
6288 62
6289 6
6290 45
6291 71
6292 54
6293 32
6294 21
6295 16
6296 64
6297 45
6298 -1
6299 45
6300 27
6301 41
6302 41
6303 41
6304 1
6305 11
6306 55
6307 40
6308 40
6309 57
6310 37
6311 52
6312 66
6313 -2
6314 36
6315 27
6316 51
6317 39
6318 5
6319 82
6320 8
6321 30
6322 38
6323 43
6324 7
6325 51
6326 67
6327 31
6328 21
6329 52
6330 19
6331 13
6332 73
6333 39
6334 46
6335 59
6336 -7
6337 17
6338 17
6339 45
6340 36
6341 54
6342 92
6343 38
6344 46
6345 8
6346 0
6347 46
6348 18
6349 35
6350 8
6351 20
6352 27
6353 36
6354 47
6355 34
6356 1
6357 52
6358 59
6359 24
6360 68
6361 28
6362 85
6363 45
6364 55
6365 39
6366 48
6367 31
6368 5
6369 14
6370 30
6371 30
6372 30
6373 27
6374 40
6375 27
6376 10
6377 61
6378 31
6379 44
6380 3
6381 30
6382 27
6383 38
6384 29
6385 39
6386 42
6387 58
6388 45
6389 56
6390 33
6391 39
6392 0
6393 50
6394 42
6395 34
6396 41
6397 87
6398 51
6399 17
6400 35
6401 3
6402 14
6403 35
6404 40
6405 33
6406 43
6407 55
6408 61
6409 26
6410 41
6411 15
6412 26
6413 60
6414 26
6415 -6
6416 35
6417 50
6418 23
6419 53
6420 33
6421 52
6422 31
6423 79
6424 62
6425 52
6426 48
6427 70
6428 26
6429 28
6430 34
6431 28
6432 27
6433 11
6434 29
6435 46
6436 67
6437 41
6438 46
6439 29
6440 49
6441 23
6442 46
6443 44
6444 18
6445 12
6446 7
6447 101
6448 60
6449 25
6450 41
6451 64
6452 40
6453 28
6454 75
6455 9
6456 25
6457 57
6458 7
6459 35
6460 29
6461 28
6462 52
6463 4
6464 61
6465 47
6466 11
6467 15
6468 24
6469 16
6470 24
6471 30
6472 73
6473 54
6474 42
6475 17
6476 40
6477 35
6478 49
6479 39
6480 19
6481 18
6482 38
6483 29
6484 80
6485 56
6486 13
6487 75
6488 58
6489 26
6490 57
6491 28
6492 75
6493 54
6494 75
6495 71
6496 9
6497 72
6498 26
6499 46
6500 75
6501 33
6502 14
6503 43
6504 44
6505 66
6506 70
6507 12
6508 5
6509 29
6510 4
6511 39
6512 53
6513 16
6514 57
6515 84
6516 3
6517 26
6518 71
6519 23
6520 32
6521 49
6522 24
6523 72
6524 40
6525 56
6526 28
6527 58
6528 39
6529 29
6530 35
6531 39
6532 69
6533 42
6534 29
6535 34
6536 27
6537 28
6538 30
6539 75
6540 35
6541 33
6542 54
6543 28
6544 12
6545 32
6546 34
6547 45
6548 30
6549 37
6550 38
6551 48
6552 54
6553 35
6554 67
6555 49
6556 25
6557 72
6558 38
6559 29
6560 26
6561 33
6562 57
6563 52
6564 62
6565 36
6566 35
6567 19
6568 56
6569 50
6570 70
6571 1
6572 4
6573 30
6574 20
6575 72
6576 45
6577 52
6578 21
6579 49
6580 12
6581 29
6582 47
6583 35
6584 24
6585 37
6586 53
6587 24
6588 24
6589 36
6590 32
6591 3
6592 31
6593 41
6594 54
6595 37
6596 39
6597 48
6598 78
6599 9
6600 31
6601 78
6602 10
6603 22
6604 67
6605 28
6606 17
6607 80
6608 68
6609 6
6610 29
6611 53
6612 39
6613 22
6614 38
6615 106
6616 25
6617 45
6618 23
6619 50
6620 85
6621 33
6622 26
6623 2
6624 55
6625 14
6626 45
6627 77
6628 57
6629 57
6630 19
6631 43
6632 44
6633 32
6634 39
6635 54
6636 34
6637 84
6638 39
6639 53
6640 16
6641 56
6642 33
6643 40
6644 36
6645 15
6646 24
6647 6
6648 61
6649 7
6650 44
6651 22
6652 49
6653 101
6654 37
6655 37
6656 56
6657 47
6658 55
6659 16
6660 24
6661 33
6662 27
6663 28
6664 14
6665 58
6666 47
6667 40
6668 49
6669 5
6670 42
6671 43
6672 33
6673 12
6674 41
6675 32
6676 7
6677 24
6678 57
6679 57
6680 28
6681 64
6682 48
6683 11
6684 23
6685 36
6686 3
6687 13
6688 36
6689 55
6690 50
6691 40
6692 41
6693 48
6694 14
6695 47
6696 15
6697 57
6698 29
6699 43
6700 23
6701 59
6702 16
6703 60
6704 31
6705 87
6706 64
6707 66
6708 71
6709 24
6710 62
6711 56
6712 17
6713 56
6714 87
6715 31
6716 35
6717 41
6718 52
6719 15
6720 42
6721 45
6722 44
6723 16
6724 24
6725 16
6726 10
6727 40
6728 52
6729 57
6730 8
6731 34
6732 68
6733 34
6734 23
6735 35
6736 15
6737 1
6738 28
6739 21
6740 16
6741 46
6742 30
6743 32
6744 14
6745 46
6746 41
6747 23
6748 15
6749 58
6750 53
6751 15
6752 20
6753 38
6754 36
6755 3
6756 44
6757 46
6758 38
6759 27
6760 42
6761 29
6762 39
6763 32
6764 16
6765 74
6766 47
6767 62
6768 5
6769 21
6770 57
6771 -7
6772 -1
6773 34
6774 78
6775 31
6776 68
6777 78
6778 44
6779 35
6780 67
6781 22
6782 50
6783 73
6784 2
6785 22
6786 15
6787 13
6788 50
6789 28
6790 7
6791 22
6792 18
6793 41
6794 47
6795 55
6796 30
6797 51
6798 26
6799 11
6800 33
6801 15
6802 30
6803 61
6804 48
6805 40
6806 61
6807 50
6808 26
6809 47
6810 45
6811 26
6812 39
6813 23
6814 37
6815 16
6816 35
6817 30
6818 35
6819 63
6820 22
6821 8
6822 13
6823 29
6824 23
6825 14
6826 28
6827 33
6828 35
6829 49
6830 7
6831 34
6832 76
6833 23
6834 26
6835 37
6836 -2
6837 32
6838 18
6839 40
6840 26
6841 55
6842 53
6843 31
6844 11
6845 37
6846 52
6847 46
6848 52
6849 -2
6850 9
6851 2
6852 26
6853 50
6854 35
6855 39
6856 67
6857 31
6858 27
6859 22
6860 25
6861 28
6862 35
6863 72
6864 65
6865 10
6866 41
6867 14
6868 56
6869 38
6870 48
6871 75
6872 54
6873 59
6874 36
6875 59
6876 41
6877 54
6878 76
6879 32
6880 23
6881 25
6882 62
6883 27
6884 22
6885 27
6886 65
6887 52
6888 40
6889 31
6890 11
6891 24
6892 22
6893 51
6894 33
6895 18
6896 16
6897 30
6898 -7
6899 22
6900 27
6901 13
6902 4
6903 66
6904 32
6905 48
6906 -6
6907 57
6908 80
6909 57
6910 50
6911 52
6912 3
6913 33
6914 22
6915 17
6916 45
6917 -15
6918 67
6919 28
6920 20
6921 61
6922 72
6923 53
6924 26
6925 40
6926 70
6927 37
6928 69
6929 39
6930 18
6931 48
6932 31
6933 25
6934 21
6935 48
6936 47
6937 48
6938 52
6939 1
6940 18
6941 46
6942 33
6943 27
6944 34
6945 104
6946 16
6947 32
6948 58
6949 42
6950 58
6951 106
6952 30
6953 7
6954 34
6955 4
6956 16
6957 67
6958 65
6959 73
6960 18
6961 60
6962 66
6963 2
6964 10
6965 22
6966 45
6967 67
6968 4
6969 64
6970 52
6971 53
6972 31
6973 66
6974 43
6975 45
6976 35
6977 59
6978 46
6979 39
6980 18
6981 27
6982 36
6983 60
6984 43
6985 25
6986 68
6987 41
6988 31
6989 45
6990 21
6991 63
6992 74
6993 48
6994 11
6995 14
6996 14
6997 17
6998 34
6999 32
7000 56
7001 30
7002 29
7003 29
7004 59
7005 50
7006 60
7007 35
7008 10
7009 43
7010 44
7011 54
7012 54
7013 17
7014 37
7015 13
7016 40
7017 33
7018 46
7019 53
7020 31
7021 58
7022 63
7023 71
7024 55
7025 25
7026 20
7027 54
7028 31
7029 32
7030 56
7031 35
7032 62
7033 77
7034 49
7035 39
7036 26
7037 62
7038 64
7039 37
7040 34
7041 31
7042 73
7043 60
7044 25
7045 51
7046 17
7047 38
7048 56
7049 -1
7050 35
7051 31
7052 12
7053 39
7054 65
7055 28
7056 30
7057 25
7058 7
7059 17
7060 31
7061 62
7062 23
7063 20
7064 24
7065 49
7066 33
7067 28
7068 68
7069 48
7070 37
7071 31
7072 83
7073 36
7074 22
7075 18
7076 31
7077 55
7078 45
7079 20
7080 70
7081 56
7082 42
7083 11
7084 38
7085 27
7086 87
7087 17
7088 17
7089 14
7090 73
7091 34
7092 38
7093 18
7094 44
7095 28
7096 71
7097 23
7098 20
7099 33
7100 53
7101 29
7102 42
7103 29
7104 42
7105 45
7106 33
7107 48
7108 10
7109 65
7110 12
7111 38
7112 39
7113 39
7114 42
7115 31
7116 57
7117 23
7118 15
7119 45
7120 30
7121 11
7122 50
7123 41
7124 45
7125 1
7126 58
7127 14
7128 36
7129 102
7130 7
7131 61
7132 -7
7133 39
7134 42
7135 22
7136 30
7137 59
7138 42
7139 36
7140 64
7141 38
7142 45
7143 41
7144 79
7145 24
7146 13
7147 31
7148 91
7149 33
7150 46
7151 34
7152 72
7153 22
7154 57
7155 32
7156 53
7157 39
7158 45
7159 94
7160 41
7161 35
7162 57
7163 17
7164 46
7165 18
7166 49
7167 67
7168 33
7169 77
7170 19
7171 61
7172 52
7173 12
7174 43
7175 46
7176 59
7177 36
7178 -4
7179 14
7180 67
7181 36
7182 53
7183 16
7184 -2
7185 20
7186 35
7187 29
7188 35
7189 37
7190 21
7191 63
7192 50
7193 18
7194 42
7195 91
7196 52
7197 39
7198 23
7199 29
7200 43
7201 53
7202 43
7203 44
7204 46
7205 30
7206 32
7207 55
7208 39
7209 24
7210 42
7211 62
7212 42
7213 46
7214 26
7215 31
7216 34
7217 41
7218 49
7219 54
7220 15
7221 44
7222 41
7223 54
7224 85
7225 14
7226 32
7227 60
7228 52
7229 49
7230 85
7231 21
7232 41
7233 41
7234 40
7235 34
7236 40
7237 50
7238 47
7239 11
7240 57
7241 23
7242 40
7243 90
7244 32
7245 49
7246 48
7247 48
7248 25
7249 34
7250 9
7251 60
7252 7
7253 57
7254 38
7255 75
7256 8
7257 58
7258 38
7259 32
7260 51
7261 69
7262 23
7263 63
7264 60
7265 37
7266 32
7267 48
7268 48
7269 15
7270 37
7271 33
7272 56
7273 8
7274 71
7275 45
7276 55
7277 49
7278 83
7279 31
7280 2
7281 46
7282 58
7283 34
7284 47
7285 25
7286 51
7287 29
7288 18
7289 42
7290 -4
7291 73
7292 53
7293 45
7294 65
7295 10
7296 26
7297 32
7298 16
7299 24
7300 65
7301 4
7302 37
7303 28
7304 64
7305 72
7306 58
7307 54
7308 43
7309 66
7310 15
7311 16
7312 28
7313 28
7314 39
7315 31
7316 26
7317 68
7318 38
7319 55
7320 26
7321 39
7322 61
7323 58
7324 52
7325 47
7326 40
7327 52
7328 38
7329 32
7330 20
7331 62
7332 55
7333 44
7334 26
7335 58
7336 10
7337 76
7338 77
7339 36
7340 32
7341 57
7342 62
7343 20
7344 46
7345 23
7346 25
7347 50
7348 36
7349 14
7350 50
7351 35
7352 35
7353 35
7354 15
7355 64
7356 17
7357 54
7358 58
7359 12
7360 52
7361 43
7362 24
7363 6
7364 49
7365 54
7366 6
7367 41
7368 48
7369 14
7370 84
7371 42
7372 31
7373 22
7374 16
7375 21
7376 27
7377 56
7378 40
7379 51
7380 50
7381 60
7382 65
7383 67
7384 44
7385 27
7386 59
7387 30
7388 38
7389 53
7390 79
7391 80
7392 50
7393 23
7394 74
7395 49
7396 73
7397 36
7398 54
7399 28
7400 39
7401 32
7402 58
7403 -4
7404 50
7405 33
7406 57
7407 19
7408 54
7409 38
7410 30
7411 29
7412 52
7413 31
7414 14
7415 51
7416 29
7417 25
7418 57
7419 25
7420 23
7421 35
7422 22
7423 44
7424 63
7425 55
7426 66
7427 31
7428 66
7429 8
7430 56
7431 57
7432 102
7433 90
7434 76
7435 59
7436 23
7437 16
7438 36
7439 42
7440 65
7441 52
7442 40
7443 42
7444 24
7445 34
7446 42
7447 45
7448 63
7449 62
7450 30
7451 51
7452 31
7453 22
7454 44
7455 22
7456 59
7457 57
7458 48
7459 67
7460 65
7461 26
7462 30
7463 15
7464 68
7465 52
7466 51
7467 16
7468 15
7469 36
7470 65
7471 -14
7472 81
7473 65
7474 25
7475 89
7476 54
7477 -3
7478 46
7479 80
7480 49
7481 27
7482 78
7483 38
7484 14
7485 26
7486 17
7487 48
7488 44
7489 56
7490 26
7491 28
7492 28
7493 51
7494 26
7495 48
7496 45
7497 42
7498 51
7499 40
7500 18
7501 45
7502 32
7503 42
7504 33
7505 67
7506 28
7507 3
7508 12
7509 30
7510 53
7511 62
7512 40
7513 23
7514 4
7515 42
7516 20
7517 18
7518 60
7519 21
7520 52
7521 29
7522 19
7523 23
7524 29
7525 42
7526 18
7527 35
7528 70
7529 47
7530 25
7531 -11
7532 41
7533 68
7534 24
7535 32
7536 33
7537 44
7538 58
7539 28
7540 15
7541 15
7542 28
7543 65
7544 45
7545 25
7546 9
7547 13
7548 44
7549 14
7550 47
7551 50
7552 25
7553 62
7554 89
7555 37
7556 19
7557 46
7558 36
7559 80
7560 10
7561 47
7562 32
7563 9
7564 20
7565 34
7566 17
7567 41
7568 21
7569 75
7570 46
7571 -15
7572 42
7573 43
7574 92
7575 76
7576 71
7577 41
7578 10
7579 69
7580 26
7581 22
7582 19
7583 57
7584 49
7585 42
7586 55
7587 47
7588 45
7589 42
7590 -4
7591 46
7592 0
7593 15
7594 42
7595 39
7596 56
7597 12
7598 11
7599 36
7600 24
7601 71
7602 66
7603 36
7604 47
7605 26
7606 32
7607 40
7608 56
7609 67
7610 23
7611 37
7612 18
7613 18
7614 2
7615 46
7616 27
7617 65
7618 31
7619 48
7620 44
7621 33
7622 8
7623 39
7624 13
7625 47
7626 41
7627 55
7628 39
7629 -2
7630 36
7631 54
7632 61
7633 17
7634 76
7635 -3
7636 73
7637 19
7638 55
7639 52
7640 50
7641 47
7642 37
7643 47
7644 17
7645 36
7646 47
7647 65
7648 51
7649 83
7650 7
7651 32
7652 25
7653 53
7654 29
7655 29
7656 48
7657 38
7658 48
7659 57
7660 60
7661 27
7662 50
7663 79
7664 76
7665 59
7666 92
7667 50
7668 10
7669 40
7670 48
7671 22
7672 16
7673 10
7674 70
7675 63
7676 22
7677 15
7678 13
7679 32
7680 22
7681 61
7682 24
7683 13
7684 61
7685 39
7686 32
7687 77
7688 13
7689 57
7690 13
7691 14
7692 42
7693 25
7694 81
7695 37
7696 39
7697 35
7698 15
7699 72
7700 55
7701 40
7702 1
7703 58
7704 30
7705 37
7706 72
7707 40
7708 25
7709 90
7710 28
7711 22
7712 21
7713 34
7714 26
7715 71
7716 57
7717 24
7718 39
7719 42
7720 33
7721 -1
7722 19
7723 31
7724 35
7725 44
7726 20
7727 43
7728 40
7729 12
7730 57
7731 36
7732 43
7733 19
7734 44
7735 38
7736 19
7737 64
7738 32
7739 49
7740 26
7741 37
7742 -3
7743 32
7744 71
7745 94
7746 45
7747 41
7748 51
7749 47
7750 13
7751 44
7752 46
7753 12
7754 40
7755 44
7756 36
7757 53
7758 85
7759 58
7760 2
7761 35
7762 30
7763 34
7764 27
7765 68
7766 66
7767 29
7768 47
7769 20
7770 30
7771 37
7772 63
7773 52
7774 30
7775 17
7776 34
7777 32
7778 23
7779 86
7780 46
7781 12
7782 25
7783 20
7784 24
7785 19
7786 8
7787 11
7788 41
7789 61
7790 27
7791 5
7792 56
7793 61
7794 37
7795 27
7796 77
7797 65
7798 48
7799 29
7800 40
7801 17
7802 6
7803 59
7804 51
7805 60
7806 23
7807 51
7808 50
7809 41
7810 18
7811 25
7812 34
7813 8
7814 19
7815 92
7816 59
7817 31
7818 56
7819 75
7820 44
7821 37
7822 74
7823 69
7824 66
7825 30
7826 71
7827 59
7828 47
7829 43
7830 47
7831 28
7832 25
7833 47
7834 18
7835 26
7836 42
7837 35
7838 29
7839 75
7840 61
7841 63
7842 7
7843 41
7844 37
7845 23
7846 43
7847 28
7848 47
7849 40
7850 69
7851 21
7852 38
7853 41
7854 41
7855 47
7856 75
7857 48
7858 59
7859 49
7860 35
7861 48
7862 31
7863 37
7864 56
7865 86
7866 20
7867 8
7868 20
7869 45
7870 58
7871 14
7872 38
7873 81
7874 53
7875 19
7876 6
7877 23
7878 42
7879 37
7880 10
7881 58
7882 40
7883 13
7884 25
7885 29
7886 0
7887 36
7888 34
7889 47
7890 57
7891 26
7892 65
7893 58
7894 31
7895 25
7896 58
7897 82
7898 38
7899 25
7900 32
7901 66
7902 13
7903 31
7904 38
7905 12
7906 48
7907 26
7908 46
7909 30
7910 14
7911 38
7912 88
7913 53
7914 3
7915 7
7916 37
7917 21
7918 45
7919 29
7920 24
7921 63
7922 80
7923 28
7924 9
7925 45
7926 25
7927 41
7928 69
7929 76
7930 47
7931 10
7932 27
7933 60
7934 51
7935 34
7936 21
7937 43
7938 68
7939 26
7940 20
7941 20
7942 49
7943 39
7944 39
7945 77
7946 44
7947 41
7948 17
7949 30
7950 28
7951 23
7952 56
7953 45
7954 27
7955 7
7956 -2
7957 22
7958 20
7959 30
7960 49
7961 17
7962 24
7963 37
7964 70
7965 33
7966 28
7967 11
7968 17
7969 31
7970 60
7971 46
7972 36
7973 0
7974 56
7975 17
7976 47
7977 75
7978 70
7979 19
7980 18
7981 70
7982 53
7983 63
7984 34
7985 35
7986 54
7987 50
7988 23
7989 27
7990 1
7991 17
7992 26
7993 54
7994 -3
7995 61
7996 9
7997 40
7998 39
7999 24
8000 70
8001 33
8002 39
8003 62
8004 53
8005 48
8006 74
8007 34
8008 31
8009 61
8010 26
8011 20
8012 45
8013 51
8014 47
8015 23
8016 25
8017 31
8018 33
8019 -6
8020 14
8021 32
8022 42
8023 12
8024 62
8025 50
8026 20
8027 54
8028 71
8029 47
8030 42
8031 37
8032 52
8033 19
8034 60
8035 57
8036 80
8037 55
8038 89
8039 60
8040 98
8041 71
8042 6
8043 8
8044 39
8045 48
8046 32
8047 20
8048 47
8049 72
8050 42
8051 47
8052 65
8053 51
8054 -3
8055 36
8056 34
8057 14
8058 37
8059 40
8060 76
8061 7
8062 20
8063 30
8064 79
8065 99
8066 24
8067 39
8068 57
8069 48
8070 35
8071 57
8072 38
8073 20
8074 77
8075 78
8076 12
8077 61
8078 10
8079 76
8080 62
8081 41
8082 42
8083 30
8084 25
8085 -2
8086 16
8087 24
8088 60
8089 34
8090 38
8091 30
8092 11
8093 50
8094 14
8095 55
8096 58
8097 45
8098 69
8099 36
8100 23
8101 22
8102 49
8103 37
8104 81
8105 20
8106 37
8107 35
8108 42
8109 16
8110 48
8111 51
8112 41
8113 58
8114 1
8115 30
8116 37
8117 28
8118 15
8119 37
8120 93
8121 48
8122 42
8123 7
8124 0
8125 44
8126 35
8127 37
8128 54
8129 48
8130 47
8131 51
8132 58
8133 17
8134 43
8135 10
8136 57
8137 30
8138 25
8139 94
8140 50
8141 30
8142 50
8143 47
8144 43
8145 65
8146 72
8147 41
8148 49
8149 26
8150 66
8151 44
8152 70
8153 26
8154 39
8155 57
8156 21
8157 21
8158 18
8159 61
8160 79
8161 36
8162 34
8163 62
8164 54
8165 34
8166 74
8167 73
8168 49
8169 30
8170 0
8171 48
8172 9
8173 35
8174 71
8175 35
8176 35
8177 38
8178 33
8179 6
8180 64
8181 72
8182 63
8183 25
8184 29
8185 18
8186 84
8187 70
8188 21
8189 40
8190 46
8191 43
8192 45
8193 55
8194 13
8195 49
8196 53
8197 54
8198 22
8199 17
8200 61
8201 8
8202 15
8203 9
8204 33
8205 25
8206 37
8207 37
8208 16
8209 24
8210 19
8211 67
8212 37
8213 41
8214 13
8215 71
8216 18
8217 58
8218 86
8219 47
8220 23
8221 61
8222 64
8223 59
8224 50
8225 63
8226 21
8227 48
8228 34
8229 49
8230 65
8231 17
8232 31
8233 22
8234 29
8235 44
8236 44
8237 41
8238 80
8239 12
8240 73
8241 32
8242 33
8243 70
8244 12
8245 51
8246 29
8247 54
8248 41
8249 40
8250 37
8251 27
8252 62
8253 53
8254 17
8255 57
8256 44
8257 33
8258 61
8259 17
8260 31
8261 45
8262 33
8263 31
8264 46
8265 21
8266 34
8267 28
8268 62
8269 59
8270 40
8271 33
8272 13
8273 62
8274 77
8275 58
8276 8
8277 43
8278 45
8279 48
8280 38
8281 2
8282 5
8283 34
8284 64
8285 38
8286 15
8287 59
8288 48
8289 31
8290 11
8291 1
8292 41
8293 31
8294 30
8295 62
8296 29
8297 51
8298 46
8299 11
8300 40
8301 42
8302 86
8303 32
8304 38
8305 20
8306 41
8307 35
8308 17
8309 34
8310 40
8311 51
8312 68
8313 62
8314 70
8315 10
8316 21
8317 72
8318 53
8319 54
8320 53
8321 24
8322 46
8323 6
8324 8
8325 35
8326 16
8327 39
8328 67
8329 5
8330 38
8331 29
8332 21
8333 47
8334 22
8335 44
8336 13
8337 0
8338 33
8339 92
8340 28
8341 10
8342 48
8343 21
8344 35
8345 32
8346 39
8347 55
8348 55
8349 33
8350 72
8351 40
8352 61
8353 35
8354 55
8355 57
8356 33
8357 25
8358 50
8359 26
8360 42
8361 78
8362 34
8363 38
8364 67
8365 40
8366 75
8367 58
8368 63
8369 90
8370 31
8371 46
8372 62
8373 29
8374 72
8375 53
8376 5
8377 5
8378 58
8379 80
8380 9
8381 105
8382 69
8383 54
8384 27
8385 7
8386 33
8387 32
8388 8
8389 29
8390 15
8391 61
8392 39
8393 55
8394 89
8395 56
8396 42
8397 41
8398 69
8399 66
8400 7
8401 75
8402 46
8403 27
8404 72
8405 37
8406 51
8407 49
8408 25
8409 36
8410 0
8411 52
8412 7
8413 30
8414 36
8415 33
8416 52
8417 4
8418 29
8419 61
8420 36
8421 96
8422 24
8423 82
8424 29
8425 38
8426 79
8427 35
8428 0
8429 21
8430 54
8431 37
8432 45
8433 48
8434 62
8435 30
8436 58
8437 17
8438 -6
8439 35
8440 45
8441 70
8442 28
8443 17
8444 17
8445 44
8446 70
8447 29
8448 24
8449 39
8450 53
8451 52
8452 7
8453 29
8454 -5
8455 45
8456 36
8457 45
8458 38
8459 54
8460 36
8461 33
8462 36
8463 55
8464 51
8465 47
8466 20
8467 34
8468 17
8469 17
8470 43
8471 45
8472 50
8473 72
8474 37
8475 22
8476 68
8477 24
8478 32
8479 39
8480 54
8481 38
8482 21
8483 32
8484 28
8485 11
8486 53
8487 35
8488 23
8489 42
8490 27
8491 64
8492 36
8493 27
8494 31
8495 45
8496 22
8497 36
8498 51
8499 35
8500 80
8501 31
8502 37
8503 37
8504 32
8505 50
8506 15
8507 48
8508 28
8509 43
8510 62
8511 46
8512 80
8513 34
8514 34
8515 39
8516 11
8517 64
8518 33
8519 35
8520 13
8521 33
8522 34
8523 19
8524 36
8525 83
8526 31
8527 46
8528 37
8529 17
8530 68
8531 67
8532 31
8533 56
8534 22
8535 38
8536 39
8537 46
8538 24
8539 52
8540 5
8541 48
8542 46
8543 9
8544 45
8545 97
8546 36
8547 28
8548 32
8549 27
8550 41
8551 25
8552 29
8553 40
8554 54
8555 41
8556 23
8557 68
8558 64
8559 46
8560 35
8561 33
8562 29
8563 32
8564 35
8565 35
8566 52
8567 45
8568 51
8569 39
8570 44
8571 17
8572 27
8573 20
8574 38
8575 19
8576 50
8577 40
8578 105
8579 44
8580 52
8581 30
8582 27
8583 43
8584 12
8585 22
8586 36
8587 20
8588 15
8589 51
8590 16
8591 45
8592 49
8593 53
8594 37
8595 0
8596 3
8597 25
8598 57
8599 9
8600 16
8601 63
8602 21
8603 12
8604 91
8605 29
8606 5
8607 10
8608 -8
8609 34
8610 25
8611 61
8612 75
8613 62
8614 28
8615 21
8616 40
8617 20
8618 55
8619 75
8620 28
8621 18
8622 2
8623 10
8624 38
8625 47
8626 40
8627 -3
8628 28
8629 46
8630 32
8631 28
8632 30
8633 47
8634 51
8635 41
8636 31
8637 47
8638 38
8639 29
8640 33
8641 46
8642 45
8643 38
8644 100
8645 41
8646 25
8647 44
8648 42
8649 30
8650 23
8651 58
8652 25
8653 33
8654 22
8655 65
8656 38
8657 61
8658 54
8659 41
8660 80
8661 7
8662 22
8663 38
8664 43
8665 60
8666 50
8667 57
8668 35
8669 23
8670 29
8671 1
8672 71
8673 23
8674 29
8675 29
8676 12
8677 68
8678 14
8679 75
8680 17
8681 45
8682 36
8683 17
8684 60
8685 49
8686 23
8687 26
8688 23
8689 32
8690 51
8691 19
8692 32
8693 50
8694 18
8695 72
8696 30
8697 38
8698 2
8699 16
8700 57
8701 59
8702 64
8703 32
8704 20
8705 12
8706 19
8707 67
8708 27
8709 27
8710 20
8711 59
8712 17
8713 30
8714 47
8715 47
8716 41
8717 89
8718 20
8719 47
8720 52
8721 36
8722 25
8723 44
8724 25
8725 68
8726 22
8727 25
8728 41
8729 25
8730 76
8731 24
8732 12
8733 27
8734 45
8735 69
8736 -4
8737 23
8738 77
8739 56
8740 59
8741 32
8742 25
8743 30
8744 75
8745 70
8746 37
8747 18
8748 40
8749 72
8750 4
8751 54
8752 69
8753 32
8754 14
8755 32
8756 29
8757 28
8758 41
8759 31
8760 78
8761 63
8762 32
8763 39
8764 36
8765 22
8766 51
8767 38
8768 50
8769 39
8770 24
8771 16
8772 15
8773 40
8774 47
8775 38
8776 57
8777 50
8778 51
8779 63
8780 7
8781 4
8782 43
8783 35
8784 39
8785 44
8786 77
8787 92
8788 37
8789 48
8790 19
8791 19
8792 59
8793 22
8794 36
8795 62
8796 86
8797 18
8798 22
8799 74
8800 44
8801 31
8802 31
8803 25
8804 28
8805 13
8806 64
8807 22
8808 18
8809 49
8810 78
8811 18
8812 -3
8813 19
8814 45
8815 49
8816 67
8817 28
8818 63
8819 64
8820 94
8821 45
8822 57
8823 80
8824 16
8825 42
8826 58
8827 64
8828 6
8829 29
8830 22
8831 34
8832 27
8833 80
8834 31
8835 64
8836 44
8837 25
8838 40
8839 9
8840 33
8841 54
8842 26
8843 60
8844 67
8845 23
8846 25
8847 43
8848 33
8849 14
8850 64
8851 12
8852 19
8853 47
8854 56
8855 32
8856 28
8857 1
8858 12
8859 76
8860 53
8861 40
8862 20
8863 53
8864 42
8865 82
8866 55
8867 27
8868 82
8869 43
8870 14
8871 33
8872 39
8873 23
8874 46
8875 37
8876 67
8877 13
8878 65
8879 45
8880 55
8881 29
8882 28
8883 80
8884 49
8885 40
8886 46
8887 57
8888 69
8889 56
8890 70
8891 108
8892 57
8893 9
8894 37
8895 67
8896 44
8897 62
8898 30
8899 64
8900 49
8901 8
8902 57
8903 40
8904 38
8905 52
8906 19
8907 23
8908 61
8909 35
8910 6
8911 23
8912 49
8913 45
8914 2
8915 20
8916 36
8917 14
8918 16
8919 46
8920 20
8921 16
8922 23
8923 32
8924 22
8925 49
8926 46
8927 68
8928 14
8929 44
8930 53
8931 55
8932 36
8933 72
8934 5
8935 43
8936 5
8937 37
8938 66
8939 28
8940 34
8941 10
8942 30
8943 51
8944 42
8945 42
8946 10
8947 24
8948 31
8949 29
8950 45
8951 30
8952 36
8953 43
8954 52
8955 18
8956 63
8957 17
8958 51
8959 65
8960 25
8961 36
8962 34
8963 29
8964 49
8965 25
8966 23
8967 46
8968 14
8969 36
8970 64
8971 22
8972 63
8973 59
8974 42
8975 84
8976 7
8977 19
8978 40
8979 43
8980 51
8981 38
8982 59
8983 37
8984 27
8985 26
8986 58
8987 29
8988 71
8989 88
8990 41
8991 11
8992 20
8993 69
8994 53
8995 71
8996 23
8997 37
8998 5
8999 30
9000 45
9001 27
9002 27
9003 12
9004 60
9005 32
9006 28
9007 10
9008 26
9009 32
9010 43
9011 32
9012 46
9013 37
9014 47
9015 18
9016 38
9017 43
9018 34
9019 29
9020 42
9021 17
9022 31
9023 15
9024 24
9025 23
9026 29
9027 17
9028 45
9029 8
9030 52
9031 41
9032 32
9033 43
9034 51
9035 2
9036 39
9037 28
9038 29
9039 6
9040 61
9041 79
9042 6
9043 22
9044 27
9045 29
9046 28
9047 12
9048 23
9049 28
9050 11
9051 21
9052 52
9053 6
9054 57
9055 75
9056 48
9057 11
9058 12
9059 56
9060 23
9061 -6
9062 67
9063 14
9064 60
9065 24
9066 21
9067 55
9068 92
9069 15
9070 -1
9071 69
9072 12
9073 -13
9074 27
9075 23
9076 30
9077 18
9078 30
9079 75
9080 46
9081 17
9082 53
9083 31
9084 61
9085 57
9086 12
9087 35
9088 25
9089 44
9090 44
9091 68
9092 26
9093 27
9094 38
9095 43
9096 6
9097 25
9098 32
9099 40
9100 83
9101 77
9102 27
9103 22
9104 43
9105 64
9106 17
9107 56
9108 8
9109 4
9110 49
9111 9
9112 91
9113 48
9114 27
9115 45
9116 56
9117 53
9118 12
9119 20
9120 37
9121 20
9122 106
9123 30
9124 24
9125 39
9126 53
9127 36
9128 12
9129 2
9130 63
9131 64
9132 24
9133 34
9134 28
9135 30
9136 31
9137 35
9138 14
9139 43
9140 54
9141 33
9142 28
9143 34
9144 51
9145 6
9146 20
9147 27
9148 43
9149 30
9150 31
9151 56
9152 36
9153 35
9154 34
9155 46
9156 24
9157 86
9158 20
9159 3
9160 22
9161 73
9162 66
9163 14
9164 39
9165 52
9166 48
9167 16
9168 13
9169 71
9170 46
9171 77
9172 72
9173 28
9174 24
9175 13
9176 29
9177 19
9178 35
9179 40
9180 41
9181 31
9182 73
9183 10
9184 30
9185 39
9186 35
9187 30
9188 19
9189 -1
9190 25
9191 12
9192 18
9193 15
9194 90
9195 50
9196 42
9197 50
9198 0
9199 46
9200 48
9201 84
9202 71
9203 30
9204 48
9205 33
9206 49
9207 92
9208 38
9209 12
9210 48
9211 60
9212 18
9213 64
9214 39
9215 62
9216 71
9217 43
9218 42
9219 50
9220 55
9221 34
9222 14
9223 48
9224 55
9225 58
9226 53
9227 40
9228 56
9229 16
9230 34
9231 44
9232 11
9233 85
9234 37
9235 8
9236 54
9237 21
9238 37
9239 7
9240 89
9241 64
9242 26
9243 26
9244 3
9245 53
9246 37
9247 31
9248 25
9249 57
9250 33
9251 18
9252 17
9253 6
9254 39
9255 26
9256 62
9257 32
9258 52
9259 58
9260 29
9261 35
9262 43
9263 16
9264 45
9265 34
9266 45
9267 36
9268 50
9269 39
9270 45
9271 30
9272 25
9273 57
9274 16
9275 35
9276 40
9277 45
9278 14
9279 44
9280 -3
9281 33
9282 25
9283 38
9284 29
9285 54
9286 54
9287 40
9288 58
9289 41
9290 5
9291 37
9292 15
9293 37
9294 48
9295 47
9296 41
9297 22
9298 14
9299 52
9300 44
9301 65
9302 49
9303 111
9304 17
9305 41
9306 13
9307 36
9308 16
9309 17
9310 52
9311 18
9312 36
9313 38
9314 12
9315 43
9316 37
9317 23
9318 50
9319 17
9320 17
9321 -2
9322 47
9323 14
9324 54
9325 58
9326 33
9327 9
9328 25
9329 25
9330 53
9331 22
9332 16
9333 5
9334 33
9335 38
9336 27
9337 35
9338 23
9339 49
9340 39
9341 39
9342 12
9343 23
9344 33
9345 23
9346 31
9347 50
9348 46
9349 26
9350 33
9351 24
9352 28
9353 53
9354 46
9355 28
9356 37
9357 18
9358 27
9359 96
9360 27
9361 17
9362 46
9363 18
9364 7
9365 27
9366 28
9367 86
9368 29
9369 10
9370 26
9371 77
9372 26
9373 12
9374 28
9375 66
9376 54
9377 23
9378 27
9379 49
9380 49
9381 14
9382 12
9383 31
9384 38
9385 57
9386 40
9387 33
9388 38
9389 42
9390 51
9391 20
9392 84
9393 40
9394 46
9395 102
9396 30
9397 26
9398 39
9399 42
9400 37
9401 32
9402 44
9403 57
9404 38
9405 25
9406 46
9407 92
9408 41
9409 60
9410 16
9411 26
9412 44
9413 19
9414 -1
9415 17
9416 38
9417 57
9418 49
9419 63
9420 56
9421 63
9422 51
9423 49
9424 18
9425 43
9426 12
9427 40
9428 33
9429 32
9430 55
9431 36
9432 81
9433 92
9434 55
9435 62
9436 48
9437 25
9438 34
9439 11
9440 69
9441 37
9442 45
9443 40
9444 64
9445 48
9446 14
9447 54
9448 57
9449 8
9450 23
9451 42
9452 8
9453 80
9454 5
9455 18
9456 29
9457 36
9458 13
9459 43
9460 37
9461 21
9462 16
9463 86
9464 52
9465 48
9466 11
9467 26
9468 41
9469 27
9470 10
9471 3
9472 74
9473 18
9474 12
9475 5
9476 53
9477 28
9478 38
9479 51
9480 41
9481 25
9482 42
9483 2
9484 45
9485 44
9486 27
9487 30
9488 17
9489 6
9490 49
9491 91
9492 36
9493 13
9494 21
9495 46
9496 62
9497 56
9498 23
9499 43
9500 50
9501 29
9502 51
9503 48
9504 36
9505 17
9506 35
9507 33
9508 35
9509 63
9510 31
9511 40
9512 32
9513 47
9514 21
9515 13
9516 36
9517 44
9518 24
9519 46
9520 58
9521 34
9522 53
9523 4
9524 -1
9525 69
9526 60
9527 58
9528 53
9529 76
9530 16
9531 34
9532 16
9533 14
9534 28
9535 101
9536 36
9537 24
9538 27
9539 6
9540 16
9541 24
9542 30
9543 18
9544 24
9545 45
9546 18
9547 56
9548 54
9549 17
9550 34
9551 33
9552 9
9553 27
9554 54
9555 35
9556 48
9557 15
9558 48
9559 34
9560 29
9561 42
9562 64
9563 69
9564 81
9565 19
9566 50
9567 23
9568 44
9569 9
9570 28
9571 37
9572 37
9573 28
9574 39
9575 56
9576 52
9577 21
9578 30
9579 22
9580 35
9581 8
9582 44
9583 28
9584 50
9585 45
9586 46
9587 17
9588 69
9589 6
9590 18
9591 11
9592 20
9593 47
9594 51
9595 26
9596 -8
9597 24
9598 58
9599 13
9600 43
9601 47
9602 36
9603 97
9604 37
9605 28
9606 28
9607 38
9608 29
9609 54
9610 -2
9611 116
9612 16
9613 72
9614 53
9615 58
9616 22
9617 38
9618 69
9619 28
9620 19
9621 37
9622 37
9623 34
9624 59
9625 32
9626 58
9627 24
9628 44
9629 42
9630 83
9631 66
9632 55
9633 64
9634 54
9635 29
9636 22
9637 68
9638 35
9639 33
9640 49
9641 11
9642 36
9643 42
9644 49
9645 23
9646 45
9647 2
9648 30
9649 15
9650 39
9651 71
9652 44
9653 18
9654 38
9655 13
9656 37
9657 42
9658 77
9659 12
9660 78
9661 46
9662 21
9663 62
9664 75
9665 9
9666 21
9667 67
9668 57
9669 46
9670 18
9671 89
9672 38
9673 80
9674 37
9675 4
9676 43
9677 31
9678 44
9679 25
9680 49
9681 44
9682 76
9683 24
9684 29
9685 49
9686 25
9687 48
9688 53
9689 35
9690 13
9691 1
9692 68
9693 40
9694 23
9695 25
9696 34
9697 46
9698 87
9699 35
9700 51
9701 17
9702 50
9703 59
9704 72
9705 79
9706 31
9707 94
9708 19
9709 43
9710 38
9711 58
9712 4
9713 25
9714 38
9715 14
9716 74
9717 49
9718 35
9719 31
9720 47
9721 35
9722 56
9723 32
9724 32
9725 17
9726 40
9727 35
9728 64
9729 40
9730 -9
9731 56
9732 28
9733 37
9734 60
9735 24
9736 36
9737 29
9738 54
9739 17
9740 16
9741 38
9742 30
9743 38
9744 42
9745 43
9746 26
9747 26
9748 34
9749 32
9750 33
9751 71
9752 1
9753 78
9754 87
9755 21
9756 54
9757 16
9758 32
9759 46
9760 -2
9761 25
9762 18
9763 48
9764 8
9765 25
9766 49
9767 34
9768 18
9769 33
9770 55
9771 24
9772 23
9773 64
9774 67
9775 55
9776 16
9777 17
9778 58
9779 29
9780 27
9781 28
9782 83
9783 61
9784 9
9785 42
9786 36
9787 99
9788 29
9789 102
9790 69
9791 33
9792 45
9793 49
9794 41
9795 71
9796 53
9797 35
9798 26
9799 18
9800 12
9801 54
9802 6
9803 38
9804 57
9805 40
9806 31
9807 21
9808 37
9809 59
9810 43
9811 28
9812 62
9813 56
9814 78
9815 21
9816 33
9817 40
9818 65
9819 48
9820 46
9821 56
9822 63
9823 33
9824 25
9825 34
9826 30
9827 46
9828 54
9829 27
9830 16
9831 63
9832 30
9833 52
9834 5
9835 39
9836 45
9837 28
9838 32
9839 43
9840 14
9841 57
9842 66
9843 26
9844 89
9845 28
9846 51
9847 51
9848 55
9849 38
9850 11
9851 13
9852 55
9853 45
9854 37
9855 16
9856 29
9857 44
9858 46
9859 25
9860 25
9861 39
9862 49
9863 27
9864 38
9865 16
9866 68
9867 2
9868 56
9869 22
9870 66
9871 69
9872 79
9873 36
9874 19
9875 44
9876 57
9877 66
9878 0
9879 55
9880 15
9881 30
9882 20
9883 32
9884 70
9885 43
9886 52
9887 38
9888 88
9889 26
9890 24
9891 55
9892 34
9893 49
9894 18
9895 46
9896 57
9897 7
9898 85
9899 28
9900 46
9901 35
9902 28
9903 63
9904 47
9905 49
9906 37
9907 14
9908 38
9909 78
9910 36
9911 19
9912 12
9913 68
9914 25
9915 73
9916 29
9917 21
9918 -1
9919 18
9920 35
9921 61
9922 46
9923 67
9924 64
9925 61
9926 57
9927 36
9928 99
9929 24
9930 55
9931 73
9932 27
9933 20
9934 28
9935 12
9936 59
9937 62
9938 5
9939 1
9940 51
9941 43
9942 34
9943 22
9944 57
9945 56
9946 57
9947 54
9948 34
9949 73
9950 63
9951 14
9952 54
9953 39
9954 45
9955 10
9956 43
9957 34
9958 45
9959 21
9960 55
9961 10
9962 6
9963 7
9964 22
9965 16
9966 33
9967 48
9968 22
9969 22
9970 3
9971 61
9972 59
9973 33
9974 14
9975 33
9976 4
9977 45
9978 46
9979 37
9980 86
9981 34
9982 67
9983 60
9984 51
9985 21
9986 76
9987 75
9988 25
9989 17
9990 33
9991 68
9992 45
9993 20
9994 41
9995 32
9996 60
9997 44
9998 28
9999 16
10000 38
10001 12
10002 23
10003 61
10004 13
10005 22
10006 45
10007 4
10008 16
10009 30
10010 54
10011 51
10012 34
10013 25
10014 63
10015 67
10016 28
10017 28
10018 35
10019 27
10020 83
10021 26
10022 10
10023 16
10024 32
10025 67
10026 28
10027 54
10028 55
10029 59
10030 38
10031 64
10032 31
10033 20
10034 38
10035 39
10036 71
10037 77
10038 37
10039 42
10040 37
10041 41
10042 32
10043 33
10044 72
10045 34
10046 6
10047 46
10048 43
10049 95
10050 17
10051 47
10052 39
10053 37
10054 70
10055 45
10056 60
10057 8
10058 12
10059 58
10060 10
10061 49
10062 8
10063 12
10064 42
10065 63
10066 51
10067 61
10068 33
10069 52
10070 44
10071 52
10072 12
10073 23
10074 23
10075 19
10076 7
10077 39
10078 38
10079 55
10080 73
10081 17
10082 65
10083 41
10084 27
10085 78
10086 52
10087 51
10088 55
10089 8
10090 31
10091 68
10092 10
10093 12
10094 54
10095 38
10096 29
10097 69
10098 14
10099 32
10100 11
10101 35
10102 19
10103 63
10104 29
10105 59
10106 46
10107 20
10108 4
10109 11
10110 21
10111 57
10112 43
10113 43
10114 24
10115 31
10116 45
10117 65
10118 22
10119 58
10120 25
10121 65
10122 18
10123 46
10124 50
10125 65
10126 47
10127 37
10128 25
10129 49
10130 19
10131 41
10132 63
10133 52
10134 41
10135 57
10136 59
10137 19
10138 25
10139 31
10140 67
10141 57
10142 31
10143 67
10144 35
10145 25
10146 41
10147 43
10148 39
10149 19
10150 45
10151 25
10152 28
10153 52
10154 11
10155 32
10156 73
10157 40
10158 53
10159 79
10160 56
10161 31
10162 26
10163 59
10164 32
10165 71
10166 55
10167 32
10168 77
10169 38
10170 36
10171 52
10172 60
10173 46
10174 37
10175 45
10176 32
10177 47
10178 13
10179 37
10180 48
10181 41
10182 71
10183 27
10184 99
10185 31
10186 46
10187 58
10188 46
10189 52
10190 38
10191 39
10192 45
10193 15
10194 37
10195 73
10196 25
10197 46
10198 50
10199 71
10200 40
10201 52
10202 71
10203 6
10204 35
10205 72
10206 42
10207 12
10208 37
10209 48
10210 50
10211 24
10212 21
10213 35
10214 15
10215 26
10216 31
10217 49
10218 45
10219 32
10220 46
10221 52
10222 13
10223 30
10224 11
10225 33
10226 13
10227 16
10228 62
10229 65
10230 48
10231 25
10232 16
10233 49
10234 11
10235 59
10236 32
10237 77
10238 35
10239 26
10240 34
10241 38
10242 66
10243 38
10244 66
10245 35
10246 70
10247 35
10248 36
10249 3
10250 32
10251 33
10252 57
10253 47
10254 54
10255 26
10256 11
10257 63
10258 90
10259 39
10260 26
10261 68
10262 42
10263 28
10264 8
10265 27
10266 46
10267 34
10268 29
10269 49
10270 30
10271 51
10272 37
10273 31
10274 10
10275 32
10276 48
10277 64
10278 29
10279 36
10280 92
10281 30
10282 59
10283 22
10284 33
10285 25
10286 44
10287 40
10288 34
10289 33
10290 17
10291 35
10292 24
10293 18
10294 43
10295 16
10296 40
10297 20
10298 32
10299 26
10300 41
10301 30
10302 49
10303 40
10304 7
10305 50
10306 2
10307 14
10308 32
10309 45
10310 39
10311 35
10312 16
10313 19
10314 70
10315 16
10316 25
10317 74
10318 72
10319 29
10320 16
10321 9
10322 37
10323 63
10324 36
10325 65
10326 43
10327 44
10328 9
10329 12
10330 41
10331 33
10332 -9
10333 4
10334 7
10335 14
10336 43
10337 36
10338 55
10339 54
10340 36
10341 70
10342 15
10343 25
10344 27
10345 32
10346 66
10347 50
10348 58
10349 48
10350 37
10351 50
10352 36
10353 32
10354 7
10355 30
10356 41
10357 22
10358 34
10359 70
10360 28
10361 28
10362 42
10363 22
10364 33
10365 54
10366 73
10367 28
10368 26
10369 53
10370 44
10371 28
10372 3
10373 27
10374 72
10375 49
10376 25
10377 8
10378 30
10379 42
10380 23
10381 6
10382 88
10383 53
10384 37
10385 38
10386 77
10387 54
10388 29
10389 83
10390 17
10391 2
10392 57
10393 45
10394 51
10395 32
10396 13
10397 10
10398 44
10399 72
10400 46
10401 13
10402 57
10403 56
10404 27
10405 44
10406 11
10407 65
10408 36
10409 22
10410 23
10411 47
10412 50
10413 47
10414 45
10415 26
10416 -2
10417 40
10418 11
10419 40
10420 19
10421 15
10422 9
10423 19
10424 -2
10425 40
10426 31
10427 59
10428 57
10429 31
10430 41
10431 14
10432 75
10433 32
10434 55
10435 84
10436 101
10437 34
10438 51
10439 50
10440 12
10441 24
10442 44
10443 32
10444 42
10445 54
10446 35
10447 20
10448 72
10449 42
10450 26
10451 55
10452 56
10453 47
10454 21
10455 11
10456 45
10457 34
10458 37
10459 32
10460 58
10461 51
10462 33
10463 25
10464 70
10465 3
10466 19
10467 42
10468 28
10469 49
10470 27
10471 39
10472 14
10473 54
10474 21
10475 10
10476 88
10477 5
10478 4
10479 64
10480 53
10481 31
10482 64
10483 41
10484 43
10485 15
10486 16
10487 40
10488 40
10489 66
10490 -2
10491 21
10492 60
10493 42
10494 85
10495 62
10496 76
10497 42
10498 18
10499 30
10500 28
10501 16
10502 23
10503 50
10504 41
10505 113
10506 -4
10507 42
10508 36
10509 32
10510 60
10511 71
10512 19
10513 72
10514 23
10515 64
10516 28
10517 19
10518 31
10519 36
10520 40
10521 26
10522 44
10523 51
10524 14
10525 24
10526 10
10527 60
10528 56
10529 44
10530 65
10531 30
10532 48
10533 39
10534 39
10535 41
10536 2
10537 36
10538 -6
10539 29
10540 63
10541 26
10542 36
10543 27
10544 23
10545 15
10546 14
10547 -6
10548 28
10549 34
10550 45
10551 40
10552 45
10553 18
10554 40
10555 43
10556 58
10557 90
10558 34
10559 52
10560 43
10561 49
10562 41
10563 65
10564 20
10565 36
10566 33
10567 28
10568 29
10569 70
10570 39
10571 34
10572 39
10573 30
10574 64
10575 34
10576 66
10577 39
10578 34
10579 11
10580 52
10581 32
10582 42
10583 42
10584 52
10585 32
10586 69
10587 10
10588 63
10589 39
10590 10
10591 33
10592 17
10593 26
10594 74
10595 59
10596 3
10597 8
10598 58
10599 25
10600 53
10601 52
10602 56
10603 52
10604 22
10605 46
10606 18
10607 43
10608 44
10609 31
10610 47
10611 50
10612 41
10613 59
10614 44
10615 49
10616 -2
10617 38
10618 53
10619 35
10620 53
10621 58
10622 39
10623 32
10624 22
10625 19
10626 45
10627 20
10628 42
10629 59
10630 51
10631 20
10632 38
10633 27
10634 18
10635 64
10636 103
10637 44
10638 38
10639 30
10640 16
10641 35
10642 46
10643 61
10644 43
10645 71
10646 27
10647 38
10648 29
10649 103
10650 40
10651 54
10652 38
10653 39
10654 26
10655 50
10656 29
10657 18
10658 103
10659 21
10660 33
10661 14
10662 34
10663 27
10664 31
10665 21
10666 36
10667 28
10668 60
10669 0
10670 64
10671 23
10672 47
10673 24
10674 76
10675 24
10676 34
10677 75
10678 73
10679 51
10680 70
10681 58
10682 63
10683 28
10684 59
10685 36
10686 34
10687 41
10688 26
10689 71
10690 26
10691 66
10692 10
10693 37
10694 32
10695 33
10696 38
10697 4
10698 56
10699 39
10700 2
10701 44
10702 25
10703 69
10704 19
10705 67
10706 -3
10707 -4
10708 8
10709 16
10710 42
10711 28
10712 8
10713 29
10714 42
10715 89
10716 44
10717 55
10718 55
10719 51
10720 55
10721 43
10722 35
10723 47
10724 -2
10725 11
10726 22
10727 35
10728 20
10729 62
10730 61
10731 58
10732 23
10733 19
10734 74
10735 33
10736 46
10737 35
10738 12
10739 29
10740 28
10741 47
10742 86
10743 51
10744 5
10745 4
10746 41
10747 40
10748 79
10749 11
10750 28
10751 38
10752 24
10753 43
10754 32
10755 27
10756 25
10757 21
10758 16
10759 71
10760 46
10761 59
10762 61
10763 17
10764 42
10765 86
10766 46
10767 52
10768 42
10769 22
10770 44
10771 27
10772 50
10773 16
10774 54
10775 45
10776 28
10777 80
10778 24
10779 29
10780 50
10781 53
10782 69
10783 62
10784 32
10785 79
10786 34
10787 17
10788 55
10789 32
10790 25
10791 2
10792 32
10793 42
10794 9
10795 31
10796 49
10797 7
10798 27
10799 27
10800 32
10801 48
10802 20
10803 35
10804 66
10805 32
10806 35
10807 72
10808 12
10809 20
10810 37
10811 79
10812 47
10813 50
10814 46
10815 63
10816 57
10817 36
10818 49
10819 33
10820 47
10821 32
10822 23
10823 15
10824 45
10825 36
10826 60
10827 36
10828 28
10829 39
10830 32
10831 24
10832 57
10833 26
10834 73
10835 74
10836 17
10837 73
10838 23
10839 20
10840 16
10841 67
10842 43
10843 27
10844 12
10845 55
10846 55
10847 25
10848 13
10849 28
10850 39
10851 23
10852 35
10853 22
10854 51
10855 38
10856 46
10857 23
10858 15
10859 25
10860 22
10861 41
10862 24
10863 42
10864 43
10865 19
10866 63
10867 79
10868 7
10869 21
10870 23
10871 31
10872 8
10873 46
10874 23
10875 25
10876 59
10877 26
10878 57
10879 41
10880 35
10881 30
10882 31
10883 17
10884 37
10885 22
10886 48
10887 43
10888 54
10889 29
10890 29
10891 41
10892 28
10893 15
10894 40
10895 29
10896 59
10897 47
10898 32
10899 22
10900 16
10901 -2
10902 55
10903 33
10904 45
10905 79
10906 20
10907 32
10908 5
10909 15
10910 72
10911 37
10912 32
10913 47
10914 87
10915 83
10916 54
10917 27
10918 64
10919 33
10920 20
10921 9
10922 22
10923 20
10924 48
10925 14
10926 5
10927 14
10928 62
10929 48
10930 17
10931 54
10932 -3
10933 33
10934 47
10935 -6
10936 43
10937 -2
10938 20
10939 35
10940 31
10941 11
10942 49
10943 76
10944 63
10945 56
10946 60
10947 28
10948 86
10949 49
10950 19
10951 36
10952 39
10953 18
10954 73
10955 52
10956 43
10957 44
10958 -6
10959 83
10960 26
10961 29
10962 69
10963 2
10964 43
10965 42
10966 73
10967 36
10968 27
10969 46
10970 40
10971 37
10972 48
10973 22
10974 32
10975 45
10976 44
10977 30
10978 32
10979 35
10980 57
10981 47
10982 50
10983 46
10984 59
10985 15
10986 20
10987 52
10988 74
10989 13
10990 77
10991 14
10992 52
10993 11
10994 52
10995 24
10996 35
10997 76
10998 44
10999 109
11000 31
11001 20
11002 21
11003 35
11004 23
11005 56
11006 39
11007 38
11008 26
11009 39
11010 38
11011 53
11012 40
11013 25
11014 37
11015 69
11016 31
11017 12
11018 44
11019 82
11020 44
11021 83
11022 24
11023 23
11024 30
11025 28
11026 23
11027 55
11028 57
11029 42
11030 56
11031 56
11032 37
11033 34
11034 49
11035 50
11036 15
11037 35
11038 66
11039 25
11040 25
11041 10
11042 56
11043 40
11044 31
11045 59
11046 21
11047 56
11048 7
11049 13
11050 -9
11051 1
11052 29
11053 58
11054 60
11055 65
11056 35
11057 34
11058 22
11059 56
11060 33
11061 61
11062 43
11063 41
11064 47
11065 18
11066 32
11067 33
11068 63
11069 23
11070 -5
11071 25
11072 34
11073 21
11074 28
11075 54
11076 20
11077 36
11078 12
11079 44
11080 72
11081 44
11082 73
11083 31
11084 44
11085 39
11086 34
11087 32
11088 17
11089 82
11090 62
11091 43
11092 25
11093 32
11094 22
11095 65
11096 27
11097 24
11098 31
11099 50
11100 41
11101 41
11102 15
11103 70
11104 53
11105 29
11106 62
11107 60
11108 20
11109 35
11110 11
11111 38
11112 8
11113 15
11114 17
11115 13
11116 30
11117 13
11118 23
11119 30
11120 39
11121 29
11122 31
11123 23
11124 53
11125 67
11126 51
11127 68
11128 50
11129 27
11130 30
11131 61
11132 11
11133 43
11134 31
11135 25
11136 40
11137 29
11138 49
11139 33
11140 13
11141 39
11142 21
11143 73
11144 36
11145 92
11146 44
11147 -7
11148 45
11149 35
11150 32
11151 32
11152 78
11153 54
11154 39
11155 40
11156 91
11157 60
11158 11
11159 35
11160 37
11161 40
11162 43
11163 57
11164 32
11165 51
11166 63
11167 14
11168 26
11169 37
11170 70
11171 46
11172 38
11173 54
11174 58
11175 17
11176 25
11177 28
11178 27
11179 71
11180 30
11181 24
11182 11
11183 48
11184 47
11185 62
11186 34
11187 25
11188 36
11189 40
11190 25
11191 68
11192 17
11193 14
11194 11
11195 11
11196 28
11197 35
11198 37
11199 82
11200 33
11201 22
11202 38
11203 27
11204 23
11205 8
11206 43
11207 36
11208 37
11209 35
11210 86
11211 54
11212 61
11213 30
11214 39
11215 59
11216 16
11217 7
11218 24
11219 75
11220 36
11221 43
11222 51
11223 43
11224 37
11225 32
11226 52
11227 27
11228 21
11229 39
11230 67
11231 21
11232 19
11233 62
11234 22
11235 76
11236 25
11237 43
11238 32
11239 26
11240 40
11241 58
11242 53
11243 34
11244 44
11245 16
11246 25
11247 48
11248 63
11249 48
11250 44
11251 79
11252 79
11253 51
11254 84
11255 63
11256 48
11257 80
11258 23
11259 19
11260 18
11261 68
11262 29
11263 44
11264 12
11265 17
11266 33
11267 46
11268 42
11269 45
11270 41
11271 40
11272 22
11273 51
11274 56
11275 47
11276 48
11277 23
11278 53
11279 31
11280 56
11281 31
11282 46
11283 52
11284 46
11285 43
11286 87
11287 27
11288 13
11289 38
11290 46
11291 29
11292 20
11293 70
11294 28
11295 39
11296 46
11297 35
11298 41
11299 34
11300 34
11301 60
11302 53
11303 27
11304 52
11305 22
11306 21
11307 35
11308 65
11309 85
11310 17
11311 23
11312 24
11313 56
11314 21
11315 114
11316 63
11317 18
11318 1
11319 55
11320 27
11321 34
11322 14
11323 69
11324 43
11325 49
11326 22
11327 14
11328 28
11329 29
11330 40
11331 39
11332 14
11333 58
11334 43
11335 33
11336 31
11337 27
11338 59
11339 -1
11340 42
11341 44
11342 35
11343 47
11344 39
11345 54
11346 44
11347 84
11348 39
11349 27
11350 62
11351 60
11352 72
11353 20
11354 5
11355 18
11356 17
11357 37
11358 96
11359 46
11360 10
11361 52
11362 38
11363 27
11364 21
11365 53
11366 42
11367 65
11368 38
11369 64
11370 22
11371 34
11372 47
11373 54
11374 55
11375 9
11376 40
11377 21
11378 19
11379 10
11380 45
11381 73
11382 21
11383 40
11384 59
11385 52
11386 29
11387 45
11388 34
11389 47
11390 49
11391 64
11392 15
11393 63
11394 54
11395 59
11396 28
11397 37
11398 41
11399 28
11400 33
11401 34
11402 21
11403 31
11404 17
11405 24
11406 43
11407 40
11408 43
11409 18
11410 28
11411 36
11412 32
11413 54
11414 76
11415 22
11416 30
11417 54
11418 62
11419 31
11420 35
11421 54
11422 7
11423 63
11424 50
11425 40
11426 29
11427 19
11428 45
11429 31
11430 32
11431 56
11432 41
11433 67
11434 14
11435 54
11436 112
11437 22
11438 29
11439 39
11440 50
11441 43
11442 47
11443 55
11444 29
11445 25
11446 32
11447 38
11448 39
11449 32
11450 28
11451 14
11452 13
11453 8
11454 42
11455 44
11456 32
11457 28
11458 14
11459 35
11460 11
11461 63
11462 55
11463 92
11464 55
11465 74
11466 0
11467 11
11468 52
11469 21
11470 64
11471 15
11472 14
11473 62
11474 26
11475 46
11476 2
11477 12
11478 43
11479 44
11480 4
11481 42
11482 1
11483 21
11484 52
11485 4
11486 13
11487 30
11488 19
11489 25
11490 40
11491 8
11492 42
11493 4
11494 17
11495 63
11496 28
11497 9
11498 67
11499 52
11500 20
11501 36
11502 53
11503 35
11504 31
11505 13
11506 74
11507 25
11508 60
11509 37
11510 37
11511 53
11512 31
11513 32
11514 62
11515 70
11516 36
11517 60
11518 27
11519 81
11520 35
11521 53
11522 57
11523 59
11524 18
11525 66
11526 41
11527 22
11528 61
11529 34
11530 30
11531 19
11532 25
11533 60
11534 51
11535 54
11536 30
11537 21
11538 25
11539 81
11540 70
11541 20
11542 31
11543 73
11544 41
11545 61
11546 44
11547 40
11548 30
11549 36
11550 30
11551 32
11552 81
11553 10
11554 63
11555 40
11556 46
11557 43
11558 39
11559 49
11560 14
11561 19
11562 53
11563 22
11564 36
11565 31
11566 53
11567 80
11568 66
11569 70
11570 22
11571 33
11572 31
11573 14
11574 18
11575 15
11576 16
11577 52
11578 39
11579 26
11580 28
11581 68
11582 24
11583 85
11584 27
11585 9
11586 38
11587 8
11588 70
11589 24
11590 39
11591 42
11592 59
11593 25
11594 40
11595 25
11596 43
11597 42
11598 25
11599 49
11600 16
11601 25
11602 64
11603 82
11604 51
11605 9
11606 91
11607 51
11608 71
11609 24
11610 72
11611 59
11612 0
11613 6
11614 123
11615 12
11616 9
11617 45
11618 46
11619 14
11620 101
11621 40
11622 25
11623 54
11624 40
11625 38
11626 37
11627 49
11628 64
11629 60
11630 30
11631 31
11632 27
11633 87
11634 42
11635 44
11636 82
11637 83
11638 99
11639 35
11640 21
11641 60
11642 27
11643 58
11644 16
11645 34
11646 57
11647 35
11648 5
11649 10
11650 66
11651 9
11652 41
11653 21
11654 49
11655 15
11656 14
11657 51
11658 45
11659 47
11660 18
11661 27
11662 39
11663 59
11664 58
11665 31
11666 38
11667 16
11668 36
11669 20
11670 61
11671 25
11672 73
11673 38
11674 25
11675 27
11676 31
11677 65
11678 52
11679 50
11680 52
11681 77
11682 43
11683 21
11684 52
11685 2
11686 65
11687 17
11688 44
11689 -4
11690 34
11691 45
11692 26
11693 -2
11694 5
11695 2
11696 8
11697 26
11698 57
11699 20
11700 59
11701 35
11702 44
11703 44
11704 51
11705 39
11706 51
11707 31
11708 36
11709 75
11710 13
11711 15
11712 26
11713 26
11714 17
11715 15
11716 22
11717 52
11718 6
11719 45
11720 58
11721 44
11722 81
11723 17
11724 37
11725 47
11726 25
11727 37
11728 45
11729 21
11730 37
11731 16
11732 46
11733 57
11734 0
11735 32
11736 6
11737 83
11738 71
11739 68
11740 35
11741 33
11742 79
11743 88
11744 74
11745 37
11746 16
11747 21
11748 48
11749 31
11750 48
11751 12
11752 25
11753 35
11754 12
11755 46
11756 39
11757 39
11758 30
11759 56
11760 33
11761 64
11762 51
11763 3
11764 84
11765 53
11766 -1
11767 13
11768 49
11769 30
11770 45
11771 35
11772 17
11773 73
11774 30
11775 71
11776 27
11777 28
11778 30
11779 73
11780 67
11781 18
11782 47
11783 45
11784 54
11785 17
11786 83
11787 16
11788 43
11789 65
11790 29
11791 46
11792 56
11793 59
11794 34
11795 43
11796 17
11797 35
11798 18
11799 44
11800 44
11801 20
11802 19
11803 75
11804 40
11805 43
11806 48
11807 61
11808 70
11809 52
11810 44
11811 17
11812 62
11813 26
11814 47
11815 42
11816 32
11817 40
11818 36
11819 14
11820 69
11821 69
11822 64
11823 43
11824 40
11825 28
11826 47
11827 23
11828 49
11829 20
11830 75
11831 67
11832 0
11833 31
11834 52
11835 22
11836 29
11837 27
11838 64
11839 52
11840 53
11841 40
11842 17
11843 32
11844 66
11845 20
11846 19
11847 59
11848 21
11849 10
11850 35
11851 57
11852 58
11853 13
11854 30
11855 27
11856 28
11857 45
11858 37
11859 39
11860 23
11861 66
11862 42
11863 39
11864 39
11865 29
11866 27
11867 77
11868 33
11869 38
11870 92
11871 36
11872 52
11873 18
11874 9
11875 40
11876 29
11877 -3
11878 55
11879 31
11880 32
11881 38
11882 23
11883 27
11884 31
11885 32
11886 59
11887 38
11888 49
11889 7
11890 59
11891 18
11892 21
11893 32
11894 71
11895 32
11896 14
11897 90
11898 35
11899 55
11900 18
11901 65
11902 72
11903 62
11904 35
11905 50
11906 21
11907 21
11908 63
11909 31
11910 45
11911 57
11912 97
11913 25
11914 47
11915 18
11916 28
11917 23
11918 35
11919 28
11920 78
11921 32
11922 43
11923 70
11924 35
11925 25
11926 20
11927 52
11928 41
11929 58
11930 47
11931 47
11932 74
11933 37
11934 27
11935 46
11936 34
11937 48
11938 80
11939 9
11940 15
11941 44
11942 45
11943 50
11944 79
11945 15
11946 46
11947 24
11948 43
11949 112
11950 45
11951 28
11952 40
11953 76
11954 15
11955 45
11956 -4
11957 24
11958 56
11959 41
11960 52
11961 65
11962 7
11963 76
11964 14
11965 71
11966 54
11967 46
11968 40
11969 36
11970 54
11971 46
11972 11
11973 38
11974 11
11975 24
11976 27
11977 55
11978 51
11979 88
11980 43
11981 41
11982 62
11983 72
11984 39
11985 33
11986 39
11987 39
11988 11
11989 52
11990 58
11991 47
11992 47
11993 -4
11994 15
11995 41
11996 63
11997 38
11998 55
11999 45
12000 10
12001 19
12002 58
12003 17
12004 58
12005 54
12006 7
12007 14
12008 23
12009 29
12010 22
12011 51
12012 61
12013 47
12014 9
12015 29
12016 17
12017 47
12018 10
12019 23
12020 -9
12021 115
12022 26
12023 38
12024 15
12025 27
12026 33
12027 -3
12028 12
12029 86
12030 29
12031 48
12032 45
12033 54
12034 16
12035 27
12036 57
12037 53
12038 32
12039 48
12040 72
12041 26
12042 26
12043 27
12044 51
12045 29
12046 35
12047 56
12048 7
12049 41
12050 43
12051 40
12052 49
12053 85
12054 76
12055 95
12056 74
12057 64
12058 5
12059 47
12060 56
12061 32
12062 62
12063 10
12064 63
12065 49
12066 60
12067 37
12068 31
12069 43
12070 12
12071 32
12072 71
12073 50
12074 32
12075 49
12076 37
12077 60
12078 31
12079 49
12080 36
12081 38
12082 42
12083 74
12084 22
12085 31
12086 2
12087 24
12088 44
12089 32
12090 52
12091 43
12092 54
12093 22
12094 64
12095 43
12096 17
12097 26
12098 36
12099 26
12100 15
12101 23
12102 83
12103 30
12104 23
12105 37
12106 38
12107 14
12108 29
12109 58
12110 13
12111 48
12112 13
12113 74
12114 59
12115 30
12116 67
12117 62
12118 32
12119 40
12120 54
12121 25
12122 41
12123 69
12124 56
12125 25
12126 57
12127 15
12128 59
12129 21
12130 0
12131 29
12132 59
12133 64
12134 7
12135 27
12136 41
12137 -5
12138 59
12139 30
12140 38
12141 4
12142 56
12143 19
12144 68
12145 67
12146 69
12147 3
12148 60
12149 34
12150 47
12151 13
12152 32
12153 42
12154 73
12155 21
12156 32
12157 7
12158 38
12159 1
12160 42
12161 23
12162 47
12163 43
12164 60
12165 36
12166 53
12167 13
12168 44
12169 38
12170 36
12171 56
12172 46
12173 39
12174 41
12175 41
12176 68
12177 5
12178 3
12179 48
12180 6
12181 43
12182 34
12183 91
12184 29
12185 41
12186 66
12187 14
12188 24
12189 19
12190 15
12191 48
12192 5
12193 54
12194 2
12195 12
12196 36
12197 59
12198 56
12199 27
12200 16
12201 23
12202 10
12203 27
12204 45
12205 29
12206 12
12207 18
12208 10
12209 41
12210 42
12211 22
12212 30
12213 15
12214 35
12215 35
12216 22
12217 30
12218 8
12219 58
12220 33
12221 26
12222 48
12223 20
12224 2
12225 21
12226 37
12227 90
12228 34
12229 30
12230 55
12231 68
12232 31
12233 52
12234 62
12235 97
12236 14
12237 71
12238 39
12239 89
12240 32
12241 40
12242 58
12243 55
12244 82
12245 24
12246 52
12247 32
12248 55
12249 37
12250 48
12251 20
12252 30
12253 54
12254 46
12255 12
12256 23
12257 23
12258 53
12259 26
12260 16
12261 34
12262 73
12263 73
12264 48
12265 40
12266 72
12267 19
12268 9
12269 17
12270 38
12271 31
12272 25
12273 61
12274 13
12275 64
12276 11
12277 15
12278 48
12279 38
12280 23
12281 27
12282 37
12283 79
12284 56
12285 56
12286 31
12287 18
12288 47
12289 38
12290 21
12291 30
12292 21
12293 44
12294 57
12295 -3
12296 20
12297 35
12298 80
12299 35
12300 55
12301 58
12302 36
12303 54
12304 21
12305 26
12306 44
12307 17
12308 10
12309 52
12310 69
12311 24
12312 32
12313 54
12314 22
12315 57
12316 73
12317 53
12318 25
12319 25
12320 52
12321 44
12322 52
12323 5
12324 36
12325 31
12326 41
12327 61
12328 29
12329 43
12330 11
12331 33
12332 44
12333 11
12334 89
12335 30
12336 61
12337 60
12338 55
12339 84
12340 55
12341 44
12342 30
12343 92
12344 75
12345 22
12346 35
12347 34
12348 23
12349 27
12350 56
12351 19
12352 37
12353 66
12354 37
12355 44
12356 44
12357 36
12358 46
12359 61
12360 36
12361 26
12362 54
12363 21
12364 40
12365 77
12366 13
12367 45
12368 61
12369 37
12370 57
12371 29
12372 58
12373 28
12374 18
12375 39
12376 43
12377 11
12378 32
12379 28
12380 48
12381 39
12382 55
12383 52
12384 70
12385 32
12386 39
12387 52
12388 20
12389 50
12390 46
12391 28
12392 57
12393 25
12394 87
12395 41
12396 20
12397 30
12398 70
12399 18
12400 47
12401 51
12402 92
12403 19
12404 23
12405 73
12406 39
12407 29
12408 41
12409 34
12410 63
12411 8
12412 71
12413 12
12414 49
12415 52
12416 50
12417 49
12418 61
12419 20
12420 69
12421 51
12422 6
12423 17
12424 60
12425 75
12426 6
12427 35
12428 2
12429 30
12430 80
12431 101
12432 20
12433 63
12434 57
12435 81
12436 11
12437 25
12438 42
12439 18
12440 27
12441 25
12442 23
12443 16
12444 26
12445 29
12446 24
12447 66
12448 22
12449 22
12450 72
12451 27
12452 2
12453 44
12454 45
12455 71
12456 11
12457 62
12458 20
12459 37
12460 66
12461 12
12462 7
12463 30
12464 93
12465 36
12466 -7
12467 20
12468 44
12469 50
12470 22
12471 75
12472 -5
12473 55
12474 44
12475 34
12476 52
12477 34
12478 61
12479 27
12480 27
12481 80
12482 22
12483 37
12484 28
12485 38
12486 36
12487 49
12488 39
12489 35
12490 47
12491 75
12492 52
12493 59
12494 57
12495 29
12496 37
12497 8
12498 31
12499 88
12500 34
12501 103
12502 17
12503 49
12504 37
12505 47
12506 20
12507 61
12508 0
12509 30
12510 11
12511 56
12512 43
12513 25
12514 38
12515 19
12516 47
12517 12
12518 16
12519 30
12520 67
12521 53
12522 92
12523 48
12524 21
12525 63
12526 48
12527 58
12528 4
12529 37
12530 52
12531 35
12532 50
12533 24
12534 19
12535 58
12536 46
12537 27
12538 62
12539 46
12540 57
12541 63
12542 18
12543 39
12544 28
12545 28
12546 43
12547 37
12548 19
12549 77
12550 52
12551 38
12552 64
12553 70
12554 66
12555 37
12556 52
12557 63
12558 50
12559 0
12560 50
12561 34
12562 44
12563 68
12564 88
12565 43
12566 36
12567 62
12568 49
12569 26
12570 33
12571 37
12572 46
12573 33
12574 30
12575 45
12576 64
12577 61
12578 41
12579 27
12580 73
12581 21
12582 36
12583 22
12584 63
12585 31
12586 18
12587 42
12588 45
12589 41
12590 33
12591 29
12592 87
12593 34
12594 59
12595 9
12596 13
12597 22
12598 52
12599 45
12600 32
12601 43
12602 59
12603 74
12604 37
12605 41
12606 94
12607 26
12608 76
12609 4
12610 39
12611 15
12612 42
12613 28
12614 27
12615 43
12616 19
12617 29
12618 44
12619 19
12620 19
12621 39
12622 47
12623 49
12624 22
12625 83
12626 37
12627 29
12628 77
12629 38
12630 49
12631 79
12632 6
12633 51
12634 76
12635 24
12636 39
12637 26
12638 79
12639 23
12640 49
12641 59
12642 39
12643 74
12644 26
12645 67
12646 22
12647 28
12648 95
12649 30
12650 22
12651 71
12652 15
12653 1
12654 37
12655 25
12656 32
12657 47
12658 35
12659 38
12660 27
12661 29
12662 68
12663 25
12664 24
12665 26
12666 24
12667 54
12668 37
12669 33
12670 30
12671 35
12672 8
12673 21
12674 62
12675 35
12676 76
12677 56
12678 25
12679 29
12680 11
12681 56
12682 58
12683 60
12684 8
12685 69
12686 10
12687 25
12688 34
12689 79
12690 50
12691 25
12692 35
12693 49
12694 34
12695 27
12696 55
12697 26
12698 42
12699 28
12700 47
12701 60
12702 73
12703 21
12704 37
12705 20
12706 27
12707 37
12708 27
12709 22
12710 33
12711 17
12712 52
12713 11
12714 37
12715 26
12716 49
12717 55
12718 50
12719 55
12720 17
12721 35
12722 26
12723 21
12724 39
12725 33
12726 66
12727 36
12728 74
12729 -7
12730 70
12731 74
12732 50
12733 58
12734 4
12735 52
12736 57
12737 49
12738 53
12739 26
12740 21
12741 41
12742 59
12743 20
12744 9
12745 80
12746 35
12747 11
12748 -1
12749 30
12750 80
12751 65
12752 38
12753 66
12754 78
12755 16
12756 32
12757 41
12758 66
12759 39
12760 52
12761 57
12762 50
12763 -2
12764 26
12765 74
12766 52
12767 46
12768 23
12769 18
12770 65
12771 75
12772 42
12773 20
12774 27
12775 58
12776 37
12777 58
12778 54
12779 22
12780 52
12781 31
12782 34
12783 36
12784 24
12785 29
12786 58
12787 48
12788 28
12789 33
12790 34
12791 33
12792 21
12793 42
12794 24
12795 79
12796 52
12797 34
12798 84
12799 14
12800 26
12801 43
12802 19
12803 43
12804 28
12805 20
12806 34
12807 47
12808 58
12809 17
12810 70
12811 57
12812 51
12813 31
12814 74
12815 42
12816 43
12817 15
12818 9
12819 49
12820 66
12821 52
12822 60
12823 45
12824 46
12825 50
12826 38
12827 56
12828 41
12829 8
12830 35
12831 18
12832 56
12833 17
12834 77
12835 36
12836 71
12837 60
12838 43
12839 43
12840 62
12841 23
12842 66
12843 46
12844 9
12845 38
12846 58
12847 55
12848 42
12849 21
12850 36
12851 44
12852 32
12853 55
12854 54
12855 59
12856 35
12857 35
12858 37
12859 39
12860 54
12861 78
12862 37
12863 43
12864 58
12865 59
12866 12
12867 25
12868 56
12869 38
12870 70
12871 30
12872 21
12873 66
12874 27
12875 35
12876 60
12877 52
12878 44
12879 54
12880 89
12881 5
12882 26
12883 74
12884 26
12885 47
12886 63
12887 31
12888 48
12889 31
12890 21
12891 45
12892 64
12893 48
12894 91
12895 40
12896 43
12897 41
12898 30
12899 7
12900 25
12901 29
12902 31
12903 58
12904 24
12905 27
12906 36
12907 52
12908 41
12909 64
12910 43
12911 48
12912 46
12913 64
12914 34
12915 39
12916 97
12917 37
12918 21
12919 77
12920 43
12921 21
12922 32
12923 53
12924 27
12925 14
12926 18
12927 75
12928 26
12929 70
12930 29
12931 41
12932 100
12933 24
12934 0
12935 38
12936 50
12937 28
12938 27
12939 55
12940 48
12941 7
12942 12
12943 48
12944 25
12945 51
12946 61
12947 33
12948 65
12949 28
12950 63
12951 83
12952 -6
12953 41
12954 61
12955 56
12956 40
12957 44
12958 25
12959 25
12960 18
12961 49
12962 1
12963 12
12964 22
12965 40
12966 88
12967 78
12968 43
12969 31
12970 18
12971 38
12972 43
12973 36
12974 62
12975 36
12976 47
12977 62
12978 62
12979 59
12980 39
12981 23
12982 51
12983 25
12984 50
12985 20
12986 84
12987 57
12988 18
12989 38
12990 22
12991 64
12992 60
12993 15
12994 26
12995 26
12996 23
12997 12
12998 33
12999 19
13000 7
13001 97
13002 52
13003 34
13004 87
13005 30
13006 37
13007 49
13008 30
13009 21
13010 66
13011 39
13012 21
13013 10
13014 19
13015 47
13016 3
13017 34
13018 42
13019 24
13020 28
13021 36
13022 46
13023 33
13024 20
13025 54
13026 36
13027 62
13028 94
13029 34
13030 36
13031 28
13032 51
13033 45
13034 44
13035 30
13036 31
13037 17
13038 11
13039 42
13040 60
13041 32
13042 11
13043 43
13044 69
13045 31
13046 45
13047 59
13048 30
13049 56
13050 30
13051 33
13052 61
13053 21
13054 59
13055 6
13056 35
13057 82
13058 40
13059 24
13060 13
13061 27
13062 49
13063 89
13064 40
13065 33
13066 13
13067 48
13068 23
13069 17
13070 61
13071 35
13072 49
13073 14
13074 16
13075 27
13076 66
13077 19
13078 48
13079 33
13080 45
13081 18
13082 56
13083 1
13084 49
13085 61
13086 37
13087 20
13088 4
13089 16
13090 12
13091 29
13092 33
13093 8
13094 67
13095 15
13096 2
13097 40
13098 22
13099 21
13100 -9
13101 56
13102 38
13103 13
13104 82
13105 56
13106 41
13107 41
13108 33
13109 21
13110 41
13111 31
13112 23
13113 22
13114 48
13115 9
13116 7
13117 54
13118 11
13119 55
13120 32
13121 22
13122 72
13123 34
13124 55
13125 27
13126 37
13127 15
13128 43
13129 57
13130 63
13131 62
13132 10
13133 92
13134 41
13135 34
13136 44
13137 15
13138 19
13139 68
13140 53
13141 26
13142 27
13143 61
13144 59
13145 40
13146 73
13147 78
13148 21
13149 55
13150 62
13151 59
13152 6
13153 18
13154 46
13155 32
13156 18
13157 43
13158 37
13159 17
13160 67
13161 13
13162 61
13163 34
13164 29
13165 33
13166 77
13167 44
13168 61
13169 29
13170 31
13171 35
13172 40
13173 26
13174 114
13175 102
13176 63
13177 95
13178 26
13179 22
13180 54
13181 38
13182 30
13183 14
13184 4
13185 39
13186 59
13187 11
13188 33
13189 27
13190 24
13191 36
13192 35
13193 40
13194 63
13195 49
13196 65
13197 77
13198 24
13199 41
13200 29
13201 17
13202 26
13203 29
13204 24
13205 10
13206 28
13207 36
13208 63
13209 23
13210 78
13211 14
13212 24
13213 49
13214 26
13215 15
13216 100
13217 39
13218 47
13219 16
13220 40
13221 54
13222 27
13223 25
13224 42
13225 44
13226 40
13227 28
13228 9
13229 33
13230 16
13231 56
13232 56
13233 19
13234 23
13235 20
13236 51
13237 38
13238 49
13239 60
13240 45
13241 21
13242 18
13243 43
13244 29
13245 41
13246 4
13247 24
13248 45
13249 33
13250 35
13251 23
13252 -2
13253 44
13254 49
13255 57
13256 27
13257 100
13258 -1
13259 34
13260 25
13261 34
13262 59
13263 38
13264 19
13265 20
13266 55
13267 27
13268 19
13269 39
13270 68
13271 72
13272 53
13273 28
13274 51
13275 10
13276 36
13277 75
13278 62
13279 24
13280 8
13281 39
13282 1
13283 36
13284 20
13285 27
13286 61
13287 44
13288 29
13289 37
13290 50
13291 70
13292 38
13293 21
13294 16
13295 38
13296 34
13297 53
13298 52
13299 24
13300 38
13301 59
13302 99
13303 12
13304 24
13305 31
13306 36
13307 34
13308 44
13309 31
13310 26
13311 8
13312 64
13313 32
13314 50
13315 61
13316 15
13317 29
13318 30
13319 54
13320 52
13321 28
13322 20
13323 23
13324 19
13325 41
13326 46
13327 57
13328 22
13329 55
13330 26
13331 57
13332 28
13333 21
13334 8
13335 11
13336 51
13337 24
13338 41
13339 2
13340 18
13341 32
13342 54
13343 22
13344 39
13345 50
13346 32
13347 46
13348 48
13349 18
13350 41
13351 55
13352 57
13353 15
13354 47
13355 33
13356 25
13357 31
13358 12
13359 68
13360 37
13361 30
13362 9
13363 49
13364 3
13365 31
13366 26
13367 12
13368 41
13369 0
13370 16
13371 45
13372 31
13373 53
13374 61
13375 59
13376 31
13377 32
13378 80
13379 43
13380 22
13381 68
13382 50
13383 38
13384 48
13385 43
13386 48
13387 5
13388 27
13389 36
13390 57
13391 35
13392 47
13393 35
13394 16
13395 28
13396 90
13397 78
13398 -1
13399 21
13400 50
13401 49
13402 53
13403 51
13404 2
13405 54
13406 12
13407 52
13408 0
13409 58
13410 72
13411 11
13412 38
13413 39
13414 26
13415 0
13416 16
13417 59
13418 107
13419 32
13420 29
13421 12
13422 70
13423 18
13424 23
13425 35
13426 48
13427 33
13428 53
13429 12
13430 20
13431 -4
13432 21
13433 39
13434 60
13435 44
13436 10
13437 50
13438 17
13439 58
13440 36
13441 85
13442 76
13443 2
13444 29
13445 37
13446 48
13447 22
13448 12
13449 54
13450 74
13451 31
13452 30
13453 70
13454 38
13455 49
13456 68
13457 28
13458 50
13459 57
13460 40
13461 54
13462 35
13463 24
13464 14
13465 34
13466 37
13467 14
13468 23
13469 38
13470 27
13471 51
13472 30
13473 44
13474 46
13475 27
13476 32
13477 4
13478 29
13479 48
13480 24
13481 35
13482 16
13483 26
13484 19
13485 48
13486 34
13487 42
13488 27
13489 50
13490 75
13491 35
13492 26
13493 7
13494 34
13495 14
13496 40
13497 30
13498 12
13499 41
13500 54
13501 29
13502 37
13503 66
13504 23
13505 55
13506 41
13507 10
13508 64
13509 19
13510 9
13511 31
13512 41
13513 25
13514 86
13515 30
13516 46
13517 26
13518 41
13519 57
13520 42
13521 33
13522 74
13523 26
13524 50
13525 17
13526 35
13527 26
13528 43
13529 51
13530 59
13531 78
13532 83
13533 90
13534 25
13535 24
13536 34
13537 9
13538 73
13539 49
13540 56
13541 51
13542 104
13543 53
13544 64
13545 44
13546 50
13547 37
13548 76
13549 56
13550 25
13551 43
13552 23
13553 17
13554 25
13555 38
13556 73
13557 58
13558 26
13559 85
13560 20
13561 58
13562 20
13563 60
13564 42
13565 95
13566 76
13567 50
13568 27
13569 39
13570 34
13571 77
13572 51
13573 27
13574 57
13575 54
13576 24
13577 18
13578 14
13579 33
13580 51
13581 36
13582 41
13583 53
13584 42
13585 45
13586 36
13587 24
13588 31
13589 28
13590 41
13591 24
13592 44
13593 50
13594 2
13595 28
13596 55
13597 72
13598 35
13599 8
13600 22
13601 40
13602 50
13603 35
13604 51
13605 48
13606 52
13607 47
13608 18
13609 46
13610 51
13611 18
13612 13
13613 14
13614 31
13615 55
13616 8
13617 22
13618 30
13619 38
13620 13
13621 9
13622 9
13623 42
13624 15
13625 56
13626 22
13627 65
13628 45
13629 47
13630 54
13631 66
13632 41
13633 52
13634 50
13635 40
13636 61
13637 37
13638 17
13639 54
13640 68
13641 63
13642 40
13643 20
13644 27
13645 8
13646 65
13647 14
13648 53
13649 20
13650 51
13651 22
13652 21
13653 43
13654 58
13655 66
13656 16
13657 8
13658 21
13659 50
13660 32
13661 50
13662 27
13663 47
13664 85
13665 38
13666 6
13667 5
13668 22
13669 70
13670 47
13671 38
13672 17
13673 34
13674 25
13675 29
13676 5
13677 35
13678 57
13679 19
13680 39
13681 71
13682 33
13683 111
13684 21
13685 42
13686 39
13687 43
13688 36
13689 20
13690 12
13691 38
13692 14
13693 -1
13694 32
13695 37
13696 11
13697 22
13698 72
13699 53
13700 49
13701 35
13702 95
13703 64
13704 32
13705 32
13706 35
13707 52
13708 72
13709 47
13710 18
13711 71
13712 17
13713 22
13714 32
13715 54
13716 46
13717 8
13718 14
13719 43
13720 15
13721 39
13722 51
13723 13
13724 25
13725 54
13726 24
13727 40
13728 77
13729 27
13730 50
13731 47
13732 62
13733 4
13734 35
13735 23
13736 5
13737 72
13738 59
13739 41
13740 49
13741 9
13742 37
13743 48
13744 36
13745 71
13746 29
13747 19
13748 31
13749 59
13750 17
13751 47
13752 43
13753 0
13754 9
13755 36
13756 23
13757 15
13758 43
13759 27
13760 74
13761 44
13762 67
13763 10
13764 69
13765 72
13766 38
13767 71
13768 64
13769 63
13770 28
13771 11
13772 61
13773 23
13774 72
13775 66
13776 50
13777 54
13778 32
13779 29
13780 4
13781 10
13782 8
13783 21
13784 68
13785 54
13786 45
13787 2
13788 28
13789 49
13790 46
13791 78
13792 32
13793 43
13794 34
13795 37
13796 58
13797 52
13798 38
13799 41
13800 46
13801 48
13802 47
13803 9
13804 11
13805 32
13806 40
13807 35
13808 21
13809 34
13810 53
13811 29
13812 67
13813 87
13814 38
13815 4
13816 56
13817 38
13818 55
13819 53
13820 66
13821 26
13822 38
13823 40
13824 27
13825 15
13826 53
13827 12
13828 33
13829 64
13830 22
13831 28
13832 40
13833 33
13834 39
13835 59
13836 38
13837 35
13838 55
13839 33
13840 7
13841 57
13842 46
13843 32
13844 38
13845 68
13846 43
13847 61
13848 12
13849 23
13850 54
13851 34
13852 22
13853 9
13854 62
13855 45
13856 19
13857 34
13858 64
13859 22
13860 21
13861 12
13862 16
13863 99
13864 7
13865 28
13866 44
13867 26
13868 35
13869 72
13870 43
13871 43
13872 10
13873 17
13874 78
13875 80
13876 27
13877 42
13878 11
13879 34
13880 82
13881 38
13882 23
13883 65
13884 32
13885 51
13886 57
13887 72
13888 16
13889 79
13890 56
13891 14
13892 62
13893 77
13894 43
13895 32
13896 53
13897 42
13898 76
13899 15
13900 38
13901 78
13902 5
13903 5
13904 40
13905 38
13906 47
13907 80
13908 77
13909 29
13910 46
13911 41
13912 36
13913 34
13914 21
13915 36
13916 90
13917 10
13918 17
13919 24
13920 36
13921 77
13922 3
13923 17
13924 92
13925 31
13926 43
13927 21
13928 57
13929 37
13930 30
13931 40
13932 49
13933 57
13934 18
13935 39
13936 14
13937 26
13938 19
13939 31
13940 17
13941 33
13942 30
13943 22
13944 56
13945 76
13946 49
13947 94
13948 21
13949 32
13950 53
13951 62
13952 20
13953 27
13954 44
13955 30
13956 31
13957 23
13958 51
13959 36
13960 30
13961 62
13962 56
13963 49
13964 81
13965 37
13966 38
13967 32
13968 22
13969 15
13970 72
13971 30
13972 20
13973 55
13974 17
13975 69
13976 8
13977 55
13978 70
13979 28
13980 29
13981 14
13982 20
13983 49
13984 46
13985 14
13986 42
13987 37
13988 35
13989 35
13990 37
13991 48
13992 48
13993 14
13994 86
13995 40
13996 19
13997 32
13998 20
13999 65
14000 30
14001 38
14002 26
14003 64
14004 39
14005 34
14006 36
14007 48
14008 29
14009 27
14010 56
14011 31
14012 47
14013 14
14014 5
14015 48
14016 22
14017 43
14018 17
14019 57
14020 46
14021 23
14022 88
14023 47
14024 42
14025 60
14026 34
14027 30
14028 98
14029 24
14030 25
14031 38
14032 21
14033 18
14034 46
14035 68
14036 33
14037 77
14038 13
14039 33
14040 6
14041 26
14042 65
14043 31
14044 5
14045 63
14046 68
14047 14
14048 28
14049 17
14050 66
14051 78
14052 40
14053 -6
14054 42
14055 16
14056 27
14057 38
14058 12
14059 35
14060 27
14061 47
14062 23
14063 23
14064 59
14065 33
14066 46
14067 38
14068 4
14069 42
14070 53
14071 88
14072 26
14073 51
14074 32
14075 68
14076 19
14077 31
14078 52
14079 88
14080 16
14081 21
14082 82
14083 47
14084 35
14085 36
14086 30
14087 36
14088 53
14089 29
14090 34
14091 35
14092 35
14093 56
14094 63
14095 49
14096 28
14097 49
14098 49
14099 27
14100 19
14101 32
14102 25
14103 44
14104 29
14105 16
14106 37
14107 15
14108 59
14109 60
14110 51
14111 99
14112 21
14113 36
14114 23
14115 26
14116 25
14117 72
14118 56
14119 60
14120 49
14121 51
14122 27
14123 16
14124 41
14125 41
14126 -2
14127 62
14128 42
14129 53
14130 44
14131 36
14132 23
14133 84
14134 76
14135 43
14136 69
14137 33
14138 24
14139 39
14140 29
14141 67
14142 53
14143 38
14144 35
14145 53
14146 12
14147 23
14148 46
14149 44
14150 71
14151 16
14152 34
14153 51
14154 10
14155 52
14156 78
14157 23
14158 56
14159 26
14160 65
14161 20
14162 49
14163 65
14164 28
14165 35
14166 13
14167 46
14168 7
14169 49
14170 30
14171 27
14172 28
14173 23
14174 74
14175 27
14176 24
14177 42
14178 12
14179 23
14180 49
14181 69
14182 37
14183 41
14184 15
14185 81
14186 86
14187 20
14188 57
14189 26
14190 -2
14191 23
14192 33
14193 15
14194 15
14195 26
14196 58
14197 24
14198 48
14199 66
14200 40
14201 39
14202 45
14203 35
14204 34
14205 28
14206 28
14207 23
14208 16
14209 49
14210 35
14211 70
14212 50
14213 52
14214 40
14215 65
14216 29
14217 20
14218 53
14219 44
14220 31
14221 30
14222 58
14223 51
14224 37
14225 13
14226 58
14227 4
14228 34
14229 50
14230 44
14231 61
14232 11
14233 65
14234 22
14235 41
14236 62
14237 49
14238 22
14239 40
14240 30
14241 34
14242 26
14243 37
14244 49
14245 53
14246 44
14247 39
14248 11
14249 69
14250 30
14251 28
14252 35
14253 9
14254 34
14255 19
14256 26
14257 68
14258 26
14259 71
14260 58
14261 54
14262 49
14263 1
14264 42
14265 30
14266 24
14267 47
14268 64
14269 54
14270 41
14271 25
14272 18
14273 30
14274 25
14275 45
14276 40
14277 32
14278 35
14279 27
14280 47
14281 54
14282 29
14283 61
14284 61
14285 25
14286 25
14287 53
14288 56
14289 66
14290 37
14291 22
14292 11
14293 86
14294 34
14295 37
14296 23
14297 19
14298 56
14299 44
14300 47
14301 30
14302 30
14303 38
14304 53
14305 27
14306 27
14307 16
14308 32
14309 15
14310 49
14311 51
14312 27
14313 79
14314 39
14315 55
14316 36
14317 23
14318 41
14319 96
14320 26
14321 29
14322 21
14323 86
14324 43
14325 41
14326 44
14327 5
14328 63
14329 55
14330 31
14331 72
14332 17
14333 11
14334 75
14335 44
14336 22
14337 34
14338 67
14339 39
14340 24
14341 41
14342 23
14343 80
14344 -4
14345 83
14346 55
14347 31
14348 18
14349 39
14350 60
14351 93
14352 29
14353 38
14354 38
14355 68
14356 19
14357 19
14358 40
14359 -1
14360 25
14361 27
14362 33
14363 40
14364 27
14365 75
14366 54
14367 90
14368 25
14369 42
14370 52
14371 52
14372 77
14373 24
14374 20
14375 55
14376 26
14377 32
14378 69
14379 47
14380 19
14381 35
14382 49
14383 35
14384 45
14385 20
14386 22
14387 -2
14388 59
14389 35
14390 10
14391 41
14392 75
14393 11
14394 51
14395 39
14396 56
14397 54
14398 66
14399 43
14400 48
14401 29
14402 23
14403 81
14404 13
14405 51
14406 67
14407 23
14408 41
14409 18
14410 52
14411 64
14412 51
14413 23
14414 27
14415 69
14416 45
14417 56
14418 26
14419 73
14420 35
14421 49
14422 33
14423 51
14424 19
14425 52
14426 61
14427 53
14428 22
14429 22
14430 51
14431 3
14432 14
14433 40
14434 38
14435 29
14436 18
14437 8
14438 32
14439 67
14440 56
14441 60
14442 0
14443 33
14444 -11
14445 16
14446 74
14447 55
14448 16
14449 59
14450 51
14451 52
14452 29
14453 8
14454 27
14455 44
14456 46
14457 47
14458 17
14459 30
14460 43
14461 23
14462 85
14463 60
14464 28
14465 17
14466 0
14467 67
14468 23
14469 68
14470 77
14471 42
14472 42
14473 12
14474 -2
14475 22
14476 12
14477 71
14478 17
14479 58
14480 38
14481 41
14482 45
14483 8
14484 23
14485 26
14486 47
14487 26
14488 5
14489 18
14490 60
14491 63
14492 53
14493 40
14494 15
14495 59
14496 47
14497 14
14498 29
14499 74
14500 30
14501 41
14502 44
14503 48
14504 86
14505 75
14506 38
14507 50
14508 55
14509 28
14510 49
14511 44
14512 62
14513 26
14514 44
14515 11
14516 19
14517 48
14518 53
14519 13
14520 17
14521 23
14522 84
14523 68
14524 65
14525 34
14526 42
14527 35
14528 54
14529 23
14530 30
14531 40
14532 6
14533 42
14534 47
14535 30
14536 1
14537 25
14538 15
14539 31
14540 44
14541 105
14542 65
14543 25
14544 0
14545 89
14546 3
14547 51
14548 15
14549 27
14550 43
14551 45
14552 8
14553 90
14554 12
14555 58
14556 63
14557 40
14558 15
14559 76
14560 32
14561 0
14562 44
14563 50
14564 34
14565 61
14566 37
14567 42
14568 60
14569 29
14570 47
14571 28
14572 45
14573 7
14574 42
14575 50
14576 13
14577 17
14578 43
14579 -7
14580 66
14581 65
14582 87
14583 35
14584 33
14585 53
14586 48
14587 59
14588 16
14589 33
14590 -10
14591 54
14592 52
14593 99
14594 33
14595 47
14596 86
14597 39
14598 63
14599 17
14600 43
14601 36
14602 10
14603 9
14604 36
14605 78
14606 70
14607 59
14608 36
14609 63
14610 17
14611 43
14612 29
14613 13
14614 51
14615 30
14616 27
14617 24
14618 34
14619 79
14620 44
14621 25
14622 33
14623 35
14624 37
14625 55
14626 23
14627 81
14628 26
14629 1
14630 4
14631 51
14632 10
14633 7
14634 106
14635 7
14636 32
14637 48
14638 -2
14639 43
14640 -6
14641 70
14642 42
14643 47
14644 18
14645 37
14646 34
14647 49
14648 53
14649 32
14650 46
14651 38
14652 41
14653 46
14654 62
14655 38
14656 39
14657 30
14658 -4
14659 22
14660 20
14661 47
14662 89
14663 35
14664 28
14665 7
14666 31
14667 33
14668 36
14669 46
14670 56
14671 23
14672 20
14673 35
14674 67
14675 36
14676 35
14677 44
14678 28
14679 16
14680 27
14681 40
14682 44
14683 32
14684 22
14685 61
14686 27
14687 15
14688 23
14689 58
14690 32
14691 29
14692 28
14693 15
14694 17
14695 26
14696 35
14697 30
14698 2
14699 27
14700 18
14701 20
14702 54
14703 24
14704 6
14705 41
14706 32
14707 24
14708 33
14709 54
14710 56
14711 11
14712 29
14713 45
14714 24
14715 33
14716 79
14717 61
14718 30
14719 62
14720 86
14721 34
14722 82
14723 9
14724 48
14725 35
14726 2
14727 11
14728 27
14729 32
14730 56
14731 47
14732 43
14733 47
14734 -7
14735 73
14736 50
14737 59
14738 74
14739 37
14740 21
14741 52
14742 76
14743 57
14744 3
14745 68
14746 49
14747 27
14748 47
14749 19
14750 62
14751 36
14752 40
14753 14
14754 26
14755 26
14756 44
14757 44
14758 95
14759 56
14760 16
14761 22
14762 40
14763 52
14764 61
14765 25
14766 57
14767 52
14768 14
14769 43
14770 54
14771 14
14772 29
14773 65
14774 10
14775 20
14776 39
14777 70
14778 18
14779 23
14780 67
14781 87
14782 53
14783 25
14784 45
14785 40
14786 16
14787 85
14788 114
14789 35
14790 62
14791 22
14792 21
14793 74
14794 65
14795 63
14796 33
14797 41
14798 14
14799 51
14800 29
14801 89
14802 56
14803 11
14804 51
14805 29
14806 58
14807 43
14808 40
14809 64
14810 52
14811 4
14812 28
14813 53
14814 47
14815 9
14816 30
14817 -1
14818 48
14819 55
14820 16
14821 45
14822 28
14823 30
14824 48
14825 44
14826 68
14827 60
14828 20
14829 27
14830 89
14831 23
14832 53
14833 89
14834 26
14835 41
14836 32
14837 19
14838 42
14839 86
14840 54
14841 41
14842 29
14843 37
14844 9
14845 35
14846 15
14847 49
14848 59
14849 68
14850 49
14851 11
14852 7
14853 59
14854 66
14855 52
14856 46
14857 48
14858 62
14859 53
14860 22
14861 28
14862 56
14863 23
14864 41
14865 45
14866 65
14867 53
14868 22
14869 23
14870 32
14871 25
14872 47
14873 100
14874 67
14875 14
14876 42
14877 28
14878 49
14879 52
14880 66
14881 33
14882 29
14883 38
14884 95
14885 28
14886 18
14887 40
14888 62
14889 45
14890 10
14891 29
14892 54
14893 19
14894 -2
14895 36
14896 50
14897 43
14898 44
14899 50
14900 39
14901 28
14902 14
14903 60
14904 18
14905 95
14906 51
14907 56
14908 23
14909 36
14910 33
14911 18
14912 51
14913 22
14914 28
14915 29
14916 12
14917 39
14918 63
14919 32
14920 81
14921 45
14922 70
14923 29
14924 51
14925 39
14926 -1
14927 85
14928 13
14929 51
14930 100
14931 62
14932 45
14933 28
14934 56
14935 31
14936 17
14937 61
14938 20
14939 25
14940 24
14941 33
14942 37
14943 35
14944 97
14945 49
14946 28
14947 28
14948 66
14949 38
14950 41
14951 32
14952 4
14953 84
14954 31
14955 71
14956 10
14957 17
14958 9
14959 2
14960 25
14961 7
14962 10
14963 54
14964 36
14965 49
14966 55
14967 12
14968 14
14969 42
14970 14
14971 66
14972 52
14973 43
14974 29
14975 40
14976 20
14977 80
14978 21
14979 18
14980 49
14981 32
14982 49
14983 66
14984 54
14985 31
14986 50
14987 36
14988 26
14989 26
14990 69
14991 42
14992 32
14993 34
14994 38
14995 45
14996 100
14997 37
14998 72
14999 18
15000 49
15001 34
15002 23
15003 36
15004 13
15005 28
15006 35
15007 25
15008 31
15009 78
15010 32
15011 37
15012 16
15013 75
15014 27
15015 41
15016 29
15017 35
15018 43
15019 87
15020 36
15021 37
15022 32
15023 34
15024 86
15025 10
15026 68
15027 24
15028 35
15029 42
15030 20
15031 39
15032 69
15033 54
15034 4
15035 36
15036 52
15037 36
15038 24
15039 23
15040 17
15041 45
15042 21
15043 43
15044 61
15045 62
15046 55
15047 77
15048 1
15049 84
15050 40
15051 28
15052 70
15053 48
15054 40
15055 41
15056 52
15057 50
15058 42
15059 32
15060 26
15061 63
15062 56
15063 44
15064 18
15065 23
15066 63
15067 47
15068 27
15069 23
15070 46
15071 20
15072 58
15073 27
15074 32
15075 40
15076 33
15077 1
15078 44
15079 24
15080 56
15081 74
15082 51
15083 35
15084 47
15085 27
15086 42
15087 55
15088 44
15089 55
15090 14
15091 18
15092 48
15093 38
15094 17
15095 27
15096 10
15097 56
15098 25
15099 28
15100 23
15101 23
15102 23
15103 24
15104 9
15105 14
15106 10
15107 20
15108 27
15109 39
15110 50
15111 40
15112 44
15113 44
15114 50
15115 50
15116 31
15117 31
15118 25
15119 52
15120 62
15121 57
15122 21
15123 22
15124 17
15125 47
15126 39
15127 75
15128 37
15129 14
15130 23
15131 50
15132 38
15133 66
15134 72
15135 34
15136 29
15137 80
15138 48
15139 21
15140 44
15141 120
15142 45
15143 29
15144 88
15145 48
15146 59
15147 21
15148 34
15149 22
15150 28
15151 23
15152 31
15153 59
15154 58
15155 46
15156 43
15157 18
15158 10
15159 49
15160 4
15161 41
15162 26
15163 29
15164 36
15165 -4
15166 13
15167 44
15168 59
15169 32
15170 40
15171 59
15172 32
15173 12
15174 63
15175 32
15176 59
15177 39
15178 10
15179 79
15180 84
15181 120
15182 23
15183 14
15184 93
15185 42
15186 -1
15187 52
15188 39
15189 44
15190 -3
15191 92
15192 50
15193 56
15194 49
15195 17
15196 35
15197 24
15198 32
15199 17
15200 24
15201 40
15202 37
15203 62
15204 40
15205 5
15206 60
15207 46
15208 36
15209 30
15210 24
15211 76
15212 39
15213 35
15214 13
15215 45
15216 37
15217 10
15218 33
15219 31
15220 47
15221 31
15222 27
15223 72
15224 33
15225 2
15226 39
15227 13
15228 36
15229 42
15230 48
15231 37
15232 38
15233 68
15234 52
15235 18
15236 61
15237 54
15238 54
15239 0
15240 49
15241 9
15242 30
15243 46
15244 56
15245 90
15246 61
15247 1
15248 15
15249 27
15250 10
15251 88
15252 75
15253 20
15254 43
15255 23
15256 43
15257 22
15258 15
15259 41
15260 26
15261 32
15262 48
15263 89
15264 30
15265 24
15266 28
15267 75
15268 69
15269 22
15270 43
15271 73
15272 73
15273 35
15274 41
15275 47
15276 36
15277 38
15278 37
15279 49
15280 8
15281 48
15282 13
15283 27
15284 21
15285 22
15286 60
15287 63
15288 23
15289 19
15290 72
15291 31
15292 35
15293 95
15294 -1
15295 23
15296 64
15297 28
15298 118
15299 36
15300 40
15301 10
15302 22
15303 31
15304 38
15305 48
15306 35
15307 45
15308 13
15309 49
15310 30
15311 30
15312 61
15313 67
15314 26
15315 56
15316 5
15317 36
15318 20
15319 12
15320 63
15321 39
15322 30
15323 51
15324 65
15325 52
15326 39
15327 55
15328 20
15329 -2
15330 5
15331 28
15332 14
15333 42
15334 37
15335 39
15336 49
15337 74
15338 32
15339 22
15340 73
15341 31
15342 26
15343 43
15344 40
15345 21
15346 58
15347 23
15348 63
15349 18
15350 23
15351 52
15352 42
15353 85
15354 65
15355 31
15356 35
15357 15
15358 47
15359 42
15360 32
15361 14
15362 55
15363 25
15364 22
15365 22
15366 12
15367 44
15368 44
15369 37
15370 58
15371 21
15372 35
15373 38
15374 45
15375 39
15376 32
15377 28
15378 79
15379 34
15380 38
15381 48
15382 56
15383 28
15384 53
15385 35
15386 41
15387 8
15388 25
15389 71
15390 18
15391 17
15392 23
15393 17
15394 73
15395 15
15396 61
15397 39
15398 27
15399 59
15400 47
15401 31
15402 25
15403 59
15404 78
15405 37
15406 45
15407 59
15408 6
15409 40
15410 33
15411 73
15412 49
15413 35
15414 55
15415 54
15416 50
15417 57
15418 37
15419 68
15420 73
15421 64
15422 40
15423 9
15424 24
15425 32
15426 2
15427 60
15428 52
15429 15
15430 39
15431 42
15432 22
15433 21
15434 53
15435 80
15436 51
15437 25
15438 15
15439 19
15440 44
15441 45
15442 22
15443 17
15444 43
15445 49
15446 94
15447 65
15448 22
15449 63
15450 26
15451 35
15452 28
15453 33
15454 54
15455 42
15456 54
15457 7
15458 58
15459 5
15460 44
15461 47
15462 49
15463 24
15464 95
15465 30
15466 57
15467 71
15468 29
15469 36
15470 39
15471 41
15472 66
15473 45
15474 6
15475 22
15476 26
15477 31
15478 57
15479 54
15480 39
15481 39
15482 46
15483 25
15484 36
15485 42
15486 61
15487 12
15488 93
15489 36
15490 90
15491 94
15492 25
15493 50
15494 10
15495 47
15496 38
15497 40
15498 36
15499 10
15500 45
15501 59
15502 20
15503 3
15504 39
15505 48
15506 60
15507 -13
15508 32
15509 36
15510 33
15511 50
15512 56
15513 40
15514 22
15515 -2
15516 40
15517 50
15518 61
15519 -2
15520 35
15521 64
15522 26
15523 23
15524 20
15525 23
15526 75
15527 35
15528 10
15529 83
15530 36
15531 60
15532 31
15533 33
15534 14
15535 33
15536 39
15537 5
15538 76
15539 34
15540 36
15541 41
15542 24
15543 26
15544 53
15545 52
15546 75
15547 36
15548 28
15549 46
15550 55
15551 44
15552 36
15553 47
15554 29
15555 49
15556 11
15557 13
15558 37
15559 17
15560 59
15561 14
15562 35
15563 69
15564 36
15565 69
15566 50
15567 26
15568 0
15569 29
15570 42
15571 51
15572 25
15573 43
15574 60
15575 16
15576 63
15577 30
15578 45
15579 45
15580 37
15581 59
15582 41
15583 11
15584 28
15585 54
15586 80
15587 37
15588 24
15589 15
15590 36
15591 45
15592 77
15593 20
15594 57
15595 44
15596 16
15597 78
15598 12
15599 56
15600 85
15601 12
15602 28
15603 28
15604 33
15605 37
15606 90
15607 35
15608 18
15609 9
15610 51
15611 27
15612 19
15613 23
15614 42
15615 8
15616 30
15617 40
15618 37
15619 29
15620 34
15621 35
15622 21
15623 10
15624 35
15625 62
15626 51
15627 57
15628 30
15629 71
15630 47
15631 19
15632 63
15633 51
15634 62
15635 54
15636 26
15637 36
15638 21
15639 24
15640 48
15641 19
15642 57
15643 31
15644 46
15645 39
15646 73
15647 51
15648 32
15649 79
15650 48
15651 12
15652 -1
15653 21
15654 11
15655 43
15656 40
15657 52
15658 13
15659 16
15660 66
15661 49
15662 52
15663 60
15664 73
15665 44
15666 -2
15667 23
15668 29
15669 32
15670 85
15671 24
15672 12
15673 4
15674 16
15675 11
15676 54
15677 67
15678 43
15679 27
15680 65
15681 18
15682 74
15683 78
15684 37
15685 37
15686 19
15687 48
15688 38
15689 76
15690 16
15691 44
15692 38
15693 22
15694 18
15695 42
15696 -5
15697 62
15698 64
15699 19
15700 45
15701 34
15702 19
15703 37
15704 68
15705 18
15706 48
15707 44
15708 24
15709 7
15710 35
15711 31
15712 48
15713 19
15714 21
15715 41
15716 28
15717 29
15718 41
15719 34
15720 28
15721 8
15722 8
15723 39
15724 18
15725 10
15726 18
15727 32
15728 39
15729 97
15730 64
15731 58
15732 19
15733 69
15734 29
15735 15
15736 23
15737 36
15738 43
15739 68
15740 65
15741 34
15742 44
15743 51
15744 38
15745 27
15746 11
15747 43
15748 18
15749 47
15750 25
15751 66
15752 51
15753 15
15754 32
15755 48
15756 9
15757 50
15758 39
15759 21
15760 58
15761 58
15762 19
15763 73
15764 18
15765 6
15766 74
15767 51
15768 25
15769 16
15770 22
15771 59
15772 58
15773 12
15774 42
15775 66
15776 15
15777 8
15778 48
15779 25
15780 41
15781 55
15782 34
15783 82
15784 72
15785 23
15786 67
15787 56
15788 12
15789 14
15790 23
15791 91
15792 31
15793 23
15794 41
15795 34
15796 48
15797 50
15798 52
15799 9
15800 18
15801 59
15802 18
15803 32
15804 22
15805 29
15806 7
15807 17
15808 51
15809 23
15810 37
15811 28
15812 27
15813 15
15814 34
15815 25
15816 72
15817 3
15818 13
15819 20
15820 32
15821 24
15822 55
15823 36
15824 27
15825 8
15826 65
15827 22
15828 41
15829 80
15830 38
15831 11
15832 45
15833 28
15834 53
15835 34
15836 18
15837 40
15838 23
15839 38
15840 7
15841 9
15842 67
15843 27
15844 13
15845 52
15846 58
15847 -6
15848 33
15849 65
15850 4
15851 10
15852 22
15853 26
15854 40
15855 38
15856 30
15857 9
15858 37
15859 21
15860 40
15861 21
15862 18
15863 36
15864 32
15865 14
15866 30
15867 76
15868 46
15869 17
15870 68
15871 44
15872 43
15873 16
15874 53
15875 99
15876 6
15877 89
15878 57
15879 41
15880 52
15881 6
15882 60
15883 25
15884 41
15885 48
15886 17
15887 39
15888 45
15889 48
15890 27
15891 18
15892 35
15893 20
15894 30
15895 67
15896 29
15897 55
15898 39
15899 97
15900 52
15901 16
15902 55
15903 27
15904 34
15905 64
15906 41
15907 29
15908 -6
15909 55
15910 25
15911 14
15912 63
15913 43
15914 74
15915 75
15916 34
15917 40
15918 15
15919 76
15920 40
15921 58
15922 40
15923 33
15924 43
15925 27
15926 49
15927 23
15928 61
15929 40
15930 55
15931 37
15932 65
15933 50
15934 34
15935 40
15936 61
15937 46
15938 32
15939 39
15940 79
15941 33
15942 8
15943 26
15944 57
15945 16
15946 30
15947 32
15948 28
15949 47
15950 47
15951 71
15952 45
15953 67
15954 14
15955 46
15956 26
15957 3
15958 55
15959 44
15960 45
15961 9
15962 95
15963 56
15964 52
15965 28
15966 11
15967 12
15968 41
15969 56
15970 28
15971 20
15972 94
15973 45
15974 24
15975 18
15976 43
15977 31
15978 41
15979 65
15980 68
15981 -8
15982 27
15983 45
15984 55
15985 49
15986 68
15987 7
15988 81
15989 70
15990 85
15991 24
15992 15
15993 31
15994 28
15995 17
15996 58
15997 25
15998 51
15999 32
16000 32
16001 0
16002 44
16003 65
16004 24
16005 7
16006 29
16007 21
16008 4
16009 58
16010 24
16011 34
16012 27
16013 12
16014 6
16015 10
16016 13
16017 33
16018 43
16019 65
16020 21
16021 35
16022 65
16023 77
16024 19
16025 12
16026 32
16027 25
16028 30
16029 36
16030 49
16031 28
16032 26
16033 37
16034 5
16035 27
16036 27
16037 26
16038 51
16039 -1
16040 72
16041 -6
16042 37
16043 34
16044 16
16045 36
16046 -2
16047 96
16048 31
16049 27
16050 102
16051 24
16052 18
16053 24
16054 22
16055 11
16056 24
16057 18
16058 45
16059 -11
16060 28
16061 48
16062 39
16063 58
16064 47
16065 23
16066 67
16067 25
16068 2
16069 45
16070 67
16071 12
16072 52
16073 64
16074 40
16075 55
16076 35
16077 50
16078 22
16079 30
16080 34
16081 45
16082 71
16083 -2
16084 58
16085 43
16086 63
16087 36
16088 18
16089 52
16090 63
16091 44
16092 86
16093 33
16094 16
16095 42
16096 40
16097 54
16098 49
16099 63
16100 40
16101 21
16102 46
16103 57
16104 18
16105 25
16106 48
16107 58
16108 54
16109 9
16110 3
16111 58
16112 22
16113 51
16114 43
16115 29
16116 48
16117 25
16118 40
16119 42
16120 62
16121 23
16122 32
16123 60
16124 43
16125 35
16126 26
16127 24
16128 -1
16129 -1
16130 55
16131 36
16132 47
16133 34
16134 25
16135 25
16136 55
16137 30
16138 43
16139 21
16140 71
16141 81
16142 46
16143 16
16144 71
16145 32
16146 45
16147 78
16148 45
16149 48
16150 22
16151 43
16152 35
16153 41
16154 52
16155 28
16156 28
16157 72
16158 31
16159 36
16160 24
16161 41
16162 50
16163 58
16164 25
16165 39
16166 24
16167 26
16168 26
16169 61
16170 53
16171 25
16172 18
16173 28
16174 54
16175 30
16176 30
16177 60
16178 27
16179 60
16180 36
16181 9
16182 62
16183 47
16184 30
16185 58
16186 44
16187 116
16188 14
16189 54
16190 1
16191 59
16192 41
16193 64
16194 28
16195 50
16196 43
16197 35
16198 54
16199 -2
16200 53
16201 25
16202 64
16203 31
16204 38
16205 47
16206 17
16207 39
16208 36
16209 0
16210 34
16211 36
16212 39
16213 40
16214 46
16215 30
16216 62
16217 32
16218 43
16219 17
16220 52
16221 62
16222 90
16223 49
16224 40
16225 39
16226 58
16227 37
16228 34
16229 35
16230 45
16231 37
16232 17
16233 82
16234 54
16235 38
16236 2
16237 45
16238 52
16239 41
16240 75
16241 11
16242 71
16243 43
16244 49
16245 40
16246 70
16247 30
16248 42
16249 28
16250 48
16251 25
16252 44
16253 75
16254 41
16255 29
16256 28
16257 42
16258 35
16259 37
16260 33
16261 32
16262 9
16263 43
16264 50
16265 39
16266 39
16267 41
16268 22
16269 22
16270 39
16271 61
16272 22
16273 32
16274 27
16275 42
16276 20
16277 22
16278 32
16279 19
16280 41
16281 16
16282 21
16283 27
16284 29
16285 52
16286 43
16287 57
16288 26
16289 51
16290 48
16291 15
16292 11
16293 52
16294 58
16295 69
16296 73
16297 34
16298 38
16299 36
16300 50
16301 41
16302 46
16303 86
16304 38
16305 18
16306 40
16307 12
16308 65
16309 29
16310 -3
16311 29
16312 41
16313 31
16314 37
16315 13
16316 46
16317 28
16318 37
16319 39
16320 6
16321 55
16322 71
16323 31
16324 81
16325 42
16326 22
16327 45
16328 32
16329 25
16330 32
16331 16
16332 23
16333 67
16334 31
16335 3
16336 18
16337 17
16338 19
16339 60
16340 32
16341 46
16342 38
16343 34
16344 69
16345 39
16346 47
16347 40
16348 15
16349 25
16350 50
16351 7
16352 90
16353 27
16354 23
16355 129
16356 31
16357 59
16358 39
16359 81
16360 36
16361 30
16362 15
16363 34
16364 57
16365 55
16366 42
16367 13
16368 40
16369 31
16370 28
16371 47
16372 19
16373 61
16374 65
16375 49
16376 63
16377 11
16378 10
16379 32
16380 14
16381 4
16382 23
16383 41
16384 46
16385 29
16386 31
16387 40
16388 -2
16389 19
16390 29
16391 43
16392 34
16393 17
16394 37
16395 60
16396 -5
16397 35
16398 65
16399 28
16400 30
16401 62
16402 16
16403 11
16404 24
16405 48
16406 89
16407 30
16408 11
16409 96
16410 78
16411 34
16412 50
16413 32
16414 17
16415 49
16416 79
16417 32
16418 15
16419 26
16420 18
16421 51
16422 28
16423 57
16424 29
16425 32
16426 49
16427 8
16428 41
16429 23
16430 57
16431 23
16432 36
16433 14
16434 6
16435 38
16436 49
16437 41
16438 42
16439 13
16440 2
16441 104
16442 59
16443 56
16444 80
16445 16
16446 39
16447 23
16448 17
16449 47
16450 20
16451 39
16452 33
16453 80
16454 38
16455 35
16456 13
16457 65
16458 23
16459 79
16460 60
16461 -1
16462 35
16463 68
16464 33
16465 92
16466 31
16467 36
16468 58
16469 65
16470 29
16471 44
16472 31
16473 16
16474 76
16475 76
16476 95
16477 47
16478 22
16479 27
16480 10
16481 53
16482 7
16483 24
16484 58
16485 31
16486 69
16487 21
16488 48
16489 55
16490 -6
16491 20
16492 25
16493 44
16494 47
16495 47
16496 92
16497 36
16498 76
16499 68
16500 66
16501 75
16502 26
16503 81
16504 5
16505 49
16506 24
16507 29
16508 20
16509 32
16510 8
16511 44
16512 28
16513 26
16514 34
16515 60
16516 35
16517 55
16518 74
16519 26
16520 11
16521 33
16522 41
16523 61
16524 56
16525 26
16526 38
16527 27
16528 45
16529 70
16530 29
16531 27
16532 25
16533 39
16534 59
16535 70
16536 31
16537 27
16538 33
16539 28
16540 23
16541 29
16542 14
16543 35
16544 44
16545 45
16546 16
16547 43
16548 51
16549 36
16550 25
16551 45
16552 52
16553 20
16554 60
16555 24
16556 58
16557 59
16558 71
16559 45
16560 53
16561 23
16562 26
16563 19
16564 64
16565 40
16566 43
16567 40
16568 48
16569 25
16570 28
16571 30
16572 31
16573 7
16574 38
16575 38
16576 47
16577 14
16578 26
16579 35
16580 14
16581 29
16582 8
16583 44
16584 47
16585 35
16586 28
16587 47
16588 51
16589 36
16590 16
16591 61
16592 23
16593 19
16594 26
16595 25
16596 62
16597 40
16598 23
16599 28
16600 11
16601 37
16602 43
16603 36
16604 22
16605 27
16606 5
16607 66
16608 -7
16609 41
16610 16
16611 24
16612 16
16613 25
16614 50
16615 28
16616 35
16617 9
16618 45
16619 17
16620 96
16621 16
16622 42
16623 30
16624 32
16625 52
16626 68
16627 38
16628 42
16629 43
16630 15
16631 67
16632 4
16633 43
16634 30
16635 52
16636 16
16637 63
16638 31
16639 45
16640 49
16641 73
16642 25
16643 25
16644 25
16645 52
16646 20
16647 27
16648 38
16649 13
16650 25
16651 34
16652 39
16653 47
16654 73
16655 25
16656 65
16657 41
16658 18
16659 46
16660 47
16661 30
16662 32
16663 32
16664 23
16665 22
16666 72
16667 38
16668 23
16669 53
16670 72
16671 42
16672 3
16673 16
16674 25
16675 43
16676 65
16677 65
16678 20
16679 43
16680 56
16681 44
16682 20
16683 19
16684 32
16685 43
16686 48
16687 46
16688 22
16689 52
16690 24
16691 41
16692 52
16693 31
16694 27
16695 5
16696 56
16697 57
16698 8
16699 73
16700 59
16701 21
16702 37
16703 -1
16704 31
16705 3
16706 8
16707 44
16708 31
16709 86
16710 47
16711 54
16712 63
16713 42
16714 43
16715 21
16716 65
16717 35
16718 0
16719 22
16720 13
16721 39
16722 55
16723 46
16724 26
16725 28
16726 67
16727 36
16728 30
16729 46
16730 3
16731 9
16732 31
16733 52
16734 12
16735 87
16736 44
16737 42
16738 15
16739 72
16740 28
16741 32
16742 32
16743 27
16744 57
16745 38
16746 32
16747 48
16748 34
16749 1
16750 19
16751 4
16752 32
16753 40
16754 27
16755 51
16756 25
16757 56
16758 61
16759 56
16760 64
16761 33
16762 18
16763 42
16764 30
16765 30
16766 53
16767 50
16768 44
16769 20
16770 16
16771 23
16772 16
16773 57
16774 39
16775 29
16776 30
16777 41
16778 38
16779 51
16780 24
16781 38
16782 47
16783 46
16784 52
16785 39
16786 14
16787 25
16788 36
16789 39
16790 28
16791 48
16792 69
16793 57
16794 60
16795 20
16796 35
16797 61
16798 42
16799 31
16800 58
16801 29
16802 115
16803 25
16804 47
16805 47
16806 52
16807 43
16808 -10
16809 11
16810 41
16811 48
16812 60
16813 40
16814 70
16815 31
16816 12
16817 57
16818 21
16819 70
16820 46
16821 28
16822 18
16823 13
16824 50
16825 30
16826 40
16827 29
16828 22
16829 32
16830 16
16831 12
16832 13
16833 45
16834 36
16835 42
16836 11
16837 27
16838 44
16839 21
16840 7
16841 46
16842 35
16843 32
16844 17
16845 40
16846 49
16847 32
16848 71
16849 61
16850 28
16851 40
16852 18
16853 26
16854 33
16855 28
16856 24
16857 14
16858 29
16859 52
16860 20
16861 55
16862 35
16863 65
16864 17
16865 24
16866 19
16867 51
16868 13
16869 21
16870 10
16871 26
16872 31
16873 36
16874 72
16875 12
16876 19
16877 65
16878 45
16879 69
16880 24
16881 28
16882 52
16883 30
16884 -17
16885 83
16886 47
16887 10
16888 20
16889 64
16890 28
16891 65
16892 23
16893 49
16894 19
16895 21
16896 60
16897 76
16898 53
16899 13
16900 57
16901 13
16902 51
16903 9
16904 49
16905 16
16906 23
16907 35
16908 11
16909 85
16910 40
16911 11
16912 39
16913 36
16914 38
16915 44
16916 19
16917 65
16918 16
16919 81
16920 7
16921 34
16922 58
16923 71
16924 24
16925 34
16926 39
16927 56
16928 90
16929 50
16930 67
16931 43
16932 24
16933 34
16934 29
16935 35
16936 25
16937 49
16938 29
16939 43
16940 19
16941 81
16942 33
16943 41
16944 22
16945 64
16946 92
16947 32
16948 39
16949 21
16950 88
16951 11
16952 67
16953 10
16954 65
16955 14
16956 43
16957 35
16958 14
16959 39
16960 56
16961 35
16962 -6
16963 0
16964 40
16965 44
16966 10
16967 50
16968 10
16969 55
16970 20
16971 53
16972 39
16973 12
16974 66
16975 49
16976 76
16977 40
16978 64
16979 33
16980 47
16981 41
16982 40
16983 80
16984 20
16985 10
16986 32
16987 13
16988 9
16989 5
16990 0
16991 25
16992 39
16993 27
16994 38
16995 76
16996 29
16997 89
16998 37
16999 41
17000 14
17001 46
17002 15
17003 58
17004 89
17005 39
17006 21
17007 12
17008 32
17009 35
17010 18
17011 50
17012 62
17013 46
17014 48
17015 22
17016 79
17017 77
17018 26
17019 63
17020 27
17021 56
17022 45
17023 57
17024 60
17025 67
17026 37
17027 41
17028 21
17029 26
17030 89
17031 9
17032 70
17033 24
17034 37
17035 30
17036 17
17037 91
17038 -2
17039 25
17040 68
17041 28
17042 19
17043 51
17044 93
17045 65
17046 10
17047 30
17048 10
17049 50
17050 46
17051 84
17052 25
17053 78
17054 16
17055 29
17056 15
17057 32
17058 27
17059 83
17060 42
17061 37
17062 29
17063 78
17064 69
17065 24
17066 39
17067 41
17068 11
17069 41
17070 25
17071 45
17072 53
17073 84
17074 40
17075 41
17076 58
17077 38
17078 36
17079 48
17080 58
17081 15
17082 15
17083 43
17084 31
17085 41
17086 29
17087 -1
17088 6
17089 37
17090 22
17091 24
17092 28
17093 23
17094 41
17095 50
17096 43
17097 52
17098 104
17099 42
17100 16
17101 22
17102 16
17103 38
17104 22
17105 54
17106 23
17107 34
17108 30
17109 41
17110 50
17111 20
17112 46
17113 27
17114 37
17115 34
17116 44
17117 42
17118 32
17119 62
17120 64
17121 6
17122 24
17123 12
17124 28
17125 21
17126 41
17127 37
17128 59
17129 28
17130 18
17131 63
17132 29
17133 47
17134 12
17135 23
17136 39
17137 25
17138 31
17139 11
17140 41
17141 83
17142 32
17143 24
17144 37
17145 11
17146 26
17147 93
17148 27
17149 1
17150 36
17151 55
17152 40
17153 41
17154 25
17155 49
17156 27
17157 25
17158 49
17159 35
17160 36
17161 43
17162 109
17163 71
17164 17
17165 28
17166 18
17167 34
17168 50
17169 24
17170 31
17171 42
17172 46
17173 13
17174 22
17175 14
17176 9
17177 24
17178 -3
17179 28
17180 46
17181 54
17182 36
17183 22
17184 28
17185 58
17186 36
17187 10
17188 21
17189 45
17190 55
17191 9
17192 28
17193 30
17194 39
17195 64
17196 38
17197 25
17198 33
17199 22
17200 1
17201 97
17202 57
17203 29
17204 65
17205 83
17206 5
17207 37
17208 101
17209 0
17210 57
17211 37
17212 38
17213 12
17214 44
17215 17
17216 14
17217 85
17218 34
17219 23
17220 61
17221 59
17222 39
17223 42
17224 25
17225 105
17226 35
17227 35
17228 24
17229 18
17230 44
17231 63
17232 38
17233 35
17234 38
17235 27
17236 13
17237 34
17238 43
17239 36
17240 53
17241 -3
17242 41
17243 37
17244 42
17245 21
17246 22
17247 18
17248 11
17249 69
17250 25
17251 0
17252 25
17253 41
17254 32
17255 36
17256 59
17257 35
17258 54
17259 46
17260 50
17261 50
17262 24
17263 46
17264 17
17265 20
17266 24
17267 27
17268 58
17269 51
17270 20
17271 41
17272 56
17273 36
17274 21
17275 52
17276 30
17277 35
17278 40
17279 8
17280 89
17281 66
17282 25
17283 32
17284 9
17285 68
17286 33
17287 63
17288 41
17289 4
17290 36
17291 30
17292 4
17293 43
17294 47
17295 52
17296 40
17297 28
17298 76
17299 37
17300 22
17301 25
17302 -3
17303 28
17304 26
17305 48
17306 22
17307 7
17308 67
17309 52
17310 52
17311 20
17312 49
17313 55
17314 29
17315 26
17316 92
17317 45
17318 30
17319 31
17320 26
17321 33
17322 34
17323 58
17324 45
17325 38
17326 26
17327 64
17328 22
17329 64
17330 76
17331 16
17332 61
17333 19
17334 27
17335 72
17336 10
17337 33
17338 39
17339 22
17340 24
17341 34
17342 8
17343 34
17344 28
17345 65
17346 29
17347 37
17348 26
17349 72
17350 26
17351 29
17352 46
17353 51
17354 2
17355 28
17356 50
17357 26
17358 21
17359 43
17360 46
17361 83
17362 18
17363 23
17364 41
17365 20
17366 64
17367 42
17368 23
17369 13
17370 40
17371 53
17372 72
17373 68
17374 66
17375 27
17376 17
17377 58
17378 43
17379 64
17380 24
17381 46
17382 48
17383 30
17384 20
17385 35
17386 26
17387 37
17388 35
17389 21
17390 14
17391 54
17392 31
17393 29
17394 80
17395 71
17396 15
17397 49
17398 19
17399 47
17400 19
17401 34
17402 14
17403 36
17404 73
17405 62
17406 15
17407 28
17408 37
17409 57
17410 40
17411 51
17412 20
17413 49
17414 38
17415 25
17416 27
17417 38
17418 15
17419 54
17420 26
17421 42
17422 47
17423 47
17424 24
17425 64
17426 36
17427 29
17428 33
17429 14
17430 41
17431 45
17432 59
17433 15
17434 36
17435 46
17436 81
17437 40
17438 44
17439 35
17440 55
17441 49
17442 71
17443 46
17444 22
17445 37
17446 69
17447 33
17448 55
17449 28
17450 64
17451 46
17452 27
17453 55
17454 31
17455 37
17456 41
17457 47
17458 114
17459 34
17460 4
17461 73
17462 13
17463 5
17464 58
17465 52
17466 83
17467 19
17468 31
17469 41
17470 -2
17471 12
17472 14
17473 21
17474 25
17475 22
17476 66
17477 17
17478 28
17479 30
17480 36
17481 33
17482 59
17483 31
17484 67
17485 37
17486 54
17487 77
17488 18
17489 68
17490 23
17491 61
17492 78
17493 42
17494 -11
17495 45
17496 17
17497 48
17498 57
17499 11
17500 57
17501 49
17502 28
17503 13
17504 35
17505 27
17506 67
17507 36
17508 35
17509 25
17510 10
17511 48
17512 73
17513 59
17514 73
17515 30
17516 72
17517 36
17518 35
17519 54
17520 37
17521 33
17522 55
17523 39
17524 51
17525 44
17526 25
17527 33
17528 22
17529 58
17530 8
17531 25
17532 16
17533 42
17534 36
17535 50
17536 41
17537 19
17538 99
17539 25
17540 54
17541 23
17542 48
17543 38
17544 41
17545 55
17546 27
17547 53
17548 18
17549 40
17550 46
17551 56
17552 35
17553 29
17554 25
17555 63
17556 40
17557 30
17558 20
17559 62
17560 1
17561 74
17562 48
17563 32
17564 31
17565 38
17566 55
17567 49
17568 49
17569 24
17570 32
17571 13
17572 32
17573 35
17574 2
17575 31
17576 39
17577 30
17578 66
17579 73
17580 45
17581 31
17582 33
17583 34
17584 51
17585 75
17586 42
17587 9
17588 48
17589 42
17590 54
17591 9
17592 6
17593 28
17594 33
17595 48
17596 30
17597 31
17598 34
17599 52
17600 16
17601 81
17602 28
17603 55
17604 49
17605 33
17606 27
17607 3
17608 4
17609 67
17610 36
17611 81
17612 75
17613 22
17614 27
17615 38
17616 73
17617 53
17618 76
17619 60
17620 29
17621 33
17622 61
17623 22
17624 41
17625 59
17626 33
17627 57
17628 69
17629 14
17630 53
17631 43
17632 71
17633 35
17634 8
17635 50
17636 20
17637 34
17638 29
17639 5
17640 44
17641 25
17642 37
17643 29
17644 49
17645 44
17646 31
17647 40
17648 33
17649 42
17650 45
17651 33
17652 58
17653 52
17654 24
17655 14
17656 51
17657 54
17658 40
17659 59
17660 45
17661 52
17662 56
17663 40
17664 38
17665 68
17666 22
17667 55
17668 -2
17669 12
17670 34
17671 52
17672 89
17673 45
17674 8
17675 20
17676 36
17677 93
17678 45
17679 76
17680 36
17681 65
17682 18
17683 28
17684 47
17685 85
17686 34
17687 45
17688 31
17689 3
17690 32
17691 28
17692 29
17693 70
17694 59
17695 52
17696 31
17697 30
17698 16
17699 59
17700 21
17701 42
17702 54
17703 39
17704 46
17705 40
17706 23
17707 3
17708 -2
17709 38
17710 24
17711 32
17712 8
17713 16
17714 72
17715 44
17716 48
17717 23
17718 7
17719 28
17720 37
17721 59
17722 66
17723 21
17724 51
17725 27
17726 42
17727 64
17728 59
17729 27
17730 24
17731 28
17732 30
17733 26
17734 66
17735 64
17736 34
17737 18
17738 26
17739 29
17740 33
17741 69
17742 29
17743 46
17744 42
17745 73
17746 33
17747 44
17748 64
17749 19
17750 7
17751 19
17752 6
17753 50
17754 23
17755 25
17756 38
17757 50
17758 80
17759 4
17760 27
17761 48
17762 33
17763 31
17764 29
17765 17
17766 33
17767 52
17768 44
17769 52
17770 33
17771 24
17772 49
17773 72
17774 53
17775 26
17776 52
17777 22
17778 30
17779 40
17780 31
17781 22
17782 3
17783 -10
17784 79
17785 35
17786 41
17787 43
17788 25
17789 17
17790 62
17791 40
17792 23
17793 34
17794 19
17795 1
17796 33
17797 12
17798 21
17799 45
17800 -1
17801 34
17802 43
17803 43
17804 29
17805 24
17806 33
17807 14
17808 16
17809 52
17810 6
17811 28
17812 24
17813 -8
17814 44
17815 43
17816 19
17817 58
17818 50
17819 -4
17820 36
17821 41
17822 32
17823 27
17824 8
17825 22
17826 34
17827 8
17828 34
17829 37
17830 44
17831 26
17832 21
17833 31
17834 57
17835 32
17836 9
17837 23
17838 52
17839 46
17840 11
17841 35
17842 42
17843 55
17844 34
17845 34
17846 26
17847 3
17848 31
17849 54
17850 34
17851 37
17852 41
17853 24
17854 59
17855 20
17856 55
17857 23
17858 12
17859 41
17860 7
17861 25
17862 64
17863 24
17864 38
17865 56
17866 75
17867 36
17868 105
17869 47
17870 27
17871 47
17872 43
17873 48
17874 19
17875 10
17876 75
17877 15
17878 36
17879 17
17880 38
17881 22
17882 28
17883 55
17884 26
17885 32
17886 21
17887 33
17888 46
17889 26
17890 9
17891 14
17892 54
17893 25
17894 26
17895 13
17896 21
17897 14
17898 16
17899 40
17900 0
17901 6
17902 56
17903 65
17904 10
17905 76
17906 23
17907 26
17908 39
17909 8
17910 76
17911 20
17912 51
17913 61
17914 17
17915 17
17916 22
17917 38
17918 60
17919 15
17920 13
17921 23
17922 33
17923 30
17924 27
17925 39
17926 9
17927 59
17928 43
17929 10
17930 19
17931 66
17932 25
17933 49
17934 5
17935 42
17936 63
17937 44
17938 22
17939 80
17940 33
17941 25
17942 40
17943 25
17944 25
17945 22
17946 12
17947 56
17948 56
17949 35
17950 69
17951 33
17952 65
17953 29
17954 54
17955 54
17956 23
17957 26
17958 36
17959 34
17960 15
17961 60
17962 65
17963 7
17964 3
17965 -4
17966 26
17967 54
17968 45
17969 49
17970 34
17971 34
17972 47
17973 38
17974 46
17975 51
17976 34
17977 42
17978 23
17979 39
17980 31
17981 23
17982 27
17983 24
17984 43
17985 28
17986 48
17987 44
17988 39
17989 24
17990 69
17991 25
17992 38
17993 28
17994 35
17995 32
17996 25
17997 32
17998 41
17999 54
18000 40
18001 65
18002 54
18003 46
18004 24
18005 101
18006 43
18007 33
18008 48
18009 64
18010 4
18011 39
18012 47
18013 13
18014 34
18015 41
18016 42
18017 48
18018 41
18019 43
18020 40
18021 40
18022 32
18023 47
18024 29
18025 34
18026 23
18027 85
18028 34
18029 56
18030 0
18031 41
18032 60
18033 10
18034 47
18035 19
18036 24
18037 9
18038 22
18039 31
18040 37
18041 54
18042 26
18043 10
18044 47
18045 31
18046 26
18047 33
18048 30
18049 17
18050 90
18051 6
18052 57
18053 37
18054 72
18055 34
18056 38
18057 34
18058 27
18059 -3
18060 34
18061 71
18062 5
18063 36
18064 7
18065 29
18066 29
18067 10
18068 5
18069 33
18070 30
18071 60
18072 49
18073 29
18074 23
18075 60
18076 30
18077 62
18078 40
18079 66
18080 19
18081 117
18082 60
18083 45
18084 20
18085 12
18086 16
18087 3
18088 21
18089 43
18090 48
18091 72
18092 52
18093 38
18094 7
18095 23
18096 14
18097 66
18098 34
18099 81
18100 11
18101 64
18102 56
18103 41
18104 34
18105 40
18106 16
18107 37
18108 35
18109 36
18110 25
18111 20
18112 21
18113 1
18114 56
18115 60
18116 39
18117 47
18118 75
18119 49
18120 24
18121 56
18122 42
18123 69
18124 16
18125 47
18126 67
18127 20
18128 16
18129 24
18130 42
18131 13
18132 13
18133 50
18134 56
18135 24
18136 19
18137 49
18138 75
18139 14
18140 41
18141 40
18142 72
18143 32
18144 32
18145 55
18146 60
18147 46
18148 28
18149 34
18150 73
18151 39
18152 -6
18153 48
18154 49
18155 45
18156 55
18157 6
18158 28
18159 50
18160 38
18161 28
18162 5
18163 34
18164 6
18165 33
18166 21
18167 46
18168 6
18169 17
18170 56
18171 50
18172 79
18173 49
18174 26
18175 61
18176 41
18177 16
18178 34
18179 46
18180 79
18181 76
18182 33
18183 14
18184 81
18185 16
18186 36
18187 21
18188 24
18189 63
18190 62
18191 90
18192 20
18193 13
18194 14
18195 33
18196 23
18197 30
18198 26
18199 28
18200 47
18201 64
18202 24
18203 74
18204 51
18205 60
18206 68
18207 69
18208 38
18209 12
18210 22
18211 75
18212 43
18213 76
18214 30
18215 46
18216 42
18217 46
18218 60
18219 22
18220 17
18221 31
18222 32
18223 60
18224 17
18225 44
18226 28
18227 35
18228 29
18229 46
18230 51
18231 60
18232 40
18233 18
18234 15
18235 23
18236 26
18237 22
18238 39
18239 12
18240 86
18241 26
18242 48
18243 5
18244 53
18245 64
18246 60
18247 76
18248 25
18249 54
18250 34
18251 78
18252 30
18253 39
18254 46
18255 19
18256 46
18257 95
18258 24
18259 31
18260 62
18261 11
18262 40
18263 25
18264 41
18265 6
18266 58
18267 70
18268 37
18269 80
18270 30
18271 33
18272 65
18273 42
18274 53
18275 74
18276 17
18277 58
18278 9
18279 55
18280 57
18281 51
18282 29
18283 38
18284 36
18285 47
18286 83
18287 16
18288 131
18289 48
18290 33
18291 24
18292 34
18293 10
18294 41
18295 54
18296 46
18297 52
18298 61
18299 27
18300 42
18301 38
18302 37
18303 54
18304 29
18305 39
18306 67
18307 57
18308 28
18309 45
18310 34
18311 21
18312 61
18313 55
18314 74
18315 64
18316 37
18317 69
18318 48
18319 30
18320 16
18321 76
18322 22
18323 35
18324 48
18325 63
18326 48
18327 63
18328 81
18329 29
18330 66
18331 54
18332 46
18333 44
18334 49
18335 22
18336 42
18337 3
18338 28
18339 33
18340 68
18341 62
18342 59
18343 43
18344 63
18345 6
18346 8
18347 33
18348 34
18349 40
18350 36
18351 27
18352 23
18353 50
18354 42
18355 22
18356 27
18357 16
18358 27
18359 64
18360 22
18361 -4
18362 47
18363 -2
18364 40
18365 24
18366 22
18367 71
18368 31
18369 12
18370 76
18371 70
18372 6
18373 63
18374 33
18375 29
18376 93
18377 16
18378 35
18379 23
18380 35
18381 21
18382 59
18383 76
18384 39
18385 17
18386 34
18387 33
18388 33
18389 44
18390 32
18391 53
18392 63
18393 19
18394 46
18395 5
18396 16
18397 11
18398 81
18399 26
18400 33
18401 76
18402 9
18403 35
18404 17
18405 22
18406 31
18407 32
18408 31
18409 28
18410 46
18411 46
18412 51
18413 36
18414 3
18415 37
18416 13
18417 46
18418 56
18419 16
18420 66
18421 23
18422 43
18423 45
18424 47
18425 12
18426 28
18427 46
18428 40
18429 57
18430 38
18431 22
18432 4
18433 45
18434 49
18435 54
18436 38
18437 67
18438 9
18439 89
18440 33
18441 11
18442 20
18443 30
18444 22
18445 41
18446 57
18447 12
18448 45
18449 61
18450 66
18451 15
18452 55
18453 14
18454 48
18455 32
18456 41
18457 41
18458 17
18459 50
18460 29
18461 21
18462 32
18463 33
18464 34
18465 84
18466 15
18467 29
18468 36
18469 53
18470 34
18471 47
18472 67
18473 51
18474 51
18475 25
18476 6
18477 21
18478 16
18479 23
18480 41
18481 38
18482 42
18483 5
18484 27
18485 66
18486 3
18487 55
18488 46
18489 34
18490 28
18491 24
18492 68
18493 47
18494 38
18495 33
18496 8
18497 35
18498 -4
18499 37
18500 43
18501 31
18502 60
18503 37
18504 22
18505 46
18506 49
18507 36
18508 41
18509 76
18510 59
18511 34
18512 9
18513 26
18514 42
18515 30
18516 41
18517 23
18518 51
18519 28
18520 38
18521 4
18522 64
18523 82
18524 29
18525 27
18526 45
18527 95
18528 44
18529 32
18530 25
18531 34
18532 70
18533 36
18534 11
18535 22
18536 23
18537 26
18538 38
18539 34
18540 33
18541 37
18542 24
18543 18
18544 58
18545 13
18546 49
18547 88
18548 59
18549 57
18550 19
18551 62
18552 20
18553 65
18554 34
18555 57
18556 47
18557 29
18558 82
18559 43
18560 49
18561 38
18562 56
18563 2
18564 40
18565 43
18566 29
18567 53
18568 7
18569 34
18570 61
18571 24
18572 19
18573 22
18574 65
18575 15
18576 48
18577 53
18578 40
18579 35
18580 37
18581 29
18582 64
18583 74
18584 27
18585 73
18586 72
18587 48
18588 44
18589 10
18590 31
18591 52
18592 75
18593 29
18594 70
18595 49
18596 38
18597 30
18598 27
18599 22
18600 18
18601 57
18602 7
18603 3
18604 21
18605 64
18606 25
18607 46
18608 14
18609 64
18610 62
18611 28
18612 20
18613 13
18614 47
18615 49
18616 21
18617 40
18618 36
18619 27
18620 26
18621 69
18622 37
18623 57
18624 29
18625 49
18626 24
18627 74
18628 8
18629 24
18630 22
18631 46
18632 57
18633 29
18634 44
18635 59
18636 21
18637 26
18638 55
18639 40
18640 47
18641 21
18642 52
18643 14
18644 46
18645 37
18646 33
18647 67
18648 38
18649 49
18650 88
18651 64
18652 33
18653 39
18654 69
18655 33
18656 78
18657 18
18658 18
18659 22
18660 34
18661 31
18662 66
18663 35
18664 43
18665 32
18666 47
18667 23
18668 32
18669 24
18670 18
18671 27
18672 28
18673 33
18674 -1
18675 49
18676 60
18677 29
18678 13
18679 49
18680 68
18681 44
18682 41
18683 -7
18684 55
18685 72
18686 29
18687 17
18688 54
18689 45
18690 72
18691 49
18692 10
18693 14
18694 34
18695 42
18696 24
18697 41
18698 78
18699 40
18700 89
18701 89
18702 79
18703 3
18704 53
18705 27
18706 63
18707 25
18708 16
18709 19
18710 40
18711 27
18712 30
18713 49
18714 38
18715 22
18716 43
18717 53
18718 26
18719 42
18720 11
18721 30
18722 44
18723 40
18724 34
18725 41
18726 23
18727 27
18728 25
18729 7
18730 59
18731 24
18732 40
18733 58
18734 4
18735 26
18736 85
18737 0
18738 49
18739 63
18740 30
18741 85
18742 86
18743 35
18744 21
18745 63
18746 48
18747 20
18748 99
18749 40
18750 46
18751 5
18752 14
18753 20
18754 38
18755 8
18756 30
18757 24
18758 84
18759 35
18760 34
18761 24
18762 67
18763 46
18764 51
18765 40
18766 19
18767 31
18768 24
18769 45
18770 26
18771 24
18772 39
18773 96
18774 6
18775 58
18776 31
18777 20
18778 72
18779 27
18780 44
18781 29
18782 50
18783 24
18784 1
18785 9
18786 9
18787 31
18788 35
18789 38
18790 19
18791 47
18792 74
18793 17
18794 29
18795 53
18796 28
18797 47
18798 49
18799 57
18800 33
18801 18
18802 38
18803 15
18804 56
18805 66
18806 5
18807 17
18808 68
18809 6
18810 48
18811 3
18812 49
18813 27
18814 74
18815 14
18816 66
18817 56
18818 40
18819 26
18820 19
18821 73
18822 54
18823 30
18824 12
18825 70
18826 37
18827 37
18828 45
18829 30
18830 32
18831 37
18832 33
18833 39
18834 6
18835 18
18836 42
18837 28
18838 35
18839 54
18840 89
18841 77
18842 26
18843 32
18844 53
18845 58
18846 36
18847 36
18848 46
18849 14
18850 46
18851 20
18852 45
18853 24
18854 25
18855 38
18856 15
18857 -1
18858 45
18859 26
18860 2
18861 33
18862 89
18863 19
18864 68
18865 86
18866 45
18867 87
18868 22
18869 13
18870 75
18871 52
18872 41
18873 17
18874 52
18875 58
18876 43
18877 57
18878 53
18879 47
18880 56
18881 62
18882 13
18883 29
18884 45
18885 34
18886 90
18887 48
18888 43
18889 58
18890 19
18891 34
18892 8
18893 9
18894 67
18895 21
18896 35
18897 15
18898 56
18899 64
18900 6
18901 42
18902 28
18903 24
18904 33
18905 25
18906 35
18907 38
18908 49
18909 29
18910 79
18911 63
18912 29
18913 4
18914 53
18915 15
18916 49
18917 28
18918 45
18919 50
18920 49
18921 24
18922 68
18923 10
18924 33
18925 14
18926 36
18927 31
18928 45
18929 23
18930 104
18931 34
18932 51
18933 40
18934 14
18935 27
18936 65
18937 9
18938 22
18939 61
18940 18
18941 9
18942 36
18943 52
18944 42
18945 70
18946 15
18947 75
18948 65
18949 27
18950 25
18951 48
18952 38
18953 41
18954 59
18955 32
18956 50
18957 29
18958 11
18959 21
18960 36
18961 7
18962 35
18963 23
18964 29
18965 18
18966 32
18967 40
18968 44
18969 57
18970 20
18971 25
18972 60
18973 47
18974 10
18975 9
18976 45
18977 34
18978 30
18979 28
18980 94
18981 8
18982 39
18983 50
18984 46
18985 38
18986 29
18987 24
18988 69
18989 37
18990 38
18991 67
18992 2
18993 17
18994 87
18995 82
18996 44
18997 13
18998 13
18999 11
19000 51
19001 83
19002 48
19003 34
19004 58
19005 42
19006 44
19007 52
19008 31
19009 20
19010 14
19011 23
19012 57
19013 60
19014 29
19015 4
19016 55
19017 54
19018 -1
19019 26
19020 37
19021 20
19022 33
19023 43
19024 54
19025 24
19026 17
19027 14
19028 18
19029 76
19030 28
19031 52
19032 34
19033 37
19034 9
19035 27
19036 65
19037 22
19038 21
19039 34
19040 43
19041 44
19042 28
19043 31
19044 55
19045 29
19046 18
19047 54
19048 21
19049 20
19050 26
19051 16
19052 16
19053 -16
19054 37
19055 26
19056 19
19057 31
19058 51
19059 38
19060 29
19061 34
19062 44
19063 41
19064 85
19065 10
19066 6
19067 93
19068 24
19069 12
19070 58
19071 37
19072 10
19073 48
19074 44
19075 30
19076 16
19077 59
19078 10
19079 65
19080 38
19081 53
19082 19
19083 11
19084 -7
19085 26
19086 35
19087 17
19088 21
19089 47
19090 27
19091 36
19092 62
19093 37
19094 90
19095 18
19096 18
19097 48
19098 14
19099 9
19100 47
19101 27
19102 40
19103 14
19104 -4
19105 25
19106 76
19107 27
19108 26
19109 60
19110 7
19111 15
19112 49
19113 46
19114 30
19115 24
19116 45
19117 53
19118 28
19119 12
19120 64
19121 27
19122 24
19123 8
19124 11
19125 0
19126 22
19127 58
19128 39
19129 53
19130 6
19131 74
19132 82
19133 56
19134 46
19135 54
19136 24
19137 46
19138 42
19139 86
19140 35
19141 78
19142 70
19143 47
19144 28
19145 49
19146 57
19147 20
19148 66
19149 59
19150 47
19151 24
19152 50
19153 49
19154 47
19155 35
19156 51
19157 69
19158 55
19159 62
19160 9
19161 38
19162 57
19163 63
19164 37
19165 28
19166 24
19167 35
19168 13
19169 36
19170 21
19171 25
19172 54
19173 35
19174 77
19175 -4
19176 37
19177 57
19178 22
19179 61
19180 80
19181 18
19182 30
19183 3
19184 31
19185 29
19186 28
19187 23
19188 58
19189 41
19190 42
19191 31
19192 41
19193 22
19194 50
19195 46
19196 33
19197 37
19198 34
19199 61
19200 24
19201 38
19202 14
19203 47
19204 22
19205 6
19206 23
19207 6
19208 36
19209 23
19210 50
19211 25
19212 17
19213 2
19214 14
19215 65
19216 37
19217 58
19218 48
19219 15
19220 79
19221 21
19222 33
19223 48
19224 69
19225 51
19226 61
19227 52
19228 8
19229 46
19230 29
19231 32
19232 74
19233 32
19234 2
19235 46
19236 27
19237 77
19238 53
19239 57
19240 6
19241 26
19242 29
19243 53
19244 34
19245 24
19246 49
19247 72
19248 21
19249 33
19250 51
19251 24
19252 19
19253 46
19254 20
19255 27
19256 9
19257 23
19258 20
19259 49
19260 21
19261 34
19262 26
19263 14
19264 28
19265 29
19266 66
19267 80
19268 0
19269 15
19270 50
19271 20
19272 52
19273 23
19274 20
19275 60
19276 42
19277 17
19278 23
19279 34
19280 25
19281 11
19282 65
19283 9
19284 38
19285 34
19286 18
19287 57
19288 15
19289 58
19290 30
19291 39
19292 33
19293 42
19294 118
19295 50
19296 30
19297 39
19298 23
19299 28
19300 31
19301 45
19302 59
19303 31
19304 20
19305 54
19306 16
19307 16
19308 46
19309 30
19310 27
19311 45
19312 68
19313 53
19314 55
19315 66
19316 30
19317 35
19318 45
19319 58
19320 62
19321 78
19322 58
19323 36
19324 17
19325 18
19326 55
19327 22
19328 60
19329 24
19330 50
19331 47
19332 14
19333 40
19334 48
19335 25
19336 24
19337 29
19338 14
19339 51
19340 11
19341 40
19342 66
19343 25
19344 9
19345 56
19346 19
19347 36
19348 52
19349 66
19350 58
19351 20
19352 76
19353 45
19354 45
19355 59
19356 42
19357 41
19358 13
19359 43
19360 56
19361 50
19362 30
19363 66
19364 25
19365 12
19366 29
19367 30
19368 27
19369 38
19370 51
19371 42
19372 21
19373 7
19374 26
19375 35
19376 56
19377 42
19378 43
19379 43
19380 23
19381 37
19382 40
19383 17
19384 55
19385 75
19386 47
19387 25
19388 45
19389 58
19390 48
19391 62
19392 49
19393 15
19394 95
19395 41
19396 17
19397 54
19398 23
19399 13
19400 41
19401 56
19402 7
19403 41
19404 5
19405 1
19406 62
19407 31
19408 34
19409 79
19410 26
19411 27
19412 54
19413 42
19414 27
19415 44
19416 56
19417 65
19418 52
19419 22
19420 15
19421 21
19422 76
19423 27
19424 33
19425 24
19426 43
19427 22
19428 44
19429 20
19430 23
19431 22
19432 8
19433 53
19434 14
19435 7
19436 65
19437 59
19438 11
19439 9
19440 2
19441 22
19442 18
19443 54
19444 21
19445 18
19446 25
19447 11
19448 23
19449 74
19450 32
19451 23
19452 47
19453 86
19454 50
19455 18
19456 50
19457 40
19458 30
19459 28
19460 35
19461 33
19462 62
19463 36
19464 32
19465 40
19466 64
19467 31
19468 50
19469 44
19470 64
19471 73
19472 24
19473 23
19474 26
19475 30
19476 37
19477 21
19478 13
19479 60
19480 25
19481 16
19482 20
19483 64
19484 66
19485 15
19486 21
19487 29
19488 20
19489 37
19490 52
19491 11
19492 75
19493 33
19494 62
19495 60
19496 28
19497 42
19498 25
19499 36
19500 42
19501 40
19502 28
19503 28
19504 37
19505 47
19506 35
19507 48
19508 22
19509 18
19510 29
19511 36
19512 52
19513 29
19514 18
19515 24
19516 12
19517 43
19518 43
19519 52
19520 39
19521 30
19522 45
19523 22
19524 88
19525 74
19526 40
19527 21
19528 29
19529 19
19530 32
19531 22
19532 46
19533 18
19534 19
19535 35
19536 16
19537 46
19538 5
19539 61
19540 22
19541 38
19542 50
19543 45
19544 13
19545 19
19546 35
19547 55
19548 23
19549 65
19550 42
19551 37
19552 21
19553 31
19554 13
19555 101
19556 27
19557 42
19558 0
19559 13
19560 31
19561 40
19562 24
19563 59
19564 48
19565 45
19566 48
19567 39
19568 35
19569 9
19570 21
19571 27
19572 37
19573 43
19574 52
19575 40
19576 54
19577 44
19578 20
19579 28
19580 50
19581 31
19582 26
19583 21
19584 45
19585 24
19586 27
19587 56
19588 34
19589 106
19590 39
19591 37
19592 35
19593 31
19594 40
19595 29
19596 28
19597 37
19598 28
19599 57
19600 60
19601 8
19602 51
19603 29
19604 28
19605 53
19606 18
19607 40
19608 39
19609 34
19610 35
19611 55
19612 6
19613 34
19614 15
19615 23
19616 42
19617 95
19618 52
19619 36
19620 56
19621 10
19622 22
19623 41
19624 14
19625 24
19626 64
19627 75
19628 79
19629 25
19630 64
19631 53
19632 52
19633 24
19634 33
19635 8
19636 45
19637 35
19638 47
19639 10
19640 8
19641 17
19642 32
19643 20
19644 21
19645 18
19646 54
19647 43
19648 40
19649 37
19650 31
19651 20
19652 39
19653 29
19654 107
19655 28
19656 54
19657 58
19658 46
19659 16
19660 41
19661 44
19662 32
19663 1
19664 23
19665 63
19666 11
19667 43
19668 20
19669 62
19670 25
19671 15
19672 27
19673 33
19674 11
19675 40
19676 36
19677 36
19678 22
19679 44
19680 92
19681 33
19682 21
19683 42
19684 79
19685 8
19686 17
19687 54
19688 32
19689 62
19690 54
19691 55
19692 31
19693 16
19694 21
19695 34
19696 11
19697 51
19698 -4
19699 -6
19700 59
19701 57
19702 25
19703 28
19704 42
19705 11
19706 74
19707 42
19708 63
19709 44
19710 14
19711 70
19712 33
19713 25
19714 42
19715 46
19716 19
19717 23
19718 62
19719 47
19720 34
19721 14
19722 28
19723 6
19724 12
19725 98
19726 45
19727 23
19728 27
19729 23
19730 23
19731 31
19732 49
19733 69
19734 19
19735 39
19736 2
19737 12
19738 2
19739 45
19740 98
19741 48
19742 21
19743 24
19744 36
19745 39
19746 56
19747 14
19748 68
19749 7
19750 48
19751 40
19752 37
19753 42
19754 65
19755 54
19756 39
19757 86
19758 25
19759 33
19760 56
19761 57
19762 4
19763 36
19764 73
19765 31
19766 75
19767 68
19768 1
19769 67
19770 48
19771 41
19772 59
19773 43
19774 59
19775 12
19776 36
19777 28
19778 28
19779 33
19780 34
19781 53
19782 48
19783 13
19784 9
19785 33
19786 38
19787 54
19788 60
19789 42
19790 54
19791 58
19792 45
19793 18
19794 20
19795 36
19796 68
19797 21
19798 37
19799 35
19800 36
19801 33
19802 72
19803 33
19804 17
19805 25
19806 35
19807 28
19808 51
19809 36
19810 83
19811 57
19812 15
19813 32
19814 104
19815 22
19816 24
19817 28
19818 44
19819 26
19820 69
19821 29
19822 40
19823 29
19824 44
19825 45
19826 5
19827 28
19828 0
19829 42
19830 35
19831 39
19832 29
19833 55
19834 22
19835 -5
19836 37
19837 42
19838 27
19839 11
19840 23
19841 31
19842 58
19843 30
19844 83
19845 34
19846 65
19847 48
19848 15
19849 12
19850 40
19851 27
19852 33
19853 14
19854 16
19855 24
19856 18
19857 103
19858 34
19859 73
19860 54
19861 75
19862 69
19863 19
19864 0
19865 33
19866 13
19867 42
19868 20
19869 46
19870 43
19871 65
19872 19
19873 71
19874 62
19875 74
19876 38
19877 3
19878 21
19879 55
19880 39
19881 4
19882 21
19883 50
19884 45
19885 11
19886 31
19887 5
19888 36
19889 3
19890 30
19891 23
19892 12
19893 49
19894 39
19895 45
19896 26
19897 13
19898 43
19899 45
19900 34
19901 23
19902 79
19903 47
19904 29
19905 50
19906 17
19907 29
19908 46
19909 72
19910 33
19911 35
19912 53
19913 20
19914 32
19915 83
19916 39
19917 41
19918 57
19919 2
19920 65
19921 28
19922 42
19923 50
19924 12
19925 24
19926 39
19927 30
19928 61
19929 43
19930 22
19931 19
19932 25
19933 39
19934 2
19935 26
19936 59
19937 25
19938 36
19939 0
19940 34
19941 62
19942 21
19943 19
19944 14
19945 46
19946 23
19947 65
19948 21
19949 11
19950 49
19951 8
19952 13
19953 35
19954 27
19955 6
19956 53
19957 71
19958 62
19959 22
19960 21
19961 36
19962 54
19963 40
19964 -4
19965 39
19966 50
19967 30
19968 53
19969 27
19970 19
19971 66
19972 23
19973 90
19974 27
19975 61
19976 1
19977 41
19978 57
19979 28
19980 36
19981 33
19982 41
19983 8
19984 25
19985 44
19986 54
19987 49
19988 19
19989 88
19990 36
19991 35
19992 30
19993 53
19994 36
19995 27
19996 27
19997 58
19998 39
19999 59
20000 51
20001 38
20002 27
20003 13
20004 20
20005 46
20006 42
20007 16
20008 54
20009 20
20010 95
20011 50
20012 18
20013 54
20014 39
20015 21
20016 25
20017 27
20018 14
20019 43
20020 55
20021 32
20022 53
20023 24
20024 55
20025 68
20026 36
20027 31
20028 44
20029 50
20030 30
20031 40
20032 16
20033 66
20034 33
20035 26
20036 31
20037 14
20038 49
20039 65
20040 29
20041 59
20042 50
20043 70
20044 2
20045 53
20046 35
20047 42
20048 18
20049 87
20050 34
20051 99
20052 40
20053 46
20054 29
20055 45
20056 63
20057 50
20058 58
20059 56
20060 49
20061 33
20062 27
20063 29
20064 31
20065 31
20066 28
20067 44
20068 11
20069 40
20070 37
20071 42
20072 45
20073 62
20074 18
20075 15
20076 31
20077 26
20078 53
20079 27
20080 46
20081 70
20082 36
20083 14
20084 71
20085 74
20086 41
20087 31
20088 68
20089 1
20090 77
20091 38
20092 31
20093 33
20094 32
20095 33
20096 46
20097 -1
20098 34
20099 22
20100 19
20101 46
20102 23
20103 26
20104 34
20105 53
20106 40
20107 75
20108 34
20109 63
20110 29
20111 56
20112 29
20113 33
20114 58
20115 34
20116 0
20117 11
20118 69
20119 11
20120 32
20121 30
20122 27
20123 28
20124 58
20125 9
20126 36
20127 33
20128 42
20129 38
20130 22
20131 44
20132 22
20133 34
20134 36
20135 27
20136 28
20137 39
20138 30
20139 55
20140 55
20141 34
20142 34
20143 64
20144 34
20145 69
20146 44
20147 50
20148 40
20149 45
20150 22
20151 6
20152 32
20153 28
20154 39
20155 5
20156 28
20157 41
20158 38
20159 43
20160 64
20161 58
20162 26
20163 1
20164 57
20165 72
20166 24
20167 25
20168 27
20169 52
20170 39
20171 61
20172 31
20173 19
20174 28
20175 48
20176 10
20177 3
20178 33
20179 6
20180 39
20181 12
20182 22
20183 84
20184 17
20185 7
20186 47
20187 49
20188 46
20189 19
20190 58
20191 35
20192 36
20193 21
20194 27
20195 15
20196 68
20197 106
20198 29
20199 11
20200 62
20201 46
20202 44
20203 68
20204 2
20205 57
20206 68
20207 34
20208 35
20209 53
20210 57
20211 5
20212 14
20213 38
20214 69
20215 34
20216 38
20217 42
20218 83
20219 30
20220 16
20221 29
20222 23
20223 78
20224 37
20225 45
20226 36
20227 23
20228 35
20229 28
20230 28
20231 68
20232 10
20233 40
20234 33
20235 71
20236 56
20237 38
20238 31
20239 10
20240 64
20241 54
20242 38
20243 34
20244 56
20245 23
20246 18
20247 30
20248 63
20249 19
20250 39
20251 16
20252 54
20253 30
20254 5
20255 46
20256 95
20257 32
20258 29
20259 47
20260 56
20261 23
20262 47
20263 23
20264 17
20265 38
20266 38
20267 52
20268 26
20269 34
20270 61
20271 42
20272 44
20273 55
20274 48
20275 16
20276 35
20277 59
20278 27
20279 74
20280 43
20281 18
20282 37
20283 11
20284 14
20285 52
20286 47
20287 44
20288 32
20289 43
20290 61
20291 28
20292 45
20293 19
20294 85
20295 73
20296 38
20297 47
20298 61
20299 28
20300 53
20301 7
20302 17
20303 41
20304 17
20305 48
20306 25
20307 47
20308 37
20309 21
20310 30
20311 11
20312 78
20313 31
20314 41
20315 15
20316 22
20317 50
20318 24
20319 25
20320 75
20321 18
20322 63
20323 105
20324 51
20325 56
20326 36
20327 36
20328 36
20329 48
20330 24
20331 42
20332 29
20333 -2
20334 9
20335 31
20336 7
20337 78
20338 31
20339 11
20340 42
20341 52
20342 25
20343 13
20344 74
20345 19
20346 11
20347 7
20348 11
20349 51
20350 61
20351 18
20352 52
20353 31
20354 84
20355 46
20356 59
20357 39
20358 58
20359 53
20360 18
20361 44
20362 60
20363 44
20364 23
20365 13
20366 44
20367 22
20368 32
20369 33
20370 46
20371 23
20372 50
20373 42
20374 53
20375 40
20376 45
20377 62
20378 43
20379 14
20380 9
20381 35
20382 16
20383 21
20384 81
20385 9
20386 91
20387 15
20388 8
20389 36
20390 19
20391 18
20392 21
20393 33
20394 100
20395 24
20396 62
20397 47
20398 44
20399 20
20400 7
20401 23
20402 51
20403 86
20404 49
20405 37
20406 57
20407 44
20408 28
20409 14
20410 -6
20411 60
20412 -10
20413 25
20414 48
20415 49
20416 63
20417 28
20418 36
20419 30
20420 50
20421 58
20422 54
20423 35
20424 83
20425 26
20426 93
20427 19
20428 42
20429 62
20430 37
20431 29
20432 17
20433 35
20434 44
20435 71
20436 50
20437 45
20438 72
20439 37
20440 20
20441 78
20442 73
20443 72
20444 35
20445 18
20446 50
20447 25
20448 8
20449 -2
20450 40
20451 18
20452 24
20453 39
20454 40
20455 63
20456 13
20457 35
20458 47
20459 41
20460 41
20461 43
20462 41
20463 44
20464 20
20465 48
20466 28
20467 47
20468 45
20469 41
20470 46
20471 22
20472 39
20473 22
20474 15
20475 57
20476 20
20477 56
20478 50
20479 26
20480 40
20481 80
20482 19
20483 20
20484 48
20485 73
20486 2
20487 83
20488 61
20489 36
20490 22
20491 34
20492 83
20493 37
20494 43
20495 23
20496 55
20497 36
20498 33
20499 -6
20500 25
20501 32
20502 69
20503 67
20504 34
20505 21
20506 30
20507 42
20508 62
20509 30
20510 26
20511 62
20512 -7
20513 27
20514 69
20515 52
20516 -9
20517 71
20518 45
20519 50
20520 53
20521 35
20522 5
20523 11
20524 36
20525 26
20526 11
20527 17
20528 34
20529 40
20530 23
20531 66
20532 15
20533 10
20534 36
20535 22
20536 27
20537 64
20538 61
20539 49
20540 12
20541 79
20542 14
20543 21
20544 44
20545 46
20546 9
20547 100
20548 13
20549 37
20550 57
20551 50
20552 15
20553 42
20554 18
20555 38
20556 36
20557 9
20558 75
20559 27
20560 25
20561 14
20562 12
20563 12
20564 110
20565 29
20566 38
20567 27
20568 57
20569 45
20570 66
20571 35
20572 60
20573 14
20574 54
20575 39
20576 8
20577 105
20578 37
20579 123
20580 29
20581 9
20582 49
20583 81
20584 60
20585 104
20586 18
20587 28
20588 39
20589 39
20590 52
20591 21
20592 63
20593 26
20594 21
20595 51
20596 68
20597 43
20598 64
20599 34
20600 8
20601 75
20602 16
20603 44
20604 34
20605 53
20606 15
20607 21
20608 22
20609 23
20610 42
20611 74
20612 31
20613 48
20614 37
20615 53
20616 9
20617 40
20618 15
20619 56
20620 21
20621 49
20622 8
20623 20
20624 30
20625 42
20626 64
20627 11
20628 60
20629 33
20630 26
20631 18
20632 52
20633 58
20634 45
20635 46
20636 81
20637 26
20638 28
20639 11
20640 62
20641 47
20642 52
20643 27
20644 78
20645 16
20646 32
20647 27
20648 23
20649 19
20650 18
20651 49
20652 18
20653 44
20654 4
20655 31
20656 53
20657 21
20658 40
20659 23
20660 50
20661 26
20662 55
20663 27
20664 26
20665 70
20666 49
20667 51
20668 25
20669 21
20670 44
20671 34
20672 64
20673 65
20674 38
20675 4
20676 16
20677 30
20678 45
20679 30
20680 44
20681 2
20682 37
20683 26
20684 54
20685 40
20686 40
20687 19
20688 5
20689 28
20690 55
20691 67
20692 0
20693 42
20694 8
20695 37
20696 42
20697 48
20698 46
20699 46
20700 47
20701 17
20702 29
20703 32
20704 72
20705 53
20706 30
20707 29
20708 8
20709 18
20710 87
20711 22
20712 116
20713 5
20714 56
20715 16
20716 20
20717 44
20718 24
20719 33
20720 64
20721 59
20722 30
20723 56
20724 26
20725 78
20726 78
20727 38
20728 21
20729 20
20730 24
20731 62
20732 54
20733 27
20734 9
20735 74
20736 31
20737 34
20738 50
20739 70
20740 23
20741 34
20742 25
20743 42
20744 28
20745 5
20746 47
20747 26
20748 46
20749 54
20750 46
20751 41
20752 27
20753 5
20754 95
20755 13
20756 37
20757 40
20758 27
20759 44
20760 46
20761 26
20762 18
20763 39
20764 39
20765 16
20766 54
20767 23
20768 40
20769 35
20770 54
20771 60
20772 53
20773 32
20774 57
20775 68
20776 10
20777 24
20778 0
20779 33
20780 13
20781 51
20782 54
20783 31
20784 21
20785 16
20786 0
20787 54
20788 64
20789 -4
20790 47
20791 57
20792 49
20793 51
20794 21
20795 31
20796 7
20797 33
20798 34
20799 38
20800 27
20801 28
20802 54
20803 58
20804 58
20805 59
20806 60
20807 -4
20808 25
20809 62
20810 39
20811 14
20812 27
20813 5
20814 53
20815 49
20816 35
20817 23
20818 38
20819 14
20820 46
20821 43
20822 -1
20823 43
20824 31
20825 38
20826 42
20827 29
20828 30
20829 32
20830 73
20831 34
20832 7
20833 47
20834 60
20835 62
20836 26
20837 34
20838 34
20839 30
20840 30
20841 11
20842 18
20843 64
20844 52
20845 24
20846 20
20847 28
20848 58
20849 33
20850 70
20851 33
20852 80
20853 74
20854 28
20855 48
20856 42
20857 37
20858 50
20859 18
20860 22
20861 70
20862 75
20863 5
20864 30
20865 76
20866 52
20867 33
20868 60
20869 9
20870 43
20871 16
20872 3
20873 53
20874 34
20875 11
20876 36
20877 60
20878 8
20879 48
20880 10
20881 31
20882 19
20883 31
20884 7
20885 19
20886 40
20887 13
20888 66
20889 55
20890 50
20891 67
20892 32
20893 53
20894 43
20895 78
20896 22
20897 19
20898 53
20899 43
20900 42
20901 89
20902 41
20903 18
20904 13
20905 29
20906 9
20907 32
20908 8
20909 43
20910 39
20911 12
20912 37
20913 56
20914 41
20915 37
20916 26
20917 22
20918 27
20919 59
20920 44
20921 31
20922 10
20923 48
20924 62
20925 11
20926 33
20927 10
20928 42
20929 27
20930 39
20931 37
20932 19
20933 27
20934 14
20935 25
20936 50
20937 44
20938 -5
20939 31
20940 75
20941 19
20942 49
20943 47
20944 41
20945 39
20946 47
20947 28
20948 23
20949 83
20950 14
20951 21
20952 49
20953 32
20954 31
20955 7
20956 20
20957 32
20958 24
20959 49
20960 10
20961 53
20962 67
20963 36
20964 20
20965 18
20966 23
20967 16
20968 32
20969 60
20970 18
20971 26
20972 67
20973 44
20974 64
20975 50
20976 92
20977 20
20978 53
20979 85
20980 8
20981 43
20982 29
20983 57
20984 32
20985 6
20986 24
20987 86
20988 27
20989 32
20990 28
20991 34
20992 55
20993 23
20994 30
20995 43
20996 20
20997 54
20998 46
20999 37
21000 26
21001 13
21002 29
21003 55
21004 11
21005 41
21006 42
21007 12
21008 49
21009 21
21010 55
21011 32
21012 18
21013 59
21014 7
21015 25
21016 28
21017 20
21018 25
21019 29
21020 14
21021 42
21022 50
21023 80
21024 60
21025 46
21026 24
21027 27
21028 15
21029 35
21030 26
21031 67
21032 20
21033 27
21034 23
21035 71
21036 26
21037 59
21038 45
21039 29
21040 17
21041 24
21042 39
21043 71
21044 22
21045 51
21046 28
21047 18
21048 38
21049 23
21050 28
21051 43
21052 16
21053 103
21054 29
21055 21
21056 50
21057 36
21058 33
21059 19
21060 28
21061 40
21062 26
21063 27
21064 10
21065 44
21066 78
21067 44
21068 41
21069 20
21070 63
21071 15
21072 76
21073 3
21074 79
21075 53
21076 23
21077 53
21078 46
21079 61
21080 35
21081 9
21082 4
21083 5
21084 64
21085 14
21086 24
21087 37
21088 41
21089 18
21090 4
21091 34
21092 25
21093 42
21094 86
21095 26
21096 44
21097 26
21098 57
21099 53
21100 2
21101 44
21102 24
21103 28
21104 36
21105 31
21106 42
21107 74
21108 88
21109 63
21110 40
21111 9
21112 59
21113 97
21114 40
21115 27
21116 23
21117 13
21118 25
21119 18
21120 24
21121 20
21122 30
21123 -1
21124 63
21125 42
21126 44
21127 9
21128 31
21129 25
21130 12
21131 6
21132 68
21133 29
21134 44
21135 36
21136 16
21137 31
21138 63
21139 29
21140 61
21141 31
21142 32
21143 42
21144 62
21145 20
21146 24
21147 2
21148 23
21149 61
21150 48
21151 29
21152 15
21153 25
21154 25
21155 52
21156 78
21157 17
21158 32
21159 28
21160 28
21161 63
21162 49
21163 26
21164 18
21165 23
21166 11
21167 41
21168 9
21169 17
21170 64
21171 46
21172 37
21173 51
21174 55
21175 62
21176 40
21177 15
21178 36
21179 35
21180 42
21181 14
21182 26
21183 20
21184 52
21185 33
21186 48
21187 10
21188 34
21189 28
21190 38
21191 28
21192 57
21193 54
21194 47
21195 47
21196 71
21197 47
21198 29
21199 61
21200 55
21201 10
21202 38
21203 31
21204 43
21205 89
21206 37
21207 26
21208 42
21209 21
21210 17
21211 18
21212 23
21213 49
21214 26
21215 33
21216 38
21217 15
21218 33
21219 114
21220 62
21221 22
21222 35
21223 76
21224 28
21225 29
21226 33
21227 44
21228 35
21229 45
21230 17
21231 19
21232 27
21233 41
21234 39
21235 47
21236 20
21237 40
21238 60
21239 60
21240 60
21241 40
21242 39
21243 37
21244 16
21245 53
21246 100
21247 47
21248 39
21249 63
21250 27
21251 31
21252 50
21253 29
21254 37
21255 71
21256 66
21257 18
21258 30
21259 55
21260 51
21261 21
21262 100
21263 59
21264 58
21265 40
21266 24
21267 86
21268 37
21269 59
21270 40
21271 23
21272 92
21273 27
21274 8
21275 30
21276 32
21277 33
21278 53
21279 38
21280 25
21281 23
21282 25
21283 75
21284 23
21285 84
21286 32
21287 34
21288 27
21289 -5
21290 31
21291 28
21292 5
21293 23
21294 27
21295 39
21296 37
21297 24
21298 81
21299 80
21300 3
21301 35
21302 49
21303 28
21304 1
21305 46
21306 24
21307 37
21308 84
21309 73
21310 14
21311 57
21312 45
21313 30
21314 47
21315 63
21316 55
21317 76
21318 46
21319 21
21320 29
21321 41
21322 80
21323 62
21324 75
21325 24
21326 26
21327 42
21328 61
21329 6
21330 14
21331 36
21332 24
21333 107
21334 2
21335 11
21336 44
21337 34
21338 45
21339 35
21340 27
21341 82
21342 63
21343 43
21344 55
21345 26
21346 47
21347 27
21348 43
21349 47
21350 30
21351 85
21352 29
21353 38
21354 78
21355 18
21356 33
21357 45
21358 45
21359 30
21360 55
21361 19
21362 29
21363 14
21364 52
21365 24
21366 48
21367 51
21368 77
21369 37
21370 43
21371 69
21372 60
21373 72
21374 14
21375 49
21376 60
21377 29
21378 26
21379 50
21380 32
21381 39
21382 30
21383 3
21384 40
21385 69
21386 29
21387 65
21388 67
21389 37
21390 42
21391 27
21392 24
21393 26
21394 70
21395 22
21396 58
21397 35
21398 90
21399 13
21400 35
21401 20
21402 27
21403 34
21404 37
21405 35
21406 10
21407 4
21408 83
21409 15
21410 19
21411 9
21412 31
21413 31
21414 94
21415 9
21416 49
21417 19
21418 46
21419 38
21420 30
21421 24
21422 37
21423 40
21424 27
21425 38
21426 33
21427 26
21428 42
21429 41
21430 55
21431 39
21432 41
21433 27
21434 84
21435 39
21436 51
21437 65
21438 17
21439 33
21440 53
21441 5
21442 65
21443 22
21444 23
21445 31
21446 26
21447 28
21448 66
21449 37
21450 51
21451 31
21452 49
21453 16
21454 25
21455 37
21456 11
21457 28
21458 48
21459 36
21460 37
21461 20
21462 6
21463 55
21464 40
21465 32
21466 49
21467 126
21468 15
21469 18
21470 22
21471 108
21472 51
21473 55
21474 39
21475 52
21476 29
21477 7
21478 32
21479 16
21480 71
21481 12
21482 25
21483 28
21484 84
21485 27
21486 20
21487 57
21488 67
21489 42
21490 24
21491 15
21492 17
21493 34
21494 48
21495 32
21496 92
21497 33
21498 26
21499 1
21500 37
21501 19
21502 29
21503 58
21504 40
21505 57
21506 39
21507 30
21508 36
21509 20
21510 10
21511 46
21512 26
21513 28
21514 -1
21515 42
21516 66
21517 61
21518 19
21519 4
21520 23
21521 24
21522 44
21523 47
21524 38
21525 22
21526 32
21527 44
21528 43
21529 21
21530 32
21531 30
21532 66
21533 39
21534 44
21535 75
21536 57
21537 22
21538 44
21539 46
21540 31
21541 31
21542 22
21543 28
21544 44
21545 32
21546 92
21547 66
21548 59
21549 66
21550 43
21551 15
21552 24
21553 64
21554 13
21555 -1
21556 32
21557 71
21558 51
21559 -6
21560 16
21561 5
21562 49
21563 22
21564 51
21565 39
21566 29
21567 64
21568 101
21569 25
21570 26
21571 52
21572 53
21573 31
21574 21
21575 24
21576 30
21577 51
21578 52
21579 44
21580 34
21581 34
21582 76
21583 40
21584 20
21585 12
21586 48
21587 47
21588 57
21589 23
21590 25
21591 49
21592 37
21593 26
21594 34
21595 24
21596 50
21597 46
21598 19
21599 27
21600 21
21601 44
21602 40
21603 3
21604 24
21605 39
21606 45
21607 54
21608 16
21609 33
21610 81
21611 18
21612 14
21613 46
21614 56
21615 34
21616 46
21617 29
21618 66
21619 17
21620 67
21621 39
21622 82
21623 54
21624 15
21625 46
21626 44
21627 24
21628 49
21629 12
21630 72
21631 20
21632 56
21633 35
21634 66
21635 3
21636 12
21637 15
21638 29
21639 98
21640 75
21641 24
21642 30
21643 75
21644 37
21645 50
21646 63
21647 5
21648 55
21649 47
21650 22
21651 26
21652 11
21653 14
21654 39
21655 2
21656 49
21657 40
21658 19
21659 56
21660 29
21661 51
21662 71
21663 25
21664 55
21665 40
21666 32
21667 50
21668 32
21669 79
21670 49
21671 28
21672 43
21673 76
21674 29
21675 61
21676 62
21677 53
21678 32
21679 60
21680 38
21681 28
21682 39
21683 31
21684 -1
21685 11
21686 54
21687 57
21688 20
21689 59
21690 43
21691 65
21692 36
21693 25
21694 77
21695 21
21696 37
21697 13
21698 21
21699 9
21700 10
21701 61
21702 50
21703 31
21704 62
21705 40
21706 80
21707 19
21708 36
21709 36
21710 16
21711 20
21712 32
21713 58
21714 58
21715 35
21716 51
21717 31
21718 25
21719 38
21720 64
21721 40
21722 42
21723 51
21724 55
21725 23
21726 44
21727 25
21728 10
21729 30
21730 31
21731 27
21732 56
21733 54
21734 51
21735 14
21736 51
21737 39
21738 34
21739 75
21740 50
21741 62
21742 17
21743 35
21744 30
21745 22
21746 36
21747 42
21748 28
21749 9
21750 33
21751 47
21752 17
21753 12
21754 4
21755 31
21756 22
21757 24
21758 18
21759 13
21760 53
21761 20
21762 36
21763 12
21764 24
21765 64
21766 3
21767 20
21768 55
21769 58
21770 47
21771 32
21772 4
21773 43
21774 29
21775 25
21776 37
21777 18
21778 31
21779 63
21780 38
21781 8
21782 -5
21783 30
21784 36
21785 34
21786 47
21787 31
21788 44
21789 75
21790 -9
21791 22
21792 24
21793 29
21794 41
21795 36
21796 23
21797 7
21798 42
21799 21
21800 13
21801 56
21802 10
21803 56
21804 71
21805 3
21806 11
21807 49
21808 27
21809 18
21810 31
21811 37
21812 22
21813 35
21814 18
21815 41
21816 49
21817 43
21818 30
21819 35
21820 32
21821 18
21822 58
21823 42
21824 89
21825 25
21826 14
21827 49
21828 63
21829 60
21830 68
21831 40
21832 18
21833 44
21834 -6
21835 10
21836 34
21837 26
21838 56
21839 31
21840 25
21841 50
21842 -1
21843 25
21844 34
21845 23
21846 52
21847 39
21848 44
21849 65
21850 22
21851 45
21852 -1
21853 30
21854 27
21855 34
21856 35
21857 55
21858 30
21859 54
21860 20
21861 23
21862 19
21863 36
21864 57
21865 19
21866 52
21867 29
21868 37
21869 47
21870 -3
21871 34
21872 2
21873 8
21874 58
21875 33
21876 55
21877 55
21878 18
21879 47
21880 16
21881 56
21882 31
21883 41
21884 47
21885 61
21886 21
21887 26
21888 -7
21889 49
21890 13
21891 12
21892 31
21893 39
21894 19
21895 34
21896 26
21897 44
21898 10
21899 35
21900 32
21901 19
21902 32
21903 57
21904 24
21905 36
21906 10
21907 14
21908 42
21909 55
21910 12
21911 16
21912 64
21913 26
21914 21
21915 20
21916 50
21917 52
21918 75
21919 13
21920 37
21921 58
21922 95
21923 27
21924 20
21925 76
21926 25
21927 42
21928 24
21929 47
21930 48
21931 44
21932 32
21933 63
21934 6
21935 23
21936 25
21937 31
21938 63
21939 20
21940 8
21941 34
21942 27
21943 29
21944 21
21945 18
21946 46
21947 30
21948 29
21949 69
21950 17
21951 37
21952 54
21953 30
21954 8
21955 59
21956 29
21957 33
21958 70
21959 38
21960 47
21961 35
21962 44
21963 104
21964 34
21965 41
21966 43
21967 53
21968 58
21969 48
21970 20
21971 24
21972 43
21973 45
21974 30
21975 68
21976 22
21977 64
21978 41
21979 76
21980 17
21981 97
21982 12
21983 62
21984 35
21985 37
21986 27
21987 67
21988 36
21989 26
21990 52
21991 39
21992 37
21993 25
21994 55
21995 51
21996 23
21997 45
21998 39
21999 25
22000 57
22001 4
22002 53
22003 73
22004 74
22005 51
22006 113
22007 43
22008 23
22009 5
22010 50
22011 36
22012 69
22013 9
22014 28
22015 7
22016 42
22017 59
22018 15
22019 12
22020 36
22021 46
22022 50
22023 30
22024 58
22025 59
22026 35
22027 42
22028 13
22029 38
22030 22
22031 65
22032 30
22033 15
22034 33
22035 82
22036 34
22037 26
22038 18
22039 61
22040 70
22041 58
22042 25
22043 14
22044 57
22045 51
22046 35
22047 23
22048 20
22049 63
22050 23
22051 -4
22052 29
22053 24
22054 75
22055 15
22056 25
22057 39
22058 45
22059 8
22060 68
22061 19
22062 48
22063 47
22064 36
22065 39
22066 17
22067 49
22068 62
22069 41
22070 32
22071 1
22072 72
22073 56
22074 66
22075 24
22076 47
22077 38
22078 19
22079 15
22080 8
22081 42
22082 34
22083 79
22084 49
22085 54
22086 28
22087 43
22088 51
22089 34
22090 60
22091 62
22092 27
22093 14
22094 7
22095 28
22096 32
22097 38
22098 47
22099 20
22100 33
22101 98
22102 53
22103 31
22104 1
22105 2
22106 23
22107 88
22108 54
22109 17
22110 25
22111 8
22112 36
22113 12
22114 62
22115 51
22116 34
22117 40
22118 45
22119 49
22120 26
22121 20
22122 38
22123 58
22124 52
22125 62
22126 56
22127 21
22128 8
22129 63
22130 32
22131 3
22132 31
22133 22
22134 34
22135 35
22136 24
22137 27
22138 50
22139 40
22140 30
22141 21
22142 39
22143 62
22144 15
22145 46
22146 23
22147 56
22148 23
22149 19
22150 20
22151 66
22152 24
22153 3
22154 61
22155 54
22156 35
22157 14
22158 57
22159 43
22160 14
22161 30
22162 50
22163 12
22164 55
22165 55
22166 35
22167 21
22168 35
22169 25
22170 39
22171 14
22172 12
22173 36
22174 4
22175 43
22176 56
22177 10
22178 -4
22179 32
22180 25
22181 34
22182 22
22183 31
22184 25
22185 57
22186 20
22187 55
22188 27
22189 49
22190 31
22191 8
22192 35
22193 47
22194 19
22195 0
22196 73
22197 19
22198 28
22199 74
22200 32
22201 77
22202 -7
22203 12
22204 51
22205 48
22206 71
22207 30
22208 8
22209 13
22210 33
22211 36
22212 28
22213 21
22214 49
22215 68
22216 29
22217 39
22218 37
22219 45
22220 23
22221 26
22222 6
22223 41
22224 28
22225 34
22226 60
22227 53
22228 55
22229 39
22230 47
22231 50
22232 45
22233 55
22234 28
22235 31
22236 57
22237 25
22238 73
22239 88
22240 43
22241 59
22242 86
22243 63
22244 16
22245 68
22246 40
22247 33
22248 50
22249 36
22250 28
22251 28
22252 62
22253 50
22254 27
22255 72
22256 49
22257 16
22258 60
22259 10
22260 32
22261 16
22262 67
22263 30
22264 45
22265 29
22266 33
22267 39
22268 65
22269 39
22270 46
22271 9
22272 19
22273 49
22274 72
22275 36
22276 42
22277 25
22278 49
22279 24
22280 101
22281 16
22282 60
22283 34
22284 48
22285 60
22286 48
22287 46
22288 51
22289 64
22290 25
22291 63
22292 29
22293 31
22294 40
22295 37
22296 62
22297 28
22298 69
22299 63
22300 17
22301 30
22302 27
22303 22
22304 9
22305 8
22306 81
22307 40
22308 2
22309 57
22310 34
22311 54
22312 25
22313 107
22314 38
22315 26
22316 28
22317 53
22318 47
22319 36
22320 47
22321 26
22322 22
22323 24
22324 34
22325 30
22326 0
22327 -2
22328 34
22329 49
22330 17
22331 42
22332 14
22333 18
22334 46
22335 21
22336 45
22337 42
22338 22
22339 51
22340 36
22341 -2
22342 21
22343 50
22344 26
22345 15
22346 68
22347 33
22348 27
22349 64
22350 31
22351 30
22352 11
22353 35
22354 36
22355 4
22356 36
22357 34
22358 29
22359 40
22360 28
22361 48
22362 45
22363 30
22364 53
22365 52
22366 40
22367 13
22368 45
22369 65
22370 61
22371 23
22372 21
22373 42
22374 23
22375 3
22376 26
22377 24
22378 14
22379 78
22380 53
22381 46
22382 34
22383 29
22384 58
22385 36
22386 61
22387 35
22388 2
22389 28
22390 4
22391 31
22392 97
22393 82
22394 30
22395 59
22396 66
22397 49
22398 45
22399 44
22400 44
22401 28
22402 11
22403 40
22404 85
22405 19
22406 29
22407 61
22408 11
22409 63
22410 30
22411 43
22412 67
22413 55
22414 42
22415 48
22416 58
22417 30
22418 22
22419 74
22420 20
22421 56
22422 49
22423 37
22424 41
22425 46
22426 14
22427 11
22428 106
22429 26
22430 28
22431 82
22432 31
22433 24
22434 68
22435 18
22436 58
22437 42
22438 15
22439 50
22440 26
22441 29
22442 33
22443 35
22444 52
22445 80
22446 17
22447 48
22448 29
22449 52
22450 21
22451 36
22452 36
22453 17
22454 32
22455 24
22456 5
22457 35
22458 72
22459 42
22460 10
22461 40
22462 46
22463 46
22464 7
22465 58
22466 29
22467 19
22468 36
22469 31
22470 39
22471 82
22472 32
22473 26
22474 55
22475 22
22476 -6
22477 15
22478 53
22479 51
22480 31
22481 -10
22482 17
22483 41
22484 7
22485 29
22486 32
22487 21
22488 11
22489 -3
22490 38
22491 55
22492 52
22493 58
22494 23
22495 15
22496 73
22497 33
22498 43
22499 19
22500 45
22501 44
22502 56
22503 45
22504 46
22505 5
22506 35
22507 39
22508 1
22509 36
22510 46
22511 68
22512 14
22513 106
22514 23
22515 66
22516 54
22517 6
22518 49
22519 41
22520 32
22521 51
22522 44
22523 24
22524 73
22525 66
22526 40
22527 50
22528 57
22529 25
22530 30
22531 27
22532 54
22533 49
22534 14
22535 37
22536 31
22537 42
22538 18
22539 24
22540 45
22541 40
22542 48
22543 42
22544 25
22545 23
22546 40
22547 53
22548 51
22549 33
22550 37
22551 73
22552 13
22553 17
22554 21
22555 54
22556 0
22557 30
22558 20
22559 38
22560 19
22561 92
22562 28
22563 50
22564 60
22565 56
22566 51
22567 77
22568 32
22569 17
22570 0
22571 17
22572 41
22573 84
22574 52
22575 49
22576 23
22577 47
22578 37
22579 34
22580 21
22581 27
22582 24
22583 56
22584 38
22585 40
22586 41
22587 39
22588 66
22589 50
22590 10
22591 49
22592 59
22593 46
22594 74
22595 17
22596 8
22597 38
22598 15
22599 4
22600 103
22601 14
22602 18
22603 32
22604 8
22605 24
22606 32
22607 27
22608 62
22609 45
22610 4
22611 28
22612 39
22613 50
22614 70
22615 10
22616 54
22617 36
22618 29
22619 32
22620 9
22621 54
22622 64
22623 41
22624 40
22625 31
22626 39
22627 13
22628 20
22629 61
22630 31
22631 62
22632 53
22633 57
22634 24
22635 11
22636 41
22637 43
22638 35
22639 48
22640 39
22641 23
22642 39
22643 35
22644 40
22645 64
22646 50
22647 43
22648 19
22649 69
22650 45
22651 17
22652 18
22653 4
22654 38
22655 53
22656 42
22657 29
22658 53
22659 55
22660 12
22661 9
22662 81
22663 34
22664 19
22665 19
22666 44
22667 78
22668 23
22669 27
22670 48
22671 21
22672 7
22673 51
22674 13
22675 55
22676 37
22677 51
22678 28
22679 56
22680 29
22681 38
22682 62
22683 33
22684 57
22685 11
22686 34
22687 15
22688 41
22689 16
22690 65
22691 53
22692 70
22693 58
22694 46
22695 41
22696 1
22697 33
22698 20
22699 71
22700 42
22701 52
22702 39
22703 35
22704 63
22705 66
22706 43
22707 64
22708 13
22709 37
22710 90
22711 55
22712 31
22713 27
22714 34
22715 56
22716 11
22717 35
22718 27
22719 16
22720 38
22721 56
22722 82
22723 4
22724 40
22725 22
22726 33
22727 3
22728 10
22729 32
22730 36
22731 22
22732 45
22733 81
22734 17
22735 37
22736 37
22737 44
22738 81
22739 21
22740 26
22741 20
22742 53
22743 36
22744 57
22745 81
22746 35
22747 35
22748 30
22749 17
22750 40
22751 35
22752 48
22753 2
22754 41
22755 24
22756 33
22757 21
22758 18
22759 26
22760 10
22761 22
22762 20
22763 29
22764 30
22765 49
22766 5
22767 35
22768 18
22769 58
22770 45
22771 24
22772 94
22773 15
22774 51
22775 42
22776 24
22777 39
22778 64
22779 27
22780 22
22781 50
22782 39
22783 42
22784 66
22785 23
22786 43
22787 30
22788 20
22789 29
22790 27
22791 65
22792 40
22793 47
22794 40
22795 44
22796 32
22797 47
22798 36
22799 29
22800 36
22801 19
22802 37
22803 38
22804 97
22805 57
22806 25
22807 66
22808 29
22809 31
22810 14
22811 29
22812 56
22813 39
22814 44
22815 40
22816 81
22817 3
22818 -2
22819 33
22820 11
22821 25
22822 59
22823 87
22824 53
22825 43
22826 65
22827 71
22828 23
22829 82
22830 24
22831 37
22832 49
22833 25
22834 39
22835 9
22836 39
22837 111
22838 70
22839 52
22840 59
22841 25
22842 71
22843 19
22844 35
22845 44
22846 35
22847 9
22848 53
22849 52
22850 23
22851 63
22852 36
22853 2
22854 0
22855 42
22856 54
22857 43
22858 20
22859 39
22860 55
22861 18
22862 54
22863 27
22864 100
22865 43
22866 61
22867 -1
22868 15
22869 61
22870 38
22871 23
22872 -8
22873 27
22874 2
22875 6
22876 39
22877 25
22878 19
22879 63
22880 25
22881 73
22882 76
22883 38
22884 72
22885 30
22886 25
22887 39
22888 24
22889 54
22890 54
22891 57
22892 71
22893 33
22894 39
22895 13
22896 15
22897 35
22898 62
22899 22
22900 39
22901 35
22902 14
22903 62
22904 23
22905 55
22906 21
22907 19
22908 26
22909 39
22910 36
22911 36
22912 38
22913 69
22914 30
22915 38
22916 30
22917 40
22918 48
22919 49
22920 51
22921 45
22922 18
22923 69
22924 21
22925 45
22926 27
22927 40
22928 12
22929 20
22930 19
22931 69
22932 60
22933 55
22934 104
22935 67
22936 38
22937 43
22938 71
22939 51
22940 51
22941 2
22942 49
22943 5
22944 17
22945 44
22946 22
22947 63
22948 25
22949 26
22950 35
22951 18
22952 16
22953 43
22954 28
22955 18
22956 62
22957 6
22958 31
22959 5
22960 29
22961 41
22962 17
22963 32
22964 38
22965 100
22966 23
22967 25
22968 82
22969 49
22970 7
22971 41
22972 23
22973 44
22974 33
22975 20
22976 43
22977 95
22978 41
22979 57
22980 22
22981 4
22982 24
22983 38
22984 38
22985 45
22986 89
22987 30
22988 24
22989 27
22990 24
22991 -6
22992 50
22993 37
22994 33
22995 44
22996 64
22997 14
22998 65
22999 23
23000 24
23001 67
23002 10
23003 13
23004 42
23005 27
23006 24
23007 35
23008 8
23009 54
23010 52
23011 59
23012 60
23013 26
23014 15
23015 34
23016 36
23017 79
23018 24
23019 9
23020 3
23021 24
23022 35
23023 25
23024 59
23025 31
23026 42
23027 39
23028 51
23029 95
23030 44
23031 65
23032 23
23033 23
23034 46
23035 57
23036 30
23037 82
23038 20
23039 31
23040 47
23041 29
23042 29
23043 23
23044 21
23045 40
23046 60
23047 61
23048 12
23049 63
23050 20
23051 30
23052 58
23053 28
23054 6
23055 72
23056 53
23057 34
23058 56
23059 -3
23060 55
23061 29
23062 28
23063 30
23064 7
23065 -5
23066 33
23067 8
23068 47
23069 45
23070 17
23071 49
23072 41
23073 54
23074 26
23075 89
23076 51
23077 26
23078 38
23079 98
23080 63
23081 16
23082 43
23083 20
23084 47
23085 16
23086 46
23087 31
23088 14
23089 44
23090 26
23091 41
23092 16
23093 57
23094 9
23095 72
23096 60
23097 44
23098 32
23099 22
23100 90
23101 51
23102 64
23103 30
23104 50
23105 54
23106 32
23107 63
23108 33
23109 31
23110 8
23111 22
23112 53
23113 23
23114 29
23115 53
23116 62
23117 50
23118 39
23119 51
23120 26
23121 66
23122 23
23123 20
23124 68
23125 16
23126 8
23127 17
23128 20
23129 23
23130 16
23131 18
23132 30
23133 15
23134 22
23135 15
23136 43
23137 30
23138 65
23139 18
23140 52
23141 39
23142 3
23143 9
23144 25
23145 16
23146 22
23147 71
23148 2
23149 37
23150 91
23151 24
23152 45
23153 14
23154 7
23155 15
23156 25
23157 34
23158 63
23159 36
23160 25
23161 53
23162 15
23163 47
23164 64
23165 39
23166 81
23167 31
23168 33
23169 65
23170 22
23171 -3
23172 -9
23173 12
23174 85
23175 6
23176 46
23177 -8
23178 71
23179 30
23180 31
23181 34
23182 38
23183 41
23184 20
23185 33
23186 66
23187 37
23188 39
23189 29
23190 4
23191 6
23192 72
23193 16
23194 25
23195 52
23196 16
23197 16
23198 29
23199 72
23200 63
23201 58
23202 27
23203 47
23204 5
23205 36
23206 30
23207 32
23208 39
23209 22
23210 27
23211 40
23212 2
23213 72
23214 68
23215 19
23216 67
23217 23
23218 34
23219 27
23220 18
23221 56
23222 10
23223 29
23224 47
23225 78
23226 28
23227 44
23228 24
23229 95
23230 52
23231 28
23232 62
23233 55
23234 43
23235 60
23236 40
23237 21
23238 45
23239 47
23240 27
23241 47
23242 -2
23243 22
23244 34
23245 31
23246 36
23247 19
23248 31
23249 41
23250 70
23251 46
23252 40
23253 83
23254 18
23255 34
23256 3
23257 24
23258 4
23259 26
23260 52
23261 41
23262 39
23263 47
23264 6
23265 49
23266 34
23267 77
23268 27
23269 33
23270 40
23271 58
23272 37
23273 29
23274 14
23275 65
23276 33
23277 85
23278 47
23279 35
23280 79
23281 41
23282 44
23283 47
23284 22
23285 42
23286 72
23287 49
23288 29
23289 24
23290 22
23291 49
23292 30
23293 53
23294 74
23295 32
23296 23
23297 32
23298 60
23299 30
23300 47
23301 41
23302 5
23303 13
23304 59
23305 60
23306 55
23307 2
23308 41
23309 14
23310 10
23311 64
23312 35
23313 29
23314 71
23315 67
23316 28
23317 33
23318 33
23319 30
23320 33
23321 2
23322 35
23323 44
23324 29
23325 23
23326 68
23327 48
23328 54
23329 28
23330 -1
23331 23
23332 49
23333 40
23334 37
23335 26
23336 26
23337 19
23338 57
23339 58
23340 57
23341 75
23342 59
23343 56
23344 48
23345 29
23346 21
23347 23
23348 16
23349 15
23350 41
23351 16
23352 8
23353 41
23354 29
23355 22
23356 48
23357 36
23358 41
23359 49
23360 54
23361 19
23362 18
23363 54
23364 16
23365 41
23366 76
23367 41
23368 57
23369 68
23370 22
23371 50
23372 51
23373 26
23374 37
23375 17
23376 36
23377 57
23378 5
23379 40
23380 37
23381 109
23382 21
23383 31
23384 44
23385 28
23386 14
23387 30
23388 44
23389 7
23390 26
23391 36
23392 30
23393 96
23394 68
23395 45
23396 14
23397 15
23398 27
23399 31
23400 47
23401 22
23402 42
23403 54
23404 24
23405 35
23406 16
23407 41
23408 43
23409 34
23410 37
23411 35
23412 23
23413 33
23414 46
23415 65
23416 35
23417 57
23418 41
23419 50
23420 41
23421 58
23422 20
23423 31
23424 23
23425 50
23426 51
23427 42
23428 68
23429 40
23430 73
23431 63
23432 30
23433 28
23434 19
23435 22
23436 34
23437 62
23438 32
23439 25
23440 21
23441 34
23442 93
23443 41
23444 31
23445 10
23446 28
23447 59
23448 34
23449 56
23450 35
23451 42
23452 29
23453 39
23454 61
23455 62
23456 4
23457 45
23458 35
23459 39
23460 42
23461 0
23462 24
23463 42
23464 50
23465 53
23466 48
23467 0
23468 33
23469 72
23470 12
23471 66
23472 37
23473 21
23474 71
23475 49
23476 23
23477 2
23478 40
23479 30
23480 14
23481 55
23482 30
23483 45
23484 37
23485 35
23486 18
23487 8
23488 48
23489 13
23490 17
23491 35
23492 36
23493 24
23494 30
23495 24
23496 53
23497 27
23498 67
23499 39
23500 24
23501 64
23502 30
23503 22
23504 41
23505 73
23506 20
23507 31
23508 16
23509 56
23510 33
23511 6
23512 45
23513 24
23514 26
23515 45
23516 56
23517 52
23518 51
23519 23
23520 50
23521 63
23522 35
23523 43
23524 19
23525 73
23526 43
23527 44
23528 32
23529 4
23530 14
23531 32
23532 66
23533 48
23534 26
23535 16
23536 40
23537 31
23538 47
23539 37
23540 43
23541 5
23542 19
23543 30
23544 15
23545 40
23546 37
23547 5
23548 51
23549 -5
23550 73
23551 25
23552 2
23553 48
23554 62
23555 10
23556 26
23557 18
23558 63
23559 76
23560 23
23561 30
23562 58
23563 20
23564 28
23565 70
23566 22
23567 30
23568 3
23569 53
23570 39
23571 5
23572 55
23573 60
23574 39
23575 28
23576 28
23577 7
23578 38
23579 21
23580 77
23581 72
23582 38
23583 60
23584 31
23585 50
23586 5
23587 21
23588 21
23589 51
23590 39
23591 32
23592 37
23593 30
23594 51
23595 72
23596 48
23597 44
23598 87
23599 32
23600 15
23601 56
23602 20
23603 50
23604 37
23605 30
23606 43
23607 19
23608 41
23609 76
23610 39
23611 21
23612 55
23613 13
23614 29
23615 18
23616 39
23617 18
23618 28
23619 35
23620 66
23621 61
23622 17
23623 42
23624 54
23625 58
23626 53
23627 37
23628 55
23629 39
23630 56
23631 36
23632 27
23633 50
23634 39
23635 32
23636 37
23637 34
23638 28
23639 93
23640 21
23641 -6
23642 41
23643 10
23644 30
23645 31
23646 31
23647 70
23648 20
23649 39
23650 40
23651 24
23652 50
23653 31
23654 49
23655 31
23656 29
23657 37
23658 48
23659 39
23660 54
23661 26
23662 36
23663 36
23664 12
23665 31
23666 36
23667 25
23668 16
23669 44
23670 67
23671 8
23672 29
23673 35
23674 31
23675 36
23676 37
23677 36
23678 56
23679 42
23680 25
23681 48
23682 15
23683 62
23684 28
23685 45
23686 75
23687 46
23688 23
23689 45
23690 47
23691 15
23692 24
23693 34
23694 19
23695 51
23696 34
23697 62
23698 36
23699 39
23700 62
23701 57
23702 40
23703 17
23704 43
23705 27
23706 62
23707 38
23708 17
23709 30
23710 22
23711 64
23712 51
23713 57
23714 28
23715 8
23716 53
23717 57
23718 7
23719 26
23720 26
23721 65
23722 36
23723 24
23724 15
23725 29
23726 25
23727 44
23728 43
23729 50
23730 42
23731 42
23732 57
23733 25
23734 43
23735 19
23736 19
23737 76
23738 21
23739 54
23740 37
23741 74
23742 29
23743 34
23744 10
23745 24
23746 14
23747 41
23748 55
23749 42
23750 -12
23751 23
23752 26
23753 24
23754 32
23755 56
23756 36
23757 25
23758 55
23759 77
23760 37
23761 42
23762 32
23763 57
23764 26
23765 33
23766 59
23767 44
23768 76
23769 53
23770 6
23771 31
23772 27
23773 25
23774 50
23775 43
23776 69
23777 36
23778 56
23779 17
23780 34
23781 39
23782 33
23783 22
23784 3
23785 48
23786 31
23787 42
23788 8
23789 43
23790 43
23791 46
23792 7
23793 39
23794 32
23795 11
23796 40
23797 38
23798 15
23799 22
23800 19
23801 26
23802 38
23803 57
23804 32
23805 26
23806 57
23807 17
23808 59
23809 43
23810 58
23811 58
23812 13
23813 43
23814 64
23815 33
23816 19
23817 41
23818 82
23819 40
23820 63
23821 32
23822 77
23823 88
23824 -1
23825 37
23826 80
23827 66
23828 43
23829 14
23830 40
23831 42
23832 33
23833 49
23834 13
23835 67
23836 15
23837 35
23838 35
23839 46
23840 72
23841 42
23842 65
23843 64
23844 36
23845 65
23846 33
23847 39
23848 4
23849 27
23850 14
23851 31
23852 29
23853 56
23854 52
23855 68
23856 57
23857 38
23858 -4
23859 19
23860 40
23861 8
23862 29
23863 58
23864 8
23865 12
23866 11
23867 51
23868 21
23869 60
23870 33
23871 23
23872 31
23873 39
23874 34
23875 5
23876 10
23877 24
23878 51
23879 48
23880 45
23881 32
23882 31
23883 56
23884 9
23885 15
23886 60
23887 27
23888 58
23889 25
23890 35
23891 24
23892 45
23893 38
23894 20
23895 48
23896 12
23897 41
23898 35
23899 64
23900 38
23901 -5
23902 2
23903 81
23904 71
23905 53
23906 18
23907 38
23908 27
23909 22
23910 45
23911 71
23912 43
23913 35
23914 26
23915 43
23916 90
23917 30
23918 51
23919 48
23920 20
23921 61
23922 30
23923 26
23924 56
23925 28
23926 23
23927 30
23928 54
23929 40
23930 57
23931 1
23932 48
23933 29
23934 112
23935 81
23936 18
23937 40
23938 44
23939 65
23940 16
23941 39
23942 65
23943 32
23944 15
23945 28
23946 6
23947 -3
23948 20
23949 39
23950 26
23951 50
23952 53
23953 7
23954 33
23955 57
23956 53
23957 25
23958 35
23959 27
23960 47
23961 28
23962 46
23963 25
23964 37
23965 50
23966 66
23967 59
23968 29
23969 13
23970 52
23971 40
23972 62
23973 27
23974 16
23975 41
23976 27
23977 43
23978 41
23979 39
23980 23
23981 38
23982 39
23983 14
23984 31
23985 44
23986 22
23987 24
23988 20
23989 55
23990 48
23991 24
23992 35
23993 29
23994 21
23995 33
23996 1
23997 25
23998 33
23999 36
24000 19
24001 44
24002 24
24003 28
24004 32
24005 27
24006 68
24007 44
24008 38
24009 26
24010 23
24011 40
24012 16
24013 35
24014 49
24015 71
24016 33
24017 29
24018 40
24019 39
24020 51
24021 17
24022 42
24023 12
24024 23
24025 34
24026 61
24027 46
24028 41
24029 45
24030 36
24031 14
24032 40
24033 42
24034 28
24035 87
24036 40
24037 55
24038 29
24039 51
24040 51
24041 4
24042 16
24043 22
24044 31
24045 40
24046 25
24047 23
24048 30
24049 30
24050 52
24051 56
24052 20
24053 34
24054 30
24055 17
24056 42
24057 25
24058 50
24059 57
24060 21
24061 26
24062 84
24063 37
24064 15
24065 35
24066 20
24067 17
24068 50
24069 43
24070 26
24071 43
24072 32
24073 5
24074 32
24075 45
24076 29
24077 39
24078 -4
24079 41
24080 13
24081 43
24082 27
24083 46
24084 60
24085 30
24086 37
24087 63
24088 31
24089 63
24090 26
24091 25
24092 60
24093 39
24094 44
24095 16
24096 63
24097 74
24098 52
24099 45
24100 33
24101 31
24102 17
24103 -1
24104 11
24105 37
24106 46
24107 23
24108 68
24109 75
24110 14
24111 44
24112 24
24113 -1
24114 27
24115 66
24116 64
24117 23
24118 56
24119 58
24120 36
24121 79
24122 77
24123 43
24124 9
24125 38
24126 30
24127 110
24128 33
24129 48
24130 52
24131 16
24132 6
24133 41
24134 70
24135 20
24136 36
24137 39
24138 72
24139 -5
24140 32
24141 10
24142 30
24143 19
24144 28
24145 34
24146 7
24147 53
24148 42
24149 3
24150 23
24151 36
24152 47
24153 41
24154 40
24155 53
24156 37
24157 21
24158 34
24159 49
24160 32
24161 40
24162 55
24163 68
24164 6
24165 10
24166 69
24167 40
24168 37
24169 18
24170 29
24171 31
24172 42
24173 35
24174 50
24175 44
24176 37
24177 39
24178 9
24179 24
24180 65
24181 7
24182 9
24183 38
24184 38
24185 36
24186 0
24187 82
24188 80
24189 -4
24190 8
24191 104
24192 31
24193 33
24194 39
24195 22
24196 66
24197 23
24198 37
24199 67
24200 11
24201 16
24202 31
24203 67
24204 52
24205 22
24206 33
24207 66
24208 4
24209 35
24210 13
24211 55
24212 48
24213 54
24214 53
24215 24
24216 40
24217 57
24218 26
24219 18
24220 40
24221 46
24222 39
24223 44
24224 66
24225 2
24226 6
24227 41
24228 77
24229 52
24230 27
24231 79
24232 34
24233 2
24234 56
24235 65
24236 24
24237 26
24238 72
24239 59
24240 36
24241 39
24242 24
24243 67
24244 56
24245 68
24246 15
24247 40
24248 38
24249 44
24250 56
24251 62
24252 40
24253 25
24254 64
24255 14
24256 26
24257 15
24258 51
24259 8
24260 62
24261 41
24262 54
24263 -17
24264 48
24265 46
24266 23
24267 45
24268 69
24269 49
24270 39
24271 38
24272 49
24273 26
24274 43
24275 76
24276 79
24277 28
24278 30
24279 45
24280 27
24281 1
24282 37
24283 25
24284 44
24285 37
24286 49
24287 30
24288 53
24289 33
24290 32
24291 75
24292 58
24293 52
24294 11
24295 28
24296 8
24297 62
24298 44
24299 21
24300 17
24301 51
24302 65
24303 24
24304 64
24305 50
24306 25
24307 20
24308 16
24309 60
24310 92
24311 21
24312 57
24313 19
24314 20
24315 65
24316 31
24317 27
24318 7
24319 77
24320 80
24321 30
24322 9
24323 1
24324 53
24325 45
24326 16
24327 26
24328 57
24329 11
24330 40
24331 65
24332 31
24333 59
24334 64
24335 72
24336 27
24337 38
24338 64
24339 26
24340 21
24341 25
24342 28
24343 29
24344 28
24345 65
24346 43
24347 48
24348 40
24349 31
24350 33
24351 81
24352 51
24353 34
24354 47
24355 21
24356 95
24357 9
24358 26
24359 50
24360 34
24361 60
24362 52
24363 24
24364 21
24365 30
24366 90
24367 61
24368 45
24369 47
24370 25
24371 131
24372 23
24373 52
24374 27
24375 39
24376 41
24377 21
24378 9
24379 26
24380 45
24381 80
24382 16
24383 42
24384 24
24385 33
24386 37
24387 35
24388 53
24389 46
24390 40
24391 43
24392 44
24393 22
24394 26
24395 78
24396 40
24397 39
24398 58
24399 32
24400 70
24401 -8
24402 39
24403 46
24404 34
24405 24
24406 7
24407 49
24408 41
24409 12
24410 25
24411 40
24412 25
24413 25
24414 16
24415 37
24416 42
24417 57
24418 35
24419 9
24420 40
24421 24
24422 65
24423 40
24424 45
24425 34
24426 42
24427 9
24428 28
24429 48
24430 19
24431 50
24432 49
24433 32
24434 13
24435 24
24436 52
24437 17
24438 38
24439 37
24440 13
24441 66
24442 38
24443 37
24444 16
24445 79
24446 17
24447 74
24448 48
24449 65
24450 22
24451 52
24452 77
24453 19
24454 22
24455 41
24456 40
24457 22
24458 1
24459 32
24460 45
24461 52
24462 36
24463 26
24464 24
24465 1
24466 40
24467 29
24468 22
24469 10
24470 18
24471 42
24472 24
24473 4
24474 20
24475 49
24476 71
24477 40
24478 17
24479 12
24480 27
24481 35
24482 76
24483 27
24484 27
24485 38
24486 58
24487 69
24488 36
24489 49
24490 62
24491 20
24492 29
24493 58
24494 24
24495 42
24496 11
24497 48
24498 17
24499 20
24500 36
24501 81
24502 69
24503 40
24504 27
24505 16
24506 43
24507 11
24508 42
24509 36
24510 23
24511 55
24512 33
24513 16
24514 46
24515 82
24516 52
24517 59
24518 41
24519 59
24520 27
24521 32
24522 41
24523 71
24524 37
24525 43
24526 33
24527 28
24528 35
24529 16
24530 32
24531 52
24532 4
24533 86
24534 24
24535 50
24536 84
24537 74
24538 41
24539 15
24540 2
24541 57
24542 -14
24543 47
24544 23
24545 33
24546 36
24547 32
24548 49
24549 50
24550 17
24551 49
24552 47
24553 55
24554 49
24555 -1
24556 21
24557 37
24558 30
24559 30
24560 48
24561 61
24562 51
24563 71
24564 85
24565 26
24566 50
24567 30
24568 35
24569 50
24570 39
24571 44
24572 44
24573 46
24574 70
24575 25
24576 35
24577 41
24578 67
24579 52
24580 14
24581 39
24582 53
24583 25
24584 81
24585 19
24586 21
24587 66
24588 22
24589 25
24590 30
24591 40
24592 36
24593 85
24594 41
24595 20
24596 55
24597 55
24598 27
24599 30
24600 23
24601 44
24602 81
24603 74
24604 62
24605 22
24606 48
24607 20
24608 62
24609 18
24610 16
24611 58
24612 22
24613 13
24614 -5
24615 63
24616 33
24617 24
24618 20
24619 41
24620 64
24621 36
24622 23
24623 22
24624 27
24625 41
24626 51
24627 9
24628 3
24629 44
24630 22
24631 15
24632 34
24633 40
24634 40
24635 46
24636 13
24637 19
24638 10
24639 1
24640 35
24641 43
24642 34
24643 24
24644 15
24645 25
24646 29
24647 39
24648 13
24649 24
24650 35
24651 2
24652 42
24653 46
24654 10
24655 40
24656 39
24657 17
24658 54
24659 22
24660 35
24661 50
24662 38
24663 -2
24664 108
24665 65
24666 28
24667 -5
24668 18
24669 23
24670 10
24671 40
24672 44
24673 47
24674 52
24675 46
24676 35
24677 47
24678 32
24679 29
24680 12
24681 48
24682 67
24683 62
24684 42
24685 56
24686 46
24687 54
24688 67
24689 15
24690 42
24691 49
24692 39
24693 46
24694 76
24695 25
24696 39
24697 46
24698 77
24699 90
24700 -3
24701 13
24702 23
24703 45
24704 26
24705 23
24706 29
24707 59
24708 18
24709 35
24710 52
24711 -4
24712 35
24713 17
24714 70
24715 46
24716 7
24717 36
24718 47
24719 18
24720 5
24721 40
24722 58
24723 43
24724 20
24725 66
24726 53
24727 54
24728 22
24729 62
24730 19
24731 27
24732 21
24733 55
24734 50
24735 14
24736 46
24737 43
24738 72
24739 38
24740 48
24741 20
24742 14
24743 40
24744 38
24745 36
24746 62
24747 32
24748 26
24749 21
24750 28
24751 39
24752 55
24753 47
24754 47
24755 65
24756 22
24757 41
24758 32
24759 42
24760 25
24761 44
24762 12
24763 31
24764 56
24765 33
24766 33
24767 63
24768 37
24769 29
24770 37
24771 6
24772 39
24773 29
24774 81
24775 54
24776 30
24777 60
24778 58
24779 35
24780 15
24781 66
24782 63
24783 44
24784 34
24785 19
24786 45
24787 23
24788 42
24789 43
24790 83
24791 19
24792 46
24793 70
24794 58
24795 48
24796 31
24797 35
24798 19
24799 52
24800 13
24801 33
24802 30
24803 85
24804 21
24805 42
24806 42
24807 7
24808 46
24809 14
24810 26
24811 32
24812 47
24813 39
24814 28
24815 69
24816 109
24817 28
24818 73
24819 41
24820 7
24821 52
24822 44
24823 37
24824 -1
24825 45
24826 22
24827 40
24828 39
24829 25
24830 33
24831 32
24832 16
24833 49
24834 22
24835 35
24836 9
24837 73
24838 32
24839 62
24840 49
24841 76
24842 44
24843 11
24844 29
24845 29
24846 43
24847 53
24848 33
24849 38
24850 78
24851 48
24852 -4
24853 33
24854 26
24855 52
24856 7
24857 39
24858 20
24859 67
24860 11
24861 47
24862 19
24863 61
24864 14
24865 26
24866 26
24867 47
24868 86
24869 28
24870 11
24871 56
24872 26
24873 51
24874 64
24875 19
24876 34
24877 58
24878 12
24879 41
24880 37
24881 8
24882 23
24883 2
24884 55
24885 44
24886 2
24887 29
24888 37
24889 61
24890 30
24891 31
24892 55
24893 39
24894 24
24895 42
24896 46
24897 27
24898 32
24899 19
24900 48
24901 15
24902 27
24903 27
24904 50
24905 21
24906 54
24907 20
24908 20
24909 12
24910 38
24911 48
24912 29
24913 14
24914 15
24915 86
24916 23
24917 44
24918 85
24919 56
24920 38
24921 33
24922 21
24923 39
24924 62
24925 37
24926 32
24927 48
24928 55
24929 23
24930 30
24931 55
24932 18
24933 31
24934 1
24935 55
24936 19
24937 43
24938 44
24939 21
24940 39
24941 44
24942 23
24943 52
24944 34
24945 25
24946 41
24947 49
24948 22
24949 23
24950 22
24951 38
24952 21
24953 68
24954 46
24955 36
24956 34
24957 12
24958 36
24959 51
24960 29
24961 13
24962 1
24963 40
24964 17
24965 22
24966 24
24967 34
24968 37
24969 30
24970 49
24971 69
24972 26
24973 24
24974 47
24975 3
24976 21
24977 33
24978 72
24979 21
24980 34
24981 40
24982 -8
24983 25
24984 45
24985 45
24986 36
24987 50
24988 31
24989 21
24990 30
24991 36
24992 34
24993 48
24994 21
24995 -8
24996 47
24997 61
24998 6
24999 25
25000 33
25001 4
25002 44
25003 38
25004 49
25005 42
25006 58
25007 8
25008 20
25009 40
25010 48
25011 34
25012 35
25013 41
25014 28
25015 31
25016 43
25017 67
25018 22
25019 50
25020 44
25021 17
25022 46
25023 38
25024 40
25025 -2
25026 12
25027 33
25028 24
25029 45
25030 46
25031 35
25032 61
25033 20
25034 15
25035 34
25036 49
25037 41
25038 51
25039 33
25040 43
25041 26
25042 23
25043 54
25044 36
25045 12
25046 5
25047 56
25048 25
25049 24
25050 37
25051 46
25052 10
25053 37
25054 33
25055 66
25056 49
25057 29
25058 40
25059 53
25060 11
25061 18
25062 37
25063 47
25064 65
25065 33
25066 22
25067 47
25068 56
25069 37
25070 36
25071 35
25072 63
25073 31
25074 9
25075 35
25076 22
25077 19
25078 23
25079 27
25080 52
25081 69
25082 46
25083 40
25084 34
25085 7
25086 10
25087 98
25088 18
25089 30
25090 37
25091 38
25092 54
25093 36
25094 7
25095 10
25096 22
25097 44
25098 45
25099 17
25100 22
25101 20
25102 41
25103 38
25104 37
25105 66
25106 130
25107 67
25108 59
25109 37
25110 41
25111 24
25112 39
25113 56
25114 29
25115 51
25116 47
25117 42
25118 17
25119 21
25120 16
25121 31
25122 48
25123 66
25124 44
25125 75
25126 34
25127 42
25128 45
25129 49
25130 52
25131 18
25132 56
25133 53
25134 13
25135 43
25136 42
25137 49
25138 12
25139 66
25140 25
25141 14
25142 36
25143 40
25144 4
25145 22
25146 47
25147 20
25148 21
25149 24
25150 40
25151 65
25152 76
25153 24
25154 53
25155 59
25156 41
25157 14
25158 44
25159 38
25160 17
25161 43
25162 21
25163 66
25164 45
25165 13
25166 28
25167 20
25168 32
25169 28
25170 57
25171 72
25172 52
25173 48
25174 14
25175 58
25176 61
25177 33
25178 11
25179 57
25180 57
25181 34
25182 29
25183 49
25184 28
25185 40
25186 35
25187 16
25188 12
25189 29
25190 48
25191 65
25192 -4
25193 15
25194 68
25195 41
25196 24
25197 17
25198 39
25199 44
25200 69
25201 64
25202 56
25203 1
25204 26
25205 0
25206 -1
25207 13
25208 15
25209 53
25210 38
25211 88
25212 65
25213 23
25214 42
25215 19
25216 0
25217 16
25218 35
25219 48
25220 55
25221 59
25222 56
25223 39
25224 32
25225 54
25226 91
25227 25
25228 9
25229 31
25230 123
25231 78
25232 30
25233 18
25234 45
25235 12
25236 48
25237 48
25238 69
25239 20
25240 36
25241 51
25242 56
25243 68
25244 15
25245 44
25246 31
25247 50
25248 54
25249 14
25250 26
25251 14
25252 73
25253 50
25254 9
25255 21
25256 40
25257 56
25258 18
25259 65
25260 35
25261 36
25262 33
25263 28
25264 33
25265 51
25266 37
25267 4
25268 24
25269 62
25270 60
25271 25
25272 33
25273 45
25274 80
25275 50
25276 26
25277 9
25278 33
25279 38
25280 38
25281 14
25282 49
25283 81
25284 56
25285 36
25286 65
25287 25
25288 59
25289 51
25290 25
25291 78
25292 33
25293 27
25294 36
25295 27
25296 71
25297 23
25298 33
25299 44
25300 9
25301 25
25302 49
25303 71
25304 45
25305 30
25306 52
25307 65
25308 19
25309 9
25310 9
25311 118
25312 22
25313 36
25314 20
25315 17
25316 31
25317 49
25318 44
25319 34
25320 39
25321 59
25322 15
25323 10
25324 75
25325 23
25326 39
25327 29
25328 20
25329 30
25330 21
25331 57
25332 12
25333 40
25334 23
25335 2
25336 44
25337 47
25338 28
25339 24
25340 24
25341 3
25342 70
25343 14
25344 67
25345 61
25346 42
25347 43
25348 58
25349 45
25350 19
25351 14
25352 15
25353 31
25354 37
25355 46
25356 49
25357 55
25358 43
25359 18
25360 97
25361 49
25362 29
25363 21
25364 23
25365 35
25366 14
25367 30
25368 52
25369 19
25370 37
25371 48
25372 42
25373 30
25374 53
25375 33
25376 50
25377 38
25378 63
25379 37
25380 30
25381 11
25382 67
25383 21
25384 95
25385 79
25386 35
25387 37
25388 23
25389 27
25390 61
25391 34
25392 35
25393 29
25394 59
25395 51
25396 51
25397 41
25398 44
25399 39
25400 35
25401 40
25402 14
25403 19
25404 43
25405 94
25406 50
25407 19
25408 40
25409 48
25410 45
25411 48
25412 43
25413 37
25414 29
25415 21
25416 72
25417 60
25418 72
25419 17
25420 69
25421 63
25422 24
25423 37
25424 49
25425 51
25426 18
25427 5
25428 42
25429 59
25430 59
25431 5
25432 41
25433 81
25434 61
25435 46
25436 37
25437 18
25438 42
25439 15
25440 16
25441 37
25442 63
25443 41
25444 34
25445 49
25446 68
25447 20
25448 34
25449 34
25450 50
25451 18
25452 7
25453 17
25454 37
25455 23
25456 28
25457 30
25458 21
25459 23
25460 26
25461 36
25462 41
25463 -4
25464 14
25465 7
25466 37
25467 17
25468 44
25469 44
25470 29
25471 23
25472 47
25473 84
25474 56
25475 42
25476 16
25477 21
25478 23
25479 17
25480 28
25481 15
25482 44
25483 53
25484 58
25485 -6
25486 47
25487 65
25488 23
25489 64
25490 11
25491 31
25492 10
25493 45
25494 24
25495 56
25496 13
25497 45
25498 29
25499 27
25500 22
25501 60
25502 30
25503 22
25504 49
25505 17
25506 18
25507 34
25508 3
25509 33
25510 39
25511 43
25512 26
25513 26
25514 71
25515 43
25516 35
25517 25
25518 58
25519 6
25520 31
25521 11
25522 6
25523 35
25524 26
25525 47
25526 28
25527 6
25528 7
25529 7
25530 26
25531 23
25532 23
25533 32
25534 90
25535 34
25536 3
25537 35
25538 37
25539 30
25540 41
25541 21
25542 51
25543 14
25544 53
25545 34
25546 36
25547 62
25548 29
25549 28
25550 23
25551 41
25552 21
25553 29
25554 29
25555 33
25556 50
25557 41
25558 23
25559 31
25560 56
25561 11
25562 52
25563 23
25564 53
25565 80
25566 31
25567 29
25568 31
25569 26
25570 43
25571 53
25572 49
25573 47
25574 36
25575 5
25576 36
25577 65
25578 53
25579 32
25580 33
25581 27
25582 54
25583 56
25584 16
25585 42
25586 69
25587 35
25588 28
25589 47
25590 10
25591 54
25592 75
25593 7
25594 25
25595 -3
25596 41
25597 25
25598 38
25599 23
25600 56
25601 26
25602 28
25603 13
25604 14
25605 62
25606 27
25607 63
25608 27
25609 22
25610 8
25611 31
25612 25
25613 35
25614 19
25615 90
25616 21
25617 44
25618 28
25619 53
25620 83
25621 50
25622 10
25623 29
25624 28
25625 48
25626 21
25627 9
25628 39
25629 30
25630 54
25631 36
25632 32
25633 19
25634 24
25635 67
25636 60
25637 51
25638 39
25639 33
25640 11
25641 42
25642 31
25643 20
25644 41
25645 15
25646 45
25647 42
25648 36
25649 21
25650 2
25651 16
25652 34
25653 42
25654 42
25655 41
25656 43
25657 41
25658 31
25659 9
25660 12
25661 42
25662 32
25663 47
25664 54
25665 33
25666 26
25667 47
25668 73
25669 46
25670 107
25671 45
25672 58
25673 38
25674 54
25675 42
25676 21
25677 39
25678 78
25679 60
25680 26
25681 20
25682 6
25683 26
25684 73
25685 26
25686 17
25687 52
25688 32
25689 49
25690 24
25691 1
25692 11
25693 35
25694 11
25695 48
25696 48
25697 64
25698 36
25699 35
25700 39
25701 27
25702 20
25703 108
25704 35
25705 44
25706 -4
25707 4
25708 62
25709 31
25710 21
25711 27
25712 76
25713 20
25714 -3
25715 60
25716 3
25717 75
25718 56
25719 57
25720 27
25721 40
25722 2
25723 42
25724 18
25725 26
25726 71
25727 10
25728 48
25729 54
25730 26
25731 25
25732 10
25733 15
25734 77
25735 19
25736 47
25737 54
25738 44
25739 46
25740 39
25741 31
25742 37
25743 19
25744 9
25745 30
25746 43
25747 34
25748 11
25749 66
25750 7
25751 82
25752 30
25753 25
25754 40
25755 59
25756 41
25757 38
25758 36
25759 81
25760 14
25761 53
25762 24
25763 3
25764 44
25765 30
25766 35
25767 30
25768 18
25769 5
25770 25
25771 32
25772 41
25773 18
25774 22
25775 48
25776 17
25777 78
25778 33
25779 9
25780 65
25781 40
25782 37
25783 52
25784 60
25785 37
25786 16
25787 25
25788 39
25789 18
25790 38
25791 25
25792 34
25793 38
25794 30
25795 34
25796 56
25797 54
25798 19
25799 72
25800 7
25801 66
25802 45
25803 14
25804 45
25805 63
25806 33
25807 30
25808 57
25809 74
25810 59
25811 39
25812 53
25813 17
25814 75
25815 29
25816 22
25817 27
25818 53
25819 98
25820 22
25821 68
25822 42
25823 52
25824 39
25825 69
25826 36
25827 22
25828 15
25829 62
25830 35
25831 65
25832 31
25833 40
25834 5
25835 20
25836 63
25837 3
25838 12
25839 25
25840 31
25841 55
25842 31
25843 18
25844 31
25845 33
25846 48
25847 27
25848 38
25849 86
25850 45
25851 28
25852 50
25853 30
25854 72
25855 40
25856 27
25857 22
25858 58
25859 50
25860 21
25861 69
25862 66
25863 18
25864 18
25865 19
25866 22
25867 52
25868 39
25869 12
25870 80
25871 34
25872 29
25873 27
25874 31
25875 29
25876 31
25877 37
25878 40
25879 41
25880 49
25881 22
25882 64
25883 48
25884 49
25885 26
25886 41
25887 20
25888 9
25889 99
25890 46
25891 24
25892 24
25893 69
25894 30
25895 53
25896 63
25897 40
25898 55
25899 53
25900 36
25901 61
25902 30
25903 25
25904 5
25905 6
25906 24
25907 7
25908 38
25909 49
25910 25
25911 38
25912 22
25913 6
25914 110
25915 44
25916 42
25917 51
25918 30
25919 30
25920 23
25921 32
25922 57
25923 44
25924 25
25925 51
25926 54
25927 36
25928 58
25929 54
25930 32
25931 15
25932 9
25933 13
25934 13
25935 51
25936 6
25937 49
25938 42
25939 21
25940 39
25941 26
25942 42
25943 27
25944 55
25945 65
25946 66
25947 35
25948 24
25949 21
25950 24
25951 67
25952 79
25953 34
25954 6
25955 49
25956 19
25957 90
25958 31
25959 28
25960 2
25961 19
25962 33
25963 28
25964 16
25965 25
25966 65
25967 8
25968 32
25969 47
25970 14
25971 20
25972 2
25973 19
25974 38
25975 13
25976 38
25977 41
25978 47
25979 36
25980 64
25981 41
25982 36
25983 61
25984 28
25985 15
25986 25
25987 40
25988 33
25989 39
25990 55
25991 45
25992 20
25993 58
25994 83
25995 10
25996 55
25997 32
25998 48
25999 55
26000 47
26001 61
26002 13
26003 31
26004 30
26005 36
26006 20
26007 41
26008 27
26009 28
26010 43
26011 38
26012 65
26013 55
26014 34
26015 50
26016 15
26017 43
26018 -9
26019 48
26020 36
26021 34
26022 31
26023 66
26024 77
26025 57
26026 44
26027 10
26028 69
26029 7
26030 28
26031 36
26032 16
26033 36
26034 35
26035 53
26036 44
26037 32
26038 59
26039 -2
26040 73
26041 39
26042 50
26043 18
26044 38
26045 32
26046 18
26047 20
26048 72
26049 53
26050 -8
26051 39
26052 18
26053 20
26054 38
26055 19
26056 35
26057 48
26058 21
26059 3
26060 -3
26061 62
26062 44
26063 74
26064 27
26065 20
26066 40
26067 7
26068 66
26069 62
26070 26
26071 62
26072 9
26073 27
26074 27
26075 23
26076 82
26077 29
26078 26
26079 36
26080 5
26081 19
26082 47
26083 18
26084 51
26085 25
26086 42
26087 29
26088 51
26089 4
26090 46
26091 8
26092 29
26093 19
26094 29
26095 61
26096 21
26097 33
26098 94
26099 66
26100 31
26101 14
26102 21
26103 86
26104 50
26105 62
26106 58
26107 24
26108 77
26109 11
26110 59
26111 36
26112 52
26113 26
26114 66
26115 77
26116 33
26117 41
26118 33
26119 48
26120 24
26121 12
26122 65
26123 20
26124 27
26125 30
26126 6
26127 45
26128 43
26129 7
26130 39
26131 33
26132 43
26133 76
26134 86
26135 48
26136 45
26137 46
26138 23
26139 40
26140 47
26141 38
26142 41
26143 6
26144 40
26145 34
26146 45
26147 65
26148 27
26149 1
26150 9
26151 12
26152 62
26153 36
26154 39
26155 18
26156 57
26157 34
26158 57
26159 36
26160 41
26161 40
26162 18
26163 41
26164 2
26165 5
26166 22
26167 21
26168 11
26169 10
26170 41
26171 20
26172 77
26173 24
26174 52
26175 4
26176 20
26177 63
26178 21
26179 78
26180 32
26181 37
26182 50
26183 63
26184 17
26185 46
26186 53
26187 41
26188 70
26189 67
26190 26
26191 36
26192 17
26193 24
26194 20
26195 58
26196 49
26197 38
26198 31
26199 52
26200 40
26201 -3
26202 30
26203 50
26204 20
26205 82
26206 64
26207 27
26208 15
26209 78
26210 27
26211 36
26212 18
26213 15
26214 7
26215 28
26216 31
26217 40
26218 30
26219 15
26220 24
26221 24
26222 5
26223 5
26224 65
26225 38
26226 17
26227 29
26228 65
26229 0
26230 73
26231 27
26232 75
26233 72
26234 34
26235 20
26236 25
26237 6
26238 34
26239 25
26240 35
26241 69
26242 21
26243 31
26244 29
26245 34
26246 43
26247 32
26248 36
26249 63
26250 25
26251 12
26252 78
26253 26
26254 77
26255 57
26256 21
26257 62
26258 7
26259 7
26260 83
26261 31
26262 52
26263 18
26264 67
26265 47
26266 46
26267 56
26268 5
26269 16
26270 34
26271 11
26272 29
26273 23
26274 34
26275 35
26276 29
26277 49
26278 31
26279 43
26280 53
26281 3
26282 16
26283 56
26284 66
26285 36
26286 28
26287 28
26288 48
26289 21
26290 43
26291 69
26292 64
26293 19
26294 63
26295 47
26296 17
26297 13
26298 11
26299 -2
26300 32
26301 34
26302 46
26303 -2
26304 25
26305 64
26306 52
26307 0
26308 61
26309 21
26310 61
26311 24
26312 42
26313 18
26314 21
26315 56
26316 51
26317 18
26318 20
26319 32
26320 33
26321 57
26322 26
26323 52
26324 54
26325 70
26326 41
26327 22
26328 3
26329 26
26330 -16
26331 29
26332 6
26333 43
26334 4
26335 80
26336 14
26337 30
26338 22
26339 54
26340 19
26341 23
26342 6
26343 17
26344 51
26345 7
26346 46
26347 63
26348 68
26349 59
26350 10
26351 27
26352 50
26353 11
26354 68
26355 63
26356 38
26357 22
26358 48
26359 37
26360 76
26361 23
26362 45
26363 86
26364 76
26365 28
26366 45
26367 41
26368 13
26369 41
26370 29
26371 58
26372 25
26373 60
26374 59
26375 1
26376 52
26377 7
26378 27
26379 65
26380 43
26381 71
26382 68
26383 30
26384 43
26385 26
26386 48
26387 57
26388 74
26389 53
26390 20
26391 25
26392 35
26393 47
26394 10
26395 33
26396 17
26397 49
26398 39
26399 18
26400 48
26401 75
26402 14
26403 13
26404 32
26405 51
26406 32
26407 57
26408 17
26409 16
26410 57
26411 75
26412 25
26413 49
26414 43
26415 36
26416 48
26417 87
26418 47
26419 16
26420 36
26421 39
26422 56
26423 26
26424 39
26425 28
26426 32
26427 36
26428 81
26429 41
26430 10
26431 3
26432 29
26433 47
26434 60
26435 39
26436 53
26437 24
26438 32
26439 46
26440 8
26441 44
26442 41
26443 45
26444 21
26445 -3
26446 53
26447 34
26448 34
26449 39
26450 60
26451 63
26452 85
26453 37
26454 20
26455 22
26456 41
26457 44
26458 12
26459 41
26460 53
26461 37
26462 41
26463 84
26464 54
26465 59
26466 26
26467 47
26468 51
26469 12
26470 22
26471 43
26472 42
26473 27
26474 28
26475 28
26476 53
26477 -5
26478 12
26479 39
26480 47
26481 51
26482 15
26483 15
26484 0
26485 13
26486 75
26487 40
26488 58
26489 23
26490 64
26491 37
26492 43
26493 42
26494 27
26495 53
26496 54
26497 40
26498 28
26499 21
26500 40
26501 44
26502 74
26503 26
26504 54
26505 10
26506 28
26507 50
26508 26
26509 41
26510 26
26511 33
26512 25
26513 24
26514 52
26515 30
26516 54
26517 29
26518 64
26519 43
26520 20
26521 22
26522 41
26523 55
26524 13
26525 48
26526 21
26527 29
26528 38
26529 39
26530 28
26531 3
26532 22
26533 42
26534 41
26535 18
26536 12
26537 43
26538 72
26539 58
26540 23
26541 18
26542 52
26543 33
26544 15
26545 75
26546 64
26547 28
26548 85
26549 0
26550 65
26551 0
26552 57
26553 58
26554 78
26555 16
26556 36
26557 49
26558 11
26559 49
26560 16
26561 8
26562 25
26563 3
26564 32
26565 24
26566 19
26567 83
26568 20
26569 34
26570 51
26571 30
26572 43
26573 34
26574 52
26575 40
26576 28
26577 27
26578 51
26579 64
26580 48
26581 21
26582 50
26583 25
26584 29
26585 68
26586 35
26587 21
26588 24
26589 49
26590 23
26591 4
26592 51
26593 27
26594 25
26595 21
26596 45
26597 16
26598 52
26599 12
26600 16
26601 43
26602 37
26603 25
26604 13
26605 63
26606 58
26607 13
26608 25
26609 56
26610 47
26611 14
26612 23
26613 61
26614 31
26615 58
26616 52
26617 29
26618 53
26619 4
26620 65
26621 82
26622 41
26623 29
26624 29
26625 24
26626 34
26627 18
26628 21
26629 21
26630 22
26631 19
26632 39
26633 93
26634 8
26635 20
26636 50
26637 36
26638 28
26639 17
26640 48
26641 31
26642 55
26643 9
26644 10
26645 21
26646 28
26647 31
26648 18
26649 15
26650 -2
26651 48
26652 22
26653 41
26654 64
26655 7
26656 52
26657 22
26658 26
26659 33
26660 7
26661 69
26662 57
26663 2
26664 43
26665 35
26666 17
26667 11
26668 27
26669 19
26670 20
26671 38
26672 33
26673 66
26674 34
26675 31
26676 57
26677 3
26678 28
26679 48
26680 40
26681 31
26682 4
26683 31
26684 40
26685 34
26686 26
26687 49
26688 38
26689 69
26690 9
26691 34
26692 40
26693 12
26694 36
26695 71
26696 24
26697 59
26698 31
26699 13
26700 109
26701 55
26702 43
26703 26
26704 11
26705 49
26706 27
26707 13
26708 57
26709 12
26710 25
26711 12
26712 7
26713 50
26714 66
26715 42
26716 19
26717 21
26718 14
26719 23
26720 64
26721 43
26722 20
26723 16
26724 49
26725 30
26726 36
26727 31
26728 12
26729 21
26730 23
26731 65
26732 18
26733 76
26734 14
26735 42
26736 35
26737 25
26738 9
26739 38
26740 26
26741 45
26742 31
26743 8
26744 37
26745 58
26746 23
26747 24
26748 39
26749 22
26750 15
26751 8
26752 66
26753 37
26754 47
26755 51
26756 80
26757 54
26758 49
26759 41
26760 17
26761 44
26762 25
26763 22
26764 40
26765 26
26766 12
26767 0
26768 35
26769 5
26770 32
26771 27
26772 37
26773 35
26774 12
26775 32
26776 33
26777 32
26778 29
26779 -5
26780 44
26781 1
26782 69
26783 -3
26784 15
26785 24
26786 34
26787 19
26788 52
26789 52
26790 21
26791 33
26792 16
26793 8
26794 84
26795 25
26796 26
26797 58
26798 45
26799 29
26800 28
26801 28
26802 6
26803 51
26804 27
26805 28
26806 87
26807 5
26808 69
26809 12
26810 60
26811 30
26812 60
26813 21
26814 13
26815 22
26816 59
26817 42
26818 34
26819 20
26820 16
26821 64
26822 19
26823 7
26824 46
26825 56
26826 42
26827 47
26828 32
26829 34
26830 26
26831 42
26832 17
26833 32
26834 31
26835 63
26836 38
26837 41
26838 4
26839 32
26840 29
26841 54
26842 21
26843 74
26844 39
26845 26
26846 39
26847 26
26848 65
26849 38
26850 20
26851 26
26852 59
26853 6
26854 24
26855 40
26856 -4
26857 58
26858 39
26859 31
26860 -7
26861 42
26862 17
26863 51
26864 30
26865 12
26866 43
26867 47
26868 25
26869 39
26870 13
26871 65
26872 92
26873 39
26874 57
26875 69
26876 21
26877 34
26878 28
26879 16
26880 9
26881 25
26882 18
26883 18
26884 19
26885 25
26886 16
26887 37
26888 5
26889 54
26890 70
26891 25
26892 70
26893 34
26894 12
26895 35
26896 95
26897 14
26898 30
26899 53
26900 47
26901 32
26902 18
26903 50
26904 50
26905 37
26906 9
26907 19
26908 33
26909 -12
26910 9
26911 12
26912 31
26913 -6
26914 27
26915 4
26916 69
26917 46
26918 35
26919 7
26920 64
26921 13
26922 38
26923 24
26924 24
26925 30
26926 57
26927 62
26928 19
26929 45
26930 32
26931 66
26932 55
26933 19
26934 27
26935 34
26936 40
26937 54
26938 27
26939 44
26940 24
26941 10
26942 29
26943 -4
26944 31
26945 43
26946 25
26947 43
26948 75
26949 18
26950 38
26951 45
26952 31
26953 36
26954 9
26955 18
26956 30
26957 9
26958 29
26959 35
26960 47
26961 27
26962 59
26963 22
26964 31
26965 34
26966 50
26967 6
26968 30
26969 14
26970 70
26971 31
26972 25
26973 -3
26974 49
26975 42
26976 60
26977 35
26978 32
26979 49
26980 36
26981 22
26982 5
26983 51
26984 44
26985 38
26986 42
26987 -7
26988 20
26989 59
26990 57
26991 20
26992 17
26993 40
26994 31
26995 54
26996 1
26997 40
26998 17
26999 34
27000 29
27001 19
27002 17
27003 54
27004 34
27005 63
27006 34
27007 32
27008 32
27009 7
27010 66
27011 45
27012 34
27013 74
27014 15
27015 8
27016 43
27017 28
27018 54
27019 44
27020 48
27021 48
27022 67
27023 37
27024 66
27025 44
27026 49
27027 63
27028 -11
27029 34
27030 35
27031 60
27032 29
27033 5
27034 48
27035 53
27036 36
27037 76
27038 47
27039 20
27040 21
27041 0
27042 21
27043 28
27044 24
27045 15
27046 25
27047 12
27048 26
27049 33
27050 62
27051 -1
27052 37
27053 -6
27054 65
27055 56
27056 45
27057 77
27058 13
27059 26
27060 75
27061 24
27062 58
27063 19
27064 46
27065 1
27066 6
27067 42
27068 21
27069 21
27070 13
27071 23
27072 72
27073 60
27074 50
27075 41
27076 32
27077 33
27078 53
27079 52
27080 33
27081 23
27082 16
27083 16
27084 16
27085 74
27086 68
27087 62
27088 33
27089 26
27090 62
27091 51
27092 28
27093 20
27094 45
27095 76
27096 16
27097 54
27098 -3
27099 22
27100 47
27101 79
27102 56
27103 60
27104 21
27105 32
27106 12
27107 41
27108 21
27109 30
27110 22
27111 78
27112 70
27113 50
27114 58
27115 11
27116 59
27117 42
27118 39
27119 23
27120 41
27121 12
27122 16
27123 15
27124 26
27125 22
27126 36
27127 8
27128 84
27129 -9
27130 36
27131 77
27132 14
27133 45
27134 44
27135 52
27136 36
27137 30
27138 27
27139 28
27140 11
27141 28
27142 14
27143 76
27144 76
27145 14
27146 46
27147 5
27148 33
27149 48
27150 66
27151 9
27152 20
27153 -6
27154 73
27155 28
27156 48
27157 81
27158 90
27159 34
27160 61
27161 41
27162 30
27163 34
27164 73
27165 23
27166 32
27167 -6
27168 16
27169 41
27170 38
27171 14
27172 50
27173 31
27174 6
27175 36
27176 21
27177 19
27178 47
27179 3
27180 39
27181 21
27182 20
27183 21
27184 81
27185 2
27186 42
27187 62
27188 14
27189 15
27190 39
27191 38
27192 20
27193 9
27194 29
27195 9
27196 20
27197 53
27198 73
27199 32
27200 60
27201 52
27202 24
27203 39
27204 30
27205 2
27206 56
27207 29
27208 10
27209 31
27210 69
27211 13
27212 36
27213 78
27214 10
27215 60
27216 27
27217 27
27218 38
27219 8
27220 52
27221 15
27222 17
27223 39
27224 19
27225 29
27226 20
27227 46
27228 -12
27229 5
27230 21
27231 34
27232 63
27233 38
27234 13
27235 23
27236 44
27237 38
27238 66
27239 11
27240 8
27241 52
27242 39
27243 34
27244 29
27245 20
27246 35
27247 49
27248 50
27249 26
27250 15
27251 27
27252 13
27253 84
27254 -10
27255 39
27256 22
27257 46
27258 57
27259 2
27260 99
27261 27
27262 25
27263 27
27264 44
27265 11
27266 77
27267 27
27268 73
27269 55
27270 47
27271 26
27272 8
27273 68
27274 60
27275 46
27276 21
27277 35
27278 56
27279 17
27280 15
27281 37
27282 60
27283 15
27284 34
27285 38
27286 29
27287 34
27288 64
27289 50
27290 27
27291 13
27292 30
27293 51
27294 16
27295 39
27296 71
27297 40
27298 61
27299 50
27300 84
27301 7
27302 60
27303 43
27304 34
27305 35
27306 28
27307 13
27308 58
27309 41
27310 54
27311 11
27312 2
27313 11
27314 56
27315 49
27316 13
27317 26
27318 40
27319 59
27320 11
27321 9
27322 49
27323 28
27324 31
27325 16
27326 68
27327 9
27328 55
27329 30
27330 35
27331 35
27332 12
27333 23
27334 26
27335 22
27336 20
27337 1
27338 47
27339 35
27340 43
27341 14
27342 70
27343 51
27344 7
27345 53
27346 92
27347 35
27348 26
27349 82
27350 63
27351 72
27352 24
27353 5
27354 47
27355 47
27356 49
27357 15
27358 41
27359 64
27360 54
27361 27
27362 32
27363 60
27364 51
27365 46
27366 32
27367 29
27368 20
27369 39
27370 22
27371 6
27372 26
27373 17
27374 10
27375 27
27376 83
27377 18
27378 22
27379 33
27380 40
27381 31
27382 65
27383 61
27384 39
27385 7
27386 25
27387 19
27388 34
27389 30
27390 59
27391 19
27392 28
27393 54
27394 -5
27395 28
27396 43
27397 19
27398 15
27399 19
27400 77
27401 7
27402 26
27403 24
27404 22
27405 35
27406 25
27407 67
27408 70
27409 74
27410 39
27411 10
27412 32
27413 24
27414 84
27415 42
27416 18
27417 30
27418 46
27419 61
27420 47
27421 38
27422 42
27423 57
27424 16
27425 57
27426 57
27427 71
27428 35
27429 32
27430 23
27431 30
27432 36
27433 42
27434 42
27435 5
27436 7
27437 56
27438 42
27439 19
27440 21
27441 60
27442 -5
27443 46
27444 50
27445 20
27446 30
27447 23
27448 35
27449 31
27450 46
27451 21
27452 22
27453 33
27454 28
27455 42
27456 12
27457 31
27458 32
27459 28
27460 31
27461 45
27462 21
27463 8
27464 35
27465 54
27466 31
27467 43
27468 39
27469 41
27470 46
27471 29
27472 62
27473 42
27474 38
27475 31
27476 13
27477 24
27478 56
27479 42
27480 39
27481 24
27482 13
27483 31
27484 54
27485 39
27486 35
27487 10
27488 38
27489 23
27490 23
27491 62
27492 12
27493 33
27494 32
27495 32
27496 4
27497 32
27498 49
27499 52
27500 34
27501 30
27502 6
27503 26
27504 29
27505 43
27506 1
27507 15
27508 38
27509 44
27510 19
27511 9
27512 42
27513 39
27514 118
27515 14
27516 51
27517 20
27518 36
27519 73
27520 28
27521 63
27522 55
27523 24
27524 38
27525 43
27526 30
27527 30
27528 85
27529 57
27530 54
27531 63
27532 97
27533 27
27534 41
27535 35
27536 -7
27537 41
27538 55
27539 31
27540 66
27541 22
27542 29
27543 -2
27544 32
27545 59
27546 43
27547 25
27548 48
27549 7
27550 35
27551 6
27552 30
27553 21
27554 44
27555 31
27556 28
27557 16
27558 19
27559 41
27560 42
27561 12
27562 103
27563 37
27564 22
27565 43
27566 14
27567 38
27568 23
27569 33
27570 63
27571 16
27572 25
27573 36
27574 30
27575 42
27576 48
27577 8
27578 30
27579 35
27580 94
27581 43
27582 44
27583 23
27584 27
27585 77
27586 16
27587 57
27588 18
27589 29
27590 53
27591 11
27592 85
27593 29
27594 37
27595 15
27596 30
27597 14
27598 46
27599 47
27600 41
27601 43
27602 44
27603 29
27604 42
27605 32
27606 17
27607 57
27608 64
27609 45
27610 15
27611 40
27612 53
27613 76
27614 41
27615 -3
27616 26
27617 31
27618 66
27619 50
27620 25
27621 53
27622 29
27623 76
27624 46
27625 16
27626 45
27627 54
27628 31
27629 53
27630 29
27631 12
27632 51
27633 8
27634 27
27635 72
27636 76
27637 7
27638 55
27639 70
27640 22
27641 24
27642 20
27643 48
27644 2
27645 56
27646 83
27647 33
27648 51
27649 49
27650 55
27651 41
27652 75
27653 57
27654 6
27655 53
27656 37
27657 41
27658 41
27659 20
27660 52
27661 60
27662 28
27663 19
27664 36
27665 -5
27666 43
27667 31
27668 -17
27669 19
27670 27
27671 60
27672 26
27673 25
27674 26
27675 49
27676 47
27677 9
27678 20
27679 24
27680 32
27681 75
27682 28
27683 35
27684 17
27685 21
27686 -7
27687 61
27688 16
27689 13
27690 25
27691 26
27692 49
27693 -4
27694 27
27695 27
27696 38
27697 45
27698 19
27699 46
27700 15
27701 59
27702 19
27703 64
27704 25
27705 34
27706 -1
27707 42
27708 41
27709 53
27710 22
27711 44
27712 17
27713 14
27714 99
27715 52
27716 69
27717 34
27718 32
27719 20
27720 30
27721 2
27722 15
27723 62
27724 52
27725 41
27726 14
27727 3
27728 64
27729 11
27730 16
27731 25
27732 46
27733 34
27734 55
27735 42
27736 35
27737 24
27738 9
27739 65
27740 8
27741 18
27742 61
27743 31
27744 29
27745 51
27746 36
27747 19
27748 46
27749 32
27750 17
27751 48
27752 14
27753 56
27754 37
27755 43
27756 73
27757 24
27758 19
27759 84
27760 16
27761 63
27762 39
27763 42
27764 23
27765 20
27766 54
27767 30
27768 31
27769 32
27770 44
27771 32
27772 6
27773 8
27774 36
27775 29
27776 45
27777 1
27778 26
27779 48
27780 20
27781 60
27782 24
27783 46
27784 27
27785 25
27786 33
27787 3
27788 34
27789 33
27790 23
27791 13
27792 8
27793 13
27794 19
27795 49
27796 28
27797 99
27798 28
27799 26
27800 21
27801 18
27802 101
27803 62
27804 8
27805 35
27806 22
27807 35
27808 21
27809 58
27810 39
27811 29
27812 26
27813 47
27814 35
27815 54
27816 63
27817 38
27818 25
27819 5
27820 40
27821 42
27822 13
27823 52
27824 76
27825 46
27826 42
27827 -8
27828 40
27829 81
27830 11
27831 20
27832 47
27833 30
27834 12
27835 -1
27836 13
27837 31
27838 38
27839 41
27840 56
27841 38
27842 9
27843 51
27844 41
27845 43
27846 39
27847 36
27848 38
27849 63
27850 67
27851 37
27852 36
27853 37
27854 27
27855 48
27856 6
27857 23
27858 35
27859 23
27860 54
27861 35
27862 35
27863 37
27864 11
27865 40
27866 32
27867 23
27868 21
27869 84
27870 25
27871 74
27872 42
27873 24
27874 13
27875 27
27876 29
27877 -1
27878 53
27879 8
27880 20
27881 79
27882 48
27883 23
27884 34
27885 9
27886 40
27887 15
27888 52
27889 28
27890 2
27891 69
27892 35
27893 34
27894 32
27895 45
27896 28
27897 17
27898 8
27899 30
27900 21
27901 60
27902 41
27903 38
27904 51
27905 44
27906 74
27907 31
27908 38
27909 52
27910 75
27911 23
27912 69
27913 30
27914 39
27915 26
27916 35
27917 39
27918 38
27919 20
27920 32
27921 64
27922 24
27923 30
27924 26
27925 31
27926 57
27927 40
27928 30
27929 25
27930 6
27931 25
27932 23
27933 7
27934 47
27935 64
27936 65
27937 22
27938 55
27939 48
27940 46
27941 41
27942 35
27943 20
27944 11
27945 26
27946 34
27947 33
27948 28
27949 57
27950 33
27951 38
27952 13
27953 45
27954 29
27955 52
27956 8
27957 16
27958 3
27959 53
27960 52
27961 52
27962 36
27963 32
27964 41
27965 31
27966 18
27967 35
27968 41
27969 36
27970 41
27971 35
27972 31
27973 29
27974 33
27975 46
27976 63
27977 37
27978 34
27979 42
27980 46
27981 2
27982 21
27983 50
27984 23
27985 43
27986 5
27987 31
27988 54
27989 18
27990 14
27991 64
27992 38
27993 21
27994 10
27995 20
27996 44
27997 45
27998 39
27999 23
28000 0
28001 43
28002 111
28003 52
28004 27
28005 58
28006 19
28007 63
28008 27
28009 19
28010 33
28011 15
28012 14
28013 55
28014 3
28015 34
28016 20
28017 51
28018 38
28019 37
28020 29
28021 6
28022 17
28023 10
28024 24
28025 31
28026 40
28027 48
28028 5
28029 43
28030 21
28031 38
28032 29
28033 36
28034 52
28035 21
28036 27
28037 20
28038 52
28039 24
28040 73
28041 30
28042 20
28043 45
28044 38
28045 23
28046 13
28047 14
28048 36
28049 43
28050 104
28051 79
28052 50
28053 72
28054 43
28055 7
28056 36
28057 24
28058 29
28059 51
28060 12
28061 26
28062 14
28063 39
28064 37
28065 36
28066 -7
28067 28
28068 15
28069 11
28070 39
28071 25
28072 23
28073 36
28074 4
28075 35
28076 45
28077 38
28078 24
28079 44
28080 25
28081 53
28082 43
28083 29
28084 36
28085 103
28086 56
28087 14
28088 39
28089 46
28090 39
28091 73
28092 35
28093 19
28094 61
28095 88
28096 65
28097 56
28098 30
28099 12
28100 61
28101 45
28102 18
28103 18
28104 43
28105 9
28106 54
28107 52
28108 59
28109 18
28110 46
28111 47
28112 40
28113 22
28114 30
28115 36
28116 57
28117 36
28118 31
28119 20
28120 43
28121 37
28122 23
28123 54
28124 23
28125 4
28126 49
28127 27
28128 44
28129 23
28130 16
28131 39
28132 46
28133 26
28134 60
28135 14
28136 17
28137 48
28138 53
28139 40
28140 78
28141 33
28142 34
28143 26
28144 84
28145 41
28146 37
28147 18
28148 14
28149 23
28150 37
28151 21
28152 60
28153 62
28154 26
28155 23
28156 -7
28157 54
28158 46
28159 23
28160 68
28161 34
28162 20
28163 50
28164 6
28165 14
28166 34
28167 19
28168 17
28169 31
28170 69
28171 31
28172 45
28173 63
28174 74
28175 25
28176 21
28177 23
28178 21
28179 35
28180 36
28181 10
28182 46
28183 47
28184 33
28185 36
28186 39
28187 32
28188 43
28189 22
28190 28
28191 13
28192 65
28193 45
28194 51
28195 23
28196 47
28197 35
28198 44
28199 24
28200 57
28201 22
28202 69
28203 47
28204 36
28205 85
28206 50
28207 6
28208 42
28209 52
28210 66
28211 50
28212 22
28213 26
28214 33
28215 26
28216 27
28217 47
28218 28
28219 2
28220 67
28221 12
28222 53
28223 37
28224 13
28225 7
28226 49
28227 75
28228 25
28229 58
28230 35
28231 57
28232 38
28233 20
28234 50
28235 68
28236 57
28237 17
28238 56
28239 64
28240 35
28241 28
28242 55
28243 31
28244 48
28245 60
28246 32
28247 41
28248 14
28249 13
28250 34
28251 31
28252 27
28253 2
28254 44
28255 17
28256 67
28257 34
28258 35
28259 39
28260 49
28261 2
28262 37
28263 35
28264 34
28265 31
28266 55
28267 40
28268 50
28269 31
28270 33
28271 26
28272 47
28273 37
28274 6
28275 56
28276 50
28277 9
28278 45
28279 23
28280 55
28281 7
28282 26
28283 43
28284 20
28285 47
28286 28
28287 35
28288 20
28289 64
28290 47
28291 27
28292 23
28293 89
28294 34
28295 44
28296 19
28297 59
28298 51
28299 14
28300 13
28301 22
28302 73
28303 23
28304 29
28305 55
28306 27
28307 -4
28308 23
28309 46
28310 22
28311 25
28312 35
28313 59
28314 47
28315 53
28316 40
28317 2
28318 18
28319 27
28320 35
28321 19
28322 28
28323 -5
28324 31
28325 3
28326 30
28327 16
28328 56
28329 38
28330 20
28331 75
28332 48
28333 35
28334 34
28335 3
28336 72
28337 30
28338 7
28339 67
28340 50
28341 39
28342 10
28343 22
28344 28
28345 -5
28346 32
28347 49
28348 -3
28349 34
28350 34
28351 -1
28352 16
28353 45
28354 17
28355 31
28356 69
28357 9
28358 33
28359 63
28360 36
28361 33
28362 14
28363 43
28364 35
28365 39
28366 91
28367 15
28368 26
28369 42
28370 10
28371 19
28372 26
28373 46
28374 49
28375 31
28376 75
28377 38
28378 12
28379 9
28380 18
28381 45
28382 27
28383 37
28384 21
28385 67
28386 42
28387 84
28388 55
28389 47
28390 41
28391 42
28392 56
28393 56
28394 28
28395 34
28396 105
28397 41
28398 102
28399 0
28400 77
28401 47
28402 52
28403 14
28404 52
28405 24
28406 81
28407 19
28408 41
28409 52
28410 26
28411 25
28412 40
28413 18
28414 26
28415 18
28416 30
28417 38
28418 39
28419 30
28420 53
28421 47
28422 24
28423 49
28424 71
28425 39
28426 55
28427 23
28428 16
28429 44
28430 43
28431 54
28432 36
28433 25
28434 15
28435 76
28436 34
28437 39
28438 56
28439 27
28440 30
28441 21
28442 32
28443 34
28444 41
28445 51
28446 53
28447 35
28448 17
28449 18
28450 28
28451 30
28452 14
28453 39
28454 49
28455 65
28456 24
28457 36
28458 26
28459 88
28460 22
28461 90
28462 -5
28463 14
28464 35
28465 56
28466 -12
28467 66
28468 28
28469 18
28470 69
28471 30
28472 23
28473 40
28474 20
28475 21
28476 41
28477 28
28478 42
28479 21
28480 47
28481 59
28482 19
28483 30
28484 40
28485 33
28486 7
28487 109
28488 33
28489 48
28490 43
28491 22
28492 35
28493 44
28494 44
28495 24
28496 48
28497 72
28498 39
28499 49
28500 30
28501 29
28502 22
28503 30
28504 15
28505 45
28506 49
28507 59
28508 16
28509 12
28510 12
28511 28
28512 72
28513 19
28514 57
28515 10
28516 40
28517 18
28518 21
28519 23
28520 33
28521 41
28522 50
28523 67
28524 21
28525 32
28526 8
28527 73
28528 48
28529 31
28530 50
28531 25
28532 22
28533 29
28534 15
28535 47
28536 16
28537 21
28538 61
28539 -5
28540 34
28541 21
28542 35
28543 21
28544 38
28545 26
28546 34
28547 31
28548 62
28549 32
28550 85
28551 2
28552 21
28553 19
28554 2
28555 42
28556 66
28557 25
28558 25
28559 7
28560 32
28561 65
28562 38
28563 27
28564 45
28565 3
28566 13
28567 16
28568 43
28569 31
28570 61
28571 32
28572 30
28573 53
28574 54
28575 47
28576 18
28577 16
28578 51
28579 41
28580 17
28581 70
28582 42
28583 -1
28584 49
28585 14
28586 29
28587 33
28588 40
28589 2
28590 24
28591 33
28592 85
28593 36
28594 77
28595 24
28596 42
28597 15
28598 15
28599 57
28600 18
28601 10
28602 39
28603 53
28604 40
28605 44
28606 27
28607 52
28608 40
28609 75
28610 36
28611 44
28612 32
28613 55
28614 22
28615 54
28616 56
28617 67
28618 34
28619 57
28620 56
28621 43
28622 15
28623 29
28624 58
28625 22
28626 52
28627 33
28628 18
28629 55
28630 19
28631 34
28632 19
28633 22
28634 38
28635 67
28636 15
28637 43
28638 20
28639 8
28640 29
28641 19
28642 19
28643 28
28644 44
28645 6
28646 28
28647 33
28648 7
28649 85
28650 41
28651 1
28652 23
28653 33
28654 26
28655 9
28656 39
28657 48
28658 18
28659 4
28660 40
28661 64
28662 20
28663 17
28664 28
28665 85
28666 44
28667 10
28668 2
28669 41
28670 32
28671 69
28672 36
28673 -8
28674 36
28675 39
28676 21
28677 26
28678 38
28679 9
28680 22
28681 65
28682 37
28683 81
28684 29
28685 34
28686 28
28687 43
28688 20
28689 67
28690 47
28691 6
28692 35
28693 43
28694 12
28695 6
28696 12
28697 22
28698 42
28699 6
28700 20
28701 32
28702 17
28703 17
28704 57
28705 32
28706 6
28707 47
28708 37
28709 50
28710 29
28711 -1
28712 4
28713 18
28714 42
28715 7
28716 23
28717 22
28718 21
28719 34
28720 21
28721 43
28722 12
28723 33
28724 51
28725 26
28726 38
28727 35
28728 51
28729 22
28730 32
28731 9
28732 18
28733 3
28734 31
28735 17
28736 22
28737 75
28738 37
28739 32
28740 65
28741 58
28742 40
28743 46
28744 33
28745 41
28746 27
28747 48
28748 23
28749 37
28750 39
28751 14
28752 42
28753 75
28754 76
28755 17
28756 30
28757 56
28758 25
28759 12
28760 36
28761 22
28762 50
28763 23
28764 22
28765 17
28766 49
28767 50
28768 74
28769 43
28770 17
28771 13
28772 16
28773 21
28774 16
28775 13
28776 28
28777 36
28778 27
28779 39
28780 36
28781 26
28782 23
28783 19
28784 71
28785 74
28786 48
28787 16
28788 38
28789 66
28790 74
28791 70
28792 19
28793 22
28794 56
28795 37
28796 44
28797 76
28798 53
28799 25
28800 10
28801 -11
28802 51
28803 12
28804 27
28805 42
28806 -2
28807 43
28808 62
28809 62
28810 25
28811 21
28812 45
28813 38
28814 34
28815 1
28816 39
28817 64
28818 17
28819 63
28820 62
28821 33
28822 15
28823 30
28824 49
28825 11
28826 57
28827 48
28828 18
28829 35
28830 45
28831 64
28832 54
28833 19
28834 39
28835 38
28836 61
28837 27
28838 20
28839 82
28840 11
28841 25
28842 57
28843 36
28844 35
28845 8
28846 56
28847 57
28848 48
28849 20
28850 18
28851 39
28852 32
28853 90
28854 54
28855 -4
28856 8
28857 35
28858 14
28859 61
28860 12
28861 55
28862 34
28863 3
28864 61
28865 46
28866 66
28867 38
28868 64
28869 43
28870 58
28871 74
28872 28
28873 33
28874 29
28875 60
28876 31
28877 36
28878 25
28879 31
28880 39
28881 45
28882 70
28883 32
28884 37
28885 26
28886 15
28887 16
28888 36
28889 6
28890 53
28891 7
28892 32
28893 8
28894 7
28895 29
28896 41
28897 55
28898 51
28899 34
28900 133
28901 33
28902 66
28903 11
28904 -3
28905 27
28906 25
28907 51
28908 42
28909 29
28910 26
28911 12
28912 12
28913 40
28914 22
28915 6
28916 65
28917 16
28918 80
28919 11
28920 20
28921 30
28922 49
28923 29
28924 39
28925 21
28926 13
28927 20
28928 10
28929 23
28930 34
28931 45
28932 25
28933 19
28934 39
28935 59
28936 65
28937 26
28938 25
28939 22
28940 67
28941 39
28942 67
28943 102
28944 64
28945 74
28946 28
28947 25
28948 -1
28949 27
28950 59
28951 37
28952 49
28953 36
28954 35
28955 8
28956 55
28957 103
28958 4
28959 38
28960 52
28961 22
28962 30
28963 0
28964 20
28965 31
28966 17
28967 27
28968 17
28969 51
28970 47
28971 56
28972 18
28973 51
28974 36
28975 19
28976 41
28977 20
28978 44
28979 46
28980 30
28981 10
28982 69
28983 8
28984 38
28985 89
28986 28
28987 32
28988 25
28989 58
28990 26
28991 18
28992 21
28993 2
28994 51
28995 22
28996 31
28997 24
28998 49
28999 7
29000 67
29001 16
29002 81
29003 24
29004 39
29005 16
29006 45
29007 45
29008 19
29009 67
29010 43
29011 8
29012 37
29013 15
29014 25
29015 40
29016 48
29017 50
29018 38
29019 31
29020 10
29021 39
29022 17
29023 24
29024 45
29025 20
29026 42
29027 33
29028 42
29029 45
29030 14
29031 48
29032 35
29033 26
29034 35
29035 18
29036 46
29037 30
29038 34
29039 18
29040 4
29041 12
29042 39
29043 20
29044 30
29045 20
29046 45
29047 42
29048 25
29049 11
29050 44
29051 31
29052 12
29053 47
29054 19
29055 6
29056 63
29057 59
29058 61
29059 40
29060 18
29061 37
29062 38
29063 3
29064 39
29065 37
29066 20
29067 27
29068 40
29069 24
29070 38
29071 57
29072 22
29073 39
29074 41
29075 25
29076 44
29077 15
29078 77
29079 44
29080 39
29081 48
29082 31
29083 35
29084 44
29085 11
29086 55
29087 17
29088 38
29089 13
29090 29
29091 47
29092 12
29093 15
29094 43
29095 58
29096 29
29097 48
29098 52
29099 -7
29100 83
29101 57
29102 34
29103 20
29104 29
29105 58
29106 6
29107 54
29108 49
29109 41
29110 33
29111 88
29112 42
29113 -5
29114 44
29115 49
29116 20
29117 40
29118 5
29119 44
29120 26
29121 35
29122 27
29123 9
29124 24
29125 30
29126 50
29127 74
29128 43
29129 23
29130 21
29131 35
29132 39
29133 46
29134 31
29135 40
29136 14
29137 31
29138 41
29139 23
29140 48
29141 43
29142 24
29143 17
29144 44
29145 36
29146 24
29147 45
29148 42
29149 43
29150 9
29151 46
29152 9
29153 45
29154 38
29155 21
29156 47
29157 23
29158 35
29159 25
29160 32
29161 54
29162 101
29163 78
29164 52
29165 59
29166 71
29167 21
29168 34
29169 39
29170 48
29171 28
29172 13
29173 9
29174 56
29175 52
29176 64
29177 58
29178 10
29179 7
29180 51
29181 27
29182 63
29183 12
29184 45
29185 64
29186 17
29187 32
29188 30
29189 30
29190 21
29191 40
29192 19
29193 62
29194 52
29195 48
29196 11
29197 33
29198 51
29199 9
29200 12
29201 23
29202 19
29203 54
29204 7
29205 34
29206 43
29207 31
29208 22
29209 21
29210 24
29211 27
29212 10
29213 93
29214 4
29215 37
29216 29
29217 50
29218 18
29219 34
29220 29
29221 49
29222 26
29223 47
29224 52
29225 23
29226 7
29227 22
29228 26
29229 13
29230 37
29231 19
29232 41
29233 26
29234 0
29235 21
29236 81
29237 20
29238 13
29239 80
29240 47
29241 31
29242 12
29243 20
29244 14
29245 27
29246 30
29247 38
29248 18
29249 56
29250 18
29251 47
29252 26
29253 38
29254 48
29255 66
29256 58
29257 50
29258 50
29259 14
29260 38
29261 41
29262 0
29263 36
29264 44
29265 47
29266 34
29267 37
29268 17
29269 24
29270 26
29271 32
29272 15
29273 22
29274 63
29275 80
29276 26
29277 3
29278 16
29279 17
29280 15
29281 37
29282 19
29283 11
29284 39
29285 29
29286 28
29287 36
29288 26
29289 33
29290 34
29291 34
29292 30
29293 57
29294 20
29295 33
29296 65
29297 4
29298 40
29299 50
29300 43
29301 42
29302 60
29303 27
29304 22
29305 45
29306 43
29307 49
29308 50
29309 37
29310 78
29311 39
29312 62
29313 28
29314 67
29315 48
29316 -21
29317 11
29318 18
29319 8
29320 9
29321 23
29322 55
29323 21
29324 26
29325 67
29326 -1
29327 17
29328 18
29329 22
29330 49
29331 49
29332 34
29333 41
29334 34
29335 49
29336 27
29337 51
29338 44
29339 18
29340 38
29341 58
29342 73
29343 41
29344 41
29345 8
29346 34
29347 4
29348 52
29349 70
29350 49
29351 24
29352 38
29353 26
29354 38
29355 25
29356 40
29357 38
29358 25
29359 46
29360 29
29361 28
29362 43
29363 24
29364 73
29365 46
29366 6
29367 70
29368 15
29369 27
29370 33
29371 3
29372 32
29373 31
29374 40
29375 18
29376 38
29377 33
29378 23
29379 59
29380 10
29381 68
29382 17
29383 20
29384 67
29385 30
29386 37
29387 43
29388 9
29389 16
29390 30
29391 19
29392 26
29393 62
29394 11
29395 77
29396 33
29397 49
29398 6
29399 6
29400 32
29401 20
29402 45
29403 2
29404 60
29405 54
29406 33
29407 39
29408 75
29409 22
29410 27
29411 45
29412 44
29413 27
29414 41
29415 63
29416 51
29417 24
29418 25
29419 16
29420 42
29421 41
29422 12
29423 17
29424 22
29425 8
29426 35
29427 29
29428 14
29429 -2
29430 31
29431 20
29432 36
29433 33
29434 33
29435 29
29436 36
29437 29
29438 37
29439 75
29440 -2
29441 32
29442 41
29443 35
29444 64
29445 25
29446 -20
29447 32
29448 70
29449 16
29450 61
29451 34
29452 92
29453 54
29454 1
29455 71
29456 36
29457 31
29458 26
29459 41
29460 60
29461 -3
29462 8
29463 10
29464 30
29465 61
29466 55
29467 51
29468 32
29469 13
29470 41
29471 40
29472 63
29473 10
29474 49
29475 29
29476 34
29477 39
29478 47
29479 17
29480 1
29481 34
29482 56
29483 31
29484 39
29485 67
29486 34
29487 24
29488 43
29489 31
29490 17
29491 50
29492 35
29493 117
29494 12
29495 15
29496 45
29497 48
29498 44
29499 31
29500 33
29501 19
29502 15
29503 61
29504 42
29505 59
29506 49
29507 71
29508 24
29509 51
29510 7
29511 31
29512 11
29513 1
29514 35
29515 38
29516 15
29517 1
29518 42
29519 45
29520 38
29521 11
29522 17
29523 18
29524 22
29525 45
29526 14
29527 74
29528 96
29529 35
29530 24
29531 19
29532 72
29533 46
29534 25
29535 27
29536 92
29537 33
29538 44
29539 37
29540 41
29541 10
29542 62
29543 18
29544 56
29545 34
29546 6
29547 36
29548 18
29549 44
29550 20
29551 34
29552 37
29553 68
29554 50
29555 7
29556 67
29557 26
29558 10
29559 24
29560 22
29561 34
29562 24
29563 34
29564 54
29565 11
29566 44
29567 25
29568 14
29569 40
29570 19
29571 34
29572 13
29573 31
29574 30
29575 51
29576 50
29577 41
29578 11
29579 22
29580 44
29581 42
29582 27
29583 49
29584 23
29585 47
29586 46
29587 8
29588 52
29589 53
29590 30
29591 16
29592 34
29593 20
29594 12
29595 28
29596 45
29597 11
29598 34
29599 23
29600 60
29601 63
29602 44
29603 35
29604 21
29605 21
29606 23
29607 30
29608 25
29609 44
29610 57
29611 69
29612 53
29613 16
29614 35
29615 46
29616 38
29617 45
29618 26
29619 18
29620 45
29621 0
29622 28
29623 -4
29624 27
29625 22
29626 30
29627 68
29628 74
29629 39
29630 61
29631 23
29632 39
29633 44
29634 70
29635 3
29636 15
29637 57
29638 29
29639 9
29640 60
29641 56
29642 16
29643 54
29644 28
29645 33
29646 47
29647 44
29648 40
29649 9
29650 32
29651 43
29652 26
29653 70
29654 30
29655 71
29656 47
29657 36
29658 51
29659 53
29660 39
29661 49
29662 72
29663 18
29664 77
29665 10
29666 50
29667 57
29668 1
29669 28
29670 43
29671 71
29672 10
29673 54
29674 21
29675 37
29676 39
29677 7
29678 14
29679 -8
29680 25
29681 46
29682 51
29683 64
29684 51
29685 26
29686 17
29687 39
29688 7
29689 21
29690 30
29691 49
29692 35
29693 62
29694 86
29695 6
29696 121
29697 28
29698 45
29699 32
29700 38
29701 28
29702 37
29703 55
29704 88
29705 58
29706 27
29707 17
29708 40
29709 20
29710 13
29711 32
29712 48
29713 -5
29714 0
29715 85
29716 27
29717 50
29718 39
29719 27
29720 34
29721 26
29722 31
29723 38
29724 49
29725 21
29726 11
29727 30
29728 29
29729 13
29730 44
29731 57
29732 57
29733 35
29734 24
29735 28
29736 61
29737 42
29738 43
29739 33
29740 28
29741 33
29742 41
29743 80
29744 47
29745 47
29746 31
29747 67
29748 3
29749 56
29750 31
29751 34
29752 30
29753 42
29754 25
29755 24
29756 21
29757 66
29758 23
29759 35
29760 21
29761 22
29762 24
29763 51
29764 49
29765 46
29766 45
29767 19
29768 58
29769 88
29770 15
29771 8
29772 40
29773 14
29774 75
29775 34
29776 14
29777 17
29778 16
29779 5
29780 13
29781 56
29782 72
29783 47
29784 72
29785 40
29786 42
29787 34
29788 -1
29789 49
29790 37
29791 42
29792 23
29793 4
29794 33
29795 46
29796 49
29797 54
29798 103
29799 10
29800 56
29801 7
29802 26
29803 58
29804 24
29805 21
29806 20
29807 54
29808 22
29809 25
29810 6
29811 67
29812 13
29813 85
29814 22
29815 -8
29816 30
29817 29
29818 55
29819 18
29820 -3
29821 33
29822 51
29823 72
29824 45
29825 51
29826 34
29827 4
29828 18
29829 22
29830 21
29831 18
29832 13
29833 77
29834 19
29835 42
29836 15
29837 7
29838 42
29839 21
29840 23
29841 32
29842 18
29843 66
29844 65
29845 30
29846 38
29847 62
29848 40
29849 36
29850 20
29851 33
29852 45
29853 28
29854 33
29855 42
29856 20
29857 37
29858 30
29859 45
29860 36
29861 32
29862 51
29863 59
29864 15
29865 29
29866 24
29867 39
29868 27
29869 36
29870 11
29871 47
29872 38
29873 37
29874 10
29875 30
29876 12
29877 24
29878 86
29879 41
29880 16
29881 30
29882 41
29883 34
29884 43
29885 22
29886 64
29887 40
29888 33
29889 35
29890 73
29891 25
29892 27
29893 28
29894 37
29895 53
29896 16
29897 83
29898 48
29899 24
29900 17
29901 40
29902 43
29903 16
29904 56
29905 43
29906 45
29907 50
29908 105
29909 38
29910 11
29911 32
29912 56
29913 56
29914 68
29915 54
29916 49
29917 11
29918 63
29919 23
29920 54
29921 40
29922 59
29923 43
29924 1
29925 1
29926 23
29927 36
29928 19
29929 19
29930 40
29931 53
29932 26
29933 22
29934 31
29935 34
29936 30
29937 25
29938 31
29939 27
29940 28
29941 16
29942 8
29943 9
29944 4
29945 20
29946 26
29947 36
29948 10
29949 27
29950 35
29951 67
29952 33
29953 19
29954 64
29955 27
29956 42
29957 56
29958 37
29959 72
29960 56
29961 16
29962 12
29963 10
29964 31
29965 29
29966 8
29967 73
29968 21
29969 27
29970 28
29971 28
29972 47
29973 5
29974 25
29975 28
29976 26
29977 33
29978 11
29979 95
29980 22
29981 30
29982 42
29983 84
29984 22
29985 42
29986 52
29987 67
29988 38
29989 8
29990 35
29991 51
29992 35
29993 2
29994 38
29995 28
29996 56
29997 66
29998 33
29999 49
30000 47
30001 11
30002 15
30003 17
30004 27
30005 31
30006 63
30007 28
30008 36
30009 62
30010 35
30011 -5
30012 61
30013 60
30014 13
30015 51
30016 38
30017 19
30018 39
30019 57
30020 65
30021 25
30022 11
30023 35
30024 19
30025 39
30026 47
30027 41
30028 33
30029 40
30030 26
30031 25
30032 34
30033 22
30034 37
30035 20
30036 27
30037 51
30038 29
30039 20
30040 41
30041 32
30042 14
30043 14
30044 18
30045 34
30046 47
30047 56
30048 5
30049 31
30050 56
30051 33
30052 24
30053 74
30054 70
30055 49
30056 59
30057 26
30058 13
30059 57
30060 57
30061 31
30062 34
30063 42
30064 -1
30065 28
30066 42
30067 92
30068 40
30069 78
30070 -7
30071 64
30072 28
30073 27
30074 8
30075 30
30076 30
30077 51
30078 23
30079 36
30080 39
30081 26
30082 56
30083 30
30084 4
30085 47
30086 45
30087 84
30088 73
30089 35
30090 41
30091 40
30092 14
30093 47
30094 28
30095 -1
30096 55
30097 18
30098 33
30099 15
30100 31
30101 25
30102 50
30103 38
30104 55
30105 17
30106 20
30107 29
30108 31
30109 62
30110 59
30111 32
30112 43
30113 13
30114 52
30115 49
30116 31
30117 19
30118 53
30119 21
30120 43
30121 81
30122 4
30123 32
30124 37
30125 6
30126 17
30127 86
30128 35
30129 27
30130 17
30131 42
30132 3
30133 30
30134 62
30135 37
30136 29
30137 35
30138 15
30139 10
30140 26
30141 39
30142 50
30143 79
30144 43
30145 17
30146 36
30147 26
30148 61
30149 47
30150 41
30151 73
30152 32
30153 3
30154 18
30155 43
30156 0
30157 12
30158 22
30159 34
30160 66
30161 41
30162 28
30163 57
30164 22
30165 8
30166 33
30167 59
30168 119
30169 16
30170 52
30171 15
30172 17
30173 24
30174 36
30175 19
30176 21
30177 79
30178 42
30179 70
30180 10
30181 9
30182 24
30183 68
30184 37
30185 31
30186 46
30187 -5
30188 52
30189 45
30190 28
30191 32
30192 36
30193 15
30194 9
30195 42
30196 54
30197 58
30198 86
30199 16
30200 22
30201 41
30202 0
30203 36
30204 58
30205 38
30206 12
30207 28
30208 17
30209 16
30210 39
30211 42
30212 47
30213 -6
30214 66
30215 28
30216 71
30217 25
30218 56
30219 13
30220 4
30221 80
30222 7
30223 43
30224 32
30225 48
30226 16
30227 33
30228 60
30229 21
30230 29
30231 51
30232 27
30233 74
30234 39
30235 22
30236 32
30237 68
30238 35
30239 15
30240 12
30241 11
30242 24
30243 28
30244 31
30245 43
30246 1
30247 71
30248 -4
30249 42
30250 35
30251 46
30252 29
30253 13
30254 25
30255 26
30256 44
30257 6
30258 79
30259 28
30260 34
30261 41
30262 16
30263 -2
30264 21
30265 22
30266 17
30267 36
30268 11
30269 2
30270 14
30271 39
30272 12
30273 18
30274 48
30275 27
30276 15
30277 15
30278 12
30279 37
30280 28
30281 22
30282 37
30283 3
30284 24
30285 103
30286 23
30287 6
30288 33
30289 29
30290 33
30291 26
30292 21
30293 8
30294 57
30295 16
30296 44
30297 24
30298 20
30299 17
30300 27
30301 47
30302 22
30303 28
30304 14
30305 36
30306 39
30307 36
30308 52
30309 35
30310 15
30311 14
30312 50
30313 17
30314 31
30315 22
30316 49
30317 41
30318 45
30319 34
30320 27
30321 22
30322 39
30323 39
30324 33
30325 34
30326 34
30327 51
30328 38
30329 23
30330 33
30331 41
30332 34
30333 53
30334 34
30335 40
30336 39
30337 34
30338 25
30339 30
30340 33
30341 42
30342 49
30343 47
30344 41
30345 47
30346 94
30347 23
30348 55
30349 31
30350 31
30351 40
30352 42
30353 45
30354 53
30355 37
30356 59
30357 46
30358 13
30359 31
30360 100
30361 39
30362 69
30363 81
30364 34
30365 48
30366 19
30367 43
30368 49
30369 27
30370 33
30371 22
30372 35
30373 23
30374 8
30375 25
30376 15
30377 53
30378 31
30379 24
30380 26
30381 70
30382 44
30383 6
30384 31
30385 30
30386 40
30387 66
30388 23
30389 38
30390 12
30391 6
30392 23
30393 -4
30394 32
30395 52
30396 27
30397 70
30398 76
30399 51
30400 44
30401 38
30402 27
30403 22
30404 18
30405 49
30406 17
30407 65
30408 33
30409 15
30410 50
30411 30
30412 23
30413 10
30414 48
30415 59
30416 23
30417 37
30418 2
30419 82
30420 74
30421 46
30422 107
30423 32
30424 31
30425 5
30426 34
30427 57
30428 4
30429 55
30430 1
30431 49
30432 16
30433 67
30434 34
30435 19
30436 53
30437 81
30438 30
30439 48
30440 23
30441 59
30442 26
30443 26
30444 47
30445 20
30446 36
30447 55
30448 23
30449 47
30450 52
30451 66
30452 46
30453 40
30454 75
30455 63
30456 36
30457 39
30458 64
30459 33
30460 47
30461 28
30462 31
30463 34
30464 33
30465 38
30466 32
30467 34
30468 50
30469 19
30470 30
30471 47
30472 60
30473 12
30474 22
30475 43
30476 11
30477 44
30478 36
30479 12
30480 25
30481 30
30482 22
30483 25
30484 61
30485 28
30486 36
30487 12
30488 40
30489 9
30490 10
30491 35
30492 28
30493 36
30494 37
30495 35
30496 67
30497 27
30498 37
30499 37
30500 19
30501 20
30502 36
30503 72
30504 73
30505 10
30506 12
30507 33
30508 24
30509 40
30510 36
30511 28
30512 71
30513 23
30514 35
30515 57
30516 17
30517 8
30518 25
30519 53
30520 51
30521 41
30522 29
30523 40
30524 50
30525 50
30526 19
30527 18
30528 59
30529 81
30530 11
30531 32
30532 17
30533 16
30534 39
30535 30
30536 25
30537 18
30538 16
30539 30
30540 90
30541 58
30542 42
30543 50
30544 38
30545 29
30546 40
30547 22
30548 23
30549 3
30550 29
30551 44
30552 57
30553 14
30554 31
30555 44
30556 24
30557 22
30558 15
30559 60
30560 24
30561 3
30562 44
30563 23
30564 17
30565 39
30566 21
30567 20
30568 39
30569 40
30570 30
30571 5
30572 12
30573 6
30574 -18
30575 78
30576 17
30577 28
30578 28
30579 30
30580 40
30581 26
30582 31
30583 40
30584 65
30585 42
30586 36
30587 75
30588 22
30589 37
30590 13
30591 46
30592 3
30593 26
30594 15
30595 5
30596 70
30597 20
30598 19
30599 34
30600 8
30601 49
30602 42
30603 79
30604 67
30605 -3
30606 33
30607 35
30608 15
30609 71
30610 43
30611 3
30612 10
30613 41
30614 38
30615 50
30616 38
30617 22
30618 22
30619 62
30620 36
30621 40
30622 32
30623 37
30624 92
30625 10
30626 42
30627 28
30628 38
30629 40
30630 15
30631 45
30632 12
30633 12
30634 74
30635 24
30636 35
30637 49
30638 52
30639 26
30640 33
30641 32
30642 46
30643 45
30644 47
30645 56
30646 27
30647 36
30648 39
30649 29
30650 96
30651 17
30652 40
30653 19
30654 2
30655 24
30656 8
30657 51
30658 80
30659 20
30660 16
30661 60
30662 17
30663 30
30664 28
30665 41
30666 30
30667 46
30668 18
30669 88
30670 49
30671 -6
30672 47
30673 30
30674 44
30675 14
30676 70
30677 16
30678 26
30679 17
30680 52
30681 22
30682 41
30683 25
30684 58
30685 45
30686 49
30687 41
30688 22
30689 20
30690 23
30691 31
30692 38
30693 39
30694 9
30695 37
30696 33
30697 64
30698 10
30699 13
30700 64
30701 6
30702 42
30703 56
30704 21
30705 41
30706 62
30707 31
30708 42
30709 19
30710 54
30711 28
30712 32
30713 58
30714 61
30715 25
30716 17
30717 0
30718 50
30719 21
30720 25
30721 49
30722 21
30723 58
30724 34
30725 16
30726 13
30727 31
30728 43
30729 41
30730 44
30731 19
30732 20
30733 30
30734 13
30735 32
30736 7
30737 33
30738 10
30739 30
30740 71
30741 32
30742 59
30743 54
30744 49
30745 89
30746 88
30747 50
30748 29
30749 19
30750 28
30751 27
30752 27
30753 -2
30754 25
30755 57
30756 19
30757 23
30758 47
30759 25
30760 45
30761 32
30762 26
30763 41
30764 6
30765 37
30766 66
30767 39
30768 75
30769 40
30770 21
30771 30
30772 37
30773 17
30774 33
30775 31
30776 10
30777 73
30778 18
30779 36
30780 20
30781 54
30782 42
30783 37
30784 28
30785 1
30786 36
30787 46
30788 27
30789 81
30790 14
30791 52
30792 41
30793 32
30794 22
30795 13
30796 57
30797 14
30798 49
30799 30
30800 3
30801 77
30802 22
30803 32
30804 47
30805 36
30806 57
30807 25
30808 27
30809 66
30810 24
30811 87
30812 39
30813 29
30814 17
30815 28
30816 31
30817 67
30818 38
30819 36
30820 27
30821 46
30822 40
30823 20
30824 47
30825 41
30826 12
30827 79
30828 26
30829 62
30830 21
30831 33
30832 71
30833 9
30834 49
30835 61
30836 10
30837 23
30838 18
30839 80
30840 49
30841 36
30842 21
30843 56
30844 26
30845 0
30846 50
30847 19
30848 30
30849 -8
30850 56
30851 62
30852 48
30853 37
30854 41
30855 42
30856 46
30857 8
30858 32
30859 31
30860 94
30861 -1
30862 68
30863 2
30864 42
30865 10
30866 27
30867 14
30868 59
30869 33
30870 21
30871 21
30872 56
30873 44
30874 57
30875 35
30876 17
30877 40
30878 86
30879 7
30880 41
30881 10
30882 29
30883 29
30884 57
30885 52
30886 29
30887 24
30888 56
30889 45
30890 -4
30891 27
30892 45
30893 50
30894 30
30895 31
30896 32
30897 62
30898 69
30899 20
30900 32
30901 46
30902 54
30903 19
30904 31
30905 25
30906 18
30907 20
30908 50
30909 5
30910 49
30911 15
30912 50
30913 23
30914 8
30915 40
30916 21
30917 17
30918 22
30919 21
30920 43
30921 19
30922 48
30923 35
30924 33
30925 55
30926 29
30927 26
30928 48
30929 16
30930 60
30931 48
30932 49
30933 26
30934 64
30935 33
30936 55
30937 38
30938 41
30939 44
30940 66
30941 0
30942 45
30943 24
30944 9
30945 41
30946 20
30947 17
30948 36
30949 44
30950 27
30951 61
30952 29
30953 29
30954 15
30955 9
30956 13
30957 51
30958 28
30959 12
30960 12
30961 18
30962 99
30963 41
30964 22
30965 21
30966 59
30967 40
30968 38
30969 14
30970 45
30971 58
30972 21
30973 24
30974 27
30975 28
30976 38
30977 41
30978 3
30979 34
30980 21
30981 68
30982 34
30983 14
30984 18
30985 22
30986 10
30987 26
30988 47
30989 0
30990 50
30991 31
30992 77
30993 38
30994 82
30995 -3
30996 35
30997 26
30998 29
30999 13
31000 45
31001 50
31002 12
31003 38
31004 20
31005 20
31006 18
31007 40
31008 14
31009 9
31010 23
31011 38
31012 -12
31013 54
31014 25
31015 54
31016 73
31017 6
31018 49
31019 89
31020 92
31021 70
31022 10
31023 39
31024 35
31025 23
31026 50
31027 9
31028 70
31029 21
31030 35
31031 66
31032 58
31033 4
31034 25
31035 47
31036 15
31037 45
31038 52
31039 32
31040 44
31041 32
31042 41
31043 50
31044 31
31045 43
31046 12
31047 17
31048 33
31049 35
31050 35
31051 36
31052 24
31053 27
31054 64
31055 32
31056 16
31057 88
31058 39
31059 38
31060 37
31061 27
31062 53
31063 44
31064 21
31065 37
31066 53
31067 33
31068 33
31069 46
31070 26
31071 16
31072 47
31073 51
31074 36
31075 29
31076 18
31077 52
31078 26
31079 23
31080 50
31081 40
31082 27
31083 43
31084 71
31085 27
31086 78
31087 46
31088 59
31089 43
31090 29
31091 90
31092 6
31093 36
31094 23
31095 24
31096 11
31097 84
31098 18
31099 52
31100 14
31101 58
31102 47
31103 7
31104 29
31105 36
31106 23
31107 69
31108 41
31109 9
31110 20
31111 27
31112 43
31113 40
31114 30
31115 20
31116 22
31117 43
31118 25
31119 19
31120 21
31121 2
31122 37
31123 36
31124 26
31125 53
31126 32
31127 51
31128 14
31129 24
31130 27
31131 29
31132 42
31133 14
31134 60
31135 23
31136 25
31137 20
31138 39
31139 49
31140 -7
31141 18
31142 -1
31143 26
31144 14
31145 64
31146 5
31147 46
31148 44
31149 72
31150 29
31151 44
31152 28
31153 78
31154 11
31155 56
31156 35
31157 49
31158 37
31159 46
31160 14
31161 24
31162 51
31163 30
31164 11
31165 54
31166 92
31167 -15
31168 63
31169 23
31170 38
31171 65
31172 16
31173 89
31174 10
31175 18
31176 28
31177 58
31178 53
31179 26
31180 37
31181 67
31182 25
31183 68
31184 14
31185 39
31186 47
31187 33
31188 25
31189 -5
31190 39
31191 14
31192 11
31193 14
31194 71
31195 73
31196 34
31197 21
31198 20
31199 32
31200 24
31201 18
31202 12
31203 10
31204 26
31205 56
31206 26
31207 33
31208 60
31209 4
31210 31
31211 8
31212 40
31213 30
31214 7
31215 47
31216 69
31217 29
31218 37
31219 71
31220 62
31221 26
31222 3
31223 6
31224 33
31225 50
31226 12
31227 36
31228 10
31229 48
31230 20
31231 28
31232 33
31233 21
31234 42
31235 32
31236 43
31237 44
31238 42
31239 27
31240 16
31241 51
31242 24
31243 28
31244 29
31245 25
31246 36
31247 16
31248 36
31249 66
31250 32
31251 32
31252 -2
31253 11
31254 21
31255 -3
31256 37
31257 21
31258 26
31259 28
31260 31
31261 8
31262 33
31263 44
31264 9
31265 29
31266 33
31267 73
31268 100
31269 20
31270 56
31271 18
31272 21
31273 61
31274 79
31275 10
31276 66
31277 58
31278 32
31279 62
31280 15
31281 13
31282 29
31283 38
31284 28
31285 23
31286 35
31287 75
31288 42
31289 21
31290 -15
31291 36
31292 28
31293 35
31294 64
31295 32
31296 17
31297 18
31298 53
31299 41
31300 29
31301 46
31302 13
31303 20
31304 50
31305 7
31306 3
31307 38
31308 70
31309 36
31310 51
31311 -3
31312 13
31313 15
31314 24
31315 32
31316 59
31317 89
31318 3
31319 20
31320 7
31321 26
31322 27
31323 29
31324 33
31325 51
31326 22
31327 28
31328 70
31329 38
31330 25
31331 79
31332 28
31333 36
31334 33
31335 -13
31336 29
31337 39
31338 28
31339 44
31340 21
31341 51
31342 77
31343 15
31344 18
31345 65
31346 48
31347 42
31348 56
31349 21
31350 34
31351 17
31352 18
31353 24
31354 36
31355 46
31356 67
31357 23
31358 40
31359 38
31360 44
31361 39
31362 7
31363 47
31364 30
31365 58
31366 54
31367 43
31368 36
31369 64
31370 24
31371 16
31372 39
31373 30
31374 26
31375 46
31376 28
31377 25
31378 70
31379 24
31380 62
31381 24
31382 7
31383 29
31384 1
31385 11
31386 20
31387 31
31388 84
31389 18
31390 23
31391 29
31392 65
31393 32
31394 32
31395 46
31396 17
31397 44
31398 8
31399 39
31400 49
31401 27
31402 47
31403 47
31404 30
31405 24
31406 52
31407 42
31408 25
31409 23
31410 43
31411 22
31412 44
31413 47
31414 42
31415 32
31416 67
31417 45
31418 20
31419 14
31420 81
31421 37
31422 15
31423 23
31424 46
31425 15
31426 18
31427 27
31428 41
31429 54
31430 20
31431 35
31432 0
31433 71
31434 49
31435 21
31436 75
31437 21
31438 20
31439 23
31440 56
31441 24
31442 66
31443 38
31444 51
31445 26
31446 10
31447 6
31448 21
31449 51
31450 39
31451 36
31452 14
31453 55
31454 24
31455 34
31456 19
31457 34
31458 25
31459 24
31460 36
31461 20
31462 11
31463 54
31464 73
31465 31
31466 56
31467 58
31468 48
31469 56
31470 16
31471 92
31472 25
31473 66
31474 49
31475 30
31476 18
31477 51
31478 47
31479 36
31480 33
31481 23
31482 9
31483 -2
31484 4
31485 42
31486 29
31487 18
31488 29
31489 20
31490 72
31491 35
31492 43
31493 13
31494 3
31495 28
31496 39
31497 24
31498 56
31499 52
31500 18
31501 20
31502 52
31503 24
31504 26
31505 90
31506 48
31507 49
31508 27
31509 65
31510 26
31511 31
31512 32
31513 43
31514 33
31515 39
31516 56
31517 30
31518 53
31519 31
31520 21
31521 22
31522 36
31523 42
31524 45
31525 51
31526 21
31527 17
31528 26
31529 20
31530 38
31531 30
31532 30
31533 80
31534 52
31535 32
31536 38
31537 23
31538 114
31539 -6
31540 38
31541 59
31542 7
31543 31
31544 39
31545 10
31546 7
31547 23
31548 60
31549 37
31550 36
31551 43
31552 25
31553 38
31554 30
31555 20
31556 21
31557 3
31558 42
31559 25
31560 3
31561 33
31562 39
31563 62
31564 29
31565 26
31566 22
31567 63
31568 60
31569 40
31570 46
31571 17
31572 44
31573 36
31574 30
31575 74
31576 72
31577 26
31578 54
31579 10
31580 27
31581 28
31582 42
31583 79
31584 33
31585 108
31586 42
31587 30
31588 10
31589 89
31590 34
31591 6
31592 45
31593 29
31594 28
31595 60
31596 15
31597 20
31598 8
31599 35
31600 -3
31601 1
31602 40
31603 56
31604 33
31605 61
31606 34
31607 45
31608 15
31609 23
31610 34
31611 44
31612 20
31613 40
31614 20
31615 38
31616 48
31617 60
31618 32
31619 31
31620 77
31621 20
31622 20
31623 64
31624 61
31625 50
31626 6
31627 15
31628 36
31629 38
31630 25
31631 31
31632 35
31633 27
31634 71
31635 66
31636 41
31637 9
31638 6
31639 17
31640 43
31641 46
31642 15
31643 75
31644 11
31645 29
31646 53
31647 36
31648 24
31649 29
31650 28
31651 19
31652 40
31653 3
31654 44
31655 45
31656 30
31657 38
31658 56
31659 37
31660 2
31661 4
31662 20
31663 45
31664 95
31665 -1
31666 23
31667 22
31668 38
31669 54
31670 32
31671 42
31672 32
31673 37
31674 49
31675 17
31676 43
31677 32
31678 28
31679 42
31680 62
31681 95
31682 48
31683 53
31684 16
31685 26
31686 42
31687 17
31688 12
31689 42
31690 28
31691 44
31692 66
31693 37
31694 35
31695 -4
31696 35
31697 21
31698 59
31699 37
31700 27
31701 70
31702 60
31703 44
31704 34
31705 52
31706 21
31707 53
31708 51
31709 15
31710 41
31711 24
31712 0
31713 33
31714 42
31715 41
31716 15
31717 31
31718 5
31719 19
31720 47
31721 18
31722 28
31723 72
31724 26
31725 48
31726 52
31727 51
31728 31
31729 24
31730 65
31731 51
31732 17
31733 31
31734 32
31735 43
31736 17
31737 24
31738 24
31739 18
31740 34
31741 28
31742 45
31743 16
31744 30
31745 16
31746 58
31747 33
31748 78
31749 41
31750 42
31751 48
31752 39
31753 46
31754 40
31755 17
31756 27
31757 29
31758 55
31759 94
31760 35
31761 48
31762 67
31763 21
31764 13
31765 9
31766 11
31767 26
31768 38
31769 34
31770 54
31771 71
31772 27
31773 17
31774 52
31775 23
31776 53
31777 34
31778 55
31779 29
31780 54
31781 37
31782 53
31783 62
31784 35
31785 119
31786 16
31787 21
31788 40
31789 25
31790 44
31791 34
31792 7
31793 52
31794 19
31795 25
31796 29
31797 33
31798 35
31799 -8
31800 39
31801 20
31802 12
31803 30
31804 36
31805 20
31806 25
31807 22
31808 68
31809 46
31810 46
31811 13
31812 40
31813 66
31814 42
31815 -1
31816 42
31817 28
31818 58
31819 60
31820 36
31821 59
31822 37
31823 66
31824 58
31825 60
31826 13
31827 40
31828 43
31829 21
31830 18
31831 12
31832 36
31833 22
31834 65
31835 26
31836 35
31837 28
31838 44
31839 15
31840 45
31841 25
31842 -5
31843 29
31844 43
31845 45
31846 25
31847 21
31848 38
31849 21
31850 32
31851 24
31852 23
31853 14
31854 7
31855 27
31856 46
31857 33
31858 30
31859 27
31860 31
31861 49
31862 25
31863 14
31864 34
31865 4
31866 19
31867 21
31868 31
31869 8
31870 26
31871 45
31872 49
31873 23
31874 20
31875 50
31876 32
31877 11
31878 61
31879 45
31880 19
31881 60
31882 57
31883 5
31884 52
31885 28
31886 74
31887 36
31888 27
31889 36
31890 37
31891 40
31892 10
31893 15
31894 27
31895 24
31896 13
31897 24
31898 37
31899 12
31900 33
31901 51
31902 33
31903 -16
31904 58
31905 23
31906 19
31907 21
31908 28
31909 87
31910 66
31911 36
31912 30
31913 99
31914 61
31915 32
31916 53
31917 13
31918 33
31919 4
31920 43
31921 34
31922 61
31923 8
31924 3
31925 57
31926 18
31927 92
31928 3
31929 30
31930 36
31931 18
31932 20
31933 15
31934 50
31935 54
31936 27
31937 28
31938 102
31939 11
31940 17
31941 15
31942 45
31943 20
31944 55
31945 29
31946 20
31947 46
31948 51
31949 29
31950 8
31951 13
31952 42
31953 38
31954 19
31955 21
31956 28
31957 22
31958 18
31959 32
31960 24
31961 30
31962 -2
31963 20
31964 42
31965 28
31966 26
31967 13
31968 50
31969 16
31970 19
31971 36
31972 9
31973 9
31974 54
31975 36
31976 29
31977 19
31978 32
31979 13
31980 43
31981 41
31982 11
31983 39
31984 21
31985 38
31986 14
31987 44
31988 47
31989 12
31990 57
31991 59
31992 3
31993 42
31994 22
31995 41
31996 82
31997 13
31998 62
31999 43
32000 4
32001 31
32002 58
32003 33
32004 26
32005 14
32006 34
32007 34
32008 41
32009 16
32010 23
32011 26
32012 27
32013 23
32014 20
32015 27
32016 44
32017 31
32018 21
32019 41
32020 103
32021 12
32022 35
32023 35
32024 4
32025 40
32026 32
32027 52
32028 19
32029 25
32030 -8
32031 39
32032 43
32033 18
32034 21
32035 20
32036 22
32037 21
32038 20
32039 86
32040 44
32041 40
32042 15
32043 78
32044 52
32045 24
32046 48
32047 50
32048 31
32049 65
32050 -6
32051 55
32052 81
32053 55
32054 44
32055 42
32056 25
32057 83
32058 36
32059 54
32060 17
32061 19
32062 47
32063 29
32064 32
32065 54
32066 41
32067 0
32068 15
32069 -2
32070 17
32071 18
32072 18
32073 62
32074 42
32075 63
32076 4
32077 12
32078 15
32079 16
32080 59
32081 26
32082 8
32083 31
32084 28
32085 25
32086 42
32087 14
32088 2
32089 39
32090 7
32091 -6
32092 24
32093 30
32094 27
32095 20
32096 30
32097 48
32098 0
32099 39
32100 27
32101 17
32102 41
32103 72
32104 35
32105 44
32106 28
32107 47
32108 19
32109 29
32110 24
32111 25
32112 17
32113 42
32114 41
32115 18
32116 45
32117 37
32118 37
32119 28
32120 49
32121 40
32122 32
32123 26
32124 88
32125 34
32126 37
32127 41
32128 11
32129 50
32130 41
32131 30
32132 51
32133 22
32134 73
32135 13
32136 47
32137 51
32138 37
32139 42
32140 31
32141 30
32142 8
32143 40
32144 49
32145 36
32146 25
32147 19
32148 29
32149 52
32150 37
32151 21
32152 21
32153 35
32154 24
32155 22
32156 41
32157 51
32158 12
32159 56
32160 39
32161 67
32162 30
32163 51
32164 32
32165 35
32166 35
32167 42
32168 41
32169 36
32170 28
32171 24
32172 11
32173 39
32174 52
32175 17
32176 13
32177 27
32178 47
32179 30
32180 33
32181 50
32182 36
32183 52
32184 63
32185 30
32186 45
32187 10
32188 71
32189 22
32190 18
32191 21
32192 42
32193 23
32194 89
32195 33
32196 22
32197 32
32198 37
32199 26
32200 30
32201 36
32202 45
32203 52
32204 22
32205 37
32206 10
32207 45
32208 35
32209 43
32210 33
32211 43
32212 46
32213 35
32214 111
32215 15
32216 58
32217 29
32218 19
32219 6
32220 -6
32221 36
32222 7
32223 6
32224 55
32225 48
32226 21
32227 29
32228 23
32229 43
32230 36
32231 77
32232 51
32233 15
32234 62
32235 26
32236 51
32237 11
32238 18
32239 47
32240 35
32241 28
32242 36
32243 85
32244 50
32245 6
32246 55
32247 8
32248 20
32249 13
32250 28
32251 67
32252 60
32253 51
32254 32
32255 40
32256 38
32257 62
32258 46
32259 56
32260 13
32261 12
32262 30
32263 27
32264 36
32265 39
32266 16
32267 16
32268 30
32269 23
32270 53
32271 46
32272 64
32273 7
32274 41
32275 81
32276 51
32277 34
32278 40
32279 56
32280 39
32281 29
32282 12
32283 89
32284 25
32285 -4
32286 44
32287 49
32288 26
32289 9
32290 22
32291 59
32292 48
32293 35
32294 29
32295 18
32296 28
32297 39
32298 54
32299 69
32300 6
32301 45
32302 11
32303 32
32304 53
32305 22
32306 39
32307 52
32308 31
32309 33
32310 15
32311 37
32312 41
32313 30
32314 28
32315 63
32316 29
32317 46
32318 19
32319 69
32320 73
32321 47
32322 13
32323 48
32324 17
32325 47
32326 36
32327 28
32328 26
32329 61
32330 24
32331 24
32332 33
32333 51
32334 10
32335 25
32336 43
32337 47
32338 13
32339 18
32340 37
32341 65
32342 31
32343 37
32344 58
32345 49
32346 21
32347 47
32348 35
32349 76
32350 54
32351 61
32352 45
32353 1
32354 77
32355 52
32356 55
32357 35
32358 55
32359 24
32360 23
32361 7
32362 70
32363 50
32364 8
32365 28
32366 43
32367 39
32368 52
32369 -3
32370 18
32371 29
32372 27
32373 40
32374 29
32375 11
32376 18
32377 8
32378 53
32379 41
32380 15
32381 10
32382 44
32383 73
32384 34
32385 35
32386 35
32387 25
32388 14
32389 7
32390 31
32391 32
32392 58
32393 44
32394 4
32395 28
32396 13
32397 65
32398 28
32399 87
32400 64
32401 31
32402 53
32403 24
32404 45
32405 55
32406 22
32407 33
32408 41
32409 33
32410 24
32411 37
32412 37
32413 49
32414 21
32415 36
32416 56
32417 56
32418 32
32419 19
32420 59
32421 49
32422 21
32423 21
32424 25
32425 23
32426 26
32427 28
32428 2
32429 41
32430 28
32431 27
32432 54
32433 20
32434 74
32435 72
32436 81
32437 51
32438 45
32439 71
32440 33
32441 46
32442 48
32443 41
32444 36
32445 49
32446 26
32447 13
32448 23
32449 31
32450 37
32451 22
32452 55
32453 87
32454 6
32455 49
32456 52
32457 85
32458 20
32459 49
32460 48
32461 39
32462 78
32463 62
32464 37
32465 21
32466 4
32467 64
32468 53
32469 22
32470 27
32471 51
32472 35
32473 44
32474 33
32475 25
32476 19
32477 26
32478 47
32479 25
32480 36
32481 34
32482 40
32483 54
32484 32
32485 23
32486 72
32487 43
32488 45
32489 57
32490 36
32491 17
32492 26
32493 14
32494 36
32495 69
32496 33
32497 31
32498 90
32499 4
32500 38
32501 29
32502 68
32503 63
32504 13
32505 28
32506 -1
32507 28
32508 39
32509 15
32510 31
32511 50
32512 8
32513 84
32514 58
32515 47
32516 44
32517 35
32518 26
32519 26
32520 24
32521 57
32522 27
32523 52
32524 23
32525 36
32526 13
32527 42
32528 7
32529 28
32530 37
32531 32
32532 56
32533 96
32534 17
32535 4
32536 22
32537 40
32538 0
32539 56
32540 10
32541 67
32542 34
32543 29
32544 55
32545 37
32546 55
32547 49
32548 80
32549 32
32550 47
32551 45
32552 34
32553 21
32554 67
32555 20
32556 8
32557 17
32558 68
32559 29
32560 26
32561 63
32562 43
32563 22
32564 22
32565 38
32566 26
32567 14
32568 22
32569 36
32570 19
32571 -18
32572 21
32573 28
32574 32
32575 27
32576 25
32577 18
32578 35
32579 56
32580 48
32581 95
32582 34
32583 33
32584 26
32585 35
32586 0
32587 17
32588 18
32589 58
32590 43
32591 33
32592 25
32593 69
32594 90
32595 14
32596 20
32597 65
32598 31
32599 24
32600 21
32601 26
32602 27
32603 18
32604 50
32605 23
32606 31
32607 47
32608 6
32609 103
32610 27
32611 30
32612 45
32613 32
32614 39
32615 32
32616 31
32617 39
32618 47
32619 22
32620 55
32621 62
32622 30
32623 33
32624 41
32625 29
32626 53
32627 14
32628 68
32629 26
32630 70
32631 32
32632 52
32633 47
32634 71
32635 32
32636 10
32637 62
32638 38
32639 55
32640 36
32641 10
32642 9
32643 66
32644 25
32645 27
32646 36
32647 46
32648 53
32649 45
32650 63
32651 20
32652 23
32653 15
32654 45
32655 31
32656 8
32657 55
32658 28
32659 8
32660 37
32661 60
32662 70
32663 25
32664 35
32665 47
32666 11
32667 19
32668 12
32669 18
32670 45
32671 46
32672 22
32673 36
32674 27
32675 58
32676 33
32677 32
32678 -2
32679 38
32680 28
32681 34
32682 23
32683 5
32684 40
32685 23
32686 21
32687 35
32688 16
32689 74
32690 68
32691 49
32692 45
32693 41
32694 21
32695 -7
32696 19
32697 51
32698 67
32699 18
32700 37
32701 34
32702 51
32703 33
32704 28
32705 30
32706 42
32707 22
32708 52
32709 39
32710 94
32711 2
32712 54
32713 21
32714 43
32715 30
32716 39
32717 77
32718 14
32719 58
32720 36
32721 39
32722 39
32723 22
32724 23
32725 44
32726 28
32727 22
32728 48
32729 55
32730 25
32731 9
32732 -12
32733 50
32734 49
32735 17
32736 40
32737 23
32738 114
32739 53
32740 17
32741 73
32742 28
32743 10
32744 24
32745 48
32746 21
32747 54
32748 10
32749 76
32750 53
32751 43
32752 62
32753 27
32754 32
32755 36
32756 82
32757 -5
32758 19
32759 72
32760 51
32761 36
32762 12
32763 14
32764 19
32765 37
32766 40
32767 30
32768 39
32769 37
32770 52
32771 -6
32772 54
32773 48
32774 65
32775 33
32776 4
32777 24
32778 21
32779 22
32780 30
32781 37
32782 28
32783 29
32784 15
32785 6
32786 41
32787 50
32788 17
32789 13
32790 63
32791 30
32792 42
32793 53
32794 26
32795 31
32796 51
32797 71
32798 18
32799 56
32800 52
32801 51
32802 33
32803 80
32804 -3
32805 23
32806 61
32807 18
32808 6
32809 33
32810 23
32811 8
32812 -4
32813 33
32814 27
32815 1
32816 49
32817 25
32818 23
32819 10
32820 35
32821 50
32822 47
32823 43
32824 31
32825 37
32826 44
32827 42
32828 17
32829 20
32830 28
32831 52
32832 26
32833 13
32834 5
32835 37
32836 29
32837 53
32838 43
32839 29
32840 9
32841 7
32842 40
32843 37
32844 49
32845 8
32846 15
32847 29
32848 61
32849 58
32850 43
32851 35
32852 56
32853 64
32854 5
32855 19
32856 9
32857 -3
32858 57
32859 53
32860 34
32861 55
32862 56
32863 13
32864 38
32865 24
32866 32
32867 26
32868 57
32869 15
32870 13
32871 29
32872 21
32873 33
32874 34
32875 39
32876 35
32877 28
32878 88
32879 60
32880 24
32881 21
32882 23
32883 24
32884 40
32885 71
32886 44
32887 15
32888 23
32889 16
32890 12
32891 74
32892 27
32893 38
32894 5
32895 63
32896 53
32897 24
32898 36
32899 33
32900 44
32901 36
32902 46
32903 6
32904 32
32905 51
32906 50
32907 5
32908 89
32909 18
32910 45
32911 62
32912 49
32913 51
32914 27
32915 26
32916 64
32917 62
32918 23
32919 22
32920 57
32921 33
32922 19
32923 44
32924 42
32925 28
32926 33
32927 51
32928 25
32929 48
32930 20
32931 82
32932 37
32933 35
32934 17
32935 29
32936 5
32937 49
32938 19
32939 66
32940 35
32941 76
32942 36
32943 88
32944 15
32945 22
32946 32
32947 32
32948 68
32949 33
32950 39
32951 45
32952 49
32953 15
32954 56
32955 13
32956 23
32957 23
32958 55
32959 46
32960 31
32961 33
32962 55
32963 31
32964 54
32965 10
32966 -8
32967 19
32968 15
32969 34
32970 2
32971 10
32972 58
32973 103
32974 53
32975 27
32976 21
32977 12
32978 30
32979 20
32980 -2
32981 34
32982 42
32983 14
32984 57
32985 16
32986 49
32987 55
32988 44
32989 9
32990 12
32991 23
32992 18
32993 39
32994 21
32995 10
32996 63
32997 21
32998 49
32999 30
33000 38
33001 23
33002 45
33003 13
33004 19
33005 31
33006 38
33007 76
33008 57
33009 12
33010 13
33011 19
33012 35
33013 58
33014 84
33015 59
33016 16
33017 37
33018 31
33019 37
33020 31
33021 42
33022 29
33023 17
33024 35
33025 34
33026 0
33027 43
33028 19
33029 47
33030 34
33031 39
33032 21
33033 36
33034 48
33035 36
33036 77
33037 -6
33038 30
33039 18
33040 28
33041 32
33042 36
33043 49
33044 30
33045 73
33046 15
33047 6
33048 27
33049 50
33050 30
33051 36
33052 63
33053 15
33054 42
33055 -3
33056 54
33057 16
33058 10
33059 21
33060 17
33061 45
33062 32
33063 57
33064 26
33065 17
33066 36
33067 -7
33068 54
33069 37
33070 34
33071 18
33072 32
33073 31
33074 53
33075 46
33076 21
33077 45
33078 42
33079 85
33080 74
33081 39
33082 64
33083 32
33084 26
33085 43
33086 5
33087 74
33088 22
33089 25
33090 19
33091 38
33092 35
33093 37
33094 4
33095 53
33096 33
33097 15
33098 22
33099 25
33100 39
33101 66
33102 14
33103 9
33104 27
33105 20
33106 19
33107 10
33108 54
33109 30
33110 21
33111 13
33112 37
33113 37
33114 77
33115 80
33116 9
33117 13
33118 88
33119 47
33120 21
33121 22
33122 38
33123 23
33124 39
33125 35
33126 37
33127 68
33128 25
33129 27
33130 17
33131 32
33132 31
33133 48
33134 35
33135 38
33136 43
33137 48
33138 29
33139 9
33140 27
33141 13
33142 30
33143 26
33144 32
33145 36
33146 36
33147 4
33148 9
33149 33
33150 11
33151 25
33152 -1
33153 13
33154 23
33155 53
33156 -10
33157 39
33158 15
33159 57
33160 29
33161 42
33162 73
33163 23
33164 40
33165 47
33166 53
33167 45
33168 57
33169 17
33170 55
33171 66
33172 68
33173 13
33174 44
33175 26
33176 69
33177 36
33178 60
33179 76
33180 39
33181 30
33182 26
33183 27
33184 27
33185 48
33186 81
33187 13
33188 21
33189 34
33190 13
33191 4
33192 52
33193 34
33194 13
33195 46
33196 44
33197 97
33198 21
33199 18
33200 26
33201 4
33202 12
33203 38
33204 22
33205 38
33206 38
33207 79
33208 47
33209 16
33210 32
33211 18
33212 30
33213 46
33214 5
33215 58
33216 5
33217 42
33218 22
33219 22
33220 26
33221 6
33222 51
33223 14
33224 58
33225 30
33226 16
33227 42
33228 40
33229 4
33230 25
33231 19
33232 6
33233 9
33234 40
33235 55
33236 37
33237 5
33238 33
33239 17
33240 23
33241 52
33242 30
33243 34
33244 42
33245 19
33246 22
33247 8
33248 4
33249 34
33250 60
33251 19
33252 43
33253 20
33254 13
33255 37
33256 37
33257 18
33258 12
33259 47
33260 47
33261 5
33262 16
33263 27
33264 104
33265 46
33266 41
33267 49
33268 23
33269 26
33270 80
33271 4
33272 24
33273 31
33274 32
33275 33
33276 99
33277 43
33278 8
33279 31
33280 29
33281 58
33282 32
33283 60
33284 30
33285 32
33286 32
33287 42
33288 39
33289 -1
33290 34
33291 20
33292 48
33293 40
33294 24
33295 -1
33296 40
33297 16
33298 32
33299 26
33300 62
33301 21
33302 46
33303 33
33304 11
33305 65
33306 47
33307 25
33308 33
33309 36
33310 11
33311 8
33312 3
33313 49
33314 15
33315 43
33316 46
33317 31
33318 24
33319 39
33320 74
33321 33
33322 45
33323 42
33324 10
33325 13
33326 17
33327 42
33328 42
33329 23
33330 6
33331 36
33332 61
33333 24
33334 9
33335 35
33336 49
33337 48
33338 34
33339 60
33340 19
33341 59
33342 26
33343 33
33344 26
33345 33
33346 30
33347 5
33348 17
33349 22
33350 59
33351 27
33352 34
33353 59
33354 4
33355 11
33356 25
33357 27
33358 32
33359 18
33360 21
33361 35
33362 13
33363 57
33364 33
33365 40
33366 60
33367 65
33368 12
33369 41
33370 41
33371 26
33372 61
33373 11
33374 30
33375 26
33376 4
33377 43
33378 45
33379 31
33380 47
33381 2
33382 1
33383 6
33384 6
33385 30
33386 44
33387 34
33388 39
33389 17
33390 34
33391 86
33392 47
33393 17
33394 41
33395 58
33396 39
33397 40
33398 29
33399 38
33400 38
33401 62
33402 14
33403 37
33404 63
33405 26
33406 21
33407 50
33408 50
33409 2
33410 44
33411 9
33412 46
33413 27
33414 41
33415 12
33416 46
33417 63
33418 19
33419 65
33420 17
33421 7
33422 19
33423 32
33424 18
33425 39
33426 31
33427 22
33428 27
33429 10
33430 28
33431 35
33432 29
33433 8
33434 34
33435 16
33436 37
33437 13
33438 32
33439 42
33440 63
33441 40
33442 38
33443 23
33444 13
33445 25
33446 38
33447 19
33448 25
33449 36
33450 34
33451 41
33452 61
33453 24
33454 54
33455 8
33456 18
33457 48
33458 27
33459 24
33460 16
33461 48
33462 16
33463 33
33464 28
33465 10
33466 20
33467 43
33468 41
33469 37
33470 53
33471 26
33472 33
33473 25
33474 30
33475 26
33476 0
33477 49
33478 72
33479 75
33480 34
33481 33
33482 66
33483 26
33484 40
33485 27
33486 48
33487 35
33488 24
33489 17
33490 24
33491 40
33492 59
33493 32
33494 47
33495 6
33496 40
33497 16
33498 112
33499 3
33500 43
33501 44
33502 11
33503 40
33504 43
33505 33
33506 21
33507 45
33508 69
33509 54
33510 7
33511 24
33512 53
33513 16
33514 -6
33515 36
33516 56
33517 39
33518 -4
33519 43
33520 49
33521 120
33522 73
33523 48
33524 25
33525 30
33526 21
33527 27
33528 39
33529 11
33530 53
33531 37
33532 56
33533 14
33534 -4
33535 0
33536 52
33537 22
33538 37
33539 15
33540 17
33541 62
33542 81
33543 66
33544 21
33545 48
33546 53
33547 39
33548 19
33549 25
33550 58
33551 34
33552 53
33553 14
33554 33
33555 40
33556 24
33557 21
33558 36
33559 28
33560 50
33561 31
33562 36
33563 46
33564 50
33565 41
33566 50
33567 35
33568 20
33569 37
33570 68
33571 68
33572 42
33573 17
33574 33
33575 79
33576 60
33577 18
33578 35
33579 50
33580 37
33581 25
33582 52
33583 27
33584 18
33585 41
33586 26
33587 47
33588 53
33589 17
33590 24
33591 12
33592 24
33593 31
33594 2
33595 76
33596 36
33597 37
33598 31
33599 -4
33600 38
33601 -1
33602 10
33603 32
33604 85
33605 24
33606 21
33607 34
33608 21
33609 32
33610 55
33611 64
33612 14
33613 22
33614 -5
33615 26
33616 11
33617 44
33618 27
33619 26
33620 58
33621 60
33622 25
33623 67
33624 46
33625 12
33626 50
33627 6
33628 42
33629 49
33630 35
33631 25
33632 29
33633 44
33634 33
33635 37
33636 38
33637 62
33638 58
33639 -3
33640 40
33641 29
33642 0
33643 87
33644 36
33645 35
33646 20
33647 68
33648 20
33649 18
33650 54
33651 47
33652 19
33653 21
33654 57
33655 26
33656 28
33657 68
33658 18
33659 20
33660 40
33661 50
33662 47
33663 0
33664 33
33665 14
33666 36
33667 29
33668 32
33669 66
33670 14
33671 49
33672 30
33673 28
33674 39
33675 33
33676 82
33677 24
33678 65
33679 36
33680 54
33681 32
33682 20
33683 25
33684 -16
33685 17
33686 81
33687 15
33688 33
33689 44
33690 20
33691 17
33692 46
33693 36
33694 54
33695 24
33696 46
33697 54
33698 11
33699 29
33700 33
33701 42
33702 35
33703 45
33704 21
33705 10
33706 29
33707 67
33708 49
33709 37
33710 17
33711 22
33712 10
33713 37
33714 58
33715 35
33716 38
33717 35
33718 46
33719 39
33720 24
33721 11
33722 36
33723 42
33724 48
33725 29
33726 14
33727 39
33728 9
33729 20
33730 45
33731 29
33732 29
33733 11
33734 40
33735 15
33736 39
33737 50
33738 46
33739 -4
33740 5
33741 18
33742 9
33743 20
33744 32
33745 28
33746 23
33747 35
33748 28
33749 15
33750 16
33751 37
33752 37
33753 11
33754 22
33755 45
33756 30
33757 3
33758 39
33759 32
33760 -3
33761 19
33762 37
33763 25
33764 52
33765 33
33766 63
33767 47
33768 39
33769 27
33770 23
33771 52
33772 31
33773 33
33774 48
33775 18
33776 29
33777 36
33778 38
33779 12
33780 22
33781 43
33782 13
33783 33
33784 30
33785 49
33786 51
33787 5
33788 26
33789 39
33790 29
33791 31
33792 63
33793 21
33794 62
33795 16
33796 3
33797 61
33798 7
33799 42
33800 15
33801 37
33802 53
33803 46
33804 26
33805 41
33806 44
33807 -1
33808 37
33809 52
33810 14
33811 52
33812 60
33813 19
33814 60
33815 19
33816 16
33817 21
33818 68
33819 38
33820 -11
33821 34
33822 0
33823 -3
33824 -4
33825 31
33826 62
33827 42
33828 29
33829 23
33830 48
33831 32
33832 58
33833 26
33834 37
33835 17
33836 79
33837 28
33838 27
33839 30
33840 68
33841 43
33842 32
33843 5
33844 -2
33845 10
33846 10
33847 82
33848 33
33849 49
33850 53
33851 43
33852 38
33853 100
33854 34
33855 21
33856 30
33857 70
33858 58
33859 57
33860 53
33861 20
33862 1
33863 27
33864 12
33865 41
33866 29
33867 39
33868 0
33869 29
33870 34
33871 52
33872 59
33873 44
33874 23
33875 46
33876 13
33877 44
33878 21
33879 30
33880 48
33881 20
33882 42
33883 36
33884 71
33885 18
33886 15
33887 35
33888 44
33889 15
33890 8
33891 44
33892 54
33893 31
33894 26
33895 52
33896 6
33897 9
33898 26
33899 52
33900 14
33901 11
33902 26
33903 20
33904 8
33905 17
33906 29
33907 25
33908 44
33909 42
33910 29
33911 60
33912 29
33913 53
33914 69
33915 38
33916 17
33917 19
33918 78
33919 52
33920 12
33921 3
33922 32
33923 27
33924 23
33925 44
33926 31
33927 21
33928 3
33929 30
33930 33
33931 13
33932 24
33933 40
33934 22
33935 49
33936 44
33937 28
33938 43
33939 27
33940 69
33941 3
33942 42
33943 21
33944 14
33945 26
33946 38
33947 74
33948 27
33949 21
33950 15
33951 49
33952 6
33953 30
33954 14
33955 83
33956 54
33957 57
33958 31
33959 26
33960 23
33961 32
33962 59
33963 48
33964 67
33965 37
33966 53
33967 17
33968 16
33969 14
33970 36
33971 46
33972 30
33973 31
33974 7
33975 36
33976 46
33977 29
33978 1
33979 27
33980 4
33981 21
33982 20
33983 10
33984 35
33985 36
33986 26
33987 15
33988 40
33989 13
33990 78
33991 38
33992 40
33993 31
33994 8
33995 56
33996 59
33997 40
33998 34
33999 75
34000 23
34001 23
34002 71
34003 11
34004 51
34005 27
34006 39
34007 26
34008 37
34009 58
34010 21
34011 52
34012 22
34013 12
34014 8
34015 82
34016 68
34017 54
34018 27
34019 16
34020 64
34021 46
34022 42
34023 37
34024 20
34025 59
34026 44
34027 42
34028 19
34029 31
34030 56
34031 26
34032 10
34033 64
34034 34
34035 2
34036 19
34037 70
34038 29
34039 14
34040 56
34041 53
34042 17
34043 16
34044 41
34045 17
34046 26
34047 21
34048 43
34049 42
34050 13
34051 53
34052 24
34053 27
34054 20
34055 23
34056 27
34057 32
34058 24
34059 3
34060 39
34061 34
34062 39
34063 80
34064 39
34065 29
34066 33
34067 56
34068 85
34069 31
34070 18
34071 39
34072 36
34073 12
34074 34
34075 10
34076 57
34077 39
34078 68
34079 54
34080 28
34081 41
34082 24
34083 46
34084 34
34085 60
34086 35
34087 16
34088 6
34089 29
34090 51
34091 21
34092 47
34093 52
34094 6
34095 8
34096 5
34097 19
34098 13
34099 13
34100 36
34101 62
34102 57
34103 23
34104 1
34105 111
34106 59
34107 40
34108 51
34109 30
34110 26
34111 -3
34112 66
34113 26
34114 42
34115 21
34116 26
34117 32
34118 24
34119 21
34120 9
34121 54
34122 37
34123 26
34124 23
34125 40
34126 33
34127 42
34128 54
34129 4
34130 41
34131 36
34132 47
34133 50
34134 64
34135 41
34136 18
34137 30
34138 23
34139 28
34140 11
34141 55
34142 30
34143 32
34144 18
34145 12
34146 8
34147 68
34148 -6
34149 75
34150 15
34151 29
34152 5
34153 11
34154 44
34155 63
34156 23
34157 0
34158 -11
34159 18
34160 58
34161 27
34162 26
34163 33
34164 24
34165 45
34166 37
34167 71
34168 21
34169 65
34170 31
34171 23
34172 26
34173 44
34174 37
34175 4
34176 16
34177 39
34178 23
34179 4
34180 23
34181 29
34182 27
34183 62
34184 62
34185 9
34186 11
34187 39
34188 46
34189 52
34190 10
34191 19
34192 45
34193 77
34194 34
34195 30
34196 35
34197 32
34198 16
34199 64
34200 24
34201 45
34202 18
34203 42
34204 31
34205 43
34206 44
34207 31
34208 35
34209 18
34210 125
34211 69
34212 28
34213 15
34214 -4
34215 36
34216 2
34217 15
34218 63
34219 39
34220 8
34221 5
34222 48
34223 53
34224 50
34225 32
34226 77
34227 38
34228 33
34229 3
34230 44
34231 20
34232 20
34233 30
34234 72
34235 64
34236 38
34237 32
34238 38
34239 14
34240 21
34241 22
34242 34
34243 14
34244 38
34245 -5
34246 24
34247 23
34248 46
34249 45
34250 42
34251 29
34252 31
34253 67
34254 9
34255 9
34256 42
34257 24
34258 38
34259 32
34260 33
34261 43
34262 23
34263 57
34264 61
34265 11
34266 26
34267 9
34268 42
34269 56
34270 55
34271 20
34272 28
34273 59
34274 38
34275 39
34276 19
34277 43
34278 38
34279 21
34280 27
34281 21
34282 35
34283 35
34284 42
34285 12
34286 51
34287 31
34288 83
34289 31
34290 36
34291 19
34292 22
34293 0
34294 42
34295 45
34296 44
34297 25
34298 50
34299 54
34300 32
34301 18
34302 46
34303 27
34304 60
34305 65
34306 27
34307 30
34308 47
34309 30
34310 51
34311 5
34312 15
34313 29
34314 44
34315 9
34316 62
34317 6
34318 41
34319 21
34320 20
34321 -6
34322 34
34323 24
34324 29
34325 29
34326 40
34327 30
34328 17
34329 29
34330 -5
34331 32
34332 46
34333 43
34334 39
34335 12
34336 -1
34337 0
34338 24
34339 32
34340 57
34341 30
34342 28
34343 44
34344 48
34345 22
34346 27
34347 67
34348 53
34349 32
34350 4
34351 31
34352 57
34353 31
34354 32
34355 30
34356 10
34357 100
34358 35
34359 60
34360 44
34361 20
34362 12
34363 25
34364 22
34365 12
34366 41
34367 26
34368 32
34369 28
34370 52
34371 48
34372 40
34373 42
34374 24
34375 14
34376 37
34377 64
34378 25
34379 21
34380 33
34381 33
34382 28
34383 25
34384 9
34385 65
34386 25
34387 27
34388 71
34389 32
34390 38
34391 65
34392 45
34393 33
34394 19
34395 25
34396 13
34397 13
34398 77
34399 36
34400 52
34401 23
34402 19
34403 54
34404 25
34405 57
34406 14
34407 15
34408 35
34409 60
34410 37
34411 15
34412 34
34413 69
34414 44
34415 32
34416 39
34417 50
34418 50
34419 19
34420 58
34421 40
34422 19
34423 29
34424 40
34425 40
34426 89
34427 7
34428 44
34429 24
34430 61
34431 13
34432 25
34433 29
34434 25
34435 16
34436 72
34437 26
34438 69
34439 40
34440 41
34441 34
34442 26
34443 48
34444 32
34445 62
34446 56
34447 15
34448 70
34449 1
34450 26
34451 25
34452 31
34453 20
34454 54
34455 40
34456 30
34457 43
34458 39
34459 48
34460 31
34461 27
34462 39
34463 39
34464 66
34465 25
34466 26
34467 38
34468 43
34469 10
34470 28
34471 55
34472 27
34473 57
34474 64
34475 41
34476 39
34477 50
34478 46
34479 68
34480 46
34481 60
34482 21
34483 13
34484 20
34485 41
34486 27
34487 16
34488 23
34489 35
34490 16
34491 14
34492 36
34493 32
34494 17
34495 32
34496 40
34497 57
34498 39
34499 35
34500 21
34501 35
34502 3
34503 24
34504 54
34505 35
34506 19
34507 38
34508 42
34509 26
34510 36
34511 25
34512 -6
34513 34
34514 73
34515 20
34516 33
34517 20
34518 25
34519 11
34520 10
34521 43
34522 37
34523 45
34524 61
34525 24
34526 37
34527 11
34528 54
34529 49
34530 11
34531 23
34532 57
34533 68
34534 73
34535 52
34536 70
34537 33
34538 28
34539 22
34540 32
34541 27
34542 20
34543 56
34544 23
34545 21
34546 31
34547 30
34548 31
34549 22
34550 43
34551 34
34552 50
34553 45
34554 20
34555 41
34556 41
34557 6
34558 28
34559 29
34560 26
34561 57
34562 40
34563 7
34564 12
34565 14
34566 7
34567 64
34568 72
34569 17
34570 48
34571 56
34572 5
34573 3
34574 20
34575 20
34576 64
34577 32
34578 20
34579 57
34580 34
34581 62
34582 34
34583 9
34584 5
34585 19
34586 39
34587 1
34588 29
34589 38
34590 55
34591 31
34592 62
34593 20
34594 34
34595 -2
34596 42
34597 57
34598 49
34599 41
34600 61
34601 25
34602 29
34603 1
34604 49
34605 36
34606 27
34607 2
34608 22
34609 19
34610 46
34611 13
34612 58
34613 38
34614 34
34615 22
34616 40
34617 25
34618 33
34619 52
34620 24
34621 25
34622 64
34623 20
34624 17
34625 8
34626 46
34627 67
34628 29
34629 27
34630 61
34631 43
34632 11
34633 22
34634 28
34635 27
34636 39
34637 58
34638 13
34639 13
34640 18
34641 43
34642 45
34643 39
34644 54
34645 54
34646 37
34647 19
34648 48
34649 36
34650 60
34651 19
34652 47
34653 20
34654 15
34655 23
34656 32
34657 30
34658 6
34659 11
34660 13
34661 30
34662 11
34663 40
34664 20
34665 4
34666 32
34667 58
34668 26
34669 21
34670 50
34671 25
34672 29
34673 37
34674 28
34675 38
34676 1
34677 50
34678 87
34679 9
34680 27
34681 50
34682 15
34683 30
34684 35
34685 56
34686 34
34687 20
34688 9
34689 27
34690 41
34691 5
34692 22
34693 21
34694 32
34695 9
34696 41
34697 26
34698 41
34699 37
34700 74
34701 67
34702 39
34703 32
34704 25
34705 34
34706 50
34707 35
34708 43
34709 1
34710 34
34711 35
34712 24
34713 26
34714 21
34715 46
34716 11
34717 47
34718 19
34719 26
34720 32
34721 32
34722 47
34723 21
34724 34
34725 31
34726 13
34727 17
34728 48
34729 52
34730 5
34731 55
34732 30
34733 35
34734 51
34735 31
34736 13
34737 22
34738 44
34739 31
34740 112
34741 17
34742 19
34743 33
34744 40
34745 63
34746 26
34747 26
34748 45
34749 71
34750 18
34751 10
34752 28
34753 68
34754 38
34755 35
34756 12
34757 24
34758 37
34759 32
34760 43
34761 23
34762 48
34763 73
34764 67
34765 35
34766 31
34767 46
34768 27
34769 29
34770 28
34771 39
34772 60
34773 28
34774 45
34775 60
34776 14
34777 42
34778 18
34779 43
34780 29
34781 91
34782 34
34783 11
34784 38
34785 54
34786 18
34787 63
34788 38
34789 20
34790 28
34791 22
34792 25
34793 28
34794 29
34795 58
34796 41
34797 84
34798 14
34799 37
34800 41
34801 35
34802 23
34803 19
34804 26
34805 33
34806 30
34807 54
34808 32
34809 -6
34810 15
34811 48
34812 13
34813 47
34814 4
34815 26
34816 26
34817 34
34818 46
34819 57
34820 18
34821 19
34822 46
34823 32
34824 35
34825 63
34826 29
34827 16
34828 35
34829 20
34830 20
34831 22
34832 47
34833 13
34834 28
34835 39
34836 18
34837 48
34838 -3
34839 27
34840 41
34841 42
34842 72
34843 49
34844 51
34845 29
34846 52
34847 53
34848 22
34849 64
34850 8
34851 41
34852 41
34853 21
34854 23
34855 28
34856 54
34857 35
34858 13
34859 23
34860 45
34861 20
34862 77
34863 5
34864 1
34865 28
34866 19
34867 17
34868 14
34869 13
34870 41
34871 27
34872 25
34873 30
34874 77
34875 39
34876 68
34877 29
34878 26
34879 35
34880 27
34881 33
34882 52
34883 15
34884 10
34885 5
34886 38
34887 15
34888 36
34889 15
34890 51
34891 61
34892 34
34893 41
34894 19
34895 7
34896 74
34897 29
34898 50
34899 22
34900 4
34901 50
34902 44
34903 55
34904 42
34905 56
34906 21
34907 28
34908 24
34909 70
34910 18
34911 48
34912 38
34913 36
34914 21
34915 35
34916 5
34917 42
34918 81
34919 26
34920 7
34921 30
34922 24
34923 4
34924 32
34925 31
34926 25
34927 25
34928 35
34929 19
34930 29
34931 39
34932 29
34933 10
34934 18
34935 28
34936 39
34937 25
34938 66
34939 30
34940 19
34941 48
34942 31
34943 38
34944 35
34945 44
34946 2
34947 51
34948 28
34949 47
34950 23
34951 58
34952 62
34953 13
34954 17
34955 41
34956 25
34957 51
34958 36
34959 45
34960 18
34961 56
34962 21
34963 40
34964 25
34965 12
34966 26
34967 28
34968 45
34969 19
34970 27
34971 30
34972 33
34973 34
34974 46
34975 52
34976 44
34977 21
34978 4
34979 35
34980 27
34981 38
34982 35
34983 12
34984 33
34985 4
34986 116
34987 12
34988 23
34989 41
34990 38
34991 123
34992 66
34993 28
34994 31
34995 29
34996 28
34997 31
34998 25
34999 53
35000 37
35001 36
35002 47
35003 26
35004 31
35005 44
35006 18
35007 18
35008 36
35009 36
35010 41
35011 63
35012 21
35013 26
35014 58
35015 23
35016 30
35017 23
35018 38
35019 36
35020 28
35021 9
35022 9
35023 24
35024 49
35025 6
35026 38
35027 12
35028 42
35029 13
35030 78
35031 35
35032 26
35033 57
35034 42
35035 40
35036 35
35037 14
35038 35
35039 42
35040 65
35041 51
35042 -2
35043 45
35044 37
35045 25
35046 59
35047 40
35048 40
35049 18
35050 24
35051 26
35052 15
35053 23
35054 33
35055 57
35056 35
35057 18
35058 32
35059 26
35060 3
35061 44
35062 32
35063 12
35064 25
35065 21
35066 23
35067 49
35068 38
35069 21
35070 46
35071 16
35072 46
35073 27
35074 26
35075 45
35076 24
35077 37
35078 29
35079 56
35080 6
35081 27
35082 50
35083 11
35084 31
35085 56
35086 0
35087 48
35088 46
35089 40
35090 30
35091 61
35092 19
35093 38
35094 39
35095 52
35096 18
35097 30
35098 40
35099 31
35100 2
35101 29
35102 51
35103 78
35104 45
35105 31
35106 57
35107 45
35108 21
35109 71
35110 39
35111 15
35112 15
35113 9
35114 69
35115 30
35116 50
35117 13
35118 23
35119 20
35120 70
35121 37
35122 13
35123 49
35124 21
35125 58
35126 49
35127 60
35128 21
35129 44
35130 25
35131 54
35132 37
35133 50
35134 48
35135 26
35136 58
35137 41
35138 31
35139 32
35140 20
35141 29
35142 24
35143 28
35144 50
35145 31
35146 48
35147 32
35148 55
35149 79
35150 20
35151 61
35152 19
35153 37
35154 17
35155 22
35156 28
35157 26
35158 50
35159 11
35160 63
35161 50
35162 26
35163 9
35164 68
35165 26
35166 28
35167 35
35168 47
35169 61
35170 70
35171 14
35172 67
35173 30
35174 14
35175 24
35176 79
35177 56
35178 17
35179 12
35180 25
35181 22
35182 52
35183 18
35184 14
35185 20
35186 13
35187 68
35188 20
35189 32
35190 27
35191 29
35192 25
35193 38
35194 16
35195 39
35196 21
35197 22
35198 27
35199 38
35200 43
35201 17
35202 48
35203 17
35204 40
35205 56
35206 7
35207 46
35208 55
35209 47
35210 44
35211 44
35212 58
35213 58
35214 7
35215 30
35216 15
35217 13
35218 28
35219 8
35220 23
35221 36
35222 67
35223 67
35224 44
35225 12
35226 -1
35227 35
35228 55
35229 39
35230 18
35231 6
35232 65
35233 25
35234 15
35235 27
35236 35
35237 112
35238 15
35239 76
35240 46
35241 16
35242 24
35243 28
35244 39
35245 47
35246 15
35247 30
35248 62
35249 45
35250 29
35251 41
35252 40
35253 35
35254 56
35255 46
35256 26
35257 36
35258 13
35259 28
35260 23
35261 21
35262 0
35263 20
35264 4
35265 58
35266 20
35267 51
35268 73
35269 36
35270 52
35271 31
35272 52
35273 52
35274 25
35275 34
35276 8
35277 44
35278 53
35279 44
35280 36
35281 31
35282 20
35283 38
35284 28
35285 29
35286 33
35287 90
35288 20
35289 16
35290 34
35291 41
35292 0
35293 21
35294 35
35295 27
35296 55
35297 25
35298 41
35299 49
35300 50
35301 16
35302 33
35303 11
35304 43
35305 73
35306 30
35307 36
35308 28
35309 16
35310 73
35311 12
35312 39
35313 41
35314 64
35315 54
35316 5
35317 15
35318 35
35319 38
35320 25
35321 17
35322 47
35323 36
35324 29
35325 15
35326 54
35327 44
35328 23
35329 32
35330 29
35331 40
35332 57
35333 40
35334 27
35335 29
35336 28
35337 40
35338 43
35339 2
35340 38
35341 51
35342 35
35343 85
35344 16
35345 43
35346 38
35347 28
35348 46
35349 28
35350 24
35351 12
35352 40
35353 53
35354 81
35355 26
35356 71
35357 19
35358 39
35359 -10
35360 19
35361 32
35362 34
35363 23
35364 35
35365 39
35366 50
35367 59
35368 54
35369 24
35370 26
35371 9
35372 61
35373 28
35374 40
35375 19
35376 58
35377 3
35378 28
35379 27
35380 49
35381 44
35382 80
35383 36
35384 12
35385 68
35386 59
35387 61
35388 63
35389 21
35390 48
35391 27
35392 59
35393 65
35394 38
35395 30
35396 18
35397 13
35398 33
35399 55
35400 19
35401 26
35402 38
35403 54
35404 35
35405 33
35406 44
35407 34
35408 54
35409 23
35410 47
35411 43
35412 4
35413 29
35414 42
35415 19
35416 37
35417 34
35418 42
35419 35
35420 30
35421 26
35422 36
35423 34
35424 48
35425 52
35426 28
35427 54
35428 29
35429 36
35430 26
35431 23
35432 78
35433 -5
35434 -5
35435 57
35436 0
35437 67
35438 47
35439 14
35440 42
35441 35
35442 17
35443 40
35444 23
35445 21
35446 68
35447 28
35448 39
35449 59
35450 53
35451 31
35452 9
35453 7
35454 46
35455 22
35456 79
35457 -3
35458 56
35459 20
35460 22
35461 47
35462 14
35463 43
35464 35
35465 57
35466 55
35467 30
35468 86
35469 57
35470 32
35471 52
35472 40
35473 45
35474 30
35475 48
35476 25
35477 101
35478 59
35479 41
35480 12
35481 42
35482 17
35483 42
35484 74
35485 41
35486 18
35487 5
35488 56
35489 11
35490 23
35491 27
35492 44
35493 52
35494 32
35495 73
35496 44
35497 91
35498 65
35499 2
35500 23
35501 31
35502 40
35503 55
35504 3
35505 43
35506 14
35507 54
35508 56
35509 67
35510 44
35511 28
35512 41
35513 70
35514 6
35515 44
35516 28
35517 72
35518 63
35519 34
35520 60
35521 10
35522 22
35523 21
35524 18
35525 12
35526 23
35527 12
35528 19
35529 21
35530 18
35531 72
35532 52
35533 23
35534 18
35535 31
35536 18
35537 26
35538 10
35539 -2
35540 72
35541 27
35542 11
35543 25
35544 30
35545 42
35546 45
35547 38
35548 31
35549 42
35550 3
35551 28
35552 8
35553 18
35554 50
35555 52
35556 32
35557 34
35558 57
35559 32
35560 61
35561 47
35562 35
35563 47
35564 93
35565 40
35566 9
35567 50
35568 55
35569 24
35570 59
35571 36
35572 27
35573 18
35574 18
35575 11
35576 43
35577 33
35578 26
35579 50
35580 30
35581 75
35582 24
35583 38
35584 49
35585 33
35586 69
35587 41
35588 26
35589 41
35590 11
35591 20
35592 30
35593 7
35594 11
35595 38
35596 18
35597 20
35598 35
35599 5
35600 74
35601 67
35602 11
35603 52
35604 51
35605 58
35606 35
35607 55
35608 14
35609 51
35610 43
35611 38
35612 12
35613 44
35614 50
35615 15
35616 12
35617 58
35618 46
35619 35
35620 10
35621 30
35622 30
35623 45
35624 48
35625 36
35626 32
35627 35
35628 55
35629 55
35630 34
35631 57
35632 31
35633 9
35634 25
35635 27
35636 18
35637 58
35638 17
35639 33
35640 17
35641 30
35642 29
35643 35
35644 73
35645 40
35646 53
35647 20
35648 39
35649 46
35650 28
35651 44
35652 25
35653 22
35654 27
35655 30
35656 59
35657 57
35658 22
35659 57
35660 24
35661 5
35662 32
35663 36
35664 25
35665 57
35666 7
35667 47
35668 27
35669 4
35670 20
35671 45
35672 49
35673 63
35674 21
35675 59
35676 63
35677 56
35678 39
35679 21
35680 16
35681 12
35682 29
35683 32
35684 50
35685 24
35686 30
35687 32
35688 30
35689 44
35690 32
35691 29
35692 47
35693 62
35694 44
35695 25
35696 21
35697 97
35698 19
35699 20
35700 19
35701 35
35702 33
35703 29
35704 44
35705 11
35706 17
35707 37
35708 68
35709 33
35710 33
35711 44
35712 5
35713 32
35714 16
35715 23
35716 47
35717 55
35718 35
35719 90
35720 15
35721 49
35722 29
35723 58
35724 48
35725 59
35726 11
35727 45
35728 47
35729 10
35730 34
35731 28
35732 31
35733 23
35734 96
35735 56
35736 48
35737 20
35738 30
35739 42
35740 14
35741 41
35742 15
35743 7
35744 36
35745 32
35746 54
35747 9
35748 34
35749 30
35750 18
35751 40
35752 46
35753 45
35754 20
35755 30
35756 54
35757 20
35758 65
35759 49
35760 33
35761 26
35762 35
35763 28
35764 39
35765 73
35766 13
35767 42
35768 7
35769 11
35770 40
35771 -3
35772 21
35773 38
35774 44
35775 28
35776 37
35777 10
35778 13
35779 41
35780 33
35781 22
35782 90
35783 61
35784 17
35785 21
35786 24
35787 41
35788 23
35789 36
35790 54
35791 28
35792 40
35793 20
35794 67
35795 37
35796 12
35797 28
35798 27
35799 -4
35800 59
35801 81
35802 73
35803 42
35804 24
35805 29
35806 17
35807 45
35808 40
35809 38
35810 20
35811 39
35812 69
35813 14
35814 37
35815 15
35816 40
35817 43
35818 37
35819 48
35820 71
35821 26
35822 21
35823 52
35824 9
35825 41
35826 22
35827 11
35828 19
35829 23
35830 16
35831 41
35832 63
35833 39
35834 52
35835 37
35836 25
35837 61
35838 44
35839 65
35840 38
35841 33
35842 29
35843 39
35844 55
35845 33
35846 21
35847 35
35848 45
35849 9
35850 35
35851 18
35852 15
35853 40
35854 25
35855 47
35856 43
35857 90
35858 31
35859 40
35860 21
35861 32
35862 -7
35863 31
35864 17
35865 68
35866 38
35867 20
35868 84
35869 20
35870 47
35871 32
35872 30
35873 27
35874 40
35875 24
35876 49
35877 21
35878 13
35879 24
35880 25
35881 22
35882 30
35883 20
35884 29
35885 56
35886 17
35887 39
35888 39
35889 21
35890 28
35891 49
35892 14
35893 29
35894 18
35895 26
35896 57
35897 26
35898 11
35899 80
35900 31
35901 35
35902 10
35903 15
35904 -12
35905 86
35906 23
35907 70
35908 22
35909 43
35910 26
35911 52
35912 20
35913 8
35914 47
35915 44
35916 28
35917 47
35918 41
35919 57
35920 33
35921 45
35922 24
35923 50
35924 53
35925 12
35926 41
35927 39
35928 19
35929 32
35930 23
35931 29
35932 22
35933 47
35934 27
35935 33
35936 21
35937 45
35938 48
35939 60
35940 66
35941 69
35942 39
35943 1
35944 51
35945 16
35946 28
35947 13
35948 58
35949 65
35950 45
35951 34
35952 55
35953 10
35954 41
35955 4
35956 17
35957 9
35958 31
35959 21
35960 38
35961 54
35962 61
35963 6
35964 23
35965 43
35966 32
35967 45
35968 12
35969 37
35970 75
35971 91
35972 64
35973 19
35974 55
35975 51
35976 29
35977 46
35978 61
35979 21
35980 41
35981 25
35982 32
35983 26
35984 8
35985 51
35986 61
35987 26
35988 36
35989 45
35990 28
35991 76
35992 15
35993 29
35994 64
35995 15
35996 24
35997 45
35998 28
35999 40
36000 29
36001 29
36002 32
36003 25
36004 36
36005 73
36006 6
36007 38
36008 38
36009 47
36010 41
36011 29
36012 126
36013 36
36014 46
36015 25
36016 12
36017 38
36018 65
36019 27
36020 27
36021 26
36022 39
36023 9
36024 48
36025 27
36026 65
36027 39
36028 63
36029 7
36030 29
36031 -2
36032 28
36033 27
36034 47
36035 11
36036 14
36037 62
36038 32
36039 30
36040 35
36041 12
36042 63
36043 18
36044 51
36045 11
36046 28
36047 65
36048 12
36049 22
36050 68
36051 21
36052 34
36053 40
36054 15
36055 30
36056 33
36057 46
36058 53
36059 10
36060 23
36061 27
36062 37
36063 32
36064 26
36065 53
36066 50
36067 46
36068 52
36069 12
36070 26
36071 29
36072 61
36073 12
36074 5
36075 19
36076 31
36077 36
36078 68
36079 31
36080 35
36081 52
36082 36
36083 32
36084 12
36085 39
36086 8
36087 43
36088 30
36089 7
36090 32
36091 33
36092 24
36093 13
36094 11
36095 13
36096 19
36097 25
36098 18
36099 3
36100 3
36101 9
36102 31
36103 48
36104 4
36105 44
36106 53
36107 4
36108 -5
36109 42
36110 32
36111 32
36112 12
36113 -5
36114 32
36115 18
36116 22
36117 34
36118 13
36119 35
36120 28
36121 36
36122 16
36123 15
36124 75
36125 37
36126 38
36127 37
36128 -2
36129 16
36130 18
36131 22
36132 11
36133 33
36134 71
36135 36
36136 41
36137 30
36138 51
36139 39
36140 40
36141 45
36142 31
36143 2
36144 47
36145 42
36146 30
36147 17
36148 27
36149 19
36150 10
36151 18
36152 32
36153 10
36154 29
36155 65
36156 54
36157 18
36158 57
36159 6
36160 18
36161 20
36162 31
36163 16
36164 39
36165 53
36166 27
36167 79
36168 39
36169 23
36170 36
36171 14
36172 62
36173 8
36174 54
36175 55
36176 24
36177 7
36178 26
36179 34
36180 33
36181 25
36182 47
36183 52
36184 63
36185 52
36186 46
36187 60
36188 64
36189 16
36190 39
36191 46
36192 31
36193 30
36194 12
36195 22
36196 34
36197 22
36198 61
36199 42
36200 37
36201 44
36202 68
36203 25
36204 5
36205 47
36206 11
36207 9
36208 26
36209 30
36210 29
36211 43
36212 85
36213 21
36214 44
36215 19
36216 30
36217 37
36218 33
36219 37
36220 22
36221 7
36222 20
36223 74
36224 19
36225 29
36226 17
36227 53
36228 35
36229 27
36230 16
36231 3
36232 33
36233 35
36234 15
36235 87
36236 31
36237 52
36238 19
36239 77
36240 39
36241 26
36242 14
36243 38
36244 28
36245 32
36246 41
36247 28
36248 26
36249 35
36250 5
36251 27
36252 41
36253 28
36254 35
36255 48
36256 26
36257 77
36258 13
36259 56
36260 58
36261 89
36262 13
36263 66
36264 59
36265 41
36266 36
36267 27
36268 66
36269 14
36270 24
36271 16
36272 42
36273 12
36274 69
36275 33
36276 27
36277 33
36278 8
36279 23
36280 61
36281 27
36282 76
36283 47
36284 48
36285 23
36286 38
36287 19
36288 21
36289 24
36290 25
36291 36
36292 30
36293 48
36294 45
36295 10
36296 42
36297 57
36298 71
36299 2
36300 23
36301 7
36302 30
36303 20
36304 50
36305 27
36306 23
36307 70
36308 26
36309 79
36310 29
36311 47
36312 24
36313 16
36314 24
36315 36
36316 68
36317 -1
36318 32
36319 10
36320 33
36321 42
36322 25
36323 33
36324 20
36325 -6
36326 68
36327 29
36328 26
36329 35
36330 31
36331 21
36332 68
36333 51
36334 52
36335 7
36336 7
36337 57
36338 42
36339 43
36340 39
36341 33
36342 44
36343 -3
36344 44
36345 3
36346 46
36347 34
36348 29
36349 44
36350 32
36351 10
36352 49
36353 28
36354 35
36355 52
36356 34
36357 15
36358 43
36359 48
36360 55
36361 18
36362 37
36363 14
36364 11
36365 -9
36366 16
36367 39
36368 28
36369 19
36370 14
36371 39
36372 59
36373 41
36374 10
36375 13
36376 41
36377 1
36378 33
36379 40
36380 58
36381 52
36382 43
36383 -6
36384 15
36385 47
36386 22
36387 36
36388 38
36389 56
36390 16
36391 30
36392 26
36393 25
36394 66
36395 39
36396 31
36397 29
36398 27
36399 22
36400 53
36401 49
36402 11
36403 51
36404 31
36405 37
36406 32
36407 14
36408 28
36409 69
36410 -6
36411 46
36412 49
36413 18
36414 15
36415 16
36416 14
36417 11
36418 18
36419 30
36420 69
36421 20
36422 10
36423 44
36424 63
36425 18
36426 18
36427 64
36428 53
36429 59
36430 36
36431 62
36432 39
36433 44
36434 22
36435 53
36436 24
36437 28
36438 19
36439 29
36440 32
36441 36
36442 28
36443 32
36444 38
36445 50
36446 58
36447 19
36448 15
36449 24
36450 36
36451 32
36452 29
36453 24
36454 11
36455 66
36456 50
36457 1
36458 10
36459 39
36460 58
36461 19
36462 14
36463 29
36464 8
36465 19
36466 16
36467 41
36468 73
36469 50
36470 44
36471 36
36472 29
36473 17
36474 3
36475 34
36476 28
36477 35
36478 56
36479 72
36480 43
36481 27
36482 85
36483 27
36484 18
36485 23
36486 22
36487 32
36488 65
36489 40
36490 49
36491 54
36492 63
36493 -2
36494 26
36495 42
36496 51
36497 17
36498 13
36499 59
36500 25
36501 51
36502 53
36503 56
36504 37
36505 40
36506 28
36507 38
36508 13
36509 33
36510 40
36511 50
36512 18
36513 44
36514 23
36515 21
36516 15
36517 38
36518 12
36519 12
36520 3
36521 65
36522 78
36523 13
36524 13
36525 63
36526 20
36527 4
36528 47
36529 4
36530 21
36531 38
36532 20
36533 49
36534 23
36535 49
36536 35
36537 29
36538 36
36539 3
36540 3
36541 21
36542 19
36543 34
36544 30
36545 11
36546 22
36547 24
36548 20
36549 34
36550 63
36551 47
36552 35
36553 29
36554 35
36555 41
36556 42
36557 38
36558 74
36559 28
36560 13
36561 21
36562 15
36563 68
36564 35
36565 18
36566 6
36567 58
36568 54
36569 18
36570 116
36571 40
36572 40
36573 12
36574 11
36575 69
36576 35
36577 17
36578 58
36579 2
36580 37
36581 23
36582 23
36583 30
36584 19
36585 63
36586 30
36587 20
36588 22
36589 -1
36590 49
36591 42
36592 50
36593 41
36594 30
36595 5
36596 37
36597 63
36598 61
36599 44
36600 33
36601 51
36602 22
36603 32
36604 76
36605 0
36606 22
36607 8
36608 24
36609 55
36610 76
36611 61
36612 17
36613 45
36614 41
36615 12
36616 6
36617 33
36618 24
36619 48
36620 13
36621 15
36622 16
36623 38
36624 31
36625 32
36626 25
36627 61
36628 29
36629 15
36630 6
36631 69
36632 47
36633 19
36634 36
36635 25
36636 36
36637 13
36638 39
36639 29
36640 27
36641 37
36642 38
36643 32
36644 31
36645 11
36646 41
36647 18
36648 17
36649 35
36650 33
36651 25
36652 34
36653 52
36654 8
36655 40
36656 31
36657 22
36658 56
36659 23
36660 14
36661 80
36662 67
36663 36
36664 41
36665 15
36666 54
36667 20
36668 41
36669 43
36670 41
36671 19
36672 37
36673 44
36674 11
36675 38
36676 19
36677 12
36678 -6
36679 25
36680 42
36681 16
36682 47
36683 28
36684 17
36685 34
36686 40
36687 31
36688 57
36689 21
36690 63
36691 51
36692 73
36693 76
36694 29
36695 28
36696 35
36697 35
36698 26
36699 64
36700 6
36701 -5
36702 32
36703 46
36704 29
36705 22
36706 12
36707 6
36708 42
36709 26
36710 32
36711 31
36712 18
36713 47
36714 35
36715 28
36716 34
36717 50
36718 29
36719 26
36720 31
36721 16
36722 34
36723 39
36724 36
36725 48
36726 21
36727 18
36728 64
36729 38
36730 37
36731 39
36732 58
36733 85
36734 27
36735 13
36736 18
36737 -6
36738 48
36739 43
36740 57
36741 66
36742 6
36743 -2
36744 41
36745 21
36746 37
36747 20
36748 -1
36749 39
36750 21
36751 16
36752 21
36753 82
36754 42
36755 36
36756 31
36757 13
36758 11
36759 4
36760 23
36761 45
36762 10
36763 34
36764 31
36765 15
36766 52
36767 23
36768 75
36769 65
36770 20
36771 35
36772 32
36773 18
36774 55
36775 28
36776 14
36777 14
36778 71
36779 59
36780 33
36781 19
36782 23
36783 18
36784 66
36785 40
36786 5
36787 17
36788 36
36789 36
36790 -11
36791 35
36792 3
36793 26
36794 42
36795 50
36796 55
36797 29
36798 24
36799 81
36800 47
36801 16
36802 39
36803 42
36804 12
36805 44
36806 51
36807 32
36808 18
36809 16
36810 31
36811 27
36812 61
36813 28
36814 23
36815 72
36816 56
36817 16
36818 24
36819 51
36820 10
36821 39
36822 30
36823 35
36824 56
36825 16
36826 22
36827 86
36828 31
36829 21
36830 36
36831 35
36832 75
36833 88
36834 33
36835 23
36836 52
36837 33
36838 19
36839 46
36840 17
36841 24
36842 2
36843 19
36844 60
36845 33
36846 20
36847 27
36848 58
36849 49
36850 25
36851 62
36852 -3
36853 18
36854 18
36855 34
36856 24
36857 31
36858 33
36859 40
36860 17
36861 47
36862 42
36863 63
36864 33
36865 66
36866 -2
36867 22
36868 27
36869 19
36870 18
36871 11
36872 10
36873 36
36874 30
36875 26
36876 7
36877 36
36878 6
36879 27
36880 26
36881 22
36882 28
36883 16
36884 -9
36885 21
36886 26
36887 22
36888 21
36889 15
36890 8
36891 47
36892 51
36893 12
36894 18
36895 56
36896 27
36897 16
36898 67
36899 11
36900 5
36901 18
36902 10
36903 36
36904 24
36905 38
36906 3
36907 20
36908 6
36909 44
36910 31
36911 16
36912 72
36913 54
36914 32
36915 13
36916 55
36917 20
36918 28
36919 31
36920 59
36921 37
36922 22
36923 12
36924 28
36925 23
36926 31
36927 72
36928 24
36929 47
36930 54
36931 43
36932 62
36933 28
36934 47
36935 50
36936 17
36937 58
36938 48
36939 30
36940 50
36941 37
36942 38
36943 41
36944 50
36945 10
36946 23
36947 51
36948 54
36949 42
36950 -3
36951 15
36952 29
36953 55
36954 34
36955 15
36956 57
36957 47
36958 78
36959 53
36960 25
36961 13
36962 28
36963 63
36964 17
36965 21
36966 24
36967 17
36968 24
36969 31
36970 15
36971 19
36972 19
36973 8
36974 9
36975 24
36976 17
36977 36
36978 25
36979 69
36980 9
36981 42
36982 6
36983 55
36984 39
36985 26
36986 52
36987 15
36988 -1
36989 32
36990 46
36991 38
36992 15
36993 61
36994 33
36995 35
36996 14
36997 19
36998 49
36999 48
37000 40
37001 29
37002 37
37003 17
37004 40
37005 17
37006 45
37007 30
37008 47
37009 51
37010 86
37011 14
37012 39
37013 37
37014 5
37015 20
37016 69
37017 58
37018 18
37019 37
37020 38
37021 39
37022 21
37023 27
37024 -16
37025 0
37026 39
37027 59
37028 5
37029 40
37030 36
37031 22
37032 14
37033 26
37034 27
37035 118
37036 33
37037 23
37038 33
37039 32
37040 39
37041 54
37042 16
37043 39
37044 40
37045 40
37046 68
37047 23
37048 28
37049 27
37050 53
37051 55
37052 4
37053 34
37054 16
37055 19
37056 17
37057 27
37058 -2
37059 26
37060 25
37061 38
37062 49
37063 27
37064 89
37065 57
37066 31
37067 19
37068 4
37069 5
37070 70
37071 30
37072 40
37073 33
37074 7
37075 38
37076 18
37077 11
37078 49
37079 74
37080 48
37081 71
37082 37
37083 19
37084 55
37085 -5
37086 32
37087 36
37088 56
37089 29
37090 66
37091 29
37092 33
37093 34
37094 31
37095 19
37096 5
37097 31
37098 57
37099 19
37100 -8
37101 45
37102 79
37103 21
37104 -5
37105 28
37106 52
37107 -2
37108 24
37109 42
37110 25
37111 55
37112 33
37113 33
37114 48
37115 26
37116 20
37117 36
37118 27
37119 18
37120 28
37121 40
37122 41
37123 26
37124 35
37125 28
37126 24
37127 18
37128 53
37129 41
37130 37
37131 44
37132 45
37133 44
37134 6
37135 16
37136 26
37137 60
37138 35
37139 25
37140 33
37141 28
37142 37
37143 33
37144 35
37145 19
37146 14
37147 24
37148 34
37149 57
37150 20
37151 69
37152 4
37153 33
37154 22
37155 35
37156 45
37157 42
37158 12
37159 20
37160 33
37161 36
37162 37
37163 17
37164 76
37165 44
37166 39
37167 52
37168 33
37169 48
37170 21
37171 42
37172 35
37173 67
37174 71
37175 64
37176 20
37177 39
37178 50
37179 44
37180 32
37181 31
37182 12
37183 32
37184 38
37185 54
37186 68
37187 26
37188 23
37189 33
37190 51
37191 71
37192 14
37193 21
37194 38
37195 57
37196 53
37197 24
37198 2
37199 39
37200 25
37201 65
37202 25
37203 21
37204 8
37205 12
37206 57
37207 60
37208 36
37209 2
37210 25
37211 22
37212 88
37213 21
37214 45
37215 46
37216 19
37217 39
37218 56
37219 51
37220 27
37221 55
37222 7
37223 59
37224 49
37225 22
37226 27
37227 68
37228 29
37229 101
37230 55
37231 67
37232 51
37233 29
37234 63
37235 7
37236 17
37237 34
37238 59
37239 29
37240 19
37241 29
37242 46
37243 55
37244 16
37245 48
37246 21
37247 18
37248 15
37249 87
37250 28
37251 34
37252 17
37253 36
37254 49
37255 27
37256 47
37257 21
37258 34
37259 34
37260 48
37261 37
37262 24
37263 51
37264 45
37265 16
37266 22
37267 22
37268 13
37269 16
37270 27
37271 4
37272 23
37273 42
37274 35
37275 0
37276 33
37277 45
37278 32
37279 53
37280 35
37281 50
37282 14
37283 50
37284 30
37285 32
37286 43
37287 32
37288 26
37289 59
37290 57
37291 48
37292 25
37293 22
37294 17
37295 38
37296 8
37297 26
37298 55
37299 21
37300 14
37301 28
37302 23
37303 15
37304 55
37305 38
37306 28
37307 23
37308 15
37309 50
37310 55
37311 25
37312 11
37313 9
37314 13
37315 28
37316 53
37317 7
37318 40
37319 48
37320 13
37321 43
37322 14
37323 45
37324 66
37325 18
37326 23
37327 20
37328 7
37329 62
37330 55
37331 12
37332 -3
37333 29
37334 26
37335 36
37336 10
37337 54
37338 36
37339 25
37340 26
37341 70
37342 27
37343 12
37344 4
37345 5
37346 56
37347 30
37348 18
37349 46
37350 47
37351 3
37352 57
37353 60
37354 18
37355 22
37356 27
37357 6
37358 31
37359 11
37360 22
37361 50
37362 1
37363 27
37364 23
37365 34
37366 58
37367 24
37368 3
37369 79
37370 17
37371 70
37372 26
37373 38
37374 40
37375 46
37376 41
37377 6
37378 23
37379 27
37380 19
37381 38
37382 8
37383 24
37384 19
37385 4
37386 64
37387 14
37388 66
37389 23
37390 5
37391 17
37392 9
37393 39
37394 38
37395 37
37396 73
37397 69
37398 9
37399 10
37400 60
37401 29
37402 6
37403 52
37404 4
37405 67
37406 72
37407 14
37408 6
37409 22
37410 3
37411 9
37412 60
37413 37
37414 27
37415 -3
37416 29
37417 23
37418 46
37419 43
37420 4
37421 45
37422 18
37423 36
37424 58
37425 33
37426 20
37427 21
37428 22
37429 44
37430 20
37431 14
37432 19
37433 15
37434 54
37435 -1
37436 37
37437 20
37438 19
37439 34
37440 37
37441 27
37442 30
37443 42
37444 15
37445 2
37446 9
37447 50
37448 66
37449 63
37450 36
37451 37
37452 44
37453 29
37454 39
37455 35
37456 47
37457 45
37458 16
37459 41
37460 27
37461 11
37462 46
37463 21
37464 63
37465 21
37466 9
37467 61
37468 61
37469 18
37470 17
37471 29
37472 56
37473 24
37474 29
37475 21
37476 0
37477 0
37478 49
37479 45
37480 27
37481 27
37482 0
37483 24
37484 51
37485 17
37486 25
37487 30
37488 83
37489 26
37490 7
37491 8
37492 62
37493 21
37494 37
37495 42
37496 3
37497 21
37498 28
37499 16
37500 4
37501 45
37502 29
37503 57
37504 56
37505 34
37506 26
37507 37
37508 19
37509 81
37510 17
37511 48
37512 18
37513 25
37514 38
37515 37
37516 9
37517 9
37518 41
37519 41
37520 50
37521 50
37522 85
37523 20
37524 28
37525 22
37526 29
37527 106
37528 53
37529 25
37530 24
37531 36
37532 24
37533 0
37534 26
37535 8
37536 48
37537 32
37538 52
37539 42
37540 30
37541 21
37542 29
37543 31
37544 27
37545 28
37546 54
37547 28
37548 4
37549 59
37550 28
37551 17
37552 10
37553 38
37554 12
37555 27
37556 33
37557 13
37558 9
37559 45
37560 32
37561 40
37562 26
37563 25
37564 16
37565 36
37566 15
37567 33
37568 35
37569 63
37570 23
37571 36
37572 13
37573 17
37574 6
37575 35
37576 1
37577 19
37578 60
37579 62
37580 19
37581 23
37582 52
37583 57
37584 28
37585 23
37586 24
37587 0
37588 42
37589 33
37590 25
37591 70
37592 19
37593 60
37594 28
37595 24
37596 23
37597 52
37598 43
37599 23
37600 25
37601 4
37602 34
37603 27
37604 6
37605 39
37606 27
37607 17
37608 10
37609 18
37610 75
37611 24
37612 13
37613 27
37614 39
37615 14
37616 7
37617 27
37618 28
37619 12
37620 48
37621 36
37622 22
37623 35
37624 20
37625 17
37626 35
37627 22
37628 20
37629 46
37630 -2
37631 27
37632 60
37633 40
37634 14
37635 17
37636 42
37637 53
37638 14
37639 37
37640 33
37641 35
37642 18
37643 48
37644 54
37645 21
37646 19
37647 75
37648 55
37649 32
37650 25
37651 50
37652 27
37653 35
37654 38
37655 62
37656 29
37657 11
37658 44
37659 36
37660 51
37661 25
37662 29
37663 8
37664 11
37665 21
37666 87
37667 27
37668 45
37669 41
37670 9
37671 37
37672 37
37673 26
37674 39
37675 33
37676 38
37677 22
37678 4
37679 12
37680 18
37681 11
37682 14
37683 7
37684 -5
37685 77
37686 19
37687 41
37688 34
37689 29
37690 31
37691 24
37692 25
37693 31
37694 33
37695 13
37696 20
37697 21
37698 3
37699 43
37700 44
37701 -3
37702 39
37703 14
37704 6
37705 45
37706 16
37707 55
37708 25
37709 21
37710 41
37711 55
37712 38
37713 57
37714 25
37715 48
37716 45
37717 26
37718 39
37719 5
37720 14
37721 56
37722 3
37723 22
37724 29
37725 71
37726 23
37727 41
37728 38
37729 3
37730 42
37731 16
37732 113
37733 45
37734 42
37735 46
37736 15
37737 50
37738 37
37739 40
37740 29
37741 53
37742 40
37743 -6
37744 34
37745 33
37746 15
37747 -1
37748 15
37749 31
37750 36
37751 20
37752 33
37753 31
37754 39
37755 32
37756 25
37757 -5
37758 1
37759 23
37760 26
37761 57
37762 57
37763 38
37764 58
37765 61
37766 32
37767 43
37768 34
37769 94
37770 42
37771 25
37772 39
37773 22
37774 14
37775 2
37776 34
37777 12
37778 70
37779 12
37780 12
37781 33
37782 17
37783 33
37784 37
37785 33
37786 36
37787 25
37788 25
37789 43
37790 53
37791 26
37792 131
37793 14
37794 53
37795 46
37796 32
37797 24
37798 36
37799 32
37800 33
37801 47
37802 9
37803 10
37804 25
37805 29
37806 28
37807 33
37808 46
37809 21
37810 40
37811 13
37812 42
37813 32
37814 59
37815 0
37816 18
37817 50
37818 32
37819 61
37820 38
37821 28
37822 27
37823 43
37824 19
37825 40
37826 35
37827 32
37828 19
37829 11
37830 37
37831 51
37832 40
37833 29
37834 21
37835 31
37836 89
37837 65
37838 81
37839 27
37840 48
37841 57
37842 34
37843 17
37844 40
37845 34
37846 58
37847 32
37848 14
37849 43
37850 -1
37851 6
37852 44
37853 42
37854 36
37855 11
37856 36
37857 35
37858 38
37859 49
37860 42
37861 26
37862 29
37863 15
37864 62
37865 67
37866 30
37867 22
37868 22
37869 56
37870 35
37871 45
37872 94
37873 33
37874 69
37875 22
37876 42
37877 39
37878 31
37879 41
37880 16
37881 61
37882 46
37883 17
37884 45
37885 31
37886 37
37887 40
37888 23
37889 61
37890 32
37891 62
37892 62
37893 11
37894 22
37895 64
37896 41
37897 6
37898 36
37899 11
37900 69
37901 59
37902 27
37903 28
37904 67
37905 38
37906 31
37907 14
37908 27
37909 13
37910 32
37911 32
37912 34
37913 28
37914 54
37915 26
37916 28
37917 50
37918 18
37919 45
37920 30
37921 44
37922 16
37923 32
37924 22
37925 34
37926 32
37927 25
37928 37
37929 0
37930 23
37931 11
37932 46
37933 30
37934 71
37935 31
37936 23
37937 6
37938 39
37939 75
37940 50
37941 10
37942 34
37943 44
37944 47
37945 54
37946 28
37947 26
37948 67
37949 64
37950 7
37951 35
37952 16
37953 36
37954 18
37955 12
37956 23
37957 -8
37958 23
37959 10
37960 31
37961 24
37962 34
37963 -5
37964 46
37965 43
37966 57
37967 0
37968 31
37969 54
37970 22
37971 51
37972 37
37973 16
37974 21
37975 34
37976 19
37977 39
37978 7
37979 31
37980 35
37981 39
37982 29
37983 35
37984 18
37985 62
37986 10
37987 22
37988 30
37989 61
37990 39
37991 37
37992 57
37993 24
37994 11
37995 40
37996 68
37997 31
37998 30
37999 38
38000 66
38001 22
38002 21
38003 11
38004 14
38005 24
38006 8
38007 19
38008 40
38009 66
38010 40
38011 26
38012 36
38013 30
38014 20
38015 19
38016 30
38017 19
38018 68
38019 13
38020 12
38021 59
38022 16
38023 43
38024 19
38025 50
38026 28
38027 30
38028 33
38029 27
38030 39
38031 65
38032 34
38033 18
38034 36
38035 46
38036 66
38037 10
38038 34
38039 46
38040 6
38041 78
38042 25
38043 12
38044 85
38045 31
38046 -1
38047 45
38048 11
38049 35
38050 40
38051 29
38052 28
38053 41
38054 22
38055 52
38056 10
38057 43
38058 45
38059 16
38060 38
38061 34
38062 25
38063 41
38064 17
38065 3
38066 32
38067 5
38068 2
38069 18
38070 27
38071 23
38072 27
38073 39
38074 24
38075 31
38076 21
38077 7
38078 38
38079 11
38080 23
38081 31
38082 45
38083 28
38084 26
38085 21
38086 23
38087 57
38088 23
38089 27
38090 21
38091 29
38092 33
38093 82
38094 31
38095 55
38096 48
38097 39
38098 21
38099 -3
38100 17
38101 54
38102 50
38103 -3
38104 44
38105 41
38106 77
38107 77
38108 85
38109 17
38110 14
38111 12
38112 22
38113 10
38114 51
38115 83
38116 42
38117 53
38118 21
38119 83
38120 27
38121 32
38122 7
38123 33
38124 37
38125 35
38126 11
38127 6
38128 32
38129 22
38130 26
38131 28
38132 22
38133 49
38134 30
38135 21
38136 51
38137 42
38138 45
38139 45
38140 19
38141 11
38142 44
38143 1
38144 28
38145 19
38146 27
38147 78
38148 30
38149 78
38150 55
38151 6
38152 15
38153 39
38154 45
38155 -2
38156 17
38157 38
38158 35
38159 75
38160 50
38161 28
38162 31
38163 33
38164 27
38165 8
38166 55
38167 60
38168 23
38169 44
38170 54
38171 34
38172 26
38173 19
38174 9
38175 54
38176 20
38177 47
38178 14
38179 48
38180 39
38181 19
38182 40
38183 48
38184 23
38185 57
38186 34
38187 28
38188 35
38189 51
38190 19
38191 30
38192 66
38193 26
38194 5
38195 40
38196 43
38197 3
38198 19
38199 27
38200 27
38201 2
38202 38
38203 30
38204 -2
38205 6
38206 35
38207 1
38208 37
38209 23
38210 7
38211 58
38212 6
38213 11
38214 26
38215 47
38216 -5
38217 13
38218 38
38219 36
38220 74
38221 3
38222 23
38223 20
38224 57
38225 13
38226 61
38227 46
38228 32
38229 40
38230 29
38231 46
38232 48
38233 15
38234 64
38235 53
38236 36
38237 33
38238 72
38239 50
38240 47
38241 39
38242 38
38243 30
38244 38
38245 60
38246 85
38247 19
38248 23
38249 9
38250 43
38251 41
38252 67
38253 18
38254 34
38255 41
38256 32
38257 39
38258 15
38259 13
38260 69
38261 59
38262 27
38263 26
38264 37
38265 26
38266 27
38267 22
38268 15
38269 53
38270 16
38271 31
38272 52
38273 38
38274 25
38275 67
38276 13
38277 57
38278 16
38279 48
38280 41
38281 26
38282 24
38283 10
38284 47
38285 62
38286 18
38287 39
38288 39
38289 19
38290 9
38291 41
38292 42
38293 17
38294 38
38295 6
38296 33
38297 4
38298 15
38299 24
38300 35
38301 28
38302 32
38303 47
38304 16
38305 30
38306 40
38307 34
38308 35
38309 38
38310 76
38311 20
38312 28
38313 12
38314 15
38315 19
38316 7
38317 13
38318 32
38319 46
38320 48
38321 21
38322 25
38323 15
38324 30
38325 22
38326 50
38327 19
38328 51
38329 78
38330 42
38331 34
38332 59
38333 13
38334 27
38335 44
38336 40
38337 43
38338 23
38339 18
38340 10
38341 34
38342 38
38343 33
38344 17
38345 12
38346 61
38347 73
38348 86
38349 42
38350 75
38351 48
38352 35
38353 36
38354 57
38355 4
38356 30
38357 21
38358 22
38359 39
38360 69
38361 17
38362 44
38363 17
38364 41
38365 13
38366 25
38367 -1
38368 20
38369 17
38370 11
38371 43
38372 41
38373 18
38374 2
38375 -5
38376 20
38377 13
38378 24
38379 22
38380 6
38381 13
38382 19
38383 40
38384 31
38385 35
38386 34
38387 17
38388 1
38389 16
38390 20
38391 8
38392 3
38393 36
38394 83
38395 111
38396 39
38397 38
38398 61
38399 32
38400 17
38401 5
38402 35
38403 24
38404 67
38405 27
38406 22
38407 39
38408 30
38409 35
38410 20
38411 49
38412 29
38413 20
38414 31
38415 73
38416 27
38417 27
38418 24
38419 20
38420 39
38421 25
38422 48
38423 11
38424 71
38425 22
38426 25
38427 15
38428 26
38429 32
38430 45
38431 24
38432 6
38433 26
38434 10
38435 5
38436 36
38437 37
38438 40
38439 35
38440 19
38441 34
38442 32
38443 70
38444 19
38445 52
38446 2
38447 29
38448 50
38449 37
38450 15
38451 78
38452 8
38453 51
38454 34
38455 39
38456 24
38457 37
38458 53
38459 16
38460 27
38461 5
38462 50
38463 19
38464 46
38465 32
38466 41
38467 2
38468 53
38469 27
38470 38
38471 27
38472 13
38473 26
38474 69
38475 9
38476 35
38477 22
38478 31
38479 -5
38480 13
38481 28
38482 50
38483 0
38484 40
38485 42
38486 49
38487 35
38488 63
38489 35
38490 11
38491 34
38492 30
38493 34
38494 0
38495 20
38496 50
38497 45
38498 24
38499 32
38500 65
38501 28
38502 37
38503 20
38504 61
38505 38
38506 5
38507 70
38508 65
38509 54
38510 20
38511 13
38512 27
38513 16
38514 69
38515 19
38516 40
38517 22
38518 39
38519 63
38520 64
38521 20
38522 8
38523 51
38524 41
38525 32
38526 21
38527 2
38528 36
38529 22
38530 26
38531 31
38532 12
38533 16
38534 62
38535 25
38536 45
38537 16
38538 15
38539 28
38540 39
38541 39
38542 22
38543 39
38544 2
38545 13
38546 27
38547 64
38548 37
38549 52
38550 13
38551 35
38552 25
38553 26
38554 36
38555 32
38556 4
38557 13
38558 15
38559 26
38560 35
38561 3
38562 33
38563 31
38564 25
38565 8
38566 27
38567 76
38568 38
38569 50
38570 56
38571 32
38572 49
38573 37
38574 37
38575 8
38576 19
38577 33
38578 69
38579 12
38580 45
38581 25
38582 37
38583 22
38584 14
38585 30
38586 31
38587 30
38588 23
38589 92
38590 19
38591 32
38592 67
38593 6
38594 69
38595 29
38596 50
38597 40
38598 23
38599 17
38600 65
38601 43
38602 41
38603 32
38604 29
38605 20
38606 43
38607 90
38608 39
38609 30
38610 71
38611 20
38612 66
38613 43
38614 26
38615 23
38616 -4
38617 39
38618 43
38619 26
38620 10
38621 33
38622 48
38623 8
38624 27
38625 44
38626 24
38627 34
38628 39
38629 15
38630 36
38631 32
38632 25
38633 44
38634 23
38635 45
38636 14
38637 17
38638 43
38639 24
38640 46
38641 23
38642 62
38643 30
38644 8
38645 20
38646 48
38647 22
38648 8
38649 45
38650 16
38651 -1
38652 44
38653 81
38654 14
38655 23
38656 26
38657 40
38658 26
38659 22
38660 25
38661 25
38662 27
38663 20
38664 15
38665 40
38666 22
38667 34
38668 32
38669 21
38670 48
38671 39
38672 21
38673 17
38674 49
38675 13
38676 46
38677 1
38678 40
38679 56
38680 56
38681 34
38682 28
38683 48
38684 15
38685 35
38686 14
38687 2
38688 79
38689 1
38690 48
38691 33
38692 18
38693 18
38694 50
38695 39
38696 20
38697 18
38698 29
38699 38
38700 29
38701 31
38702 25
38703 51
38704 38
38705 26
38706 63
38707 101
38708 -1
38709 24
38710 47
38711 34
38712 29
38713 26
38714 41
38715 26
38716 61
38717 33
38718 63
38719 44
38720 48
38721 0
38722 31
38723 35
38724 31
38725 36
38726 68
38727 53
38728 41
38729 31
38730 26
38731 40
38732 30
38733 55
38734 32
38735 41
38736 45
38737 52
38738 24
38739 51
38740 51
38741 61
38742 15
38743 8
38744 49
38745 6
38746 6
38747 28
38748 61
38749 61
38750 -5
38751 20
38752 16
38753 57
38754 19
38755 88
38756 22
38757 53
38758 41
38759 29
38760 26
38761 36
38762 18
38763 29
38764 98
38765 43
38766 17
38767 35
38768 15
38769 37
38770 31
38771 60
38772 52
38773 39
38774 20
38775 28
38776 36
38777 52
38778 28
38779 12
38780 28
38781 26
38782 21
38783 72
38784 21
38785 51
38786 20
38787 28
38788 52
38789 31
38790 38
38791 23
38792 38
38793 12
38794 29
38795 44
38796 43
38797 10
38798 38
38799 50
38800 27
38801 11
38802 30
38803 37
38804 39
38805 16
38806 39
38807 14
38808 30
38809 28
38810 16
38811 30
38812 23
38813 21
38814 49
38815 23
38816 28
38817 10
38818 44
38819 1
38820 13
38821 30
38822 50
38823 14
38824 1
38825 5
38826 51
38827 12
38828 45
38829 40
38830 40
38831 42
38832 46
38833 36
38834 62
38835 14
38836 27
38837 10
38838 22
38839 15
38840 35
38841 19
38842 13
38843 17
38844 37
38845 39
38846 36
38847 -2
38848 34
38849 14
38850 31
38851 16
38852 17
38853 -1
38854 45
38855 13
38856 41
38857 31
38858 34
38859 19
38860 29
38861 39
38862 38
38863 18
38864 46
38865 20
38866 21
38867 29
38868 31
38869 56
38870 54
38871 41
38872 45
38873 12
38874 16
38875 54
38876 44
38877 57
38878 39
38879 52
38880 11
38881 19
38882 12
38883 25
38884 29
38885 18
38886 19
38887 40
38888 24
38889 44
38890 72
38891 43
38892 27
38893 39
38894 21
38895 16
38896 31
38897 2
38898 49
38899 16
38900 32
38901 27
38902 32
38903 22
38904 26
38905 16
38906 20
38907 35
38908 34
38909 61
38910 40
38911 17
38912 40
38913 20
38914 37
38915 59
38916 75
38917 42
38918 34
38919 46
38920 13
38921 59
38922 29
38923 80
38924 53
38925 45
38926 18
38927 30
38928 53
38929 -3
38930 55
38931 33
38932 51
38933 87
38934 22
38935 25
38936 25
38937 29
38938 49
38939 43
38940 33
38941 23
38942 40
38943 8
38944 35
38945 53
38946 -8
38947 21
38948 32
38949 46
38950 23
38951 38
38952 26
38953 28
38954 26
38955 35
38956 30
38957 31
38958 27
38959 23
38960 50
38961 9
38962 4
38963 7
38964 40
38965 8
38966 23
38967 29
38968 25
38969 8
38970 36
38971 21
38972 28
38973 31
38974 19
38975 9
38976 84
38977 14
38978 36
38979 42
38980 33
38981 39
38982 25
38983 9
38984 36
38985 64
38986 31
38987 48
38988 23
38989 21
38990 52
38991 43
38992 37
38993 32
38994 10
38995 72
38996 36
38997 56
38998 4
38999 29
39000 33
39001 20
39002 21
39003 15
39004 12
39005 52
39006 54
39007 24
39008 10
39009 10
39010 41
39011 47
39012 3
39013 37
39014 -1
39015 16
39016 18
39017 23
39018 37
39019 64
39020 36
39021 18
39022 23
39023 45
39024 37
39025 31
39026 8
39027 19
39028 42
39029 24
39030 17
39031 21
39032 28
39033 58
39034 16
39035 54
39036 20
39037 9
39038 9
39039 19
39040 13
39041 32
39042 25
39043 49
39044 37
39045 31
39046 19
39047 55
39048 12
39049 11
39050 20
39051 65
39052 9
39053 60
39054 8
39055 62
39056 82
39057 26
39058 31
39059 12
39060 28
39061 46
39062 24
39063 40
39064 48
39065 27
39066 28
39067 38
39068 40
39069 32
39070 27
39071 27
39072 57
39073 31
39074 37
39075 23
39076 46
39077 36
39078 26
39079 31
39080 5
39081 36
39082 32
39083 66
39084 45
39085 25
39086 29
39087 21
39088 39
39089 52
39090 31
39091 31
39092 7
39093 42
39094 39
39095 14
39096 56
39097 42
39098 19
39099 39
39100 24
39101 72
39102 20
39103 13
39104 1
39105 30
39106 42
39107 13
39108 19
39109 51
39110 23
39111 40
39112 20
39113 87
39114 8
39115 23
39116 26
39117 32
39118 22
39119 29
39120 59
39121 40
39122 58
39123 29
39124 33
39125 52
39126 22
39127 31
39128 45
39129 57
39130 43
39131 25
39132 35
39133 20
39134 37
39135 25
39136 34
39137 38
39138 36
39139 55
39140 22
39141 48
39142 -7
39143 29
39144 15
39145 36
39146 33
39147 50
39148 37
39149 49
39150 40
39151 3
39152 38
39153 49
39154 22
39155 32
39156 65
39157 30
39158 15
39159 23
39160 7
39161 14
39162 50
39163 5
39164 42
39165 38
39166 13
39167 16
39168 50
39169 37
39170 26
39171 10
39172 19
39173 31
39174 31
39175 42
39176 17
39177 27
39178 37
39179 29
39180 25
39181 41
39182 35
39183 46
39184 63
39185 14
39186 26
39187 24
39188 13
39189 26
39190 34
39191 23
39192 32
39193 34
39194 32
39195 17
39196 59
39197 40
39198 11
39199 2
39200 28
39201 20
39202 37
39203 46
39204 41
39205 36
39206 37
39207 28
39208 49
39209 46
39210 73
39211 50
39212 19
39213 39
39214 32
39215 19
39216 28
39217 34
39218 24
39219 48
39220 46
39221 58
39222 29
39223 18
39224 36
39225 29
39226 21
39227 51
39228 36
39229 46
39230 7
39231 16
39232 60
39233 36
39234 51
39235 24
39236 36
39237 5
39238 16
39239 38
39240 9
39241 27
39242 47
39243 14
39244 7
39245 44
39246 40
39247 25
39248 40
39249 52
39250 22
39251 33
39252 57
39253 25
39254 14
39255 15
39256 59
39257 35
39258 35
39259 44
39260 38
39261 34
39262 21
39263 36
39264 24
39265 11
39266 59
39267 22
39268 16
39269 26
39270 33
39271 26
39272 57
39273 38
39274 25
39275 41
39276 19
39277 18
39278 49
39279 23
39280 83
39281 27
39282 41
39283 8
39284 17
39285 53
39286 40
39287 58
39288 49
39289 19
39290 21
39291 21
39292 28
39293 24
39294 10
39295 29
39296 50
39297 3
39298 34
39299 29
39300 30
39301 37
39302 30
39303 34
39304 33
39305 23
39306 32
39307 33
39308 47
39309 10
39310 34
39311 59
39312 58
39313 46
39314 15
39315 27
39316 44
39317 23
39318 62
39319 16
39320 20
39321 7
39322 33
39323 14
39324 8
39325 15
39326 -2
39327 52
39328 64
39329 30
39330 18
39331 40
39332 33
39333 37
39334 29
39335 36
39336 9
39337 18
39338 47
39339 72
39340 59
39341 42
39342 25
39343 34
39344 27
39345 63
39346 29
39347 18
39348 72
39349 -3
39350 13
39351 40
39352 73
39353 12
39354 34
39355 22
39356 36
39357 29
39358 15
39359 70
39360 35
39361 31
39362 28
39363 52
39364 55
39365 40
39366 44
39367 10
39368 48
39369 43
39370 13
39371 15
39372 59
39373 42
39374 49
39375 39
39376 20
39377 12
39378 38
39379 35
39380 41
39381 23
39382 80
39383 57
39384 5
39385 38
39386 32
39387 27
39388 12
39389 51
39390 24
39391 26
39392 17
39393 12
39394 33
39395 11
39396 66
39397 39
39398 72
39399 69
39400 10
39401 39
39402 35
39403 29
39404 32
39405 24
39406 17
39407 23
39408 4
39409 45
39410 41
39411 15
39412 38
39413 15
39414 28
39415 31
39416 30
39417 16
39418 56
39419 25
39420 22
39421 42
39422 -1
39423 35
39424 34
39425 27
39426 34
39427 49
39428 32
39429 87
39430 28
39431 34
39432 19
39433 39
39434 38
39435 12
39436 46
39437 31
39438 20
39439 28
39440 28
39441 52
39442 20
39443 38
39444 5
39445 20
39446 28
39447 22
39448 29
39449 43
39450 29
39451 33
39452 34
39453 26
39454 30
39455 -13
39456 24
39457 28
39458 27
39459 8
39460 -2
39461 33
39462 52
39463 9
39464 14
39465 47
39466 13
39467 41
39468 24
39469 41
39470 0
39471 45
39472 5
39473 27
39474 24
39475 28
39476 21
39477 14
39478 14
39479 15
39480 40
39481 70
39482 12
39483 79
39484 54
39485 20
39486 34
39487 17
39488 46
39489 23
39490 41
39491 8
39492 6
39493 30
39494 30
39495 72
39496 65
39497 11
39498 66
39499 24
39500 38
39501 27
39502 32
39503 25
39504 20
39505 8
39506 4
39507 20
39508 20
39509 72
39510 33
39511 33
39512 -4
39513 53
39514 82
39515 21
39516 38
39517 9
39518 41
39519 29
39520 32
39521 41
39522 29
39523 57
39524 38
39525 26
39526 32
39527 55
39528 45
39529 38
39530 38
39531 45
39532 37
39533 43
39534 23
39535 29
39536 30
39537 20
39538 77
39539 33
39540 12
39541 26
39542 25
39543 37
39544 20
39545 50
39546 37
39547 9
39548 46
39549 27
39550 16
39551 53
39552 24
39553 27
39554 39
39555 13
39556 36
39557 40
39558 38
39559 29
39560 58
39561 24
39562 30
39563 10
39564 81
39565 47
39566 34
39567 0
39568 23
39569 -3
39570 49
39571 48
39572 18
39573 -6
39574 41
39575 23
39576 33
39577 64
39578 42
39579 27
39580 33
39581 22
39582 20
39583 41
39584 34
39585 42
39586 41
39587 24
39588 9
39589 24
39590 15
39591 35
39592 38
39593 8
39594 23
39595 28
39596 2
39597 28
39598 33
39599 49
39600 22
39601 40
39602 14
39603 30
39604 18
39605 -1
39606 33
39607 16
39608 39
39609 9
39610 30
39611 63
39612 16
39613 25
39614 49
39615 25
39616 20
39617 17
39618 23
39619 26
39620 26
39621 34
39622 21
39623 68
39624 35
39625 52
39626 56
39627 23
39628 25
39629 9
39630 47
39631 9
39632 32
39633 75
39634 25
39635 41
39636 17
39637 -5
39638 29
39639 28
39640 28
39641 16
39642 54
39643 19
39644 65
39645 35
39646 24
39647 26
39648 48
39649 23
39650 21
39651 40
39652 30
39653 35
39654 70
39655 9
39656 33
39657 15
39658 34
39659 74
39660 56
39661 -4
39662 12
39663 34
39664 34
39665 11
39666 22
39667 36
39668 6
39669 27
39670 56
39671 48
39672 16
39673 30
39674 25
39675 25
39676 28
39677 29
39678 12
39679 20
39680 102
39681 18
39682 19
39683 27
39684 43
39685 32
39686 18
39687 27
39688 29
39689 20
39690 17
39691 35
39692 14
39693 23
39694 9
39695 44
39696 30
39697 8
39698 71
39699 12
39700 11
39701 26
39702 33
39703 36
39704 67
39705 23
39706 41
39707 -2
39708 73
39709 64
39710 19
39711 44
39712 35
39713 33
39714 24
39715 24
39716 33
39717 10
39718 56
39719 61
39720 -4
39721 21
39722 38
39723 34
39724 50
39725 30
39726 16
39727 10
39728 59
39729 2
39730 11
39731 28
39732 25
39733 6
39734 22
39735 39
39736 69
39737 15
39738 42
39739 45
39740 23
39741 49
39742 16
39743 26
39744 38
39745 20
39746 39
39747 59
39748 56
39749 36
39750 26
39751 31
39752 15
39753 35
39754 18
39755 41
39756 33
39757 53
39758 47
39759 28
39760 75
39761 61
39762 30
39763 48
39764 5
39765 27
39766 28
39767 6
39768 25
39769 94
39770 24
39771 19
39772 5
39773 29
39774 26
39775 39
39776 24
39777 38
39778 21
39779 18
39780 39
39781 33
39782 44
39783 29
39784 36
39785 26
39786 50
39787 -1
39788 108
39789 24
39790 27
39791 26
39792 39
39793 25
39794 28
39795 15
39796 10
39797 22
39798 69
39799 9
39800 37
39801 10
39802 72
39803 35
39804 59
39805 32
39806 18
39807 77
39808 29
39809 51
39810 50
39811 14
39812 43
39813 16
39814 43
39815 32
39816 49
39817 31
39818 44
39819 10
39820 39
39821 60
39822 11
39823 26
39824 52
39825 26
39826 9
39827 22
39828 29
39829 7
39830 24
39831 30
39832 18
39833 17
39834 43
39835 29
39836 5
39837 23
39838 43
39839 31
39840 8
39841 29
39842 24
39843 42
39844 40
39845 56
39846 46
39847 20
39848 5
39849 7
39850 34
39851 40
39852 25
39853 23
39854 33
39855 27
39856 22
39857 23
39858 49
39859 18
39860 36
39861 12
39862 71
39863 45
39864 52
39865 28
39866 20
39867 39
39868 41
39869 26
39870 19
39871 67
39872 45
39873 61
39874 92
39875 29
39876 15
39877 47
39878 82
39879 10
39880 61
39881 19
39882 49
39883 38
39884 -10
39885 37
39886 14
39887 14
39888 50
39889 25
39890 10
39891 41
39892 5
39893 26
39894 60
39895 43
39896 8
39897 15
39898 38
39899 23
39900 8
39901 35
39902 23
39903 23
39904 33
39905 4
39906 46
39907 47
39908 30
39909 64
39910 18
39911 15
39912 37
39913 40
39914 24
39915 7
39916 40
39917 2
39918 1
39919 32
39920 15
39921 50
39922 35
39923 66
39924 1
39925 43
39926 20
39927 10
39928 18
39929 3
39930 41
39931 40
39932 5
39933 22
39934 40
39935 38
39936 9
39937 45
39938 18
39939 7
39940 34
39941 53
39942 73
39943 17
39944 33
39945 36
39946 19
39947 -3
39948 18
39949 27
39950 49
39951 1
39952 39
39953 35
39954 43
39955 32
39956 30
39957 41
39958 54
39959 46
39960 -2
39961 33
39962 12
39963 23
39964 23
39965 12
39966 27
39967 21
39968 19
39969 25
39970 35
39971 16
39972 47
39973 23
39974 42
39975 54
39976 28
39977 28
39978 22
39979 26
39980 54
39981 22
39982 18
39983 49
39984 16
39985 16
39986 39
39987 15
39988 27
39989 51
39990 46
39991 51
39992 36
39993 15
39994 0
39995 24
39996 24
39997 26
39998 19
39999 29
40000 25
40001 35
40002 30
40003 40
40004 66
40005 54
40006 5
40007 7
40008 29
40009 61
40010 6
40011 12
40012 69
40013 49
40014 52
40015 23
40016 34
40017 63
40018 32
40019 50
40020 52
40021 55
40022 33
40023 94
40024 51
40025 12
40026 43
40027 30
40028 16
40029 26
40030 29
40031 35
40032 51
40033 10
40034 32
40035 9
40036 4
40037 5
40038 44
40039 56
40040 41
40041 40
40042 76
40043 14
40044 38
40045 11
40046 8
40047 8
40048 3
40049 76
40050 20
40051 16
40052 31
40053 19
40054 27
40055 69
40056 73
40057 40
40058 13
40059 58
40060 33
40061 20
40062 24
40063 63
40064 4
40065 33
40066 28
40067 2
40068 64
40069 66
40070 51
40071 18
40072 65
40073 38
40074 42
40075 57
40076 21
40077 14
40078 14
40079 70
40080 26
40081 5
40082 26
40083 -3
40084 7
40085 28
40086 41
40087 59
40088 26
40089 -5
40090 35
40091 18
40092 53
40093 30
40094 15
40095 31
40096 -9
40097 53
40098 13
40099 28
40100 37
40101 27
40102 36
40103 62
40104 55
40105 44
40106 7
40107 42
40108 40
40109 28
40110 30
40111 47
40112 12
40113 27
40114 35
40115 6
40116 8
40117 21
40118 69
40119 54
40120 29
40121 65
40122 14
40123 55
40124 42
40125 20
40126 64
40127 28
40128 26
40129 22
40130 10
40131 42
40132 51
40133 14
40134 29
40135 29
40136 17
40137 27
40138 18
40139 42
40140 89
40141 54
40142 9
40143 30
40144 29
40145 26
40146 41
40147 60
40148 22
40149 10
40150 13
40151 31
40152 8
40153 74
40154 35
40155 70
40156 34
40157 56
40158 35
40159 18
40160 21
40161 54
40162 38
40163 30
40164 28
40165 39
40166 24
40167 19
40168 25
40169 46
40170 21
40171 41
40172 30
40173 -5
40174 49
40175 22
40176 20
40177 4
40178 32
40179 41
40180 35
40181 36
40182 27
40183 39
40184 18
40185 3
40186 33
40187 -7
40188 31
40189 49
40190 70
40191 33
40192 33
40193 17
40194 33
40195 26
40196 69
40197 20
40198 41
40199 53
40200 42
40201 66
40202 53
40203 31
40204 14
40205 26
40206 31
40207 46
40208 2
40209 31
40210 26
40211 11
40212 28
40213 28
40214 58
40215 3
40216 28
40217 22
40218 38
40219 27
40220 30
40221 8
40222 30
40223 10
40224 -12
40225 41
40226 19
40227 36
40228 36
40229 23
40230 40
40231 14
40232 14
40233 30
40234 18
40235 -2
40236 40
40237 2
40238 12
40239 60
40240 -1
40241 40
40242 33
40243 30
40244 81
40245 38
40246 12
40247 43
40248 30
40249 9
40250 77
40251 52
40252 32
40253 13
40254 23
40255 14
40256 64
40257 27
40258 32
40259 14
40260 34
40261 45
40262 44
40263 22
40264 32
40265 -7
40266 34
40267 17
40268 58
40269 55
40270 53
40271 11
40272 47
40273 9
40274 39
40275 24
40276 57
40277 -1
40278 18
40279 13
40280 31
40281 44
40282 49
40283 37
40284 6
40285 38
40286 23
40287 17
40288 24
40289 34
40290 42
40291 70
40292 22
40293 66
40294 39
40295 19
40296 43
40297 42
40298 25
40299 35
40300 23
40301 81
40302 24
40303 19
40304 7
40305 30
40306 36
40307 27
40308 47
40309 28
40310 28
40311 36
40312 25
40313 11
40314 25
40315 47
40316 42
40317 76
40318 38
40319 63
40320 75
40321 39
40322 59
40323 40
40324 30
40325 32
40326 39
40327 35
40328 12
40329 13
40330 29
40331 104
40332 13
40333 39
40334 12
40335 40
40336 0
40337 77
40338 23
40339 61
40340 29
40341 13
40342 48
40343 73
40344 19
40345 41
40346 24
40347 8
40348 22
40349 38
40350 23
40351 14
40352 24
40353 68
40354 21
40355 31
40356 9
40357 67
40358 26
40359 23
40360 12
40361 24
40362 33
40363 55
40364 28
40365 27
40366 71
40367 30
40368 30
40369 36
40370 37
40371 26
40372 28
40373 53
40374 14
40375 60
40376 31
40377 36
40378 17
40379 84
40380 108
40381 47
40382 45
40383 38
40384 6
40385 14
40386 2
40387 13
40388 25
40389 57
40390 22
40391 37
40392 29
40393 27
40394 40
40395 43
40396 39
40397 48
40398 64
40399 30
40400 31
40401 21
40402 8
40403 21
40404 39
40405 33
40406 18
40407 38
40408 46
40409 36
40410 50
40411 26
40412 79
40413 28
40414 8
40415 24
40416 22
40417 49
40418 41
40419 52
40420 49
40421 94
40422 23
40423 16
40424 39
40425 16
40426 29
40427 17
40428 18
40429 42
40430 24
40431 43
40432 -8
40433 44
40434 37
40435 25
40436 26
40437 31
40438 27
40439 60
40440 96
40441 -4
40442 34
40443 34
40444 11
40445 48
40446 24
40447 19
40448 50
40449 37
40450 33
40451 27
40452 87
40453 16
40454 13
40455 17
40456 10
40457 29
40458 23
40459 35
40460 18
40461 55
40462 44
40463 42
40464 66
40465 13
40466 16
40467 8
40468 23
40469 13
40470 -7
40471 72
40472 16
40473 23
40474 74
40475 18
40476 42
40477 35
40478 3
40479 39
40480 20
40481 31
40482 22
40483 34
40484 19
40485 -9
40486 67
40487 50
40488 3
40489 50
40490 22
40491 8
40492 31
40493 32
40494 30
40495 32
40496 20
40497 59
40498 -3
40499 49
40500 10
40501 82
40502 26
40503 44
40504 22
40505 34
40506 40
40507 23
40508 5
40509 77
40510 23
40511 36
40512 45
40513 22
40514 23
40515 8
40516 72
40517 21
40518 31
40519 13
40520 51
40521 25
40522 20
40523 38
40524 50
40525 13
40526 36
40527 32
40528 21
40529 23
40530 27
40531 55
40532 51
40533 19
40534 64
40535 40
40536 53
40537 18
40538 78
40539 38
40540 68
40541 49
40542 45
40543 18
40544 25
40545 30
40546 51
40547 58
40548 36
40549 53
40550 41
40551 13
40552 48
40553 14
40554 55
40555 55
40556 18
40557 23
40558 41
40559 34
40560 9
40561 21
40562 17
40563 45
40564 36
40565 16
40566 25
40567 12
40568 32
40569 36
40570 13
40571 13
40572 23
40573 43
40574 19
40575 17
40576 29
40577 5
40578 18
40579 71
40580 23
40581 63
40582 11
40583 35
40584 50
40585 26
40586 29
40587 84
40588 26
40589 32
40590 19
40591 2
40592 45
40593 32
40594 29
40595 17
40596 52
40597 31
40598 41
40599 29
40600 48
40601 12
40602 30
40603 21
40604 18
40605 24
40606 20
40607 39
40608 62
40609 42
40610 57
40611 41
40612 6
40613 70
40614 3
40615 46
40616 35
40617 8
40618 19
40619 40
40620 22
40621 56
40622 33
40623 76
40624 23
40625 20
40626 23
40627 33
40628 7
40629 26
40630 8
40631 18
40632 25
40633 36
40634 46
40635 31
40636 43
40637 32
40638 51
40639 19
40640 12
40641 52
40642 35
40643 55
40644 44
40645 68
40646 95
40647 37
40648 19
40649 19
40650 65
40651 7
40652 51
40653 58
40654 50
40655 43
40656 54
40657 7
40658 42
40659 11
40660 19
40661 16
40662 41
40663 17
40664 39
40665 45
40666 4
40667 48
40668 36
40669 36
40670 5
40671 31
40672 18
40673 43
40674 25
40675 40
40676 8
40677 59
40678 9
40679 25
40680 55
40681 37
40682 39
40683 12
40684 65
40685 16
40686 17
40687 30
40688 25
40689 30
40690 9
40691 39
40692 25
40693 40
40694 5
40695 28
40696 10
40697 41
40698 22
40699 22
40700 33
40701 30
40702 52
40703 17
40704 14
40705 11
40706 23
40707 6
40708 9
40709 39
40710 39
40711 30
40712 33
40713 46
40714 40
40715 5
40716 24
40717 14
40718 14
40719 28
40720 27
40721 28
40722 21
40723 35
40724 73
40725 25
40726 25
40727 20
40728 37
40729 12
40730 43
40731 25
40732 44
40733 16
40734 23
40735 52
40736 15
40737 37
40738 55
40739 23
40740 38
40741 36
40742 30
40743 20
40744 55
40745 49
40746 -3
40747 16
40748 37
40749 46
40750 14
40751 20
40752 56
40753 13
40754 36
40755 24
40756 48
40757 11
40758 17
40759 13
40760 40
40761 28
40762 3
40763 42
40764 11
40765 26
40766 11
40767 33
40768 23
40769 5
40770 20
40771 28
40772 51
40773 14
40774 22
40775 29
40776 46
40777 17
40778 16
40779 67
40780 10
40781 15
40782 68
40783 23
40784 20
40785 41
40786 36
40787 12
40788 26
40789 22
40790 25
40791 33
40792 62
40793 78
40794 44
40795 67
40796 16
40797 11
40798 28
40799 13
40800 29
40801 48
40802 35
40803 39
40804 -2
40805 22
40806 30
40807 64
40808 22
40809 24
40810 65
40811 31
40812 29
40813 15
40814 92
40815 0
40816 37
40817 18
40818 8
40819 -5
40820 13
40821 40
40822 86
40823 33
40824 32
40825 7
40826 29
40827 48
40828 10
40829 26
40830 2
40831 30
40832 13
40833 13
40834 43
40835 15
40836 28
40837 50
40838 6
40839 50
40840 27
40841 22
40842 20
40843 -4
40844 17
40845 10
40846 16
40847 13
40848 45
40849 37
40850 20
40851 35
40852 -10
40853 14
40854 14
40855 20
40856 21
40857 1
40858 45
40859 34
40860 26
40861 12
40862 20
40863 21
40864 8
40865 25
40866 9
40867 57
40868 17
40869 -3
40870 18
40871 33
40872 15
40873 23
40874 51
40875 17
40876 20
40877 28
40878 22
40879 41
40880 24
40881 44
40882 60
40883 73
40884 32
40885 16
40886 32
40887 45
40888 4
40889 17
40890 15
40891 36
40892 15
40893 45
40894 31
40895 9
40896 24
40897 32
40898 -7
40899 14
40900 52
40901 20
40902 9
40903 15
40904 74
40905 25
40906 35
40907 41
40908 26
40909 -7
40910 27
40911 55
40912 17
40913 22
40914 5
40915 39
40916 12
40917 16
40918 31
40919 24
40920 34
40921 38
40922 7
40923 20
40924 9
40925 47
40926 49
40927 23
40928 12
40929 22
40930 9
40931 26
40932 26
40933 20
40934 46
40935 22
40936 -16
40937 13
40938 21
40939 41
40940 66
40941 12
40942 28
40943 61
40944 56
40945 36
40946 10
40947 30
40948 36
40949 19
40950 48
40951 29
40952 50
40953 49
40954 46
40955 56
40956 22
40957 14
40958 26
40959 49
40960 2
40961 27
40962 55
40963 13
40964 62
40965 50
40966 12
40967 39
40968 32
40969 36
40970 48
40971 40
40972 33
40973 41
40974 43
40975 21
40976 34
40977 4
40978 16
40979 15
40980 35
40981 19
40982 30
40983 35
40984 72
40985 3
40986 37
40987 48
40988 8
40989 37
40990 46
40991 43
40992 6
40993 54
40994 12
40995 43
40996 26
40997 68
40998 30
40999 14
41000 33
41001 29
41002 40
41003 38
41004 27
41005 16
41006 35
41007 20
41008 14
41009 19
41010 20
41011 58
41012 45
41013 37
41014 44
41015 59
41016 54
41017 56
41018 7
41019 40
41020 42
41021 41
41022 47
41023 13
41024 2
41025 18
41026 16
41027 32
41028 28
41029 23
41030 40
41031 51
41032 25
41033 42
41034 31
41035 57
41036 10
41037 2
41038 21
41039 17
41040 41
41041 6
41042 57
41043 53
41044 -1
41045 14
41046 44
41047 15
41048 12
41049 36
41050 46
41051 63
41052 53
41053 32
41054 34
41055 61
41056 48
41057 27
41058 11
41059 19
41060 14
41061 16
41062 43
41063 27
41064 56
41065 17
41066 33
41067 34
41068 37
41069 29
41070 22
41071 50
41072 40
41073 42
41074 44
41075 33
41076 16
41077 32
41078 41
41079 10
41080 48
41081 36
41082 22
41083 49
41084 57
41085 20
41086 33
41087 65
41088 11
41089 6
41090 1
41091 6
41092 34
41093 67
41094 36
41095 24
41096 -1
41097 31
41098 17
41099 39
41100 10
41101 82
41102 36
41103 28
41104 15
41105 26
41106 75
41107 38
41108 11
41109 54
41110 15
41111 23
41112 -11
41113 6
41114 31
41115 32
41116 16
41117 38
41118 33
41119 37
41120 31
41121 15
41122 45
41123 31
41124 7
41125 27
41126 8
41127 39
41128 15
41129 62
41130 13
41131 47
41132 35
41133 -3
41134 57
41135 16
41136 38
41137 48
41138 37
41139 14
41140 34
41141 26
41142 48
41143 30
41144 50
41145 39
41146 46
41147 24
41148 27
41149 17
41150 13
41151 64
41152 12
41153 14
41154 20
41155 65
41156 19
41157 23
41158 11
41159 28
41160 21
41161 36
41162 31
41163 83
41164 80
41165 26
41166 22
41167 28
41168 19
41169 39
41170 27
41171 93
41172 60
41173 25
41174 27
41175 21
41176 17
41177 31
41178 41
41179 13
41180 86
41181 15
41182 63
41183 48
41184 40
41185 0
41186 28
41187 41
41188 35
41189 33
41190 24
41191 28
41192 58
41193 45
41194 23
41195 17
41196 38
41197 71
41198 6
41199 7
41200 10
41201 39
41202 38
41203 6
41204 27
41205 13
41206 24
41207 59
41208 30
41209 73
41210 27
41211 34
41212 8
41213 27
41214 12
41215 65
41216 52
41217 113
41218 -10
41219 31
41220 55
41221 54
41222 78
41223 9
41224 28
41225 34
41226 34
41227 31
41228 20
41229 44
41230 60
41231 35
41232 5
41233 35
41234 33
41235 21
41236 6
41237 46
41238 30
41239 17
41240 83
41241 7
41242 118
41243 62
41244 69
41245 16
41246 32
41247 39
41248 17
41249 24
41250 19
41251 20
41252 66
41253 7
41254 13
41255 25
41256 23
41257 20
41258 31
41259 17
41260 26
41261 27
41262 6
41263 33
41264 5
41265 48
41266 29
41267 24
41268 25
41269 17
41270 39
41271 50
41272 31
41273 40
41274 55
41275 41
41276 56
41277 74
41278 56
41279 24
41280 14
41281 16
41282 44
41283 37
41284 11
41285 20
41286 45
41287 34
41288 17
41289 12
41290 5
41291 37
41292 40
41293 29
41294 18
41295 11
41296 45
41297 16
41298 28
41299 21
41300 59
41301 30
41302 71
41303 43
41304 57
41305 45
41306 14
41307 16
41308 13
41309 22
41310 40
41311 14
41312 10
41313 19
41314 47
41315 39
41316 4
41317 44
41318 25
41319 22
41320 4
41321 39
41322 60
41323 32
41324 17
41325 50
41326 41
41327 23
41328 24
41329 7
41330 57
41331 10
41332 65
41333 11
41334 39
41335 15
41336 25
41337 23
41338 21
41339 36
41340 91
41341 37
41342 63
41343 44
41344 23
41345 21
41346 9
41347 20
41348 20
41349 22
41350 48
41351 18
41352 7
41353 27
41354 9
41355 46
41356 28
41357 39
41358 37
41359 -2
41360 37
41361 5
41362 7
41363 31
41364 39
41365 25
41366 46
41367 56
41368 60
41369 11
41370 40
41371 -3
41372 5
41373 42
41374 42
41375 7
41376 54
41377 18
41378 26
41379 35
41380 27
41381 11
41382 18
41383 12
41384 18
41385 57
41386 10
41387 20
41388 43
41389 72
41390 17
41391 46
41392 40
41393 -2
41394 48
41395 20
41396 37
41397 93
41398 2
41399 36
41400 49
41401 7
41402 26
41403 34
41404 25
41405 27
41406 29
41407 24
41408 36
41409 31
41410 24
41411 15
41412 13
41413 69
41414 26
41415 15
41416 36
41417 28
41418 4
41419 28
41420 26
41421 -2
41422 13
41423 26
41424 10
41425 25
41426 10
41427 33
41428 20
41429 30
41430 15
41431 65
41432 35
41433 21
41434 22
41435 26
41436 8
41437 31
41438 59
41439 39
41440 22
41441 32
41442 18
41443 23
41444 49
41445 36
41446 25
41447 34
41448 31
41449 42
41450 43
41451 4
41452 30
41453 86
41454 66
41455 78
41456 26
41457 24
41458 10
41459 31
41460 -6
41461 44
41462 22
41463 5
41464 48
41465 31
41466 15
41467 77
41468 63
41469 32
41470 -9
41471 61
41472 25
41473 44
41474 44
41475 5
41476 61
41477 40
41478 34
41479 57
41480 70
41481 28
41482 36
41483 41
41484 55
41485 74
41486 45
41487 68
41488 22
41489 58
41490 25
41491 48
41492 23
41493 31
41494 1
41495 12
41496 70
41497 19
41498 27
41499 58
41500 25
41501 17
41502 56
41503 44
41504 -1
41505 -2
41506 32
41507 36
41508 33
41509 26
41510 24
41511 30
41512 53
41513 23
41514 32
41515 75
41516 34
41517 33
41518 17
41519 61
41520 24
41521 10
41522 8
41523 68
41524 11
41525 73
41526 50
41527 -3
41528 55
41529 30
41530 36
41531 10
41532 22
41533 47
41534 20
41535 15
41536 26
41537 31
41538 30
41539 15
41540 19
41541 44
41542 45
41543 49
41544 13
41545 1
41546 59
41547 33
41548 16
41549 48
41550 15
41551 41
41552 39
41553 39
41554 38
41555 28
41556 31
41557 6
41558 8
41559 32
41560 45
41561 27
41562 46
41563 44
41564 22
41565 8
41566 19
41567 16
41568 36
41569 11
41570 25
41571 34
41572 18
41573 57
41574 31
41575 27
41576 18
41577 30
41578 62
41579 47
41580 52
41581 21
41582 57
41583 21
41584 25
41585 29
41586 36
41587 30
41588 29
41589 13
41590 10
41591 25
41592 69
41593 40
41594 34
41595 61
41596 36
41597 33
41598 32
41599 18
41600 19
41601 26
41602 12
41603 23
41604 32
41605 16
41606 17
41607 37
41608 61
41609 6
41610 17
41611 65
41612 46
41613 52
41614 53
41615 31
41616 21
41617 22
41618 10
41619 0
41620 55
41621 0
41622 34
41623 47
41624 21
41625 28
41626 42
41627 27
41628 71
41629 30
41630 50
41631 35
41632 48
41633 29
41634 1
41635 7
41636 25
41637 43
41638 16
41639 -7
41640 17
41641 5
41642 60
41643 40
41644 33
41645 8
41646 12
41647 23
41648 30
41649 27
41650 47
41651 19
41652 16
41653 40
41654 31
41655 24
41656 17
41657 34
41658 40
41659 37
41660 33
41661 70
41662 6
41663 34
41664 16
41665 27
41666 14
41667 58
41668 31
41669 24
41670 31
41671 13
41672 41
41673 15
41674 76
41675 39
41676 34
41677 25
41678 44
41679 11
41680 29
41681 69
41682 63
41683 39
41684 70
41685 12
41686 9
41687 32
41688 22
41689 46
41690 23
41691 16
41692 15
41693 14
41694 67
41695 30
41696 38
41697 24
41698 28
41699 15
41700 20
41701 36
41702 12
41703 81
41704 8
41705 -4
41706 20
41707 20
41708 34
41709 12
41710 22
41711 66
41712 27
41713 2
41714 61
41715 68
41716 30
41717 27
41718 29
41719 23
41720 28
41721 15
41722 45
41723 19
41724 17
41725 33
41726 23
41727 28
41728 43
41729 32
41730 41
41731 17
41732 42
41733 30
41734 38
41735 48
41736 10
41737 38
41738 28
41739 37
41740 7
41741 27
41742 53
41743 32
41744 44
41745 51
41746 38
41747 22
41748 30
41749 10
41750 33
41751 28
41752 10
41753 53
41754 30
41755 25
41756 46
41757 77
41758 108
41759 34
41760 67
41761 60
41762 70
41763 48
41764 59
41765 51
41766 20
41767 28
41768 27
41769 12
41770 15
41771 67
41772 40
41773 19
41774 26
41775 57
41776 42
41777 69
41778 30
41779 32
41780 66
41781 28
41782 19
41783 14
41784 35
41785 25
41786 15
41787 47
41788 21
41789 109
41790 43
41791 4
41792 16
41793 16
41794 23
41795 61
41796 37
41797 48
41798 39
41799 25
41800 16
41801 23
41802 3
41803 9
41804 53
41805 37
41806 30
41807 30
41808 9
41809 26
41810 56
41811 16
41812 30
41813 58
41814 16
41815 36
41816 32
41817 31
41818 38
41819 38
41820 42
41821 13
41822 88
41823 -1
41824 70
41825 12
41826 32
41827 41
41828 34
41829 28
41830 31
41831 30
41832 35
41833 35
41834 55
41835 32
41836 19
41837 23
41838 35
41839 48
41840 19
41841 28
41842 11
41843 16
41844 59
41845 22
41846 11
41847 6
41848 28
41849 4
41850 34
41851 33
41852 62
41853 17
41854 10
41855 39
41856 35
41857 31
41858 21
41859 33
41860 18
41861 49
41862 37
41863 41
41864 49
41865 28
41866 31
41867 21
41868 23
41869 5
41870 93
41871 68
41872 20
41873 13
41874 39
41875 35
41876 28
41877 38
41878 22
41879 35
41880 -8
41881 17
41882 43
41883 6
41884 22
41885 36
41886 36
41887 39
41888 33
41889 44
41890 25
41891 61
41892 -8
41893 23
41894 56
41895 28
41896 22
41897 19
41898 32
41899 30
41900 15
41901 17
41902 49
41903 9
41904 31
41905 29
41906 32
41907 24
41908 47
41909 49
41910 53
41911 95
41912 17
41913 11
41914 13
41915 15
41916 19
41917 46
41918 20
41919 21
41920 27
41921 44
41922 33
41923 18
41924 46
41925 8
41926 18
41927 15
41928 30
41929 22
41930 30
41931 28
41932 24
41933 15
41934 19
41935 47
41936 35
41937 23
41938 110
41939 14
41940 43
41941 32
41942 63
41943 23
41944 49
41945 57
41946 25
41947 18
41948 51
41949 9
41950 57
41951 10
41952 29
41953 9
41954 34
41955 25
41956 35
41957 2
41958 51
41959 -4
41960 15
41961 21
41962 27
41963 37
41964 35
41965 38
41966 47
41967 7
41968 14
41969 67
41970 17
41971 30
41972 35
41973 35
41974 18
41975 26
41976 46
41977 35
41978 19
41979 16
41980 48
41981 35
41982 32
41983 23
41984 30
41985 21
41986 31
41987 47
41988 38
41989 31
41990 55
41991 21
41992 16
41993 22
41994 23
41995 7
41996 9
41997 4
41998 37
41999 31
42000 39
42001 27
42002 45
42003 7
42004 1
42005 23
42006 70
42007 25
42008 48
42009 49
42010 26
42011 28
42012 57
42013 -4
42014 4
42015 14
42016 50
42017 19
42018 26
42019 6
42020 32
42021 22
42022 22
42023 20
42024 0
42025 14
42026 15
42027 34
42028 58
42029 35
42030 16
42031 13
42032 -2
42033 14
42034 35
42035 -3
42036 34
42037 22
42038 16
42039 12
42040 10
42041 55
42042 31
42043 40
42044 38
42045 36
42046 59
42047 33
42048 30
42049 17
42050 24
42051 21
42052 49
42053 42
42054 11
42055 80
42056 54
42057 33
42058 54
42059 29
42060 5
42061 19
42062 35
42063 40
42064 76
42065 34
42066 66
42067 46
42068 15
42069 34
42070 45
42071 22
42072 38
42073 51
42074 23
42075 14
42076 29
42077 44
42078 57
42079 24
42080 42
42081 65
42082 17
42083 18
42084 18
42085 19
42086 43
42087 48
42088 35
42089 28
42090 19
42091 12
42092 44
42093 46
42094 35
42095 7
42096 38
42097 20
42098 32
42099 23
42100 9
42101 38
42102 83
42103 49
42104 34
42105 46
42106 -11
42107 28
42108 67
42109 9
42110 7
42111 27
42112 47
42113 27
42114 40
42115 47
42116 27
42117 33
42118 33
42119 10
42120 49
42121 43
42122 21
42123 34
42124 13
42125 50
42126 35
42127 42
42128 12
42129 65
42130 47
42131 25
42132 21
42133 23
42134 26
42135 17
42136 37
42137 66
42138 26
42139 23
42140 46
42141 28
42142 28
42143 33
42144 62
42145 9
42146 33
42147 76
42148 20
42149 32
42150 40
42151 26
42152 15
42153 28
42154 20
42155 34
42156 27
42157 -5
42158 35
42159 25
42160 87
42161 30
42162 39
42163 0
42164 19
42165 34
42166 39
42167 -12
42168 34
42169 49
42170 74
42171 17
42172 48
42173 36
42174 -2
42175 60
42176 12
42177 33
42178 36
42179 13
42180 50
42181 33
42182 1
42183 29
42184 38
42185 41
42186 19
42187 23
42188 23
42189 38
42190 48
42191 20
42192 4
42193 34
42194 26
42195 23
42196 24
42197 37
42198 27
42199 31
42200 25
42201 20
42202 41
42203 0
42204 32
42205 23
42206 7
42207 13
42208 54
42209 28
42210 3
42211 19
42212 16
42213 10
42214 66
42215 72
42216 81
42217 18
42218 24
42219 38
42220 40
42221 12
42222 13
42223 25
42224 38
42225 22
42226 16
42227 34
42228 35
42229 21
42230 18
42231 29
42232 31
42233 69
42234 33
42235 32
42236 32
42237 46
42238 15
42239 34
42240 16
42241 1
42242 17
42243 41
42244 13
42245 55
42246 29
42247 17
42248 23
42249 22
42250 79
42251 37
42252 5
42253 21
42254 81
42255 18
42256 50
42257 34
42258 43
42259 27
42260 10
42261 18
42262 23
42263 38
42264 45
42265 8
42266 37
42267 13
42268 63
42269 19
42270 60
42271 36
42272 36
42273 17
42274 84
42275 34
42276 44
42277 56
42278 20
42279 20
42280 34
42281 46
42282 33
42283 48
42284 17
42285 47
42286 66
42287 14
42288 36
42289 29
42290 1
42291 33
42292 65
42293 50
42294 27
42295 12
42296 49
42297 5
42298 13
42299 30
42300 31
42301 50
42302 42
42303 44
42304 27
42305 31
42306 14
42307 34
42308 1
42309 52
42310 11
42311 40
42312 11
42313 10
42314 -2
42315 25
42316 35
42317 0
42318 2
42319 34
42320 28
42321 35
42322 -5
42323 49
42324 50
42325 42
42326 16
42327 29
42328 16
42329 36
42330 15
42331 26
42332 21
42333 17
42334 17
42335 -2
42336 54
42337 35
42338 22
42339 20
42340 56
42341 35
42342 49
42343 31
42344 4
42345 15
42346 44
42347 48
42348 30
42349 -3
42350 50
42351 39
42352 63
42353 20
42354 14
42355 61
42356 13
42357 54
42358 42
42359 27
42360 54
42361 29
42362 19
42363 -2
42364 61
42365 32
42366 21
42367 22
42368 63
42369 33
42370 35
42371 22
42372 26
42373 18
42374 23
42375 32
42376 20
42377 36
42378 2
42379 6
42380 25
42381 10
42382 57
42383 18
42384 76
42385 25
42386 43
42387 30
42388 -5
42389 51
42390 21
42391 36
42392 45
42393 29
42394 29
42395 60
42396 29
42397 71
42398 62
42399 35
42400 85
42401 16
42402 43
42403 18
42404 8
42405 74
42406 7
42407 18
42408 48
42409 103
42410 20
42411 48
42412 14
42413 40
42414 30
42415 21
42416 27
42417 29
42418 24
42419 12
42420 3
42421 70
42422 33
42423 24
42424 14
42425 50
42426 82
42427 32
42428 81
42429 12
42430 24
42431 -4
42432 1
42433 35
42434 63
42435 40
42436 33
42437 72
42438 36
42439 42
42440 22
42441 26
42442 57
42443 16
42444 27
42445 56
42446 59
42447 15
42448 20
42449 24
42450 44
42451 20
42452 36
42453 87
42454 1
42455 17
42456 47
42457 34
42458 25
42459 32
42460 23
42461 54
42462 61
42463 15
42464 33
42465 31
42466 44
42467 0
42468 34
42469 39
42470 26
42471 23
42472 43
42473 35
42474 42
42475 39
42476 20
42477 23
42478 22
42479 28
42480 57
42481 28
42482 45
42483 38
42484 20
42485 40
42486 -2
42487 10
42488 34
42489 40
42490 27
42491 8
42492 36
42493 15
42494 32
42495 42
42496 29
42497 22
42498 68
42499 51
42500 12
42501 56
42502 36
42503 10
42504 43
42505 30
42506 67
42507 35
42508 11
42509 80
42510 32
42511 60
42512 42
42513 38
42514 20
42515 43
42516 8
42517 27
42518 52
42519 36
42520 77
42521 13
42522 34
42523 30
42524 60
42525 13
42526 -1
42527 5
42528 14
42529 54
42530 45
42531 27
42532 22
42533 32
42534 5
42535 24
42536 38
42537 12
42538 25
42539 28
42540 6
42541 34
42542 42
42543 19
42544 26
42545 36
42546 46
42547 64
42548 25
42549 36
42550 42
42551 42
42552 5
42553 63
42554 46
42555 49
42556 33
42557 55
42558 38
42559 33
42560 43
42561 15
42562 26
42563 8
42564 33
42565 29
42566 79
42567 38
42568 24
42569 18
42570 63
42571 31
42572 32
42573 47
42574 23
42575 33
42576 8
42577 24
42578 34
42579 16
42580 31
42581 24
42582 33
42583 27
42584 11
42585 44
42586 21
42587 51
42588 52
42589 22
42590 24
42591 14
42592 37
42593 6
42594 36
42595 44
42596 57
42597 23
42598 60
42599 20
42600 38
42601 31
42602 48
42603 21
42604 40
42605 29
42606 23
42607 60
42608 14
42609 26
42610 46
42611 56
42612 39
42613 25
42614 29
42615 39
42616 77
42617 27
42618 49
42619 49
42620 29
42621 42
42622 36
42623 -3
42624 4
42625 42
42626 40
42627 61
42628 13
42629 29
42630 46
42631 20
42632 18
42633 45
42634 19
42635 7
42636 25
42637 37
42638 32
42639 44
42640 50
42641 15
42642 46
42643 17
42644 44
42645 37
42646 22
42647 25
42648 34
42649 36
42650 56
42651 45
42652 14
42653 41
42654 58
42655 20
42656 7
42657 29
42658 30
42659 14
42660 45
42661 11
42662 45
42663 43
42664 38
42665 40
42666 16
42667 29
42668 10
42669 67
42670 30
42671 63
42672 18
42673 62
42674 14
42675 28
42676 -6
42677 25
42678 18
42679 22
42680 30
42681 41
42682 51
42683 52
42684 14
42685 34
42686 65
42687 47
42688 11
42689 34
42690 18
42691 28
42692 19
42693 32
42694 38
42695 38
42696 13
42697 27
42698 -2
42699 36
42700 34
42701 7
42702 6
42703 21
42704 -10
42705 13
42706 8
42707 47
42708 23
42709 51
42710 20
42711 53
42712 28
42713 20
42714 9
42715 45
42716 58
42717 28
42718 54
42719 39
42720 24
42721 -5
42722 66
42723 29
42724 47
42725 37
42726 33
42727 24
42728 30
42729 37
42730 48
42731 16
42732 48
42733 31
42734 11
42735 26
42736 53
42737 23
42738 1
42739 34
42740 59
42741 40
42742 34
42743 32
42744 76
42745 24
42746 48
42747 7
42748 21
42749 16
42750 27
42751 30
42752 77
42753 29
42754 16
42755 8
42756 27
42757 48
42758 48
42759 12
42760 70
42761 41
42762 19
42763 58
42764 1
42765 34
42766 31
42767 24
42768 50
42769 36
42770 30
42771 17
42772 7
42773 15
42774 53
42775 45
42776 33
42777 17
42778 51
42779 20
42780 44
42781 0
42782 17
42783 44
42784 37
42785 19
42786 35
42787 14
42788 45
42789 30
42790 8
42791 51
42792 97
42793 47
42794 11
42795 47
42796 27
42797 17
42798 15
42799 44
42800 49
42801 25
42802 37
42803 46
42804 9
42805 58
42806 33
42807 29
42808 37
42809 32
42810 70
42811 96
42812 6
42813 5
42814 54
42815 32
42816 29
42817 39
42818 31
42819 29
42820 11
42821 24
42822 56
42823 31
42824 46
42825 25
42826 49
42827 34
42828 30
42829 27
42830 41
42831 28
42832 26
42833 28
42834 40
42835 6
42836 16
42837 38
42838 37
42839 33
42840 27
42841 13
42842 45
42843 24
42844 28
42845 23
42846 22
42847 44
42848 16
42849 41
42850 15
42851 11
42852 2
42853 47
42854 29
42855 53
42856 30
42857 42
42858 47
42859 32
42860 19
42861 27
42862 69
42863 31
42864 10
42865 13
42866 28
42867 32
42868 32
42869 9
42870 34
42871 18
42872 44
42873 42
42874 42
42875 62
42876 64
42877 23
42878 21
42879 49
42880 8
42881 26
42882 21
42883 26
42884 21
42885 38
42886 25
42887 49
42888 45
42889 59
42890 41
42891 26
42892 18
42893 44
42894 14
42895 43
42896 71
42897 52
42898 20
42899 54
42900 83
42901 35
42902 42
42903 25
42904 27
42905 37
42906 35
42907 7
42908 7
42909 18
42910 44
42911 36
42912 44
42913 13
42914 34
42915 42
42916 -7
42917 20
42918 30
42919 7
42920 7
42921 14
42922 6
42923 25
42924 61
42925 39
42926 21
42927 9
42928 13
42929 74
42930 -1
42931 50
42932 52
42933 20
42934 38
42935 26
42936 13
42937 38
42938 78
42939 18
42940 32
42941 12
42942 39
42943 45
42944 57
42945 41
42946 24
42947 99
42948 10
42949 19
42950 4
42951 32
42952 -8
42953 56
42954 35
42955 21
42956 55
42957 17
42958 65
42959 47
42960 34
42961 23
42962 20
42963 58
42964 49
42965 13
42966 20
42967 35
42968 48
42969 26
42970 0
42971 46
42972 58
42973 73
42974 37
42975 24
42976 29
42977 29
42978 22
42979 13
42980 45
42981 51
42982 30
42983 31
42984 49
42985 37
42986 16
42987 36
42988 60
42989 39
42990 3
42991 42
42992 14
42993 18
42994 22
42995 54
42996 42
42997 53
42998 36
42999 34
43000 24
43001 27
43002 46
43003 3
43004 34
43005 46
43006 10
43007 85
43008 56
43009 33
43010 17
43011 11
43012 89
43013 36
43014 51
43015 30
43016 52
43017 22
43018 43
43019 57
43020 35
43021 38
43022 29
43023 18
43024 42
43025 21
43026 64
43027 14
43028 21
43029 89
43030 21
43031 40
43032 47
43033 16
43034 6
43035 17
43036 58
43037 21
43038 39
43039 32
43040 2
43041 46
43042 49
43043 29
43044 57
43045 19
43046 58
43047 59
43048 6
43049 43
43050 61
43051 26
43052 46
43053 43
43054 33
43055 31
43056 86
43057 21
43058 15
43059 38
43060 48
43061 37
43062 6
43063 14
43064 8
43065 35
43066 36
43067 25
43068 47
43069 29
43070 31
43071 22
43072 45
43073 36
43074 39
43075 50
43076 6
43077 4
43078 13
43079 47
43080 39
43081 14
43082 33
43083 7
43084 22
43085 30
43086 13
43087 29
43088 19
43089 42
43090 5
43091 75
43092 10
43093 29
43094 17
43095 35
43096 19
43097 33
43098 50
43099 12
43100 23
43101 33
43102 27
43103 22
43104 18
43105 34
43106 28
43107 41
43108 43
43109 34
43110 31
43111 31
43112 68
43113 18
43114 22
43115 84
43116 17
43117 25
43118 31
43119 21
43120 77
43121 17
43122 30
43123 20
43124 33
43125 31
43126 41
43127 49
43128 31
43129 20
43130 57
43131 46
43132 20
43133 54
43134 36
43135 19
43136 7
43137 17
43138 34
43139 16
43140 11
43141 31
43142 57
43143 27
43144 87
43145 38
43146 43
43147 53
43148 27
43149 15
43150 30
43151 69
43152 15
43153 28
43154 16
43155 10
43156 7
43157 41
43158 34
43159 8
43160 31
43161 21
43162 14
43163 -9
43164 19
43165 25
43166 26
43167 22
43168 18
43169 19
43170 20
43171 15
43172 26
43173 45
43174 52
43175 13
43176 50
43177 8
43178 34
43179 24
43180 43
43181 37
43182 1
43183 15
43184 14
43185 0
43186 38
43187 16
43188 2
43189 38
43190 50
43191 32
43192 16
43193 3
43194 1
43195 17
43196 50
43197 8
43198 35
43199 43
43200 23
43201 37
43202 35
43203 45
43204 47
43205 16
43206 5
43207 20
43208 11
43209 34
43210 30
43211 19
43212 38
43213 38
43214 38
43215 68
43216 33
43217 42
43218 26
43219 50
43220 42
43221 34
43222 42
43223 47
43224 80
43225 40
43226 9
43227 16
43228 14
43229 44
43230 18
43231 48
43232 16
43233 27
43234 9
43235 36
43236 48
43237 38
43238 50
43239 29
43240 45
43241 10
43242 28
43243 24
43244 46
43245 23
43246 72
43247 48
43248 40
43249 17
43250 42
43251 34
43252 37
43253 28
43254 76
43255 34
43256 15
43257 32
43258 33
43259 26
43260 62
43261 24
43262 35
43263 35
43264 21
43265 85
43266 55
43267 34
43268 24
43269 27
43270 10
43271 24
43272 13
43273 34
43274 53
43275 27
43276 40
43277 20
43278 24
43279 44
43280 19
43281 3
43282 35
43283 54
43284 18
43285 20
43286 33
43287 1
43288 63
43289 21
43290 54
43291 40
43292 31
43293 4
43294 42
43295 50
43296 9
43297 54
43298 13
43299 73
43300 56
43301 2
43302 47
43303 31
43304 29
43305 29
43306 37
43307 8
43308 12
43309 25
43310 8
43311 37
43312 17
43313 20
43314 21
43315 28
43316 36
43317 1
43318 23
43319 20
43320 10
43321 40
43322 31
43323 27
43324 27
43325 45
43326 4
43327 48
43328 48
43329 45
43330 29
43331 56
43332 58
43333 22
43334 72
43335 14
43336 29
43337 10
43338 35
43339 30
43340 39
43341 33
43342 24
43343 32
43344 32
43345 32
43346 44
43347 24
43348 58
43349 39
43350 -10
43351 25
43352 14
43353 48
43354 30
43355 24
43356 50
43357 21
43358 12
43359 8
43360 39
43361 37
43362 9
43363 17
43364 67
43365 50
43366 41
43367 57
43368 48
43369 35
43370 -1
43371 36
43372 46
43373 19
43374 93
43375 40
43376 5
43377 52
43378 23
43379 14
43380 26
43381 35
43382 19
43383 25
43384 2
43385 27
43386 21
43387 29
43388 16
43389 37
43390 26
43391 51
43392 27
43393 46
43394 8
43395 7
43396 80
43397 17
43398 16
43399 28
43400 36
43401 11
43402 17
43403 30
43404 79
43405 46
43406 28
43407 50
43408 20
43409 37
43410 63
43411 8
43412 12
43413 53
43414 65
43415 24
43416 38
43417 12
43418 19
43419 42
43420 24
43421 8
43422 26
43423 79
43424 56
43425 13
43426 36
43427 41
43428 16
43429 40
43430 40
43431 6
43432 69
43433 -8
43434 43
43435 26
43436 29
43437 48
43438 19
43439 76
43440 33
43441 48
43442 41
43443 21
43444 19
43445 42
43446 29
43447 23
43448 17
43449 16
43450 35
43451 -3
43452 56
43453 47
43454 11
43455 60
43456 27
43457 99
43458 26
43459 28
43460 20
43461 1
43462 13
43463 -9
43464 15
43465 60
43466 17
43467 44
43468 24
43469 39
43470 43
43471 21
43472 29
43473 41
43474 17
43475 32
43476 5
43477 5
43478 44
43479 40
43480 14
43481 4
43482 20
43483 32
43484 44
43485 8
43486 28
43487 28
43488 29
43489 38
43490 38
43491 8
43492 46
43493 34
43494 19
43495 11
43496 41
43497 12
43498 23
43499 18
43500 32
43501 3
43502 35
43503 33
43504 34
43505 4
43506 24
43507 67
43508 18
43509 19
43510 17
43511 56
43512 30
43513 13
43514 33
43515 26
43516 23
43517 24
43518 22
43519 34
43520 14
43521 8
43522 15
43523 14
43524 16
43525 16
43526 82
43527 52
43528 36
43529 22
43530 53
43531 59
43532 42
43533 30
43534 40
43535 19
43536 53
43537 28
43538 22
43539 31
43540 21
43541 80
43542 21
43543 16
43544 41
43545 34
43546 -4
43547 13
43548 48
43549 9
43550 24
43551 34
43552 53
43553 74
43554 23
43555 31
43556 40
43557 32
43558 63
43559 18
43560 28
43561 54
43562 32
43563 38
43564 33
43565 31
43566 31
43567 24
43568 7
43569 22
43570 26
43571 34
43572 8
43573 63
43574 19
43575 13
43576 22
43577 12
43578 8
43579 32
43580 100
43581 33
43582 27
43583 7
43584 4
43585 30
43586 22
43587 8
43588 12
43589 22
43590 33
43591 25
43592 21
43593 62
43594 46
43595 5
43596 32
43597 28
43598 45
43599 25
43600 73
43601 20
43602 38
43603 33
43604 30
43605 -1
43606 35
43607 17
43608 18
43609 35
43610 11
43611 32
43612 10
43613 27
43614 22
43615 11
43616 34
43617 35
43618 32
43619 8
43620 71
43621 31
43622 57
43623 31
43624 14
43625 36
43626 76
43627 34
43628 30
43629 88
43630 42
43631 28
43632 55
43633 85
43634 42
43635 7
43636 11
43637 78
43638 33
43639 30
43640 60
43641 64
43642 10
43643 34
43644 4
43645 3
43646 40
43647 22
43648 20
43649 16
43650 38
43651 -4
43652 -7
43653 -5
43654 39
43655 36
43656 14
43657 28
43658 29
43659 49
43660 39
43661 47
43662 51
43663 11
43664 48
43665 4
43666 33
43667 20
43668 26
43669 39
43670 20
43671 30
43672 46
43673 28
43674 27
43675 20
43676 30
43677 42
43678 16
43679 56
43680 15
43681 65
43682 16
43683 49
43684 65
43685 22
43686 29
43687 4
43688 33
43689 8
43690 -1
43691 20
43692 17
43693 30
43694 49
43695 27
43696 67
43697 17
43698 41
43699 18
43700 25
43701 10
43702 40
43703 21
43704 32
43705 13
43706 42
43707 3
43708 23
43709 37
43710 33
43711 56
43712 -14
43713 4
43714 51
43715 38
43716 20
43717 38
43718 10
43719 31
43720 10
43721 23
43722 9
43723 29
43724 94
43725 32
43726 42
43727 27
43728 27
43729 33
43730 48
43731 24
43732 7
43733 17
43734 41
43735 39
43736 32
43737 19
43738 17
43739 33
43740 -2
43741 21
43742 23
43743 82
43744 14
43745 36
43746 18
43747 29
43748 17
43749 70
43750 38
43751 14
43752 53
43753 21
43754 24
43755 59
43756 3
43757 15
43758 33
43759 26
43760 36
43761 52
43762 33
43763 28
43764 52
43765 46
43766 9
43767 22
43768 8
43769 17
43770 18
43771 36
43772 38
43773 18
43774 53
43775 17
43776 24
43777 -1
43778 38
43779 14
43780 38
43781 34
43782 50
43783 11
43784 39
43785 75
43786 34
43787 13
43788 55
43789 21
43790 8
43791 27
43792 41
43793 44
43794 39
43795 40
43796 4
43797 9
43798 26
43799 36
43800 39
43801 45
43802 61
43803 3
43804 48
43805 31
43806 21
43807 31
43808 63
43809 20
43810 51
43811 18
43812 26
43813 42
43814 40
43815 12
43816 53
43817 34
43818 40
43819 64
43820 2
43821 21
43822 30
43823 14
43824 0
43825 -3
43826 21
43827 21
43828 23
43829 11
43830 41
43831 26
43832 19
43833 11
43834 9
43835 43
43836 6
43837 9
43838 13
43839 49
43840 10
43841 14
43842 37
43843 30
43844 45
43845 -9
43846 28
43847 20
43848 56
43849 33
43850 29
43851 39
43852 38
43853 22
43854 50
43855 -2
43856 16
43857 42
43858 21
43859 33
43860 57
43861 59
43862 49
43863 37
43864 24
43865 12
43866 23
43867 39
43868 2
43869 27
43870 35
43871 42
43872 24
43873 57
43874 59
43875 46
43876 65
43877 27
43878 27
43879 20
43880 31
43881 38
43882 12
43883 53
43884 57
43885 8
43886 13
43887 33
43888 10
43889 34
43890 38
43891 37
43892 38
43893 25
43894 36
43895 40
43896 42
43897 39
43898 51
43899 33
43900 18
43901 74
43902 46
43903 20
43904 9
43905 59
43906 54
43907 23
43908 32
43909 44
43910 16
43911 19
43912 31
43913 66
43914 30
43915 28
43916 34
43917 36
43918 7
43919 57
43920 31
43921 44
43922 34
43923 23
43924 10
43925 30
43926 32
43927 17
43928 58
43929 18
43930 46
43931 4
43932 30
43933 36
43934 20
43935 38
43936 52
43937 35
43938 58
43939 31
43940 22
43941 4
43942 66
43943 50
43944 29
43945 53
43946 59
43947 11
43948 9
43949 55
43950 68
43951 82
43952 8
43953 5
43954 50
43955 0
43956 31
43957 39
43958 43
43959 11
43960 19
43961 63
43962 -1
43963 24
43964 30
43965 40
43966 36
43967 26
43968 38
43969 45
43970 44
43971 30
43972 22
43973 13
43974 6
43975 14
43976 31
43977 24
43978 36
43979 8
43980 44
43981 9
43982 22
43983 20
43984 14
43985 39
43986 30
43987 13
43988 25
43989 31
43990 9
43991 43
43992 41
43993 45
43994 18
43995 30
43996 74
43997 52
43998 52
43999 28
44000 15
44001 14
44002 51
44003 2
44004 20
44005 55
44006 20
44007 25
44008 11
44009 12
44010 16
44011 20
44012 5
44013 35
44014 33
44015 51
44016 62
44017 47
44018 34
44019 41
44020 9
44021 82
44022 6
44023 33
44024 4
44025 9
44026 56
44027 47
44028 30
44029 70
44030 32
44031 34
44032 39
44033 32
44034 11
44035 43
44036 16
44037 6
44038 24
44039 56
44040 34
44041 2
44042 30
44043 38
44044 21
44045 35
44046 71
44047 4
44048 38
44049 13
44050 27
44051 27
44052 41
44053 35
44054 37
44055 8
44056 56
44057 25
44058 18
44059 58
44060 16
44061 -4
44062 29
44063 71
44064 15
44065 37
44066 43
44067 21
44068 90
44069 5
44070 51
44071 44
44072 37
44073 11
44074 3
44075 81
44076 49
44077 16
44078 26
44079 44
44080 14
44081 20
44082 15
44083 28
44084 17
44085 15
44086 35
44087 61
44088 39
44089 27
44090 24
44091 15
44092 38
44093 43
44094 23
44095 37
44096 25
44097 40
44098 55
44099 27
44100 58
44101 29
44102 22
44103 26
44104 44
44105 15
44106 45
44107 15
44108 37
44109 80
44110 41
44111 22
44112 21
44113 34
44114 -3
44115 37
44116 24
44117 22
44118 20
44119 18
44120 88
44121 -1
44122 18
44123 11
44124 33
44125 51
44126 35
44127 27
44128 11
44129 -18
44130 -2
44131 -1
44132 52
44133 22
44134 32
44135 24
44136 62
44137 31
44138 49
44139 21
44140 30
44141 22
44142 22
44143 3
44144 10
44145 61
44146 39
44147 45
44148 34
44149 38
44150 25
44151 64
44152 19
44153 28
44154 37
44155 71
44156 50
44157 64
44158 27
44159 44
44160 15
44161 26
44162 3
44163 13
44164 41
44165 32
44166 38
44167 15
44168 37
44169 28
44170 11
44171 6
44172 39
44173 25
44174 38
44175 33
44176 25
44177 39
44178 26
44179 78
44180 38
44181 57
44182 36
44183 8
44184 28
44185 32
44186 39
44187 26
44188 38
44189 22
44190 25
44191 37
44192 12
44193 17
44194 22
44195 32
44196 39
44197 12
44198 35
44199 9
44200 81
44201 21
44202 19
44203 39
44204 30
44205 29
44206 11
44207 16
44208 26
44209 49
44210 24
44211 -2
44212 33
44213 48
44214 34
44215 26
44216 20
44217 8
44218 38
44219 36
44220 56
44221 30
44222 54
44223 74
44224 59
44225 27
44226 120
44227 37
44228 27
44229 45
44230 35
44231 25
44232 38
44233 27
44234 63
44235 9
44236 33
44237 35
44238 47
44239 61
44240 7
44241 32
44242 34
44243 28
44244 8
44245 0
44246 66
44247 15
44248 37
44249 60
44250 35
44251 68
44252 12
44253 36
44254 18
44255 17
44256 8
44257 22
44258 61
44259 44
44260 33
44261 25
44262 13
44263 30
44264 21
44265 42
44266 29
44267 25
44268 25
44269 30
44270 58
44271 43
44272 26
44273 50
44274 21
44275 20
44276 21
44277 27
44278 24
44279 22
44280 26
44281 36
44282 19
44283 59
44284 21
44285 48
44286 30
44287 78
44288 8
44289 30
44290 18
44291 83
44292 18
44293 2
44294 33
44295 36
44296 39
44297 14
44298 43
44299 81
44300 37
44301 64
44302 28
44303 45
44304 43
44305 10
44306 32
44307 15
44308 59
44309 14
44310 9
44311 27
44312 41
44313 14
44314 38
44315 28
44316 34
44317 16
44318 5
44319 10
44320 42
44321 58
44322 45
44323 27
44324 -8
44325 12
44326 31
44327 16
44328 38
44329 33
44330 25
44331 22
44332 39
44333 26
44334 15
44335 7
44336 62
44337 19
44338 29
44339 12
44340 26
44341 54
44342 34
44343 6
44344 31
44345 23
44346 47
44347 53
44348 13
44349 27
44350 27
44351 38
44352 35
44353 37
44354 46
44355 9
44356 29
44357 29
44358 24
44359 23
44360 25
44361 26
44362 86
44363 65
44364 34
44365 17
44366 18
44367 52
44368 52
44369 62
44370 6
44371 14
44372 22
44373 45
44374 12
44375 32
44376 10
44377 39
44378 56
44379 17
44380 28
44381 26
44382 9
44383 32
44384 30
44385 41
44386 26
44387 9
44388 11
44389 32
44390 35
44391 8
44392 29
44393 49
44394 18
44395 30
44396 43
44397 31
44398 17
44399 26
44400 23
44401 66
44402 27
44403 2
44404 18
44405 21
44406 14
44407 41
44408 -10
44409 13
44410 20
44411 22
44412 42
44413 22
44414 40
44415 2
44416 19
44417 28
44418 19
44419 36
44420 28
44421 43
44422 32
44423 25
44424 37
44425 35
44426 50
44427 51
44428 33
44429 10
44430 22
44431 28
44432 51
44433 35
44434 32
44435 64
44436 25
44437 28
44438 18
44439 27
44440 37
44441 36
44442 35
44443 27
44444 40
44445 14
44446 45
44447 9
44448 17
44449 18
44450 24
44451 58
44452 29
44453 30
44454 18
44455 2
44456 38
44457 34
44458 35
44459 49
44460 73
44461 26
44462 48
44463 73
44464 -1
44465 28
44466 44
44467 51
44468 26
44469 44
44470 6
44471 18
44472 30
44473 11
44474 11
44475 12
44476 38
44477 59
44478 32
44479 19
44480 1
44481 18
44482 27
44483 27
44484 11
44485 37
44486 26
44487 27
44488 47
44489 27
44490 59
44491 42
44492 22
44493 47
44494 20
44495 16
44496 34
44497 27
44498 26
44499 19
44500 55
44501 44
44502 75
44503 5
44504 28
44505 36
44506 18
44507 4
44508 38
44509 26
44510 25
44511 18
44512 10
44513 26
44514 12
44515 10
44516 31
44517 -3
44518 10
44519 15
44520 27
44521 37
44522 25
44523 64
44524 25
44525 15
44526 35
44527 17
44528 32
44529 5
44530 44
44531 28
44532 51
44533 43
44534 32
44535 21
44536 44
44537 12
44538 62
44539 15
44540 34
44541 5
44542 32
44543 23
44544 47
44545 37
44546 22
44547 43
44548 32
44549 6
44550 24
44551 14
44552 56
44553 39
44554 28
44555 44
44556 57
44557 6
44558 -2
44559 11
44560 57
44561 34
44562 55
44563 17
44564 34
44565 28
44566 47
44567 30
44568 42
44569 46
44570 48
44571 41
44572 49
44573 30
44574 11
44575 28
44576 23
44577 14
44578 64
44579 35
44580 28
44581 68
44582 24
44583 58
44584 24
44585 61
44586 23
44587 45
44588 45
44589 31
44590 11
44591 46
44592 40
44593 21
44594 69
44595 32
44596 21
44597 6
44598 7
44599 24
44600 97
44601 48
44602 46
44603 8
44604 7
44605 8
44606 0
44607 33
44608 23
44609 16
44610 28
44611 31
44612 32
44613 42
44614 8
44615 38
44616 8
44617 19
44618 2
44619 30
44620 32
44621 20
44622 46
44623 10
44624 33
44625 11
44626 57
44627 23
44628 20
44629 6
44630 25
44631 41
44632 10
44633 41
44634 13
44635 22
44636 15
44637 55
44638 16
44639 36
44640 36
44641 17
44642 41
44643 37
44644 28
44645 46
44646 28
44647 29
44648 17
44649 19
44650 34
44651 30
44652 76
44653 28
44654 11
44655 80
44656 20
44657 55
44658 54
44659 21
44660 54
44661 59
44662 14
44663 11
44664 34
44665 39
44666 25
44667 44
44668 19
44669 45
44670 34
44671 44
44672 69
44673 19
44674 19
44675 23
44676 50
44677 17
44678 34
44679 31
44680 28
44681 29
44682 8
44683 -16
44684 30
44685 14
44686 12
44687 34
44688 48
44689 23
44690 67
44691 41
44692 37
44693 27
44694 38
44695 34
44696 28
44697 54
44698 17
44699 38
44700 33
44701 35
44702 42
44703 33
44704 12
44705 34
44706 22
44707 18
44708 18
44709 65
44710 21
44711 -8
44712 16
44713 15
44714 52
44715 33
44716 25
44717 31
44718 49
44719 60
44720 19
44721 43
44722 34
44723 12
44724 36
44725 36
44726 1
44727 50
44728 29
44729 5
44730 16
44731 67
44732 23
44733 23
44734 48
44735 -1
44736 11
44737 45
44738 35
44739 18
44740 16
44741 14
44742 11
44743 33
44744 9
44745 10
44746 8
44747 21
44748 85
44749 25
44750 34
44751 46
44752 55
44753 30
44754 30
44755 37
44756 73
44757 27
44758 44
44759 45
44760 40
44761 37
44762 37
44763 41
44764 28
44765 34
44766 27
44767 26
44768 23
44769 40
44770 58
44771 19
44772 28
44773 18
44774 12
44775 20
44776 52
44777 13
44778 22
44779 34
44780 34
44781 74
44782 48
44783 34
44784 7
44785 19
44786 23
44787 51
44788 43
44789 18
44790 45
44791 24
44792 17
44793 47
44794 47
44795 50
44796 62
44797 0
44798 14
44799 18
44800 52
44801 47
44802 32
44803 29
44804 28
44805 16
44806 34
44807 16
44808 10
44809 17
44810 1
44811 37
44812 23
44813 24
44814 48
44815 37
44816 34
44817 12
44818 49
44819 40
44820 7
44821 21
44822 55
44823 24
44824 49
44825 73
44826 32
44827 -6
44828 31
44829 12
44830 51
44831 36
44832 58
44833 35
44834 24
44835 26
44836 14
44837 30
44838 16
44839 42
44840 59
44841 13
44842 53
44843 33
44844 10
44845 20
44846 16
44847 60
44848 5
44849 48
44850 22
44851 48
44852 25
44853 28
44854 59
44855 43
44856 11
44857 24
44858 28
44859 1
44860 20
44861 -9
44862 24
44863 56
44864 22
44865 13
44866 12
44867 17
44868 11
44869 8
44870 13
44871 50
44872 30
44873 12
44874 29
44875 26
44876 19
44877 7
44878 26
44879 22
44880 24
44881 15
44882 15
44883 35
44884 51
44885 49
44886 13
44887 29
44888 22
44889 39
44890 18
44891 11
44892 48
44893 35
44894 3
44895 59
44896 32
44897 22
44898 31
44899 9
44900 10
44901 30
44902 19
44903 50
44904 8
44905 13
44906 31
44907 54
44908 54
44909 21
44910 40
44911 22
44912 26
44913 35
44914 37
44915 32
44916 50
44917 55
44918 51
44919 60
44920 32
44921 30
44922 30
44923 12
44924 58
44925 31
44926 23
44927 46
44928 47
44929 40
44930 21
44931 32
44932 48
44933 12
44934 35
44935 15
44936 16
44937 14
44938 18
44939 30
44940 18
44941 42
44942 16
44943 26
44944 14
44945 11
44946 16
44947 51
44948 29
44949 28
44950 17
44951 24
44952 39
44953 21
44954 30
44955 92
44956 38
44957 11
44958 30
44959 9
44960 38
44961 12
44962 9
44963 50
44964 21
44965 87
44966 61
44967 34
44968 1
44969 20
44970 6
44971 8
44972 24
44973 33
44974 10
44975 28
44976 37
44977 33
44978 22
44979 46
44980 31
44981 61
44982 56
44983 11
44984 29
44985 32
44986 82
44987 21
44988 15
44989 5
44990 10
44991 22
44992 56
44993 10
44994 58
44995 54
44996 16
44997 13
44998 43
44999 20
45000 96
45001 46
45002 34
45003 26
45004 8
45005 48
45006 23
45007 48
45008 60
45009 15
45010 11
45011 44
45012 17
45013 9
45014 35
45015 27
45016 29
45017 23
45018 20
45019 25
45020 -9
45021 35
45022 43
45023 44
45024 52
45025 26
45026 54
45027 30
45028 18
45029 51
45030 41
45031 -10
45032 26
45033 34
45034 27
45035 52
45036 38
45037 31
45038 19
45039 4
45040 16
45041 24
45042 48
45043 18
45044 53
45045 41
45046 2
45047 37
45048 76
45049 2
45050 27
45051 22
45052 65
45053 49
45054 93
45055 30
45056 41
45057 39
45058 13
45059 25
45060 34
45061 63
45062 33
45063 20
45064 48
45065 33
45066 35
45067 14
45068 18
45069 56
45070 22
45071 37
45072 0
45073 17
45074 44
45075 31
45076 33
45077 28
45078 30
45079 1
45080 21
45081 39
45082 22
45083 20
45084 22
45085 16
45086 46
45087 54
45088 27
45089 48
45090 13
45091 29
45092 19
45093 32
45094 24
45095 -4
45096 21
45097 6
45098 47
45099 9
45100 39
45101 8
45102 11
45103 41
45104 38
45105 16
45106 38
45107 19
45108 8
45109 21
45110 23
45111 21
45112 5
45113 21
45114 43
45115 37
45116 29
45117 42
45118 19
45119 17
45120 26
45121 27
45122 29
45123 -6
45124 63
45125 35
45126 13
45127 28
45128 12
45129 14
45130 10
45131 31
45132 29
45133 27
45134 4
45135 29
45136 4
45137 24
45138 36
45139 30
45140 23
45141 27
45142 16
45143 40
45144 61
45145 24
45146 17
45147 80
45148 22
45149 22
45150 6
45151 31
45152 31
45153 22
45154 40
45155 28
45156 41
45157 10
45158 44
45159 27
45160 13
45161 24
45162 26
45163 15
45164 47
45165 31
45166 26
45167 23
45168 14
45169 35
45170 38
45171 68
45172 -4
45173 36
45174 37
45175 47
45176 28
45177 5
45178 75
45179 0
45180 67
45181 62
45182 30
45183 67
45184 57
45185 22
45186 29
45187 94
45188 -1
45189 43
45190 37
45191 25
45192 40
45193 47
45194 8
45195 4
45196 41
45197 34
45198 12
45199 63
45200 22
45201 28
45202 31
45203 16
45204 6
45205 24
45206 52
45207 18
45208 15
45209 23
45210 8
45211 37
45212 60
45213 19
45214 40
45215 6
45216 41
45217 33
45218 46
45219 13
45220 30
45221 34
45222 48
45223 20
45224 26
45225 26
45226 17
45227 20
45228 6
45229 -10
45230 71
45231 57
45232 23
45233 23
45234 17
45235 29
45236 76
45237 36
45238 20
45239 29
45240 33
45241 19
45242 29
45243 31
45244 38
45245 4
45246 20
45247 11
45248 31
45249 36
45250 24
45251 36
45252 46
45253 27
45254 19
45255 58
45256 37
45257 26
45258 28
45259 19
45260 94
45261 28
45262 23
45263 25
45264 31
45265 15
45266 39
45267 25
45268 7
45269 5
45270 32
45271 37
45272 4
45273 19
45274 39
45275 34
45276 5
45277 19
45278 42
45279 77
45280 22
45281 18
45282 31
45283 54
45284 37
45285 34
45286 15
45287 12
45288 52
45289 34
45290 60
45291 26
45292 15
45293 6
45294 83
45295 33
45296 42
45297 34
45298 9
45299 19
45300 17
45301 25
45302 28
45303 14
45304 97
45305 56
45306 49
45307 54
45308 40
45309 25
45310 28
45311 23
45312 54
45313 29
45314 95
45315 7
45316 11
45317 5
45318 25
45319 30
45320 85
45321 28
45322 50
45323 15
45324 37
45325 27
45326 63
45327 12
45328 57
45329 58
45330 57
45331 16
45332 70
45333 13
45334 19
45335 17
45336 48
45337 33
45338 40
45339 45
45340 25
45341 28
45342 28
45343 23
45344 -2
45345 51
45346 34
45347 35
45348 33
45349 30
45350 33
45351 29
45352 36
45353 38
45354 -16
45355 46
45356 20
45357 -2
45358 27
45359 35
45360 25
45361 47
45362 18
45363 42
45364 28
45365 29
45366 12
45367 34
45368 24
45369 46
45370 19
45371 24
45372 17
45373 40
45374 30
45375 32
45376 21
45377 14
45378 32
45379 26
45380 25
45381 30
45382 31
45383 4
45384 0
45385 42
45386 48
45387 36
45388 34
45389 51
45390 29
45391 73
45392 49
45393 18
45394 34
45395 54
45396 27
45397 8
45398 22
45399 16
45400 19
45401 54
45402 46
45403 36
45404 2
45405 33
45406 12
45407 46
45408 27
45409 21
45410 10
45411 29
45412 6
45413 48
45414 70
45415 19
45416 38
45417 16
45418 34
45419 34
45420 39
45421 41
45422 39
45423 34
45424 31
45425 22
45426 23
45427 8
45428 8
45429 26
45430 4
45431 24
45432 25
45433 16
45434 99
45435 10
45436 45
45437 27
45438 48
45439 42
45440 0
45441 40
45442 -8
45443 38
45444 43
45445 41
45446 38
45447 7
45448 56
45449 27
45450 49
45451 51
45452 38
45453 33
45454 37
45455 12
45456 91
45457 58
45458 77
45459 9
45460 38
45461 27
45462 22
45463 29
45464 4
45465 5
45466 32
45467 100
45468 45
45469 36
45470 12
45471 39
45472 22
45473 39
45474 40
45475 20
45476 61
45477 43
45478 17
45479 42
45480 51
45481 71
45482 99
45483 12
45484 40
45485 26
45486 18
45487 17
45488 44
45489 35
45490 9
45491 23
45492 39
45493 27
45494 26
45495 32
45496 47
45497 10
45498 39
45499 8
45500 36
45501 24
45502 33
45503 26
45504 25
45505 74
45506 43
45507 8
45508 2
45509 19
45510 24
45511 48
45512 32
45513 31
45514 23
45515 60
45516 18
45517 16
45518 40
45519 70
45520 37
45521 60
45522 19
45523 102
45524 69
45525 20
45526 25
45527 31
45528 0
45529 2
45530 19
45531 29
45532 54
45533 8
45534 45
45535 32
45536 25
45537 26
45538 34
45539 30
45540 20
45541 69
45542 14
45543 40
45544 2
45545 36
45546 17
45547 21
45548 28
45549 57
45550 63
45551 38
45552 44
45553 10
45554 24
45555 21
45556 47
45557 2
45558 36
45559 25
45560 12
45561 8
45562 8
45563 31
45564 56
45565 -5
45566 36
45567 12
45568 41
45569 17
45570 35
45571 20
45572 54
45573 15
45574 56
45575 29
45576 30
45577 8
45578 28
45579 59
45580 5
45581 40
45582 52
45583 60
45584 31
45585 0
45586 41
45587 48
45588 40
45589 -12
45590 29
45591 -12
45592 11
45593 18
45594 38
45595 33
45596 17
45597 33
45598 22
45599 10
45600 50
45601 4
45602 21
45603 30
45604 18
45605 26
45606 21
45607 24
45608 28
45609 42
45610 33
45611 17
45612 43
45613 24
45614 20
45615 35
45616 49
45617 15
45618 76
45619 39
45620 61
45621 28
45622 37
45623 34
45624 88
45625 45
45626 8
45627 50
45628 20
45629 22
45630 34
45631 24
45632 -5
45633 36
45634 41
45635 24
45636 29
45637 30
45638 48
45639 38
45640 -2
45641 54
45642 22
45643 31
45644 42
45645 29
45646 46
45647 23
45648 70
45649 32
45650 45
45651 37
45652 7
45653 32
45654 12
45655 47
45656 0
45657 17
45658 73
45659 38
45660 20
45661 25
45662 25
45663 39
45664 23
45665 21
45666 7
45667 28
45668 47
45669 26
45670 26
45671 37
45672 34
45673 47
45674 39
45675 16
45676 18
45677 24
45678 44
45679 25
45680 1
45681 17
45682 62
45683 59
45684 27
45685 25
45686 32
45687 18
45688 31
45689 17
45690 60
45691 92
45692 52
45693 31
45694 30
45695 16
45696 42
45697 10
45698 17
45699 47
45700 -2
45701 37
45702 55
45703 24
45704 22
45705 35
45706 32
45707 66
45708 -4
45709 25
45710 30
45711 24
45712 15
45713 9
45714 9
45715 -2
45716 45
45717 40
45718 26
45719 36
45720 51
45721 72
45722 30
45723 58
45724 39
45725 3
45726 11
45727 35
45728 30
45729 29
45730 58
45731 5
45732 4
45733 41
45734 22
45735 28
45736 33
45737 67
45738 25
45739 32
45740 24
45741 23
45742 42
45743 35
45744 12
45745 39
45746 76
45747 16
45748 38
45749 38
45750 52
45751 36
45752 36
45753 62
45754 63
45755 24
45756 18
45757 21
45758 45
45759 15
45760 23
45761 8
45762 9
45763 34
45764 32
45765 62
45766 29
45767 28
45768 8
45769 15
45770 35
45771 37
45772 22
45773 18
45774 23
45775 57
45776 22
45777 16
45778 12
45779 37
45780 29
45781 32
45782 57
45783 -1
45784 12
45785 -2
45786 19
45787 60
45788 56
45789 35
45790 19
45791 32
45792 14
45793 21
45794 37
45795 25
45796 40
45797 13
45798 65
45799 40
45800 29
45801 11
45802 39
45803 28
45804 25
45805 31
45806 85
45807 46
45808 74
45809 24
45810 38
45811 -6
45812 15
45813 49
45814 41
45815 45
45816 25
45817 23
45818 38
45819 32
45820 33
45821 21
45822 -5
45823 9
45824 63
45825 22
45826 12
45827 37
45828 66
45829 37
45830 61
45831 28
45832 21
45833 27
45834 20
45835 24
45836 44
45837 27
45838 44
45839 -3
45840 25
45841 31
45842 18
45843 56
45844 19
45845 37
45846 15
45847 29
45848 65
45849 39
45850 29
45851 64
45852 47
45853 66
45854 53
45855 26
45856 41
45857 48
45858 29
45859 23
45860 -3
45861 32
45862 26
45863 13
45864 22
45865 10
45866 29
45867 14
45868 35
45869 65
45870 25
45871 32
45872 26
45873 59
45874 14
45875 30
45876 34
45877 10
45878 15
45879 16
45880 47
45881 16
45882 6
45883 34
45884 17
45885 31
45886 36
45887 20
45888 29
45889 27
45890 17
45891 21
45892 27
45893 -4
45894 12
45895 29
45896 26
45897 39
45898 15
45899 12
45900 22
45901 -7
45902 3
45903 19
45904 42
45905 40
45906 53
45907 59
45908 35
45909 25
45910 43
45911 25
45912 -3
45913 35
45914 33
45915 45
45916 32
45917 81
45918 26
45919 42
45920 16
45921 40
45922 46
45923 0
45924 11
45925 32
45926 26
45927 37
45928 55
45929 28
45930 27
45931 22
45932 18
45933 27
45934 24
45935 47
45936 75
45937 120
45938 -1
45939 49
45940 18
45941 -2
45942 21
45943 24
45944 13
45945 31
45946 63
45947 34
45948 38
45949 8
45950 34
45951 31
45952 36
45953 -4
45954 32
45955 33
45956 70
45957 43
45958 28
45959 22
45960 70
45961 14
45962 49
45963 42
45964 15
45965 43
45966 4
45967 45
45968 -1
45969 21
45970 25
45971 43
45972 49
45973 19
45974 65
45975 24
45976 26
45977 39
45978 44
45979 32
45980 12
45981 53
45982 31
45983 33
45984 42
45985 35
45986 52
45987 63
45988 17
45989 15
45990 15
45991 69
45992 38
45993 38
45994 23
45995 33
45996 25
45997 17
45998 14
45999 45
46000 39
46001 4
46002 23
46003 8
46004 11
46005 30
46006 45
46007 13
46008 34
46009 21
46010 15
46011 30
46012 -8
46013 31
46014 32
46015 4
46016 13
46017 37
46018 38
46019 26
46020 7
46021 33
46022 7
46023 12
46024 26
46025 55
46026 2
46027 25
46028 22
46029 14
46030 27
46031 62
46032 35
46033 96
46034 39
46035 10
46036 13
46037 16
46038 48
46039 30
46040 33
46041 18
46042 34
46043 34
46044 21
46045 62
46046 37
46047 37
46048 30
46049 30
46050 65
46051 -4
46052 0
46053 -8
46054 3
46055 28
46056 50
46057 5
46058 4
46059 20
46060 32
46061 55
46062 55
46063 30
46064 35
46065 34
46066 19
46067 46
46068 -9
46069 38
46070 74
46071 35
46072 27
46073 13
46074 16
46075 40
46076 31
46077 37
46078 36
46079 24
46080 25
46081 9
46082 11
46083 88
46084 28
46085 71
46086 30
46087 20
46088 -20
46089 16
46090 31
46091 36
46092 51
46093 32
46094 40
46095 25
46096 60
46097 17
46098 39
46099 34
46100 48
46101 29
46102 21
46103 31
46104 -1
46105 17
46106 7
46107 41
46108 11
46109 40
46110 37
46111 34
46112 17
46113 35
46114 58
46115 46
46116 23
46117 11
46118 28
46119 26
46120 28
46121 42
46122 15
46123 1
46124 16
46125 21
46126 57
46127 46
46128 37
46129 22
46130 46
46131 25
46132 -3
46133 28
46134 44
46135 22
46136 71
46137 32
46138 62
46139 34
46140 43
46141 12
46142 53
46143 48
46144 17
46145 32
46146 70
46147 37
46148 34
46149 39
46150 11
46151 35
46152 18
46153 32
46154 16
46155 95
46156 20
46157 10
46158 15
46159 29
46160 56
46161 16
46162 37
46163 16
46164 36
46165 6
46166 17
46167 44
46168 42
46169 36
46170 22
46171 40
46172 26
46173 43
46174 18
46175 46
46176 63
46177 44
46178 28
46179 26
46180 35
46181 16
46182 45
46183 -2
46184 27
46185 47
46186 36
46187 30
46188 30
46189 44
46190 46
46191 39
46192 28
46193 2
46194 39
46195 31
46196 39
46197 23
46198 7
46199 16
46200 29
46201 18
46202 24
46203 14
46204 23
46205 25
46206 76
46207 -4
46208 39
46209 35
46210 22
46211 38
46212 36
46213 53
46214 1
46215 44
46216 3
46217 47
46218 37
46219 1
46220 11
46221 29
46222 55
46223 23
46224 52
46225 22
46226 27
46227 66
46228 7
46229 37
46230 9
46231 15
46232 10
46233 36
46234 23
46235 18
46236 7
46237 34
46238 12
46239 44
46240 33
46241 24
46242 34
46243 15
46244 35
46245 2
46246 38
46247 37
46248 47
46249 28
46250 17
46251 19
46252 45
46253 36
46254 7
46255 11
46256 13
46257 14
46258 14
46259 46
46260 74
46261 3
46262 33
46263 17
46264 10
46265 27
46266 67
46267 53
46268 34
46269 10
46270 22
46271 75
46272 46
46273 26
46274 16
46275 6
46276 14
46277 25
46278 32
46279 41
46280 32
46281 9
46282 15
46283 23
46284 24
46285 41
46286 30
46287 18
46288 22
46289 50
46290 20
46291 24
46292 55
46293 10
46294 43
46295 35
46296 51
46297 25
46298 50
46299 43
46300 6
46301 8
46302 24
46303 28
46304 17
46305 41
46306 25
46307 22
46308 9
46309 29
46310 16
46311 24
46312 63
46313 17
46314 38
46315 23
46316 60
46317 16
46318 9
46319 56
46320 49
46321 11
46322 22
46323 18
46324 12
46325 11
46326 38
46327 23
46328 1
46329 2
46330 16
46331 20
46332 0
46333 32
46334 44
46335 56
46336 54
46337 11
46338 31
46339 18
46340 63
46341 23
46342 23
46343 53
46344 34
46345 31
46346 63
46347 11
46348 63
46349 27
46350 45
46351 31
46352 48
46353 75
46354 23
46355 25
46356 31
46357 29
46358 27
46359 8
46360 20
46361 48
46362 24
46363 59
46364 1
46365 64
46366 56
46367 40
46368 16
46369 33
46370 29
46371 32
46372 39
46373 20
46374 31
46375 66
46376 36
46377 87
46378 28
46379 18
46380 33
46381 17
46382 17
46383 30
46384 -5
46385 11
46386 29
46387 40
46388 74
46389 62
46390 56
46391 15
46392 49
46393 26
46394 20
46395 36
46396 23
46397 6
46398 42
46399 44
46400 14
46401 118
46402 24
46403 9
46404 40
46405 15
46406 2
46407 35
46408 40
46409 16
46410 21
46411 40
46412 15
46413 29
46414 41
46415 51
46416 48
46417 31
46418 47
46419 15
46420 50
46421 20
46422 26
46423 24
46424 29
46425 31
46426 23
46427 2
46428 37
46429 19
46430 10
46431 28
46432 20
46433 85
46434 15
46435 43
46436 2
46437 15
46438 23
46439 19
46440 27
46441 17
46442 31
46443 8
46444 12
46445 22
46446 14
46447 20
46448 25
46449 66
46450 35
46451 88
46452 4
46453 49
46454 14
46455 102
46456 40
46457 34
46458 47
46459 16
46460 33
46461 36
46462 54
46463 33
46464 60
46465 13
46466 -10
46467 35
46468 39
46469 63
46470 20
46471 0
46472 44
46473 29
46474 13
46475 50
46476 15
46477 8
46478 31
46479 55
46480 95
46481 8
46482 3
46483 54
46484 47
46485 20
46486 43
46487 25
46488 30
46489 57
46490 23
46491 33
46492 54
46493 38
46494 41
46495 29
46496 45
46497 76
46498 31
46499 7
46500 21
46501 19
46502 9
46503 36
46504 64
46505 30
46506 18
46507 22
46508 28
46509 39
46510 33
46511 20
46512 13
46513 32
46514 31
46515 30
46516 36
46517 29
46518 40
46519 42
46520 15
46521 35
46522 79
46523 6
46524 37
46525 11
46526 30
46527 15
46528 15
46529 42
46530 34
46531 20
46532 3
46533 32
46534 40
46535 40
46536 2
46537 0
46538 6
46539 21
46540 19
46541 59
46542 11
46543 14
46544 53
46545 29
46546 12
46547 26
46548 38
46549 43
46550 40
46551 76
46552 14
46553 18
46554 31
46555 65
46556 22
46557 28
46558 14
46559 27
46560 27
46561 29
46562 11
46563 6
46564 36
46565 21
46566 12
46567 16
46568 27
46569 34
46570 23
46571 34
46572 29
46573 24
46574 2
46575 20
46576 42
46577 31
46578 25
46579 16
46580 13
46581 26
46582 24
46583 0
46584 22
46585 44
46586 39
46587 33
46588 18
46589 16
46590 45
46591 19
46592 26
46593 25
46594 50
46595 22
46596 45
46597 33
46598 32
46599 35
46600 40
46601 26
46602 26
46603 46
46604 45
46605 16
46606 9
46607 25
46608 20
46609 47
46610 74
46611 38
46612 32
46613 33
46614 24
46615 33
46616 25
46617 31
46618 36
46619 76
46620 38
46621 32
46622 25
46623 40
46624 11
46625 6
46626 46
46627 22
46628 25
46629 35
46630 28
46631 43
46632 38
46633 46
46634 11
46635 19
46636 20
46637 32
46638 39
46639 38
46640 3
46641 29
46642 45
46643 33
46644 37
46645 41
46646 51
46647 -7
46648 32
46649 11
46650 17
46651 39
46652 22
46653 9
46654 -1
46655 35
46656 60
46657 9
46658 31
46659 11
46660 17
46661 59
46662 15
46663 50
46664 18
46665 37
46666 22
46667 40
46668 34
46669 9
46670 8
46671 31
46672 44
46673 12
46674 9
46675 30
46676 12
46677 1
46678 13
46679 35
46680 46
46681 17
46682 74
46683 24
46684 1
46685 67
46686 18
46687 17
46688 20
46689 46
46690 21
46691 44
46692 12
46693 34
46694 46
46695 27
46696 34
46697 42
46698 14
46699 35
46700 46
46701 17
46702 47
46703 69
46704 47
46705 28
46706 26
46707 44
46708 36
46709 7
46710 23
46711 12
46712 37
46713 64
46714 72
46715 25
46716 32
46717 25
46718 44
46719 27
46720 30
46721 28
46722 22
46723 34
46724 19
46725 28
46726 9
46727 32
46728 38
46729 24
46730 60
46731 21
46732 50
46733 8
46734 39
46735 16
46736 -9
46737 95
46738 11
46739 15
46740 29
46741 21
46742 46
46743 43
46744 33
46745 0
46746 -1
46747 29
46748 51
46749 20
46750 21
46751 35
46752 26
46753 32
46754 39
46755 17
46756 9
46757 28
46758 29
46759 -4
46760 37
46761 28
46762 81
46763 10
46764 12
46765 12
46766 26
46767 0
46768 44
46769 18
46770 7
46771 26
46772 54
46773 65
46774 21
46775 27
46776 40
46777 26
46778 54
46779 26
46780 52
46781 27
46782 30
46783 34
46784 64
46785 9
46786 24
46787 2
46788 81
46789 20
46790 27
46791 45
46792 1
46793 54
46794 14
46795 12
46796 25
46797 57
46798 9
46799 46
46800 23
46801 19
46802 36
46803 2
46804 27
46805 39
46806 49
46807 28
46808 35
46809 39
46810 11
46811 21
46812 23
46813 26
46814 15
46815 43
46816 27
46817 102
46818 70
46819 46
46820 51
46821 33
46822 41
46823 -4
46824 9
46825 23
46826 71
46827 29
46828 42
46829 15
46830 27
46831 41
46832 19
46833 19
46834 25
46835 26
46836 26
46837 16
46838 45
46839 26
46840 27
46841 21
46842 23
46843 42
46844 52
46845 4
46846 34
46847 8
46848 17
46849 40
46850 54
46851 24
46852 16
46853 44
46854 47
46855 49
46856 43
46857 20
46858 7
46859 55
46860 30
46861 46
46862 19
46863 44
46864 25
46865 32
46866 36
46867 20
46868 24
46869 30
46870 66
46871 18
46872 42
46873 24
46874 0
46875 25
46876 54
46877 26
46878 71
46879 72
46880 4
46881 12
46882 8
46883 35
46884 10
46885 53
46886 30
46887 27
46888 40
46889 35
46890 54
46891 39
46892 42
46893 43
46894 35
46895 33
46896 5
46897 27
46898 15
46899 43
46900 30
46901 26
46902 13
46903 9
46904 51
46905 32
46906 29
46907 8
46908 51
46909 31
46910 75
46911 4
46912 28
46913 16
46914 38
46915 61
46916 33
46917 28
46918 32
46919 9
46920 5
46921 12
46922 24
46923 30
46924 52
46925 43
46926 14
46927 12
46928 30
46929 20
46930 38
46931 22
46932 51
46933 54
46934 10
46935 51
46936 24
46937 -3
46938 27
46939 4
46940 22
46941 32
46942 36
46943 47
46944 12
46945 48
46946 51
46947 25
46948 32
46949 22
46950 24
46951 6
46952 26
46953 3
46954 73
46955 55
46956 37
46957 16
46958 43
46959 39
46960 8
46961 5
46962 48
46963 23
46964 28
46965 10
46966 13
46967 15
46968 31
46969 11
46970 33
46971 35
46972 43
46973 28
46974 25
46975 33
46976 2
46977 30
46978 21
46979 16
46980 33
46981 26
46982 13
46983 8
46984 31
46985 19
46986 55
46987 -11
46988 -1
46989 52
46990 57
46991 26
46992 50
46993 37
46994 14
46995 76
46996 30
46997 19
46998 33
46999 21
47000 25
47001 18
47002 22
47003 -5
47004 39
47005 34
47006 -2
47007 9
47008 31
47009 58
47010 28
47011 -8
47012 26
47013 22
47014 18
47015 41
47016 48
47017 22
47018 28
47019 26
47020 8
47021 35
47022 58
47023 21
47024 27
47025 38
47026 11
47027 73
47028 18
47029 37
47030 38
47031 31
47032 16
47033 69
47034 20
47035 53
47036 10
47037 32
47038 50
47039 61
47040 44
47041 32
47042 23
47043 11
47044 -7
47045 43
47046 11
47047 62
47048 39
47049 18
47050 8
47051 41
47052 23
47053 8
47054 29
47055 38
47056 13
47057 45
47058 2
47059 49
47060 28
47061 48
47062 18
47063 26
47064 42
47065 44
47066 2
47067 14
47068 20
47069 34
47070 37
47071 15
47072 55
47073 25
47074 35
47075 60
47076 23
47077 51
47078 12
47079 4
47080 67
47081 63
47082 27
47083 11
47084 35
47085 33
47086 19
47087 16
47088 22
47089 51
47090 0
47091 32
47092 7
47093 67
47094 45
47095 33
47096 6
47097 27
47098 50
47099 73
47100 42
47101 19
47102 43
47103 5
47104 25
47105 20
47106 47
47107 45
47108 20
47109 24
47110 20
47111 40
47112 19
47113 90
47114 64
47115 18
47116 55
47117 25
47118 1
47119 23
47120 42
47121 22
47122 33
47123 17
47124 54
47125 39
47126 21
47127 17
47128 18
47129 43
47130 19
47131 24
47132 27
47133 23
47134 55
47135 31
47136 62
47137 8
47138 25
47139 15
47140 18
47141 39
47142 21
47143 -16
47144 21
47145 17
47146 25
47147 58
47148 47
47149 36
47150 21
47151 20
47152 45
47153 59
47154 29
47155 15
47156 80
47157 71
47158 20
47159 11
47160 25
47161 14
47162 39
47163 15
47164 16
47165 27
47166 16
47167 8
47168 -2
47169 25
47170 43
47171 9
47172 23
47173 40
47174 66
47175 45
47176 14
47177 58
47178 20
47179 39
47180 15
47181 32
47182 5
47183 26
47184 27
47185 4
47186 7
47187 21
47188 26
47189 18
47190 35
47191 29
47192 43
47193 12
47194 31
47195 62
47196 78
47197 61
47198 48
47199 29
47200 15
47201 50
47202 47
47203 34
47204 24
47205 -5
47206 21
47207 25
47208 23
47209 5
47210 39
47211 12
47212 18
47213 36
47214 14
47215 10
47216 28
47217 35
47218 29
47219 14
47220 54
47221 5
47222 46
47223 28
47224 30
47225 18
47226 40
47227 13
47228 32
47229 33
47230 49
47231 25
47232 26
47233 10
47234 49
47235 31
47236 12
47237 18
47238 -3
47239 53
47240 10
47241 74
47242 35
47243 33
47244 21
47245 18
47246 36
47247 30
47248 39
47249 28
47250 19
47251 18
47252 15
47253 38
47254 10
47255 12
47256 38
47257 45
47258 22
47259 12
47260 29
47261 61
47262 8
47263 26
47264 24
47265 26
47266 6
47267 15
47268 16
47269 16
47270 31
47271 14
47272 22
47273 72
47274 40
47275 36
47276 55
47277 42
47278 27
47279 34
47280 27
47281 54
47282 75
47283 48
47284 34
47285 45
47286 27
47287 35
47288 103
47289 8
47290 10
47291 31
47292 26
47293 22
47294 18
47295 21
47296 27
47297 55
47298 1
47299 25
47300 16
47301 23
47302 23
47303 14
47304 47
47305 60
47306 24
47307 51
47308 48
47309 5
47310 39
47311 45
47312 22
47313 47
47314 6
47315 39
47316 23
47317 10
47318 73
47319 38
47320 16
47321 30
47322 3
47323 21
47324 62
47325 44
47326 65
47327 -2
47328 32
47329 21
47330 15
47331 58
47332 36
47333 37
47334 15
47335 22
47336 19
47337 42
47338 35
47339 17
47340 15
47341 19
47342 29
47343 25
47344 30
47345 24
47346 27
47347 6
47348 39
47349 53
47350 7
47351 11
47352 13
47353 60
47354 6
47355 36
47356 38
47357 22
47358 49
47359 28
47360 52
47361 70
47362 16
47363 50
47364 8
47365 29
47366 25
47367 29
47368 30
47369 33
47370 35
47371 29
47372 31
47373 -1
47374 40
47375 34
47376 36
47377 23
47378 23
47379 36
47380 56
47381 34
47382 15
47383 36
47384 57
47385 3
47386 19
47387 21
47388 6
47389 37
47390 31
47391 19
47392 31
47393 40
47394 42
47395 29
47396 14
47397 38
47398 22
47399 28
47400 55
47401 -2
47402 57
47403 2
47404 37
47405 27
47406 43
47407 27
47408 23
47409 31
47410 21
47411 12
47412 19
47413 34
47414 69
47415 31
47416 21
47417 51
47418 16
47419 13
47420 4
47421 10
47422 40
47423 37
47424 31
47425 -4
47426 37
47427 15
47428 27
47429 22
47430 22
47431 33
47432 50
47433 -3
47434 17
47435 36
47436 44
47437 31
47438 39
47439 36
47440 16
47441 49
47442 43
47443 12
47444 45
47445 38
47446 22
47447 60
47448 28
47449 20
47450 18
47451 65
47452 33
47453 10
47454 54
47455 26
47456 22
47457 34
47458 1
47459 36
47460 47
47461 7
47462 27
47463 20
47464 40
47465 21
47466 38
47467 26
47468 27
47469 14
47470 36
47471 24
47472 0
47473 30
47474 46
47475 36
47476 28
47477 31
47478 15
47479 40
47480 52
47481 74
47482 12
47483 43
47484 17
47485 48
47486 23
47487 38
47488 14
47489 34
47490 70
47491 27
47492 42
47493 60
47494 27
47495 18
47496 17
47497 29
47498 5
47499 21
47500 8
47501 -8
47502 30
47503 54
47504 23
47505 27
47506 7
47507 42
47508 42
47509 47
47510 64
47511 44
47512 16
47513 46
47514 29
47515 73
47516 98
47517 51
47518 11
47519 63
47520 20
47521 42
47522 46
47523 37
47524 5
47525 18
47526 26
47527 28
47528 53
47529 30
47530 3
47531 23
47532 36
47533 29
47534 46
47535 7
47536 16
47537 48
47538 21
47539 26
47540 42
47541 7
47542 24
47543 -8
47544 56
47545 38
47546 31
47547 17
47548 33
47549 52
47550 28
47551 43
47552 11
47553 13
47554 19
47555 20
47556 14
47557 17
47558 8
47559 32
47560 11
47561 7
47562 100
47563 68
47564 47
47565 24
47566 46
47567 24
47568 32
47569 36
47570 25
47571 48
47572 88
47573 31
47574 13
47575 44
47576 41
47577 30
47578 15
47579 36
47580 18
47581 42
47582 9
47583 25
47584 66
47585 37
47586 66
47587 19
47588 53
47589 36
47590 48
47591 40
47592 35
47593 39
47594 20
47595 30
47596 7
47597 18
47598 25
47599 34
47600 19
47601 37
47602 11
47603 70
47604 -11
47605 31
47606 37
47607 31
47608 10
47609 19
47610 58
47611 35
47612 30
47613 65
47614 12
47615 5
47616 51
47617 44
47618 29
47619 33
47620 26
47621 40
47622 22
47623 42
47624 6
47625 25
47626 10
47627 26
47628 9
47629 19
47630 12
47631 12
47632 27
47633 72
47634 7
47635 11
47636 12
47637 26
47638 54
47639 0
47640 6
47641 0
47642 48
47643 -2
47644 16
47645 79
47646 -6
47647 79
47648 32
47649 19
47650 12
47651 15
47652 20
47653 42
47654 6
47655 40
47656 19
47657 10
47658 82
47659 13
47660 12
47661 50
47662 13
47663 9
47664 20
47665 67
47666 32
47667 8
47668 36
47669 17
47670 15
47671 51
47672 34
47673 84
47674 29
47675 34
47676 33
47677 8
47678 33
47679 2
47680 24
47681 32
47682 18
47683 18
47684 17
47685 23
47686 47
47687 25
47688 22
47689 22
47690 55
47691 28
47692 -4
47693 23
47694 36
47695 38
47696 38
47697 66
47698 1
47699 26
47700 37
47701 -9
47702 13
47703 37
47704 41
47705 2
47706 24
47707 25
47708 33
47709 41
47710 31
47711 23
47712 20
47713 40
47714 14
47715 35
47716 5
47717 29
47718 12
47719 2
47720 26
47721 67
47722 19
47723 28
47724 21
47725 5
47726 34
47727 17
47728 2
47729 6
47730 37
47731 39
47732 25
47733 33
47734 22
47735 19
47736 39
47737 20
47738 -8
47739 68
47740 29
47741 55
47742 71
47743 41
47744 57
47745 35
47746 35
47747 28
47748 33
47749 16
47750 35
47751 23
47752 32
47753 28
47754 5
47755 46
47756 35
47757 39
47758 17
47759 23
47760 20
47761 40
47762 12
47763 17
47764 52
47765 15
47766 32
47767 43
47768 45
47769 22
47770 38
47771 16
47772 64
47773 25
47774 0
47775 13
47776 61
47777 13
47778 13
47779 47
47780 24
47781 39
47782 44
47783 51
47784 51
47785 2
47786 14
47787 37
47788 27
47789 10
47790 42
47791 22
47792 15
47793 36
47794 38
47795 35
47796 35
47797 26
47798 25
47799 10
47800 20
47801 42
47802 54
47803 43
47804 29
47805 35
47806 0
47807 69
47808 32
47809 37
47810 11
47811 26
47812 3
47813 34
47814 4
47815 26
47816 9
47817 25
47818 31
47819 46
47820 63
47821 21
47822 34
47823 32
47824 32
47825 30
47826 21
47827 25
47828 22
47829 57
47830 11
47831 51
47832 43
47833 48
47834 26
47835 35
47836 55
47837 14
47838 0
47839 49
47840 19
47841 21
47842 53
47843 19
47844 48
47845 54
47846 12
47847 37
47848 30
47849 30
47850 21
47851 23
47852 12
47853 22
47854 34
47855 16
47856 22
47857 42
47858 62
47859 26
47860 19
47861 3
47862 3
47863 24
47864 24
47865 14
47866 58
47867 20
47868 45
47869 6
47870 17
47871 37
47872 16
47873 52
47874 29
47875 16
47876 36
47877 38
47878 8
47879 36
47880 16
47881 57
47882 -9
47883 19
47884 29
47885 17
47886 59
47887 29
47888 41
47889 37
47890 24
47891 20
47892 23
47893 19
47894 18
47895 24
47896 18
47897 31
47898 42
47899 43
47900 80
47901 26
47902 38
47903 39
47904 19
47905 18
47906 50
47907 9
47908 47
47909 43
47910 39
47911 31
47912 24
47913 37
47914 38
47915 32
47916 27
47917 67
47918 40
47919 60
47920 10
47921 59
47922 102
47923 67
47924 26
47925 25
47926 35
47927 52
47928 25
47929 32
47930 29
47931 44
47932 35
47933 80
47934 30
47935 47
47936 6
47937 58
47938 5
47939 36
47940 38
47941 21
47942 36
47943 70
47944 38
47945 31
47946 37
47947 27
47948 33
47949 19
47950 61
47951 47
47952 36
47953 18
47954 35
47955 45
47956 35
47957 62
47958 26
47959 57
47960 43
47961 25
47962 13
47963 16
47964 31
47965 48
47966 35
47967 42
47968 51
47969 33
47970 47
47971 38
47972 26
47973 43
47974 5
47975 16
47976 35
47977 33
47978 34
47979 69
47980 28
47981 24
47982 17
47983 37
47984 29
47985 25
47986 37
47987 36
47988 38
47989 15
47990 24
47991 11
47992 15
47993 59
47994 23
47995 13
47996 6
47997 35
47998 23
47999 53
48000 52
48001 10
48002 29
48003 10
48004 32
48005 12
48006 6
48007 24
48008 33
48009 11
48010 1
48011 31
48012 3
48013 28
48014 12
48015 65
48016 28
48017 32
48018 30
48019 13
48020 23
48021 15
48022 17
48023 49
48024 57
48025 43
48026 35
48027 30
48028 26
48029 37
48030 25
48031 28
48032 27
48033 85
48034 1
48035 49
48036 10
48037 17
48038 38
48039 8
48040 20
48041 4
48042 56
48043 45
48044 32
48045 18
48046 18
48047 28
48048 47
48049 14
48050 18
48051 22
48052 13
48053 37
48054 9
48055 33
48056 14
48057 18
48058 15
48059 35
48060 29
48061 19
48062 36
48063 27
48064 3
48065 15
48066 48
48067 28
48068 34
48069 28
48070 31
48071 18
48072 35
48073 38
48074 46
48075 62
48076 45
48077 2
48078 3
48079 31
48080 27
48081 -3
48082 62
48083 -3
48084 27
48085 28
48086 43
48087 7
48088 62
48089 23
48090 20
48091 22
48092 27
48093 47
48094 23
48095 24
48096 38
48097 16
48098 30
48099 42
48100 39
48101 39
48102 49
48103 36
48104 59
48105 44
48106 14
48107 48
48108 49
48109 44
48110 21
48111 12
48112 16
48113 11
48114 12
48115 56
48116 24
48117 38
48118 40
48119 9
48120 18
48121 38
48122 29
48123 41
48124 9
48125 28
48126 17
48127 42
48128 4
48129 -23
48130 21
48131 18
48132 35
48133 12
48134 58
48135 12
48136 31
48137 53
48138 20
48139 15
48140 4
48141 57
48142 122
48143 48
48144 22
48145 34
48146 19
48147 2
48148 29
48149 23
48150 31
48151 8
48152 36
48153 12
48154 20
48155 61
48156 14
48157 76
48158 7
48159 39
48160 31
48161 37
48162 9
48163 44
48164 -1
48165 17
48166 0
48167 28
48168 10
48169 28
48170 33
48171 31
48172 36
48173 36
48174 17
48175 26
48176 24
48177 10
48178 12
48179 16
48180 18
48181 41
48182 43
48183 27
48184 51
48185 50
48186 30
48187 12
48188 63
48189 32
48190 34
48191 28
48192 11
48193 47
48194 70
48195 44
48196 44
48197 12
48198 0
48199 40
48200 17
48201 20
48202 58
48203 17
48204 40
48205 10
48206 20
48207 50
48208 23
48209 25
48210 52
48211 43
48212 44
48213 11
48214 45
48215 58
48216 30
48217 29
48218 5
48219 6
48220 34
48221 14
48222 34
48223 31
48224 34
48225 34
48226 11
48227 30
48228 11
48229 50
48230 -1
48231 34
48232 7
48233 27
48234 72
48235 49
48236 32
48237 14
48238 24
48239 44
48240 62
48241 39
48242 40
48243 21
48244 17
48245 15
48246 25
48247 73
48248 -2
48249 48
48250 27
48251 8
48252 16
48253 73
48254 10
48255 56
48256 39
48257 24
48258 19
48259 7
48260 18
48261 -2
48262 -1
48263 36
48264 28
48265 4
48266 33
48267 27
48268 12
48269 28
48270 16
48271 42
48272 46
48273 9
48274 40
48275 4
48276 33
48277 14
48278 39
48279 44
48280 40
48281 51
48282 28
48283 22
48284 10
48285 46
48286 10
48287 62
48288 30
48289 28
48290 29
48291 80
48292 54
48293 26
48294 19
48295 9
48296 55
48297 41
48298 13
48299 25
48300 46
48301 28
48302 45
48303 39
48304 25
48305 25
48306 15
48307 38
48308 21
48309 25
48310 6
48311 56
48312 -2
48313 117
48314 59
48315 29
48316 23
48317 18
48318 63
48319 7
48320 27
48321 9
48322 14
48323 49
48324 21
48325 10
48326 66
48327 24
48328 17
48329 56
48330 30
48331 75
48332 37
48333 19
48334 51
48335 -2
48336 72
48337 38
48338 6
48339 19
48340 47
48341 34
48342 86
48343 32
48344 39
48345 9
48346 50
48347 21
48348 0
48349 9
48350 66
48351 20
48352 2
48353 24
48354 6
48355 32
48356 33
48357 27
48358 27
48359 21
48360 26
48361 60
48362 69
48363 19
48364 4
48365 41
48366 5
48367 67
48368 7
48369 16
48370 -4
48371 23
48372 38
48373 25
48374 31
48375 76
48376 35
48377 45
48378 13
48379 24
48380 49
48381 21
48382 53
48383 43
48384 30
48385 21
48386 -1
48387 27
48388 28
48389 35
48390 29
48391 46
48392 32
48393 48
48394 29
48395 65
48396 13
48397 35
48398 64
48399 34
48400 0
48401 33
48402 24
48403 23
48404 34
48405 10
48406 20
48407 10
48408 19
48409 31
48410 10
48411 31
48412 52
48413 19
48414 -8
48415 41
48416 22
48417 22
48418 20
48419 2
48420 57
48421 4
48422 60
48423 35
48424 19
48425 48
48426 34
48427 17
48428 75
48429 41
48430 12
48431 80
48432 19
48433 23
48434 26
48435 82
48436 20
48437 54
48438 41
48439 17
48440 17
48441 35
48442 18
48443 72
48444 30
48445 25
48446 48
48447 13
48448 16
48449 44
48450 10
48451 10
48452 16
48453 4
48454 33
48455 41
48456 34
48457 21
48458 23
48459 10
48460 49
48461 40
48462 84
48463 12
48464 27
48465 6
48466 23
48467 56
48468 32
48469 17
48470 29
48471 48
48472 49
48473 -5
48474 61
48475 9
48476 27
48477 17
48478 25
48479 12
48480 34
48481 43
48482 28
48483 22
48484 32
48485 27
48486 -1
48487 19
48488 12
48489 73
48490 33
48491 32
48492 33
48493 22
48494 22
48495 35
48496 31
48497 50
48498 28
48499 33
48500 9
48501 27
48502 16
48503 25
48504 26
48505 13
48506 79
48507 31
48508 45
48509 -18
48510 43
48511 34
48512 7
48513 17
48514 27
48515 46
48516 46
48517 16
48518 15
48519 30
48520 70
48521 27
48522 16
48523 32
48524 53
48525 32
48526 49
48527 15
48528 58
48529 18
48530 26
48531 42
48532 36
48533 38
48534 23
48535 12
48536 15
48537 2
48538 10
48539 11
48540 38
48541 30
48542 50
48543 42
48544 39
48545 13
48546 8
48547 7
48548 24
48549 11
48550 32
48551 23
48552 21
48553 52
48554 46
48555 46
48556 13
48557 37
48558 18
48559 59
48560 32
48561 26
48562 28
48563 39
48564 18
48565 32
48566 38
48567 14
48568 29
48569 24
48570 44
48571 24
48572 50
48573 3
48574 27
48575 7
48576 40
48577 23
48578 4
48579 22
48580 62
48581 9
48582 35
48583 46
48584 23
48585 18
48586 39
48587 19
48588 42
48589 12
48590 37
48591 12
48592 33
48593 29
48594 51
48595 45
48596 21
48597 41
48598 27
48599 27
48600 0
48601 25
48602 23
48603 5
48604 20
48605 5
48606 45
48607 17
48608 9
48609 11
48610 21
48611 23
48612 66
48613 28
48614 17
48615 6
48616 65
48617 7
48618 -4
48619 41
48620 29
48621 59
48622 2
48623 22
48624 2
48625 8
48626 42
48627 -11
48628 26
48629 22
48630 22
48631 54
48632 12
48633 8
48634 17
48635 21
48636 51
48637 36
48638 57
48639 14
48640 29
48641 30
48642 48
48643 49
48644 25
48645 41
48646 15
48647 49
48648 33
48649 32
48650 24
48651 18
48652 6
48653 21
48654 11
48655 18
48656 31
48657 52
48658 32
48659 5
48660 32
48661 42
48662 89
48663 34
48664 13
48665 38
48666 32
48667 32
48668 27
48669 25
48670 22
48671 12
48672 9
48673 28
48674 21
48675 19
48676 2
48677 6
48678 35
48679 47
48680 7
48681 53
48682 16
48683 40
48684 30
48685 47
48686 13
48687 19
48688 24
48689 -2
48690 41
48691 12
48692 34
48693 26
48694 41
48695 79
48696 9
48697 32
48698 25
48699 64
48700 38
48701 48
48702 27
48703 2
48704 0
48705 15
48706 37
48707 9
48708 10
48709 12
48710 9
48711 17
48712 41
48713 48
48714 34
48715 15
48716 3
48717 32
48718 -3
48719 44
48720 37
48721 24
48722 33
48723 7
48724 23
48725 13
48726 16
48727 6
48728 32
48729 18
48730 52
48731 27
48732 16
48733 0
48734 15
48735 19
48736 13
48737 34
48738 23
48739 20
48740 46
48741 26
48742 3
48743 34
48744 25
48745 15
48746 22
48747 30
48748 8
48749 17
48750 37
48751 27
48752 29
48753 27
48754 55
48755 79
48756 32
48757 40
48758 47
48759 16
48760 15
48761 25
48762 34
48763 13
48764 31
48765 25
48766 22
48767 34
48768 33
48769 2
48770 11
48771 33
48772 26
48773 29
48774 23
48775 20
48776 20
48777 17
48778 35
48779 35
48780 33
48781 26
48782 8
48783 23
48784 1
48785 25
48786 23
48787 81
48788 25
48789 26
48790 18
48791 25
48792 10
48793 8
48794 19
48795 41
48796 28
48797 30
48798 11
48799 46
48800 37
48801 27
48802 50
48803 16
48804 14
48805 29
48806 23
48807 55
48808 26
48809 22
48810 31
48811 43
48812 37
48813 27
48814 42
48815 29
48816 64
48817 54
48818 20
48819 2
48820 17
48821 19
48822 24
48823 72
48824 52
48825 75
48826 43
48827 32
48828 18
48829 29
48830 24
48831 68
48832 27
48833 59
48834 42
48835 7
48836 62
48837 17
48838 26
48839 48
48840 33
48841 16
48842 30
48843 23
48844 40
48845 23
48846 17
48847 24
48848 26
48849 45
48850 29
48851 26
48852 0
48853 18
48854 30
48855 16
48856 85
48857 24
48858 38
48859 17
48860 15
48861 28
48862 28
48863 29
48864 42
48865 20
48866 23
48867 17
48868 31
48869 26
48870 15
48871 39
48872 32
48873 18
48874 4
48875 15
48876 11
48877 11
48878 40
48879 29
48880 27
48881 13
48882 45
48883 64
48884 67
48885 6
48886 32
48887 12
48888 11
48889 23
48890 33
48891 26
48892 45
48893 47
48894 14
48895 18
48896 33
48897 41
48898 48
48899 26
48900 31
48901 11
48902 27
48903 30
48904 36
48905 19
48906 46
48907 34
48908 64
48909 5
48910 17
48911 39
48912 -14
48913 10
48914 -6
48915 38
48916 35
48917 26
48918 53
48919 35
48920 43
48921 -2
48922 44
48923 47
48924 16
48925 8
48926 24
48927 22
48928 28
48929 50
48930 29
48931 38
48932 14
48933 18
48934 20
48935 36
48936 3
48937 16
48938 40
48939 30
48940 36
48941 6
48942 37
48943 -3
48944 46
48945 23
48946 35
48947 32
48948 25
48949 28
48950 32
48951 22
48952 22
48953 56
48954 63
48955 13
48956 8
48957 59
48958 31
48959 26
48960 37
48961 52
48962 6
48963 17
48964 19
48965 1
48966 19
48967 36
48968 54
48969 27
48970 33
48971 77
48972 32
48973 25
48974 6
48975 25
48976 6
48977 62
48978 21
48979 16
48980 46
48981 21
48982 56
48983 43
48984 19
48985 14
48986 39
48987 16
48988 55
48989 18
48990 7
48991 26
48992 29
48993 17
48994 29
48995 38
48996 23
48997 36
48998 55
48999 18
49000 26
49001 30
49002 29
49003 52
49004 9
49005 11
49006 38
49007 19
49008 18
49009 8
49010 -1
49011 32
49012 20
49013 24
49014 19
49015 13
49016 11
49017 72
49018 12
49019 41
49020 27
49021 37
49022 3
49023 18
49024 77
49025 19
49026 26
49027 2
49028 77
49029 48
49030 6
49031 4
49032 5
49033 29
49034 14
49035 9
49036 53
49037 56
49038 39
49039 25
49040 16
49041 5
49042 17
49043 38
49044 52
49045 17
49046 33
49047 41
49048 11
49049 26
49050 6
49051 38
49052 20
49053 -2
49054 31
49055 59
49056 32
49057 54
49058 59
49059 19
49060 37
49061 28
49062 22
49063 43
49064 45
49065 11
49066 31
49067 31
49068 22
49069 55
49070 31
49071 54
49072 29
49073 22
49074 62
49075 15
49076 20
49077 47
49078 11
49079 8
49080 -2
49081 26
49082 27
49083 43
49084 39
49085 17
49086 24
49087 43
49088 28
49089 26
49090 29
49091 33
49092 27
49093 52
49094 27
49095 4
49096 44
49097 29
49098 12
49099 34
49100 32
49101 50
49102 49
49103 11
49104 13
49105 43
49106 33
49107 20
49108 49
49109 37
49110 31
49111 43
49112 12
49113 28
49114 -15
49115 23
49116 -4
49117 32
49118 38
49119 9
49120 18
49121 36
49122 54
49123 23
49124 17
49125 -1
49126 33
49127 43
49128 38
49129 67
49130 26
49131 14
49132 24
49133 27
49134 58
49135 29
49136 12
49137 9
49138 47
49139 24
49140 30
49141 30
49142 34
49143 46
49144 -3
49145 8
49146 8
49147 55
49148 34
49149 25
49150 45
49151 18
49152 19
49153 25
49154 57
49155 5
49156 24
49157 49
49158 15
49159 46
49160 47
49161 11
49162 36
49163 29
49164 7
49165 58
49166 24
49167 34
49168 26
49169 19
49170 31
49171 17
49172 15
49173 15
49174 66
49175 11
49176 30
49177 9
49178 66
49179 12
49180 30
49181 39
49182 20
49183 23
49184 29
49185 36
49186 38
49187 0
49188 13
49189 56
49190 28
49191 14
49192 -12
49193 43
49194 6
49195 27
49196 12
49197 2
49198 10
49199 9
49200 34
49201 19
49202 54
49203 28
49204 40
49205 14
49206 29
49207 47
49208 36
49209 55
49210 46
49211 47
49212 17
49213 23
49214 27
49215 45
49216 -2
49217 26
49218 30
49219 41
49220 42
49221 45
49222 32
49223 29
49224 32
49225 28
49226 45
49227 5
49228 15
49229 26
49230 31
49231 34
49232 24
49233 31
49234 44
49235 36
49236 50
49237 3
49238 24
49239 55
49240 26
49241 39
49242 12
49243 87
49244 23
49245 62
49246 28
49247 54
49248 -12
49249 57
49250 17
49251 16
49252 27
49253 -4
49254 4
49255 19
49256 69
49257 41
49258 28
49259 18
49260 12
49261 22
49262 7
49263 83
49264 52
49265 1
49266 45
49267 18
49268 18
49269 31
49270 19
49271 26
49272 44
49273 33
49274 47
49275 1
49276 13
49277 21
49278 17
49279 0
49280 44
49281 45
49282 28
49283 43
49284 40
49285 46
49286 16
49287 7
49288 46
49289 0
49290 44
49291 39
49292 28
49293 8
49294 40
49295 17
49296 33
49297 22
49298 11
49299 32
49300 28
49301 68
49302 4
49303 45
49304 46
49305 28
49306 35
49307 15
49308 9
49309 9
49310 46
49311 28
49312 21
49313 22
49314 15
49315 19
49316 33
49317 34
49318 35
49319 77
49320 23
49321 -8
49322 19
49323 17
49324 37
49325 37
49326 44
49327 62
49328 23
49329 12
49330 39
49331 30
49332 -7
49333 56
49334 15
49335 36
49336 24
49337 2
49338 10
49339 7
49340 74
49341 45
49342 21
49343 13
49344 38
49345 56
49346 34
49347 23
49348 3
49349 33
49350 32
49351 46
49352 8
49353 63
49354 28
49355 13
49356 0
49357 15
49358 13
49359 31
49360 23
49361 53
49362 28
49363 59
49364 40
49365 21
49366 43
49367 13
49368 3
49369 17
49370 22
49371 35
49372 41
49373 50
49374 61
49375 26
49376 37
49377 22
49378 15
49379 44
49380 30
49381 26
49382 29
49383 41
49384 31
49385 13
49386 6
49387 29
49388 33
49389 16
49390 -3
49391 83
49392 56
49393 21
49394 43
49395 34
49396 19
49397 26
49398 50
49399 29
49400 19
49401 12
49402 30
49403 30
49404 100
49405 11
49406 79
49407 0
49408 25
49409 16
49410 27
49411 18
49412 0
49413 12
49414 36
49415 33
49416 11
49417 35
49418 19
49419 31
49420 30
49421 42
49422 55
49423 27
49424 38
49425 26
49426 63
49427 65
49428 11
49429 45
49430 48
49431 9
49432 15
49433 19
49434 55
49435 8
49436 19
49437 66
49438 28
49439 47
49440 16
49441 30
49442 17
49443 43
49444 24
49445 38
49446 44
49447 20
49448 33
49449 16
49450 14
49451 16
49452 38
49453 17
49454 17
49455 57
49456 22
49457 29
49458 18
49459 7
49460 32
49461 25
49462 16
49463 12
49464 29
49465 36
49466 18
49467 19
49468 45
49469 23
49470 27
49471 27
49472 40
49473 38
49474 26
49475 39
49476 19
49477 21
49478 26
49479 36
49480 33
49481 34
49482 14
49483 58
49484 13
49485 22
49486 30
49487 53
49488 27
49489 27
49490 22
49491 6
49492 34
49493 38
49494 27
49495 7
49496 13
49497 33
49498 15
49499 39
49500 33
49501 33
49502 3
49503 80
49504 15
49505 7
49506 12
49507 54
49508 17
49509 18
49510 54
49511 22
49512 81
49513 23
49514 28
49515 19
49516 58
49517 42
49518 36
49519 -8
49520 17
49521 30
49522 50
49523 31
49524 17
49525 49
49526 33
49527 35
49528 32
49529 49
49530 22
49531 23
49532 39
49533 5
49534 26
49535 53
49536 22
49537 17
49538 32
49539 19
49540 9
49541 30
49542 18
49543 60
49544 57
49545 37
49546 27
49547 8
49548 9
49549 20
49550 66
49551 22
49552 51
49553 27
49554 0
49555 21
49556 35
49557 27
49558 23
49559 25
49560 10
49561 11
49562 26
49563 43
49564 47
49565 24
49566 36
49567 29
49568 38
49569 26
49570 26
49571 36
49572 12
49573 0
49574 57
49575 25
49576 12
49577 12
49578 31
49579 26
49580 58
49581 13
49582 17
49583 68
49584 44
49585 25
49586 71
49587 31
49588 28
49589 9
49590 24
49591 31
49592 15
49593 15
49594 5
49595 25
49596 51
49597 14
49598 15
49599 14
49600 42
49601 38
49602 42
49603 10
49604 3
49605 58
49606 19
49607 41
49608 56
49609 9
49610 19
49611 7
49612 21
49613 27
49614 61
49615 38
49616 53
49617 20
49618 18
49619 22
49620 15
49621 18
49622 56
49623 10
49624 7
49625 44
49626 28
49627 18
49628 30
49629 25
49630 47
49631 23
49632 32
49633 22
49634 24
49635 20
49636 26
49637 19
49638 18
49639 29
49640 57
49641 58
49642 68
49643 11
49644 30
49645 15
49646 10
49647 29
49648 20
49649 15
49650 33
49651 22
49652 22
49653 50
49654 39
49655 36
49656 51
49657 17
49658 18
49659 22
49660 23
49661 43
49662 6
49663 41
49664 33
49665 28
49666 23
49667 27
49668 -6
49669 28
49670 27
49671 -1
49672 4
49673 24
49674 67
49675 0
49676 37
49677 5
49678 6
49679 33
49680 9
49681 21
49682 31
49683 36
49684 7
49685 43
49686 28
49687 25
49688 33
49689 10
49690 129
49691 52
49692 -7
49693 25
49694 29
49695 54
49696 -12
49697 20
49698 44
49699 4
49700 20
49701 50
49702 12
49703 34
49704 21
49705 28
49706 -1
49707 33
49708 26
49709 23
49710 26
49711 19
49712 15
49713 18
49714 19
49715 21
49716 71
49717 34
49718 58
49719 -5
49720 31
49721 24
49722 17
49723 30
49724 38
49725 19
49726 18
49727 35
49728 32
49729 71
49730 10
49731 25
49732 61
49733 -3
49734 21
49735 33
49736 29
49737 14
49738 24
49739 34
49740 54
49741 30
49742 5
49743 46
49744 8
49745 26
49746 25
49747 16
49748 51
49749 34
49750 60
49751 20
49752 51
49753 12
49754 32
49755 16
49756 22
49757 22
49758 9
49759 81
49760 20
49761 33
49762 42
49763 50
49764 16
49765 21
49766 26
49767 33
49768 24
49769 36
49770 13
49771 24
49772 15
49773 14
49774 24
49775 21
49776 28
49777 26
49778 24
49779 31
49780 47
49781 46
49782 29
49783 27
49784 21
49785 10
49786 8
49787 24
49788 28
49789 30
49790 13
49791 48
49792 16
49793 -9
49794 19
49795 32
49796 45
49797 24
49798 46
49799 45
49800 -15
49801 49
49802 18
49803 86
49804 24
49805 21
49806 32
49807 26
49808 39
49809 10
49810 46
49811 30
49812 33
49813 37
49814 17
49815 31
49816 2
49817 32
49818 7
49819 26
49820 8
49821 46
49822 38
49823 15
49824 28
49825 15
49826 15
49827 27
49828 24
49829 9
49830 14
49831 8
49832 3
49833 25
49834 20
49835 15
49836 21
49837 57
49838 12
49839 6
49840 37
49841 32
49842 28
49843 9
49844 27
49845 38
49846 37
49847 32
49848 38
49849 53
49850 16
49851 34
49852 43
49853 37
49854 14
49855 17
49856 37
49857 24
49858 35
49859 35
49860 32
49861 26
49862 29
49863 28
49864 32
49865 19
49866 30
49867 34
49868 17
49869 9
49870 36
49871 37
49872 24
49873 17
49874 45
49875 34
49876 38
49877 45
49878 37
49879 42
49880 -8
49881 8
49882 32
49883 32
49884 24
49885 1
49886 22
49887 23
49888 39
49889 19
49890 22
49891 57
49892 23
49893 25
49894 0
49895 41
49896 66
49897 18
49898 22
49899 2
49900 45
49901 36
49902 37
49903 51
49904 49
49905 57
49906 17
49907 16
49908 39
49909 20
49910 34
49911 5
49912 26
49913 16
49914 28
49915 27
49916 21
49917 27
49918 21
49919 27
49920 62
49921 56
49922 34
49923 26
49924 32
49925 36
49926 47
49927 43
49928 22
49929 31
49930 62
49931 13
49932 13
49933 13
49934 32
49935 -4
49936 41
49937 12
49938 20
49939 12
49940 57
49941 29
49942 36
49943 51
49944 46
49945 30
49946 30
49947 71
49948 13
49949 52
49950 7
49951 23
49952 15
49953 15
49954 43
49955 14
49956 15
49957 47
49958 26
49959 32
49960 37
49961 11
49962 22
49963 20
49964 15
49965 29
49966 30
49967 36
49968 31
49969 3
49970 6
49971 23
49972 3
49973 34
49974 47
49975 73
49976 22
49977 17
49978 24
49979 -10
49980 41
49981 12
49982 25
49983 35
49984 32
49985 22
49986 34
49987 43
49988 14
49989 27
49990 19
49991 62
49992 24
49993 28
49994 33
49995 13
49996 7
49997 14
49998 2
49999 15
50000 27
50001 69
50002 39
50003 21
50004 33
50005 26
50006 56
50007 4
50008 5
50009 9
50010 32
50011 29
50012 38
50013 19
50014 3
50015 5
50016 26
50017 2
50018 61
50019 28
50020 33
50021 50
50022 25
50023 15
50024 28
50025 26
50026 40
50027 29
50028 43
50029 17
50030 52
50031 15
50032 20
50033 22
50034 11
50035 22
50036 34
50037 25
50038 9
50039 3
50040 24
50041 14
50042 40
50043 33
50044 43
50045 54
50046 62
50047 73
50048 15
50049 25
50050 58
50051 10
50052 73
50053 17
50054 23
50055 23
50056 35
50057 37
50058 -2
50059 38
50060 18
50061 30
50062 46
50063 29
50064 52
50065 32
50066 29
50067 42
50068 29
50069 29
50070 25
50071 18
50072 12
50073 -1
50074 17
50075 45
50076 10
50077 90
50078 29
50079 31
50080 30
50081 41
50082 13
50083 44
50084 83
50085 32
50086 19
50087 31
50088 55
50089 0
50090 72
50091 26
50092 23
50093 25
50094 41
50095 51
50096 33
50097 13
50098 34
50099 33
50100 16
50101 40
50102 34
50103 -4
50104 31
50105 38
50106 20
50107 54
50108 18
50109 10
50110 30
50111 39
50112 12
50113 76
50114 21
50115 85
50116 34
50117 22
50118 24
50119 29
50120 18
50121 19
50122 36
50123 30
50124 36
50125 12
50126 14
50127 14
50128 10
50129 32
50130 26
50131 0
50132 28
50133 48
50134 39
50135 -6
50136 26
50137 27
50138 29
50139 26
50140 52
50141 23
50142 39
50143 38
50144 13
50145 26
50146 8
50147 16
50148 18
50149 32
50150 29
50151 21
50152 48
50153 12
50154 30
50155 42
50156 26
50157 30
50158 14
50159 64
50160 27
50161 4
50162 26
50163 25
50164 -4
50165 22
50166 16
50167 32
50168 35
50169 18
50170 16
50171 7
50172 38
50173 45
50174 26
50175 36
50176 47
50177 22
50178 44
50179 35
50180 11
50181 25
50182 25
50183 3
50184 24
50185 23
50186 25
50187 33
50188 23
50189 21
50190 34
50191 23
50192 46
50193 36
50194 22
50195 43
50196 36
50197 26
50198 24
50199 48
50200 29
50201 14
50202 9
50203 59
50204 14
50205 28
50206 44
50207 35
50208 43
50209 32
50210 11
50211 59
50212 15
50213 32
50214 13
50215 48
50216 10
50217 32
50218 25
50219 68
50220 2
50221 14
50222 28
50223 46
50224 21
50225 -2
50226 6
50227 14
50228 21
50229 28
50230 10
50231 14
50232 17
50233 6
50234 51
50235 40
50236 39
50237 30
50238 33
50239 30
50240 5
50241 -2
50242 21
50243 17
50244 44
50245 36
50246 31
50247 51
50248 4
50249 55
50250 13
50251 21
50252 -11
50253 42
50254 22
50255 22
50256 8
50257 12
50258 54
50259 16
50260 23
50261 48
50262 103
50263 29
50264 42
50265 50
50266 28
50267 43
50268 24
50269 39
50270 37
50271 33
50272 39
50273 21
50274 16
50275 28
50276 35
50277 82
50278 -2
50279 49
50280 11
50281 21
50282 23
50283 42
50284 37
50285 75
50286 23
50287 14
50288 32
50289 11
50290 43
50291 27
50292 -20
50293 74
50294 27
50295 27
50296 35
50297 14
50298 34
50299 118
50300 18
50301 43
50302 10
50303 26
50304 91
50305 39
50306 54
50307 36
50308 20
50309 34
50310 38
50311 34
50312 21
50313 43
50314 11
50315 11
50316 6
50317 21
50318 17
50319 19
50320 13
50321 54
50322 12
50323 24
50324 55
50325 -3
50326 38
50327 31
50328 90
50329 10
50330 24
50331 26
50332 43
50333 30
50334 22
50335 45
50336 15
50337 58
50338 6
50339 4
50340 21
50341 54
50342 30
50343 35
50344 52
50345 32
50346 23
50347 43
50348 21
50349 16
50350 54
50351 58
50352 39
50353 -10
50354 39
50355 29
50356 33
50357 21
50358 16
50359 18
50360 29
50361 26
50362 46
50363 55
50364 20
50365 27
50366 9
50367 14
50368 19
50369 24
50370 22
50371 21
50372 5
50373 40
50374 29
50375 26
50376 42
50377 40
50378 39
50379 13
50380 24
50381 41
50382 23
50383 6
50384 7
50385 77
50386 33
50387 24
50388 95
50389 18
50390 28
50391 21
50392 19
50393 22
50394 33
50395 17
50396 14
50397 38
50398 14
50399 27
50400 78
50401 29
50402 45
50403 7
50404 24
50405 34
50406 47
50407 22
50408 27
50409 17
50410 10
50411 31
50412 9
50413 20
50414 22
50415 53
50416 33
50417 15
50418 25
50419 22
50420 15
50421 26
50422 24
50423 60
50424 45
50425 65
50426 15
50427 39
50428 23
50429 40
50430 53
50431 14
50432 27
50433 32
50434 43
50435 20
50436 34
50437 35
50438 22
50439 24
50440 18
50441 3
50442 26
50443 11
50444 36
50445 12
50446 16
50447 19
50448 33
50449 33
50450 3
50451 20
50452 30
50453 22
50454 26
50455 28
50456 13
50457 35
50458 34
50459 6
50460 6
50461 -5
50462 25
50463 32
50464 24
50465 94
50466 33
50467 20
50468 36
50469 18
50470 32
50471 26
50472 29
50473 14
50474 44
50475 67
50476 13
50477 29
50478 35
50479 26
50480 12
50481 35
50482 18
50483 2
50484 30
50485 40
50486 17
50487 4
50488 16
50489 53
50490 21
50491 25
50492 46
50493 22
50494 37
50495 31
50496 47
50497 15
50498 32
50499 45
50500 17
50501 12
50502 23
50503 11
50504 35
50505 20
50506 40
50507 25
50508 10
50509 43
50510 29
50511 57
50512 53
50513 47
50514 14
50515 71
50516 18
50517 42
50518 36
50519 20
50520 32
50521 12
50522 56
50523 21
50524 19
50525 41
50526 41
50527 27
50528 85
50529 16
50530 112
50531 16
50532 20
50533 42
50534 9
50535 41
50536 25
50537 37
50538 20
50539 38
50540 20
50541 25
50542 11
50543 23
50544 40
50545 3
50546 31
50547 5
50548 46
50549 17
50550 19
50551 55
50552 45
50553 73
50554 15
50555 72
50556 28
50557 31
50558 28
50559 33
50560 21
50561 27
50562 28
50563 28
50564 17
50565 34
50566 34
50567 38
50568 18
50569 -5
50570 27
50571 28
50572 13
50573 25
50574 37
50575 40
50576 21
50577 33
50578 23
50579 23
50580 16
50581 26
50582 43
50583 5
50584 38
50585 56
50586 18
50587 18
50588 15
50589 36
50590 6
50591 24
50592 48
50593 6
50594 24
50595 29
50596 79
50597 45
50598 20
50599 61
50600 90
50601 10
50602 16
50603 20
50604 21
50605 23
50606 44
50607 45
50608 54
50609 22
50610 67
50611 17
50612 35
50613 -5
50614 16
50615 2
50616 23
50617 43
50618 34
50619 61
50620 9
50621 64
50622 57
50623 17
50624 25
50625 19
50626 19
50627 28
50628 10
50629 69
50630 23
50631 11
50632 14
50633 25
50634 22
50635 78
50636 31
50637 17
50638 18
50639 39
50640 57
50641 21
50642 30
50643 57
50644 43
50645 15
50646 47
50647 1
50648 12
50649 6
50650 15
50651 47
50652 13
50653 24
50654 7
50655 63
50656 20
50657 32
50658 25
50659 30
50660 14
50661 4
50662 66
50663 31
50664 8
50665 25
50666 4
50667 34
50668 32
50669 21
50670 18
50671 43
50672 1
50673 24
50674 21
50675 28
50676 6
50677 20
50678 9
50679 10
50680 13
50681 17
50682 26
50683 20
50684 18
50685 21
50686 81
50687 45
50688 25
50689 42
50690 15
50691 39
50692 29
50693 16
50694 30
50695 27
50696 41
50697 45
50698 28
50699 32
50700 31
50701 -3
50702 38
50703 25
50704 79
50705 5
50706 15
50707 21
50708 8
50709 16
50710 18
50711 58
50712 20
50713 0
50714 11
50715 9
50716 31
50717 37
50718 14
50719 37
50720 29
50721 23
50722 1
50723 27
50724 18
50725 19
50726 21
50727 38
50728 15
50729 19
50730 27
50731 18
50732 45
50733 25
50734 39
50735 53
50736 32
50737 11
50738 21
50739 5
50740 30
50741 65
50742 5
50743 19
50744 3
50745 31
50746 66
50747 36
50748 37
50749 -5
50750 10
50751 36
50752 13
50753 15
50754 13
50755 6
50756 17
50757 31
50758 2
50759 34
50760 6
50761 26
50762 26
50763 13
50764 32
50765 31
50766 32
50767 99
50768 43
50769 23
50770 9
50771 25
50772 24
50773 68
50774 21
50775 1
50776 41
50777 14
50778 29
50779 57
50780 41
50781 53
50782 21
50783 58
50784 3
50785 35
50786 18
50787 9
50788 16
50789 23
50790 84
50791 34
50792 26
50793 38
50794 16
50795 27
50796 20
50797 7
50798 37
50799 21
50800 30
50801 38
50802 20
50803 47
50804 23
50805 -12
50806 38
50807 16
50808 2
50809 34
50810 87
50811 28
50812 22
50813 43
50814 12
50815 22
50816 61
50817 15
50818 21
50819 9
50820 19
50821 26
50822 34
50823 44
50824 32
50825 28
50826 25
50827 -1
50828 7
50829 19
50830 35
50831 42
50832 14
50833 16
50834 18
50835 37
50836 43
50837 17
50838 10
50839 22
50840 9
50841 22
50842 28
50843 36
50844 4
50845 44
50846 8
50847 46
50848 14
50849 63
50850 21
50851 36
50852 34
50853 80
50854 40
50855 32
50856 21
50857 23
50858 17
50859 23
50860 28
50861 14
50862 31
50863 41
50864 4
50865 27
50866 18
50867 22
50868 23
50869 46
50870 15
50871 10
50872 38
50873 20
50874 32
50875 32
50876 40
50877 43
50878 37
50879 9
50880 19
50881 20
50882 -6
50883 7
50884 21
50885 30
50886 20
50887 46
50888 33
50889 25
50890 21
50891 0
50892 33
50893 25
50894 -9
50895 11
50896 31
50897 12
50898 62
50899 21
50900 37
50901 38
50902 27
50903 24
50904 51
50905 28
50906 22
50907 42
50908 33
50909 27
50910 16
50911 27
50912 34
50913 19
50914 12
50915 24
50916 47
50917 19
50918 28
50919 24
50920 14
50921 15
50922 39
50923 45
50924 24
50925 3
50926 28
50927 -3
50928 13
50929 32
50930 19
50931 28
50932 36
50933 7
50934 15
50935 22
50936 25
50937 26
50938 68
50939 24
50940 45
50941 21
50942 25
50943 81
50944 6
50945 11
50946 14
50947 48
50948 7
50949 35
50950 11
50951 22
50952 29
50953 6
50954 35
50955 30
50956 32
50957 6
50958 34
50959 6
50960 38
50961 47
50962 35
50963 25
50964 19
50965 17
50966 44
50967 -5
50968 39
50969 20
50970 34
50971 28
50972 48
50973 25
50974 18
50975 19
50976 0
50977 32
50978 23
50979 22
50980 24
50981 15
50982 17
50983 21
50984 25
50985 16
50986 23
50987 33
50988 48
50989 34
50990 43
50991 -2
50992 30
50993 11
50994 47
50995 33
50996 39
50997 12
50998 11
50999 16
51000 24
51001 11
51002 23
51003 42
51004 17
51005 -10
51006 26
51007 42
51008 36
51009 10
51010 27
51011 29
51012 40
51013 -2
51014 26
51015 61
51016 68
51017 16
51018 13
51019 61
51020 43
51021 28
51022 22
51023 18
51024 25
51025 30
51026 36
51027 15
51028 24
51029 13
51030 39
51031 27
51032 42
51033 20
51034 38
51035 17
51036 32
51037 3
51038 24
51039 46
51040 9
51041 30
51042 46
51043 62
51044 24
51045 24
51046 18
51047 66
51048 23
51049 79
51050 45
51051 29
51052 68
51053 15
51054 46
51055 21
51056 4
51057 36
51058 28
51059 17
51060 37
51061 24
51062 26
51063 11
51064 27
51065 1
51066 25
51067 22
51068 61
51069 44
51070 34
51071 35
51072 14
51073 13
51074 1
51075 21
51076 -4
51077 11
51078 47
51079 36
51080 9
51081 24
51082 -6
51083 10
51084 21
51085 27
51086 0
51087 61
51088 29
51089 32
51090 46
51091 8
51092 27
51093 26
51094 43
51095 24
51096 10
51097 43
51098 36
51099 42
51100 17
51101 4
51102 39
51103 25
51104 42
51105 51
51106 43
51107 50
51108 22
51109 45
51110 15
51111 31
51112 9
51113 33
51114 16
51115 18
51116 26
51117 42
51118 32
51119 38
51120 31
51121 70
51122 20
51123 18
51124 38
51125 27
51126 18
51127 38
51128 49
51129 34
51130 22
51131 25
51132 0
51133 61
51134 45
51135 32
51136 20
51137 5
51138 52
51139 69
51140 46
51141 30
51142 17
51143 17
51144 13
51145 18
51146 31
51147 20
51148 9
51149 45
51150 6
51151 33
51152 4
51153 14
51154 9
51155 20
51156 34
51157 -6
51158 11
51159 19
51160 32
51161 0
51162 13
51163 45
51164 10
51165 34
51166 87
51167 11
51168 6
51169 47
51170 2
51171 61
51172 30
51173 26
51174 31
51175 65
51176 55
51177 11
51178 31
51179 23
51180 26
51181 13
51182 -21
51183 73
51184 27
51185 65
51186 4
51187 -9
51188 19
51189 56
51190 56
51191 36
51192 51
51193 18
51194 -10
51195 46
51196 29
51197 29
51198 30
51199 31
51200 42
51201 37
51202 75
51203 20
51204 3
51205 14
51206 38
51207 19
51208 7
51209 51
51210 65
51211 8
51212 55
51213 8
51214 14
51215 33
51216 -9
51217 37
51218 28
51219 5
51220 25
51221 24
51222 0
51223 49
51224 13
51225 20
51226 19
51227 49
51228 29
51229 26
51230 53
51231 -8
51232 3
51233 3
51234 28
51235 24
51236 10
51237 11
51238 -2
51239 40
51240 29
51241 4
51242 36
51243 31
51244 26
51245 7
51246 24
51247 24
51248 35
51249 26
51250 29
51251 17
51252 61
51253 12
51254 30
51255 66
51256 31
51257 31
51258 20
51259 20
51260 25
51261 24
51262 21
51263 44
51264 53
51265 -1
51266 2
51267 19
51268 36
51269 23
51270 28
51271 31
51272 34
51273 0
51274 36
51275 10
51276 32
51277 14
51278 39
51279 28
51280 -3
51281 10
51282 58
51283 17
51284 33
51285 33
51286 32
51287 26
51288 47
51289 8
51290 20
51291 45
51292 4
51293 10
51294 33
51295 7
51296 65
51297 25
51298 61
51299 29
51300 67
51301 34
51302 19
51303 33
51304 5
51305 69
51306 28
51307 58
51308 30
51309 30
51310 6
51311 25
51312 38
51313 33
51314 57
51315 15
51316 35
51317 23
51318 29
51319 45
51320 46
51321 8
51322 41
51323 70
51324 106
51325 40
51326 39
51327 26
51328 6
51329 28
51330 18
51331 4
51332 24
51333 35
51334 35
51335 13
51336 36
51337 5
51338 19
51339 32
51340 23
51341 56
51342 16
51343 36
51344 29
51345 31
51346 40
51347 38
51348 49
51349 36
51350 36
51351 22
51352 32
51353 40
51354 23
51355 15
51356 28
51357 45
51358 45
51359 27
51360 41
51361 62
51362 34
51363 5
51364 17
51365 15
51366 39
51367 14
51368 8
51369 35
51370 -8
51371 29
51372 37
51373 24
51374 40
51375 58
51376 26
51377 12
51378 40
51379 32
51380 -5
51381 11
51382 19
51383 75
51384 14
51385 43
51386 41
51387 17
51388 15
51389 40
51390 3
51391 20
51392 33
51393 -2
51394 16
51395 13
51396 30
51397 46
51398 12
51399 18
51400 35
51401 64
51402 7
51403 1
51404 27
51405 35
51406 12
51407 39
51408 37
51409 17
51410 22
51411 17
51412 37
51413 30
51414 47
51415 35
51416 51
51417 8
51418 61
51419 28
51420 82
51421 29
51422 56
51423 28
51424 1
51425 23
51426 30
51427 35
51428 16
51429 20
51430 13
51431 34
51432 27
51433 52
51434 19
51435 47
51436 41
51437 -12
51438 21
51439 31
51440 56
51441 16
51442 27
51443 32
51444 11
51445 14
51446 53
51447 18
51448 31
51449 2
51450 14
51451 27
51452 2
51453 24
51454 4
51455 36
51456 41
51457 30
51458 10
51459 15
51460 23
51461 10
51462 32
51463 30
51464 58
51465 51
51466 18
51467 14
51468 23
51469 56
51470 26
51471 86
51472 17
51473 47
51474 29
51475 21
51476 52
51477 39
51478 27
51479 36
51480 63
51481 28
51482 81
51483 9
51484 35
51485 29
51486 28
51487 23
51488 48
51489 25
51490 23
51491 7
51492 32
51493 10
51494 29
51495 80
51496 17
51497 27
51498 13
51499 47
51500 35
51501 25
51502 43
51503 40
51504 19
51505 6
51506 27
51507 34
51508 11
51509 15
51510 -1
51511 28
51512 51
51513 10
51514 22
51515 43
51516 -3
51517 28
51518 23
51519 21
51520 22
51521 19
51522 18
51523 26
51524 121
51525 38
51526 13
51527 21
51528 10
51529 66
51530 48
51531 16
51532 17
51533 27
51534 25
51535 13
51536 60
51537 19
51538 -1
51539 13
51540 32
51541 10
51542 11
51543 37
51544 56
51545 8
51546 14
51547 43
51548 29
51549 20
51550 38
51551 0
51552 37
51553 43
51554 37
51555 43
51556 17
51557 21
51558 10
51559 10
51560 4
51561 24
51562 28
51563 38
51564 5
51565 54
51566 0
51567 42
51568 17
51569 21
51570 47
51571 66
51572 43
51573 40
51574 17
51575 20
51576 23
51577 32
51578 20
51579 15
51580 57
51581 30
51582 -3
51583 38
51584 3
51585 35
51586 45
51587 39
51588 11
51589 26
51590 6
51591 26
51592 38
51593 21
51594 28
51595 45
51596 29
51597 22
51598 33
51599 33
51600 9
51601 28
51602 23
51603 1
51604 27
51605 24
51606 36
51607 17
51608 15
51609 46
51610 -2
51611 19
51612 40
51613 38
51614 32
51615 29
51616 21
51617 19
51618 56
51619 15
51620 18
51621 50
51622 22
51623 36
51624 22
51625 35
51626 44
51627 23
51628 59
51629 21
51630 23
51631 25
51632 24
51633 70
51634 29
51635 40
51636 20
51637 26
51638 13
51639 28
51640 33
51641 69
51642 27
51643 68
51644 19
51645 34
51646 54
51647 21
51648 25
51649 26
51650 46
51651 26
51652 36
51653 22
51654 17
51655 13
51656 25
51657 27
51658 9
51659 30
51660 11
51661 32
51662 59
51663 46
51664 42
51665 7
51666 15
51667 48
51668 11
51669 22
51670 27
51671 47
51672 4
51673 26
51674 42
51675 37
51676 33
51677 34
51678 41
51679 16
51680 12
51681 19
51682 16
51683 9
51684 55
51685 94
51686 29
51687 33
51688 37
51689 32
51690 22
51691 11
51692 27
51693 27
51694 80
51695 55
51696 11
51697 22
51698 66
51699 21
51700 28
51701 25
51702 24
51703 -4
51704 28
51705 30
51706 36
51707 40
51708 30
51709 29
51710 12
51711 19
51712 21
51713 38
51714 52
51715 4
51716 21
51717 27
51718 40
51719 32
51720 16
51721 34
51722 34
51723 36
51724 17
51725 31
51726 13
51727 -3
51728 6
51729 31
51730 60
51731 28
51732 98
51733 21
51734 12
51735 6
51736 74
51737 25
51738 26
51739 35
51740 46
51741 31
51742 39
51743 -1
51744 69
51745 21
51746 20
51747 7
51748 27
51749 70
51750 39
51751 27
51752 60
51753 18
51754 20
51755 20
51756 36
51757 25
51758 1
51759 11
51760 25
51761 20
51762 30
51763 14
51764 32
51765 23
51766 40
51767 26
51768 2
51769 17
51770 18
51771 34
51772 8
51773 51
51774 18
51775 28
51776 12
51777 7
51778 34
51779 20
51780 0
51781 17
51782 21
51783 15
51784 48
51785 31
51786 31
51787 26
51788 55
51789 14
51790 52
51791 10
51792 47
51793 8
51794 48
51795 37
51796 14
51797 24
51798 55
51799 15
51800 55
51801 37
51802 43
51803 17
51804 27
51805 12
51806 9
51807 38
51808 26
51809 -3
51810 7
51811 19
51812 18
51813 52
51814 44
51815 29
51816 4
51817 13
51818 32
51819 34
51820 41
51821 47
51822 10
51823 8
51824 32
51825 37
51826 17
51827 25
51828 68
51829 22
51830 24
51831 26
51832 38
51833 43
51834 40
51835 25
51836 17
51837 41
51838 16
51839 39
51840 19
51841 39
51842 25
51843 45
51844 55
51845 53
51846 25
51847 14
51848 35
51849 18
51850 36
51851 17
51852 6
51853 19
51854 30
51855 7
51856 35
51857 40
51858 9
51859 37
51860 49
51861 28
51862 24
51863 3
51864 34
51865 25
51866 23
51867 21
51868 15
51869 27
51870 11
51871 10
51872 27
51873 18
51874 12
51875 14
51876 87
51877 44
51878 45
51879 43
51880 30
51881 36
51882 20
51883 28
51884 21
51885 8
51886 49
51887 15
51888 21
51889 24
51890 41
51891 30
51892 31
51893 24
51894 23
51895 36
51896 29
51897 6
51898 15
51899 30
51900 50
51901 31
51902 24
51903 -10
51904 2
51905 45
51906 7
51907 3
51908 24
51909 31
51910 34
51911 35
51912 11
51913 30
51914 19
51915 52
51916 44
51917 22
51918 29
51919 49
51920 50
51921 10
51922 10
51923 8
51924 21
51925 20
51926 4
51927 38
51928 16
51929 34
51930 17
51931 42
51932 34
51933 16
51934 33
51935 11
51936 70
51937 11
51938 28
51939 23
51940 23
51941 22
51942 2
51943 25
51944 19
51945 40
51946 22
51947 7
51948 74
51949 18
51950 23
51951 -5
51952 20
51953 3
51954 11
51955 34
51956 20
51957 28
51958 16
51959 10
51960 24
51961 25
51962 19
51963 16
51964 14
51965 24
51966 25
51967 13
51968 23
51969 32
51970 -9
51971 37
51972 15
51973 44
51974 58
51975 29
51976 21
51977 52
51978 26
51979 8
51980 48
51981 37
51982 23
51983 30
51984 37
51985 14
51986 19
51987 17
51988 51
51989 53
51990 22
51991 19
51992 23
51993 0
51994 3
51995 31
51996 3
51997 33
51998 49
51999 0
52000 15
52001 12
52002 18
52003 68
52004 14
52005 33
52006 44
52007 27
52008 45
52009 54
52010 15
52011 30
52012 15
52013 10
52014 37
52015 35
52016 26
52017 15
52018 35
52019 16
52020 35
52021 20
52022 96
52023 36
52024 31
52025 19
52026 39
52027 5
52028 23
52029 12
52030 45
52031 10
52032 20
52033 41
52034 49
52035 43
52036 54
52037 63
52038 23
52039 65
52040 8
52041 26
52042 35
52043 10
52044 18
52045 29
52046 7
52047 62
52048 51
52049 67
52050 35
52051 13
52052 53
52053 16
52054 28
52055 57
52056 14
52057 29
52058 36
52059 21
52060 35
52061 51
52062 21
52063 15
52064 35
52065 13
52066 28
52067 64
52068 36
52069 26
52070 5
52071 37
52072 22
52073 49
52074 58
52075 36
52076 10
52077 56
52078 43
52079 44
52080 -4
52081 22
52082 29
52083 20
52084 35
52085 -10
52086 45
52087 8
52088 10
52089 37
52090 17
52091 27
52092 56
52093 20
52094 19
52095 21
52096 58
52097 15
52098 27
52099 17
52100 46
52101 33
52102 60
52103 24
52104 33
52105 23
52106 10
52107 42
52108 25
52109 19
52110 41
52111 33
52112 11
52113 22
52114 7
52115 58
52116 25
52117 21
52118 5
52119 -3
52120 20
52121 28
52122 29
52123 31
52124 2
52125 65
52126 19
52127 53
52128 46
52129 24
52130 32
52131 9
52132 36
52133 33
52134 24
52135 49
52136 23
52137 24
52138 13
52139 -4
52140 14
52141 22
52142 69
52143 25
52144 5
52145 43
52146 23
52147 28
52148 32
52149 8
52150 48
52151 69
52152 25
52153 14
52154 3
52155 78
52156 39
52157 31
52158 0
52159 21
52160 31
52161 21
52162 28
52163 8
52164 18
52165 54
52166 49
52167 9
52168 53
52169 14
52170 54
52171 48
52172 34
52173 4
52174 37
52175 31
52176 20
52177 22
52178 -3
52179 20
52180 5
52181 13
52182 22
52183 19
52184 22
52185 31
52186 26
52187 9
52188 2
52189 29
52190 -15
52191 79
52192 67
52193 35
52194 40
52195 28
52196 21
52197 89
52198 39
52199 40
52200 6
52201 28
52202 35
52203 13
52204 50
52205 29
52206 -2
52207 44
52208 16
52209 28
52210 20
52211 72
52212 7
52213 9
52214 13
52215 9
52216 121
52217 36
52218 34
52219 23
52220 8
52221 29
52222 18
52223 11
52224 27
52225 53
52226 23
52227 32
52228 20
52229 30
52230 23
52231 25
52232 47
52233 1
52234 54
52235 33
52236 10
52237 38
52238 18
52239 12
52240 21
52241 6
52242 10
52243 18
52244 14
52245 51
52246 25
52247 32
52248 27
52249 6
52250 11
52251 10
52252 28
52253 48
52254 20
52255 19
52256 17
52257 30
52258 33
52259 34
52260 31
52261 4
52262 22
52263 15
52264 38
52265 54
52266 44
52267 40
52268 58
52269 16
52270 40
52271 74
52272 11
52273 20
52274 33
52275 11
52276 21
52277 23
52278 36
52279 2
52280 36
52281 4
52282 24
52283 4
52284 19
52285 13
52286 2
52287 61
52288 32
52289 18
52290 45
52291 33
52292 37
52293 16
52294 15
52295 7
52296 22
52297 65
52298 12
52299 48
52300 18
52301 3
52302 69
52303 9
52304 26
52305 22
52306 6
52307 10
52308 18
52309 -4
52310 34
52311 42
52312 1
52313 16
52314 36
52315 30
52316 23
52317 44
52318 29
52319 15
52320 41
52321 31
52322 47
52323 41
52324 24
52325 27
52326 59
52327 15
52328 29
52329 7
52330 22
52331 17
52332 26
52333 50
52334 12
52335 36
52336 33
52337 40
52338 37
52339 32
52340 27
52341 22
52342 33
52343 31
52344 37
52345 26
52346 46
52347 37
52348 15
52349 -14
52350 39
52351 33
52352 11
52353 18
52354 69
52355 11
52356 22
52357 20
52358 1
52359 21
52360 105
52361 28
52362 27
52363 -3
52364 -1
52365 61
52366 32
52367 15
52368 27
52369 22
52370 17
52371 32
52372 13
52373 32
52374 33
52375 27
52376 47
52377 22
52378 56
52379 37
52380 35
52381 13
52382 27
52383 11
52384 19
52385 34
52386 51
52387 14
52388 34
52389 0
52390 17
52391 64
52392 10
52393 13
52394 16
52395 54
52396 7
52397 16
52398 7
52399 20
52400 25
52401 2
52402 41
52403 28
52404 12
52405 12
52406 35
52407 30
52408 23
52409 20
52410 43
52411 22
52412 8
52413 37
52414 25
52415 21
52416 1
52417 47
52418 7
52419 20
52420 36
52421 42
52422 30
52423 46
52424 16
52425 14
52426 23
52427 20
52428 31
52429 23
52430 22
52431 31
52432 35
52433 28
52434 10
52435 40
52436 46
52437 5
52438 18
52439 13
52440 60
52441 22
52442 6
52443 18
52444 21
52445 75
52446 24
52447 10
52448 21
52449 36
52450 41
52451 19
52452 38
52453 30
52454 -8
52455 17
52456 27
52457 30
52458 38
52459 37
52460 25
52461 5
52462 27
52463 46
52464 13
52465 46
52466 25
52467 29
52468 10
52469 24
52470 17
52471 42
52472 38
52473 17
52474 17
52475 24
52476 18
52477 19
52478 8
52479 3
52480 28
52481 51
52482 40
52483 38
52484 47
52485 15
52486 28
52487 74
52488 24
52489 12
52490 33
52491 60
52492 14
52493 16
52494 13
52495 4
52496 25
52497 44
52498 26
52499 25
52500 31
52501 5
52502 36
52503 11
52504 32
52505 22
52506 9
52507 28
52508 64
52509 11
52510 61
52511 12
52512 15
52513 36
52514 16
52515 35
52516 -2
52517 38
52518 21
52519 15
52520 28
52521 38
52522 29
52523 28
52524 43
52525 6
52526 42
52527 60
52528 -20
52529 74
52530 26
52531 30
52532 10
52533 14
52534 37
52535 20
52536 37
52537 38
52538 10
52539 16
52540 63
52541 21
52542 23
52543 21
52544 28
52545 25
52546 17
52547 48
52548 76
52549 32
52550 21
52551 46
52552 5
52553 25
52554 5
52555 26
52556 10
52557 21
52558 19
52559 12
52560 33
52561 32
52562 39
52563 18
52564 37
52565 40
52566 8
52567 20
52568 9
52569 21
52570 9
52571 29
52572 -2
52573 27
52574 36
52575 44
52576 29
52577 25
52578 25
52579 48
52580 -1
52581 33
52582 18
52583 28
52584 16
52585 37
52586 43
52587 20
52588 28
52589 14
52590 41
52591 39
52592 25
52593 59
52594 39
52595 19
52596 21
52597 44
52598 5
52599 7
52600 24
52601 62
52602 36
52603 13
52604 13
52605 20
52606 -7
52607 46
52608 34
52609 30
52610 37
52611 39
52612 54
52613 24
52614 17
52615 45
52616 46
52617 33
52618 10
52619 25
52620 6
52621 32
52622 2
52623 18
52624 25
52625 52
52626 69
52627 33
52628 10
52629 14
52630 47
52631 27
52632 22
52633 30
52634 8
52635 61
52636 44
52637 10
52638 32
52639 46
52640 6
52641 24
52642 28
52643 16
52644 16
52645 13
52646 69
52647 42
52648 32
52649 19
52650 20
52651 38
52652 14
52653 37
52654 31
52655 44
52656 73
52657 8
52658 21
52659 13
52660 56
52661 47
52662 30
52663 6
52664 53
52665 26
52666 50
52667 36
52668 27
52669 21
52670 40
52671 17
52672 32
52673 10
52674 -16
52675 22
52676 38
52677 17
52678 8
52679 31
52680 43
52681 13
52682 37
52683 26
52684 17
52685 12
52686 -3
52687 16
52688 30
52689 -1
52690 51
52691 33
52692 3
52693 30
52694 45
52695 11
52696 38
52697 30
52698 20
52699 56
52700 18
52701 18
52702 8
52703 14
52704 14
52705 3
52706 61
52707 18
52708 19
52709 25
52710 50
52711 23
52712 42
52713 4
52714 16
52715 10
52716 14
52717 -18
52718 20
52719 25
52720 25
52721 32
52722 13
52723 45
52724 5
52725 25
52726 26
52727 18
52728 42
52729 22
52730 5
52731 10
52732 -18
52733 36
52734 26
52735 -9
52736 48
52737 73
52738 24
52739 35
52740 28
52741 48
52742 19
52743 41
52744 17
52745 11
52746 7
52747 8
52748 30
52749 38
52750 16
52751 31
52752 5
52753 46
52754 37
52755 22
52756 -1
52757 58
52758 26
52759 1
52760 15
52761 27
52762 17
52763 32
52764 41
52765 20
52766 24
52767 1
52768 30
52769 9
52770 30
52771 22
52772 61
52773 -5
52774 17
52775 36
52776 70
52777 40
52778 20
52779 39
52780 6
52781 25
52782 34
52783 48
52784 16
52785 23
52786 22
52787 33
52788 29
52789 31
52790 20
52791 35
52792 35
52793 11
52794 39
52795 30
52796 27
52797 36
52798 23
52799 6
52800 19
52801 50
52802 75
52803 9
52804 43
52805 41
52806 1
52807 -6
52808 45
52809 10
52810 35
52811 40
52812 11
52813 19
52814 48
52815 9
52816 37
52817 30
52818 21
52819 51
52820 32
52821 22
52822 19
52823 4
52824 31
52825 23
52826 40
52827 33
52828 37
52829 8
52830 6
52831 39
52832 18
52833 38
52834 12
52835 60
52836 48
52837 35
52838 21
52839 47
52840 44
52841 28
52842 28
52843 29
52844 15
52845 34
52846 33
52847 58
52848 17
52849 19
52850 46
52851 37
52852 45
52853 22
52854 22
52855 29
52856 16
52857 62
52858 22
52859 33
52860 72
52861 30
52862 6
52863 24
52864 9
52865 21
52866 8
52867 10
52868 35
52869 82
52870 15
52871 22
52872 37
52873 18
52874 32
52875 30
52876 3
52877 28
52878 24
52879 5
52880 15
52881 9
52882 46
52883 24
52884 -3
52885 26
52886 8
52887 10
52888 18
52889 32
52890 27
52891 19
52892 21
52893 34
52894 21
52895 24
52896 41
52897 23
52898 41
52899 10
52900 32
52901 17
52902 24
52903 15
52904 18
52905 15
52906 12
52907 33
52908 42
52909 38
52910 21
52911 77
52912 5
52913 9
52914 14
52915 65
52916 28
52917 41
52918 27
52919 23
52920 17
52921 17
52922 54
52923 11
52924 47
52925 16
52926 43
52927 6
52928 3
52929 36
52930 26
52931 30
52932 33
52933 23
52934 47
52935 9
52936 14
52937 37
52938 24
52939 28
52940 34
52941 7
52942 6
52943 32
52944 42
52945 23
52946 41
52947 28
52948 8
52949 46
52950 31
52951 23
52952 20
52953 54
52954 35
52955 12
52956 19
52957 8
52958 16
52959 13
52960 14
52961 16
52962 23
52963 24
52964 4
52965 -10
52966 30
52967 25
52968 65
52969 29
52970 4
52971 23
52972 12
52973 66
52974 39
52975 56
52976 42
52977 46
52978 35
52979 15
52980 -7
52981 25
52982 15
52983 23
52984 33
52985 14
52986 27
52987 -2
52988 86
52989 30
52990 18
52991 39
52992 14
52993 14
52994 29
52995 18
52996 41
52997 35
52998 26
52999 36
53000 23
53001 17
53002 20
53003 21
53004 26
53005 6
53006 18
53007 16
53008 37
53009 24
53010 38
53011 21
53012 25
53013 13
53014 21
53015 27
53016 8
53017 19
53018 2
53019 39
53020 20
53021 38
53022 51
53023 27
53024 63
53025 -20
53026 21
53027 17
53028 57
53029 75
53030 38
53031 25
53032 36
53033 10
53034 43
53035 45
53036 -1
53037 16
53038 27
53039 26
53040 77
53041 16
53042 20
53043 48
53044 35
53045 13
53046 24
53047 25
53048 38
53049 23
53050 -3
53051 24
53052 23
53053 40
53054 20
53055 -8
53056 35
53057 62
53058 38
53059 10
53060 36
53061 29
53062 65
53063 -4
53064 36
53065 28
53066 24
53067 26
53068 16
53069 23
53070 20
53071 19
53072 3
53073 10
53074 61
53075 -1
53076 42
53077 23
53078 31
53079 58
53080 22
53081 20
53082 67
53083 48
53084 43
53085 3
53086 16
53087 31
53088 28
53089 30
53090 41
53091 34
53092 5
53093 -18
53094 29
53095 18
53096 33
53097 33
53098 22
53099 16
53100 15
53101 -5
53102 8
53103 13
53104 14
53105 45
53106 31
53107 22
53108 24
53109 11
53110 11
53111 37
53112 44
53113 6
53114 26
53115 48
53116 8
53117 13
53118 26
53119 37
53120 23
53121 27
53122 14
53123 48
53124 16
53125 20
53126 12
53127 40
53128 18
53129 62
53130 29
53131 0
53132 32
53133 10
53134 36
53135 37
53136 29
53137 48
53138 46
53139 9
53140 22
53141 13
53142 18
53143 20
53144 13
53145 18
53146 17
53147 -1
53148 18
53149 17
53150 17
53151 34
53152 39
53153 20
53154 13
53155 11
53156 34
53157 16
53158 24
53159 34
53160 13
53161 37
53162 20
53163 58
53164 30
53165 22
53166 22
53167 37
53168 26
53169 19
53170 27
53171 21
53172 12
53173 40
53174 35
53175 14
53176 43
53177 39
53178 48
53179 15
53180 42
53181 -3
53182 6
53183 21
53184 36
53185 15
53186 23
53187 11
53188 42
53189 33
53190 30
53191 25
53192 41
53193 15
53194 6
53195 12
53196 28
53197 51
53198 15
53199 48
53200 40
53201 48
53202 31
53203 23
53204 48
53205 30
53206 26
53207 11
53208 39
53209 44
53210 45
53211 24
53212 4
53213 25
53214 3
53215 41
53216 52
53217 102
53218 30
53219 18
53220 30
53221 45
53222 5
53223 23
53224 82
53225 21
53226 33
53227 68
53228 26
53229 14
53230 38
53231 46
53232 35
53233 8
53234 29
53235 3
53236 48
53237 18
53238 29
53239 37
53240 24
53241 16
53242 15
53243 18
53244 33
53245 66
53246 38
53247 33
53248 27
53249 4
53250 35
53251 19
53252 12
53253 56
53254 29
53255 40
53256 10
53257 48
53258 42
53259 54
53260 7
53261 29
53262 17
53263 26
53264 5
53265 38
53266 9
53267 44
53268 39
53269 25
53270 53
53271 26
53272 26
53273 64
53274 30
53275 11
53276 18
53277 17
53278 18
53279 22
53280 43
53281 4
53282 60
53283 40
53284 9
53285 21
53286 5
53287 3
53288 4
53289 52
53290 17
53291 89
53292 38
53293 50
53294 9
53295 23
53296 57
53297 17
53298 30
53299 12
53300 18
53301 41
53302 15
53303 26
53304 122
53305 11
53306 16
53307 19
53308 33
53309 2
53310 9
53311 36
53312 32
53313 38
53314 -6
53315 -4
53316 56
53317 36
53318 15
53319 24
53320 21
53321 44
53322 13
53323 40
53324 32
53325 25
53326 41
53327 36
53328 26
53329 3
53330 17
53331 57
53332 39
53333 58
53334 25
53335 35
53336 30
53337 12
53338 36
53339 26
53340 1
53341 1
53342 8
53343 12
53344 26
53345 69
53346 3
53347 27
53348 36
53349 34
53350 48
53351 6
53352 29
53353 106
53354 9
53355 34
53356 24
53357 107
53358 7
53359 35
53360 24
53361 38
53362 28
53363 14
53364 48
53365 12
53366 30
53367 38
53368 17
53369 18
53370 19
53371 32
53372 10
53373 22
53374 26
53375 45
53376 16
53377 9
53378 38
53379 28
53380 12
53381 21
53382 26
53383 13
53384 18
53385 30
53386 29
53387 37
53388 27
53389 50
53390 38
53391 5
53392 18
53393 28
53394 29
53395 30
53396 23
53397 40
53398 8
53399 14
53400 19
53401 49
53402 46
53403 35
53404 57
53405 52
53406 23
53407 46
53408 21
53409 6
53410 1
53411 40
53412 21
53413 56
53414 33
53415 26
53416 33
53417 28
53418 20
53419 36
53420 19
53421 39
53422 14
53423 29
53424 23
53425 22
53426 12
53427 34
53428 2
53429 8
53430 38
53431 16
53432 19
53433 31
53434 22
53435 14
53436 25
53437 23
53438 12
53439 36
53440 25
53441 27
53442 13
53443 19
53444 36
53445 35
53446 30
53447 28
53448 18
53449 42
53450 36
53451 11
53452 21
53453 36
53454 6
53455 28
53456 -2
53457 14
53458 38
53459 31
53460 51
53461 29
53462 19
53463 22
53464 45
53465 3
53466 24
53467 41
53468 46
53469 20
53470 23
53471 50
53472 16
53473 64
53474 30
53475 22
53476 39
53477 31
53478 20
53479 28
53480 13
53481 81
53482 21
53483 3
53484 10
53485 4
53486 12
53487 10
53488 23
53489 18
53490 -3
53491 65
53492 32
53493 33
53494 24
53495 13
53496 2
53497 23
53498 29
53499 34
53500 7
53501 21
53502 43
53503 26
53504 10
53505 68
53506 23
53507 -17
53508 46
53509 14
53510 20
53511 38
53512 27
53513 6
53514 10
53515 55
53516 44
53517 -5
53518 37
53519 19
53520 4
53521 21
53522 11
53523 23
53524 35
53525 19
53526 88
53527 21
53528 23
53529 20
53530 25
53531 21
53532 36
53533 71
53534 30
53535 11
53536 36
53537 32
53538 31
53539 18
53540 11
53541 9
53542 48
53543 13
53544 32
53545 19
53546 39
53547 7
53548 19
53549 31
53550 52
53551 0
53552 27
53553 27
53554 9
53555 20
53556 24
53557 32
53558 17
53559 19
53560 15
53561 28
53562 -2
53563 19
53564 31
53565 71
53566 -7
53567 7
53568 24
53569 32
53570 -1
53571 40
53572 27
53573 59
53574 82
53575 8
53576 18
53577 50
53578 37
53579 37
53580 24
53581 56
53582 17
53583 41
53584 24
53585 23
53586 39
53587 27
53588 21
53589 27
53590 24
53591 28
53592 27
53593 6
53594 10
53595 14
53596 42
53597 13
53598 24
53599 55
53600 47
53601 15
53602 19
53603 39
53604 24
53605 -2
53606 9
53607 17
53608 21
53609 33
53610 26
53611 34
53612 7
53613 20
53614 11
53615 20
53616 25
53617 33
53618 84
53619 40
53620 61
53621 18
53622 33
53623 57
53624 39
53625 3
53626 69
53627 21
53628 18
53629 41
53630 28
53631 29
53632 19
53633 28
53634 11
53635 47
53636 28
53637 27
53638 14
53639 11
53640 35
53641 35
53642 8
53643 10
53644 28
53645 31
53646 39
53647 64
53648 8
53649 1
53650 25
53651 52
53652 32
53653 16
53654 -1
53655 27
53656 31
53657 -1
53658 14
53659 25
53660 50
53661 23
53662 31
53663 24
53664 37
53665 54
53666 17
53667 9
53668 57
53669 41
53670 13
53671 10
53672 37
53673 42
53674 21
53675 41
53676 19
53677 43
53678 11
53679 37
53680 37
53681 7
53682 25
53683 37
53684 14
53685 0
53686 44
53687 26
53688 25
53689 26
53690 36
53691 18
53692 50
53693 24
53694 4
53695 -6
53696 57
53697 -6
53698 38
53699 31
53700 16
53701 9
53702 33
53703 37
53704 25
53705 20
53706 30
53707 23
53708 7
53709 65
53710 23
53711 21
53712 31
53713 27
53714 32
53715 33
53716 31
53717 15
53718 23
53719 46
53720 36
53721 23
53722 16
53723 34
53724 21
53725 32
53726 83
53727 34
53728 16
53729 34
53730 41
53731 16
53732 40
53733 54
53734 -3
53735 27
53736 42
53737 70
53738 28
53739 29
53740 27
53741 30
53742 20
53743 62
53744 16
53745 6
53746 39
53747 28
53748 -6
53749 10
53750 27
53751 23
53752 53
53753 16
53754 30
53755 3
53756 17
53757 43
53758 58
53759 13
53760 8
53761 24
53762 47
53763 13
53764 10
53765 50
53766 43
53767 32
53768 12
53769 52
53770 10
53771 43
53772 30
53773 19
53774 57
53775 36
53776 24
53777 42
53778 8
53779 15
53780 8
53781 26
53782 20
53783 23
53784 63
53785 9
53786 6
53787 -8
53788 52
53789 31
53790 69
53791 32
53792 30
53793 38
53794 43
53795 40
53796 17
53797 8
53798 39
53799 40
53800 36
53801 32
53802 75
53803 13
53804 9
53805 56
53806 23
53807 19
53808 -5
53809 -4
53810 35
53811 27
53812 47
53813 37
53814 17
53815 7
53816 21
53817 31
53818 31
53819 33
53820 15
53821 34
53822 14
53823 52
53824 32
53825 44
53826 9
53827 39
53828 32
53829 12
53830 18
53831 25
53832 8
53833 23
53834 47
53835 51
53836 10
53837 27
53838 24
53839 34
53840 65
53841 57
53842 41
53843 37
53844 1
53845 40
53846 40
53847 -23
53848 18
53849 21
53850 22
53851 21
53852 51
53853 38
53854 42
53855 29
53856 45
53857 17
53858 67
53859 14
53860 52
53861 24
53862 7
53863 19
53864 27
53865 50
53866 27
53867 42
53868 37
53869 33
53870 39
53871 29
53872 19
53873 7
53874 18
53875 62
53876 35
53877 9
53878 45
53879 22
53880 8
53881 18
53882 50
53883 20
53884 18
53885 32
53886 1
53887 40
53888 41
53889 38
53890 32
53891 42
53892 35
53893 25
53894 11
53895 29
53896 24
53897 23
53898 20
53899 22
53900 18
53901 40
53902 15
53903 71
53904 9
53905 27
53906 4
53907 9
53908 32
53909 26
53910 37
53911 49
53912 26
53913 24
53914 18
53915 22
53916 65
53917 27
53918 17
53919 70
53920 38
53921 20
53922 40
53923 24
53924 16
53925 17
53926 21
53927 26
53928 17
53929 22
53930 26
53931 33
53932 14
53933 20
53934 24
53935 32
53936 17
53937 27
53938 14
53939 16
53940 17
53941 31
53942 30
53943 43
53944 40
53945 51
53946 37
53947 26
53948 46
53949 78
53950 21
53951 12
53952 16
53953 24
53954 44
53955 27
53956 44
53957 20
53958 40
53959 23
53960 27
53961 11
53962 19
53963 13
53964 58
53965 38
53966 27
53967 28
53968 11
53969 26
53970 34
53971 33
53972 15
53973 32
53974 13
53975 20
53976 27
53977 33
53978 20
53979 13
53980 33
53981 32
53982 11
53983 14
53984 34
53985 18
53986 3
53987 33
53988 29
53989 23
53990 34
53991 45
53992 20
53993 27
53994 15
53995 26
53996 14
53997 80
53998 11
53999 22
54000 23
54001 20
54002 34
54003 19
54004 55
54005 43
54006 32
54007 33
54008 27
54009 56
54010 39
54011 28
54012 28
54013 63
54014 63
54015 44
54016 48
54017 13
54018 42
54019 1
54020 32
54021 34
54022 43
54023 25
54024 2
54025 1
54026 48
54027 26
54028 28
54029 23
54030 26
54031 20
54032 50
54033 20
54034 18
54035 41
54036 33
54037 5
54038 25
54039 42
54040 39
54041 21
54042 30
54043 14
54044 33
54045 38
54046 81
54047 29
54048 13
54049 8
54050 27
54051 31
54052 72
54053 28
54054 44
54055 37
54056 8
54057 20
54058 18
54059 45
54060 25
54061 20
54062 34
54063 11
54064 24
54065 32
54066 7
54067 48
54068 23
54069 6
54070 32
54071 -2
54072 52
54073 6
54074 16
54075 12
54076 20
54077 12
54078 44
54079 6
54080 46
54081 27
54082 21
54083 11
54084 26
54085 17
54086 39
54087 24
54088 17
54089 11
54090 24
54091 32
54092 43
54093 15
54094 7
54095 27
54096 36
54097 16
54098 16
54099 -4
54100 22
54101 22
54102 3
54103 42
54104 8
54105 20
54106 31
54107 30
54108 46
54109 29
54110 32
54111 30
54112 21
54113 17
54114 13
54115 28
54116 53
54117 24
54118 25
54119 32
54120 19
54121 29
54122 11
54123 58
54124 38
54125 33
54126 25
54127 16
54128 14
54129 30
54130 9
54131 0
54132 49
54133 57
54134 15
54135 -1
54136 38
54137 31
54138 26
54139 23
54140 44
54141 29
54142 -4
54143 20
54144 48
54145 24
54146 15
54147 26
54148 19
54149 -4
54150 -2
54151 34
54152 43
54153 22
54154 31
54155 36
54156 46
54157 16
54158 10
54159 31
54160 4
54161 36
54162 60
54163 19
54164 44
54165 15
54166 11
54167 35
54168 44
54169 11
54170 99
54171 49
54172 28
54173 27
54174 25
54175 4
54176 38
54177 25
54178 -4
54179 20
54180 38
54181 51
54182 25
54183 34
54184 12
54185 19
54186 33
54187 34
54188 26
54189 39
54190 3
54191 22
54192 -7
54193 22
54194 25
54195 28
54196 33
54197 -1
54198 25
54199 1
54200 20
54201 22
54202 16
54203 29
54204 30
54205 35
54206 19
54207 24
54208 72
54209 45
54210 30
54211 54
54212 4
54213 26
54214 27
54215 29
54216 52
54217 23
54218 24
54219 33
54220 26
54221 -7
54222 11
54223 20
54224 43
54225 24
54226 27
54227 44
54228 39
54229 27
54230 19
54231 40
54232 20
54233 29
54234 9
54235 17
54236 56
54237 22
54238 21
54239 23
54240 22
54241 37
54242 37
54243 47
54244 26
54245 18
54246 46
54247 21
54248 8
54249 24
54250 38
54251 65
54252 22
54253 11
54254 35
54255 48
54256 12
54257 37
54258 8
54259 30
54260 46
54261 11
54262 9
54263 34
54264 38
54265 19
54266 22
54267 35
54268 35
54269 61
54270 38
54271 26
54272 25
54273 44
54274 29
54275 28
54276 11
54277 32
54278 12
54279 35
54280 55
54281 23
54282 53
54283 22
54284 55
54285 6
54286 21
54287 30
54288 23
54289 12
54290 30
54291 34
54292 66
54293 5
54294 44
54295 19
54296 48
54297 15
54298 39
54299 57
54300 27
54301 31
54302 40
54303 41
54304 14
54305 32
54306 37
54307 50
54308 8
54309 12
54310 20
54311 1
54312 8
54313 8
54314 8
54315 40
54316 24
54317 54
54318 28
54319 22
54320 45
54321 49
54322 52
54323 41
54324 39
54325 31
54326 25
54327 20
54328 36
54329 17
54330 11
54331 14
54332 19
54333 39
54334 23
54335 29
54336 25
54337 9
54338 42
54339 28
54340 24
54341 23
54342 32
54343 7
54344 3
54345 25
54346 35
54347 32
54348 23
54349 24
54350 19
54351 11
54352 7
54353 39
54354 31
54355 5
54356 16
54357 -2
54358 24
54359 17
54360 29
54361 15
54362 38
54363 17
54364 5
54365 30
54366 29
54367 8
54368 11
54369 27
54370 53
54371 31
54372 74
54373 61
54374 37
54375 22
54376 19
54377 15
54378 9
54379 6
54380 2
54381 23
54382 44
54383 49
54384 -13
54385 41
54386 62
54387 44
54388 15
54389 19
54390 16
54391 33
54392 72
54393 10
54394 21
54395 33
54396 48
54397 36
54398 22
54399 33
54400 30
54401 29
54402 18
54403 18
54404 51
54405 23
54406 30
54407 24
54408 42
54409 19
54410 28
54411 35
54412 17
54413 36
54414 39
54415 20
54416 48
54417 73
54418 46
54419 10
54420 15
54421 54
54422 37
54423 68
54424 23
54425 48
54426 35
54427 26
54428 28
54429 21
54430 20
54431 12
54432 33
54433 31
54434 32
54435 20
54436 16
54437 65
54438 35
54439 16
54440 28
54441 17
54442 11
54443 10
54444 -2
54445 39
54446 38
54447 35
54448 28
54449 48
54450 64
54451 21
54452 33
54453 27
54454 7
54455 26
54456 8
54457 26
54458 38
54459 30
54460 50
54461 33
54462 -8
54463 24
54464 49
54465 27
54466 18
54467 17
54468 53
54469 67
54470 42
54471 6
54472 33
54473 11
54474 24
54475 17
54476 62
54477 24
54478 30
54479 16
54480 27
54481 49
54482 7
54483 25
54484 6
54485 24
54486 50
54487 27
54488 15
54489 18
54490 40
54491 16
54492 45
54493 34
54494 16
54495 83
54496 16
54497 14
54498 20
54499 64
54500 63
54501 28
54502 -1
54503 20
54504 49
54505 23
54506 18
54507 21
54508 31
54509 20
54510 21
54511 24
54512 2
54513 65
54514 18
54515 58
54516 58
54517 29
54518 33
54519 41
54520 43
54521 33
54522 8
54523 26
54524 18
54525 41
54526 41
54527 49
54528 18
54529 69
54530 10
54531 8
54532 -3
54533 34
54534 27
54535 36
54536 -2
54537 34
54538 12
54539 44
54540 62
54541 14
54542 30
54543 24
54544 8
54545 32
54546 13
54547 38
54548 40
54549 46
54550 22
54551 62
54552 8
54553 24
54554 12
54555 42
54556 12
54557 36
54558 12
54559 60
54560 31
54561 20
54562 38
54563 40
54564 38
54565 19
54566 35
54567 30
54568 0
54569 27
54570 58
54571 36
54572 42
54573 27
54574 24
54575 22
54576 25
54577 32
54578 40
54579 8
54580 -2
54581 64
54582 36
54583 35
54584 49
54585 23
54586 17
54587 21
54588 20
54589 8
54590 -3
54591 46
54592 16
54593 28
54594 38
54595 51
54596 40
54597 24
54598 20
54599 5
54600 14
54601 19
54602 44
54603 22
54604 18
54605 25
54606 -3
54607 29
54608 -1
54609 22
54610 37
54611 12
54612 15
54613 23
54614 51
54615 28
54616 20
54617 27
54618 30
54619 19
54620 24
54621 22
54622 20
54623 22
54624 23
54625 48
54626 51
54627 38
54628 26
54629 9
54630 37
54631 17
54632 -1
54633 33
54634 12
54635 22
54636 14
54637 19
54638 14
54639 42
54640 22
54641 10
54642 34
54643 20
54644 19
54645 11
54646 32
54647 53
54648 8
54649 33
54650 60
54651 32
54652 23
54653 35
54654 12
54655 37
54656 25
54657 28
54658 6
54659 13
54660 39
54661 18
54662 29
54663 27
54664 57
54665 9
54666 14
54667 17
54668 40
54669 29
54670 20
54671 39
54672 46
54673 52
54674 15
54675 -3
54676 61
54677 16
54678 9
54679 11
54680 47
54681 45
54682 7
54683 11
54684 22
54685 42
54686 21
54687 13
54688 42
54689 58
54690 17
54691 29
54692 3
54693 18
54694 29
54695 41
54696 39
54697 32
54698 17
54699 47
54700 26
54701 11
54702 13
54703 11
54704 36
54705 51
54706 43
54707 48
54708 34
54709 55
54710 15
54711 28
54712 13
54713 14
54714 12
54715 27
54716 6
54717 31
54718 35
54719 -2
54720 38
54721 -9
54722 2
54723 25
54724 29
54725 12
54726 30
54727 32
54728 13
54729 14
54730 89
54731 15
54732 11
54733 15
54734 24
54735 31
54736 35
54737 26
54738 2
54739 39
54740 5
54741 -2
54742 23
54743 28
54744 27
54745 15
54746 51
54747 20
54748 12
54749 18
54750 7
54751 23
54752 51
54753 30
54754 40
54755 18
54756 17
54757 40
54758 16
54759 24
54760 23
54761 27
54762 25
54763 12
54764 16
54765 -2
54766 30
54767 13
54768 77
54769 16
54770 10
54771 18
54772 31
54773 18
54774 24
54775 26
54776 29
54777 22
54778 4
54779 1
54780 5
54781 11
54782 17
54783 66
54784 4
54785 20
54786 -2
54787 22
54788 21
54789 36
54790 41
54791 16
54792 38
54793 2
54794 45
54795 -4
54796 9
54797 34
54798 36
54799 25
54800 43
54801 51
54802 69
54803 29
54804 19
54805 35
54806 35
54807 23
54808 21
54809 79
54810 40
54811 75
54812 11
54813 26
54814 4
54815 55
54816 25
54817 19
54818 28
54819 25
54820 18
54821 2
54822 26
54823 52
54824 27
54825 21
54826 6
54827 16
54828 7
54829 18
54830 9
54831 32
54832 27
54833 24
54834 31
54835 4
54836 14
54837 27
54838 26
54839 -11
54840 38
54841 6
54842 57
54843 45
54844 1
54845 36
54846 23
54847 11
54848 -6
54849 21
54850 25
54851 26
54852 37
54853 -18
54854 -5
54855 37
54856 22
54857 15
54858 14
54859 70
54860 15
54861 39
54862 16
54863 46
54864 23
54865 30
54866 28
54867 35
54868 14
54869 44
54870 25
54871 12
54872 18
54873 27
54874 7
54875 9
54876 19
54877 32
54878 10
54879 11
54880 41
54881 18
54882 29
54883 23
54884 50
54885 7
54886 30
54887 19
54888 29
54889 17
54890 56
54891 24
54892 8
54893 20
54894 37
54895 -3
54896 24
54897 26
54898 3
54899 14
54900 24
54901 25
54902 18
54903 -7
54904 49
54905 8
54906 11
54907 27
54908 26
54909 59
54910 13
54911 1
54912 27
54913 28
54914 16
54915 30
54916 6
54917 67
54918 28
54919 28
54920 25
54921 16
54922 42
54923 8
54924 7
54925 13
54926 23
54927 30
54928 30
54929 10
54930 16
54931 14
54932 26
54933 41
54934 17
54935 29
54936 15
54937 31
54938 16
54939 11
54940 37
54941 25
54942 16
54943 50
54944 17
54945 24
54946 31
54947 37
54948 9
54949 14
54950 30
54951 31
54952 32
54953 21
54954 17
54955 26
54956 9
54957 75
54958 28
54959 17
54960 13
54961 35
54962 17
54963 22
54964 55
54965 23
54966 8
54967 36
54968 27
54969 43
54970 25
54971 56
54972 2
54973 40
54974 20
54975 15
54976 60
54977 45
54978 11
54979 83
54980 24
54981 43
54982 26
54983 26
54984 21
54985 23
54986 59
54987 31
54988 22
54989 22
54990 25
54991 21
54992 36
54993 26
54994 52
54995 44
54996 29
54997 19
54998 10
54999 17
55000 0
55001 37
55002 47
55003 28
55004 34
55005 62
55006 21
55007 39
55008 56
55009 11
55010 46
55011 21
55012 34
55013 5
55014 23
55015 35
55016 62
55017 10
55018 30
55019 28
55020 64
55021 11
55022 22
55023 23
55024 11
55025 52
55026 16
55027 19
55028 10
55029 7
55030 3
55031 52
55032 49
55033 47
55034 25
55035 84
55036 25
55037 5
55038 11
55039 41
55040 47
55041 15
55042 25
55043 26
55044 37
55045 36
55046 14
55047 29
55048 48
55049 32
55050 46
55051 6
55052 54
55053 28
55054 16
55055 31
55056 11
55057 33
55058 20
55059 27
55060 37
55061 35
55062 61
55063 18
55064 7
55065 39
55066 47
55067 21
55068 39
55069 3
55070 3
55071 22
55072 19
55073 21
55074 34
55075 14
55076 32
55077 -4
55078 6
55079 47
55080 10
55081 45
55082 12
55083 16
55084 29
55085 63
55086 51
55087 15
55088 36
55089 43
55090 50
55091 20
55092 9
55093 17
55094 31
55095 31
55096 28
55097 11
55098 27
55099 37
55100 26
55101 43
55102 29
55103 48
55104 24
55105 28
55106 46
55107 17
55108 14
55109 36
55110 15
55111 12
55112 28
55113 20
55114 37
55115 43
55116 39
55117 18
55118 3
55119 26
55120 2
55121 36
55122 19
55123 -5
55124 49
55125 26
55126 11
55127 9
55128 3
55129 56
55130 37
55131 36
55132 20
55133 25
55134 7
55135 25
55136 46
55137 17
55138 52
55139 8
55140 63
55141 37
55142 56
55143 37
55144 29
55145 8
55146 16
55147 5
55148 34
55149 46
55150 14
55151 18
55152 10
55153 6
55154 31
55155 47
55156 23
55157 2
55158 6
55159 37
55160 10
55161 9
55162 25
55163 49
55164 11
55165 44
55166 19
55167 56
55168 57
55169 25
55170 28
55171 28
55172 90
55173 1
55174 -7
55175 17
55176 18
55177 37
55178 27
55179 33
55180 37
55181 14
55182 34
55183 42
55184 13
55185 18
55186 58
55187 38
55188 13
55189 -10
55190 35
55191 36
55192 17
55193 2
55194 19
55195 4
55196 5
55197 32
55198 33
55199 31
55200 32
55201 24
55202 63
55203 6
55204 11
55205 17
55206 41
55207 57
55208 30
55209 24
55210 28
55211 29
55212 46
55213 29
55214 39
55215 23
55216 5
55217 34
55218 53
55219 33
55220 50
55221 33
55222 18
55223 21
55224 19
55225 20
55226 22
55227 34
55228 1
55229 33
55230 23
55231 17
55232 13
55233 36
55234 12
55235 28
55236 29
55237 20
55238 60
55239 38
55240 30
55241 33
55242 26
55243 13
55244 22
55245 8
55246 -4
55247 32
55248 29
55249 15
55250 31
55251 2
55252 29
55253 0
55254 12
55255 11
55256 -1
55257 26
55258 -2
55259 23
55260 25
55261 23
55262 14
55263 28
55264 27
55265 9
55266 27
55267 15
55268 50
55269 30
55270 17
55271 45
55272 22
55273 10
55274 7
55275 9
55276 30
55277 12
55278 36
55279 15
55280 31
55281 42
55282 28
55283 61
55284 83
55285 54
55286 109
55287 73
55288 -4
55289 9
55290 43
55291 1
55292 33
55293 31
55294 21
55295 35
55296 37
55297 35
55298 28
55299 54
55300 20
55301 31
55302 19
55303 24
55304 5
55305 10
55306 31
55307 22
55308 25
55309 -12
55310 6
55311 42
55312 14
55313 17
55314 26
55315 22
55316 35
55317 26
55318 43
55319 26
55320 14
55321 18
55322 7
55323 66
55324 21
55325 9
55326 52
55327 -8
55328 22
55329 56
55330 75
55331 29
55332 35
55333 16
55334 8
55335 27
55336 59
55337 53
55338 38
55339 38
55340 -9
55341 38
55342 61
55343 24
55344 10
55345 20
55346 16
55347 14
55348 21
55349 67
55350 33
55351 6
55352 -2
55353 33
55354 66
55355 7
55356 13
55357 10
55358 38
55359 33
55360 37
55361 27
55362 36
55363 85
55364 47
55365 20
55366 25
55367 2
55368 14
55369 15
55370 23
55371 27
55372 45
55373 42
55374 57
55375 52
55376 21
55377 17
55378 17
55379 -4
55380 7
55381 -2
55382 32
55383 18
55384 21
55385 22
55386 26
55387 2
55388 53
55389 38
55390 14
55391 32
55392 20
55393 10
55394 19
55395 30
55396 35
55397 16
55398 35
55399 20
55400 -2
55401 33
55402 19
55403 18
55404 58
55405 38
55406 -15
55407 73
55408 62
55409 48
55410 13
55411 41
55412 9
55413 18
55414 7
55415 12
55416 38
55417 59
55418 30
55419 28
55420 9
55421 47
55422 18
55423 24
55424 3
55425 6
55426 24
55427 35
55428 34
55429 20
55430 6
55431 36
55432 36
55433 20
55434 2
55435 37
55436 47
55437 60
55438 29
55439 25
55440 35
55441 20
55442 17
55443 23
55444 92
55445 55
55446 14
55447 28
55448 19
55449 21
55450 34
55451 19
55452 18
55453 27
55454 14
55455 75
55456 66
55457 39
55458 8
55459 17
55460 6
55461 26
55462 30
55463 21
55464 14
55465 1
55466 41
55467 28
55468 11
55469 11
55470 16
55471 13
55472 105
55473 7
55474 22
55475 22
55476 22
55477 29
55478 24
55479 18
55480 15
55481 25
55482 42
55483 16
55484 32
55485 11
55486 -7
55487 41
55488 27
55489 19
55490 17
55491 7
55492 -6
55493 23
55494 47
55495 46
55496 49
55497 33
55498 11
55499 4
55500 45
55501 27
55502 8
55503 4
55504 8
55505 19
55506 11
55507 33
55508 15
55509 -17
55510 53
55511 25
55512 23
55513 25
55514 15
55515 11
55516 -5
55517 44
55518 24
55519 36
55520 27
55521 26
55522 26
55523 6
55524 31
55525 23
55526 17
55527 25
55528 36
55529 4
55530 10
55531 25
55532 34
55533 -7
55534 8
55535 20
55536 37
55537 39
55538 59
55539 37
55540 30
55541 18
55542 42
55543 17
55544 21
55545 -7
55546 37
55547 9
55548 16
55549 50
55550 13
55551 34
55552 13
55553 18
55554 26
55555 8
55556 24
55557 19
55558 46
55559 15
55560 20
55561 27
55562 2
55563 35
55564 -2
55565 30
55566 -21
55567 19
55568 18
55569 15
55570 7
55571 24
55572 22
55573 10
55574 30
55575 20
55576 31
55577 24
55578 9
55579 72
55580 17
55581 11
55582 41
55583 14
55584 31
55585 11
55586 23
55587 41
55588 38
55589 42
55590 17
55591 31
55592 33
55593 32
55594 21
55595 12
55596 33
55597 24
55598 31
55599 -1
55600 5
55601 26
55602 34
55603 43
55604 29
55605 26
55606 25
55607 28
55608 2
55609 34
55610 23
55611 17
55612 36
55613 2
55614 35
55615 35
55616 16
55617 33
55618 30
55619 25
55620 20
55621 41
55622 14
55623 49
55624 13
55625 22
55626 28
55627 31
55628 12
55629 70
55630 14
55631 17
55632 26
55633 43
55634 31
55635 22
55636 32
55637 55
55638 26
55639 83
55640 -10
55641 46
55642 41
55643 17
55644 25
55645 14
55646 32
55647 25
55648 45
55649 25
55650 14
55651 26
55652 57
55653 22
55654 44
55655 27
55656 7
55657 15
55658 0
55659 27
55660 27
55661 25
55662 60
55663 10
55664 12
55665 13
55666 26
55667 42
55668 13
55669 25
55670 28
55671 27
55672 8
55673 23
55674 33
55675 48
55676 24
55677 -6
55678 33
55679 89
55680 25
55681 29
55682 48
55683 13
55684 24
55685 25
55686 26
55687 14
55688 34
55689 11
55690 13
55691 30
55692 13
55693 12
55694 50
55695 8
55696 41
55697 31
55698 38
55699 27
55700 -7
55701 18
55702 8
55703 33
55704 -3
55705 27
55706 30
55707 42
55708 8
55709 60
55710 41
55711 48
55712 31
55713 40
55714 40
55715 53
55716 47
55717 27
55718 17
55719 16
55720 19
55721 33
55722 27
55723 -1
55724 24
55725 23
55726 9
55727 48
55728 12
55729 2
55730 8
55731 17
55732 14
55733 27
55734 31
55735 25
55736 37
55737 10
55738 12
55739 10
55740 15
55741 22
55742 31
55743 37
55744 38
55745 55
55746 75
55747 34
55748 34
55749 1
55750 24
55751 33
55752 14
55753 7
55754 29
55755 45
55756 31
55757 32
55758 17
55759 10
55760 10
55761 53
55762 26
55763 39
55764 4
55765 8
55766 49
55767 28
55768 21
55769 24
55770 39
55771 2
55772 12
55773 17
55774 50
55775 57
55776 21
55777 20
55778 49
55779 38
55780 37
55781 52
55782 51
55783 39
55784 39
55785 27
55786 -5
55787 21
55788 17
55789 22
55790 17
55791 22
55792 15
55793 14
55794 43
55795 47
55796 30
55797 19
55798 10
55799 11
55800 19
55801 56
55802 16
55803 31
55804 44
55805 63
55806 23
55807 6
55808 27
55809 29
55810 18
55811 23
55812 45
55813 17
55814 12
55815 13
55816 54
55817 27
55818 11
55819 54
55820 51
55821 28
55822 38
55823 31
55824 13
55825 36
55826 29
55827 0
55828 14
55829 24
55830 9
55831 31
55832 58
55833 -5
55834 24
55835 5
55836 83
55837 18
55838 2
55839 41
55840 67
55841 26
55842 6
55843 29
55844 7
55845 19
55846 13
55847 25
55848 -3
55849 31
55850 31
55851 30
55852 13
55853 50
55854 12
55855 -5
55856 50
55857 14
55858 20
55859 12
55860 29
55861 21
55862 36
55863 51
55864 26
55865 0
55866 11
55867 36
55868 22
55869 42
55870 24
55871 58
55872 26
55873 37
55874 9
55875 19
55876 29
55877 16
55878 29
55879 52
55880 2
55881 26
55882 31
55883 10
55884 30
55885 10
55886 0
55887 21
55888 32
55889 27
55890 14
55891 20
55892 40
55893 5
55894 30
55895 55
55896 31
55897 23
55898 34
55899 39
55900 7
55901 19
55902 30
55903 8
55904 42
55905 10
55906 35
55907 -5
55908 45
55909 8
55910 37
55911 18
55912 44
55913 14
55914 25
55915 13
55916 30
55917 36
55918 21
55919 12
55920 43
55921 71
55922 6
55923 24
55924 29
55925 16
55926 19
55927 31
55928 29
55929 11
55930 -1
55931 4
55932 13
55933 40
55934 20
55935 42
55936 52
55937 48
55938 21
55939 16
55940 61
55941 61
55942 38
55943 6
55944 21
55945 39
55946 2
55947 72
55948 10
55949 9
55950 26
55951 11
55952 34
55953 35
55954 1
55955 45
55956 19
55957 35
55958 40
55959 64
55960 23
55961 39
55962 35
55963 45
55964 8
55965 45
55966 24
55967 36
55968 7
55969 7
55970 -2
55971 38
55972 34
55973 32
55974 7
55975 22
55976 24
55977 40
55978 33
55979 13
55980 43
55981 32
55982 39
55983 24
55984 30
55985 21
55986 30
55987 78
55988 73
55989 16
55990 36
55991 23
55992 11
55993 31
55994 26
55995 42
55996 36
55997 18
55998 34
55999 2
56000 15
56001 14
56002 35
56003 38
56004 5
56005 30
56006 10
56007 21
56008 17
56009 10
56010 24
56011 66
56012 19
56013 50
56014 6
56015 19
56016 41
56017 21
56018 30
56019 34
56020 39
56021 6
56022 22
56023 15
56024 38
56025 19
56026 24
56027 22
56028 32
56029 -1
56030 32
56031 48
56032 25
56033 15
56034 34
56035 42
56036 39
56037 7
56038 26
56039 37
56040 39
56041 15
56042 32
56043 61
56044 21
56045 9
56046 17
56047 36
56048 76
56049 39
56050 28
56051 50
56052 51
56053 26
56054 15
56055 42
56056 38
56057 45
56058 4
56059 20
56060 25
56061 15
56062 25
56063 14
56064 50
56065 3
56066 26
56067 43
56068 62
56069 42
56070 18
56071 27
56072 26
56073 38
56074 55
56075 34
56076 4
56077 35
56078 35
56079 50
56080 13
56081 20
56082 32
56083 67
56084 31
56085 25
56086 28
56087 11
56088 5
56089 11
56090 27
56091 15
56092 29
56093 4
56094 11
56095 -10
56096 4
56097 18
56098 23
56099 18
56100 23
56101 27
56102 24
56103 19
56104 8
56105 17
56106 62
56107 25
56108 14
56109 34
56110 12
56111 19
56112 46
56113 12
56114 14
56115 9
56116 34
56117 7
56118 50
56119 17
56120 20
56121 10
56122 72
56123 5
56124 60
56125 45
56126 32
56127 32
56128 39
56129 24
56130 33
56131 11
56132 19
56133 56
56134 35
56135 35
56136 71
56137 29
56138 25
56139 15
56140 19
56141 13
56142 3
56143 6
56144 41
56145 37
56146 33
56147 16
56148 36
56149 64
56150 22
56151 32
56152 85
56153 23
56154 6
56155 16
56156 22
56157 31
56158 28
56159 19
56160 21
56161 57
56162 3
56163 11
56164 29
56165 18
56166 89
56167 18
56168 32
56169 40
56170 30
56171 11
56172 34
56173 47
56174 0
56175 42
56176 17
56177 23
56178 27
56179 19
56180 46
56181 -1
56182 34
56183 17
56184 12
56185 37
56186 36
56187 27
56188 47
56189 24
56190 29
56191 27
56192 17
56193 0
56194 13
56195 23
56196 4
56197 33
56198 61
56199 10
56200 11
56201 21
56202 17
56203 34
56204 23
56205 42
56206 35
56207 21
56208 11
56209 26
56210 13
56211 20
56212 30
56213 57
56214 0
56215 11
56216 60
56217 84
56218 28
56219 23
56220 23
56221 25
56222 32
56223 7
56224 23
56225 5
56226 18
56227 11
56228 25
56229 17
56230 29
56231 29
56232 33
56233 7
56234 12
56235 35
56236 8
56237 21
56238 76
56239 11
56240 42
56241 6
56242 8
56243 5
56244 18
56245 43
56246 46
56247 30
56248 11
56249 35
56250 21
56251 22
56252 17
56253 22
56254 18
56255 21
56256 35
56257 27
56258 29
56259 11
56260 21
56261 31
56262 27
56263 20
56264 98
56265 40
56266 5
56267 21
56268 21
56269 20
56270 47
56271 46
56272 12
56273 30
56274 40
56275 -2
56276 32
56277 7
56278 31
56279 25
56280 75
56281 13
56282 65
56283 37
56284 16
56285 17
56286 14
56287 31
56288 14
56289 24
56290 26
56291 34
56292 34
56293 40
56294 18
56295 28
56296 14
56297 18
56298 17
56299 12
56300 21
56301 20
56302 29
56303 16
56304 23
56305 26
56306 23
56307 25
56308 34
56309 12
56310 42
56311 21
56312 20
56313 20
56314 27
56315 35
56316 21
56317 17
56318 32
56319 9
56320 35
56321 10
56322 30
56323 20
56324 8
56325 23
56326 34
56327 22
56328 29
56329 30
56330 26
56331 77
56332 15
56333 32
56334 35
56335 9
56336 -11
56337 39
56338 25
56339 23
56340 44
56341 32
56342 13
56343 9
56344 22
56345 41
56346 3
56347 13
56348 22
56349 34
56350 23
56351 24
56352 8
56353 39
56354 22
56355 12
56356 10
56357 48
56358 36
56359 37
56360 22
56361 19
56362 41
56363 22
56364 10
56365 22
56366 7
56367 27
56368 13
56369 15
56370 32
56371 6
56372 10
56373 10
56374 53
56375 36
56376 17
56377 37
56378 39
56379 41
56380 29
56381 26
56382 40
56383 29
56384 13
56385 13
56386 15
56387 24
56388 37
56389 18
56390 25
56391 26
56392 8
56393 20
56394 18
56395 19
56396 10
56397 56
56398 6
56399 26
56400 48
56401 39
56402 20
56403 15
56404 14
56405 35
56406 35
56407 2
56408 2
56409 38
56410 21
56411 64
56412 27
56413 14
56414 11
56415 8
56416 80
56417 39
56418 15
56419 33
56420 34
56421 38
56422 33
56423 67
56424 -8
56425 43
56426 34
56427 35
56428 23
56429 6
56430 20
56431 29
56432 64
56433 20
56434 67
56435 36
56436 16
56437 28
56438 26
56439 49
56440 40
56441 16
56442 12
56443 24
56444 16
56445 34
56446 11
56447 40
56448 25
56449 33
56450 -3
56451 13
56452 18
56453 20
56454 10
56455 15
56456 5
56457 39
56458 13
56459 65
56460 37
56461 29
56462 12
56463 26
56464 16
56465 84
56466 8
56467 14
56468 47
56469 37
56470 29
56471 16
56472 49
56473 34
56474 9
56475 27
56476 29
56477 27
56478 78
56479 60
56480 36
56481 38
56482 34
56483 19
56484 43
56485 -4
56486 46
56487 6
56488 9
56489 21
56490 31
56491 43
56492 26
56493 21
56494 22
56495 14
56496 47
56497 32
56498 44
56499 27
56500 30
56501 33
56502 23
56503 29
56504 49
56505 23
56506 18
56507 4
56508 23
56509 35
56510 29
56511 24
56512 -1
56513 32
56514 15
56515 32
56516 62
56517 4
56518 13
56519 31
56520 20
56521 41
56522 31
56523 33
56524 33
56525 9
56526 63
56527 38
56528 4
56529 16
56530 28
56531 28
56532 14
56533 59
56534 85
56535 21
56536 42
56537 42
56538 21
56539 44
56540 42
56541 33
56542 14
56543 38
56544 28
56545 31
56546 41
56547 16
56548 48
56549 36
56550 -2
56551 34
56552 12
56553 44
56554 5
56555 16
56556 34
56557 8
56558 75
56559 21
56560 8
56561 14
56562 11
56563 17
56564 28
56565 34
56566 39
56567 6
56568 39
56569 29
56570 75
56571 30
56572 17
56573 15
56574 7
56575 22
56576 20
56577 84
56578 22
56579 36
56580 48
56581 50
56582 9
56583 6
56584 40
56585 7
56586 40
56587 22
56588 44
56589 7
56590 11
56591 52
56592 24
56593 32
56594 26
56595 26
56596 -4
56597 4
56598 21
56599 2
56600 37
56601 33
56602 31
56603 8
56604 -4
56605 22
56606 40
56607 14
56608 3
56609 16
56610 39
56611 34
56612 24
56613 30
56614 49
56615 9
56616 19
56617 24
56618 50
56619 7
56620 26
56621 36
56622 40
56623 41
56624 33
56625 44
56626 11
56627 13
56628 13
56629 28
56630 30
56631 27
56632 46
56633 25
56634 56
56635 23
56636 30
56637 28
56638 7
56639 32
56640 19
56641 3
56642 29
56643 43
56644 10
56645 28
56646 28
56647 42
56648 20
56649 37
56650 22
56651 103
56652 26
56653 47
56654 51
56655 28
56656 24
56657 18
56658 8
56659 22
56660 38
56661 19
56662 -9
56663 4
56664 17
56665 6
56666 31
56667 23
56668 21
56669 23
56670 16
56671 24
56672 9
56673 34
56674 25
56675 28
56676 33
56677 18
56678 13
56679 49
56680 40
56681 18
56682 44
56683 18
56684 13
56685 71
56686 26
56687 51
56688 44
56689 32
56690 33
56691 7
56692 17
56693 24
56694 48
56695 17
56696 15
56697 22
56698 15
56699 38
56700 39
56701 15
56702 21
56703 22
56704 43
56705 12
56706 14
56707 28
56708 6
56709 34
56710 37
56711 6
56712 34
56713 40
56714 8
56715 34
56716 7
56717 22
56718 17
56719 21
56720 17
56721 18
56722 36
56723 31
56724 17
56725 25
56726 30
56727 -3
56728 18
56729 29
56730 46
56731 27
56732 0
56733 28
56734 23
56735 39
56736 15
56737 33
56738 13
56739 40
56740 30
56741 10
56742 35
56743 -5
56744 28
56745 41
56746 32
56747 5
56748 25
56749 33
56750 9
56751 0
56752 28
56753 53
56754 15
56755 34
56756 39
56757 15
56758 29
56759 8
56760 20
56761 23
56762 46
56763 78
56764 51
56765 31
56766 8
56767 7
56768 28
56769 26
56770 28
56771 34
56772 31
56773 48
56774 17
56775 31
56776 13
56777 34
56778 29
56779 30
56780 4
56781 30
56782 22
56783 7
56784 49
56785 11
56786 2
56787 7
56788 20
56789 29
56790 28
56791 0
56792 6
56793 9
56794 -6
56795 38
56796 34
56797 18
56798 28
56799 12
56800 14
56801 98
56802 69
56803 14
56804 9
56805 20
56806 9
56807 37
56808 4
56809 28
56810 21
56811 30
56812 30
56813 13
56814 36
56815 5
56816 45
56817 23
56818 25
56819 60
56820 13
56821 12
56822 36
56823 20
56824 31
56825 25
56826 48
56827 60
56828 3
56829 14
56830 3
56831 12
56832 69
56833 37
56834 19
56835 34
56836 -3
56837 33
56838 35
56839 34
56840 14
56841 7
56842 7
56843 35
56844 40
56845 8
56846 -2
56847 23
56848 -2
56849 29
56850 7
56851 24
56852 19
56853 6
56854 -10
56855 69
56856 26
56857 9
56858 2
56859 27
56860 20
56861 78
56862 9
56863 28
56864 29
56865 38
56866 14
56867 -3
56868 48
56869 33
56870 15
56871 18
56872 16
56873 55
56874 61
56875 18
56876 24
56877 18
56878 38
56879 34
56880 45
56881 12
56882 13
56883 43
56884 28
56885 38
56886 22
56887 -1
56888 16
56889 41
56890 62
56891 19
56892 41
56893 -1
56894 27
56895 37
56896 38
56897 51
56898 66
56899 6
56900 39
56901 -1
56902 9
56903 24
56904 28
56905 3
56906 49
56907 21
56908 27
56909 7
56910 49
56911 44
56912 13
56913 45
56914 59
56915 28
56916 17
56917 35
56918 34
56919 33
56920 14
56921 16
56922 3
56923 12
56924 9
56925 40
56926 28
56927 34
56928 46
56929 26
56930 28
56931 25
56932 13
56933 51
56934 13
56935 9
56936 8
56937 6
56938 16
56939 35
56940 35
56941 12
56942 10
56943 6
56944 28
56945 5
56946 37
56947 14
56948 22
56949 25
56950 16
56951 54
56952 33
56953 28
56954 12
56955 17
56956 42
56957 35
56958 2
56959 27
56960 22
56961 12
56962 43
56963 20
56964 33
56965 20
56966 27
56967 42
56968 39
56969 39
56970 19
56971 11
56972 48
56973 -2
56974 18
56975 9
56976 23
56977 40
56978 30
56979 39
56980 18
56981 4
56982 5
56983 0
56984 5
56985 12
56986 22
56987 30
56988 22
56989 6
56990 3
56991 11
56992 -5
56993 28
56994 13
56995 19
56996 25
56997 4
56998 20
56999 8
57000 27
57001 25
57002 6
57003 45
57004 33
57005 30
57006 33
57007 56
57008 25
57009 13
57010 13
57011 9
57012 44
57013 31
57014 16
57015 20
57016 46
57017 48
57018 7
57019 31
57020 11
57021 43
57022 39
57023 49
57024 14
57025 22
57026 26
57027 65
57028 41
57029 48
57030 17
57031 19
57032 1
57033 10
57034 60
57035 22
57036 -5
57037 35
57038 32
57039 4
57040 32
57041 18
57042 41
57043 -4
57044 3
57045 23
57046 37
57047 22
57048 21
57049 45
57050 25
57051 31
57052 24
57053 46
57054 16
57055 35
57056 2
57057 26
57058 30
57059 10
57060 22
57061 0
57062 20
57063 7
57064 3
57065 6
57066 25
57067 39
57068 63
57069 50
57070 -4
57071 46
57072 28
57073 17
57074 28
57075 37
57076 12
57077 35
57078 22
57079 30
57080 28
57081 14
57082 25
57083 57
57084 40
57085 21
57086 9
57087 29
57088 -16
57089 21
57090 19
57091 38
57092 42
57093 10
57094 16
57095 14
57096 21
57097 41
57098 -5
57099 12
57100 26
57101 18
57102 23
57103 45
57104 18
57105 19
57106 69
57107 16
57108 53
57109 19
57110 8
57111 12
57112 19
57113 11
57114 10
57115 26
57116 47
57117 26
57118 28
57119 44
57120 15
57121 7
57122 47
57123 36
57124 14
57125 20
57126 25
57127 28
57128 16
57129 11
57130 12
57131 35
57132 3
57133 29
57134 46
57135 21
57136 38
57137 42
57138 46
57139 13
57140 22
57141 29
57142 -6
57143 21
57144 39
57145 19
57146 52
57147 16
57148 12
57149 11
57150 53
57151 24
57152 58
57153 10
57154 3
57155 20
57156 27
57157 36
57158 36
57159 6
57160 57
57161 23
57162 32
57163 21
57164 28
57165 63
57166 41
57167 27
57168 17
57169 23
57170 -7
57171 6
57172 34
57173 39
57174 21
57175 8
57176 11
57177 33
57178 6
57179 4
57180 43
57181 72
57182 -2
57183 35
57184 24
57185 4
57186 31
57187 34
57188 64
57189 22
57190 48
57191 49
57192 29
57193 26
57194 22
57195 40
57196 8
57197 32
57198 14
57199 64
57200 1
57201 23
57202 7
57203 2
57204 49
57205 20
57206 47
57207 29
57208 34
57209 36
57210 37
57211 19
57212 23
57213 22
57214 45
57215 34
57216 23
57217 26
57218 12
57219 21
57220 14
57221 24
57222 40
57223 23
57224 40
57225 9
57226 40
57227 26
57228 21
57229 46
57230 20
57231 7
57232 25
57233 27
57234 12
57235 13
57236 0
57237 24
57238 21
57239 45
57240 32
57241 17
57242 43
57243 31
57244 18
57245 20
57246 17
57247 17
57248 26
57249 47
57250 35
57251 82
57252 14
57253 29
57254 7
57255 33
57256 3
57257 55
57258 14
57259 34
57260 27
57261 13
57262 10
57263 9
57264 35
57265 18
57266 23
57267 48
57268 22
57269 41
57270 26
57271 9
57272 18
57273 87
57274 47
57275 13
57276 28
57277 21
57278 6
57279 61
57280 19
57281 21
57282 48
57283 19
57284 6
57285 41
57286 31
57287 31
57288 20
57289 20
57290 35
57291 34
57292 16
57293 28
57294 49
57295 4
57296 20
57297 8
57298 39
57299 35
57300 -13
57301 4
57302 24
57303 20
57304 2
57305 28
57306 20
57307 26
57308 21
57309 23
57310 17
57311 9
57312 13
57313 62
57314 37
57315 47
57316 18
57317 26
57318 13
57319 -1
57320 25
57321 31
57322 37
57323 1
57324 43
57325 22
57326 41
57327 64
57328 7
57329 67
57330 51
57331 22
57332 13
57333 25
57334 53
57335 18
57336 -12
57337 45
57338 14
57339 18
57340 33
57341 11
57342 13
57343 3
57344 45
57345 16
57346 18
57347 35
57348 14
57349 28
57350 21
57351 35
57352 23
57353 58
57354 11
57355 27
57356 14
57357 18
57358 57
57359 12
57360 23
57361 12
57362 6
57363 28
57364 9
57365 30
57366 23
57367 11
57368 9
57369 6
57370 41
57371 34
57372 23
57373 -7
57374 46
57375 24
57376 22
57377 31
57378 22
57379 21
57380 62
57381 20
57382 28
57383 45
57384 -14
57385 23
57386 23
57387 8
57388 27
57389 24
57390 33
57391 64
57392 4
57393 45
57394 69
57395 27
57396 48
57397 52
57398 37
57399 58
57400 39
57401 25
57402 28
57403 19
57404 2
57405 15
57406 24
57407 10
57408 27
57409 26
57410 9
57411 24
57412 43
57413 15
57414 20
57415 25
57416 18
57417 19
57418 16
57419 19
57420 51
57421 17
57422 29
57423 11
57424 20
57425 23
57426 9
57427 14
57428 14
57429 7
57430 23
57431 57
57432 36
57433 47
57434 25
57435 46
57436 18
57437 45
57438 35
57439 53
57440 25
57441 36
57442 27
57443 53
57444 54
57445 11
57446 14
57447 32
57448 28
57449 27
57450 35
57451 10
57452 45
57453 12
57454 -3
57455 13
57456 20
57457 26
57458 21
57459 4
57460 17
57461 18
57462 26
57463 20
57464 33
57465 26
57466 19
57467 8
57468 20
57469 36
57470 7
57471 29
57472 6
57473 13
57474 32
57475 31
57476 25
57477 24
57478 42
57479 25
57480 3
57481 63
57482 5
57483 24
57484 26
57485 41
57486 32
57487 53
57488 36
57489 2
57490 27
57491 18
57492 1
57493 5
57494 41
57495 45
57496 27
57497 35
57498 12
57499 21
57500 21
57501 15
57502 30
57503 29
57504 19
57505 41
57506 55
57507 40
57508 60
57509 23
57510 48
57511 41
57512 13
57513 26
57514 -2
57515 26
57516 25
57517 27
57518 25
57519 28
57520 32
57521 21
57522 13
57523 19
57524 10
57525 30
57526 23
57527 26
57528 49
57529 63
57530 56
57531 29
57532 13
57533 8
57534 46
57535 3
57536 13
57537 30
57538 31
57539 22
57540 6
57541 52
57542 20
57543 18
57544 66
57545 31
57546 -10
57547 9
57548 50
57549 49
57550 29
57551 41
57552 25
57553 29
57554 36
57555 34
57556 27
57557 30
57558 17
57559 41
57560 9
57561 49
57562 6
57563 15
57564 9
57565 23
57566 30
57567 34
57568 34
57569 46
57570 37
57571 8
57572 34
57573 42
57574 24
57575 23
57576 33
57577 15
57578 61
57579 16
57580 32
57581 10
57582 26
57583 30
57584 35
57585 21
57586 26
57587 55
57588 5
57589 -1
57590 38
57591 26
57592 25
57593 21
57594 47
57595 19
57596 21
57597 24
57598 24
57599 13
57600 27
57601 21
57602 31
57603 22
57604 21
57605 4
57606 10
57607 45
57608 69
57609 2
57610 13
57611 14
57612 12
57613 5
57614 50
57615 16
57616 16
57617 9
57618 14
57619 83
57620 5
57621 27
57622 15
57623 -9
57624 37
57625 34
57626 29
57627 25
57628 7
57629 9
57630 30
57631 13
57632 28
57633 7
57634 7
57635 20
57636 27
57637 46
57638 31
57639 32
57640 25
57641 38
57642 31
57643 20
57644 30
57645 27
57646 0
57647 14
57648 41
57649 7
57650 28
57651 28
57652 37
57653 22
57654 20
57655 26
57656 20
57657 33
57658 39
57659 12
57660 30
57661 47
57662 30
57663 32
57664 11
57665 14
57666 8
57667 13
57668 23
57669 35
57670 27
57671 12
57672 14
57673 21
57674 11
57675 57
57676 64
57677 36
57678 20
57679 7
57680 40
57681 34
57682 42
57683 12
57684 53
57685 80
57686 24
57687 23
57688 16
57689 44
57690 17
57691 21
57692 25
57693 31
57694 18
57695 19
57696 25
57697 41
57698 23
57699 11
57700 38
57701 62
57702 20
57703 37
57704 20
57705 6
57706 21
57707 22
57708 -2
57709 12
57710 85
57711 22
57712 33
57713 11
57714 58
57715 3
57716 24
57717 3
57718 5
57719 16
57720 28
57721 -10
57722 31
57723 45
57724 28
57725 25
57726 38
57727 9
57728 1
57729 16
57730 -5
57731 24
57732 105
57733 29
57734 24
57735 -8
57736 23
57737 7
57738 10
57739 33
57740 39
57741 30
57742 18
57743 24
57744 19
57745 17
57746 28
57747 23
57748 6
57749 59
57750 14
57751 25
57752 40
57753 60
57754 59
57755 10
57756 56
57757 19
57758 20
57759 9
57760 36
57761 38
57762 41
57763 18
57764 16
57765 24
57766 36
57767 24
57768 24
57769 1
57770 24
57771 22
57772 61
57773 23
57774 41
57775 30
57776 24
57777 23
57778 20
57779 13
57780 23
57781 6
57782 -3
57783 15
57784 56
57785 32
57786 9
57787 26
57788 29
57789 23
57790 20
57791 34
57792 31
57793 -1
57794 27
57795 18
57796 9
57797 12
57798 36
57799 22
57800 23
57801 3
57802 36
57803 28
57804 21
57805 23
57806 18
57807 19
57808 27
57809 30
57810 26
57811 22
57812 6
57813 27
57814 72
57815 22
57816 34
57817 44
57818 19
57819 14
57820 25
57821 13
57822 39
57823 35
57824 21
57825 40
57826 25
57827 59
57828 27
57829 16
57830 26
57831 21
57832 8
57833 30
57834 -1
57835 3
57836 13
57837 13
57838 23
57839 21
57840 73
57841 26
57842 22
57843 16
57844 38
57845 8
57846 31
57847 21
57848 4
57849 38
57850 40
57851 9
57852 66
57853 42
57854 12
57855 31
57856 15
57857 6
57858 24
57859 34
57860 4
57861 22
57862 29
57863 22
57864 9
57865 46
57866 11
57867 24
57868 20
57869 12
57870 26
57871 16
57872 32
57873 15
57874 3
57875 12
57876 51
57877 13
57878 31
57879 21
57880 17
57881 4
57882 23
57883 65
57884 12
57885 28
57886 10
57887 40
57888 32
57889 26
57890 26
57891 30
57892 12
57893 14
57894 31
57895 41
57896 26
57897 26
57898 26
57899 9
57900 3
57901 4
57902 25
57903 42
57904 26
57905 20
57906 1
57907 36
57908 27
57909 33
57910 -4
57911 4
57912 23
57913 37
57914 34
57915 28
57916 51
57917 22
57918 9
57919 30
57920 9
57921 38
57922 17
57923 101
57924 37
57925 21
57926 31
57927 24
57928 20
57929 2
57930 38
57931 18
57932 23
57933 -1
57934 32
57935 5
57936 18
57937 42
57938 23
57939 9
57940 11
57941 62
57942 -2
57943 10
57944 78
57945 20
57946 25
57947 12
57948 15
57949 13
57950 22
57951 22
57952 25
57953 38
57954 55
57955 30
57956 20
57957 50
57958 8
57959 15
57960 23
57961 12
57962 25
57963 22
57964 17
57965 43
57966 14
57967 24
57968 35
57969 28
57970 12
57971 21
57972 48
57973 39
57974 38
57975 23
57976 4
57977 20
57978 43
57979 10
57980 29
57981 5
57982 6
57983 28
57984 26
57985 5
57986 42
57987 27
57988 5
57989 37
57990 25
57991 34
57992 33
57993 19
57994 15
57995 15
57996 9
57997 47
57998 15
57999 -2
58000 31
58001 19
58002 2
58003 20
58004 26
58005 -8
58006 18
58007 30
58008 30
58009 15
58010 13
58011 40
58012 19
58013 30
58014 -2
58015 35
58016 25
58017 1
58018 10
58019 7
58020 34
58021 22
58022 32
58023 -1
58024 32
58025 29
58026 17
58027 31
58028 27
58029 46
58030 17
58031 -2
58032 29
58033 6
58034 43
58035 11
58036 32
58037 0
58038 13
58039 18
58040 30
58041 33
58042 26
58043 12
58044 31
58045 32
58046 23
58047 24
58048 11
58049 16
58050 12
58051 33
58052 24
58053 16
58054 38
58055 5
58056 29
58057 36
58058 56
58059 31
58060 29
58061 15
58062 28
58063 35
58064 18
58065 6
58066 39
58067 43
58068 29
58069 24
58070 3
58071 26
58072 11
58073 24
58074 36
58075 4
58076 39
58077 21
58078 21
58079 15
58080 21
58081 42
58082 21
58083 24
58084 42
58085 19
58086 34
58087 12
58088 2
58089 44
58090 10
58091 26
58092 16
58093 26
58094 18
58095 10
58096 20
58097 27
58098 72
58099 18
58100 24
58101 5
58102 13
58103 18
58104 36
58105 7
58106 14
58107 36
58108 37
58109 19
58110 56
58111 29
58112 17
58113 42
58114 58
58115 14
58116 13
58117 61
58118 6
58119 37
58120 12
58121 45
58122 19
58123 36
58124 5
58125 66
58126 3
58127 4
58128 59
58129 18
58130 5
58131 18
58132 86
58133 35
58134 57
58135 26
58136 33
58137 14
58138 13
58139 17
58140 11
58141 32
58142 36
58143 31
58144 8
58145 22
58146 7
58147 32
58148 38
58149 16
58150 29
58151 32
58152 43
58153 24
58154 13
58155 24
58156 44
58157 7
58158 18
58159 9
58160 14
58161 66
58162 53
58163 42
58164 26
58165 23
58166 19
58167 69
58168 32
58169 2
58170 38
58171 13
58172 17
58173 -1
58174 17
58175 11
58176 5
58177 25
58178 10
58179 32
58180 29
58181 18
58182 6
58183 30
58184 43
58185 40
58186 25
58187 23
58188 33
58189 40
58190 22
58191 40
58192 50
58193 47
58194 7
58195 -4
58196 -1
58197 21
58198 14
58199 26
58200 18
58201 12
58202 26
58203 32
58204 -1
58205 15
58206 30
58207 14
58208 20
58209 43
58210 16
58211 33
58212 21
58213 42
58214 42
58215 -1
58216 12
58217 41
58218 3
58219 7
58220 16
58221 27
58222 17
58223 25
58224 34
58225 18
58226 34
58227 18
58228 36
58229 12
58230 46
58231 24
58232 23
58233 21
58234 1
58235 20
58236 8
58237 38
58238 48
58239 14
58240 37
58241 33
58242 20
58243 43
58244 7
58245 10
58246 27
58247 56
58248 15
58249 25
58250 15
58251 16
58252 58
58253 31
58254 27
58255 19
58256 31
58257 17
58258 28
58259 31
58260 26
58261 11
58262 35
58263 46
58264 14
58265 32
58266 44
58267 17
58268 21
58269 29
58270 32
58271 22
58272 15
58273 14
58274 36
58275 24
58276 43
58277 57
58278 1
58279 10
58280 26
58281 39
58282 15
58283 30
58284 25
58285 19
58286 20
58287 13
58288 13
58289 20
58290 23
58291 25
58292 44
58293 36
58294 25
58295 23
58296 8
58297 15
58298 16
58299 10
58300 42
58301 23
58302 6
58303 14
58304 15
58305 16
58306 49
58307 24
58308 47
58309 61
58310 32
58311 5
58312 23
58313 17
58314 25
58315 38
58316 25
58317 24
58318 9
58319 14
58320 28
58321 21
58322 6
58323 16
58324 23
58325 24
58326 72
58327 33
58328 24
58329 63
58330 14
58331 13
58332 53
58333 20
58334 41
58335 52
58336 25
58337 28
58338 25
58339 10
58340 22
58341 42
58342 45
58343 11
58344 5
58345 27
58346 31
58347 39
58348 19
58349 37
58350 24
58351 9
58352 -2
58353 56
58354 38
58355 19
58356 14
58357 19
58358 23
58359 45
58360 15
58361 23
58362 38
58363 21
58364 24
58365 13
58366 71
58367 29
58368 89
58369 33
58370 34
58371 20
58372 44
58373 40
58374 36
58375 16
58376 27
58377 23
58378 18
58379 37
58380 20
58381 35
58382 7
58383 15
58384 25
58385 31
58386 47
58387 38
58388 4
58389 32
58390 19
58391 14
58392 53
58393 24
58394 24
58395 16
58396 13
58397 35
58398 14
58399 7
58400 -1
58401 19
58402 10
58403 15
58404 50
58405 40
58406 15
58407 3
58408 16
58409 30
58410 15
58411 7
58412 30
58413 18
58414 16
58415 29
58416 18
58417 63
58418 15
58419 42
58420 38
58421 43
58422 49
58423 5
58424 31
58425 24
58426 55
58427 26
58428 37
58429 36
58430 13
58431 49
58432 4
58433 36
58434 24
58435 14
58436 -2
58437 25
58438 19
58439 20
58440 22
58441 25
58442 19
58443 18
58444 41
58445 39
58446 23
58447 30
58448 31
58449 43
58450 4
58451 4
58452 12
58453 36
58454 84
58455 1
58456 7
58457 12
58458 34
58459 -6
58460 17
58461 34
58462 29
58463 22
58464 16
58465 5
58466 24
58467 26
58468 35
58469 11
58470 28
58471 48
58472 22
58473 36
58474 34
58475 19
58476 35
58477 17
58478 31
58479 24
58480 71
58481 14
58482 0
58483 34
58484 36
58485 36
58486 33
58487 70
58488 18
58489 4
58490 47
58491 14
58492 36
58493 8
58494 22
58495 0
58496 13
58497 9
58498 6
58499 39
58500 12
58501 17
58502 -1
58503 -3
58504 40
58505 30
58506 7
58507 23
58508 26
58509 13
58510 22
58511 1
58512 27
58513 24
58514 24
58515 4
58516 45
58517 21
58518 40
58519 44
58520 21
58521 28
58522 25
58523 0
58524 25
58525 49
58526 18
58527 -19
58528 26
58529 28
58530 75
58531 20
58532 27
58533 81
58534 30
58535 55
58536 69
58537 34
58538 15
58539 13
58540 35
58541 27
58542 51
58543 11
58544 41
58545 54
58546 61
58547 16
58548 24
58549 16
58550 15
58551 9
58552 29
58553 34
58554 27
58555 7
58556 22
58557 46
58558 69
58559 18
58560 0
58561 16
58562 7
58563 33
58564 35
58565 18
58566 13
58567 17
58568 17
58569 42
58570 36
58571 8
58572 9
58573 35
58574 31
58575 16
58576 21
58577 33
58578 34
58579 14
58580 17
58581 33
58582 10
58583 63
58584 21
58585 43
58586 27
58587 -7
58588 14
58589 32
58590 15
58591 46
58592 28
58593 39
58594 32
58595 59
58596 20
58597 -1
58598 36
58599 23
58600 26
58601 7
58602 17
58603 30
58604 27
58605 33
58606 41
58607 43
58608 18
58609 18
58610 23
58611 9
58612 20
58613 12
58614 26
58615 32
58616 36
58617 3
58618 15
58619 45
58620 14
58621 -1
58622 16
58623 30
58624 41
58625 36
58626 29
58627 35
58628 17
58629 22
58630 25
58631 29
58632 22
58633 16
58634 5
58635 21
58636 38
58637 28
58638 24
58639 32
58640 9
58641 38
58642 51
58643 4
58644 59
58645 45
58646 35
58647 22
58648 26
58649 49
58650 53
58651 34
58652 31
58653 50
58654 41
58655 22
58656 25
58657 6
58658 5
58659 22
58660 9
58661 42
58662 20
58663 9
58664 34
58665 20
58666 19
58667 24
58668 17
58669 26
58670 6
58671 7
58672 21
58673 23
58674 11
58675 17
58676 -3
58677 24
58678 10
58679 9
58680 11
58681 39
58682 20
58683 20
58684 44
58685 39
58686 19
58687 22
58688 11
58689 17
58690 44
58691 67
58692 27
58693 45
58694 34
58695 18
58696 36
58697 25
58698 12
58699 33
58700 24
58701 30
58702 32
58703 46
58704 26
58705 40
58706 9
58707 9
58708 25
58709 32
58710 35
58711 34
58712 17
58713 38
58714 21
58715 13
58716 12
58717 20
58718 14
58719 29
58720 19
58721 16
58722 32
58723 28
58724 28
58725 50
58726 28
58727 11
58728 25
58729 24
58730 18
58731 27
58732 45
58733 1
58734 47
58735 8
58736 11
58737 23
58738 38
58739 32
58740 51
58741 20
58742 14
58743 -8
58744 51
58745 23
58746 27
58747 42
58748 29
58749 49
58750 9
58751 54
58752 18
58753 29
58754 25
58755 25
58756 37
58757 23
58758 13
58759 19
58760 26
58761 22
58762 30
58763 21
58764 25
58765 51
58766 0
58767 23
58768 40
58769 27
58770 23
58771 19
58772 41
58773 21
58774 -4
58775 16
58776 23
58777 20
58778 51
58779 17
58780 11
58781 13
58782 33
58783 22
58784 36
58785 40
58786 67
58787 19
58788 22
58789 10
58790 33
58791 22
58792 -1
58793 49
58794 34
58795 12
58796 26
58797 20
58798 14
58799 9
58800 10
58801 19
58802 15
58803 1
58804 10
58805 18
58806 42
58807 39
58808 23
58809 56
58810 25
58811 37
58812 46
58813 -1
58814 39
58815 14
58816 26
58817 34
58818 28
58819 32
58820 1
58821 24
58822 20
58823 25
58824 -10
58825 34
58826 6
58827 11
58828 4
58829 41
58830 38
58831 33
58832 23
58833 -1
58834 34
58835 20
58836 27
58837 11
58838 14
58839 21
58840 40
58841 5
58842 23
58843 29
58844 24
58845 19
58846 20
58847 20
58848 48
58849 33
58850 22
58851 29
58852 11
58853 10
58854 23
58855 22
58856 21
58857 44
58858 26
58859 17
58860 17
58861 16
58862 24
58863 31
58864 19
58865 39
58866 -7
58867 33
58868 44
58869 33
58870 52
58871 2
58872 14
58873 28
58874 40
58875 35
58876 29
58877 17
58878 35
58879 14
58880 10
58881 17
58882 19
58883 51
58884 11
58885 12
58886 33
58887 12
58888 30
58889 57
58890 24
58891 43
58892 18
58893 34
58894 26
58895 9
58896 16
58897 0
58898 22
58899 40
58900 5
58901 37
58902 32
58903 23
58904 19
58905 10
58906 14
58907 65
58908 47
58909 22
58910 62
58911 8
58912 20
58913 65
58914 54
58915 19
58916 32
58917 33
58918 16
58919 13
58920 27
58921 16
58922 16
58923 15
58924 29
58925 53
58926 23
58927 33
58928 13
58929 15
58930 31
58931 18
58932 11
58933 15
58934 67
58935 16
58936 7
58937 34
58938 34
58939 22
58940 8
58941 26
58942 25
58943 5
58944 8
58945 31
58946 51
58947 45
58948 36
58949 10
58950 15
58951 7
58952 55
58953 35
58954 -2
58955 25
58956 -5
58957 48
58958 9
58959 20
58960 36
58961 27
58962 -2
58963 10
58964 11
58965 36
58966 90
58967 34
58968 18
58969 26
58970 22
58971 6
58972 28
58973 30
58974 18
58975 36
58976 24
58977 22
58978 41
58979 4
58980 22
58981 19
58982 48
58983 7
58984 5
58985 11
58986 36
58987 16
58988 36
58989 6
58990 45
58991 13
58992 14
58993 53
58994 27
58995 28
58996 37
58997 6
58998 36
58999 32
59000 16
59001 58
59002 28
59003 29
59004 25
59005 21
59006 8
59007 42
59008 24
59009 23
59010 41
59011 8
59012 22
59013 15
59014 15
59015 24
59016 8
59017 7
59018 41
59019 14
59020 10
59021 37
59022 37
59023 28
59024 23
59025 47
59026 44
59027 12
59028 11
59029 11
59030 16
59031 41
59032 17
59033 23
59034 23
59035 2
59036 78
59037 12
59038 15
59039 33
59040 10
59041 13
59042 16
59043 45
59044 37
59045 17
59046 25
59047 32
59048 41
59049 29
59050 14
59051 4
59052 -11
59053 20
59054 61
59055 27
59056 5
59057 8
59058 71
59059 16
59060 11
59061 27
59062 17
59063 30
59064 22
59065 8
59066 -3
59067 43
59068 33
59069 20
59070 28
59071 6
59072 22
59073 45
59074 23
59075 50
59076 22
59077 15
59078 34
59079 -10
59080 26
59081 17
59082 8
59083 17
59084 16
59085 28
59086 18
59087 20
59088 30
59089 34
59090 17
59091 7
59092 33
59093 14
59094 33
59095 26
59096 21
59097 14
59098 15
59099 42
59100 60
59101 39
59102 3
59103 18
59104 44
59105 39
59106 3
59107 -1
59108 6
59109 27
59110 21
59111 4
59112 17
59113 21
59114 27
59115 35
59116 22
59117 7
59118 45
59119 24
59120 21
59121 11
59122 76
59123 33
59124 29
59125 21
59126 18
59127 27
59128 31
59129 44
59130 36
59131 27
59132 31
59133 22
59134 8
59135 14
59136 28
59137 32
59138 12
59139 20
59140 20
59141 27
59142 62
59143 30
59144 15
59145 13
59146 28
59147 19
59148 19
59149 25
59150 0
59151 23
59152 29
59153 9
59154 28
59155 31
59156 13
59157 21
59158 10
59159 35
59160 26
59161 6
59162 34
59163 17
59164 30
59165 17
59166 10
59167 33
59168 40
59169 17
59170 14
59171 20
59172 62
59173 26
59174 43
59175 32
59176 16
59177 31
59178 37
59179 -3
59180 33
59181 16
59182 37
59183 9
59184 15
59185 14
59186 -1
59187 65
59188 -2
59189 15
59190 24
59191 14
59192 51
59193 6
59194 24
59195 21
59196 21
59197 92
59198 22
59199 19
59200 30
59201 4
59202 11
59203 17
59204 -20
59205 52
59206 13
59207 27
59208 20
59209 9
59210 31
59211 37
59212 7
59213 43
59214 15
59215 66
59216 35
59217 19
59218 -2
59219 45
59220 25
59221 37
59222 6
59223 9
59224 26
59225 -4
59226 8
59227 11
59228 39
59229 22
59230 21
59231 31
59232 5
59233 32
59234 52
59235 36
59236 17
59237 27
59238 23
59239 32
59240 4
59241 21
59242 10
59243 -5
59244 22
59245 32
59246 27
59247 20
59248 25
59249 50
59250 60
59251 38
59252 23
59253 29
59254 16
59255 -10
59256 36
59257 34
59258 20
59259 8
59260 13
59261 8
59262 27
59263 15
59264 46
59265 6
59266 34
59267 6
59268 18
59269 8
59270 2
59271 15
59272 1
59273 23
59274 78
59275 9
59276 2
59277 34
59278 40
59279 28
59280 17
59281 26
59282 14
59283 49
59284 6
59285 72
59286 64
59287 51
59288 34
59289 15
59290 53
59291 25
59292 8
59293 25
59294 -8
59295 44
59296 29
59297 23
59298 22
59299 16
59300 6
59301 35
59302 44
59303 21
59304 20
59305 64
59306 57
59307 3
59308 20
59309 5
59310 29
59311 14
59312 39
59313 35
59314 23
59315 6
59316 34
59317 14
59318 48
59319 37
59320 32
59321 20
59322 18
59323 20
59324 12
59325 23
59326 20
59327 51
59328 5
59329 35
59330 9
59331 0
59332 33
59333 19
59334 27
59335 46
59336 1
59337 21
59338 11
59339 30
59340 38
59341 83
59342 14
59343 26
59344 31
59345 3
59346 26
59347 3
59348 1
59349 8
59350 37
59351 27
59352 37
59353 -9
59354 43
59355 20
59356 -12
59357 12
59358 24
59359 22
59360 36
59361 8
59362 25
59363 45
59364 6
59365 51
59366 68
59367 29
59368 29
59369 13
59370 43
59371 26
59372 25
59373 26
59374 31
59375 11
59376 25
59377 20
59378 24
59379 45
59380 8
59381 25
59382 20
59383 21
59384 11
59385 3
59386 34
59387 66
59388 21
59389 22
59390 59
59391 18
59392 27
59393 7
59394 21
59395 23
59396 8
59397 30
59398 50
59399 30
59400 14
59401 52
59402 13
59403 10
59404 18
59405 45
59406 78
59407 29
59408 54
59409 16
59410 20
59411 11
59412 20
59413 3
59414 45
59415 13
59416 26
59417 18
59418 19
59419 1
59420 19
59421 25
59422 -1
59423 19
59424 11
59425 27
59426 25
59427 13
59428 32
59429 62
59430 21
59431 3
59432 14
59433 26
59434 29
59435 16
59436 28
59437 22
59438 40
59439 8
59440 18
59441 1
59442 21
59443 29
59444 21
59445 32
59446 45
59447 22
59448 10
59449 10
59450 26
59451 21
59452 56
59453 27
59454 70
59455 30
59456 34
59457 23
59458 32
59459 10
59460 62
59461 24
59462 40
59463 0
59464 20
59465 19
59466 20
59467 23
59468 -3
59469 7
59470 26
59471 50
59472 19
59473 42
59474 21
59475 35
59476 34
59477 17
59478 6
59479 18
59480 11
59481 6
59482 22
59483 6
59484 5
59485 23
59486 39
59487 40
59488 10
59489 22
59490 23
59491 8
59492 29
59493 -8
59494 15
59495 45
59496 55
59497 22
59498 12
59499 22
59500 23
59501 29
59502 17
59503 13
59504 12
59505 10
59506 2
59507 26
59508 20
59509 18
59510 44
59511 15
59512 13
59513 33
59514 16
59515 12
59516 6
59517 26
59518 20
59519 30
59520 38
59521 25
59522 34
59523 20
59524 53
59525 21
59526 42
59527 51
59528 11
59529 27
59530 35
59531 29
59532 -2
59533 20
59534 70
59535 24
59536 18
59537 32
59538 22
59539 25
59540 60
59541 32
59542 46
59543 24
59544 25
59545 18
59546 7
59547 44
59548 23
59549 14
59550 18
59551 21
59552 41
59553 14
59554 60
59555 69
59556 11
59557 17
59558 8
59559 46
59560 27
59561 28
59562 6
59563 21
59564 61
59565 24
59566 18
59567 30
59568 40
59569 29
59570 22
59571 47
59572 24
59573 26
59574 32
59575 10
59576 29
59577 44
59578 28
59579 29
59580 10
59581 28
59582 35
59583 43
59584 0
59585 99
59586 19
59587 10
59588 14
59589 17
59590 29
59591 28
59592 13
59593 38
59594 3
59595 27
59596 5
59597 0
59598 10
59599 12
59600 31
59601 2
59602 24
59603 46
59604 18
59605 -5
59606 -5
59607 48
59608 26
59609 2
59610 24
59611 21
59612 11
59613 32
59614 54
59615 28
59616 46
59617 19
59618 51
59619 27
59620 17
59621 32
59622 23
59623 5
59624 17
59625 75
59626 54
59627 49
59628 22
59629 6
59630 36
59631 12
59632 45
59633 8
59634 -6
59635 7
59636 6
59637 24
59638 25
59639 56
59640 0
59641 22
59642 35
59643 25
59644 32
59645 21
59646 4
59647 31
59648 -6
59649 47
59650 11
59651 18
59652 37
59653 53
59654 33
59655 2
59656 21
59657 33
59658 35
59659 25
59660 27
59661 -1
59662 29
59663 -4
59664 15
59665 12
59666 18
59667 32
59668 23
59669 15
59670 9
59671 32
59672 45
59673 24
59674 15
59675 32
59676 52
59677 10
59678 29
59679 24
59680 35
59681 26
59682 12
59683 34
59684 32
59685 62
59686 77
59687 15
59688 56
59689 76
59690 46
59691 16
59692 31
59693 31
59694 22
59695 16
59696 19
59697 20
59698 40
59699 48
59700 29
59701 11
59702 22
59703 24
59704 24
59705 2
59706 20
59707 26
59708 32
59709 26
59710 31
59711 27
59712 20
59713 2
59714 37
59715 11
59716 20
59717 25
59718 43
59719 44
59720 19
59721 15
59722 9
59723 14
59724 47
59725 28
59726 30
59727 36
59728 25
59729 22
59730 25
59731 49
59732 5
59733 13
59734 9
59735 20
59736 15
59737 29
59738 13
59739 41
59740 17
59741 18
59742 30
59743 19
59744 8
59745 14
59746 1
59747 21
59748 25
59749 32
59750 44
59751 14
59752 23
59753 24
59754 29
59755 15
59756 46
59757 26
59758 43
59759 13
59760 22
59761 15
59762 2
59763 20
59764 71
59765 30
59766 36
59767 41
59768 27
59769 14
59770 -15
59771 54
59772 6
59773 -4
59774 23
59775 80
59776 31
59777 23
59778 24
59779 7
59780 14
59781 34
59782 11
59783 17
59784 14
59785 -2
59786 6
59787 29
59788 -5
59789 8
59790 48
59791 19
59792 31
59793 29
59794 42
59795 14
59796 38
59797 25
59798 15
59799 1
59800 10
59801 26
59802 40
59803 19
59804 16
59805 11
59806 18
59807 22
59808 -6
59809 28
59810 31
59811 19
59812 15
59813 4
59814 20
59815 11
59816 5
59817 51
59818 25
59819 -4
59820 22
59821 42
59822 28
59823 74
59824 23
59825 1
59826 28
59827 7
59828 8
59829 9
59830 -6
59831 21
59832 36
59833 68
59834 31
59835 18
59836 18
59837 60
59838 34
59839 24
59840 13
59841 44
59842 25
59843 46
59844 10
59845 36
59846 2
59847 -4
59848 39
59849 10
59850 14
59851 22
59852 26
59853 39
59854 19
59855 53
59856 66
59857 38
59858 40
59859 16
59860 12
59861 21
59862 14
59863 10
59864 10
59865 9
59866 6
59867 2
59868 -2
59869 18
59870 47
59871 9
59872 35
59873 31
59874 17
59875 11
59876 29
59877 20
59878 29
59879 27
59880 10
59881 -5
59882 23
59883 17
59884 20
59885 22
59886 39
59887 24
59888 22
59889 30
59890 46
59891 27
59892 17
59893 37
59894 25
59895 -11
59896 24
59897 26
59898 21
59899 20
59900 17
59901 8
59902 36
59903 26
59904 17
59905 31
59906 30
59907 35
59908 25
59909 24
59910 8
59911 9
59912 40
59913 25
59914 5
59915 15
59916 18
59917 17
59918 25
59919 31
59920 39
59921 16
59922 27
59923 45
59924 17
59925 28
59926 29
59927 17
59928 4
59929 28
59930 36
59931 6
59932 38
59933 50
59934 8
59935 8
59936 23
59937 28
59938 10
59939 22
59940 31
59941 25
59942 1
59943 1
59944 14
59945 17
59946 7
59947 26
59948 12
59949 -2
59950 3
59951 25
59952 15
59953 13
59954 25
59955 39
59956 19
59957 31
59958 6
59959 26
59960 29
59961 46
59962 49
59963 24
59964 9
59965 -1
59966 17
59967 5
59968 52
59969 24
59970 18
59971 7
59972 14
59973 26
59974 29
59975 9
59976 7
59977 11
59978 14
59979 26
59980 38
59981 26
59982 8
59983 26
59984 4
59985 10
59986 0
59987 29
59988 84
59989 23
59990 26
59991 7
59992 11
59993 14
59994 37
59995 46
59996 33
59997 36
59998 14
59999 6
60000 13
60001 -11
60002 10
60003 32
60004 39
60005 39
60006 18
60007 27
60008 14
60009 26
60010 44
60011 21
60012 15
60013 48
60014 7
60015 30
60016 38
60017 34
60018 25
60019 49
60020 27
60021 15
60022 17
60023 20
60024 34
60025 30
60026 48
60027 55
60028 45
60029 30
60030 57
60031 19
60032 12
60033 18
60034 -1
60035 40
60036 73
60037 36
60038 14
60039 21
60040 14
60041 22
60042 24
60043 67
60044 17
60045 20
60046 43
60047 23
60048 27
60049 5
60050 37
60051 24
60052 26
60053 25
60054 79
60055 36
60056 7
60057 16
60058 24
60059 25
60060 33
60061 4
60062 12
60063 29
60064 8
60065 56
60066 26
60067 2
60068 26
60069 31
60070 75
60071 69
60072 32
60073 22
60074 25
60075 22
60076 15
60077 5
60078 14
60079 12
60080 34
60081 15
60082 31
60083 38
60084 20
60085 31
60086 42
60087 11
60088 19
60089 24
60090 18
60091 28
60092 47
60093 23
60094 28
60095 32
60096 33
60097 18
60098 40
60099 24
60100 26
60101 5
60102 18
60103 37
60104 12
60105 36
60106 21
60107 44
60108 30
60109 16
60110 25
60111 15
60112 36
60113 12
60114 21
60115 24
60116 27
60117 21
60118 75
60119 14
60120 10
60121 18
60122 21
60123 42
60124 10
60125 20
60126 23
60127 38
60128 12
60129 9
60130 20
60131 1
60132 5
60133 30
60134 20
60135 48
60136 42
60137 23
60138 22
60139 47
60140 48
60141 12
60142 12
60143 58
60144 15
60145 33
60146 20
60147 10
60148 38
60149 22
60150 14
60151 23
60152 26
60153 14
60154 -7
60155 84
60156 31
60157 19
60158 13
60159 8
60160 26
60161 23
60162 6
60163 20
60164 29
60165 21
60166 15
60167 37
60168 20
60169 88
60170 21
60171 8
60172 52
60173 14
60174 20
60175 5
60176 12
60177 21
60178 37
60179 36
60180 35
60181 2
60182 63
60183 45
60184 8
60185 16
60186 28
60187 39
60188 17
60189 35
60190 15
60191 20
60192 29
60193 27
60194 9
60195 32
60196 41
60197 21
60198 7
60199 24
60200 38
60201 4
60202 28
60203 17
60204 15
60205 8
60206 21
60207 8
60208 -2
60209 53
60210 30
60211 9
60212 33
60213 6
60214 24
60215 14
60216 14
60217 17
60218 -1
60219 39
60220 0
60221 36
60222 63
60223 4
60224 16
60225 25
60226 40
60227 36
60228 30
60229 14
60230 35
60231 16
60232 90
60233 25
60234 30
60235 32
60236 44
60237 29
60238 20
60239 6
60240 32
60241 10
60242 21
60243 -3
60244 17
60245 -2
60246 12
60247 9
60248 22
60249 49
60250 -9
60251 34
60252 16
60253 4
60254 37
60255 14
60256 40
60257 23
60258 -15
60259 27
60260 59
60261 20
60262 37
60263 3
60264 11
60265 8
60266 32
60267 19
60268 22
60269 10
60270 14
60271 8
60272 17
60273 29
60274 15
60275 16
60276 51
60277 11
60278 18
60279 12
60280 26
60281 19
60282 14
60283 70
60284 33
60285 -4
60286 9
60287 6
60288 21
60289 21
60290 24
60291 16
60292 -6
60293 30
60294 38
60295 26
60296 65
60297 46
60298 38
60299 25
60300 13
60301 28
60302 28
60303 40
60304 35
60305 20
60306 12
60307 18
60308 12
60309 17
60310 15
60311 9
60312 39
60313 29
60314 17
60315 50
60316 -4
60317 19
60318 10
60319 11
60320 18
60321 31
60322 36
60323 25
60324 17
60325 19
60326 17
60327 8
60328 47
60329 16
60330 18
60331 10
60332 5
60333 35
60334 24
60335 23
60336 31
60337 13
60338 41
60339 10
60340 17
60341 8
60342 13
60343 15
60344 7
60345 26
60346 24
60347 -18
60348 -3
60349 3
60350 28
60351 3
60352 17
60353 32
60354 29
60355 19
60356 27
60357 17
60358 26
60359 12
60360 14
60361 14
60362 18
60363 11
60364 10
60365 16
60366 24
60367 31
60368 24
60369 22
60370 32
60371 28
60372 20
60373 12
60374 29
60375 37
60376 41
60377 1
60378 15
60379 35
60380 6
60381 37
60382 35
60383 16
60384 23
60385 37
60386 46
60387 47
60388 25
60389 31
60390 8
60391 43
60392 27
60393 -9
60394 6
60395 52
60396 27
60397 17
60398 5
60399 45
60400 50
60401 52
60402 43
60403 20
60404 30
60405 31
60406 32
60407 4
60408 9
60409 89
60410 26
60411 14
60412 14
60413 3
60414 12
60415 20
60416 44
60417 24
60418 18
60419 17
60420 43
60421 41
60422 36
60423 15
60424 35
60425 -14
60426 66
60427 20
60428 39
60429 15
60430 10
60431 14
60432 18
60433 39
60434 45
60435 12
60436 19
60437 12
60438 46
60439 39
60440 15
60441 18
60442 33
60443 36
60444 10
60445 16
60446 35
60447 31
60448 29
60449 17
60450 20
60451 32
60452 31
60453 37
60454 23
60455 20
60456 6
60457 14
60458 30
60459 5
60460 29
60461 35
60462 42
60463 37
60464 -2
60465 10
60466 64
60467 46
60468 31
60469 26
60470 18
60471 21
60472 38
60473 17
60474 42
60475 21
60476 10
60477 8
60478 20
60479 39
60480 39
60481 6
60482 42
60483 10
60484 65
60485 12
60486 15
60487 27
60488 30
60489 18
60490 23
60491 33
60492 23
60493 36
60494 22
60495 12
60496 12
60497 57
60498 15
60499 7
60500 51
60501 30
60502 19
60503 35
60504 13
60505 -21
60506 25
60507 8
60508 62
60509 20
60510 10
60511 34
60512 10
60513 31
60514 30
60515 20
60516 20
60517 38
60518 28
60519 44
60520 80
60521 24
60522 41
60523 21
60524 22
60525 6
60526 31
60527 28
60528 24
60529 62
60530 20
60531 24
60532 29
60533 11
60534 56
60535 32
60536 39
60537 24
60538 5
60539 5
60540 14
60541 14
60542 11
60543 18
60544 21
60545 12
60546 22
60547 17
60548 11
60549 6
60550 13
60551 26
60552 28
60553 71
60554 17
60555 16
60556 16
60557 54
60558 1
60559 12
60560 9
60561 19
60562 0
60563 32
60564 12
60565 3
60566 35
60567 44
60568 7
60569 0
60570 59
60571 16
60572 16
60573 32
60574 18
60575 18
60576 89
60577 25
60578 15
60579 24
60580 22
60581 51
60582 8
60583 23
60584 18
60585 22
60586 50
60587 25
60588 23
60589 30
60590 9
60591 35
60592 3
60593 -15
60594 23
60595 14
60596 37
60597 3
60598 45
60599 17
60600 15
60601 27
60602 26
60603 34
60604 33
60605 59
60606 4
60607 27
60608 23
60609 25
60610 32
60611 22
60612 11
60613 32
60614 16
60615 44
60616 26
60617 45
60618 35
60619 52
60620 81
60621 4
60622 31
60623 59
60624 7
60625 8
60626 5
60627 11
60628 18
60629 14
60630 7
60631 2
60632 47
60633 33
60634 54
60635 27
60636 24
60637 23
60638 7
60639 9
60640 36
60641 16
60642 5
60643 15
60644 31
60645 3
60646 59
60647 47
60648 50
60649 36
60650 40
60651 19
60652 20
60653 65
60654 32
60655 34
60656 28
60657 3
60658 26
60659 18
60660 13
60661 3
60662 38
60663 16
60664 41
60665 23
60666 29
60667 10
60668 14
60669 25
60670 11
60671 34
60672 13
60673 16
60674 11
60675 53
60676 30
60677 12
60678 27
60679 33
60680 20
60681 13
60682 36
60683 23
60684 10
60685 28
60686 26
60687 31
60688 20
60689 37
60690 45
60691 4
60692 66
60693 63
60694 49
60695 22
60696 32
60697 84
60698 76
60699 8
60700 27
60701 1
60702 20
60703 28
60704 34
60705 16
60706 23
60707 35
60708 29
60709 3
60710 17
60711 14
60712 24
60713 18
60714 16
60715 31
60716 53
60717 40
60718 10
60719 39
60720 20
60721 33
60722 38
60723 -6
60724 3
60725 13
60726 24
60727 21
60728 25
60729 41
60730 38
60731 27
60732 31
60733 5
60734 24
60735 -6
60736 24
60737 43
60738 33
60739 82
60740 44
60741 22
60742 7
60743 37
60744 25
60745 15
60746 25
60747 25
60748 18
60749 71
60750 -2
60751 43
60752 24
60753 -8
60754 43
60755 35
60756 -6
60757 41
60758 20
60759 35
60760 19
60761 40
60762 31
60763 21
60764 2
60765 25
60766 10
60767 18
60768 19
60769 36
60770 20
60771 31
60772 17
60773 36
60774 39
60775 41
60776 36
60777 22
60778 19
60779 20
60780 45
60781 35
60782 30
60783 21
60784 8
60785 35
60786 12
60787 16
60788 24
60789 45
60790 33
60791 47
60792 33
60793 36
60794 28
60795 19
60796 54
60797 9
60798 20
60799 41
60800 31
60801 30
60802 25
60803 28
60804 32
60805 13
60806 10
60807 8
60808 27
60809 6
60810 15
60811 25
60812 1
60813 9
60814 26
60815 16
60816 11
60817 33
60818 5
60819 31
60820 89
60821 23
60822 28
60823 30
60824 39
60825 37
60826 13
60827 36
60828 7
60829 14
60830 25
60831 -9
60832 3
60833 22
60834 21
60835 16
60836 5
60837 17
60838 12
60839 23
60840 39
60841 29
60842 3
60843 25
60844 16
60845 10
60846 18
60847 5
60848 14
60849 4
60850 16
60851 94
60852 68
60853 46
60854 74
60855 4
60856 17
60857 35
60858 10
60859 11
60860 72
60861 6
60862 11
60863 30
60864 24
60865 5
60866 11
60867 19
60868 12
60869 26
60870 42
60871 22
60872 21
60873 39
60874 30
60875 12
60876 22
60877 9
60878 56
60879 22
60880 24
60881 45
60882 22
60883 11
60884 5
60885 19
60886 45
60887 1
60888 26
60889 20
60890 1
60891 22
60892 15
60893 25
60894 22
60895 17
60896 43
60897 15
60898 19
60899 35
60900 30
60901 38
60902 6
60903 32
60904 16
60905 62
60906 12
60907 36
60908 34
60909 57
60910 11
60911 39
60912 68
60913 18
60914 5
60915 13
60916 25
60917 18
60918 24
60919 69
60920 19
60921 19
60922 17
60923 22
60924 16
60925 23
60926 25
60927 36
60928 21
60929 48
60930 9
60931 27
60932 44
60933 0
60934 27
60935 30
60936 50
60937 12
60938 10
60939 29
60940 17
60941 29
60942 33
60943 41
60944 10
60945 44
60946 29
60947 29
60948 9
60949 -7
60950 30
60951 10
60952 24
60953 29
60954 5
60955 52
60956 5
60957 39
60958 43
60959 33
60960 29
60961 23
60962 8
60963 18
60964 1
60965 48
60966 29
60967 14
60968 41
60969 26
60970 16
60971 8
60972 47
60973 64
60974 16
60975 9
60976 34
60977 25
60978 34
60979 6
60980 56
60981 3
60982 24
60983 6
60984 22
60985 23
60986 12
60987 30
60988 43
60989 28
60990 32
60991 38
60992 6
60993 3
60994 8
60995 36
60996 17
60997 30
60998 35
60999 47
61000 16
61001 23
61002 44
61003 24
61004 18
61005 7
61006 17
61007 15
61008 21
61009 37
61010 11
61011 5
61012 20
61013 33
61014 45
61015 37
61016 31
61017 27
61018 3
61019 28
61020 28
61021 26
61022 26
61023 32
61024 11
61025 30
61026 65
61027 33
61028 22
61029 43
61030 19
61031 20
61032 14
61033 17
61034 23
61035 21
61036 30
61037 24
61038 8
61039 38
61040 18
61041 23
61042 16
61043 6
61044 31
61045 1
61046 34
61047 39
61048 44
61049 43
61050 17
61051 32
61052 12
61053 10
61054 39
61055 18
61056 -4
61057 7
61058 39
61059 -16
61060 14
61061 37
61062 22
61063 12
61064 36
61065 36
61066 18
61067 6
61068 8
61069 2
61070 15
61071 37
61072 26
61073 42
61074 5
61075 4
61076 9
61077 26
61078 53
61079 10
61080 43
61081 24
61082 6
61083 42
61084 22
61085 56
61086 38
61087 26
61088 32
61089 50
61090 21
61091 53
61092 12
61093 21
61094 22
61095 1
61096 43
61097 43
61098 27
61099 38
61100 29
61101 23
61102 19
61103 26
61104 16
61105 14
61106 12
61107 2
61108 60
61109 16
61110 43
61111 5
61112 21
61113 41
61114 30
61115 44
61116 22
61117 8
61118 54
61119 27
61120 71
61121 17
61122 15
61123 15
61124 25
61125 21
61126 39
61127 8
61128 8
61129 27
61130 14
61131 17
61132 2
61133 45
61134 18
61135 40
61136 39
61137 8
61138 16
61139 18
61140 27
61141 19
61142 1
61143 -7
61144 53
61145 7
61146 7
61147 20
61148 3
61149 28
61150 42
61151 35
61152 7
61153 34
61154 12
61155 34
61156 18
61157 33
61158 14
61159 7
61160 20
61161 46
61162 26
61163 26
61164 -3
61165 40
61166 40
61167 61
61168 15
61169 65
61170 18
61171 31
61172 45
61173 30
61174 5
61175 19
61176 17
61177 11
61178 26
61179 13
61180 40
61181 6
61182 56
61183 22
61184 -7
61185 20
61186 13
61187 42
61188 19
61189 25
61190 -4
61191 2
61192 -2
61193 14
61194 -4
61195 36
61196 15
61197 24
61198 10
61199 40
61200 4
61201 38
61202 21
61203 8
61204 17
61205 10
61206 12
61207 2
61208 32
61209 50
61210 40
61211 21
61212 4
61213 15
61214 24
61215 22
61216 14
61217 16
61218 10
61219 30
61220 -2
61221 -6
61222 0
61223 19
61224 8
61225 18
61226 19
61227 1
61228 38
61229 18
61230 19
61231 16
61232 29
61233 16
61234 15
61235 45
61236 -2
61237 42
61238 15
61239 11
61240 31
61241 11
61242 17
61243 31
61244 29
61245 36
61246 24
61247 28
61248 34
61249 9
61250 25
61251 20
61252 47
61253 34
61254 11
61255 22
61256 21
61257 49
61258 30
61259 15
61260 8
61261 13
61262 24
61263 23
61264 48
61265 23
61266 13
61267 32
61268 -5
61269 10
61270 -4
61271 24
61272 36
61273 38
61274 25
61275 -4
61276 22
61277 19
61278 22
61279 37
61280 20
61281 29
61282 20
61283 3
61284 26
61285 43
61286 12
61287 26
61288 23
61289 27
61290 17
61291 -3
61292 40
61293 27
61294 6
61295 24
61296 12
61297 26
61298 51
61299 38
61300 35
61301 41
61302 30
61303 19
61304 34
61305 22
61306 46
61307 33
61308 17
61309 20
61310 21
61311 41
61312 17
61313 77
61314 0
61315 47
61316 24
61317 32
61318 19
61319 33
61320 11
61321 10
61322 18
61323 17
61324 37
61325 24
61326 8
61327 26
61328 25
61329 30
61330 17
61331 35
61332 17
61333 19
61334 55
61335 9
61336 16
61337 2
61338 11
61339 11
61340 52
61341 62
61342 44
61343 38
61344 21
61345 43
61346 32
61347 14
61348 4
61349 18
61350 18
61351 45
61352 36
61353 27
61354 21
61355 23
61356 63
61357 31
61358 31
61359 12
61360 45
61361 3
61362 22
61363 27
61364 15
61365 32
61366 66
61367 50
61368 15
61369 31
61370 40
61371 32
61372 -9
61373 27
61374 16
61375 10
61376 53
61377 34
61378 14
61379 12
61380 34
61381 16
61382 27
61383 34
61384 -7
61385 -5
61386 20
61387 7
61388 33
61389 27
61390 51
61391 27
61392 13
61393 59
61394 9
61395 28
61396 25
61397 19
61398 35
61399 13
61400 58
61401 22
61402 11
61403 21
61404 11
61405 15
61406 44
61407 23
61408 32
61409 53
61410 22
61411 28
61412 35
61413 26
61414 35
61415 29
61416 24
61417 34
61418 27
61419 32
61420 20
61421 8
61422 59
61423 48
61424 18
61425 12
61426 21
61427 43
61428 26
61429 24
61430 34
61431 12
61432 17
61433 25
61434 37
61435 38
61436 0
61437 3
61438 14
61439 28
61440 24
61441 43
61442 -16
61443 19
61444 12
61445 28
61446 55
61447 40
61448 32
61449 44
61450 -3
61451 25
61452 24
61453 26
61454 29
61455 4
61456 23
61457 25
61458 10
61459 13
61460 34
61461 32
61462 16
61463 18
61464 6
61465 48
61466 13
61467 9
61468 28
61469 1
61470 26
61471 -3
61472 45
61473 20
61474 21
61475 18
61476 11
61477 18
61478 26
61479 49
61480 14
61481 26
61482 33
61483 11
61484 39
61485 56
61486 41
61487 36
61488 38
61489 4
61490 32
61491 9
61492 43
61493 25
61494 24
61495 37
61496 30
61497 22
61498 29
61499 35
61500 34
61501 27
61502 -3
61503 116
61504 7
61505 11
61506 30
61507 1
61508 41
61509 31
61510 16
61511 27
61512 8
61513 28
61514 16
61515 1
61516 -4
61517 34
61518 28
61519 3
61520 13
61521 24
61522 27
61523 24
61524 59
61525 101
61526 16
61527 -1
61528 22
61529 21
61530 32
61531 32
61532 43
61533 30
61534 38
61535 16
61536 21
61537 14
61538 54
61539 19
61540 5
61541 36
61542 9
61543 13
61544 26
61545 1
61546 11
61547 52
61548 10
61549 16
61550 21
61551 18
61552 26
61553 29
61554 23
61555 24
61556 42
61557 26
61558 19
61559 36
61560 4
61561 26
61562 11
61563 36
61564 -5
61565 19
61566 3
61567 14
61568 24
61569 -4
61570 55
61571 29
61572 -8
61573 12
61574 9
61575 19
61576 30
61577 30
61578 24
61579 29
61580 46
61581 16
61582 35
61583 53
61584 20
61585 36
61586 7
61587 19
61588 56
61589 19
61590 16
61591 10
61592 23
61593 30
61594 45
61595 42
61596 4
61597 20
61598 12
61599 8
61600 41
61601 7
61602 34
61603 37
61604 16
61605 22
61606 27
61607 19
61608 -1
61609 28
61610 37
61611 10
61612 32
61613 38
61614 13
61615 18
61616 25
61617 40
61618 2
61619 23
61620 -2
61621 16
61622 1
61623 10
61624 24
61625 19
61626 66
61627 18
61628 10
61629 24
61630 11
61631 9
61632 39
61633 17
61634 27
61635 1
61636 15
61637 37
61638 30
61639 53
61640 16
61641 31
61642 24
61643 36
61644 31
61645 13
61646 51
61647 35
61648 4
61649 9
61650 28
61651 15
61652 21
61653 44
61654 -5
61655 3
61656 12
61657 35
61658 36
61659 4
61660 24
61661 34
61662 19
61663 22
61664 42
61665 15
61666 12
61667 45
61668 16
61669 27
61670 41
61671 8
61672 16
61673 9
61674 44
61675 30
61676 31
61677 31
61678 18
61679 21
61680 15
61681 41
61682 1
61683 13
61684 9
61685 7
61686 16
61687 25
61688 10
61689 39
61690 25
61691 3
61692 30
61693 5
61694 45
61695 50
61696 37
61697 29
61698 27
61699 23
61700 21
61701 22
61702 24
61703 19
61704 34
61705 36
61706 45
61707 8
61708 5
61709 7
61710 23
61711 17
61712 11
61713 20
61714 21
61715 33
61716 13
61717 20
61718 8
61719 52
61720 32
61721 54
61722 18
61723 25
61724 11
61725 43
61726 43
61727 11
61728 52
61729 55
61730 79
61731 25
61732 -14
61733 18
61734 15
61735 24
61736 15
61737 10
61738 40
61739 5
61740 2
61741 12
61742 22
61743 11
61744 33
61745 23
61746 14
61747 18
61748 101
61749 22
61750 25
61751 12
61752 30
61753 28
61754 13
61755 -5
61756 27
61757 29
61758 11
61759 22
61760 12
61761 19
61762 23
61763 13
61764 29
61765 35
61766 12
61767 20
61768 13
61769 26
61770 18
61771 2
61772 -1
61773 20
61774 23
61775 22
61776 19
61777 22
61778 3
61779 33
61780 18
61781 17
61782 7
61783 41
61784 5
61785 -7
61786 18
61787 31
61788 43
61789 25
61790 55
61791 41
61792 28
61793 33
61794 16
61795 20
61796 10
61797 5
61798 28
61799 33
61800 31
61801 37
61802 25
61803 15
61804 17
61805 14
61806 15
61807 17
61808 9
61809 13
61810 17
61811 4
61812 45
61813 28
61814 33
61815 25
61816 20
61817 5
61818 18
61819 -8
61820 28
61821 17
61822 17
61823 61
61824 26
61825 17
61826 22
61827 3
61828 6
61829 38
61830 34
61831 -10
61832 19
61833 69
61834 36
61835 8
61836 49
61837 15
61838 24
61839 78
61840 8
61841 23
61842 44
61843 24
61844 29
61845 8
61846 3
61847 19
61848 36
61849 27
61850 14
61851 40
61852 18
61853 25
61854 17
61855 36
61856 21
61857 0
61858 22
61859 102
61860 65
61861 21
61862 22
61863 -7
61864 7
61865 -12
61866 36
61867 38
61868 23
61869 3
61870 12
61871 16
61872 29
61873 11
61874 30
61875 37
61876 0
61877 0
61878 12
61879 30
61880 30
61881 20
61882 22
61883 30
61884 29
61885 14
61886 13
61887 3
61888 70
61889 35
61890 9
61891 51
61892 8
61893 14
61894 24
61895 44
61896 7
61897 22
61898 34
61899 49
61900 7
61901 5
61902 -7
61903 20
61904 25
61905 25
61906 20
61907 21
61908 0
61909 33
61910 23
61911 9
61912 16
61913 36
61914 35
61915 23
61916 36
61917 57
61918 8
61919 27
61920 1
61921 29
61922 17
61923 15
61924 29
61925 26
61926 24
61927 2
61928 5
61929 28
61930 30
61931 6
61932 6
61933 5
61934 41
61935 43
61936 26
61937 37
61938 19
61939 32
61940 35
61941 30
61942 15
61943 44
61944 20
61945 10
61946 2
61947 22
61948 48
61949 20
61950 12
61951 40
61952 26
61953 27
61954 -3
61955 33
61956 19
61957 32
61958 9
61959 19
61960 7
61961 43
61962 45
61963 11
61964 13
61965 19
61966 30
61967 20
61968 20
61969 11
61970 22
61971 12
61972 0
61973 40
61974 17
61975 18
61976 26
61977 2
61978 27
61979 10
61980 44
61981 18
61982 41
61983 1
61984 17
61985 14
61986 -5
61987 37
61988 47
61989 6
61990 15
61991 17
61992 31
61993 10
61994 23
61995 25
61996 8
61997 34
61998 25
61999 30
62000 17
62001 59
62002 12
62003 6
62004 20
62005 -4
62006 19
62007 15
62008 13
62009 26
62010 28
62011 27
62012 18
62013 -2
62014 22
62015 -2
62016 32
62017 6
62018 13
62019 22
62020 10
62021 15
62022 -2
62023 25
62024 38
62025 29
62026 14
62027 10
62028 16
62029 13
62030 4
62031 6
62032 13
62033 40
62034 -1
62035 20
62036 29
62037 16
62038 10
62039 72
62040 32
62041 15
62042 27
62043 16
62044 29
62045 27
62046 5
62047 26
62048 23
62049 15
62050 42
62051 22
62052 7
62053 17
62054 15
62055 33
62056 19
62057 24
62058 34
62059 15
62060 51
62061 22
62062 12
62063 16
62064 57
62065 67
62066 -12
62067 40
62068 24
62069 10
62070 11
62071 12
62072 6
62073 41
62074 12
62075 19
62076 58
62077 18
62078 84
62079 -2
62080 24
62081 -8
62082 17
62083 21
62084 22
62085 38
62086 33
62087 16
62088 18
62089 33
62090 43
62091 18
62092 39
62093 36
62094 62
62095 76
62096 26
62097 33
62098 19
62099 18
62100 15
62101 9
62102 28
62103 7
62104 6
62105 30
62106 25
62107 13
62108 25
62109 22
62110 18
62111 64
62112 34
62113 12
62114 17
62115 -8
62116 31
62117 21
62118 7
62119 15
62120 19
62121 34
62122 22
62123 24
62124 32
62125 31
62126 31
62127 17
62128 20
62129 44
62130 35
62131 33
62132 37
62133 33
62134 21
62135 20
62136 24
62137 35
62138 3
62139 2
62140 32
62141 26
62142 46
62143 26
62144 -2
62145 39
62146 2
62147 31
62148 21
62149 31
62150 23
62151 28
62152 2
62153 21
62154 26
62155 15
62156 3
62157 12
62158 33
62159 25
62160 21
62161 24
62162 4
62163 15
62164 21
62165 9
62166 24
62167 38
62168 21
62169 25
62170 8
62171 0
62172 30
62173 33
62174 40
62175 34
62176 29
62177 13
62178 27
62179 24
62180 18
62181 47
62182 14
62183 7
62184 30
62185 31
62186 33
62187 34
62188 42
62189 85
62190 6
62191 17
62192 4
62193 14
62194 45
62195 26
62196 4
62197 18
62198 16
62199 14
62200 13
62201 19
62202 20
62203 10
62204 11
62205 20
62206 28
62207 1
62208 8
62209 13
62210 23
62211 32
62212 6
62213 13
62214 6
62215 27
62216 10
62217 25
62218 11
62219 9
62220 3
62221 17
62222 27
62223 20
62224 21
62225 18
62226 18
62227 28
62228 21
62229 23
62230 29
62231 10
62232 12
62233 17
62234 20
62235 7
62236 14
62237 21
62238 33
62239 27
62240 45
62241 19
62242 25
62243 33
62244 52
62245 11
62246 13
62247 21
62248 10
62249 32
62250 15
62251 59
62252 19
62253 48
62254 30
62255 16
62256 20
62257 26
62258 12
62259 28
62260 12
62261 14
62262 25
62263 65
62264 23
62265 36
62266 6
62267 9
62268 20
62269 8
62270 90
62271 35
62272 33
62273 25
62274 24
62275 13
62276 30
62277 6
62278 27
62279 24
62280 7
62281 42
62282 13
62283 7
62284 3
62285 34
62286 -1
62287 8
62288 26
62289 12
62290 52
62291 25
62292 31
62293 19
62294 36
62295 12
62296 1
62297 11
62298 11
62299 23
62300 45
62301 29
62302 17
62303 49
62304 22
62305 29
62306 52
62307 33
62308 -2
62309 27
62310 49
62311 9
62312 19
62313 19
62314 10
62315 22
62316 18
62317 28
62318 20
62319 52
62320 26
62321 -1
62322 71
62323 24
62324 29
62325 0
62326 10
62327 33
62328 29
62329 16
62330 24
62331 25
62332 18
62333 35
62334 5
62335 31
62336 18
62337 7
62338 12
62339 -1
62340 10
62341 38
62342 20
62343 41
62344 24
62345 30
62346 6
62347 29
62348 30
62349 3
62350 22
62351 30
62352 34
62353 59
62354 37
62355 14
62356 27
62357 30
62358 36
62359 25
62360 43
62361 37
62362 36
62363 42
62364 13
62365 50
62366 -2
62367 16
62368 25
62369 39
62370 18
62371 44
62372 68
62373 45
62374 14
62375 3
62376 37
62377 19
62378 17
62379 16
62380 31
62381 12
62382 33
62383 55
62384 29
62385 21
62386 68
62387 18
62388 15
62389 28
62390 49
62391 31
62392 24
62393 86
62394 8
62395 45
62396 41
62397 14
62398 -1
62399 18
62400 53
62401 -1
62402 24
62403 8
62404 34
62405 35
62406 66
62407 21
62408 10
62409 29
62410 32
62411 25
62412 32
62413 29
62414 13
62415 27
62416 32
62417 33
62418 28
62419 -5
62420 17
62421 15
62422 18
62423 20
62424 27
62425 23
62426 16
62427 2
62428 42
62429 22
62430 68
62431 12
62432 15
62433 20
62434 2
62435 7
62436 32
62437 17
62438 14
62439 31
62440 6
62441 23
62442 23
62443 25
62444 19
62445 18
62446 18
62447 41
62448 22
62449 32
62450 28
62451 24
62452 8
62453 3
62454 21
62455 46
62456 -6
62457 40
62458 9
62459 19
62460 28
62461 11
62462 12
62463 38
62464 36
62465 62
62466 3
62467 44
62468 7
62469 26
62470 35
62471 20
62472 27
62473 23
62474 46
62475 42
62476 25
62477 15
62478 22
62479 13
62480 14
62481 -11
62482 30
62483 5
62484 45
62485 17
62486 13
62487 33
62488 41
62489 28
62490 12
62491 31
62492 18
62493 32
62494 48
62495 33
62496 12
62497 13
62498 9
62499 29
62500 26
62501 31
62502 17
62503 51
62504 23
62505 29
62506 61
62507 29
62508 62
62509 99
62510 35
62511 16
62512 23
62513 21
62514 22
62515 16
62516 26
62517 16
62518 28
62519 9
62520 13
62521 32
62522 9
62523 41
62524 12
62525 22
62526 0
62527 7
62528 29
62529 19
62530 36
62531 17
62532 34
62533 7
62534 56
62535 23
62536 17
62537 16
62538 15
62539 27
62540 66
62541 62
62542 17
62543 19
62544 8
62545 109
62546 23
62547 34
62548 12
62549 2
62550 5
62551 30
62552 30
62553 15
62554 79
62555 83
62556 14
62557 67
62558 74
62559 14
62560 18
62561 6
62562 34
62563 63
62564 25
62565 54
62566 54
62567 15
62568 12
62569 26
62570 31
62571 41
62572 26
62573 30
62574 14
62575 27
62576 21
62577 48
62578 15
62579 17
62580 9
62581 2
62582 53
62583 34
62584 25
62585 -1
62586 25
62587 -15
62588 27
62589 6
62590 -6
62591 54
62592 41
62593 -3
62594 15
62595 -13
62596 16
62597 9
62598 19
62599 8
62600 6
62601 12
62602 32
62603 33
62604 8
62605 44
62606 46
62607 8
62608 29
62609 37
62610 31
62611 21
62612 16
62613 21
62614 22
62615 18
62616 20
62617 9
62618 15
62619 17
62620 49
62621 36
62622 21
62623 38
62624 27
62625 25
62626 13
62627 18
62628 3
62629 -1
62630 4
62631 38
62632 11
62633 21
62634 9
62635 34
62636 15
62637 18
62638 10
62639 22
62640 22
62641 44
62642 24
62643 1
62644 39
62645 25
62646 18
62647 18
62648 3
62649 9
62650 27
62651 31
62652 16
62653 28
62654 34
62655 4
62656 41
62657 46
62658 37
62659 20
62660 30
62661 8
62662 38
62663 7
62664 21
62665 56
62666 5
62667 6
62668 3
62669 11
62670 1
62671 3
62672 15
62673 16
62674 -7
62675 22
62676 8
62677 28
62678 43
62679 31
62680 6
62681 24
62682 8
62683 17
62684 10
62685 12
62686 -1
62687 30
62688 0
62689 33
62690 -7
62691 4
62692 24
62693 21
62694 26
62695 30
62696 25
62697 21
62698 58
62699 19
62700 25
62701 35
62702 53
62703 3
62704 21
62705 43
62706 19
62707 13
62708 33
62709 23
62710 15
62711 38
62712 26
62713 34
62714 14
62715 29
62716 13
62717 13
62718 11
62719 28
62720 32
62721 60
62722 30
62723 18
62724 19
62725 6
62726 10
62727 38
62728 32
62729 40
62730 28
62731 39
62732 31
62733 9
62734 45
62735 34
62736 20
62737 26
62738 27
62739 31
62740 22
62741 11
62742 26
62743 28
62744 12
62745 16
62746 11
62747 19
62748 31
62749 80
62750 39
62751 12
62752 33
62753 36
62754 0
62755 15
62756 -3
62757 -5
62758 22
62759 23
62760 45
62761 19
62762 30
62763 5
62764 11
62765 12
62766 11
62767 57
62768 30
62769 23
62770 44
62771 20
62772 25
62773 16
62774 16
62775 21
62776 56
62777 63
62778 32
62779 34
62780 5
62781 -6
62782 19
62783 21
62784 41
62785 -1
62786 39
62787 18
62788 15
62789 -1
62790 -11
62791 28
62792 4
62793 21
62794 42
62795 52
62796 24
62797 40
62798 29
62799 30
62800 35
62801 49
62802 13
62803 -10
62804 32
62805 15
62806 9
62807 8
62808 12
62809 35
62810 5
62811 26
62812 27
62813 42
62814 13
62815 23
62816 21
62817 18
62818 40
62819 21
62820 41
62821 22
62822 11
62823 13
62824 32
62825 10
62826 7
62827 48
62828 28
62829 14
62830 35
62831 36
62832 25
62833 13
62834 7
62835 17
62836 30
62837 32
62838 17
62839 10
62840 11
62841 -11
62842 4
62843 16
62844 15
62845 35
62846 46
62847 21
62848 56
62849 15
62850 42
62851 49
62852 27
62853 16
62854 16
62855 28
62856 8
62857 16
62858 41
62859 35
62860 37
62861 -15
62862 63
62863 -1
62864 17
62865 16
62866 38
62867 9
62868 -10
62869 16
62870 33
62871 21
62872 30
62873 21
62874 33
62875 23
62876 34
62877 5
62878 35
62879 23
62880 28
62881 29
62882 6
62883 24
62884 33
62885 34
62886 15
62887 46
62888 18
62889 16
62890 20
62891 12
62892 20
62893 11
62894 45
62895 -1
62896 45
62897 0
62898 37
62899 9
62900 21
62901 20
62902 26
62903 16
62904 38
62905 15
62906 -2
62907 8
62908 23
62909 17
62910 18
62911 23
62912 10
62913 28
62914 10
62915 21
62916 0
62917 57
62918 1
62919 35
62920 32
62921 10
62922 27
62923 3
62924 26
62925 34
62926 23
62927 16
62928 26
62929 5
62930 25
62931 17
62932 48
62933 40
62934 17
62935 19
62936 0
62937 39
62938 26
62939 30
62940 8
62941 28
62942 2
62943 14
62944 27
62945 28
62946 32
62947 12
62948 33
62949 24
62950 23
62951 9
62952 23
62953 0
62954 8
62955 -3
62956 30
62957 18
62958 30
62959 -5
62960 12
62961 33
62962 27
62963 35
62964 38
62965 37
62966 13
62967 18
62968 10
62969 42
62970 -7
62971 29
62972 26
62973 18
62974 17
62975 23
62976 43
62977 31
62978 5
62979 37
62980 -5
62981 22
62982 44
62983 -2
62984 21
62985 9
62986 29
62987 46
62988 5
62989 26
62990 9
62991 8
62992 4
62993 34
62994 55
62995 10
62996 27
62997 30
62998 31
62999 14
63000 26
63001 15
63002 39
63003 31
63004 -2
63005 34
63006 5
63007 10
63008 38
63009 13
63010 25
63011 44
63012 12
63013 13
63014 52
63015 34
63016 -7
63017 24
63018 -2
63019 30
63020 31
63021 10
63022 34
63023 35
63024 23
63025 9
63026 18
63027 31
63028 34
63029 56
63030 27
63031 23
63032 41
63033 101
63034 8
63035 13
63036 28
63037 28
63038 20
63039 1
63040 -10
63041 28
63042 16
63043 10
63044 14
63045 36
63046 14
63047 8
63048 31
63049 33
63050 43
63051 18
63052 15
63053 23
63054 13
63055 55
63056 51
63057 8
63058 53
63059 15
63060 35
63061 13
63062 74
63063 18
63064 -7
63065 22
63066 35
63067 39
63068 6
63069 5
63070 36
63071 19
63072 8
63073 51
63074 14
63075 21
63076 41
63077 21
63078 27
63079 15
63080 15
63081 14
63082 28
63083 20
63084 19
63085 18
63086 15
63087 28
63088 35
63089 53
63090 19
63091 32
63092 19
63093 13
63094 -1
63095 18
63096 31
63097 0
63098 69
63099 29
63100 23
63101 21
63102 7
63103 45
63104 30
63105 1
63106 51
63107 31
63108 13
63109 45
63110 26
63111 17
63112 43
63113 23
63114 3
63115 41
63116 4
63117 35
63118 17
63119 7
63120 20
63121 29
63122 17
63123 55
63124 -19
63125 12
63126 31
63127 -3
63128 39
63129 21
63130 33
63131 13
63132 38
63133 27
63134 16
63135 33
63136 -2
63137 42
63138 37
63139 57
63140 35
63141 5
63142 23
63143 46
63144 49
63145 20
63146 6
63147 26
63148 47
63149 29
63150 6
63151 33
63152 28
63153 24
63154 20
63155 12
63156 24
63157 12
63158 16
63159 26
63160 25
63161 19
63162 15
63163 46
63164 10
63165 30
63166 19
63167 7
63168 20
63169 2
63170 28
63171 5
63172 38
63173 13
63174 39
63175 2
63176 41
63177 27
63178 24
63179 3
63180 19
63181 23
63182 30
63183 24
63184 20
63185 46
63186 23
63187 42
63188 9
63189 24
63190 16
63191 25
63192 26
63193 6
63194 8
63195 26
63196 -2
63197 29
63198 27
63199 32
63200 24
63201 37
63202 14
63203 40
63204 8
63205 44
63206 -2
63207 26
63208 7
63209 19
63210 10
63211 10
63212 12
63213 22
63214 18
63215 42
63216 16
63217 12
63218 25
63219 -6
63220 35
63221 31
63222 4
63223 54
63224 75
63225 27
63226 29
63227 10
63228 23
63229 25
63230 41
63231 26
63232 41
63233 25
63234 36
63235 24
63236 11
63237 19
63238 36
63239 31
63240 42
63241 70
63242 18
63243 -4
63244 32
63245 6
63246 42
63247 12
63248 13
63249 53
63250 9
63251 18
63252 14
63253 29
63254 43
63255 12
63256 21
63257 29
63258 -1
63259 28
63260 6
63261 10
63262 9
63263 14
63264 8
63265 34
63266 16
63267 28
63268 46
63269 24
63270 19
63271 17
63272 25
63273 27
63274 28
63275 24
63276 42
63277 18
63278 52
63279 26
63280 55
63281 15
63282 22
63283 16
63284 15
63285 15
63286 28
63287 35
63288 41
63289 26
63290 18
63291 33
63292 45
63293 18
63294 13
63295 59
63296 -11
63297 11
63298 17
63299 26
63300 13
63301 30
63302 35
63303 34
63304 15
63305 23
63306 30
63307 14
63308 32
63309 -1
63310 12
63311 32
63312 4
63313 32
63314 41
63315 20
63316 13
63317 20
63318 35
63319 36
63320 20
63321 35
63322 18
63323 93
63324 15
63325 12
63326 67
63327 25
63328 13
63329 25
63330 45
63331 10
63332 28
63333 12
63334 20
63335 20
63336 33
63337 25
63338 21
63339 4
63340 16
63341 10
63342 26
63343 41
63344 38
63345 -8
63346 14
63347 51
63348 41
63349 47
63350 7
63351 41
63352 24
63353 14
63354 39
63355 11
63356 38
63357 22
63358 35
63359 9
63360 11
63361 27
63362 31
63363 33
63364 29
63365 0
63366 38
63367 28
63368 29
63369 34
63370 13
63371 41
63372 47
63373 42
63374 55
63375 28
63376 3
63377 9
63378 6
63379 38
63380 20
63381 5
63382 31
63383 26
63384 19
63385 0
63386 18
63387 41
63388 7
63389 -21
63390 -1
63391 27
63392 36
63393 7
63394 23
63395 18
63396 36
63397 29
63398 19
63399 14
63400 37
63401 18
63402 50
63403 40
63404 22
63405 26
63406 20
63407 30
63408 12
63409 14
63410 18
63411 46
63412 13
63413 28
63414 15
63415 17
63416 10
63417 39
63418 42
63419 18
63420 14
63421 12
63422 8
63423 39
63424 25
63425 9
63426 13
63427 42
63428 18
63429 18
63430 2
63431 6
63432 32
63433 39
63434 19
63435 33
63436 3
63437 24
63438 19
63439 25
63440 -9
63441 43
63442 31
63443 23
63444 26
63445 40
63446 22
63447 13
63448 14
63449 50
63450 14
63451 58
63452 38
63453 31
63454 23
63455 14
63456 13
63457 34
63458 34
63459 72
63460 15
63461 35
63462 36
63463 40
63464 21
63465 21
63466 5
63467 2
63468 44
63469 34
63470 27
63471 40
63472 32
63473 38
63474 34
63475 89
63476 25
63477 4
63478 -3
63479 20
63480 25
63481 16
63482 15
63483 9
63484 37
63485 24
63486 -1
63487 38
63488 15
63489 13
63490 4
63491 12
63492 17
63493 64
63494 24
63495 2
63496 -4
63497 42
63498 15
63499 19
63500 16
63501 44
63502 17
63503 52
63504 39
63505 28
63506 6
63507 3
63508 22
63509 25
63510 -1
63511 4
63512 49
63513 30
63514 12
63515 30
63516 2
63517 20
63518 26
63519 2
63520 38
63521 73
63522 15
63523 5
63524 12
63525 36
63526 18
63527 22
63528 11
63529 26
63530 44
63531 17
63532 5
63533 26
63534 88
63535 29
63536 16
63537 2
63538 4
63539 17
63540 55
63541 26
63542 20
63543 40
63544 22
63545 34
63546 27
63547 6
63548 9
63549 57
63550 -2
63551 24
63552 29
63553 35
63554 31
63555 16
63556 42
63557 29
63558 15
63559 11
63560 18
63561 24
63562 21
63563 19
63564 20
63565 41
63566 30
63567 47
63568 20
63569 5
63570 19
63571 39
63572 20
63573 10
63574 42
63575 -3
63576 45
63577 21
63578 14
63579 14
63580 41
63581 31
63582 3
63583 34
63584 9
63585 41
63586 18
63587 12
63588 30
63589 17
63590 14
63591 28
63592 5
63593 2
63594 30
63595 20
63596 14
63597 29
63598 9
63599 41
63600 12
63601 1
63602 5
63603 13
63604 23
63605 27
63606 34
63607 23
63608 28
63609 96
63610 8
63611 23
63612 23
63613 15
63614 29
63615 22
63616 15
63617 26
63618 3
63619 33
63620 22
63621 63
63622 49
63623 43
63624 42
63625 7
63626 27
63627 23
63628 15
63629 34
63630 32
63631 9
63632 8
63633 4
63634 13
63635 13
63636 18
63637 8
63638 28
63639 9
63640 14
63641 30
63642 13
63643 53
63644 51
63645 35
63646 16
63647 17
63648 22
63649 74
63650 0
63651 37
63652 25
63653 23
63654 28
63655 23
63656 21
63657 31
63658 29
63659 19
63660 67
63661 32
63662 16
63663 64
63664 28
63665 36
63666 22
63667 32
63668 4
63669 25
63670 20
63671 30
63672 31
63673 31
63674 25
63675 6
63676 34
63677 51
63678 2
63679 13
63680 41
63681 -10
63682 14
63683 16
63684 24
63685 72
63686 14
63687 42
63688 28
63689 19
63690 33
63691 20
63692 38
63693 45
63694 54
63695 22
63696 21
63697 22
63698 -13
63699 -11
63700 12
63701 26
63702 25
63703 32
63704 14
63705 14
63706 34
63707 20
63708 -1
63709 15
63710 9
63711 29
63712 8
63713 17
63714 30
63715 18
63716 39
63717 26
63718 16
63719 13
63720 32
63721 13
63722 10
63723 21
63724 34
63725 22
63726 9
63727 44
63728 23
63729 55
63730 23
63731 36
63732 22
63733 28
63734 27
63735 25
63736 20
63737 -1
63738 15
63739 35
63740 27
63741 36
63742 33
63743 11
63744 22
63745 18
63746 33
63747 21
63748 0
63749 38
63750 8
63751 37
63752 39
63753 17
63754 24
63755 13
63756 8
63757 30
63758 8
63759 20
63760 39
63761 15
63762 9
63763 3
63764 23
63765 32
63766 40
63767 33
63768 26
63769 10
63770 34
63771 14
63772 36
63773 25
63774 33
63775 14
63776 20
63777 23
63778 23
63779 0
63780 41
63781 23
63782 16
63783 38
63784 12
63785 84
63786 74
63787 23
63788 29
63789 22
63790 36
63791 -7
63792 34
63793 4
63794 31
63795 16
63796 10
63797 27
63798 6
63799 19
63800 71
63801 29
63802 32
63803 10
63804 1
63805 16
63806 -1
63807 23
63808 12
63809 19
63810 26
63811 18
63812 1
63813 34
63814 15
63815 26
63816 13
63817 12
63818 31
63819 40
63820 30
63821 51
63822 29
63823 38
63824 22
63825 2
63826 28
63827 -4
63828 -11
63829 37
63830 48
63831 8
63832 46
63833 18
63834 19
63835 54
63836 20
63837 23
63838 8
63839 10
63840 32
63841 26
63842 25
63843 -8
63844 21
63845 39
63846 23
63847 0
63848 32
63849 31
63850 9
63851 27
63852 28
63853 35
63854 71
63855 22
63856 62
63857 12
63858 10
63859 36
63860 32
63861 37
63862 48
63863 12
63864 0
63865 9
63866 11
63867 38
63868 2
63869 30
63870 9
63871 9
63872 32
63873 39
63874 52
63875 30
63876 7
63877 32
63878 34
63879 33
63880 22
63881 -13
63882 14
63883 20
63884 10
63885 17
63886 13
63887 9
63888 16
63889 46
63890 22
63891 61
63892 12
63893 49
63894 12
63895 11
63896 8
63897 16
63898 28
63899 27
63900 16
63901 32
63902 24
63903 -4
63904 34
63905 35
63906 14
63907 18
63908 12
63909 36
63910 13
63911 17
63912 8
63913 3
63914 7
63915 17
63916 47
63917 16
63918 19
63919 2
63920 34
63921 40
63922 36
63923 22
63924 46
63925 26
63926 5
63927 31
63928 1
63929 25
63930 -4
63931 22
63932 23
63933 27
63934 22
63935 13
63936 51
63937 8
63938 47
63939 48
63940 21
63941 37
63942 10
63943 20
63944 34
63945 61
63946 60
63947 47
63948 18
63949 27
63950 -8
63951 16
63952 -5
63953 0
63954 37
63955 2
63956 11
63957 31
63958 41
63959 0
63960 16
63961 33
63962 87
63963 20
63964 27
63965 38
63966 3
63967 37
63968 83
63969 6
63970 2
63971 23
63972 28
63973 59
63974 34
63975 7
63976 33
63977 54
63978 15
63979 36
63980 23
63981 19
63982 4
63983 9
63984 -10
63985 1
63986 22
63987 6
63988 31
63989 14
63990 15
63991 37
63992 24
63993 33
63994 -3
63995 38
63996 38
63997 17
63998 35
63999 31
64000 5
64001 24
64002 10
64003 9
64004 39
64005 27
64006 34
64007 7
64008 54
64009 26
64010 3
64011 23
64012 9
64013 38
64014 7
64015 12
64016 8
64017 32
64018 20
64019 19
64020 12
64021 14
64022 13
64023 19
64024 18
64025 17
64026 27
64027 28
64028 27
64029 30
64030 12
64031 49
64032 10
64033 16
64034 50
64035 24
64036 45
64037 18
64038 15
64039 28
64040 35
64041 18
64042 49
64043 46
64044 12
64045 11
64046 10
64047 3
64048 30
64049 37
64050 23
64051 39
64052 26
64053 5
64054 2
64055 18
64056 16
64057 38
64058 15
64059 29
64060 37
64061 20
64062 -5
64063 17
64064 31
64065 29
64066 9
64067 12
64068 63
64069 35
64070 35
64071 52
64072 43
64073 60
64074 25
64075 8
64076 29
64077 6
64078 27
64079 11
64080 15
64081 26
64082 22
64083 16
64084 35
64085 14
64086 34
64087 21
64088 56
64089 32
64090 53
64091 27
64092 25
64093 6
64094 6
64095 37
64096 34
64097 14
64098 25
64099 13
64100 37
64101 34
64102 65
64103 9
64104 23
64105 14
64106 23
64107 8
64108 33
64109 33
64110 -1
64111 19
64112 5
64113 23
64114 24
64115 13
64116 33
64117 23
64118 7
64119 6
64120 29
64121 18
64122 11
64123 5
64124 23
64125 31
64126 17
64127 25
64128 23
64129 24
64130 -1
64131 25
64132 32
64133 15
64134 12
64135 16
64136 28
64137 34
64138 13
64139 23
64140 14
64141 31
64142 33
64143 25
64144 21
64145 38
64146 17
64147 57
64148 15
64149 16
64150 34
64151 7
64152 -5
64153 31
64154 25
64155 17
64156 20
64157 17
64158 9
64159 19
64160 27
64161 55
64162 26
64163 20
64164 21
64165 40
64166 23
64167 26
64168 14
64169 12
64170 6
64171 28
64172 28
64173 40
64174 26
64175 18
64176 34
64177 9
64178 19
64179 24
64180 29
64181 27
64182 13
64183 47
64184 0
64185 14
64186 48
64187 21
64188 20
64189 35
64190 4
64191 30
64192 42
64193 8
64194 25
64195 22
64196 19
64197 44
64198 44
64199 28
64200 38
64201 20
64202 30
64203 42
64204 31
64205 22
64206 8
64207 34
64208 15
64209 -1
64210 43
64211 45
64212 16
64213 10
64214 10
64215 26
64216 17
64217 2
64218 8
64219 17
64220 5
64221 14
64222 5
64223 4
64224 44
64225 43
64226 23
64227 22
64228 26
64229 21
64230 33
64231 13
64232 9
64233 9
64234 17
64235 25
64236 12
64237 52
64238 19
64239 25
64240 16
64241 23
64242 25
64243 20
64244 39
64245 31
64246 27
64247 42
64248 46
64249 19
64250 20
64251 -9
64252 18
64253 7
64254 21
64255 39
64256 43
64257 19
64258 34
64259 18
64260 60
64261 18
64262 24
64263 7
64264 25
64265 29
64266 12
64267 24
64268 -4
64269 27
64270 9
64271 16
64272 16
64273 35
64274 6
64275 34
64276 0
64277 21
64278 12
64279 23
64280 24
64281 35
64282 12
64283 16
64284 12
64285 30
64286 14
64287 4
64288 30
64289 25
64290 9
64291 24
64292 11
64293 26
64294 33
64295 33
64296 13
64297 -4
64298 14
64299 29
64300 26
64301 30
64302 30
64303 10
64304 11
64305 23
64306 26
64307 15
64308 21
64309 40
64310 18
64311 15
64312 65
64313 10
64314 16
64315 45
64316 21
64317 13
64318 12
64319 38
64320 10
64321 28
64322 24
64323 18
64324 12
64325 3
64326 24
64327 15
64328 51
64329 32
64330 80
64331 36
64332 12
64333 3
64334 18
64335 22
64336 12
64337 25
64338 6
64339 12
64340 7
64341 16
64342 35
64343 26
64344 13
64345 26
64346 48
64347 9
64348 53
64349 21
64350 24
64351 36
64352 11
64353 19
64354 18
64355 41
64356 20
64357 28
64358 57
64359 9
64360 17
64361 11
64362 10
64363 12
64364 25
64365 21
64366 29
64367 0
64368 13
64369 12
64370 27
64371 16
64372 -1
64373 26
64374 22
64375 6
64376 39
64377 24
64378 25
64379 -4
64380 27
64381 14
64382 16
64383 11
64384 27
64385 8
64386 23
64387 65
64388 47
64389 7
64390 12
64391 12
64392 4
64393 17
64394 18
64395 10
64396 9
64397 -1
64398 20
64399 91
64400 14
64401 5
64402 12
64403 15
64404 28
64405 22
64406 49
64407 30
64408 1
64409 9
64410 27
64411 30
64412 53
64413 2
64414 5
64415 28
64416 14
64417 28
64418 -8
64419 90
64420 -6
64421 -1
64422 -11
64423 0
64424 14
64425 20
64426 11
64427 6
64428 31
64429 9
64430 21
64431 28
64432 21
64433 53
64434 25
64435 58
64436 30
64437 27
64438 22
64439 19
64440 31
64441 52
64442 19
64443 18
64444 18
64445 27
64446 25
64447 28
64448 11
64449 21
64450 28
64451 7
64452 20
64453 28
64454 59
64455 18
64456 73
64457 11
64458 25
64459 22
64460 10
64461 16
64462 19
64463 41
64464 64
64465 23
64466 29
64467 59
64468 26
64469 36
64470 22
64471 37
64472 32
64473 10
64474 15
64475 41
64476 24
64477 22
64478 8
64479 11
64480 37
64481 13
64482 12
64483 6
64484 3
64485 28
64486 25
64487 14
64488 21
64489 39
64490 23
64491 27
64492 5
64493 24
64494 22
64495 23
64496 33
64497 18
64498 17
64499 23
64500 21
64501 27
64502 18
64503 35
64504 16
64505 43
64506 13
64507 32
64508 36
64509 16
64510 -5
64511 22
64512 19
64513 37
64514 7
64515 12
64516 33
64517 57
64518 58
64519 -7
64520 29
64521 20
64522 -12
64523 29
64524 52
64525 54
64526 -6
64527 24
64528 19
64529 25
64530 18
64531 3
64532 23
64533 18
64534 -2
64535 24
64536 30
64537 42
64538 46
64539 47
64540 5
64541 22
64542 13
64543 28
64544 9
64545 -3
64546 28
64547 24
64548 22
64549 41
64550 38
64551 10
64552 26
64553 21
64554 12
64555 18
64556 15
64557 15
64558 40
64559 13
64560 27
64561 25
64562 12
64563 10
64564 61
64565 36
64566 37
64567 26
64568 0
64569 -2
64570 35
64571 20
64572 40
64573 12
64574 10
64575 25
64576 29
64577 8
64578 26
64579 -3
64580 18
64581 2
64582 -1
64583 6
64584 28
64585 27
64586 49
64587 24
64588 14
64589 22
64590 18
64591 12
64592 10
64593 52
64594 19
64595 34
64596 23
64597 21
64598 -12
64599 28
64600 42
64601 26
64602 3
64603 31
64604 37
64605 26
64606 10
64607 4
64608 28
64609 10
64610 23
64611 24
64612 2
64613 25
64614 4
64615 18
64616 0
64617 21
64618 16
64619 28
64620 10
64621 20
64622 21
64623 27
64624 29
64625 28
64626 20
64627 19
64628 17
64629 20
64630 31
64631 34
64632 19
64633 13
64634 30
64635 29
64636 42
64637 19
64638 28
64639 8
64640 34
64641 26
64642 -16
64643 23
64644 -8
64645 40
64646 37
64647 21
64648 12
64649 24
64650 13
64651 26
64652 12
64653 30
64654 37
64655 35
64656 4
64657 33
64658 2
64659 20
64660 17
64661 35
64662 40
64663 18
64664 13
64665 56
64666 10
64667 3
64668 -10
64669 26
64670 67
64671 28
64672 16
64673 12
64674 26
64675 14
64676 36
64677 13
64678 14
64679 -3
64680 25
64681 24
64682 23
64683 19
64684 17
64685 35
64686 43
64687 39
64688 24
64689 12
64690 24
64691 23
64692 8
64693 8
64694 0
64695 28
64696 19
64697 1
64698 -7
64699 10
64700 9
64701 23
64702 6
64703 18
64704 10
64705 30
64706 25
64707 7
64708 17
64709 34
64710 6
64711 15
64712 13
64713 30
64714 14
64715 46
64716 13
64717 26
64718 18
64719 14
64720 40
64721 16
64722 28
64723 22
64724 72
64725 20
64726 19
64727 14
64728 37
64729 2
64730 18
64731 11
64732 -8
64733 1
64734 27
64735 9
64736 0
64737 31
64738 40
64739 10
64740 12
64741 38
64742 4
64743 41
64744 31
64745 16
64746 12
64747 43
64748 20
64749 4
64750 48
64751 68
64752 33
64753 12
64754 31
64755 16
64756 14
64757 28
64758 12
64759 39
64760 14
64761 25
64762 23
64763 34
64764 12
64765 41
64766 19
64767 22
64768 12
64769 28
64770 10
64771 9
64772 25
64773 30
64774 9
64775 12
64776 31
64777 13
64778 19
64779 27
64780 4
64781 50
64782 20
64783 18
64784 12
64785 14
64786 6
64787 30
64788 20
64789 22
64790 21
64791 29
64792 21
64793 17
64794 2
64795 12
64796 34
64797 16
64798 15
64799 4
64800 15
64801 36
64802 45
64803 31
64804 32
64805 22
64806 39
64807 20
64808 32
64809 6
64810 11
64811 43
64812 12
64813 15
64814 9
64815 4
64816 27
64817 44
64818 38
64819 0
64820 53
64821 21
64822 14
64823 23
64824 10
64825 23
64826 38
64827 19
64828 6
64829 17
64830 24
64831 14
64832 60
64833 42
64834 37
64835 14
64836 18
64837 19
64838 14
64839 13
64840 17
64841 10
64842 28
64843 31
64844 14
64845 28
64846 28
64847 16
64848 14
64849 20
64850 13
64851 62
64852 53
64853 19
64854 14
64855 6
64856 6
64857 25
64858 19
64859 10
64860 10
64861 52
64862 41
64863 40
64864 30
64865 33
64866 16
64867 21
64868 9
64869 55
64870 22
64871 49
64872 3
64873 28
64874 5
64875 4
64876 10
64877 49
64878 22
64879 12
64880 10
64881 22
64882 16
64883 11
64884 22
64885 7
64886 35
64887 65
64888 17
64889 9
64890 38
64891 40
64892 28
64893 29
64894 14
64895 36
64896 15
64897 2
64898 9
64899 47
64900 23
64901 0
64902 38
64903 10
64904 39
64905 -5
64906 9
64907 19
64908 2
64909 30
64910 53
64911 18
64912 16
64913 15
64914 29
64915 4
64916 24
64917 18
64918 19
64919 20
64920 24
64921 27
64922 24
64923 28
64924 29
64925 21
64926 4
64927 4
64928 24
64929 24
64930 24
64931 24
64932 11
64933 19
64934 41
64935 19
64936 16
64937 13
64938 4
64939 6
64940 21
64941 19
64942 28
64943 38
64944 22
64945 2
64946 57
64947 6
64948 31
64949 29
64950 6
64951 31
64952 29
64953 52
64954 15
64955 16
64956 4
64957 19
64958 31
64959 37
64960 38
64961 43
64962 28
64963 11
64964 -1
64965 17
64966 34
64967 25
64968 15
64969 20
64970 3
64971 29
64972 25
64973 27
64974 18
64975 18
64976 11
64977 33
64978 0
64979 40
64980 20
64981 11
64982 29
64983 37
64984 33
64985 16
64986 13
64987 29
64988 5
64989 21
64990 11
64991 23
64992 35
64993 57
64994 61
64995 45
64996 16
64997 22
64998 29
64999 26
65000 23
65001 25
65002 76
65003 39
65004 18
65005 46
65006 8
65007 34
65008 5
65009 24
65010 18
65011 10
65012 19
65013 -6
65014 27
65015 48
65016 27
65017 33
65018 26
65019 14
65020 25
65021 21
65022 13
65023 24
65024 36
65025 8
65026 20
65027 31
65028 22
65029 21
65030 3
65031 25
65032 8
65033 3
65034 40
65035 16
65036 2
65037 40
65038 18
65039 9
65040 17
65041 33
65042 -1
65043 74
65044 34
65045 37
65046 11
65047 -1
65048 26
65049 36
65050 12
65051 21
65052 11
65053 -5
65054 26
65055 27
65056 33
65057 8
65058 25
65059 27
65060 13
65061 -13
65062 44
65063 14
65064 37
65065 21
65066 6
65067 5
65068 23
65069 38
65070 15
65071 17
65072 10
65073 20
65074 34
65075 43
65076 21
65077 29
65078 5
65079 28
65080 38
65081 18
65082 5
65083 12
65084 3
65085 14
65086 -11
65087 5
65088 26
65089 0
65090 23
65091 16
65092 67
65093 41
65094 17
65095 9
65096 26
65097 26
65098 -2
65099 10
65100 -4
65101 17
65102 14
65103 38
65104 45
65105 9
65106 18
65107 9
65108 35
65109 29
65110 50
65111 20
65112 16
65113 35
65114 14
65115 40
65116 11
65117 16
65118 4
65119 35
65120 31
65121 12
65122 17
65123 28
65124 5
65125 21
65126 6
65127 35
65128 42
65129 14
65130 17
65131 19
65132 36
65133 22
65134 38
65135 24
65136 11
65137 4
65138 26
65139 34
65140 2
65141 3
65142 5
65143 10
65144 27
65145 -1
65146 8
65147 1
65148 12
65149 27
65150 3
65151 19
65152 6
65153 31
65154 31
65155 27
65156 13
65157 23
65158 17
65159 1
65160 24
65161 10
65162 20
65163 15
65164 37
65165 3
65166 29
65167 25
65168 4
65169 32
65170 7
65171 28
65172 111
65173 4
65174 30
65175 11
65176 23
65177 21
65178 14
65179 22
65180 4
65181 9
65182 28
65183 20
65184 19
65185 27
65186 5
65187 20
65188 -6
65189 36
65190 22
65191 36
65192 14
65193 25
65194 45
65195 18
65196 18
65197 35
65198 18
65199 11
65200 11
65201 28
65202 33
65203 39
65204 7
65205 13
65206 29
65207 21
65208 11
65209 25
65210 24
65211 33
65212 26
65213 22
65214 30
65215 28
65216 8
65217 40
65218 32
65219 13
65220 24
65221 8
65222 21
65223 13
65224 14
65225 4
65226 14
65227 1
65228 15
65229 -14
65230 26
65231 7
65232 29
65233 23
65234 36
65235 22
65236 13
65237 20
65238 9
65239 57
65240 -11
65241 -2
65242 9
65243 -10
65244 24
65245 31
65246 16
65247 16
65248 29
65249 21
65250 23
65251 3
65252 21
65253 19
65254 12
65255 7
65256 11
65257 31
65258 24
65259 27
65260 11
65261 22
65262 23
65263 15
65264 4
65265 28
65266 31
65267 29
65268 49
65269 4
65270 0
65271 22
65272 42
65273 28
65274 33
65275 39
65276 -5
65277 -2
65278 10
65279 50
65280 29
65281 11
65282 15
65283 22
65284 10
65285 9
65286 12
65287 12
65288 15
65289 36
65290 10
65291 19
65292 9
65293 19
65294 41
65295 36
65296 27
65297 19
65298 4
65299 -8
65300 12
65301 22
65302 1
65303 21
65304 3
65305 44
65306 19
65307 18
65308 8
65309 39
65310 22
65311 19
65312 26
65313 28
65314 22
65315 2
65316 23
65317 14
65318 14
65319 20
65320 15
65321 25
65322 29
65323 36
65324 8
65325 79
65326 -11
65327 20
65328 18
65329 38
65330 18
65331 17
65332 1
65333 10
65334 1
65335 12
65336 13
65337 20
65338 32
65339 18
65340 58
65341 40
65342 28
65343 19
65344 14
65345 23
65346 11
65347 2
65348 24
65349 25
65350 28
65351 36
65352 9
65353 25
65354 16
65355 21
65356 19
65357 30
65358 0
65359 38
65360 17
65361 21
65362 11
65363 30
65364 -1
65365 21
65366 35
65367 7
65368 32
65369 10
65370 36
65371 0
65372 35
65373 18
65374 35
65375 40
65376 47
65377 19
65378 6
65379 40
65380 19
65381 0
65382 22
65383 3
65384 17
65385 15
65386 41
65387 64
65388 -2
65389 51
65390 17
65391 23
65392 19
65393 56
65394 56
65395 20
65396 18
65397 22
65398 19
65399 34
65400 14
65401 16
65402 11
65403 26
65404 6
65405 26
65406 19
65407 35
65408 22
65409 2
65410 17
65411 7
65412 22
65413 21
65414 14
65415 17
65416 59
65417 28
65418 21
65419 60
65420 25
65421 -2
65422 14
65423 16
65424 32
65425 31
65426 27
65427 26
65428 10
65429 10
65430 -4
65431 23
65432 -1
65433 -3
65434 19
65435 36
65436 19
65437 27
65438 40
65439 6
65440 31
65441 51
65442 -2
65443 21
65444 31
65445 8
65446 40
65447 11
65448 28
65449 42
65450 10
65451 16
65452 9
65453 24
65454 14
65455 -8
65456 24
65457 11
65458 30
65459 48
65460 32
65461 17
65462 34
65463 38
65464 16
65465 0
65466 29
65467 2
65468 24
65469 68
65470 10
65471 21
65472 22
65473 3
65474 11
65475 14
65476 46
65477 15
65478 17
65479 35
65480 26
65481 15
65482 12
65483 22
65484 46
65485 16
65486 33
65487 21
65488 8
65489 35
65490 18
65491 43
65492 23
65493 16
65494 19
65495 16
65496 33
65497 11
65498 18
65499 40
65500 19
65501 27
65502 28
65503 7
65504 27
65505 35
65506 -4
65507 18
65508 4
65509 10
65510 17
65511 4
65512 26
65513 36
65514 30
65515 21
65516 18
65517 2
65518 30
65519 77
65520 30
65521 60
65522 15
65523 30
65524 20
65525 23
65526 24
65527 0
65528 19
65529 17
65530 41
65531 16
65532 -15
65533 29
65534 31
65535 58
65536 12
65537 12
65538 12
65539 14
65540 39
65541 31
65542 20
65543 33
65544 19
65545 2
65546 19
65547 21
65548 34
65549 17
65550 22
65551 9
65552 28
65553 45
65554 53
65555 50
65556 5
65557 57
65558 25
65559 18
65560 38
65561 20
65562 52
65563 14
65564 29
65565 13
65566 17
65567 29
65568 32
65569 46
65570 45
65571 27
65572 15
65573 11
65574 31
65575 7
65576 29
65577 7
65578 10
65579 17
65580 3
65581 7
65582 6
65583 35
65584 33
65585 25
65586 31
65587 45
65588 29
65589 57
65590 14
65591 26
65592 60
65593 8
65594 14
65595 21
65596 27
65597 19
65598 19
65599 68
65600 31
65601 18
65602 -2
65603 3
65604 31
65605 23
65606 72
65607 9
65608 13
65609 34
65610 39
65611 50
65612 34
65613 10
65614 12
65615 2
65616 29
65617 7
65618 36
65619 4
65620 7
65621 9
65622 28
65623 -1
65624 21
65625 49
65626 38
65627 12
65628 0
65629 28
65630 26
65631 10
65632 26
65633 38
65634 10
65635 35
65636 12
65637 17
65638 25
65639 53
65640 1
65641 58
65642 13
65643 40
65644 9
65645 33
65646 17
65647 18
65648 30
65649 20
65650 29
65651 30
65652 45
65653 26
65654 15
65655 11
65656 45
65657 19
65658 19
65659 19
65660 13
65661 16
65662 6
65663 14
65664 26
65665 14
65666 14
65667 30
65668 74
65669 11
65670 -5
65671 21
65672 34
65673 7
65674 21
65675 15
65676 30
65677 39
65678 24
65679 17
65680 23
65681 22
65682 42
65683 25
65684 12
65685 24
65686 3
65687 34
65688 14
65689 3
65690 13
65691 82
65692 29
65693 12
65694 26
65695 15
65696 46
65697 26
65698 18
65699 4
65700 36
65701 26
65702 25
65703 13
65704 13
65705 48
65706 8
65707 29
65708 21
65709 4
65710 -10
65711 46
65712 8
65713 6
65714 11
65715 33
65716 19
65717 19
65718 33
65719 36
65720 27
65721 20
65722 14
65723 11
65724 22
65725 31
65726 16
65727 28
65728 13
65729 29
65730 1
65731 40
65732 14
65733 53
65734 5
65735 19
65736 4
65737 -7
65738 56
65739 29
65740 13
65741 79
65742 17
65743 26
65744 16
65745 81
65746 20
65747 17
65748 39
65749 12
65750 27
65751 20
65752 26
65753 39
65754 40
65755 45
65756 14
65757 57
65758 6
65759 15
65760 15
65761 49
65762 23
65763 19
65764 31
65765 25
65766 37
65767 4
65768 1
65769 15
65770 9
65771 49
65772 25
65773 40
65774 14
65775 36
65776 18
65777 11
65778 19
65779 -2
65780 17
65781 -3
65782 16
65783 22
65784 5
65785 27
65786 43
65787 24
65788 35
65789 6
65790 41
65791 8
65792 10
65793 26
65794 19
65795 26
65796 11
65797 27
65798 7
65799 14
65800 53
65801 17
65802 17
65803 17
65804 20
65805 2
65806 23
65807 19
65808 19
65809 42
65810 25
65811 35
65812 4
65813 41
65814 11
65815 6
65816 9
65817 63
65818 20
65819 29
65820 10
65821 21
65822 13
65823 28
65824 45
65825 21
65826 17
65827 7
65828 5
65829 35
65830 38
65831 23
65832 19
65833 21
65834 45
65835 41
65836 37
65837 55
65838 50
65839 49
65840 20
65841 12
65842 40
65843 16
65844 9
65845 9
65846 -4
65847 20
65848 39
65849 34
65850 15
65851 28
65852 34
65853 23
65854 27
65855 20
65856 58
65857 24
65858 41
65859 22
65860 35
65861 12
65862 14
65863 -2
65864 28
65865 8
65866 39
65867 33
65868 8
65869 48
65870 25
65871 37
65872 6
65873 25
65874 16
65875 13
65876 4
65877 2
65878 5
65879 12
65880 16
65881 27
65882 23
65883 24
65884 25
65885 17
65886 3
65887 19
65888 13
65889 6
65890 13
65891 7
65892 15
65893 26
65894 15
65895 17
65896 -6
65897 -12
65898 17
65899 23
65900 9
65901 3
65902 43
65903 10
65904 14
65905 22
65906 6
65907 58
65908 18
65909 33
65910 19
65911 31
65912 20
65913 42
65914 14
65915 46
65916 22
65917 15
65918 23
65919 17
65920 24
65921 50
65922 49
65923 -4
65924 36
65925 22
65926 23
65927 9
65928 16
65929 53
65930 25
65931 25
65932 8
65933 30
65934 29
65935 12
65936 49
65937 -3
65938 5
65939 6
65940 32
65941 25
65942 29
65943 15
65944 9
65945 18
65946 15
65947 18
65948 47
65949 26
65950 27
65951 19
65952 4
65953 23
65954 28
65955 42
65956 23
65957 31
65958 49
65959 -5
65960 16
65961 28
65962 37
65963 25
65964 19
65965 22
65966 30
65967 0
65968 28
65969 14
65970 27
65971 34
65972 29
65973 17
65974 31
65975 26
65976 22
65977 15
65978 4
65979 13
65980 -3
65981 7
65982 29
65983 22
65984 1
65985 21
65986 12
65987 51
65988 24
65989 28
65990 10
65991 9
65992 14
65993 33
65994 1
65995 5
65996 4
65997 7
65998 43
65999 24
66000 26
66001 -3
66002 9
66003 45
66004 24
66005 26
66006 13
66007 3
66008 23
66009 23
66010 27
66011 19
66012 16
66013 23
66014 60
66015 24
66016 21
66017 40
66018 51
66019 -20
66020 28
66021 25
66022 15
66023 -1
66024 3
66025 18
66026 36
66027 20
66028 17
66029 42
66030 21
66031 14
66032 20
66033 13
66034 -12
66035 5
66036 19
66037 21
66038 39
66039 46
66040 28
66041 -4
66042 35
66043 10
66044 11
66045 20
66046 10
66047 20
66048 12
66049 13
66050 23
66051 52
66052 27
66053 17
66054 24
66055 31
66056 11
66057 58
66058 6
66059 26
66060 21
66061 46
66062 40
66063 15
66064 0
66065 20
66066 23
66067 27
66068 11
66069 46
66070 16
66071 16
66072 25
66073 11
66074 21
66075 0
66076 5
66077 30
66078 7
66079 9
66080 6
66081 25
66082 10
66083 9
66084 22
66085 24
66086 28
66087 19
66088 22
66089 32
66090 -12
66091 16
66092 10
66093 9
66094 12
66095 22
66096 17
66097 35
66098 13
66099 5
66100 -6
66101 8
66102 44
66103 31
66104 3
66105 42
66106 -6
66107 56
66108 10
66109 30
66110 29
66111 12
66112 71
66113 18
66114 7
66115 4
66116 35
66117 36
66118 17
66119 24
66120 28
66121 3
66122 13
66123 31
66124 22
66125 15
66126 1
66127 36
66128 15
66129 -5
66130 17
66131 52
66132 14
66133 19
66134 7
66135 4
66136 22
66137 42
66138 15
66139 9
66140 11
66141 26
66142 46
66143 16
66144 43
66145 55
66146 6
66147 18
66148 39
66149 21
66150 42
66151 21
66152 12
66153 11
66154 32
66155 45
66156 26
66157 28
66158 20
66159 23
66160 9
66161 8
66162 20
66163 14
66164 8
66165 20
66166 32
66167 13
66168 0
66169 36
66170 6
66171 33
66172 23
66173 29
66174 -2
66175 34
66176 -2
66177 12
66178 0
66179 5
66180 36
66181 8
66182 13
66183 19
66184 13
66185 25
66186 12
66187 9
66188 0
66189 20
66190 5
66191 51
66192 8
66193 17
66194 24
66195 25
66196 40
66197 20
66198 16
66199 17
66200 17
66201 24
66202 31
66203 23
66204 4
66205 20
66206 14
66207 28
66208 3
66209 5
66210 20
66211 26
66212 19
66213 52
66214 18
66215 24
66216 11
66217 31
66218 12
66219 42
66220 10
66221 19
66222 4
66223 2
66224 2
66225 16
66226 11
66227 64
66228 22
66229 10
66230 19
66231 22
66232 27
66233 -16
66234 49
66235 21
66236 14
66237 20
66238 44
66239 17
66240 48
66241 52
66242 46
66243 15
66244 48
66245 53
66246 28
66247 26
66248 37
66249 18
66250 24
66251 26
66252 32
66253 14
66254 18
66255 -1
66256 16
66257 26
66258 -4
66259 40
66260 31
66261 16
66262 30
66263 18
66264 75
66265 36
66266 1
66267 28
66268 14
66269 7
66270 28
66271 -4
66272 6
66273 13
66274 35
66275 14
66276 22
66277 33
66278 17
66279 16
66280 28
66281 2
66282 30
66283 34
66284 33
66285 6
66286 22
66287 10
66288 29
66289 5
66290 21
66291 14
66292 6
66293 59
66294 -1
66295 35
66296 4
66297 20
66298 22
66299 42
66300 18
66301 8
66302 20
66303 17
66304 30
66305 18
66306 37
66307 19
66308 22
66309 9
66310 11
66311 24
66312 31
66313 29
66314 45
66315 10
66316 17
66317 36
66318 21
66319 3
66320 24
66321 7
66322 17
66323 5
66324 16
66325 8
66326 25
66327 68
66328 20
66329 21
66330 33
66331 34
66332 35
66333 50
66334 28
66335 18
66336 29
66337 26
66338 8
66339 27
66340 29
66341 35
66342 46
66343 16
66344 30
66345 44
66346 8
66347 3
66348 26
66349 37
66350 43
66351 46
66352 19
66353 25
66354 27
66355 3
66356 16
66357 41
66358 47
66359 -17
66360 1
66361 10
66362 11
66363 58
66364 8
66365 12
66366 10
66367 34
66368 4
66369 36
66370 6
66371 13
66372 -1
66373 6
66374 10
66375 10
66376 51
66377 24
66378 17
66379 20
66380 39
66381 32
66382 15
66383 19
66384 13
66385 37
66386 14
66387 21
66388 10
66389 41
66390 9
66391 43
66392 8
66393 13
66394 0
66395 4
66396 4
66397 13
66398 23
66399 9
66400 14
66401 18
66402 18
66403 14
66404 21
66405 17
66406 29
66407 20
66408 24
66409 20
66410 29
66411 48
66412 -12
66413 21
66414 17
66415 24
66416 4
66417 3
66418 22
66419 24
66420 28
66421 11
66422 1
66423 7
66424 32
66425 16
66426 -1
66427 9
66428 10
66429 27
66430 41
66431 4
66432 25
66433 -3
66434 20
66435 25
66436 26
66437 47
66438 28
66439 20
66440 42
66441 21
66442 27
66443 7
66444 22
66445 31
66446 10
66447 35
66448 33
66449 16
66450 18
66451 13
66452 22
66453 13
66454 34
66455 34
66456 32
66457 19
66458 14
66459 -8
66460 24
66461 7
66462 31
66463 42
66464 2
66465 55
66466 30
66467 35
66468 37
66469 22
66470 40
66471 -7
66472 16
66473 16
66474 12
66475 4
66476 12
66477 18
66478 19
66479 13
66480 17
66481 22
66482 44
66483 20
66484 35
66485 24
66486 24
66487 40
66488 26
66489 29
66490 22
66491 54
66492 3
66493 20
66494 33
66495 4
66496 31
66497 8
66498 18
66499 25
66500 -2
66501 23
66502 23
66503 15
66504 3
66505 24
66506 39
66507 23
66508 25
66509 7
66510 2
66511 21
66512 15
66513 14
66514 33
66515 8
66516 18
66517 26
66518 22
66519 53
66520 -2
66521 21
66522 13
66523 19
66524 22
66525 27
66526 2
66527 10
66528 2
66529 35
66530 75
66531 17
66532 24
66533 16
66534 25
66535 20
66536 4
66537 27
66538 35
66539 23
66540 68
66541 18
66542 32
66543 0
66544 1
66545 20
66546 48
66547 28
66548 31
66549 44
66550 20
66551 64
66552 12
66553 1
66554 16
66555 17
66556 8
66557 16
66558 1
66559 35
66560 26
66561 10
66562 22
66563 14
66564 23
66565 32
66566 3
66567 27
66568 1
66569 46
66570 30
66571 8
66572 37
66573 13
66574 -1
66575 66
66576 12
66577 18
66578 46
66579 15
66580 19
66581 7
66582 17
66583 52
66584 85
66585 33
66586 42
66587 15
66588 23
66589 16
66590 43
66591 12
66592 31
66593 35
66594 28
66595 35
66596 6
66597 38
66598 49
66599 30
66600 22
66601 21
66602 34
66603 21
66604 24
66605 17
66606 15
66607 45
66608 24
66609 29
66610 17
66611 15
66612 20
66613 37
66614 47
66615 38
66616 -2
66617 55
66618 -5
66619 12
66620 18
66621 10
66622 -5
66623 19
66624 16
66625 42
66626 24
66627 7
66628 17
66629 20
66630 17
66631 29
66632 30
66633 28
66634 19
66635 19
66636 27
66637 19
66638 22
66639 -13
66640 18
66641 17
66642 5
66643 26
66644 35
66645 5
66646 8
66647 23
66648 10
66649 4
66650 24
66651 10
66652 3
66653 37
66654 43
66655 31
66656 16
66657 35
66658 31
66659 4
66660 6
66661 19
66662 2
66663 59
66664 31
66665 17
66666 3
66667 30
66668 0
66669 26
66670 22
66671 34
66672 10
66673 15
66674 23
66675 31
66676 28
66677 2
66678 26
66679 40
66680 19
66681 17
66682 12
66683 38
66684 32
66685 28
66686 19
66687 20
66688 20
66689 11
66690 -9
66691 22
66692 47
66693 38
66694 21
66695 110
66696 23
66697 15
66698 -10
66699 15
66700 20
66701 27
66702 15
66703 27
66704 3
66705 31
66706 12
66707 13
66708 46
66709 8
66710 14
66711 19
66712 4
66713 -8
66714 13
66715 -1
66716 42
66717 11
66718 22
66719 7
66720 24
66721 30
66722 17
66723 17
66724 11
66725 25
66726 19
66727 31
66728 18
66729 27
66730 32
66731 37
66732 32
66733 11
66734 15
66735 27
66736 3
66737 13
66738 39
66739 4
66740 49
66741 18
66742 37
66743 12
66744 21
66745 21
66746 20
66747 17
66748 24
66749 11
66750 13
66751 34
66752 -2
66753 25
66754 28
66755 30
66756 17
66757 14
66758 13
66759 36
66760 34
66761 25
66762 10
66763 37
66764 41
66765 -6
66766 20
66767 12
66768 51
66769 7
66770 7
66771 16
66772 36
66773 21
66774 16
66775 41
66776 26
66777 7
66778 9
66779 33
66780 6
66781 5
66782 28
66783 21
66784 26
66785 29
66786 2
66787 18
66788 11
66789 1
66790 21
66791 26
66792 19
66793 5
66794 3
66795 21
66796 20
66797 26
66798 30
66799 11
66800 13
66801 7
66802 12
66803 79
66804 24
66805 24
66806 6
66807 29
66808 -4
66809 0
66810 6
66811 32
66812 6
66813 20
66814 19
66815 38
66816 6
66817 29
66818 -1
66819 27
66820 25
66821 69
66822 61
66823 7
66824 4
66825 14
66826 7
66827 46
66828 4
66829 21
66830 12
66831 24
66832 12
66833 32
66834 23
66835 43
66836 13
66837 11
66838 14
66839 6
66840 27
66841 41
66842 68
66843 -2
66844 22
66845 14
66846 17
66847 34
66848 28
66849 23
66850 34
66851 4
66852 18
66853 37
66854 4
66855 -2
66856 27
66857 10
66858 18
66859 5
66860 9
66861 33
66862 12
66863 -5
66864 52
66865 -16
66866 34
66867 42
66868 7
66869 26
66870 34
66871 43
66872 24
66873 15
66874 14
66875 29
66876 20
66877 21
66878 23
66879 18
66880 7
66881 26
66882 17
66883 -1
66884 34
66885 21
66886 18
66887 38
66888 13
66889 28
66890 41
66891 71
66892 -1
66893 49
66894 -4
66895 25
66896 8
66897 20
66898 25
66899 24
66900 32
66901 26
66902 26
66903 11
66904 25
66905 30
66906 20
66907 11
66908 9
66909 22
66910 18
66911 10
66912 13
66913 -4
66914 44
66915 6
66916 7
66917 19
66918 24
66919 8
66920 14
66921 0
66922 15
66923 27
66924 15
66925 13
66926 -4
66927 28
66928 20
66929 11
66930 36
66931 5
66932 11
66933 -5
66934 7
66935 9
66936 26
66937 9
66938 13
66939 21
66940 2
66941 30
66942 18
66943 25
66944 17
66945 33
66946 27
66947 11
66948 6
66949 37
66950 19
66951 33
66952 10
66953 10
66954 27
66955 22
66956 34
66957 35
66958 10
66959 31
66960 4
66961 17
66962 2
66963 1
66964 16
66965 19
66966 16
66967 50
66968 30
66969 15
66970 19
66971 5
66972 21
66973 35
66974 42
66975 16
66976 -15
66977 10
66978 18
66979 15
66980 5
66981 35
66982 49
66983 17
66984 18
66985 26
66986 34
66987 10
66988 32
66989 30
66990 8
66991 4
66992 34
66993 42
66994 32
66995 19
66996 24
66997 19
66998 -7
66999 11
67000 16
67001 15
67002 36
67003 33
67004 24
67005 12
67006 0
67007 4
67008 36
67009 9
67010 12
67011 22
67012 15
67013 21
67014 38
67015 12
67016 45
67017 -2
67018 36
67019 8
67020 43
67021 2
67022 14
67023 6
67024 17
67025 -5
67026 27
67027 10
67028 29
67029 43
67030 8
67031 25
67032 35
67033 35
67034 2
67035 16
67036 20
67037 12
67038 2
67039 52
67040 11
67041 44
67042 6
67043 36
67044 29
67045 8
67046 16
67047 30
67048 30
67049 26
67050 51
67051 14
67052 3
67053 20
67054 28
67055 17
67056 33
67057 21
67058 12
67059 12
67060 25
67061 31
67062 -1
67063 -12
67064 3
67065 38
67066 32
67067 11
67068 23
67069 -3
67070 38
67071 15
67072 20
67073 36
67074 39
67075 11
67076 18
67077 19
67078 22
67079 8
67080 14
67081 36
67082 14
67083 14
67084 18
67085 17
67086 10
67087 52
67088 8
67089 15
67090 21
67091 56
67092 54
67093 29
67094 37
67095 13
67096 20
67097 23
67098 61
67099 18
67100 44
67101 2
67102 5
67103 21
67104 49
67105 21
67106 22
67107 39
67108 25
67109 16
67110 40
67111 3
67112 20
67113 24
67114 10
67115 39
67116 28
67117 17
67118 28
67119 16
67120 38
67121 9
67122 2
67123 13
67124 63
67125 14
67126 30
67127 49
67128 -14
67129 52
67130 45
67131 2
67132 32
67133 15
67134 22
67135 31
67136 32
67137 26
67138 30
67139 2
67140 47
67141 36
67142 18
67143 14
67144 20
67145 14
67146 10
67147 19
67148 23
67149 13
67150 12
67151 25
67152 114
67153 8
67154 22
67155 12
67156 20
67157 24
67158 38
67159 5
67160 -7
67161 36
67162 21
67163 -10
67164 9
67165 -2
67166 20
67167 16
67168 21
67169 89
67170 35
67171 19
67172 34
67173 14
67174 41
67175 26
67176 -4
67177 25
67178 22
67179 18
67180 10
67181 28
67182 -10
67183 28
67184 -3
67185 17
67186 32
67187 20
67188 9
67189 19
67190 14
67191 5
67192 21
67193 22
67194 35
67195 -5
67196 -9
67197 34
67198 48
67199 40
67200 48
67201 18
67202 35
67203 13
67204 17
67205 3
67206 26
67207 0
67208 27
67209 28
67210 22
67211 10
67212 15
67213 24
67214 23
67215 5
67216 11
67217 24
67218 38
67219 19
67220 21
67221 18
67222 11
67223 29
67224 14
67225 21
67226 17
67227 4
67228 26
67229 12
67230 30
67231 3
67232 23
67233 18
67234 35
67235 25
67236 26
67237 27
67238 7
67239 18
67240 25
67241 21
67242 9
67243 17
67244 28
67245 31
67246 17
67247 8
67248 27
67249 38
67250 30
67251 26
67252 7
67253 11
67254 -1
67255 46
67256 3
67257 32
67258 -4
67259 17
67260 19
67261 28
67262 6
67263 16
67264 19
67265 30
67266 55
67267 41
67268 6
67269 23
67270 11
67271 5
67272 32
67273 15
67274 22
67275 0
67276 24
67277 5
67278 6
67279 -5
67280 21
67281 34
67282 51
67283 35
67284 38
67285 31
67286 21
67287 41
67288 17
67289 11
67290 36
67291 36
67292 28
67293 29
67294 53
67295 5
67296 5
67297 35
67298 16
67299 31
67300 18
67301 35
67302 25
67303 47
67304 12
67305 10
67306 25
67307 5
67308 28
67309 44
67310 30
67311 25
67312 19
67313 18
67314 31
67315 23
67316 15
67317 29
67318 34
67319 15
67320 3
67321 42
67322 17
67323 33
67324 12
67325 8
67326 -6
67327 26
67328 15
67329 16
67330 32
67331 40
67332 33
67333 25
67334 25
67335 16
67336 16
67337 31
67338 6
67339 -1
67340 25
67341 27
67342 7
67343 37
67344 10
67345 14
67346 13
67347 48
67348 55
67349 22
67350 23
67351 10
67352 19
67353 20
67354 30
67355 23
67356 12
67357 -15
67358 21
67359 14
67360 31
67361 34
67362 19
67363 27
67364 27
67365 29
67366 7
67367 3
67368 29
67369 3
67370 19
67371 17
67372 -1
67373 25
67374 18
67375 20
67376 37
67377 44
67378 21
67379 18
67380 27
67381 42
67382 45
67383 16
67384 12
67385 8
67386 22
67387 12
67388 21
67389 13
67390 28
67391 10
67392 25
67393 67
67394 19
67395 15
67396 16
67397 -2
67398 9
67399 23
67400 12
67401 9
67402 11
67403 10
67404 12
67405 36
67406 100
67407 15
67408 24
67409 37
67410 22
67411 55
67412 38
67413 28
67414 24
67415 17
67416 27
67417 8
67418 43
67419 21
67420 11
67421 13
67422 24
67423 19
67424 31
67425 48
67426 10
67427 28
67428 9
67429 50
67430 8
67431 26
67432 13
67433 84
67434 36
67435 18
67436 30
67437 25
67438 -13
67439 34
67440 23
67441 21
67442 27
67443 38
67444 17
67445 7
67446 9
67447 26
67448 12
67449 15
67450 8
67451 6
67452 12
67453 22
67454 22
67455 7
67456 38
67457 3
67458 29
67459 13
67460 1
67461 51
67462 13
67463 16
67464 15
67465 -9
67466 19
67467 15
67468 3
67469 60
67470 12
67471 20
67472 41
67473 11
67474 22
67475 18
67476 7
67477 13
67478 16
67479 34
67480 6
67481 13
67482 41
67483 16
67484 11
67485 31
67486 10
67487 26
67488 27
67489 30
67490 30
67491 17
67492 27
67493 23
67494 26
67495 34
67496 17
67497 2
67498 3
67499 23
67500 18
67501 36
67502 16
67503 34
67504 12
67505 15
67506 32
67507 8
67508 13
67509 22
67510 22
67511 26
67512 -13
67513 20
67514 -6
67515 27
67516 26
67517 25
67518 21
67519 25
67520 31
67521 10
67522 20
67523 22
67524 28
67525 37
67526 34
67527 38
67528 19
67529 10
67530 14
67531 18
67532 41
67533 31
67534 8
67535 4
67536 12
67537 28
67538 4
67539 32
67540 6
67541 18
67542 -5
67543 16
67544 30
67545 20
67546 9
67547 35
67548 -7
67549 10
67550 17
67551 31
67552 22
67553 28
67554 29
67555 19
67556 0
67557 32
67558 24
67559 2
67560 8
67561 20
67562 10
67563 28
67564 14
67565 16
67566 39
67567 27
67568 27
67569 11
67570 13
67571 28
67572 37
67573 18
67574 2
67575 -1
67576 30
67577 36
67578 10
67579 6
67580 27
67581 12
67582 58
67583 14
67584 10
67585 9
67586 -7
67587 24
67588 11
67589 31
67590 24
67591 2
67592 54
67593 11
67594 21
67595 -1
67596 22
67597 23
67598 14
67599 22
67600 19
67601 29
67602 25
67603 36
67604 6
67605 18
67606 22
67607 29
67608 95
67609 27
67610 11
67611 31
67612 7
67613 24
67614 26
67615 24
67616 14
67617 4
67618 28
67619 40
67620 4
67621 39
67622 16
67623 -4
67624 30
67625 33
67626 18
67627 36
67628 13
67629 -8
67630 17
67631 26
67632 -10
67633 50
67634 19
67635 56
67636 16
67637 22
67638 14
67639 17
67640 40
67641 23
67642 20
67643 15
67644 19
67645 14
67646 14
67647 14
67648 6
67649 27
67650 57
67651 20
67652 17
67653 15
67654 32
67655 33
67656 43
67657 7
67658 6
67659 21
67660 36
67661 24
67662 8
67663 4
67664 27
67665 24
67666 25
67667 10
67668 8
67669 34
67670 11
67671 17
67672 -2
67673 -10
67674 41
67675 15
67676 21
67677 26
67678 29
67679 40
67680 33
67681 46
67682 26
67683 41
67684 41
67685 28
67686 7
67687 6
67688 20
67689 34
67690 21
67691 6
67692 9
67693 18
67694 18
67695 38
67696 30
67697 6
67698 9
67699 -14
67700 32
67701 11
67702 25
67703 33
67704 -3
67705 -6
67706 11
67707 4
67708 32
67709 2
67710 18
67711 -4
67712 13
67713 12
67714 28
67715 28
67716 26
67717 12
67718 25
67719 41
67720 24
67721 18
67722 1
67723 -5
67724 17
67725 14
67726 24
67727 19
67728 28
67729 24
67730 25
67731 41
67732 21
67733 7
67734 14
67735 14
67736 5
67737 27
67738 36
67739 31
67740 29
67741 25
67742 20
67743 46
67744 41
67745 6
67746 20
67747 1
67748 28
67749 10
67750 44
67751 55
67752 17
67753 25
67754 14
67755 16
67756 34
67757 15
67758 12
67759 24
67760 5
67761 0
67762 14
67763 33
67764 23
67765 10
67766 8
67767 28
67768 33
67769 11
67770 31
67771 26
67772 31
67773 6
67774 17
67775 12
67776 11
67777 27
67778 15
67779 9
67780 6
67781 10
67782 23
67783 -2
67784 17
67785 13
67786 26
67787 73
67788 19
67789 23
67790 -6
67791 14
67792 24
67793 28
67794 18
67795 17
67796 21
67797 18
67798 31
67799 -3
67800 11
67801 32
67802 17
67803 22
67804 20
67805 29
67806 34
67807 40
67808 14
67809 -4
67810 35
67811 15
67812 16
67813 22
67814 9
67815 27
67816 9
67817 31
67818 36
67819 7
67820 42
67821 28
67822 24
67823 36
67824 23
67825 45
67826 44
67827 31
67828 5
67829 14
67830 11
67831 59
67832 38
67833 4
67834 47
67835 -14
67836 30
67837 3
67838 23
67839 4
67840 14
67841 28
67842 3
67843 16
67844 25
67845 15
67846 8
67847 20
67848 35
67849 14
67850 35
67851 17
67852 7
67853 30
67854 44
67855 81
67856 12
67857 10
67858 20
67859 9
67860 43
67861 29
67862 20
67863 18
67864 11
67865 15
67866 -3
67867 12
67868 18
67869 -2
67870 47
67871 21
67872 11
67873 20
67874 33
67875 15
67876 16
67877 19
67878 14
67879 27
67880 24
67881 22
67882 49
67883 -4
67884 31
67885 42
67886 21
67887 43
67888 13
67889 21
67890 20
67891 27
67892 29
67893 48
67894 35
67895 4
67896 70
67897 30
67898 11
67899 5
67900 21
67901 6
67902 15
67903 22
67904 22
67905 43
67906 34
67907 50
67908 -3
67909 20
67910 25
67911 9
67912 15
67913 11
67914 13
67915 34
67916 18
67917 12
67918 33
67919 18
67920 14
67921 31
67922 4
67923 31
67924 30
67925 32
67926 27
67927 27
67928 30
67929 6
67930 14
67931 5
67932 -5
67933 7
67934 17
67935 21
67936 29
67937 43
67938 6
67939 52
67940 18
67941 46
67942 1
67943 10
67944 21
67945 2
67946 6
67947 28
67948 35
67949 22
67950 8
67951 33
67952 25
67953 37
67954 21
67955 61
67956 17
67957 14
67958 20
67959 35
67960 16
67961 13
67962 17
67963 27
67964 44
67965 25
67966 17
67967 44
67968 26
67969 29
67970 53
67971 16
67972 28
67973 22
67974 24
67975 10
67976 10
67977 29
67978 12
67979 4
67980 23
67981 3
67982 -2
67983 40
67984 23
67985 14
67986 8
67987 6
67988 19
67989 29
67990 0
67991 64
67992 27
67993 18
67994 3
67995 48
67996 1
67997 13
67998 21
67999 17
68000 29
68001 23
68002 16
68003 44
68004 25
68005 10
68006 22
68007 -2
68008 11
68009 53
68010 17
68011 59
68012 -4
68013 39
68014 35
68015 39
68016 8
68017 60
68018 63
68019 -6
68020 19
68021 40
68022 27
68023 38
68024 9
68025 16
68026 25
68027 44
68028 26
68029 8
68030 18
68031 12
68032 -5
68033 13
68034 50
68035 55
68036 10
68037 16
68038 35
68039 25
68040 9
68041 19
68042 47
68043 20
68044 32
68045 14
68046 33
68047 24
68048 46
68049 3
68050 -9
68051 14
68052 15
68053 33
68054 9
68055 7
68056 13
68057 22
68058 50
68059 24
68060 34
68061 27
68062 26
68063 27
68064 22
68065 24
68066 9
68067 9
68068 38
68069 26
68070 -4
68071 50
68072 8
68073 25
68074 16
68075 -3
68076 26
68077 27
68078 26
68079 19
68080 15
68081 16
68082 30
68083 31
68084 12
68085 24
68086 61
68087 30
68088 6
68089 23
68090 28
68091 45
68092 -5
68093 59
68094 17
68095 28
68096 69
68097 63
68098 28
68099 58
68100 12
68101 -2
68102 -7
68103 31
68104 7
68105 12
68106 24
68107 23
68108 37
68109 34
68110 26
68111 66
68112 8
68113 48
68114 35
68115 24
68116 24
68117 14
68118 24
68119 17
68120 28
68121 23
68122 13
68123 -12
68124 16
68125 19
68126 25
68127 30
68128 12
68129 12
68130 9
68131 23
68132 19
68133 11
68134 20
68135 68
68136 27
68137 39
68138 16
68139 2
68140 22
68141 28
68142 15
68143 6
68144 11
68145 -2
68146 36
68147 37
68148 9
68149 -2
68150 34
68151 24
68152 28
68153 27
68154 3
68155 16
68156 25
68157 21
68158 27
68159 9
68160 5
68161 25
68162 2
68163 30
68164 33
68165 11
68166 -4
68167 10
68168 4
68169 36
68170 17
68171 14
68172 6
68173 15
68174 10
68175 7
68176 29
68177 35
68178 16
68179 16
68180 12
68181 22
68182 6
68183 20
68184 30
68185 20
68186 12
68187 4
68188 7
68189 32
68190 22
68191 11
68192 5
68193 62
68194 20
68195 5
68196 16
68197 10
68198 15
68199 2
68200 16
68201 13
68202 20
68203 33
68204 9
68205 23
68206 47
68207 1
68208 18
68209 23
68210 10
68211 49
68212 3
68213 3
68214 25
68215 -4
68216 16
68217 -6
68218 10
68219 15
68220 4
68221 42
68222 39
68223 17
68224 26
68225 35
68226 28
68227 28
68228 22
68229 11
68230 21
68231 1
68232 8
68233 34
68234 6
68235 22
68236 29
68237 2
68238 34
68239 15
68240 28
68241 41
68242 2
68243 4
68244 46
68245 1
68246 28
68247 11
68248 15
68249 7
68250 -3
68251 32
68252 15
68253 43
68254 14
68255 36
68256 1
68257 16
68258 17
68259 8
68260 37
68261 30
68262 19
68263 21
68264 23
68265 2
68266 8
68267 45
68268 17
68269 4
68270 42
68271 -2
68272 14
68273 39
68274 56
68275 44
68276 7
68277 -4
68278 24
68279 16
68280 33
68281 34
68282 -11
68283 31
68284 23
68285 37
68286 27
68287 31
68288 10
68289 29
68290 15
68291 23
68292 19
68293 12
68294 23
68295 16
68296 12
68297 12
68298 16
68299 1
68300 17
68301 2
68302 35
68303 -2
68304 15
68305 2
68306 36
68307 32
68308 19
68309 11
68310 11
68311 34
68312 19
68313 20
68314 23
68315 15
68316 72
68317 37
68318 16
68319 36
68320 3
68321 38
68322 9
68323 6
68324 8
68325 8
68326 21
68327 8
68328 15
68329 16
68330 15
68331 39
68332 49
68333 13
68334 28
68335 3
68336 18
68337 13
68338 20
68339 5
68340 25
68341 12
68342 21
68343 21
68344 20
68345 28
68346 25
68347 20
68348 9
68349 20
68350 53
68351 17
68352 8
68353 20
68354 15
68355 19
68356 13
68357 1
68358 17
68359 5
68360 39
68361 46
68362 41
68363 53
68364 5
68365 10
68366 27
68367 20
68368 7
68369 30
68370 29
68371 55
68372 31
68373 20
68374 26
68375 29
68376 6
68377 23
68378 38
68379 -1
68380 0
68381 55
68382 8
68383 19
68384 27
68385 1
68386 8
68387 21
68388 7
68389 21
68390 46
68391 -1
68392 20
68393 30
68394 23
68395 53
68396 20
68397 17
68398 16
68399 10
68400 39
68401 7
68402 9
68403 18
68404 9
68405 15
68406 15
68407 7
68408 18
68409 38
68410 -5
68411 7
68412 42
68413 22
68414 7
68415 -1
68416 6
68417 22
68418 12
68419 5
68420 -8
68421 15
68422 21
68423 4
68424 28
68425 7
68426 39
68427 11
68428 43
68429 20
68430 17
68431 34
68432 32
68433 25
68434 65
68435 33
68436 16
68437 6
68438 28
68439 18
68440 19
68441 34
68442 22
68443 9
68444 26
68445 15
68446 38
68447 11
68448 15
68449 -1
68450 13
68451 2
68452 7
68453 66
68454 38
68455 21
68456 8
68457 47
68458 11
68459 6
68460 1
68461 28
68462 16
68463 28
68464 23
68465 38
68466 30
68467 8
68468 34
68469 9
68470 63
68471 16
68472 24
68473 7
68474 32
68475 6
68476 25
68477 9
68478 11
68479 19
68480 6
68481 54
68482 35
68483 8
68484 17
68485 8
68486 8
68487 -2
68488 15
68489 18
68490 -4
68491 26
68492 5
68493 13
68494 20
68495 9
68496 31
68497 -1
68498 33
68499 -2
68500 7
68501 25
68502 37
68503 18
68504 9
68505 5
68506 -10
68507 42
68508 26
68509 26
68510 18
68511 -5
68512 34
68513 3
68514 31
68515 9
68516 13
68517 11
68518 53
68519 -9
68520 10
68521 -3
68522 24
68523 25
68524 37
68525 36
68526 16
68527 16
68528 23
68529 17
68530 24
68531 28
68532 15
68533 -5
68534 20
68535 18
68536 59
68537 29
68538 31
68539 26
68540 23
68541 20
68542 16
68543 24
68544 35
68545 30
68546 21
68547 14
68548 24
68549 7
68550 48
68551 5
68552 16
68553 15
68554 3
68555 43
68556 14
68557 20
68558 8
68559 24
68560 35
68561 15
68562 43
68563 51
68564 20
68565 18
68566 24
68567 13
68568 9
68569 16
68570 20
68571 26
68572 11
68573 47
68574 30
68575 10
68576 13
68577 25
68578 55
68579 9
68580 16
68581 34
68582 18
68583 -2
68584 19
68585 16
68586 24
68587 20
68588 32
68589 -1
68590 21
68591 20
68592 38
68593 20
68594 41
68595 30
68596 24
68597 16
68598 19
68599 14
68600 28
68601 -1
68602 6
68603 25
68604 16
68605 17
68606 14
68607 14
68608 38
68609 12
68610 9
68611 89
68612 19
68613 15
68614 19
68615 20
68616 26
68617 8
68618 10
68619 -2
68620 3
68621 31
68622 43
68623 42
68624 10
68625 3
68626 1
68627 11
68628 11
68629 -7
68630 26
68631 42
68632 26
68633 35
68634 37
68635 5
68636 17
68637 31
68638 43
68639 22
68640 14
68641 31
68642 37
68643 -1
68644 21
68645 18
68646 17
68647 25
68648 -7
68649 75
68650 30
68651 15
68652 11
68653 15
68654 18
68655 -6
68656 56
68657 22
68658 3
68659 1
68660 20
68661 63
68662 16
68663 19
68664 -7
68665 16
68666 18
68667 19
68668 7
68669 2
68670 5
68671 36
68672 21
68673 19
68674 18
68675 17
68676 4
68677 4
68678 50
68679 2
68680 24
68681 38
68682 12
68683 28
68684 54
68685 59
68686 21
68687 32
68688 23
68689 33
68690 19
68691 29
68692 17
68693 -5
68694 9
68695 8
68696 -2
68697 10
68698 11
68699 24
68700 24
68701 17
68702 -2
68703 37
68704 23
68705 19
68706 9
68707 31
68708 10
68709 22
68710 40
68711 10
68712 19
68713 7
68714 13
68715 23
68716 38
68717 21
68718 41
68719 50
68720 40
68721 58
68722 20
68723 5
68724 14
68725 22
68726 19
68727 34
68728 31
68729 8
68730 17
68731 7
68732 25
68733 17
68734 41
68735 5
68736 7
68737 8
68738 9
68739 4
68740 0
68741 -4
68742 13
68743 14
68744 -3
68745 40
68746 59
68747 37
68748 24
68749 11
68750 22
68751 37
68752 23
68753 -7
68754 2
68755 -8
68756 21
68757 24
68758 31
68759 4
68760 21
68761 30
68762 12
68763 12
68764 21
68765 13
68766 49
68767 9
68768 17
68769 20
68770 27
68771 38
68772 4
68773 34
68774 28
68775 -16
68776 26
68777 48
68778 2
68779 45
68780 12
68781 -4
68782 16
68783 18
68784 25
68785 27
68786 25
68787 9
68788 19
68789 20
68790 29
68791 4
68792 50
68793 1
68794 0
68795 17
68796 42
68797 31
68798 16
68799 27
68800 24
68801 15
68802 41
68803 31
68804 10
68805 26
68806 24
68807 12
68808 0
68809 76
68810 15
68811 73
68812 4
68813 17
68814 2
68815 23
68816 49
68817 19
68818 10
68819 30
68820 72
68821 11
68822 20
68823 -3
68824 17
68825 19
68826 22
68827 36
68828 1
68829 26
68830 50
68831 42
68832 14
68833 17
68834 17
68835 9
68836 0
68837 13
68838 22
68839 16
68840 28
68841 2
68842 27
68843 -8
68844 5
68845 16
68846 41
68847 51
68848 32
68849 30
68850 2
68851 13
68852 35
68853 36
68854 17
68855 16
68856 40
68857 19
68858 35
68859 12
68860 30
68861 10
68862 25
68863 44
68864 36
68865 11
68866 9
68867 38
68868 37
68869 21
68870 18
68871 12
68872 5
68873 21
68874 8
68875 31
68876 31
68877 37
68878 102
68879 37
68880 21
68881 20
68882 6
68883 20
68884 13
68885 23
68886 11
68887 6
68888 39
68889 41
68890 37
68891 8
68892 19
68893 6
68894 6
68895 23
68896 16
68897 29
68898 17
68899 29
68900 17
68901 25
68902 4
68903 25
68904 47
68905 28
68906 -4
68907 21
68908 17
68909 20
68910 8
68911 37
68912 23
68913 -19
68914 16
68915 20
68916 30
68917 25
68918 64
68919 25
68920 27
68921 15
68922 20
68923 19
68924 11
68925 16
68926 3
68927 0
68928 13
68929 27
68930 21
68931 11
68932 61
68933 17
68934 25
68935 8
68936 19
68937 22
68938 13
68939 19
68940 -2
68941 9
68942 34
68943 93
68944 15
68945 15
68946 6
68947 14
68948 5
68949 26
68950 21
68951 46
68952 32
68953 24
68954 24
68955 21
68956 39
68957 13
68958 20
68959 40
68960 20
68961 -3
68962 42
68963 25
68964 14
68965 25
68966 30
68967 1
68968 20
68969 13
68970 31
68971 8
68972 -14
68973 17
68974 17
68975 21
68976 1
68977 10
68978 30
68979 46
68980 21
68981 28
68982 9
68983 14
68984 31
68985 16
68986 32
68987 5
68988 22
68989 26
68990 37
68991 16
68992 8
68993 15
68994 19
68995 8
68996 38
68997 26
68998 18
68999 0
69000 19
69001 13
69002 -15
69003 24
69004 61
69005 27
69006 4
69007 22
69008 12
69009 14
69010 16
69011 37
69012 31
69013 8
69014 5
69015 -10
69016 32
69017 31
69018 -8
69019 37
69020 25
69021 38
69022 11
69023 16
69024 13
69025 7
69026 -4
69027 42
69028 21
69029 22
69030 -2
69031 14
69032 21
69033 37
69034 28
69035 16
69036 20
69037 1
69038 23
69039 46
69040 20
69041 35
69042 16
69043 8
69044 35
69045 21
69046 51
69047 16
69048 35
69049 74
69050 4
69051 5
69052 12
69053 18
69054 73
69055 30
69056 43
69057 27
69058 14
69059 43
69060 9
69061 5
69062 34
69063 30
69064 27
69065 15
69066 15
69067 27
69068 -3
69069 12
69070 29
69071 21
69072 27
69073 27
69074 26
69075 30
69076 25
69077 35
69078 68
69079 48
69080 26
69081 1
69082 35
69083 25
69084 -1
69085 28
69086 33
69087 22
69088 2
69089 72
69090 28
69091 28
69092 8
69093 44
69094 36
69095 -1
69096 33
69097 11
69098 18
69099 32
69100 25
69101 24
69102 11
69103 14
69104 23
69105 30
69106 28
69107 26
69108 8
69109 4
69110 25
69111 17
69112 30
69113 45
69114 32
69115 29
69116 9
69117 10
69118 3
69119 22
69120 23
69121 5
69122 28
69123 30
69124 13
69125 19
69126 35
69127 22
69128 10
69129 15
69130 25
69131 23
69132 20
69133 20
69134 18
69135 7
69136 34
69137 12
69138 25
69139 23
69140 20
69141 21
69142 9
69143 -2
69144 33
69145 18
69146 21
69147 -4
69148 17
69149 21
69150 6
69151 12
69152 25
69153 19
69154 21
69155 12
69156 30
69157 32
69158 4
69159 30
69160 31
69161 1
69162 25
69163 7
69164 13
69165 -5
69166 7
69167 15
69168 2
69169 -3
69170 0
69171 35
69172 21
69173 70
69174 27
69175 12
69176 16
69177 7
69178 29
69179 33
69180 13
69181 120
69182 28
69183 31
69184 22
69185 7
69186 49
69187 48
69188 16
69189 19
69190 27
69191 33
69192 12
69193 22
69194 31
69195 17
69196 23
69197 33
69198 19
69199 11
69200 23
69201 28
69202 21
69203 13
69204 35
69205 18
69206 15
69207 27
69208 33
69209 13
69210 29
69211 16
69212 25
69213 3
69214 29
69215 23
69216 25
69217 26
69218 26
69219 40
69220 25
69221 13
69222 32
69223 30
69224 3
69225 6
69226 28
69227 -3
69228 10
69229 37
69230 5
69231 17
69232 18
69233 16
69234 20
69235 22
69236 40
69237 15
69238 8
69239 30
69240 21
69241 8
69242 28
69243 -15
69244 32
69245 30
69246 3
69247 6
69248 20
69249 -2
69250 15
69251 38
69252 11
69253 29
69254 16
69255 49
69256 22
69257 21
69258 35
69259 25
69260 24
69261 45
69262 17
69263 31
69264 14
69265 19
69266 16
69267 18
69268 16
69269 37
69270 24
69271 -11
69272 38
69273 24
69274 14
69275 19
69276 43
69277 18
69278 12
69279 22
69280 19
69281 22
69282 3
69283 17
69284 13
69285 25
69286 1
69287 10
69288 30
69289 36
69290 1
69291 16
69292 19
69293 27
69294 20
69295 19
69296 16
69297 17
69298 37
69299 9
69300 2
69301 25
69302 50
69303 4
69304 69
69305 26
69306 20
69307 0
69308 19
69309 16
69310 23
69311 39
69312 39
69313 40
69314 -3
69315 6
69316 17
69317 23
69318 -7
69319 31
69320 33
69321 27
69322 22
69323 10
69324 42
69325 0
69326 31
69327 9
69328 5
69329 24
69330 -4
69331 55
69332 4
69333 -2
69334 11
69335 22
69336 11
69337 34
69338 34
69339 2
69340 38
69341 29
69342 8
69343 19
69344 1
69345 26
69346 21
69347 16
69348 13
69349 30
69350 8
69351 14
69352 19
69353 22
69354 12
69355 9
69356 25
69357 12
69358 33
69359 29
69360 20
69361 6
69362 11
69363 27
69364 19
69365 37
69366 -1
69367 19
69368 25
69369 33
69370 25
69371 16
69372 40
69373 39
69374 21
69375 2
69376 47
69377 -2
69378 50
69379 25
69380 27
69381 27
69382 11
69383 23
69384 28
69385 18
69386 6
69387 -4
69388 32
69389 43
69390 33
69391 35
69392 21
69393 3
69394 29
69395 37
69396 11
69397 8
69398 7
69399 20
69400 32
69401 30
69402 5
69403 26
69404 3
69405 4
69406 8
69407 39
69408 20
69409 -1
69410 -3
69411 1
69412 17
69413 17
69414 26
69415 25
69416 23
69417 22
69418 33
69419 53
69420 9
69421 26
69422 25
69423 5
69424 7
69425 29
69426 8
69427 31
69428 -11
69429 14
69430 11
69431 26
69432 13
69433 31
69434 -3
69435 21
69436 25
69437 18
69438 3
69439 0
69440 32
69441 47
69442 15
69443 62
69444 4
69445 29
69446 20
69447 12
69448 9
69449 -7
69450 6
69451 29
69452 33
69453 12
69454 24
69455 16
69456 11
69457 27
69458 33
69459 35
69460 53
69461 39
69462 26
69463 17
69464 5
69465 -1
69466 14
69467 15
69468 26
69469 8
69470 1
69471 5
69472 14
69473 27
69474 2
69475 4
69476 33
69477 19
69478 32
69479 67
69480 19
69481 14
69482 15
69483 30
69484 11
69485 45
69486 63
69487 33
69488 9
69489 -7
69490 15
69491 8
69492 32
69493 16
69494 11
69495 31
69496 40
69497 13
69498 17
69499 10
69500 53
69501 30
69502 14
69503 15
69504 18
69505 16
69506 72
69507 29
69508 35
69509 14
69510 57
69511 19
69512 24
69513 34
69514 33
69515 15
69516 30
69517 20
69518 19
69519 4
69520 23
69521 15
69522 17
69523 24
69524 21
69525 19
69526 30
69527 1
69528 18
69529 18
69530 17
69531 22
69532 29
69533 13
69534 40
69535 22
69536 16
69537 2
69538 12
69539 35
69540 10
69541 23
69542 14
69543 44
69544 2
69545 9
69546 6
69547 24
69548 5
69549 49
69550 71
69551 -11
69552 25
69553 3
69554 45
69555 2
69556 38
69557 43
69558 15
69559 36
69560 34
69561 1
69562 25
69563 41
69564 48
69565 2
69566 1
69567 17
69568 22
69569 6
69570 18
69571 10
69572 22
69573 12
69574 7
69575 29
69576 41
69577 25
69578 22
69579 21
69580 5
69581 40
69582 30
69583 10
69584 28
69585 19
69586 38
69587 37
69588 5
69589 17
69590 24
69591 16
69592 36
69593 28
69594 18
69595 7
69596 5
69597 18
69598 -5
69599 9
69600 38
69601 16
69602 18
69603 18
69604 49
69605 48
69606 42
69607 11
69608 54
69609 14
69610 17
69611 29
69612 13
69613 16
69614 32
69615 28
69616 28
69617 16
69618 16
69619 17
69620 -1
69621 32
69622 5
69623 12
69624 2
69625 31
69626 34
69627 10
69628 4
69629 33
69630 -1
69631 13
69632 17
69633 18
69634 25
69635 12
69636 21
69637 8
69638 26
69639 19
69640 24
69641 39
69642 14
69643 21
69644 9
69645 38
69646 21
69647 16
69648 37
69649 36
69650 34
69651 32
69652 33
69653 18
69654 13
69655 -1
69656 20
69657 33
69658 32
69659 24
69660 9
69661 3
69662 31
69663 27
69664 10
69665 20
69666 -14
69667 23
69668 3
69669 -3
69670 13
69671 8
69672 22
69673 2
69674 33
69675 40
69676 -3
69677 21
69678 20
69679 -3
69680 19
69681 21
69682 20
69683 56
69684 60
69685 21
69686 35
69687 22
69688 27
69689 18
69690 50
69691 21
69692 24
69693 6
69694 31
69695 14
69696 10
69697 76
69698 13
69699 20
69700 -1
69701 26
69702 20
69703 34
69704 5
69705 29
69706 26
69707 19
69708 24
69709 60
69710 21
69711 15
69712 10
69713 16
69714 13
69715 22
69716 44
69717 0
69718 14
69719 24
69720 18
69721 20
69722 21
69723 29
69724 38
69725 -1
69726 11
69727 9
69728 14
69729 15
69730 7
69731 24
69732 65
69733 32
69734 11
69735 12
69736 30
69737 29
69738 0
69739 -5
69740 29
69741 24
69742 -13
69743 17
69744 10
69745 6
69746 -8
69747 12
69748 26
69749 16
69750 28
69751 50
69752 22
69753 80
69754 11
69755 42
69756 11
69757 13
69758 20
69759 -7
69760 26
69761 42
69762 18
69763 21
69764 34
69765 19
69766 5
69767 18
69768 21
69769 11
69770 8
69771 73
69772 51
69773 24
69774 30
69775 23
69776 4
69777 33
69778 26
69779 23
69780 17
69781 13
69782 15
69783 30
69784 1
69785 7
69786 12
69787 14
69788 10
69789 28
69790 13
69791 6
69792 11
69793 25
69794 11
69795 25
69796 0
69797 24
69798 12
69799 34
69800 28
69801 9
69802 23
69803 -1
69804 13
69805 22
69806 12
69807 12
69808 19
69809 8
69810 9
69811 40
69812 -6
69813 7
69814 0
69815 20
69816 38
69817 29
69818 18
69819 -8
69820 27
69821 6
69822 34
69823 21
69824 59
69825 41
69826 18
69827 8
69828 28
69829 15
69830 3
69831 20
69832 6
69833 31
69834 17
69835 -2
69836 28
69837 22
69838 41
69839 24
69840 28
69841 15
69842 32
69843 16
69844 16
69845 12
69846 33
69847 11
69848 8
69849 31
69850 34
69851 9
69852 11
69853 23
69854 11
69855 16
69856 19
69857 9
69858 25
69859 19
69860 20
69861 20
69862 24
69863 5
69864 33
69865 20
69866 5
69867 1
69868 20
69869 49
69870 21
69871 22
69872 31
69873 54
69874 7
69875 11
69876 12
69877 2
69878 25
69879 11
69880 43
69881 15
69882 43
69883 20
69884 29
69885 21
69886 15
69887 30
69888 8
69889 18
69890 57
69891 6
69892 27
69893 17
69894 13
69895 46
69896 35
69897 28
69898 18
69899 52
69900 17
69901 10
69902 12
69903 8
69904 39
69905 11
69906 17
69907 7
69908 13
69909 21
69910 26
69911 5
69912 35
69913 33
69914 13
69915 -1
69916 24
69917 24
69918 26
69919 6
69920 26
69921 16
69922 26
69923 21
69924 52
69925 -20
69926 18
69927 34
69928 17
69929 7
69930 45
69931 9
69932 20
69933 35
69934 12
69935 16
69936 35
69937 16
69938 18
69939 23
69940 -4
69941 20
69942 43
69943 3
69944 36
69945 16
69946 3
69947 20
69948 23
69949 25
69950 19
69951 14
69952 9
69953 14
69954 23
69955 2
69956 18
69957 4
69958 40
69959 39
69960 6
69961 -6
69962 20
69963 17
69964 0
69965 37
69966 -3
69967 13
69968 28
69969 3
69970 8
69971 17
69972 5
69973 27
69974 16
69975 33
69976 -11
69977 13
69978 31
69979 19
69980 7
69981 9
69982 19
69983 15
69984 33
69985 14
69986 34
69987 13
69988 36
69989 30
69990 36
69991 30
69992 5
69993 20
69994 10
69995 33
69996 26
69997 6
69998 16
69999 -1
70000 21
70001 15
70002 17
70003 30
70004 15
70005 29
70006 34
70007 20
70008 2
70009 18
70010 23
70011 32
70012 23
70013 13
70014 16
70015 26
70016 23
70017 4
70018 -1
70019 52
70020 -2
70021 22
70022 49
70023 31
70024 4
70025 64
70026 25
70027 17
70028 30
70029 1
70030 20
70031 27
70032 38
70033 16
70034 32
70035 47
70036 15
70037 20
70038 20
70039 38
70040 13
70041 -1
70042 20
70043 21
70044 11
70045 24
70046 13
70047 23
70048 15
70049 4
70050 -5
70051 6
70052 29
70053 20
70054 10
70055 33
70056 3
70057 14
70058 17
70059 8
70060 0
70061 23
70062 19
70063 2
70064 11
70065 8
70066 48
70067 18
70068 -2
70069 16
70070 4
70071 24
70072 20
70073 16
70074 5
70075 32
70076 -7
70077 -7
70078 65
70079 27
70080 26
70081 22
70082 1
70083 41
70084 23
70085 23
70086 44
70087 13
70088 39
70089 13
70090 21
70091 32
70092 2
70093 34
70094 11
70095 -2
70096 32
70097 17
70098 12
70099 8
70100 52
70101 21
70102 -5
70103 21
70104 39
70105 3
70106 15
70107 24
70108 44
70109 19
70110 3
70111 30
70112 2
70113 -5
70114 40
70115 15
70116 -4
70117 14
70118 10
70119 25
70120 21
70121 10
70122 33
70123 49
70124 12
70125 21
70126 11
70127 5
70128 7
70129 20
70130 21
70131 17
70132 39
70133 53
70134 -2
70135 15
70136 18
70137 44
70138 4
70139 29
70140 16
70141 14
70142 34
70143 10
70144 39
70145 15
70146 19
70147 26
70148 -8
70149 38
70150 13
70151 5
70152 -1
70153 13
70154 22
70155 8
70156 22
70157 12
70158 45
70159 4
70160 46
70161 -3
70162 10
70163 23
70164 12
70165 25
70166 32
70167 45
70168 8
70169 14
70170 40
70171 4
70172 34
70173 14
70174 42
70175 24
70176 48
70177 23
70178 32
70179 38
70180 15
70181 23
70182 51
70183 1
70184 -8
70185 32
70186 10
70187 19
70188 12
70189 30
70190 19
70191 17
70192 33
70193 24
70194 3
70195 10
70196 28
70197 35
70198 44
70199 35
70200 5
70201 9
70202 15
70203 7
70204 2
70205 29
70206 46
70207 17
70208 12
70209 7
70210 28
70211 9
70212 7
70213 17
70214 2
70215 -9
70216 29
70217 14
70218 31
70219 33
70220 9
70221 8
70222 34
70223 14
70224 28
70225 26
70226 8
70227 31
70228 24
70229 36
70230 33
70231 14
70232 8
70233 21
70234 0
70235 31
70236 24
70237 21
70238 32
70239 7
70240 5
70241 11
70242 24
70243 34
70244 32
70245 27
70246 18
70247 25
70248 3
70249 17
70250 16
70251 5
70252 23
70253 9
70254 15
70255 -5
70256 40
70257 13
70258 13
70259 34
70260 1
70261 21
70262 10
70263 17
70264 26
70265 11
70266 18
70267 -9
70268 15
70269 17
70270 1
70271 7
70272 9
70273 21
70274 -7
70275 53
70276 10
70277 36
70278 45
70279 15
70280 25
70281 11
70282 12
70283 10
70284 0
70285 7
70286 9
70287 19
70288 15
70289 28
70290 15
70291 3
70292 -1
70293 8
70294 12
70295 12
70296 20
70297 23
70298 25
70299 26
70300 25
70301 17
70302 32
70303 40
70304 30
70305 18
70306 12
70307 31
70308 22
70309 25
70310 21
70311 16
70312 17
70313 8
70314 52
70315 32
70316 31
70317 25
70318 26
70319 4
70320 22
70321 26
70322 35
70323 8
70324 8
70325 32
70326 35
70327 2
70328 17
70329 39
70330 27
70331 20
70332 20
70333 20
70334 17
70335 16
70336 33
70337 17
70338 25
70339 17
70340 31
70341 33
70342 27
70343 33
70344 -11
70345 31
70346 20
70347 -8
70348 19
70349 12
70350 31
70351 -4
70352 2
70353 25
70354 -2
70355 24
70356 46
70357 20
70358 13
70359 23
70360 4
70361 5
70362 12
70363 18
70364 2
70365 4
70366 18
70367 14
70368 -1
70369 7
70370 16
70371 24
70372 3
70373 5
70374 29
70375 4
70376 12
70377 9
70378 3
70379 15
70380 20
70381 17
70382 9
70383 33
70384 17
70385 48
70386 -7
70387 10
70388 21
70389 23
70390 -1
70391 20
70392 38
70393 6
70394 28
70395 7
70396 6
70397 17
70398 -7
70399 9
70400 15
70401 -1
70402 11
70403 27
70404 26
70405 20
70406 11
70407 26
70408 51
70409 35
70410 -2
70411 -9
70412 18
70413 22
70414 12
70415 30
70416 18
70417 -2
70418 21
70419 23
70420 20
70421 24
70422 6
70423 18
70424 1
70425 7
70426 27
70427 16
70428 27
70429 60
70430 0
70431 18
70432 -7
70433 10
70434 17
70435 7
70436 13
70437 -7
70438 7
70439 -3
70440 15
70441 18
70442 33
70443 17
70444 12
70445 9
70446 18
70447 16
70448 32
70449 33
70450 49
70451 34
70452 46
70453 18
70454 9
70455 63
70456 15
70457 42
70458 4
70459 11
70460 5
70461 10
70462 17
70463 9
70464 35
70465 15
70466 16
70467 10
70468 13
70469 15
70470 11
70471 16
70472 44
70473 2
70474 30
70475 13
70476 21
70477 35
70478 30
70479 21
70480 13
70481 4
70482 27
70483 34
70484 20
70485 20
70486 13
70487 16
70488 40
70489 12
70490 0
70491 10
70492 20
70493 14
70494 66
70495 8
70496 48
70497 17
70498 33
70499 22
70500 31
70501 23
70502 17
70503 28
70504 4
70505 11
70506 21
70507 23
70508 21
70509 14
70510 9
70511 18
70512 -6
70513 22
70514 21
70515 20
70516 1
70517 23
70518 15
70519 17
70520 9
70521 35
70522 42
70523 24
70524 60
70525 9
70526 0
70527 -6
70528 2
70529 19
70530 3
70531 8
70532 -1
70533 54
70534 15
70535 40
70536 38
70537 19
70538 8
70539 20
70540 57
70541 25
70542 24
70543 17
70544 5
70545 18
70546 15
70547 34
70548 32
70549 23
70550 22
70551 12
70552 47
70553 3
70554 45
70555 2
70556 29
70557 30
70558 22
70559 11
70560 27
70561 8
70562 4
70563 31
70564 27
70565 38
70566 41
70567 1
70568 19
70569 20
70570 17
70571 14
70572 62
70573 8
70574 26
70575 24
70576 23
70577 12
70578 11
70579 -15
70580 16
70581 21
70582 3
70583 19
70584 31
70585 39
70586 0
70587 27
70588 10
70589 8
70590 20
70591 36
70592 30
70593 27
70594 13
70595 10
70596 18
70597 25
70598 25
70599 7
70600 24
70601 15
70602 19
70603 11
70604 32
70605 29
70606 26
70607 20
70608 12
70609 19
70610 48
70611 14
70612 20
70613 27
70614 32
70615 22
70616 23
70617 26
70618 -5
70619 36
70620 29
70621 26
70622 1
70623 24
70624 15
70625 26
70626 19
70627 25
70628 48
70629 5
70630 41
70631 54
70632 17
70633 49
70634 35
70635 6
70636 8
70637 10
70638 19
70639 1
70640 18
70641 -1
70642 44
70643 50
70644 10
70645 10
70646 21
70647 51
70648 45
70649 13
70650 17
70651 11
70652 31
70653 12
70654 8
70655 -13
70656 26
70657 22
70658 21
70659 24
70660 12
70661 12
70662 37
70663 28
70664 20
70665 2
70666 39
70667 16
70668 18
70669 8
70670 2
70671 20
70672 35
70673 20
70674 19
70675 17
70676 15
70677 13
70678 24
70679 24
70680 14
70681 11
70682 14
70683 26
70684 44
70685 30
70686 21
70687 33
70688 13
70689 10
70690 2
70691 -3
70692 -8
70693 6
70694 16
70695 55
70696 1
70697 29
70698 12
70699 -3
70700 12
70701 8
70702 18
70703 6
70704 7
70705 11
70706 31
70707 15
70708 6
70709 62
70710 31
70711 32
70712 22
70713 40
70714 3
70715 18
70716 27
70717 20
70718 5
70719 46
70720 30
70721 10
70722 12
70723 9
70724 44
70725 5
70726 19
70727 31
70728 16
70729 18
70730 28
70731 22
70732 3
70733 12
70734 8
70735 12
70736 -2
70737 9
70738 29
70739 9
70740 3
70741 22
70742 37
70743 34
70744 18
70745 21
70746 4
70747 17
70748 14
70749 36
70750 70
70751 22
70752 15
70753 2
70754 6
70755 13
70756 19
70757 25
70758 17
70759 26
70760 26
70761 12
70762 28
70763 36
70764 22
70765 20
70766 26
70767 11
70768 37
70769 9
70770 22
70771 11
70772 32
70773 27
70774 17
70775 30
70776 19
70777 -8
70778 31
70779 31
70780 14
70781 6
70782 22
70783 8
70784 1
70785 22
70786 0
70787 21
70788 41
70789 0
70790 13
70791 48
70792 30
70793 0
70794 27
70795 30
70796 24
70797 21
70798 9
70799 31
70800 15
70801 73
70802 14
70803 21
70804 27
70805 28
70806 14
70807 22
70808 18
70809 43
70810 33
70811 3
70812 36
70813 48
70814 9
70815 30
70816 7
70817 33
70818 14
70819 -18
70820 4
70821 4
70822 34
70823 10
70824 42
70825 13
70826 18
70827 26
70828 35
70829 28
70830 6
70831 64
70832 13
70833 48
70834 10
70835 -4
70836 7
70837 34
70838 35
70839 -10
70840 27
70841 24
70842 33
70843 12
70844 13
70845 17
70846 26
70847 19
70848 33
70849 21
70850 2
70851 18
70852 26
70853 23
70854 -9
70855 6
70856 62
70857 17
70858 13
70859 27
70860 36
70861 13
70862 21
70863 -6
70864 13
70865 9
70866 7
70867 11
70868 14
70869 17
70870 4
70871 9
70872 7
70873 60
70874 40
70875 23
70876 23
70877 40
70878 29
70879 2
70880 31
70881 26
70882 13
70883 12
70884 10
70885 -13
70886 19
70887 28
70888 26
70889 -4
70890 -9
70891 4
70892 3
70893 -3
70894 28
70895 22
70896 10
70897 29
70898 9
70899 35
70900 18
70901 11
70902 14
70903 63
70904 12
70905 7
70906 30
70907 -1
70908 8
70909 8
70910 17
70911 40
70912 2
70913 37
70914 14
70915 14
70916 12
70917 21
70918 20
70919 12
70920 34
70921 18
70922 5
70923 13
70924 27
70925 -1
70926 3
70927 9
70928 31
70929 10
70930 16
70931 26
70932 25
70933 40
70934 8
70935 32
70936 20
70937 15
70938 35
70939 19
70940 26
70941 12
70942 43
70943 34
70944 36
70945 27
70946 28
70947 13
70948 41
70949 19
70950 7
70951 22
70952 8
70953 18
70954 14
70955 18
70956 16
70957 17
70958 7
70959 43
70960 38
70961 34
70962 13
70963 44
70964 37
70965 19
70966 13
70967 4
70968 26
70969 6
70970 8
70971 28
70972 11
70973 43
70974 -5
70975 61
70976 29
70977 29
70978 13
70979 4
70980 20
70981 22
70982 26
70983 18
70984 18
70985 31
70986 14
70987 14
70988 18
70989 0
70990 15
70991 23
70992 9
70993 5
70994 13
70995 33
70996 38
70997 39
70998 14
70999 8
71000 36
71001 12
71002 17
71003 21
71004 0
71005 10
71006 25
71007 20
71008 0
71009 10
71010 10
71011 17
71012 9
71013 32
71014 6
71015 -1
71016 34
71017 30
71018 49
71019 3
71020 23
71021 32
71022 29
71023 20
71024 21
71025 12
71026 54
71027 26
71028 16
71029 15
71030 5
71031 14
71032 10
71033 8
71034 13
71035 48
71036 22
71037 26
71038 17
71039 32
71040 9
71041 13
71042 25
71043 5
71044 -4
71045 28
71046 18
71047 8
71048 10
71049 13
71050 21
71051 18
71052 33
71053 1
71054 18
71055 13
71056 15
71057 19
71058 43
71059 20
71060 53
71061 25
71062 20
71063 30
71064 22
71065 13
71066 11
71067 45
71068 30
71069 66
71070 18
71071 38
71072 15
71073 25
71074 14
71075 6
71076 14
71077 4
71078 13
71079 12
71080 10
71081 10
71082 24
71083 16
71084 24
71085 16
71086 63
71087 26
71088 -5
71089 16
71090 4
71091 24
71092 13
71093 11
71094 13
71095 18
71096 16
71097 18
71098 14
71099 -3
71100 41
71101 6
71102 33
71103 22
71104 10
71105 15
71106 24
71107 6
71108 -4
71109 12
71110 24
71111 15
71112 45
71113 16
71114 31
71115 9
71116 33
71117 11
71118 42
71119 -6
71120 39
71121 1
71122 62
71123 13
71124 29
71125 17
71126 5
71127 104
71128 28
71129 12
71130 30
71131 24
71132 26
71133 64
71134 41
71135 19
71136 15
71137 15
71138 41
71139 29
71140 38
71141 27
71142 25
71143 37
71144 23
71145 9
71146 6
71147 21
71148 67
71149 10
71150 42
71151 27
71152 23
71153 11
71154 1
71155 30
71156 4
71157 20
71158 10
71159 5
71160 32
71161 15
71162 20
71163 15
71164 4
71165 77
71166 18
71167 32
71168 -4
71169 6
71170 38
71171 36
71172 29
71173 7
71174 22
71175 28
71176 11
71177 22
71178 8
71179 25
71180 12
71181 22
71182 16
71183 38
71184 9
71185 26
71186 15
71187 -4
71188 37
71189 13
71190 8
71191 19
71192 18
71193 29
71194 17
71195 27
71196 34
71197 8
71198 9
71199 19
71200 8
71201 1
71202 35
71203 33
71204 60
71205 17
71206 28
71207 55
71208 0
71209 66
71210 19
71211 24
71212 40
71213 31
71214 30
71215 10
71216 34
71217 25
71218 20
71219 19
71220 11
71221 9
71222 18
71223 19
71224 15
71225 31
71226 46
71227 5
71228 49
71229 34
71230 27
71231 15
71232 2
71233 50
71234 30
71235 22
71236 13
71237 27
71238 16
71239 15
71240 23
71241 23
71242 8
71243 6
71244 15
71245 26
71246 14
71247 22
71248 23
71249 40
71250 7
71251 28
71252 8
71253 9
71254 3
71255 8
71256 21
71257 13
71258 3
71259 26
71260 12
71261 11
71262 14
71263 5
71264 20
71265 20
71266 26
71267 20
71268 44
71269 22
71270 13
71271 56
71272 35
71273 7
71274 31
71275 40
71276 19
71277 33
71278 18
71279 23
71280 26
71281 21
71282 0
71283 15
71284 37
71285 9
71286 5
71287 26
71288 -2
71289 18
71290 11
71291 -1
71292 1
71293 29
71294 -4
71295 20
71296 8
71297 17
71298 28
71299 7
71300 27
71301 20
71302 11
71303 12
71304 0
71305 26
71306 24
71307 17
71308 -12
71309 11
71310 11
71311 19
71312 18
71313 79
71314 21
71315 22
71316 6
71317 20
71318 15
71319 12
71320 17
71321 8
71322 31
71323 36
71324 20
71325 34
71326 10
71327 24
71328 16
71329 19
71330 2
71331 15
71332 89
71333 25
71334 23
71335 38
71336 17
71337 29
71338 5
71339 23
71340 12
71341 25
71342 26
71343 28
71344 20
71345 19
71346 14
71347 5
71348 37
71349 2
71350 14
71351 8
71352 30
71353 23
71354 13
71355 24
71356 40
71357 10
71358 5
71359 9
71360 27
71361 -2
71362 20
71363 18
71364 18
71365 19
71366 1
71367 13
71368 13
71369 28
71370 22
71371 10
71372 20
71373 42
71374 13
71375 19
71376 30
71377 11
71378 17
71379 24
71380 13
71381 15
71382 35
71383 19
71384 25
71385 1
71386 18
71387 26
71388 26
71389 21
71390 22
71391 18
71392 -4
71393 52
71394 25
71395 45
71396 4
71397 9
71398 23
71399 22
71400 17
71401 -3
71402 23
71403 14
71404 8
71405 24
71406 6
71407 60
71408 4
71409 8
71410 39
71411 35
71412 17
71413 10
71414 11
71415 8
71416 19
71417 28
71418 38
71419 2
71420 0
71421 7
71422 7
71423 34
71424 11
71425 27
71426 4
71427 -9
71428 50
71429 15
71430 16
71431 34
71432 16
71433 6
71434 38
71435 19
71436 -5
71437 25
71438 21
71439 20
71440 -7
71441 19
71442 12
71443 34
71444 4
71445 24
71446 18
71447 21
71448 28
71449 14
71450 19
71451 8
71452 25
71453 19
71454 15
71455 17
71456 35
71457 18
71458 18
71459 17
71460 1
71461 16
71462 16
71463 14
71464 37
71465 13
71466 42
71467 70
71468 -2
71469 9
71470 5
71471 12
71472 -16
71473 39
71474 4
71475 15
71476 7
71477 18
71478 -4
71479 32
71480 0
71481 25
71482 30
71483 22
71484 -5
71485 11
71486 4
71487 36
71488 8
71489 19
71490 19
71491 14
71492 17
71493 6
71494 -6
71495 31
71496 -16
71497 18
71498 35
71499 15
71500 10
71501 0
71502 13
71503 24
71504 32
71505 2
71506 12
71507 8
71508 21
71509 21
71510 19
71511 9
71512 15
71513 -1
71514 30
71515 19
71516 17
71517 36
71518 66
71519 4
71520 24
71521 18
71522 0
71523 15
71524 13
71525 27
71526 18
71527 -13
71528 19
71529 21
71530 38
71531 -2
71532 4
71533 20
71534 19
71535 20
71536 0
71537 16
71538 24
71539 24
71540 17
71541 21
71542 21
71543 23
71544 -1
71545 28
71546 4
71547 20
71548 21
71549 -3
71550 -3
71551 25
71552 22
71553 23
71554 11
71555 8
71556 6
71557 24
71558 27
71559 13
71560 7
71561 3
71562 45
71563 26
71564 30
71565 5
71566 34
71567 18
71568 19
71569 17
71570 20
71571 23
71572 10
71573 25
71574 31
71575 23
71576 24
71577 9
71578 17
71579 13
71580 -9
71581 20
71582 43
71583 16
71584 55
71585 -3
71586 -7
71587 44
71588 24
71589 27
71590 19
71591 -12
71592 17
71593 8
71594 10
71595 8
71596 15
71597 55
71598 11
71599 64
71600 84
71601 19
71602 9
71603 16
71604 13
71605 48
71606 37
71607 31
71608 -2
71609 29
71610 17
71611 19
71612 3
71613 6
71614 4
71615 25
71616 16
71617 36
71618 20
71619 13
71620 67
71621 13
71622 3
71623 11
71624 21
71625 23
71626 28
71627 12
71628 20
71629 30
71630 18
71631 59
71632 9
71633 40
71634 16
71635 23
71636 20
71637 22
71638 21
71639 21
71640 13
71641 1
71642 12
71643 11
71644 -1
71645 5
71646 3
71647 14
71648 13
71649 23
71650 6
71651 21
71652 11
71653 20
71654 19
71655 144
71656 28
71657 3
71658 31
71659 24
71660 12
71661 4
71662 40
71663 21
71664 26
71665 7
71666 6
71667 13
71668 29
71669 -17
71670 25
71671 23
71672 35
71673 12
71674 23
71675 16
71676 4
71677 44
71678 32
71679 -10
71680 18
71681 30
71682 18
71683 36
71684 5
71685 9
71686 27
71687 4
71688 31
71689 13
71690 14
71691 64
71692 16
71693 8
71694 23
71695 20
71696 33
71697 41
71698 18
71699 39
71700 85
71701 12
71702 29
71703 10
71704 15
71705 57
71706 12
71707 5
71708 27
71709 43
71710 21
71711 24
71712 21
71713 6
71714 28
71715 5
71716 37
71717 15
71718 3
71719 10
71720 16
71721 -2
71722 24
71723 36
71724 -1
71725 14
71726 21
71727 17
71728 33
71729 9
71730 22
71731 50
71732 21
71733 22
71734 17
71735 25
71736 23
71737 33
71738 -8
71739 19
71740 44
71741 25
71742 39
71743 22
71744 33
71745 51
71746 22
71747 36
71748 16
71749 7
71750 21
71751 24
71752 12
71753 9
71754 21
71755 15
71756 15
71757 13
71758 10
71759 18
71760 21
71761 33
71762 17
71763 40
71764 23
71765 34
71766 21
71767 39
71768 1
71769 11
71770 16
71771 11
71772 16
71773 30
71774 16
71775 12
71776 -4
71777 25
71778 -2
71779 -11
71780 23
71781 -4
71782 29
71783 10
71784 5
71785 10
71786 18
71787 20
71788 23
71789 2
71790 12
71791 11
71792 -4
71793 23
71794 -14
71795 21
71796 16
71797 10
71798 21
71799 31
71800 20
71801 36
71802 19
71803 32
71804 11
71805 14
71806 35
71807 8
71808 10
71809 6
71810 16
71811 18
71812 35
71813 33
71814 14
71815 17
71816 13
71817 28
71818 40
71819 59
71820 17
71821 16
71822 8
71823 4
71824 21
71825 7
71826 15
71827 28
71828 10
71829 20
71830 42
71831 28
71832 6
71833 41
71834 4
71835 7
71836 2
71837 16
71838 24
71839 16
71840 13
71841 11
71842 8
71843 14
71844 13
71845 17
71846 56
71847 16
71848 25
71849 16
71850 -10
71851 19
71852 32
71853 15
71854 45
71855 9
71856 44
71857 23
71858 15
71859 -3
71860 17
71861 5
71862 31
71863 32
71864 3
71865 22
71866 23
71867 26
71868 22
71869 44
71870 30
71871 3
71872 17
71873 39
71874 21
71875 23
71876 1
71877 22
71878 16
71879 11
71880 26
71881 41
71882 18
71883 37
71884 14
71885 2
71886 10
71887 21
71888 26
71889 18
71890 26
71891 19
71892 30
71893 -4
71894 44
71895 19
71896 16
71897 14
71898 12
71899 7
71900 -8
71901 36
71902 -2
71903 9
71904 15
71905 -12
71906 15
71907 22
71908 25
71909 22
71910 10
71911 22
71912 27
71913 10
71914 13
71915 8
71916 9
71917 12
71918 21
71919 40
71920 16
71921 22
71922 40
71923 4
71924 32
71925 5
71926 11
71927 21
71928 10
71929 25
71930 17
71931 20
71932 16
71933 35
71934 2
71935 19
71936 35
71937 28
71938 26
71939 58
71940 43
71941 5
71942 62
71943 8
71944 26
71945 25
71946 33
71947 0
71948 27
71949 16
71950 7
71951 13
71952 30
71953 31
71954 7
71955 26
71956 20
71957 -6
71958 6
71959 15
71960 2
71961 8
71962 22
71963 34
71964 9
71965 31
71966 16
71967 4
71968 29
71969 20
71970 18
71971 38
71972 17
71973 10
71974 4
71975 2
71976 57
71977 30
71978 23
71979 25
71980 4
71981 29
71982 16
71983 18
71984 5
71985 21
71986 21
71987 26
71988 5
71989 22
71990 -1
71991 42
71992 18
71993 36
71994 24
71995 9
71996 17
71997 24
71998 15
71999 17
72000 12
72001 26
72002 10
72003 11
72004 13
72005 21
72006 24
72007 20
72008 16
72009 24
72010 42
72011 25
72012 5
72013 22
72014 13
72015 41
72016 12
72017 9
72018 21
72019 14
72020 18
72021 18
72022 16
72023 16
72024 21
72025 16
72026 16
72027 43
72028 21
72029 28
72030 15
72031 27
72032 17
72033 6
72034 34
72035 18
72036 10
72037 13
72038 -17
72039 27
72040 39
72041 20
72042 22
72043 28
72044 9
72045 -5
72046 17
72047 18
72048 21
72049 41
72050 13
72051 12
72052 15
72053 -2
72054 20
72055 28
72056 6
72057 22
72058 1
72059 -2
72060 18
72061 22
72062 16
72063 9
72064 8
72065 14
72066 34
72067 20
72068 27
72069 26
72070 19
72071 4
72072 31
72073 21
72074 22
72075 6
72076 16
72077 37
72078 17
72079 25
72080 15
72081 24
72082 38
72083 19
72084 5
72085 1
72086 27
72087 21
72088 1
72089 16
72090 18
72091 18
72092 3
72093 21
72094 42
72095 27
72096 14
72097 22
72098 44
72099 35
72100 0
72101 3
72102 -1
72103 20
72104 16
72105 9
72106 22
72107 12
72108 24
72109 28
72110 9
72111 -13
72112 -2
72113 41
72114 7
72115 21
72116 36
72117 17
72118 2
72119 0
72120 13
72121 5
72122 19
72123 2
72124 9
72125 41
72126 27
72127 24
72128 15
72129 55
72130 18
72131 13
72132 13
72133 24
72134 20
72135 35
72136 21
72137 36
72138 26
72139 36
72140 8
72141 44
72142 12
72143 28
72144 3
72145 47
72146 3
72147 18
72148 26
72149 24
72150 28
72151 5
72152 7
72153 15
72154 23
72155 2
72156 1
72157 4
72158 5
72159 14
72160 6
72161 21
72162 20
72163 20
72164 17
72165 27
72166 20
72167 17
72168 4
72169 20
72170 19
72171 13
72172 20
72173 38
72174 12
72175 10
72176 8
72177 -3
72178 1
72179 9
72180 0
72181 10
72182 7
72183 19
72184 14
72185 11
72186 3
72187 23
72188 44
72189 4
72190 22
72191 -2
72192 -2
72193 3
72194 55
72195 22
72196 -5
72197 42
72198 11
72199 15
72200 4
72201 15
72202 26
72203 21
72204 19
72205 9
72206 15
72207 0
72208 14
72209 -3
72210 12
72211 45
72212 4
72213 12
72214 8
72215 23
72216 13
72217 27
72218 54
72219 21
72220 40
72221 24
72222 37
72223 15
72224 30
72225 27
72226 13
72227 18
72228 31
72229 17
72230 -6
72231 12
72232 18
72233 39
72234 19
72235 8
72236 6
72237 10
72238 27
72239 32
72240 19
72241 1
72242 22
72243 30
72244 56
72245 -3
72246 10
72247 40
72248 32
72249 -3
72250 16
72251 56
72252 21
72253 47
72254 8
72255 26
72256 6
72257 17
72258 36
72259 37
72260 7
72261 -1
72262 30
72263 68
72264 14
72265 14
72266 15
72267 -11
72268 8
72269 3
72270 16
72271 86
72272 14
72273 27
72274 50
72275 4
72276 69
72277 24
72278 29
72279 7
72280 24
72281 16
72282 6
72283 21
72284 20
72285 15
72286 -2
72287 2
72288 61
72289 20
72290 15
72291 25
72292 20
72293 24
72294 15
72295 13
72296 23
72297 1
72298 6
72299 34
72300 4
72301 13
72302 24
72303 22
72304 -9
72305 16
72306 53
72307 14
72308 21
72309 25
72310 41
72311 9
72312 18
72313 39
72314 23
72315 31
72316 43
72317 19
72318 4
72319 5
72320 17
72321 25
72322 32
72323 6
72324 9
72325 33
72326 20
72327 6
72328 6
72329 21
72330 9
72331 59
72332 54
72333 4
72334 22
72335 45
72336 42
72337 21
72338 20
72339 25
72340 2
72341 53
72342 42
72343 0
72344 26
72345 48
72346 5
72347 24
72348 15
72349 28
72350 18
72351 -4
72352 12
72353 8
72354 9
72355 18
72356 27
72357 -2
72358 40
72359 15
72360 7
72361 35
72362 24
72363 9
72364 3
72365 24
72366 34
72367 14
72368 19
72369 49
72370 7
72371 21
72372 25
72373 3
72374 25
72375 27
72376 20
72377 24
72378 15
72379 17
72380 11
72381 14
72382 33
72383 16
72384 11
72385 4
72386 4
72387 24
72388 18
72389 43
72390 15
72391 27
72392 -3
72393 1
72394 9
72395 35
72396 29
72397 22
72398 13
72399 29
72400 15
72401 22
72402 4
72403 21
72404 15
72405 60
72406 9
72407 10
72408 54
72409 31
72410 33
72411 2
72412 26
72413 15
72414 25
72415 40
72416 15
72417 18
72418 5
72419 12
72420 40
72421 35
72422 19
72423 26
72424 1
72425 -2
72426 33
72427 12
72428 12
72429 48
72430 23
72431 10
72432 42
72433 22
72434 3
72435 18
72436 40
72437 33
72438 5
72439 23
72440 6
72441 -7
72442 34
72443 32
72444 26
72445 10
72446 31
72447 8
72448 4
72449 4
72450 39
72451 26
72452 18
72453 -5
72454 10
72455 48
72456 24
72457 28
72458 -1
72459 33
72460 -4
72461 21
72462 22
72463 10
72464 2
72465 19
72466 39
72467 44
72468 -1
72469 22
72470 50
72471 -5
72472 22
72473 35
72474 28
72475 22
72476 19
72477 8
72478 12
72479 23
72480 1
72481 11
72482 16
72483 44
72484 18
72485 17
72486 24
72487 5
72488 20
72489 20
72490 11
72491 32
72492 16
72493 26
72494 26
72495 4
72496 20
72497 27
72498 44
72499 35
72500 9
72501 19
72502 21
72503 -21
72504 1
72505 54
72506 51
72507 54
72508 21
72509 11
72510 18
72511 11
72512 11
72513 24
72514 5
72515 14
72516 23
72517 22
72518 23
72519 26
72520 31
72521 32
72522 21
72523 23
72524 20
72525 19
72526 29
72527 27
72528 22
72529 38
72530 3
72531 15
72532 17
72533 24
72534 -1
72535 -1
72536 10
72537 20
72538 12
72539 28
72540 11
72541 37
72542 19
72543 19
72544 37
72545 27
72546 21
72547 -15
72548 -2
72549 4
72550 41
72551 36
72552 28
72553 -3
72554 25
72555 10
72556 12
72557 20
72558 16
72559 -2
72560 25
72561 26
72562 14
72563 34
72564 13
72565 10
72566 6
72567 29
72568 2
72569 16
72570 5
72571 20
72572 15
72573 12
72574 11
72575 17
72576 18
72577 10
72578 3
72579 33
72580 38
72581 20
72582 -3
72583 -6
72584 3
72585 4
72586 30
72587 7
72588 53
72589 6
72590 19
72591 -1
72592 13
72593 21
72594 8
72595 13
72596 17
72597 43
72598 2
72599 37
72600 23
72601 17
72602 18
72603 28
72604 37
72605 35
72606 26
72607 20
72608 28
72609 19
72610 11
72611 3
72612 3
72613 3
72614 23
72615 9
72616 21
72617 10
72618 30
72619 10
72620 26
72621 12
72622 13
72623 10
72624 10
72625 43
72626 23
72627 60
72628 30
72629 37
72630 28
72631 29
72632 6
72633 14
72634 21
72635 14
72636 8
72637 18
72638 5
72639 8
72640 -6
72641 7
72642 20
72643 22
72644 20
72645 13
72646 7
72647 12
72648 59
72649 12
72650 37
72651 19
72652 12
72653 10
72654 29
72655 7
72656 25
72657 -6
72658 -4
72659 -3
72660 9
72661 24
72662 19
72663 -1
72664 42
72665 12
72666 38
72667 33
72668 29
72669 18
72670 26
72671 17
72672 -8
72673 32
72674 0
72675 18
72676 45
72677 6
72678 18
72679 14
72680 5
72681 13
72682 26
72683 50
72684 15
72685 49
72686 16
72687 -4
72688 12
72689 24
72690 45
72691 35
72692 8
72693 18
72694 17
72695 49
72696 47
72697 11
72698 33
72699 11
72700 28
72701 25
72702 21
72703 18
72704 12
72705 46
72706 15
72707 -2
72708 20
72709 19
72710 16
72711 38
72712 10
72713 13
72714 26
72715 19
72716 19
72717 20
72718 4
72719 19
72720 32
72721 6
72722 19
72723 13
72724 27
72725 8
72726 1
72727 13
72728 16
72729 24
72730 46
72731 33
72732 31
72733 13
72734 13
72735 14
72736 36
72737 34
72738 7
72739 29
72740 22
72741 87
72742 16
72743 22
72744 12
72745 19
72746 20
72747 52
72748 19
72749 31
72750 14
72751 17
72752 45
72753 7
72754 19
72755 15
72756 44
72757 17
72758 14
72759 -1
72760 19
72761 25
72762 22
72763 3
72764 7
72765 18
72766 7
72767 12
72768 8
72769 8
72770 21
72771 18
72772 28
72773 24
72774 35
72775 8
72776 22
72777 13
72778 -2
72779 -3
72780 33
72781 11
72782 3
72783 -4
72784 47
72785 43
72786 26
72787 16
72788 12
72789 27
72790 29
72791 13
72792 10
72793 21
72794 32
72795 1
72796 23
72797 27
72798 46
72799 15
72800 10
72801 13
72802 30
72803 25
72804 13
72805 11
72806 0
72807 5
72808 -10
72809 25
72810 8
72811 33
72812 54
72813 13
72814 3
72815 3
72816 16
72817 8
72818 22
72819 -8
72820 -3
72821 -2
72822 26
72823 29
72824 43
72825 28
72826 36
72827 16
72828 11
72829 24
72830 30
72831 4
72832 27
72833 32
72834 7
72835 18
72836 13
72837 4
72838 3
72839 48
72840 4
72841 4
72842 31
72843 25
72844 27
72845 27
72846 30
72847 14
72848 20
72849 59
72850 7
72851 16
72852 34
72853 10
72854 22
72855 -4
72856 28
72857 10
72858 35
72859 30
72860 -1
72861 8
72862 1
72863 25
72864 -3
72865 22
72866 6
72867 7
72868 11
72869 2
72870 12
72871 36
72872 6
72873 14
72874 31
72875 17
72876 10
72877 30
72878 17
72879 42
72880 5
72881 10
72882 26
72883 66
72884 5
72885 28
72886 34
72887 53
72888 22
72889 7
72890 15
72891 23
72892 35
72893 4
72894 49
72895 19
72896 2
72897 14
72898 17
72899 13
72900 23
72901 36
72902 18
72903 21
72904 -1
72905 33
72906 3
72907 24
72908 41
72909 27
72910 29
72911 25
72912 11
72913 7
72914 40
72915 6
72916 21
72917 1
72918 -6
72919 20
72920 15
72921 29
72922 23
72923 18
72924 15
72925 -10
72926 29
72927 29
72928 19
72929 28
72930 17
72931 17
72932 36
72933 72
72934 27
72935 32
72936 21
72937 10
72938 19
72939 14
72940 22
72941 -5
72942 22
72943 20
72944 30
72945 30
72946 13
72947 12
72948 18
72949 20
72950 15
72951 34
72952 26
72953 2
72954 -5
72955 8
72956 51
72957 19
72958 1
72959 3
72960 35
72961 25
72962 11
72963 55
72964 12
72965 6
72966 21
72967 27
72968 14
72969 22
72970 12
72971 3
72972 31
72973 18
72974 37
72975 14
72976 21
72977 16
72978 33
72979 29
72980 39
72981 18
72982 30
72983 32
72984 27
72985 17
72986 28
72987 23
72988 25
72989 9
72990 7
72991 11
72992 37
72993 6
72994 26
72995 -12
72996 24
72997 -17
72998 12
72999 8
73000 14
73001 52
73002 18
73003 33
73004 -15
73005 12
73006 12
73007 15
73008 8
73009 15
73010 22
73011 45
73012 24
73013 10
73014 13
73015 29
73016 20
73017 11
73018 13
73019 27
73020 32
73021 70
73022 18
73023 16
73024 0
73025 -1
73026 21
73027 28
73028 14
73029 28
73030 11
73031 18
73032 30
73033 47
73034 19
73035 6
73036 0
73037 5
73038 40
73039 4
73040 37
73041 10
73042 17
73043 1
73044 7
73045 33
73046 15
73047 6
73048 25
73049 18
73050 1
73051 20
73052 5
73053 -1
73054 37
73055 -1
73056 12
73057 23
73058 18
73059 11
73060 9
73061 23
73062 24
73063 -4
73064 15
73065 13
73066 46
73067 6
73068 41
73069 24
73070 33
73071 22
73072 33
73073 6
73074 92
73075 27
73076 0
73077 14
73078 23
73079 16
73080 15
73081 19
73082 11
73083 38
73084 17
73085 26
73086 44
73087 7
73088 12
73089 2
73090 37
73091 11
73092 15
73093 27
73094 29
73095 7
73096 11
73097 34
73098 22
73099 27
73100 23
73101 -5
73102 5
73103 33
73104 27
73105 3
73106 15
73107 20
73108 24
73109 23
73110 39
73111 23
73112 34
73113 29
73114 11
73115 24
73116 9
73117 32
73118 0
73119 -22
73120 8
73121 31
73122 33
73123 10
73124 12
73125 27
73126 1
73127 11
73128 31
73129 49
73130 17
73131 18
73132 9
73133 -20
73134 14
73135 12
73136 0
73137 56
73138 29
73139 39
73140 13
73141 16
73142 34
73143 10
73144 11
73145 9
73146 2
73147 18
73148 28
73149 18
73150 16
73151 0
73152 23
73153 40
73154 22
73155 21
73156 32
73157 1
73158 16
73159 62
73160 2
73161 0
73162 -8
73163 11
73164 14
73165 17
73166 20
73167 16
73168 -10
73169 16
73170 5
73171 9
73172 -4
73173 4
73174 -2
73175 22
73176 10
73177 25
73178 26
73179 4
73180 4
73181 33
73182 22
73183 0
73184 19
73185 33
73186 6
73187 3
73188 12
73189 12
73190 40
73191 26
73192 -6
73193 20
73194 3
73195 33
73196 29
73197 34
73198 32
73199 50
73200 25
73201 15
73202 2
73203 7
73204 5
73205 7
73206 6
73207 22
73208 8
73209 94
73210 18
73211 8
73212 29
73213 17
73214 22
73215 9
73216 26
73217 17
73218 17
73219 5
73220 19
73221 30
73222 21
73223 31
73224 4
73225 22
73226 16
73227 -5
73228 17
73229 7
73230 13
73231 21
73232 19
73233 26
73234 16
73235 26
73236 13
73237 23
73238 10
73239 36
73240 22
73241 13
73242 31
73243 41
73244 20
73245 5
73246 30
73247 21
73248 -5
73249 16
73250 21
73251 11
73252 18
73253 3
73254 5
73255 25
73256 8
73257 -1
73258 16
73259 14
73260 16
73261 16
73262 8
73263 71
73264 9
73265 14
73266 3
73267 14
73268 20
73269 15
73270 9
73271 8
73272 -1
73273 17
73274 15
73275 7
73276 19
73277 25
73278 38
73279 20
73280 11
73281 12
73282 20
73283 16
73284 14
73285 -1
73286 7
73287 19
73288 14
73289 28
73290 -4
73291 -2
73292 17
73293 55
73294 25
73295 7
73296 14
73297 33
73298 23
73299 8
73300 49
73301 3
73302 20
73303 20
73304 42
73305 16
73306 -1
73307 29
73308 11
73309 7
73310 24
73311 36
73312 23
73313 22
73314 3
73315 6
73316 11
73317 6
73318 31
73319 33
73320 6
73321 2
73322 36
73323 38
73324 25
73325 31
73326 25
73327 8
73328 12
73329 8
73330 18
73331 16
73332 18
73333 25
73334 27
73335 21
73336 27
73337 19
73338 4
73339 45
73340 55
73341 37
73342 34
73343 12
73344 14
73345 70
73346 10
73347 13
73348 13
73349 16
73350 14
73351 -11
73352 5
73353 41
73354 -12
73355 15
73356 24
73357 30
73358 11
73359 16
73360 97
73361 57
73362 10
73363 24
73364 23
73365 -3
73366 27
73367 22
73368 13
73369 10
73370 22
73371 13
73372 9
73373 29
73374 19
73375 10
73376 21
73377 18
73378 22
73379 3
73380 20
73381 24
73382 -2
73383 -1
73384 6
73385 18
73386 16
73387 34
73388 31
73389 14
73390 38
73391 11
73392 50
73393 8
73394 6
73395 11
73396 30
73397 20
73398 21
73399 22
73400 14
73401 31
73402 44
73403 13
73404 29
73405 15
73406 26
73407 19
73408 34
73409 33
73410 21
73411 9
73412 -1
73413 21
73414 29
73415 26
73416 9
73417 7
73418 46
73419 9
73420 26
73421 34
73422 29
73423 1
73424 31
73425 24
73426 11
73427 16
73428 32
73429 5
73430 21
73431 27
73432 14
73433 10
73434 7
73435 16
73436 9
73437 25
73438 20
73439 -2
73440 36
73441 23
73442 28
73443 26
73444 12
73445 0
73446 19
73447 31
73448 22
73449 28
73450 25
73451 9
73452 6
73453 9
73454 36
73455 31
73456 25
73457 15
73458 13
73459 20
73460 17
73461 22
73462 -6
73463 28
73464 43
73465 6
73466 7
73467 22
73468 41
73469 20
73470 -6
73471 26
73472 27
73473 20
73474 18
73475 5
73476 12
73477 9
73478 14
73479 15
73480 20
73481 21
73482 39
73483 20
73484 18
73485 52
73486 26
73487 16
73488 18
73489 0
73490 15
73491 34
73492 20
73493 38
73494 23
73495 35
73496 13
73497 8
73498 4
73499 30
73500 5
73501 8
73502 -8
73503 7
73504 3
73505 38
73506 21
73507 15
73508 12
73509 23
73510 11
73511 18
73512 -1
73513 19
73514 43
73515 20
73516 9
73517 30
73518 22
73519 25
73520 3
73521 28
73522 -1
73523 38
73524 11
73525 19
73526 25
73527 25
73528 40
73529 -5
73530 21
73531 12
73532 -21
73533 32
73534 20
73535 9
73536 14
73537 23
73538 12
73539 67
73540 7
73541 35
73542 8
73543 20
73544 13
73545 33
73546 25
73547 -2
73548 28
73549 21
73550 13
73551 22
73552 2
73553 33
73554 21
73555 20
73556 49
73557 47
73558 11
73559 18
73560 33
73561 14
73562 32
73563 15
73564 27
73565 83
73566 17
73567 21
73568 5
73569 25
73570 30
73571 26
73572 15
73573 4
73574 1
73575 27
73576 6
73577 5
73578 -8
73579 32
73580 18
73581 3
73582 15
73583 0
73584 28
73585 27
73586 12
73587 29
73588 18
73589 31
73590 56
73591 15
73592 22
73593 21
73594 9
73595 20
73596 5
73597 13
73598 26
73599 6
73600 24
73601 9
73602 44
73603 15
73604 10
73605 -2
73606 14
73607 -3
73608 6
73609 26
73610 16
73611 15
73612 15
73613 18
73614 41
73615 13
73616 21
73617 16
73618 7
73619 3
73620 10
73621 -7
73622 -6
73623 25
73624 5
73625 35
73626 -9
73627 23
73628 23
73629 10
73630 20
73631 -4
73632 18
73633 -11
73634 13
73635 28
73636 3
73637 11
73638 14
73639 21
73640 36
73641 1
73642 36
73643 28
73644 35
73645 25
73646 12
73647 31
73648 26
73649 -1
73650 10
73651 31
73652 21
73653 6
73654 31
73655 15
73656 25
73657 9
73658 7
73659 4
73660 33
73661 34
73662 10
73663 13
73664 24
73665 12
73666 23
73667 32
73668 8
73669 -6
73670 32
73671 17
73672 18
73673 18
73674 15
73675 14
73676 10
73677 10
73678 13
73679 28
73680 17
73681 19
73682 13
73683 14
73684 -12
73685 16
73686 16
73687 16
73688 21
73689 39
73690 17
73691 17
73692 26
73693 35
73694 6
73695 20
73696 3
73697 26
73698 0
73699 33
73700 12
73701 6
73702 65
73703 -12
73704 1
73705 12
73706 10
73707 11
73708 6
73709 26
73710 12
73711 29
73712 33
73713 0
73714 26
73715 6
73716 32
73717 14
73718 23
73719 1
73720 22
73721 9
73722 8
73723 22
73724 -5
73725 2
73726 21
73727 29
73728 24
73729 12
73730 41
73731 20
73732 11
73733 27
73734 23
73735 49
73736 12
73737 41
73738 13
73739 -3
73740 38
73741 15
73742 16
73743 15
73744 6
73745 9
73746 21
73747 22
73748 14
73749 13
73750 65
73751 11
73752 31
73753 16
73754 4
73755 21
73756 16
73757 7
73758 24
73759 15
73760 9
73761 27
73762 33
73763 -1
73764 35
73765 16
73766 24
73767 1
73768 53
73769 35
73770 0
73771 17
73772 5
73773 86
73774 1
73775 37
73776 6
73777 5
73778 41
73779 36
73780 0
73781 17
73782 15
73783 16
73784 17
73785 2
73786 33
73787 19
73788 26
73789 17
73790 35
73791 13
73792 5
73793 27
73794 17
73795 -7
73796 23
73797 12
73798 -9
73799 23
73800 12
73801 7
73802 5
73803 14
73804 12
73805 11
73806 6
73807 18
73808 5
73809 25
73810 15
73811 4
73812 13
73813 6
73814 -10
73815 0
73816 24
73817 10
73818 21
73819 4
73820 23
73821 22
73822 24
73823 13
73824 1
73825 44
73826 31
73827 19
73828 14
73829 23
73830 21
73831 22
73832 13
73833 13
73834 22
73835 -4
73836 7
73837 14
73838 22
73839 9
73840 -2
73841 -1
73842 18
73843 0
73844 -2
73845 2
73846 19
73847 18
73848 29
73849 19
73850 39
73851 5
73852 4
73853 37
73854 1
73855 -2
73856 5
73857 44
73858 3
73859 34
73860 31
73861 -2
73862 6
73863 36
73864 15
73865 1
73866 25
73867 -8
73868 3
73869 6
73870 18
73871 39
73872 3
73873 17
73874 13
73875 20
73876 7
73877 21
73878 -3
73879 37
73880 14
73881 5
73882 55
73883 31
73884 30
73885 19
73886 29
73887 19
73888 21
73889 6
73890 6
73891 35
73892 32
73893 4
73894 26
73895 45
73896 12
73897 43
73898 7
73899 20
73900 15
73901 14
73902 9
73903 36
73904 6
73905 6
73906 28
73907 -1
73908 8
73909 32
73910 -15
73911 9
73912 27
73913 21
73914 16
73915 28
73916 18
73917 18
73918 2
73919 10
73920 11
73921 12
73922 19
73923 1
73924 26
73925 2
73926 36
73927 45
73928 18
73929 36
73930 16
73931 33
73932 18
73933 29
73934 7
73935 12
73936 -4
73937 24
73938 27
73939 4
73940 26
73941 18
73942 15
73943 16
73944 4
73945 -4
73946 23
73947 47
73948 7
73949 40
73950 16
73951 29
73952 -1
73953 22
73954 62
73955 17
73956 22
73957 -8
73958 11
73959 56
73960 -2
73961 3
73962 -8
73963 12
73964 6
73965 25
73966 25
73967 14
73968 15
73969 25
73970 39
73971 117
73972 19
73973 10
73974 15
73975 29
73976 2
73977 8
73978 23
73979 32
73980 75
73981 16
73982 -8
73983 50
73984 2
73985 34
73986 24
73987 38
73988 13
73989 17
73990 1
73991 41
73992 10
73993 31
73994 35
73995 9
73996 26
73997 27
73998 30
73999 38
74000 8
74001 18
74002 10
74003 29
74004 8
74005 4
74006 20
74007 28
74008 16
74009 10
74010 3
74011 28
74012 -2
74013 13
74014 12
74015 19
74016 5
74017 29
74018 28
74019 21
74020 10
74021 8
74022 8
74023 19
74024 10
74025 21
74026 15
74027 8
74028 20
74029 24
74030 25
74031 21
74032 12
74033 16
74034 7
74035 5
74036 25
74037 16
74038 14
74039 1
74040 0
74041 2
74042 13
74043 36
74044 28
74045 21
74046 22
74047 23
74048 28
74049 24
74050 12
74051 7
74052 6
74053 4
74054 1
74055 10
74056 27
74057 -15
74058 28
74059 46
74060 -3
74061 11
74062 25
74063 11
74064 10
74065 13
74066 24
74067 26
74068 -2
74069 48
74070 -1
74071 17
74072 3
74073 1
74074 9
74075 21
74076 14
74077 23
74078 7
74079 -3
74080 19
74081 10
74082 22
74083 7
74084 27
74085 25
74086 1
74087 2
74088 21
74089 -17
74090 37
74091 27
74092 24
74093 11
74094 13
74095 6
74096 19
74097 31
74098 -2
74099 26
74100 20
74101 4
74102 21
74103 -4
74104 -1
74105 34
74106 13
74107 13
74108 17
74109 12
74110 4
74111 21
74112 16
74113 69
74114 -10
74115 14
74116 10
74117 37
74118 5
74119 26
74120 20
74121 28
74122 15
74123 34
74124 25
74125 1
74126 20
74127 8
74128 -5
74129 2
74130 1
74131 9
74132 38
74133 21
74134 15
74135 15
74136 -9
74137 30
74138 13
74139 26
74140 4
74141 13
74142 31
74143 21
74144 40
74145 30
74146 26
74147 10
74148 10
74149 34
74150 28
74151 27
74152 -2
74153 44
74154 47
74155 29
74156 2
74157 3
74158 25
74159 12
74160 13
74161 8
74162 27
74163 5
74164 49
74165 4
74166 15
74167 20
74168 12
74169 1
74170 6
74171 18
74172 21
74173 17
74174 33
74175 3
74176 28
74177 33
74178 17
74179 14
74180 -5
74181 4
74182 45
74183 57
74184 26
74185 16
74186 -3
74187 3
74188 3
74189 24
74190 15
74191 7
74192 2
74193 1
74194 1
74195 31
74196 37
74197 45
74198 30
74199 37
74200 -1
74201 15
74202 9
74203 4
74204 2
74205 10
74206 -7
74207 61
74208 -9
74209 26
74210 7
74211 24
74212 33
74213 14
74214 16
74215 25
74216 48
74217 1
74218 23
74219 12
74220 17
74221 13
74222 16
74223 11
74224 10
74225 16
74226 38
74227 1
74228 25
74229 32
74230 30
74231 22
74232 1
74233 1
74234 21
74235 4
74236 8
74237 24
74238 15
74239 24
74240 8
74241 35
74242 3
74243 27
74244 4
74245 25
74246 18
74247 22
74248 12
74249 0
74250 30
74251 30
74252 -1
74253 18
74254 26
74255 11
74256 -1
74257 26
74258 8
74259 19
74260 22
74261 21
74262 23
74263 16
74264 6
74265 62
74266 32
74267 32
74268 21
74269 16
74270 12
74271 12
74272 38
74273 2
74274 35
74275 -4
74276 20
74277 18
74278 22
74279 20
74280 23
74281 -7
74282 11
74283 10
74284 14
74285 23
74286 26
74287 24
74288 15
74289 11
74290 46
74291 22
74292 1
74293 23
74294 12
74295 21
74296 4
74297 46
74298 28
74299 17
74300 28
74301 23
74302 0
74303 11
74304 29
74305 15
74306 -5
74307 3
74308 7
74309 9
74310 35
74311 21
74312 22
74313 37
74314 13
74315 -5
74316 6
74317 11
74318 9
74319 49
74320 25
74321 55
74322 22
74323 20
74324 55
74325 15
74326 15
74327 17
74328 2
74329 23
74330 -2
74331 15
74332 30
74333 4
74334 28
74335 49
74336 12
74337 2
74338 12
74339 30
74340 27
74341 7
74342 10
74343 40
74344 25
74345 9
74346 10
74347 10
74348 21
74349 17
74350 40
74351 25
74352 8
74353 39
74354 36
74355 30
74356 8
74357 -1
74358 74
74359 30
74360 7
74361 34
74362 14
74363 -3
74364 13
74365 28
74366 56
74367 8
74368 28
74369 5
74370 11
74371 3
74372 26
74373 29
74374 16
74375 27
74376 3
74377 13
74378 11
74379 16
74380 11
74381 20
74382 16
74383 23
74384 16
74385 27
74386 20
74387 21
74388 18
74389 22
74390 26
74391 14
74392 21
74393 -4
74394 13
74395 14
74396 16
74397 26
74398 9
74399 0
74400 24
74401 29
74402 9
74403 1
74404 10
74405 9
74406 21
74407 55
74408 27
74409 33
74410 6
74411 25
74412 20
74413 5
74414 -9
74415 33
74416 17
74417 27
74418 30
74419 -1
74420 16
74421 14
74422 20
74423 33
74424 5
74425 21
74426 6
74427 0
74428 22
74429 25
74430 3
74431 -4
74432 3
74433 7
74434 51
74435 13
74436 38
74437 7
74438 24
74439 27
74440 15
74441 23
74442 42
74443 27
74444 -3
74445 9
74446 2
74447 30
74448 10
74449 34
74450 11
74451 5
74452 8
74453 25
74454 17
74455 20
74456 28
74457 19
74458 37
74459 19
74460 18
74461 21
74462 23
74463 58
74464 -9
74465 45
74466 2
74467 20
74468 45
74469 29
74470 13
74471 17
74472 26
74473 1
74474 12
74475 -1
74476 7
74477 14
74478 7
74479 63
74480 50
74481 11
74482 9
74483 22
74484 35
74485 40
74486 2
74487 9
74488 16
74489 24
74490 27
74491 42
74492 80
74493 23
74494 7
74495 13
74496 10
74497 16
74498 32
74499 24
74500 -18
74501 11
74502 5
74503 20
74504 13
74505 16
74506 -1
74507 14
74508 22
74509 9
74510 19
74511 -7
74512 28
74513 30
74514 9
74515 20
74516 16
74517 54
74518 7
74519 5
74520 19
74521 23
74522 24
74523 16
74524 15
74525 16
74526 16
74527 1
74528 6
74529 15
74530 17
74531 31
74532 18
74533 37
74534 19
74535 -1
74536 24
74537 32
74538 7
74539 21
74540 0
74541 18
74542 34
74543 13
74544 46
74545 7
74546 8
74547 10
74548 33
74549 14
74550 23
74551 19
74552 3
74553 15
74554 43
74555 20
74556 6
74557 28
74558 24
74559 8
74560 23
74561 48
74562 0
74563 11
74564 30
74565 8
74566 19
74567 36
74568 14
74569 18
74570 54
74571 26
74572 38
74573 67
74574 12
74575 12
74576 11
74577 14
74578 17
74579 36
74580 24
74581 7
74582 26
74583 23
74584 6
74585 31
74586 26
74587 17
74588 43
74589 23
74590 14
74591 8
74592 38
74593 28
74594 21
74595 32
74596 37
74597 -10
74598 16
74599 13
74600 19
74601 7
74602 23
74603 5
74604 13
74605 14
74606 34
74607 23
74608 -10
74609 10
74610 7
74611 35
74612 4
74613 25
74614 20
74615 30
74616 22
74617 14
74618 6
74619 13
74620 3
74621 15
74622 10
74623 9
74624 22
74625 18
74626 78
74627 18
74628 16
74629 -1
74630 5
74631 18
74632 56
74633 11
74634 47
74635 18
74636 21
74637 1
74638 7
74639 25
74640 -2
74641 16
74642 22
74643 17
74644 17
74645 29
74646 30
74647 -26
74648 17
74649 40
74650 -5
74651 29
74652 33
74653 11
74654 -8
74655 23
74656 98
74657 15
74658 22
74659 39
74660 8
74661 26
74662 19
74663 21
74664 20
74665 19
74666 20
74667 12
74668 4
74669 23
74670 8
74671 8
74672 30
74673 -2
74674 29
74675 41
74676 31
74677 25
74678 23
74679 58
74680 7
74681 18
74682 -4
74683 16
74684 12
74685 31
74686 30
74687 11
74688 18
74689 24
74690 11
74691 11
74692 14
74693 57
74694 19
74695 18
74696 7
74697 4
74698 5
74699 54
74700 16
74701 11
74702 5
74703 8
74704 4
74705 14
74706 49
74707 -6
74708 23
74709 29
74710 -17
74711 4
74712 31
74713 16
74714 22
74715 8
74716 -1
74717 6
74718 1
74719 8
74720 3
74721 5
74722 14
74723 8
74724 27
74725 -7
74726 12
74727 -1
74728 20
74729 11
74730 18
74731 14
74732 41
74733 12
74734 27
74735 23
74736 7
74737 16
74738 24
74739 10
74740 5
74741 11
74742 28
74743 7
74744 17
74745 13
74746 1
74747 6
74748 35
74749 32
74750 29
74751 21
74752 13
74753 37
74754 -4
74755 42
74756 17
74757 15
74758 17
74759 4
74760 7
74761 12
74762 12
74763 27
74764 0
74765 11
74766 2
74767 11
74768 37
74769 20
74770 48
74771 15
74772 48
74773 23
74774 8
74775 25
74776 15
74777 6
74778 42
74779 5
74780 7
74781 20
74782 28
74783 36
74784 4
74785 21
74786 13
74787 17
74788 15
74789 42
74790 35
74791 1
74792 16
74793 32
74794 55
74795 6
74796 -2
74797 13
74798 36
74799 21
74800 -1
74801 13
74802 22
74803 2
74804 17
74805 6
74806 15
74807 32
74808 30
74809 31
74810 13
74811 13
74812 4
74813 9
74814 -3
74815 19
74816 28
74817 15
74818 15
74819 10
74820 42
74821 29
74822 8
74823 17
74824 11
74825 21
74826 33
74827 14
74828 6
74829 11
74830 24
74831 12
74832 5
74833 9
74834 35
74835 7
74836 26
74837 9
74838 20
74839 31
74840 17
74841 12
74842 12
74843 47
74844 12
74845 28
74846 14
74847 5
74848 14
74849 -9
74850 2
74851 62
74852 12
74853 13
74854 12
74855 20
74856 12
74857 32
74858 34
74859 17
74860 18
74861 25
74862 17
74863 11
74864 25
74865 57
74866 28
74867 9
74868 20
74869 1
74870 12
74871 15
74872 0
74873 7
74874 8
74875 22
74876 23
74877 25
74878 3
74879 20
74880 25
74881 5
74882 29
74883 14
74884 36
74885 6
74886 19
74887 8
74888 10
74889 15
74890 14
74891 21
74892 23
74893 0
74894 14
74895 19
74896 27
74897 0
74898 13
74899 36
74900 1
74901 18
74902 22
74903 9
74904 43
74905 15
74906 11
74907 21
74908 15
74909 17
74910 31
74911 17
74912 17
74913 26
74914 24
74915 18
74916 25
74917 8
74918 8
74919 6
74920 21
74921 2
74922 18
74923 65
74924 13
74925 9
74926 -3
74927 4
74928 1
74929 26
74930 9
74931 8
74932 19
74933 8
74934 11
74935 14
74936 15
74937 14
74938 74
74939 27
74940 6
74941 0
74942 0
74943 6
74944 16
74945 8
74946 30
74947 18
74948 24
74949 8
74950 9
74951 18
74952 21
74953 8
74954 22
74955 22
74956 -2
74957 -1
74958 -4
74959 25
74960 30
74961 2
74962 11
74963 11
74964 20
74965 17
74966 19
74967 29
74968 16
74969 49
74970 6
74971 7
74972 13
74973 18
74974 15
74975 20
74976 22
74977 52
74978 13
74979 24
74980 27
74981 16
74982 22
74983 20
74984 22
74985 8
74986 68
74987 9
74988 6
74989 10
74990 17
74991 18
74992 38
74993 6
74994 16
74995 39
74996 24
74997 8
74998 24
74999 52
75000 47
75001 31
75002 32
75003 10
75004 21
75005 14
75006 11
75007 38
75008 11
75009 30
75010 17
75011 32
75012 15
75013 15
75014 12
75015 19
75016 56
75017 24
75018 0
75019 13
75020 11
75021 33
75022 9
75023 8
75024 4
75025 29
75026 8
75027 26
75028 6
75029 10
75030 35
75031 13
75032 22
75033 18
75034 46
75035 5
75036 -2
75037 12
75038 16
75039 15
75040 -5
75041 -6
75042 10
75043 37
75044 15
75045 3
75046 23
75047 30
75048 22
75049 11
75050 7
75051 38
75052 15
75053 18
75054 27
75055 10
75056 24
75057 5
75058 14
75059 23
75060 15
75061 22
75062 18
75063 37
75064 -2
75065 8
75066 86
75067 25
75068 23
75069 8
75070 8
75071 22
75072 12
75073 27
75074 33
75075 21
75076 22
75077 14
75078 27
75079 8
75080 35
75081 15
75082 -13
75083 18
75084 -9
75085 39
75086 101
75087 23
75088 -11
75089 6
75090 21
75091 18
75092 6
75093 27
75094 12
75095 36
75096 31
75097 28
75098 18
75099 23
75100 13
75101 30
75102 23
75103 19
75104 11
75105 22
75106 23
75107 38
75108 0
75109 28
75110 18
75111 22
75112 11
75113 6
75114 25
75115 2
75116 11
75117 22
75118 34
75119 17
75120 37
75121 23
75122 18
75123 29
75124 24
75125 8
75126 2
75127 19
75128 10
75129 32
75130 20
75131 10
75132 16
75133 1
75134 22
75135 32
75136 -3
75137 11
75138 39
75139 23
75140 24
75141 15
75142 32
75143 3
75144 18
75145 -1
75146 15
75147 35
75148 12
75149 -8
75150 26
75151 11
75152 7
75153 18
75154 17
75155 8
75156 1
75157 7
75158 25
75159 11
75160 26
75161 39
75162 9
75163 33
75164 18
75165 22
75166 29
75167 37
75168 17
75169 1
75170 18
75171 42
75172 5
75173 11
75174 -6
75175 22
75176 10
75177 10
75178 56
75179 6
75180 9
75181 15
75182 21
75183 18
75184 26
75185 16
75186 15
75187 8
75188 19
75189 21
75190 1
75191 11
75192 21
75193 54
75194 15
75195 19
75196 5
75197 45
75198 7
75199 21
75200 -3
75201 25
75202 34
75203 12
75204 28
75205 14
75206 -1
75207 18
75208 21
75209 -9
75210 58
75211 30
75212 8
75213 1
75214 17
75215 1
75216 13
75217 30
75218 22
75219 17
75220 55
75221 8
75222 73
75223 25
75224 17
75225 16
75226 22
75227 15
75228 18
75229 3
75230 5
75231 20
75232 33
75233 32
75234 18
75235 11
75236 18
75237 7
75238 19
75239 -2
75240 18
75241 35
75242 6
75243 23
75244 45
75245 10
75246 18
75247 21
75248 27
75249 2
75250 4
75251 -6
75252 8
75253 18
75254 16
75255 8
75256 23
75257 16
75258 11
75259 8
75260 10
75261 4
75262 20
75263 33
75264 7
75265 12
75266 27
75267 16
75268 9
75269 14
75270 8
75271 -2
75272 15
75273 3
75274 21
75275 1
75276 26
75277 8
75278 -14
75279 21
75280 25
75281 21
75282 -12
75283 39
75284 31
75285 30
75286 40
75287 -3
75288 4
75289 13
75290 17
75291 2
75292 10
75293 44
75294 8
75295 6
75296 23
75297 5
75298 9
75299 23
75300 35
75301 9
75302 18
75303 34
75304 7
75305 26
75306 13
75307 19
75308 20
75309 8
75310 -4
75311 31
75312 35
75313 13
75314 9
75315 39
75316 12
75317 16
75318 37
75319 -2
75320 1
75321 21
75322 -5
75323 -8
75324 22
75325 6
75326 7
75327 11
75328 16
75329 -9
75330 13
75331 9
75332 5
75333 23
75334 3
75335 5
75336 36
75337 26
75338 32
75339 29
75340 27
75341 6
75342 26
75343 9
75344 31
75345 19
75346 17
75347 16
75348 4
75349 -10
75350 -7
75351 20
75352 45
75353 6
75354 15
75355 12
75356 33
75357 2
75358 0
75359 31
75360 20
75361 13
75362 8
75363 8
75364 20
75365 -7
75366 20
75367 17
75368 11
75369 15
75370 11
75371 21
75372 4
75373 29
75374 22
75375 18
75376 22
75377 17
75378 1
75379 4
75380 -1
75381 14
75382 26
75383 17
75384 20
75385 37
75386 15
75387 22
75388 7
75389 30
75390 37
75391 27
75392 -6
75393 24
75394 18
75395 3
75396 36
75397 -2
75398 4
75399 34
75400 21
75401 -4
75402 -7
75403 9
75404 41
75405 45
75406 13
75407 16
75408 -7
75409 20
75410 29
75411 13
75412 47
75413 15
75414 16
75415 1
75416 9
75417 9
75418 1
75419 -2
75420 10
75421 9
75422 21
75423 24
75424 -5
75425 27
75426 21
75427 2
75428 18
75429 7
75430 1
75431 11
75432 18
75433 15
75434 6
75435 16
75436 4
75437 10
75438 24
75439 16
75440 23
75441 12
75442 3
75443 1
75444 53
75445 1
75446 14
75447 -2
75448 24
75449 8
75450 11
75451 -7
75452 15
75453 33
75454 14
75455 13
75456 8
75457 32
75458 35
75459 21
75460 10
75461 2
75462 18
75463 5
75464 24
75465 -12
75466 -7
75467 16
75468 5
75469 8
75470 24
75471 10
75472 -12
75473 -14
75474 4
75475 6
75476 4
75477 13
75478 16
75479 46
75480 3
75481 37
75482 29
75483 22
75484 21
75485 11
75486 24
75487 10
75488 14
75489 21
75490 -9
75491 39
75492 22
75493 20
75494 21
75495 15
75496 20
75497 6
75498 24
75499 43
75500 13
75501 25
75502 16
75503 9
75504 11
75505 13
75506 0
75507 27
75508 18
75509 48
75510 22
75511 11
75512 22
75513 5
75514 17
75515 10
75516 1
75517 3
75518 31
75519 2
75520 0
75521 -8
75522 20
75523 10
75524 15
75525 17
75526 1
75527 19
75528 11
75529 9
75530 13
75531 13
75532 12
75533 21
75534 20
75535 -3
75536 32
75537 25
75538 20
75539 18
75540 17
75541 20
75542 16
75543 21
75544 9
75545 10
75546 7
75547 22
75548 4
75549 6
75550 14
75551 8
75552 1
75553 19
75554 32
75555 3
75556 19
75557 16
75558 5
75559 19
75560 10
75561 31
75562 20
75563 9
75564 14
75565 22
75566 4
75567 33
75568 35
75569 38
75570 21
75571 9
75572 13
75573 5
75574 3
75575 0
75576 2
75577 65
75578 4
75579 36
75580 50
75581 23
75582 18
75583 -1
75584 -18
75585 17
75586 21
75587 20
75588 20
75589 12
75590 9
75591 38
75592 13
75593 -7
75594 23
75595 17
75596 -1
75597 11
75598 -1
75599 30
75600 29
75601 31
75602 25
75603 12
75604 18
75605 2
75606 16
75607 39
75608 3
75609 21
75610 19
75611 11
75612 24
75613 20
75614 25
75615 17
75616 22
75617 -8
75618 -13
75619 -1
75620 1
75621 27
75622 16
75623 22
75624 4
75625 14
75626 17
75627 10
75628 53
75629 12
75630 27
75631 8
75632 13
75633 45
75634 26
75635 13
75636 51
75637 18
75638 32
75639 43
75640 15
75641 10
75642 18
75643 9
75644 14
75645 23
75646 21
75647 31
75648 11
75649 18
75650 8
75651 -3
75652 18
75653 20
75654 -7
75655 33
75656 -6
75657 20
75658 12
75659 16
75660 -12
75661 20
75662 21
75663 38
75664 4
75665 19
75666 23
75667 12
75668 32
75669 1
75670 16
75671 26
75672 9
75673 38
75674 11
75675 26
75676 28
75677 15
75678 -2
75679 14
75680 6
75681 47
75682 9
75683 46
75684 32
75685 18
75686 11
75687 20
75688 16
75689 84
75690 9
75691 7
75692 3
75693 30
75694 32
75695 23
75696 11
75697 76
75698 8
75699 18
75700 42
75701 62
75702 24
75703 23
75704 32
75705 17
75706 1
75707 19
75708 4
75709 23
75710 37
75711 15
75712 27
75713 56
75714 33
75715 19
75716 19
75717 36
75718 25
75719 9
75720 23
75721 10
75722 34
75723 -2
75724 1
75725 49
75726 11
75727 45
75728 4
75729 8
75730 25
75731 21
75732 42
75733 9
75734 6
75735 39
75736 10
75737 28
75738 17
75739 26
75740 23
75741 47
75742 0
75743 20
75744 -2
75745 27
75746 7
75747 22
75748 18
75749 18
75750 16
75751 36
75752 9
75753 -7
75754 36
75755 -5
75756 26
75757 13
75758 9
75759 17
75760 2
75761 24
75762 34
75763 23
75764 10
75765 11
75766 3
75767 18
75768 19
75769 27
75770 19
75771 13
75772 18
75773 9
75774 24
75775 16
75776 23
75777 15
75778 51
75779 22
75780 15
75781 46
75782 32
75783 21
75784 8
75785 18
75786 0
75787 17
75788 18
75789 41
75790 7
75791 6
75792 54
75793 15
75794 3
75795 19
75796 26
75797 15
75798 27
75799 61
75800 7
75801 12
75802 23
75803 8
75804 10
75805 21
75806 21
75807 29
75808 -7
75809 20
75810 8
75811 21
75812 13
75813 -11
75814 24
75815 45
75816 12
75817 16
75818 24
75819 15
75820 11
75821 3
75822 25
75823 9
75824 16
75825 26
75826 23
75827 7
75828 1
75829 14
75830 7
75831 7
75832 7
75833 22
75834 20
75835 8
75836 10
75837 0
75838 34
75839 13
75840 11
75841 19
75842 18
75843 4
75844 7
75845 41
75846 23
75847 21
75848 27
75849 1
75850 2
75851 28
75852 15
75853 6
75854 36
75855 22
75856 17
75857 3
75858 24
75859 36
75860 17
75861 48
75862 -2
75863 6
75864 10
75865 9
75866 11
75867 1
75868 6
75869 26
75870 4
75871 24
75872 30
75873 13
75874 17
75875 7
75876 25
75877 28
75878 15
75879 -19
75880 11
75881 20
75882 27
75883 50
75884 21
75885 75
75886 12
75887 59
75888 42
75889 16
75890 34
75891 36
75892 19
75893 7
75894 10
75895 47
75896 32
75897 21
75898 7
75899 18
75900 30
75901 6
75902 -5
75903 9
75904 15
75905 26
75906 1
75907 25
75908 20
75909 15
75910 6
75911 16
75912 12
75913 37
75914 20
75915 0
75916 19
75917 21
75918 23
75919 66
75920 25
75921 30
75922 19
75923 8
75924 20
75925 21
75926 1
75927 6
75928 10
75929 15
75930 16
75931 31
75932 30
75933 21
75934 8
75935 3
75936 36
75937 -15
75938 -11
75939 -2
75940 6
75941 25
75942 17
75943 11
75944 8
75945 23
75946 12
75947 57
75948 10
75949 63
75950 17
75951 10
75952 0
75953 27
75954 28
75955 9
75956 8
75957 3
75958 17
75959 9
75960 26
75961 20
75962 50
75963 9
75964 -3
75965 22
75966 19
75967 0
75968 27
75969 9
75970 17
75971 17
75972 18
75973 18
75974 20
75975 42
75976 30
75977 23
75978 19
75979 11
75980 1
75981 -9
75982 16
75983 11
75984 9
75985 14
75986 24
75987 22
75988 48
75989 12
75990 16
75991 11
75992 32
75993 16
75994 19
75995 -7
75996 15
75997 19
75998 0
75999 20
76000 38
76001 62
76002 22
76003 -1
76004 -4
76005 22
76006 8
76007 -5
76008 28
76009 15
76010 76
76011 20
76012 46
76013 -6
76014 19
76015 30
76016 11
76017 13
76018 49
76019 9
76020 28
76021 1
76022 14
76023 5
76024 27
76025 10
76026 25
76027 12
76028 14
76029 28
76030 14
76031 28
76032 22
76033 20
76034 6
76035 5
76036 12
76037 0
76038 18
76039 27
76040 1
76041 13
76042 24
76043 -3
76044 20
76045 17
76046 34
76047 11
76048 -1
76049 5
76050 16
76051 20
76052 34
76053 1
76054 35
76055 23
76056 16
76057 33
76058 28
76059 29
76060 17
76061 18
76062 -4
76063 7
76064 17
76065 11
76066 6
76067 2
76068 6
76069 12
76070 35
76071 8
76072 10
76073 -9
76074 11
76075 0
76076 18
76077 13
76078 10
76079 36
76080 10
76081 -1
76082 22
76083 12
76084 8
76085 39
76086 58
76087 19
76088 17
76089 17
76090 43
76091 21
76092 13
76093 3
76094 29
76095 8
76096 12
76097 18
76098 20
76099 12
76100 15
76101 17
76102 26
76103 7
76104 23
76105 23
76106 6
76107 17
76108 13
76109 43
76110 36
76111 -20
76112 4
76113 14
76114 12
76115 17
76116 12
76117 -6
76118 34
76119 1
76120 25
76121 7
76122 8
76123 19
76124 13
76125 15
76126 7
76127 22
76128 59
76129 7
76130 17
76131 24
76132 12
76133 8
76134 -2
76135 23
76136 15
76137 18
76138 27
76139 7
76140 27
76141 8
76142 12
76143 28
76144 23
76145 12
76146 2
76147 16
76148 5
76149 -3
76150 19
76151 -3
76152 23
76153 20
76154 7
76155 24
76156 15
76157 17
76158 14
76159 7
76160 11
76161 19
76162 13
76163 28
76164 17
76165 33
76166 26
76167 14
76168 6
76169 27
76170 11
76171 -18
76172 22
76173 20
76174 11
76175 16
76176 1
76177 26
76178 30
76179 33
76180 11
76181 10
76182 13
76183 28
76184 0
76185 18
76186 17
76187 15
76188 50
76189 21
76190 3
76191 15
76192 52
76193 28
76194 19
76195 23
76196 -9
76197 3
76198 18
76199 -4
76200 24
76201 5
76202 12
76203 9
76204 2
76205 5
76206 7
76207 25
76208 1
76209 18
76210 30
76211 20
76212 41
76213 24
76214 13
76215 20
76216 9
76217 6
76218 3
76219 12
76220 17
76221 3
76222 7
76223 20
76224 41
76225 16
76226 4
76227 18
76228 19
76229 26
76230 10
76231 -2
76232 21
76233 42
76234 -8
76235 9
76236 2
76237 27
76238 12
76239 2
76240 45
76241 28
76242 31
76243 29
76244 24
76245 29
76246 21
76247 1
76248 9
76249 21
76250 26
76251 29
76252 12
76253 37
76254 36
76255 19
76256 8
76257 21
76258 0
76259 4
76260 19
76261 9
76262 10
76263 19
76264 10
76265 50
76266 14
76267 -11
76268 19
76269 30
76270 33
76271 2
76272 16
76273 1
76274 13
76275 9
76276 36
76277 30
76278 11
76279 26
76280 13
76281 23
76282 25
76283 -4
76284 4
76285 18
76286 3
76287 5
76288 29
76289 14
76290 -11
76291 36
76292 22
76293 23
76294 23
76295 21
76296 0
76297 3
76298 29
76299 10
76300 15
76301 11
76302 21
76303 18
76304 24
76305 9
76306 22
76307 12
76308 -11
76309 17
76310 29
76311 -3
76312 14
76313 9
76314 20
76315 17
76316 28
76317 1
76318 19
76319 20
76320 12
76321 8
76322 12
76323 29
76324 13
76325 13
76326 5
76327 22
76328 31
76329 12
76330 -1
76331 11
76332 60
76333 17
76334 28
76335 6
76336 -8
76337 28
76338 20
76339 25
76340 -5
76341 9
76342 23
76343 21
76344 3
76345 19
76346 32
76347 13
76348 30
76349 15
76350 4
76351 27
76352 24
76353 3
76354 18
76355 26
76356 9
76357 80
76358 22
76359 14
76360 13
76361 8
76362 16
76363 18
76364 42
76365 4
76366 -1
76367 27
76368 19
76369 12
76370 18
76371 20
76372 26
76373 18
76374 5
76375 -5
76376 12
76377 19
76378 21
76379 13
76380 21
76381 11
76382 9
76383 22
76384 -2
76385 4
76386 18
76387 28
76388 14
76389 13
76390 13
76391 18
76392 19
76393 13
76394 21
76395 25
76396 1
76397 29
76398 34
76399 7
76400 45
76401 20
76402 1
76403 6
76404 41
76405 24
76406 22
76407 10
76408 19
76409 38
76410 17
76411 25
76412 20
76413 36
76414 -2
76415 32
76416 29
76417 33
76418 23
76419 10
76420 18
76421 15
76422 11
76423 21
76424 44
76425 8
76426 26
76427 6
76428 15
76429 6
76430 33
76431 11
76432 17
76433 11
76434 -10
76435 10
76436 19
76437 30
76438 11
76439 35
76440 8
76441 31
76442 10
76443 -8
76444 4
76445 8
76446 3
76447 11
76448 38
76449 12
76450 17
76451 48
76452 -7
76453 12
76454 25
76455 35
76456 15
76457 -2
76458 16
76459 -6
76460 21
76461 -7
76462 7
76463 19
76464 20
76465 20
76466 5
76467 31
76468 17
76469 25
76470 13
76471 -7
76472 15
76473 27
76474 -8
76475 13
76476 5
76477 3
76478 23
76479 16
76480 2
76481 27
76482 15
76483 4
76484 41
76485 11
76486 13
76487 -1
76488 -2
76489 30
76490 19
76491 1
76492 12
76493 19
76494 7
76495 35
76496 8
76497 2
76498 39
76499 14
76500 -6
76501 7
76502 20
76503 36
76504 10
76505 3
76506 16
76507 20
76508 24
76509 26
76510 22
76511 1
76512 43
76513 -1
76514 9
76515 27
76516 39
76517 29
76518 22
76519 12
76520 12
76521 12
76522 20
76523 7
76524 22
76525 42
76526 49
76527 4
76528 -5
76529 23
76530 18
76531 -7
76532 -8
76533 18
76534 24
76535 13
76536 8
76537 17
76538 33
76539 27
76540 6
76541 31
76542 -8
76543 10
76544 34
76545 15
76546 2
76547 0
76548 6
76549 5
76550 22
76551 5
76552 3
76553 26
76554 29
76555 30
76556 6
76557 23
76558 31
76559 14
76560 12
76561 4
76562 35
76563 17
76564 -1
76565 1
76566 7
76567 20
76568 15
76569 24
76570 18
76571 48
76572 -6
76573 46
76574 2
76575 3
76576 22
76577 -7
76578 27
76579 8
76580 -18
76581 12
76582 -1
76583 18
76584 11
76585 29
76586 10
76587 22
76588 20
76589 24
76590 4
76591 -2
76592 16
76593 10
76594 13
76595 4
76596 -2
76597 32
76598 -6
76599 21
76600 29
76601 42
76602 3
76603 7
76604 25
76605 7
76606 13
76607 12
76608 46
76609 25
76610 10
76611 19
76612 15
76613 34
76614 11
76615 10
76616 2
76617 14
76618 16
76619 17
76620 16
76621 12
76622 34
76623 25
76624 51
76625 28
76626 35
76627 8
76628 2
76629 11
76630 51
76631 17
76632 0
76633 18
76634 19
76635 27
76636 1
76637 -5
76638 26
76639 48
76640 22
76641 29
76642 30
76643 37
76644 24
76645 16
76646 18
76647 18
76648 34
76649 12
76650 5
76651 16
76652 -1
76653 9
76654 32
76655 17
76656 10
76657 3
76658 6
76659 33
76660 35
76661 1
76662 22
76663 16
76664 22
76665 12
76666 8
76667 -3
76668 2
76669 30
76670 53
76671 10
76672 21
76673 51
76674 20
76675 13
76676 10
76677 45
76678 10
76679 7
76680 1
76681 17
76682 35
76683 16
76684 6
76685 18
76686 7
76687 20
76688 9
76689 13
76690 17
76691 8
76692 13
76693 12
76694 16
76695 38
76696 9
76697 17
76698 21
76699 12
76700 33
76701 44
76702 7
76703 6
76704 15
76705 9
76706 6
76707 14
76708 13
76709 17
76710 10
76711 14
76712 17
76713 21
76714 16
76715 33
76716 -1
76717 7
76718 39
76719 42
76720 15
76721 9
76722 5
76723 0
76724 -3
76725 8
76726 7
76727 26
76728 4
76729 17
76730 7
76731 70
76732 13
76733 9
76734 10
76735 16
76736 3
76737 16
76738 19
76739 25
76740 21
76741 24
76742 17
76743 5
76744 11
76745 32
76746 12
76747 11
76748 -5
76749 2
76750 5
76751 20
76752 4
76753 20
76754 15
76755 24
76756 -1
76757 5
76758 12
76759 17
76760 -1
76761 10
76762 26
76763 0
76764 3
76765 17
76766 21
76767 35
76768 -3
76769 4
76770 7
76771 29
76772 6
76773 20
76774 24
76775 -2
76776 24
76777 38
76778 32
76779 0
76780 16
76781 55
76782 7
76783 22
76784 12
76785 7
76786 10
76787 25
76788 15
76789 -2
76790 16
76791 12
76792 54
76793 -1
76794 9
76795 46
76796 -8
76797 10
76798 36
76799 -5
76800 20
76801 9
76802 50
76803 -4
76804 -14
76805 23
76806 -7
76807 5
76808 29
76809 18
76810 26
76811 18
76812 8
76813 15
76814 -7
76815 22
76816 27
76817 18
76818 10
76819 17
76820 31
76821 24
76822 38
76823 6
76824 -6
76825 30
76826 10
76827 20
76828 11
76829 27
76830 31
76831 -18
76832 8
76833 30
76834 -1
76835 25
76836 10
76837 33
76838 48
76839 25
76840 12
76841 22
76842 8
76843 13
76844 -2
76845 5
76846 19
76847 0
76848 14
76849 30
76850 19
76851 24
76852 21
76853 21
76854 21
76855 23
76856 3
76857 2
76858 9
76859 14
76860 8
76861 12
76862 22
76863 7
76864 56
76865 13
76866 11
76867 7
76868 24
76869 31
76870 0
76871 25
76872 11
76873 14
76874 15
76875 20
76876 13
76877 46
76878 21
76879 1
76880 2
76881 18
76882 11
76883 23
76884 47
76885 24
76886 11
76887 13
76888 8
76889 -11
76890 21
76891 41
76892 14
76893 8
76894 16
76895 21
76896 35
76897 29
76898 -3
76899 18
76900 20
76901 15
76902 -7
76903 12
76904 16
76905 8
76906 0
76907 16
76908 -3
76909 24
76910 40
76911 8
76912 25
76913 22
76914 17
76915 15
76916 14
76917 24
76918 20
76919 19
76920 18
76921 20
76922 40
76923 14
76924 -9
76925 18
76926 22
76927 5
76928 8
76929 0
76930 4
76931 7
76932 15
76933 14
76934 -23
76935 7
76936 7
76937 28
76938 -18
76939 -5
76940 20
76941 -3
76942 28
76943 10
76944 14
76945 20
76946 22
76947 21
76948 34
76949 8
76950 7
76951 -1
76952 24
76953 33
76954 48
76955 35
76956 16
76957 -1
76958 17
76959 18
76960 6
76961 -1
76962 15
76963 9
76964 13
76965 8
76966 14
76967 15
76968 12
76969 18
76970 15
76971 39
76972 22
76973 30
76974 18
76975 19
76976 9
76977 9
76978 53
76979 18
76980 17
76981 11
76982 12
76983 12
76984 -7
76985 33
76986 20
76987 22
76988 13
76989 20
76990 16
76991 37
76992 22
76993 9
76994 22
76995 20
76996 29
76997 10
76998 10
76999 9
77000 17
77001 13
77002 24
77003 17
77004 28
77005 16
77006 24
77007 29
77008 16
77009 6
77010 29
77011 4
77012 24
77013 21
77014 21
77015 9
77016 22
77017 7
77018 8
77019 16
77020 47
77021 10
77022 -1
77023 20
77024 30
77025 19
77026 19
77027 -2
77028 21
77029 8
77030 -3
77031 13
77032 43
77033 18
77034 3
77035 7
77036 31
77037 10
77038 12
77039 25
77040 20
77041 24
77042 35
77043 35
77044 3
77045 6
77046 16
77047 17
77048 27
77049 18
77050 12
77051 18
77052 34
77053 -3
77054 14
77055 22
77056 42
77057 -5
77058 -4
77059 11
77060 0
77061 8
77062 23
77063 6
77064 55
77065 13
77066 6
77067 0
77068 17
77069 14
77070 10
77071 24
77072 33
77073 32
77074 8
77075 6
77076 19
77077 30
77078 39
77079 15
77080 12
77081 13
77082 18
77083 24
77084 29
77085 -2
77086 10
77087 3
77088 2
77089 16
77090 15
77091 23
77092 21
77093 -1
77094 35
77095 -2
77096 -3
77097 3
77098 21
77099 3
77100 69
77101 21
77102 20
77103 16
77104 9
77105 27
77106 12
77107 17
77108 10
77109 21
77110 18
77111 2
77112 29
77113 23
77114 0
77115 -7
77116 9
77117 20
77118 3
77119 18
77120 7
77121 -7
77122 27
77123 17
77124 5
77125 16
77126 14
77127 -4
77128 11
77129 3
77130 6
77131 19
77132 32
77133 7
77134 33
77135 46
77136 17
77137 9
77138 26
77139 16
77140 -2
77141 26
77142 38
77143 15
77144 30
77145 3
77146 29
77147 13
77148 3
77149 0
77150 4
77151 31
77152 19
77153 -2
77154 0
77155 13
77156 3
77157 7
77158 18
77159 25
77160 42
77161 19
77162 -1
77163 20
77164 11
77165 12
77166 15
77167 3
77168 27
77169 10
77170 23
77171 16
77172 22
77173 -3
77174 14
77175 26
77176 2
77177 3
77178 12
77179 9
77180 9
77181 -6
77182 31
77183 14
77184 18
77185 0
77186 22
77187 10
77188 11
77189 19
77190 6
77191 39
77192 35
77193 19
77194 34
77195 13
77196 19
77197 1
77198 26
77199 -2
77200 33
77201 16
77202 3
77203 13
77204 13
77205 28
77206 48
77207 17
77208 42
77209 47
77210 32
77211 16
77212 20
77213 -1
77214 9
77215 9
77216 6
77217 6
77218 14
77219 47
77220 4
77221 31
77222 7
77223 33
77224 23
77225 -4
77226 22
77227 26
77228 23
77229 40
77230 8
77231 16
77232 24
77233 10
77234 0
77235 1
77236 4
77237 14
77238 11
77239 -9
77240 15
77241 1
77242 24
77243 22
77244 17
77245 24
77246 6
77247 6
77248 4
77249 41
77250 -3
77251 25
77252 16
77253 17
77254 -3
77255 22
77256 9
77257 10
77258 21
77259 19
77260 20
77261 19
77262 30
77263 5
77264 19
77265 13
77266 6
77267 7
77268 -3
77269 17
77270 15
77271 3
77272 12
77273 5
77274 -4
77275 10
77276 36
77277 31
77278 2
77279 24
77280 -4
77281 16
77282 11
77283 64
77284 31
77285 22
77286 44
77287 20
77288 -2
77289 2
77290 25
77291 7
77292 43
77293 -2
77294 10
77295 9
77296 13
77297 3
77298 11
77299 28
77300 39
77301 19
77302 20
77303 19
77304 37
77305 20
77306 -12
77307 -3
77308 12
77309 16
77310 8
77311 22
77312 7
77313 32
77314 38
77315 25
77316 21
77317 2
77318 25
77319 20
77320 11
77321 18
77322 14
77323 14
77324 8
77325 -4
77326 8
77327 -17
77328 12
77329 15
77330 2
77331 21
77332 -6
77333 29
77334 24
77335 7
77336 1
77337 8
77338 16
77339 31
77340 0
77341 52
77342 19
77343 -12
77344 95
77345 25
77346 6
77347 9
77348 15
77349 21
77350 -2
77351 22
77352 28
77353 10
77354 5
77355 9
77356 27
77357 32
77358 17
77359 28
77360 2
77361 19
77362 3
77363 17
77364 13
77365 8
77366 6
77367 4
77368 3
77369 36
77370 18
77371 4
77372 10
77373 -3
77374 12
77375 18
77376 20
77377 11
77378 19
77379 13
77380 7
77381 7
77382 -19
77383 41
77384 22
77385 2
77386 17
77387 8
77388 13
77389 33
77390 15
77391 20
77392 19
77393 21
77394 4
77395 19
77396 34
77397 22
77398 12
77399 19
77400 22
77401 26
77402 22
77403 35
77404 21
77405 17
77406 34
77407 26
77408 21
77409 14
77410 -9
77411 36
77412 8
77413 28
77414 13
77415 13
77416 14
77417 24
77418 29
77419 37
77420 24
77421 12
77422 5
77423 43
77424 14
77425 10
77426 34
77427 16
77428 5
77429 8
77430 2
77431 21
77432 22
77433 3
77434 24
77435 7
77436 33
77437 31
77438 35
77439 15
77440 10
77441 31
77442 22
77443 16
77444 25
77445 57
77446 23
77447 21
77448 14
77449 -7
77450 26
77451 12
77452 20
77453 14
77454 27
77455 19
77456 14
77457 26
77458 4
77459 12
77460 5
77461 31
77462 55
77463 14
77464 -1
77465 28
77466 24
77467 35
77468 8
77469 10
77470 0
77471 44
77472 32
77473 16
77474 64
77475 33
77476 12
77477 15
77478 0
77479 17
77480 15
77481 26
77482 5
77483 8
77484 37
77485 5
77486 22
77487 7
77488 14
77489 2
77490 18
77491 15
77492 1
77493 0
77494 -2
77495 27
77496 45
77497 27
77498 -3
77499 24
77500 0
77501 27
77502 12
77503 22
77504 11
77505 20
77506 4
77507 22
77508 8
77509 13
77510 20
77511 1
77512 20
77513 12
77514 0
77515 3
77516 25
77517 20
77518 18
77519 14
77520 4
77521 19
77522 9
77523 9
77524 12
77525 22
77526 -6
77527 21
77528 7
77529 16
77530 22
77531 19
77532 26
77533 7
77534 32
77535 12
77536 22
77537 19
77538 26
77539 14
77540 18
77541 15
77542 14
77543 36
77544 17
77545 41
77546 22
77547 1
77548 28
77549 19
77550 20
77551 49
77552 10
77553 29
77554 22
77555 17
77556 15
77557 11
77558 0
77559 29
77560 24
77561 16
77562 20
77563 21
77564 22
77565 16
77566 5
77567 10
77568 10
77569 23
77570 10
77571 -5
77572 60
77573 12
77574 34
77575 1
77576 -6
77577 18
77578 22
77579 13
77580 14
77581 47
77582 7
77583 -7
77584 23
77585 19
77586 -1
77587 26
77588 22
77589 20
77590 27
77591 7
77592 -2
77593 20
77594 19
77595 -3
77596 11
77597 27
77598 34
77599 24
77600 -5
77601 -11
77602 44
77603 20
77604 23
77605 8
77606 35
77607 15
77608 7
77609 14
77610 29
77611 17
77612 34
77613 44
77614 8
77615 9
77616 -2
77617 17
77618 14
77619 32
77620 32
77621 18
77622 3
77623 9
77624 6
77625 40
77626 2
77627 12
77628 20
77629 11
77630 26
77631 -4
77632 13
77633 2
77634 18
77635 2
77636 7
77637 22
77638 31
77639 25
77640 16
77641 11
77642 21
77643 0
77644 -3
77645 11
77646 7
77647 37
77648 27
77649 28
77650 40
77651 3
77652 19
77653 31
77654 36
77655 -7
77656 -8
77657 40
77658 6
77659 38
77660 31
77661 12
77662 12
77663 14
77664 71
77665 24
77666 31
77667 8
77668 26
77669 26
77670 0
77671 23
77672 26
77673 22
77674 28
77675 22
77676 5
77677 26
77678 5
77679 4
77680 -7
77681 8
77682 17
77683 23
77684 23
77685 16
77686 13
77687 36
77688 27
77689 -3
77690 9
77691 11
77692 5
77693 -1
77694 8
77695 15
77696 16
77697 7
77698 12
77699 22
77700 -1
77701 25
77702 20
77703 12
77704 14
77705 24
77706 5
77707 15
77708 5
77709 12
77710 11
77711 10
77712 18
77713 2
77714 18
77715 33
77716 14
77717 2
77718 5
77719 11
77720 11
77721 43
77722 13
77723 13
77724 13
77725 23
77726 13
77727 7
77728 20
77729 2
77730 24
77731 5
77732 -5
77733 16
77734 29
77735 7
77736 4
77737 16
77738 1
77739 -7
77740 14
77741 20
77742 22
77743 -10
77744 5
77745 3
77746 13
77747 59
77748 7
77749 18
77750 11
77751 15
77752 21
77753 22
77754 20
77755 22
77756 19
77757 15
77758 14
77759 12
77760 13
77761 41
77762 -10
77763 11
77764 18
77765 6
77766 11
77767 31
77768 3
77769 16
77770 -3
77771 5
77772 15
77773 9
77774 27
77775 9
77776 28
77777 11
77778 14
77779 3
77780 19
77781 9
77782 0
77783 26
77784 -6
77785 11
77786 33
77787 12
77788 7
77789 -5
77790 36
77791 12
77792 14
77793 -2
77794 24
77795 10
77796 0
77797 18
77798 7
77799 9
77800 6
77801 7
77802 16
77803 -1
77804 21
77805 29
77806 15
77807 1
77808 -9
77809 12
77810 4
77811 8
77812 19
77813 12
77814 11
77815 6
77816 14
77817 36
77818 23
77819 55
77820 34
77821 11
77822 18
77823 45
77824 17
77825 -2
77826 34
77827 10
77828 18
77829 1
77830 12
77831 15
77832 3
77833 18
77834 11
77835 20
77836 -1
77837 45
77838 12
77839 3
77840 35
77841 23
77842 13
77843 7
77844 3
77845 2
77846 39
77847 26
77848 6
77849 10
77850 10
77851 27
77852 26
77853 10
77854 6
77855 22
77856 6
77857 39
77858 8
77859 9
77860 12
77861 12
77862 14
77863 52
77864 -4
77865 0
77866 18
77867 -5
77868 19
77869 19
77870 26
77871 29
77872 22
77873 10
77874 15
77875 19
77876 23
77877 68
77878 34
77879 -8
77880 30
77881 6
77882 16
77883 34
77884 29
77885 23
77886 2
77887 1
77888 11
77889 6
77890 7
77891 36
77892 29
77893 6
77894 1
77895 34
77896 27
77897 3
77898 22
77899 35
77900 28
77901 22
77902 15
77903 11
77904 13
77905 15
77906 14
77907 12
77908 -11
77909 0
77910 -4
77911 9
77912 6
77913 9
77914 6
77915 20
77916 38
77917 5
77918 34
77919 8
77920 35
77921 39
77922 2
77923 7
77924 23
77925 38
77926 15
77927 7
77928 11
77929 20
77930 16
77931 15
77932 18
77933 16
77934 33
77935 9
77936 11
77937 14
77938 32
77939 -15
77940 10
77941 26
77942 27
77943 10
77944 2
77945 31
77946 27
77947 20
77948 16
77949 12
77950 17
77951 20
77952 30
77953 25
77954 26
77955 18
77956 11
77957 20
77958 19
77959 97
77960 7
77961 15
77962 14
77963 16
77964 17
77965 -7
77966 11
77967 13
77968 33
77969 10
77970 37
77971 13
77972 42
77973 8
77974 -8
77975 34
77976 13
77977 9
77978 2
77979 21
77980 6
77981 23
77982 11
77983 8
77984 29
77985 22
77986 17
77987 20
77988 19
77989 32
77990 10
77991 4
77992 41
77993 25
77994 26
77995 18
77996 16
77997 10
77998 11
77999 34
78000 11
78001 13
78002 24
78003 13
78004 28
78005 22
78006 12
78007 15
78008 20
78009 21
78010 5
78011 22
78012 29
78013 32
78014 25
78015 13
78016 23
78017 23
78018 17
78019 21
78020 13
78021 22
78022 35
78023 25
78024 15
78025 34
78026 6
78027 15
78028 13
78029 18
78030 38
78031 15
78032 41
78033 2
78034 3
78035 0
78036 5
78037 12
78038 9
78039 11
78040 4
78041 36
78042 6
78043 -1
78044 0
78045 36
78046 6
78047 -6
78048 19
78049 10
78050 27
78051 7
78052 10
78053 -5
78054 -7
78055 20
78056 17
78057 18
78058 12
78059 25
78060 19
78061 19
78062 51
78063 20
78064 17
78065 8
78066 49
78067 27
78068 6
78069 16
78070 7
78071 14
78072 -2
78073 38
78074 20
78075 1
78076 18
78077 26
78078 17
78079 13
78080 16
78081 28
78082 22
78083 20
78084 6
78085 -1
78086 7
78087 20
78088 34
78089 29
78090 19
78091 78
78092 24
78093 8
78094 36
78095 8
78096 11
78097 22
78098 6
78099 9
78100 32
78101 32
78102 29
78103 24
78104 24
78105 1
78106 28
78107 5
78108 5
78109 13
78110 34
78111 16
78112 13
78113 23
78114 14
78115 105
78116 16
78117 5
78118 33
78119 19
78120 22
78121 28
78122 21
78123 28
78124 3
78125 12
78126 23
78127 13
78128 20
78129 18
78130 16
78131 11
78132 18
78133 -6
78134 21
78135 9
78136 9
78137 26
78138 28
78139 21
78140 21
78141 21
78142 17
78143 25
78144 8
78145 16
78146 20
78147 7
78148 -2
78149 12
78150 51
78151 30
78152 29
78153 26
78154 10
78155 7
78156 22
78157 21
78158 53
78159 22
78160 7
78161 17
78162 17
78163 27
78164 30
78165 18
78166 17
78167 12
78168 19
78169 6
78170 -4
78171 17
78172 34
78173 11
78174 11
78175 26
78176 10
78177 16
78178 -5
78179 -4
78180 24
78181 19
78182 -3
78183 46
78184 40
78185 31
78186 20
78187 20
78188 40
78189 28
78190 13
78191 34
78192 -4
78193 5
78194 4
78195 30
78196 50
78197 13
78198 15
78199 1
78200 -7
78201 16
78202 11
78203 10
78204 13
78205 10
78206 11
78207 36
78208 4
78209 1
78210 23
78211 -3
78212 14
78213 6
78214 -15
78215 8
78216 27
78217 24
78218 9
78219 6
78220 5
78221 6
78222 22
78223 13
78224 14
78225 68
78226 2
78227 34
78228 21
78229 18
78230 2
78231 0
78232 4
78233 3
78234 7
78235 10
78236 9
78237 16
78238 15
78239 16
78240 1
78241 10
78242 -2
78243 17
78244 3
78245 8
78246 34
78247 17
78248 17
78249 14
78250 19
78251 41
78252 26
78253 0
78254 17
78255 7
78256 10
78257 9
78258 6
78259 10
78260 1
78261 10
78262 -17
78263 22
78264 -8
78265 31
78266 8
78267 19
78268 8
78269 12
78270 19
78271 -5
78272 4
78273 18
78274 21
78275 32
78276 48
78277 86
78278 62
78279 6
78280 13
78281 21
78282 13
78283 28
78284 16
78285 18
78286 5
78287 23
78288 50
78289 50
78290 26
78291 -7
78292 10
78293 9
78294 2
78295 8
78296 34
78297 20
78298 5
78299 30
78300 6
78301 16
78302 -3
78303 11
78304 13
78305 21
78306 24
78307 13
78308 19
78309 29
78310 9
78311 2
78312 16
78313 9
78314 20
78315 26
78316 1
78317 7
78318 -3
78319 22
78320 40
78321 28
78322 44
78323 15
78324 8
78325 35
78326 22
78327 5
78328 10
78329 6
78330 5
78331 -5
78332 12
78333 13
78334 7
78335 5
78336 49
78337 30
78338 -2
78339 0
78340 28
78341 12
78342 29
78343 3
78344 13
78345 21
78346 8
78347 8
78348 23
78349 31
78350 15
78351 32
78352 18
78353 21
78354 3
78355 10
78356 7
78357 4
78358 0
78359 26
78360 48
78361 31
78362 27
78363 34
78364 33
78365 27
78366 -5
78367 16
78368 41
78369 14
78370 12
78371 37
78372 18
78373 23
78374 6
78375 15
78376 20
78377 17
78378 12
78379 30
78380 11
78381 20
78382 17
78383 30
78384 22
78385 17
78386 21
78387 10
78388 20
78389 13
78390 28
78391 14
78392 28
78393 -7
78394 4
78395 25
78396 -5
78397 -12
78398 27
78399 17
78400 7
78401 13
78402 113
78403 30
78404 11
78405 -8
78406 16
78407 11
78408 19
78409 15
78410 24
78411 21
78412 6
78413 12
78414 31
78415 25
78416 18
78417 6
78418 21
78419 17
78420 42
78421 31
78422 9
78423 -5
78424 27
78425 22
78426 17
78427 40
78428 4
78429 24
78430 16
78431 26
78432 8
78433 20
78434 6
78435 0
78436 7
78437 9
78438 -9
78439 12
78440 37
78441 -3
78442 10
78443 19
78444 15
78445 -1
78446 10
78447 20
78448 15
78449 19
78450 13
78451 4
78452 10
78453 37
78454 32
78455 12
78456 1
78457 8
78458 10
78459 18
78460 15
78461 15
78462 45
78463 0
78464 31
78465 15
78466 14
78467 10
78468 46
78469 -4
78470 69
78471 33
78472 3
78473 28
78474 8
78475 16
78476 16
78477 9
78478 25
78479 18
78480 14
78481 31
78482 2
78483 17
78484 33
78485 -3
78486 2
78487 12
78488 13
78489 9
78490 25
78491 9
78492 4
78493 -5
78494 15
78495 22
78496 2
78497 38
78498 -3
78499 1
78500 9
78501 24
78502 31
78503 21
78504 26
78505 26
78506 11
78507 14
78508 5
78509 13
78510 18
78511 22
78512 22
78513 11
78514 29
78515 25
78516 14
78517 40
78518 14
78519 11
78520 20
78521 16
78522 27
78523 5
78524 8
78525 32
78526 13
78527 1
78528 18
78529 15
78530 19
78531 37
78532 26
78533 6
78534 19
78535 23
78536 7
78537 0
78538 9
78539 12
78540 3
78541 14
78542 22
78543 -6
78544 1
78545 14
78546 23
78547 25
78548 18
78549 20
78550 16
78551 15
78552 14
78553 11
78554 33
78555 -4
78556 10
78557 8
78558 18
78559 -6
78560 19
78561 14
78562 18
78563 29
78564 11
78565 2
78566 19
78567 7
78568 37
78569 15
78570 19
78571 7
78572 24
78573 13
78574 23
78575 1
78576 -1
78577 1
78578 24
78579 13
78580 28
78581 15
78582 4
78583 32
78584 -4
78585 10
78586 4
78587 24
78588 1
78589 -3
78590 7
78591 31
78592 19
78593 14
78594 21
78595 39
78596 17
78597 18
78598 -4
78599 16
78600 26
78601 16
78602 32
78603 19
78604 20
78605 -5
78606 18
78607 28
78608 19
78609 16
78610 12
78611 21
78612 -1
78613 36
78614 1
78615 28
78616 24
78617 1
78618 48
78619 28
78620 15
78621 7
78622 19
78623 7
78624 -1
78625 7
78626 -9
78627 44
78628 22
78629 10
78630 16
78631 34
78632 18
78633 9
78634 11
78635 12
78636 4
78637 2
78638 -5
78639 3
78640 13
78641 30
78642 28
78643 14
78644 34
78645 36
78646 19
78647 10
78648 26
78649 28
78650 0
78651 12
78652 69
78653 4
78654 20
78655 7
78656 30
78657 8
78658 17
78659 7
78660 5
78661 6
78662 11
78663 19
78664 11
78665 24
78666 23
78667 9
78668 8
78669 14
78670 13
78671 0
78672 37
78673 27
78674 27
78675 6
78676 0
78677 32
78678 15
78679 15
78680 37
78681 7
78682 27
78683 37
78684 7
78685 10
78686 37
78687 -3
78688 11
78689 4
78690 24
78691 25
78692 19
78693 19
78694 11
78695 9
78696 -1
78697 12
78698 20
78699 18
78700 10
78701 22
78702 20
78703 -11
78704 23
78705 56
78706 8
78707 10
78708 26
78709 9
78710 32
78711 31
78712 17
78713 0
78714 0
78715 21
78716 22
78717 30
78718 11
78719 18
78720 14
78721 -15
78722 13
78723 7
78724 8
78725 -13
78726 8
78727 25
78728 13
78729 34
78730 5
78731 27
78732 16
78733 21
78734 21
78735 7
78736 15
78737 9
78738 23
78739 6
78740 39
78741 4
78742 34
78743 16
78744 26
78745 12
78746 -18
78747 16
78748 6
78749 -1
78750 24
78751 9
78752 -8
78753 2
78754 24
78755 7
78756 19
78757 16
78758 11
78759 17
78760 25
78761 24
78762 9
78763 8
78764 5
78765 4
78766 34
78767 39
78768 10
78769 23
78770 18
78771 16
78772 11
78773 4
78774 11
78775 16
78776 46
78777 -4
78778 25
78779 17
78780 -6
78781 30
78782 10
78783 1
78784 30
78785 22
78786 13
78787 25
78788 13
78789 5
78790 5
78791 44
78792 10
78793 17
78794 17
78795 44
78796 -4
78797 25
78798 17
78799 2
78800 19
78801 20
78802 15
78803 15
78804 17
78805 12
78806 -11
78807 66
78808 6
78809 18
78810 20
78811 23
78812 12
78813 14
78814 30
78815 28
78816 20
78817 0
78818 24
78819 34
78820 27
78821 30
78822 32
78823 5
78824 9
78825 12
78826 20
78827 3
78828 26
78829 19
78830 13
78831 25
78832 15
78833 31
78834 5
78835 19
78836 10
78837 36
78838 16
78839 3
78840 23
78841 5
78842 -3
78843 45
78844 34
78845 14
78846 29
78847 11
78848 24
78849 38
78850 19
78851 12
78852 10
78853 12
78854 12
78855 23
78856 12
78857 11
78858 14
78859 22
78860 11
78861 36
78862 40
78863 1
78864 20
78865 28
78866 0
78867 44
78868 21
78869 27
78870 36
78871 8
78872 25
78873 3
78874 10
78875 8
78876 37
78877 12
78878 4
78879 20
78880 27
78881 7
78882 28
78883 15
78884 22
78885 1
78886 36
78887 12
78888 20
78889 11
78890 13
78891 27
78892 21
78893 33
78894 -3
78895 15
78896 -2
78897 25
78898 15
78899 6
78900 9
78901 12
78902 28
78903 27
78904 -10
78905 25
78906 18
78907 19
78908 22
78909 7
78910 9
78911 32
78912 10
78913 8
78914 -7
78915 10
78916 29
78917 22
78918 12
78919 29
78920 8
78921 13
78922 8
78923 1
78924 14
78925 22
78926 22
78927 5
78928 17
78929 13
78930 6
78931 14
78932 10
78933 14
78934 23
78935 21
78936 6
78937 23
78938 26
78939 30
78940 14
78941 28
78942 27
78943 17
78944 -3
78945 0
78946 27
78947 16
78948 -8
78949 14
78950 9
78951 16
78952 20
78953 21
78954 2
78955 13
78956 -2
78957 16
78958 13
78959 21
78960 4
78961 8
78962 11
78963 26
78964 17
78965 2
78966 18
78967 44
78968 23
78969 22
78970 -1
78971 4
78972 15
78973 33
78974 12
78975 13
78976 1
78977 23
78978 -8
78979 -10
78980 20
78981 7
78982 10
78983 43
78984 10
78985 13
78986 22
78987 23
78988 20
78989 16
78990 2
78991 33
78992 18
78993 10
78994 11
78995 3
78996 -5
78997 20
78998 -1
78999 23
79000 4
79001 6
79002 31
79003 19
79004 9
79005 9
79006 16
79007 30
79008 27
79009 32
79010 -6
79011 16
79012 11
79013 51
79014 15
79015 20
79016 10
79017 -3
79018 25
79019 3
79020 8
79021 -2
79022 19
79023 8
79024 15
79025 8
79026 8
79027 22
79028 11
79029 11
79030 -1
79031 23
79032 10
79033 -6
79034 -5
79035 37
79036 18
79037 12
79038 13
79039 10
79040 6
79041 10
79042 12
79043 15
79044 18
79045 4
79046 4
79047 5
79048 -7
79049 9
79050 30
79051 9
79052 17
79053 32
79054 19
79055 32
79056 22
79057 15
79058 0
79059 15
79060 39
79061 0
79062 17
79063 21
79064 35
79065 20
79066 34
79067 7
79068 0
79069 10
79070 43
79071 16
79072 35
79073 15
79074 7
79075 24
79076 26
79077 9
79078 15
79079 4
79080 17
79081 38
79082 8
79083 -1
79084 6
79085 30
79086 11
79087 26
79088 8
79089 -7
79090 15
79091 25
79092 15
79093 19
79094 4
79095 -2
79096 33
79097 12
79098 40
79099 55
79100 4
79101 6
79102 20
79103 3
79104 5
79105 9
79106 28
79107 27
79108 -4
79109 19
79110 7
79111 12
79112 14
79113 8
79114 47
79115 19
79116 21
79117 3
79118 7
79119 25
79120 8
79121 -10
79122 21
79123 1
79124 35
79125 17
79126 28
79127 26
79128 23
79129 10
79130 0
79131 15
79132 12
79133 13
79134 -3
79135 9
79136 13
79137 15
79138 16
79139 22
79140 1
79141 11
79142 9
79143 46
79144 13
79145 16
79146 8
79147 24
79148 22
79149 25
79150 -7
79151 1
79152 7
79153 7
79154 31
79155 25
79156 28
79157 15
79158 8
79159 34
79160 2
79161 10
79162 6
79163 31
79164 19
79165 4
79166 15
79167 4
79168 -13
79169 6
79170 18
79171 -2
79172 20
79173 -1
79174 18
79175 13
79176 13
79177 10
79178 33
79179 25
79180 16
79181 23
79182 11
79183 19
79184 1
79185 15
79186 7
79187 22
79188 9
79189 15
79190 28
79191 12
79192 23
79193 8
79194 12
79195 36
79196 21
79197 45
79198 16
79199 10
79200 33
79201 11
79202 18
79203 27
79204 26
79205 12
79206 44
79207 24
79208 57
79209 14
79210 5
79211 9
79212 45
79213 20
79214 6
79215 25
79216 11
79217 17
79218 15
79219 10
79220 10
79221 16
79222 17
79223 28
79224 21
79225 -13
79226 1
79227 9
79228 17
79229 12
79230 5
79231 13
79232 7
79233 14
79234 7
79235 12
79236 21
79237 27
79238 12
79239 -2
79240 23
79241 15
79242 19
79243 3
79244 -4
79245 14
79246 41
79247 19
79248 6
79249 13
79250 5
79251 -5
79252 31
79253 38
79254 16
79255 17
79256 3
79257 14
79258 18
79259 21
79260 12
79261 5
79262 20
79263 26
79264 15
79265 1
79266 -3
79267 15
79268 20
79269 -3
79270 10
79271 12
79272 17
79273 6
79274 11
79275 19
79276 20
79277 0
79278 17
79279 23
79280 20
79281 3
79282 12
79283 28
79284 9
79285 1
79286 13
79287 30
79288 5
79289 14
79290 -2
79291 12
79292 19
79293 20
79294 5
79295 24
79296 25
79297 38
79298 40
79299 5
79300 -11
79301 -1
79302 27
79303 11
79304 23
79305 16
79306 85
79307 10
79308 19
79309 30
79310 12
79311 29
79312 10
79313 6
79314 3
79315 3
79316 -10
79317 18
79318 10
79319 10
79320 -8
79321 24
79322 6
79323 19
79324 23
79325 2
79326 23
79327 36
79328 14
79329 15
79330 27
79331 10
79332 26
79333 -4
79334 39
79335 19
79336 24
79337 1
79338 28
79339 5
79340 22
79341 13
79342 -1
79343 22
79344 17
79345 9
79346 6
79347 35
79348 5
79349 35
79350 23
79351 16
79352 28
79353 -5
79354 17
79355 13
79356 14
79357 7
79358 6
79359 11
79360 8
79361 26
79362 6
79363 3
79364 28
79365 21
79366 43
79367 24
79368 19
79369 18
79370 16
79371 23
79372 10
79373 16
79374 10
79375 18
79376 10
79377 34
79378 35
79379 8
79380 38
79381 22
79382 8
79383 15
79384 4
79385 -1
79386 -6
79387 5
79388 14
79389 2
79390 36
79391 14
79392 5
79393 11
79394 12
79395 7
79396 14
79397 31
79398 7
79399 29
79400 14
79401 26
79402 18
79403 38
79404 12
79405 21
79406 29
79407 -7
79408 5
79409 15
79410 38
79411 5
79412 -9
79413 17
79414 1
79415 32
79416 8
79417 7
79418 16
79419 27
79420 21
79421 7
79422 2
79423 20
79424 14
79425 17
79426 -9
79427 14
79428 8
79429 -8
79430 10
79431 23
79432 4
79433 5
79434 17
79435 -3
79436 5
79437 5
79438 16
79439 17
79440 -2
79441 35
79442 6
79443 17
79444 23
79445 26
79446 41
79447 2
79448 42
79449 27
79450 4
79451 17
79452 19
79453 7
79454 20
79455 22
79456 0
79457 20
79458 10
79459 -3
79460 6
79461 -6
79462 13
79463 18
79464 32
79465 15
79466 21
79467 49
79468 9
79469 16
79470 14
79471 19
79472 22
79473 28
79474 22
79475 27
79476 17
79477 14
79478 39
79479 3
79480 1
79481 12
79482 23
79483 22
79484 0
79485 -7
79486 -1
79487 27
79488 -8
79489 0
79490 -3
79491 0
79492 22
79493 22
79494 14
79495 9
79496 -13
79497 8
79498 -17
79499 9
79500 92
79501 1
79502 -1
79503 -18
79504 12
79505 36
79506 10
79507 34
79508 -6
79509 11
79510 1
79511 22
79512 10
79513 9
79514 -7
79515 28
79516 26
79517 13
79518 3
79519 51
79520 8
79521 20
79522 -4
79523 15
79524 3
79525 11
79526 4
79527 27
79528 10
79529 7
79530 25
79531 35
79532 3
79533 5
79534 12
79535 33
79536 5
79537 18
79538 7
79539 22
79540 10
79541 17
79542 4
79543 26
79544 14
79545 12
79546 -11
79547 31
79548 7
79549 31
79550 19
79551 15
79552 11
79553 2
79554 3
79555 10
79556 19
79557 17
79558 7
79559 22
79560 30
79561 22
79562 15
79563 11
79564 16
79565 15
79566 7
79567 34
79568 13
79569 34
79570 26
79571 16
79572 22
79573 37
79574 10
79575 -1
79576 24
79577 17
79578 23
79579 25
79580 23
79581 7
79582 21
79583 14
79584 33
79585 -5
79586 24
79587 1
79588 13
79589 9
79590 32
79591 10
79592 11
79593 9
79594 6
79595 31
79596 13
79597 21
79598 0
79599 19
79600 18
79601 7
79602 24
79603 13
79604 14
79605 12
79606 1
79607 22
79608 16
79609 30
79610 -6
79611 10
79612 21
79613 11
79614 4
79615 11
79616 59
79617 10
79618 7
79619 -4
79620 4
79621 21
79622 17
79623 30
79624 -1
79625 1
79626 28
79627 22
79628 30
79629 18
79630 6
79631 16
79632 9
79633 6
79634 26
79635 49
79636 -7
79637 24
79638 7
79639 47
79640 16
79641 -13
79642 28
79643 33
79644 4
79645 32
79646 25
79647 16
79648 9
79649 14
79650 20
79651 23
79652 16
79653 6
79654 11
79655 14
79656 15
79657 -5
79658 20
79659 17
79660 0
79661 18
79662 13
79663 19
79664 20
79665 -2
79666 2
79667 -5
79668 0
79669 11
79670 19
79671 38
79672 13
79673 23
79674 17
79675 37
79676 56
79677 21
79678 32
79679 18
79680 -1
79681 -9
79682 7
79683 43
79684 -1
79685 46
79686 11
79687 7
79688 16
79689 16
79690 3
79691 8
79692 19
79693 11
79694 24
79695 25
79696 13
79697 24
79698 -9
79699 7
79700 16
79701 -2
79702 4
79703 23
79704 -8
79705 16
79706 16
79707 13
79708 22
79709 14
79710 9
79711 2
79712 20
79713 14
79714 7
79715 12
79716 27
79717 20
79718 7
79719 10
79720 12
79721 33
79722 16
79723 26
79724 8
79725 13
79726 13
79727 13
79728 9
79729 -24
79730 3
79731 -3
79732 6
79733 7
79734 22
79735 1
79736 23
79737 11
79738 5
79739 23
79740 25
79741 19
79742 18
79743 14
79744 34
79745 22
79746 33
79747 27
79748 3
79749 12
79750 26
79751 11
79752 20
79753 -5
79754 20
79755 13
79756 1
79757 22
79758 1
79759 17
79760 22
79761 -7
79762 21
79763 7
79764 19
79765 -2
79766 -3
79767 -9
79768 5
79769 17
79770 7
79771 12
79772 29
79773 2
79774 9
79775 25
79776 31
79777 39
79778 42
79779 7
79780 21
79781 11
79782 31
79783 39
79784 7
79785 13
79786 3
79787 38
79788 14
79789 -11
79790 3
79791 -14
79792 9
79793 17
79794 27
79795 21
79796 36
79797 49
79798 -7
79799 10
79800 25
79801 4
79802 25
79803 7
79804 15
79805 11
79806 35
79807 -1
79808 14
79809 16
79810 17
79811 24
79812 -4
79813 19
79814 1
79815 10
79816 2
79817 -8
79818 59
79819 11
79820 12
79821 29
79822 32
79823 9
79824 12
79825 23
79826 13
79827 5
79828 13
79829 19
79830 13
79831 9
79832 12
79833 7
79834 1
79835 7
79836 9
79837 28
79838 2
79839 10
79840 20
79841 15
79842 47
79843 20
79844 -11
79845 5
79846 30
79847 18
79848 31
79849 5
79850 5
79851 -8
79852 10
79853 7
79854 16
79855 14
79856 4
79857 16
79858 10
79859 11
79860 15
79861 4
79862 1
79863 15
79864 20
79865 19
79866 6
79867 18
79868 12
79869 2
79870 29
79871 5
79872 20
79873 15
79874 -6
79875 25
79876 -23
79877 27
79878 20
79879 26
79880 18
79881 8
79882 -10
79883 10
79884 30
79885 25
79886 24
79887 16
79888 0
79889 7
79890 10
79891 5
79892 13
79893 -7
79894 -19
79895 15
79896 14
79897 6
79898 0
79899 2
79900 10
79901 16
79902 7
79903 28
79904 12
79905 18
79906 26
79907 7
79908 13
79909 14
79910 3
79911 15
79912 21
79913 15
79914 7
79915 11
79916 73
79917 29
79918 18
79919 27
79920 21
79921 -2
79922 5
79923 27
79924 13
79925 15
79926 5
79927 31
79928 10
79929 19
79930 12
79931 0
79932 5
79933 59
79934 17
79935 21
79936 19
79937 11
79938 22
79939 17
79940 30
79941 -8
79942 13
79943 23
79944 13
79945 -1
79946 19
79947 10
79948 14
79949 -9
79950 7
79951 13
79952 31
79953 8
79954 47
79955 40
79956 8
79957 -5
79958 -5
79959 8
79960 12
79961 1
79962 26
79963 14
79964 -12
79965 0
79966 5
79967 12
79968 16
79969 5
79970 2
79971 1
79972 21
79973 38
79974 21
79975 8
79976 14
79977 41
79978 16
79979 23
79980 14
79981 27
79982 13
79983 15
79984 9
79985 -3
79986 11
79987 21
79988 17
79989 18
79990 12
79991 7
79992 5
79993 -3
79994 9
79995 13
79996 21
79997 22
79998 -4
79999 20
80000 20
80001 35
80002 34
80003 9
80004 10
80005 -3
80006 11
80007 15
80008 36
80009 21
80010 16
80011 -9
80012 12
80013 15
80014 17
80015 9
80016 0
80017 15
80018 20
80019 20
80020 8
80021 14
80022 28
80023 11
80024 33
80025 17
80026 26
80027 8
80028 14
80029 27
80030 21
80031 -4
80032 10
80033 27
80034 25
80035 9
80036 38
80037 18
80038 20
80039 8
80040 19
80041 7
80042 4
80043 -2
80044 26
80045 -1
80046 24
80047 -1
80048 40
80049 11
80050 6
80051 12
80052 24
80053 20
80054 -1
80055 27
80056 2
80057 11
80058 27
80059 13
80060 17
80061 26
80062 20
80063 12
80064 -20
80065 21
80066 7
80067 30
80068 17
80069 19
80070 79
80071 29
80072 3
80073 7
80074 2
80075 6
80076 1
80077 14
80078 21
80079 43
80080 3
80081 27
80082 8
80083 20
80084 9
80085 -5
80086 42
80087 2
80088 6
80089 3
80090 54
80091 19
80092 16
80093 22
80094 23
80095 11
80096 1
80097 19
80098 14
80099 1
80100 43
80101 9
80102 9
80103 19
80104 7
80105 20
80106 -2
80107 5
80108 17
80109 4
80110 52
80111 34
80112 -7
80113 61
80114 39
80115 22
80116 20
80117 23
80118 0
80119 7
80120 -4
80121 -4
80122 -1
80123 18
80124 9
80125 8
80126 20
80127 -5
80128 83
80129 25
80130 6
80131 10
80132 9
80133 6
80134 9
80135 1
80136 31
80137 5
80138 5
80139 11
80140 3
80141 17
80142 18
80143 12
80144 29
80145 -6
80146 15
80147 7
80148 3
80149 19
80150 1
80151 11
80152 5
80153 6
80154 29
80155 3
80156 4
80157 68
80158 26
80159 3
80160 32
80161 13
80162 20
80163 18
80164 35
80165 10
80166 44
80167 13
80168 -5
80169 -7
80170 17
80171 22
80172 24
80173 19
80174 35
80175 31
80176 -2
80177 -1
80178 23
80179 2
80180 1
80181 28
80182 27
80183 17
80184 -7
80185 3
80186 33
80187 29
80188 37
80189 15
80190 -5
80191 12
80192 11
80193 25
80194 23
80195 23
80196 14
80197 -6
80198 46
80199 23
80200 8
80201 10
80202 13
80203 34
80204 15
80205 22
80206 -16
80207 25
80208 9
80209 13
80210 13
80211 7
80212 1
80213 13
80214 17
80215 2
80216 24
80217 12
80218 43
80219 6
80220 40
80221 20
80222 2
80223 -10
80224 5
80225 28
80226 30
80227 21
80228 -8
80229 19
80230 4
80231 14
80232 24
80233 26
80234 30
80235 12
80236 23
80237 19
80238 5
80239 2
80240 34
80241 19
80242 29
80243 12
80244 9
80245 24
80246 20
80247 48
80248 8
80249 29
80250 15
80251 1
80252 10
80253 -3
80254 20
80255 22
80256 15
80257 -9
80258 11
80259 1
80260 30
80261 19
80262 20
80263 41
80264 45
80265 14
80266 21
80267 23
80268 22
80269 6
80270 15
80271 34
80272 13
80273 23
80274 13
80275 7
80276 1
80277 12
80278 16
80279 17
80280 36
80281 3
80282 27
80283 10
80284 -2
80285 1
80286 15
80287 18
80288 27
80289 24
80290 17
80291 11
80292 3
80293 14
80294 7
80295 19
80296 29
80297 10
80298 -8
80299 24
80300 7
80301 7
80302 26
80303 0
80304 16
80305 28
80306 13
80307 9
80308 18
80309 4
80310 23
80311 25
80312 21
80313 13
80314 0
80315 0
80316 13
80317 2
80318 -15
80319 31
80320 27
80321 26
80322 15
80323 15
80324 7
80325 15
80326 25
80327 -7
80328 9
80329 26
80330 2
80331 16
80332 16
80333 38
80334 10
80335 10
80336 13
80337 15
80338 12
80339 9
80340 20
80341 28
80342 6
80343 22
80344 25
80345 9
80346 51
80347 24
80348 11
80349 9
80350 8
80351 9
80352 -4
80353 19
80354 16
80355 8
80356 15
80357 29
80358 19
80359 -1
80360 -3
80361 3
80362 17
80363 11
80364 22
80365 5
80366 8
80367 -2
80368 11
80369 57
80370 5
80371 18
80372 8
80373 19
80374 22
80375 41
80376 7
80377 11
80378 13
80379 9
80380 -4
80381 13
80382 25
80383 0
80384 22
80385 10
80386 24
80387 7
80388 7
80389 30
80390 7
80391 24
80392 30
80393 13
80394 7
80395 19
80396 5
80397 22
80398 13
80399 3
80400 9
80401 15
80402 3
80403 19
80404 -5
80405 -1
80406 12
80407 3
80408 9
80409 45
80410 13
80411 28
80412 13
80413 10
80414 10
80415 13
80416 13
80417 15
80418 1
80419 5
80420 8
80421 4
80422 -6
80423 9
80424 11
80425 1
80426 4
80427 -5
80428 2
80429 4
80430 9
80431 16
80432 20
80433 59
80434 12
80435 -10
80436 15
80437 14
80438 18
80439 15
80440 8
80441 24
80442 3
80443 22
80444 -5
80445 22
80446 6
80447 17
80448 24
80449 -9
80450 19
80451 21
80452 10
80453 11
80454 28
80455 10
80456 20
80457 10
80458 17
80459 8
80460 30
80461 3
80462 8
80463 14
80464 33
80465 8
80466 6
80467 8
80468 13
80469 27
80470 5
80471 7
80472 0
80473 10
80474 16
80475 6
80476 19
80477 19
80478 8
80479 9
80480 17
80481 23
80482 66
80483 14
80484 20
80485 1
80486 0
80487 15
80488 16
80489 5
80490 4
80491 5
80492 32
80493 14
80494 24
80495 4
80496 19
80497 4
80498 25
80499 -2
80500 9
80501 -9
80502 -7
80503 38
80504 16
80505 32
80506 4
80507 10
80508 16
80509 26
80510 8
80511 7
80512 38
80513 22
80514 9
80515 0
80516 0
80517 22
80518 2
80519 26
80520 32
80521 29
80522 31
80523 50
80524 13
80525 12
80526 -3
80527 10
80528 37
80529 16
80530 6
80531 17
80532 16
80533 41
80534 19
80535 24
80536 0
80537 15
80538 4
80539 19
80540 64
80541 34
80542 5
80543 31
80544 28
80545 44
80546 21
80547 27
80548 3
80549 -4
80550 8
80551 15
80552 23
80553 14
80554 6
80555 30
80556 4
80557 15
80558 15
80559 19
80560 11
80561 40
80562 4
80563 -27
80564 7
80565 22
80566 31
80567 10
80568 7
80569 2
80570 18
80571 7
80572 38
80573 7
80574 16
80575 19
80576 14
80577 24
80578 15
80579 64
80580 29
80581 10
80582 22
80583 4
80584 21
80585 30
80586 19
80587 29
80588 10
80589 2
80590 11
80591 23
80592 15
80593 15
80594 1
80595 9
80596 9
80597 7
80598 4
80599 7
80600 18
80601 13
80602 -1
80603 9
80604 -3
80605 14
80606 16
80607 6
80608 6
80609 8
80610 17
80611 19
80612 40
80613 21
80614 5
80615 12
80616 0
80617 8
80618 -15
80619 10
80620 33
80621 13
80622 14
80623 2
80624 20
80625 35
80626 18
80627 24
80628 1
80629 17
80630 1
80631 67
80632 22
80633 23
80634 12
80635 34
80636 26
80637 23
80638 26
80639 20
80640 15
80641 9
80642 1
80643 7
80644 -4
80645 16
80646 9
80647 13
80648 17
80649 26
80650 4
80651 24
80652 20
80653 5
80654 32
80655 36
80656 14
80657 62
80658 17
80659 27
80660 25
80661 -2
80662 14
80663 0
80664 3
80665 20
80666 21
80667 18
80668 11
80669 22
80670 17
80671 15
80672 0
80673 39
80674 -15
80675 17
80676 -8
80677 13
80678 11
80679 17
80680 20
80681 18
80682 9
80683 10
80684 26
80685 64
80686 17
80687 0
80688 8
80689 7
80690 11
80691 8
80692 13
80693 2
80694 7
80695 12
80696 29
80697 -5
80698 12
80699 9
80700 21
80701 11
80702 21
80703 35
80704 23
80705 17
80706 -7
80707 5
80708 20
80709 19
80710 16
80711 21
80712 1
80713 18
80714 19
80715 11
80716 19
80717 3
80718 15
80719 10
80720 17
80721 7
80722 11
80723 11
80724 32
80725 22
80726 15
80727 -15
80728 0
80729 4
80730 20
80731 -9
80732 30
80733 20
80734 15
80735 62
80736 7
80737 19
80738 25
80739 22
80740 25
80741 59
80742 12
80743 2
80744 5
80745 21
80746 18
80747 7
80748 21
80749 14
80750 2
80751 13
80752 19
80753 30
80754 10
80755 18
80756 8
80757 23
80758 10
80759 45
80760 19
80761 19
80762 24
80763 16
80764 -9
80765 12
80766 31
80767 8
80768 62
80769 23
80770 5
80771 7
80772 19
80773 -4
80774 5
80775 22
80776 5
80777 1
80778 16
80779 14
80780 -2
80781 40
80782 20
80783 13
80784 12
80785 23
80786 -5
80787 -1
80788 25
80789 7
80790 44
80791 11
80792 40
80793 -2
80794 18
80795 19
80796 24
80797 23
80798 10
80799 17
80800 9
80801 -6
80802 24
80803 3
80804 11
80805 19
80806 35
80807 5
80808 -3
80809 11
80810 7
80811 -9
80812 9
80813 9
80814 2
80815 23
80816 10
80817 12
80818 9
80819 16
80820 10
80821 14
80822 30
80823 14
80824 -8
80825 3
80826 25
80827 26
80828 25
80829 25
80830 10
80831 17
80832 12
80833 18
80834 2
80835 5
80836 -2
80837 -3
80838 14
80839 12
80840 14
80841 16
80842 19
80843 7
80844 8
80845 11
80846 13
80847 6
80848 33
80849 2
80850 22
80851 21
80852 30
80853 19
80854 15
80855 15
80856 20
80857 26
80858 30
80859 11
80860 20
80861 9
80862 3
80863 14
80864 16
80865 -3
80866 13
80867 2
80868 25
80869 13
80870 -15
80871 4
80872 18
80873 -10
80874 21
80875 13
80876 9
80877 8
80878 12
80879 3
80880 25
80881 22
80882 26
80883 9
80884 22
80885 10
80886 -10
80887 11
80888 27
80889 4
80890 5
80891 25
80892 0
80893 10
80894 13
80895 10
80896 49
80897 1
80898 2
80899 8
80900 -1
80901 3
80902 11
80903 3
80904 27
80905 5
80906 6
80907 27
80908 15
80909 2
80910 -9
80911 19
80912 68
80913 34
80914 37
80915 4
80916 24
80917 11
80918 1
80919 12
80920 30
80921 4
80922 6
80923 14
80924 31
80925 13
80926 3
80927 6
80928 13
80929 -5
80930 22
80931 9
80932 16
80933 -12
80934 3
80935 19
80936 24
80937 3
80938 7
80939 12
80940 6
80941 32
80942 27
80943 9
80944 11
80945 21
80946 13
80947 25
80948 -4
80949 15
80950 20
80951 6
80952 4
80953 10
80954 2
80955 10
80956 8
80957 -2
80958 7
80959 -3
80960 7
80961 4
80962 9
80963 -2
80964 19
80965 18
80966 -16
80967 0
80968 30
80969 12
80970 19
80971 5
80972 10
80973 3
80974 12
80975 22
80976 7
80977 1
80978 27
80979 7
80980 13
80981 27
80982 55
80983 4
80984 29
80985 19
80986 8
80987 13
80988 10
80989 16
80990 22
80991 -16
80992 -3
80993 8
80994 6
80995 40
80996 29
80997 50
80998 21
80999 9
81000 9
81001 7
81002 0
81003 18
81004 9
81005 17
81006 23
81007 33
81008 15
81009 25
81010 26
81011 5
81012 16
81013 5
81014 29
81015 -2
81016 11
81017 1
81018 14
81019 8
81020 4
81021 15
81022 2
81023 5
81024 6
81025 20
81026 7
81027 29
81028 10
81029 16
81030 11
81031 9
81032 15
81033 5
81034 18
81035 15
81036 15
81037 11
81038 20
81039 8
81040 21
81041 7
81042 13
81043 -4
81044 24
81045 -2
81046 3
81047 -1
81048 6
81049 24
81050 14
81051 2
81052 28
81053 9
81054 17
81055 11
81056 17
81057 18
81058 11
81059 10
81060 18
81061 12
81062 -4
81063 14
81064 8
81065 43
81066 13
81067 28
81068 59
81069 35
81070 24
81071 32
81072 12
81073 18
81074 13
81075 11
81076 6
81077 -1
81078 9
81079 3
81080 10
81081 22
81082 13
81083 18
81084 25
81085 15
81086 15
81087 24
81088 23
81089 0
81090 -2
81091 24
81092 17
81093 -1
81094 2
81095 -7
81096 13
81097 11
81098 -2
81099 -4
81100 5
81101 6
81102 21
81103 5
81104 9
81105 20
81106 18
81107 15
81108 -30
81109 15
81110 6
81111 4
81112 13
81113 20
81114 13
81115 10
81116 21
81117 -4
81118 42
81119 25
81120 18
81121 6
81122 34
81123 22
81124 24
81125 6
81126 7
81127 9
81128 18
81129 12
81130 16
81131 18
81132 20
81133 -9
81134 28
81135 12
81136 19
81137 16
81138 15
81139 40
81140 15
81141 14
81142 5
81143 3
81144 15
81145 16
81146 5
81147 8
81148 24
81149 46
81150 -3
81151 22
81152 40
81153 10
81154 -1
81155 26
81156 15
81157 12
81158 -5
81159 23
81160 14
81161 23
81162 23
81163 14
81164 8
81165 15
81166 12
81167 18
81168 38
81169 -4
81170 24
81171 5
81172 5
81173 22
81174 31
81175 44
81176 19
81177 33
81178 27
81179 37
81180 9
81181 16
81182 61
81183 28
81184 14
81185 13
81186 28
81187 12
81188 12
81189 25
81190 24
81191 21
81192 2
81193 -7
81194 20
81195 14
81196 -14
81197 14
81198 27
81199 20
81200 4
81201 33
81202 7
81203 13
81204 9
81205 -4
81206 17
81207 10
81208 24
81209 -4
81210 38
81211 5
81212 11
81213 6
81214 10
81215 3
81216 4
81217 23
81218 38
81219 11
81220 18
81221 -16
81222 27
81223 19
81224 35
81225 15
81226 17
81227 47
81228 23
81229 12
81230 17
81231 5
81232 34
81233 7
81234 15
81235 6
81236 30
81237 13
81238 8
81239 15
81240 17
81241 4
81242 4
81243 23
81244 5
81245 18
81246 5
81247 24
81248 11
81249 25
81250 32
81251 30
81252 14
81253 10
81254 -12
81255 14
81256 31
81257 31
81258 12
81259 10
81260 4
81261 17
81262 14
81263 13
81264 16
81265 13
81266 35
81267 7
81268 22
81269 19
81270 30
81271 31
81272 25
81273 7
81274 18
81275 5
81276 22
81277 34
81278 11
81279 22
81280 12
81281 -6
81282 4
81283 7
81284 16
81285 3
81286 24
81287 15
81288 9
81289 18
81290 10
81291 17
81292 19
81293 17
81294 4
81295 -3
81296 17
81297 -4
81298 18
81299 18
81300 15
81301 23
81302 45
81303 14
81304 22
81305 10
81306 9
81307 22
81308 21
81309 11
81310 0
81311 -6
81312 35
81313 30
81314 11
81315 19
81316 5
81317 0
81318 14
81319 20
81320 7
81321 16
81322 -1
81323 2
81324 13
81325 28
81326 13
81327 18
81328 44
81329 18
81330 27
81331 13
81332 12
81333 32
81334 -2
81335 16
81336 5
81337 28
81338 18
81339 23
81340 15
81341 7
81342 11
81343 8
81344 10
81345 0
81346 21
81347 -11
81348 22
81349 18
81350 21
81351 5
81352 20
81353 3
81354 8
81355 8
81356 -5
81357 11
81358 8
81359 12
81360 15
81361 14
81362 24
81363 36
81364 -1
81365 30
81366 6
81367 23
81368 25
81369 45
81370 11
81371 17
81372 20
81373 10
81374 24
81375 0
81376 15
81377 11
81378 28
81379 13
81380 10
81381 19
81382 1
81383 -11
81384 16
81385 9
81386 -4
81387 11
81388 5
81389 44
81390 11
81391 76
81392 47
81393 21
81394 31
81395 -8
81396 -17
81397 2
81398 -11
81399 32
81400 7
81401 -4
81402 15
81403 41
81404 13
81405 17
81406 -20
81407 42
81408 5
81409 9
81410 -6
81411 7
81412 12
81413 7
81414 18
81415 22
81416 12
81417 -1
81418 2
81419 15
81420 3
81421 18
81422 9
81423 36
81424 12
81425 14
81426 13
81427 24
81428 10
81429 11
81430 -1
81431 -3
81432 19
81433 12
81434 9
81435 17
81436 13
81437 -4
81438 12
81439 6
81440 8
81441 11
81442 16
81443 23
81444 2
81445 28
81446 24
81447 29
81448 5
81449 18
81450 -10
81451 -6
81452 38
81453 37
81454 8
81455 14
81456 22
81457 -3
81458 3
81459 15
81460 19
81461 10
81462 0
81463 22
81464 14
81465 -5
81466 24
81467 11
81468 31
81469 14
81470 -4
81471 17
81472 18
81473 12
81474 21
81475 2
81476 26
81477 14
81478 24
81479 25
81480 10
81481 -2
81482 13
81483 5
81484 15
81485 -7
81486 15
81487 10
81488 8
81489 20
81490 10
81491 22
81492 20
81493 25
81494 19
81495 5
81496 -1
81497 16
81498 -4
81499 17
81500 -4
81501 -3
81502 -2
81503 14
81504 19
81505 -4
81506 -5
81507 1
81508 9
81509 4
81510 1
81511 2
81512 8
81513 18
81514 13
81515 26
81516 14
81517 16
81518 26
81519 4
81520 8
81521 24
81522 33
81523 33
81524 11
81525 16
81526 8
81527 -2
81528 15
81529 15
81530 23
81531 25
81532 2
81533 17
81534 21
81535 17
81536 -4
81537 13
81538 15
81539 34
81540 -3
81541 17
81542 2
81543 7
81544 1
81545 16
81546 4
81547 -3
81548 11
81549 41
81550 -9
81551 -2
81552 22
81553 -20
81554 18
81555 25
81556 11
81557 5
81558 21
81559 9
81560 6
81561 -9
81562 26
81563 16
81564 -1
81565 7
81566 11
81567 2
81568 12
81569 -5
81570 0
81571 28
81572 23
81573 13
81574 17
81575 2
81576 19
81577 26
81578 11
81579 18
81580 12
81581 17
81582 -2
81583 9
81584 8
81585 14
81586 20
81587 5
81588 23
81589 34
81590 18
81591 5
81592 14
81593 13
81594 3
81595 8
81596 26
81597 19
81598 15
81599 7
81600 6
81601 17
81602 -4
81603 35
81604 15
81605 31
81606 6
81607 14
81608 5
81609 22
81610 13
81611 3
81612 15
81613 -10
81614 21
81615 33
81616 26
81617 16
81618 -8
81619 27
81620 8
81621 17
81622 14
81623 17
81624 8
81625 28
81626 6
81627 26
81628 15
81629 21
81630 7
81631 6
81632 9
81633 11
81634 30
81635 24
81636 0
81637 12
81638 -3
81639 -3
81640 -9
81641 27
81642 16
81643 0
81644 14
81645 11
81646 8
81647 35
81648 8
81649 16
81650 2
81651 3
81652 -3
81653 7
81654 6
81655 22
81656 14
81657 11
81658 22
81659 18
81660 6
81661 18
81662 17
81663 24
81664 -19
81665 3
81666 19
81667 13
81668 2
81669 -4
81670 41
81671 8
81672 26
81673 8
81674 9
81675 28
81676 66
81677 17
81678 2
81679 -6
81680 11
81681 5
81682 35
81683 30
81684 18
81685 7
81686 22
81687 23
81688 12
81689 -5
81690 6
81691 5
81692 22
81693 20
81694 11
81695 12
81696 5
81697 4
81698 3
81699 16
81700 21
81701 10
81702 22
81703 25
81704 -8
81705 -1
81706 10
81707 28
81708 11
81709 29
81710 11
81711 -8
81712 8
81713 18
81714 2
81715 18
81716 8
81717 2
81718 13
81719 22
81720 30
81721 21
81722 -9
81723 9
81724 14
81725 12
81726 19
81727 4
81728 -6
81729 -12
81730 -2
81731 35
81732 10
81733 4
81734 32
81735 23
81736 13
81737 27
81738 30
81739 -7
81740 1
81741 24
81742 29
81743 28
81744 23
81745 11
81746 10
81747 18
81748 -13
81749 1
81750 23
81751 12
81752 1
81753 -1
81754 17
81755 8
81756 5
81757 10
81758 -10
81759 24
81760 17
81761 15
81762 15
81763 24
81764 7
81765 71
81766 26
81767 12
81768 9
81769 3
81770 7
81771 20
81772 48
81773 2
81774 11
81775 14
81776 3
81777 3
81778 9
81779 6
81780 14
81781 7
81782 37
81783 31
81784 29
81785 21
81786 28
81787 38
81788 5
81789 14
81790 22
81791 16
81792 3
81793 19
81794 35
81795 13
81796 -6
81797 15
81798 4
81799 2
81800 7
81801 4
81802 19
81803 11
81804 28
81805 2
81806 27
81807 28
81808 5
81809 7
81810 -5
81811 6
81812 14
81813 17
81814 8
81815 46
81816 -5
81817 10
81818 31
81819 15
81820 26
81821 11
81822 15
81823 -5
81824 -8
81825 -6
81826 12
81827 26
81828 14
81829 7
81830 2
81831 2
81832 -6
81833 43
81834 -1
81835 22
81836 16
81837 29
81838 13
81839 7
81840 22
81841 23
81842 32
81843 8
81844 -4
81845 2
81846 19
81847 6
81848 15
81849 4
81850 13
81851 2
81852 26
81853 1
81854 24
81855 14
81856 2
81857 21
81858 -10
81859 5
81860 17
81861 55
81862 23
81863 53
81864 17
81865 6
81866 7
81867 23
81868 4
81869 9
81870 12
81871 -8
81872 14
81873 6
81874 9
81875 22
81876 15
81877 16
81878 15
81879 17
81880 14
81881 25
81882 9
81883 10
81884 14
81885 19
81886 11
81887 3
81888 16
81889 21
81890 3
81891 -1
81892 1
81893 1
81894 25
81895 25
81896 36
81897 38
81898 4
81899 18
81900 26
81901 17
81902 14
81903 53
81904 9
81905 1
81906 15
81907 10
81908 32
81909 19
81910 10
81911 19
81912 21
81913 -10
81914 31
81915 7
81916 25
81917 25
81918 12
81919 6
81920 10
81921 2
81922 10
81923 -2
81924 6
81925 23
81926 3
81927 29
81928 -8
81929 10
81930 0
81931 1
81932 23
81933 22
81934 18
81935 12
81936 4
81937 14
81938 9
81939 14
81940 12
81941 17
81942 13
81943 7
81944 44
81945 13
81946 8
81947 22
81948 5
81949 7
81950 11
81951 29
81952 11
81953 0
81954 33
81955 5
81956 23
81957 13
81958 14
81959 22
81960 5
81961 20
81962 15
81963 5
81964 23
81965 51
81966 7
81967 18
81968 0
81969 4
81970 31
81971 8
81972 -8
81973 11
81974 -1
81975 26
81976 7
81977 9
81978 26
81979 9
81980 21
81981 -4
81982 -1
81983 12
81984 4
81985 14
81986 10
81987 -2
81988 -7
81989 45
81990 14
81991 -1
81992 3
81993 6
81994 4
81995 13
81996 29
81997 4
81998 9
81999 12
82000 -3
82001 24
82002 42
82003 25
82004 28
82005 11
82006 6
82007 -1
82008 10
82009 15
82010 12
82011 17
82012 -11
82013 13
82014 65
82015 12
82016 15
82017 -10
82018 40
82019 37
82020 1
82021 -4
82022 11
82023 43
82024 15
82025 18
82026 -2
82027 9
82028 17
82029 27
82030 30
82031 13
82032 22
82033 -15
82034 -5
82035 9
82036 13
82037 28
82038 19
82039 17
82040 6
82041 1
82042 20
82043 1
82044 19
82045 13
82046 -1
82047 14
82048 6
82049 0
82050 22
82051 -2
82052 16
82053 -1
82054 6
82055 17
82056 24
82057 3
82058 4
82059 10
82060 8
82061 24
82062 5
82063 29
82064 10
82065 24
82066 2
82067 3
82068 4
82069 25
82070 20
82071 5
82072 0
82073 18
82074 16
82075 17
82076 50
82077 -7
82078 11
82079 41
82080 40
82081 5
82082 9
82083 16
82084 45
82085 15
82086 27
82087 -5
82088 26
82089 -5
82090 1
82091 20
82092 20
82093 3
82094 27
82095 15
82096 13
82097 7
82098 18
82099 14
82100 14
82101 6
82102 14
82103 26
82104 14
82105 16
82106 0
82107 -6
82108 -11
82109 26
82110 6
82111 -12
82112 35
82113 10
82114 18
82115 35
82116 8
82117 6
82118 17
82119 13
82120 0
82121 18
82122 7
82123 36
82124 18
82125 13
82126 15
82127 21
82128 -4
82129 15
82130 3
82131 20
82132 16
82133 17
82134 22
82135 7
82136 37
82137 10
82138 3
82139 10
82140 -2
82141 22
82142 18
82143 -10
82144 -2
82145 16
82146 23
82147 33
82148 9
82149 5
82150 10
82151 4
82152 11
82153 7
82154 10
82155 13
82156 2
82157 5
82158 -18
82159 3
82160 1
82161 10
82162 18
82163 4
82164 16
82165 2
82166 29
82167 12
82168 21
82169 8
82170 33
82171 16
82172 6
82173 18
82174 15
82175 6
82176 19
82177 18
82178 20
82179 20
82180 9
82181 25
82182 6
82183 11
82184 7
82185 20
82186 24
82187 -1
82188 18
82189 10
82190 18
82191 26
82192 1
82193 10
82194 33
82195 39
82196 2
82197 -3
82198 21
82199 21
82200 7
82201 9
82202 13
82203 13
82204 32
82205 1
82206 18
82207 7
82208 5
82209 -11
82210 2
82211 19
82212 11
82213 22
82214 27
82215 34
82216 10
82217 11
82218 21
82219 -7
82220 2
82221 4
82222 -3
82223 10
82224 21
82225 2
82226 -7
82227 14
82228 26
82229 13
82230 14
82231 6
82232 1
82233 7
82234 26
82235 17
82236 14
82237 17
82238 32
82239 20
82240 20
82241 11
82242 19
82243 -6
82244 2
82245 22
82246 14
82247 1
82248 3
82249 -8
82250 31
82251 -2
82252 6
82253 14
82254 11
82255 2
82256 13
82257 12
82258 2
82259 3
82260 20
82261 3
82262 12
82263 18
82264 30
82265 25
82266 11
82267 8
82268 10
82269 12
82270 21
82271 14
82272 -5
82273 14
82274 12
82275 5
82276 24
82277 21
82278 8
82279 3
82280 9
82281 29
82282 11
82283 17
82284 25
82285 9
82286 6
82287 36
82288 10
82289 10
82290 12
82291 23
82292 -2
82293 34
82294 16
82295 10
82296 20
82297 17
82298 16
82299 15
82300 -5
82301 6
82302 2
82303 32
82304 11
82305 7
82306 38
82307 20
82308 2
82309 13
82310 32
82311 6
82312 18
82313 29
82314 13
82315 17
82316 42
82317 28
82318 4
82319 25
82320 12
82321 21
82322 11
82323 12
82324 14
82325 21
82326 17
82327 6
82328 21
82329 1
82330 10
82331 20
82332 13
82333 13
82334 48
82335 17
82336 0
82337 13
82338 8
82339 24
82340 21
82341 7
82342 22
82343 10
82344 3
82345 32
82346 -9
82347 22
82348 9
82349 3
82350 24
82351 -8
82352 12
82353 20
82354 2
82355 35
82356 17
82357 25
82358 18
82359 14
82360 13
82361 9
82362 4
82363 27
82364 4
82365 14
82366 19
82367 19
82368 20
82369 31
82370 17
82371 7
82372 5
82373 6
82374 9
82375 -4
82376 23
82377 11
82378 18
82379 4
82380 -1
82381 11
82382 5
82383 25
82384 8
82385 7
82386 17
82387 -9
82388 -7
82389 8
82390 5
82391 16
82392 18
82393 -4
82394 30
82395 14
82396 6
82397 13
82398 -13
82399 20
82400 27
82401 4
82402 18
82403 5
82404 82
82405 16
82406 10
82407 11
82408 14
82409 9
82410 26
82411 27
82412 -6
82413 -5
82414 17
82415 11
82416 11
82417 17
82418 0
82419 14
82420 9
82421 30
82422 12
82423 -7
82424 -14
82425 3
82426 -4
82427 -5
82428 -9
82429 21
82430 12
82431 48
82432 20
82433 11
82434 1
82435 -2
82436 -12
82437 3
82438 4
82439 14
82440 17
82441 9
82442 10
82443 1
82444 14
82445 4
82446 12
82447 2
82448 4
82449 22
82450 7
82451 -9
82452 19
82453 -4
82454 -1
82455 -4
82456 2
82457 20
82458 17
82459 27
82460 19
82461 16
82462 13
82463 18
82464 14
82465 11
82466 16
82467 13
82468 3
82469 17
82470 0
82471 30
82472 16
82473 -4
82474 8
82475 8
82476 11
82477 6
82478 15
82479 20
82480 21
82481 6
82482 7
82483 9
82484 18
82485 27
82486 24
82487 18
82488 1
82489 -4
82490 13
82491 21
82492 22
82493 8
82494 10
82495 5
82496 23
82497 2
82498 5
82499 -4
82500 8
82501 5
82502 7
82503 -9
82504 15
82505 24
82506 9
82507 30
82508 -2
82509 9
82510 0
82511 31
82512 22
82513 40
82514 40
82515 -4
82516 -1
82517 3
82518 17
82519 -6
82520 25
82521 15
82522 4
82523 0
82524 76
82525 6
82526 4
82527 -1
82528 28
82529 9
82530 -5
82531 12
82532 25
82533 14
82534 9
82535 -3
82536 13
82537 11
82538 3
82539 4
82540 0
82541 -1
82542 10
82543 61
82544 1
82545 26
82546 14
82547 15
82548 5
82549 34
82550 13
82551 3
82552 -2
82553 33
82554 11
82555 8
82556 5
82557 19
82558 -5
82559 44
82560 25
82561 15
82562 10
82563 -6
82564 8
82565 18
82566 8
82567 -6
82568 0
82569 26
82570 10
82571 20
82572 -7
82573 38
82574 35
82575 10
82576 7
82577 20
82578 -4
82579 3
82580 14
82581 2
82582 27
82583 6
82584 8
82585 25
82586 15
82587 4
82588 9
82589 22
82590 14
82591 15
82592 8
82593 0
82594 9
82595 21
82596 4
82597 17
82598 29
82599 25
82600 10
82601 32
82602 18
82603 34
82604 34
82605 10
82606 13
82607 7
82608 17
82609 11
82610 4
82611 -5
82612 22
82613 17
82614 23
82615 5
82616 -9
82617 31
82618 24
82619 38
82620 10
82621 15
82622 -3
82623 4
82624 -1
82625 7
82626 13
82627 13
82628 3
82629 24
82630 17
82631 15
82632 10
82633 -6
82634 14
82635 10
82636 31
82637 10
82638 21
82639 0
82640 1
82641 6
82642 7
82643 21
82644 -4
82645 6
82646 0
82647 12
82648 5
82649 0
82650 20
82651 10
82652 1
82653 26
82654 12
82655 35
82656 12
82657 12
82658 26
82659 8
82660 15
82661 -4
82662 -3
82663 18
82664 30
82665 7
82666 0
82667 12
82668 2
82669 3
82670 27
82671 13
82672 9
82673 26
82674 36
82675 -5
82676 27
82677 4
82678 21
82679 6
82680 5
82681 -1
82682 17
82683 21
82684 21
82685 -3
82686 29
82687 1
82688 6
82689 22
82690 34
82691 24
82692 20
82693 27
82694 21
82695 -3
82696 21
82697 5
82698 13
82699 35
82700 7
82701 7
82702 37
82703 21
82704 12
82705 33
82706 38
82707 5
82708 5
82709 -7
82710 11
82711 2
82712 13
82713 25
82714 6
82715 9
82716 17
82717 13
82718 1
82719 11
82720 7
82721 24
82722 17
82723 6
82724 20
82725 11
82726 7
82727 24
82728 19
82729 0
82730 19
82731 14
82732 10
82733 -10
82734 -1
82735 15
82736 14
82737 0
82738 9
82739 14
82740 7
82741 17
82742 -2
82743 12
82744 -2
82745 41
82746 -4
82747 17
82748 -1
82749 1
82750 17
82751 27
82752 8
82753 26
82754 1
82755 17
82756 12
82757 0
82758 -2
82759 31
82760 11
82761 14
82762 -1
82763 32
82764 11
82765 20
82766 -21
82767 34
82768 29
82769 7
82770 0
82771 12
82772 3
82773 25
82774 15
82775 25
82776 24
82777 16
82778 29
82779 8
82780 7
82781 1
82782 -5
82783 12
82784 24
82785 9
82786 -7
82787 29
82788 20
82789 3
82790 42
82791 -9
82792 7
82793 14
82794 -8
82795 11
82796 36
82797 -2
82798 -8
82799 35
82800 16
82801 31
82802 21
82803 14
82804 28
82805 4
82806 15
82807 4
82808 15
82809 18
82810 -1
82811 24
82812 22
82813 24
82814 19
82815 33
82816 15
82817 16
82818 -3
82819 16
82820 0
82821 21
82822 44
82823 15
82824 35
82825 18
82826 5
82827 6
82828 15
82829 1
82830 20
82831 34
82832 37
82833 19
82834 3
82835 31
82836 -10
82837 13
82838 11
82839 28
82840 27
82841 21
82842 3
82843 14
82844 32
82845 5
82846 4
82847 12
82848 10
82849 19
82850 2
82851 19
82852 13
82853 33
82854 21
82855 8
82856 16
82857 32
82858 18
82859 -14
82860 -4
82861 12
82862 14
82863 17
82864 -11
82865 14
82866 9
82867 19
82868 10
82869 5
82870 -4
82871 32
82872 1
82873 10
82874 19
82875 26
82876 1
82877 6
82878 11
82879 23
82880 22
82881 19
82882 13
82883 -5
82884 -8
82885 2
82886 20
82887 6
82888 20
82889 19
82890 -6
82891 10
82892 15
82893 9
82894 19
82895 40
82896 5
82897 12
82898 -5
82899 5
82900 14
82901 24
82902 14
82903 8
82904 -6
82905 1
82906 13
82907 13
82908 4
82909 55
82910 9
82911 0
82912 17
82913 7
82914 14
82915 15
82916 8
82917 13
82918 16
82919 10
82920 26
82921 11
82922 12
82923 5
82924 29
82925 -2
82926 28
82927 28
82928 -3
82929 21
82930 22
82931 19
82932 26
82933 9
82934 15
82935 27
82936 40
82937 4
82938 18
82939 9
82940 23
82941 5
82942 12
82943 20
82944 0
82945 3
82946 22
82947 18
82948 8
82949 12
82950 18
82951 16
82952 7
82953 22
82954 -9
82955 -9
82956 -6
82957 10
82958 17
82959 14
82960 -2
82961 23
82962 7
82963 4
82964 14
82965 25
82966 18
82967 31
82968 17
82969 37
82970 6
82971 15
82972 28
82973 24
82974 -4
82975 23
82976 15
82977 32
82978 27
82979 5
82980 14
82981 29
82982 -7
82983 35
82984 0
82985 -8
82986 22
82987 7
82988 -8
82989 28
82990 10
82991 3
82992 4
82993 5
82994 26
82995 18
82996 6
82997 17
82998 11
82999 10
83000 11
83001 -5
83002 5
83003 11
83004 21
83005 18
83006 -5
83007 8
83008 26
83009 4
83010 26
83011 8
83012 23
83013 15
83014 26
83015 20
83016 3
83017 2
83018 14
83019 8
83020 1
83021 19
83022 20
83023 1
83024 21
83025 8
83026 14
83027 17
83028 -1
83029 15
83030 8
83031 9
83032 16
83033 29
83034 12
83035 25
83036 32
83037 2
83038 7
83039 12
83040 15
83041 10
83042 12
83043 21
83044 31
83045 19
83046 38
83047 16
83048 17
83049 40
83050 3
83051 19
83052 18
83053 3
83054 21
83055 9
83056 11
83057 18
83058 10
83059 13
83060 21
83061 41
83062 25
83063 12
83064 22
83065 22
83066 49
83067 21
83068 23
83069 10
83070 1
83071 21
83072 29
83073 7
83074 13
83075 2
83076 10
83077 6
83078 26
83079 4
83080 -10
83081 31
83082 12
83083 12
83084 18
83085 26
83086 33
83087 36
83088 14
83089 9
83090 -4
83091 47
83092 12
83093 19
83094 14
83095 8
83096 -2
83097 17
83098 20
83099 23
83100 6
83101 -9
83102 28
83103 36
83104 18
83105 15
83106 10
83107 15
83108 25
83109 12
83110 4
83111 -8
83112 21
83113 3
83114 3
83115 4
83116 -9
83117 19
83118 -1
83119 35
83120 2
83121 12
83122 23
83123 23
83124 10
83125 18
83126 27
83127 6
83128 19
83129 33
83130 0
83131 16
83132 20
83133 8
83134 21
83135 15
83136 14
83137 28
83138 -12
83139 18
83140 0
83141 5
83142 14
83143 3
83144 24
83145 6
83146 14
83147 16
83148 21
83149 8
83150 7
83151 19
83152 22
83153 11
83154 8
83155 13
83156 5
83157 -8
83158 7
83159 25
83160 -6
83161 30
83162 -6
83163 11
83164 26
83165 24
83166 22
83167 8
83168 6
83169 7
83170 13
83171 17
83172 22
83173 17
83174 10
83175 28
83176 10
83177 7
83178 -11
83179 49
83180 0
83181 15
83182 18
83183 25
83184 4
83185 -1
83186 27
83187 27
83188 31
83189 12
83190 17
83191 16
83192 26
83193 4
83194 8
83195 19
83196 17
83197 22
83198 4
83199 11
83200 13
83201 36
83202 9
83203 21
83204 19
83205 -3
83206 13
83207 14
83208 6
83209 22
83210 15
83211 24
83212 25
83213 18
83214 -7
83215 -1
83216 13
83217 18
83218 13
83219 0
83220 -4
83221 15
83222 9
83223 -16
83224 4
83225 6
83226 -10
83227 37
83228 20
83229 30
83230 20
83231 12
83232 15
83233 -7
83234 24
83235 4
83236 75
83237 23
83238 21
83239 -2
83240 -1
83241 29
83242 43
83243 10
83244 6
83245 15
83246 9
83247 14
83248 17
83249 8
83250 4
83251 5
83252 16
83253 7
83254 20
83255 3
83256 15
83257 6
83258 3
83259 20
83260 16
83261 14
83262 17
83263 25
83264 16
83265 12
83266 11
83267 14
83268 9
83269 17
83270 7
83271 10
83272 16
83273 21
83274 0
83275 15
83276 -9
83277 -3
83278 12
83279 7
83280 23
83281 9
83282 9
83283 16
83284 8
83285 5
83286 48
83287 21
83288 26
83289 15
83290 35
83291 -5
83292 9
83293 12
83294 18
83295 29
83296 13
83297 22
83298 6
83299 8
83300 30
83301 33
83302 -7
83303 15
83304 7
83305 15
83306 63
83307 9
83308 0
83309 10
83310 15
83311 15
83312 30
83313 12
83314 -11
83315 34
83316 -5
83317 4
83318 20
83319 9
83320 8
83321 -1
83322 0
83323 23
83324 16
83325 11
83326 0
83327 14
83328 8
83329 -20
83330 54
83331 5
83332 39
83333 8
83334 55
83335 14
83336 13
83337 9
83338 36
83339 20
83340 7
83341 17
83342 21
83343 12
83344 11
83345 16
83346 10
83347 10
83348 16
83349 -6
83350 21
83351 12
83352 12
83353 19
83354 1
83355 14
83356 19
83357 21
83358 7
83359 -6
83360 11
83361 3
83362 27
83363 7
83364 37
83365 10
83366 -5
83367 13
83368 18
83369 17
83370 1
83371 8
83372 3
83373 14
83374 29
83375 -2
83376 24
83377 -1
83378 6
83379 31
83380 28
83381 2
83382 16
83383 9
83384 1
83385 13
83386 13
83387 61
83388 18
83389 11
83390 -4
83391 -2
83392 13
83393 -6
83394 37
83395 8
83396 4
83397 19
83398 -2
83399 17
83400 36
83401 19
83402 20
83403 10
83404 14
83405 11
83406 8
83407 -6
83408 17
83409 4
83410 -7
83411 2
83412 27
83413 7
83414 16
83415 10
83416 38
83417 23
83418 2
83419 3
83420 17
83421 3
83422 12
83423 31
83424 26
83425 15
83426 15
83427 26
83428 -2
83429 15
83430 -2
83431 17
83432 -1
83433 9
83434 4
83435 27
83436 27
83437 8
83438 30
83439 21
83440 16
83441 6
83442 14
83443 20
83444 38
83445 7
83446 25
83447 33
83448 9
83449 5
83450 35
83451 3
83452 11
83453 28
83454 12
83455 10
83456 29
83457 18
83458 16
83459 12
83460 11
83461 34
83462 12
83463 9
83464 7
83465 6
83466 13
83467 27
83468 -5
83469 1
83470 1
83471 26
83472 6
83473 10
83474 -6
83475 14
83476 -1
83477 22
83478 20
83479 -4
83480 13
83481 12
83482 33
83483 6
83484 15
83485 22
83486 7
83487 42
83488 28
83489 26
83490 39
83491 16
83492 17
83493 16
83494 7
83495 48
83496 10
83497 23
83498 36
83499 16
83500 11
83501 10
83502 12
83503 4
83504 30
83505 32
83506 22
83507 10
83508 19
83509 18
83510 -1
83511 33
83512 2
83513 24
83514 5
83515 5
83516 15
83517 14
83518 3
83519 19
83520 -1
83521 16
83522 -10
83523 11
83524 4
83525 24
83526 -6
83527 20
83528 70
83529 4
83530 32
83531 17
83532 17
83533 11
83534 7
83535 5
83536 6
83537 5
83538 6
83539 2
83540 18
83541 28
83542 18
83543 13
83544 36
83545 26
83546 22
83547 31
83548 -8
83549 22
83550 15
83551 -3
83552 13
83553 6
83554 16
83555 -9
83556 33
83557 5
83558 16
83559 0
83560 27
83561 6
83562 4
83563 19
83564 2
83565 0
83566 22
83567 15
83568 16
83569 -5
83570 6
83571 -6
83572 16
83573 18
83574 -7
83575 4
83576 10
83577 9
83578 6
83579 18
83580 13
83581 11
83582 9
83583 -12
83584 10
83585 3
83586 41
83587 23
83588 38
83589 14
83590 16
83591 7
83592 11
83593 15
83594 22
83595 12
83596 -12
83597 -7
83598 11
83599 -3
83600 37
83601 17
83602 -9
83603 8
83604 -16
83605 7
83606 11
83607 1
83608 13
83609 6
83610 18
83611 -3
83612 4
83613 19
83614 17
83615 31
83616 15
83617 2
83618 8
83619 1
83620 -1
83621 10
83622 18
83623 5
83624 17
83625 7
83626 2
83627 6
83628 19
83629 7
83630 17
83631 20
83632 40
83633 -8
83634 0
83635 1
83636 7
83637 18
83638 18
83639 3
83640 21
83641 7
83642 4
83643 6
83644 15
83645 6
83646 18
83647 -2
83648 16
83649 28
83650 15
83651 -11
83652 25
83653 27
83654 7
83655 20
83656 -4
83657 8
83658 36
83659 7
83660 28
83661 11
83662 29
83663 23
83664 19
83665 33
83666 19
83667 20
83668 19
83669 5
83670 12
83671 15
83672 33
83673 18
83674 -4
83675 36
83676 42
83677 12
83678 19
83679 26
83680 14
83681 10
83682 9
83683 17
83684 1
83685 3
83686 23
83687 8
83688 6
83689 30
83690 18
83691 0
83692 -2
83693 15
83694 -8
83695 8
83696 2
83697 29
83698 8
83699 -1
83700 17
83701 14
83702 18
83703 2
83704 9
83705 15
83706 22
83707 -12
83708 10
83709 -13
83710 46
83711 14
83712 9
83713 16
83714 16
83715 -24
83716 34
83717 8
83718 26
83719 5
83720 16
83721 15
83722 14
83723 10
83724 1
83725 -6
83726 0
83727 8
83728 -6
83729 16
83730 21
83731 8
83732 -12
83733 33
83734 9
83735 13
83736 4
83737 14
83738 10
83739 -5
83740 -4
83741 36
83742 50
83743 20
83744 -3
83745 9
83746 -4
83747 -4
83748 42
83749 12
83750 15
83751 19
83752 13
83753 27
83754 6
83755 6
83756 6
83757 21
83758 -9
83759 19
83760 10
83761 1
83762 13
83763 19
83764 27
83765 -1
83766 6
83767 20
83768 20
83769 32
83770 37
83771 1
83772 21
83773 31
83774 28
83775 -17
83776 30
83777 5
83778 -5
83779 11
83780 14
83781 20
83782 12
83783 8
83784 -1
83785 2
83786 18
83787 18
83788 -1
83789 50
83790 10
83791 -17
83792 27
83793 13
83794 5
83795 18
83796 -3
83797 29
83798 3
83799 2
83800 3
83801 -4
83802 7
83803 14
83804 26
83805 18
83806 16
83807 1
83808 14
83809 12
83810 -3
83811 18
83812 13
83813 13
83814 -10
83815 17
83816 18
83817 -7
83818 18
83819 21
83820 18
83821 13
83822 23
83823 0
83824 21
83825 13
83826 20
83827 1
83828 5
83829 12
83830 24
83831 -1
83832 10
83833 16
83834 21
83835 -12
83836 20
83837 6
83838 4
83839 8
83840 6
83841 11
83842 19
83843 11
83844 3
83845 -4
83846 15
83847 22
83848 25
83849 15
83850 10
83851 12
83852 29
83853 0
83854 24
83855 28
83856 20
83857 6
83858 0
83859 2
83860 0
83861 11
83862 12
83863 29
83864 12
83865 27
83866 6
83867 -12
83868 12
83869 15
83870 29
83871 22
83872 36
83873 10
83874 4
83875 25
83876 25
83877 20
83878 0
83879 -5
83880 8
83881 14
83882 32
83883 18
83884 3
83885 -11
83886 12
83887 20
83888 1
83889 31
83890 14
83891 -9
83892 11
83893 22
83894 0
83895 22
83896 26
83897 19
83898 -4
83899 5
83900 25
83901 10
83902 18
83903 13
83904 19
83905 14
83906 -9
83907 4
83908 7
83909 19
83910 9
83911 -12
83912 17
83913 3
83914 -1
83915 13
83916 22
83917 21
83918 33
83919 16
83920 6
83921 10
83922 17
83923 15
83924 17
83925 3
83926 17
83927 19
83928 -13
83929 12
83930 10
83931 17
83932 14
83933 2
83934 31
83935 12
83936 13
83937 11
83938 4
83939 8
83940 12
83941 9
83942 8
83943 2
83944 11
83945 -1
83946 22
83947 2
83948 36
83949 7
83950 12
83951 -4
83952 17
83953 14
83954 21
83955 22
83956 13
83957 18
83958 10
83959 15
83960 7
83961 21
83962 20
83963 -5
83964 8
83965 2
83966 28
83967 2
83968 31
83969 10
83970 -9
83971 14
83972 3
83973 14
83974 5
83975 17
83976 -5
83977 39
83978 25
83979 23
83980 2
83981 27
83982 -6
83983 28
83984 39
83985 5
83986 10
83987 25
83988 17
83989 10
83990 6
83991 4
83992 6
83993 3
83994 7
83995 -1
83996 17
83997 9
83998 23
83999 17
84000 7
84001 6
84002 5
84003 21
84004 7
84005 0
84006 14
84007 10
84008 5
84009 20
84010 20
84011 6
84012 18
84013 26
84014 -13
84015 9
84016 14
84017 32
84018 9
84019 38
84020 15
84021 26
84022 11
84023 13
84024 17
84025 18
84026 5
84027 17
84028 15
84029 11
84030 18
84031 9
84032 7
84033 11
84034 16
84035 9
84036 29
84037 15
84038 2
84039 15
84040 12
84041 20
84042 10
84043 26
84044 1
84045 3
84046 14
84047 23
84048 15
84049 6
84050 11
84051 26
84052 8
84053 -5
84054 34
84055 13
84056 2
84057 10
84058 -5
84059 3
84060 9
84061 5
84062 11
84063 8
84064 9
84065 -5
84066 -4
84067 22
84068 -19
84069 11
84070 -4
84071 5
84072 8
84073 -5
84074 34
84075 24
84076 13
84077 -1
84078 23
84079 18
84080 7
84081 18
84082 18
84083 14
84084 18
84085 14
84086 3
84087 23
84088 6
84089 9
84090 14
84091 4
84092 17
84093 -9
84094 0
84095 9
84096 0
84097 18
84098 11
84099 17
84100 32
84101 12
84102 16
84103 10
84104 5
84105 10
84106 6
84107 -11
84108 37
84109 4
84110 -2
84111 4
84112 32
84113 5
84114 19
84115 21
84116 9
84117 26
84118 18
84119 39
84120 10
84121 -1
84122 30
84123 -1
84124 -1
84125 25
84126 18
84127 15
84128 13
84129 14
84130 86
84131 23
84132 7
84133 3
84134 24
84135 26
84136 5
84137 14
84138 -1
84139 7
84140 53
84141 17
84142 18
84143 9
84144 9
84145 3
84146 4
84147 2
84148 26
84149 -12
84150 -1
84151 -1
84152 14
84153 11
84154 19
84155 14
84156 16
84157 -20
84158 -5
84159 26
84160 -7
84161 -4
84162 33
84163 3
84164 14
84165 17
84166 31
84167 30
84168 23
84169 11
84170 63
84171 3
84172 -9
84173 3
84174 12
84175 12
84176 18
84177 24
84178 26
84179 5
84180 6
84181 9
84182 4
84183 17
84184 23
84185 15
84186 -4
84187 13
84188 4
84189 12
84190 6
84191 8
84192 35
84193 20
84194 11
84195 -2
84196 9
84197 10
84198 18
84199 21
84200 8
84201 -4
84202 8
84203 12
84204 18
84205 5
84206 21
84207 11
84208 18
84209 5
84210 9
84211 24
84212 15
84213 11
84214 20
84215 10
84216 2
84217 10
84218 2
84219 4
84220 11
84221 2
84222 3
84223 18
84224 8
84225 16
84226 32
84227 13
84228 21
84229 4
84230 11
84231 1
84232 -7
84233 19
84234 7
84235 21
84236 -1
84237 22
84238 5
84239 9
84240 13
84241 4
84242 14
84243 0
84244 7
84245 6
84246 5
84247 5
84248 13
84249 17
84250 18
84251 19
84252 -16
84253 8
84254 1
84255 41
84256 21
84257 11
84258 5
84259 17
84260 11
84261 8
84262 13
84263 23
84264 -3
84265 14
84266 35
84267 13
84268 14
84269 20
84270 -5
84271 22
84272 7
84273 24
84274 9
84275 -4
84276 7
84277 0
84278 24
84279 34
84280 7
84281 -12
84282 33
84283 10
84284 -1
84285 12
84286 60
84287 12
84288 43
84289 12
84290 8
84291 30
84292 7
84293 3
84294 9
84295 10
84296 15
84297 38
84298 6
84299 21
84300 -18
84301 3
84302 9
84303 9
84304 -1
84305 25
84306 3
84307 9
84308 11
84309 11
84310 31
84311 57
84312 19
84313 7
84314 12
84315 5
84316 28
84317 13
84318 11
84319 4
84320 11
84321 16
84322 1
84323 5
84324 5
84325 -3
84326 11
84327 -3
84328 -4
84329 6
84330 8
84331 9
84332 13
84333 15
84334 17
84335 48
84336 25
84337 7
84338 7
84339 16
84340 0
84341 5
84342 11
84343 20
84344 8
84345 14
84346 46
84347 18
84348 17
84349 -9
84350 8
84351 -5
84352 -9
84353 10
84354 -1
84355 -1
84356 7
84357 7
84358 31
84359 28
84360 20
84361 11
84362 -6
84363 9
84364 14
84365 27
84366 24
84367 7
84368 8
84369 10
84370 14
84371 10
84372 4
84373 18
84374 13
84375 -2
84376 26
84377 12
84378 2
84379 22
84380 14
84381 17
84382 8
84383 12
84384 3
84385 -3
84386 14
84387 19
84388 28
84389 11
84390 4
84391 10
84392 12
84393 -6
84394 -6
84395 14
84396 21
84397 24
84398 6
84399 14
84400 37
84401 13
84402 3
84403 -3
84404 19
84405 -9
84406 6
84407 41
84408 5
84409 11
84410 3
84411 23
84412 17
84413 16
84414 5
84415 11
84416 38
84417 23
84418 21
84419 -21
84420 -8
84421 34
84422 1
84423 -4
84424 7
84425 14
84426 54
84427 7
84428 -8
84429 13
84430 1
84431 27
84432 15
84433 12
84434 27
84435 14
84436 6
84437 26
84438 12
84439 8
84440 12
84441 20
84442 16
84443 17
84444 8
84445 14
84446 2
84447 -1
84448 12
84449 3
84450 35
84451 17
84452 -1
84453 -5
84454 19
84455 25
84456 12
84457 17
84458 11
84459 15
84460 4
84461 5
84462 10
84463 -2
84464 15
84465 10
84466 7
84467 25
84468 26
84469 1
84470 14
84471 6
84472 12
84473 13
84474 29
84475 14
84476 18
84477 9
84478 -12
84479 11
84480 12
84481 20
84482 68
84483 4
84484 2
84485 12
84486 10
84487 2
84488 9
84489 8
84490 -8
84491 20
84492 16
84493 15
84494 5
84495 31
84496 14
84497 2
84498 10
84499 31
84500 -4
84501 1
84502 28
84503 25
84504 6
84505 7
84506 17
84507 7
84508 17
84509 6
84510 2
84511 3
84512 12
84513 -6
84514 22
84515 5
84516 12
84517 26
84518 -3
84519 17
84520 2
84521 -5
84522 10
84523 5
84524 8
84525 9
84526 31
84527 22
84528 -2
84529 15
84530 12
84531 30
84532 20
84533 28
84534 11
84535 3
84536 14
84537 4
84538 2
84539 -6
84540 -16
84541 40
84542 15
84543 26
84544 -5
84545 9
84546 8
84547 17
84548 11
84549 12
84550 6
84551 26
84552 11
84553 20
84554 22
84555 15
84556 12
84557 27
84558 -2
84559 17
84560 9
84561 28
84562 14
84563 17
84564 19
84565 -2
84566 7
84567 26
84568 13
84569 14
84570 21
84571 12
84572 15
84573 2
84574 -7
84575 14
84576 3
84577 0
84578 5
84579 18
84580 18
84581 44
84582 17
84583 7
84584 24
84585 15
84586 6
84587 24
84588 -4
84589 14
84590 40
84591 26
84592 7
84593 25
84594 45
84595 19
84596 4
84597 21
84598 16
84599 30
84600 26
84601 28
84602 32
84603 15
84604 22
84605 22
84606 23
84607 1
84608 8
84609 10
84610 24
84611 2
84612 9
84613 -3
84614 10
84615 7
84616 38
84617 16
84618 29
84619 19
84620 19
84621 26
84622 1
84623 3
84624 7
84625 -11
84626 19
84627 16
84628 28
84629 15
84630 -9
84631 18
84632 28
84633 6
84634 8
84635 20
84636 25
84637 3
84638 33
84639 27
84640 -2
84641 5
84642 9
84643 9
84644 27
84645 26
84646 12
84647 8
84648 1
84649 6
84650 51
84651 4
84652 4
84653 1
84654 8
84655 17
84656 5
84657 2
84658 13
84659 33
84660 10
84661 -2
84662 -6
84663 22
84664 22
84665 9
84666 7
84667 13
84668 5
84669 33
84670 21
84671 0
84672 3
84673 31
84674 10
84675 6
84676 6
84677 8
84678 0
84679 5
84680 -1
84681 15
84682 5
84683 6
84684 11
84685 12
84686 12
84687 12
84688 24
84689 2
84690 13
84691 -6
84692 9
84693 12
84694 18
84695 4
84696 9
84697 23
84698 -4
84699 7
84700 28
84701 3
84702 12
84703 4
84704 1
84705 13
84706 -7
84707 15
84708 13
84709 10
84710 21
84711 -9
84712 -13
84713 19
84714 7
84715 28
84716 2
84717 25
84718 -4
84719 9
84720 8
84721 0
84722 5
84723 0
84724 1
84725 9
84726 5
84727 14
84728 9
84729 -3
84730 54
84731 9
84732 4
84733 11
84734 18
84735 22
84736 3
84737 7
84738 7
84739 3
84740 25
84741 -4
84742 24
84743 27
84744 6
84745 -1
84746 16
84747 -13
84748 12
84749 2
84750 -5
84751 -5
84752 10
84753 2
84754 17
84755 0
84756 22
84757 15
84758 6
84759 8
84760 6
84761 8
84762 3
84763 12
84764 24
84765 31
84766 8
84767 24
84768 9
84769 1
84770 8
84771 -3
84772 10
84773 9
84774 27
84775 14
84776 15
84777 -9
84778 16
84779 44
84780 0
84781 27
84782 -8
84783 18
84784 -4
84785 16
84786 17
84787 34
84788 15
84789 16
84790 -9
84791 25
84792 22
84793 10
84794 26
84795 10
84796 13
84797 7
84798 27
84799 16
84800 -1
84801 15
84802 1
84803 3
84804 10
84805 40
84806 17
84807 1
84808 7
84809 6
84810 35
84811 2
84812 4
84813 23
84814 2
84815 1
84816 11
84817 17
84818 10
84819 37
84820 -1
84821 26
84822 11
84823 9
84824 28
84825 12
84826 15
84827 13
84828 14
84829 23
84830 12
84831 12
84832 15
84833 11
84834 13
84835 17
84836 31
84837 8
84838 1
84839 15
84840 28
84841 6
84842 12
84843 15
84844 5
84845 19
84846 15
84847 9
84848 16
84849 -3
84850 15
84851 19
84852 4
84853 -6
84854 20
84855 0
84856 12
84857 21
84858 5
84859 15
84860 6
84861 71
84862 12
84863 23
84864 8
84865 1
84866 24
84867 3
84868 1
84869 13
84870 -19
84871 9
84872 6
84873 11
84874 9
84875 10
84876 -12
84877 52
84878 38
84879 2
84880 27
84881 1
84882 -10
84883 -1
84884 25
84885 0
84886 9
84887 26
84888 5
84889 -9
84890 59
84891 -5
84892 11
84893 14
84894 31
84895 9
84896 15
84897 2
84898 16
84899 14
84900 11
84901 23
84902 6
84903 16
84904 13
84905 9
84906 32
84907 53
84908 4
84909 6
84910 1
84911 12
84912 14
84913 16
84914 24
84915 19
84916 10
84917 5
84918 17
84919 8
84920 6
84921 8
84922 14
84923 30
84924 9
84925 34
84926 12
84927 16
84928 20
84929 28
84930 9
84931 12
84932 73
84933 18
84934 27
84935 14
84936 35
84937 30
84938 28
84939 26
84940 8
84941 55
84942 18
84943 -9
84944 13
84945 3
84946 16
84947 -3
84948 7
84949 26
84950 21
84951 10
84952 13
84953 -5
84954 19
84955 -2
84956 24
84957 50
84958 19
84959 10
84960 23
84961 1
84962 21
84963 -4
84964 11
84965 13
84966 24
84967 3
84968 19
84969 15
84970 27
84971 10
84972 -7
84973 11
84974 12
84975 4
84976 14
84977 2
84978 12
84979 22
84980 5
84981 2
84982 2
84983 14
84984 11
84985 -3
84986 10
84987 4
84988 5
84989 16
84990 4
84991 20
84992 9
84993 18
84994 21
84995 5
84996 2
84997 9
84998 14
84999 27
85000 27
85001 1
85002 1
85003 23
85004 20
85005 7
85006 4
85007 15
85008 8
85009 -21
85010 11
85011 0
85012 17
85013 12
85014 31
85015 26
85016 6
85017 15
85018 -1
85019 19
85020 25
85021 -1
85022 -4
85023 -11
85024 4
85025 20
85026 4
85027 38
85028 18
85029 0
85030 -4
85031 11
85032 18
85033 -2
85034 24
85035 34
85036 34
85037 -1
85038 25
85039 -10
85040 9
85041 6
85042 12
85043 21
85044 4
85045 7
85046 5
85047 17
85048 9
85049 -14
85050 34
85051 34
85052 36
85053 -1
85054 25
85055 12
85056 12
85057 10
85058 8
85059 2
85060 37
85061 -5
85062 11
85063 2
85064 8
85065 10
85066 3
85067 21
85068 15
85069 18
85070 -12
85071 13
85072 43
85073 5
85074 9
85075 46
85076 25
85077 16
85078 29
85079 10
85080 26
85081 22
85082 25
85083 10
85084 27
85085 11
85086 12
85087 35
85088 3
85089 3
85090 18
85091 1
85092 3
85093 26
85094 5
85095 2
85096 7
85097 20
85098 11
85099 15
85100 -9
85101 6
85102 34
85103 -6
85104 8
85105 13
85106 15
85107 8
85108 65
85109 22
85110 25
85111 -4
85112 14
85113 9
85114 15
85115 -4
85116 -7
85117 20
85118 10
85119 27
85120 -3
85121 1
85122 4
85123 26
85124 15
85125 17
85126 12
85127 35
85128 6
85129 9
85130 21
85131 12
85132 -10
85133 -1
85134 8
85135 9
85136 15
85137 6
85138 18
85139 10
85140 1
85141 7
85142 11
85143 -2
85144 -4
85145 -4
85146 15
85147 9
85148 24
85149 17
85150 28
85151 9
85152 0
85153 -4
85154 9
85155 18
85156 16
85157 15
85158 19
85159 3
85160 35
85161 18
85162 9
85163 26
85164 -1
85165 18
85166 8
85167 14
85168 8
85169 28
85170 6
85171 -2
85172 24
85173 13
85174 29
85175 8
85176 23
85177 11
85178 -5
85179 15
85180 -1
85181 13
85182 24
85183 28
85184 -6
85185 6
85186 5
85187 10
85188 31
85189 0
85190 14
85191 9
85192 26
85193 10
85194 27
85195 -3
85196 9
85197 11
85198 11
85199 2
85200 10
85201 -3
85202 9
85203 8
85204 15
85205 7
85206 19
85207 1
85208 17
85209 14
85210 46
85211 2
85212 30
85213 6
85214 16
85215 14
85216 15
85217 13
85218 25
85219 17
85220 17
85221 16
85222 40
85223 3
85224 19
85225 22
85226 4
85227 9
85228 1
85229 0
85230 -13
85231 6
85232 30
85233 28
85234 26
85235 14
85236 5
85237 13
85238 18
85239 5
85240 16
85241 8
85242 26
85243 -8
85244 3
85245 25
85246 5
85247 16
85248 -4
85249 -1
85250 23
85251 1
85252 5
85253 14
85254 20
85255 43
85256 -1
85257 7
85258 19
85259 28
85260 -1
85261 27
85262 4
85263 45
85264 3
85265 8
85266 30
85267 -3
85268 26
85269 15
85270 49
85271 8
85272 8
85273 28
85274 3
85275 4
85276 34
85277 23
85278 1
85279 41
85280 6
85281 -1
85282 3
85283 8
85284 0
85285 45
85286 -6
85287 17
85288 13
85289 14
85290 11
85291 11
85292 12
85293 19
85294 13
85295 1
85296 5
85297 10
85298 5
85299 18
85300 -12
85301 8
85302 7
85303 10
85304 41
85305 6
85306 8
85307 9
85308 40
85309 10
85310 18
85311 19
85312 2
85313 0
85314 9
85315 8
85316 29
85317 1
85318 13
85319 19
85320 27
85321 40
85322 6
85323 16
85324 7
85325 5
85326 -4
85327 17
85328 -5
85329 13
85330 61
85331 17
85332 5
85333 9
85334 23
85335 21
85336 6
85337 20
85338 -3
85339 -5
85340 13
85341 20
85342 26
85343 0
85344 -3
85345 5
85346 2
85347 10
85348 21
85349 18
85350 -6
85351 23
85352 24
85353 22
85354 34
85355 11
85356 10
85357 40
85358 15
85359 19
85360 4
85361 2
85362 -2
85363 1
85364 0
85365 1
85366 7
85367 5
85368 2
85369 7
85370 15
85371 12
85372 18
85373 -1
85374 12
85375 15
85376 1
85377 15
85378 11
85379 9
85380 19
85381 2
85382 5
85383 15
85384 3
85385 7
85386 36
85387 1
85388 28
85389 17
85390 14
85391 21
85392 15
85393 -4
85394 12
85395 11
85396 -10
85397 4
85398 6
85399 20
85400 4
85401 14
85402 15
85403 10
85404 20
85405 3
85406 12
85407 27
85408 5
85409 15
85410 34
85411 6
85412 23
85413 0
85414 13
85415 24
85416 22
85417 20
85418 22
85419 8
85420 4
85421 5
85422 31
85423 10
85424 18
85425 4
85426 7
85427 11
85428 20
85429 8
85430 8
85431 3
85432 13
85433 14
85434 9
85435 29
85436 19
85437 27
85438 24
85439 16
85440 10
85441 11
85442 23
85443 8
85444 9
85445 5
85446 13
85447 4
85448 6
85449 20
85450 3
85451 13
85452 22
85453 -4
85454 7
85455 15
85456 19
85457 7
85458 8
85459 19
85460 15
85461 19
85462 2
85463 6
85464 19
85465 10
85466 21
85467 8
85468 14
85469 11
85470 20
85471 14
85472 23
85473 29
85474 9
85475 13
85476 8
85477 3
85478 32
85479 0
85480 4
85481 17
85482 38
85483 -5
85484 3
85485 17
85486 7
85487 15
85488 32
85489 28
85490 8
85491 -5
85492 21
85493 -7
85494 9
85495 15
85496 15
85497 33
85498 2
85499 -1
85500 8
85501 30
85502 36
85503 8
85504 30
85505 11
85506 15
85507 -2
85508 6
85509 17
85510 11
85511 13
85512 14
85513 0
85514 7
85515 1
85516 2
85517 15
85518 -11
85519 4
85520 22
85521 7
85522 9
85523 -8
85524 7
85525 40
85526 19
85527 26
85528 18
85529 20
85530 7
85531 12
85532 -1
85533 17
85534 24
85535 15
85536 -8
85537 29
85538 -1
85539 20
85540 17
85541 9
85542 46
85543 18
85544 21
85545 2
85546 6
85547 12
85548 4
85549 1
85550 5
85551 12
85552 0
85553 28
85554 5
85555 13
85556 40
85557 20
85558 12
85559 28
85560 19
85561 11
85562 27
85563 28
85564 5
85565 -17
85566 -4
85567 12
85568 29
85569 -5
85570 10
85571 3
85572 16
85573 30
85574 10
85575 13
85576 14
85577 5
85578 33
85579 17
85580 -1
85581 16
85582 3
85583 16
85584 11
85585 6
85586 47
85587 23
85588 -7
85589 2
85590 13
85591 9
85592 15
85593 16
85594 11
85595 17
85596 4
85597 27
85598 23
85599 9
85600 17
85601 28
85602 6
85603 1
85604 24
85605 4
85606 29
85607 3
85608 2
85609 10
85610 28
85611 -10
85612 25
85613 6
85614 42
85615 14
85616 8
85617 24
85618 31
85619 8
85620 4
85621 15
85622 18
85623 10
85624 1
85625 10
85626 1
85627 9
85628 23
85629 18
85630 -2
85631 -3
85632 11
85633 9
85634 43
85635 26
85636 31
85637 10
85638 13
85639 6
85640 12
85641 2
85642 10
85643 13
85644 17
85645 13
85646 33
85647 1
85648 2
85649 31
85650 -14
85651 22
85652 11
85653 -6
85654 20
85655 -1
85656 -13
85657 11
85658 7
85659 14
85660 13
85661 -2
85662 -1
85663 40
85664 11
85665 9
85666 -8
85667 -5
85668 4
85669 7
85670 1
85671 7
85672 22
85673 24
85674 -7
85675 15
85676 7
85677 -5
85678 12
85679 13
85680 12
85681 9
85682 4
85683 -2
85684 48
85685 0
85686 20
85687 -7
85688 15
85689 5
85690 20
85691 9
85692 13
85693 -11
85694 18
85695 35
85696 26
85697 14
85698 5
85699 -22
85700 16
85701 14
85702 -5
85703 6
85704 2
85705 7
85706 5
85707 -11
85708 13
85709 25
85710 15
85711 11
85712 19
85713 -3
85714 9
85715 -2
85716 22
85717 23
85718 1
85719 18
85720 -4
85721 44
85722 -4
85723 38
85724 16
85725 4
85726 21
85727 27
85728 9
85729 18
85730 1
85731 9
85732 7
85733 6
85734 12
85735 -5
85736 22
85737 0
85738 22
85739 -11
85740 -8
85741 4
85742 15
85743 -1
85744 17
85745 1
85746 12
85747 16
85748 15
85749 17
85750 13
85751 20
85752 24
85753 -2
85754 4
85755 3
85756 11
85757 -7
85758 21
85759 14
85760 11
85761 7
85762 8
85763 6
85764 35
85765 20
85766 17
85767 10
85768 11
85769 4
85770 23
85771 22
85772 4
85773 8
85774 14
85775 -3
85776 30
85777 14
85778 7
85779 7
85780 37
85781 -14
85782 18
85783 8
85784 27
85785 10
85786 19
85787 2
85788 -5
85789 14
85790 14
85791 22
85792 7
85793 12
85794 10
85795 -13
85796 7
85797 27
85798 9
85799 23
85800 17
85801 29
85802 14
85803 17
85804 31
85805 6
85806 2
85807 10
85808 25
85809 0
85810 21
85811 41
85812 19
85813 22
85814 12
85815 19
85816 -12
85817 0
85818 28
85819 18
85820 9
85821 31
85822 9
85823 12
85824 2
85825 12
85826 6
85827 1
85828 12
85829 -1
85830 11
85831 8
85832 12
85833 11
85834 20
85835 25
85836 30
85837 11
85838 22
85839 30
85840 5
85841 8
85842 5
85843 20
85844 36
85845 4
85846 0
85847 13
85848 2
85849 7
85850 7
85851 -13
85852 14
85853 16
85854 1
85855 3
85856 8
85857 0
85858 20
85859 12
85860 -3
85861 6
85862 8
85863 21
85864 15
85865 7
85866 -8
85867 15
85868 -3
85869 46
85870 0
85871 -9
85872 6
85873 6
85874 14
85875 21
85876 5
85877 2
85878 3
85879 -6
85880 22
85881 8
85882 23
85883 -2
85884 8
85885 13
85886 -3
85887 9
85888 17
85889 -11
85890 14
85891 7
85892 16
85893 13
85894 -3
85895 5
85896 3
85897 -1
85898 1
85899 15
85900 13
85901 -4
85902 22
85903 -3
85904 23
85905 4
85906 -5
85907 -2
85908 26
85909 10
85910 18
85911 8
85912 15
85913 -8
85914 7
85915 8
85916 6
85917 5
85918 14
85919 2
85920 1
85921 12
85922 8
85923 15
85924 3
85925 11
85926 11
85927 11
85928 25
85929 4
85930 -7
85931 5
85932 34
85933 18
85934 26
85935 16
85936 7
85937 -7
85938 28
85939 7
85940 0
85941 15
85942 16
85943 5
85944 26
85945 31
85946 21
85947 12
85948 6
85949 15
85950 12
85951 12
85952 -7
85953 5
85954 64
85955 9
85956 21
85957 9
85958 8
85959 11
85960 15
85961 1
85962 9
85963 16
85964 15
85965 7
85966 7
85967 12
85968 5
85969 24
85970 17
85971 22
85972 1
85973 17
85974 14
85975 8
85976 17
85977 56
85978 16
85979 0
85980 5
85981 2
85982 13
85983 -9
85984 16
85985 2
85986 1
85987 20
85988 1
85989 15
85990 31
85991 30
85992 4
85993 25
85994 5
85995 -5
85996 -2
85997 12
85998 -3
85999 8
86000 -2
86001 9
86002 6
86003 12
86004 8
86005 19
86006 8
86007 11
86008 23
86009 21
86010 11
86011 14
86012 4
86013 30
86014 7
86015 1
86016 0
86017 -2
86018 3
86019 21
86020 -6
86021 29
86022 17
86023 4
86024 24
86025 23
86026 13
86027 27
86028 10
86029 -4
86030 -3
86031 3
86032 -7
86033 31
86034 7
86035 11
86036 4
86037 33
86038 31
86039 5
86040 24
86041 43
86042 29
86043 8
86044 16
86045 20
86046 3
86047 18
86048 31
86049 -19
86050 5
86051 -1
86052 30
86053 -5
86054 12
86055 1
86056 2
86057 9
86058 20
86059 4
86060 16
86061 -5
86062 22
86063 45
86064 -1
86065 7
86066 -3
86067 7
86068 17
86069 17
86070 29
86071 -1
86072 -9
86073 15
86074 13
86075 0
86076 31
86077 35
86078 2
86079 17
86080 8
86081 6
86082 25
86083 18
86084 -11
86085 34
86086 -1
86087 13
86088 6
86089 -10
86090 5
86091 22
86092 -3
86093 10
86094 15
86095 16
86096 12
86097 26
86098 10
86099 23
86100 12
86101 24
86102 2
86103 5
86104 10
86105 3
86106 9
86107 20
86108 5
86109 -2
86110 -6
86111 6
86112 6
86113 34
86114 12
86115 59
86116 16
86117 15
86118 2
86119 29
86120 16
86121 21
86122 7
86123 25
86124 3
86125 0
86126 17
86127 14
86128 -3
86129 14
86130 30
86131 21
86132 12
86133 5
86134 3
86135 19
86136 36
86137 1
86138 18
86139 10
86140 10
86141 5
86142 -5
86143 4
86144 3
86145 23
86146 9
86147 -8
86148 3
86149 9
86150 17
86151 8
86152 1
86153 21
86154 4
86155 6
86156 2
86157 7
86158 9
86159 4
86160 7
86161 11
86162 35
86163 17
86164 2
86165 0
86166 12
86167 -6
86168 16
86169 14
86170 9
86171 8
86172 13
86173 16
86174 6
86175 -8
86176 9
86177 30
86178 19
86179 13
86180 28
86181 4
86182 -3
86183 9
86184 -5
86185 11
86186 5
86187 36
86188 15
86189 -7
86190 18
86191 6
86192 16
86193 19
86194 16
86195 12
86196 7
86197 -2
86198 -12
86199 -9
86200 6
86201 17
86202 -4
86203 -10
86204 1
86205 -7
86206 15
86207 29
86208 -4
86209 52
86210 -1
86211 -4
86212 16
86213 23
86214 32
86215 -10
86216 28
86217 12
86218 -3
86219 1
86220 9
86221 13
86222 15
86223 16
86224 37
86225 3
86226 1
86227 26
86228 11
86229 26
86230 14
86231 16
86232 27
86233 17
86234 14
86235 5
86236 27
86237 10
86238 15
86239 5
86240 17
86241 1
86242 6
86243 6
86244 16
86245 7
86246 7
86247 13
86248 2
86249 14
86250 -3
86251 20
86252 9
86253 20
86254 25
86255 18
86256 8
86257 -11
86258 7
86259 4
86260 27
86261 -3
86262 13
86263 17
86264 27
86265 4
86266 13
86267 10
86268 10
86269 24
86270 -24
86271 11
86272 -1
86273 34
86274 21
86275 12
86276 8
86277 3
86278 9
86279 32
86280 3
86281 41
86282 10
86283 5
86284 20
86285 0
86286 9
86287 5
86288 16
86289 10
86290 21
86291 1
86292 29
86293 24
86294 41
86295 -7
86296 54
86297 29
86298 -4
86299 20
86300 28
86301 17
86302 -14
86303 16
86304 12
86305 11
86306 8
86307 4
86308 12
86309 13
86310 15
86311 13
86312 20
86313 14
86314 6
86315 26
86316 32
86317 24
86318 4
86319 5
86320 1
86321 24
86322 16
86323 2
86324 9
86325 18
86326 6
86327 -1
86328 3
86329 44
86330 20
86331 24
86332 15
86333 40
86334 14
86335 9
86336 20
86337 22
86338 15
86339 -10
86340 3
86341 4
86342 4
86343 22
86344 25
86345 2
86346 31
86347 1
86348 6
86349 -14
86350 10
86351 7
86352 14
86353 15
86354 3
86355 2
86356 19
86357 22
86358 10
86359 19
86360 11
86361 11
86362 15
86363 28
86364 7
86365 32
86366 13
86367 -15
86368 27
86369 8
86370 0
86371 -1
86372 28
86373 23
86374 -6
86375 9
86376 5
86377 1
86378 14
86379 7
86380 13
86381 10
86382 38
86383 10
86384 16
86385 4
86386 10
86387 30
86388 -3
86389 42
86390 34
86391 0
86392 17
86393 0
86394 11
86395 10
86396 -5
86397 34
86398 22
86399 27
86400 1
86401 16
86402 0
86403 10
86404 16
86405 11
86406 4
86407 -1
86408 7
86409 18
86410 2
86411 -4
86412 15
86413 10
86414 10
86415 -8
86416 4
86417 4
86418 -14
86419 109
86420 10
86421 8
86422 3
86423 13
86424 5
86425 -1
86426 16
86427 3
86428 14
86429 20
86430 34
86431 1
86432 6
86433 3
86434 8
86435 13
86436 27
86437 4
86438 19
86439 18
86440 -6
86441 6
86442 37
86443 -9
86444 15
86445 25
86446 1
86447 11
86448 2
86449 12
86450 10
86451 10
86452 0
86453 10
86454 8
86455 15
86456 10
86457 15
86458 12
86459 9
86460 8
86461 -1
86462 18
86463 9
86464 3
86465 13
86466 3
86467 31
86468 10
86469 4
86470 12
86471 14
86472 -12
86473 18
86474 23
86475 2
86476 14
86477 5
86478 14
86479 27
86480 13
86481 2
86482 16
86483 4
86484 11
86485 3
86486 -4
86487 9
86488 20
86489 14
86490 25
86491 10
86492 14
86493 13
86494 13
86495 10
86496 38
86497 1
86498 12
86499 18
86500 12
86501 14
86502 -18
86503 16
86504 25
86505 5
86506 4
86507 7
86508 12
86509 13
86510 10
86511 14
86512 -4
86513 18
86514 -1
86515 2
86516 8
86517 3
86518 6
86519 1
86520 29
86521 22
86522 25
86523 28
86524 8
86525 7
86526 30
86527 -2
86528 8
86529 3
86530 26
86531 5
86532 19
86533 15
86534 22
86535 6
86536 -10
86537 19
86538 9
86539 8
86540 -13
86541 -1
86542 27
86543 13
86544 6
86545 7
86546 16
86547 32
86548 6
86549 23
86550 14
86551 24
86552 3
86553 10
86554 20
86555 2
86556 18
86557 14
86558 18
86559 8
86560 5
86561 9
86562 4
86563 -9
86564 6
86565 -24
86566 1
86567 18
86568 22
86569 9
86570 22
86571 15
86572 8
86573 19
86574 -7
86575 11
86576 15
86577 29
86578 5
86579 4
86580 14
86581 17
86582 10
86583 16
86584 6
86585 3
86586 14
86587 27
86588 34
86589 2
86590 -1
86591 10
86592 28
86593 3
86594 5
86595 10
86596 4
86597 29
86598 1
86599 4
86600 21
86601 1
86602 29
86603 14
86604 -6
86605 14
86606 32
86607 5
86608 21
86609 17
86610 -6
86611 7
86612 11
86613 10
86614 7
86615 12
86616 5
86617 10
86618 5
86619 23
86620 8
86621 15
86622 30
86623 11
86624 3
86625 25
86626 12
86627 10
86628 36
86629 -1
86630 5
86631 15
86632 -1
86633 5
86634 4
86635 11
86636 16
86637 36
86638 13
86639 12
86640 -1
86641 18
86642 -10
86643 11
86644 19
86645 -2
86646 17
86647 8
86648 -7
86649 13
86650 15
86651 21
86652 7
86653 7
86654 12
86655 10
86656 -7
86657 19
86658 5
86659 -2
86660 22
86661 -13
86662 6
86663 -2
86664 4
86665 20
86666 13
86667 33
86668 19
86669 8
86670 7
86671 46
86672 14
86673 34
86674 22
86675 0
86676 7
86677 16
86678 15
86679 4
86680 15
86681 33
86682 24
86683 -4
86684 18
86685 12
86686 25
86687 12
86688 13
86689 31
86690 10
86691 21
86692 4
86693 8
86694 8
86695 1
86696 0
86697 -10
86698 6
86699 10
86700 2
86701 -3
86702 17
86703 10
86704 20
86705 7
86706 3
86707 -6
86708 20
86709 7
86710 13
86711 27
86712 0
86713 -3
86714 27
86715 18
86716 -3
86717 34
86718 -2
86719 23
86720 13
86721 25
86722 -3
86723 -15
86724 12
86725 15
86726 15
86727 3
86728 -3
86729 7
86730 3
86731 12
86732 25
86733 7
86734 9
86735 32
86736 20
86737 9
86738 19
86739 16
86740 12
86741 16
86742 0
86743 8
86744 -6
86745 18
86746 19
86747 24
86748 13
86749 12
86750 45
86751 21
86752 22
86753 17
86754 6
86755 5
86756 13
86757 27
86758 1
86759 2
86760 23
86761 16
86762 0
86763 7
86764 17
86765 35
86766 22
86767 5
86768 7
86769 -13
86770 9
86771 19
86772 1
86773 9
86774 9
86775 12
86776 -9
86777 19
86778 25
86779 13
86780 9
86781 1
86782 25
86783 0
86784 9
86785 9
86786 27
86787 -12
86788 -1
86789 7
86790 12
86791 13
86792 41
86793 -9
86794 11
86795 14
86796 -2
86797 7
86798 2
86799 14
86800 -8
86801 3
86802 19
86803 6
86804 9
86805 -13
86806 8
86807 20
86808 8
86809 3
86810 13
86811 12
86812 3
86813 21
86814 13
86815 38
86816 8
86817 8
86818 8
86819 -14
86820 24
86821 2
86822 19
86823 10
86824 30
86825 12
86826 13
86827 -3
86828 1
86829 5
86830 8
86831 13
86832 48
86833 5
86834 7
86835 9
86836 14
86837 6
86838 18
86839 17
86840 6
86841 22
86842 4
86843 3
86844 24
86845 21
86846 18
86847 3
86848 19
86849 11
86850 4
86851 15
86852 -12
86853 15
86854 25
86855 6
86856 20
86857 8
86858 4
86859 14
86860 22
86861 30
86862 8
86863 25
86864 6
86865 -10
86866 5
86867 -7
86868 -6
86869 18
86870 25
86871 14
86872 -7
86873 10
86874 -1
86875 32
86876 4
86877 18
86878 18
86879 27
86880 4
86881 17
86882 0
86883 4
86884 9
86885 -3
86886 -4
86887 19
86888 42
86889 0
86890 0
86891 6
86892 12
86893 15
86894 13
86895 10
86896 37
86897 3
86898 20
86899 -9
86900 21
86901 -4
86902 -5
86903 21
86904 33
86905 26
86906 17
86907 -2
86908 16
86909 9
86910 4
86911 1
86912 -4
86913 26
86914 18
86915 -10
86916 10
86917 1
86918 5
86919 6
86920 5
86921 16
86922 0
86923 60
86924 11
86925 36
86926 -3
86927 12
86928 7
86929 14
86930 26
86931 -5
86932 22
86933 12
86934 14
86935 9
86936 11
86937 2
86938 10
86939 30
86940 5
86941 9
86942 16
86943 -12
86944 -6
86945 -12
86946 3
86947 20
86948 7
86949 11
86950 11
86951 18
86952 25
86953 8
86954 24
86955 18
86956 0
86957 9
86958 -4
86959 4
86960 8
86961 16
86962 20
86963 9
86964 10
86965 15
86966 -3
86967 22
86968 31
86969 14
86970 12
86971 36
86972 19
86973 8
86974 5
86975 8
86976 2
86977 7
86978 18
86979 3
86980 -3
86981 -1
86982 23
86983 6
86984 -17
86985 21
86986 -2
86987 13
86988 11
86989 23
86990 7
86991 21
86992 15
86993 5
86994 -19
86995 0
86996 8
86997 22
86998 22
86999 10
87000 24
87001 -15
87002 8
87003 5
87004 2
87005 15
87006 32
87007 4
87008 20
87009 21
87010 16
87011 -1
87012 12
87013 7
87014 11
87015 3
87016 8
87017 11
87018 1
87019 28
87020 3
87021 23
87022 1
87023 13
87024 -11
87025 10
87026 8
87027 1
87028 23
87029 17
87030 -6
87031 14
87032 40
87033 14
87034 30
87035 7
87036 -6
87037 28
87038 4
87039 11
87040 22
87041 -13
87042 37
87043 10
87044 2
87045 2
87046 9
87047 -1
87048 17
87049 10
87050 15
87051 27
87052 25
87053 6
87054 -5
87055 4
87056 4
87057 14
87058 34
87059 5
87060 9
87061 28
87062 16
87063 25
87064 4
87065 -1
87066 18
87067 -7
87068 7
87069 5
87070 7
87071 21
87072 4
87073 24
87074 27
87075 36
87076 9
87077 7
87078 10
87079 16
87080 14
87081 11
87082 -10
87083 12
87084 0
87085 16
87086 -7
87087 -3
87088 9
87089 14
87090 20
87091 20
87092 31
87093 67
87094 11
87095 14
87096 18
87097 5
87098 -7
87099 0
87100 -1
87101 2
87102 2
87103 13
87104 9
87105 27
87106 11
87107 14
87108 13
87109 4
87110 15
87111 8
87112 34
87113 20
87114 1
87115 22
87116 12
87117 -7
87118 12
87119 -2
87120 17
87121 0
87122 8
87123 28
87124 0
87125 2
87126 86
87127 -15
87128 14
87129 16
87130 12
87131 2
87132 11
87133 27
87134 -7
87135 10
87136 31
87137 4
87138 2
87139 9
87140 8
87141 21
87142 -4
87143 7
87144 11
87145 46
87146 1
87147 19
87148 17
87149 31
87150 26
87151 1
87152 6
87153 0
87154 19
87155 9
87156 4
87157 19
87158 -9
87159 6
87160 12
87161 5
87162 -16
87163 29
87164 -5
87165 12
87166 19
87167 5
87168 2
87169 21
87170 4
87171 4
87172 20
87173 14
87174 18
87175 -17
87176 -11
87177 -9
87178 9
87179 23
87180 6
87181 0
87182 9
87183 12
87184 2
87185 22
87186 11
87187 10
87188 -2
87189 9
87190 -4
87191 25
87192 -3
87193 17
87194 12
87195 15
87196 13
87197 -5
87198 16
87199 8
87200 15
87201 23
87202 8
87203 1
87204 9
87205 11
87206 4
87207 20
87208 7
87209 13
87210 34
87211 21
87212 1
87213 51
87214 -1
87215 11
87216 15
87217 23
87218 11
87219 35
87220 1
87221 42
87222 6
87223 -5
87224 15
87225 8
87226 1
87227 14
87228 7
87229 0
87230 0
87231 9
87232 14
87233 10
87234 13
87235 1
87236 1
87237 37
87238 21
87239 12
87240 9
87241 13
87242 37
87243 -4
87244 5
87245 16
87246 15
87247 13
87248 21
87249 33
87250 2
87251 6
87252 12
87253 20
87254 5
87255 2
87256 10
87257 -6
87258 13
87259 16
87260 21
87261 2
87262 8
87263 -7
87264 14
87265 1
87266 9
87267 3
87268 -3
87269 4
87270 15
87271 17
87272 17
87273 14
87274 23
87275 -4
87276 12
87277 19
87278 -11
87279 -9
87280 19
87281 -6
87282 3
87283 39
87284 16
87285 14
87286 3
87287 14
87288 5
87289 1
87290 13
87291 14
87292 -1
87293 22
87294 6
87295 -2
87296 4
87297 -1
87298 23
87299 -3
87300 13
87301 6
87302 11
87303 6
87304 13
87305 6
87306 21
87307 -3
87308 0
87309 29
87310 -5
87311 0
87312 19
87313 4
87314 9
87315 11
87316 18
87317 16
87318 18
87319 2
87320 -10
87321 0
87322 5
87323 27
87324 12
87325 2
87326 14
87327 11
87328 6
87329 8
87330 12
87331 5
87332 2
87333 6
87334 6
87335 13
87336 16
87337 24
87338 16
87339 -2
87340 25
87341 18
87342 -2
87343 0
87344 20
87345 -5
87346 27
87347 2
87348 -2
87349 4
87350 -9
87351 -2
87352 1
87353 17
87354 4
87355 8
87356 16
87357 23
87358 42
87359 9
87360 14
87361 20
87362 13
87363 23
87364 4
87365 -9
87366 3
87367 -4
87368 24
87369 8
87370 -2
87371 17
87372 4
87373 9
87374 3
87375 10
87376 -17
87377 9
87378 11
87379 -7
87380 -7
87381 10
87382 -7
87383 15
87384 16
87385 2
87386 43
87387 14
87388 -14
87389 36
87390 6
87391 6
87392 16
87393 18
87394 14
87395 -5
87396 -2
87397 5
87398 22
87399 7
87400 0
87401 15
87402 5
87403 11
87404 13
87405 9
87406 3
87407 18
87408 25
87409 16
87410 4
87411 21
87412 20
87413 -12
87414 13
87415 3
87416 6
87417 31
87418 1
87419 -2
87420 -10
87421 11
87422 -22
87423 0
87424 -16
87425 6
87426 20
87427 16
87428 5
87429 19
87430 8
87431 2
87432 6
87433 15
87434 18
87435 10
87436 44
87437 17
87438 33
87439 26
87440 7
87441 6
87442 9
87443 9
87444 9
87445 31
87446 6
87447 0
87448 7
87449 7
87450 24
87451 31
87452 25
87453 -25
87454 3
87455 11
87456 23
87457 -15
87458 13
87459 -1
87460 2
87461 12
87462 21
87463 6
87464 19
87465 -3
87466 -4
87467 2
87468 8
87469 16
87470 23
87471 10
87472 6
87473 0
87474 3
87475 6
87476 25
87477 11
87478 11
87479 9
87480 -4
87481 18
87482 9
87483 15
87484 22
87485 10
87486 10
87487 -11
87488 16
87489 6
87490 11
87491 10
87492 1
87493 9
87494 32
87495 -13
87496 2
87497 31
87498 17
87499 9
87500 1
87501 12
87502 -4
87503 12
87504 -12
87505 3
87506 19
87507 8
87508 8
87509 16
87510 17
87511 17
87512 14
87513 10
87514 19
87515 11
87516 14
87517 -2
87518 12
87519 12
87520 4
87521 15
87522 19
87523 -3
87524 2
87525 9
87526 2
87527 11
87528 15
87529 14
87530 2
87531 8
87532 13
87533 18
87534 14
87535 9
87536 -16
87537 -1
87538 13
87539 12
87540 18
87541 14
87542 -3
87543 11
87544 1
87545 14
87546 7
87547 20
87548 13
87549 9
87550 13
87551 3
87552 16
87553 1
87554 4
87555 19
87556 21
87557 5
87558 13
87559 17
87560 26
87561 10
87562 -5
87563 9
87564 -8
87565 2
87566 18
87567 4
87568 5
87569 11
87570 5
87571 15
87572 18
87573 -2
87574 -18
87575 9
87576 14
87577 2
87578 1
87579 20
87580 9
87581 5
87582 6
87583 23
87584 9
87585 25
87586 7
87587 17
87588 12
87589 0
87590 -4
87591 14
87592 1
87593 18
87594 14
87595 11
87596 43
87597 6
87598 11
87599 0
87600 7
87601 14
87602 5
87603 11
87604 5
87605 21
87606 -8
87607 -4
87608 12
87609 12
87610 8
87611 2
87612 1
87613 0
87614 15
87615 0
87616 6
87617 23
87618 12
87619 9
87620 12
87621 -9
87622 11
87623 21
87624 10
87625 7
87626 14
87627 13
87628 18
87629 9
87630 4
87631 21
87632 18
87633 16
87634 5
87635 13
87636 -1
87637 4
87638 6
87639 10
87640 5
87641 0
87642 5
87643 7
87644 18
87645 10
87646 19
87647 1
87648 -3
87649 7
87650 31
87651 11
87652 36
87653 1
87654 31
87655 3
87656 16
87657 -12
87658 17
87659 12
87660 -7
87661 -8
87662 21
87663 5
87664 39
87665 24
87666 14
87667 -3
87668 -2
87669 25
87670 8
87671 7
87672 -5
87673 5
87674 8
87675 13
87676 7
87677 18
87678 1
87679 7
87680 10
87681 -12
87682 30
87683 33
87684 1
87685 -2
87686 -8
87687 2
87688 17
87689 39
87690 14
87691 27
87692 12
87693 18
87694 -1
87695 -7
87696 9
87697 34
87698 22
87699 7
87700 11
87701 33
87702 -3
87703 0
87704 55
87705 5
87706 16
87707 -9
87708 35
87709 10
87710 1
87711 14
87712 3
87713 -2
87714 0
87715 9
87716 6
87717 26
87718 -1
87719 26
87720 24
87721 11
87722 5
87723 25
87724 5
87725 2
87726 5
87727 6
87728 25
87729 19
87730 2
87731 5
87732 18
87733 0
87734 7
87735 1
87736 12
87737 16
87738 -13
87739 15
87740 -19
87741 31
87742 11
87743 -11
87744 27
87745 8
87746 6
87747 12
87748 1
87749 11
87750 7
87751 33
87752 11
87753 35
87754 4
87755 26
87756 9
87757 18
87758 9
87759 19
87760 -11
87761 14
87762 -3
87763 0
87764 11
87765 -3
87766 5
87767 13
87768 8
87769 5
87770 21
87771 8
87772 13
87773 -2
87774 20
87775 11
87776 26
87777 14
87778 11
87779 1
87780 24
87781 27
87782 1
87783 -1
87784 -7
87785 7
87786 15
87787 16
87788 -12
87789 3
87790 3
87791 15
87792 18
87793 20
87794 16
87795 0
87796 25
87797 13
87798 1
87799 28
87800 7
87801 2
87802 32
87803 17
87804 3
87805 -8
87806 1
87807 -5
87808 18
87809 17
87810 9
87811 -1
87812 27
87813 -11
87814 21
87815 1
87816 18
87817 17
87818 2
87819 12
87820 4
87821 8
87822 -1
87823 7
87824 16
87825 7
87826 11
87827 11
87828 21
87829 4
87830 45
87831 8
87832 28
87833 8
87834 5
87835 -2
87836 7
87837 -4
87838 24
87839 10
87840 11
87841 -4
87842 -10
87843 21
87844 1
87845 19
87846 3
87847 11
87848 4
87849 20
87850 -6
87851 13
87852 9
87853 22
87854 19
87855 17
87856 2
87857 2
87858 10
87859 13
87860 -7
87861 1
87862 9
87863 14
87864 12
87865 5
87866 8
87867 0
87868 11
87869 5
87870 8
87871 1
87872 14
87873 9
87874 5
87875 5
87876 13
87877 -4
87878 2
87879 1
87880 11
87881 9
87882 16
87883 18
87884 3
87885 9
87886 22
87887 16
87888 17
87889 -3
87890 21
87891 16
87892 11
87893 2
87894 -11
87895 16
87896 2
87897 15
87898 8
87899 10
87900 19
87901 -8
87902 15
87903 3
87904 7
87905 2
87906 0
87907 29
87908 6
87909 1
87910 23
87911 5
87912 15
87913 15
87914 17
87915 4
87916 15
87917 14
87918 -5
87919 8
87920 20
87921 16
87922 5
87923 -15
87924 -1
87925 5
87926 -9
87927 20
87928 9
87929 22
87930 -5
87931 16
87932 7
87933 -2
87934 9
87935 8
87936 8
87937 26
87938 9
87939 4
87940 28
87941 14
87942 11
87943 9
87944 -2
87945 5
87946 5
87947 3
87948 5
87949 31
87950 19
87951 2
87952 13
87953 6
87954 4
87955 6
87956 35
87957 14
87958 6
87959 7
87960 8
87961 22
87962 14
87963 22
87964 -25
87965 1
87966 22
87967 11
87968 6
87969 18
87970 19
87971 5
87972 4
87973 1
87974 26
87975 13
87976 -11
87977 13
87978 17
87979 10
87980 4
87981 2
87982 24
87983 14
87984 13
87985 13
87986 16
87987 0
87988 10
87989 21
87990 5
87991 18
87992 22
87993 8
87994 6
87995 30
87996 -6
87997 14
87998 32
87999 7
88000 12
88001 21
88002 19
88003 10
88004 1
88005 7
88006 10
88007 11
88008 16
88009 48
88010 14
88011 11
88012 2
88013 3
88014 19
88015 3
88016 23
88017 18
88018 34
88019 14
88020 7
88021 -2
88022 3
88023 2
88024 -6
88025 8
88026 11
88027 10
88028 -2
88029 13
88030 4
88031 11
88032 24
88033 -4
88034 -5
88035 43
88036 -1
88037 5
88038 -1
88039 16
88040 -9
88041 6
88042 -6
88043 3
88044 -1
88045 5
88046 17
88047 9
88048 18
88049 19
88050 -11
88051 1
88052 29
88053 21
88054 6
88055 10
88056 11
88057 17
88058 14
88059 -1
88060 19
88061 11
88062 16
88063 7
88064 3
88065 17
88066 15
88067 -7
88068 13
88069 18
88070 12
88071 -6
88072 -6
88073 14
88074 6
88075 -7
88076 11
88077 -4
88078 9
88079 3
88080 10
88081 22
88082 1
88083 18
88084 1
88085 25
88086 12
88087 7
88088 5
88089 9
88090 24
88091 13
88092 12
88093 6
88094 13
88095 16
88096 20
88097 46
88098 18
88099 18
88100 -6
88101 30
88102 -9
88103 18
88104 1
88105 17
88106 -7
88107 17
88108 36
88109 -13
88110 27
88111 24
88112 4
88113 -3
88114 3
88115 2
88116 10
88117 4
88118 19
88119 11
88120 13
88121 3
88122 21
88123 -5
88124 2
88125 8
88126 18
88127 20
88128 1
88129 11
88130 -9
88131 15
88132 24
88133 11
88134 2
88135 21
88136 -1
88137 24
88138 4
88139 9
88140 11
88141 22
88142 22
88143 21
88144 -17
88145 -18
88146 18
88147 -8
88148 11
88149 -8
88150 13
88151 11
88152 12
88153 23
88154 24
88155 19
88156 7
88157 -7
88158 28
88159 -13
88160 7
88161 18
88162 -4
88163 9
88164 26
88165 16
88166 14
88167 5
88168 11
88169 35
88170 15
88171 15
88172 22
88173 -8
88174 4
88175 -4
88176 6
88177 -3
88178 -2
88179 23
88180 6
88181 -13
88182 -1
88183 0
88184 19
88185 25
88186 35
88187 25
88188 5
88189 2
88190 21
88191 11
88192 12
88193 -5
88194 19
88195 3
88196 17
88197 7
88198 1
88199 9
88200 17
88201 19
88202 5
88203 16
88204 2
88205 18
88206 11
88207 2
88208 16
88209 12
88210 6
88211 17
88212 1
88213 21
88214 16
88215 -20
88216 24
88217 2
88218 11
88219 10
88220 -9
88221 6
88222 11
88223 43
88224 7
88225 -3
88226 10
88227 -19
88228 5
88229 -6
88230 -17
88231 3
88232 14
88233 19
88234 11
88235 -1
88236 -8
88237 12
88238 13
88239 38
88240 -2
88241 14
88242 13
88243 10
88244 7
88245 2
88246 -1
88247 37
88248 6
88249 14
88250 14
88251 18
88252 16
88253 -15
88254 -5
88255 -3
88256 -3
88257 20
88258 0
88259 16
88260 17
88261 9
88262 18
88263 10
88264 26
88265 4
88266 2
88267 19
88268 17
88269 22
88270 15
88271 21
88272 31
88273 6
88274 0
88275 3
88276 6
88277 4
88278 11
88279 18
88280 1
88281 16
88282 16
88283 18
88284 -10
88285 25
88286 2
88287 55
88288 9
88289 7
88290 3
88291 0
88292 32
88293 9
88294 20
88295 35
88296 -4
88297 19
88298 32
88299 7
88300 5
88301 19
88302 -1
88303 9
88304 -4
88305 40
88306 14
88307 12
88308 4
88309 6
88310 1
88311 -5
88312 24
88313 5
88314 7
88315 12
88316 -5
88317 6
88318 28
88319 16
88320 -5
88321 27
88322 20
88323 22
88324 18
88325 27
88326 17
88327 13
88328 11
88329 45
88330 0
88331 -13
88332 20
88333 24
88334 10
88335 3
88336 29
88337 0
88338 5
88339 32
88340 30
88341 10
88342 17
88343 -1
88344 22
88345 16
88346 -12
88347 24
88348 21
88349 14
88350 30
88351 13
88352 11
88353 17
88354 2
88355 -1
88356 31
88357 10
88358 8
88359 -3
88360 0
88361 14
88362 6
88363 9
88364 5
88365 -7
88366 19
88367 13
88368 20
88369 6
88370 0
88371 -7
88372 21
88373 2
88374 16
88375 2
88376 -4
88377 13
88378 14
88379 7
88380 -16
88381 3
88382 -3
88383 4
88384 7
88385 8
88386 -5
88387 16
88388 31
88389 16
88390 -7
88391 8
88392 15
88393 13
88394 0
88395 21
88396 -3
88397 8
88398 14
88399 12
88400 13
88401 17
88402 12
88403 9
88404 17
88405 4
88406 3
88407 -12
88408 1
88409 11
88410 4
88411 13
88412 3
88413 6
88414 66
88415 11
88416 11
88417 -11
88418 18
88419 27
88420 14
88421 15
88422 -9
88423 2
88424 21
88425 20
88426 -2
88427 3
88428 13
88429 -1
88430 13
88431 0
88432 7
88433 15
88434 -6
88435 9
88436 5
88437 18
88438 -2
88439 12
88440 26
88441 -4
88442 7
88443 2
88444 22
88445 6
88446 29
88447 6
88448 16
88449 20
88450 3
88451 19
88452 6
88453 8
88454 4
88455 -4
88456 16
88457 -3
88458 19
88459 2
88460 48
88461 -2
88462 -20
88463 11
88464 20
88465 -9
88466 12
88467 4
88468 7
88469 14
88470 6
88471 -10
88472 17
88473 -8
88474 0
88475 12
88476 7
88477 19
88478 7
88479 -16
88480 16
88481 2
88482 -5
88483 5
88484 3
88485 4
88486 16
88487 8
88488 -2
88489 9
88490 0
88491 -6
88492 14
88493 24
88494 13
88495 9
88496 -2
88497 3
88498 -2
88499 -1
88500 -4
88501 7
88502 15
88503 9
88504 3
88505 40
88506 20
88507 4
88508 5
88509 3
88510 -16
88511 2
88512 16
88513 18
88514 20
88515 -4
88516 0
88517 1
88518 9
88519 13
88520 7
88521 35
88522 11
88523 16
88524 2
88525 -1
88526 13
88527 30
88528 -4
88529 1
88530 12
88531 15
88532 20
88533 0
88534 20
88535 18
88536 -2
88537 16
88538 2
88539 13
88540 19
88541 11
88542 12
88543 10
88544 17
88545 0
88546 18
88547 8
88548 14
88549 10
88550 10
88551 13
88552 -8
88553 4
88554 4
88555 6
88556 22
88557 6
88558 0
88559 17
88560 8
88561 8
88562 11
88563 -6
88564 20
88565 4
88566 -14
88567 12
88568 16
88569 12
88570 21
88571 -2
88572 7
88573 0
88574 7
88575 6
88576 10
88577 18
88578 2
88579 -6
88580 3
88581 13
88582 23
88583 23
88584 17
88585 -7
88586 -9
88587 -12
88588 3
88589 13
88590 31
88591 2
88592 -3
88593 19
88594 -5
88595 13
88596 2
88597 7
88598 28
88599 16
88600 10
88601 1
88602 22
88603 26
88604 5
88605 12
88606 4
88607 17
88608 7
88609 9
88610 19
88611 2
88612 -5
88613 -2
88614 12
88615 -19
88616 11
88617 13
88618 -4
88619 15
88620 10
88621 8
88622 -2
88623 9
88624 5
88625 23
88626 12
88627 21
88628 12
88629 7
88630 -3
88631 20
88632 45
88633 -2
88634 24
88635 13
88636 6
88637 -3
88638 3
88639 11
88640 32
88641 -6
88642 -6
88643 -3
88644 6
88645 34
88646 23
88647 10
88648 5
88649 6
88650 9
88651 33
88652 3
88653 -10
88654 12
88655 -4
88656 11
88657 17
88658 8
88659 -7
88660 8
88661 2
88662 -9
88663 4
88664 3
88665 7
88666 14
88667 29
88668 18
88669 0
88670 -12
88671 8
88672 12
88673 6
88674 -2
88675 29
88676 -7
88677 18
88678 2
88679 38
88680 11
88681 21
88682 23
88683 12
88684 -6
88685 -7
88686 6
88687 0
88688 13
88689 11
88690 23
88691 -7
88692 -8
88693 9
88694 14
88695 41
88696 34
88697 18
88698 -11
88699 14
88700 12
88701 2
88702 10
88703 14
88704 -5
88705 25
88706 7
88707 7
88708 4
88709 15
88710 23
88711 13
88712 5
88713 27
88714 42
88715 2
88716 6
88717 12
88718 0
88719 6
88720 0
88721 5
88722 16
88723 25
88724 19
88725 12
88726 3
88727 18
88728 -3
88729 2
88730 17
88731 8
88732 -7
88733 -9
88734 -18
88735 -5
88736 14
88737 2
88738 6
88739 9
88740 19
88741 -5
88742 5
88743 7
88744 12
88745 29
88746 16
88747 1
88748 18
88749 7
88750 12
88751 26
88752 17
88753 9
88754 17
88755 -6
88756 -13
88757 20
88758 4
88759 16
88760 0
88761 7
88762 18
88763 -9
88764 13
88765 -3
88766 -4
88767 16
88768 -3
88769 2
88770 26
88771 21
88772 15
88773 2
88774 10
88775 -3
88776 12
88777 1
88778 28
88779 20
88780 -6
88781 32
88782 19
88783 17
88784 16
88785 -6
88786 6
88787 11
88788 7
88789 8
88790 63
88791 7
88792 16
88793 21
88794 29
88795 20
88796 -2
88797 5
88798 5
88799 8
88800 15
88801 7
88802 17
88803 15
88804 0
88805 9
88806 3
88807 8
88808 22
88809 7
88810 19
88811 6
88812 4
88813 28
88814 2
88815 2
88816 3
88817 1
88818 11
88819 3
88820 -2
88821 18
88822 2
88823 5
88824 19
88825 9
88826 2
88827 13
88828 -2
88829 8
88830 1
88831 -4
88832 -3
88833 4
88834 -7
88835 9
88836 16
88837 -1
88838 12
88839 -2
88840 8
88841 17
88842 26
88843 18
88844 11
88845 25
88846 18
88847 35
88848 0
88849 25
88850 2
88851 -5
88852 -7
88853 2
88854 9
88855 2
88856 2
88857 4
88858 -4
88859 -13
88860 16
88861 5
88862 8
88863 2
88864 4
88865 4
88866 16
88867 20
88868 8
88869 10
88870 30
88871 22
88872 19
88873 2
88874 -6
88875 10
88876 13
88877 1
88878 -3
88879 20
88880 27
88881 15
88882 14
88883 0
88884 18
88885 0
88886 -11
88887 -5
88888 -11
88889 7
88890 -13
88891 -11
88892 12
88893 10
88894 11
88895 17
88896 43
88897 13
88898 -7
88899 12
88900 19
88901 16
88902 0
88903 1
88904 15
88905 19
88906 15
88907 11
88908 9
88909 3
88910 3
88911 8
88912 13
88913 17
88914 9
88915 10
88916 17
88917 22
88918 25
88919 10
88920 11
88921 -4
88922 21
88923 7
88924 -8
88925 -1
88926 11
88927 9
88928 12
88929 -10
88930 -8
88931 0
88932 -3
88933 24
88934 15
88935 13
88936 9
88937 6
88938 2
88939 8
88940 2
88941 18
88942 6
88943 11
88944 15
88945 0
88946 4
88947 -5
88948 -2
88949 5
88950 3
88951 -11
88952 5
88953 24
88954 16
88955 23
88956 16
88957 18
88958 -4
88959 4
88960 -12
88961 5
88962 6
88963 3
88964 6
88965 11
88966 3
88967 10
88968 13
88969 -2
88970 15
88971 5
88972 5
88973 0
88974 17
88975 3
88976 2
88977 -8
88978 16
88979 -3
88980 -6
88981 2
88982 15
88983 -5
88984 22
88985 0
88986 18
88987 4
88988 -1
88989 19
88990 -6
88991 2
88992 3
88993 -5
88994 10
88995 -1
88996 13
88997 3
88998 -8
88999 -2
89000 9
89001 2
89002 14
89003 15
89004 24
89005 30
89006 -7
89007 7
89008 7
89009 25
89010 2
89011 -1
89012 16
89013 28
89014 -2
89015 4
89016 13
89017 0
89018 23
89019 6
89020 -3
89021 21
89022 18
89023 14
89024 9
89025 -1
89026 -2
89027 3
89028 2
89029 5
89030 -1
89031 1
89032 20
89033 -9
89034 6
89035 11
89036 4
89037 25
89038 13
89039 13
89040 15
89041 4
89042 -1
89043 2
89044 11
89045 -2
89046 -2
89047 5
89048 6
89049 7
89050 16
89051 14
89052 2
89053 9
89054 1
89055 -7
89056 11
89057 0
89058 4
89059 -2
89060 7
89061 6
89062 -6
89063 4
89064 -9
89065 9
89066 -10
89067 17
89068 4
89069 1
89070 14
89071 6
89072 11
89073 5
89074 -15
89075 5
89076 8
89077 -7
89078 7
89079 -14
89080 2
89081 17
89082 13
89083 15
89084 18
89085 5
89086 15
89087 18
89088 25
89089 1
89090 2
89091 -2
89092 19
89093 8
89094 16
89095 14
89096 2
89097 18
89098 -2
89099 7
89100 -24
89101 25
89102 23
89103 30
89104 -1
89105 10
89106 13
89107 13
89108 10
89109 -3
89110 -3
89111 18
89112 4
89113 13
89114 5
89115 -6
89116 8
89117 6
89118 22
89119 -2
89120 7
89121 -2
89122 -10
89123 7
89124 -3
89125 21
89126 19
89127 6
89128 12
89129 6
89130 11
89131 23
89132 -5
89133 7
89134 6
89135 7
89136 10
89137 11
89138 10
89139 -9
89140 -10
89141 21
89142 12
89143 37
89144 14
89145 1
89146 30
89147 21
89148 0
89149 10
89150 16
89151 -3
89152 0
89153 5
89154 -1
89155 -3
89156 16
89157 19
89158 13
89159 16
89160 27
89161 7
89162 13
89163 14
89164 12
89165 5
89166 4
89167 45
89168 23
89169 4
89170 12
89171 5
89172 -8
89173 17
89174 40
89175 10
89176 21
89177 2
89178 37
89179 16
89180 20
89181 -6
89182 0
89183 17
89184 9
89185 -2
89186 13
89187 12
89188 -9
89189 -3
89190 18
89191 0
89192 1
89193 15
89194 17
89195 12
89196 24
89197 4
89198 12
89199 12
89200 30
89201 20
89202 3
89203 9
89204 21
89205 11
89206 17
89207 20
89208 2
89209 -1
89210 5
89211 3
89212 16
89213 3
89214 25
89215 11
89216 11
89217 12
89218 -1
89219 12
89220 8
89221 5
89222 10
89223 17
89224 8
89225 16
89226 10
89227 -19
89228 1
89229 18
89230 17
89231 8
89232 4
89233 20
89234 19
89235 7
89236 12
89237 11
89238 19
89239 3
89240 -5
89241 5
89242 3
89243 -2
89244 7
89245 13
89246 3
89247 16
89248 -6
89249 13
89250 11
89251 34
89252 15
89253 19
89254 19
89255 18
89256 25
89257 1
89258 8
89259 2
89260 5
89261 -5
89262 6
89263 9
89264 2
89265 13
89266 18
89267 14
89268 12
89269 8
89270 26
89271 -3
89272 3
89273 4
89274 28
89275 2
89276 -6
89277 5
89278 10
89279 -8
89280 -3
89281 -2
89282 8
89283 26
89284 20
89285 -4
89286 4
89287 5
89288 -4
89289 -13
89290 6
89291 0
89292 -4
89293 -5
89294 13
89295 14
89296 6
89297 -3
89298 10
89299 29
89300 8
89301 11
89302 10
89303 10
89304 10
89305 3
89306 0
89307 7
89308 7
89309 6
89310 7
89311 14
89312 -22
89313 12
89314 12
89315 -12
89316 14
89317 11
89318 -1
89319 -4
89320 19
89321 -8
89322 26
89323 26
89324 19
89325 27
89326 6
89327 14
89328 -8
89329 15
89330 0
89331 -1
89332 15
89333 8
89334 8
89335 35
89336 38
89337 9
89338 -6
89339 17
89340 4
89341 26
89342 -1
89343 8
89344 10
89345 9
89346 6
89347 4
89348 -16
89349 6
89350 -4
89351 1
89352 20
89353 0
89354 -9
89355 9
89356 -4
89357 13
89358 16
89359 18
89360 13
89361 25
89362 18
89363 0
89364 10
89365 15
89366 14
89367 20
89368 -4
89369 39
89370 19
89371 -3
89372 1
89373 6
89374 24
89375 12
89376 -2
89377 9
89378 13
89379 7
89380 8
89381 5
89382 9
89383 -1
89384 35
89385 20
89386 6
89387 19
89388 -6
89389 7
89390 15
89391 -10
89392 72
89393 32
89394 4
89395 8
89396 7
89397 5
89398 20
89399 0
89400 -4
89401 11
89402 -9
89403 -1
89404 -8
89405 7
89406 0
89407 5
89408 15
89409 -5
89410 16
89411 5
89412 -14
89413 4
89414 0
89415 18
89416 -1
89417 -3
89418 -9
89419 26
89420 6
89421 3
89422 26
89423 18
89424 3
89425 -8
89426 -11
89427 7
89428 10
89429 11
89430 2
89431 23
89432 7
89433 10
89434 -8
89435 5
89436 -1
89437 2
89438 10
89439 24
89440 22
89441 20
89442 7
89443 26
89444 2
89445 -6
89446 24
89447 27
89448 -6
89449 28
89450 9
89451 5
89452 29
89453 41
89454 2
89455 0
89456 19
89457 5
89458 5
89459 11
89460 28
89461 24
89462 5
89463 1
89464 11
89465 22
89466 10
89467 2
89468 -7
89469 13
89470 10
89471 25
89472 13
89473 14
89474 0
89475 -7
89476 9
89477 9
89478 14
89479 8
89480 7
89481 15
89482 2
89483 -2
89484 19
89485 20
89486 21
89487 11
89488 1
89489 9
89490 10
89491 6
89492 8
89493 8
89494 -17
89495 14
89496 -1
89497 33
89498 6
89499 -2
89500 18
89501 18
89502 12
89503 -4
89504 7
89505 10
89506 2
89507 11
89508 13
89509 7
89510 -5
89511 -2
89512 14
89513 0
89514 8
89515 21
89516 -4
89517 14
89518 22
89519 -4
89520 10
89521 6
89522 25
89523 38
89524 13
89525 8
89526 -4
89527 38
89528 19
89529 12
89530 -8
89531 6
89532 6
89533 24
89534 8
89535 7
89536 3
89537 -2
89538 -1
89539 26
89540 5
89541 4
89542 15
89543 26
89544 -6
89545 23
89546 8
89547 10
89548 1
89549 17
89550 5
89551 -6
89552 22
89553 8
89554 4
89555 9
89556 8
89557 10
89558 4
89559 9
89560 21
89561 16
89562 -3
89563 -14
89564 22
89565 21
89566 5
89567 12
89568 -1
89569 6
89570 6
89571 21
89572 -25
89573 -14
89574 3
89575 4
89576 4
89577 6
89578 13
89579 3
89580 29
89581 2
89582 1
89583 14
89584 15
89585 21
89586 11
89587 -15
89588 12
89589 -13
89590 25
89591 3
89592 9
89593 -1
89594 -6
89595 10
89596 4
89597 9
89598 13
89599 19
89600 33
89601 16
89602 12
89603 0
89604 19
89605 1
89606 -8
89607 -9
89608 7
89609 -9
89610 10
89611 24
89612 11
89613 2
89614 18
89615 -2
89616 9
89617 4
89618 27
89619 16
89620 25
89621 9
89622 6
89623 20
89624 29
89625 9
89626 0
89627 -8
89628 16
89629 -10
89630 -2
89631 31
89632 37
89633 13
89634 14
89635 8
89636 -2
89637 9
89638 23
89639 5
89640 -17
89641 3
89642 24
89643 9
89644 14
89645 7
89646 -22
89647 26
89648 4
89649 -1
89650 15
89651 8
89652 3
89653 21
89654 -1
89655 16
89656 27
89657 -2
89658 -2
89659 11
89660 27
89661 15
89662 13
89663 17
89664 -11
89665 -8
89666 21
89667 14
89668 6
89669 9
89670 14
89671 2
89672 9
89673 8
89674 14
89675 13
89676 7
89677 20
89678 14
89679 12
89680 15
89681 17
89682 12
89683 8
89684 5
89685 -6
89686 3
89687 -29
89688 23
89689 -1
89690 -1
89691 2
89692 4
89693 30
89694 14
89695 10
89696 -14
89697 3
89698 1
89699 2
89700 10
89701 10
89702 -3
89703 7
89704 3
89705 18
89706 -8
89707 13
89708 11
89709 22
89710 1
89711 -3
89712 12
89713 11
89714 6
89715 12
89716 -8
89717 6
89718 2
89719 7
89720 2
89721 15
89722 -2
89723 -1
89724 25
89725 2
89726 22
89727 22
89728 6
89729 10
89730 13
89731 -5
89732 -3
89733 1
89734 6
89735 8
89736 -3
89737 3
89738 0
89739 21
89740 2
89741 8
89742 16
89743 -2
89744 15
89745 3
89746 15
89747 4
89748 -14
89749 3
89750 12
89751 6
89752 12
89753 10
89754 4
89755 23
89756 4
89757 22
89758 1
89759 -6
89760 1
89761 7
89762 15
89763 19
89764 8
89765 15
89766 -18
89767 5
89768 -1
89769 8
89770 25
89771 5
89772 9
89773 25
89774 -4
89775 -6
89776 10
89777 7
89778 1
89779 11
89780 -2
89781 8
89782 -5
89783 2
89784 8
89785 10
89786 12
89787 -4
89788 -3
89789 8
89790 15
89791 9
89792 11
89793 5
89794 -10
89795 15
89796 4
89797 10
89798 14
89799 1
89800 3
89801 11
89802 16
89803 17
89804 16
89805 -15
89806 18
89807 -5
89808 4
89809 9
89810 2
89811 15
89812 2
89813 4
89814 -7
89815 13
89816 13
89817 2
89818 5
89819 4
89820 28
89821 25
89822 17
89823 13
89824 -4
89825 1
89826 3
89827 4
89828 2
89829 4
89830 2
89831 13
89832 10
89833 6
89834 11
89835 26
89836 9
89837 -3
89838 6
89839 -9
89840 14
89841 -5
89842 14
89843 8
89844 38
89845 29
89846 4
89847 4
89848 2
89849 3
89850 5
89851 11
89852 6
89853 -3
89854 8
89855 -1
89856 -2
89857 4
89858 -2
89859 14
89860 11
89861 10
89862 -1
89863 -5
89864 3
89865 11
89866 10
89867 8
89868 -11
89869 3
89870 21
89871 7
89872 18
89873 23
89874 33
89875 0
89876 18
89877 -2
89878 15
89879 16
89880 8
89881 -1
89882 32
89883 -2
89884 17
89885 -2
89886 -3
89887 11
89888 11
89889 23
89890 9
89891 2
89892 2
89893 6
89894 0
89895 -7
89896 15
89897 7
89898 11
89899 7
89900 12
89901 11
89902 6
89903 41
89904 5
89905 9
89906 6
89907 21
89908 14
89909 7
89910 -2
89911 13
89912 -21
89913 22
89914 3
89915 13
89916 -5
89917 -12
89918 9
89919 17
89920 28
89921 16
89922 28
89923 -1
89924 -3
89925 -14
89926 22
89927 14
89928 4
89929 -1
89930 41
89931 0
89932 1
89933 5
89934 5
89935 -3
89936 5
89937 -4
89938 9
89939 22
89940 21
89941 5
89942 -7
89943 11
89944 13
89945 16
89946 22
89947 25
89948 28
89949 20
89950 40
89951 15
89952 10
89953 -1
89954 15
89955 -3
89956 19
89957 6
89958 1
89959 -4
89960 9
89961 16
89962 -23
89963 0
89964 13
89965 0
89966 8
89967 10
89968 5
89969 1
89970 -7
89971 10
89972 13
89973 14
89974 -4
89975 11
89976 -7
89977 10
89978 -5
89979 15
89980 9
89981 16
89982 6
89983 17
89984 14
89985 3
89986 3
89987 9
89988 26
89989 4
89990 3
89991 14
89992 -18
89993 -1
89994 -1
89995 6
89996 9
89997 11
89998 7
89999 14
90000 13
90001 -7
90002 23
90003 -11
90004 14
90005 8
90006 -8
90007 22
90008 12
90009 -10
90010 8
90011 -3
90012 12
90013 0
90014 12
90015 1
90016 6
90017 -7
90018 -5
90019 13
90020 12
90021 9
90022 -8
90023 4
90024 1
90025 3
90026 15
90027 17
90028 -2
90029 11
90030 10
90031 12
90032 4
90033 0
90034 12
90035 5
90036 6
90037 12
90038 20
90039 2
90040 20
90041 2
90042 13
90043 8
90044 29
90045 7
90046 -7
90047 16
90048 12
90049 -13
90050 -1
90051 15
90052 12
90053 12
90054 11
90055 9
90056 20
90057 7
90058 5
90059 -3
90060 1
90061 -5
90062 4
90063 7
90064 5
90065 23
90066 -13
90067 4
90068 6
90069 10
90070 11
90071 7
90072 9
90073 14
90074 17
90075 4
90076 2
90077 9
90078 8
90079 18
90080 10
90081 8
90082 -5
90083 8
90084 -4
90085 -12
90086 5
90087 15
90088 8
90089 26
90090 6
90091 2
90092 29
90093 5
90094 33
90095 12
90096 3
90097 10
90098 -5
90099 7
90100 33
90101 -1
90102 -2
90103 8
90104 21
90105 -5
90106 19
90107 17
90108 16
90109 1
90110 31
90111 0
90112 0
90113 -5
90114 13
90115 31
90116 5
90117 10
90118 15
90119 17
90120 1
90121 4
90122 26
90123 23
90124 -9
90125 8
90126 21
90127 22
90128 15
90129 1
90130 17
90131 5
90132 2
90133 -2
90134 16
90135 0
90136 11
90137 6
90138 13
90139 -3
90140 20
90141 11
90142 20
90143 1
90144 4
90145 -14
90146 12
90147 15
90148 4
90149 15
90150 16
90151 5
90152 -15
90153 16
90154 14
90155 11
90156 24
90157 -11
90158 13
90159 15
90160 15
90161 19
90162 13
90163 4
90164 15
90165 10
90166 -9
90167 5
90168 11
90169 2
90170 -5
90171 30
90172 1
90173 0
90174 1
90175 8
90176 1
90177 14
90178 5
90179 9
90180 13
90181 -1
90182 -11
90183 1
90184 11
90185 10
90186 21
90187 0
90188 7
90189 15
90190 21
90191 12
90192 27
90193 0
90194 3
90195 37
90196 6
90197 8
90198 -8
90199 6
90200 17
90201 24
90202 0
90203 -4
90204 32
90205 2
90206 20
90207 5
90208 0
90209 8
90210 25
90211 4
90212 13
90213 -1
90214 27
90215 4
90216 6
90217 20
90218 -3
90219 -5
90220 22
90221 7
90222 -1
90223 22
90224 8
90225 7
90226 34
90227 18
90228 6
90229 39
90230 6
90231 14
90232 18
90233 2
90234 6
90235 21
90236 -15
90237 4
90238 12
90239 9
90240 13
90241 47
90242 1
90243 5
90244 9
90245 22
90246 2
90247 1
90248 -9
90249 14
90250 3
90251 1
90252 -1
90253 -2
90254 1
90255 5
90256 8
90257 24
90258 18
90259 -2
90260 -20
90261 -1
90262 10
90263 13
90264 3
90265 3
90266 -7
90267 22
90268 10
90269 -4
90270 8
90271 -3
90272 18
90273 21
90274 19
90275 4
90276 13
90277 9
90278 5
90279 5
90280 -5
90281 -9
90282 5
90283 15
90284 6
90285 -1
90286 5
90287 -7
90288 9
90289 14
90290 -2
90291 18
90292 27
90293 2
90294 8
90295 4
90296 -5
90297 0
90298 14
90299 22
90300 29
90301 19
90302 9
90303 3
90304 10
90305 0
90306 -17
90307 7
90308 26
90309 -5
90310 34
90311 4
90312 6
90313 -2
90314 -4
90315 -1
90316 16
90317 -2
90318 3
90319 5
90320 1
90321 17
90322 36
90323 11
90324 -7
90325 18
90326 -16
90327 9
90328 9
90329 -9
90330 1
90331 7
90332 7
90333 4
90334 19
90335 4
90336 15
90337 1
90338 25
90339 2
90340 9
90341 -3
90342 13
90343 -10
90344 -6
90345 -1
90346 20
90347 16
90348 8
90349 18
90350 -2
90351 17
90352 -8
90353 9
90354 12
90355 10
90356 -3
90357 8
90358 0
90359 -4
90360 24
90361 13
90362 4
90363 12
90364 2
90365 23
90366 7
90367 0
90368 13
90369 27
90370 -1
90371 8
90372 11
90373 -7
90374 -4
90375 8
90376 12
90377 5
90378 17
90379 12
90380 6
90381 -15
90382 -11
90383 1
90384 3
90385 -2
90386 12
90387 18
90388 16
90389 -17
90390 22
90391 0
90392 34
90393 10
90394 13
90395 2
90396 0
90397 5
90398 40
90399 6
90400 29
90401 4
90402 -2
90403 -9
90404 3
90405 14
90406 9
90407 23
90408 4
90409 7
90410 -8
90411 16
90412 17
90413 7
90414 10
90415 2
90416 10
90417 12
90418 14
90419 6
90420 7
90421 15
90422 10
90423 17
90424 14
90425 2
90426 8
90427 0
90428 -1
90429 7
90430 11
90431 15
90432 10
90433 20
90434 2
90435 3
90436 1
90437 -1
90438 3
90439 9
90440 -8
90441 -6
90442 12
90443 2
90444 9
90445 -9
90446 19
90447 18
90448 2
90449 2
90450 12
90451 5
90452 1
90453 4
90454 13
90455 3
90456 5
90457 18
90458 10
90459 2
90460 16
90461 12
90462 -2
90463 5
90464 -8
90465 4
90466 2
90467 8
90468 -3
90469 3
90470 2
90471 -10
90472 -3
90473 -4
90474 -8
90475 -5
90476 29
90477 2
90478 21
90479 1
90480 8
90481 0
90482 10
90483 10
90484 4
90485 8
90486 12
90487 25
90488 -1
90489 4
90490 19
90491 15
90492 32
90493 13
90494 8
90495 7
90496 9
90497 29
90498 25
90499 12
90500 0
90501 10
90502 2
90503 8
90504 2
90505 -1
90506 -8
90507 2
90508 12
90509 -9
90510 -11
90511 41
90512 12
90513 7
90514 7
90515 13
90516 -3
90517 -12
90518 6
90519 2
90520 0
90521 107
90522 7
90523 11
90524 11
90525 -25
90526 49
90527 -10
90528 15
90529 17
90530 11
90531 0
90532 -10
90533 30
90534 18
90535 9
90536 8
90537 11
90538 7
90539 3
90540 5
90541 0
90542 -2
90543 0
90544 8
90545 7
90546 5
90547 6
90548 6
90549 10
90550 -3
90551 -10
90552 27
90553 -7
90554 -14
90555 -11
90556 3
90557 -5
90558 35
90559 -4
90560 6
90561 4
90562 8
90563 14
90564 10
90565 11
90566 -7
90567 -8
90568 -5
90569 3
90570 -2
90571 -10
90572 9
90573 16
90574 11
90575 28
90576 14
90577 -2
90578 -5
90579 -1
90580 15
90581 12
90582 -5
90583 6
90584 14
90585 14
90586 14
90587 -18
90588 -3
90589 11
90590 9
90591 20
90592 12
90593 -9
90594 -3
90595 5
90596 9
90597 8
90598 11
90599 -3
90600 -3
90601 2
90602 13
90603 17
90604 9
90605 10
90606 19
90607 47
90608 17
90609 5
90610 7
90611 0
90612 1
90613 20
90614 3
90615 7
90616 17
90617 -3
90618 -5
90619 26
90620 -8
90621 29
90622 1
90623 8
90624 -3
90625 13
90626 13
90627 2
90628 8
90629 7
90630 -16
90631 -5
90632 6
90633 11
90634 15
90635 -4
90636 7
90637 58
90638 16
90639 6
90640 13
90641 -1
90642 2
90643 29
90644 10
90645 21
90646 4
90647 4
90648 52
90649 12
90650 19
90651 8
90652 6
90653 11
90654 18
90655 9
90656 23
90657 0
90658 0
90659 -2
90660 -3
90661 4
90662 18
90663 29
90664 8
90665 13
90666 7
90667 -6
90668 17
90669 7
90670 7
90671 14
90672 -15
90673 5
90674 15
90675 11
90676 2
90677 -1
90678 0
90679 6
90680 11
90681 33
90682 21
90683 32
90684 23
90685 2
90686 13
90687 15
90688 -13
90689 0
90690 18
90691 4
90692 6
90693 7
90694 14
90695 4
90696 12
90697 9
90698 10
90699 20
90700 38
90701 21
90702 11
90703 0
90704 -1
90705 25
90706 -2
90707 10
90708 7
90709 20
90710 5
90711 -4
90712 9
90713 4
90714 -2
90715 -2
90716 14
90717 5
90718 24
90719 13
90720 20
90721 16
90722 5
90723 11
90724 8
90725 -10
90726 -3
90727 26
90728 0
90729 27
90730 0
90731 35
90732 8
90733 10
90734 -2
90735 19
90736 -5
90737 8
90738 0
90739 9
90740 -2
90741 33
90742 6
90743 -1
90744 5
90745 1
90746 -4
90747 9
90748 18
90749 29
90750 20
90751 -5
90752 20
90753 10
90754 1
90755 4
90756 2
90757 1
90758 27
90759 9
90760 9
90761 4
90762 16
90763 19
90764 0
90765 -9
90766 0
90767 14
90768 18
90769 30
90770 28
90771 14
90772 14
90773 19
90774 4
90775 6
90776 15
90777 9
90778 8
90779 -5
90780 1
90781 0
90782 19
90783 -12
90784 9
90785 15
90786 8
90787 20
90788 23
90789 19
90790 1
90791 -2
90792 9
90793 -4
90794 -10
90795 -1
90796 30
90797 -4
90798 4
90799 10
90800 7
90801 22
90802 -1
90803 5
90804 4
90805 16
90806 34
90807 19
90808 -11
90809 10
90810 -2
90811 -6
90812 7
90813 23
90814 -3
90815 12
90816 -2
90817 3
90818 43
90819 -10
90820 6
90821 19
90822 17
90823 14
90824 -3
90825 7
90826 13
90827 7
90828 5
90829 23
90830 -6
90831 -3
90832 15
90833 -1
90834 -5
90835 6
90836 13
90837 -3
90838 6
90839 -8
90840 2
90841 0
90842 19
90843 3
90844 1
90845 -11
90846 14
90847 27
90848 -5
90849 -8
90850 3
90851 15
90852 0
90853 18
90854 17
90855 5
90856 7
90857 10
90858 20
90859 -1
90860 18
90861 5
90862 -3
90863 5
90864 1
90865 0
90866 10
90867 17
90868 5
90869 71
90870 14
90871 6
90872 14
90873 18
90874 17
90875 10
90876 4
90877 -9
90878 -5
90879 2
90880 21
90881 6
90882 9
90883 16
90884 -2
90885 8
90886 21
90887 3
90888 -3
90889 20
90890 9
90891 32
90892 -2
90893 11
90894 7
90895 6
90896 -4
90897 0
90898 -1
90899 19
90900 11
90901 10
90902 2
90903 12
90904 26
90905 7
90906 13
90907 2
90908 -4
90909 13
90910 7
90911 0
90912 13
90913 14
90914 -4
90915 7
90916 -6
90917 9
90918 -1
90919 14
90920 -8
90921 -3
90922 -5
90923 1
90924 -2
90925 -10
90926 -4
90927 21
90928 14
90929 15
90930 -9
90931 9
90932 24
90933 9
90934 6
90935 -1
90936 3
90937 16
90938 5
90939 6
90940 5
90941 8
90942 18
90943 0
90944 -3
90945 10
90946 23
90947 8
90948 40
90949 16
90950 12
90951 -10
90952 18
90953 7
90954 3
90955 -6
90956 11
90957 -6
90958 -4
90959 18
90960 21
90961 2
90962 -5
90963 9
90964 23
90965 8
90966 7
90967 9
90968 14
90969 13
90970 -12
90971 13
90972 7
90973 14
90974 26
90975 -2
90976 9
90977 -4
90978 1
90979 -2
90980 9
90981 13
90982 -3
90983 4
90984 22
90985 9
90986 10
90987 0
90988 2
90989 7
90990 15
90991 5
90992 6
90993 19
90994 21
90995 11
90996 4
90997 2
90998 -6
90999 12
91000 14
91001 8
91002 11
91003 -19
91004 10
91005 2
91006 7
91007 2
91008 -3
91009 17
91010 11
91011 25
91012 -1
91013 16
91014 6
91015 0
91016 9
91017 7
91018 4
91019 -2
91020 3
91021 7
91022 8
91023 11
91024 -7
91025 0
91026 0
91027 -1
91028 -5
91029 5
91030 -10
91031 18
91032 19
91033 10
91034 -12
91035 5
91036 2
91037 -7
91038 4
91039 36
91040 14
91041 8
91042 2
91043 9
91044 21
91045 17
91046 -27
91047 -2
91048 11
91049 -8
91050 17
91051 20
91052 2
91053 5
91054 5
91055 8
91056 -3
91057 11
91058 -3
91059 -1
91060 4
91061 5
91062 -3
91063 9
91064 24
91065 6
91066 -4
91067 15
91068 12
91069 3
91070 10
91071 -5
91072 6
91073 3
91074 5
91075 14
91076 8
91077 -1
91078 9
91079 2
91080 12
91081 70
91082 10
91083 8
91084 21
91085 10
91086 -2
91087 5
91088 20
91089 18
91090 8
91091 -12
91092 -1
91093 26
91094 13
91095 14
91096 1
91097 6
91098 7
91099 -6
91100 15
91101 17
91102 6
91103 -5
91104 21
91105 7
91106 11
91107 10
91108 23
91109 39
91110 -4
91111 14
91112 6
91113 -12
91114 -22
91115 6
91116 -3
91117 7
91118 -3
91119 4
91120 10
91121 -8
91122 -5
91123 5
91124 4
91125 13
91126 4
91127 4
91128 -1
91129 18
91130 26
91131 8
91132 14
91133 3
91134 10
91135 8
91136 8
91137 71
91138 -1
91139 1
91140 26
91141 10
91142 5
91143 -7
91144 2
91145 -1
91146 14
91147 -6
91148 1
91149 10
91150 21
91151 21
91152 -8
91153 0
91154 4
91155 3
91156 -10
91157 -1
91158 7
91159 18
91160 27
91161 18
91162 -2
91163 5
91164 6
91165 22
91166 -2
91167 6
91168 -2
91169 12
91170 3
91171 -5
91172 4
91173 3
91174 19
91175 9
91176 -9
91177 2
91178 -1
91179 5
91180 17
91181 5
91182 11
91183 13
91184 -1
91185 10
91186 11
91187 -2
91188 1
91189 22
91190 25
91191 13
91192 -10
91193 45
91194 -1
91195 8
91196 11
91197 0
91198 16
91199 1
91200 20
91201 -6
91202 5
91203 19
91204 12
91205 4
91206 11
91207 17
91208 12
91209 20
91210 12
91211 19
91212 10
91213 -6
91214 22
91215 20
91216 -19
91217 12
91218 17
91219 6
91220 -5
91221 22
91222 -4
91223 -1
91224 -3
91225 12
91226 5
91227 17
91228 6
91229 -6
91230 3
91231 17
91232 -1
91233 13
91234 10
91235 15
91236 10
91237 25
91238 -2
91239 11
91240 8
91241 10
91242 17
91243 19
91244 21
91245 -22
91246 4
91247 8
91248 -7
91249 13
91250 12
91251 7
91252 -4
91253 23
91254 1
91255 1
91256 -6
91257 5
91258 0
91259 2
91260 11
91261 -3
91262 4
91263 31
91264 15
91265 4
91266 2
91267 14
91268 19
91269 14
91270 5
91271 -13
91272 32
91273 23
91274 11
91275 17
91276 14
91277 18
91278 -6
91279 24
91280 4
91281 6
91282 12
91283 2
91284 0
91285 43
91286 17
91287 30
91288 4
91289 19
91290 1
91291 7
91292 -20
91293 15
91294 -9
91295 14
91296 4
91297 12
91298 -9
91299 -3
91300 7
91301 20
91302 -7
91303 -2
91304 0
91305 17
91306 -7
91307 17
91308 7
91309 1
91310 8
91311 11
91312 1
91313 16
91314 14
91315 10
91316 14
91317 14
91318 0
91319 9
91320 18
91321 20
91322 6
91323 12
91324 6
91325 2
91326 1
91327 -6
91328 0
91329 24
91330 19
91331 6
91332 7
91333 6
91334 -2
91335 8
91336 8
91337 -7
91338 -1
91339 -2
91340 16
91341 -5
91342 2
91343 5
91344 -2
91345 -2
91346 -4
91347 10
91348 6
91349 8
91350 -14
91351 -7
91352 10
91353 7
91354 16
91355 -2
91356 -16
91357 5
91358 -4
91359 -3
91360 15
91361 31
91362 19
91363 12
91364 32
91365 -2
91366 -2
91367 5
91368 26
91369 8
91370 -8
91371 2
91372 16
91373 -1
91374 6
91375 18
91376 2
91377 4
91378 30
91379 9
91380 21
91381 -2
91382 8
91383 5
91384 8
91385 10
91386 15
91387 12
91388 12
91389 13
91390 2
91391 -3
91392 12
91393 -18
91394 20
91395 38
91396 -4
91397 2
91398 3
91399 -4
91400 0
91401 10
91402 15
91403 5
91404 17
91405 19
91406 -1
91407 -21
91408 3
91409 11
91410 10
91411 4
91412 6
91413 -1
91414 -8
91415 11
91416 3
91417 0
91418 2
91419 2
91420 7
91421 0
91422 5
91423 2
91424 39
91425 -2
91426 30
91427 -1
91428 15
91429 6
91430 4
91431 12
91432 1
91433 -4
91434 28
91435 -1
91436 22
91437 -11
91438 16
91439 10
91440 1
91441 5
91442 13
91443 23
91444 -16
91445 4
91446 14
91447 9
91448 20
91449 -2
91450 19
91451 2
91452 32
91453 6
91454 0
91455 3
91456 -8
91457 -11
91458 21
91459 9
91460 1
91461 22
91462 -9
91463 1
91464 5
91465 20
91466 -12
91467 7
91468 4
91469 6
91470 24
91471 6
91472 5
91473 29
91474 29
91475 3
91476 16
91477 2
91478 4
91479 -4
91480 12
91481 8
91482 -4
91483 26
91484 1
91485 -6
91486 -9
91487 10
91488 8
91489 -6
91490 -10
91491 6
91492 -9
91493 11
91494 -4
91495 -14
91496 1
91497 8
91498 8
91499 7
91500 -5
91501 13
91502 4
91503 8
91504 -6
91505 7
91506 6
91507 0
91508 49
91509 5
91510 18
91511 16
91512 11
91513 11
91514 8
91515 10
91516 14
91517 9
91518 -6
91519 24
91520 4
91521 10
91522 11
91523 15
91524 8
91525 1
91526 3
91527 16
91528 -5
91529 0
91530 12
91531 11
91532 9
91533 6
91534 11
91535 -6
91536 6
91537 -6
91538 -11
91539 13
91540 5
91541 -2
91542 -8
91543 -5
91544 2
91545 5
91546 19
91547 0
91548 16
91549 3
91550 8
91551 -6
91552 15
91553 -3
91554 3
91555 2
91556 -5
91557 15
91558 13
91559 0
91560 15
91561 14
91562 1
91563 9
91564 4
91565 -9
91566 5
91567 19
91568 -10
91569 1
91570 -10
91571 -1
91572 2
91573 42
91574 0
91575 3
91576 47
91577 4
91578 -7
91579 -14
91580 -1
91581 10
91582 7
91583 -2
91584 2
91585 1
91586 8
91587 1
91588 4
91589 0
91590 -7
91591 3
91592 -21
91593 27
91594 4
91595 7
91596 16
91597 1
91598 25
91599 14
91600 6
91601 15
91602 9
91603 0
91604 -7
91605 -8
91606 9
91607 20
91608 1
91609 1
91610 16
91611 -1
91612 10
91613 6
91614 4
91615 2
91616 7
91617 2
91618 3
91619 8
91620 31
91621 10
91622 1
91623 -11
91624 -16
91625 9
91626 -20
91627 24
91628 8
91629 8
91630 -7
91631 7
91632 -4
91633 2
91634 19
91635 -14
91636 -11
91637 12
91638 0
91639 14
91640 -8
91641 4
91642 15
91643 12
91644 8
91645 33
91646 -14
91647 17
91648 5
91649 29
91650 18
91651 3
91652 3
91653 1
91654 0
91655 -2
91656 11
91657 7
91658 5
91659 2
91660 10
91661 5
91662 15
91663 17
91664 -26
91665 11
91666 -3
91667 10
91668 7
91669 12
91670 -3
91671 -11
91672 8
91673 -4
91674 4
91675 0
91676 7
91677 8
91678 1
91679 3
91680 1
91681 6
91682 25
91683 -13
91684 10
91685 25
91686 -11
91687 2
91688 1
91689 -2
91690 2
91691 31
91692 10
91693 4
91694 26
91695 18
91696 9
91697 5
91698 30
91699 7
91700 5
91701 36
91702 4
91703 0
91704 5
91705 -1
91706 -3
91707 10
91708 8
91709 17
91710 -11
91711 -5
91712 13
91713 11
91714 15
91715 -3
91716 5
91717 -12
91718 -7
91719 22
91720 5
91721 -2
91722 8
91723 -7
91724 4
91725 17
91726 13
91727 1
91728 6
91729 5
91730 -4
91731 8
91732 14
91733 6
91734 6
91735 23
91736 32
91737 14
91738 7
91739 10
91740 -6
91741 14
91742 -2
91743 0
91744 -19
91745 5
91746 -8
91747 4
91748 -12
91749 -14
91750 -3
91751 16
91752 4
91753 9
91754 3
91755 11
91756 -8
91757 4
91758 -6
91759 4
91760 7
91761 -2
91762 30
91763 5
91764 32
91765 16
91766 -8
91767 2
91768 6
91769 -2
91770 10
91771 9
91772 46
91773 2
91774 2
91775 1
91776 10
91777 0
91778 -1
91779 9
91780 11
91781 14
91782 -5
91783 10
91784 18
91785 7
91786 8
91787 -2
91788 11
91789 8
91790 10
91791 -1
91792 25
91793 5
91794 13
91795 -6
91796 2
91797 24
91798 2
91799 0
91800 19
91801 18
91802 12
91803 9
91804 5
91805 13
91806 1
91807 -10
91808 2
91809 5
91810 -18
91811 -2
91812 -3
91813 17
91814 11
91815 5
91816 8
91817 0
91818 -3
91819 20
91820 -2
91821 4
91822 9
91823 -3
91824 2
91825 5
91826 -2
91827 3
91828 -10
91829 29
91830 5
91831 5
91832 13
91833 1
91834 15
91835 4
91836 4
91837 -7
91838 0
91839 -16
91840 13
91841 8
91842 1
91843 14
91844 2
91845 -1
91846 -3
91847 -13
91848 14
91849 12
91850 8
91851 9
91852 0
91853 6
91854 0
91855 -5
91856 2
91857 12
91858 -2
91859 2
91860 -5
91861 28
91862 21
91863 6
91864 11
91865 -1
91866 -5
91867 0
91868 9
91869 7
91870 -4
91871 4
91872 9
91873 3
91874 1
91875 3
91876 3
91877 17
91878 -4
91879 12
91880 1
91881 14
91882 6
91883 12
91884 -13
91885 -4
91886 9
91887 -8
91888 16
91889 -3
91890 -1
91891 15
91892 3
91893 -7
91894 -2
91895 -3
91896 8
91897 5
91898 6
91899 7
91900 -4
91901 1
91902 11
91903 -9
91904 -3
91905 11
91906 5
91907 11
91908 11
91909 -3
91910 -7
91911 1
91912 -1
91913 -15
91914 21
91915 8
91916 -7
91917 -9
91918 2
91919 -8
91920 -3
91921 -10
91922 4
91923 10
91924 6
91925 -5
91926 20
91927 -9
91928 1
91929 24
91930 7
91931 -6
91932 -8
91933 -12
91934 -15
91935 18
91936 -3
91937 6
91938 6
91939 23
91940 -14
91941 -13
91942 -7
91943 5
91944 29
91945 15
91946 13
91947 14
91948 1
91949 9
91950 8
91951 12
91952 7
91953 4
91954 14
91955 -3
91956 3
91957 17
91958 9
91959 4
91960 -11
91961 25
91962 7
91963 7
91964 18
91965 1
91966 27
91967 -10
91968 8
91969 -5
91970 -8
91971 14
91972 19
91973 6
91974 15
91975 4
91976 -3
91977 2
91978 20
91979 13
91980 -2
91981 8
91982 2
91983 3
91984 -8
91985 11
91986 -9
91987 22
91988 3
91989 5
91990 11
91991 -3
91992 10
91993 3
91994 7
91995 6
91996 23
91997 -3
91998 4
91999 7
92000 0
92001 18
92002 8
92003 2
92004 -5
92005 2
92006 7
92007 2
92008 2
92009 29
92010 5
92011 4
92012 4
92013 6
92014 21
92015 6
92016 2
92017 3
92018 -3
92019 -5
92020 1
92021 10
92022 4
92023 18
92024 -5
92025 5
92026 7
92027 0
92028 16
92029 6
92030 -1
92031 13
92032 8
92033 -5
92034 23
92035 8
92036 12
92037 -15
92038 12
92039 17
92040 11
92041 18
92042 13
92043 5
92044 5
92045 26
92046 1
92047 -4
92048 2
92049 8
92050 2
92051 2
92052 14
92053 -4
92054 9
92055 22
92056 5
92057 5
92058 -1
92059 -14
92060 -6
92061 -3
92062 -4
92063 5
92064 7
92065 -2
92066 3
92067 -1
92068 12
92069 18
92070 8
92071 5
92072 -7
92073 24
92074 3
92075 -2
92076 5
92077 9
92078 14
92079 11
92080 3
92081 2
92082 -12
92083 0
92084 -6
92085 2
92086 21
92087 -2
92088 -8
92089 19
92090 -2
92091 19
92092 19
92093 -3
92094 3
92095 -2
92096 16
92097 21
92098 -6
92099 -6
92100 -11
92101 20
92102 -20
92103 -3
92104 -5
92105 7
92106 -4
92107 2
92108 7
92109 16
92110 12
92111 -11
92112 18
92113 2
92114 -3
92115 27
92116 -5
92117 -2
92118 3
92119 12
92120 5
92121 8
92122 7
92123 -9
92124 -8
92125 20
92126 21
92127 15
92128 -11
92129 29
92130 -12
92131 3
92132 7
92133 7
92134 16
92135 7
92136 -3
92137 17
92138 8
92139 3
92140 2
92141 3
92142 -19
92143 9
92144 15
92145 14
92146 -3
92147 17
92148 3
92149 2
92150 -5
92151 -1
92152 7
92153 11
92154 5
92155 14
92156 5
92157 -9
92158 -3
92159 5
92160 15
92161 5
92162 12
92163 -18
92164 -3
92165 -2
92166 2
92167 16
92168 -1
92169 5
92170 3
92171 7
92172 0
92173 -7
92174 -22
92175 4
92176 -4
92177 -3
92178 10
92179 9
92180 4
92181 -9
92182 2
92183 4
92184 16
92185 -6
92186 -8
92187 7
92188 11
92189 14
92190 0
92191 10
92192 0
92193 -4
92194 7
92195 12
92196 -1
92197 17
92198 13
92199 4
92200 23
92201 81
92202 6
92203 -8
92204 5
92205 8
92206 7
92207 0
92208 -5
92209 14
92210 -4
92211 8
92212 18
92213 -6
92214 8
92215 11
92216 31
92217 7
92218 -2
92219 24
92220 -2
92221 19
92222 5
92223 19
92224 10
92225 2
92226 2
92227 11
92228 11
92229 2
92230 2
92231 10
92232 7
92233 -14
92234 4
92235 14
92236 -10
92237 6
92238 41
92239 -3
92240 15
92241 -2
92242 4
92243 9
92244 11
92245 -14
92246 7
92247 2
92248 5
92249 19
92250 8
92251 8
92252 14
92253 -3
92254 2
92255 0
92256 10
92257 0
92258 27
92259 4
92260 -4
92261 -4
92262 -9
92263 8
92264 11
92265 3
92266 16
92267 1
92268 -8
92269 -9
92270 7
92271 10
92272 11
92273 2
92274 16
92275 10
92276 7
92277 16
92278 15
92279 2
92280 8
92281 5
92282 16
92283 -7
92284 17
92285 -10
92286 -1
92287 6
92288 18
92289 12
92290 2
92291 -11
92292 -5
92293 14
92294 10
92295 3
92296 -5
92297 5
92298 4
92299 12
92300 3
92301 -5
92302 16
92303 11
92304 -7
92305 11
92306 29
92307 7
92308 -3
92309 0
92310 13
92311 3
92312 -5
92313 21
92314 -1
92315 16
92316 -1
92317 12
92318 -2
92319 20
92320 20
92321 51
92322 -8
92323 12
92324 -7
92325 -9
92326 23
92327 7
92328 -1
92329 6
92330 12
92331 3
92332 -1
92333 0
92334 3
92335 5
92336 9
92337 15
92338 2
92339 -8
92340 -3
92341 -11
92342 -6
92343 10
92344 -5
92345 4
92346 5
92347 10
92348 17
92349 6
92350 16
92351 3
92352 13
92353 15
92354 18
92355 -6
92356 3
92357 -5
92358 9
92359 6
92360 14
92361 -7
92362 26
92363 1
92364 -5
92365 -1
92366 -5
92367 -9
92368 21
92369 -13
92370 -2
92371 6
92372 -3
92373 -4
92374 1
92375 7
92376 -3
92377 -4
92378 10
92379 29
92380 1
92381 17
92382 14
92383 22
92384 13
92385 5
92386 9
92387 -2
92388 13
92389 8
92390 6
92391 12
92392 8
92393 10
92394 9
92395 8
92396 -12
92397 16
92398 -3
92399 0
92400 11
92401 8
92402 36
92403 -10
92404 1
92405 5
92406 -2
92407 -14
92408 18
92409 32
92410 -2
92411 38
92412 15
92413 -1
92414 -12
92415 -11
92416 -2
92417 24
92418 -11
92419 5
92420 19
92421 0
92422 10
92423 1
92424 18
92425 13
92426 4
92427 10
92428 -2
92429 9
92430 2
92431 1
92432 4
92433 0
92434 6
92435 7
92436 -6
92437 16
92438 21
92439 8
92440 19
92441 8
92442 10
92443 8
92444 4
92445 10
92446 11
92447 1
92448 40
92449 12
92450 5
92451 11
92452 -3
92453 19
92454 -12
92455 -8
92456 4
92457 12
92458 18
92459 -6
92460 8
92461 3
92462 2
92463 5
92464 9
92465 13
92466 6
92467 10
92468 3
92469 -6
92470 -3
92471 18
92472 6
92473 -2
92474 10
92475 3
92476 31
92477 15
92478 0
92479 -9
92480 5
92481 15
92482 13
92483 -1
92484 1
92485 -4
92486 6
92487 1
92488 25
92489 17
92490 -3
92491 -1
92492 15
92493 -6
92494 6
92495 4
92496 -10
92497 13
92498 11
92499 -3
92500 3
92501 5
92502 15
92503 4
92504 8
92505 12
92506 -3
92507 7
92508 10
92509 4
92510 12
92511 53
92512 -5
92513 -1
92514 -13
92515 4
92516 -7
92517 3
92518 3
92519 -6
92520 2
92521 10
92522 2
92523 10
92524 5
92525 -5
92526 6
92527 -6
92528 5
92529 -8
92530 2
92531 -2
92532 -2
92533 -3
92534 -2
92535 -9
92536 13
92537 1
92538 6
92539 5
92540 -20
92541 22
92542 -2
92543 4
92544 3
92545 20
92546 6
92547 -2
92548 6
92549 11
92550 0
92551 21
92552 19
92553 -11
92554 -26
92555 1
92556 6
92557 24
92558 9
92559 -13
92560 1
92561 -12
92562 -7
92563 9
92564 -1
92565 3
92566 5
92567 6
92568 16
92569 19
92570 4
92571 -2
92572 21
92573 0
92574 -3
92575 67
92576 9
92577 0
92578 4
92579 6
92580 -1
92581 28
92582 3
92583 2
92584 -4
92585 13
92586 -1
92587 14
92588 18
92589 6
92590 3
92591 -15
92592 2
92593 4
92594 3
92595 28
92596 4
92597 40
92598 -6
92599 13
92600 -1
92601 5
92602 19
92603 3
92604 7
92605 3
92606 36
92607 -3
92608 23
92609 25
92610 4
92611 20
92612 -19
92613 -20
92614 12
92615 14
92616 20
92617 12
92618 14
92619 4
92620 6
92621 12
92622 9
92623 5
92624 14
92625 7
92626 -9
92627 9
92628 -1
92629 21
92630 4
92631 0
92632 5
92633 14
92634 2
92635 -4
92636 6
92637 14
92638 22
92639 13
92640 17
92641 8
92642 11
92643 2
92644 -3
92645 13
92646 -6
92647 14
92648 26
92649 2
92650 2
92651 -14
92652 17
92653 14
92654 0
92655 -6
92656 0
92657 -4
92658 -4
92659 10
92660 8
92661 5
92662 10
92663 14
92664 8
92665 -4
92666 8
92667 -1
92668 -4
92669 9
92670 19
92671 1
92672 2
92673 -8
92674 8
92675 3
92676 16
92677 17
92678 16
92679 -1
92680 4
92681 -5
92682 1
92683 18
92684 11
92685 9
92686 27
92687 17
92688 5
92689 3
92690 0
92691 1
92692 3
92693 11
92694 -3
92695 9
92696 -6
92697 -4
92698 4
92699 -20
92700 4
92701 11
92702 -4
92703 -17
92704 15
92705 7
92706 -1
92707 14
92708 -2
92709 12
92710 -1
92711 2
92712 4
92713 -1
92714 16
92715 8
92716 -10
92717 6
92718 -1
92719 20
92720 1
92721 6
92722 1
92723 11
92724 3
92725 10
92726 24
92727 12
92728 -3
92729 -7
92730 2
92731 8
92732 -2
92733 13
92734 26
92735 3
92736 12
92737 11
92738 3
92739 8
92740 12
92741 17
92742 30
92743 6
92744 9
92745 7
92746 7
92747 15
92748 11
92749 -6
92750 8
92751 2
92752 2
92753 22
92754 2
92755 5
92756 14
92757 18
92758 -17
92759 13
92760 1
92761 26
92762 -7
92763 16
92764 20
92765 1
92766 1
92767 -8
92768 -10
92769 11
92770 1
92771 -1
92772 -9
92773 4
92774 22
92775 0
92776 4
92777 0
92778 15
92779 9
92780 -6
92781 0
92782 20
92783 3
92784 3
92785 6
92786 -1
92787 33
92788 1
92789 23
92790 -5
92791 7
92792 14
92793 15
92794 0
92795 8
92796 11
92797 16
92798 -12
92799 30
92800 -5
92801 -4
92802 0
92803 -5
92804 6
92805 -13
92806 -4
92807 12
92808 7
92809 9
92810 7
92811 22
92812 2
92813 10
92814 2
92815 0
92816 -15
92817 -8
92818 0
92819 22
92820 16
92821 3
92822 6
92823 4
92824 8
92825 3
92826 -9
92827 19
92828 3
92829 13
92830 -6
92831 5
92832 -5
92833 10
92834 6
92835 -5
92836 -2
92837 0
92838 17
92839 -6
92840 5
92841 8
92842 10
92843 6
92844 -3
92845 8
92846 1
92847 13
92848 13
92849 19
92850 6
92851 5
92852 8
92853 -3
92854 22
92855 -7
92856 5
92857 23
92858 -6
92859 -4
92860 2
92861 13
92862 6
92863 3
92864 4
92865 14
92866 18
92867 -2
92868 0
92869 6
92870 13
92871 3
92872 6
92873 21
92874 20
92875 1
92876 17
92877 17
92878 -3
92879 29
92880 0
92881 -2
92882 9
92883 -2
92884 0
92885 16
92886 18
92887 -1
92888 13
92889 3
92890 7
92891 -1
92892 -16
92893 27
92894 5
92895 20
92896 -9
92897 7
92898 -4
92899 -4
92900 7
92901 -9
92902 12
92903 11
92904 10
92905 6
92906 12
92907 2
92908 6
92909 -7
92910 -1
92911 -8
92912 -3
92913 -7
92914 -8
92915 21
92916 13
92917 4
92918 -2
92919 10
92920 4
92921 6
92922 5
92923 12
92924 10
92925 5
92926 12
92927 -4
92928 9
92929 1
92930 3
92931 11
92932 2
92933 -1
92934 10
92935 12
92936 5
92937 -8
92938 -1
92939 0
92940 8
92941 0
92942 16
92943 -23
92944 -6
92945 6
92946 18
92947 -4
92948 17
92949 6
92950 4
92951 25
92952 19
92953 10
92954 5
92955 10
92956 13
92957 13
92958 4
92959 -1
92960 10
92961 6
92962 -22
92963 -2
92964 2
92965 -9
92966 23
92967 5
92968 9
92969 2
92970 21
92971 25
92972 10
92973 15
92974 1
92975 26
92976 3
92977 13
92978 0
92979 -6
92980 -5
92981 1
92982 3
92983 0
92984 6
92985 -7
92986 2
92987 -11
92988 0
92989 10
92990 8
92991 22
92992 6
92993 -2
92994 -24
92995 -1
92996 -2
92997 20
92998 4
92999 8
93000 12
93001 3
93002 12
93003 17
93004 7
93005 -3
93006 2
93007 16
93008 15
93009 32
93010 -4
93011 -13
93012 4
93013 8
93014 3
93015 5
93016 -3
93017 1
93018 -9
93019 27
93020 -4
93021 8
93022 -4
93023 -1
93024 -3
93025 23
93026 3
93027 -4
93028 2
93029 1
93030 15
93031 26
93032 -17
93033 16
93034 10
93035 6
93036 -3
93037 -9
93038 7
93039 13
93040 6
93041 -6
93042 -6
93043 -8
93044 7
93045 -2
93046 -6
93047 4
93048 18
93049 10
93050 0
93051 3
93052 14
93053 25
93054 3
93055 15
93056 5
93057 15
93058 10
93059 12
93060 -9
93061 5
93062 -5
93063 3
93064 15
93065 3
93066 12
93067 7
93068 4
93069 1
93070 13
93071 -4
93072 -6
93073 17
93074 7
93075 -3
93076 28
93077 26
93078 -11
93079 -6
93080 2
93081 26
93082 -11
93083 9
93084 6
93085 -1
93086 -10
93087 0
93088 26
93089 -2
93090 3
93091 7
93092 8
93093 0
93094 29
93095 1
93096 3
93097 -2
93098 1
93099 3
93100 3
93101 5
93102 19
93103 -5
93104 -7
93105 -3
93106 21
93107 6
93108 -1
93109 29
93110 10
93111 9
93112 9
93113 3
93114 12
93115 -15
93116 -5
93117 5
93118 -1
93119 20
93120 14
93121 5
93122 9
93123 -7
93124 2
93125 24
93126 -22
93127 -8
93128 10
93129 4
93130 -4
93131 -6
93132 11
93133 4
93134 -9
93135 4
93136 1
93137 11
93138 2
93139 1
93140 3
93141 -16
93142 11
93143 9
93144 17
93145 5
93146 8
93147 -8
93148 12
93149 10
93150 9
93151 22
93152 -4
93153 22
93154 -1
93155 -2
93156 0
93157 -8
93158 12
93159 3
93160 4
93161 4
93162 8
93163 17
93164 12
93165 -10
93166 -4
93167 1
93168 10
93169 -2
93170 15
93171 30
93172 0
93173 5
93174 16
93175 18
93176 -3
93177 12
93178 2
93179 0
93180 28
93181 19
93182 2
93183 5
93184 2
93185 9
93186 16
93187 1
93188 14
93189 9
93190 2
93191 -3
93192 15
93193 2
93194 9
93195 13
93196 11
93197 6
93198 8
93199 7
93200 7
93201 8
93202 23
93203 14
93204 14
93205 11
93206 -3
93207 10
93208 0
93209 0
93210 1
93211 6
93212 23
93213 -2
93214 7
93215 10
93216 10
93217 -3
93218 -3
93219 18
93220 -2
93221 16
93222 7
93223 -1
93224 -5
93225 13
93226 -16
93227 14
93228 7
93229 15
93230 9
93231 15
93232 12
93233 -2
93234 5
93235 10
93236 22
93237 17
93238 -5
93239 -5
93240 2
93241 10
93242 0
93243 6
93244 2
93245 4
93246 -4
93247 7
93248 15
93249 2
93250 -11
93251 -14
93252 13
93253 10
93254 9
93255 3
93256 13
93257 5
93258 -2
93259 -10
93260 11
93261 5
93262 5
93263 12
93264 -6
93265 10
93266 3
93267 -2
93268 5
93269 0
93270 20
93271 16
93272 -7
93273 2
93274 3
93275 2
93276 19
93277 8
93278 2
93279 -3
93280 14
93281 12
93282 15
93283 0
93284 2
93285 7
93286 5
93287 -2
93288 -4
93289 -4
93290 24
93291 6
93292 19
93293 5
93294 -11
93295 13
93296 9
93297 -2
93298 -13
93299 8
93300 7
93301 2
93302 10
93303 -1
93304 3
93305 -8
93306 1
93307 5
93308 4
93309 11
93310 -3
93311 27
93312 13
93313 14
93314 -3
93315 9
93316 29
93317 8
93318 5
93319 -5
93320 15
93321 4
93322 20
93323 4
93324 1
93325 11
93326 -3
93327 -2
93328 8
93329 13
93330 -24
93331 -1
93332 -9
93333 9
93334 7
93335 11
93336 1
93337 18
93338 8
93339 11
93340 2
93341 -10
93342 -4
93343 9
93344 -3
93345 -3
93346 4
93347 -1
93348 -7
93349 -2
93350 1
93351 9
93352 5
93353 8
93354 -7
93355 -10
93356 26
93357 14
93358 -7
93359 -2
93360 -12
93361 -5
93362 2
93363 7
93364 -1
93365 -2
93366 -3
93367 -24
93368 6
93369 6
93370 15
93371 24
93372 -1
93373 1
93374 5
93375 -4
93376 1
93377 9
93378 6
93379 -14
93380 -15
93381 12
93382 -3
93383 17
93384 -1
93385 -3
93386 3
93387 6
93388 -12
93389 -5
93390 4
93391 11
93392 16
93393 15
93394 1
93395 -13
93396 6
93397 19
93398 3
93399 3
93400 0
93401 12
93402 -15
93403 8
93404 -6
93405 -4
93406 12
93407 9
93408 2
93409 -6
93410 3
93411 0
93412 5
93413 4
93414 3
93415 4
93416 -7
93417 14
93418 1
93419 -2
93420 9
93421 11
93422 14
93423 0
93424 7
93425 3
93426 -3
93427 12
93428 -17
93429 5
93430 8
93431 -1
93432 17
93433 3
93434 14
93435 4
93436 6
93437 7
93438 0
93439 -1
93440 9
93441 -12
93442 6
93443 -4
93444 -5
93445 -5
93446 10
93447 -8
93448 -10
93449 3
93450 12
93451 1
93452 -5
93453 28
93454 -5
93455 -1
93456 -13
93457 10
93458 -1
93459 12
93460 -2
93461 8
93462 7
93463 3
93464 -12
93465 -7
93466 6
93467 7
93468 -1
93469 6
93470 10
93471 -8
93472 54
93473 2
93474 11
93475 2
93476 -3
93477 -3
93478 10
93479 23
93480 11
93481 4
93482 -5
93483 18
93484 29
93485 -3
93486 14
93487 -11
93488 10
93489 2
93490 -1
93491 4
93492 9
93493 -12
93494 -7
93495 16
93496 6
93497 -4
93498 0
93499 10
93500 1
93501 6
93502 2
93503 -12
93504 12
93505 2
93506 13
93507 -6
93508 0
93509 -3
93510 11
93511 6
93512 -13
93513 15
93514 11
93515 -1
93516 -3
93517 17
93518 -7
93519 1
93520 -4
93521 -7
93522 4
93523 43
93524 32
93525 20
93526 -1
93527 3
93528 -8
93529 -10
93530 -5
93531 4
93532 -6
93533 3
93534 -12
93535 7
93536 9
93537 4
93538 5
93539 7
93540 4
93541 6
93542 -2
93543 -3
93544 -6
93545 1
93546 2
93547 -6
93548 0
93549 18
93550 10
93551 -1
93552 17
93553 16
93554 5
93555 3
93556 7
93557 40
93558 1
93559 -2
93560 16
93561 3
93562 -1
93563 -10
93564 -9
93565 2
93566 -1
93567 -1
93568 2
93569 22
93570 9
93571 -7
93572 -3
93573 0
93574 14
93575 -11
93576 28
93577 14
93578 2
93579 -5
93580 4
93581 11
93582 21
93583 -8
93584 -7
93585 2
93586 -5
93587 20
93588 -2
93589 6
93590 15
93591 -9
93592 2
93593 -13
93594 -11
93595 -7
93596 13
93597 -7
93598 14
93599 -3
93600 -2
93601 3
93602 4
93603 1
93604 12
93605 6
93606 -5
93607 16
93608 10
93609 12
93610 -8
93611 8
93612 14
93613 2
93614 0
93615 14
93616 8
93617 12
93618 5
93619 27
93620 9
93621 4
93622 13
93623 -3
93624 22
93625 -6
93626 1
93627 -4
93628 -8
93629 -2
93630 13
93631 20
93632 -2
93633 8
93634 14
93635 6
93636 9
93637 7
93638 -14
93639 -1
93640 -5
93641 -7
93642 6
93643 -1
93644 -2
93645 16
93646 41
93647 17
93648 1
93649 -1
93650 -9
93651 -12
93652 0
93653 14
93654 -7
93655 0
93656 23
93657 -3
93658 -5
93659 10
93660 9
93661 8
93662 20
93663 -7
93664 57
93665 -1
93666 22
93667 23
93668 12
93669 -3
93670 8
93671 20
93672 -6
93673 7
93674 2
93675 12
93676 7
93677 18
93678 52
93679 20
93680 6
93681 12
93682 6
93683 -12
93684 40
93685 -1
93686 -5
93687 15
93688 5
93689 21
93690 13
93691 5
93692 5
93693 -1
93694 -3
93695 14
93696 16
93697 3
93698 12
93699 -4
93700 2
93701 8
93702 12
93703 6
93704 1
93705 -16
93706 -9
93707 -9
93708 4
93709 -2
93710 13
93711 37
93712 -19
93713 -4
93714 3
93715 9
93716 3
93717 40
93718 0
93719 -11
93720 -12
93721 15
93722 4
93723 11
93724 18
93725 14
93726 -14
93727 -2
93728 13
93729 27
93730 5
93731 0
93732 6
93733 5
93734 8
93735 0
93736 -4
93737 -8
93738 4
93739 8
93740 -2
93741 3
93742 -8
93743 31
93744 2
93745 3
93746 -3
93747 6
93748 13
93749 2
93750 -5
93751 1
93752 6
93753 -2
93754 3
93755 0
93756 -10
93757 30
93758 18
93759 13
93760 8
93761 -5
93762 -5
93763 9
93764 3
93765 3
93766 6
93767 4
93768 4
93769 -5
93770 11
93771 4
93772 13
93773 -2
93774 -6
93775 -7
93776 -9
93777 -1
93778 7
93779 3
93780 10
93781 9
93782 3
93783 8
93784 8
93785 -9
93786 6
93787 11
93788 -13
93789 -10
93790 -12
93791 1
93792 -12
93793 16
93794 21
93795 10
93796 10
93797 -12
93798 10
93799 -2
93800 6
93801 -6
93802 -12
93803 14
93804 21
93805 -24
93806 10
93807 -21
93808 -4
93809 -7
93810 13
93811 5
93812 0
93813 11
93814 2
93815 -4
93816 0
93817 8
93818 -1
93819 3
93820 4
93821 -13
93822 -9
93823 31
93824 15
93825 -1
93826 10
93827 5
93828 -15
93829 0
93830 -5
93831 8
93832 1
93833 -3
93834 5
93835 3
93836 -3
93837 4
93838 50
93839 7
93840 8
93841 20
93842 3
93843 9
93844 -4
93845 6
93846 -12
93847 -10
93848 14
93849 16
93850 -11
93851 -7
93852 9
93853 6
93854 -6
93855 8
93856 11
93857 -5
93858 -2
93859 12
93860 6
93861 4
93862 -4
93863 -1
93864 10
93865 -6
93866 -5
93867 -2
93868 21
93869 2
93870 17
93871 6
93872 9
93873 -2
93874 8
93875 4
93876 7
93877 17
93878 -10
93879 -6
93880 5
93881 11
93882 3
93883 -1
93884 1
93885 -2
93886 12
93887 17
93888 13
93889 0
93890 -1
93891 3
93892 -2
93893 -3
93894 8
93895 11
93896 -4
93897 7
93898 21
93899 -10
93900 10
93901 1
93902 8
93903 6
93904 18
93905 -13
93906 -8
93907 -4
93908 15
93909 12
93910 2
93911 10
93912 -10
93913 -8
93914 -6
93915 10
93916 14
93917 2
93918 4
93919 -8
93920 6
93921 3
93922 -9
93923 7
93924 9
93925 -4
93926 1
93927 7
93928 -11
93929 9
93930 17
93931 -1
93932 11
93933 5
93934 0
93935 24
93936 8
93937 2
93938 0
93939 1
93940 3
93941 7
93942 10
93943 -9
93944 7
93945 9
93946 1
93947 0
93948 10
93949 5
93950 7
93951 1
93952 7
93953 0
93954 13
93955 1
93956 10
93957 -5
93958 -8
93959 9
93960 -2
93961 -1
93962 10
93963 -2
93964 4
93965 10
93966 -4
93967 6
93968 12
93969 23
93970 6
93971 -3
93972 -6
93973 16
93974 1
93975 11
93976 -4
93977 8
93978 -6
93979 -7
93980 5
93981 -5
93982 11
93983 10
93984 11
93985 -19
93986 11
93987 6
93988 -2
93989 -8
93990 4
93991 -5
93992 -6
93993 12
93994 -5
93995 -5
93996 3
93997 2
93998 -9
93999 33
94000 3
94001 -1
94002 5
94003 5
94004 6
94005 -23
94006 6
94007 16
94008 6
94009 -11
94010 -6
94011 6
94012 -4
94013 -2
94014 9
94015 -1
94016 -5
94017 10
94018 9
94019 14
94020 -6
94021 -4
94022 -1
94023 25
94024 -4
94025 1
94026 9
94027 0
94028 8
94029 -21
94030 7
94031 10
94032 0
94033 -1
94034 4
94035 23
94036 12
94037 -8
94038 7
94039 9
94040 9
94041 -8
94042 6
94043 8
94044 15
94045 8
94046 13
94047 10
94048 1
94049 34
94050 -1
94051 8
94052 -3
94053 4
94054 7
94055 7
94056 7
94057 -6
94058 2
94059 14
94060 -5
94061 6
94062 2
94063 12
94064 5
94065 0
94066 -3
94067 10
94068 -3
94069 30
94070 -8
94071 0
94072 -6
94073 -4
94074 -1
94075 8
94076 -8
94077 29
94078 2
94079 8
94080 -10
94081 4
94082 6
94083 4
94084 3
94085 4
94086 7
94087 15
94088 9
94089 -9
94090 0
94091 -16
94092 18
94093 0
94094 -11
94095 13
94096 1
94097 1
94098 2
94099 -15
94100 12
94101 20
94102 32
94103 8
94104 20
94105 -4
94106 18
94107 6
94108 5
94109 -1
94110 12
94111 4
94112 -1
94113 29
94114 8
94115 -3
94116 -9
94117 -7
94118 11
94119 -1
94120 -2
94121 17
94122 6
94123 10
94124 12
94125 11
94126 13
94127 -4
94128 9
94129 -2
94130 -7
94131 -1
94132 -4
94133 -4
94134 4
94135 2
94136 -9
94137 -6
94138 2
94139 -4
94140 -2
94141 -12
94142 -6
94143 20
94144 -8
94145 6
94146 15
94147 -2
94148 -5
94149 15
94150 7
94151 -2
94152 7
94153 6
94154 0
94155 -14
94156 -5
94157 -13
94158 2
94159 23
94160 2
94161 -3
94162 5
94163 -6
94164 4
94165 -4
94166 -11
94167 20
94168 -1
94169 -6
94170 -14
94171 10
94172 26
94173 4
94174 5
94175 -3
94176 -4
94177 4
94178 9
94179 4
94180 -2
94181 13
94182 1
94183 -7
94184 1
94185 -13
94186 18
94187 -21
94188 -2
94189 -7
94190 8
94191 10
94192 -2
94193 -6
94194 -9
94195 -4
94196 -3
94197 -3
94198 -1
94199 5
94200 11
94201 -1
94202 -1
94203 16
94204 1
94205 4
94206 -4
94207 8
94208 -1
94209 7
94210 15
94211 12
94212 4
94213 30
94214 -15
94215 14
94216 3
94217 -6
94218 5
94219 1
94220 3
94221 -1
94222 12
94223 8
94224 4
94225 -3
94226 5
94227 2
94228 4
94229 -5
94230 6
94231 -7
94232 4
94233 -6
94234 -7
94235 12
94236 6
94237 -2
94238 2
94239 2
94240 -18
94241 -6
94242 12
94243 -2
94244 9
94245 0
94246 15
94247 18
94248 5
94249 -3
94250 -4
94251 12
94252 19
94253 5
94254 -1
94255 -1
94256 -1
94257 -4
94258 -18
94259 6
94260 0
94261 -9
94262 10
94263 -2
94264 -9
94265 18
94266 7
94267 10
94268 5
94269 18
94270 6
94271 1
94272 9
94273 11
94274 -5
94275 -1
94276 -6
94277 13
94278 -2
94279 10
94280 -6
94281 0
94282 -1
94283 -15
94284 13
94285 7
94286 13
94287 -6
94288 -1
94289 -2
94290 -15
94291 -5
94292 1
94293 -1
94294 11
94295 11
94296 -5
94297 -6
94298 5
94299 16
94300 4
94301 30
94302 39
94303 22
94304 9
94305 2
94306 -3
94307 -2
94308 11
94309 19
94310 -22
94311 9
94312 12
94313 -18
94314 8
94315 -5
94316 -12
94317 -8
94318 13
94319 3
94320 7
94321 1
94322 -6
94323 2
94324 -4
94325 22
94326 8
94327 -14
94328 1
94329 13
94330 8
94331 6
94332 10
94333 0
94334 10
94335 -8
94336 2
94337 9
94338 7
94339 2
94340 -7
94341 -2
94342 8
94343 2
94344 17
94345 0
94346 22
94347 12
94348 -8
94349 10
94350 15
94351 5
94352 1
94353 -3
94354 3
94355 -6
94356 1
94357 5
94358 -6
94359 9
94360 19
94361 -4
94362 8
94363 -14
94364 1
94365 6
94366 4
94367 18
94368 4
94369 -1
94370 0
94371 7
94372 9
94373 7
94374 -9
94375 -4
94376 9
94377 16
94378 31
94379 -8
94380 1
94381 9
94382 5
94383 -8
94384 0
94385 -12
94386 29
94387 -7
94388 -8
94389 -5
94390 -10
94391 -1
94392 4
94393 -6
94394 11
94395 8
94396 -21
94397 -2
94398 10
94399 25
94400 5
94401 -3
94402 -3
94403 6
94404 -3
94405 -2
94406 7
94407 -21
94408 9
94409 2
94410 4
94411 2
94412 14
94413 -4
94414 6
94415 -6
94416 -3
94417 3
94418 2
94419 -1
94420 -9
94421 9
94422 9
94423 -1
94424 3
94425 9
94426 4
94427 3
94428 1
94429 11
94430 -4
94431 1
94432 -4
94433 -6
94434 8
94435 -8
94436 -7
94437 0
94438 -7
94439 -2
94440 -2
94441 64
94442 -12
94443 2
94444 0
94445 3
94446 20
94447 -2
94448 8
94449 16
94450 18
94451 -9
94452 3
94453 24
94454 13
94455 -8
94456 -6
94457 6
94458 5
94459 4
94460 1
94461 8
94462 12
94463 -4
94464 -9
94465 -6
94466 6
94467 14
94468 8
94469 7
94470 12
94471 13
94472 -9
94473 11
94474 -5
94475 -3
94476 -2
94477 15
94478 4
94479 8
94480 11
94481 -1
94482 10
94483 -3
94484 3
94485 10
94486 13
94487 7
94488 10
94489 33
94490 1
94491 2
94492 -5
94493 9
94494 4
94495 -1
94496 15
94497 4
94498 -3
94499 -13
94500 2
94501 5
94502 4
94503 -2
94504 8
94505 6
94506 -10
94507 -1
94508 -2
94509 8
94510 -1
94511 4
94512 -14
94513 8
94514 6
94515 11
94516 -7
94517 -8
94518 6
94519 -1
94520 21
94521 3
94522 -3
94523 5
94524 2
94525 2
94526 9
94527 0
94528 -9
94529 13
94530 4
94531 1
94532 8
94533 3
94534 -1
94535 5
94536 4
94537 -5
94538 24
94539 -1
94540 1
94541 15
94542 9
94543 9
94544 15
94545 19
94546 2
94547 12
94548 19
94549 -3
94550 6
94551 -8
94552 9
94553 9
94554 -7
94555 8
94556 3
94557 2
94558 5
94559 9
94560 12
94561 -12
94562 0
94563 0
94564 -5
94565 11
94566 -9
94567 -2
94568 6
94569 3
94570 29
94571 7
94572 -8
94573 -1
94574 9
94575 6
94576 6
94577 -1
94578 12
94579 2
94580 -5
94581 -5
94582 10
94583 7
94584 13
94585 3
94586 -6
94587 7
94588 9
94589 0
94590 1
94591 -10
94592 15
94593 1
94594 -2
94595 3
94596 5
94597 -1
94598 6
94599 14
94600 -4
94601 -5
94602 15
94603 13
94604 -1
94605 -16
94606 4
94607 14
94608 6
94609 14
94610 16
94611 5
94612 -5
94613 -2
94614 12
94615 -9
94616 3
94617 4
94618 2
94619 7
94620 5
94621 -13
94622 -5
94623 6
94624 -2
94625 -8
94626 7
94627 -9
94628 -3
94629 -2
94630 -1
94631 -7
94632 9
94633 6
94634 -4
94635 5
94636 15
94637 6
94638 9
94639 7
94640 5
94641 3
94642 3
94643 8
94644 -1
94645 3
94646 1
94647 1
94648 12
94649 1
94650 -10
94651 -3
94652 10
94653 -4
94654 -5
94655 8
94656 -5
94657 5
94658 7
94659 9
94660 3
94661 8
94662 -18
94663 11
94664 0
94665 15
94666 7
94667 6
94668 -3
94669 -15
94670 10
94671 -4
94672 1
94673 10
94674 22
94675 -7
94676 3
94677 4
94678 33
94679 26
94680 8
94681 4
94682 31
94683 -4
94684 7
94685 10
94686 -2
94687 -5
94688 12
94689 1
94690 -3
94691 -1
94692 11
94693 5
94694 -20
94695 9
94696 12
94697 2
94698 -4
94699 7
94700 10
94701 20
94702 -18
94703 -3
94704 3
94705 13
94706 -6
94707 -3
94708 -1
94709 6
94710 33
94711 17
94712 -6
94713 -5
94714 8
94715 10
94716 -10
94717 -4
94718 -13
94719 -10
94720 1
94721 3
94722 -7
94723 1
94724 8
94725 11
94726 -5
94727 -10
94728 2
94729 11
94730 28
94731 13
94732 12
94733 4
94734 -2
94735 -9
94736 -17
94737 0
94738 0
94739 12
94740 11
94741 0
94742 15
94743 5
94744 -4
94745 -2
94746 16
94747 -11
94748 -1
94749 6
94750 23
94751 -16
94752 12
94753 21
94754 -6
94755 -3
94756 10
94757 -3
94758 2
94759 0
94760 1
94761 -4
94762 0
94763 0
94764 -1
94765 -2
94766 0
94767 4
94768 -3
94769 7
94770 -15
94771 4
94772 -1
94773 -6
94774 7
94775 -6
94776 8
94777 7
94778 28
94779 16
94780 8
94781 -12
94782 13
94783 -6
94784 11
94785 -2
94786 15
94787 1
94788 -6
94789 -4
94790 -2
94791 8
94792 7
94793 2
94794 -4
94795 25
94796 -3
94797 0
94798 -6
94799 -6
94800 12
94801 14
94802 4
94803 3
94804 3
94805 -9
94806 4
94807 -5
94808 10
94809 -6
94810 -13
94811 -12
94812 6
94813 -3
94814 0
94815 -4
94816 23
94817 20
94818 0
94819 -2
94820 4
94821 -7
94822 1
94823 14
94824 11
94825 15
94826 26
94827 7
94828 17
94829 2
94830 2
94831 14
94832 -10
94833 10
94834 -7
94835 5
94836 3
94837 -13
94838 -19
94839 6
94840 9
94841 6
94842 9
94843 -10
94844 6
94845 -1
94846 -2
94847 28
94848 -5
94849 -5
94850 -9
94851 -4
94852 -9
94853 24
94854 6
94855 -1
94856 9
94857 13
94858 0
94859 5
94860 -16
94861 -1
94862 -4
94863 -8
94864 12
94865 1
94866 23
94867 -6
94868 3
94869 -8
94870 5
94871 -14
94872 -7
94873 -4
94874 7
94875 7
94876 8
94877 0
94878 -12
94879 1
94880 -3
94881 8
94882 -4
94883 0
94884 27
94885 6
94886 -4
94887 17
94888 -14
94889 8
94890 -1
94891 -14
94892 1
94893 5
94894 16
94895 8
94896 -16
94897 -8
94898 -9
94899 -1
94900 6
94901 -1
94902 4
94903 -2
94904 5
94905 -11
94906 3
94907 12
94908 6
94909 7
94910 1
94911 7
94912 1
94913 10
94914 5
94915 -4
94916 -9
94917 4
94918 -3
94919 0
94920 23
94921 -20
94922 -6
94923 7
94924 13
94925 -5
94926 4
94927 13
94928 -7
94929 1
94930 15
94931 2
94932 2
94933 -2
94934 6
94935 -15
94936 6
94937 34
94938 -6
94939 -3
94940 9
94941 -6
94942 -12
94943 9
94944 3
94945 -2
94946 8
94947 -15
94948 -25
94949 4
94950 13
94951 17
94952 10
94953 -1
94954 5
94955 -7
94956 0
94957 -8
94958 25
94959 -4
94960 5
94961 2
94962 -4
94963 -12
94964 -3
94965 -1
94966 1
94967 14
94968 -6
94969 4
94970 11
94971 0
94972 -4
94973 1
94974 -2
94975 -8
94976 0
94977 -2
94978 -3
94979 -2
94980 2
94981 7
94982 -19
94983 -6
94984 -12
94985 11
94986 -4
94987 -4
94988 -5
94989 -2
94990 17
94991 -1
94992 -12
94993 -10
94994 -2
94995 -7
94996 -11
94997 12
94998 23
94999 -3
95000 4
95001 5
95002 -2
95003 -12
95004 -3
95005 -2
95006 2
95007 -14
95008 -6
95009 -10
95010 13
95011 -1
95012 -8
95013 -4
95014 -8
95015 10
95016 14
95017 -2
95018 2
95019 2
95020 -4
95021 19
95022 9
95023 11
95024 21
95025 -1
95026 -13
95027 -13
95028 0
95029 -1
95030 -13
95031 12
95032 17
95033 10
95034 10
95035 24
95036 -10
95037 12
95038 -1
95039 8
95040 20
95041 16
95042 -1
95043 -3
95044 15
95045 31
95046 -3
95047 7
95048 6
95049 -12
95050 4
95051 -2
95052 1
95053 -3
95054 -3
95055 5
95056 4
95057 -2
95058 -8
95059 -4
95060 3
95061 -2
95062 -3
95063 11
95064 3
95065 0
95066 11
95067 -2
95068 6
95069 4
95070 5
95071 -18
95072 -3
95073 11
95074 6
95075 7
95076 0
95077 3
95078 5
95079 -10
95080 0
95081 8
95082 3
95083 -15
95084 -9
95085 7
95086 -7
95087 19
95088 12
95089 9
95090 -9
95091 -12
95092 -14
95093 -8
95094 19
95095 -7
95096 3
95097 37
95098 5
95099 1
95100 -8
95101 9
95102 5
95103 -6
95104 6
95105 19
95106 3
95107 -13
95108 12
95109 -5
95110 0
95111 -6
95112 10
95113 18
95114 -3
95115 -1
95116 20
95117 -6
95118 -3
95119 14
95120 -11
95121 -4
95122 -1
95123 -3
95124 5
95125 -18
95126 13
95127 6
95128 8
95129 -4
95130 7
95131 -6
95132 2
95133 -4
95134 -9
95135 4
95136 12
95137 14
95138 -5
95139 10
95140 -6
95141 3
95142 7
95143 5
95144 -16
95145 9
95146 -1
95147 -11
95148 -4
95149 -15
95150 10
95151 -8
95152 -12
95153 -2
95154 -11
95155 -13
95156 -2
95157 5
95158 5
95159 6
95160 9
95161 24
95162 -13
95163 -5
95164 -5
95165 17
95166 4
95167 21
95168 -11
95169 8
95170 21
95171 -2
95172 -2
95173 -7
95174 -4
95175 1
95176 8
95177 9
95178 14
95179 -9
95180 27
95181 4
95182 -2
95183 9
95184 -8
95185 9
95186 3
95187 -13
95188 15
95189 4
95190 4
95191 -19
95192 1
95193 12
95194 -4
95195 8
95196 16
95197 -3
95198 3
95199 -19
95200 -1
95201 -11
95202 14
95203 32
95204 -3
95205 -7
95206 -1
95207 7
95208 -9
95209 2
95210 10
95211 -2
95212 8
95213 -5
95214 -4
95215 5
95216 -5
95217 4
95218 58
95219 -17
95220 -15
95221 1
95222 13
95223 -8
95224 -14
95225 -4
95226 11
95227 2
95228 -2
95229 -7
95230 -7
95231 -9
95232 4
95233 -19
95234 -3
95235 2
95236 4
95237 28
95238 33
95239 -2
95240 -11
95241 -12
95242 -1
95243 -3
95244 5
95245 -5
95246 6
95247 15
95248 4
95249 -3
95250 -11
95251 29
95252 3
95253 -1
95254 0
95255 3
95256 -8
95257 3
95258 3
95259 8
95260 -24
95261 20
95262 -1
95263 11
95264 15
95265 12
95266 10
95267 -9
95268 8
95269 -8
95270 -16
95271 1
95272 2
95273 -8
95274 -1
95275 -5
95276 -4
95277 -3
95278 -5
95279 8
95280 -16
95281 -5
95282 -1
95283 -11
95284 6
95285 4
95286 8
95287 16
95288 -4
95289 12
95290 -11
95291 -18
95292 -10
95293 4
95294 7
95295 -4
95296 18
95297 -12
95298 19
95299 -3
95300 6
95301 16
95302 -4
95303 12
95304 -3
95305 0
95306 -3
95307 -6
95308 -7
95309 -8
95310 -3
95311 -3
95312 -18
95313 -2
95314 8
95315 5
95316 5
95317 1
95318 20
95319 -3
95320 -6
95321 7
95322 8
95323 -13
95324 16
95325 14
95326 7
95327 -3
95328 -4
95329 13
95330 -4
95331 -1
95332 -2
95333 -9
95334 16
95335 -9
95336 -2
95337 3
95338 -1
95339 7
95340 4
95341 15
95342 3
95343 -1
95344 6
95345 -9
95346 -1
95347 2
95348 -3
95349 15
95350 3
95351 -3
95352 15
95353 6
95354 -5
95355 -7
95356 3
95357 -1
95358 -5
95359 8
95360 -9
95361 4
95362 -9
95363 23
95364 -4
95365 -7
95366 -8
95367 13
95368 5
95369 14
95370 -5
95371 -8
95372 0
95373 -5
95374 0
95375 1
95376 13
95377 10
95378 2
95379 4
95380 3
95381 -1
95382 4
95383 4
95384 7
95385 1
95386 0
95387 -2
95388 9
95389 11
95390 8
95391 12
95392 -5
95393 6
95394 3
95395 0
95396 10
95397 -6
95398 2
95399 -13
95400 -12
95401 9
95402 -2
95403 -1
95404 -2
95405 1
95406 0
95407 -5
95408 -10
95409 3
95410 13
95411 -2
95412 6
95413 -9
95414 11
95415 -5
95416 -2
95417 -6
95418 7
95419 3
95420 -4
95421 -12
95422 4
95423 -2
95424 10
95425 -4
95426 2
95427 -2
95428 4
95429 -7
95430 5
95431 1
95432 20
95433 -3
95434 1
95435 -8
95436 6
95437 6
95438 -3
95439 13
95440 -1
95441 4
95442 -9
95443 -1
95444 -2
95445 -12
95446 -8
95447 -6
95448 1
95449 4
95450 7
95451 4
95452 -8
95453 7
95454 -27
95455 24
95456 3
95457 -15
95458 5
95459 9
95460 3
95461 -6
95462 -2
95463 -10
95464 -5
95465 10
95466 -10
95467 10
95468 1
95469 -6
95470 -13
95471 -4
95472 2
95473 -1
95474 -10
95475 8
95476 4
95477 3
95478 3
95479 -6
95480 -19
95481 -7
95482 1
95483 0
95484 -8
95485 0
95486 8
95487 -4
95488 -5
95489 16
95490 7
95491 -5
95492 -2
95493 4
95494 -4
95495 4
95496 12
95497 -9
95498 -6
95499 0
95500 -6
95501 9
95502 -2
95503 11
95504 -11
95505 -19
95506 10
95507 -1
95508 0
95509 -2
95510 5
95511 -2
95512 -2
95513 7
95514 7
95515 4
95516 2
95517 13
95518 2
95519 -18
95520 -3
95521 21
95522 12
95523 5
95524 2
95525 -1
95526 -2
95527 0
95528 -7
95529 11
95530 -9
95531 0
95532 18
95533 -10
95534 -4
95535 -13
95536 0
95537 9
95538 1
95539 -8
95540 -7
95541 -13
95542 -1
95543 -3
95544 -12
95545 15
95546 8
95547 -6
95548 14
95549 6
95550 -17
95551 12
95552 -23
95553 4
95554 5
95555 3
95556 -3
95557 0
95558 -9
95559 13
95560 2
95561 -10
95562 -14
95563 -17
95564 -19
95565 18
95566 -8
95567 22
95568 8
95569 -2
95570 6
95571 3
95572 5
95573 -14
95574 1
95575 4
95576 4
95577 16
95578 -9
95579 0
95580 3
95581 6
95582 8
95583 -7
95584 -8
95585 4
95586 -3
95587 -11
95588 -7
95589 0
95590 5
95591 -19
95592 3
95593 -9
95594 0
95595 -18
95596 5
95597 9
95598 -1
95599 0
95600 -9
95601 -3
95602 1
95603 -2
95604 -12
95605 7
95606 -7
95607 0
95608 -2
95609 -5
95610 7
95611 -1
95612 -1
95613 5
95614 -17
95615 -17
95616 6
95617 -4
95618 4
95619 -9
95620 -2
95621 -6
95622 2
95623 8
95624 29
95625 4
95626 -7
95627 6
95628 5
95629 12
95630 -13
95631 11
95632 -6
95633 10
95634 -3
95635 -5
95636 -1
95637 -13
95638 3
95639 -7
95640 -11
95641 -3
95642 -1
95643 7
95644 21
95645 12
95646 28
95647 -3
95648 -4
95649 0
95650 -9
95651 -4
95652 -5
95653 9
95654 -8
95655 -2
95656 6
95657 10
95658 -1
95659 -6
95660 6
95661 -6
95662 8
95663 -8
95664 -11
95665 5
95666 17
95667 11
95668 -11
95669 -9
95670 -1
95671 -5
95672 18
95673 -10
95674 10
95675 2
95676 33
95677 0
95678 -4
95679 8
95680 1
95681 -8
95682 -11
95683 -7
95684 -6
95685 3
95686 14
95687 -6
95688 -6
95689 -5
95690 4
95691 -4
95692 3
95693 2
95694 2
95695 11
95696 -7
95697 14
95698 1
95699 -1
95700 -9
95701 -2
95702 5
95703 -1
95704 -14
95705 3
95706 -6
95707 3
95708 11
95709 -6
95710 2
95711 -2
95712 6
95713 -5
95714 -3
95715 0
95716 -6
95717 4
95718 5
95719 18
95720 -15
95721 4
95722 7
95723 -11
95724 15
95725 14
95726 5
95727 14
95728 -4
95729 3
95730 10
95731 13
95732 7
95733 6
95734 17
95735 20
95736 6
95737 16
95738 -2
95739 2
95740 2
95741 1
95742 15
95743 8
95744 8
95745 5
95746 0
95747 12
95748 -8
95749 0
95750 4
95751 -1
95752 2
95753 8
95754 -5
95755 1
95756 13
95757 0
95758 3
95759 -14
95760 5
95761 4
95762 1
95763 -10
95764 16
95765 6
95766 -2
95767 -11
95768 13
95769 1
95770 8
95771 3
95772 -7
95773 3
95774 -3
95775 -9
95776 8
95777 -3
95778 -6
95779 -6
95780 8
95781 -13
95782 7
95783 2
95784 5
95785 -10
95786 -10
95787 -4
95788 -13
95789 -12
95790 0
95791 1
95792 -6
95793 -5
95794 14
95795 15
95796 -9
95797 -3
95798 6
95799 2
95800 0
95801 -15
95802 14
95803 -4
95804 0
95805 -10
95806 -14
95807 2
95808 -10
95809 6
95810 -6
95811 -13
95812 -7
95813 9
95814 0
95815 -2
95816 -2
95817 4
95818 -2
95819 8
95820 1
95821 8
95822 14
95823 -19
95824 4
95825 -6
95826 -9
95827 11
95828 -10
95829 0
95830 -5
95831 2
95832 13
95833 6
95834 3
95835 -2
95836 -1
95837 -1
95838 -8
95839 3
95840 -18
95841 0
95842 3
95843 -1
95844 43
95845 13
95846 -5
95847 -10
95848 -7
95849 -8
95850 -1
95851 -3
95852 12
95853 11
95854 4
95855 -10
95856 -3
95857 2
95858 -8
95859 19
95860 -3
95861 -1
95862 -5
95863 -4
95864 -24
95865 -3
95866 3
95867 -4
95868 9
95869 28
95870 -7
95871 9
95872 10
95873 -6
95874 2
95875 -6
95876 -29
95877 4
95878 10
95879 -24
95880 0
95881 4
95882 -1
95883 -13
95884 -2
95885 16
95886 4
95887 -2
95888 5
95889 4
95890 -11
95891 8
95892 3
95893 -1
95894 0
95895 -5
95896 -8
95897 -3
95898 1
95899 4
95900 -2
95901 11
95902 5
95903 0
95904 -13
95905 -16
95906 6
95907 -8
95908 -6
95909 5
95910 -5
95911 -2
95912 -3
95913 1
95914 -2
95915 6
95916 -1
95917 10
95918 -1
95919 -11
95920 -2
95921 13
95922 16
95923 -7
95924 -3
95925 -7
95926 -1
95927 6
95928 -6
95929 9
95930 7
95931 -4
95932 -2
95933 20
95934 7
95935 -13
95936 1
95937 10
95938 10
95939 -6
95940 26
95941 6
95942 -5
95943 -1
95944 4
95945 1
95946 -4
95947 5
95948 -2
95949 1
95950 -8
95951 18
95952 -13
95953 1
95954 3
95955 0
95956 3
95957 4
95958 -11
95959 19
95960 -2
95961 -2
95962 -1
95963 8
95964 -5
95965 22
95966 9
95967 14
95968 6
95969 4
95970 -7
95971 -9
95972 -6
95973 -24
95974 0
95975 -9
95976 8
95977 -3
95978 10
95979 -3
95980 0
95981 26
95982 -11
95983 16
95984 -2
95985 2
95986 -1
95987 1
95988 -3
95989 0
95990 4
95991 2
95992 -10
95993 9
95994 7
95995 3
95996 4
95997 3
95998 -1
95999 -2
96000 -12
96001 -1
96002 0
96003 7
96004 3
96005 3
96006 -11
96007 -16
96008 8
96009 -5
96010 -5
96011 -6
96012 -1
96013 6
96014 -6
96015 20
96016 16
96017 -14
96018 2
96019 -6
96020 -1
96021 -5
96022 -2
96023 11
96024 9
96025 -12
96026 15
96027 -15
96028 -5
96029 10
96030 -11
96031 7
96032 5
96033 11
96034 2
96035 -26
96036 -12
96037 -6
96038 2
96039 1
96040 10
96041 8
96042 11
96043 0
96044 4
96045 5
96046 5
96047 -2
96048 0
96049 -13
96050 -1
96051 -1
96052 5
96053 -14
96054 1
96055 7
96056 16
96057 -8
96058 2
96059 -20
96060 3
96061 2
96062 -5
96063 5
96064 19
96065 -8
96066 -23
96067 15
96068 6
96069 15
96070 -2
96071 2
96072 -8
96073 7
96074 2
96075 -3
96076 -6
96077 11
96078 -4
96079 5
96080 1
96081 -10
96082 5
96083 20
96084 5
96085 1
96086 5
96087 -7
96088 -7
96089 -2
96090 1
96091 -6
96092 14
96093 6
96094 2
96095 23
96096 10
96097 -7
96098 0
96099 9
96100 9
96101 -8
96102 2
96103 -6
96104 -9
96105 -14
96106 5
96107 12
96108 14
96109 21
96110 11
96111 2
96112 0
96113 7
96114 -1
96115 17
96116 7
96117 26
96118 4
96119 -16
96120 10
96121 0
96122 1
96123 -7
96124 -5
96125 18
96126 18
96127 -8
96128 -10
96129 -7
96130 3
96131 4
96132 5
96133 -9
96134 -4
96135 0
96136 14
96137 -25
96138 8
96139 0
96140 13
96141 5
96142 9
96143 -8
96144 -20
96145 -13
96146 14
96147 -1
96148 -7
96149 -5
96150 -8
96151 -4
96152 10
96153 9
96154 5
96155 10
96156 -5
96157 -9
96158 -5
96159 -4
96160 4
96161 1
96162 -8
96163 0
96164 4
96165 -11
96166 -8
96167 -1
96168 3
96169 4
96170 -16
96171 0
96172 6
96173 1
96174 5
96175 2
96176 -6
96177 -3
96178 12
96179 2
96180 -5
96181 15
96182 1
96183 20
96184 -8
96185 3
96186 -7
96187 11
96188 -4
96189 -4
96190 -1
96191 0
96192 6
96193 5
96194 11
96195 -6
96196 3
96197 -12
96198 -14
96199 1
96200 -1
96201 7
96202 13
96203 5
96204 -7
96205 3
96206 2
96207 24
96208 8
96209 17
96210 3
96211 13
96212 -8
96213 -2
96214 0
96215 -4
96216 -7
96217 0
96218 10
96219 8
96220 3
96221 -7
96222 -12
96223 0
96224 -3
96225 -7
96226 5
96227 9
96228 -1
96229 -3
96230 -3
96231 4
96232 16
96233 -3
96234 4
96235 -6
96236 -3
96237 -4
96238 3
96239 -7
96240 3
96241 -3
96242 -2
96243 9
96244 -4
96245 17
96246 0
96247 7
96248 -7
96249 2
96250 -1
96251 -4
96252 4
96253 16
96254 -4
96255 -5
96256 0
96257 9
96258 1
96259 4
96260 -5
96261 -7
96262 9
96263 -17
96264 5
96265 2
96266 -1
96267 9
96268 8
96269 -7
96270 1
96271 -4
96272 -1
96273 -12
96274 8
96275 -10
96276 3
96277 -12
96278 -10
96279 -6
96280 12
96281 15
96282 -11
96283 8
96284 -3
96285 39
96286 4
96287 -8
96288 7
96289 -1
96290 2
96291 13
96292 -4
96293 -1
96294 -3
96295 -4
96296 -7
96297 -4
96298 2
96299 8
96300 -20
96301 -20
96302 10
96303 -7
96304 -6
96305 -5
96306 -4
96307 3
96308 4
96309 -4
96310 -8
96311 -2
96312 0
96313 -6
96314 -6
96315 2
96316 5
96317 -3
96318 3
96319 8
96320 6
96321 -4
96322 3
96323 4
96324 -4
96325 -6
96326 -5
96327 -1
96328 4
96329 -8
96330 -3
96331 -6
96332 -1
96333 -6
96334 -2
96335 -4
96336 0
96337 -15
96338 -7
96339 11
96340 -1
96341 2
96342 -3
96343 -1
96344 7
96345 -4
96346 4
96347 -12
96348 -10
96349 -11
96350 5
96351 3
96352 6
96353 -3
96354 -12
96355 4
96356 5
96357 1
96358 3
96359 -7
96360 -2
96361 -1
96362 -16
96363 -7
96364 -4
96365 4
96366 0
96367 -1
96368 -1
96369 4
96370 -11
96371 9
96372 8
96373 1
96374 11
96375 1
96376 -6
96377 -3
96378 -6
96379 -3
96380 6
96381 3
96382 0
96383 9
96384 9
96385 -8
96386 -3
96387 -24
96388 3
96389 -3
96390 32
96391 1
96392 -14
96393 -5
96394 5
96395 11
96396 0
96397 10
96398 2
96399 1
96400 -3
96401 0
96402 -3
96403 -7
96404 -8
96405 3
96406 -16
96407 20
96408 13
96409 -3
96410 10
96411 0
96412 16
96413 13
96414 0
96415 1
96416 10
96417 0
96418 1
96419 5
96420 1
96421 7
96422 4
96423 -1
96424 13
96425 14
96426 -6
96427 0
96428 6
96429 -1
96430 3
96431 -2
96432 -1
96433 7
96434 -6
96435 -4
96436 0
96437 -12
96438 2
96439 3
96440 17
96441 1
96442 1
96443 -5
96444 27
96445 20
96446 8
96447 -16
96448 26
96449 4
96450 6
96451 -2
96452 -1
96453 1
96454 -1
96455 -7
96456 -3
96457 -5
96458 0
96459 -1
96460 -1
96461 -6
96462 24
96463 -6
96464 12
96465 -20
96466 -6
96467 1
96468 5
96469 0
96470 13
96471 6
96472 -2
96473 -1
96474 0
96475 -11
96476 -3
96477 -6
96478 3
96479 12
96480 -10
96481 -10
96482 -16
96483 7
96484 -8
96485 0
96486 3
96487 13
96488 -16
96489 -6
96490 4
96491 -4
96492 -2
96493 -2
96494 -4
96495 -4
96496 -8
96497 -12
96498 4
96499 -1
96500 -6
96501 12
96502 9
96503 -5
96504 1
96505 -3
96506 -1
96507 -18
96508 -1
96509 -15
96510 -15
96511 17
96512 27
96513 -3
96514 0
96515 2
96516 -4
96517 -8
96518 -12
96519 -9
96520 -5
96521 -1
96522 8
96523 15
96524 -7
96525 -3
96526 -10
96527 5
96528 16
96529 27
96530 -18
96531 -1
96532 -5
96533 5
96534 -13
96535 -1
96536 0
96537 -16
96538 -2
96539 -13
96540 9
96541 3
96542 2
96543 5
96544 8
96545 3
96546 -4
96547 11
96548 18
96549 -3
96550 23
96551 -7
96552 8
96553 -11
96554 -1
96555 -1
96556 8
96557 -16
96558 1
96559 2
96560 -1
96561 20
96562 -5
96563 0
96564 2
96565 11
96566 3
96567 -5
96568 0
96569 -10
96570 -3
96571 2
96572 -7
96573 -8
96574 2
96575 13
96576 -5
96577 4
96578 1
96579 2
96580 -1
96581 6
96582 -8
96583 4
96584 -7
96585 5
96586 -11
96587 -4
96588 -5
96589 -8
96590 -16
96591 5
96592 5
96593 -3
96594 -6
96595 20
96596 6
96597 7
96598 -11
96599 -21
96600 -10
96601 9
96602 12
96603 2
96604 14
96605 6
96606 -12
96607 29
96608 -2
96609 2
96610 0
96611 -8
96612 -2
96613 -11
96614 -8
96615 -6
96616 -4
96617 8
96618 -2
96619 -3
96620 -9
96621 -1
96622 2
96623 -6
96624 -4
96625 -14
96626 8
96627 0
96628 -11
96629 15
96630 7
96631 -16
96632 -9
96633 -4
96634 4
96635 0
96636 4
96637 -2
96638 8
96639 8
96640 7
96641 -10
96642 5
96643 -1
96644 2
96645 -12
96646 6
96647 -12
96648 -8
96649 -10
96650 7
96651 25
96652 -11
96653 -4
96654 -5
96655 4
96656 -4
96657 35
96658 10
96659 1
96660 17
96661 23
96662 5
96663 -9
96664 -2
96665 -18
96666 -8
96667 -4
96668 -5
96669 -15
96670 3
96671 -5
96672 -27
96673 -1
96674 3
96675 6
96676 22
96677 -19
96678 -11
96679 -11
96680 8
96681 -14
96682 -5
96683 1
96684 2
96685 -4
96686 -8
96687 -2
96688 -2
96689 -10
96690 1
96691 21
96692 6
96693 3
96694 9
96695 -11
96696 -10
96697 -7
96698 -5
96699 8
96700 -5
96701 2
96702 -16
96703 8
96704 6
96705 1
96706 -11
96707 9
96708 -10
96709 8
96710 -6
96711 -6
96712 -3
96713 -11
96714 -5
96715 10
96716 -13
96717 -2
96718 -12
96719 4
96720 -10
96721 15
96722 -9
96723 10
96724 94
96725 4
96726 3
96727 0
96728 2
96729 -4
96730 -2
96731 15
96732 0
96733 5
96734 -2
96735 -10
96736 -3
96737 6
96738 0
96739 -2
96740 -12
96741 11
96742 5
96743 4
96744 16
96745 2
96746 18
96747 19
96748 -9
96749 -9
96750 2
96751 -2
96752 -22
96753 -6
96754 -2
96755 1
96756 12
96757 -18
96758 6
96759 5
96760 2
96761 11
96762 -9
96763 -4
96764 9
96765 -7
96766 -1
96767 5
96768 -10
96769 4
96770 -8
96771 2
96772 -1
96773 6
96774 12
96775 5
96776 -16
96777 -2
96778 10
96779 -2
96780 -10
96781 -10
96782 6
96783 -7
96784 2
96785 -1
96786 0
96787 -20
96788 -5
96789 -3
96790 -19
96791 4
96792 3
96793 0
96794 -1
96795 -6
96796 -8
96797 -3
96798 -7
96799 -12
96800 -10
96801 10
96802 -25
96803 -1
96804 0
96805 -3
96806 -3
96807 12
96808 4
96809 -6
96810 -8
96811 3
96812 -1
96813 9
96814 -7
96815 -15
96816 -8
96817 3
96818 1
96819 -2
96820 -7
96821 -5
96822 -3
96823 9
96824 1
96825 8
96826 3
96827 1
96828 -3
96829 -4
96830 16
96831 1
96832 11
96833 7
96834 14
96835 14
96836 2
96837 2
96838 -4
96839 -5
96840 0
96841 -1
96842 -10
96843 10
96844 -6
96845 -5
96846 2
96847 -9
96848 -1
96849 4
96850 -10
96851 -2
96852 6
96853 17
96854 -22
96855 1
96856 -15
96857 3
96858 -3
96859 4
96860 -1
96861 -2
96862 -1
96863 -3
96864 0
96865 -4
96866 -13
96867 -14
96868 -6
96869 0
96870 6
96871 -5
96872 7
96873 -1
96874 12
96875 10
96876 17
96877 -11
96878 -9
96879 3
96880 -7
96881 7
96882 -7
96883 -2
96884 8
96885 -7
96886 -9
96887 12
96888 -16
96889 10
96890 -9
96891 -2
96892 -2
96893 7
96894 11
96895 18
96896 0
96897 9
96898 6
96899 9
96900 3
96901 -12
96902 -19
96903 -11
96904 -14
96905 4
96906 0
96907 8
96908 6
96909 -4
96910 -10
96911 13
96912 -7
96913 -9
96914 -4
96915 2
96916 0
96917 -5
96918 2
96919 1
96920 22
96921 -10
96922 4
96923 1
96924 -4
96925 -12
96926 1
96927 -3
96928 -4
96929 1
96930 4
96931 -5
96932 -4
96933 -9
96934 7
96935 -17
96936 -8
96937 -2
96938 -8
96939 -11
96940 -7
96941 3
96942 -2
96943 -9
96944 7
96945 5
96946 -17
96947 -5
96948 10
96949 -3
96950 3
96951 -5
96952 -20
96953 4
96954 -12
96955 4
96956 19
96957 4
96958 12
96959 -6
96960 3
96961 -3
96962 -15
96963 -2
96964 -5
96965 -10
96966 10
96967 1
96968 -7
96969 4
96970 -16
96971 16
96972 2
96973 -8
96974 5
96975 -6
96976 5
96977 -22
96978 -8
96979 -9
96980 -2
96981 -16
96982 8
96983 -15
96984 1
96985 -1
96986 4
96987 13
96988 7
96989 1
96990 -5
96991 -16
96992 -1
96993 -1
96994 -6
96995 -4
96996 -8
96997 -5
96998 -8
96999 16
97000 3
97001 -6
97002 -21
97003 3
97004 -14
97005 1
97006 -24
97007 9
97008 -5
97009 16
97010 1
97011 -7
97012 -4
97013 -4
97014 6
97015 -2
97016 -21
97017 12
97018 5
97019 5
97020 8
97021 -10
97022 6
97023 -12
97024 -5
97025 -15
97026 5
97027 -21
97028 -13
97029 7
97030 -13
97031 -4
97032 7
97033 -6
97034 10
97035 -11
97036 3
97037 13
97038 -12
97039 3
97040 -6
97041 5
97042 -4
97043 2
97044 -2
97045 6
97046 -14
97047 -7
97048 -15
97049 -14
97050 -8
97051 -6
97052 -14
97053 0
97054 -7
97055 -2
97056 -6
97057 -6
97058 -5
97059 6
97060 -8
97061 0
97062 -2
97063 -9
97064 1
97065 -2
97066 -7
97067 0
97068 0
97069 3
97070 -5
97071 -15
97072 -4
97073 5
97074 -3
97075 2
97076 50
97077 -9
97078 -8
97079 -5
97080 -12
97081 2
97082 0
97083 -2
97084 -3
97085 3
97086 -17
97087 1
97088 1
97089 7
97090 4
97091 13
97092 -7
97093 -5
97094 -1
97095 2
97096 0
97097 4
97098 -13
97099 -7
97100 0
97101 -5
97102 1
97103 0
97104 -9
97105 -10
97106 -13
97107 -4
97108 4
97109 12
97110 -7
97111 0
97112 7
97113 -7
97114 10
97115 -8
97116 -1
97117 -7
97118 -8
97119 -2
97120 17
97121 -15
97122 3
97123 5
97124 -2
97125 9
97126 6
97127 -7
97128 16
97129 20
97130 -13
97131 -17
97132 10
97133 -8
97134 -7
97135 -11
97136 -1
97137 8
97138 -11
97139 -2
97140 7
97141 -5
97142 -10
97143 10
97144 6
97145 -13
97146 4
97147 -10
97148 0
97149 -1
97150 1
97151 -14
97152 0
97153 10
97154 7
97155 1
97156 8
97157 2
97158 -12
97159 -5
97160 1
97161 -3
97162 16
97163 10
97164 -6
97165 3
97166 0
97167 15
97168 -3
97169 7
97170 1
97171 -3
97172 5
97173 -1
97174 -14
97175 -13
97176 -1
97177 -8
97178 -8
97179 4
97180 0
97181 -18
97182 17
97183 -7
97184 -7
97185 -4
97186 4
97187 2
97188 -3
97189 -2
97190 -15
97191 -18
97192 -3
97193 8
97194 -3
97195 -2
97196 -2
97197 -4
97198 3
97199 -3
97200 2
97201 3
97202 5
97203 -25
97204 -19
97205 19
97206 -12
97207 3
97208 2
97209 -4
97210 5
97211 -1
97212 -16
97213 7
97214 0
97215 1
97216 3
97217 1
97218 6
97219 -5
97220 -2
97221 -6
97222 3
97223 -11
97224 -15
97225 -13
97226 -10
97227 5
97228 -19
97229 7
97230 -14
97231 -14
97232 8
97233 -2
97234 -9
97235 3
97236 -5
97237 -17
97238 -1
97239 8
97240 -6
97241 -1
97242 -11
97243 -5
97244 -3
97245 -4
97246 8
97247 10
97248 -4
97249 4
97250 -8
97251 4
97252 5
97253 -6
97254 9
97255 3
97256 -4
97257 13
97258 7
97259 8
97260 -9
97261 -8
97262 -11
97263 -7
97264 14
97265 -2
97266 -1
97267 13
97268 14
97269 -5
97270 1
97271 6
97272 -2
97273 -10
97274 -4
97275 -10
97276 -5
97277 2
97278 1
97279 2
97280 -5
97281 -2
97282 -5
97283 -9
97284 -4
97285 0
97286 -8
97287 1
97288 -17
97289 6
97290 -7
97291 -17
97292 14
97293 -17
97294 1
97295 -3
97296 -2
97297 -10
97298 6
97299 -10
97300 2
97301 -17
97302 4
97303 -6
97304 15
97305 -15
97306 4
97307 8
97308 -4
97309 -8
97310 -17
97311 16
97312 -3
97313 -1
97314 -2
97315 13
97316 2
97317 -11
97318 11
97319 2
97320 -3
97321 -12
97322 -10
97323 -2
97324 10
97325 -5
97326 -17
97327 6
97328 -10
97329 -1
97330 -6
97331 -3
97332 12
97333 3
97334 1
97335 9
97336 -6
97337 10
97338 6
97339 12
97340 -11
97341 -16
97342 6
97343 -18
97344 15
97345 1
97346 7
97347 -1
97348 -13
97349 -14
97350 2
97351 13
97352 -2
97353 -13
97354 -11
97355 9
97356 -6
97357 -19
97358 3
97359 -7
97360 4
97361 -5
97362 2
97363 3
97364 -9
97365 -2
97366 4
97367 -8
97368 -9
97369 -10
97370 -10
97371 -2
97372 -2
97373 -2
97374 -3
97375 3
97376 -1
97377 -12
97378 -2
97379 -2
97380 6
97381 -4
97382 0
97383 -6
97384 8
97385 -6
97386 -7
97387 3
97388 2
97389 -13
97390 7
97391 3
97392 7
97393 10
97394 -2
97395 7
97396 11
97397 -17
97398 10
97399 -10
97400 -10
97401 -10
97402 -3
97403 8
97404 -8
97405 -12
97406 -6
97407 2
97408 -10
97409 4
97410 3
97411 -1
97412 -2
97413 -3
97414 -4
97415 -3
97416 -4
97417 -11
97418 1
97419 11
97420 -9
97421 -4
97422 -5
97423 -18
97424 -7
97425 -17
97426 12
97427 -3
97428 -4
97429 2
97430 -4
97431 28
97432 5
97433 4
97434 -10
97435 -4
97436 -8
97437 -22
97438 -2
97439 1
97440 -16
97441 0
97442 -3
97443 -4
97444 15
97445 -5
97446 2
97447 -3
97448 2
97449 7
97450 0
97451 17
97452 -4
97453 5
97454 9
97455 2
97456 4
97457 -6
97458 -5
97459 -4
97460 -20
97461 -7
97462 -4
97463 -19
97464 -4
97465 -2
97466 0
97467 -4
97468 -17
97469 3
97470 -5
97471 -12
97472 3
97473 -5
97474 3
97475 -11
97476 4
97477 -15
97478 -2
97479 -1
97480 -13
97481 -11
97482 5
97483 7
97484 4
97485 13
97486 -2
97487 -5
97488 -4
97489 -2
97490 -5
97491 -6
97492 -3
97493 8
97494 4
97495 -4
97496 -2
97497 -11
97498 -4
97499 5
97500 -6
97501 -8
97502 0
97503 2
97504 -3
97505 -15
97506 -15
97507 -4
97508 -11
97509 -13
97510 2
97511 6
97512 -2
97513 -6
97514 -2
97515 -1
97516 -4
97517 18
97518 7
97519 8
97520 -11
97521 -7
97522 1
97523 -4
97524 -10
97525 4
97526 -6
97527 -5
97528 0
97529 5
97530 -6
97531 -2
97532 4
97533 -3
97534 -7
97535 -5
97536 -13
97537 11
97538 10
97539 10
97540 -2
97541 -10
97542 2
97543 -4
97544 13
97545 -1
97546 -15
97547 12
97548 6
97549 -12
97550 -1
97551 -8
97552 -3
97553 -11
97554 -11
97555 -14
97556 -14
97557 -12
97558 -6
97559 0
97560 0
97561 7
97562 3
97563 0
97564 2
97565 -9
97566 2
97567 2
97568 -9
97569 2
97570 -14
97571 4
97572 -10
97573 -7
97574 -12
97575 -6
97576 -7
97577 1
97578 3
97579 2
97580 -6
97581 -7
97582 -18
97583 8
97584 -5
97585 7
97586 13
97587 -3
97588 22
97589 -11
97590 -7
97591 -11
97592 -4
97593 8
97594 -8
97595 -23
97596 12
97597 -12
97598 -15
97599 -13
97600 -14
97601 -12
97602 -4
97603 -10
97604 -5
97605 -13
97606 -7
97607 -2
97608 -4
97609 3
97610 -26
97611 -5
97612 -8
97613 -5
97614 -5
97615 -19
97616 -10
97617 -6
97618 6
97619 -10
97620 -14
97621 8
97622 -11
97623 -8
97624 4
97625 -17
97626 -4
97627 -17
97628 4
97629 -7
97630 -10
97631 4
97632 -5
97633 -14
97634 -2
97635 -8
97636 -7
97637 4
97638 -15
97639 -5
97640 3
97641 -14
97642 -11
97643 -7
97644 1
97645 3
97646 -7
97647 -14
97648 3
97649 -7
97650 -17
97651 -2
97652 -1
97653 9
97654 -4
97655 5
97656 -2
97657 -26
97658 -10
97659 -11
97660 9
97661 -13
97662 -4
97663 -14
97664 1
97665 -10
97666 -4
97667 12
97668 -11
97669 -3
97670 5
97671 -5
97672 -2
97673 2
97674 2
97675 -8
97676 2
97677 0
97678 5
97679 -1
97680 2
97681 -28
97682 8
97683 -3
97684 -30
97685 -9
97686 -2
97687 -18
97688 0
97689 -7
97690 5
97691 2
97692 -3
97693 5
97694 -8
97695 -4
97696 -9
97697 14
97698 -12
97699 -5
97700 -6
97701 5
97702 -18
97703 8
97704 -15
97705 1
97706 -3
97707 -10
97708 0
97709 -6
97710 -4
97711 1
97712 -3
97713 -5
97714 -6
97715 -17
97716 5
97717 -17
97718 -4
97719 -10
97720 -6
97721 -14
97722 -9
97723 -21
97724 -2
97725 -6
97726 1
97727 8
97728 -9
97729 -11
97730 -10
97731 -2
97732 4
97733 11
97734 -10
97735 4
97736 14
97737 -13
97738 -8
97739 9
97740 1
97741 -7
97742 -8
97743 -11
97744 0
97745 -8
97746 -9
97747 5
97748 4
97749 -7
97750 -14
97751 0
97752 1
97753 4
97754 -19
97755 9
97756 -5
97757 -3
97758 -14
97759 -5
97760 10
97761 5
97762 -1
97763 3
97764 4
97765 6
97766 -20
97767 -8
97768 -6
97769 -1
97770 -15
97771 -11
97772 -16
97773 0
97774 -6
97775 -11
97776 -14
97777 -1
97778 -2
97779 -16
97780 -8
97781 -8
97782 2
97783 -4
97784 -15
97785 -8
97786 -8
97787 -3
97788 2
97789 10
97790 -2
97791 -2
97792 -1
97793 -7
97794 0
97795 -11
97796 2
97797 2
97798 -1
97799 -13
97800 2
97801 -1
97802 -5
97803 -9
97804 15
97805 -5
97806 5
97807 -13
97808 -1
97809 5
97810 5
97811 10
97812 23
97813 0
97814 -14
97815 -16
97816 3
97817 -14
97818 0
97819 -7
97820 -10
97821 -2
97822 -2
97823 -10
97824 -2
97825 6
97826 -7
97827 1
97828 7
97829 -1
97830 8
97831 9
97832 -8
97833 6
97834 2
97835 -9
97836 -13
97837 -10
97838 3
97839 -14
97840 -8
97841 -10
97842 -11
97843 -6
97844 -20
97845 -4
97846 -16
97847 -22
97848 -3
97849 -10
97850 -17
97851 -7
97852 4
97853 -6
97854 -7
97855 -8
97856 0
97857 -5
97858 -6
97859 0
97860 -6
97861 -14
97862 -16
97863 12
97864 -1
97865 2
97866 5
97867 3
97868 -2
97869 2
97870 -7
97871 8
97872 16
97873 -15
97874 -27
97875 -4
97876 7
97877 -3
97878 -7
97879 -17
97880 -4
97881 -12
97882 -11
97883 20
97884 -7
97885 -3
97886 1
97887 -6
97888 -24
97889 -4
97890 -12
97891 -13
97892 -16
97893 -15
97894 -7
97895 10
97896 -3
97897 -14
97898 0
97899 -5
97900 10
97901 -5
97902 -1
97903 -7
97904 -4
97905 18
97906 -11
97907 -3
97908 -9
97909 -9
97910 5
97911 -6
97912 2
97913 -1
97914 -7
97915 8
97916 2
97917 -14
97918 -12
97919 0
97920 -20
97921 9
97922 -7
97923 -12
97924 0
97925 -1
97926 -8
97927 -3
97928 -5
97929 -21
97930 -3
97931 -7
97932 -1
97933 -1
97934 -12
97935 5
97936 -9
97937 11
97938 4
97939 10
97940 -14
97941 -1
97942 -4
97943 -25
97944 -9
97945 3
97946 0
97947 -10
97948 3
97949 13
97950 0
97951 7
97952 0
97953 -12
97954 3
97955 -4
97956 0
97957 -10
97958 17
97959 1
97960 15
97961 -3
97962 -4
97963 -10
97964 -7
97965 -17
97966 -20
97967 -12
97968 -8
97969 -4
97970 -1
97971 8
97972 17
97973 7
97974 0
97975 -31
97976 -2
97977 -12
97978 3
97979 -8
97980 -1
97981 5
97982 -6
97983 1
97984 -16
97985 3
97986 1
97987 -29
97988 -5
97989 -7
97990 -3
97991 0
97992 -2
97993 3
97994 -8
97995 -7
97996 -8
97997 6
97998 -6
97999 -10
98000 -7
98001 9
98002 0
98003 2
98004 6
98005 -12
98006 0
98007 6
98008 -12
98009 8
98010 -15
98011 -4
98012 -8
98013 3
98014 -4
98015 -13
98016 -4
98017 -16
98018 -7
98019 -9
98020 17
98021 -16
98022 -3
98023 -7
98024 0
98025 7
98026 -2
98027 -2
98028 -6
98029 -6
98030 -3
98031 -7
98032 -6
98033 1
98034 3
98035 3
98036 4
98037 -14
98038 21
98039 -8
98040 -9
98041 -1
98042 -4
98043 1
98044 -11
98045 9
98046 1
98047 -7
98048 -13
98049 -5
98050 1
98051 -18
98052 -1
98053 -14
98054 4
98055 -7
98056 -6
98057 1
98058 2
98059 -9
98060 0
98061 -4
98062 0
98063 0
98064 -4
98065 -1
98066 -12
98067 -4
98068 -7
98069 3
98070 3
98071 -6
98072 -22
98073 -2
98074 -10
98075 -3
98076 -3
98077 -10
98078 -5
98079 10
98080 -6
98081 2
98082 -11
98083 0
98084 -9
98085 -3
98086 -7
98087 3
98088 -15
98089 -9
98090 -8
98091 -18
98092 -2
98093 -8
98094 -8
98095 8
98096 -7
98097 -3
98098 3
98099 8
98100 -10
98101 7
98102 5
98103 -3
98104 -18
98105 1
98106 -16
98107 -10
98108 3
98109 -2
98110 3
98111 6
98112 -3
98113 -7
98114 -5
98115 -14
98116 -4
98117 -18
98118 -15
98119 -1
98120 -1
98121 -1
98122 2
98123 3
98124 -8
98125 10
98126 -14
98127 -4
98128 11
98129 0
98130 -9
98131 1
98132 12
98133 1
98134 3
98135 -12
98136 1
98137 6
98138 -7
98139 -8
98140 -13
98141 3
98142 -11
98143 5
98144 -26
98145 7
98146 5
98147 0
98148 -11
98149 -11
98150 -8
98151 9
98152 -17
98153 -2
98154 -11
98155 -8
98156 5
98157 -12
98158 -13
98159 -10
98160 1
98161 -11
98162 -8
98163 -4
98164 7
98165 2
98166 -7
98167 -3
98168 -24
98169 7
98170 1
98171 0
98172 -17
98173 -10
98174 -9
98175 -9
98176 -11
98177 7
98178 1
98179 -24
98180 -16
98181 -13
98182 -2
98183 -2
98184 2
98185 -6
98186 -9
98187 -13
98188 12
98189 -1
98190 -8
98191 5
98192 -1
98193 -7
98194 -18
98195 -7
98196 -7
98197 -5
98198 -6
98199 -6
98200 -9
98201 -2
98202 -11
98203 -17
98204 8
98205 2
98206 -10
98207 -3
98208 -1
98209 -11
98210 -6
98211 -4
98212 2
98213 -2
98214 1
98215 -4
98216 -9
98217 -7
98218 -3
98219 -10
98220 -8
98221 -5
98222 -1
98223 0
98224 -9
98225 -3
98226 -10
98227 4
98228 -15
98229 -16
98230 2
98231 1
98232 -5
98233 2
98234 -8
98235 8
98236 -22
98237 1
98238 1
98239 -3
98240 -20
98241 2
98242 -15
98243 -9
98244 -5
98245 -11
98246 2
98247 -18
98248 1
98249 0
98250 4
98251 -5
98252 -14
98253 6
98254 -4
98255 -21
98256 -9
98257 -4
98258 -1
98259 -7
98260 -20
98261 -15
98262 1
98263 22
98264 8
98265 -15
98266 -1
98267 -6
98268 1
98269 3
98270 -10
98271 -5
98272 -14
98273 6
98274 -6
98275 -8
98276 -9
98277 2
98278 -2
98279 -13
98280 -2
98281 1
98282 -18
98283 -16
98284 -3
98285 9
98286 -12
98287 0
98288 -14
98289 15
98290 -13
98291 -3
98292 -8
98293 2
98294 -12
98295 7
98296 7
98297 -14
98298 -20
98299 -9
98300 -16
98301 -6
98302 -3
98303 -18
98304 -28
98305 0
98306 2
98307 -4
98308 3
98309 -2
98310 -6
98311 18
98312 -9
98313 -8
98314 -14
98315 -14
98316 6
98317 4
98318 -1
98319 -11
98320 -25
98321 -9
98322 7
98323 0
98324 -7
98325 1
98326 -5
98327 1
98328 -3
98329 1
98330 -13
98331 -4
98332 -3
98333 0
98334 -8
98335 -14
98336 -7
98337 -11
98338 -2
98339 9
98340 -5
98341 -16
98342 -5
98343 -9
98344 4
98345 -21
98346 -4
98347 -10
98348 5
98349 -17
98350 -11
98351 -6
98352 -5
98353 -1
98354 4
98355 -12
98356 5
98357 9
98358 9
98359 -8
98360 -15
98361 12
98362 3
98363 -13
98364 11
98365 -7
98366 -7
98367 -1
98368 -5
98369 3
98370 -3
98371 -24
98372 -19
98373 -10
98374 -8
98375 -2
98376 -13
98377 -13
98378 0
98379 -15
98380 14
98381 10
98382 -25
98383 -16
98384 -10
98385 -2
98386 9
98387 4
98388 -5
98389 4
98390 -7
98391 0
98392 -2
98393 5
98394 -3
98395 -8
98396 3
98397 -3
98398 5
98399 8
98400 3
98401 -12
98402 -15
98403 -11
98404 5
98405 18
98406 -17
98407 -18
98408 -4
98409 11
98410 6
98411 -12
98412 -20
98413 -4
98414 7
98415 -4
98416 0
98417 9
98418 -2
98419 -12
98420 -1
98421 6
98422 -7
98423 -4
98424 -23
98425 -13
98426 21
98427 -5
98428 -9
98429 -1
98430 -5
98431 -9
98432 3
98433 -9
98434 -8
98435 -10
98436 2
98437 24
98438 -13
98439 -7
98440 -9
98441 -22
98442 -24
98443 7
98444 7
98445 2
98446 -1
98447 -7
98448 -17
98449 4
98450 0
98451 -3
98452 1
98453 -1
98454 5
98455 -12
98456 -8
98457 -11
98458 4
98459 -5
98460 -13
98461 2
98462 -14
98463 -26
98464 -2
98465 -11
98466 -3
98467 -2
98468 -23
98469 -28
98470 -13
98471 -12
98472 1
98473 -13
98474 -16
98475 -5
98476 -10
98477 -26
98478 -1
98479 -25
98480 -16
98481 -11
98482 8
98483 -10
98484 -6
98485 -9
98486 -3
98487 -5
98488 4
98489 -17
98490 -1
98491 2
98492 12
98493 -1
98494 4
98495 -2
98496 -12
98497 -9
98498 -5
98499 4
98500 -10
98501 -7
98502 -12
98503 -14
98504 -7
98505 -3
98506 -6
98507 -12
98508 -6
98509 1
98510 3
98511 3
98512 -20
98513 -14
98514 -8
98515 -9
98516 1
98517 1
98518 -3
98519 -5
98520 -5
98521 -8
98522 -4
98523 4
98524 -4
98525 -6
98526 -4
98527 -1
98528 5
98529 -23
98530 -6
98531 -5
98532 -3
98533 -10
98534 -4
98535 -26
98536 -11
98537 -16
98538 -3
98539 -11
98540 -15
98541 4
98542 -10
98543 -10
98544 -8
98545 -21
98546 -5
98547 -12
98548 4
98549 5
98550 -14
98551 -8
98552 -1
98553 -16
98554 -9
98555 -6
98556 -8
98557 -10
98558 -3
98559 -2
98560 -14
98561 -15
98562 -8
98563 -6
98564 2
98565 -9
98566 11
98567 -8
98568 -14
98569 -12
98570 13
98571 2
98572 -16
98573 -11
98574 4
98575 -26
98576 3
98577 -4
98578 3
98579 -5
98580 -26
98581 -3
98582 -9
98583 -5
98584 7
98585 -11
98586 -19
98587 -17
98588 -4
98589 -23
98590 -1
98591 -9
98592 -7
98593 2
98594 -3
98595 1
98596 5
98597 3
98598 -9
98599 -13
98600 -2
98601 -14
98602 -7
98603 -4
98604 -13
98605 -22
98606 -2
98607 -14
98608 -7
98609 -5
98610 -9
98611 -14
98612 1
98613 -10
98614 -12
98615 -19
98616 -12
98617 -8
98618 4
98619 -13
98620 -7
98621 -14
98622 -6
98623 -22
98624 -10
98625 -10
98626 -7
98627 -14
98628 -30
98629 -2
98630 2
98631 -8
98632 2
98633 -13
98634 -6
98635 -11
98636 -8
98637 -15
98638 -12
98639 -17
98640 7
98641 -12
98642 9
98643 -21
98644 -11
98645 -3
98646 -9
98647 -9
98648 -16
98649 -4
98650 9
98651 10
98652 -20
98653 -10
98654 10
98655 -5
98656 -4
98657 -4
98658 -10
98659 -4
98660 -7
98661 -14
98662 -9
98663 -8
98664 5
98665 7
98666 -13
98667 -3
98668 -13
98669 -5
98670 0
98671 -1
98672 -7
98673 3
98674 7
98675 -28
98676 -15
98677 -10
98678 -11
98679 -11
98680 -3
98681 -8
98682 -12
98683 -10
98684 -23
98685 -18
98686 -4
98687 -8
98688 4
98689 10
98690 3
98691 -7
98692 -10
98693 -18
98694 1
98695 -12
98696 4
98697 -7
98698 0
98699 -4
98700 4
98701 1
98702 2
98703 -2
98704 -22
98705 -11
98706 10
98707 1
98708 -2
98709 -6
98710 -15
98711 -17
98712 -14
98713 -15
98714 -7
98715 -14
98716 -13
98717 -1
98718 -15
98719 -14
98720 -9
98721 -4
98722 -17
98723 -21
98724 -18
98725 -1
98726 -10
98727 -13
98728 -18
98729 -4
98730 -7
98731 1
98732 -13
98733 -10
98734 -7
98735 -17
98736 -7
98737 0
98738 -6
98739 10
98740 2
98741 -14
98742 -3
98743 13
98744 -21
98745 10
98746 -11
98747 -5
98748 -19
98749 -8
98750 -18
98751 -8
98752 -11
98753 1
98754 -14
98755 -3
98756 -16
98757 2
98758 1
98759 -9
98760 -15
98761 -13
98762 -15
98763 0
98764 1
98765 -1
98766 -23
98767 -1
98768 -13
98769 -2
98770 -1
98771 7
98772 -13
98773 -19
98774 0
98775 0
98776 -19
98777 -12
98778 8
98779 -13
98780 -5
98781 -11
98782 -3
98783 -8
98784 5
98785 -6
98786 -18
98787 -17
98788 -6
98789 -11
98790 -6
98791 -9
98792 -27
98793 -1
98794 -3
98795 -10
98796 -8
98797 1
98798 -13
98799 -13
98800 -4
98801 -14
98802 -17
98803 5
98804 -11
98805 3
98806 -6
98807 -11
98808 -23
98809 -12
98810 -5
98811 -16
98812 1
98813 -21
98814 -7
98815 -25
98816 -3
98817 -8
98818 6
98819 -18
98820 -5
98821 -3
98822 -1
98823 7
98824 -16
98825 -12
98826 -7
98827 -13
98828 -7
98829 -8
98830 1
98831 -4
98832 -22
98833 0
98834 -5
98835 -16
98836 -7
98837 -5
98838 -6
98839 -6
98840 -2
98841 -8
98842 -4
98843 -7
98844 -3
98845 -8
98846 -21
98847 -9
98848 -2
98849 -22
98850 -10
98851 -16
98852 -14
98853 -7
98854 2
98855 -9
98856 -12
98857 -10
98858 -7
98859 -15
98860 -2
98861 -4
98862 -21
98863 -4
98864 -22
98865 2
98866 -6
98867 -5
98868 0
98869 1
98870 3
98871 -10
98872 -15
98873 -1
98874 -9
98875 0
98876 -9
98877 -3
98878 -1
98879 -6
98880 -7
98881 -9
98882 -12
98883 -2
98884 1
98885 -4
98886 6
98887 0
98888 -19
98889 -3
98890 -12
98891 -12
98892 -2
98893 -3
98894 -15
98895 -14
98896 -6
98897 -11
98898 -14
98899 -15
98900 4
98901 -15
98902 10
98903 -7
98904 -13
98905 -6
98906 -7
98907 -13
98908 -18
98909 -9
98910 -5
98911 -10
98912 3
98913 5
98914 -5
98915 -2
98916 -3
98917 -6
98918 -7
98919 -21
98920 -18
98921 -3
98922 -22
98923 -5
98924 2
98925 -12
98926 -27
98927 -9
98928 -10
98929 6
98930 -15
98931 5
98932 -10
98933 -15
98934 -1
98935 -1
98936 -7
98937 -4
98938 -24
98939 -12
98940 4
98941 -10
98942 -13
98943 -9
98944 -20
98945 -1
98946 2
98947 -19
98948 -21
98949 -3
98950 -14
98951 -3
98952 -8
98953 1
98954 -2
98955 -15
98956 -4
98957 -6
98958 2
98959 -12
98960 -11
98961 -12
98962 -10
98963 2
98964 9
98965 -26
98966 -10
98967 -6
98968 -19
98969 -3
98970 8
98971 -14
98972 -8
98973 -6
98974 -7
98975 -13
98976 -10
98977 -7
98978 -14
98979 -8
98980 12
98981 -16
98982 8
98983 -4
98984 -19
98985 -7
98986 -15
98987 0
98988 -13
98989 -6
98990 -17
98991 -11
98992 -4
98993 -8
98994 -11
98995 2
98996 -1
98997 -1
98998 -4
98999 -8
99000 -25
99001 -1
99002 -16
99003 -17
99004 0
99005 -5
99006 -5
99007 -7
99008 -28
99009 -17
99010 -9
99011 -16
99012 -22
99013 0
99014 4
99015 -18
99016 -5
99017 -5
99018 -4
99019 -10
99020 -5
99021 -4
99022 -21
99023 -18
99024 -6
99025 0
99026 -12
99027 -15
99028 -13
99029 -13
99030 -23
99031 0
99032 -1
99033 -24
99034 -15
99035 -17
99036 -5
99037 2
99038 -2
99039 -14
99040 -3
99041 -8
99042 -9
99043 -8
99044 -10
99045 -26
99046 -5
99047 -7
99048 -11
99049 -4
99050 -14
99051 0
99052 -17
99053 6
99054 -13
99055 4
99056 1
99057 -8
99058 -3
99059 -13
99060 -14
99061 -13
99062 -12
99063 -7
99064 -7
99065 -7
99066 -8
99067 -7
99068 -13
99069 -10
99070 -26
99071 -12
99072 -2
99073 -11
99074 -11
99075 -14
99076 -18
99077 -23
99078 -10
99079 -11
99080 -3
99081 -12
99082 -14
99083 -13
99084 -9
99085 -9
99086 -20
99087 -12
99088 5
99089 15
99090 0
99091 0
99092 -15
99093 -20
99094 -10
99095 -3
99096 -19
99097 1
99098 -18
99099 -3
99100 -7
99101 -6
99102 -12
99103 -7
99104 12
99105 4
99106 -17
99107 -14
99108 -20
99109 -14
99110 -17
99111 0
99112 -11
99113 -20
99114 -6
99115 -10
99116 -18
99117 -10
99118 -9
99119 -5
99120 -3
99121 -1
99122 -9
99123 7
99124 -8
99125 -2
99126 16
99127 -3
99128 -5
99129 -10
99130 -16
99131 -13
99132 -11
99133 -13
99134 -9
99135 -5
99136 -18
99137 0
99138 -8
99139 -10
99140 -2
99141 0
99142 -8
99143 -6
99144 -23
99145 -2
99146 -10
99147 -11
99148 -16
99149 -6
99150 -8
99151 15
99152 -8
99153 -21
99154 -8
99155 -15
99156 2
99157 -4
99158 -15
99159 -6
99160 -10
99161 -10
99162 -4
99163 -17
99164 1
99165 -12
99166 -5
99167 -13
99168 -16
99169 -11
99170 -19
99171 -8
99172 -13
99173 -18
99174 2
99175 -19
99176 -16
99177 -6
99178 -1
99179 -13
99180 -13
99181 -2
99182 -3
99183 -4
99184 -20
99185 1
99186 -11
99187 -12
99188 -13
99189 -3
99190 -6
99191 -27
99192 -9
99193 -12
99194 -7
99195 -16
99196 -15
99197 -18
99198 -16
99199 9
99200 -9
99201 4
99202 -9
99203 -5
99204 -27
99205 -14
99206 -10
99207 -8
99208 -16
99209 -14
99210 -11
99211 -10
99212 -9
99213 -6
99214 -9
99215 -8
99216 -9
99217 -15
99218 -25
99219 -8
99220 -14
99221 -8
99222 -14
99223 -24
99224 -2
99225 7
99226 -15
99227 8
99228 -17
99229 -9
99230 -6
99231 -10
99232 -10
99233 -10
99234 -10
99235 -13
99236 -8
99237 2
99238 -12
99239 -2
99240 -1
99241 -19
99242 -10
99243 1
99244 -20
99245 -13
99246 3
99247 -6
99248 -7
99249 -4
99250 -13
99251 -4
99252 -11
99253 -1
99254 -12
99255 -14
99256 -10
99257 -7
99258 -21
99259 -19
99260 -12
99261 -3
99262 -3
99263 0
99264 -19
99265 -9
99266 2
99267 -4
99268 -3
99269 -7
99270 -10
99271 8
99272 -12
99273 -15
99274 -14
99275 4
99276 -5
99277 -10
99278 -11
99279 -14
99280 5
99281 -21
99282 -10
99283 -23
99284 5
99285 -9
99286 -30
99287 -12
99288 -19
99289 -9
99290 -14
99291 -15
99292 -9
99293 -10
99294 -13
99295 -12
99296 -12
99297 -4
99298 -23
99299 -6
99300 -5
99301 -4
99302 -21
99303 -5
99304 -11
99305 -5
99306 -17
99307 -18
99308 -4
99309 -27
99310 -1
99311 -6
99312 -3
99313 -7
99314 -7
99315 -17
99316 -16
99317 -8
99318 -4
99319 -5
99320 -10
99321 36
99322 -12
99323 0
99324 -17
99325 -16
99326 -27
99327 -8
99328 -16
99329 -10
99330 -13
99331 -23
99332 2
99333 -8
99334 -9
99335 -19
99336 -20
99337 -12
99338 3
99339 -19
99340 -8
99341 -19
99342 -24
99343 16
99344 -15
99345 -17
99346 -16
99347 -27
99348 -4
99349 -26
99350 -1
99351 -16
99352 -17
99353 -10
99354 -3
99355 -8
99356 -12
99357 -24
99358 -12
99359 -10
99360 -23
99361 -21
99362 -2
99363 -19
99364 -11
99365 -18
99366 -9
99367 -9
99368 -15
99369 -5
99370 -14
99371 -10
99372 -14
99373 -9
99374 -2
99375 3
99376 -18
99377 -18
99378 -5
99379 -12
99380 -13
99381 -4
99382 -8
99383 -13
99384 -14
99385 -13
99386 5
99387 -4
99388 -4
99389 -16
99390 -9
99391 10
99392 -14
99393 -9
99394 -19
99395 -7
99396 -1
99397 -6
99398 -14
99399 -20
99400 -11
99401 -11
99402 -13
99403 -13
99404 -19
99405 -3
99406 -8
99407 -9
99408 -15
99409 4
99410 -12
99411 -5
99412 -9
99413 -4
99414 -16
99415 -6
99416 -18
99417 -1
99418 -14
99419 -6
99420 -13
99421 -13
99422 -8
99423 -3
99424 -13
99425 -16
99426 -9
99427 -5
99428 -16
99429 -8
99430 -13
99431 -7
99432 -12
99433 -13
99434 -14
99435 -1
99436 -11
99437 -16
99438 5
99439 -17
99440 -17
99441 -14
99442 -16
99443 -3
99444 5
99445 -13
99446 -17
99447 -14
99448 -19
99449 -7
99450 -12
99451 -31
99452 -10
99453 -19
99454 -7
99455 -11
99456 -9
99457 -7
99458 -16
99459 -13
99460 -18
99461 -13
99462 -15
99463 -17
99464 -8
99465 15
99466 -4
99467 -8
99468 -11
99469 -13
99470 7
99471 -5
99472 3
99473 -23
99474 -14
99475 -11
99476 -17
99477 -7
99478 -2
99479 -5
99480 -33
99481 -6
99482 -18
99483 -19
99484 -10
99485 -10
99486 -18
99487 -10
99488 -7
99489 -10
99490 5
99491 -3
99492 -19
99493 -15
99494 -26
99495 -10
99496 -9
99497 -10
99498 -10
99499 -9
99500 -19
99501 -17
99502 -10
99503 -21
99504 -6
99505 -17
99506 -7
99507 -21
99508 -17
99509 -10
99510 -19
99511 -6
99512 -12
99513 -10
99514 -21
99515 -29
99516 -1
99517 -6
99518 -7
99519 -8
99520 -23
99521 -3
99522 -19
99523 -10
99524 -13
99525 -15
99526 -20
99527 -18
99528 4
99529 -15
99530 -30
99531 -4
99532 -5
99533 -18
99534 -7
99535 -22
99536 -13
99537 -11
99538 -21
99539 -6
99540 -11
99541 -24
99542 -25
99543 -35
99544 -4
99545 -9
99546 -7
99547 -12
99548 -8
99549 -14
99550 -21
99551 -4
99552 -12
99553 -22
99554 -5
99555 -11
99556 -13
99557 -5
99558 -13
99559 -15
99560 -17
99561 -19
99562 -18
99563 -15
99564 -3
99565 -8
99566 -24
99567 -24
99568 -13
99569 -22
99570 -12
99571 -14
99572 -35
99573 -21
99574 -19
99575 -13
99576 -18
99577 -23
99578 -7
99579 -8
99580 -14
99581 -15
99582 -12
99583 -14
99584 -12
99585 2
99586 -5
99587 -26
99588 -13
99589 -25
99590 -4
99591 -28
99592 -21
99593 -15
99594 -10
99595 -20
99596 -22
99597 -14
99598 -13
99599 -25
99600 -16
99601 -14
99602 -26
99603 -19
99604 -19
99605 -24
99606 -4
99607 -24
99608 -24
99609 -14
99610 -11
99611 -11
99612 -19
99613 -2
99614 -11
99615 -10
99616 -21
99617 -11
99618 -19
99619 -29
99620 -20
99621 -17
99622 -12
99623 -18
99624 -20
99625 -9
99626 -24
99627 -11
99628 -25
99629 -14
99630 -5
99631 -15
99632 -10
99633 -8
99634 -30
99635 -11
99636 -26
99637 -21
99638 -7
99639 -21
99640 -19
99641 -11
99642 -19
99643 -13
99644 -24
99645 -10
99646 -6
99647 -20
99648 -13
99649 -11
99650 -10
99651 -3
99652 -19
99653 -18
99654 -10
99655 -17
99656 -20
99657 -17
99658 -24
99659 -13
99660 -17
99661 -24
99662 -12
99663 -10
99664 -19
99665 -10
99666 -21
99667 -17
99668 -10
99669 -7
99670 -11
99671 -27
99672 -15
99673 -18
99674 -23
99675 -6
99676 -10
99677 -6
99678 -25
99679 -6
99680 -16
99681 -20
99682 -18
99683 -3
99684 -26
99685 -8
99686 -10
99687 -6
99688 -14
99689 -29
99690 -22
99691 -14
99692 -12
99693 -17
99694 -22
99695 -15
99696 -17
99697 -14
99698 -17
99699 -12
99700 -16
99701 -17
99702 -34
99703 -20
99704 -25
99705 -21
99706 -12
99707 -12
99708 -16
99709 -25
99710 -9
99711 -18
99712 -11
99713 -15
99714 -21
99715 -22
99716 -25
99717 -4
99718 -16
99719 -15
99720 -7
99721 -19
99722 -23
99723 -15
99724 -21
99725 -26
99726 -11
99727 -9
99728 -21
99729 -17
99730 0
99731 -21
99732 -12
99733 -15
99734 -23
99735 -20
99736 -23
99737 -12
99738 -17
99739 -14
99740 -23
99741 -21
99742 -15
99743 -18
99744 -13
99745 -24
99746 -18
99747 -22
99748 -16
99749 -22
99750 -6
99751 -28
99752 -19
99753 -21
99754 -25
99755 -14
99756 -10
99757 -14
99758 -20
99759 -15
99760 -18
99761 -32
99762 -23
99763 -28
99764 -12
99765 -15
99766 -16
99767 -21
99768 -11
99769 -22
99770 -9
99771 -18
99772 -24
99773 -16
99774 -7
99775 -13
99776 -20
99777 -29
99778 -17
99779 -24
99780 -18
99781 5
99782 -13
99783 -10
99784 -28
99785 -11
99786 -27
99787 -19
99788 -14
99789 -15
99790 -23
99791 -27
99792 -23
99793 -19
99794 -23
99795 -26
99796 -18
99797 -20
99798 -13
99799 -11
99800 -16
99801 -13
99802 -19
99803 -21
99804 -15
99805 -16
99806 -28
99807 -5
99808 -10
99809 -26
99810 -23
99811 -22
99812 -16
99813 -26
99814 -14
99815 -28
99816 -15
99817 -5
99818 -14
99819 -17
99820 -18
99821 -19
99822 -18
99823 -20
99824 -19
99825 -13
99826 -26
99827 -22
99828 -21
99829 -22
99830 -12
99831 -16
99832 -16
99833 -10
99834 -25
99835 -24
99836 -26
99837 -15
99838 -19
99839 -23
99840 -13
99841 -9
99842 -29
99843 -16
99844 -14
99845 -10
99846 -19
99847 -23
99848 -24
99849 -30
99850 -5
99851 -34
99852 -17
99853 -40
99854 -24
99855 -25
99856 -23
99857 -20
99858 -2
99859 -21
99860 3
99861 -34
99862 -31
99863 -18
99864 -12
99865 -24
99866 -19
99867 -16
99868 -12
99869 -22
99870 -12
99871 -25
99872 -22
99873 -22
99874 -12
99875 -27
99876 -2
99877 -12
99878 -13
99879 -19
99880 -18
99881 -15
99882 -23
99883 -19
99884 -20
99885 -35
99886 -17
99887 -18
99888 -11
99889 -23
99890 -19
99891 -15
99892 -34
99893 -19
99894 -29
99895 -24
99896 -25
99897 -28
99898 -19
99899 -19
99900 -26
99901 -17
99902 -33
99903 -7
99904 -10
99905 -30
99906 -16
99907 -26
99908 -22
99909 -17
99910 -33
99911 -20
99912 -29
99913 -35
99914 -22
99915 -30
99916 -21
99917 -26
99918 -15
99919 -29
99920 -19
99921 -14
99922 -36
99923 -30
99924 -23
99925 -22
99926 -25
99927 -26
99928 -25
99929 -8
99930 -19
99931 -21
99932 -31
99933 -34
99934 -26
99935 -17
99936 -26
99937 -25
99938 -36
99939 -24
99940 -24
99941 -29
99942 -28
99943 -26
99944 -45
99945 -24
99946 -35
99947 -23
99948 -21
99949 -22
99950 -28
99951 -21
99952 -25
99953 -21
99954 -29
99955 -21
99956 -36
99957 -24
99958 -27
99959 -25
99960 -24
99961 -29
99962 -28
99963 -29
99964 -29
99965 -28
99966 -33
99967 -47
99968 -28
99969 -30
99970 -24
99971 -23
99972 -20
99973 -28
99974 -29
99975 -30
99976 -35
99977 -40
99978 -31
99979 -36
99980 -38
99981 -26
99982 -34
99983 -23
99984 -47
99985 -11
99986 -32
99987 -34
99988 -26
99989 -36
99990 -41
99991 -29
99992 -36
99993 -35
99994 -47
99995 -38
99996 -43
99997 -48
99998 -48
99999 -51
Negative cycle: none
Execution time: 7.1444 ms
