Algorithm: PageRank
Damping: 0.85
Vertex ranks:
0 0.000007
1 0.000009
2 0.000009
3 0.000028
4 0.000027
5 0.000031
6 0.000024
7 0.000018
8 0.000012
9 0.000016
10 0.000013
11 0.000040
12 0.000010
13 0.000011
14 0.000023
15 0.000013
16 0.000010
17 0.000032
18 0.000015
19 0.000007
20 0.000031
21 0.000025
22 0.000018
23 0.000018
24 0.000020
25 0.000014
26 0.000015
27 0.000015
28 0.000047
29 0.000018
30 0.000036
31 0.000025
32 0.000016
33 0.000007
34 0.000011
35 0.000016
36 0.000020
37 0.000039
38 0.000023
39 0.000011
40 0.000009
41 0.000036
42 0.000017
43 0.000014
44 0.000018
45 0.000027
46 0.000044
47 0.000017
48 0.000047
49 0.000071
50 0.000056
51 0.000023
52 0.000021
53 0.000024
54 0.000008
55 0.000010
56 0.000010
57 0.000029
58 0.000015
59 0.000015
60 0.000035
61 0.000015
62 0.000027
63 0.000015
64 0.000013
65 0.000012
66 0.000023
67 0.000028
68 0.000039
69 0.000015
70 0.000018
71 0.000015
72 0.000010
73 0.000009
74 0.000022
75 0.000016
76 0.000018
77 0.000025
78 0.000019
79 0.000008
80 0.000018
81 0.000015
82 0.000019
83 0.000025
84 0.000031
85 0.000012
86 0.000028
87 0.000035
88 0.000044
89 0.000033
90 0.000035
91 0.000033
92 0.000031
93 0.000017
94 0.000007
95 0.000009
96 0.000021
97 0.000012
98 0.000009
99 0.000010
100 0.000007
101 0.000021
102 0.000007
103 0.000018
104 0.000011
105 0.000035
106 0.000026
107 0.000046
108 0.000017
109 0.000022
110 0.000013
111 0.000020
112 0.000033
113 0.000020
114 0.000017
115 0.000027
116 0.000019
117 0.000028
118 0.000035
119 0.000012
120 0.000006
121 0.000014
122 0.000019
123 0.000011
124 0.000015
125 0.000028
126 0.000009
127 0.000021
128 0.000034
129 0.000034
130 0.000024
131 0.000013
132 0.000009
133 0.000015
134 0.000030
135 0.000018
136 0.000028
137 0.000018
138 0.000016
139 0.000007
140 0.000007
141 0.000035
142 0.000021
143 0.000016
144 0.000016
145 0.000027
146 0.000024
147 0.000010
148 0.000030
149 0.000064
150 0.000065
151 0.000060
152 0.000038
153 0.000035
154 0.000027
155 0.000011
156 0.000005
157 0.000010
158 0.000010
159 0.000004
160 0.000006
161 0.000011
162 0.000025
163 0.000015
164 0.000031
165 0.000028
166 0.000009
167 0.000009
168 0.000011
169 0.000012
170 0.000010
171 0.000011
172 0.000005
173 0.000022
174 0.000006
175 0.000011
176 0.000022
177 0.000012
178 0.000011
179 0.000018
180 0.000007
181 0.000018
182 0.000016
183 0.000029
184 0.000014
185 0.000013
186 0.000026
187 0.000045
188 0.000068
189 0.000068
190 0.000030
191 0.000008
192 0.000010
193 0.000015
194 0.000017
195 0.000016
196 0.000013
197 0.000013
198 0.000010
199 0.000005
200 0.000008
201 0.000013
202 0.000028
203 0.000019
204 0.000020
205 0.000022
206 0.000046
207 0.000020
208 0.000022
209 0.000027
210 0.000015
211 0.000020
212 0.000015
213 0.000013
214 0.000030
215 0.000020
216 0.000019
217 0.000027
218 0.000037
219 0.000024
220 0.000039
221 0.000036
222 0.000018
223 0.000020
224 0.000012
225 0.000017
226 0.000011
227 0.000008
228 0.000015
229 0.000026
230 0.000020
231 0.000019
232 0.000014
233 0.000007
234 0.000004
235 0.000006
236 0.000017
237 0.000018
238 0.000021
239 0.000008
240 0.000011
241 0.000010
242 0.000020
243 0.000007
244 0.000009
245 0.000017
246 0.000028
247 0.000026
248 0.000010
249 0.000012
250 0.000010
251 0.000022
252 0.000016
253 0.000012
254 0.000033
255 0.000033
256 0.000019
257 0.000043
258 0.000028
259 0.000028
260 0.000017
261 0.000015
262 0.000011
263 0.000006
264 0.000031
265 0.000026
266 0.000034
267 0.000035
268 0.000024
269 0.000028
270 0.000011
271 0.000024
272 0.000013
273 0.000013
274 0.000014
275 0.000009
276 0.000019
277 0.000017
278 0.000017
279 0.000005
280 0.000013
281 0.000027
282 0.000039
283 0.000025
284 0.000014
285 0.000011
286 0.000005
287 0.000013
288 0.000024
289 0.000011
290 0.000019
291 0.000006
292 0.000017
293 0.000016
294 0.000016
295 0.000010
296 0.000010
297 0.000012
298 0.000010
299 0.000009
300 0.000005
301 0.000010
302 0.000011
303 0.000028
304 0.000022
305 0.000027
306 0.000026
307 0.000009
308 0.000022
309 0.000010
310 0.000012
311 0.000010
312 0.000018
313 0.000013
314 0.000009
315 0.000024
316 0.000033
317 0.000012
318 0.000011
319 0.000015
320 0.000045
321 0.000018
322 0.000020
323 0.000011
324 0.000013
325 0.000025
326 0.000033
327 0.000016
328 0.000011
329 0.000025
330 0.000013
331 0.000019
332 0.000007
333 0.000026
334 0.000013
335 0.000013
336 0.000008
337 0.000035
338 0.000043
339 0.000014
340 0.000018
341 0.000018
342 0.000011
343 0.000031
344 0.000017
345 0.000013
346 0.000041
347 0.000044
348 0.000023
349 0.000022
350 0.000009
351 0.000025
352 0.000022
353 0.000015
354 0.000005
355 0.000023
356 0.000010
357 0.000018
358 0.000027
359 0.000011
360 0.000023
361 0.000016
362 0.000010
363 0.000012
364 0.000009
365 0.000032
366 0.000035
367 0.000026
368 0.000009
369 0.000017
370 0.000020
371 0.000024
372 0.000022
373 0.000013
374 0.000016
375 0.000015
376 0.000005
377 0.000026
378 0.000018
379 0.000017
380 0.000014
381 0.000018
382 0.000008
383 0.000018
384 0.000025
385 0.000039
386 0.000027
387 0.000015
388 0.000019
389 0.000024
390 0.000015
391 0.000014
392 0.000019
393 0.000016
394 0.000010
395 0.000010
396 0.000009
397 0.000036
398 0.000012
399 0.000019
400 0.000033
401 0.000013
402 0.000021
403 0.000023
404 0.000021
405 0.000044
406 0.000022
407 0.000013
408 0.000022
409 0.000014
410 0.000008
411 0.000015
412 0.000012
413 0.000029
414 0.000011
415 0.000017
416 0.000013
417 0.000026
418 0.000009
419 0.000028
420 0.000030
421 0.000019
422 0.000018
423 0.000009
424 0.000017
425 0.000025
426 0.000050
427 0.000021
428 0.000025
429 0.000042
430 0.000025
431 0.000012
432 0.000008
433 0.000019
434 0.000013
435 0.000020
436 0.000024
437 0.000031
438 0.000024
439 0.000018
440 0.000025
441 0.000034
442 0.000038
443 0.000048
444 0.000021
445 0.000021
446 0.000021
447 0.000026
448 0.000024
449 0.000014
450 0.000027
451 0.000036
452 0.000017
453 0.000014
454 0.000015
455 0.000023
456 0.000014
457 0.000009
458 0.000015
459 0.000019
460 0.000013
461 0.000005
462 0.000007
463 0.000027
464 0.000026
465 0.000028
466 0.000016
467 0.000026
468 0.000007
469 0.000014
470 0.000019
471 0.000029
472 0.000030
473 0.000032
474 0.000020
475 0.000021
476 0.000010
477 0.000014
478 0.000019
479 0.000011
480 0.000027
481 0.000028
482 0.000031
483 0.000034
484 0.000032
485 0.000015
486 0.000026
487 0.000031
488 0.000047
489 0.000038
490 0.000015
491 0.000020
492 0.000038
493 0.000021
494 0.000029
495 0.000026
496 0.000017
497 0.000011
498 0.000018
499 0.000021
500 0.000009
501 0.000010
502 0.000007
503 0.000024
504 0.000010
505 0.000010
506 0.000014
507 0.000034
508 0.000009
509 0.000012
510 0.000048
511 0.000025
512 0.000055
513 0.000023
514 0.000019
515 0.000027
516 0.000012
517 0.000027
518 0.000018
519 0.000032
520 0.000018
521 0.000022
522 0.000034
523 0.000020
524 0.000035
525 0.000015
526 0.000018
527 0.000014
528 0.000022
529 0.000016
530 0.000019
531 0.000011
532 0.000017
533 0.000019
534 0.000022
535 0.000009
536 0.000018
537 0.000014
538 0.000011
539 0.000013
540 0.000018
541 0.000020
542 0.000031
543 0.000045
544 0.000032
545 0.000019
546 0.000023
547 0.000009
548 0.000006
549 0.000031
550 0.000025
551 0.000026
552 0.000030
553 0.000024
554 0.000022
555 0.000012
556 0.000008
557 0.000017
558 0.000035
559 0.000040
560 0.000023
561 0.000011
562 0.000013
563 0.000020
564 0.000031
565 0.000014
566 0.000024
567 0.000015
568 0.000028
569 0.000015
570 0.000032
571 0.000037
572 0.000014
573 0.000021
574 0.000023
575 0.000026
576 0.000018
577 0.000007
578 0.000013
579 0.000022
580 0.000035
581 0.000018
582 0.000020
583 0.000027
584 0.000012
585 0.000020
586 0.000015
587 0.000006
588 0.000017
589 0.000011
590 0.000025
591 0.000012
592 0.000017
593 0.000008
594 0.000017
595 0.000010
596 0.000012
597 0.000024
598 0.000028
599 0.000040
600 0.000022
601 0.000023
602 0.000022
603 0.000029
604 0.000009
605 0.000020
606 0.000011
607 0.000024
608 0.000065
609 0.000021
610 0.000013
611 0.000014
612 0.000015
613 0.000017
614 0.000009
615 0.000005
616 0.000004
617 0.000012
618 0.000011
619 0.000024
620 0.000021
621 0.000025
622 0.000018
623 0.000007
624 0.000011
625 0.000006
626 0.000011
627 0.000026
628 0.000024
629 0.000030
630 0.000015
631 0.000006
632 0.000008
633 0.000019
634 0.000017
635 0.000027
636 0.000026
637 0.000007
638 0.000007
639 0.000009
640 0.000033
641 0.000015
642 0.000015
643 0.000013
644 0.000015
645 0.000015
646 0.000020
647 0.000012
648 0.000008
649 0.000028
650 0.000019
651 0.000011
652 0.000013
653 0.000011
654 0.000028
655 0.000013
656 0.000017
657 0.000026
658 0.000024
659 0.000006
660 0.000010
661 0.000007
662 0.000009
663 0.000025
664 0.000028
665 0.000036
666 0.000035
667 0.000041
668 0.000021
669 0.000019
670 0.000022
671 0.000016
672 0.000027
673 0.000035
674 0.000020
675 0.000015
676 0.000010
677 0.000006
678 0.000015
679 0.000010
680 0.000033
681 0.000023
682 0.000008
683 0.000016
684 0.000017
685 0.000008
686 0.000005
687 0.000009
688 0.000005
689 0.000016
690 0.000019
691 0.000018
692 0.000013
693 0.000006
694 0.000028
695 0.000018
696 0.000010
697 0.000005
698 0.000011
699 0.000019
700 0.000026
701 0.000028
702 0.000009
703 0.000025
704 0.000025
705 0.000020
706 0.000011
707 0.000007
708 0.000024
709 0.000021
710 0.000030
711 0.000030
712 0.000038
713 0.000016
714 0.000015
715 0.000018
716 0.000010
717 0.000006
718 0.000023
719 0.000032
720 0.000012
721 0.000005
722 0.000026
723 0.000010
724 0.000014
725 0.000010
726 0.000030
727 0.000026
728 0.000014
729 0.000014
730 0.000005
731 0.000019
732 0.000037
733 0.000045
734 0.000021
735 0.000025
736 0.000018
737 0.000012
738 0.000011
739 0.000017
740 0.000019
741 0.000035
742 0.000016
743 0.000010
744 0.000023
745 0.000026
746 0.000014
747 0.000023
748 0.000031
749 0.000024
750 0.000019
751 0.000010
752 0.000015
753 0.000018
754 0.000010
755 0.000015
756 0.000014
757 0.000024
758 0.000015
759 0.000012
760 0.000023
761 0.000031
762 0.000016
763 0.000019
764 0.000027
765 0.000045
766 0.000032
767 0.000034
768 0.000022
769 0.000012
770 0.000024
771 0.000015
772 0.000007
773 0.000009
774 0.000020
775 0.000017
776 0.000034
777 0.000032
778 0.000019
779 0.000019
780 0.000018
781 0.000023
782 0.000010
783 0.000010
784 0.000036
785 0.000030
786 0.000021
787 0.000010
788 0.000009
789 0.000020
790 0.000010
791 0.000010
792 0.000015
793 0.000015
794 0.000007
795 0.000009
796 0.000025
797 0.000014
798 0.000011
799 0.000022
800 0.000013
801 0.000035
802 0.000012
803 0.000008
804 0.000010
805 0.000011
806 0.000008
807 0.000018
808 0.000026
809 0.000029
810 0.000045
811 0.000039
812 0.000021
813 0.000019
814 0.000021
815 0.000022
816 0.000038
817 0.000031
818 0.000010
819 0.000052
820 0.000026
821 0.000006
822 0.000005
823 0.000020
824 0.000022
825 0.000033
826 0.000012
827 0.000010
828 0.000013
829 0.000021
830 0.000013
831 0.000011
832 0.000005
833 0.000024
834 0.000027
835 0.000030
836 0.000037
837 0.000047
838 0.000055
839 0.000029
840 0.000018
841 0.000019
842 0.000010
843 0.000020
844 0.000008
845 0.000010
846 0.000021
847 0.000014
848 0.000018
849 0.000016
850 0.000006
851 0.000020
852 0.000035
853 0.000024
854 0.000029
855 0.000021
856 0.000009
857 0.000016
858 0.000015
859 0.000006
860 0.000008
861 0.000037
862 0.000045
863 0.000041
864 0.000043
865 0.000017
866 0.000008
867 0.000015
868 0.000011
869 0.000016
870 0.000031
871 0.000020
872 0.000021
873 0.000009
874 0.000010
875 0.000020
876 0.000009
877 0.000014
878 0.000011
879 0.000023
880 0.000042
881 0.000026
882 0.000028
883 0.000020
884 0.000012
885 0.000009
886 0.000028
887 0.000027
888 0.000013
889 0.000014
890 0.000005
891 0.000010
892 0.000015
893 0.000029
894 0.000018
895 0.000006
896 0.000010
897 0.000012
898 0.000025
899 0.000026
900 0.000014
901 0.000015
902 0.000016
903 0.000015
904 0.000016
905 0.000019
906 0.000020
907 0.000019
908 0.000024
909 0.000028
910 0.000011
911 0.000016
912 0.000014
913 0.000009
914 0.000030
915 0.000020
916 0.000025
917 0.000037
918 0.000028
919 0.000011
920 0.000021
921 0.000011
922 0.000020
923 0.000023
924 0.000031
925 0.000025
926 0.000027
927 0.000014
928 0.000008
929 0.000019
930 0.000032
931 0.000017
932 0.000028
933 0.000011
934 0.000008
935 0.000011
936 0.000011
937 0.000021
938 0.000032
939 0.000030
940 0.000013
941 0.000010
942 0.000027
943 0.000029
944 0.000032
945 0.000032
946 0.000017
947 0.000010
948 0.000013
949 0.000010
950 0.000022
951 0.000044
952 0.000030
953 0.000017
954 0.000014
955 0.000009
956 0.000022
957 0.000024
958 0.000029
959 0.000028
960 0.000017
961 0.000011
962 0.000018
963 0.000029
964 0.000008
965 0.000012
966 0.000021
967 0.000016
968 0.000010
969 0.000016
970 0.000013
971 0.000015
972 0.000023
973 0.000010
974 0.000007
975 0.000005
976 0.000004
977 0.000007
978 0.000013
979 0.000040
980 0.000049
981 0.000029
982 0.000011
983 0.000012
984 0.000021
985 0.000023
986 0.000029
987 0.000015
988 0.000041
989 0.000018
990 0.000016
991 0.000029
992 0.000015
993 0.000014
994 0.000027
995 0.000030
996 0.000029
997 0.000022
998 0.000009
999 0.000005
1000 0.000021
1001 0.000018
1002 0.000011
1003 0.000020
1004 0.000016
1005 0.000030
1006 0.000030
1007 0.000011
1008 0.000010
1009 0.000019
1010 0.000027
1011 0.000016
1012 0.000008
1013 0.000004
1014 0.000008
1015 0.000016
1016 0.000006
1017 0.000005
1018 0.000011
1019 0.000016
1020 0.000009
1021 0.000016
1022 0.000005
1023 0.000005
1024 0.000020
1025 0.000017
1026 0.000021
1027 0.000028
1028 0.000031
1029 0.000018
1030 0.000029
1031 0.000015
1032 0.000022
1033 0.000012
1034 0.000012
1035 0.000013
1036 0.000024
1037 0.000012
1038 0.000038
1039 0.000022
1040 0.000018
1041 0.000010
1042 0.000011
1043 0.000009
1044 0.000020
1045 0.000016
1046 0.000012
1047 0.000016
1048 0.000009
1049 0.000019
1050 0.000014
1051 0.000008
1052 0.000004
1053 0.000007
1054 0.000019
1055 0.000014
1056 0.000009
1057 0.000012
1058 0.000010
1059 0.000006
1060 0.000015
1061 0.000018
1062 0.000015
1063 0.000028
1064 0.000034
1065 0.000036
1066 0.000042
1067 0.000040
1068 0.000029
1069 0.000027
1070 0.000025
1071 0.000014
1072 0.000021
1073 0.000009
1074 0.000005
1075 0.000005
1076 0.000004
1077 0.000017
1078 0.000019
1079 0.000020
1080 0.000014
1081 0.000014
1082 0.000011
1083 0.000032
1084 0.000010
1085 0.000027
1086 0.000014
1087 0.000022
1088 0.000021
1089 0.000018
1090 0.000012
1091 0.000012
1092 0.000007
1093 0.000010
1094 0.000018
1095 0.000044
1096 0.000056
1097 0.000044
1098 0.000022
1099 0.000015
1100 0.000015
1101 0.000017
1102 0.000030
1103 0.000045
1104 0.000016
1105 0.000011
1106 0.000017
1107 0.000029
1108 0.000024
1109 0.000033
1110 0.000013
1111 0.000008
1112 0.000009
1113 0.000038
1114 0.000033
1115 0.000021
1116 0.000011
1117 0.000029
1118 0.000018
1119 0.000026
1120 0.000025
1121 0.000013
1122 0.000008
1123 0.000049
1124 0.000017
1125 0.000013
1126 0.000015
1127 0.000010
1128 0.000012
1129 0.000005
1130 0.000004
1131 0.000008
1132 0.000035
1133 0.000048
1134 0.000018
1135 0.000020
1136 0.000022
1137 0.000043
1138 0.000021
1139 0.000020
1140 0.000009
1141 0.000017
1142 0.000013
1143 0.000008
1144 0.000025
1145 0.000010
1146 0.000006
1147 0.000026
1148 0.000036
1149 0.000011
1150 0.000005
1151 0.000011
1152 0.000016
1153 0.000022
1154 0.000037
1155 0.000015
1156 0.000034
1157 0.000029
1158 0.000024
1159 0.000020
1160 0.000019
1161 0.000022
1162 0.000042
1163 0.000027
1164 0.000021
1165 0.000028
1166 0.000012
1167 0.000016
1168 0.000016
1169 0.000023
1170 0.000031
1171 0.000037
1172 0.000018
1173 0.000032
1174 0.000019
1175 0.000022
1176 0.000030
1177 0.000020
1178 0.000024
1179 0.000029
1180 0.000016
1181 0.000021
1182 0.000013
1183 0.000020
1184 0.000038
1185 0.000026
1186 0.000025
1187 0.000028
1188 0.000015
1189 0.000018
1190 0.000019
1191 0.000033
1192 0.000010
1193 0.000015
1194 0.000014
1195 0.000013
1196 0.000008
1197 0.000019
1198 0.000020
1199 0.000011
1200 0.000015
1201 0.000022
1202 0.000024
1203 0.000018
1204 0.000020
1205 0.000017
1206 0.000017
1207 0.000026
1208 0.000022
1209 0.000009
1210 0.000021
1211 0.000044
1212 0.000022
1213 0.000014
1214 0.000019
1215 0.000011
1216 0.000028
1217 0.000013
1218 0.000009
1219 0.000021
1220 0.000014
1221 0.000023
1222 0.000021
1223 0.000015
1224 0.000009
1225 0.000010
1226 0.000019
1227 0.000007
1228 0.000020
1229 0.000032
1230 0.000036
1231 0.000013
1232 0.000020
1233 0.000016
1234 0.000016
1235 0.000005
1236 0.000010
1237 0.000033
1238 0.000036
1239 0.000021
1240 0.000015
1241 0.000009
1242 0.000007
1243 0.000010
1244 0.000017
1245 0.000019
1246 0.000020
1247 0.000013
1248 0.000034
1249 0.000018
1250 0.000011
1251 0.000008
1252 0.000020
1253 0.000033
1254 0.000047
1255 0.000032
1256 0.000032
1257 0.000019
1258 0.000020
1259 0.000012
1260 0.000005
1261 0.000015
1262 0.000007
1263 0.000043
1264 0.000020
1265 0.000027
1266 0.000018
1267 0.000016
1268 0.000020
1269 0.000021
1270 0.000014
1271 0.000008
1272 0.000013
1273 0.000016
1274 0.000014
1275 0.000019
1276 0.000017
1277 0.000019
1278 0.000043
1279 0.000046
1280 0.000014
1281 0.000014
1282 0.000030
1283 0.000013
1284 0.000013
1285 0.000009
1286 0.000005
1287 0.000011
1288 0.000015
1289 0.000037
1290 0.000011
1291 0.000026
1292 0.000040
1293 0.000031
1294 0.000007
1295 0.000019
1296 0.000022
1297 0.000015
1298 0.000021
1299 0.000030
1300 0.000047
1301 0.000047
1302 0.000024
1303 0.000029
1304 0.000021
1305 0.000029
1306 0.000033
1307 0.000025
1308 0.000014
1309 0.000024
1310 0.000028
1311 0.000030
1312 0.000020
1313 0.000007
1314 0.000009
1315 0.000019
1316 0.000032
1317 0.000017
1318 0.000016
1319 0.000013
1320 0.000025
1321 0.000030
1322 0.000040
1323 0.000024
1324 0.000020
1325 0.000032
1326 0.000034
1327 0.000026
1328 0.000021
1329 0.000030
1330 0.000023
1331 0.000030
1332 0.000019
1333 0.000008
1334 0.000039
1335 0.000014
1336 0.000009
1337 0.000031
1338 0.000022
1339 0.000012
1340 0.000018
1341 0.000016
1342 0.000017
1343 0.000021
1344 0.000010
1345 0.000011
1346 0.000016
1347 0.000009
1348 0.000026
1349 0.000010
1350 0.000037
1351 0.000032
1352 0.000031
1353 0.000026
1354 0.000009
1355 0.000016
1356 0.000023
1357 0.000017
1358 0.000009
1359 0.000005
1360 0.000011
1361 0.000033
1362 0.000030
1363 0.000013
1364 0.000017
1365 0.000036
1366 0.000032
1367 0.000028
1368 0.000015
1369 0.000021
1370 0.000009
1371 0.000015
1372 0.000018
1373 0.000015
1374 0.000011
1375 0.000008
1376 0.000008
1377 0.000018
1378 0.000017
1379 0.000025
1380 0.000017
1381 0.000008
1382 0.000019
1383 0.000035
1384 0.000019
1385 0.000014
1386 0.000018
1387 0.000023
1388 0.000027
1389 0.000012
1390 0.000009
1391 0.000013
1392 0.000021
1393 0.000011
1394 0.000005
1395 0.000019
1396 0.000024
1397 0.000046
1398 0.000019
1399 0.000022
1400 0.000023
1401 0.000019
1402 0.000035
1403 0.000018
1404 0.000022
1405 0.000017
1406 0.000010
1407 0.000022
1408 0.000022
1409 0.000014
1410 0.000012
1411 0.000019
1412 0.000012
1413 0.000026
1414 0.000012
1415 0.000018
1416 0.000026
1417 0.000025
1418 0.000021
1419 0.000006
1420 0.000005
1421 0.000004
1422 0.000029
1423 0.000027
1424 0.000029
1425 0.000029
1426 0.000033
1427 0.000015
1428 0.000015
1429 0.000012
1430 0.000021
1431 0.000009
1432 0.000019
1433 0.000039
1434 0.000034
1435 0.000007
1436 0.000009
1437 0.000007
1438 0.000017
1439 0.000017
1440 0.000017
1441 0.000048
1442 0.000045
1443 0.000031
1444 0.000019
1445 0.000010
1446 0.000017
1447 0.000013
1448 0.000015
1449 0.000007
1450 0.000016
1451 0.000017
1452 0.000024
1453 0.000030
1454 0.000031
1455 0.000034
1456 0.000015
1457 0.000007
1458 0.000011
1459 0.000010
1460 0.000014
1461 0.000015
1462 0.000017
1463 0.000022
1464 0.000023
1465 0.000022
1466 0.000018
1467 0.000017
1468 0.000013
1469 0.000015
1470 0.000017
1471 0.000022
1472 0.000016
1473 0.000017
1474 0.000023
1475 0.000071
1476 0.000039
1477 0.000011
1478 0.000012
1479 0.000019
1480 0.000015
1481 0.000010
1482 0.000023
1483 0.000020
1484 0.000037
1485 0.000027
1486 0.000014
1487 0.000012
1488 0.000015
1489 0.000025
1490 0.000020
1491 0.000015
1492 0.000020
1493 0.000015
1494 0.000021
1495 0.000013
1496 0.000022
1497 0.000008
1498 0.000006
1499 0.000011
1500 0.000017
1501 0.000014
1502 0.000015
1503 0.000013
1504 0.000008
1505 0.000007
1506 0.000015
1507 0.000010
1508 0.000007
1509 0.000007
1510 0.000011
1511 0.000008
1512 0.000029
1513 0.000034
1514 0.000045
1515 0.000017
1516 0.000005
1517 0.000021
1518 0.000020
1519 0.000045
1520 0.000030
1521 0.000014
1522 0.000048
1523 0.000026
1524 0.000019
1525 0.000006
1526 0.000012
1527 0.000027
1528 0.000037
1529 0.000026
1530 0.000022
1531 0.000012
1532 0.000005
1533 0.000013
1534 0.000016
1535 0.000007
1536 0.000009
1537 0.000014
1538 0.000010
1539 0.000015
1540 0.000020
1541 0.000011
1542 0.000030
1543 0.000026
1544 0.000014
1545 0.000022
1546 0.000012
1547 0.000013
1548 0.000009
1549 0.000005
1550 0.000004
1551 0.000016
1552 0.000010
1553 0.000032
1554 0.000012
1555 0.000006
1556 0.000013
1557 0.000011
1558 0.000012
1559 0.000016
1560 0.000035
1561 0.000044
1562 0.000032
1563 0.000016
1564 0.000011
1565 0.000009
1566 0.000022
1567 0.000014
1568 0.000015
1569 0.000012
1570 0.000014
1571 0.000030
1572 0.000019
1573 0.000016
1574 0.000012
1575 0.000020
1576 0.000022
1577 0.000032
1578 0.000034
1579 0.000026
1580 0.000010
1581 0.000009
1582 0.000009
1583 0.000005
1584 0.000018
1585 0.000029
1586 0.000030
1587 0.000029
1588 0.000022
1589 0.000047
1590 0.000024
1591 0.000036
1592 0.000038
1593 0.000029
1594 0.000033
1595 0.000013
1596 0.000012
1597 0.000017
1598 0.000039
1599 0.000050
1600 0.000027
1601 0.000028
1602 0.000024
1603 0.000015
1604 0.000010
1605 0.000013
1606 0.000022
1607 0.000012
1608 0.000023
1609 0.000024
1610 0.000017
1611 0.000024
1612 0.000015
1613 0.000014
1614 0.000037
1615 0.000029
1616 0.000019
1617 0.000009
1618 0.000020
1619 0.000025
1620 0.000031
1621 0.000031
1622 0.000025
1623 0.000026
1624 0.000015
1625 0.000033
1626 0.000032
1627 0.000036
1628 0.000037
1629 0.000038
1630 0.000028
1631 0.000026
1632 0.000034
1633 0.000048
1634 0.000055
1635 0.000065
1636 0.000059
1637 0.000049
1638 0.000011
1639 0.000010
1640 0.000018
1641 0.000018
1642 0.000020
1643 0.000023
1644 0.000026
1645 0.000018
1646 0.000013
1647 0.000015
1648 0.000020
1649 0.000009
1650 0.000012
1651 0.000007
1652 0.000013
1653 0.000012
1654 0.000022
1655 0.000022
1656 0.000018
1657 0.000041
1658 0.000012
1659 0.000008
1660 0.000009
1661 0.000006
1662 0.000015
1663 0.000006
1664 0.000013
1665 0.000013
1666 0.000022
1667 0.000015
1668 0.000012
1669 0.000015
1670 0.000024
1671 0.000020
1672 0.000015
1673 0.000016
1674 0.000050
1675 0.000050
1676 0.000024
1677 0.000030
1678 0.000027
1679 0.000026
1680 0.000018
1681 0.000035
1682 0.000017
1683 0.000017
1684 0.000016
1685 0.000007
1686 0.000026
1687 0.000020
1688 0.000015
1689 0.000020
1690 0.000009
1691 0.000007
1692 0.000008
1693 0.000035
1694 0.000035
1695 0.000030
1696 0.000019
1697 0.000038
1698 0.000045
1699 0.000039
1700 0.000014
1701 0.000011
1702 0.000031
1703 0.000020
1704 0.000006
1705 0.000011
1706 0.000010
1707 0.000007
1708 0.000020
1709 0.000045
1710 0.000031
1711 0.000021
1712 0.000023
1713 0.000050
1714 0.000045
1715 0.000017
1716 0.000012
1717 0.000009
1718 0.000024
1719 0.000008
1720 0.000013
1721 0.000021
1722 0.000012
1723 0.000011
1724 0.000021
1725 0.000016
1726 0.000017
1727 0.000008
1728 0.000030
1729 0.000029
1730 0.000016
1731 0.000028
1732 0.000012
1733 0.000008
1734 0.000026
1735 0.000044
1736 0.000047
1737 0.000030
1738 0.000019
1739 0.000030
1740 0.000029
1741 0.000027
1742 0.000019
1743 0.000009
1744 0.000008
1745 0.000008
1746 0.000022
1747 0.000032
1748 0.000042
1749 0.000022
1750 0.000009
1751 0.000009
1752 0.000012
1753 0.000006
1754 0.000018
1755 0.000008
1756 0.000016
1757 0.000006
1758 0.000005
1759 0.000013
1760 0.000006
1761 0.000010
1762 0.000010
1763 0.000024
1764 0.000008
1765 0.000015
1766 0.000024
1767 0.000031
1768 0.000012
1769 0.000016
1770 0.000009
1771 0.000029
1772 0.000014
1773 0.000005
1774 0.000019
1775 0.000019
1776 0.000033
1777 0.000021
1778 0.000025
1779 0.000026
1780 0.000016
1781 0.000015
1782 0.000009
1783 0.000028
1784 0.000041
1785 0.000026
1786 0.000039
1787 0.000014
1788 0.000006
1789 0.000006
1790 0.000029
1791 0.000016
1792 0.000014
1793 0.000024
1794 0.000013
1795 0.000007
1796 0.000048
1797 0.000017
1798 0.000020
1799 0.000017
1800 0.000013
1801 0.000019
1802 0.000018
1803 0.000009
1804 0.000004
1805 0.000013
1806 0.000006
1807 0.000008
1808 0.000018
1809 0.000016
1810 0.000023
1811 0.000019
1812 0.000033
1813 0.000025
1814 0.000017
1815 0.000015
1816 0.000019
1817 0.000012
1818 0.000021
1819 0.000028
1820 0.000054
1821 0.000055
1822 0.000021
1823 0.000021
1824 0.000016
1825 0.000029
1826 0.000042
1827 0.000018
1828 0.000008
1829 0.000025
1830 0.000035
1831 0.000032
1832 0.000030
1833 0.000019
1834 0.000018
1835 0.000029
1836 0.000015
1837 0.000013
1838 0.000016
1839 0.000009
1840 0.000020
1841 0.000017
1842 0.000014
1843 0.000011
1844 0.000016
1845 0.000011
1846 0.000008
1847 0.000024
1848 0.000016
1849 0.000017
1850 0.000020
1851 0.000014
1852 0.000009
1853 0.000006
1854 0.000004
1855 0.000008
1856 0.000024
1857 0.000012
1858 0.000009
1859 0.000008
1860 0.000008
1861 0.000021
1862 0.000014
1863 0.000014
1864 0.000016
1865 0.000029
1866 0.000009
1867 0.000007
1868 0.000012
1869 0.000019
1870 0.000013
1871 0.000010
1872 0.000027
1873 0.000018
1874 0.000024
1875 0.000017
1876 0.000010
1877 0.000007
1878 0.000036
1879 0.000016
1880 0.000012
1881 0.000012
1882 0.000012
1883 0.000011
1884 0.000008
1885 0.000005
1886 0.000013
1887 0.000022
1888 0.000012
1889 0.000019
1890 0.000008
1891 0.000016
1892 0.000030
1893 0.000015
1894 0.000011
1895 0.000029
1896 0.000016
1897 0.000016
1898 0.000018
1899 0.000018
1900 0.000007
1901 0.000012
1902 0.000015
1903 0.000018
1904 0.000008
1905 0.000020
1906 0.000013
1907 0.000013
1908 0.000034
1909 0.000010
1910 0.000012
1911 0.000012
1912 0.000016
1913 0.000020
1914 0.000022
1915 0.000023
1916 0.000013
1917 0.000014
1918 0.000013
1919 0.000018
1920 0.000016
1921 0.000033
1922 0.000014
1923 0.000009
1924 0.000011
1925 0.000018
1926 0.000007
1927 0.000022
1928 0.000015
1929 0.000008
1930 0.000007
1931 0.000015
1932 0.000025
1933 0.000010
1934 0.000007
1935 0.000009
1936 0.000027
1937 0.000016
1938 0.000010
1939 0.000012
1940 0.000022
1941 0.000012
1942 0.000013
1943 0.000021
1944 0.000009
1945 0.000006
1946 0.000018
1947 0.000027
1948 0.000021
1949 0.000021
1950 0.000012
1951 0.000017
1952 0.000026
1953 0.000014
1954 0.000018
1955 0.000018
1956 0.000026
1957 0.000028
1958 0.000027
1959 0.000018
1960 0.000011
1961 0.000010
1962 0.000009
1963 0.000015
1964 0.000015
1965 0.000007
1966 0.000005
1967 0.000011
1968 0.000024
1969 0.000030
1970 0.000019
1971 0.000015
1972 0.000014
1973 0.000016
1974 0.000010
1975 0.000014
1976 0.000012
1977 0.000016
1978 0.000008
1979 0.000012
1980 0.000009
1981 0.000012
1982 0.000005
1983 0.000019
1984 0.000021
1985 0.000019
1986 0.000012
1987 0.000012
1988 0.000012
1989 0.000008
1990 0.000010
1991 0.000021
1992 0.000009
1993 0.000009
1994 0.000009
1995 0.000007
1996 0.000006
1997 0.000012
1998 0.000009
1999 0.000023
2000 0.000019
2001 0.000017
2002 0.000006
2003 0.000012
2004 0.000011
2005 0.000021
2006 0.000024
2007 0.000023
2008 0.000013
2009 0.000013
2010 0.000011
2011 0.000034
2012 0.000037
2013 0.000018
2014 0.000024
2015 0.000008
2016 0.000009
2017 0.000007
2018 0.000013
2019 0.000024
2020 0.000030
2021 0.000019
2022 0.000022
2023 0.000016
2024 0.000006
2025 0.000015
2026 0.000010
2027 0.000014
2028 0.000010
2029 0.000011
2030 0.000029
2031 0.000018
2032 0.000012
2033 0.000005
2034 0.000046
2035 0.000035
2036 0.000016
2037 0.000030
2038 0.000035
2039 0.000018
2040 0.000018
2041 0.000011
2042 0.000019
2043 0.000033
2044 0.000026
2045 0.000039
2046 0.000019
2047 0.000024
2048 0.000013
2049 0.000020
2050 0.000015
2051 0.000009
2052 0.000032
2053 0.000037
2054 0.000034
2055 0.000022
2056 0.000018
2057 0.000026
2058 0.000007
2059 0.000012
2060 0.000010
2061 0.000015
2062 0.000007
2063 0.000029
2064 0.000027
2065 0.000009
2066 0.000026
2067 0.000011
2068 0.000017
2069 0.000023
2070 0.000024
2071 0.000021
2072 0.000042
2073 0.000040
2074 0.000037
2075 0.000041
2076 0.000047
2077 0.000029
2078 0.000028
2079 0.000033
2080 0.000034
2081 0.000010
2082 0.000009
2083 0.000005
2084 0.000004
2085 0.000015
2086 0.000019
2087 0.000013
2088 0.000012
2089 0.000019
2090 0.000019
2091 0.000020
2092 0.000021
2093 0.000028
2094 0.000027
2095 0.000019
2096 0.000011
2097 0.000025
2098 0.000010
2099 0.000009
2100 0.000012
2101 0.000032
2102 0.000009
2103 0.000011
2104 0.000022
2105 0.000008
2106 0.000020
2107 0.000015
2108 0.000007
2109 0.000005
2110 0.000011
2111 0.000019
2112 0.000015
2113 0.000016
2114 0.000011
2115 0.000017
2116 0.000014
2117 0.000023
2118 0.000016
2119 0.000009
2120 0.000006
2121 0.000012
2122 0.000009
2123 0.000015
2124 0.000019
2125 0.000013
2126 0.000026
2127 0.000017
2128 0.000030
2129 0.000039
2130 0.000033
2131 0.000036
2132 0.000043
2133 0.000018
2134 0.000015
2135 0.000025
2136 0.000023
2137 0.000026
2138 0.000017
2139 0.000017
2140 0.000017
2141 0.000031
2142 0.000034
2143 0.000016
2144 0.000034
2145 0.000018
2146 0.000027
2147 0.000011
2148 0.000010
2149 0.000030
2150 0.000014
2151 0.000010
2152 0.000021
2153 0.000020
2154 0.000051
2155 0.000027
2156 0.000014
2157 0.000009
2158 0.000009
2159 0.000039
2160 0.000016
2161 0.000038
2162 0.000021
2163 0.000007
2164 0.000012
2165 0.000031
2166 0.000024
2167 0.000027
2168 0.000015
2169 0.000019
2170 0.000012
2171 0.000014
2172 0.000029
2173 0.000021
2174 0.000032
2175 0.000030
2176 0.000016
2177 0.000031
2178 0.000012
2179 0.000022
2180 0.000022
2181 0.000009
2182 0.000010
2183 0.000008
2184 0.000010
2185 0.000025
2186 0.000020
2187 0.000018
2188 0.000029
2189 0.000016
2190 0.000050
2191 0.000022
2192 0.000023
2193 0.000011
2194 0.000009
2195 0.000012
2196 0.000006
2197 0.000009
2198 0.000016
2199 0.000036
2200 0.000028
2201 0.000033
2202 0.000021
2203 0.000021
2204 0.000024
2205 0.000020
2206 0.000009
2207 0.000023
2208 0.000018
2209 0.000030
2210 0.000020
2211 0.000043
2212 0.000035
2213 0.000033
2214 0.000039
2215 0.000020
2216 0.000035
2217 0.000025
2218 0.000015
2219 0.000017
2220 0.000016
2221 0.000013
2222 0.000020
2223 0.000015
2224 0.000035
2225 0.000038
2226 0.000024
2227 0.000035
2228 0.000036
2229 0.000044
2230 0.000013
2231 0.000031
2232 0.000019
2233 0.000030
2234 0.000030
2235 0.000026
2236 0.000011
2237 0.000018
2238 0.000016
2239 0.000013
2240 0.000021
2241 0.000020
2242 0.000030
2243 0.000012
2244 0.000024
2245 0.000028
2246 0.000023
2247 0.000014
2248 0.000026
2249 0.000017
2250 0.000024
2251 0.000029
2252 0.000014
2253 0.000019
2254 0.000016
2255 0.000039
2256 0.000044
2257 0.000040
2258 0.000036
2259 0.000024
2260 0.000029
2261 0.000017
2262 0.000017
2263 0.000017
2264 0.000013
2265 0.000016
2266 0.000020
2267 0.000020
2268 0.000018
2269 0.000008
2270 0.000027
2271 0.000017
2272 0.000023
2273 0.000022
2274 0.000009
2275 0.000005
2276 0.000017
2277 0.000037
2278 0.000024
2279 0.000012
2280 0.000017
2281 0.000027
2282 0.000019
2283 0.000015
2284 0.000015
2285 0.000023
2286 0.000023
2287 0.000023
2288 0.000021
2289 0.000014
2290 0.000019
2291 0.000012
2292 0.000005
2293 0.000007
2294 0.000018
2295 0.000020
2296 0.000030
2297 0.000045
2298 0.000034
2299 0.000023
2300 0.000040
2301 0.000044
2302 0.000032
2303 0.000010
2304 0.000020
2305 0.000006
2306 0.000005
2307 0.000010
2308 0.000016
2309 0.000039
2310 0.000031
2311 0.000027
2312 0.000036
2313 0.000013
2314 0.000013
2315 0.000010
2316 0.000027
2317 0.000014
2318 0.000027
2319 0.000019
2320 0.000020
2321 0.000024
2322 0.000020
2323 0.000014
2324 0.000009
2325 0.000034
2326 0.000015
2327 0.000017
2328 0.000022
2329 0.000036
2330 0.000032
2331 0.000012
2332 0.000008
2333 0.000031
2334 0.000017
2335 0.000018
2336 0.000023
2337 0.000018
2338 0.000011
2339 0.000024
2340 0.000044
2341 0.000050
2342 0.000024
2343 0.000032
2344 0.000030
2345 0.000021
2346 0.000041
2347 0.000020
2348 0.000045
2349 0.000016
2350 0.000049
2351 0.000023
2352 0.000022
2353 0.000014
2354 0.000021
2355 0.000038
2356 0.000025
2357 0.000018
2358 0.000011
2359 0.000013
2360 0.000019
2361 0.000008
2362 0.000007
2363 0.000014
2364 0.000029
2365 0.000030
2366 0.000054
2367 0.000056
2368 0.000049
2369 0.000049
2370 0.000013
2371 0.000007
2372 0.000011
2373 0.000021
2374 0.000023
2375 0.000016
2376 0.000020
2377 0.000012
2378 0.000018
2379 0.000011
2380 0.000005
2381 0.000018
2382 0.000007
2383 0.000022
2384 0.000034
2385 0.000021
2386 0.000021
2387 0.000012
2388 0.000009
2389 0.000014
2390 0.000010
2391 0.000012
2392 0.000018
2393 0.000021
2394 0.000019
2395 0.000028
2396 0.000012
2397 0.000010
2398 0.000019
2399 0.000015
2400 0.000013
2401 0.000006
2402 0.000005
2403 0.000015
2404 0.000018
2405 0.000014
2406 0.000005
2407 0.000021
2408 0.000012
2409 0.000017
2410 0.000018
2411 0.000041
2412 0.000033
2413 0.000027
2414 0.000012
2415 0.000017
2416 0.000024
2417 0.000015
2418 0.000012
2419 0.000018
2420 0.000013
2421 0.000009
2422 0.000037
2423 0.000022
2424 0.000056
2425 0.000033
2426 0.000014
2427 0.000022
2428 0.000018
2429 0.000014
2430 0.000008
2431 0.000008
2432 0.000014
2433 0.000025
2434 0.000035
2435 0.000048
2436 0.000019
2437 0.000017
2438 0.000019
2439 0.000007
2440 0.000055
2441 0.000035
2442 0.000007
2443 0.000004
2444 0.000006
2445 0.000015
2446 0.000010
2447 0.000058
2448 0.000029
2449 0.000044
2450 0.000034
2451 0.000017
2452 0.000013
2453 0.000012
2454 0.000023
2455 0.000026
2456 0.000028
2457 0.000018
2458 0.000022
2459 0.000035
2460 0.000019
2461 0.000008
2462 0.000014
2463 0.000011
2464 0.000021
2465 0.000012
2466 0.000031
2467 0.000013
2468 0.000012
2469 0.000017
2470 0.000013
2471 0.000047
2472 0.000037
2473 0.000011
2474 0.000014
2475 0.000029
2476 0.000019
2477 0.000024
2478 0.000021
2479 0.000014
2480 0.000019
2481 0.000015
2482 0.000032
2483 0.000029
2484 0.000028
2485 0.000011
2486 0.000019
2487 0.000019
2488 0.000008
2489 0.000004
2490 0.000013
2491 0.000019
2492 0.000026
2493 0.000037
2494 0.000039
2495 0.000029
2496 0.000014
2497 0.000021
2498 0.000017
2499 0.000015
2500 0.000011
2501 0.000012
2502 0.000014
2503 0.000007
2504 0.000006
2505 0.000008
2506 0.000013
2507 0.000009
2508 0.000038
2509 0.000026
2510 0.000030
2511 0.000033
2512 0.000036
2513 0.000013
2514 0.000014
2515 0.000006
2516 0.000015
2517 0.000028
2518 0.000009
2519 0.000011
2520 0.000005
2521 0.000009
2522 0.000021
2523 0.000022
2524 0.000017
2525 0.000038
2526 0.000048
2527 0.000034
2528 0.000021
2529 0.000012
2530 0.000015
2531 0.000019
2532 0.000009
2533 0.000007
2534 0.000030
2535 0.000020
2536 0.000009
2537 0.000008
2538 0.000005
2539 0.000018
2540 0.000019
2541 0.000013
2542 0.000023
2543 0.000011
2544 0.000013
2545 0.000018
2546 0.000016
2547 0.000019
2548 0.000032
2549 0.000020
2550 0.000012
2551 0.000017
2552 0.000008
2553 0.000008
2554 0.000007
2555 0.000011
2556 0.000017
2557 0.000020
2558 0.000017
2559 0.000033
2560 0.000043
2561 0.000012
2562 0.000019
2563 0.000032
2564 0.000030
2565 0.000050
2566 0.000019
2567 0.000037
2568 0.000011
2569 0.000032
2570 0.000017
2571 0.000025
2572 0.000028
2573 0.000030
2574 0.000016
2575 0.000011
2576 0.000020
2577 0.000011
2578 0.000027
2579 0.000032
2580 0.000039
2581 0.000027
2582 0.000028
2583 0.000030
2584 0.000036
2585 0.000026
2586 0.000024
2587 0.000019
2588 0.000024
2589 0.000020
2590 0.000035
2591 0.000018
2592 0.000010
2593 0.000008
2594 0.000024
2595 0.000010
2596 0.000024
2597 0.000012
2598 0.000019
2599 0.000011
2600 0.000014
2601 0.000014
2602 0.000012
2603 0.000006
2604 0.000019
2605 0.000013
2606 0.000018
2607 0.000029
2608 0.000016
2609 0.000013
2610 0.000009
2611 0.000019
2612 0.000025
2613 0.000051
2614 0.000042
2615 0.000022
2616 0.000020
2617 0.000029
2618 0.000021
2619 0.000025
2620 0.000012
2621 0.000006
2622 0.000035
2623 0.000014
2624 0.000017
2625 0.000028
2626 0.000021
2627 0.000024
2628 0.000020
2629 0.000006
2630 0.000010
2631 0.000011
2632 0.000022
2633 0.000033
2634 0.000030
2635 0.000029
2636 0.000023
2637 0.000016
2638 0.000006
2639 0.000014
2640 0.000016
2641 0.000006
2642 0.000011
2643 0.000024
2644 0.000017
2645 0.000032
2646 0.000018
2647 0.000015
2648 0.000012
2649 0.000010
2650 0.000026
2651 0.000034
2652 0.000033
2653 0.000017
2654 0.000019
2655 0.000011
2656 0.000017
2657 0.000014
2658 0.000020
2659 0.000008
2660 0.000015
2661 0.000006
2662 0.000008
2663 0.000007
2664 0.000010
2665 0.000014
2666 0.000020
2667 0.000030
2668 0.000029
2669 0.000016
2670 0.000020
2671 0.000008
2672 0.000011
2673 0.000030
2674 0.000016
2675 0.000005
2676 0.000019
2677 0.000029
2678 0.000015
2679 0.000016
2680 0.000015
2681 0.000011
2682 0.000010
2683 0.000026
2684 0.000017
2685 0.000007
2686 0.000012
2687 0.000025
2688 0.000037
2689 0.000013
2690 0.000027
2691 0.000017
2692 0.000021
2693 0.000017
2694 0.000013
2695 0.000008
2696 0.000016
2697 0.000028
2698 0.000034
2699 0.000017
2700 0.000032
2701 0.000024
2702 0.000020
2703 0.000011
2704 0.000019
2705 0.000027
2706 0.000023
2707 0.000020
2708 0.000012
2709 0.000015
2710 0.000009
2711 0.000014
2712 0.000017
2713 0.000023
2714 0.000030
2715 0.000042
2716 0.000046
2717 0.000027
2718 0.000024
2719 0.000029
2720 0.000015
2721 0.000023
2722 0.000009
2723 0.000027
2724 0.000009
2725 0.000009
2726 0.000026
2727 0.000025
2728 0.000028
2729 0.000009
2730 0.000026
2731 0.000014
2732 0.000009
2733 0.000015
2734 0.000009
2735 0.000020
2736 0.000027
2737 0.000008
2738 0.000007
2739 0.000013
2740 0.000007
2741 0.000028
2742 0.000023
2743 0.000041
2744 0.000036
2745 0.000033
2746 0.000031
2747 0.000024
2748 0.000013
2749 0.000027
2750 0.000015
2751 0.000011
2752 0.000025
2753 0.000029
2754 0.000035
2755 0.000016
2756 0.000016
2757 0.000024
2758 0.000028
2759 0.000021
2760 0.000012
2761 0.000013
2762 0.000006
2763 0.000016
2764 0.000007
2765 0.000010
2766 0.000008
2767 0.000012
2768 0.000010
2769 0.000027
2770 0.000028
2771 0.000032
2772 0.000013
2773 0.000014
2774 0.000015
2775 0.000016
2776 0.000017
2777 0.000013
2778 0.000037
2779 0.000044
2780 0.000032
2781 0.000039
2782 0.000020
2783 0.000018
2784 0.000014
2785 0.000028
2786 0.000018
2787 0.000011
2788 0.000015
2789 0.000029
2790 0.000031
2791 0.000020
2792 0.000013
2793 0.000009
2794 0.000032
2795 0.000013
2796 0.000023
2797 0.000029
2798 0.000009
2799 0.000006
2800 0.000019
2801 0.000016
2802 0.000022
2803 0.000022
2804 0.000008
2805 0.000004
2806 0.000005
2807 0.000015
2808 0.000011
2809 0.000035
2810 0.000057
2811 0.000044
2812 0.000022
2813 0.000039
2814 0.000031
2815 0.000025
2816 0.000007
2817 0.000049
2818 0.000029
2819 0.000040
2820 0.000037
2821 0.000016
2822 0.000029
2823 0.000035
2824 0.000017
2825 0.000029
2826 0.000014
2827 0.000014
2828 0.000016
2829 0.000010
2830 0.000007
2831 0.000010
2832 0.000009
2833 0.000010
2834 0.000016
2835 0.000012
2836 0.000015
2837 0.000009
2838 0.000005
2839 0.000005
2840 0.000013
2841 0.000013
2842 0.000026
2843 0.000016
2844 0.000022
2845 0.000014
2846 0.000018
2847 0.000020
2848 0.000019
2849 0.000031
2850 0.000023
2851 0.000016
2852 0.000022
2853 0.000019
2854 0.000018
2855 0.000022
2856 0.000017
2857 0.000021
2858 0.000012
2859 0.000021
2860 0.000012
2861 0.000028
2862 0.000024
2863 0.000016
2864 0.000014
2865 0.000012
2866 0.000016
2867 0.000016
2868 0.000010
2869 0.000017
2870 0.000023
2871 0.000011
2872 0.000015
2873 0.000006
2874 0.000011
2875 0.000007
2876 0.000005
2877 0.000018
2878 0.000014
2879 0.000030
2880 0.000018
2881 0.000027
2882 0.000010
2883 0.000022
2884 0.000012
2885 0.000017
2886 0.000023
2887 0.000005
2888 0.000012
2889 0.000010
2890 0.000010
2891 0.000014
2892 0.000005
2893 0.000022
2894 0.000030
2895 0.000013
2896 0.000012
2897 0.000046
2898 0.000035
2899 0.000028
2900 0.000046
2901 0.000050
2902 0.000024
2903 0.000022
2904 0.000039
2905 0.000020
2906 0.000015
2907 0.000019
2908 0.000016
2909 0.000029
2910 0.000021
2911 0.000044
2912 0.000036
2913 0.000024
2914 0.000008
2915 0.000026
2916 0.000023
2917 0.000010
2918 0.000008
2919 0.000013
2920 0.000028
2921 0.000009
2922 0.000011
2923 0.000016
2924 0.000013
2925 0.000009
2926 0.000014
2927 0.000013
2928 0.000012
2929 0.000021
2930 0.000016
2931 0.000009
2932 0.000012
2933 0.000018
2934 0.000016
2935 0.000041
2936 0.000035
2937 0.000035
2938 0.000018
2939 0.000017
2940 0.000016
2941 0.000032
2942 0.000038
2943 0.000027
2944 0.000029
2945 0.000016
2946 0.000014
2947 0.000025
2948 0.000021
2949 0.000023
2950 0.000016
2951 0.000010
2952 0.000019
2953 0.000031
2954 0.000012
2955 0.000019
2956 0.000024
2957 0.000023
2958 0.000013
2959 0.000032
2960 0.000034
2961 0.000023
2962 0.000020
2963 0.000017
2964 0.000016
2965 0.000015
2966 0.000026
2967 0.000025
2968 0.000021
2969 0.000034
2970 0.000010
2971 0.000012
2972 0.000023
2973 0.000023
2974 0.000028
2975 0.000028
2976 0.000011
2977 0.000012
2978 0.000012
2979 0.000034
2980 0.000041
2981 0.000015
2982 0.000015
2983 0.000010
2984 0.000014
2985 0.000019
2986 0.000029
2987 0.000032
2988 0.000017
2989 0.000033
2990 0.000020
2991 0.000011
2992 0.000005
2993 0.000012
2994 0.000013
2995 0.000012
2996 0.000024
2997 0.000029
2998 0.000021
2999 0.000019
3000 0.000030
3001 0.000032
3002 0.000015
3003 0.000012
3004 0.000014
3005 0.000023
3006 0.000014
3007 0.000005
3008 0.000004
3009 0.000019
3010 0.000024
3011 0.000013
3012 0.000031
3013 0.000026
3014 0.000014
3015 0.000015
3016 0.000012
3017 0.000010
3018 0.000048
3019 0.000052
3020 0.000022
3021 0.000031
3022 0.000012
3023 0.000023
3024 0.000026
3025 0.000017
3026 0.000022
3027 0.000017
3028 0.000010
3029 0.000024
3030 0.000010
3031 0.000011
3032 0.000028
3033 0.000047
3034 0.000021
3035 0.000014
3036 0.000023
3037 0.000007
3038 0.000026
3039 0.000029
3040 0.000045
3041 0.000062
3042 0.000015
3043 0.000012
3044 0.000017
3045 0.000032
3046 0.000016
3047 0.000023
3048 0.000019
3049 0.000020
3050 0.000036
3051 0.000029
3052 0.000037
3053 0.000035
3054 0.000030
3055 0.000028
3056 0.000035
3057 0.000035
3058 0.000018
3059 0.000008
3060 0.000011
3061 0.000021
3062 0.000016
3063 0.000008
3064 0.000018
3065 0.000013
3066 0.000021
3067 0.000023
3068 0.000015
3069 0.000031
3070 0.000024
3071 0.000020
3072 0.000024
3073 0.000023
3074 0.000011
3075 0.000032
3076 0.000037
3077 0.000017
3078 0.000010
3079 0.000017
3080 0.000023
3081 0.000018
3082 0.000016
3083 0.000021
3084 0.000017
3085 0.000015
3086 0.000032
3087 0.000017
3088 0.000016
3089 0.000024
3090 0.000020
3091 0.000010
3092 0.000022
3093 0.000031
3094 0.000031
3095 0.000025
3096 0.000034
3097 0.000020
3098 0.000054
3099 0.000018
3100 0.000047
3101 0.000016
3102 0.000029
3103 0.000017
3104 0.000009
3105 0.000004
3106 0.000019
3107 0.000016
3108 0.000047
3109 0.000033
3110 0.000029
3111 0.000019
3112 0.000019
3113 0.000019
3114 0.000017
3115 0.000010
3116 0.000006
3117 0.000006
3118 0.000017
3119 0.000008
3120 0.000025
3121 0.000038
3122 0.000017
3123 0.000008
3124 0.000019
3125 0.000026
3126 0.000029
3127 0.000011
3128 0.000022
3129 0.000009
3130 0.000012
3131 0.000012
3132 0.000005
3133 0.000020
3134 0.000017
3135 0.000008
3136 0.000009
3137 0.000024
3138 0.000019
3139 0.000017
3140 0.000012
3141 0.000023
3142 0.000013
3143 0.000008
3144 0.000011
3145 0.000023
3146 0.000018
3147 0.000008
3148 0.000012
3149 0.000038
3150 0.000024
3151 0.000019
3152 0.000019
3153 0.000022
3154 0.000024
3155 0.000015
3156 0.000015
3157 0.000011
3158 0.000021
3159 0.000022
3160 0.000012
3161 0.000032
3162 0.000036
3163 0.000022
3164 0.000022
3165 0.000009
3166 0.000022
3167 0.000009
3168 0.000015
3169 0.000011
3170 0.000014
3171 0.000014
3172 0.000005
3173 0.000026
3174 0.000035
3175 0.000015
3176 0.000042
3177 0.000035
3178 0.000039
3179 0.000039
3180 0.000033
3181 0.000022
3182 0.000024
3183 0.000024
3184 0.000026
3185 0.000028
3186 0.000040
3187 0.000041
3188 0.000042
3189 0.000015
3190 0.000015
3191 0.000016
3192 0.000015
3193 0.000019
3194 0.000016
3195 0.000037
3196 0.000032
3197 0.000036
3198 0.000026
3199 0.000015
3200 0.000006
3201 0.000008
3202 0.000015
3203 0.000012
3204 0.000018
3205 0.000013
3206 0.000019
3207 0.000021
3208 0.000010
3209 0.000011
3210 0.000014
3211 0.000016
3212 0.000006
3213 0.000014
3214 0.000026
3215 0.000010
3216 0.000009
3217 0.000005
3218 0.000022
3219 0.000013
3220 0.000010
3221 0.000014
3222 0.000028
3223 0.000025
3224 0.000027
3225 0.000017
3226 0.000025
3227 0.000034
3228 0.000018
3229 0.000012
3230 0.000035
3231 0.000026
3232 0.000026
3233 0.000040
3234 0.000023
3235 0.000018
3236 0.000006
3237 0.000030
3238 0.000024
3239 0.000032
3240 0.000037
3241 0.000039
3242 0.000021
3243 0.000029
3244 0.000031
3245 0.000019
3246 0.000010
3247 0.000027
3248 0.000017
3249 0.000008
3250 0.000005
3251 0.000022
3252 0.000028
3253 0.000042
3254 0.000030
3255 0.000027
3256 0.000010
3257 0.000016
3258 0.000018
3259 0.000013
3260 0.000021
3261 0.000015
3262 0.000015
3263 0.000012
3264 0.000019
3265 0.000012
3266 0.000008
3267 0.000023
3268 0.000029
3269 0.000035
3270 0.000032
3271 0.000020
3272 0.000005
3273 0.000008
3274 0.000017
3275 0.000021
3276 0.000021
3277 0.000019
3278 0.000026
3279 0.000008
3280 0.000017
3281 0.000032
3282 0.000020
3283 0.000017
3284 0.000007
3285 0.000013
3286 0.000027
3287 0.000030
3288 0.000029
3289 0.000028
3290 0.000027
3291 0.000034
3292 0.000018
3293 0.000026
3294 0.000031
3295 0.000039
3296 0.000020
3297 0.000010
3298 0.000031
3299 0.000032
3300 0.000038
3301 0.000019
3302 0.000029
3303 0.000026
3304 0.000035
3305 0.000033
3306 0.000043
3307 0.000032
3308 0.000036
3309 0.000020
3310 0.000016
3311 0.000020
3312 0.000018
3313 0.000015
3314 0.000009
3315 0.000030
3316 0.000018
3317 0.000007
3318 0.000009
3319 0.000007
3320 0.000012
3321 0.000036
3322 0.000053
3323 0.000030
3324 0.000013
3325 0.000039
3326 0.000019
3327 0.000016
3328 0.000012
3329 0.000013
3330 0.000011
3331 0.000016
3332 0.000017
3333 0.000013
3334 0.000030
3335 0.000028
3336 0.000026
3337 0.000031
3338 0.000031
3339 0.000020
3340 0.000022
3341 0.000009
3342 0.000005
3343 0.000012
3344 0.000014
3345 0.000014
3346 0.000007
3347 0.000007
3348 0.000018
3349 0.000008
3350 0.000010
3351 0.000022
3352 0.000012
3353 0.000006
3354 0.000018
3355 0.000030
3356 0.000009
3357 0.000008
3358 0.000023
3359 0.000012
3360 0.000014
3361 0.000009
3362 0.000005
3363 0.000019
3364 0.000034
3365 0.000032
3366 0.000023
3367 0.000037
3368 0.000041
3369 0.000024
3370 0.000023
3371 0.000016
3372 0.000013
3373 0.000010
3374 0.000022
3375 0.000019
3376 0.000019
3377 0.000011
3378 0.000012
3379 0.000007
3380 0.000011
3381 0.000022
3382 0.000024
3383 0.000011
3384 0.000024
3385 0.000016
3386 0.000014
3387 0.000010
3388 0.000033
3389 0.000023
3390 0.000025
3391 0.000017
3392 0.000014
3393 0.000011
3394 0.000016
3395 0.000010
3396 0.000022
3397 0.000015
3398 0.000019
3399 0.000013
3400 0.000009
3401 0.000013
3402 0.000013
3403 0.000038
3404 0.000012
3405 0.000008
3406 0.000024
3407 0.000017
3408 0.000017
3409 0.000021
3410 0.000022
3411 0.000008
3412 0.000012
3413 0.000014
3414 0.000025
3415 0.000015
3416 0.000018
3417 0.000031
3418 0.000022
3419 0.000028
3420 0.000015
3421 0.000012
3422 0.000013
3423 0.000018
3424 0.000014
3425 0.000023
3426 0.000016
3427 0.000029
3428 0.000007
3429 0.000018
3430 0.000024
3431 0.000039
3432 0.000029
3433 0.000032
3434 0.000037
3435 0.000023
3436 0.000042
3437 0.000031
3438 0.000010
3439 0.000037
3440 0.000013
3441 0.000010
3442 0.000015
3443 0.000018
3444 0.000008
3445 0.000028
3446 0.000015
3447 0.000017
3448 0.000051
3449 0.000022
3450 0.000009
3451 0.000021
3452 0.000028
3453 0.000018
3454 0.000023
3455 0.000027
3456 0.000018
3457 0.000016
3458 0.000015
3459 0.000013
3460 0.000009
3461 0.000021
3462 0.000015
3463 0.000024
3464 0.000039
3465 0.000029
3466 0.000022
3467 0.000034
3468 0.000028
3469 0.000011
3470 0.000005
3471 0.000012
3472 0.000012
3473 0.000029
3474 0.000023
3475 0.000015
3476 0.000010
3477 0.000018
3478 0.000007
3479 0.000009
3480 0.000010
3481 0.000006
3482 0.000010
3483 0.000010
3484 0.000006
3485 0.000012
3486 0.000027
3487 0.000009
3488 0.000016
3489 0.000021
3490 0.000034
3491 0.000032
3492 0.000018
3493 0.000018
3494 0.000023
3495 0.000014
3496 0.000019
3497 0.000021
3498 0.000026
3499 0.000025
3500 0.000032
3501 0.000012
3502 0.000013
3503 0.000024
3504 0.000008
3505 0.000007
3506 0.000005
3507 0.000031
3508 0.000012
3509 0.000012
3510 0.000010
3511 0.000014
3512 0.000019
3513 0.000011
3514 0.000010
3515 0.000026
3516 0.000014
3517 0.000033
3518 0.000021
3519 0.000023
3520 0.000022
3521 0.000016
3522 0.000029
3523 0.000035
3524 0.000018
3525 0.000030
3526 0.000019
3527 0.000009
3528 0.000014
3529 0.000009
3530 0.000027
3531 0.000028
3532 0.000011
3533 0.000010
3534 0.000011
3535 0.000028
3536 0.000045
3537 0.000030
3538 0.000019
3539 0.000029
3540 0.000032
3541 0.000026
3542 0.000013
3543 0.000029
3544 0.000018
3545 0.000027
3546 0.000031
3547 0.000017
3548 0.000016
3549 0.000022
3550 0.000009
3551 0.000026
3552 0.000010
3553 0.000029
3554 0.000020
3555 0.000023
3556 0.000034
3557 0.000023
3558 0.000032
3559 0.000041
3560 0.000025
3561 0.000046
3562 0.000033
3563 0.000022
3564 0.000013
3565 0.000012
3566 0.000018
3567 0.000011
3568 0.000039
3569 0.000011
3570 0.000019
3571 0.000023
3572 0.000028
3573 0.000013
3574 0.000017
3575 0.000009
3576 0.000006
3577 0.000009
3578 0.000015
3579 0.000009
3580 0.000020
3581 0.000023
3582 0.000013
3583 0.000009
3584 0.000017
3585 0.000020
3586 0.000019
3587 0.000015
3588 0.000023
3589 0.000021
3590 0.000023
3591 0.000017
3592 0.000007
3593 0.000014
3594 0.000023
3595 0.000029
3596 0.000020
3597 0.000006
3598 0.000010
3599 0.000007
3600 0.000009
3601 0.000007
3602 0.000006
3603 0.000014
3604 0.000016
3605 0.000041
3606 0.000043
3607 0.000065
3608 0.000062
3609 0.000032
3610 0.000017
3611 0.000033
3612 0.000040
3613 0.000014
3614 0.000017
3615 0.000031
3616 0.000045
3617 0.000021
3618 0.000019
3619 0.000024
3620 0.000007
3621 0.000048
3622 0.000029
3623 0.000022
3624 0.000018
3625 0.000014
3626 0.000015
3627 0.000011
3628 0.000006
3629 0.000013
3630 0.000025
3631 0.000020
3632 0.000027
3633 0.000026
3634 0.000019
3635 0.000011
3636 0.000008
3637 0.000013
3638 0.000010
3639 0.000009
3640 0.000011
3641 0.000017
3642 0.000017
3643 0.000014
3644 0.000013
3645 0.000022
3646 0.000023
3647 0.000010
3648 0.000005
3649 0.000007
3650 0.000013
3651 0.000007
3652 0.000013
3653 0.000025
3654 0.000008
3655 0.000007
3656 0.000009
3657 0.000005
3658 0.000013
3659 0.000017
3660 0.000027
3661 0.000012
3662 0.000019
3663 0.000014
3664 0.000025
3665 0.000014
3666 0.000027
3667 0.000034
3668 0.000038
3669 0.000028
3670 0.000024
3671 0.000013
3672 0.000033
3673 0.000017
3674 0.000011
3675 0.000030
3676 0.000009
3677 0.000023
3678 0.000012
3679 0.000005
3680 0.000014
3681 0.000011
3682 0.000044
3683 0.000043
3684 0.000015
3685 0.000024
3686 0.000028
3687 0.000022
3688 0.000035
3689 0.000033
3690 0.000016
3691 0.000030
3692 0.000013
3693 0.000027
3694 0.000018
3695 0.000037
3696 0.000028
3697 0.000017
3698 0.000015
3699 0.000033
3700 0.000010
3701 0.000028
3702 0.000017
3703 0.000012
3704 0.000006
3705 0.000008
3706 0.000015
3707 0.000023
3708 0.000027
3709 0.000009
3710 0.000016
3711 0.000020
3712 0.000026
3713 0.000014
3714 0.000015
3715 0.000032
3716 0.000026
3717 0.000024
3718 0.000024
3719 0.000019
3720 0.000015
3721 0.000025
3722 0.000041
3723 0.000018
3724 0.000021
3725 0.000010
3726 0.000006
3727 0.000017
3728 0.000012
3729 0.000016
3730 0.000021
3731 0.000032
3732 0.000010
3733 0.000016
3734 0.000017
3735 0.000034
3736 0.000036
3737 0.000020
3738 0.000015
3739 0.000017
3740 0.000023
3741 0.000026
3742 0.000044
3743 0.000028
3744 0.000016
3745 0.000011
3746 0.000008
3747 0.000011
3748 0.000028
3749 0.000046
3750 0.000047
3751 0.000022
3752 0.000047
3753 0.000067
3754 0.000056
3755 0.000031
3756 0.000033
3757 0.000033
3758 0.000044
3759 0.000026
3760 0.000028
3761 0.000032
3762 0.000021
3763 0.000022
3764 0.000031
3765 0.000022
3766 0.000025
3767 0.000030
3768 0.000024
3769 0.000013
3770 0.000014
3771 0.000028
3772 0.000014
3773 0.000031
3774 0.000056
3775 0.000027
3776 0.000018
3777 0.000012
3778 0.000016
3779 0.000008
3780 0.000009
3781 0.000022
3782 0.000010
3783 0.000011
3784 0.000019
3785 0.000011
3786 0.000008
3787 0.000019
3788 0.000017
3789 0.000012
3790 0.000007
3791 0.000018
3792 0.000032
3793 0.000024
3794 0.000028
3795 0.000015
3796 0.000023
3797 0.000014
3798 0.000012
3799 0.000013
3800 0.000017
3801 0.000012
3802 0.000018
3803 0.000008
3804 0.000010
3805 0.000011
3806 0.000013
3807 0.000012
3808 0.000029
3809 0.000025
3810 0.000014
3811 0.000012
3812 0.000016
3813 0.000022
3814 0.000022
3815 0.000017
3816 0.000010
3817 0.000006
3818 0.000004
3819 0.000012
3820 0.000009
3821 0.000007
3822 0.000007
3823 0.000009
3824 0.000006
3825 0.000017
3826 0.000005
3827 0.000011
3828 0.000005
3829 0.000013
3830 0.000006
3831 0.000016
3832 0.000010
3833 0.000019
3834 0.000013
3835 0.000016
3836 0.000012
3837 0.000017
3838 0.000014
3839 0.000015
3840 0.000013
3841 0.000023
3842 0.000013
3843 0.000023
3844 0.000017
3845 0.000008
3846 0.000015
3847 0.000016
3848 0.000019
3849 0.000012
3850 0.000021
3851 0.000015
3852 0.000021
3853 0.000026
3854 0.000037
3855 0.000030
3856 0.000015
3857 0.000007
3858 0.000013
3859 0.000009
3860 0.000028
3861 0.000015
3862 0.000017
3863 0.000059
3864 0.000058
3865 0.000049
3866 0.000030
3867 0.000016
3868 0.000021
3869 0.000021
3870 0.000019
3871 0.000025
3872 0.000020
3873 0.000014
3874 0.000021
3875 0.000023
3876 0.000015
3877 0.000028
3878 0.000027
3879 0.000017
3880 0.000021
3881 0.000021
3882 0.000010
3883 0.000014
3884 0.000020
3885 0.000007
3886 0.000024
3887 0.000011
3888 0.000009
3889 0.000019
3890 0.000008
3891 0.000013
3892 0.000024
3893 0.000022
3894 0.000033
3895 0.000021
3896 0.000015
3897 0.000007
3898 0.000010
3899 0.000006
3900 0.000028
3901 0.000023
3902 0.000028
3903 0.000012
3904 0.000029
3905 0.000014
3906 0.000023
3907 0.000029
3908 0.000024
3909 0.000039
3910 0.000014
3911 0.000017
3912 0.000021
3913 0.000030
3914 0.000023
3915 0.000008
3916 0.000027
3917 0.000009
3918 0.000022
3919 0.000012
3920 0.000040
3921 0.000045
3922 0.000047
3923 0.000026
3924 0.000026
3925 0.000033
3926 0.000017
3927 0.000014
3928 0.000007
3929 0.000025
3930 0.000035
3931 0.000025
3932 0.000010
3933 0.000005
3934 0.000011
3935 0.000022
3936 0.000024
3937 0.000026
3938 0.000017
3939 0.000015
3940 0.000017
3941 0.000014
3942 0.000020
3943 0.000017
3944 0.000018
3945 0.000024
3946 0.000016
3947 0.000011
3948 0.000010
3949 0.000013
3950 0.000014
3951 0.000011
3952 0.000025
3953 0.000025
3954 0.000022
3955 0.000025
3956 0.000010
3957 0.000016
3958 0.000023
3959 0.000010
3960 0.000026
3961 0.000020
3962 0.000016
3963 0.000025
3964 0.000013
3965 0.000008
3966 0.000027
3967 0.000009
3968 0.000005
3969 0.000024
3970 0.000010
3971 0.000013
3972 0.000016
3973 0.000014
3974 0.000022
3975 0.000025
3976 0.000012
3977 0.000010
3978 0.000031
3979 0.000025
3980 0.000025
3981 0.000043
3982 0.000041
3983 0.000033
3984 0.000036
3985 0.000060
3986 0.000036
3987 0.000024
3988 0.000023
3989 0.000020
3990 0.000010
3991 0.000017
3992 0.000011
3993 0.000028
3994 0.000012
3995 0.000015
3996 0.000008
3997 0.000009
3998 0.000010
3999 0.000024
4000 0.000015
4001 0.000021
4002 0.000009
4003 0.000006
4004 0.000024
4005 0.000015
4006 0.000019
4007 0.000059
4008 0.000064
4009 0.000040
4010 0.000029
4011 0.000035
4012 0.000014
4013 0.000013
4014 0.000024
4015 0.000043
4016 0.000048
4017 0.000046
4018 0.000042
4019 0.000036
4020 0.000020
4021 0.000012
4022 0.000016
4023 0.000016
4024 0.000019
4025 0.000018
4026 0.000009
4027 0.000008
4028 0.000015
4029 0.000020
4030 0.000017
4031 0.000024
4032 0.000031
4033 0.000027
4034 0.000026
4035 0.000016
4036 0.000027
4037 0.000023
4038 0.000025
4039 0.000019
4040 0.000020
4041 0.000021
4042 0.000009
4043 0.000007
4044 0.000010
4045 0.000013
4046 0.000031
4047 0.000034
4048 0.000012
4049 0.000010
4050 0.000019
4051 0.000028
4052 0.000020
4053 0.000013
4054 0.000008
4055 0.000025
4056 0.000016
4057 0.000013
4058 0.000036
4059 0.000024
4060 0.000015
4061 0.000014
4062 0.000009
4063 0.000014
4064 0.000007
4065 0.000012
4066 0.000016
4067 0.000033
4068 0.000042
4069 0.000026
4070 0.000014
4071 0.000021
4072 0.000026
4073 0.000023
4074 0.000015
4075 0.000005
4076 0.000013
4077 0.000021
4078 0.000013
4079 0.000023
4080 0.000026
4081 0.000060
4082 0.000028
4083 0.000041
4084 0.000026
4085 0.000009
4086 0.000022
4087 0.000015
4088 0.000006
4089 0.000015
4090 0.000009
4091 0.000012
4092 0.000025
4093 0.000031
4094 0.000010
4095 0.000017
4096 0.000017
4097 0.000014
4098 0.000008
4099 0.000011
4100 0.000019
4101 0.000010
4102 0.000012
4103 0.000027
4104 0.000016
4105 0.000023
4106 0.000034
4107 0.000020
4108 0.000013
4109 0.000011
4110 0.000011
4111 0.000012
4112 0.000017
4113 0.000010
4114 0.000015
4115 0.000021
4116 0.000016
4117 0.000015
4118 0.000023
4119 0.000020
4120 0.000006
4121 0.000007
4122 0.000016
4123 0.000015
4124 0.000014
4125 0.000015
4126 0.000022
4127 0.000012
4128 0.000013
4129 0.000016
4130 0.000014
4131 0.000008
4132 0.000027
4133 0.000013
4134 0.000024
4135 0.000013
4136 0.000008
4137 0.000046
4138 0.000043
4139 0.000023
4140 0.000011
4141 0.000014
4142 0.000017
4143 0.000019
4144 0.000019
4145 0.000042
4146 0.000043
4147 0.000010
4148 0.000016
4149 0.000010
4150 0.000017
4151 0.000017
4152 0.000026
4153 0.000018
4154 0.000024
4155 0.000023
4156 0.000018
4157 0.000014
4158 0.000026
4159 0.000015
4160 0.000023
4161 0.000052
4162 0.000049
4163 0.000051
4164 0.000025
4165 0.000010
4166 0.000013
4167 0.000009
4168 0.000015
4169 0.000015
4170 0.000007
4171 0.000020
4172 0.000043
4173 0.000015
4174 0.000039
4175 0.000011
4176 0.000015
4177 0.000033
4178 0.000031
4179 0.000029
4180 0.000020
4181 0.000016
4182 0.000014
4183 0.000020
4184 0.000040
4185 0.000026
4186 0.000027
4187 0.000046
4188 0.000054
4189 0.000027
4190 0.000029
4191 0.000015
4192 0.000031
4193 0.000023
4194 0.000031
4195 0.000020
4196 0.000027
4197 0.000014
4198 0.000007
4199 0.000042
4200 0.000027
4201 0.000027
4202 0.000014
4203 0.000010
4204 0.000006
4205 0.000009
4206 0.000011
4207 0.000012
4208 0.000006
4209 0.000032
4210 0.000020
4211 0.000025
4212 0.000013
4213 0.000022
4214 0.000038
4215 0.000021
4216 0.000038
4217 0.000021
4218 0.000033
4219 0.000015
4220 0.000017
4221 0.000015
4222 0.000028
4223 0.000012
4224 0.000013
4225 0.000016
4226 0.000013
4227 0.000018
4228 0.000011
4229 0.000005
4230 0.000013
4231 0.000012
4232 0.000019
4233 0.000022
4234 0.000013
4235 0.000012
4236 0.000026
4237 0.000018
4238 0.000015
4239 0.000019
4240 0.000020
4241 0.000010
4242 0.000017
4243 0.000021
4244 0.000010
4245 0.000016
4246 0.000006
4247 0.000014
4248 0.000015
4249 0.000010
4250 0.000022
4251 0.000028
4252 0.000017
4253 0.000012
4254 0.000018
4255 0.000011
4256 0.000032
4257 0.000019
4258 0.000013
4259 0.000012
4260 0.000010
4261 0.000012
4262 0.000032
4263 0.000026
4264 0.000025
4265 0.000013
4266 0.000026
4267 0.000042
4268 0.000039
4269 0.000014
4270 0.000010
4271 0.000024
4272 0.000010
4273 0.000006
4274 0.000017
4275 0.000021
4276 0.000025
4277 0.000023
4278 0.000034
4279 0.000016
4280 0.000026
4281 0.000016
4282 0.000021
4283 0.000036
4284 0.000011
4285 0.000026
4286 0.000027
4287 0.000023
4288 0.000025
4289 0.000025
4290 0.000026
4291 0.000037
4292 0.000023
4293 0.000019
4294 0.000022
4295 0.000015
4296 0.000021
4297 0.000028
4298 0.000027
4299 0.000016
4300 0.000028
4301 0.000010
4302 0.000014
4303 0.000015
4304 0.000007
4305 0.000024
4306 0.000010
4307 0.000010
4308 0.000031
4309 0.000022
4310 0.000015
4311 0.000024
4312 0.000042
4313 0.000021
4314 0.000014
4315 0.000022
4316 0.000034
4317 0.000010
4318 0.000011
4319 0.000008
4320 0.000016
4321 0.000011
4322 0.000020
4323 0.000014
4324 0.000019
4325 0.000022
4326 0.000020
4327 0.000032
4328 0.000026
4329 0.000013
4330 0.000031
4331 0.000015
4332 0.000012
4333 0.000013
4334 0.000007
4335 0.000005
4336 0.000013
4337 0.000034
4338 0.000023
4339 0.000010
4340 0.000009
4341 0.000017
4342 0.000008
4343 0.000025
4344 0.000024
4345 0.000043
4346 0.000024
4347 0.000034
4348 0.000024
4349 0.000017
4350 0.000016
4351 0.000022
4352 0.000013
4353 0.000020
4354 0.000012
4355 0.000011
4356 0.000010
4357 0.000010
4358 0.000022
4359 0.000022
4360 0.000017
4361 0.000018
4362 0.000008
4363 0.000010
4364 0.000021
4365 0.000017
4366 0.000025
4367 0.000029
4368 0.000022
4369 0.000016
4370 0.000025
4371 0.000019
4372 0.000009
4373 0.000045
4374 0.000036
4375 0.000033
4376 0.000020
4377 0.000025
4378 0.000016
4379 0.000049
4380 0.000058
4381 0.000023
4382 0.000021
4383 0.000008
4384 0.000006
4385 0.000018
4386 0.000011
4387 0.000008
4388 0.000017
4389 0.000028
4390 0.000021
4391 0.000015
4392 0.000029
4393 0.000030
4394 0.000028
4395 0.000015
4396 0.000010
4397 0.000011
4398 0.000030
4399 0.000017
4400 0.000018
4401 0.000017
4402 0.000038
4403 0.000044
4404 0.000030
4405 0.000016
4406 0.000006
4407 0.000012
4408 0.000012
4409 0.000038
4410 0.000023
4411 0.000020
4412 0.000061
4413 0.000039
4414 0.000019
4415 0.000021
4416 0.000022
4417 0.000016
4418 0.000017
4419 0.000022
4420 0.000025
4421 0.000032
4422 0.000047
4423 0.000054
4424 0.000024
4425 0.000011
4426 0.000026
4427 0.000023
4428 0.000018
4429 0.000015
4430 0.000030
4431 0.000038
4432 0.000012
4433 0.000009
4434 0.000006
4435 0.000030
4436 0.000020
4437 0.000030
4438 0.000019
4439 0.000023
4440 0.000018
4441 0.000041
4442 0.000045
4443 0.000034
4444 0.000024
4445 0.000037
4446 0.000053
4447 0.000026
4448 0.000025
4449 0.000035
4450 0.000039
4451 0.000015
4452 0.000020
4453 0.000037
4454 0.000043
4455 0.000021
4456 0.000024
4457 0.000010
4458 0.000027
4459 0.000029
4460 0.000024
4461 0.000023
4462 0.000025
4463 0.000012
4464 0.000040
4465 0.000036
4466 0.000022
4467 0.000007
4468 0.000019
4469 0.000032
4470 0.000023
4471 0.000018
4472 0.000013
4473 0.000020
4474 0.000045
4475 0.000020
4476 0.000018
4477 0.000012
4478 0.000022
4479 0.000019
4480 0.000016
4481 0.000017
4482 0.000029
4483 0.000011
4484 0.000009
4485 0.000023
4486 0.000012
4487 0.000010
4488 0.000041
4489 0.000045
4490 0.000027
4491 0.000024
4492 0.000016
4493 0.000020
4494 0.000015
4495 0.000020
4496 0.000012
4497 0.000018
4498 0.000019
4499 0.000029
4500 0.000032
4501 0.000029
4502 0.000021
4503 0.000018
4504 0.000014
4505 0.000011
4506 0.000021
4507 0.000030
4508 0.000024
4509 0.000006
4510 0.000019
4511 0.000006
4512 0.000021
4513 0.000011
4514 0.000012
4515 0.000013
4516 0.000031
4517 0.000008
4518 0.000010
4519 0.000019
4520 0.000016
4521 0.000030
4522 0.000023
4523 0.000018
4524 0.000032
4525 0.000022
4526 0.000014
4527 0.000005
4528 0.000036
4529 0.000018
4530 0.000025
4531 0.000014
4532 0.000017
4533 0.000020
4534 0.000007
4535 0.000011
4536 0.000025
4537 0.000016
4538 0.000058
4539 0.000036
4540 0.000017
4541 0.000022
4542 0.000030
4543 0.000013
4544 0.000016
4545 0.000025
4546 0.000009
4547 0.000021
4548 0.000025
4549 0.000026
4550 0.000034
4551 0.000038
4552 0.000011
4553 0.000015
4554 0.000017
4555 0.000021
4556 0.000016
4557 0.000017
4558 0.000014
4559 0.000015
4560 0.000030
4561 0.000012
4562 0.000018
4563 0.000018
4564 0.000017
4565 0.000008
4566 0.000005
4567 0.000020
4568 0.000012
4569 0.000013
4570 0.000026
4571 0.000032
4572 0.000020
4573 0.000020
4574 0.000044
4575 0.000033
4576 0.000028
4577 0.000009
4578 0.000007
4579 0.000010
4580 0.000014
4581 0.000041
4582 0.000026
4583 0.000028
4584 0.000035
4585 0.000025
4586 0.000033
4587 0.000031
4588 0.000027
4589 0.000018
4590 0.000025
4591 0.000022
4592 0.000012
4593 0.000024
4594 0.000010
4595 0.000021
4596 0.000019
4597 0.000008
4598 0.000024
4599 0.000013
4600 0.000008
4601 0.000015
4602 0.000015
4603 0.000010
4604 0.000011
4605 0.000020
4606 0.000022
4607 0.000020
4608 0.000013
4609 0.000039
4610 0.000017
4611 0.000017
4612 0.000017
4613 0.000029
4614 0.000038
4615 0.000014
4616 0.000011
4617 0.000014
4618 0.000010
4619 0.000008
4620 0.000026
4621 0.000032
4622 0.000046
4623 0.000042
4624 0.000034
4625 0.000033
4626 0.000019
4627 0.000024
4628 0.000028
4629 0.000037
4630 0.000018
4631 0.000019
4632 0.000010
4633 0.000013
4634 0.000029
4635 0.000026
4636 0.000020
4637 0.000022
4638 0.000012
4639 0.000005
4640 0.000033
4641 0.000029
4642 0.000015
4643 0.000013
4644 0.000011
4645 0.000016
4646 0.000036
4647 0.000010
4648 0.000011
4649 0.000009
4650 0.000010
4651 0.000013
4652 0.000016
4653 0.000012
4654 0.000012
4655 0.000005
4656 0.000013
4657 0.000009
4658 0.000027
4659 0.000013
4660 0.000014
4661 0.000018
4662 0.000008
4663 0.000010
4664 0.000029
4665 0.000009
4666 0.000006
4667 0.000012
4668 0.000015
4669 0.000017
4670 0.000017
4671 0.000020
4672 0.000009
4673 0.000018
4674 0.000008
4675 0.000038
4676 0.000019
4677 0.000013
4678 0.000019
4679 0.000028
4680 0.000016
4681 0.000014
4682 0.000007
4683 0.000011
4684 0.000017
4685 0.000026
4686 0.000024
4687 0.000016
4688 0.000021
4689 0.000009
4690 0.000015
4691 0.000015
4692 0.000049
4693 0.000032
4694 0.000039
4695 0.000024
4696 0.000027
4697 0.000026
4698 0.000028
4699 0.000019
4700 0.000033
4701 0.000017
4702 0.000007
4703 0.000004
4704 0.000016
4705 0.000023
4706 0.000025
4707 0.000016
4708 0.000035
4709 0.000014
4710 0.000022
4711 0.000030
4712 0.000017
4713 0.000030
4714 0.000036
4715 0.000035
4716 0.000031
4717 0.000029
4718 0.000020
4719 0.000009
4720 0.000018
4721 0.000020
4722 0.000036
4723 0.000016
4724 0.000014
4725 0.000012
4726 0.000023
4727 0.000010
4728 0.000005
4729 0.000010
4730 0.000024
4731 0.000012
4732 0.000023
4733 0.000026
4734 0.000014
4735 0.000020
4736 0.000023
4737 0.000017
4738 0.000008
4739 0.000019
4740 0.000021
4741 0.000022
4742 0.000013
4743 0.000009
4744 0.000004
4745 0.000013
4746 0.000017
4747 0.000015
4748 0.000012
4749 0.000032
4750 0.000025
4751 0.000033
4752 0.000037
4753 0.000028
4754 0.000030
4755 0.000019
4756 0.000016
4757 0.000035
4758 0.000035
4759 0.000025
4760 0.000041
4761 0.000051
4762 0.000036
4763 0.000023
4764 0.000015
4765 0.000031
4766 0.000022
4767 0.000024
4768 0.000013
4769 0.000018
4770 0.000019
4771 0.000017
4772 0.000010
4773 0.000011
4774 0.000012
4775 0.000013
4776 0.000027
4777 0.000035
4778 0.000036
4779 0.000025
4780 0.000027
4781 0.000025
4782 0.000022
4783 0.000022
4784 0.000026
4785 0.000016
4786 0.000017
4787 0.000035
4788 0.000018
4789 0.000006
4790 0.000016
4791 0.000010
4792 0.000031
4793 0.000012
4794 0.000016
4795 0.000014
4796 0.000011
4797 0.000008
4798 0.000019
4799 0.000009
4800 0.000022
4801 0.000028
4802 0.000033
4803 0.000022
4804 0.000009
4805 0.000022
4806 0.000026
4807 0.000033
4808 0.000033
4809 0.000022
4810 0.000018
4811 0.000010
4812 0.000010
4813 0.000014
4814 0.000012
4815 0.000023
4816 0.000012
4817 0.000020
4818 0.000020
4819 0.000033
4820 0.000017
4821 0.000019
4822 0.000015
4823 0.000010
4824 0.000022
4825 0.000018
4826 0.000019
4827 0.000010
4828 0.000009
4829 0.000005
4830 0.000018
4831 0.000041
4832 0.000027
4833 0.000027
4834 0.000019
4835 0.000011
4836 0.000022
4837 0.000047
4838 0.000018
4839 0.000021
4840 0.000022
4841 0.000015
4842 0.000026
4843 0.000008
4844 0.000010
4845 0.000015
4846 0.000009
4847 0.000018
4848 0.000022
4849 0.000011
4850 0.000017
4851 0.000008
4852 0.000016
4853 0.000009
4854 0.000006
4855 0.000008
4856 0.000005
4857 0.000013
4858 0.000007
4859 0.000021
4860 0.000009
4861 0.000012
4862 0.000022
4863 0.000009
4864 0.000016
4865 0.000019
4866 0.000019
4867 0.000018
4868 0.000024
4869 0.000006
4870 0.000008
4871 0.000005
4872 0.000004
4873 0.000013
4874 0.000031
4875 0.000050
4876 0.000024
4877 0.000017
4878 0.000012
4879 0.000011
4880 0.000013
4881 0.000026
4882 0.000010
4883 0.000009
4884 0.000009
4885 0.000011
4886 0.000022
4887 0.000032
4888 0.000040
4889 0.000014
4890 0.000013
4891 0.000017
4892 0.000019
4893 0.000009
4894 0.000014
4895 0.000012
4896 0.000019
4897 0.000021
4898 0.000022
4899 0.000029
4900 0.000018
4901 0.000018
4902 0.000016
4903 0.000015
4904 0.000012
4905 0.000014
4906 0.000033
4907 0.000027
4908 0.000034
4909 0.000019
4910 0.000015
4911 0.000022
4912 0.000019
4913 0.000011
4914 0.000009
4915 0.000012
4916 0.000022
4917 0.000025
4918 0.000021
4919 0.000007
4920 0.000012
4921 0.000010
4922 0.000005
4923 0.000015
4924 0.000015
4925 0.000017
4926 0.000035
4927 0.000020
4928 0.000006
4929 0.000011
4930 0.000005
4931 0.000005
4932 0.000005
4933 0.000009
4934 0.000040
4935 0.000040
4936 0.000037
4937 0.000042
4938 0.000039
4939 0.000014
4940 0.000009
4941 0.000024
4942 0.000013
4943 0.000025
4944 0.000014
4945 0.000025
4946 0.000045
4947 0.000027
4948 0.000011
4949 0.000022
4950 0.000021
4951 0.000035
4952 0.000045
4953 0.000018
4954 0.000028
4955 0.000022
4956 0.000032
4957 0.000036
4958 0.000013
4959 0.000009
4960 0.000033
4961 0.000045
4962 0.000048
4963 0.000016
4964 0.000034
4965 0.000028
4966 0.000010
4967 0.000017
4968 0.000008
4969 0.000010
4970 0.000020
4971 0.000027
4972 0.000011
4973 0.000008
4974 0.000013
4975 0.000016
4976 0.000012
4977 0.000014
4978 0.000008
4979 0.000019
4980 0.000011
4981 0.000012
4982 0.000028
4983 0.000011
4984 0.000017
4985 0.000020
4986 0.000009
4987 0.000032
4988 0.000021
4989 0.000011
4990 0.000020
4991 0.000019
4992 0.000007
4993 0.000009
4994 0.000017
4995 0.000023
4996 0.000013
4997 0.000016
4998 0.000019
4999 0.000010
5000 0.000006
5001 0.000020
5002 0.000012
5003 0.000006
5004 0.000012
5005 0.000008
5006 0.000005
5007 0.000021
5008 0.000015
5009 0.000024
5010 0.000013
5011 0.000024
5012 0.000023
5013 0.000045
5014 0.000031
5015 0.000041
5016 0.000033
5017 0.000030
5018 0.000025
5019 0.000015
5020 0.000016
5021 0.000017
5022 0.000007
5023 0.000020
5024 0.000014
5025 0.000036
5026 0.000023
5027 0.000008
5028 0.000014
5029 0.000025
5030 0.000031
5031 0.000019
5032 0.000029
5033 0.000033
5034 0.000013
5035 0.000007
5036 0.000026
5037 0.000017
5038 0.000012
5039 0.000023
5040 0.000012
5041 0.000009
5042 0.000014
5043 0.000012
5044 0.000012
5045 0.000026
5046 0.000014
5047 0.000020
5048 0.000027
5049 0.000017
5050 0.000007
5051 0.000008
5052 0.000018
5053 0.000011
5054 0.000010
5055 0.000041
5056 0.000031
5057 0.000049
5058 0.000021
5059 0.000013
5060 0.000008
5061 0.000006
5062 0.000015
5063 0.000015
5064 0.000017
5065 0.000019
5066 0.000018
5067 0.000019
5068 0.000026
5069 0.000007
5070 0.000022
5071 0.000018
5072 0.000035
5073 0.000029
5074 0.000021
5075 0.000027
5076 0.000019
5077 0.000024
5078 0.000020
5079 0.000012
5080 0.000024
5081 0.000015
5082 0.000010
5083 0.000032
5084 0.000023
5085 0.000024
5086 0.000014
5087 0.000013
5088 0.000023
5089 0.000014
5090 0.000020
5091 0.000010
5092 0.000016
5093 0.000021
5094 0.000017
5095 0.000024
5096 0.000022
5097 0.000017
5098 0.000008
5099 0.000005
5100 0.000012
5101 0.000019
5102 0.000021
5103 0.000025
5104 0.000011
5105 0.000028
5106 0.000028
5107 0.000017
5108 0.000020
5109 0.000007
5110 0.000008
5111 0.000026
5112 0.000038
5113 0.000056
5114 0.000022
5115 0.000024
5116 0.000007
5117 0.000014
5118 0.000017
5119 0.000014
5120 0.000018
5121 0.000013
5122 0.000020
5123 0.000021
5124 0.000006
5125 0.000027
5126 0.000041
5127 0.000057
5128 0.000042
5129 0.000031
5130 0.000037
5131 0.000018
5132 0.000007
5133 0.000009
5134 0.000018
5135 0.000020
5136 0.000018
5137 0.000014
5138 0.000020
5139 0.000036
5140 0.000013
5141 0.000041
5142 0.000025
5143 0.000029
5144 0.000041
5145 0.000023
5146 0.000012
5147 0.000013
5148 0.000013
5149 0.000009
5150 0.000007
5151 0.000016
5152 0.000028
5153 0.000017
5154 0.000028
5155 0.000022
5156 0.000018
5157 0.000028
5158 0.000022
5159 0.000024
5160 0.000029
5161 0.000014
5162 0.000020
5163 0.000033
5164 0.000037
5165 0.000031
5166 0.000047
5167 0.000041
5168 0.000022
5169 0.000025
5170 0.000014
5171 0.000010
5172 0.000007
5173 0.000028
5174 0.000017
5175 0.000013
5176 0.000019
5177 0.000015
5178 0.000019
5179 0.000006
5180 0.000022
5181 0.000025
5182 0.000018
5183 0.000007
5184 0.000014
5185 0.000016
5186 0.000025
5187 0.000029
5188 0.000025
5189 0.000017
5190 0.000030
5191 0.000011
5192 0.000016
5193 0.000017
5194 0.000028
5195 0.000017
5196 0.000027
5197 0.000028
5198 0.000032
5199 0.000045
5200 0.000022
5201 0.000012
5202 0.000016
5203 0.000010
5204 0.000030
5205 0.000019
5206 0.000021
5207 0.000020
5208 0.000016
5209 0.000009
5210 0.000006
5211 0.000006
5212 0.000016
5213 0.000012
5214 0.000017
5215 0.000028
5216 0.000023
5217 0.000029
5218 0.000025
5219 0.000013
5220 0.000018
5221 0.000021
5222 0.000030
5223 0.000019
5224 0.000011
5225 0.000005
5226 0.000012
5227 0.000013
5228 0.000024
5229 0.000023
5230 0.000013
5231 0.000014
5232 0.000012
5233 0.000009
5234 0.000025
5235 0.000027
5236 0.000022
5237 0.000034
5238 0.000013
5239 0.000008
5240 0.000017
5241 0.000013
5242 0.000020
5243 0.000052
5244 0.000034
5245 0.000022
5246 0.000022
5247 0.000015
5248 0.000019
5249 0.000013
5250 0.000009
5251 0.000006
5252 0.000018
5253 0.000037
5254 0.000018
5255 0.000017
5256 0.000029
5257 0.000015
5258 0.000023
5259 0.000016
5260 0.000028
5261 0.000030
5262 0.000033
5263 0.000043
5264 0.000018
5265 0.000008
5266 0.000005
5267 0.000024
5268 0.000041
5269 0.000015
5270 0.000033
5271 0.000018
5272 0.000016
5273 0.000007
5274 0.000009
5275 0.000008
5276 0.000014
5277 0.000009
5278 0.000007
5279 0.000015
5280 0.000024
5281 0.000008
5282 0.000015
5283 0.000006
5284 0.000006
5285 0.000010
5286 0.000008
5287 0.000012
5288 0.000013
5289 0.000027
5290 0.000012
5291 0.000037
5292 0.000012
5293 0.000008
5294 0.000028
5295 0.000033
5296 0.000017
5297 0.000008
5298 0.000022
5299 0.000020
5300 0.000009
5301 0.000014
5302 0.000023
5303 0.000017
5304 0.000020
5305 0.000011
5306 0.000015
5307 0.000015
5308 0.000015
5309 0.000030
5310 0.000048
5311 0.000030
5312 0.000028
5313 0.000015
5314 0.000030
5315 0.000021
5316 0.000028
5317 0.000016
5318 0.000010
5319 0.000006
5320 0.000012
5321 0.000026
5322 0.000026
5323 0.000018
5324 0.000027
5325 0.000045
5326 0.000033
5327 0.000018
5328 0.000024
5329 0.000034
5330 0.000022
5331 0.000017
5332 0.000019
5333 0.000023
5334 0.000031
5335 0.000031
5336 0.000031
5337 0.000037
5338 0.000024
5339 0.000042
5340 0.000023
5341 0.000018
5342 0.000015
5343 0.000011
5344 0.000025
5345 0.000016
5346 0.000011
5347 0.000018
5348 0.000017
5349 0.000017
5350 0.000009
5351 0.000004
5352 0.000013
5353 0.000014
5354 0.000018
5355 0.000030
5356 0.000016
5357 0.000022
5358 0.000025
5359 0.000015
5360 0.000032
5361 0.000025
5362 0.000015
5363 0.000031
5364 0.000029
5365 0.000011
5366 0.000032
5367 0.000028
5368 0.000018
5369 0.000027
5370 0.000017
5371 0.000017
5372 0.000023
5373 0.000013
5374 0.000010
5375 0.000019
5376 0.000014
5377 0.000035
5378 0.000021
5379 0.000022
5380 0.000024
5381 0.000028
5382 0.000022
5383 0.000008
5384 0.000010
5385 0.000022
5386 0.000033
5387 0.000011
5388 0.000016
5389 0.000019
5390 0.000018
5391 0.000013
5392 0.000018
5393 0.000023
5394 0.000035
5395 0.000019
5396 0.000037
5397 0.000020
5398 0.000014
5399 0.000026
5400 0.000019
5401 0.000019
5402 0.000025
5403 0.000044
5404 0.000016
5405 0.000025
5406 0.000046
5407 0.000081
5408 0.000025
5409 0.000010
5410 0.000010
5411 0.000014
5412 0.000009
5413 0.000014
5414 0.000018
5415 0.000019
5416 0.000025
5417 0.000008
5418 0.000013
5419 0.000023
5420 0.000018
5421 0.000015
5422 0.000021
5423 0.000007
5424 0.000019
5425 0.000026
5426 0.000021
5427 0.000012
5428 0.000008
5429 0.000010
5430 0.000012
5431 0.000012
5432 0.000032
5433 0.000047
5434 0.000043
5435 0.000037
5436 0.000022
5437 0.000010
5438 0.000007
5439 0.000016
5440 0.000022
5441 0.000018
5442 0.000018
5443 0.000029
5444 0.000024
5445 0.000008
5446 0.000018
5447 0.000014
5448 0.000016
5449 0.000035
5450 0.000041
5451 0.000058
5452 0.000025
5453 0.000027
5454 0.000046
5455 0.000016
5456 0.000019
5457 0.000008
5458 0.000029
5459 0.000015
5460 0.000018
5461 0.000024
5462 0.000017
5463 0.000021
5464 0.000023
5465 0.000023
5466 0.000013
5467 0.000026
5468 0.000020
5469 0.000024
5470 0.000019
5471 0.000018
5472 0.000015
5473 0.000012
5474 0.000008
5475 0.000006
5476 0.000016
5477 0.000038
5478 0.000018
5479 0.000012
5480 0.000028
5481 0.000011
5482 0.000005
5483 0.000009
5484 0.000016
5485 0.000014
5486 0.000045
5487 0.000016
5488 0.000016
5489 0.000023
5490 0.000008
5491 0.000027
5492 0.000036
5493 0.000031
5494 0.000023
5495 0.000027
5496 0.000008
5497 0.000006
5498 0.000024
5499 0.000018
5500 0.000027
5501 0.000027
5502 0.000038
5503 0.000017
5504 0.000010
5505 0.000021
5506 0.000013
5507 0.000036
5508 0.000020
5509 0.000018
5510 0.000022
5511 0.000025
5512 0.000019
5513 0.000008
5514 0.000007
5515 0.000006
5516 0.000015
5517 0.000029
5518 0.000019
5519 0.000016
5520 0.000020
5521 0.000024
5522 0.000028
5523 0.000017
5524 0.000022
5525 0.000024
5526 0.000025
5527 0.000027
5528 0.000023
5529 0.000015
5530 0.000012
5531 0.000018
5532 0.000011
5533 0.000019
5534 0.000011
5535 0.000018
5536 0.000009
5537 0.000023
5538 0.000024
5539 0.000026
5540 0.000021
5541 0.000034
5542 0.000042
5543 0.000009
5544 0.000008
5545 0.000012
5546 0.000015
5547 0.000026
5548 0.000033
5549 0.000017
5550 0.000027
5551 0.000009
5552 0.000006
5553 0.000009
5554 0.000006
5555 0.000013
5556 0.000026
5557 0.000025
5558 0.000026
5559 0.000032
5560 0.000012
5561 0.000009
5562 0.000009
5563 0.000010
5564 0.000035
5565 0.000018
5566 0.000018
5567 0.000010
5568 0.000006
5569 0.000011
5570 0.000019
5571 0.000011
5572 0.000013
5573 0.000017
5574 0.000027
5575 0.000021
5576 0.000021
5577 0.000021
5578 0.000027
5579 0.000030
5580 0.000021
5581 0.000016
5582 0.000015
5583 0.000012
5584 0.000020
5585 0.000021
5586 0.000009
5587 0.000025
5588 0.000018
5589 0.000039
5590 0.000046
5591 0.000020
5592 0.000024
5593 0.000010
5594 0.000005
5595 0.000009
5596 0.000016
5597 0.000012
5598 0.000016
5599 0.000017
5600 0.000012
5601 0.000024
5602 0.000025
5603 0.000028
5604 0.000020
5605 0.000016
5606 0.000030
5607 0.000019
5608 0.000021
5609 0.000034
5610 0.000023
5611 0.000016
5612 0.000015
5613 0.000009
5614 0.000013
5615 0.000019
5616 0.000008
5617 0.000010
5618 0.000016
5619 0.000034
5620 0.000010
5621 0.000030
5622 0.000011
5623 0.000017
5624 0.000022
5625 0.000037
5626 0.000017
5627 0.000028
5628 0.000020
5629 0.000012
5630 0.000014
5631 0.000027
5632 0.000020
5633 0.000032
5634 0.000034
5635 0.000024
5636 0.000011
5637 0.000016
5638 0.000020
5639 0.000007
5640 0.000015
5641 0.000011
5642 0.000046
5643 0.000025
5644 0.000016
5645 0.000022
5646 0.000012
5647 0.000051
5648 0.000010
5649 0.000014
5650 0.000013
5651 0.000015
5652 0.000030
5653 0.000026
5654 0.000019
5655 0.000016
5656 0.000010
5657 0.000039
5658 0.000055
5659 0.000025
5660 0.000023
5661 0.000047
5662 0.000013
5663 0.000031
5664 0.000012
5665 0.000019
5666 0.000019
5667 0.000010
5668 0.000013
5669 0.000015
5670 0.000024
5671 0.000013
5672 0.000021
5673 0.000033
5674 0.000027
5675 0.000013
5676 0.000014
5677 0.000017
5678 0.000020
5679 0.000033
5680 0.000031
5681 0.000052
5682 0.000018
5683 0.000011
5684 0.000020
5685 0.000016
5686 0.000005
5687 0.000013
5688 0.000029
5689 0.000034
5690 0.000021
5691 0.000009
5692 0.000016
5693 0.000013
5694 0.000015
5695 0.000028
5696 0.000015
5697 0.000009
5698 0.000012
5699 0.000016
5700 0.000016
5701 0.000012
5702 0.000025
5703 0.000007
5704 0.000017
5705 0.000033
5706 0.000016
5707 0.000017
5708 0.000014
5709 0.000014
5710 0.000013
5711 0.000018
5712 0.000009
5713 0.000030
5714 0.000018
5715 0.000024
5716 0.000021
5717 0.000012
5718 0.000020
5719 0.000034
5720 0.000017
5721 0.000010
5722 0.000016
5723 0.000028
5724 0.000024
5725 0.000010
5726 0.000014
5727 0.000013
5728 0.000021
5729 0.000021
5730 0.000024
5731 0.000010
5732 0.000005
5733 0.000009
5734 0.000040
5735 0.000019
5736 0.000011
5737 0.000017
5738 0.000017
5739 0.000015
5740 0.000049
5741 0.000031
5742 0.000016
5743 0.000009
5744 0.000008
5745 0.000015
5746 0.000033
5747 0.000009
5748 0.000018
5749 0.000028
5750 0.000027
5751 0.000027
5752 0.000021
5753 0.000033
5754 0.000026
5755 0.000014
5756 0.000021
5757 0.000017
5758 0.000014
5759 0.000012
5760 0.000023
5761 0.000038
5762 0.000016
5763 0.000018
5764 0.000030
5765 0.000026
5766 0.000008
5767 0.000007
5768 0.000015
5769 0.000018
5770 0.000012
5771 0.000018
5772 0.000018
5773 0.000013
5774 0.000013
5775 0.000037
5776 0.000019
5777 0.000016
5778 0.000018
5779 0.000025
5780 0.000025
5781 0.000021
5782 0.000031
5783 0.000010
5784 0.000026
5785 0.000010
5786 0.000016
5787 0.000024
5788 0.000029
5789 0.000030
5790 0.000021
5791 0.000008
5792 0.000006
5793 0.000016
5794 0.000017
5795 0.000007
5796 0.000020
5797 0.000024
5798 0.000026
5799 0.000019
5800 0.000027
5801 0.000015
5802 0.000016
5803 0.000027
5804 0.000022
5805 0.000022
5806 0.000017
5807 0.000012
5808 0.000029
5809 0.000016
5810 0.000031
5811 0.000038
5812 0.000038
5813 0.000044
5814 0.000017
5815 0.000011
5816 0.000021
5817 0.000026
5818 0.000018
5819 0.000008
5820 0.000014
5821 0.000014
5822 0.000032
5823 0.000011
5824 0.000014
5825 0.000015
5826 0.000024
5827 0.000017
5828 0.000010
5829 0.000023
5830 0.000016
5831 0.000018
5832 0.000018
5833 0.000014
5834 0.000008
5835 0.000008
5836 0.000030
5837 0.000016
5838 0.000026
5839 0.000028
5840 0.000027
5841 0.000032
5842 0.000032
5843 0.000023
5844 0.000030
5845 0.000007
5846 0.000027
5847 0.000016
5848 0.000017
5849 0.000015
5850 0.000018
5851 0.000026
5852 0.000032
5853 0.000042
5854 0.000010
5855 0.000025
5856 0.000017
5857 0.000008
5858 0.000022
5859 0.000023
5860 0.000014
5861 0.000021
5862 0.000030
5863 0.000015
5864 0.000013
5865 0.000007
5866 0.000013
5867 0.000010
5868 0.000007
5869 0.000018
5870 0.000014
5871 0.000009
5872 0.000007
5873 0.000009
5874 0.000019
5875 0.000016
5876 0.000017
5877 0.000007
5878 0.000018
5879 0.000011
5880 0.000023
5881 0.000017
5882 0.000008
5883 0.000020
5884 0.000032
5885 0.000010
5886 0.000014
5887 0.000023
5888 0.000018
5889 0.000034
5890 0.000026
5891 0.000035
5892 0.000033
5893 0.000025
5894 0.000018
5895 0.000024
5896 0.000013
5897 0.000027
5898 0.000013
5899 0.000015
5900 0.000016
5901 0.000012
5902 0.000008
5903 0.000015
5904 0.000013
5905 0.000014
5906 0.000036
5907 0.000014
5908 0.000010
5909 0.000016
5910 0.000018
5911 0.000010
5912 0.000004
5913 0.000007
5914 0.000011
5915 0.000026
5916 0.000018
5917 0.000022
5918 0.000025
5919 0.000024
5920 0.000031
5921 0.000042
5922 0.000014
5923 0.000017
5924 0.000034
5925 0.000011
5926 0.000031
5927 0.000047
5928 0.000017
5929 0.000020
5930 0.000016
5931 0.000026
5932 0.000028
5933 0.000027
5934 0.000026
5935 0.000015
5936 0.000006
5937 0.000006
5938 0.000020
5939 0.000031
5940 0.000028
5941 0.000016
5942 0.000010
5943 0.000013
5944 0.000019
5945 0.000024
5946 0.000014
5947 0.000032
5948 0.000013
5949 0.000015
5950 0.000020
5951 0.000014
5952 0.000018
5953 0.000017
5954 0.000009
5955 0.000019
5956 0.000025
5957 0.000015
5958 0.000016
5959 0.000024
5960 0.000007
5961 0.000015
5962 0.000006
5963 0.000031
5964 0.000021
5965 0.000020
5966 0.000031
5967 0.000020
5968 0.000012
5969 0.000010
5970 0.000006
5971 0.000020
5972 0.000020
5973 0.000023
5974 0.000027
5975 0.000024
5976 0.000008
5977 0.000007
5978 0.000005
5979 0.000016
5980 0.000019
5981 0.000022
5982 0.000013
5983 0.000027
5984 0.000011
5985 0.000011
5986 0.000006
5987 0.000011
5988 0.000010
5989 0.000014
5990 0.000018
5991 0.000034
5992 0.000036
5993 0.000033
5994 0.000029
5995 0.000013
5996 0.000015
5997 0.000037
5998 0.000026
5999 0.000018
6000 0.000023
6001 0.000015
6002 0.000031
6003 0.000035
6004 0.000023
6005 0.000042
6006 0.000048
6007 0.000012
6008 0.000030
6009 0.000022
6010 0.000021
6011 0.000040
6012 0.000023
6013 0.000017
6014 0.000008
6015 0.000029
6016 0.000027
6017 0.000019
6018 0.000026
6019 0.000025
6020 0.000039
6021 0.000053
6022 0.000068
6023 0.000050
6024 0.000031
6025 0.000010
6026 0.000024
6027 0.000028
6028 0.000020
6029 0.000015
6030 0.000030
6031 0.000022
6032 0.000015
6033 0.000027
6034 0.000021
6035 0.000017
6036 0.000013
6037 0.000014
6038 0.000015
6039 0.000027
6040 0.000030
6041 0.000012
6042 0.000022
6043 0.000026
6044 0.000022
6045 0.000027
6046 0.000014
6047 0.000008
6048 0.000005
6049 0.000020
6050 0.000016
6051 0.000009
6052 0.000016
6053 0.000023
6054 0.000013
6055 0.000013
6056 0.000011
6057 0.000016
6058 0.000014
6059 0.000011
6060 0.000010
6061 0.000016
6062 0.000013
6063 0.000018
6064 0.000009
6065 0.000012
6066 0.000006
6067 0.000012
6068 0.000013
6069 0.000020
6070 0.000030
6071 0.000028
6072 0.000043
6073 0.000047
6074 0.000036
6075 0.000024
6076 0.000011
6077 0.000030
6078 0.000016
6079 0.000019
6080 0.000022
6081 0.000008
6082 0.000029
6083 0.000020
6084 0.000029
6085 0.000022
6086 0.000023
6087 0.000041
6088 0.000039
6089 0.000038
6090 0.000018
6091 0.000015
6092 0.000030
6093 0.000016
6094 0.000018
6095 0.000032
6096 0.000020
6097 0.000007
6098 0.000015
6099 0.000017
6100 0.000024
6101 0.000012
6102 0.000020
6103 0.000018
6104 0.000021
6105 0.000012
6106 0.000010
6107 0.000014
6108 0.000021
6109 0.000037
6110 0.000034
6111 0.000035
6112 0.000033
6113 0.000025
6114 0.000036
6115 0.000031
6116 0.000029
6117 0.000044
6118 0.000015
6119 0.000015
6120 0.000012
6121 0.000006
6122 0.000008
6123 0.000013
6124 0.000025
6125 0.000021
6126 0.000028
6127 0.000020
6128 0.000031
6129 0.000038
6130 0.000022
6131 0.000036
6132 0.000020
6133 0.000035
6134 0.000016
6135 0.000011
6136 0.000008
6137 0.000024
6138 0.000008
6139 0.000013
6140 0.000029
6141 0.000011
6142 0.000018
6143 0.000011
6144 0.000018
6145 0.000006
6146 0.000013
6147 0.000033
6148 0.000038
6149 0.000027
6150 0.000034
6151 0.000019
6152 0.000013
6153 0.000009
6154 0.000026
6155 0.000014
6156 0.000009
6157 0.000013
6158 0.000008
6159 0.000005
6160 0.000015
6161 0.000006
6162 0.000011
6163 0.000021
6164 0.000021
6165 0.000009
6166 0.000021
6167 0.000009
6168 0.000020
6169 0.000024
6170 0.000010
6171 0.000008
6172 0.000012
6173 0.000027
6174 0.000026
6175 0.000015
6176 0.000018
6177 0.000020
6178 0.000034
6179 0.000029
6180 0.000027
6181 0.000012
6182 0.000006
6183 0.000020
6184 0.000013
6185 0.000014
6186 0.000014
6187 0.000016
6188 0.000010
6189 0.000016
6190 0.000010
6191 0.000025
6192 0.000013
6193 0.000013
6194 0.000014
6195 0.000008
6196 0.000025
6197 0.000020
6198 0.000029
6199 0.000022
6200 0.000031
6201 0.000016
6202 0.000009
6203 0.000015
6204 0.000024
6205 0.000017
6206 0.000032
6207 0.000019
6208 0.000015
6209 0.000024
6210 0.000016
6211 0.000016
6212 0.000027
6213 0.000022
6214 0.000026
6215 0.000038
6216 0.000050
6217 0.000027
6218 0.000016
6219 0.000036
6220 0.000013
6221 0.000008
6222 0.000012
6223 0.000011
6224 0.000012
6225 0.000009
6226 0.000011
6227 0.000018
6228 0.000016
6229 0.000019
6230 0.000019
6231 0.000013
6232 0.000018
6233 0.000015
6234 0.000007
6235 0.000005
6236 0.000024
6237 0.000035
6238 0.000022
6239 0.000022
6240 0.000015
6241 0.000012
6242 0.000030
6243 0.000012
6244 0.000008
6245 0.000020
6246 0.000011
6247 0.000013
6248 0.000020
6249 0.000009
6250 0.000016
6251 0.000022
6252 0.000012
6253 0.000007
6254 0.000018
6255 0.000010
6256 0.000008
6257 0.000026
6258 0.000028
6259 0.000028
6260 0.000009
6261 0.000012
6262 0.000018
6263 0.000013
6264 0.000023
6265 0.000013
6266 0.000031
6267 0.000016
6268 0.000025
6269 0.000012
6270 0.000012
6271 0.000028
6272 0.000035
6273 0.000035
6274 0.000034
6275 0.000036
6276 0.000039
6277 0.000031
6278 0.000013
6279 0.000024
6280 0.000016
6281 0.000013
6282 0.000011
6283 0.000019
6284 0.000011
6285 0.000014
6286 0.000009
6287 0.000016
6288 0.000016
6289 0.000026
6290 0.000023
6291 0.000021
6292 0.000011
6293 0.000009
6294 0.000006
6295 0.000010
6296 0.000027
6297 0.000035
6298 0.000027
6299 0.000036
6300 0.000013
6301 0.000017
6302 0.000012
6303 0.000012
6304 0.000011
6305 0.000005
6306 0.000004
6307 0.000008
6308 0.000028
6309 0.000009
6310 0.000014
6311 0.000028
6312 0.000008
6313 0.000010
6314 0.000033
6315 0.000010
6316 0.000010
6317 0.000016
6318 0.000024
6319 0.000013
6320 0.000020
6321 0.000028
6322 0.000020
6323 0.000010
6324 0.000032
6325 0.000031
6326 0.000023
6327 0.000016
6328 0.000020
6329 0.000016
6330 0.000028
6331 0.000020
6332 0.000009
6333 0.000014
6334 0.000016
6335 0.000008
6336 0.000015
6337 0.000009
6338 0.000007
6339 0.000035
6340 0.000019
6341 0.000017
6342 0.000035
6343 0.000039
6344 0.000047
6345 0.000027
6346 0.000019
6347 0.000014
6348 0.000029
6349 0.000011
6350 0.000016
6351 0.000028
6352 0.000018
6353 0.000021
6354 0.000009
6355 0.000021
6356 0.000030
6357 0.000038
6358 0.000049
6359 0.000044
6360 0.000030
6361 0.000017
6362 0.000026
6363 0.000024
6364 0.000023
6365 0.000027
6366 0.000034
6367 0.000016
6368 0.000017
6369 0.000008
6370 0.000025
6371 0.000028
6372 0.000036
6373 0.000030
6374 0.000049
6375 0.000037
6376 0.000019
6377 0.000008
6378 0.000026
6379 0.000014
6380 0.000008
6381 0.000007
6382 0.000020
6383 0.000013
6384 0.000015
6385 0.000020
6386 0.000015
6387 0.000018
6388 0.000006
6389 0.000017
6390 0.000031
6391 0.000016
6392 0.000023
6393 0.000015
6394 0.000009
6395 0.000009
6396 0.000023
6397 0.000007
6398 0.000012
6399 0.000015
6400 0.000031
6401 0.000013
6402 0.000015
6403 0.000015
6404 0.000024
6405 0.000010
6406 0.000007
6407 0.000013
6408 0.000006
6409 0.000027
6410 0.000013
6411 0.000013
6412 0.000015
6413 0.000030
6414 0.000033
6415 0.000013
6416 0.000023
6417 0.000023
6418 0.000019
6419 0.000021
6420 0.000012
6421 0.000015
6422 0.000008
6423 0.000015
6424 0.000029
6425 0.000009
6426 0.000009
6427 0.000008
6428 0.000010
6429 0.000015
6430 0.000009
6431 0.000025
6432 0.000032
6433 0.000012
6434 0.000005
6435 0.000009
6436 0.000010
6437 0.000038
6438 0.000019
6439 0.000009
6440 0.000011
6441 0.000012
6442 0.000016
6443 0.000018
6444 0.000022
6445 0.000034
6446 0.000025
6447 0.000017
6448 0.000015
6449 0.000019
6450 0.000026
6451 0.000017
6452 0.000016
6453 0.000021
6454 0.000017
6455 0.000021
6456 0.000013
6457 0.000006
6458 0.000004
6459 0.000015
6460 0.000017
6461 0.000018
6462 0.000032
6463 0.000043
6464 0.000012
6465 0.000010
6466 0.000017
6467 0.000008
6468 0.000023
6469 0.000028
6470 0.000018
6471 0.000028
6472 0.000039
6473 0.000040
6474 0.000025
6475 0.000022
6476 0.000013
6477 0.000007
6478 0.000015
6479 0.000022
6480 0.000008
6481 0.000009
6482 0.000007
6483 0.000020
6484 0.000014
6485 0.000021
6486 0.000026
6487 0.000038
6488 0.000019
6489 0.000010
6490 0.000016
6491 0.000016
6492 0.000016
6493 0.000018
6494 0.000018
6495 0.000015
6496 0.000025
6497 0.000020
6498 0.000012
6499 0.000011
6500 0.000007
6501 0.000016
6502 0.000024
6503 0.000021
6504 0.000032
6505 0.000022
6506 0.000028
6507 0.000015
6508 0.000029
6509 0.000009
6510 0.000006
6511 0.000026
6512 0.000022
6513 0.000009
6514 0.000031
6515 0.000042
6516 0.000017
6517 0.000013
6518 0.000007
6519 0.000011
6520 0.000024
6521 0.000016
6522 0.000008
6523 0.000009
6524 0.000005
6525 0.000008
6526 0.000022
6527 0.000009
6528 0.000016
6529 0.000020
6530 0.000019
6531 0.000006
6532 0.000013
6533 0.000012
6534 0.000006
6535 0.000018
6536 0.000019
6537 0.000019
6538 0.000015
6539 0.000017
6540 0.000011
6541 0.000008
6542 0.000015
6543 0.000019
6544 0.000039
6545 0.000030
6546 0.000012
6547 0.000006
6548 0.000025
6549 0.000036
6550 0.000008
6551 0.000006
6552 0.000008
6553 0.000016
6554 0.000036
6555 0.000014
6556 0.000015
6557 0.000020
6558 0.000027
6559 0.000025
6560 0.000011
6561 0.000013
6562 0.000021
6563 0.000011
6564 0.000006
6565 0.000028
6566 0.000027
6567 0.000022
6568 0.000027
6569 0.000031
6570 0.000024
6571 0.000023
6572 0.000016
6573 0.000006
6574 0.000017
6575 0.000016
6576 0.000021
6577 0.000031
6578 0.000015
6579 0.000020
6580 0.000018
6581 0.000013
6582 0.000028
6583 0.000016
6584 0.000017
6585 0.000010
6586 0.000007
6587 0.000013
6588 0.000018
6589 0.000032
6590 0.000022
6591 0.000016
6592 0.000012
6593 0.000021
6594 0.000037
6595 0.000044
6596 0.000012
6597 0.000016
6598 0.000026
6599 0.000015
6600 0.000028
6601 0.000014
6602 0.000021
6603 0.000039
6604 0.000025
6605 0.000022
6606 0.000008
6607 0.000016
6608 0.000018
6609 0.000021
6610 0.000007
6611 0.000014
6612 0.000038
6613 0.000024
6614 0.000036
6615 0.000016
6616 0.000033
6617 0.000038
6618 0.000036
6619 0.000023
6620 0.000016
6621 0.000029
6622 0.000020
6623 0.000011
6624 0.000015
6625 0.000007
6626 0.000011
6627 0.000016
6628 0.000030
6629 0.000037
6630 0.000059
6631 0.000031
6632 0.000015
6633 0.000011
6634 0.000031
6635 0.000014
6636 0.000030
6637 0.000026
6638 0.000035
6639 0.000025
6640 0.000011
6641 0.000028
6642 0.000011
6643 0.000034
6644 0.000022
6645 0.000020
6646 0.000017
6647 0.000025
6648 0.000024
6649 0.000038
6650 0.000025
6651 0.000031
6652 0.000026
6653 0.000019
6654 0.000033
6655 0.000039
6656 0.000014
6657 0.000010
6658 0.000025
6659 0.000022
6660 0.000016
6661 0.000026
6662 0.000015
6663 0.000037
6664 0.000014
6665 0.000021
6666 0.000016
6667 0.000020
6668 0.000007
6669 0.000017
6670 0.000031
6671 0.000025
6672 0.000009
6673 0.000016
6674 0.000038
6675 0.000018
6676 0.000018
6677 0.000039
6678 0.000016
6679 0.000024
6680 0.000029
6681 0.000011
6682 0.000030
6683 0.000023
6684 0.000020
6685 0.000009
6686 0.000012
6687 0.000020
6688 0.000022
6689 0.000013
6690 0.000010
6691 0.000005
6692 0.000013
6693 0.000045
6694 0.000022
6695 0.000017
6696 0.000024
6697 0.000016
6698 0.000016
6699 0.000023
6700 0.000047
6701 0.000035
6702 0.000013
6703 0.000011
6704 0.000005
6705 0.000005
6706 0.000018
6707 0.000018
6708 0.000015
6709 0.000014
6710 0.000018
6711 0.000020
6712 0.000030
6713 0.000014
6714 0.000010
6715 0.000010
6716 0.000016
6717 0.000012
6718 0.000023
6719 0.000016
6720 0.000015
6721 0.000008
6722 0.000015
6723 0.000012
6724 0.000020
6725 0.000026
6726 0.000024
6727 0.000023
6728 0.000017
6729 0.000023
6730 0.000023
6731 0.000011
6732 0.000014
6733 0.000024
6734 0.000010
6735 0.000019
6736 0.000013
6737 0.000021
6738 0.000034
6739 0.000029
6740 0.000016
6741 0.000021
6742 0.000018
6743 0.000030
6744 0.000015
6745 0.000020
6746 0.000031
6747 0.000016
6748 0.000017
6749 0.000023
6750 0.000022
6751 0.000024
6752 0.000014
6753 0.000020
6754 0.000024
6755 0.000031
6756 0.000030
6757 0.000027
6758 0.000024
6759 0.000027
6760 0.000023
6761 0.000022
6762 0.000045
6763 0.000016
6764 0.000011
6765 0.000014
6766 0.000016
6767 0.000016
6768 0.000014
6769 0.000015
6770 0.000015
6771 0.000020
6772 0.000035
6773 0.000020
6774 0.000025
6775 0.000015
6776 0.000017
6777 0.000022
6778 0.000020
6779 0.000023
6780 0.000009
6781 0.000020
6782 0.000016
6783 0.000016
6784 0.000021
6785 0.000025
6786 0.000017
6787 0.000019
6788 0.000054
6789 0.000025
6790 0.000033
6791 0.000020
6792 0.000009
6793 0.000005
6794 0.000007
6795 0.000019
6796 0.000019
6797 0.000024
6798 0.000033
6799 0.000017
6800 0.000020
6801 0.000035
6802 0.000043
6803 0.000025
6804 0.000033
6805 0.000017
6806 0.000021
6807 0.000016
6808 0.000023
6809 0.000008
6810 0.000006
6811 0.000012
6812 0.000021
6813 0.000016
6814 0.000011
6815 0.000016
6816 0.000010
6817 0.000009
6818 0.000032
6819 0.000018
6820 0.000020
6821 0.000020
6822 0.000014
6823 0.000032
6824 0.000016
6825 0.000008
6826 0.000008
6827 0.000010
6828 0.000019
6829 0.000026
6830 0.000018
6831 0.000015
6832 0.000017
6833 0.000017
6834 0.000027
6835 0.000037
6836 0.000015
6837 0.000020
6838 0.000025
6839 0.000020
6840 0.000014
6841 0.000034
6842 0.000037
6843 0.000026
6844 0.000008
6845 0.000016
6846 0.000017
6847 0.000025
6848 0.000015
6849 0.000024
6850 0.000040
6851 0.000038
6852 0.000028
6853 0.000038
6854 0.000021
6855 0.000034
6856 0.000023
6857 0.000026
6858 0.000014
6859 0.000016
6860 0.000020
6861 0.000019
6862 0.000033
6863 0.000022
6864 0.000024
6865 0.000025
6866 0.000017
6867 0.000015
6868 0.000030
6869 0.000020
6870 0.000009
6871 0.000011
6872 0.000010
6873 0.000019
6874 0.000006
6875 0.000008
6876 0.000011
6877 0.000009
6878 0.000016
6879 0.000020
6880 0.000012
6881 0.000014
6882 0.000005
6883 0.000021
6884 0.000018
6885 0.000016
6886 0.000017
6887 0.000022
6888 0.000033
6889 0.000014
6890 0.000023
6891 0.000014
6892 0.000006
6893 0.000014
6894 0.000025
6895 0.000057
6896 0.000017
6897 0.000026
6898 0.000018
6899 0.000024
6900 0.000020
6901 0.000010
6902 0.000043
6903 0.000044
6904 0.000012
6905 0.000011
6906 0.000016
6907 0.000012
6908 0.000014
6909 0.000015
6910 0.000023
6911 0.000017
6912 0.000029
6913 0.000009
6914 0.000017
6915 0.000030
6916 0.000015
6917 0.000010
6918 0.000016
6919 0.000014
6920 0.000010
6921 0.000009
6922 0.000007
6923 0.000009
6924 0.000019
6925 0.000030
6926 0.000037
6927 0.000028
6928 0.000023
6929 0.000015
6930 0.000014
6931 0.000022
6932 0.000023
6933 0.000030
6934 0.000012
6935 0.000013
6936 0.000020
6937 0.000026
6938 0.000041
6939 0.000028
6940 0.000022
6941 0.000021
6942 0.000017
6943 0.000008
6944 0.000005
6945 0.000017
6946 0.000015
6947 0.000009
6948 0.000042
6949 0.000023
6950 0.000018
6951 0.000051
6952 0.000030
6953 0.000009
6954 0.000024
6955 0.000031
6956 0.000019
6957 0.000026
6958 0.000013
6959 0.000023
6960 0.000013
6961 0.000016
6962 0.000015
6963 0.000009
6964 0.000005
6965 0.000006
6966 0.000014
6967 0.000010
6968 0.000019
6969 0.000021
6970 0.000019
6971 0.000025
6972 0.000027
6973 0.000010
6974 0.000015
6975 0.000023
6976 0.000038
6977 0.000035
6978 0.000015
6979 0.000019
6980 0.000012
6981 0.000016
6982 0.000017
6983 0.000011
6984 0.000006
6985 0.000025
6986 0.000042
6987 0.000017
6988 0.000011
6989 0.000030
6990 0.000013
6991 0.000007
6992 0.000012
6993 0.000009
6994 0.000009
6995 0.000014
6996 0.000023
6997 0.000026
6998 0.000051
6999 0.000049
7000 0.000062
7001 0.000070
7002 0.000051
7003 0.000059
7004 0.000028
7005 0.000020
7006 0.000022
7007 0.000008
7008 0.000011
7009 0.000019
7010 0.000006
7011 0.000028
7012 0.000029
7013 0.000015
7014 0.000018
7015 0.000026
7016 0.000020
7017 0.000021
7018 0.000029
7019 0.000014
7020 0.000033
7021 0.000012
7022 0.000017
7023 0.000017
7024 0.000010
7025 0.000018
7026 0.000019
7027 0.000026
7028 0.000014
7029 0.000030
7030 0.000017
7031 0.000020
7032 0.000021
7033 0.000012
7034 0.000019
7035 0.000011
7036 0.000011
7037 0.000005
7038 0.000004
7039 0.000026
7040 0.000016
7041 0.000016
7042 0.000007
7043 0.000017
7044 0.000016
7045 0.000016
7046 0.000023
7047 0.000011
7048 0.000012
7049 0.000022
7050 0.000016
7051 0.000022
7052 0.000016
7053 0.000031
7054 0.000012
7055 0.000012
7056 0.000036
7057 0.000028
7058 0.000008
7059 0.000013
7060 0.000020
7061 0.000013
7062 0.000010
7063 0.000010
7064 0.000009
7065 0.000010
7066 0.000011
7067 0.000010
7068 0.000020
7069 0.000028
7070 0.000018
7071 0.000027
7072 0.000037
7073 0.000047
7074 0.000058
7075 0.000033
7076 0.000014
7077 0.000017
7078 0.000020
7079 0.000025
7080 0.000019
7081 0.000013
7082 0.000011
7083 0.000012
7084 0.000021
7085 0.000014
7086 0.000006
7087 0.000014
7088 0.000013
7089 0.000007
7090 0.000014
7091 0.000015
7092 0.000013
7093 0.000028
7094 0.000020
7095 0.000013
7096 0.000020
7097 0.000012
7098 0.000015
7099 0.000013
7100 0.000028
7101 0.000023
7102 0.000023
7103 0.000020
7104 0.000018
7105 0.000017
7106 0.000043
7107 0.000031
7108 0.000035
7109 0.000035
7110 0.000017
7111 0.000045
7112 0.000038
7113 0.000010
7114 0.000005
7115 0.000009
7116 0.000011
7117 0.000019
7118 0.000025
7119 0.000015
7120 0.000013
7121 0.000020
7122 0.000038
7123 0.000021
7124 0.000019
7125 0.000028
7126 0.000019
7127 0.000013
7128 0.000024
7129 0.000013
7130 0.000016
7131 0.000012
7132 0.000007
7133 0.000016
7134 0.000033
7135 0.000037
7136 0.000014
7137 0.000028
7138 0.000019
7139 0.000022
7140 0.000032
7141 0.000025
7142 0.000016
7143 0.000038
7144 0.000015
7145 0.000019
7146 0.000023
7147 0.000012
7148 0.000012
7149 0.000043
7150 0.000027
7151 0.000031
7152 0.000016
7153 0.000034
7154 0.000023
7155 0.000031
7156 0.000026
7157 0.000016
7158 0.000016
7159 0.000019
7160 0.000023
7161 0.000012
7162 0.000016
7163 0.000014
7164 0.000025
7165 0.000037
7166 0.000020
7167 0.000014
7168 0.000017
7169 0.000009
7170 0.000020
7171 0.000042
7172 0.000023
7173 0.000029
7174 0.000014
7175 0.000011
7176 0.000013
7177 0.000023
7178 0.000016
7179 0.000014
7180 0.000019
7181 0.000021
7182 0.000007
7183 0.000020
7184 0.000019
7185 0.000006
7186 0.000004
7187 0.000017
7188 0.000027
7189 0.000012
7190 0.000024
7191 0.000027
7192 0.000014
7193 0.000018
7194 0.000015
7195 0.000018
7196 0.000022
7197 0.000022
7198 0.000009
7199 0.000009
7200 0.000014
7201 0.000012
7202 0.000050
7203 0.000017
7204 0.000030
7205 0.000016
7206 0.000039
7207 0.000036
7208 0.000016
7209 0.000008
7210 0.000021
7211 0.000011
7212 0.000025
7213 0.000019
7214 0.000041
7215 0.000031
7216 0.000010
7217 0.000008
7218 0.000007
7219 0.000004
7220 0.000008
7221 0.000009
7222 0.000011
7223 0.000008
7224 0.000017
7225 0.000014
7226 0.000011
7227 0.000016
7228 0.000007
7229 0.000009
7230 0.000010
7231 0.000018
7232 0.000029
7233 0.000033
7234 0.000028
7235 0.000019
7236 0.000022
7237 0.000034
7238 0.000014
7239 0.000018
7240 0.000014
7241 0.000010
7242 0.000032
7243 0.000022
7244 0.000021
7245 0.000033
7246 0.000039
7247 0.000039
7248 0.000042
7249 0.000019
7250 0.000009
7251 0.000010
7252 0.000018
7253 0.000018
7254 0.000036
7255 0.000030
7256 0.000019
7257 0.000035
7258 0.000018
7259 0.000029
7260 0.000032
7261 0.000026
7262 0.000015
7263 0.000031
7264 0.000028
7265 0.000035
7266 0.000013
7267 0.000044
7268 0.000023
7269 0.000017
7270 0.000010
7271 0.000012
7272 0.000005
7273 0.000018
7274 0.000018
7275 0.000022
7276 0.000062
7277 0.000042
7278 0.000023
7279 0.000013
7280 0.000020
7281 0.000012
7282 0.000030
7283 0.000009
7284 0.000031
7285 0.000029
7286 0.000023
7287 0.000008
7288 0.000015
7289 0.000023
7290 0.000010
7291 0.000011
7292 0.000027
7293 0.000011
7294 0.000017
7295 0.000008
7296 0.000021
7297 0.000014
7298 0.000034
7299 0.000015
7300 0.000037
7301 0.000013
7302 0.000026
7303 0.000033
7304 0.000017
7305 0.000009
7306 0.000025
7307 0.000033
7308 0.000027
7309 0.000015
7310 0.000012
7311 0.000026
7312 0.000011
7313 0.000014
7314 0.000008
7315 0.000019
7316 0.000022
7317 0.000026
7318 0.000028
7319 0.000031
7320 0.000020
7321 0.000020
7322 0.000015
7323 0.000027
7324 0.000029
7325 0.000012
7326 0.000026
7327 0.000026
7328 0.000018
7329 0.000036
7330 0.000021
7331 0.000009
7332 0.000019
7333 0.000011
7334 0.000017
7335 0.000005
7336 0.000004
7337 0.000004
7338 0.000008
7339 0.000027
7340 0.000014
7341 0.000012
7342 0.000010
7343 0.000019
7344 0.000026
7345 0.000022
7346 0.000020
7347 0.000030
7348 0.000035
7349 0.000017
7350 0.000008
7351 0.000008
7352 0.000025
7353 0.000032
7354 0.000020
7355 0.000022
7356 0.000018
7357 0.000023
7358 0.000031
7359 0.000036
7360 0.000014
7361 0.000024
7362 0.000028
7363 0.000032
7364 0.000017
7365 0.000008
7366 0.000018
7367 0.000025
7368 0.000010
7369 0.000013
7370 0.000036
7371 0.000022
7372 0.000034
7373 0.000043
7374 0.000026
7375 0.000030
7376 0.000014
7377 0.000020
7378 0.000020
7379 0.000008
7380 0.000013
7381 0.000025
7382 0.000018
7383 0.000017
7384 0.000011
7385 0.000019
7386 0.000026
7387 0.000021
7388 0.000022
7389 0.000028
7390 0.000032
7391 0.000022
7392 0.000031
7393 0.000029
7394 0.000009
7395 0.000009
7396 0.000007
7397 0.000018
7398 0.000023
7399 0.000016
7400 0.000006
7401 0.000013
7402 0.000019
7403 0.000009
7404 0.000010
7405 0.000018
7406 0.000014
7407 0.000021
7408 0.000025
7409 0.000010
7410 0.000020
7411 0.000009
7412 0.000024
7413 0.000020
7414 0.000015
7415 0.000031
7416 0.000012
7417 0.000036
7418 0.000020
7419 0.000020
7420 0.000016
7421 0.000006
7422 0.000010
7423 0.000016
7424 0.000016
7425 0.000006
7426 0.000008
7427 0.000025
7428 0.000017
7429 0.000016
7430 0.000010
7431 0.000033
7432 0.000015
7433 0.000014
7434 0.000013
7435 0.000019
7436 0.000026
7437 0.000029
7438 0.000010
7439 0.000012
7440 0.000016
7441 0.000028
7442 0.000027
7443 0.000016
7444 0.000024
7445 0.000008
7446 0.000010
7447 0.000010
7448 0.000012
7449 0.000034
7450 0.000020
7451 0.000009
7452 0.000008
7453 0.000014
7454 0.000019
7455 0.000013
7456 0.000020
7457 0.000028
7458 0.000021
7459 0.000009
7460 0.000022
7461 0.000011
7462 0.000013
7463 0.000018
7464 0.000041
7465 0.000023
7466 0.000008
7467 0.000015
7468 0.000023
7469 0.000028
7470 0.000009
7471 0.000024
7472 0.000023
7473 0.000008
7474 0.000012
7475 0.000006
7476 0.000004
7477 0.000007
7478 0.000024
7479 0.000006
7480 0.000014
7481 0.000020
7482 0.000016
7483 0.000016
7484 0.000020
7485 0.000018
7486 0.000029
7487 0.000014
7488 0.000032
7489 0.000025
7490 0.000013
7491 0.000025
7492 0.000019
7493 0.000008
7494 0.000016
7495 0.000014
7496 0.000011
7497 0.000018
7498 0.000010
7499 0.000031
7500 0.000036
7501 0.000033
7502 0.000025
7503 0.000015
7504 0.000019
7505 0.000020
7506 0.000015
7507 0.000023
7508 0.000020
7509 0.000030
7510 0.000031
7511 0.000014
7512 0.000009
7513 0.000011
7514 0.000023
7515 0.000027
7516 0.000020
7517 0.000013
7518 0.000025
7519 0.000014
7520 0.000006
7521 0.000012
7522 0.000009
7523 0.000010
7524 0.000018
7525 0.000014
7526 0.000020
7527 0.000013
7528 0.000007
7529 0.000004
7530 0.000015
7531 0.000009
7532 0.000016
7533 0.000014
7534 0.000009
7535 0.000014
7536 0.000015
7537 0.000024
7538 0.000045
7539 0.000017
7540 0.000006
7541 0.000029
7542 0.000016
7543 0.000029
7544 0.000022
7545 0.000023
7546 0.000017
7547 0.000020
7548 0.000025
7549 0.000053
7550 0.000018
7551 0.000016
7552 0.000008
7553 0.000015
7554 0.000028
7555 0.000029
7556 0.000019
7557 0.000013
7558 0.000026
7559 0.000029
7560 0.000026
7561 0.000017
7562 0.000017
7563 0.000021
7564 0.000016
7565 0.000020
7566 0.000032
7567 0.000017
7568 0.000010
7569 0.000018
7570 0.000017
7571 0.000013
7572 0.000016
7573 0.000019
7574 0.000040
7575 0.000020
7576 0.000021
7577 0.000046
7578 0.000049
7579 0.000052
7580 0.000047
7581 0.000028
7582 0.000018
7583 0.000014
7584 0.000028
7585 0.000027
7586 0.000010
7587 0.000019
7588 0.000023
7589 0.000034
7590 0.000053
7591 0.000030
7592 0.000026
7593 0.000033
7594 0.000032
7595 0.000048
7596 0.000031
7597 0.000013
7598 0.000016
7599 0.000010
7600 0.000009
7601 0.000023
7602 0.000023
7603 0.000011
7604 0.000016
7605 0.000020
7606 0.000032
7607 0.000019
7608 0.000020
7609 0.000017
7610 0.000010
7611 0.000024
7612 0.000013
7613 0.000016
7614 0.000011
7615 0.000020
7616 0.000013
7617 0.000009
7618 0.000011
7619 0.000027
7620 0.000046
7621 0.000021
7622 0.000022
7623 0.000012
7624 0.000016
7625 0.000012
7626 0.000019
7627 0.000011
7628 0.000019
7629 0.000035
7630 0.000022
7631 0.000009
7632 0.000038
7633 0.000040
7634 0.000017
7635 0.000022
7636 0.000013
7637 0.000017
7638 0.000014
7639 0.000013
7640 0.000009
7641 0.000012
7642 0.000012
7643 0.000025
7644 0.000008
7645 0.000040
7646 0.000014
7647 0.000012
7648 0.000016
7649 0.000006
7650 0.000010
7651 0.000009
7652 0.000028
7653 0.000029
7654 0.000021
7655 0.000014
7656 0.000013
7657 0.000014
7658 0.000008
7659 0.000005
7660 0.000013
7661 0.000014
7662 0.000016
7663 0.000040
7664 0.000023
7665 0.000006
7666 0.000019
7667 0.000019
7668 0.000029
7669 0.000011
7670 0.000012
7671 0.000014
7672 0.000020
7673 0.000013
7674 0.000014
7675 0.000020
7676 0.000027
7677 0.000039
7678 0.000045
7679 0.000022
7680 0.000014
7681 0.000026
7682 0.000023
7683 0.000017
7684 0.000008
7685 0.000025
7686 0.000026
7687 0.000027
7688 0.000032
7689 0.000023
7690 0.000013
7691 0.000006
7692 0.000013
7693 0.000016
7694 0.000021
7695 0.000040
7696 0.000037
7697 0.000029
7698 0.000015
7699 0.000025
7700 0.000029
7701 0.000011
7702 0.000018
7703 0.000008
7704 0.000005
7705 0.000009
7706 0.000020
7707 0.000021
7708 0.000014
7709 0.000011
7710 0.000044
7711 0.000016
7712 0.000017
7713 0.000012
7714 0.000016
7715 0.000014
7716 0.000018
7717 0.000031
7718 0.000023
7719 0.000024
7720 0.000043
7721 0.000039
7722 0.000035
7723 0.000044
7724 0.000020
7725 0.000027
7726 0.000022
7727 0.000023
7728 0.000051
7729 0.000062
7730 0.000034
7731 0.000016
7732 0.000005
7733 0.000024
7734 0.000008
7735 0.000004
7736 0.000011
7737 0.000019
7738 0.000030
7739 0.000011
7740 0.000013
7741 0.000015
7742 0.000007
7743 0.000007
7744 0.000011
7745 0.000012
7746 0.000011
7747 0.000015
7748 0.000022
7749 0.000014
7750 0.000007
7751 0.000029
7752 0.000008
7753 0.000015
7754 0.000013
7755 0.000012
7756 0.000017
7757 0.000013
7758 0.000022
7759 0.000024
7760 0.000013
7761 0.000009
7762 0.000018
7763 0.000012
7764 0.000010
7765 0.000011
7766 0.000028
7767 0.000046
7768 0.000030
7769 0.000051
7770 0.000016
7771 0.000031
7772 0.000019
7773 0.000013
7774 0.000018
7775 0.000019
7776 0.000015
7777 0.000009
7778 0.000011
7779 0.000012
7780 0.000018
7781 0.000022
7782 0.000015
7783 0.000021
7784 0.000016
7785 0.000021
7786 0.000013
7787 0.000024
7788 0.000022
7789 0.000020
7790 0.000051
7791 0.000016
7792 0.000020
7793 0.000030
7794 0.000019
7795 0.000006
7796 0.000010
7797 0.000004
7798 0.000013
7799 0.000026
7800 0.000020
7801 0.000013
7802 0.000013
7803 0.000013
7804 0.000011
7805 0.000021
7806 0.000019
7807 0.000024
7808 0.000029
7809 0.000011
7810 0.000018
7811 0.000009
7812 0.000008
7813 0.000019
7814 0.000017
7815 0.000020
7816 0.000022
7817 0.000007
7818 0.000008
7819 0.000034
7820 0.000018
7821 0.000024
7822 0.000010
7823 0.000018
7824 0.000018
7825 0.000017
7826 0.000016
7827 0.000014
7828 0.000014
7829 0.000014
7830 0.000018
7831 0.000026
7832 0.000036
7833 0.000019
7834 0.000013
7835 0.000035
7836 0.000037
7837 0.000024
7838 0.000025
7839 0.000018
7840 0.000062
7841 0.000029
7842 0.000039
7843 0.000026
7844 0.000022
7845 0.000021
7846 0.000018
7847 0.000029
7848 0.000027
7849 0.000021
7850 0.000014
7851 0.000034
7852 0.000028
7853 0.000014
7854 0.000023
7855 0.000030
7856 0.000020
7857 0.000012
7858 0.000013
7859 0.000014
7860 0.000015
7861 0.000026
7862 0.000030
7863 0.000015
7864 0.000021
7865 0.000034
7866 0.000035
7867 0.000010
7868 0.000005
7869 0.000020
7870 0.000019
7871 0.000029
7872 0.000040
7873 0.000024
7874 0.000021
7875 0.000024
7876 0.000024
7877 0.000026
7878 0.000013
7879 0.000034
7880 0.000039
7881 0.000025
7882 0.000028
7883 0.000026
7884 0.000017
7885 0.000015
7886 0.000022
7887 0.000020
7888 0.000007
7889 0.000020
7890 0.000010
7891 0.000037
7892 0.000011
7893 0.000006
7894 0.000009
7895 0.000009
7896 0.000018
7897 0.000018
7898 0.000015
7899 0.000016
7900 0.000020
7901 0.000010
7902 0.000017
7903 0.000025
7904 0.000024
7905 0.000015
7906 0.000027
7907 0.000030
7908 0.000023
7909 0.000011
7910 0.000009
7911 0.000019
7912 0.000039
7913 0.000029
7914 0.000028
7915 0.000014
7916 0.000020
7917 0.000006
7918 0.000015
7919 0.000007
7920 0.000012
7921 0.000042
7922 0.000027
7923 0.000019
7924 0.000018
7925 0.000054
7926 0.000055
7927 0.000023
7928 0.000031
7929 0.000014
7930 0.000019
7931 0.000018
7932 0.000020
7933 0.000006
7934 0.000005
7935 0.000004
7936 0.000011
7937 0.000015
7938 0.000026
7939 0.000022
7940 0.000012
7941 0.000036
7942 0.000030
7943 0.000019
7944 0.000011
7945 0.000030
7946 0.000038
7947 0.000042
7948 0.000015
7949 0.000020
7950 0.000013
7951 0.000020
7952 0.000022
7953 0.000012
7954 0.000018
7955 0.000017
7956 0.000019
7957 0.000021
7958 0.000013
7959 0.000018
7960 0.000020
7961 0.000021
7962 0.000015
7963 0.000005
7964 0.000007
7965 0.000008
7966 0.000010
7967 0.000013
7968 0.000017
7969 0.000006
7970 0.000004
7971 0.000016
7972 0.000020
7973 0.000018
7974 0.000015
7975 0.000022
7976 0.000023
7977 0.000013
7978 0.000008
7979 0.000039
7980 0.000020
7981 0.000017
7982 0.000009
7983 0.000019
7984 0.000033
7985 0.000020
7986 0.000012
7987 0.000023
7988 0.000026
7989 0.000028
7990 0.000020
7991 0.000012
7992 0.000018
7993 0.000014
7994 0.000013
7995 0.000010
7996 0.000023
7997 0.000019
7998 0.000007
7999 0.000011
8000 0.000052
8001 0.000025
8002 0.000028
8003 0.000032
8004 0.000016
8005 0.000018
8006 0.000032
8007 0.000013
8008 0.000011
8009 0.000016
8010 0.000019
8011 0.000023
8012 0.000018
8013 0.000022
8014 0.000008
8015 0.000017
8016 0.000029
8017 0.000033
8018 0.000036
8019 0.000028
8020 0.000023
8021 0.000012
8022 0.000043
8023 0.000030
8024 0.000023
8025 0.000042
8026 0.000049
8027 0.000022
8028 0.000033
8029 0.000041
8030 0.000017
8031 0.000008
8032 0.000027
8033 0.000011
8034 0.000015
8035 0.000011
8036 0.000037
8037 0.000032
8038 0.000011
8039 0.000015
8040 0.000034
8041 0.000010
8042 0.000023
8043 0.000020
8044 0.000010
8045 0.000022
8046 0.000024
8047 0.000028
8048 0.000020
8049 0.000023
8050 0.000018
8051 0.000013
8052 0.000021
8053 0.000009
8054 0.000022
8055 0.000011
8056 0.000014
8057 0.000016
8058 0.000006
8059 0.000014
8060 0.000017
8061 0.000009
8062 0.000008
8063 0.000027
8064 0.000020
8065 0.000020
8066 0.000010
8067 0.000012
8068 0.000020
8069 0.000018
8070 0.000015
8071 0.000023
8072 0.000032
8073 0.000022
8074 0.000043
8075 0.000039
8076 0.000036
8077 0.000025
8078 0.000028
8079 0.000042
8080 0.000038
8081 0.000013
8082 0.000015
8083 0.000014
8084 0.000019
8085 0.000026
8086 0.000034
8087 0.000014
8088 0.000021
8089 0.000030
8090 0.000016
8091 0.000027
8092 0.000020
8093 0.000042
8094 0.000050
8095 0.000057
8096 0.000083
8097 0.000021
8098 0.000011
8099 0.000019
8100 0.000021
8101 0.000021
8102 0.000024
8103 0.000020
8104 0.000024
8105 0.000018
8106 0.000023
8107 0.000029
8108 0.000021
8109 0.000031
8110 0.000018
8111 0.000016
8112 0.000026
8113 0.000014
8114 0.000010
8115 0.000011
8116 0.000010
8117 0.000013
8118 0.000033
8119 0.000021
8120 0.000018
8121 0.000015
8122 0.000017
8123 0.000019
8124 0.000016
8125 0.000019
8126 0.000013
8127 0.000009
8128 0.000009
8129 0.000009
8130 0.000010
8131 0.000010
8132 0.000012
8133 0.000019
8134 0.000009
8135 0.000005
8136 0.000024
8137 0.000027
8138 0.000019
8139 0.000024
8140 0.000023
8141 0.000023
8142 0.000014
8143 0.000018
8144 0.000016
8145 0.000024
8146 0.000021
8147 0.000020
8148 0.000012
8149 0.000012
8150 0.000009
8151 0.000023
8152 0.000029
8153 0.000038
8154 0.000022
8155 0.000014
8156 0.000020
8157 0.000021
8158 0.000022
8159 0.000016
8160 0.000013
8161 0.000025
8162 0.000022
8163 0.000014
8164 0.000025
8165 0.000029
8166 0.000019
8167 0.000021
8168 0.000028
8169 0.000029
8170 0.000020
8171 0.000014
8172 0.000007
8173 0.000027
8174 0.000013
8175 0.000012
8176 0.000019
8177 0.000015
8178 0.000029
8179 0.000015
8180 0.000013
8181 0.000005
8182 0.000010
8183 0.000010
8184 0.000014
8185 0.000045
8186 0.000026
8187 0.000033
8188 0.000034
8189 0.000032
8190 0.000021
8191 0.000020
8192 0.000039
8193 0.000050
8194 0.000032
8195 0.000021
8196 0.000032
8197 0.000034
8198 0.000015
8199 0.000008
8200 0.000012
8201 0.000014
8202 0.000016
8203 0.000016
8204 0.000016
8205 0.000010
8206 0.000008
8207 0.000049
8208 0.000054
8209 0.000033
8210 0.000017
8211 0.000030
8212 0.000023
8213 0.000014
8214 0.000009
8215 0.000007
8216 0.000011
8217 0.000022
8218 0.000033
8219 0.000019
8220 0.000017
8221 0.000006
8222 0.000010
8223 0.000019
8224 0.000006
8225 0.000007
8226 0.000021
8227 0.000032
8228 0.000048
8229 0.000028
8230 0.000020
8231 0.000060
8232 0.000015
8233 0.000032
8234 0.000039
8235 0.000055
8236 0.000030
8237 0.000009
8238 0.000019
8239 0.000029
8240 0.000037
8241 0.000021
8242 0.000021
8243 0.000016
8244 0.000014
8245 0.000021
8246 0.000022
8247 0.000035
8248 0.000031
8249 0.000042
8250 0.000012
8251 0.000022
8252 0.000016
8253 0.000006
8254 0.000013
8255 0.000026
8256 0.000016
8257 0.000009
8258 0.000017
8259 0.000039
8260 0.000035
8261 0.000028
8262 0.000012
8263 0.000015
8264 0.000028
8265 0.000023
8266 0.000026
8267 0.000024
8268 0.000039
8269 0.000043
8270 0.000052
8271 0.000029
8272 0.000029
8273 0.000019
8274 0.000009
8275 0.000026
8276 0.000035
8277 0.000032
8278 0.000016
8279 0.000019
8280 0.000033
8281 0.000017
8282 0.000010
8283 0.000021
8284 0.000007
8285 0.000014
8286 0.000012
8287 0.000018
8288 0.000021
8289 0.000033
8290 0.000029
8291 0.000015
8292 0.000010
8293 0.000034
8294 0.000022
8295 0.000017
8296 0.000028
8297 0.000015
8298 0.000005
8299 0.000014
8300 0.000019
8301 0.000018
8302 0.000008
8303 0.000004
8304 0.000016
8305 0.000045
8306 0.000054
8307 0.000027
8308 0.000009
8309 0.000013
8310 0.000015
8311 0.000020
8312 0.000016
8313 0.000012
8314 0.000034
8315 0.000020
8316 0.000013
8317 0.000021
8318 0.000015
8319 0.000017
8320 0.000025
8321 0.000017
8322 0.000010
8323 0.000020
8324 0.000011
8325 0.000008
8326 0.000015
8327 0.000006
8328 0.000017
8329 0.000019
8330 0.000030
8331 0.000035
8332 0.000028
8333 0.000013
8334 0.000008
8335 0.000009
8336 0.000007
8337 0.000017
8338 0.000010
8339 0.000010
8340 0.000015
8341 0.000011
8342 0.000008
8343 0.000008
8344 0.000006
8345 0.000024
8346 0.000022
8347 0.000019
8348 0.000010
8349 0.000027
8350 0.000035
8351 0.000027
8352 0.000028
8353 0.000038
8354 0.000021
8355 0.000012
8356 0.000026
8357 0.000022
8358 0.000010
8359 0.000008
8360 0.000014
8361 0.000024
8362 0.000010
8363 0.000024
8364 0.000024
8365 0.000008
8366 0.000008
8367 0.000005
8368 0.000012
8369 0.000035
8370 0.000031
8371 0.000016
8372 0.000012
8373 0.000010
8374 0.000035
8375 0.000032
8376 0.000027
8377 0.000011
8378 0.000021
8379 0.000017
8380 0.000010
8381 0.000025
8382 0.000026
8383 0.000033
8384 0.000044
8385 0.000013
8386 0.000015
8387 0.000019
8388 0.000008
8389 0.000010
8390 0.000009
8391 0.000014
8392 0.000009
8393 0.000012
8394 0.000029
8395 0.000018
8396 0.000018
8397 0.000027
8398 0.000017
8399 0.000007
8400 0.000016
8401 0.000009
8402 0.000008
8403 0.000008
8404 0.000015
8405 0.000014
8406 0.000009
8407 0.000009
8408 0.000007
8409 0.000015
8410 0.000026
8411 0.000027
8412 0.000021
8413 0.000014
8414 0.000016
8415 0.000008
8416 0.000016
8417 0.000032
8418 0.000034
8419 0.000016
8420 0.000006
8421 0.000009
8422 0.000012
8423 0.000006
8424 0.000011
8425 0.000015
8426 0.000023
8427 0.000020
8428 0.000029
8429 0.000020
8430 0.000031
8431 0.000018
8432 0.000039
8433 0.000028
8434 0.000013
8435 0.000020
8436 0.000015
8437 0.000019
8438 0.000017
8439 0.000030
8440 0.000033
8441 0.000020
8442 0.000016
8443 0.000010
8444 0.000007
8445 0.000006
8446 0.000007
8447 0.000047
8448 0.000033
8449 0.000021
8450 0.000010
8451 0.000021
8452 0.000011
8453 0.000029
8454 0.000015
8455 0.000010
8456 0.000010
8457 0.000017
8458 0.000022
8459 0.000013
8460 0.000019
8461 0.000031
8462 0.000040
8463 0.000018
8464 0.000013
8465 0.000021
8466 0.000009
8467 0.000011
8468 0.000005
8469 0.000013
8470 0.000016
8471 0.000007
8472 0.000005
8473 0.000006
8474 0.000023
8475 0.000025
8476 0.000015
8477 0.000021
8478 0.000011
8479 0.000011
8480 0.000021
8481 0.000010
8482 0.000007
8483 0.000024
8484 0.000012
8485 0.000021
8486 0.000024
8487 0.000048
8488 0.000033
8489 0.000022
8490 0.000027
8491 0.000039
8492 0.000039
8493 0.000026
8494 0.000025
8495 0.000010
8496 0.000026
8497 0.000015
8498 0.000006
8499 0.000022
8500 0.000020
8501 0.000021
8502 0.000017
8503 0.000024
8504 0.000026
8505 0.000012
8506 0.000007
8507 0.000012
8508 0.000006
8509 0.000005
8510 0.000021
8511 0.000012
8512 0.000019
8513 0.000018
8514 0.000026
8515 0.000022
8516 0.000026
8517 0.000047
8518 0.000016
8519 0.000027
8520 0.000019
8521 0.000026
8522 0.000019
8523 0.000011
8524 0.000016
8525 0.000009
8526 0.000008
8527 0.000005
8528 0.000018
8529 0.000019
8530 0.000016
8531 0.000024
8532 0.000010
8533 0.000007
8534 0.000006
8535 0.000008
8536 0.000006
8537 0.000027
8538 0.000027
8539 0.000028
8540 0.000024
8541 0.000010
8542 0.000024
8543 0.000028
8544 0.000035
8545 0.000032
8546 0.000018
8547 0.000031
8548 0.000018
8549 0.000013
8550 0.000007
8551 0.000011
8552 0.000014
8553 0.000017
8554 0.000013
8555 0.000015
8556 0.000012
8557 0.000026
8558 0.000026
8559 0.000016
8560 0.000018
8561 0.000018
8562 0.000011
8563 0.000015
8564 0.000013
8565 0.000007
8566 0.000008
8567 0.000005
8568 0.000027
8569 0.000023
8570 0.000032
8571 0.000046
8572 0.000028
8573 0.000043
8574 0.000025
8575 0.000023
8576 0.000017
8577 0.000032
8578 0.000025
8579 0.000019
8580 0.000010
8581 0.000030
8582 0.000008
8583 0.000008
8584 0.000011
8585 0.000016
8586 0.000025
8587 0.000022
8588 0.000013
8589 0.000026
8590 0.000038
8591 0.000011
8592 0.000008
8593 0.000008
8594 0.000025
8595 0.000023
8596 0.000020
8597 0.000036
8598 0.000028
8599 0.000024
8600 0.000023
8601 0.000017
8602 0.000029
8603 0.000028
8604 0.000009
8605 0.000010
8606 0.000017
8607 0.000036
8608 0.000023
8609 0.000018
8610 0.000017
8611 0.000025
8612 0.000016
8613 0.000006
8614 0.000031
8615 0.000023
8616 0.000018
8617 0.000020
8618 0.000023
8619 0.000007
8620 0.000008
8621 0.000010
8622 0.000023
8623 0.000016
8624 0.000023
8625 0.000040
8626 0.000037
8627 0.000025
8628 0.000024
8629 0.000015
8630 0.000013
8631 0.000007
8632 0.000011
8633 0.000026
8634 0.000054
8635 0.000026
8636 0.000020
8637 0.000006
8638 0.000031
8639 0.000012
8640 0.000027
8641 0.000025
8642 0.000027
8643 0.000018
8644 0.000024
8645 0.000038
8646 0.000020
8647 0.000018
8648 0.000008
8649 0.000008
8650 0.000006
8651 0.000007
8652 0.000017
8653 0.000016
8654 0.000008
8655 0.000005
8656 0.000017
8657 0.000014
8658 0.000026
8659 0.000021
8660 0.000013
8661 0.000012
8662 0.000015
8663 0.000010
8664 0.000010
8665 0.000015
8666 0.000028
8667 0.000014
8668 0.000013
8669 0.000010
8670 0.000019
8671 0.000019
8672 0.000024
8673 0.000019
8674 0.000035
8675 0.000029
8676 0.000026
8677 0.000036
8678 0.000028
8679 0.000033
8680 0.000017
8681 0.000021
8682 0.000019
8683 0.000016
8684 0.000037
8685 0.000037
8686 0.000015
8687 0.000016
8688 0.000018
8689 0.000012
8690 0.000017
8691 0.000019
8692 0.000023
8693 0.000025
8694 0.000028
8695 0.000022
8696 0.000009
8697 0.000025
8698 0.000038
8699 0.000015
8700 0.000023
8701 0.000030
8702 0.000021
8703 0.000025
8704 0.000017
8705 0.000028
8706 0.000027
8707 0.000037
8708 0.000051
8709 0.000014
8710 0.000012
8711 0.000017
8712 0.000029
8713 0.000030
8714 0.000027
8715 0.000031
8716 0.000022
8717 0.000012
8718 0.000010
8719 0.000019
8720 0.000027
8721 0.000011
8722 0.000024
8723 0.000029
8724 0.000033
8725 0.000022
8726 0.000039
8727 0.000015
8728 0.000014
8729 0.000010
8730 0.000036
8731 0.000037
8732 0.000046
8733 0.000021
8734 0.000026
8735 0.000022
8736 0.000022
8737 0.000019
8738 0.000010
8739 0.000013
8740 0.000014
8741 0.000015
8742 0.000009
8743 0.000026
8744 0.000016
8745 0.000019
8746 0.000026
8747 0.000017
8748 0.000016
8749 0.000014
8750 0.000014
8751 0.000020
8752 0.000012
8753 0.000029
8754 0.000027
8755 0.000013
8756 0.000010
8757 0.000007
8758 0.000008
8759 0.000005
8760 0.000013
8761 0.000013
8762 0.000014
8763 0.000007
8764 0.000006
8765 0.000008
8766 0.000007
8767 0.000005
8768 0.000013
8769 0.000012
8770 0.000014
8771 0.000022
8772 0.000032
8773 0.000055
8774 0.000034
8775 0.000024
8776 0.000029
8777 0.000017
8778 0.000008
8779 0.000022
8780 0.000019
8781 0.000011
8782 0.000030
8783 0.000023
8784 0.000026
8785 0.000024
8786 0.000020
8787 0.000024
8788 0.000024
8789 0.000031
8790 0.000026
8791 0.000017
8792 0.000024
8793 0.000014
8794 0.000024
8795 0.000018
8796 0.000021
8797 0.000007
8798 0.000016
8799 0.000022
8800 0.000011
8801 0.000013
8802 0.000008
8803 0.000019
8804 0.000016
8805 0.000038
8806 0.000039
8807 0.000022
8808 0.000020
8809 0.000024
8810 0.000015
8811 0.000008
8812 0.000017
8813 0.000006
8814 0.000017
8815 0.000026
8816 0.000028
8817 0.000015
8818 0.000006
8819 0.000016
8820 0.000023
8821 0.000023
8822 0.000041
8823 0.000032
8824 0.000017
8825 0.000016
8826 0.000010
8827 0.000006
8828 0.000016
8829 0.000008
8830 0.000006
8831 0.000011
8832 0.000024
8833 0.000025
8834 0.000015
8835 0.000012
8836 0.000033
8837 0.000014
8838 0.000019
8839 0.000032
8840 0.000023
8841 0.000026
8842 0.000022
8843 0.000016
8844 0.000031
8845 0.000033
8846 0.000022
8847 0.000008
8848 0.000019
8849 0.000026
8850 0.000015
8851 0.000027
8852 0.000018
8853 0.000007
8854 0.000013
8855 0.000012
8856 0.000012
8857 0.000010
8858 0.000005
8859 0.000018
8860 0.000015
8861 0.000023
8862 0.000019
8863 0.000015
8864 0.000015
8865 0.000012
8866 0.000011
8867 0.000013
8868 0.000008
8869 0.000010
8870 0.000006
8871 0.000008
8872 0.000006
8873 0.000010
8874 0.000012
8875 0.000017
8876 0.000012
8877 0.000047
8878 0.000022
8879 0.000020
8880 0.000018
8881 0.000022
8882 0.000040
8883 0.000032
8884 0.000026
8885 0.000032
8886 0.000013
8887 0.000014
8888 0.000013
8889 0.000011
8890 0.000012
8891 0.000028
8892 0.000009
8893 0.000024
8894 0.000019
8895 0.000009
8896 0.000043
8897 0.000031
8898 0.000017
8899 0.000020
8900 0.000023
8901 0.000024
8902 0.000019
8903 0.000023
8904 0.000018
8905 0.000011
8906 0.000016
8907 0.000014
8908 0.000017
8909 0.000018
8910 0.000022
8911 0.000019
8912 0.000015
8913 0.000020
8914 0.000023
8915 0.000016
8916 0.000008
8917 0.000007
8918 0.000013
8919 0.000016
8920 0.000011
8921 0.000020
8922 0.000009
8923 0.000021
8924 0.000017
8925 0.000026
8926 0.000025
8927 0.000033
8928 0.000020
8929 0.000016
8930 0.000024
8931 0.000013
8932 0.000009
8933 0.000005
8934 0.000018
8935 0.000008
8936 0.000026
8937 0.000021
8938 0.000038
8939 0.000014
8940 0.000005
8941 0.000026
8942 0.000017
8943 0.000018
8944 0.000019
8945 0.000021
8946 0.000034
8947 0.000016
8948 0.000043
8949 0.000040
8950 0.000009
8951 0.000021
8952 0.000020
8953 0.000018
8954 0.000031
8955 0.000030
8956 0.000024
8957 0.000019
8958 0.000009
8959 0.000018
8960 0.000010
8961 0.000016
8962 0.000007
8963 0.000005
8964 0.000019
8965 0.000022
8966 0.000012
8967 0.000018
8968 0.000016
8969 0.000032
8970 0.000024
8971 0.000019
8972 0.000025
8973 0.000010
8974 0.000026
8975 0.000035
8976 0.000013
8977 0.000034
8978 0.000027
8979 0.000058
8980 0.000018
8981 0.000014
8982 0.000018
8983 0.000016
8984 0.000034
8985 0.000025
8986 0.000020
8987 0.000027
8988 0.000042
8989 0.000009
8990 0.000013
8991 0.000007
8992 0.000010
8993 0.000012
8994 0.000023
8995 0.000038
8996 0.000029
8997 0.000033
8998 0.000013
8999 0.000031
9000 0.000033
9001 0.000041
9002 0.000028
9003 0.000036
9004 0.000020
9005 0.000019
9006 0.000034
9007 0.000012
9008 0.000018
9009 0.000043
9010 0.000028
9011 0.000042
9012 0.000033
9013 0.000017
9014 0.000006
9015 0.000017
9016 0.000010
9017 0.000010
9018 0.000020
9019 0.000013
9020 0.000038
9021 0.000016
9022 0.000053
9023 0.000027
9024 0.000011
9025 0.000005
9026 0.000015
9027 0.000023
9028 0.000025
9029 0.000021
9030 0.000024
9031 0.000040
9032 0.000025
9033 0.000010
9034 0.000014
9035 0.000009
9036 0.000019
9037 0.000006
9038 0.000019
9039 0.000009
9040 0.000014
9041 0.000015
9042 0.000022
9043 0.000010
9044 0.000015
9045 0.000028
9046 0.000039
9047 0.000020
9048 0.000029
9049 0.000035
9050 0.000029
9051 0.000017
9052 0.000023
9053 0.000022
9054 0.000018
9055 0.000019
9056 0.000012
9057 0.000009
9058 0.000017
9059 0.000018
9060 0.000010
9061 0.000013
9062 0.000022
9063 0.000037
9064 0.000011
9065 0.000017
9066 0.000009
9067 0.000016
9068 0.000018
9069 0.000023
9070 0.000019
9071 0.000017
9072 0.000016
9073 0.000011
9074 0.000016
9075 0.000022
9076 0.000016
9077 0.000018
9078 0.000007
9079 0.000015
9080 0.000013
9081 0.000035
9082 0.000033
9083 0.000031
9084 0.000042
9085 0.000037
9086 0.000055
9087 0.000018
9088 0.000009
9089 0.000008
9090 0.000017
9091 0.000018
9092 0.000016
9093 0.000007
9094 0.000005
9095 0.000016
9096 0.000018
9097 0.000011
9098 0.000015
9099 0.000011
9100 0.000019
9101 0.000024
9102 0.000024
9103 0.000028
9104 0.000015
9105 0.000016
9106 0.000006
9107 0.000009
9108 0.000020
9109 0.000024
9110 0.000015
9111 0.000005
9112 0.000031
9113 0.000010
9114 0.000020
9115 0.000011
9116 0.000010
9117 0.000005
9118 0.000013
9119 0.000024
9120 0.000030
9121 0.000020
9122 0.000025
9123 0.000021
9124 0.000013
9125 0.000017
9126 0.000024
9127 0.000021
9128 0.000012
9129 0.000024
9130 0.000021
9131 0.000035
9132 0.000032
9133 0.000009
9134 0.000033
9135 0.000015
9136 0.000013
9137 0.000014
9138 0.000016
9139 0.000016
9140 0.000020
9141 0.000026
9142 0.000017
9143 0.000013
9144 0.000007
9145 0.000007
9146 0.000024
9147 0.000010
9148 0.000015
9149 0.000013
9150 0.000017
9151 0.000017
9152 0.000027
9153 0.000017
9154 0.000019
9155 0.000046
9156 0.000057
9157 0.000040
9158 0.000017
9159 0.000010
9160 0.000010
9161 0.000007
9162 0.000024
9163 0.000037
9164 0.000030
9165 0.000024
9166 0.000017
9167 0.000016
9168 0.000012
9169 0.000007
9170 0.000021
9171 0.000023
9172 0.000019
9173 0.000015
9174 0.000022
9175 0.000015
9176 0.000036
9177 0.000039
9178 0.000017
9179 0.000022
9180 0.000013
9181 0.000009
9182 0.000011
9183 0.000012
9184 0.000009
9185 0.000005
9186 0.000031
9187 0.000045
9188 0.000026
9189 0.000030
9190 0.000027
9191 0.000016
9192 0.000012
9193 0.000019
9194 0.000018
9195 0.000021
9196 0.000019
9197 0.000016
9198 0.000017
9199 0.000008
9200 0.000012
9201 0.000032
9202 0.000021
9203 0.000008
9204 0.000017
9205 0.000020
9206 0.000057
9207 0.000013
9208 0.000010
9209 0.000010
9210 0.000004
9211 0.000004
9212 0.000008
9213 0.000008
9214 0.000009
9215 0.000006
9216 0.000017
9217 0.000013
9218 0.000009
9219 0.000036
9220 0.000016
9221 0.000009
9222 0.000028
9223 0.000021
9224 0.000033
9225 0.000035
9226 0.000025
9227 0.000010
9228 0.000013
9229 0.000024
9230 0.000013
9231 0.000010
9232 0.000011
9233 0.000021
9234 0.000007
9235 0.000012
9236 0.000026
9237 0.000035
9238 0.000032
9239 0.000017
9240 0.000016
9241 0.000023
9242 0.000040
9243 0.000020
9244 0.000022
9245 0.000012
9246 0.000010
9247 0.000004
9248 0.000007
9249 0.000020
9250 0.000015
9251 0.000011
9252 0.000009
9253 0.000015
9254 0.000006
9255 0.000010
9256 0.000013
9257 0.000015
9258 0.000015
9259 0.000022
9260 0.000028
9261 0.000018
9262 0.000007
9263 0.000015
9264 0.000021
9265 0.000017
9266 0.000018
9267 0.000020
9268 0.000012
9269 0.000010
9270 0.000013
9271 0.000014
9272 0.000016
9273 0.000010
9274 0.000013
9275 0.000028
9276 0.000020
9277 0.000028
9278 0.000037
9279 0.000024
9280 0.000014
9281 0.000009
9282 0.000018
9283 0.000018
9284 0.000032
9285 0.000020
9286 0.000009
9287 0.000016
9288 0.000047
9289 0.000048
9290 0.000035
9291 0.000018
9292 0.000017
9293 0.000022
9294 0.000016
9295 0.000016
9296 0.000012
9297 0.000018
9298 0.000032
9299 0.000031
9300 0.000025
9301 0.000012
9302 0.000017
9303 0.000009
9304 0.000010
9305 0.000015
9306 0.000023
9307 0.000010
9308 0.000031
9309 0.000019
9310 0.000015
9311 0.000019
9312 0.000025
9313 0.000014
9314 0.000012
9315 0.000008
9316 0.000016
9317 0.000037
9318 0.000027
9319 0.000027
9320 0.000031
9321 0.000034
9322 0.000017
9323 0.000023
9324 0.000029
9325 0.000041
9326 0.000021
9327 0.000017
9328 0.000015
9329 0.000010
9330 0.000014
9331 0.000008
9332 0.000009
9333 0.000017
9334 0.000014
9335 0.000032
9336 0.000014
9337 0.000020
9338 0.000019
9339 0.000029
9340 0.000023
9341 0.000017
9342 0.000019
9343 0.000017
9344 0.000018
9345 0.000032
9346 0.000017
9347 0.000015
9348 0.000019
9349 0.000026
9350 0.000023
9351 0.000013
9352 0.000030
9353 0.000025
9354 0.000017
9355 0.000010
9356 0.000021
9357 0.000021
9358 0.000026
9359 0.000010
9360 0.000022
9361 0.000020
9362 0.000020
9363 0.000010
9364 0.000006
9365 0.000008
9366 0.000022
9367 0.000019
9368 0.000016
9369 0.000016
9370 0.000019
9371 0.000034
9372 0.000053
9373 0.000053
9374 0.000014
9375 0.000012
9376 0.000022
9377 0.000033
9378 0.000037
9379 0.000064
9380 0.000032
9381 0.000029
9382 0.000022
9383 0.000018
9384 0.000020
9385 0.000020
9386 0.000026
9387 0.000024
9388 0.000010
9389 0.000017
9390 0.000011
9391 0.000017
9392 0.000010
9393 0.000013
9394 0.000008
9395 0.000009
9396 0.000007
9397 0.000009
9398 0.000021
9399 0.000015
9400 0.000037
9401 0.000051
9402 0.000028
9403 0.000018
9404 0.000015
9405 0.000014
9406 0.000012
9407 0.000018
9408 0.000011
9409 0.000019
9410 0.000043
9411 0.000030
9412 0.000035
9413 0.000018
9414 0.000021
9415 0.000009
9416 0.000022
9417 0.000016
9418 0.000014
9419 0.000012
9420 0.000019
9421 0.000035
9422 0.000016
9423 0.000019
9424 0.000015
9425 0.000010
9426 0.000028
9427 0.000015
9428 0.000010
9429 0.000004
9430 0.000031
9431 0.000028
9432 0.000012
9433 0.000013
9434 0.000026
9435 0.000018
9436 0.000012
9437 0.000021
9438 0.000035
9439 0.000018
9440 0.000019
9441 0.000011
9442 0.000008
9443 0.000026
9444 0.000042
9445 0.000027
9446 0.000011
9447 0.000010
9448 0.000012
9449 0.000026
9450 0.000010
9451 0.000014
9452 0.000006
9453 0.000027
9454 0.000014
9455 0.000020
9456 0.000028
9457 0.000024
9458 0.000008
9459 0.000018
9460 0.000028
9461 0.000032
9462 0.000034
9463 0.000021
9464 0.000062
9465 0.000086
9466 0.000024
9467 0.000007
9468 0.000018
9469 0.000014
9470 0.000033
9471 0.000019
9472 0.000015
9473 0.000006
9474 0.000007
9475 0.000024
9476 0.000028
9477 0.000027
9478 0.000024
9479 0.000017
9480 0.000038
9481 0.000020
9482 0.000014
9483 0.000037
9484 0.000026
9485 0.000019
9486 0.000010
9487 0.000022
9488 0.000009
9489 0.000015
9490 0.000023
9491 0.000028
9492 0.000020
9493 0.000013
9494 0.000017
9495 0.000023
9496 0.000030
9497 0.000028
9498 0.000025
9499 0.000029
9500 0.000022
9501 0.000012
9502 0.000020
9503 0.000024
9504 0.000013
9505 0.000005
9506 0.000012
9507 0.000005
9508 0.000018
9509 0.000049
9510 0.000011
9511 0.000022
9512 0.000018
9513 0.000031
9514 0.000029
9515 0.000012
9516 0.000013
9517 0.000023
9518 0.000014
9519 0.000009
9520 0.000037
9521 0.000023
9522 0.000026
9523 0.000051
9524 0.000025
9525 0.000022
9526 0.000030
9527 0.000028
9528 0.000032
9529 0.000030
9530 0.000044
9531 0.000020
9532 0.000023
9533 0.000032
9534 0.000028
9535 0.000017
9536 0.000009
9537 0.000007
9538 0.000020
9539 0.000019
9540 0.000016
9541 0.000015
9542 0.000010
9543 0.000008
9544 0.000020
9545 0.000007
9546 0.000019
9547 0.000022
9548 0.000033
9549 0.000041
9550 0.000025
9551 0.000018
9552 0.000007
9553 0.000008
9554 0.000016
9555 0.000016
9556 0.000011
9557 0.000014
9558 0.000012
9559 0.000016
9560 0.000019
9561 0.000011
9562 0.000021
9563 0.000015
9564 0.000014
9565 0.000016
9566 0.000020
9567 0.000021
9568 0.000012
9569 0.000019
9570 0.000018
9571 0.000010
9572 0.000009
9573 0.000014
9574 0.000030
9575 0.000021
9576 0.000026
9577 0.000021
9578 0.000040
9579 0.000012
9580 0.000035
9581 0.000038
9582 0.000019
9583 0.000011
9584 0.000010
9585 0.000032
9586 0.000025
9587 0.000022
9588 0.000025
9589 0.000014
9590 0.000017
9591 0.000021
9592 0.000032
9593 0.000019
9594 0.000011
9595 0.000015
9596 0.000017
9597 0.000006
9598 0.000022
9599 0.000042
9600 0.000042
9601 0.000016
9602 0.000019
9603 0.000018
9604 0.000013
9605 0.000016
9606 0.000017
9607 0.000041
9608 0.000031
9609 0.000036
9610 0.000042
9611 0.000054
9612 0.000034
9613 0.000033
9614 0.000016
9615 0.000019
9616 0.000030
9617 0.000016
9618 0.000012
9619 0.000021
9620 0.000028
9621 0.000020
9622 0.000020
9623 0.000020
9624 0.000007
9625 0.000019
9626 0.000026
9627 0.000015
9628 0.000019
9629 0.000016
9630 0.000010
9631 0.000014
9632 0.000017
9633 0.000013
9634 0.000018
9635 0.000008
9636 0.000027
9637 0.000034
9638 0.000069
9639 0.000032
9640 0.000017
9641 0.000022
9642 0.000041
9643 0.000020
9644 0.000017
9645 0.000026
9646 0.000028
9647 0.000034
9648 0.000012
9649 0.000014
9650 0.000011
9651 0.000022
9652 0.000020
9653 0.000022
9654 0.000022
9655 0.000036
9656 0.000013
9657 0.000011
9658 0.000019
9659 0.000019
9660 0.000011
9661 0.000014
9662 0.000020
9663 0.000028
9664 0.000010
9665 0.000024
9666 0.000008
9667 0.000015
9668 0.000015
9669 0.000008
9670 0.000012
9671 0.000018
9672 0.000007
9673 0.000011
9674 0.000012
9675 0.000009
9676 0.000021
9677 0.000018
9678 0.000008
9679 0.000013
9680 0.000030
9681 0.000020
9682 0.000006
9683 0.000008
9684 0.000018
9685 0.000029
9686 0.000023
9687 0.000022
9688 0.000011
9689 0.000018
9690 0.000026
9691 0.000016
9692 0.000014
9693 0.000024
9694 0.000010
9695 0.000022
9696 0.000022
9697 0.000007
9698 0.000006
9699 0.000008
9700 0.000015
9701 0.000022
9702 0.000018
9703 0.000021
9704 0.000023
9705 0.000037
9706 0.000012
9707 0.000020
9708 0.000011
9709 0.000035
9710 0.000022
9711 0.000021
9712 0.000021
9713 0.000040
9714 0.000012
9715 0.000020
9716 0.000025
9717 0.000032
9718 0.000035
9719 0.000013
9720 0.000025
9721 0.000045
9722 0.000034
9723 0.000050
9724 0.000033
9725 0.000018
9726 0.000018
9727 0.000018
9728 0.000020
9729 0.000032
9730 0.000036
9731 0.000019
9732 0.000014
9733 0.000026
9734 0.000018
9735 0.000006
9736 0.000015
9737 0.000018
9738 0.000032
9739 0.000042
9740 0.000018
9741 0.000020
9742 0.000018
9743 0.000024
9744 0.000025
9745 0.000018
9746 0.000021
9747 0.000015
9748 0.000007
9749 0.000019
9750 0.000009
9751 0.000014
9752 0.000015
9753 0.000015
9754 0.000019
9755 0.000022
9756 0.000022
9757 0.000009
9758 0.000011
9759 0.000010
9760 0.000028
9761 0.000028
9762 0.000033
9763 0.000017
9764 0.000024
9765 0.000029
9766 0.000011
9767 0.000005
9768 0.000010
9769 0.000015
9770 0.000015
9771 0.000012
9772 0.000015
9773 0.000026
9774 0.000017
9775 0.000018
9776 0.000026
9777 0.000007
9778 0.000023
9779 0.000018
9780 0.000023
9781 0.000040
9782 0.000060
9783 0.000026
9784 0.000012
9785 0.000017
9786 0.000010
9787 0.000017
9788 0.000028
9789 0.000030
9790 0.000012
9791 0.000020
9792 0.000022
9793 0.000028
9794 0.000019
9795 0.000008
9796 0.000007
9797 0.000010
9798 0.000009
9799 0.000017
9800 0.000026
9801 0.000015
9802 0.000013
9803 0.000007
9804 0.000018
9805 0.000031
9806 0.000015
9807 0.000027
9808 0.000021
9809 0.000030
9810 0.000024
9811 0.000033
9812 0.000016
9813 0.000010
9814 0.000009
9815 0.000014
9816 0.000011
9817 0.000018
9818 0.000016
9819 0.000016
9820 0.000024
9821 0.000008
9822 0.000017
9823 0.000014
9824 0.000017
9825 0.000020
9826 0.000024
9827 0.000011
9828 0.000017
9829 0.000015
9830 0.000012
9831 0.000031
9832 0.000018
9833 0.000006
9834 0.000007
9835 0.000008
9836 0.000007
9837 0.000016
9838 0.000020
9839 0.000018
9840 0.000029
9841 0.000016
9842 0.000006
9843 0.000014
9844 0.000014
9845 0.000019
9846 0.000025
9847 0.000010
9848 0.000008
9849 0.000023
9850 0.000022
9851 0.000026
9852 0.000015
9853 0.000013
9854 0.000017
9855 0.000031
9856 0.000024
9857 0.000019
9858 0.000022
9859 0.000019
9860 0.000033
9861 0.000012
9862 0.000006
9863 0.000007
9864 0.000016
9865 0.000005
9866 0.000017
9867 0.000018
9868 0.000010
9869 0.000009
9870 0.000016
9871 0.000014
9872 0.000033
9873 0.000009
9874 0.000008
9875 0.000021
9876 0.000014
9877 0.000024
9878 0.000024
9879 0.000028
9880 0.000015
9881 0.000007
9882 0.000013
9883 0.000015
9884 0.000038
9885 0.000017
9886 0.000021
9887 0.000026
9888 0.000033
9889 0.000026
9890 0.000022
9891 0.000027
9892 0.000011
9893 0.000039
9894 0.000016
9895 0.000018
9896 0.000007
9897 0.000009
9898 0.000019
9899 0.000030
9900 0.000019
9901 0.000015
9902 0.000007
9903 0.000015
9904 0.000023
9905 0.000015
9906 0.000011
9907 0.000007
9908 0.000023
9909 0.000009
9910 0.000010
9911 0.000011
9912 0.000015
9913 0.000021
9914 0.000031
9915 0.000032
9916 0.000026
9917 0.000021
9918 0.000023
9919 0.000022
9920 0.000008
9921 0.000005
9922 0.000009
9923 0.000012
9924 0.000007
9925 0.000022
9926 0.000030
9927 0.000038
9928 0.000027
9929 0.000018
9930 0.000014
9931 0.000005
9932 0.000026
9933 0.000026
9934 0.000019
9935 0.000037
9936 0.000020
9937 0.000029
9938 0.000025
9939 0.000018
9940 0.000031
9941 0.000032
9942 0.000040
9943 0.000015
9944 0.000010
9945 0.000012
9946 0.000013
9947 0.000019
9948 0.000011
9949 0.000012
9950 0.000031
9951 0.000017
9952 0.000023
9953 0.000021
9954 0.000042
9955 0.000041
9956 0.000035
9957 0.000032
9958 0.000020
9959 0.000022
9960 0.000039
9961 0.000055
9962 0.000020
9963 0.000022
9964 0.000022
9965 0.000014
9966 0.000013
9967 0.000009
9968 0.000026
9969 0.000039
9970 0.000032
9971 0.000009
9972 0.000016
9973 0.000028
9974 0.000044
9975 0.000029
9976 0.000011
9977 0.000015
9978 0.000040
9979 0.000015
9980 0.000013
9981 0.000005
9982 0.000022
9983 0.000037
9984 0.000037
9985 0.000047
9986 0.000013
9987 0.000033
9988 0.000034
9989 0.000026
9990 0.000027
9991 0.000010
9992 0.000006
9993 0.000022
9994 0.000029
9995 0.000010
9996 0.000010
9997 0.000037
9998 0.000025
9999 0.000017
10000 0.000022
10001 0.000027
10002 0.000014
10003 0.000015
10004 0.000030
10005 0.000024
10006 0.000019
10007 0.000015
10008 0.000010
10009 0.000013
10010 0.000007
10011 0.000009
10012 0.000007
10013 0.000011
10014 0.000015
10015 0.000011
10016 0.000014
10017 0.000009
10018 0.000020
10019 0.000019
10020 0.000015
10021 0.000013
10022 0.000016
10023 0.000015
10024 0.000023
10025 0.000016
10026 0.000024
10027 0.000027
10028 0.000022
10029 0.000010
10030 0.000034
10031 0.000021
10032 0.000039
10033 0.000021
10034 0.000024
10035 0.000026
10036 0.000013
10037 0.000023
10038 0.000051
10039 0.000032
10040 0.000018
10041 0.000027
10042 0.000013
10043 0.000016
10044 0.000028
10045 0.000021
10046 0.000009
10047 0.000024
10048 0.000022
10049 0.000027
10050 0.000032
10051 0.000008
10052 0.000005
10053 0.000024
10054 0.000011
10055 0.000027
10056 0.000017
10057 0.000010
10058 0.000013
10059 0.000009
10060 0.000010
10061 0.000006
10062 0.000012
10063 0.000007
10064 0.000006
10065 0.000023
10066 0.000031
10067 0.000024
10068 0.000018
10069 0.000027
10070 0.000008
10071 0.000020
10072 0.000022
10073 0.000011
10074 0.000033
10075 0.000023
10076 0.000013
10077 0.000005
10078 0.000014
10079 0.000024
10080 0.000016
10081 0.000034
10082 0.000029
10083 0.000024
10084 0.000040
10085 0.000046
10086 0.000036
10087 0.000016
10088 0.000010
10089 0.000024
10090 0.000057
10091 0.000022
10092 0.000014
10093 0.000036
10094 0.000026
10095 0.000016
10096 0.000019
10097 0.000029
10098 0.000026
10099 0.000017
10100 0.000023
10101 0.000032
10102 0.000018
10103 0.000023
10104 0.000041
10105 0.000020
10106 0.000011
10107 0.000019
10108 0.000009
10109 0.000010
10110 0.000012
10111 0.000027
10112 0.000011
10113 0.000008
10114 0.000017
10115 0.000009
10116 0.000011
10117 0.000008
10118 0.000015
10119 0.000006
10120 0.000021
10121 0.000006
10122 0.000010
10123 0.000005
10124 0.000015
10125 0.000017
10126 0.000024
10127 0.000028
10128 0.000008
10129 0.000023
10130 0.000015
10131 0.000014
10132 0.000007
10133 0.000011
10134 0.000014
10135 0.000010
10136 0.000014
10137 0.000044
10138 0.000022
10139 0.000016
10140 0.000017
10141 0.000032
10142 0.000014
10143 0.000024
10144 0.000010
10145 0.000015
10146 0.000029
10147 0.000036
10148 0.000032
10149 0.000018
10150 0.000023
10151 0.000015
10152 0.000012
10153 0.000017
10154 0.000020
10155 0.000010
10156 0.000025
10157 0.000030
10158 0.000040
10159 0.000021
10160 0.000027
10161 0.000034
10162 0.000014
10163 0.000028
10164 0.000015
10165 0.000032
10166 0.000020
10167 0.000026
10168 0.000007
10169 0.000014
10170 0.000012
10171 0.000019
10172 0.000024
10173 0.000023
10174 0.000020
10175 0.000012
10176 0.000014
10177 0.000028
10178 0.000022
10179 0.000023
10180 0.000025
10181 0.000025
10182 0.000034
10183 0.000014
10184 0.000018
10185 0.000031
10186 0.000014
10187 0.000020
10188 0.000027
10189 0.000036
10190 0.000022
10191 0.000014
10192 0.000023
10193 0.000019
10194 0.000027
10195 0.000023
10196 0.000028
10197 0.000038
10198 0.000037
10199 0.000024
10200 0.000006
10201 0.000023
10202 0.000020
10203 0.000023
10204 0.000021
10205 0.000044
10206 0.000045
10207 0.000039
10208 0.000021
10209 0.000023
10210 0.000018
10211 0.000022
10212 0.000029
10213 0.000027
10214 0.000030
10215 0.000010
10216 0.000012
10217 0.000019
10218 0.000024
10219 0.000028
10220 0.000027
10221 0.000015
10222 0.000011
10223 0.000014
10224 0.000012
10225 0.000006
10226 0.000010
10227 0.000019
10228 0.000017
10229 0.000012
10230 0.000016
10231 0.000017
10232 0.000028
10233 0.000025
10234 0.000030
10235 0.000014
10236 0.000015
10237 0.000014
10238 0.000006
10239 0.000011
10240 0.000017
10241 0.000017
10242 0.000019
10243 0.000029
10244 0.000013
10245 0.000025
10246 0.000026
10247 0.000020
10248 0.000026
10249 0.000028
10250 0.000021
10251 0.000032
10252 0.000029
10253 0.000032
10254 0.000040
10255 0.000030
10256 0.000013
10257 0.000008
10258 0.000015
10259 0.000009
10260 0.000023
10261 0.000016
10262 0.000024
10263 0.000013
10264 0.000019
10265 0.000024
10266 0.000019
10267 0.000024
10268 0.000017
10269 0.000014
10270 0.000018
10271 0.000032
10272 0.000014
10273 0.000039
10274 0.000040
10275 0.000011
10276 0.000009
10277 0.000011
10278 0.000010
10279 0.000007
10280 0.000009
10281 0.000012
10282 0.000008
10283 0.000005
10284 0.000032
10285 0.000020
10286 0.000010
10287 0.000008
10288 0.000011
10289 0.000041
10290 0.000067
10291 0.000060
10292 0.000026
10293 0.000022
10294 0.000013
10295 0.000018
10296 0.000029
10297 0.000030
10298 0.000015
10299 0.000017
10300 0.000014
10301 0.000025
10302 0.000036
10303 0.000043
10304 0.000046
10305 0.000021
10306 0.000016
10307 0.000017
10308 0.000022
10309 0.000028
10310 0.000024
10311 0.000013
10312 0.000008
10313 0.000005
10314 0.000005
10315 0.000019
10316 0.000025
10317 0.000014
10318 0.000008
10319 0.000007
10320 0.000008
10321 0.000024
10322 0.000013
10323 0.000026
10324 0.000015
10325 0.000010
10326 0.000019
10327 0.000020
10328 0.000029
10329 0.000026
10330 0.000010
10331 0.000031
10332 0.000016
10333 0.000014
10334 0.000023
10335 0.000026
10336 0.000022
10337 0.000027
10338 0.000012
10339 0.000017
10340 0.000010
10341 0.000008
10342 0.000005
10343 0.000007
10344 0.000024
10345 0.000029
10346 0.000015
10347 0.000025
10348 0.000022
10349 0.000015
10350 0.000026
10351 0.000018
10352 0.000021
10353 0.000044
10354 0.000042
10355 0.000017
10356 0.000007
10357 0.000008
10358 0.000008
10359 0.000028
10360 0.000018
10361 0.000012
10362 0.000016
10363 0.000032
10364 0.000028
10365 0.000027
10366 0.000026
10367 0.000023
10368 0.000022
10369 0.000028
10370 0.000011
10371 0.000017
10372 0.000018
10373 0.000007
10374 0.000043
10375 0.000012
10376 0.000008
10377 0.000017
10378 0.000011
10379 0.000026
10380 0.000015
10381 0.000029
10382 0.000016
10383 0.000017
10384 0.000031
10385 0.000038
10386 0.000036
10387 0.000023
10388 0.000021
10389 0.000018
10390 0.000021
10391 0.000041
10392 0.000020
10393 0.000009
10394 0.000014
10395 0.000018
10396 0.000033
10397 0.000023
10398 0.000016
10399 0.000028
10400 0.000010
10401 0.000009
10402 0.000015
10403 0.000017
10404 0.000021
10405 0.000024
10406 0.000022
10407 0.000032
10408 0.000039
10409 0.000048
10410 0.000033
10411 0.000021
10412 0.000039
10413 0.000039
10414 0.000017
10415 0.000012
10416 0.000017
10417 0.000018
10418 0.000006
10419 0.000004
10420 0.000014
10421 0.000020
10422 0.000022
10423 0.000006
10424 0.000004
10425 0.000015
10426 0.000008
10427 0.000012
10428 0.000009
10429 0.000012
10430 0.000010
10431 0.000008
10432 0.000026
10433 0.000027
10434 0.000015
10435 0.000012
10436 0.000021
10437 0.000017
10438 0.000014
10439 0.000023
10440 0.000017
10441 0.000021
10442 0.000037
10443 0.000026
10444 0.000014
10445 0.000011
10446 0.000008
10447 0.000005
10448 0.000028
10449 0.000017
10450 0.000026
10451 0.000041
10452 0.000050
10453 0.000026
10454 0.000032
10455 0.000014
10456 0.000023
10457 0.000030
10458 0.000020
10459 0.000026
10460 0.000023
10461 0.000014
10462 0.000030
10463 0.000028
10464 0.000046
10465 0.000047
10466 0.000015
10467 0.000020
10468 0.000022
10469 0.000022
10470 0.000012
10471 0.000013
10472 0.000009
10473 0.000012
10474 0.000005
10475 0.000014
10476 0.000011
10477 0.000028
10478 0.000009
10479 0.000022
10480 0.000035
10481 0.000016
10482 0.000010
10483 0.000018
10484 0.000006
10485 0.000008
10486 0.000009
10487 0.000009
10488 0.000018
10489 0.000030
10490 0.000016
10491 0.000021
10492 0.000026
10493 0.000018
10494 0.000022
10495 0.000009
10496 0.000021
10497 0.000016
10498 0.000009
10499 0.000013
10500 0.000015
10501 0.000005
10502 0.000015
10503 0.000014
10504 0.000029
10505 0.000015
10506 0.000034
10507 0.000042
10508 0.000019
10509 0.000017
10510 0.000016
10511 0.000011
10512 0.000019
10513 0.000031
10514 0.000022
10515 0.000016
10516 0.000023
10517 0.000013
10518 0.000009
10519 0.000008
10520 0.000032
10521 0.000017
10522 0.000031
10523 0.000027
10524 0.000033
10525 0.000054
10526 0.000068
10527 0.000032
10528 0.000023
10529 0.000015
10530 0.000014
10531 0.000006
10532 0.000012
10533 0.000006
10534 0.000020
10535 0.000027
10536 0.000023
10537 0.000028
10538 0.000026
10539 0.000031
10540 0.000021
10541 0.000034
10542 0.000039
10543 0.000039
10544 0.000018
10545 0.000038
10546 0.000024
10547 0.000025
10548 0.000008
10549 0.000021
10550 0.000035
10551 0.000034
10552 0.000036
10553 0.000036
10554 0.000044
10555 0.000027
10556 0.000015
10557 0.000014
10558 0.000011
10559 0.000021
10560 0.000011
10561 0.000005
10562 0.000014
10563 0.000018
10564 0.000006
10565 0.000015
10566 0.000010
10567 0.000017
10568 0.000015
10569 0.000016
10570 0.000024
10571 0.000029
10572 0.000015
10573 0.000015
10574 0.000032
10575 0.000018
10576 0.000012
10577 0.000018
10578 0.000011
10579 0.000024
10580 0.000008
10581 0.000005
10582 0.000007
10583 0.000014
10584 0.000012
10585 0.000011
10586 0.000006
10587 0.000004
10588 0.000018
10589 0.000017
10590 0.000013
10591 0.000011
10592 0.000013
10593 0.000008
10594 0.000012
10595 0.000021
10596 0.000015
10597 0.000029
10598 0.000011
10599 0.000006
10600 0.000011
10601 0.000031
10602 0.000023
10603 0.000019
10604 0.000014
10605 0.000024
10606 0.000012
10607 0.000008
10608 0.000008
10609 0.000004
10610 0.000028
10611 0.000035
10612 0.000024
10613 0.000029
10614 0.000028
10615 0.000015
10616 0.000009
10617 0.000016
10618 0.000012
10619 0.000032
10620 0.000011
10621 0.000014
10622 0.000013
10623 0.000009
10624 0.000008
10625 0.000018
10626 0.000038
10627 0.000047
10628 0.000023
10629 0.000021
10630 0.000019
10631 0.000011
10632 0.000027
10633 0.000011
10634 0.000017
10635 0.000027
10636 0.000011
10637 0.000019
10638 0.000014
10639 0.000011
10640 0.000015
10641 0.000010
10642 0.000014
10643 0.000020
10644 0.000020
10645 0.000024
10646 0.000023
10647 0.000028
10648 0.000023
10649 0.000031
10650 0.000019
10651 0.000025
10652 0.000008
10653 0.000011
10654 0.000012
10655 0.000013
10656 0.000015
10657 0.000009
10658 0.000011
10659 0.000010
10660 0.000015
10661 0.000016
10662 0.000010
10663 0.000013
10664 0.000025
10665 0.000010
10666 0.000034
10667 0.000032
10668 0.000027
10669 0.000014
10670 0.000008
10671 0.000017
10672 0.000017
10673 0.000011
10674 0.000030
10675 0.000011
10676 0.000005
10677 0.000009
10678 0.000006
10679 0.000025
10680 0.000012
10681 0.000030
10682 0.000011
10683 0.000009
10684 0.000012
10685 0.000007
10686 0.000009
10687 0.000008
10688 0.000019
10689 0.000014
10690 0.000009
10691 0.000014
10692 0.000007
10693 0.000006
10694 0.000007
10695 0.000004
10696 0.000028
10697 0.000011
10698 0.000026
10699 0.000043
10700 0.000043
10701 0.000017
10702 0.000028
10703 0.000034
10704 0.000025
10705 0.000012
10706 0.000023
10707 0.000035
10708 0.000018
10709 0.000019
10710 0.000031
10711 0.000031
10712 0.000015
10713 0.000006
10714 0.000004
10715 0.000011
10716 0.000019
10717 0.000027
10718 0.000025
10719 0.000012
10720 0.000027
10721 0.000023
10722 0.000024
10723 0.000015
10724 0.000020
10725 0.000023
10726 0.000023
10727 0.000023
10728 0.000027
10729 0.000016
10730 0.000007
10731 0.000008
10732 0.000020
10733 0.000011
10734 0.000017
10735 0.000035
10736 0.000018
10737 0.000008
10738 0.000005
10739 0.000020
10740 0.000007
10741 0.000017
10742 0.000010
10743 0.000007
10744 0.000015
10745 0.000006
10746 0.000021
10747 0.000014
10748 0.000030
10749 0.000009
10750 0.000009
10751 0.000014
10752 0.000016
10753 0.000029
10754 0.000025
10755 0.000028
10756 0.000021
10757 0.000023
10758 0.000021
10759 0.000033
10760 0.000010
10761 0.000007
10762 0.000025
10763 0.000024
10764 0.000015
10765 0.000007
10766 0.000032
10767 0.000040
10768 0.000015
10769 0.000014
10770 0.000032
10771 0.000011
10772 0.000031
10773 0.000016
10774 0.000013
10775 0.000018
10776 0.000023
10777 0.000041
10778 0.000014
10779 0.000033
10780 0.000027
10781 0.000032
10782 0.000014
10783 0.000009
10784 0.000023
10785 0.000026
10786 0.000036
10787 0.000024
10788 0.000034
10789 0.000010
10790 0.000034
10791 0.000033
10792 0.000050
10793 0.000023
10794 0.000011
10795 0.000011
10796 0.000023
10797 0.000018
10798 0.000021
10799 0.000028
10800 0.000010
10801 0.000027
10802 0.000014
10803 0.000011
10804 0.000015
10805 0.000023
10806 0.000028
10807 0.000024
10808 0.000021
10809 0.000026
10810 0.000015
10811 0.000012
10812 0.000021
10813 0.000012
10814 0.000008
10815 0.000018
10816 0.000014
10817 0.000011
10818 0.000020
10819 0.000012
10820 0.000017
10821 0.000020
10822 0.000027
10823 0.000009
10824 0.000031
10825 0.000020
10826 0.000027
10827 0.000030
10828 0.000021
10829 0.000017
10830 0.000025
10831 0.000027
10832 0.000015
10833 0.000019
10834 0.000021
10835 0.000018
10836 0.000019
10837 0.000010
10838 0.000019
10839 0.000016
10840 0.000011
10841 0.000011
10842 0.000013
10843 0.000014
10844 0.000021
10845 0.000026
10846 0.000025
10847 0.000017
10848 0.000012
10849 0.000020
10850 0.000039
10851 0.000014
10852 0.000014
10853 0.000007
10854 0.000018
10855 0.000026
10856 0.000020
10857 0.000031
10858 0.000021
10859 0.000018
10860 0.000014
10861 0.000006
10862 0.000019
10863 0.000029
10864 0.000015
10865 0.000024
10866 0.000010
10867 0.000017
10868 0.000020
10869 0.000025
10870 0.000014
10871 0.000015
10872 0.000015
10873 0.000026
10874 0.000014
10875 0.000008
10876 0.000015
10877 0.000044
10878 0.000048
10879 0.000024
10880 0.000013
10881 0.000009
10882 0.000015
10883 0.000036
10884 0.000048
10885 0.000025
10886 0.000059
10887 0.000038
10888 0.000026
10889 0.000032
10890 0.000035
10891 0.000038
10892 0.000029
10893 0.000027
10894 0.000014
10895 0.000031
10896 0.000020
10897 0.000028
10898 0.000034
10899 0.000022
10900 0.000013
10901 0.000031
10902 0.000015
10903 0.000020
10904 0.000010
10905 0.000030
10906 0.000018
10907 0.000019
10908 0.000019
10909 0.000018
10910 0.000014
10911 0.000010
10912 0.000016
10913 0.000006
10914 0.000011
10915 0.000006
10916 0.000011
10917 0.000012
10918 0.000019
10919 0.000019
10920 0.000015
10921 0.000014
10922 0.000016
10923 0.000012
10924 0.000041
10925 0.000024
10926 0.000024
10927 0.000019
10928 0.000020
10929 0.000007
10930 0.000023
10931 0.000038
10932 0.000020
10933 0.000014
10934 0.000014
10935 0.000028
10936 0.000023
10937 0.000025
10938 0.000014
10939 0.000032
10940 0.000036
10941 0.000024
10942 0.000040
10943 0.000028
10944 0.000020
10945 0.000006
10946 0.000010
10947 0.000015
10948 0.000018
10949 0.000030
10950 0.000009
10951 0.000005
10952 0.000018
10953 0.000015
10954 0.000019
10955 0.000017
10956 0.000018
10957 0.000012
10958 0.000034
10959 0.000035
10960 0.000037
10961 0.000032
10962 0.000016
10963 0.000012
10964 0.000014
10965 0.000016
10966 0.000016
10967 0.000014
10968 0.000020
10969 0.000029
10970 0.000011
10971 0.000023
10972 0.000024
10973 0.000015
10974 0.000016
10975 0.000029
10976 0.000036
10977 0.000018
10978 0.000011
10979 0.000006
10980 0.000009
10981 0.000020
10982 0.000012
10983 0.000005
10984 0.000009
10985 0.000018
10986 0.000010
10987 0.000010
10988 0.000022
10989 0.000041
10990 0.000019
10991 0.000020
10992 0.000024
10993 0.000038
10994 0.000035
10995 0.000024
10996 0.000015
10997 0.000021
10998 0.000021
10999 0.000009
11000 0.000007
11001 0.000006
11002 0.000011
11003 0.000014
11004 0.000014
11005 0.000007
11006 0.000026
11007 0.000025
11008 0.000013
11009 0.000007
11010 0.000030
11011 0.000011
11012 0.000012
11013 0.000031
11014 0.000009
11015 0.000020
11016 0.000018
11017 0.000021
11018 0.000009
11019 0.000033
11020 0.000032
11021 0.000024
11022 0.000014
11023 0.000019
11024 0.000028
11025 0.000017
11026 0.000008
11027 0.000031
11028 0.000012
11029 0.000021
11030 0.000025
11031 0.000012
11032 0.000016
11033 0.000028
11034 0.000016
11035 0.000007
11036 0.000015
11037 0.000028
11038 0.000030
11039 0.000026
11040 0.000028
11041 0.000010
11042 0.000019
11043 0.000035
11044 0.000018
11045 0.000024
11046 0.000036
11047 0.000029
11048 0.000026
11049 0.000025
11050 0.000014
11051 0.000014
11052 0.000015
11053 0.000018
11054 0.000023
11055 0.000041
11056 0.000045
11057 0.000025
11058 0.000022
11059 0.000016
11060 0.000032
11061 0.000023
11062 0.000056
11063 0.000033
11064 0.000033
11065 0.000031
11066 0.000041
11067 0.000030
11068 0.000014
11069 0.000014
11070 0.000039
11071 0.000050
11072 0.000016
11073 0.000024
11074 0.000032
11075 0.000019
11076 0.000013
11077 0.000014
11078 0.000022
11079 0.000017
11080 0.000010
11081 0.000021
11082 0.000012
11083 0.000008
11084 0.000022
11085 0.000022
11086 0.000013
11087 0.000019
11088 0.000013
11089 0.000015
11090 0.000016
11091 0.000033
11092 0.000012
11093 0.000010
11094 0.000010
11095 0.000010
11096 0.000011
11097 0.000026
11098 0.000022
11099 0.000017
11100 0.000008
11101 0.000015
11102 0.000022
11103 0.000017
11104 0.000012
11105 0.000022
11106 0.000031
11107 0.000042
11108 0.000022
11109 0.000020
11110 0.000027
11111 0.000054
11112 0.000037
11113 0.000038
11114 0.000023
11115 0.000043
11116 0.000033
11117 0.000008
11118 0.000015
11119 0.000017
11120 0.000012
11121 0.000024
11122 0.000014
11123 0.000021
11124 0.000021
11125 0.000021
11126 0.000012
11127 0.000015
11128 0.000017
11129 0.000023
11130 0.000019
11131 0.000011
11132 0.000008
11133 0.000016
11134 0.000025
11135 0.000014
11136 0.000014
11137 0.000030
11138 0.000027
11139 0.000019
11140 0.000008
11141 0.000020
11142 0.000007
11143 0.000029
11144 0.000022
11145 0.000014
11146 0.000015
11147 0.000006
11148 0.000009
11149 0.000006
11150 0.000012
11151 0.000030
11152 0.000022
11153 0.000067
11154 0.000045
11155 0.000020
11156 0.000017
11157 0.000010
11158 0.000009
11159 0.000021
11160 0.000030
11161 0.000022
11162 0.000039
11163 0.000058
11164 0.000060
11165 0.000013
11166 0.000012
11167 0.000029
11168 0.000023
11169 0.000014
11170 0.000006
11171 0.000016
11172 0.000009
11173 0.000004
11174 0.000006
11175 0.000013
11176 0.000008
11177 0.000010
11178 0.000018
11179 0.000016
11180 0.000035
11181 0.000030
11182 0.000032
11183 0.000016
11184 0.000035
11185 0.000042
11186 0.000020
11187 0.000027
11188 0.000015
11189 0.000007
11190 0.000023
11191 0.000023
11192 0.000026
11193 0.000038
11194 0.000049
11195 0.000032
11196 0.000041
11197 0.000020
11198 0.000015
11199 0.000018
11200 0.000015
11201 0.000022
11202 0.000021
11203 0.000033
11204 0.000010
11205 0.000020
11206 0.000016
11207 0.000017
11208 0.000034
11209 0.000023
11210 0.000013
11211 0.000021
11212 0.000017
11213 0.000013
11214 0.000011
11215 0.000020
11216 0.000015
11217 0.000009
11218 0.000030
11219 0.000049
11220 0.000027
11221 0.000011
11222 0.000008
11223 0.000017
11224 0.000024
11225 0.000026
11226 0.000021
11227 0.000012
11228 0.000011
11229 0.000010
11230 0.000028
11231 0.000021
11232 0.000013
11233 0.000022
11234 0.000024
11235 0.000022
11236 0.000018
11237 0.000038
11238 0.000028
11239 0.000025
11240 0.000011
11241 0.000017
11242 0.000017
11243 0.000019
11244 0.000013
11245 0.000011
11246 0.000021
11247 0.000012
11248 0.000011
11249 0.000013
11250 0.000012
11251 0.000047
11252 0.000052
11253 0.000053
11254 0.000037
11255 0.000046
11256 0.000028
11257 0.000015
11258 0.000012
11259 0.000012
11260 0.000008
11261 0.000004
11262 0.000008
11263 0.000033
11264 0.000009
11265 0.000014
11266 0.000012
11267 0.000010
11268 0.000011
11269 0.000012
11270 0.000022
11271 0.000018
11272 0.000035
11273 0.000015
11274 0.000017
11275 0.000012
11276 0.000019
11277 0.000013
11278 0.000014
11279 0.000012
11280 0.000012
11281 0.000014
11282 0.000015
11283 0.000020
11284 0.000026
11285 0.000017
11286 0.000027
11287 0.000022
11288 0.000021
11289 0.000015
11290 0.000013
11291 0.000007
11292 0.000023
11293 0.000013
11294 0.000025
11295 0.000015
11296 0.000020
11297 0.000015
11298 0.000018
11299 0.000016
11300 0.000025
11301 0.000036
11302 0.000018
11303 0.000013
11304 0.000014
11305 0.000009
11306 0.000022
11307 0.000017
11308 0.000025
11309 0.000014
11310 0.000015
11311 0.000015
11312 0.000016
11313 0.000014
11314 0.000015
11315 0.000016
11316 0.000010
11317 0.000013
11318 0.000010
11319 0.000010
11320 0.000008
11321 0.000004
11322 0.000015
11323 0.000011
11324 0.000019
11325 0.000024
11326 0.000013
11327 0.000010
11328 0.000019
11329 0.000016
11330 0.000010
11331 0.000032
11332 0.000034
11333 0.000041
11334 0.000023
11335 0.000015
11336 0.000016
11337 0.000029
11338 0.000033
11339 0.000046
11340 0.000056
11341 0.000030
11342 0.000032
11343 0.000012
11344 0.000016
11345 0.000010
11346 0.000018
11347 0.000008
11348 0.000022
11349 0.000018
11350 0.000013
11351 0.000024
11352 0.000018
11353 0.000028
11354 0.000029
11355 0.000019
11356 0.000011
11357 0.000008
11358 0.000006
11359 0.000016
11360 0.000016
11361 0.000010
11362 0.000028
11363 0.000020
11364 0.000007
11365 0.000017
11366 0.000014
11367 0.000011
11368 0.000019
11369 0.000016
11370 0.000016
11371 0.000015
11372 0.000017
11373 0.000022
11374 0.000044
11375 0.000012
11376 0.000008
11377 0.000030
11378 0.000023
11379 0.000011
11380 0.000012
11381 0.000013
11382 0.000019
11383 0.000009
11384 0.000017
11385 0.000007
11386 0.000005
11387 0.000004
11388 0.000004
11389 0.000020
11390 0.000015
11391 0.000014
11392 0.000033
11393 0.000019
11394 0.000008
11395 0.000006
11396 0.000019
11397 0.000018
11398 0.000025
11399 0.000024
11400 0.000018
11401 0.000023
11402 0.000028
11403 0.000038
11404 0.000033
11405 0.000014
11406 0.000011
11407 0.000013
11408 0.000017
11409 0.000030
11410 0.000019
11411 0.000011
11412 0.000013
11413 0.000009
11414 0.000019
11415 0.000020
11416 0.000031
11417 0.000019
11418 0.000021
11419 0.000053
11420 0.000019
11421 0.000011
11422 0.000014
11423 0.000032
11424 0.000035
11425 0.000014
11426 0.000009
11427 0.000021
11428 0.000028
11429 0.000033
11430 0.000020
11431 0.000007
11432 0.000006
11433 0.000007
11434 0.000021
11435 0.000035
11436 0.000019
11437 0.000019
11438 0.000011
11439 0.000006
11440 0.000009
11441 0.000020
11442 0.000028
11443 0.000014
11444 0.000017
11445 0.000023
11446 0.000032
11447 0.000045
11448 0.000024
11449 0.000016
11450 0.000015
11451 0.000019
11452 0.000018
11453 0.000025
11454 0.000045
11455 0.000030
11456 0.000030
11457 0.000009
11458 0.000011
11459 0.000008
11460 0.000012
11461 0.000021
11462 0.000012
11463 0.000007
11464 0.000009
11465 0.000010
11466 0.000012
11467 0.000016
11468 0.000010
11469 0.000013
11470 0.000019
11471 0.000016
11472 0.000024
11473 0.000028
11474 0.000025
11475 0.000011
11476 0.000025
11477 0.000014
11478 0.000012
11479 0.000043
11480 0.000046
11481 0.000042
11482 0.000016
11483 0.000022
11484 0.000008
11485 0.000010
11486 0.000012
11487 0.000015
11488 0.000015
11489 0.000011
11490 0.000018
11491 0.000027
11492 0.000018
11493 0.000018
11494 0.000032
11495 0.000019
11496 0.000014
11497 0.000018
11498 0.000014
11499 0.000011
11500 0.000007
11501 0.000017
11502 0.000037
11503 0.000008
11504 0.000017
11505 0.000018
11506 0.000016
11507 0.000025
11508 0.000029
11509 0.000016
11510 0.000046
11511 0.000025
11512 0.000030
11513 0.000012
11514 0.000007
11515 0.000013
11516 0.000020
11517 0.000025
11518 0.000006
11519 0.000015
11520 0.000010
11521 0.000015
11522 0.000014
11523 0.000011
11524 0.000012
11525 0.000031
11526 0.000016
11527 0.000028
11528 0.000011
11529 0.000011
11530 0.000005
11531 0.000015
11532 0.000010
11533 0.000020
11534 0.000018
11535 0.000022
11536 0.000014
11537 0.000009
11538 0.000006
11539 0.000011
11540 0.000033
11541 0.000008
11542 0.000029
11543 0.000035
11544 0.000014
11545 0.000016
11546 0.000010
11547 0.000006
11548 0.000006
11549 0.000009
11550 0.000006
11551 0.000013
11552 0.000018
11553 0.000016
11554 0.000010
11555 0.000011
11556 0.000005
11557 0.000012
11558 0.000015
11559 0.000009
11560 0.000017
11561 0.000013
11562 0.000017
11563 0.000024
11564 0.000018
11565 0.000019
11566 0.000012
11567 0.000018
11568 0.000022
11569 0.000022
11570 0.000055
11571 0.000035
11572 0.000033
11573 0.000015
11574 0.000017
11575 0.000012
11576 0.000016
11577 0.000006
11578 0.000022
11579 0.000029
11580 0.000013
11581 0.000006
11582 0.000005
11583 0.000005
11584 0.000014
11585 0.000017
11586 0.000013
11587 0.000023
11588 0.000014
11589 0.000020
11590 0.000011
11591 0.000019
11592 0.000013
11593 0.000010
11594 0.000011
11595 0.000005
11596 0.000011
11597 0.000015
11598 0.000020
11599 0.000012
11600 0.000012
11601 0.000014
11602 0.000006
11603 0.000034
11604 0.000042
11605 0.000027
11606 0.000017
11607 0.000025
11608 0.000019
11609 0.000015
11610 0.000015
11611 0.000011
11612 0.000016
11613 0.000015
11614 0.000013
11615 0.000009
11616 0.000020
11617 0.000038
11618 0.000034
11619 0.000023
11620 0.000013
11621 0.000021
11622 0.000008
11623 0.000019
11624 0.000050
11625 0.000054
11626 0.000018
11627 0.000014
11628 0.000038
11629 0.000016
11630 0.000024
11631 0.000018
11632 0.000032
11633 0.000021
11634 0.000012
11635 0.000013
11636 0.000039
11637 0.000019
11638 0.000023
11639 0.000011
11640 0.000010
11641 0.000017
11642 0.000030
11643 0.000015
11644 0.000027
11645 0.000011
11646 0.000012
11647 0.000016
11648 0.000008
11649 0.000005
11650 0.000027
11651 0.000019
11652 0.000023
11653 0.000045
11654 0.000033
11655 0.000034
11656 0.000050
11657 0.000029
11658 0.000019
11659 0.000019
11660 0.000018
11661 0.000034
11662 0.000038
11663 0.000024
11664 0.000012
11665 0.000017
11666 0.000018
11667 0.000012
11668 0.000021
11669 0.000009
11670 0.000009
11671 0.000006
11672 0.000005
11673 0.000007
11674 0.000011
11675 0.000030
11676 0.000015
11677 0.000039
11678 0.000027
11679 0.000018
11680 0.000013
11681 0.000014
11682 0.000041
11683 0.000014
11684 0.000009
11685 0.000009
11686 0.000012
11687 0.000015
11688 0.000039
11689 0.000027
11690 0.000015
11691 0.000014
11692 0.000029
11693 0.000022
11694 0.000014
11695 0.000017
11696 0.000012
11697 0.000006
11698 0.000010
11699 0.000010
11700 0.000023
11701 0.000006
11702 0.000005
11703 0.000020
11704 0.000034
11705 0.000064
11706 0.000037
11707 0.000017
11708 0.000037
11709 0.000038
11710 0.000019
11711 0.000014
11712 0.000021
11713 0.000021
11714 0.000014
11715 0.000012
11716 0.000012
11717 0.000026
11718 0.000008
11719 0.000036
11720 0.000024
11721 0.000020
11722 0.000012
11723 0.000017
11724 0.000023
11725 0.000008
11726 0.000012
11727 0.000021
11728 0.000026
11729 0.000013
11730 0.000028
11731 0.000010
11732 0.000007
11733 0.000010
11734 0.000016
11735 0.000021
11736 0.000021
11737 0.000022
11738 0.000014
11739 0.000020
11740 0.000027
11741 0.000018
11742 0.000015
11743 0.000009
11744 0.000044
11745 0.000031
11746 0.000012
11747 0.000023
11748 0.000015
11749 0.000018
11750 0.000016
11751 0.000012
11752 0.000015
11753 0.000022
11754 0.000018
11755 0.000017
11756 0.000016
11757 0.000013
11758 0.000020
11759 0.000013
11760 0.000020
11761 0.000019
11762 0.000015
11763 0.000023
11764 0.000027
11765 0.000032
11766 0.000012
11767 0.000011
11768 0.000033
11769 0.000033
11770 0.000016
11771 0.000016
11772 0.000021
11773 0.000013
11774 0.000008
11775 0.000011
11776 0.000009
11777 0.000026
11778 0.000020
11779 0.000023
11780 0.000027
11781 0.000011
11782 0.000022
11783 0.000028
11784 0.000027
11785 0.000019
11786 0.000006
11787 0.000011
11788 0.000023
11789 0.000013
11790 0.000009
11791 0.000014
11792 0.000008
11793 0.000016
11794 0.000016
11795 0.000031
11796 0.000016
11797 0.000032
11798 0.000035
11799 0.000026
11800 0.000019
11801 0.000027
11802 0.000020
11803 0.000007
11804 0.000009
11805 0.000022
11806 0.000014
11807 0.000006
11808 0.000004
11809 0.000012
11810 0.000019
11811 0.000022
11812 0.000015
11813 0.000038
11814 0.000041
11815 0.000026
11816 0.000033
11817 0.000046
11818 0.000042
11819 0.000029
11820 0.000031
11821 0.000032
11822 0.000016
11823 0.000033
11824 0.000061
11825 0.000029
11826 0.000013
11827 0.000010
11828 0.000021
11829 0.000025
11830 0.000017
11831 0.000008
11832 0.000015
11833 0.000023
11834 0.000060
11835 0.000016
11836 0.000013
11837 0.000018
11838 0.000037
11839 0.000015
11840 0.000006
11841 0.000011
11842 0.000014
11843 0.000016
11844 0.000013
11845 0.000016
11846 0.000010
11847 0.000012
11848 0.000009
11849 0.000022
11850 0.000008
11851 0.000005
11852 0.000022
11853 0.000014
11854 0.000022
11855 0.000024
11856 0.000015
11857 0.000023
11858 0.000032
11859 0.000024
11860 0.000022
11861 0.000012
11862 0.000016
11863 0.000019
11864 0.000020
11865 0.000030
11866 0.000015
11867 0.000017
11868 0.000031
11869 0.000021
11870 0.000025
11871 0.000017
11872 0.000011
11873 0.000009
11874 0.000011
11875 0.000013
11876 0.000016
11877 0.000014
11878 0.000020
11879 0.000014
11880 0.000023
11881 0.000023
11882 0.000008
11883 0.000039
11884 0.000032
11885 0.000021
11886 0.000013
11887 0.000009
11888 0.000012
11889 0.000039
11890 0.000039
11891 0.000066
11892 0.000037
11893 0.000014
11894 0.000021
11895 0.000027
11896 0.000014
11897 0.000015
11898 0.000019
11899 0.000015
11900 0.000007
11901 0.000040
11902 0.000027
11903 0.000035
11904 0.000046
11905 0.000027
11906 0.000028
11907 0.000015
11908 0.000034
11909 0.000017
11910 0.000009
11911 0.000020
11912 0.000030
11913 0.000027
11914 0.000022
11915 0.000019
11916 0.000019
11917 0.000029
11918 0.000014
11919 0.000023
11920 0.000013
11921 0.000007
11922 0.000016
11923 0.000049
11924 0.000025
11925 0.000022
11926 0.000024
11927 0.000023
11928 0.000024
11929 0.000016
11930 0.000015
11931 0.000033
11932 0.000023
11933 0.000023
11934 0.000051
11935 0.000065
11936 0.000026
11937 0.000012
11938 0.000021
11939 0.000028
11940 0.000033
11941 0.000029
11942 0.000011
11943 0.000023
11944 0.000009
11945 0.000010
11946 0.000007
11947 0.000021
11948 0.000021
11949 0.000024
11950 0.000029
11951 0.000034
11952 0.000032
11953 0.000019
11954 0.000017
11955 0.000022
11956 0.000012
11957 0.000012
11958 0.000011
11959 0.000035
11960 0.000026
11961 0.000013
11962 0.000019
11963 0.000012
11964 0.000014
11965 0.000014
11966 0.000034
11967 0.000023
11968 0.000018
11969 0.000006
11970 0.000017
11971 0.000010
11972 0.000019
11973 0.000009
11974 0.000018
11975 0.000012
11976 0.000012
11977 0.000041
11978 0.000025
11979 0.000028
11980 0.000015
11981 0.000014
11982 0.000025
11983 0.000030
11984 0.000038
11985 0.000026
11986 0.000011
11987 0.000024
11988 0.000036
11989 0.000013
11990 0.000014
11991 0.000011
11992 0.000010
11993 0.000015
11994 0.000013
11995 0.000036
11996 0.000031
11997 0.000028
11998 0.000034
11999 0.000035
12000 0.000013
12001 0.000008
12002 0.000018
12003 0.000022
12004 0.000030
12005 0.000032
12006 0.000014
12007 0.000028
12008 0.000015
12009 0.000009
12010 0.000017
12011 0.000010
12012 0.000028
12013 0.000016
12014 0.000008
12015 0.000019
12016 0.000017
12017 0.000008
12018 0.000015
12019 0.000016
12020 0.000028
12021 0.000020
12022 0.000034
12023 0.000010
12024 0.000012
12025 0.000016
12026 0.000021
12027 0.000010
12028 0.000014
12029 0.000019
12030 0.000028
12031 0.000045
12032 0.000037
12033 0.000029
12034 0.000042
12035 0.000038
12036 0.000025
12037 0.000015
12038 0.000018
12039 0.000011
12040 0.000021
12041 0.000012
12042 0.000049
12043 0.000021
12044 0.000018
12045 0.000008
12046 0.000020
12047 0.000024
12048 0.000029
12049 0.000015
12050 0.000014
12051 0.000014
12052 0.000015
12053 0.000026
12054 0.000042
12055 0.000027
12056 0.000011
12057 0.000026
12058 0.000018
12059 0.000017
12060 0.000011
12061 0.000044
12062 0.000057
12063 0.000038
12064 0.000042
12065 0.000010
12066 0.000019
12067 0.000007
12068 0.000008
12069 0.000020
12070 0.000014
12071 0.000010
12072 0.000005
12073 0.000011
12074 0.000034
12075 0.000018
12076 0.000027
12077 0.000014
12078 0.000011
12079 0.000009
12080 0.000015
12081 0.000028
12082 0.000014
12083 0.000018
12084 0.000026
12085 0.000015
12086 0.000011
12087 0.000017
12088 0.000006
12089 0.000009
12090 0.000006
12091 0.000010
12092 0.000011
12093 0.000025
12094 0.000007
12095 0.000008
12096 0.000024
12097 0.000035
12098 0.000011
12099 0.000018
12100 0.000022
12101 0.000022
12102 0.000022
12103 0.000034
12104 0.000027
12105 0.000017
12106 0.000013
12107 0.000028
12108 0.000015
12109 0.000016
12110 0.000014
12111 0.000032
12112 0.000016
12113 0.000016
12114 0.000015
12115 0.000013
12116 0.000014
12117 0.000040
12118 0.000031
12119 0.000031
12120 0.000063
12121 0.000067
12122 0.000022
12123 0.000008
12124 0.000014
12125 0.000009
12126 0.000014
12127 0.000019
12128 0.000019
12129 0.000010
12130 0.000013
12131 0.000014
12132 0.000017
12133 0.000008
12134 0.000028
12135 0.000023
12136 0.000015
12137 0.000006
12138 0.000017
12139 0.000052
12140 0.000019
12141 0.000025
12142 0.000013
12143 0.000009
12144 0.000006
12145 0.000004
12146 0.000015
12147 0.000024
12148 0.000024
12149 0.000029
12150 0.000027
12151 0.000059
12152 0.000041
12153 0.000010
12154 0.000020
12155 0.000024
12156 0.000028
12157 0.000015
12158 0.000040
12159 0.000031
12160 0.000021
12161 0.000014
12162 0.000010
12163 0.000010
12164 0.000008
12165 0.000011
12166 0.000010
12167 0.000018
12168 0.000018
12169 0.000016
12170 0.000015
12171 0.000016
12172 0.000037
12173 0.000043
12174 0.000044
12175 0.000030
12176 0.000013
12177 0.000008
12178 0.000010
12179 0.000022
12180 0.000018
12181 0.000008
12182 0.000014
12183 0.000006
12184 0.000034
12185 0.000012
12186 0.000011
12187 0.000009
12188 0.000011
12189 0.000017
12190 0.000012
12191 0.000009
12192 0.000006
12193 0.000016
12194 0.000013
12195 0.000052
12196 0.000040
12197 0.000028
12198 0.000016
12199 0.000025
12200 0.000073
12201 0.000029
12202 0.000041
12203 0.000026
12204 0.000008
12205 0.000005
12206 0.000013
12207 0.000012
12208 0.000013
12209 0.000012
12210 0.000018
12211 0.000023
12212 0.000014
12213 0.000009
12214 0.000015
12215 0.000012
12216 0.000033
12217 0.000047
12218 0.000028
12219 0.000038
12220 0.000024
12221 0.000023
12222 0.000043
12223 0.000013
12224 0.000023
12225 0.000012
12226 0.000023
12227 0.000046
12228 0.000028
12229 0.000009
12230 0.000030
12231 0.000043
12232 0.000040
12233 0.000022
12234 0.000015
12235 0.000023
12236 0.000027
12237 0.000018
12238 0.000023
12239 0.000022
12240 0.000025
12241 0.000028
12242 0.000019
12243 0.000019
12244 0.000019
12245 0.000011
12246 0.000012
12247 0.000022
12248 0.000015
12249 0.000013
12250 0.000017
12251 0.000005
12252 0.000007
12253 0.000006
12254 0.000016
12255 0.000013
12256 0.000011
12257 0.000005
12258 0.000014
12259 0.000026
12260 0.000018
12261 0.000031
12262 0.000035
12263 0.000033
12264 0.000015
12265 0.000008
12266 0.000009
12267 0.000009
12268 0.000007
12269 0.000017
12270 0.000015
12271 0.000012
12272 0.000008
12273 0.000018
12274 0.000020
12275 0.000017
12276 0.000022
12277 0.000008
12278 0.000005
12279 0.000020
12280 0.000021
12281 0.000021
12282 0.000034
12283 0.000033
12284 0.000025
12285 0.000037
12286 0.000039
12287 0.000030
12288 0.000036
12289 0.000025
12290 0.000015
12291 0.000015
12292 0.000031
12293 0.000031
12294 0.000016
12295 0.000027
12296 0.000028
12297 0.000019
12298 0.000015
12299 0.000024
12300 0.000012
12301 0.000025
12302 0.000010
12303 0.000030
12304 0.000032
12305 0.000021
12306 0.000033
12307 0.000029
12308 0.000019
12309 0.000014
12310 0.000020
12311 0.000025
12312 0.000024
12313 0.000012
12314 0.000014
12315 0.000031
12316 0.000024
12317 0.000018
12318 0.000029
12319 0.000028
12320 0.000021
12321 0.000015
12322 0.000034
12323 0.000020
12324 0.000013
12325 0.000021
12326 0.000024
12327 0.000019
12328 0.000017
12329 0.000017
12330 0.000019
12331 0.000017
12332 0.000008
12333 0.000006
12334 0.000015
12335 0.000020
12336 0.000019
12337 0.000029
12338 0.000008
12339 0.000031
12340 0.000024
12341 0.000013
12342 0.000027
12343 0.000038
12344 0.000037
12345 0.000033
12346 0.000022
12347 0.000017
12348 0.000009
12349 0.000013
12350 0.000015
12351 0.000028
12352 0.000015
12353 0.000009
12354 0.000008
12355 0.000024
12356 0.000010
12357 0.000023
12358 0.000016
12359 0.000027
12360 0.000014
12361 0.000017
12362 0.000015
12363 0.000017
12364 0.000030
12365 0.000019
12366 0.000014
12367 0.000020
12368 0.000030
12369 0.000025
12370 0.000017
12371 0.000017
12372 0.000009
12373 0.000016
12374 0.000027
12375 0.000029
12376 0.000021
12377 0.000009
12378 0.000024
12379 0.000015
12380 0.000007
12381 0.000010
12382 0.000037
12383 0.000033
12384 0.000040
12385 0.000028
12386 0.000033
12387 0.000024
12388 0.000018
12389 0.000013
12390 0.000017
12391 0.000012
12392 0.000010
12393 0.000014
12394 0.000010
12395 0.000014
12396 0.000032
12397 0.000022
12398 0.000011
12399 0.000019
12400 0.000008
12401 0.000027
12402 0.000033
12403 0.000010
12404 0.000019
12405 0.000024
12406 0.000037
12407 0.000039
12408 0.000027
12409 0.000030
12410 0.000014
12411 0.000023
12412 0.000010
12413 0.000022
12414 0.000027
12415 0.000030
12416 0.000014
12417 0.000035
12418 0.000016
12419 0.000028
12420 0.000018
12421 0.000026
12422 0.000025
12423 0.000021
12424 0.000009
12425 0.000011
12426 0.000010
12427 0.000013
12428 0.000034
12429 0.000024
12430 0.000028
12431 0.000024
12432 0.000013
12433 0.000008
12434 0.000038
12435 0.000024
12436 0.000021
12437 0.000039
12438 0.000033
12439 0.000044
12440 0.000015
12441 0.000013
12442 0.000023
12443 0.000014
12444 0.000017
12445 0.000014
12446 0.000014
12447 0.000009
12448 0.000017
12449 0.000010
12450 0.000010
12451 0.000014
12452 0.000028
12453 0.000037
12454 0.000044
12455 0.000043
12456 0.000009
12457 0.000013
12458 0.000017
12459 0.000015
12460 0.000024
12461 0.000011
12462 0.000020
12463 0.000013
12464 0.000007
12465 0.000016
12466 0.000010
12467 0.000015
12468 0.000041
12469 0.000023
12470 0.000019
12471 0.000007
12472 0.000018
12473 0.000018
12474 0.000019
12475 0.000008
12476 0.000022
12477 0.000017
12478 0.000013
12479 0.000012
12480 0.000021
12481 0.000010
12482 0.000021
12483 0.000018
12484 0.000014
12485 0.000027
12486 0.000024
12487 0.000014
12488 0.000013
12489 0.000014
12490 0.000026
12491 0.000018
12492 0.000016
12493 0.000017
12494 0.000024
12495 0.000018
12496 0.000012
12497 0.000031
12498 0.000029
12499 0.000019
12500 0.000032
12501 0.000025
12502 0.000018
12503 0.000016
12504 0.000019
12505 0.000012
12506 0.000031
12507 0.000015
12508 0.000017
12509 0.000017
12510 0.000050
12511 0.000030
12512 0.000016
12513 0.000007
12514 0.000022
12515 0.000019
12516 0.000026
12517 0.000028
12518 0.000041
12519 0.000019
12520 0.000006
12521 0.000005
12522 0.000012
12523 0.000018
12524 0.000032
12525 0.000029
12526 0.000015
12527 0.000019
12528 0.000036
12529 0.000011
12530 0.000020
12531 0.000021
12532 0.000012
12533 0.000012
12534 0.000031
12535 0.000041
12536 0.000018
12537 0.000028
12538 0.000025
12539 0.000021
12540 0.000012
12541 0.000017
12542 0.000010
12543 0.000018
12544 0.000008
12545 0.000022
12546 0.000027
12547 0.000009
12548 0.000019
12549 0.000014
12550 0.000019
12551 0.000010
12552 0.000022
12553 0.000012
12554 0.000020
12555 0.000012
12556 0.000016
12557 0.000018
12558 0.000020
12559 0.000012
12560 0.000008
12561 0.000041
12562 0.000021
12563 0.000031
12564 0.000023
12565 0.000013
12566 0.000027
12567 0.000026
12568 0.000014
12569 0.000020
12570 0.000034
12571 0.000031
12572 0.000010
12573 0.000025
12574 0.000041
12575 0.000031
12576 0.000028
12577 0.000018
12578 0.000016
12579 0.000013
12580 0.000014
12581 0.000011
12582 0.000037
12583 0.000052
12584 0.000027
12585 0.000021
12586 0.000024
12587 0.000013
12588 0.000013
12589 0.000012
12590 0.000018
12591 0.000016
12592 0.000025
12593 0.000009
12594 0.000018
12595 0.000028
12596 0.000020
12597 0.000025
12598 0.000012
12599 0.000025
12600 0.000035
12601 0.000025
12602 0.000012
12603 0.000019
12604 0.000011
12605 0.000008
12606 0.000005
12607 0.000020
12608 0.000009
12609 0.000005
12610 0.000008
12611 0.000011
12612 0.000012
12613 0.000018
12614 0.000022
12615 0.000012
12616 0.000008
12617 0.000010
12618 0.000014
12619 0.000016
12620 0.000017
12621 0.000028
12622 0.000017
12623 0.000019
12624 0.000031
12625 0.000015
12626 0.000022
12627 0.000028
12628 0.000034
12629 0.000017
12630 0.000020
12631 0.000013
12632 0.000031
12633 0.000011
12634 0.000014
12635 0.000020
12636 0.000018
12637 0.000013
12638 0.000013
12639 0.000007
12640 0.000007
12641 0.000013
12642 0.000017
12643 0.000014
12644 0.000019
12645 0.000032
12646 0.000026
12647 0.000016
12648 0.000024
12649 0.000013
12650 0.000009
12651 0.000017
12652 0.000026
12653 0.000010
12654 0.000017
12655 0.000026
12656 0.000021
12657 0.000018
12658 0.000043
12659 0.000010
12660 0.000021
12661 0.000025
12662 0.000034
12663 0.000014
12664 0.000014
12665 0.000028
12666 0.000029
12667 0.000020
12668 0.000020
12669 0.000037
12670 0.000011
12671 0.000017
12672 0.000014
12673 0.000023
12674 0.000020
12675 0.000014
12676 0.000014
12677 0.000033
12678 0.000026
12679 0.000014
12680 0.000020
12681 0.000016
12682 0.000012
12683 0.000015
12684 0.000008
12685 0.000042
12686 0.000029
12687 0.000039
12688 0.000020
12689 0.000018
12690 0.000008
12691 0.000025
12692 0.000014
12693 0.000015
12694 0.000017
12695 0.000028
12696 0.000055
12697 0.000050
12698 0.000017
12699 0.000023
12700 0.000011
12701 0.000014
12702 0.000009
12703 0.000042
12704 0.000033
12705 0.000037
12706 0.000045
12707 0.000030
12708 0.000011
12709 0.000022
12710 0.000020
12711 0.000017
12712 0.000041
12713 0.000060
12714 0.000033
12715 0.000017
12716 0.000015
12717 0.000020
12718 0.000010
12719 0.000022
12720 0.000026
12721 0.000032
12722 0.000039
12723 0.000022
12724 0.000013
12725 0.000008
12726 0.000019
12727 0.000009
12728 0.000018
12729 0.000008
12730 0.000011
12731 0.000022
12732 0.000025
12733 0.000028
12734 0.000018
12735 0.000011
12736 0.000017
12737 0.000008
12738 0.000006
12739 0.000011
12740 0.000021
12741 0.000007
12742 0.000018
12743 0.000008
12744 0.000013
12745 0.000033
12746 0.000009
12747 0.000021
12748 0.000012
12749 0.000016
12750 0.000012
12751 0.000006
12752 0.000035
12753 0.000014
12754 0.000030
12755 0.000014
12756 0.000009
12757 0.000009
12758 0.000025
12759 0.000023
12760 0.000036
12761 0.000017
12762 0.000014
12763 0.000012
12764 0.000012
12765 0.000026
12766 0.000042
12767 0.000043
12768 0.000038
12769 0.000043
12770 0.000037
12771 0.000016
12772 0.000015
12773 0.000038
12774 0.000046
12775 0.000025
12776 0.000034
12777 0.000022
12778 0.000026
12779 0.000014
12780 0.000021
12781 0.000017
12782 0.000040
12783 0.000045
12784 0.000019
12785 0.000011
12786 0.000019
12787 0.000011
12788 0.000012
12789 0.000010
12790 0.000010
12791 0.000016
12792 0.000010
12793 0.000015
12794 0.000016
12795 0.000021
12796 0.000030
12797 0.000016
12798 0.000022
12799 0.000014
12800 0.000014
12801 0.000011
12802 0.000011
12803 0.000015
12804 0.000014
12805 0.000016
12806 0.000011
12807 0.000010
12808 0.000010
12809 0.000013
12810 0.000041
12811 0.000022
12812 0.000019
12813 0.000046
12814 0.000050
12815 0.000046
12816 0.000030
12817 0.000015
12818 0.000018
12819 0.000007
12820 0.000013
12821 0.000005
12822 0.000007
12823 0.000022
12824 0.000018
12825 0.000008
12826 0.000019
12827 0.000042
12828 0.000053
12829 0.000032
12830 0.000015
12831 0.000018
12832 0.000010
12833 0.000020
12834 0.000012
12835 0.000008
12836 0.000017
12837 0.000030
12838 0.000019
12839 0.000030
12840 0.000024
12841 0.000040
12842 0.000019
12843 0.000022
12844 0.000031
12845 0.000037
12846 0.000020
12847 0.000025
12848 0.000014
12849 0.000009
12850 0.000027
12851 0.000017
12852 0.000018
12853 0.000031
12854 0.000018
12855 0.000028
12856 0.000024
12857 0.000037
12858 0.000020
12859 0.000028
12860 0.000008
12861 0.000027
12862 0.000015
12863 0.000019
12864 0.000015
12865 0.000032
12866 0.000012
12867 0.000012
12868 0.000009
12869 0.000011
12870 0.000028
12871 0.000033
12872 0.000027
12873 0.000024
12874 0.000040
12875 0.000032
12876 0.000010
12877 0.000011
12878 0.000016
12879 0.000015
12880 0.000033
12881 0.000059
12882 0.000020
12883 0.000018
12884 0.000026
12885 0.000019
12886 0.000026
12887 0.000014
12888 0.000023
12889 0.000029
12890 0.000032
12891 0.000047
12892 0.000013
12893 0.000009
12894 0.000009
12895 0.000005
12896 0.000012
12897 0.000006
12898 0.000013
12899 0.000018
12900 0.000014
12901 0.000007
12902 0.000011
12903 0.000017
12904 0.000019
12905 0.000023
12906 0.000015
12907 0.000023
12908 0.000029
12909 0.000015
12910 0.000032
12911 0.000016
12912 0.000025
12913 0.000038
12914 0.000046
12915 0.000027
12916 0.000041
12917 0.000014
12918 0.000017
12919 0.000020
12920 0.000018
12921 0.000017
12922 0.000016
12923 0.000028
12924 0.000032
12925 0.000019
12926 0.000013
12927 0.000034
12928 0.000013
12929 0.000010
12930 0.000015
12931 0.000006
12932 0.000017
12933 0.000012
12934 0.000015
12935 0.000013
12936 0.000018
12937 0.000012
12938 0.000006
12939 0.000020
12940 0.000018
12941 0.000007
12942 0.000017
12943 0.000020
12944 0.000028
12945 0.000013
12946 0.000018
12947 0.000021
12948 0.000017
12949 0.000019
12950 0.000012
12951 0.000010
12952 0.000019
12953 0.000023
12954 0.000029
12955 0.000018
12956 0.000032
12957 0.000030
12958 0.000018
12959 0.000014
12960 0.000025
12961 0.000022
12962 0.000026
12963 0.000012
12964 0.000015
12965 0.000009
12966 0.000012
12967 0.000005
12968 0.000009
12969 0.000028
12970 0.000014
12971 0.000020
12972 0.000023
12973 0.000013
12974 0.000020
12975 0.000019
12976 0.000020
12977 0.000025
12978 0.000014
12979 0.000014
12980 0.000020
12981 0.000007
12982 0.000011
12983 0.000008
12984 0.000013
12985 0.000032
12986 0.000017
12987 0.000016
12988 0.000017
12989 0.000021
12990 0.000021
12991 0.000009
12992 0.000009
12993 0.000006
12994 0.000028
12995 0.000021
12996 0.000029
12997 0.000022
12998 0.000028
12999 0.000011
13000 0.000016
13001 0.000010
13002 0.000013
13003 0.000020
13004 0.000021
13005 0.000043
13006 0.000014
13007 0.000009
13008 0.000019
13009 0.000011
13010 0.000020
13011 0.000017
13012 0.000019
13013 0.000021
13014 0.000019
13015 0.000014
13016 0.000018
13017 0.000015
13018 0.000031
13019 0.000012
13020 0.000014
13021 0.000010
13022 0.000031
13023 0.000033
13024 0.000023
13025 0.000009
13026 0.000013
13027 0.000015
13028 0.000029
13029 0.000021
13030 0.000036
13031 0.000018
13032 0.000019
13033 0.000029
13034 0.000011
13035 0.000006
13036 0.000014
13037 0.000009
13038 0.000007
13039 0.000012
13040 0.000010
13041 0.000015
13042 0.000010
13043 0.000024
13044 0.000013
13045 0.000012
13046 0.000018
13047 0.000020
13048 0.000026
13049 0.000019
13050 0.000013
13051 0.000024
13052 0.000023
13053 0.000018
13054 0.000031
13055 0.000028
13056 0.000015
13057 0.000021
13058 0.000030
13059 0.000052
13060 0.000025
13061 0.000018
13062 0.000033
13063 0.000025
13064 0.000026
13065 0.000043
13066 0.000024
13067 0.000026
13068 0.000017
13069 0.000012
13070 0.000023
13071 0.000020
13072 0.000013
13073 0.000031
13074 0.000010
13075 0.000007
13076 0.000006
13077 0.000018
13078 0.000013
13079 0.000016
13080 0.000017
13081 0.000010
13082 0.000026
13083 0.000017
13084 0.000017
13085 0.000010
13086 0.000015
13087 0.000028
13088 0.000018
13089 0.000019
13090 0.000011
13091 0.000012
13092 0.000021
13093 0.000009
13094 0.000013
13095 0.000015
13096 0.000026
13097 0.000017
13098 0.000017
13099 0.000008
13100 0.000018
13101 0.000027
13102 0.000012
13103 0.000033
13104 0.000061
13105 0.000039
13106 0.000019
13107 0.000033
13108 0.000017
13109 0.000020
13110 0.000015
13111 0.000010
13112 0.000020
13113 0.000015
13114 0.000020
13115 0.000020
13116 0.000020
13117 0.000028
13118 0.000021
13119 0.000021
13120 0.000018
13121 0.000015
13122 0.000021
13123 0.000038
13124 0.000055
13125 0.000023
13126 0.000025
13127 0.000034
13128 0.000046
13129 0.000026
13130 0.000024
13131 0.000018
13132 0.000016
13133 0.000038
13134 0.000027
13135 0.000013
13136 0.000023
13137 0.000017
13138 0.000023
13139 0.000016
13140 0.000012
13141 0.000013
13142 0.000034
13143 0.000010
13144 0.000011
13145 0.000018
13146 0.000014
13147 0.000022
13148 0.000033
13149 0.000029
13150 0.000017
13151 0.000013
13152 0.000027
13153 0.000011
13154 0.000025
13155 0.000033
13156 0.000023
13157 0.000014
13158 0.000012
13159 0.000005
13160 0.000018
13161 0.000018
13162 0.000036
13163 0.000035
13164 0.000012
13165 0.000007
13166 0.000013
13167 0.000008
13168 0.000005
13169 0.000004
13170 0.000013
13171 0.000017
13172 0.000024
13173 0.000030
13174 0.000018
13175 0.000034
13176 0.000066
13177 0.000038
13178 0.000019
13179 0.000010
13180 0.000011
13181 0.000026
13182 0.000009
13183 0.000031
13184 0.000019
13185 0.000022
13186 0.000014
13187 0.000031
13188 0.000017
13189 0.000015
13190 0.000013
13191 0.000009
13192 0.000011
13193 0.000016
13194 0.000016
13195 0.000024
13196 0.000017
13197 0.000009
13198 0.000012
13199 0.000014
13200 0.000013
13201 0.000019
13202 0.000007
13203 0.000030
13204 0.000029
13205 0.000020
13206 0.000031
13207 0.000020
13208 0.000016
13209 0.000015
13210 0.000018
13211 0.000008
13212 0.000013
13213 0.000023
13214 0.000025
13215 0.000028
13216 0.000022
13217 0.000023
13218 0.000022
13219 0.000017
13220 0.000005
13221 0.000010
13222 0.000012
13223 0.000011
13224 0.000015
13225 0.000013
13226 0.000025
13227 0.000015
13228 0.000021
13229 0.000014
13230 0.000019
13231 0.000018
13232 0.000022
13233 0.000016
13234 0.000028
13235 0.000015
13236 0.000005
13237 0.000005
13238 0.000021
13239 0.000015
13240 0.000031
13241 0.000034
13242 0.000029
13243 0.000024
13244 0.000013
13245 0.000020
13246 0.000019
13247 0.000017
13248 0.000024
13249 0.000019
13250 0.000035
13251 0.000016
13252 0.000012
13253 0.000021
13254 0.000006
13255 0.000021
13256 0.000018
13257 0.000029
13258 0.000016
13259 0.000015
13260 0.000016
13261 0.000008
13262 0.000012
13263 0.000012
13264 0.000008
13265 0.000014
13266 0.000026
13267 0.000023
13268 0.000041
13269 0.000047
13270 0.000046
13271 0.000025
13272 0.000026
13273 0.000037
13274 0.000019
13275 0.000016
13276 0.000013
13277 0.000013
13278 0.000010
13279 0.000012
13280 0.000032
13281 0.000022
13282 0.000018
13283 0.000007
13284 0.000006
13285 0.000004
13286 0.000016
13287 0.000016
13288 0.000030
13289 0.000051
13290 0.000018
13291 0.000014
13292 0.000012
13293 0.000015
13294 0.000009
13295 0.000019
13296 0.000008
13297 0.000024
13298 0.000024
13299 0.000020
13300 0.000012
13301 0.000037
13302 0.000011
13303 0.000018
13304 0.000039
13305 0.000021
13306 0.000026
13307 0.000026
13308 0.000018
13309 0.000030
13310 0.000008
13311 0.000021
13312 0.000014
13313 0.000018
13314 0.000017
13315 0.000029
13316 0.000025
13317 0.000025
13318 0.000008
13319 0.000009
13320 0.000034
13321 0.000022
13322 0.000032
13323 0.000049
13324 0.000034
13325 0.000044
13326 0.000015
13327 0.000021
13328 0.000013
13329 0.000008
13330 0.000021
13331 0.000012
13332 0.000011
13333 0.000014
13334 0.000013
13335 0.000014
13336 0.000011
13337 0.000020
13338 0.000025
13339 0.000016
13340 0.000014
13341 0.000012
13342 0.000027
13343 0.000019
13344 0.000017
13345 0.000025
13346 0.000019
13347 0.000026
13348 0.000027
13349 0.000013
13350 0.000020
13351 0.000022
13352 0.000015
13353 0.000015
13354 0.000010
13355 0.000034
13356 0.000018
13357 0.000020
13358 0.000006
13359 0.000015
13360 0.000007
13361 0.000047
13362 0.000021
13363 0.000021
13364 0.000010
13365 0.000009
13366 0.000019
13367 0.000012
13368 0.000007
13369 0.000013
13370 0.000008
13371 0.000014
13372 0.000018
13373 0.000015
13374 0.000008
13375 0.000007
13376 0.000010
13377 0.000006
13378 0.000012
13379 0.000012
13380 0.000011
13381 0.000010
13382 0.000008
13383 0.000011
13384 0.000008
13385 0.000010
13386 0.000011
13387 0.000024
13388 0.000016
13389 0.000010
13390 0.000011
13391 0.000011
13392 0.000011
13393 0.000023
13394 0.000041
13395 0.000041
13396 0.000020
13397 0.000032
13398 0.000027
13399 0.000020
13400 0.000034
13401 0.000026
13402 0.000008
13403 0.000014
13404 0.000023
13405 0.000006
13406 0.000009
13407 0.000016
13408 0.000018
13409 0.000018
13410 0.000031
13411 0.000021
13412 0.000022
13413 0.000029
13414 0.000011
13415 0.000009
13416 0.000007
13417 0.000018
13418 0.000008
13419 0.000022
13420 0.000016
13421 0.000016
13422 0.000020
13423 0.000020
13424 0.000011
13425 0.000005
13426 0.000023
13427 0.000019
13428 0.000014
13429 0.000020
13430 0.000026
13431 0.000025
13432 0.000018
13433 0.000022
13434 0.000010
13435 0.000020
13436 0.000024
13437 0.000019
13438 0.000011
13439 0.000014
13440 0.000006
13441 0.000012
13442 0.000011
13443 0.000015
13444 0.000029
13445 0.000017
13446 0.000010
13447 0.000013
13448 0.000024
13449 0.000034
13450 0.000044
13451 0.000030
13452 0.000032
13453 0.000024
13454 0.000013
13455 0.000007
13456 0.000014
13457 0.000015
13458 0.000015
13459 0.000038
13460 0.000024
13461 0.000014
13462 0.000017
13463 0.000028
13464 0.000016
13465 0.000019
13466 0.000023
13467 0.000015
13468 0.000023
13469 0.000013
13470 0.000016
13471 0.000024
13472 0.000023
13473 0.000028
13474 0.000035
13475 0.000030
13476 0.000032
13477 0.000015
13478 0.000007
13479 0.000007
13480 0.000014
13481 0.000009
13482 0.000042
13483 0.000039
13484 0.000038
13485 0.000042
13486 0.000027
13487 0.000015
13488 0.000012
13489 0.000015
13490 0.000024
13491 0.000022
13492 0.000013
13493 0.000015
13494 0.000022
13495 0.000015
13496 0.000020
13497 0.000012
13498 0.000016
13499 0.000020
13500 0.000009
13501 0.000034
13502 0.000013
13503 0.000012
13504 0.000019
13505 0.000013
13506 0.000013
13507 0.000017
13508 0.000025
13509 0.000014
13510 0.000017
13511 0.000018
13512 0.000035
13513 0.000011
13514 0.000025
13515 0.000017
13516 0.000010
13517 0.000012
13518 0.000008
13519 0.000005
13520 0.000020
13521 0.000012
13522 0.000009
13523 0.000024
13524 0.000020
13525 0.000009
13526 0.000018
13527 0.000049
13528 0.000022
13529 0.000012
13530 0.000008
13531 0.000017
13532 0.000027
13533 0.000021
13534 0.000041
13535 0.000014
13536 0.000018
13537 0.000021
13538 0.000009
13539 0.000022
13540 0.000016
13541 0.000011
13542 0.000030
13543 0.000066
13544 0.000044
13545 0.000022
13546 0.000011
13547 0.000012
13548 0.000018
13549 0.000023
13550 0.000017
13551 0.000019
13552 0.000012
13553 0.000014
13554 0.000011
13555 0.000029
13556 0.000027
13557 0.000033
13558 0.000029
13559 0.000026
13560 0.000019
13561 0.000022
13562 0.000028
13563 0.000012
13564 0.000005
13565 0.000029
13566 0.000029
13567 0.000029
13568 0.000031
13569 0.000016
13570 0.000024
13571 0.000013
13572 0.000007
13573 0.000009
13574 0.000012
13575 0.000036
13576 0.000026
13577 0.000016
13578 0.000006
13579 0.000024
13580 0.000029
13581 0.000009
13582 0.000020
13583 0.000016
13584 0.000008
13585 0.000004
13586 0.000005
13587 0.000025
13588 0.000013
13589 0.000030
13590 0.000030
13591 0.000048
13592 0.000025
13593 0.000024
13594 0.000012
13595 0.000011
13596 0.000012
13597 0.000033
13598 0.000053
13599 0.000029
13600 0.000019
13601 0.000025
13602 0.000024
13603 0.000008
13604 0.000006
13605 0.000009
13606 0.000011
13607 0.000019
13608 0.000029
13609 0.000014
13610 0.000006
13611 0.000014
13612 0.000007
13613 0.000016
13614 0.000010
13615 0.000007
13616 0.000013
13617 0.000008
13618 0.000010
13619 0.000020
13620 0.000016
13621 0.000020
13622 0.000021
13623 0.000007
13624 0.000013
13625 0.000010
13626 0.000017
13627 0.000010
13628 0.000005
13629 0.000024
13630 0.000027
13631 0.000015
13632 0.000024
13633 0.000023
13634 0.000015
13635 0.000028
13636 0.000015
13637 0.000010
13638 0.000023
13639 0.000010
13640 0.000005
13641 0.000014
13642 0.000009
13643 0.000010
13644 0.000032
13645 0.000053
13646 0.000024
13647 0.000017
13648 0.000023
13649 0.000017
13650 0.000011
13651 0.000010
13652 0.000007
13653 0.000019
13654 0.000027
13655 0.000026
13656 0.000042
13657 0.000029
13658 0.000015
13659 0.000007
13660 0.000005
13661 0.000009
13662 0.000021
13663 0.000027
13664 0.000031
13665 0.000035
13666 0.000010
13667 0.000008
13668 0.000022
13669 0.000012
13670 0.000013
13671 0.000015
13672 0.000018
13673 0.000007
13674 0.000014
13675 0.000012
13676 0.000026
13677 0.000029
13678 0.000018
13679 0.000014
13680 0.000026
13681 0.000026
13682 0.000018
13683 0.000014
13684 0.000009
13685 0.000017
13686 0.000020
13687 0.000039
13688 0.000017
13689 0.000030
13690 0.000029
13691 0.000028
13692 0.000011
13693 0.000010
13694 0.000012
13695 0.000019
13696 0.000011
13697 0.000014
13698 0.000013
13699 0.000014
13700 0.000024
13701 0.000017
13702 0.000012
13703 0.000027
13704 0.000045
13705 0.000014
13706 0.000032
13707 0.000061
13708 0.000036
13709 0.000018
13710 0.000023
13711 0.000023
13712 0.000018
13713 0.000021
13714 0.000026
13715 0.000025
13716 0.000017
13717 0.000024
13718 0.000042
13719 0.000021
13720 0.000015
13721 0.000008
13722 0.000011
13723 0.000015
13724 0.000025
13725 0.000030
13726 0.000021
13727 0.000023
13728 0.000034
13729 0.000012
13730 0.000027
13731 0.000009
13732 0.000013
13733 0.000014
13734 0.000009
13735 0.000017
13736 0.000017
13737 0.000011
13738 0.000009
13739 0.000014
13740 0.000022
13741 0.000017
13742 0.000030
13743 0.000021
13744 0.000028
13745 0.000010
13746 0.000014
13747 0.000015
13748 0.000015
13749 0.000023
13750 0.000014
13751 0.000017
13752 0.000018
13753 0.000014
13754 0.000016
13755 0.000030
13756 0.000009
13757 0.000019
13758 0.000028
13759 0.000025
13760 0.000027
13761 0.000024
13762 0.000017
13763 0.000015
13764 0.000026
13765 0.000019
13766 0.000031
13767 0.000026
13768 0.000020
13769 0.000007
13770 0.000028
13771 0.000023
13772 0.000013
13773 0.000009
13774 0.000018
13775 0.000020
13776 0.000029
13777 0.000011
13778 0.000018
13779 0.000036
13780 0.000048
13781 0.000024
13782 0.000042
13783 0.000036
13784 0.000020
13785 0.000029
13786 0.000023
13787 0.000016
13788 0.000024
13789 0.000020
13790 0.000007
13791 0.000018
13792 0.000020
13793 0.000013
13794 0.000018
13795 0.000049
13796 0.000051
13797 0.000028
13798 0.000017
13799 0.000043
13800 0.000012
13801 0.000018
13802 0.000019
13803 0.000015
13804 0.000017
13805 0.000019
13806 0.000026
13807 0.000015
13808 0.000013
13809 0.000018
13810 0.000023
13811 0.000030
13812 0.000009
13813 0.000011
13814 0.000014
13815 0.000010
13816 0.000015
13817 0.000034
13818 0.000024
13819 0.000025
13820 0.000013
13821 0.000010
13822 0.000012
13823 0.000014
13824 0.000010
13825 0.000010
13826 0.000019
13827 0.000016
13828 0.000016
13829 0.000019
13830 0.000014
13831 0.000005
13832 0.000006
13833 0.000012
13834 0.000020
13835 0.000034
13836 0.000031
13837 0.000010
13838 0.000022
13839 0.000019
13840 0.000011
13841 0.000015
13842 0.000015
13843 0.000016
13844 0.000025
13845 0.000008
13846 0.000007
13847 0.000004
13848 0.000023
13849 0.000017
13850 0.000016
13851 0.000025
13852 0.000015
13853 0.000027
13854 0.000016
13855 0.000028
13856 0.000012
13857 0.000008
13858 0.000044
13859 0.000016
13860 0.000015
13861 0.000019
13862 0.000048
13863 0.000013
13864 0.000011
13865 0.000020
13866 0.000014
13867 0.000022
13868 0.000013
13869 0.000023
13870 0.000025
13871 0.000039
13872 0.000031
13873 0.000048
13874 0.000030
13875 0.000011
13876 0.000012
13877 0.000017
13878 0.000025
13879 0.000023
13880 0.000020
13881 0.000025
13882 0.000014
13883 0.000020
13884 0.000016
13885 0.000019
13886 0.000020
13887 0.000027
13888 0.000011
13889 0.000019
13890 0.000032
13891 0.000019
13892 0.000018
13893 0.000016
13894 0.000016
13895 0.000023
13896 0.000022
13897 0.000022
13898 0.000014
13899 0.000006
13900 0.000013
13901 0.000015
13902 0.000041
13903 0.000030
13904 0.000052
13905 0.000022
13906 0.000013
13907 0.000010
13908 0.000027
13909 0.000032
13910 0.000024
13911 0.000021
13912 0.000025
13913 0.000021
13914 0.000016
13915 0.000014
13916 0.000010
13917 0.000024
13918 0.000013
13919 0.000032
13920 0.000023
13921 0.000045
13922 0.000053
13923 0.000060
13924 0.000029
13925 0.000025
13926 0.000017
13927 0.000011
13928 0.000020
13929 0.000018
13930 0.000017
13931 0.000015
13932 0.000009
13933 0.000023
13934 0.000010
13935 0.000013
13936 0.000009
13937 0.000008
13938 0.000007
13939 0.000008
13940 0.000012
13941 0.000009
13942 0.000012
13943 0.000013
13944 0.000011
13945 0.000010
13946 0.000013
13947 0.000012
13948 0.000023
13949 0.000024
13950 0.000036
13951 0.000023
13952 0.000017
13953 0.000018
13954 0.000006
13955 0.000019
13956 0.000011
13957 0.000013
13958 0.000025
13959 0.000020
13960 0.000009
13961 0.000019
13962 0.000008
13963 0.000016
13964 0.000039
13965 0.000014
13966 0.000009
13967 0.000021
13968 0.000016
13969 0.000019
13970 0.000021
13971 0.000025
13972 0.000025
13973 0.000029
13974 0.000016
13975 0.000024
13976 0.000016
13977 0.000027
13978 0.000014
13979 0.000009
13980 0.000008
13981 0.000010
13982 0.000021
13983 0.000024
13984 0.000020
13985 0.000031
13986 0.000017
13987 0.000025
13988 0.000014
13989 0.000034
13990 0.000022
13991 0.000010
13992 0.000017
13993 0.000016
13994 0.000016
13995 0.000021
13996 0.000013
13997 0.000016
13998 0.000005
13999 0.000037
14000 0.000022
14001 0.000040
14002 0.000019
14003 0.000010
14004 0.000014
14005 0.000020
14006 0.000029
14007 0.000015
14008 0.000017
14009 0.000016
14010 0.000006
14011 0.000009
14012 0.000006
14013 0.000010
14014 0.000022
14015 0.000026
14016 0.000011
14017 0.000016
14018 0.000015
14019 0.000033
14020 0.000044
14021 0.000024
14022 0.000018
14023 0.000012
14024 0.000008
14025 0.000020
14026 0.000006
14027 0.000004
14028 0.000017
14029 0.000024
14030 0.000032
14031 0.000012
14032 0.000014
14033 0.000010
14034 0.000024
14035 0.000012
14036 0.000006
14037 0.000012
14038 0.000009
14039 0.000015
14040 0.000018
14041 0.000005
14042 0.000004
14043 0.000005
14044 0.000051
14045 0.000030
14046 0.000036
14047 0.000013
14048 0.000009
14049 0.000009
14050 0.000023
14051 0.000023
14052 0.000015
14053 0.000024
14054 0.000037
14055 0.000014
14056 0.000015
14057 0.000024
14058 0.000010
14059 0.000011
14060 0.000010
14061 0.000014
14062 0.000020
14063 0.000026
14064 0.000020
14065 0.000015
14066 0.000024
14067 0.000028
14068 0.000023
14069 0.000018
14070 0.000028
14071 0.000033
14072 0.000036
14073 0.000021
14074 0.000030
14075 0.000014
14076 0.000013
14077 0.000024
14078 0.000014
14079 0.000012
14080 0.000021
14081 0.000034
14082 0.000020
14083 0.000018
14084 0.000031
14085 0.000018
14086 0.000029
14087 0.000027
14088 0.000019
14089 0.000018
14090 0.000012
14091 0.000009
14092 0.000009
14093 0.000004
14094 0.000004
14095 0.000006
14096 0.000014
14097 0.000006
14098 0.000007
14099 0.000013
14100 0.000010
14101 0.000013
14102 0.000014
14103 0.000036
14104 0.000020
14105 0.000045
14106 0.000046
14107 0.000037
14108 0.000029
14109 0.000020
14110 0.000013
14111 0.000019
14112 0.000014
14113 0.000009
14114 0.000012
14115 0.000025
14116 0.000008
14117 0.000019
14118 0.000020
14119 0.000043
14120 0.000016
14121 0.000042
14122 0.000038
14123 0.000034
14124 0.000019
14125 0.000023
14126 0.000013
14127 0.000022
14128 0.000009
14129 0.000012
14130 0.000019
14131 0.000022
14132 0.000015
14133 0.000035
14134 0.000038
14135 0.000019
14136 0.000014
14137 0.000027
14138 0.000018
14139 0.000015
14140 0.000038
14141 0.000052
14142 0.000018
14143 0.000031
14144 0.000031
14145 0.000016
14146 0.000030
14147 0.000015
14148 0.000008
14149 0.000017
14150 0.000027
14151 0.000040
14152 0.000015
14153 0.000016
14154 0.000015
14155 0.000012
14156 0.000029
14157 0.000021
14158 0.000012
14159 0.000013
14160 0.000015
14161 0.000027
14162 0.000031
14163 0.000016
14164 0.000019
14165 0.000011
14166 0.000021
14167 0.000040
14168 0.000012
14169 0.000015
14170 0.000008
14171 0.000016
14172 0.000021
14173 0.000010
14174 0.000014
14175 0.000012
14176 0.000022
14177 0.000032
14178 0.000017
14179 0.000027
14180 0.000021
14181 0.000027
14182 0.000020
14183 0.000024
14184 0.000023
14185 0.000015
14186 0.000018
14187 0.000027
14188 0.000041
14189 0.000023
14190 0.000010
14191 0.000025
14192 0.000026
14193 0.000031
14194 0.000037
14195 0.000028
14196 0.000017
14197 0.000011
14198 0.000027
14199 0.000018
14200 0.000026
14201 0.000017
14202 0.000014
14203 0.000014
14204 0.000029
14205 0.000019
14206 0.000043
14207 0.000028
14208 0.000025
14209 0.000008
14210 0.000005
14211 0.000005
14212 0.000012
14213 0.000014
14214 0.000022
14215 0.000009
14216 0.000007
14217 0.000024
14218 0.000025
14219 0.000021
14220 0.000026
14221 0.000025
14222 0.000036
14223 0.000017
14224 0.000014
14225 0.000037
14226 0.000059
14227 0.000030
14228 0.000019
14229 0.000018
14230 0.000018
14231 0.000012
14232 0.000010
14233 0.000020
14234 0.000020
14235 0.000013
14236 0.000005
14237 0.000025
14238 0.000040
14239 0.000030
14240 0.000017
14241 0.000013
14242 0.000034
14243 0.000028
14244 0.000043
14245 0.000019
14246 0.000010
14247 0.000024
14248 0.000051
14249 0.000054
14250 0.000059
14251 0.000020
14252 0.000022
14253 0.000014
14254 0.000014
14255 0.000009
14256 0.000018
14257 0.000021
14258 0.000048
14259 0.000027
14260 0.000013
14261 0.000013
14262 0.000014
14263 0.000011
14264 0.000009
14265 0.000022
14266 0.000017
14267 0.000008
14268 0.000005
14269 0.000010
14270 0.000012
14271 0.000019
14272 0.000028
14273 0.000028
14274 0.000033
14275 0.000024
14276 0.000015
14277 0.000020
14278 0.000037
14279 0.000018
14280 0.000007
14281 0.000010
14282 0.000024
14283 0.000032
14284 0.000026
14285 0.000022
14286 0.000017
14287 0.000011
14288 0.000018
14289 0.000014
14290 0.000017
14291 0.000031
14292 0.000025
14293 0.000026
14294 0.000024
14295 0.000014
14296 0.000021
14297 0.000014
14298 0.000022
14299 0.000009
14300 0.000011
14301 0.000005
14302 0.000008
14303 0.000027
14304 0.000026
14305 0.000034
14306 0.000009
14307 0.000021
14308 0.000013
14309 0.000014
14310 0.000007
14311 0.000014
14312 0.000020
14313 0.000022
14314 0.000027
14315 0.000015
14316 0.000032
14317 0.000017
14318 0.000014
14319 0.000020
14320 0.000015
14321 0.000025
14322 0.000010
14323 0.000007
14324 0.000006
14325 0.000009
14326 0.000009
14327 0.000019
14328 0.000012
14329 0.000015
14330 0.000018
14331 0.000011
14332 0.000013
14333 0.000017
14334 0.000038
14335 0.000019
14336 0.000032
14337 0.000023
14338 0.000040
14339 0.000021
14340 0.000019
14341 0.000007
14342 0.000068
14343 0.000035
14344 0.000020
14345 0.000023
14346 0.000014
14347 0.000016
14348 0.000016
14349 0.000010
14350 0.000021
14351 0.000015
14352 0.000046
14353 0.000019
14354 0.000009
14355 0.000013
14356 0.000023
14357 0.000016
14358 0.000020
14359 0.000006
14360 0.000006
14361 0.000024
14362 0.000022
14363 0.000020
14364 0.000022
14365 0.000032
14366 0.000019
14367 0.000017
14368 0.000017
14369 0.000011
14370 0.000013
14371 0.000017
14372 0.000033
14373 0.000012
14374 0.000008
14375 0.000008
14376 0.000010
14377 0.000008
14378 0.000024
14379 0.000030
14380 0.000026
14381 0.000022
14382 0.000015
14383 0.000019
14384 0.000011
14385 0.000016
14386 0.000015
14387 0.000010
14388 0.000010
14389 0.000017
14390 0.000021
14391 0.000013
14392 0.000024
14393 0.000022
14394 0.000023
14395 0.000011
14396 0.000009
14397 0.000012
14398 0.000016
14399 0.000007
14400 0.000022
14401 0.000014
14402 0.000020
14403 0.000009
14404 0.000012
14405 0.000021
14406 0.000042
14407 0.000022
14408 0.000014
14409 0.000012
14410 0.000035
14411 0.000009
14412 0.000006
14413 0.000028
14414 0.000015
14415 0.000021
14416 0.000032
14417 0.000033
14418 0.000012
14419 0.000019
14420 0.000040
14421 0.000032
14422 0.000017
14423 0.000012
14424 0.000025
14425 0.000037
14426 0.000018
14427 0.000013
14428 0.000007
14429 0.000011
14430 0.000011
14431 0.000016
14432 0.000010
14433 0.000011
14434 0.000009
14435 0.000005
14436 0.000016
14437 0.000010
14438 0.000007
14439 0.000014
14440 0.000040
14441 0.000043
14442 0.000022
14443 0.000019
14444 0.000007
14445 0.000005
14446 0.000026
14447 0.000027
14448 0.000020
14449 0.000018
14450 0.000015
14451 0.000008
14452 0.000018
14453 0.000016
14454 0.000016
14455 0.000015
14456 0.000010
14457 0.000010
14458 0.000011
14459 0.000023
14460 0.000025
14461 0.000042
14462 0.000026
14463 0.000015
14464 0.000015
14465 0.000021
14466 0.000013
14467 0.000016
14468 0.000006
14469 0.000022
14470 0.000033
14471 0.000058
14472 0.000057
14473 0.000061
14474 0.000032
14475 0.000014
14476 0.000014
14477 0.000021
14478 0.000039
14479 0.000018
14480 0.000016
14481 0.000013
14482 0.000015
14483 0.000016
14484 0.000021
14485 0.000021
14486 0.000023
14487 0.000014
14488 0.000016
14489 0.000008
14490 0.000015
14491 0.000037
14492 0.000027
14493 0.000017
14494 0.000024
14495 0.000034
14496 0.000022
14497 0.000021
14498 0.000020
14499 0.000038
14500 0.000030
14501 0.000009
14502 0.000017
14503 0.000027
14504 0.000011
14505 0.000011
14506 0.000014
14507 0.000030
14508 0.000036
14509 0.000014
14510 0.000017
14511 0.000014
14512 0.000019
14513 0.000021
14514 0.000019
14515 0.000021
14516 0.000012
14517 0.000011
14518 0.000011
14519 0.000033
14520 0.000031
14521 0.000008
14522 0.000005
14523 0.000007
14524 0.000019
14525 0.000013
14526 0.000019
14527 0.000007
14528 0.000005
14529 0.000012
14530 0.000015
14531 0.000005
14532 0.000017
14533 0.000037
14534 0.000024
14535 0.000014
14536 0.000028
14537 0.000027
14538 0.000040
14539 0.000021
14540 0.000007
14541 0.000017
14542 0.000010
14543 0.000028
14544 0.000037
14545 0.000023
14546 0.000013
14547 0.000024
14548 0.000039
14549 0.000039
14550 0.000016
14551 0.000029
14552 0.000029
14553 0.000017
14554 0.000014
14555 0.000022
14556 0.000021
14557 0.000017
14558 0.000026
14559 0.000020
14560 0.000020
14561 0.000014
14562 0.000024
14563 0.000016
14564 0.000010
14565 0.000029
14566 0.000027
14567 0.000027
14568 0.000021
14569 0.000025
14570 0.000057
14571 0.000052
14572 0.000023
14573 0.000034
14574 0.000010
14575 0.000015
14576 0.000022
14577 0.000007
14578 0.000017
14579 0.000024
14580 0.000023
14581 0.000028
14582 0.000009
14583 0.000007
14584 0.000025
14585 0.000024
14586 0.000043
14587 0.000015
14588 0.000008
14589 0.000036
14590 0.000030
14591 0.000014
14592 0.000010
14593 0.000016
14594 0.000006
14595 0.000019
14596 0.000019
14597 0.000008
14598 0.000038
14599 0.000016
14600 0.000008
14601 0.000016
14602 0.000024
14603 0.000050
14604 0.000035
14605 0.000033
14606 0.000025
14607 0.000017
14608 0.000013
14609 0.000008
14610 0.000011
14611 0.000020
14612 0.000018
14613 0.000023
14614 0.000023
14615 0.000015
14616 0.000019
14617 0.000027
14618 0.000016
14619 0.000016
14620 0.000010
14621 0.000005
14622 0.000015
14623 0.000020
14624 0.000029
14625 0.000035
14626 0.000026
14627 0.000017
14628 0.000032
14629 0.000010
14630 0.000040
14631 0.000035
14632 0.000027
14633 0.000024
14634 0.000043
14635 0.000030
14636 0.000016
14637 0.000031
14638 0.000041
14639 0.000027
14640 0.000011
14641 0.000009
14642 0.000008
14643 0.000020
14644 0.000025
14645 0.000030
14646 0.000015
14647 0.000019
14648 0.000011
14649 0.000028
14650 0.000020
14651 0.000010
14652 0.000008
14653 0.000016
14654 0.000020
14655 0.000019
14656 0.000014
14657 0.000015
14658 0.000007
14659 0.000018
14660 0.000011
14661 0.000005
14662 0.000038
14663 0.000017
14664 0.000012
14665 0.000005
14666 0.000009
14667 0.000037
14668 0.000029
14669 0.000024
14670 0.000021
14671 0.000041
14672 0.000031
14673 0.000022
14674 0.000009
14675 0.000007
14676 0.000017
14677 0.000022
14678 0.000016
14679 0.000028
14680 0.000018
14681 0.000016
14682 0.000006
14683 0.000004
14684 0.000022
14685 0.000028
14686 0.000037
14687 0.000022
14688 0.000018
14689 0.000017
14690 0.000015
14691 0.000010
14692 0.000009
14693 0.000011
14694 0.000018
14695 0.000009
14696 0.000021
14697 0.000025
14698 0.000049
14699 0.000056
14700 0.000054
14701 0.000042
14702 0.000021
14703 0.000024
14704 0.000035
14705 0.000019
14706 0.000008
14707 0.000005
14708 0.000010
14709 0.000017
14710 0.000014
14711 0.000009
14712 0.000009
14713 0.000009
14714 0.000023
14715 0.000013
14716 0.000014
14717 0.000022
14718 0.000016
14719 0.000014
14720 0.000018
14721 0.000021
14722 0.000012
14723 0.000020
14724 0.000030
14725 0.000020
14726 0.000014
14727 0.000022
14728 0.000029
14729 0.000018
14730 0.000019
14731 0.000013
14732 0.000011
14733 0.000016
14734 0.000009
14735 0.000010
14736 0.000025
14737 0.000023
14738 0.000024
14739 0.000029
14740 0.000028
14741 0.000015
14742 0.000022
14743 0.000019
14744 0.000010
14745 0.000026
14746 0.000026
14747 0.000019
14748 0.000011
14749 0.000027
14750 0.000007
14751 0.000014
14752 0.000017
14753 0.000013
14754 0.000023
14755 0.000018
14756 0.000033
14757 0.000039
14758 0.000019
14759 0.000020
14760 0.000012
14761 0.000013
14762 0.000007
14763 0.000011
14764 0.000043
14765 0.000037
14766 0.000027
14767 0.000021
14768 0.000015
14769 0.000027
14770 0.000014
14771 0.000007
14772 0.000014
14773 0.000016
14774 0.000029
14775 0.000009
14776 0.000035
14777 0.000044
14778 0.000026
14779 0.000024
14780 0.000035
14781 0.000033
14782 0.000010
14783 0.000021
14784 0.000025
14785 0.000024
14786 0.000020
14787 0.000013
14788 0.000007
14789 0.000012
14790 0.000013
14791 0.000009
14792 0.000009
14793 0.000016
14794 0.000029
14795 0.000017
14796 0.000033
14797 0.000028
14798 0.000018
14799 0.000013
14800 0.000009
14801 0.000016
14802 0.000036
14803 0.000021
14804 0.000034
14805 0.000032
14806 0.000010
14807 0.000018
14808 0.000032
14809 0.000020
14810 0.000006
14811 0.000031
14812 0.000027
14813 0.000021
14814 0.000027
14815 0.000034
14816 0.000015
14817 0.000010
14818 0.000010
14819 0.000030
14820 0.000028
14821 0.000018
14822 0.000023
14823 0.000031
14824 0.000018
14825 0.000012
14826 0.000006
14827 0.000012
14828 0.000012
14829 0.000042
14830 0.000026
14831 0.000015
14832 0.000006
14833 0.000024
14834 0.000023
14835 0.000021
14836 0.000008
14837 0.000015
14838 0.000029
14839 0.000012
14840 0.000008
14841 0.000018
14842 0.000013
14843 0.000037
14844 0.000027
14845 0.000017
14846 0.000021
14847 0.000029
14848 0.000023
14849 0.000022
14850 0.000049
14851 0.000011
14852 0.000008
14853 0.000021
14854 0.000016
14855 0.000015
14856 0.000015
14857 0.000019
14858 0.000029
14859 0.000009
14860 0.000011
14861 0.000025
14862 0.000014
14863 0.000026
14864 0.000024
14865 0.000013
14866 0.000014
14867 0.000027
14868 0.000025
14869 0.000025
14870 0.000008
14871 0.000007
14872 0.000022
14873 0.000021
14874 0.000021
14875 0.000020
14876 0.000018
14877 0.000018
14878 0.000010
14879 0.000019
14880 0.000017
14881 0.000006
14882 0.000008
14883 0.000025
14884 0.000017
14885 0.000014
14886 0.000011
14887 0.000024
14888 0.000009
14889 0.000010
14890 0.000017
14891 0.000018
14892 0.000014
14893 0.000019
14894 0.000011
14895 0.000034
14896 0.000015
14897 0.000016
14898 0.000019
14899 0.000032
14900 0.000019
14901 0.000011
14902 0.000021
14903 0.000012
14904 0.000015
14905 0.000018
14906 0.000011
14907 0.000018
14908 0.000027
14909 0.000021
14910 0.000016
14911 0.000010
14912 0.000009
14913 0.000011
14914 0.000013
14915 0.000028
14916 0.000032
14917 0.000020
14918 0.000014
14919 0.000012
14920 0.000015
14921 0.000007
14922 0.000015
14923 0.000021
14924 0.000026
14925 0.000010
14926 0.000008
14927 0.000017
14928 0.000012
14929 0.000005
14930 0.000011
14931 0.000004
14932 0.000007
14933 0.000013
14934 0.000008
14935 0.000010
14936 0.000024
14937 0.000013
14938 0.000007
14939 0.000026
14940 0.000031
14941 0.000025
14942 0.000019
14943 0.000018
14944 0.000021
14945 0.000038
14946 0.000021
14947 0.000016
14948 0.000033
14949 0.000016
14950 0.000030
14951 0.000023
14952 0.000022
14953 0.000009
14954 0.000025
14955 0.000018
14956 0.000055
14957 0.000032
14958 0.000017
14959 0.000016
14960 0.000016
14961 0.000012
14962 0.000013
14963 0.000048
14964 0.000027
14965 0.000028
14966 0.000024
14967 0.000023
14968 0.000016
14969 0.000020
14970 0.000026
14971 0.000016
14972 0.000027
14973 0.000022
14974 0.000024
14975 0.000017
14976 0.000022
14977 0.000038
14978 0.000033
14979 0.000027
14980 0.000031
14981 0.000023
14982 0.000023
14983 0.000007
14984 0.000013
14985 0.000014
14986 0.000008
14987 0.000015
14988 0.000019
14989 0.000023
14990 0.000020
14991 0.000019
14992 0.000014
14993 0.000014
14994 0.000012
14995 0.000011
14996 0.000004
14997 0.000018
14998 0.000017
14999 0.000035
15000 0.000035
15001 0.000018
15002 0.000011
15003 0.000016
15004 0.000009
15005 0.000012
15006 0.000007
15007 0.000022
15008 0.000028
15009 0.000015
15010 0.000008
15011 0.000027
15012 0.000046
15013 0.000042
15014 0.000020
15015 0.000007
15016 0.000019
15017 0.000024
15018 0.000032
15019 0.000020
15020 0.000006
15021 0.000005
15022 0.000016
15023 0.000012
15024 0.000019
15025 0.000021
15026 0.000014
15027 0.000022
15028 0.000020
15029 0.000007
15030 0.000007
15031 0.000006
15032 0.000010
15033 0.000013
15034 0.000039
15035 0.000039
15036 0.000030
15037 0.000024
15038 0.000064
15039 0.000060
15040 0.000060
15041 0.000060
15042 0.000016
15043 0.000020
15044 0.000022
15045 0.000022
15046 0.000033
15047 0.000017
15048 0.000005
15049 0.000011
15050 0.000014
15051 0.000017
15052 0.000013
15053 0.000018
15054 0.000012
15055 0.000026
15056 0.000019
15057 0.000037
15058 0.000022
15059 0.000011
15060 0.000035
15061 0.000018
15062 0.000028
15063 0.000015
15064 0.000023
15065 0.000016
15066 0.000029
15067 0.000030
15068 0.000034
15069 0.000018
15070 0.000028
15071 0.000015
15072 0.000012
15073 0.000027
15074 0.000012
15075 0.000024
15076 0.000011
15077 0.000014
15078 0.000017
15079 0.000021
15080 0.000012
15081 0.000031
15082 0.000013
15083 0.000018
15084 0.000019
15085 0.000022
15086 0.000012
15087 0.000019
15088 0.000018
15089 0.000014
15090 0.000015
15091 0.000025
15092 0.000014
15093 0.000005
15094 0.000016
15095 0.000018
15096 0.000022
15097 0.000010
15098 0.000009
15099 0.000005
15100 0.000020
15101 0.000015
15102 0.000022
15103 0.000021
15104 0.000038
15105 0.000009
15106 0.000023
15107 0.000021
15108 0.000016
15109 0.000027
15110 0.000024
15111 0.000018
15112 0.000031
15113 0.000024
15114 0.000013
15115 0.000013
15116 0.000015
15117 0.000017
15118 0.000032
15119 0.000017
15120 0.000016
15121 0.000012
15122 0.000015
15123 0.000036
15124 0.000015
15125 0.000018
15126 0.000010
15127 0.000013
15128 0.000009
15129 0.000021
15130 0.000018
15131 0.000017
15132 0.000011
15133 0.000012
15134 0.000018
15135 0.000022
15136 0.000009
15137 0.000005
15138 0.000037
15139 0.000019
15140 0.000017
15141 0.000007
15142 0.000033
15143 0.000012
15144 0.000015
15145 0.000013
15146 0.000014
15147 0.000037
15148 0.000034
15149 0.000040
15150 0.000024
15151 0.000020
15152 0.000031
15153 0.000016
15154 0.000024
15155 0.000009
15156 0.000005
15157 0.000021
15158 0.000031
15159 0.000024
15160 0.000022
15161 0.000011
15162 0.000023
15163 0.000023
15164 0.000013
15165 0.000008
15166 0.000021
15167 0.000031
15168 0.000037
15169 0.000029
15170 0.000021
15171 0.000012
15172 0.000013
15173 0.000008
15174 0.000026
15175 0.000027
15176 0.000035
15177 0.000018
15178 0.000018
15179 0.000011
15180 0.000022
15181 0.000025
15182 0.000025
15183 0.000010
15184 0.000024
15185 0.000014
15186 0.000018
15187 0.000016
15188 0.000014
15189 0.000022
15190 0.000022
15191 0.000014
15192 0.000012
15193 0.000005
15194 0.000022
15195 0.000008
15196 0.000018
15197 0.000025
15198 0.000010
15199 0.000005
15200 0.000021
15201 0.000041
15202 0.000044
15203 0.000038
15204 0.000027
15205 0.000022
15206 0.000016
15207 0.000015
15208 0.000022
15209 0.000023
15210 0.000016
15211 0.000040
15212 0.000028
15213 0.000031
15214 0.000014
15215 0.000014
15216 0.000026
15217 0.000016
15218 0.000007
15219 0.000023
15220 0.000020
15221 0.000020
15222 0.000017
15223 0.000025
15224 0.000031
15225 0.000019
15226 0.000033
15227 0.000025
15228 0.000018
15229 0.000017
15230 0.000020
15231 0.000024
15232 0.000033
15233 0.000021
15234 0.000034
15235 0.000021
15236 0.000025
15237 0.000013
15238 0.000016
15239 0.000012
15240 0.000017
15241 0.000017
15242 0.000012
15243 0.000018
15244 0.000014
15245 0.000015
15246 0.000033
15247 0.000033
15248 0.000012
15249 0.000038
15250 0.000049
15251 0.000020
15252 0.000018
15253 0.000014
15254 0.000017
15255 0.000018
15256 0.000045
15257 0.000022
15258 0.000032
15259 0.000032
15260 0.000020
15261 0.000024
15262 0.000025
15263 0.000016
15264 0.000041
15265 0.000031
15266 0.000021
15267 0.000025
15268 0.000018
15269 0.000021
15270 0.000014
15271 0.000018
15272 0.000019
15273 0.000017
15274 0.000027
15275 0.000028
15276 0.000018
15277 0.000012
15278 0.000013
15279 0.000028
15280 0.000050
15281 0.000024
15282 0.000010
15283 0.000012
15284 0.000024
15285 0.000034
15286 0.000020
15287 0.000029
15288 0.000031
15289 0.000018
15290 0.000018
15291 0.000022
15292 0.000038
15293 0.000056
15294 0.000027
15295 0.000031
15296 0.000016
15297 0.000006
15298 0.000023
15299 0.000013
15300 0.000030
15301 0.000019
15302 0.000054
15303 0.000049
15304 0.000019
15305 0.000030
15306 0.000031
15307 0.000045
15308 0.000028
15309 0.000013
15310 0.000025
15311 0.000018
15312 0.000007
15313 0.000024
15314 0.000027
15315 0.000020
15316 0.000012
15317 0.000008
15318 0.000017
15319 0.000010
15320 0.000005
15321 0.000004
15322 0.000018
15323 0.000010
15324 0.000021
15325 0.000009
15326 0.000015
15327 0.000025
15328 0.000024
15329 0.000017
15330 0.000034
15331 0.000028
15332 0.000019
15333 0.000009
15334 0.000020
15335 0.000018
15336 0.000025
15337 0.000016
15338 0.000017
15339 0.000010
15340 0.000015
15341 0.000021
15342 0.000042
15343 0.000047
15344 0.000045
15345 0.000044
15346 0.000016
15347 0.000006
15348 0.000007
15349 0.000014
15350 0.000016
15351 0.000037
15352 0.000030
15353 0.000009
15354 0.000016
15355 0.000023
15356 0.000027
15357 0.000020
15358 0.000034
15359 0.000023
15360 0.000032
15361 0.000019
15362 0.000014
15363 0.000014
15364 0.000006
15365 0.000019
15366 0.000014
15367 0.000027
15368 0.000017
15369 0.000011
15370 0.000013
15371 0.000019
15372 0.000019
15373 0.000011
15374 0.000011
15375 0.000016
15376 0.000012
15377 0.000017
15378 0.000013
15379 0.000009
15380 0.000014
15381 0.000019
15382 0.000022
15383 0.000014
15384 0.000023
15385 0.000025
15386 0.000036
15387 0.000048
15388 0.000058
15389 0.000022
15390 0.000020
15391 0.000023
15392 0.000029
15393 0.000017
15394 0.000021
15395 0.000041
15396 0.000031
15397 0.000037
15398 0.000023
15399 0.000028
15400 0.000018
15401 0.000016
15402 0.000011
15403 0.000005
15404 0.000013
15405 0.000019
15406 0.000014
15407 0.000006
15408 0.000010
15409 0.000017
15410 0.000007
15411 0.000013
15412 0.000008
15413 0.000010
15414 0.000005
15415 0.000015
15416 0.000014
15417 0.000010
15418 0.000014
15419 0.000015
15420 0.000022
15421 0.000011
15422 0.000010
15423 0.000026
15424 0.000020
15425 0.000029
15426 0.000024
15427 0.000023
15428 0.000013
15429 0.000014
15430 0.000008
15431 0.000018
15432 0.000032
15433 0.000025
15434 0.000036
15435 0.000013
15436 0.000048
15437 0.000018
15438 0.000008
15439 0.000027
15440 0.000026
15441 0.000027
15442 0.000016
15443 0.000023
15444 0.000012
15445 0.000027
15446 0.000014
15447 0.000017
15448 0.000011
15449 0.000015
15450 0.000013
15451 0.000025
15452 0.000010
15453 0.000006
15454 0.000015
15455 0.000029
15456 0.000020
15457 0.000011
15458 0.000021
15459 0.000021
15460 0.000024
15461 0.000028
15462 0.000042
15463 0.000055
15464 0.000029
15465 0.000009
15466 0.000018
15467 0.000024
15468 0.000022
15469 0.000025
15470 0.000025
15471 0.000007
15472 0.000005
15473 0.000010
15474 0.000005
15475 0.000009
15476 0.000013
15477 0.000027
15478 0.000032
15479 0.000017
15480 0.000015
15481 0.000029
15482 0.000011
15483 0.000009
15484 0.000020
15485 0.000033
15486 0.000014
15487 0.000012
15488 0.000016
15489 0.000010
15490 0.000012
15491 0.000015
15492 0.000027
15493 0.000035
15494 0.000019
15495 0.000020
15496 0.000023
15497 0.000023
15498 0.000020
15499 0.000028
15500 0.000012
15501 0.000012
15502 0.000031
15503 0.000024
15504 0.000017
15505 0.000010
15506 0.000010
15507 0.000009
15508 0.000005
15509 0.000014
15510 0.000019
15511 0.000020
15512 0.000012
15513 0.000010
15514 0.000007
15515 0.000013
15516 0.000021
15517 0.000018
15518 0.000012
15519 0.000020
15520 0.000019
15521 0.000017
15522 0.000015
15523 0.000022
15524 0.000028
15525 0.000033
15526 0.000044
15527 0.000012
15528 0.000018
15529 0.000016
15530 0.000012
15531 0.000013
15532 0.000016
15533 0.000014
15534 0.000014
15535 0.000015
15536 0.000018
15537 0.000019
15538 0.000019
15539 0.000017
15540 0.000016
15541 0.000006
15542 0.000005
15543 0.000027
15544 0.000040
15545 0.000031
15546 0.000026
15547 0.000045
15548 0.000023
15549 0.000060
15550 0.000055
15551 0.000044
15552 0.000046
15553 0.000021
15554 0.000014
15555 0.000011
15556 0.000015
15557 0.000012
15558 0.000036
15559 0.000024
15560 0.000030
15561 0.000024
15562 0.000015
15563 0.000039
15564 0.000036
15565 0.000043
15566 0.000042
15567 0.000014
15568 0.000007
15569 0.000004
15570 0.000004
15571 0.000010
15572 0.000023
15573 0.000022
15574 0.000013
15575 0.000014
15576 0.000025
15577 0.000023
15578 0.000020
15579 0.000015
15580 0.000016
15581 0.000020
15582 0.000013
15583 0.000008
15584 0.000011
15585 0.000012
15586 0.000013
15587 0.000010
15588 0.000004
15589 0.000004
15590 0.000019
15591 0.000011
15592 0.000013
15593 0.000019
15594 0.000033
15595 0.000015
15596 0.000008
15597 0.000033
15598 0.000018
15599 0.000014
15600 0.000013
15601 0.000009
15602 0.000022
15603 0.000026
15604 0.000007
15605 0.000024
15606 0.000008
15607 0.000005
15608 0.000008
15609 0.000011
15610 0.000023
15611 0.000011
15612 0.000015
15613 0.000013
15614 0.000026
15615 0.000013
15616 0.000024
15617 0.000016
15618 0.000014
15619 0.000016
15620 0.000021
15621 0.000024
15622 0.000039
15623 0.000023
15624 0.000040
15625 0.000028
15626 0.000031
15627 0.000011
15628 0.000017
15629 0.000039
15630 0.000032
15631 0.000022
15632 0.000031
15633 0.000027
15634 0.000041
15635 0.000019
15636 0.000014
15637 0.000008
15638 0.000012
15639 0.000013
15640 0.000036
15641 0.000031
15642 0.000016
15643 0.000021
15644 0.000021
15645 0.000013
15646 0.000007
15647 0.000004
15648 0.000027
15649 0.000012
15650 0.000006
15651 0.000029
15652 0.000009
15653 0.000041
15654 0.000020
15655 0.000025
15656 0.000017
15657 0.000022
15658 0.000018
15659 0.000011
15660 0.000012
15661 0.000030
15662 0.000019
15663 0.000035
15664 0.000026
15665 0.000033
15666 0.000026
15667 0.000035
15668 0.000025
15669 0.000018
15670 0.000029
15671 0.000012
15672 0.000032
15673 0.000025
15674 0.000024
15675 0.000016
15676 0.000028
15677 0.000017
15678 0.000018
15679 0.000018
15680 0.000007
15681 0.000009
15682 0.000014
15683 0.000028
15684 0.000014
15685 0.000007
15686 0.000017
15687 0.000018
15688 0.000008
15689 0.000024
15690 0.000013
15691 0.000030
15692 0.000009
15693 0.000010
15694 0.000041
15695 0.000033
15696 0.000037
15697 0.000042
15698 0.000033
15699 0.000011
15700 0.000017
15701 0.000042
15702 0.000013
15703 0.000008
15704 0.000004
15705 0.000008
15706 0.000027
15707 0.000011
15708 0.000012
15709 0.000010
15710 0.000013
15711 0.000010
15712 0.000005
15713 0.000026
15714 0.000026
15715 0.000028
15716 0.000032
15717 0.000023
15718 0.000028
15719 0.000022
15720 0.000012
15721 0.000013
15722 0.000013
15723 0.000015
15724 0.000016
15725 0.000033
15726 0.000036
15727 0.000015
15728 0.000030
15729 0.000033
15730 0.000018
15731 0.000032
15732 0.000015
15733 0.000026
15734 0.000031
15735 0.000022
15736 0.000024
15737 0.000029
15738 0.000019
15739 0.000020
15740 0.000018
15741 0.000014
15742 0.000015
15743 0.000026
15744 0.000022
15745 0.000012
15746 0.000022
15747 0.000033
15748 0.000017
15749 0.000027
15750 0.000009
15751 0.000016
15752 0.000021
15753 0.000029
15754 0.000015
15755 0.000028
15756 0.000012
15757 0.000018
15758 0.000017
15759 0.000008
15760 0.000013
15761 0.000029
15762 0.000012
15763 0.000005
15764 0.000020
15765 0.000025
15766 0.000021
15767 0.000019
15768 0.000047
15769 0.000016
15770 0.000022
15771 0.000026
15772 0.000020
15773 0.000013
15774 0.000015
15775 0.000015
15776 0.000041
15777 0.000024
15778 0.000023
15779 0.000018
15780 0.000010
15781 0.000013
15782 0.000028
15783 0.000015
15784 0.000014
15785 0.000023
15786 0.000026
15787 0.000020
15788 0.000035
15789 0.000013
15790 0.000030
15791 0.000014
15792 0.000018
15793 0.000023
15794 0.000040
15795 0.000020
15796 0.000019
15797 0.000020
15798 0.000027
15799 0.000015
15800 0.000020
15801 0.000017
15802 0.000028
15803 0.000020
15804 0.000020
15805 0.000011
15806 0.000012
15807 0.000019
15808 0.000014
15809 0.000025
15810 0.000010
15811 0.000014
15812 0.000013
15813 0.000022
15814 0.000015
15815 0.000013
15816 0.000014
15817 0.000013
15818 0.000011
15819 0.000015
15820 0.000010
15821 0.000006
15822 0.000015
15823 0.000020
15824 0.000009
15825 0.000009
15826 0.000006
15827 0.000011
15828 0.000015
15829 0.000027
15830 0.000014
15831 0.000020
15832 0.000028
15833 0.000039
15834 0.000029
15835 0.000019
15836 0.000008
15837 0.000016
15838 0.000014
15839 0.000011
15840 0.000035
15841 0.000023
15842 0.000027
15843 0.000018
15844 0.000030
15845 0.000033
15846 0.000019
15847 0.000028
15848 0.000019
15849 0.000011
15850 0.000005
15851 0.000019
15852 0.000016
15853 0.000028
15854 0.000019
15855 0.000022
15856 0.000027
15857 0.000010
15858 0.000007
15859 0.000018
15860 0.000029
15861 0.000038
15862 0.000039
15863 0.000024
15864 0.000023
15865 0.000026
15866 0.000018
15867 0.000024
15868 0.000013
15869 0.000007
15870 0.000010
15871 0.000006
15872 0.000039
15873 0.000018
15874 0.000011
15875 0.000012
15876 0.000011
15877 0.000010
15878 0.000008
15879 0.000010
15880 0.000010
15881 0.000018
15882 0.000018
15883 0.000018
15884 0.000044
15885 0.000027
15886 0.000024
15887 0.000010
15888 0.000017
15889 0.000018
15890 0.000023
15891 0.000015
15892 0.000016
15893 0.000019
15894 0.000022
15895 0.000014
15896 0.000012
15897 0.000013
15898 0.000013
15899 0.000009
15900 0.000018
15901 0.000017
15902 0.000023
15903 0.000034
15904 0.000010
15905 0.000021
15906 0.000017
15907 0.000042
15908 0.000043
15909 0.000026
15910 0.000013
15911 0.000012
15912 0.000011
15913 0.000012
15914 0.000016
15915 0.000012
15916 0.000015
15917 0.000016
15918 0.000037
15919 0.000018
15920 0.000011
15921 0.000005
15922 0.000035
15923 0.000059
15924 0.000031
15925 0.000024
15926 0.000017
15927 0.000020
15928 0.000027
15929 0.000014
15930 0.000019
15931 0.000012
15932 0.000023
15933 0.000021
15934 0.000028
15935 0.000015
15936 0.000016
15937 0.000014
15938 0.000021
15939 0.000039
15940 0.000030
15941 0.000027
15942 0.000019
15943 0.000012
15944 0.000020
15945 0.000043
15946 0.000018
15947 0.000020
15948 0.000015
15949 0.000030
15950 0.000023
15951 0.000014
15952 0.000014
15953 0.000057
15954 0.000031
15955 0.000014
15956 0.000017
15957 0.000034
15958 0.000009
15959 0.000015
15960 0.000012
15961 0.000021
15962 0.000020
15963 0.000015
15964 0.000041
15965 0.000038
15966 0.000015
15967 0.000014
15968 0.000015
15969 0.000028
15970 0.000033
15971 0.000033
15972 0.000028
15973 0.000025
15974 0.000010
15975 0.000020
15976 0.000023
15977 0.000016
15978 0.000016
15979 0.000040
15980 0.000024
15981 0.000011
15982 0.000006
15983 0.000017
15984 0.000022
15985 0.000011
15986 0.000008
15987 0.000025
15988 0.000012
15989 0.000023
15990 0.000021
15991 0.000029
15992 0.000013
15993 0.000017
15994 0.000013
15995 0.000031
15996 0.000029
15997 0.000011
15998 0.000012
15999 0.000022
16000 0.000007
16001 0.000021
16002 0.000015
16003 0.000016
16004 0.000008
16005 0.000021
16006 0.000011
16007 0.000010
16008 0.000017
16009 0.000009
16010 0.000029
16011 0.000032
16012 0.000030
16013 0.000027
16014 0.000014
16015 0.000022
16016 0.000016
16017 0.000009
16018 0.000027
16019 0.000028
16020 0.000020
16021 0.000029
16022 0.000016
16023 0.000013
16024 0.000007
16025 0.000016
16026 0.000025
16027 0.000014
16028 0.000016
16029 0.000017
16030 0.000013
16031 0.000029
16032 0.000009
16033 0.000016
16034 0.000006
16035 0.000011
16036 0.000011
16037 0.000022
16038 0.000028
16039 0.000023
16040 0.000028
16041 0.000020
16042 0.000022
16043 0.000022
16044 0.000038
16045 0.000032
16046 0.000034
16047 0.000022
16048 0.000025
16049 0.000026
16050 0.000018
16051 0.000015
16052 0.000019
16053 0.000040
16054 0.000028
16055 0.000027
16056 0.000023
16057 0.000008
16058 0.000011
16059 0.000012
16060 0.000013
16061 0.000008
16062 0.000006
16063 0.000011
16064 0.000013
16065 0.000007
16066 0.000005
16067 0.000030
16068 0.000037
16069 0.000046
16070 0.000042
16071 0.000033
16072 0.000047
16073 0.000022
16074 0.000014
16075 0.000026
16076 0.000013
16077 0.000011
16078 0.000015
16079 0.000030
16080 0.000045
16081 0.000023
16082 0.000010
16083 0.000027
16084 0.000009
16085 0.000008
16086 0.000017
16087 0.000017
16088 0.000010
16089 0.000005
16090 0.000011
16091 0.000027
16092 0.000037
16093 0.000039
16094 0.000020
16095 0.000037
16096 0.000041
16097 0.000037
16098 0.000009
16099 0.000016
16100 0.000011
16101 0.000005
16102 0.000010
16103 0.000016
16104 0.000015
16105 0.000018
16106 0.000033
16107 0.000020
16108 0.000014
16109 0.000015
16110 0.000021
16111 0.000052
16112 0.000033
16113 0.000021
16114 0.000010
16115 0.000009
16116 0.000024
16117 0.000032
16118 0.000041
16119 0.000042
16120 0.000046
16121 0.000013
16122 0.000030
16123 0.000019
16124 0.000020
16125 0.000028
16126 0.000018
16127 0.000020
16128 0.000031
16129 0.000022
16130 0.000020
16131 0.000020
16132 0.000017
16133 0.000020
16134 0.000027
16135 0.000027
16136 0.000038
16137 0.000020
16138 0.000029
16139 0.000022
16140 0.000052
16141 0.000023
16142 0.000024
16143 0.000008
16144 0.000011
16145 0.000019
16146 0.000024
16147 0.000026
16148 0.000026
16149 0.000018
16150 0.000018
16151 0.000028
16152 0.000020
16153 0.000032
16154 0.000018
16155 0.000016
16156 0.000017
16157 0.000020
16158 0.000016
16159 0.000038
16160 0.000030
16161 0.000025
16162 0.000023
16163 0.000007
16164 0.000020
16165 0.000020
16166 0.000007
16167 0.000023
16168 0.000005
16169 0.000016
16170 0.000022
16171 0.000034
16172 0.000044
16173 0.000030
16174 0.000018
16175 0.000023
16176 0.000024
16177 0.000030
16178 0.000036
16179 0.000047
16180 0.000032
16181 0.000026
16182 0.000015
16183 0.000013
16184 0.000011
16185 0.000013
16186 0.000014
16187 0.000020
16188 0.000018
16189 0.000015
16190 0.000027
16191 0.000014
16192 0.000013
16193 0.000009
16194 0.000005
16195 0.000016
16196 0.000014
16197 0.000013
16198 0.000024
16199 0.000013
16200 0.000018
16201 0.000023
16202 0.000029
16203 0.000012
16204 0.000008
16205 0.000014
16206 0.000025
16207 0.000028
16208 0.000012
16209 0.000019
16210 0.000011
16211 0.000013
16212 0.000021
16213 0.000025
16214 0.000048
16215 0.000013
16216 0.000025
16217 0.000016
16218 0.000010
16219 0.000004
16220 0.000011
16221 0.000010
16222 0.000036
16223 0.000050
16224 0.000055
16225 0.000032
16226 0.000030
16227 0.000007
16228 0.000014
16229 0.000007
16230 0.000022
16231 0.000023
16232 0.000033
16233 0.000020
16234 0.000018
16235 0.000028
16236 0.000020
16237 0.000009
16238 0.000019
16239 0.000008
16240 0.000005
16241 0.000015
16242 0.000012
16243 0.000011
16244 0.000006
16245 0.000016
16246 0.000038
16247 0.000035
16248 0.000015
16249 0.000007
16250 0.000007
16251 0.000030
16252 0.000008
16253 0.000027
16254 0.000022
16255 0.000014
16256 0.000015
16257 0.000009
16258 0.000016
16259 0.000008
16260 0.000014
16261 0.000017
16262 0.000047
16263 0.000027
16264 0.000035
16265 0.000043
16266 0.000027
16267 0.000020
16268 0.000024
16269 0.000017
16270 0.000008
16271 0.000005
16272 0.000025
16273 0.000018
16274 0.000010
16275 0.000011
16276 0.000020
16277 0.000027
16278 0.000011
16279 0.000010
16280 0.000020
16281 0.000014
16282 0.000018
16283 0.000021
16284 0.000007
16285 0.000009
16286 0.000031
16287 0.000037
16288 0.000043
16289 0.000024
16290 0.000012
16291 0.000015
16292 0.000009
16293 0.000016
16294 0.000012
16295 0.000030
16296 0.000008
16297 0.000012
16298 0.000011
16299 0.000008
16300 0.000009
16301 0.000011
16302 0.000027
16303 0.000020
16304 0.000020
16305 0.000024
16306 0.000019
16307 0.000018
16308 0.000020
16309 0.000020
16310 0.000023
16311 0.000013
16312 0.000012
16313 0.000038
16314 0.000013
16315 0.000015
16316 0.000010
16317 0.000027
16318 0.000019
16319 0.000034
16320 0.000017
16321 0.000013
16322 0.000023
16323 0.000025
16324 0.000012
16325 0.000021
16326 0.000017
16327 0.000018
16328 0.000018
16329 0.000022
16330 0.000025
16331 0.000019
16332 0.000026
16333 0.000030
16334 0.000014
16335 0.000014
16336 0.000007
16337 0.000010
16338 0.000023
16339 0.000016
16340 0.000012
16341 0.000015
16342 0.000020
16343 0.000010
16344 0.000019
16345 0.000016
16346 0.000020
16347 0.000022
16348 0.000025
16349 0.000037
16350 0.000017
16351 0.000011
16352 0.000006
16353 0.000008
16354 0.000018
16355 0.000011
16356 0.000015
16357 0.000006
16358 0.000013
16359 0.000020
16360 0.000014
16361 0.000018
16362 0.000023
16363 0.000012
16364 0.000006
16365 0.000019
16366 0.000008
16367 0.000028
16368 0.000036
16369 0.000010
16370 0.000026
16371 0.000022
16372 0.000021
16373 0.000014
16374 0.000009
16375 0.000042
16376 0.000026
16377 0.000034
16378 0.000044
16379 0.000011
16380 0.000005
16381 0.000013
16382 0.000005
16383 0.000020
16384 0.000007
16385 0.000008
16386 0.000009
16387 0.000021
16388 0.000017
16389 0.000015
16390 0.000010
16391 0.000005
16392 0.000013
16393 0.000019
16394 0.000008
16395 0.000008
16396 0.000010
16397 0.000007
16398 0.000016
16399 0.000022
16400 0.000008
16401 0.000009
16402 0.000021
16403 0.000015
16404 0.000023
16405 0.000030
16406 0.000020
16407 0.000040
16408 0.000018
16409 0.000008
16410 0.000010
16411 0.000016
16412 0.000016
16413 0.000024
16414 0.000006
16415 0.000008
16416 0.000032
16417 0.000013
16418 0.000007
16419 0.000023
16420 0.000025
16421 0.000021
16422 0.000043
16423 0.000041
16424 0.000044
16425 0.000023
16426 0.000031
16427 0.000042
16428 0.000024
16429 0.000013
16430 0.000008
16431 0.000024
16432 0.000051
16433 0.000017
16434 0.000018
16435 0.000007
16436 0.000013
16437 0.000007
16438 0.000019
16439 0.000022
16440 0.000009
16441 0.000025
16442 0.000012
16443 0.000016
16444 0.000030
16445 0.000019
16446 0.000016
16447 0.000014
16448 0.000023
16449 0.000013
16450 0.000024
16451 0.000020
16452 0.000023
16453 0.000013
16454 0.000015
16455 0.000013
16456 0.000007
16457 0.000005
16458 0.000011
16459 0.000014
16460 0.000006
16461 0.000023
16462 0.000036
16463 0.000017
16464 0.000015
16465 0.000027
16466 0.000021
16467 0.000015
16468 0.000023
16469 0.000010
16470 0.000017
16471 0.000027
16472 0.000036
16473 0.000025
16474 0.000030
16475 0.000028
16476 0.000018
16477 0.000016
16478 0.000025
16479 0.000013
16480 0.000019
16481 0.000029
16482 0.000037
16483 0.000009
16484 0.000005
16485 0.000021
16486 0.000014
16487 0.000016
16488 0.000009
16489 0.000008
16490 0.000024
16491 0.000010
16492 0.000017
16493 0.000020
16494 0.000017
16495 0.000014
16496 0.000012
16497 0.000013
16498 0.000019
16499 0.000018
16500 0.000015
16501 0.000027
16502 0.000016
16503 0.000023
16504 0.000028
16505 0.000019
16506 0.000020
16507 0.000024
16508 0.000037
16509 0.000039
16510 0.000043
16511 0.000018
16512 0.000020
16513 0.000014
16514 0.000012
16515 0.000017
16516 0.000039
16517 0.000019
16518 0.000016
16519 0.000037
16520 0.000024
16521 0.000026
16522 0.000020
16523 0.000011
16524 0.000017
16525 0.000007
16526 0.000019
16527 0.000014
16528 0.000013
16529 0.000019
16530 0.000019
16531 0.000047
16532 0.000052
16533 0.000018
16534 0.000007
16535 0.000010
16536 0.000036
16537 0.000014
16538 0.000029
16539 0.000015
16540 0.000027
16541 0.000027
16542 0.000016
16543 0.000010
16544 0.000010
16545 0.000007
16546 0.000017
16547 0.000029
16548 0.000027
16549 0.000031
16550 0.000019
16551 0.000010
16552 0.000011
16553 0.000021
16554 0.000023
16555 0.000018
16556 0.000032
16557 0.000021
16558 0.000006
16559 0.000007
16560 0.000009
16561 0.000017
16562 0.000025
16563 0.000024
16564 0.000017
16565 0.000010
16566 0.000024
16567 0.000024
16568 0.000007
16569 0.000031
16570 0.000012
16571 0.000008
16572 0.000006
16573 0.000005
16574 0.000016
16575 0.000016
16576 0.000022
16577 0.000018
16578 0.000011
16579 0.000005
16580 0.000014
16581 0.000009
16582 0.000006
16583 0.000004
16584 0.000018
16585 0.000015
16586 0.000017
16587 0.000007
16588 0.000014
16589 0.000029
16590 0.000025
16591 0.000021
16592 0.000015
16593 0.000021
16594 0.000009
16595 0.000010
16596 0.000011
16597 0.000024
16598 0.000014
16599 0.000015
16600 0.000029
16601 0.000032
16602 0.000020
16603 0.000012
16604 0.000008
16605 0.000018
16606 0.000011
16607 0.000031
16608 0.000016
16609 0.000046
16610 0.000036
16611 0.000022
16612 0.000024
16613 0.000022
16614 0.000022
16615 0.000009
16616 0.000018
16617 0.000013
16618 0.000005
16619 0.000028
16620 0.000036
16621 0.000043
16622 0.000018
16623 0.000020
16624 0.000014
16625 0.000012
16626 0.000014
16627 0.000018
16628 0.000024
16629 0.000021
16630 0.000012
16631 0.000017
16632 0.000019
16633 0.000029
16634 0.000031
16635 0.000028
16636 0.000023
16637 0.000040
16638 0.000027
16639 0.000015
16640 0.000019
16641 0.000031
16642 0.000033
16643 0.000028
16644 0.000012
16645 0.000030
16646 0.000030
16647 0.000039
16648 0.000051
16649 0.000029
16650 0.000038
16651 0.000044
16652 0.000032
16653 0.000027
16654 0.000043
16655 0.000021
16656 0.000014
16657 0.000026
16658 0.000025
16659 0.000013
16660 0.000007
16661 0.000013
16662 0.000014
16663 0.000025
16664 0.000015
16665 0.000009
16666 0.000018
16667 0.000012
16668 0.000020
16669 0.000027
16670 0.000038
16671 0.000011
16672 0.000023
16673 0.000017
16674 0.000017
16675 0.000007
16676 0.000016
16677 0.000010
16678 0.000032
16679 0.000034
16680 0.000012
16681 0.000010
16682 0.000007
16683 0.000014
16684 0.000010
16685 0.000013
16686 0.000009
16687 0.000022
16688 0.000029
16689 0.000027
16690 0.000018
16691 0.000026
16692 0.000027
16693 0.000027
16694 0.000031
16695 0.000012
16696 0.000005
16697 0.000024
16698 0.000016
16699 0.000016
16700 0.000022
16701 0.000020
16702 0.000025
16703 0.000015
16704 0.000014
16705 0.000006
16706 0.000015
16707 0.000026
16708 0.000014
16709 0.000019
16710 0.000049
16711 0.000011
16712 0.000016
16713 0.000012
16714 0.000026
16715 0.000030
16716 0.000023
16717 0.000018
16718 0.000018
16719 0.000033
16720 0.000020
16721 0.000012
16722 0.000017
16723 0.000034
16724 0.000013
16725 0.000017
16726 0.000010
16727 0.000013
16728 0.000021
16729 0.000033
16730 0.000028
16731 0.000017
16732 0.000022
16733 0.000008
16734 0.000036
16735 0.000009
16736 0.000023
16737 0.000036
16738 0.000018
16739 0.000025
16740 0.000022
16741 0.000028
16742 0.000011
16743 0.000021
16744 0.000018
16745 0.000007
16746 0.000018
16747 0.000012
16748 0.000013
16749 0.000021
16750 0.000025
16751 0.000019
16752 0.000034
16753 0.000028
16754 0.000026
16755 0.000043
16756 0.000039
16757 0.000026
16758 0.000014
16759 0.000028
16760 0.000023
16761 0.000013
16762 0.000029
16763 0.000019
16764 0.000019
16765 0.000023
16766 0.000016
16767 0.000017
16768 0.000015
16769 0.000012
16770 0.000006
16771 0.000010
16772 0.000021
16773 0.000009
16774 0.000023
16775 0.000017
16776 0.000020
16777 0.000036
16778 0.000024
16779 0.000006
16780 0.000042
16781 0.000029
16782 0.000008
16783 0.000030
16784 0.000015
16785 0.000015
16786 0.000007
16787 0.000017
16788 0.000033
16789 0.000022
16790 0.000039
16791 0.000022
16792 0.000045
16793 0.000028
16794 0.000042
16795 0.000028
16796 0.000010
16797 0.000015
16798 0.000021
16799 0.000027
16800 0.000014
16801 0.000018
16802 0.000016
16803 0.000021
16804 0.000020
16805 0.000030
16806 0.000033
16807 0.000012
16808 0.000020
16809 0.000006
16810 0.000005
16811 0.000009
16812 0.000016
16813 0.000013
16814 0.000010
16815 0.000027
16816 0.000034
16817 0.000012
16818 0.000006
16819 0.000022
16820 0.000020
16821 0.000012
16822 0.000006
16823 0.000015
16824 0.000014
16825 0.000014
16826 0.000012
16827 0.000008
16828 0.000022
16829 0.000014
16830 0.000027
16831 0.000014
16832 0.000025
16833 0.000015
16834 0.000011
16835 0.000018
16836 0.000015
16837 0.000009
16838 0.000020
16839 0.000029
16840 0.000028
16841 0.000011
16842 0.000016
16843 0.000015
16844 0.000017
16845 0.000021
16846 0.000014
16847 0.000013
16848 0.000014
16849 0.000023
16850 0.000019
16851 0.000007
16852 0.000014
16853 0.000015
16854 0.000034
16855 0.000015
16856 0.000007
16857 0.000012
16858 0.000006
16859 0.000004
16860 0.000023
16861 0.000020
16862 0.000013
16863 0.000006
16864 0.000010
16865 0.000016
16866 0.000018
16867 0.000013
16868 0.000022
16869 0.000036
16870 0.000034
16871 0.000021
16872 0.000024
16873 0.000054
16874 0.000049
16875 0.000056
16876 0.000044
16877 0.000016
16878 0.000010
16879 0.000016
16880 0.000007
16881 0.000009
16882 0.000031
16883 0.000020
16884 0.000024
16885 0.000010
16886 0.000010
16887 0.000021
16888 0.000010
16889 0.000018
16890 0.000016
16891 0.000024
16892 0.000016
16893 0.000010
16894 0.000015
16895 0.000015
16896 0.000011
16897 0.000022
16898 0.000024
16899 0.000017
16900 0.000024
16901 0.000010
16902 0.000035
16903 0.000013
16904 0.000027
16905 0.000043
16906 0.000036
16907 0.000021
16908 0.000018
16909 0.000015
16910 0.000010
16911 0.000006
16912 0.000013
16913 0.000015
16914 0.000033
16915 0.000027
16916 0.000026
16917 0.000014
16918 0.000011
16919 0.000032
16920 0.000021
16921 0.000009
16922 0.000010
16923 0.000028
16924 0.000016
16925 0.000029
16926 0.000019
16927 0.000023
16928 0.000026
16929 0.000012
16930 0.000025
16931 0.000026
16932 0.000019
16933 0.000020
16934 0.000023
16935 0.000012
16936 0.000026
16937 0.000031
16938 0.000038
16939 0.000023
16940 0.000017
16941 0.000015
16942 0.000021
16943 0.000014
16944 0.000011
16945 0.000022
16946 0.000013
16947 0.000009
16948 0.000018
16949 0.000019
16950 0.000031
16951 0.000026
16952 0.000022
16953 0.000021
16954 0.000015
16955 0.000011
16956 0.000018
16957 0.000032
16958 0.000026
16959 0.000007
16960 0.000020
16961 0.000019
16962 0.000021
16963 0.000021
16964 0.000025
16965 0.000013
16966 0.000009
16967 0.000004
16968 0.000012
16969 0.000035
16970 0.000025
16971 0.000018
16972 0.000020
16973 0.000024
16974 0.000017
16975 0.000022
16976 0.000015
16977 0.000018
16978 0.000038
16979 0.000043
16980 0.000039
16981 0.000018
16982 0.000014
16983 0.000021
16984 0.000025
16985 0.000007
16986 0.000014
16987 0.000009
16988 0.000021
16989 0.000017
16990 0.000018
16991 0.000020
16992 0.000022
16993 0.000023
16994 0.000013
16995 0.000022
16996 0.000020
16997 0.000024
16998 0.000016
16999 0.000017
17000 0.000008
17001 0.000012
17002 0.000017
17003 0.000007
17004 0.000025
17005 0.000023
17006 0.000014
17007 0.000015
17008 0.000016
17009 0.000019
17010 0.000036
17011 0.000046
17012 0.000019
17013 0.000014
17014 0.000027
17015 0.000031
17016 0.000015
17017 0.000013
17018 0.000013
17019 0.000019
17020 0.000027
17021 0.000020
17022 0.000009
17023 0.000007
17024 0.000005
17025 0.000010
17026 0.000021
17027 0.000013
17028 0.000021
17029 0.000028
17030 0.000042
17031 0.000020
17032 0.000016
17033 0.000010
17034 0.000005
17035 0.000004
17036 0.000016
17037 0.000037
17038 0.000034
17039 0.000026
17040 0.000027
17041 0.000021
17042 0.000006
17043 0.000021
17044 0.000014
17045 0.000022
17046 0.000011
17047 0.000006
17048 0.000011
17049 0.000015
17050 0.000023
17051 0.000026
17052 0.000052
17053 0.000029
17054 0.000039
17055 0.000020
17056 0.000017
17057 0.000016
17058 0.000013
17059 0.000014
17060 0.000009
17061 0.000025
17062 0.000032
17063 0.000047
17064 0.000022
17065 0.000014
17066 0.000011
17067 0.000028
17068 0.000007
17069 0.000012
17070 0.000010
17071 0.000013
17072 0.000008
17073 0.000019
17074 0.000037
17075 0.000020
17076 0.000015
17077 0.000020
17078 0.000034
17079 0.000019
17080 0.000039
17081 0.000022
17082 0.000007
17083 0.000018
17084 0.000030
17085 0.000022
17086 0.000031
17087 0.000035
17088 0.000009
17089 0.000015
17090 0.000007
17091 0.000027
17092 0.000019
17093 0.000027
17094 0.000021
17095 0.000030
17096 0.000039
17097 0.000052
17098 0.000031
17099 0.000024
17100 0.000027
17101 0.000022
17102 0.000027
17103 0.000009
17104 0.000007
17105 0.000022
17106 0.000026
17107 0.000013
17108 0.000015
17109 0.000028
17110 0.000007
17111 0.000008
17112 0.000008
17113 0.000010
17114 0.000013
17115 0.000011
17116 0.000011
17117 0.000018
17118 0.000008
17119 0.000026
17120 0.000020
17121 0.000017
17122 0.000014
17123 0.000019
17124 0.000016
17125 0.000025
17126 0.000023
17127 0.000008
17128 0.000015
17129 0.000014
17130 0.000023
17131 0.000027
17132 0.000006
17133 0.000005
17134 0.000012
17135 0.000006
17136 0.000022
17137 0.000012
17138 0.000038
17139 0.000024
17140 0.000010
17141 0.000005
17142 0.000014
17143 0.000026
17144 0.000039
17145 0.000025
17146 0.000026
17147 0.000010
17148 0.000007
17149 0.000007
17150 0.000015
17151 0.000022
17152 0.000017
17153 0.000010
17154 0.000005
17155 0.000026
17156 0.000035
17157 0.000033
17158 0.000018
17159 0.000034
17160 0.000048
17161 0.000021
17162 0.000029
17163 0.000044
17164 0.000046
17165 0.000036
17166 0.000027
17167 0.000025
17168 0.000024
17169 0.000026
17170 0.000029
17171 0.000016
17172 0.000020
17173 0.000033
17174 0.000018
17175 0.000026
17176 0.000034
17177 0.000009
17178 0.000022
17179 0.000028
17180 0.000021
17181 0.000015
17182 0.000015
17183 0.000022
17184 0.000016
17185 0.000021
17186 0.000019
17187 0.000021
17188 0.000016
17189 0.000035
17190 0.000014
17191 0.000017
17192 0.000015
17193 0.000020
17194 0.000007
17195 0.000013
17196 0.000009
17197 0.000009
17198 0.000006
17199 0.000012
17200 0.000006
17201 0.000008
17202 0.000013
17203 0.000024
17204 0.000014
17205 0.000019
17206 0.000026
17207 0.000042
17208 0.000045
17209 0.000022
17210 0.000008
17211 0.000026
17212 0.000025
17213 0.000021
17214 0.000015
17215 0.000012
17216 0.000006
17217 0.000004
17218 0.000006
17219 0.000023
17220 0.000007
17221 0.000007
17222 0.000015
17223 0.000034
17224 0.000037
17225 0.000027
17226 0.000015
17227 0.000014
17228 0.000014
17229 0.000013
17230 0.000040
17231 0.000058
17232 0.000036
17233 0.000047
17234 0.000027
17235 0.000021
17236 0.000015
17237 0.000017
17238 0.000018
17239 0.000012
17240 0.000027
17241 0.000029
17242 0.000011
17243 0.000014
17244 0.000015
17245 0.000025
17246 0.000013
17247 0.000027
17248 0.000015
17249 0.000018
17250 0.000022
17251 0.000012
17252 0.000027
17253 0.000029
17254 0.000034
17255 0.000023
17256 0.000013
17257 0.000036
17258 0.000018
17259 0.000023
17260 0.000019
17261 0.000011
17262 0.000013
17263 0.000022
17264 0.000013
17265 0.000019
17266 0.000046
17267 0.000023
17268 0.000027
17269 0.000036
17270 0.000058
17271 0.000019
17272 0.000016
17273 0.000036
17274 0.000034
17275 0.000028
17276 0.000036
17277 0.000031
17278 0.000016
17279 0.000012
17280 0.000018
17281 0.000029
17282 0.000030
17283 0.000014
17284 0.000013
17285 0.000010
17286 0.000017
17287 0.000012
17288 0.000009
17289 0.000007
17290 0.000015
17291 0.000022
17292 0.000024
17293 0.000015
17294 0.000013
17295 0.000013
17296 0.000014
17297 0.000013
17298 0.000018
17299 0.000012
17300 0.000008
17301 0.000014
17302 0.000012
17303 0.000022
17304 0.000036
17305 0.000029
17306 0.000023
17307 0.000045
17308 0.000024
17309 0.000017
17310 0.000029
17311 0.000032
17312 0.000040
17313 0.000013
17314 0.000015
17315 0.000026
17316 0.000015
17317 0.000008
17318 0.000015
17319 0.000005
17320 0.000008
17321 0.000009
17322 0.000028
17323 0.000028
17324 0.000028
17325 0.000027
17326 0.000014
17327 0.000009
17328 0.000009
17329 0.000009
17330 0.000016
17331 0.000030
17332 0.000018
17333 0.000019
17334 0.000009
17335 0.000007
17336 0.000021
17337 0.000011
17338 0.000009
17339 0.000031
17340 0.000048
17341 0.000022
17342 0.000031
17343 0.000012
17344 0.000015
17345 0.000023
17346 0.000027
17347 0.000025
17348 0.000021
17349 0.000019
17350 0.000006
17351 0.000025
17352 0.000030
17353 0.000028
17354 0.000015
17355 0.000028
17356 0.000020
17357 0.000023
17358 0.000012
17359 0.000037
17360 0.000015
17361 0.000011
17362 0.000008
17363 0.000020
17364 0.000015
17365 0.000022
17366 0.000022
17367 0.000027
17368 0.000017
17369 0.000034
17370 0.000012
17371 0.000014
17372 0.000011
17373 0.000042
17374 0.000040
17375 0.000043
17376 0.000020
17377 0.000022
17378 0.000029
17379 0.000011
17380 0.000022
17381 0.000018
17382 0.000028
17383 0.000028
17384 0.000020
17385 0.000041
17386 0.000024
17387 0.000021
17388 0.000045
17389 0.000032
17390 0.000030
17391 0.000035
17392 0.000009
17393 0.000007
17394 0.000014
17395 0.000007
17396 0.000016
17397 0.000018
17398 0.000011
17399 0.000035
17400 0.000020
17401 0.000018
17402 0.000031
17403 0.000017
17404 0.000027
17405 0.000038
17406 0.000016
17407 0.000010
17408 0.000016
17409 0.000018
17410 0.000017
17411 0.000015
17412 0.000012
17413 0.000017
17414 0.000020
17415 0.000037
17416 0.000037
17417 0.000027
17418 0.000042
17419 0.000032
17420 0.000035
17421 0.000034
17422 0.000031
17423 0.000028
17424 0.000014
17425 0.000015
17426 0.000006
17427 0.000017
17428 0.000008
17429 0.000048
17430 0.000042
17431 0.000023
17432 0.000030
17433 0.000037
17434 0.000022
17435 0.000028
17436 0.000031
17437 0.000032
17438 0.000015
17439 0.000006
17440 0.000018
17441 0.000032
17442 0.000017
17443 0.000018
17444 0.000012
17445 0.000017
17446 0.000021
17447 0.000036
17448 0.000044
17449 0.000022
17450 0.000026
17451 0.000025
17452 0.000039
17453 0.000040
17454 0.000047
17455 0.000021
17456 0.000008
17457 0.000012
17458 0.000008
17459 0.000012
17460 0.000012
17461 0.000014
17462 0.000009
17463 0.000011
17464 0.000028
17465 0.000021
17466 0.000014
17467 0.000021
17468 0.000008
17469 0.000012
17470 0.000008
17471 0.000022
17472 0.000017
17473 0.000035
17474 0.000020
17475 0.000024
17476 0.000006
17477 0.000019
17478 0.000022
17479 0.000016
17480 0.000030
17481 0.000037
17482 0.000014
17483 0.000019
17484 0.000018
17485 0.000017
17486 0.000010
17487 0.000011
17488 0.000023
17489 0.000014
17490 0.000007
17491 0.000011
17492 0.000036
17493 0.000023
17494 0.000031
17495 0.000016
17496 0.000014
17497 0.000018
17498 0.000027
17499 0.000031
17500 0.000014
17501 0.000014
17502 0.000024
17503 0.000019
17504 0.000012
17505 0.000030
17506 0.000024
17507 0.000010
17508 0.000009
17509 0.000012
17510 0.000021
17511 0.000017
17512 0.000020
17513 0.000025
17514 0.000011
17515 0.000023
17516 0.000031
17517 0.000021
17518 0.000014
17519 0.000015
17520 0.000032
17521 0.000018
17522 0.000022
17523 0.000008
17524 0.000012
17525 0.000010
17526 0.000023
17527 0.000041
17528 0.000022
17529 0.000028
17530 0.000022
17531 0.000014
17532 0.000015
17533 0.000020
17534 0.000012
17535 0.000008
17536 0.000013
17537 0.000006
17538 0.000009
17539 0.000022
17540 0.000029
17541 0.000034
17542 0.000024
17543 0.000019
17544 0.000018
17545 0.000046
17546 0.000065
17547 0.000023
17548 0.000015
17549 0.000009
17550 0.000032
17551 0.000022
17552 0.000018
17553 0.000009
17554 0.000012
17555 0.000007
17556 0.000011
17557 0.000013
17558 0.000030
17559 0.000037
17560 0.000035
17561 0.000018
17562 0.000040
17563 0.000043
17564 0.000030
17565 0.000021
17566 0.000018
17567 0.000015
17568 0.000024
17569 0.000029
17570 0.000017
17571 0.000022
17572 0.000008
17573 0.000013
17574 0.000005
17575 0.000010
17576 0.000021
17577 0.000019
17578 0.000018
17579 0.000019
17580 0.000031
17581 0.000034
17582 0.000025
17583 0.000024
17584 0.000006
17585 0.000015
17586 0.000016
17587 0.000012
17588 0.000020
17589 0.000014
17590 0.000019
17591 0.000028
17592 0.000022
17593 0.000012
17594 0.000012
17595 0.000016
17596 0.000033
17597 0.000017
17598 0.000016
17599 0.000008
17600 0.000018
17601 0.000015
17602 0.000014
17603 0.000008
17604 0.000013
17605 0.000010
17606 0.000013
17607 0.000012
17608 0.000026
17609 0.000009
17610 0.000008
17611 0.000007
17612 0.000033
17613 0.000012
17614 0.000017
17615 0.000020
17616 0.000009
17617 0.000015
17618 0.000032
17619 0.000019
17620 0.000028
17621 0.000014
17622 0.000011
17623 0.000018
17624 0.000006
17625 0.000020
17626 0.000023
17627 0.000013
17628 0.000010
17629 0.000036
17630 0.000045
17631 0.000024
17632 0.000044
17633 0.000028
17634 0.000027
17635 0.000022
17636 0.000021
17637 0.000015
17638 0.000026
17639 0.000028
17640 0.000017
17641 0.000015
17642 0.000007
17643 0.000017
17644 0.000012
17645 0.000012
17646 0.000014
17647 0.000014
17648 0.000007
17649 0.000009
17650 0.000015
17651 0.000021
17652 0.000018
17653 0.000022
17654 0.000024
17655 0.000011
17656 0.000006
17657 0.000010
17658 0.000015
17659 0.000025
17660 0.000025
17661 0.000014
17662 0.000021
17663 0.000019
17664 0.000034
17665 0.000040
17666 0.000049
17667 0.000013
17668 0.000011
17669 0.000013
17670 0.000017
17671 0.000020
17672 0.000023
17673 0.000013
17674 0.000013
17675 0.000011
17676 0.000022
17677 0.000042
17678 0.000023
17679 0.000027
17680 0.000026
17681 0.000052
17682 0.000030
17683 0.000020
17684 0.000022
17685 0.000027
17686 0.000032
17687 0.000010
17688 0.000006
17689 0.000020
17690 0.000028
17691 0.000027
17692 0.000027
17693 0.000039
17694 0.000019
17695 0.000025
17696 0.000036
17697 0.000034
17698 0.000010
17699 0.000014
17700 0.000034
17701 0.000024
17702 0.000049
17703 0.000024
17704 0.000018
17705 0.000008
17706 0.000032
17707 0.000022
17708 0.000020
17709 0.000013
17710 0.000017
17711 0.000015
17712 0.000010
17713 0.000005
17714 0.000009
17715 0.000015
17716 0.000009
17717 0.000024
17718 0.000025
17719 0.000020
17720 0.000018
17721 0.000024
17722 0.000048
17723 0.000020
17724 0.000022
17725 0.000026
17726 0.000017
17727 0.000014
17728 0.000010
17729 0.000010
17730 0.000019
17731 0.000011
17732 0.000016
17733 0.000012
17734 0.000032
17735 0.000018
17736 0.000018
17737 0.000007
17738 0.000007
17739 0.000005
17740 0.000015
17741 0.000026
17742 0.000023
17743 0.000035
17744 0.000023
17745 0.000031
17746 0.000018
17747 0.000008
17748 0.000005
17749 0.000017
17750 0.000008
17751 0.000025
17752 0.000016
17753 0.000010
17754 0.000033
17755 0.000017
17756 0.000025
17757 0.000013
17758 0.000014
17759 0.000020
17760 0.000012
17761 0.000009
17762 0.000035
17763 0.000031
17764 0.000010
17765 0.000014
17766 0.000007
17767 0.000019
17768 0.000011
17769 0.000017
17770 0.000026
17771 0.000007
17772 0.000027
17773 0.000019
17774 0.000027
17775 0.000012
17776 0.000014
17777 0.000020
17778 0.000020
17779 0.000019
17780 0.000025
17781 0.000012
17782 0.000009
17783 0.000019
17784 0.000034
17785 0.000020
17786 0.000028
17787 0.000031
17788 0.000029
17789 0.000015
17790 0.000006
17791 0.000018
17792 0.000026
17793 0.000014
17794 0.000007
17795 0.000020
17796 0.000035
17797 0.000016
17798 0.000006
17799 0.000008
17800 0.000007
17801 0.000006
17802 0.000004
17803 0.000016
17804 0.000013
17805 0.000026
17806 0.000024
17807 0.000021
17808 0.000033
17809 0.000007
17810 0.000017
17811 0.000019
17812 0.000007
17813 0.000009
17814 0.000008
17815 0.000006
17816 0.000013
17817 0.000023
17818 0.000021
17819 0.000009
17820 0.000020
17821 0.000035
17822 0.000034
17823 0.000032
17824 0.000017
17825 0.000008
17826 0.000034
17827 0.000015
17828 0.000007
17829 0.000013
17830 0.000009
17831 0.000011
17832 0.000021
17833 0.000024
17834 0.000008
17835 0.000008
17836 0.000007
17837 0.000007
17838 0.000018
17839 0.000020
17840 0.000012
17841 0.000029
17842 0.000015
17843 0.000013
17844 0.000014
17845 0.000015
17846 0.000014
17847 0.000019
17848 0.000036
17849 0.000027
17850 0.000038
17851 0.000025
17852 0.000016
17853 0.000015
17854 0.000007
17855 0.000005
17856 0.000012
17857 0.000013
17858 0.000030
17859 0.000031
17860 0.000039
17861 0.000027
17862 0.000027
17863 0.000018
17864 0.000022
17865 0.000028
17866 0.000036
17867 0.000021
17868 0.000023
17869 0.000022
17870 0.000038
17871 0.000009
17872 0.000014
17873 0.000008
17874 0.000020
17875 0.000018
17876 0.000026
17877 0.000010
17878 0.000017
17879 0.000010
17880 0.000023
17881 0.000017
17882 0.000006
17883 0.000013
17884 0.000014
17885 0.000012
17886 0.000013
17887 0.000034
17888 0.000025
17889 0.000030
17890 0.000007
17891 0.000016
17892 0.000013
17893 0.000028
17894 0.000030
17895 0.000018
17896 0.000040
17897 0.000023
17898 0.000011
17899 0.000005
17900 0.000008
17901 0.000009
17902 0.000020
17903 0.000033
17904 0.000039
17905 0.000018
17906 0.000017
17907 0.000016
17908 0.000011
17909 0.000010
17910 0.000016
17911 0.000029
17912 0.000019
17913 0.000019
17914 0.000007
17915 0.000015
17916 0.000011
17917 0.000008
17918 0.000006
17919 0.000004
17920 0.000006
17921 0.000015
17922 0.000014
17923 0.000013
17924 0.000007
17925 0.000014
17926 0.000010
17927 0.000027
17928 0.000026
17929 0.000020
17930 0.000025
17931 0.000014
17932 0.000014
17933 0.000007
17934 0.000009
17935 0.000016
17936 0.000024
17937 0.000013
17938 0.000027
17939 0.000015
17940 0.000012
17941 0.000023
17942 0.000024
17943 0.000058
17944 0.000036
17945 0.000040
17946 0.000014
17947 0.000007
17948 0.000023
17949 0.000023
17950 0.000008
17951 0.000024
17952 0.000015
17953 0.000007
17954 0.000014
17955 0.000007
17956 0.000019
17957 0.000008
17958 0.000007
17959 0.000038
17960 0.000014
17961 0.000016
17962 0.000017
17963 0.000015
17964 0.000009
17965 0.000010
17966 0.000027
17967 0.000018
17968 0.000014
17969 0.000015
17970 0.000015
17971 0.000007
17972 0.000009
17973 0.000026
17974 0.000022
17975 0.000009
17976 0.000009
17977 0.000015
17978 0.000025
17979 0.000017
17980 0.000019
17981 0.000039
17982 0.000031
17983 0.000023
17984 0.000014
17985 0.000006
17986 0.000019
17987 0.000017
17988 0.000010
17989 0.000005
17990 0.000004
17991 0.000017
17992 0.000024
17993 0.000015
17994 0.000016
17995 0.000009
17996 0.000008
17997 0.000029
17998 0.000023
17999 0.000019
18000 0.000011
18001 0.000010
18002 0.000017
18003 0.000011
18004 0.000025
18005 0.000012
18006 0.000014
18007 0.000024
18008 0.000031
18009 0.000021
18010 0.000051
18011 0.000039
18012 0.000020
18013 0.000018
18014 0.000017
18015 0.000011
18016 0.000009
18017 0.000015
18018 0.000005
18019 0.000019
18020 0.000025
18021 0.000024
18022 0.000031
18023 0.000035
18024 0.000018
18025 0.000011
18026 0.000006
18027 0.000005
18028 0.000019
18029 0.000008
18030 0.000005
18031 0.000011
18032 0.000008
18033 0.000006
18034 0.000006
18035 0.000014
18036 0.000038
18037 0.000063
18038 0.000058
18039 0.000037
18040 0.000027
18041 0.000030
18042 0.000015
18043 0.000008
18044 0.000007
18045 0.000018
18046 0.000032
18047 0.000021
18048 0.000055
18049 0.000023
18050 0.000015
18051 0.000020
18052 0.000016
18053 0.000014
18054 0.000032
18055 0.000010
18056 0.000023
18057 0.000015
18058 0.000021
18059 0.000014
18060 0.000027
18061 0.000029
18062 0.000020
18063 0.000026
18064 0.000041
18065 0.000052
18066 0.000017
18067 0.000034
18068 0.000017
18069 0.000007
18070 0.000014
18071 0.000038
18072 0.000028
18073 0.000020
18074 0.000018
18075 0.000008
18076 0.000006
18077 0.000016
18078 0.000027
18079 0.000026
18080 0.000029
18081 0.000018
18082 0.000013
18083 0.000033
18084 0.000015
18085 0.000007
18086 0.000007
18087 0.000022
18088 0.000026
18089 0.000016
18090 0.000016
18091 0.000024
18092 0.000016
18093 0.000023
18094 0.000027
18095 0.000013
18096 0.000038
18097 0.000046
18098 0.000013
18099 0.000012
18100 0.000009
18101 0.000020
18102 0.000030
18103 0.000014
18104 0.000024
18105 0.000011
18106 0.000008
18107 0.000033
18108 0.000015
18109 0.000025
18110 0.000035
18111 0.000020
18112 0.000012
18113 0.000012
18114 0.000021
18115 0.000007
18116 0.000018
18117 0.000012
18118 0.000009
18119 0.000016
18120 0.000010
18121 0.000010
18122 0.000011
18123 0.000021
18124 0.000035
18125 0.000040
18126 0.000023
18127 0.000026
18128 0.000023
18129 0.000029
18130 0.000011
18131 0.000009
18132 0.000027
18133 0.000020
18134 0.000016
18135 0.000027
18136 0.000017
18137 0.000017
18138 0.000017
18139 0.000021
18140 0.000023
18141 0.000026
18142 0.000013
18143 0.000041
18144 0.000013
18145 0.000013
18146 0.000030
18147 0.000019
18148 0.000027
18149 0.000011
18150 0.000006
18151 0.000005
18152 0.000008
18153 0.000005
18154 0.000015
18155 0.000009
18156 0.000030
18157 0.000015
18158 0.000041
18159 0.000026
18160 0.000040
18161 0.000055
18162 0.000023
18163 0.000038
18164 0.000035
18165 0.000022
18166 0.000025
18167 0.000028
18168 0.000024
18169 0.000028
18170 0.000020
18171 0.000013
18172 0.000010
18173 0.000029
18174 0.000029
18175 0.000019
18176 0.000030
18177 0.000012
18178 0.000011
18179 0.000022
18180 0.000008
18181 0.000013
18182 0.000009
18183 0.000013
18184 0.000008
18185 0.000018
18186 0.000014
18187 0.000007
18188 0.000015
18189 0.000017
18190 0.000018
18191 0.000018
18192 0.000015
18193 0.000007
18194 0.000010
18195 0.000010
18196 0.000014
18197 0.000013
18198 0.000014
18199 0.000016
18200 0.000006
18201 0.000013
18202 0.000011
18203 0.000028
18204 0.000035
18205 0.000013
18206 0.000019
18207 0.000023
18208 0.000011
18209 0.000024
18210 0.000019
18211 0.000012
18212 0.000010
18213 0.000025
18214 0.000014
18215 0.000008
18216 0.000006
18217 0.000021
18218 0.000012
18219 0.000008
18220 0.000010
18221 0.000020
18222 0.000026
18223 0.000020
18224 0.000015
18225 0.000028
18226 0.000030
18227 0.000024
18228 0.000028
18229 0.000020
18230 0.000028
18231 0.000020
18232 0.000017
18233 0.000025
18234 0.000014
18235 0.000012
18236 0.000022
18237 0.000028
18238 0.000030
18239 0.000037
18240 0.000034
18241 0.000040
18242 0.000027
18243 0.000020
18244 0.000025
18245 0.000035
18246 0.000033
18247 0.000017
18248 0.000035
18249 0.000033
18250 0.000041
18251 0.000035
18252 0.000021
18253 0.000024
18254 0.000014
18255 0.000032
18256 0.000016
18257 0.000017
18258 0.000037
18259 0.000027
18260 0.000015
18261 0.000006
18262 0.000021
18263 0.000016
18264 0.000011
18265 0.000009
18266 0.000031
18267 0.000010
18268 0.000014
18269 0.000018
18270 0.000019
18271 0.000022
18272 0.000012
18273 0.000024
18274 0.000024
18275 0.000010
18276 0.000005
18277 0.000018
18278 0.000024
18279 0.000015
18280 0.000016
18281 0.000024
18282 0.000026
18283 0.000013
18284 0.000022
18285 0.000016
18286 0.000013
18287 0.000014
18288 0.000036
18289 0.000033
18290 0.000023
18291 0.000030
18292 0.000013
18293 0.000005
18294 0.000014
18295 0.000010
18296 0.000010
18297 0.000020
18298 0.000035
18299 0.000023
18300 0.000020
18301 0.000016
18302 0.000042
18303 0.000021
18304 0.000013
18305 0.000033
18306 0.000021
18307 0.000019
18308 0.000017
18309 0.000010
18310 0.000038
18311 0.000040
18312 0.000017
18313 0.000023
18314 0.000037
18315 0.000013
18316 0.000016
18317 0.000017
18318 0.000025
18319 0.000033
18320 0.000024
18321 0.000024
18322 0.000032
18323 0.000023
18324 0.000008
18325 0.000020
18326 0.000022
18327 0.000032
18328 0.000010
18329 0.000023
18330 0.000032
18331 0.000023
18332 0.000017
18333 0.000045
18334 0.000032
18335 0.000012
18336 0.000011
18337 0.000008
18338 0.000015
18339 0.000036
18340 0.000028
18341 0.000049
18342 0.000025
18343 0.000023
18344 0.000030
18345 0.000011
18346 0.000017
18347 0.000010
18348 0.000013
18349 0.000024
18350 0.000029
18351 0.000012
18352 0.000006
18353 0.000010
18354 0.000016
18355 0.000019
18356 0.000024
18357 0.000044
18358 0.000016
18359 0.000023
18360 0.000022
18361 0.000016
18362 0.000023
18363 0.000008
18364 0.000019
18365 0.000009
18366 0.000005
18367 0.000014
18368 0.000013
18369 0.000005
18370 0.000005
18371 0.000011
18372 0.000019
18373 0.000022
18374 0.000021
18375 0.000024
18376 0.000013
18377 0.000028
18378 0.000028
18379 0.000014
18380 0.000018
18381 0.000011
18382 0.000011
18383 0.000005
18384 0.000022
18385 0.000011
18386 0.000024
18387 0.000063
18388 0.000036
18389 0.000028
18390 0.000024
18391 0.000019
18392 0.000033
18393 0.000009
18394 0.000028
18395 0.000025
18396 0.000026
18397 0.000019
18398 0.000021
18399 0.000021
18400 0.000035
18401 0.000028
18402 0.000012
18403 0.000011
18404 0.000027
18405 0.000016
18406 0.000041
18407 0.000043
18408 0.000048
18409 0.000017
18410 0.000018
18411 0.000025
18412 0.000031
18413 0.000012
18414 0.000009
18415 0.000012
18416 0.000018
18417 0.000030
18418 0.000022
18419 0.000030
18420 0.000017
18421 0.000007
18422 0.000008
18423 0.000015
18424 0.000015
18425 0.000010
18426 0.000008
18427 0.000005
18428 0.000008
18429 0.000025
18430 0.000023
18431 0.000026
18432 0.000013
18433 0.000006
18434 0.000030
18435 0.000016
18436 0.000009
18437 0.000006
18438 0.000014
18439 0.000025
18440 0.000012
18441 0.000008
18442 0.000061
18443 0.000018
18444 0.000019
18445 0.000016
18446 0.000032
18447 0.000016
18448 0.000033
18449 0.000021
18450 0.000035
18451 0.000040
18452 0.000019
18453 0.000040
18454 0.000022
18455 0.000010
18456 0.000015
18457 0.000024
18458 0.000025
18459 0.000010
18460 0.000013
18461 0.000020
18462 0.000021
18463 0.000012
18464 0.000018
18465 0.000008
18466 0.000005
18467 0.000017
18468 0.000014
18469 0.000022
18470 0.000034
18471 0.000029
18472 0.000035
18473 0.000034
18474 0.000026
18475 0.000009
18476 0.000020
18477 0.000008
18478 0.000009
18479 0.000023
18480 0.000031
18481 0.000026
18482 0.000017
18483 0.000008
18484 0.000023
18485 0.000007
18486 0.000026
18487 0.000009
18488 0.000012
18489 0.000013
18490 0.000014
18491 0.000023
18492 0.000032
18493 0.000025
18494 0.000021
18495 0.000040
18496 0.000026
18497 0.000010
18498 0.000016
18499 0.000012
18500 0.000012
18501 0.000010
18502 0.000013
18503 0.000012
18504 0.000028
18505 0.000019
18506 0.000018
18507 0.000021
18508 0.000031
18509 0.000013
18510 0.000005
18511 0.000004
18512 0.000004
18513 0.000007
18514 0.000012
18515 0.000014
18516 0.000022
18517 0.000016
18518 0.000011
18519 0.000010
18520 0.000019
18521 0.000011
18522 0.000007
18523 0.000019
18524 0.000027
18525 0.000033
18526 0.000022
18527 0.000021
18528 0.000038
18529 0.000019
18530 0.000028
18531 0.000017
18532 0.000011
18533 0.000033
18534 0.000016
18535 0.000007
18536 0.000005
18537 0.000018
18538 0.000052
18539 0.000040
18540 0.000027
18541 0.000011
18542 0.000024
18543 0.000019
18544 0.000007
18545 0.000015
18546 0.000034
18547 0.000024
18548 0.000009
18549 0.000042
18550 0.000020
18551 0.000014
18552 0.000013
18553 0.000006
18554 0.000009
18555 0.000006
18556 0.000009
18557 0.000007
18558 0.000007
18559 0.000024
18560 0.000013
18561 0.000019
18562 0.000008
18563 0.000020
18564 0.000061
18565 0.000029
18566 0.000035
18567 0.000041
18568 0.000015
18569 0.000019
18570 0.000025
18571 0.000014
18572 0.000014
18573 0.000006
18574 0.000012
18575 0.000006
18576 0.000013
18577 0.000012
18578 0.000045
18579 0.000039
18580 0.000020
18581 0.000013
18582 0.000034
18583 0.000018
18584 0.000024
18585 0.000021
18586 0.000014
18587 0.000017
18588 0.000020
18589 0.000009
18590 0.000020
18591 0.000029
18592 0.000025
18593 0.000033
18594 0.000045
18595 0.000046
18596 0.000018
18597 0.000012
18598 0.000013
18599 0.000017
18600 0.000009
18601 0.000008
18602 0.000013
18603 0.000007
18604 0.000020
18605 0.000009
18606 0.000028
18607 0.000024
18608 0.000015
18609 0.000046
18610 0.000043
18611 0.000029
18612 0.000039
18613 0.000019
18614 0.000025
18615 0.000019
18616 0.000009
18617 0.000004
18618 0.000033
18619 0.000018
18620 0.000029
18621 0.000028
18622 0.000018
18623 0.000024
18624 0.000029
18625 0.000023
18626 0.000022
18627 0.000012
18628 0.000007
18629 0.000008
18630 0.000012
18631 0.000011
18632 0.000005
18633 0.000012
18634 0.000023
18635 0.000013
18636 0.000022
18637 0.000023
18638 0.000051
18639 0.000029
18640 0.000024
18641 0.000024
18642 0.000008
18643 0.000027
18644 0.000011
18645 0.000011
18646 0.000016
18647 0.000034
18648 0.000021
18649 0.000040
18650 0.000037
18651 0.000016
18652 0.000025
18653 0.000010
18654 0.000009
18655 0.000028
18656 0.000009
18657 0.000010
18658 0.000011
18659 0.000010
18660 0.000010
18661 0.000026
18662 0.000017
18663 0.000026
18664 0.000034
18665 0.000022
18666 0.000014
18667 0.000024
18668 0.000013
18669 0.000011
18670 0.000006
18671 0.000007
18672 0.000013
18673 0.000017
18674 0.000010
18675 0.000026
18676 0.000014
18677 0.000009
18678 0.000005
18679 0.000042
18680 0.000022
18681 0.000010
18682 0.000007
18683 0.000013
18684 0.000023
18685 0.000034
18686 0.000026
18687 0.000044
18688 0.000008
18689 0.000010
18690 0.000020
18691 0.000016
18692 0.000011
18693 0.000023
18694 0.000016
18695 0.000032
18696 0.000021
18697 0.000012
18698 0.000018
18699 0.000016
18700 0.000029
18701 0.000027
18702 0.000019
18703 0.000030
18704 0.000037
18705 0.000027
18706 0.000058
18707 0.000031
18708 0.000024
18709 0.000021
18710 0.000013
18711 0.000036
18712 0.000021
18713 0.000009
18714 0.000026
18715 0.000010
18716 0.000014
18717 0.000011
18718 0.000015
18719 0.000009
18720 0.000012
18721 0.000007
18722 0.000015
18723 0.000029
18724 0.000015
18725 0.000028
18726 0.000031
18727 0.000016
18728 0.000030
18729 0.000015
18730 0.000015
18731 0.000007
18732 0.000006
18733 0.000027
18734 0.000008
18735 0.000005
18736 0.000014
18737 0.000010
18738 0.000019
18739 0.000020
18740 0.000028
18741 0.000026
18742 0.000017
18743 0.000014
18744 0.000005
18745 0.000011
18746 0.000009
18747 0.000021
18748 0.000007
18749 0.000023
18750 0.000020
18751 0.000009
18752 0.000011
18753 0.000023
18754 0.000033
18755 0.000028
18756 0.000031
18757 0.000011
18758 0.000019
18759 0.000019
18760 0.000016
18761 0.000021
18762 0.000021
18763 0.000030
18764 0.000017
18765 0.000008
18766 0.000005
18767 0.000008
18768 0.000025
18769 0.000021
18770 0.000007
18771 0.000019
18772 0.000008
18773 0.000028
18774 0.000012
18775 0.000045
18776 0.000028
18777 0.000036
18778 0.000009
18779 0.000018
18780 0.000032
18781 0.000021
18782 0.000013
18783 0.000027
18784 0.000023
18785 0.000014
18786 0.000026
18787 0.000038
18788 0.000017
18789 0.000018
18790 0.000015
18791 0.000021
18792 0.000033
18793 0.000025
18794 0.000028
18795 0.000022
18796 0.000019
18797 0.000007
18798 0.000011
18799 0.000051
18800 0.000031
18801 0.000015
18802 0.000007
18803 0.000017
18804 0.000026
18805 0.000028
18806 0.000024
18807 0.000030
18808 0.000015
18809 0.000009
18810 0.000019
18811 0.000019
18812 0.000032
18813 0.000012
18814 0.000025
18815 0.000006
18816 0.000015
18817 0.000013
18818 0.000011
18819 0.000017
18820 0.000022
18821 0.000017
18822 0.000006
18823 0.000012
18824 0.000014
18825 0.000027
18826 0.000016
18827 0.000009
18828 0.000005
18829 0.000019
18830 0.000011
18831 0.000017
18832 0.000015
18833 0.000007
18834 0.000006
18835 0.000025
18836 0.000015
18837 0.000006
18838 0.000009
18839 0.000021
18840 0.000038
18841 0.000026
18842 0.000028
18843 0.000011
18844 0.000015
18845 0.000034
18846 0.000011
18847 0.000011
18848 0.000009
18849 0.000008
18850 0.000021
18851 0.000015
18852 0.000009
18853 0.000011
18854 0.000007
18855 0.000012
18856 0.000013
18857 0.000038
18858 0.000019
18859 0.000016
18860 0.000038
18861 0.000029
18862 0.000029
18863 0.000054
18864 0.000028
18865 0.000011
18866 0.000014
18867 0.000027
18868 0.000015
18869 0.000014
18870 0.000013
18871 0.000022
18872 0.000034
18873 0.000050
18874 0.000024
18875 0.000022
18876 0.000008
18877 0.000016
18878 0.000019
18879 0.000018
18880 0.000019
18881 0.000032
18882 0.000023
18883 0.000008
18884 0.000015
18885 0.000023
18886 0.000030
18887 0.000027
18888 0.000009
18889 0.000011
18890 0.000013
18891 0.000009
18892 0.000016
18893 0.000011
18894 0.000020
18895 0.000028
18896 0.000013
18897 0.000007
18898 0.000011
18899 0.000010
18900 0.000014
18901 0.000023
18902 0.000021
18903 0.000007
18904 0.000005
18905 0.000045
18906 0.000015
18907 0.000019
18908 0.000023
18909 0.000018
18910 0.000036
18911 0.000032
18912 0.000034
18913 0.000024
18914 0.000028
18915 0.000008
18916 0.000012
18917 0.000013
18918 0.000015
18919 0.000010
18920 0.000005
18921 0.000009
18922 0.000023
18923 0.000013
18924 0.000006
18925 0.000025
18926 0.000055
18927 0.000015
18928 0.000019
18929 0.000014
18930 0.000037
18931 0.000013
18932 0.000012
18933 0.000016
18934 0.000018
18935 0.000012
18936 0.000020
18937 0.000016
18938 0.000031
18939 0.000010
18940 0.000021
18941 0.000022
18942 0.000027
18943 0.000025
18944 0.000028
18945 0.000009
18946 0.000009
18947 0.000019
18948 0.000021
18949 0.000034
18950 0.000042
18951 0.000019
18952 0.000029
18953 0.000018
18954 0.000019
18955 0.000016
18956 0.000014
18957 0.000005
18958 0.000012
18959 0.000006
18960 0.000020
18961 0.000017
18962 0.000031
18963 0.000029
18964 0.000008
18965 0.000023
18966 0.000026
18967 0.000010
18968 0.000018
18969 0.000016
18970 0.000010
18971 0.000014
18972 0.000033
18973 0.000036
18974 0.000014
18975 0.000016
18976 0.000026
18977 0.000023
18978 0.000010
18979 0.000024
18980 0.000028
18981 0.000018
18982 0.000007
18983 0.000009
18984 0.000019
18985 0.000017
18986 0.000013
18987 0.000019
18988 0.000012
18989 0.000034
18990 0.000035
18991 0.000018
18992 0.000012
18993 0.000008
18994 0.000010
18995 0.000015
18996 0.000006
18997 0.000031
18998 0.000038
18999 0.000038
19000 0.000052
19001 0.000032
19002 0.000046
19003 0.000018
19004 0.000042
19005 0.000028
19006 0.000009
19007 0.000020
19008 0.000009
19009 0.000038
19010 0.000038
19011 0.000034
19012 0.000021
19013 0.000027
19014 0.000033
19015 0.000043
19016 0.000036
19017 0.000021
19018 0.000027
19019 0.000023
19020 0.000040
19021 0.000020
19022 0.000019
19023 0.000027
19024 0.000030
19025 0.000029
19026 0.000022
19027 0.000024
19028 0.000014
19029 0.000041
19030 0.000010
19031 0.000012
19032 0.000011
19033 0.000011
19034 0.000006
19035 0.000008
19036 0.000004
19037 0.000012
19038 0.000022
19039 0.000015
19040 0.000020
19041 0.000013
19042 0.000024
19043 0.000020
19044 0.000021
19045 0.000036
19046 0.000008
19047 0.000015
19048 0.000042
19049 0.000043
19050 0.000019
19051 0.000028
19052 0.000015
19053 0.000019
19054 0.000015
19055 0.000015
19056 0.000017
19057 0.000013
19058 0.000033
19059 0.000050
19060 0.000055
19061 0.000027
19062 0.000011
19063 0.000015
19064 0.000039
19065 0.000027
19066 0.000023
19067 0.000020
19068 0.000012
19069 0.000009
19070 0.000018
19071 0.000007
19072 0.000030
19073 0.000032
19074 0.000015
19075 0.000014
19076 0.000010
19077 0.000012
19078 0.000013
19079 0.000005
19080 0.000017
19081 0.000011
19082 0.000023
19083 0.000013
19084 0.000008
19085 0.000013
19086 0.000013
19087 0.000006
19088 0.000005
19089 0.000013
19090 0.000010
19091 0.000005
19092 0.000022
19093 0.000026
19094 0.000030
19095 0.000015
19096 0.000019
19097 0.000015
19098 0.000014
19099 0.000009
19100 0.000034
19101 0.000021
19102 0.000025
19103 0.000022
19104 0.000010
19105 0.000011
19106 0.000016
19107 0.000018
19108 0.000011
19109 0.000014
19110 0.000010
19111 0.000014
19112 0.000018
19113 0.000031
19114 0.000026
19115 0.000034
19116 0.000018
19117 0.000030
19118 0.000021
19119 0.000020
19120 0.000023
19121 0.000027
19122 0.000026
19123 0.000028
19124 0.000031
19125 0.000045
19126 0.000023
19127 0.000012
19128 0.000010
19129 0.000025
19130 0.000010
19131 0.000006
19132 0.000007
19133 0.000009
19134 0.000014
19135 0.000026
19136 0.000018
19137 0.000031
19138 0.000020
19139 0.000017
19140 0.000031
19141 0.000027
19142 0.000036
19143 0.000021
19144 0.000030
19145 0.000030
19146 0.000017
19147 0.000027
19148 0.000012
19149 0.000028
19150 0.000015
19151 0.000009
19152 0.000005
19153 0.000029
19154 0.000025
19155 0.000010
19156 0.000013
19157 0.000022
19158 0.000014
19159 0.000007
19160 0.000009
19161 0.000021
19162 0.000013
19163 0.000018
19164 0.000010
19165 0.000022
19166 0.000027
19167 0.000013
19168 0.000055
19169 0.000032
19170 0.000017
19171 0.000013
19172 0.000023
19173 0.000028
19174 0.000029
19175 0.000025
19176 0.000016
19177 0.000007
19178 0.000033
19179 0.000043
19180 0.000025
19181 0.000026
19182 0.000015
19183 0.000015
19184 0.000011
19185 0.000007
19186 0.000011
19187 0.000018
19188 0.000008
19189 0.000034
19190 0.000013
19191 0.000028
19192 0.000011
19193 0.000032
19194 0.000017
19195 0.000018
19196 0.000012
19197 0.000023
19198 0.000020
19199 0.000014
19200 0.000005
19201 0.000012
19202 0.000026
19203 0.000017
19204 0.000025
19205 0.000033
19206 0.000013
19207 0.000009
19208 0.000006
19209 0.000008
19210 0.000030
19211 0.000018
19212 0.000016
19213 0.000016
19214 0.000015
19215 0.000016
19216 0.000030
19217 0.000023
19218 0.000009
19219 0.000011
19220 0.000017
19221 0.000017
19222 0.000007
19223 0.000020
19224 0.000043
19225 0.000036
19226 0.000015
19227 0.000007
19228 0.000032
19229 0.000020
19230 0.000017
19231 0.000017
19232 0.000017
19233 0.000010
19234 0.000019
19235 0.000024
19236 0.000023
19237 0.000030
19238 0.000020
19239 0.000016
19240 0.000025
19241 0.000025
19242 0.000021
19243 0.000018
19244 0.000009
19245 0.000010
19246 0.000015
19247 0.000015
19248 0.000018
19249 0.000023
19250 0.000021
19251 0.000019
19252 0.000013
19253 0.000012
19254 0.000032
19255 0.000026
19256 0.000028
19257 0.000028
19258 0.000017
19259 0.000015
19260 0.000023
19261 0.000035
19262 0.000026
19263 0.000018
19264 0.000025
19265 0.000019
19266 0.000033
19267 0.000038
19268 0.000054
19269 0.000015
19270 0.000019
19271 0.000019
19272 0.000026
19273 0.000010
19274 0.000011
19275 0.000017
19276 0.000020
19277 0.000011
19278 0.000026
19279 0.000021
19280 0.000015
19281 0.000015
19282 0.000019
19283 0.000008
19284 0.000047
19285 0.000019
19286 0.000014
19287 0.000024
19288 0.000014
19289 0.000019
19290 0.000014
19291 0.000017
19292 0.000024
19293 0.000022
19294 0.000009
19295 0.000007
19296 0.000017
19297 0.000023
19298 0.000032
19299 0.000016
19300 0.000016
19301 0.000012
19302 0.000013
19303 0.000016
19304 0.000017
19305 0.000011
19306 0.000024
19307 0.000029
19308 0.000016
19309 0.000026
19310 0.000014
19311 0.000020
19312 0.000025
19313 0.000016
19314 0.000025
19315 0.000034
19316 0.000029
19317 0.000018
19318 0.000016
19319 0.000017
19320 0.000008
19321 0.000006
19322 0.000013
19323 0.000013
19324 0.000005
19325 0.000004
19326 0.000013
19327 0.000012
19328 0.000006
19329 0.000013
19330 0.000014
19331 0.000022
19332 0.000024
19333 0.000022
19334 0.000018
19335 0.000020
19336 0.000013
19337 0.000016
19338 0.000006
19339 0.000008
19340 0.000017
19341 0.000023
19342 0.000047
19343 0.000018
19344 0.000023
19345 0.000029
19346 0.000023
19347 0.000041
19348 0.000019
19349 0.000010
19350 0.000020
19351 0.000028
19352 0.000009
19353 0.000005
19354 0.000016
19355 0.000018
19356 0.000027
19357 0.000026
19358 0.000030
19359 0.000016
19360 0.000025
19361 0.000018
19362 0.000033
19363 0.000010
19364 0.000020
19365 0.000030
19366 0.000020
19367 0.000017
19368 0.000029
19369 0.000023
19370 0.000035
19371 0.000016
19372 0.000013
19373 0.000018
19374 0.000009
19375 0.000007
19376 0.000012
19377 0.000039
19378 0.000027
19379 0.000014
19380 0.000011
19381 0.000038
19382 0.000028
19383 0.000034
19384 0.000027
19385 0.000011
19386 0.000023
19387 0.000012
19388 0.000006
19389 0.000016
19390 0.000018
19391 0.000019
19392 0.000034
19393 0.000040
19394 0.000046
19395 0.000013
19396 0.000031
19397 0.000023
19398 0.000019
19399 0.000028
19400 0.000029
19401 0.000013
19402 0.000027
19403 0.000008
19404 0.000004
19405 0.000005
19406 0.000016
19407 0.000023
19408 0.000022
19409 0.000018
19410 0.000011
19411 0.000061
19412 0.000046
19413 0.000043
19414 0.000029
19415 0.000028
19416 0.000016
19417 0.000029
19418 0.000037
19419 0.000013
19420 0.000009
19421 0.000026
19422 0.000030
19423 0.000016
19424 0.000018
19425 0.000026
19426 0.000038
19427 0.000023
19428 0.000027
19429 0.000008
19430 0.000018
19431 0.000008
19432 0.000025
19433 0.000014
19434 0.000018
19435 0.000017
19436 0.000007
19437 0.000014
19438 0.000015
19439 0.000023
19440 0.000016
19441 0.000009
19442 0.000015
19443 0.000013
19444 0.000028
19445 0.000017
19446 0.000010
19447 0.000007
19448 0.000023
19449 0.000022
19450 0.000026
19451 0.000014
19452 0.000009
19453 0.000024
19454 0.000024
19455 0.000018
19456 0.000024
19457 0.000032
19458 0.000032
19459 0.000015
19460 0.000017
19461 0.000019
19462 0.000012
19463 0.000019
19464 0.000025
19465 0.000010
19466 0.000005
19467 0.000004
19468 0.000023
19469 0.000008
19470 0.000015
19471 0.000036
19472 0.000027
19473 0.000018
19474 0.000016
19475 0.000013
19476 0.000012
19477 0.000019
19478 0.000017
19479 0.000026
19480 0.000020
19481 0.000024
19482 0.000012
19483 0.000013
19484 0.000022
19485 0.000041
19486 0.000014
19487 0.000011
19488 0.000027
19489 0.000016
19490 0.000018
19491 0.000006
19492 0.000008
19493 0.000013
19494 0.000009
19495 0.000010
19496 0.000008
19497 0.000008
19498 0.000021
19499 0.000027
19500 0.000009
19501 0.000012
19502 0.000013
19503 0.000015
19504 0.000027
19505 0.000017
19506 0.000007
19507 0.000005
19508 0.000029
19509 0.000012
19510 0.000013
19511 0.000006
19512 0.000006
19513 0.000020
19514 0.000021
19515 0.000016
19516 0.000011
19517 0.000011
19518 0.000006
19519 0.000008
19520 0.000014
19521 0.000014
19522 0.000011
19523 0.000005
19524 0.000004
19525 0.000016
19526 0.000011
19527 0.000018
19528 0.000016
19529 0.000035
19530 0.000020
19531 0.000029
19532 0.000012
19533 0.000018
19534 0.000024
19535 0.000019
19536 0.000012
19537 0.000016
19538 0.000010
19539 0.000006
19540 0.000018
19541 0.000022
19542 0.000017
19543 0.000038
19544 0.000041
19545 0.000038
19546 0.000022
19547 0.000014
19548 0.000021
19549 0.000012
19550 0.000016
19551 0.000012
19552 0.000029
19553 0.000026
19554 0.000012
19555 0.000030
19556 0.000029
19557 0.000016
19558 0.000009
19559 0.000010
19560 0.000012
19561 0.000025
19562 0.000029
19563 0.000023
19564 0.000023
19565 0.000026
19566 0.000041
19567 0.000026
19568 0.000025
19569 0.000017
19570 0.000028
19571 0.000033
19572 0.000024
19573 0.000012
19574 0.000014
19575 0.000019
19576 0.000017
19577 0.000014
19578 0.000022
19579 0.000016
19580 0.000013
19581 0.000023
19582 0.000040
19583 0.000026
19584 0.000020
19585 0.000042
19586 0.000010
19587 0.000015
19588 0.000009
19589 0.000012
19590 0.000015
19591 0.000025
19592 0.000036
19593 0.000026
19594 0.000034
19595 0.000032
19596 0.000032
19597 0.000035
19598 0.000024
19599 0.000021
19600 0.000023
19601 0.000009
19602 0.000019
19603 0.000017
19604 0.000017
19605 0.000008
19606 0.000019
19607 0.000015
19608 0.000011
19609 0.000023
19610 0.000015
19611 0.000007
19612 0.000011
19613 0.000011
19614 0.000015
19615 0.000035
19616 0.000019
19617 0.000025
19618 0.000024
19619 0.000020
19620 0.000011
19621 0.000026
19622 0.000019
19623 0.000018
19624 0.000013
19625 0.000013
19626 0.000022
19627 0.000009
19628 0.000013
19629 0.000035
19630 0.000044
19631 0.000016
19632 0.000025
19633 0.000032
19634 0.000053
19635 0.000013
19636 0.000014
19637 0.000015
19638 0.000038
19639 0.000008
19640 0.000015
19641 0.000025
19642 0.000012
19643 0.000010
19644 0.000015
19645 0.000015
19646 0.000011
19647 0.000014
19648 0.000007
19649 0.000010
19650 0.000014
19651 0.000049
19652 0.000041
19653 0.000032
19654 0.000038
19655 0.000033
19656 0.000017
19657 0.000006
19658 0.000023
19659 0.000033
19660 0.000042
19661 0.000015
19662 0.000010
19663 0.000010
19664 0.000021
19665 0.000009
19666 0.000009
19667 0.000011
19668 0.000010
19669 0.000013
19670 0.000008
19671 0.000026
19672 0.000007
19673 0.000013
19674 0.000009
19675 0.000018
19676 0.000007
19677 0.000005
19678 0.000037
19679 0.000019
19680 0.000027
19681 0.000016
19682 0.000015
19683 0.000014
19684 0.000006
19685 0.000011
19686 0.000010
19687 0.000006
19688 0.000013
19689 0.000023
19690 0.000024
19691 0.000016
19692 0.000013
19693 0.000011
19694 0.000028
19695 0.000036
19696 0.000040
19697 0.000014
19698 0.000011
19699 0.000019
19700 0.000008
19701 0.000015
19702 0.000013
19703 0.000010
19704 0.000010
19705 0.000030
19706 0.000011
19707 0.000010
19708 0.000019
19709 0.000008
19710 0.000026
19711 0.000011
19712 0.000008
19713 0.000015
19714 0.000025
19715 0.000017
19716 0.000014
19717 0.000010
19718 0.000020
19719 0.000020
19720 0.000010
19721 0.000007
19722 0.000027
19723 0.000014
19724 0.000024
19725 0.000016
19726 0.000010
19727 0.000022
19728 0.000021
19729 0.000016
19730 0.000035
19731 0.000023
19732 0.000023
19733 0.000013
19734 0.000020
19735 0.000016
19736 0.000038
19737 0.000011
19738 0.000018
19739 0.000011
19740 0.000008
19741 0.000008
19742 0.000017
19743 0.000026
19744 0.000022
19745 0.000034
19746 0.000019
19747 0.000035
19748 0.000041
19749 0.000055
19750 0.000045
19751 0.000018
19752 0.000024
19753 0.000026
19754 0.000013
19755 0.000021
19756 0.000014
19757 0.000052
19758 0.000054
19759 0.000014
19760 0.000012
19761 0.000005
19762 0.000004
19763 0.000010
19764 0.000007
19765 0.000015
19766 0.000007
19767 0.000008
19768 0.000017
19769 0.000019
19770 0.000038
19771 0.000034
19772 0.000015
19773 0.000030
19774 0.000016
19775 0.000041
19776 0.000012
19777 0.000020
19778 0.000023
19779 0.000013
19780 0.000028
19781 0.000016
19782 0.000017
19783 0.000011
19784 0.000006
19785 0.000004
19786 0.000004
19787 0.000004
19788 0.000017
19789 0.000034
19790 0.000037
19791 0.000021
19792 0.000016
19793 0.000016
19794 0.000014
19795 0.000014
19796 0.000014
19797 0.000015
19798 0.000010
19799 0.000006
19800 0.000012
19801 0.000011
19802 0.000019
19803 0.000028
19804 0.000027
19805 0.000030
19806 0.000024
19807 0.000019
19808 0.000027
19809 0.000041
19810 0.000018
19811 0.000028
19812 0.000038
19813 0.000022
19814 0.000022
19815 0.000020
19816 0.000021
19817 0.000014
19818 0.000006
19819 0.000013
19820 0.000023
19821 0.000031
19822 0.000043
19823 0.000024
19824 0.000011
19825 0.000015
19826 0.000028
19827 0.000029
19828 0.000015
19829 0.000024
19830 0.000016
19831 0.000021
19832 0.000025
19833 0.000011
19834 0.000014
19835 0.000007
19836 0.000006
19837 0.000028
19838 0.000032
19839 0.000010
19840 0.000013
19841 0.000016
19842 0.000028
19843 0.000018
19844 0.000009
19845 0.000021
19846 0.000036
19847 0.000008
19848 0.000011
19849 0.000011
19850 0.000010
19851 0.000016
19852 0.000012
19853 0.000021
19854 0.000026
19855 0.000010
19856 0.000018
19857 0.000025
19858 0.000040
19859 0.000033
19860 0.000018
19861 0.000013
19862 0.000011
19863 0.000013
19864 0.000017
19865 0.000017
19866 0.000018
19867 0.000019
19868 0.000020
19869 0.000018
19870 0.000010
19871 0.000018
19872 0.000014
19873 0.000014
19874 0.000030
19875 0.000027
19876 0.000025
19877 0.000010
19878 0.000011
19879 0.000013
19880 0.000019
19881 0.000023
19882 0.000013
19883 0.000020
19884 0.000020
19885 0.000014
19886 0.000011
19887 0.000007
19888 0.000017
19889 0.000042
19890 0.000017
19891 0.000007
19892 0.000011
19893 0.000013
19894 0.000011
19895 0.000006
19896 0.000007
19897 0.000014
19898 0.000009
19899 0.000017
19900 0.000010
19901 0.000006
19902 0.000021
19903 0.000023
19904 0.000017
19905 0.000008
19906 0.000011
19907 0.000014
19908 0.000009
19909 0.000016
19910 0.000020
19911 0.000029
19912 0.000010
19913 0.000017
19914 0.000027
19915 0.000013
19916 0.000014
19917 0.000010
19918 0.000011
19919 0.000019
19920 0.000032
19921 0.000013
19922 0.000009
19923 0.000028
19924 0.000015
19925 0.000014
19926 0.000007
19927 0.000013
19928 0.000009
19929 0.000006
19930 0.000010
19931 0.000023
19932 0.000027
19933 0.000029
19934 0.000011
19935 0.000011
19936 0.000005
19937 0.000009
19938 0.000009
19939 0.000013
19940 0.000009
19941 0.000016
19942 0.000032
19943 0.000033
19944 0.000017
19945 0.000037
19946 0.000016
19947 0.000007
19948 0.000009
19949 0.000009
19950 0.000027
19951 0.000019
19952 0.000016
19953 0.000036
19954 0.000021
19955 0.000025
19956 0.000039
19957 0.000013
19958 0.000020
19959 0.000019
19960 0.000017
19961 0.000024
19962 0.000015
19963 0.000016
19964 0.000007
19965 0.000012
19966 0.000025
19967 0.000022
19968 0.000028
19969 0.000009
19970 0.000013
19971 0.000012
19972 0.000023
19973 0.000009
19974 0.000021
19975 0.000012
19976 0.000020
19977 0.000015
19978 0.000020
19979 0.000013
19980 0.000007
19981 0.000024
19982 0.000020
19983 0.000012
19984 0.000009
19985 0.000011
19986 0.000027
19987 0.000030
19988 0.000031
19989 0.000020
19990 0.000017
19991 0.000021
19992 0.000012
19993 0.000006
19994 0.000005
19995 0.000026
19996 0.000025
19997 0.000018
19998 0.000020
19999 0.000024
20000 0.000028
20001 0.000016
20002 0.000011
20003 0.000029
20004 0.000030
20005 0.000024
20006 0.000023
20007 0.000016
20008 0.000023
20009 0.000024
20010 0.000040
20011 0.000018
20012 0.000025
20013 0.000024
20014 0.000010
20015 0.000025
20016 0.000033
20017 0.000031
20018 0.000036
20019 0.000038
20020 0.000052
20021 0.000018
20022 0.000009
20023 0.000013
20024 0.000016
20025 0.000017
20026 0.000020
20027 0.000029
20028 0.000055
20029 0.000052
20030 0.000016
20031 0.000014
20032 0.000012
20033 0.000022
20034 0.000045
20035 0.000022
20036 0.000012
20037 0.000014
20038 0.000024
20039 0.000018
20040 0.000006
20041 0.000008
20042 0.000005
20043 0.000011
20044 0.000006
20045 0.000021
20046 0.000026
20047 0.000013
20048 0.000013
20049 0.000027
20050 0.000008
20051 0.000012
20052 0.000014
20053 0.000030
20054 0.000027
20055 0.000016
20056 0.000015
20057 0.000013
20058 0.000050
20059 0.000045
20060 0.000041
20061 0.000019
20062 0.000011
20063 0.000024
20064 0.000016
20065 0.000010
20066 0.000005
20067 0.000017
20068 0.000006
20069 0.000017
20070 0.000008
20071 0.000022
20072 0.000007
20073 0.000012
20074 0.000019
20075 0.000030
20076 0.000017
20077 0.000023
20078 0.000017
20079 0.000015
20080 0.000014
20081 0.000016
20082 0.000014
20083 0.000020
20084 0.000018
20085 0.000022
20086 0.000027
20087 0.000025
20088 0.000033
20089 0.000028
20090 0.000033
20091 0.000017
20092 0.000011
20093 0.000014
20094 0.000006
20095 0.000008
20096 0.000016
20097 0.000032
20098 0.000026
20099 0.000026
20100 0.000013
20101 0.000037
20102 0.000028
20103 0.000026
20104 0.000016
20105 0.000010
20106 0.000018
20107 0.000020
20108 0.000020
20109 0.000009
20110 0.000006
20111 0.000004
20112 0.000004
20113 0.000026
20114 0.000024
20115 0.000022
20116 0.000014
20117 0.000017
20118 0.000009
20119 0.000016
20120 0.000024
20121 0.000030
20122 0.000014
20123 0.000025
20124 0.000031
20125 0.000029
20126 0.000024
20127 0.000016
20128 0.000013
20129 0.000012
20130 0.000020
20131 0.000009
20132 0.000005
20133 0.000025
20134 0.000020
20135 0.000017
20136 0.000025
20137 0.000012
20138 0.000013
20139 0.000013
20140 0.000016
20141 0.000017
20142 0.000011
20143 0.000019
20144 0.000016
20145 0.000024
20146 0.000017
20147 0.000016
20148 0.000031
20149 0.000024
20150 0.000029
20151 0.000032
20152 0.000007
20153 0.000028
20154 0.000017
20155 0.000023
20156 0.000027
20157 0.000013
20158 0.000015
20159 0.000013
20160 0.000028
20161 0.000030
20162 0.000009
20163 0.000016
20164 0.000023
20165 0.000023
20166 0.000023
20167 0.000013
20168 0.000015
20169 0.000008
20170 0.000011
20171 0.000014
20172 0.000025
20173 0.000016
20174 0.000014
20175 0.000014
20176 0.000010
20177 0.000005
20178 0.000007
20179 0.000017
20180 0.000020
20181 0.000017
20182 0.000019
20183 0.000016
20184 0.000030
20185 0.000016
20186 0.000023
20187 0.000031
20188 0.000022
20189 0.000031
20190 0.000025
20191 0.000035
20192 0.000047
20193 0.000054
20194 0.000033
20195 0.000040
20196 0.000022
20197 0.000011
20198 0.000040
20199 0.000024
20200 0.000019
20201 0.000022
20202 0.000044
20203 0.000012
20204 0.000017
20205 0.000039
20206 0.000042
20207 0.000023
20208 0.000008
20209 0.000005
20210 0.000008
20211 0.000009
20212 0.000018
20213 0.000015
20214 0.000021
20215 0.000041
20216 0.000015
20217 0.000014
20218 0.000019
20219 0.000033
20220 0.000017
20221 0.000020
20222 0.000010
20223 0.000019
20224 0.000016
20225 0.000019
20226 0.000023
20227 0.000020
20228 0.000016
20229 0.000010
20230 0.000032
20231 0.000011
20232 0.000015
20233 0.000020
20234 0.000047
20235 0.000023
20236 0.000034
20237 0.000028
20238 0.000037
20239 0.000027
20240 0.000026
20241 0.000022
20242 0.000017
20243 0.000021
20244 0.000009
20245 0.000009
20246 0.000011
20247 0.000024
20248 0.000017
20249 0.000014
20250 0.000017
20251 0.000022
20252 0.000030
20253 0.000022
20254 0.000038
20255 0.000014
20256 0.000026
20257 0.000024
20258 0.000016
20259 0.000020
20260 0.000033
20261 0.000009
20262 0.000008
20263 0.000005
20264 0.000016
20265 0.000013
20266 0.000022
20267 0.000022
20268 0.000021
20269 0.000016
20270 0.000012
20271 0.000027
20272 0.000017
20273 0.000007
20274 0.000006
20275 0.000004
20276 0.000040
20277 0.000019
20278 0.000034
20279 0.000018
20280 0.000012
20281 0.000007
20282 0.000009
20283 0.000016
20284 0.000008
20285 0.000026
20286 0.000014
20287 0.000028
20288 0.000019
20289 0.000016
20290 0.000039
20291 0.000052
20292 0.000029
20293 0.000017
20294 0.000013
20295 0.000021
20296 0.000007
20297 0.000016
20298 0.000021
20299 0.000031
20300 0.000013
20301 0.000020
20302 0.000013
20303 0.000013
20304 0.000021
20305 0.000023
20306 0.000013
20307 0.000008
20308 0.000019
20309 0.000012
20310 0.000017
20311 0.000008
20312 0.000005
20313 0.000022
20314 0.000019
20315 0.000016
20316 0.000014
20317 0.000009
20318 0.000010
20319 0.000025
20320 0.000019
20321 0.000010
20322 0.000018
20323 0.000013
20324 0.000019
20325 0.000023
20326 0.000018
20327 0.000017
20328 0.000031
20329 0.000018
20330 0.000015
20331 0.000013
20332 0.000016
20333 0.000013
20334 0.000028
20335 0.000014
20336 0.000031
20337 0.000035
20338 0.000026
20339 0.000023
20340 0.000013
20341 0.000022
20342 0.000043
20343 0.000043
20344 0.000027
20345 0.000015
20346 0.000015
20347 0.000005
20348 0.000005
20349 0.000009
20350 0.000011
20351 0.000026
20352 0.000018
20353 0.000017
20354 0.000012
20355 0.000022
20356 0.000037
20357 0.000021
20358 0.000022
20359 0.000021
20360 0.000010
20361 0.000017
20362 0.000030
20363 0.000041
20364 0.000020
20365 0.000005
20366 0.000005
20367 0.000008
20368 0.000019
20369 0.000005
20370 0.000010
20371 0.000011
20372 0.000015
20373 0.000006
20374 0.000019
20375 0.000033
20376 0.000023
20377 0.000026
20378 0.000021
20379 0.000026
20380 0.000034
20381 0.000011
20382 0.000019
20383 0.000029
20384 0.000013
20385 0.000009
20386 0.000010
20387 0.000021
20388 0.000017
20389 0.000016
20390 0.000011
20391 0.000006
20392 0.000012
20393 0.000013
20394 0.000017
20395 0.000018
20396 0.000016
20397 0.000024
20398 0.000023
20399 0.000032
20400 0.000020
20401 0.000042
20402 0.000058
20403 0.000040
20404 0.000026
20405 0.000028
20406 0.000030
20407 0.000043
20408 0.000013
20409 0.000015
20410 0.000007
20411 0.000015
20412 0.000027
20413 0.000020
20414 0.000028
20415 0.000014
20416 0.000028
20417 0.000017
20418 0.000017
20419 0.000020
20420 0.000006
20421 0.000005
20422 0.000018
20423 0.000025
20424 0.000014
20425 0.000012
20426 0.000042
20427 0.000030
20428 0.000011
20429 0.000032
20430 0.000013
20431 0.000017
20432 0.000018
20433 0.000026
20434 0.000014
20435 0.000015
20436 0.000012
20437 0.000013
20438 0.000008
20439 0.000017
20440 0.000023
20441 0.000017
20442 0.000008
20443 0.000010
20444 0.000010
20445 0.000029
20446 0.000027
20447 0.000014
20448 0.000009
20449 0.000017
20450 0.000020
20451 0.000014
20452 0.000016
20453 0.000016
20454 0.000015
20455 0.000021
20456 0.000027
20457 0.000028
20458 0.000023
20459 0.000019
20460 0.000025
20461 0.000017
20462 0.000015
20463 0.000014
20464 0.000010
20465 0.000009
20466 0.000013
20467 0.000013
20468 0.000026
20469 0.000019
20470 0.000010
20471 0.000017
20472 0.000038
20473 0.000023
20474 0.000016
20475 0.000021
20476 0.000033
20477 0.000017
20478 0.000017
20479 0.000017
20480 0.000009
20481 0.000024
20482 0.000014
20483 0.000016
20484 0.000009
20485 0.000007
20486 0.000020
20487 0.000023
20488 0.000034
20489 0.000025
20490 0.000014
20491 0.000025
20492 0.000014
20493 0.000012
20494 0.000013
20495 0.000027
20496 0.000013
20497 0.000012
20498 0.000013
20499 0.000025
20500 0.000048
20501 0.000033
20502 0.000030
20503 0.000031
20504 0.000007
20505 0.000009
20506 0.000016
20507 0.000008
20508 0.000021
20509 0.000029
20510 0.000022
20511 0.000021
20512 0.000027
20513 0.000019
20514 0.000037
20515 0.000036
20516 0.000023
20517 0.000034
20518 0.000026
20519 0.000046
20520 0.000050
20521 0.000035
20522 0.000026
20523 0.000010
20524 0.000010
20525 0.000017
20526 0.000023
20527 0.000019
20528 0.000021
20529 0.000013
20530 0.000025
20531 0.000031
20532 0.000020
20533 0.000011
20534 0.000008
20535 0.000013
20536 0.000016
20537 0.000018
20538 0.000021
20539 0.000029
20540 0.000039
20541 0.000047
20542 0.000044
20543 0.000029
20544 0.000015
20545 0.000015
20546 0.000018
20547 0.000014
20548 0.000021
20549 0.000021
20550 0.000026
20551 0.000017
20552 0.000013
20553 0.000006
20554 0.000014
20555 0.000016
20556 0.000013
20557 0.000024
20558 0.000013
20559 0.000023
20560 0.000038
20561 0.000022
20562 0.000024
20563 0.000013
20564 0.000026
20565 0.000010
20566 0.000013
20567 0.000019
20568 0.000011
20569 0.000016
20570 0.000021
20571 0.000012
20572 0.000019
20573 0.000019
20574 0.000010
20575 0.000021
20576 0.000010
20577 0.000019
20578 0.000017
20579 0.000031
20580 0.000018
20581 0.000017
20582 0.000025
20583 0.000013
20584 0.000018
20585 0.000019
20586 0.000032
20587 0.000047
20588 0.000032
20589 0.000025
20590 0.000012
20591 0.000008
20592 0.000019
20593 0.000018
20594 0.000021
20595 0.000023
20596 0.000019
20597 0.000014
20598 0.000014
20599 0.000009
20600 0.000005
20601 0.000019
20602 0.000011
20603 0.000026
20604 0.000014
20605 0.000005
20606 0.000031
20607 0.000017
20608 0.000006
20609 0.000015
20610 0.000009
20611 0.000008
20612 0.000012
20613 0.000011
20614 0.000010
20615 0.000015
20616 0.000018
20617 0.000027
20618 0.000038
20619 0.000025
20620 0.000039
20621 0.000018
20622 0.000018
20623 0.000017
20624 0.000011
20625 0.000005
20626 0.000007
20627 0.000025
20628 0.000037
20629 0.000058
20630 0.000030
20631 0.000025
20632 0.000008
20633 0.000022
20634 0.000016
20635 0.000029
20636 0.000009
20637 0.000017
20638 0.000012
20639 0.000012
20640 0.000016
20641 0.000044
20642 0.000025
20643 0.000031
20644 0.000034
20645 0.000052
20646 0.000040
20647 0.000037
20648 0.000011
20649 0.000011
20650 0.000008
20651 0.000028
20652 0.000019
20653 0.000011
20654 0.000026
20655 0.000037
20656 0.000041
20657 0.000038
20658 0.000048
20659 0.000041
20660 0.000058
20661 0.000039
20662 0.000020
20663 0.000015
20664 0.000022
20665 0.000024
20666 0.000040
20667 0.000015
20668 0.000006
20669 0.000009
20670 0.000030
20671 0.000025
20672 0.000019
20673 0.000020
20674 0.000014
20675 0.000017
20676 0.000029
20677 0.000015
20678 0.000024
20679 0.000011
20680 0.000027
20681 0.000017
20682 0.000020
20683 0.000024
20684 0.000013
20685 0.000006
20686 0.000020
20687 0.000006
20688 0.000006
20689 0.000016
20690 0.000033
20691 0.000026
20692 0.000020
20693 0.000018
20694 0.000016
20695 0.000040
20696 0.000029
20697 0.000026
20698 0.000032
20699 0.000016
20700 0.000021
20701 0.000013
20702 0.000009
20703 0.000016
20704 0.000029
20705 0.000022
20706 0.000021
20707 0.000016
20708 0.000023
20709 0.000027
20710 0.000019
20711 0.000023
20712 0.000024
20713 0.000008
20714 0.000023
20715 0.000029
20716 0.000033
20717 0.000028
20718 0.000025
20719 0.000010
20720 0.000009
20721 0.000017
20722 0.000037
20723 0.000012
20724 0.000009
20725 0.000026
20726 0.000028
20727 0.000013
20728 0.000026
20729 0.000026
20730 0.000021
20731 0.000008
20732 0.000014
20733 0.000018
20734 0.000035
20735 0.000022
20736 0.000012
20737 0.000010
20738 0.000015
20739 0.000027
20740 0.000061
20741 0.000033
20742 0.000017
20743 0.000023
20744 0.000009
20745 0.000010
20746 0.000011
20747 0.000017
20748 0.000015
20749 0.000030
20750 0.000030
20751 0.000022
20752 0.000017
20753 0.000012
20754 0.000020
20755 0.000025
20756 0.000021
20757 0.000017
20758 0.000010
20759 0.000008
20760 0.000010
20761 0.000015
20762 0.000009
20763 0.000013
20764 0.000022
20765 0.000021
20766 0.000029
20767 0.000033
20768 0.000033
20769 0.000022
20770 0.000006
20771 0.000011
20772 0.000006
20773 0.000014
20774 0.000014
20775 0.000013
20776 0.000013
20777 0.000022
20778 0.000010
20779 0.000013
20780 0.000007
20781 0.000016
20782 0.000010
20783 0.000020
20784 0.000010
20785 0.000021
20786 0.000009
20787 0.000046
20788 0.000020
20789 0.000012
20790 0.000016
20791 0.000009
20792 0.000017
20793 0.000017
20794 0.000039
20795 0.000047
20796 0.000068
20797 0.000061
20798 0.000036
20799 0.000012
20800 0.000005
20801 0.000010
20802 0.000040
20803 0.000024
20804 0.000023
20805 0.000022
20806 0.000022
20807 0.000014
20808 0.000010
20809 0.000018
20810 0.000033
20811 0.000019
20812 0.000019
20813 0.000036
20814 0.000025
20815 0.000027
20816 0.000026
20817 0.000037
20818 0.000016
20819 0.000016
20820 0.000013
20821 0.000016
20822 0.000012
20823 0.000025
20824 0.000018
20825 0.000008
20826 0.000021
20827 0.000009
20828 0.000019
20829 0.000040
20830 0.000037
20831 0.000022
20832 0.000020
20833 0.000015
20834 0.000013
20835 0.000017
20836 0.000019
20837 0.000014
20838 0.000019
20839 0.000014
20840 0.000010
20841 0.000007
20842 0.000027
20843 0.000012
20844 0.000030
20845 0.000022
20846 0.000012
20847 0.000013
20848 0.000016
20849 0.000026
20850 0.000016
20851 0.000026
20852 0.000018
20853 0.000006
20854 0.000013
20855 0.000028
20856 0.000034
20857 0.000020
20858 0.000014
20859 0.000007
20860 0.000024
20861 0.000030
20862 0.000016
20863 0.000032
20864 0.000020
20865 0.000020
20866 0.000012
20867 0.000040
20868 0.000033
20869 0.000027
20870 0.000017
20871 0.000024
20872 0.000050
20873 0.000048
20874 0.000028
20875 0.000020
20876 0.000027
20877 0.000032
20878 0.000026
20879 0.000042
20880 0.000027
20881 0.000017
20882 0.000028
20883 0.000024
20884 0.000011
20885 0.000035
20886 0.000033
20887 0.000036
20888 0.000009
20889 0.000018
20890 0.000037
20891 0.000025
20892 0.000012
20893 0.000014
20894 0.000026
20895 0.000019
20896 0.000026
20897 0.000028
20898 0.000029
20899 0.000020
20900 0.000024
20901 0.000016
20902 0.000017
20903 0.000015
20904 0.000026
20905 0.000048
20906 0.000032
20907 0.000022
20908 0.000010
20909 0.000020
20910 0.000025
20911 0.000021
20912 0.000020
20913 0.000044
20914 0.000052
20915 0.000028
20916 0.000015
20917 0.000052
20918 0.000027
20919 0.000015
20920 0.000018
20921 0.000023
20922 0.000029
20923 0.000030
20924 0.000014
20925 0.000011
20926 0.000005
20927 0.000015
20928 0.000007
20929 0.000004
20930 0.000010
20931 0.000017
20932 0.000034
20933 0.000019
20934 0.000008
20935 0.000026
20936 0.000022
20937 0.000012
20938 0.000016
20939 0.000016
20940 0.000025
20941 0.000024
20942 0.000010
20943 0.000022
20944 0.000017
20945 0.000024
20946 0.000030
20947 0.000019
20948 0.000020
20949 0.000023
20950 0.000016
20951 0.000034
20952 0.000039
20953 0.000057
20954 0.000039
20955 0.000024
20956 0.000025
20957 0.000024
20958 0.000010
20959 0.000018
20960 0.000011
20961 0.000014
20962 0.000030
20963 0.000032
20964 0.000011
20965 0.000029
20966 0.000022
20967 0.000016
20968 0.000028
20969 0.000014
20970 0.000015
20971 0.000009
20972 0.000028
20973 0.000015
20974 0.000023
20975 0.000022
20976 0.000014
20977 0.000015
20978 0.000021
20979 0.000015
20980 0.000006
20981 0.000012
20982 0.000017
20983 0.000011
20984 0.000025
20985 0.000018
20986 0.000021
20987 0.000018
20988 0.000013
20989 0.000009
20990 0.000010
20991 0.000009
20992 0.000011
20993 0.000028
20994 0.000016
20995 0.000010
20996 0.000006
20997 0.000020
20998 0.000006
20999 0.000018
21000 0.000018
21001 0.000013
21002 0.000021
21003 0.000025
21004 0.000022
21005 0.000012
21006 0.000021
21007 0.000009
21008 0.000028
21009 0.000018
21010 0.000027
21011 0.000039
21012 0.000014
21013 0.000012
21014 0.000022
21015 0.000010
21016 0.000024
21017 0.000030
21018 0.000044
21019 0.000043
21020 0.000016
21021 0.000012
21022 0.000012
21023 0.000015
21024 0.000013
21025 0.000026
21026 0.000046
21027 0.000043
21028 0.000027
21029 0.000037
21030 0.000035
21031 0.000032
21032 0.000018
21033 0.000026
21034 0.000018
21035 0.000014
21036 0.000018
21037 0.000017
21038 0.000031
21039 0.000021
21040 0.000023
21041 0.000013
21042 0.000040
21043 0.000043
21044 0.000047
21045 0.000017
21046 0.000024
21047 0.000014
21048 0.000024
21049 0.000013
21050 0.000017
21051 0.000028
21052 0.000025
21053 0.000013
21054 0.000020
21055 0.000022
21056 0.000035
21057 0.000023
21058 0.000029
21059 0.000016
21060 0.000010
21061 0.000022
21062 0.000033
21063 0.000024
21064 0.000021
21065 0.000022
21066 0.000035
21067 0.000015
21068 0.000024
21069 0.000023
21070 0.000014
21071 0.000034
21072 0.000013
21073 0.000005
21074 0.000007
21075 0.000009
21076 0.000011
21077 0.000019
21078 0.000019
21079 0.000031
21080 0.000031
21081 0.000021
21082 0.000020
21083 0.000016
21084 0.000022
21085 0.000023
21086 0.000037
21087 0.000016
21088 0.000016
21089 0.000025
21090 0.000020
21091 0.000012
21092 0.000025
21093 0.000035
21094 0.000010
21095 0.000022
21096 0.000019
21097 0.000007
21098 0.000009
21099 0.000014
21100 0.000016
21101 0.000027
21102 0.000013
21103 0.000029
21104 0.000025
21105 0.000016
21106 0.000035
21107 0.000020
21108 0.000008
21109 0.000011
21110 0.000015
21111 0.000006
21112 0.000009
21113 0.000005
21114 0.000011
21115 0.000013
21116 0.000013
21117 0.000020
21118 0.000017
21119 0.000015
21120 0.000010
21121 0.000023
21122 0.000033
21123 0.000025
21124 0.000025
21125 0.000046
21126 0.000018
21127 0.000026
21128 0.000027
21129 0.000021
21130 0.000027
21131 0.000019
21132 0.000023
21133 0.000008
21134 0.000008
21135 0.000012
21136 0.000035
21137 0.000012
21138 0.000017
21139 0.000020
21140 0.000017
21141 0.000026
21142 0.000015
21143 0.000019
21144 0.000016
21145 0.000017
21146 0.000017
21147 0.000021
21148 0.000009
21149 0.000014
21150 0.000018
21151 0.000045
21152 0.000018
21153 0.000013
21154 0.000021
21155 0.000007
21156 0.000048
21157 0.000023
21158 0.000034
21159 0.000019
21160 0.000012
21161 0.000025
21162 0.000008
21163 0.000009
21164 0.000015
21165 0.000010
21166 0.000023
21167 0.000006
21168 0.000022
21169 0.000042
21170 0.000028
21171 0.000017
21172 0.000019
21173 0.000010
21174 0.000011
21175 0.000032
21176 0.000015
21177 0.000013
21178 0.000012
21179 0.000020
21180 0.000016
21181 0.000018
21182 0.000011
21183 0.000011
21184 0.000021
21185 0.000017
21186 0.000014
21187 0.000029
21188 0.000049
21189 0.000082
21190 0.000051
21191 0.000026
21192 0.000009
21193 0.000022
21194 0.000006
21195 0.000011
21196 0.000011
21197 0.000025
21198 0.000038
21199 0.000026
21200 0.000017
21201 0.000007
21202 0.000016
21203 0.000029
21204 0.000026
21205 0.000014
21206 0.000011
21207 0.000036
21208 0.000034
21209 0.000023
21210 0.000018
21211 0.000030
21212 0.000013
21213 0.000011
21214 0.000013
21215 0.000025
21216 0.000019
21217 0.000027
21218 0.000019
21219 0.000019
21220 0.000023
21221 0.000012
21222 0.000004
21223 0.000017
21224 0.000014
21225 0.000020
21226 0.000015
21227 0.000008
21228 0.000012
21229 0.000021
21230 0.000024
21231 0.000027
21232 0.000015
21233 0.000017
21234 0.000017
21235 0.000011
21236 0.000027
21237 0.000018
21238 0.000008
21239 0.000020
21240 0.000019
21241 0.000009
21242 0.000013
21243 0.000005
21244 0.000007
21245 0.000015
21246 0.000041
21247 0.000047
21248 0.000020
21249 0.000016
21250 0.000018
21251 0.000021
21252 0.000030
21253 0.000027
21254 0.000033
21255 0.000013
21256 0.000016
21257 0.000008
21258 0.000004
21259 0.000019
21260 0.000034
21261 0.000034
21262 0.000032
21263 0.000025
21264 0.000016
21265 0.000029
21266 0.000036
21267 0.000025
21268 0.000033
21269 0.000022
21270 0.000023
21271 0.000029
21272 0.000032
21273 0.000065
21274 0.000064
21275 0.000011
21276 0.000008
21277 0.000017
21278 0.000018
21279 0.000025
21280 0.000026
21281 0.000014
21282 0.000012
21283 0.000026
21284 0.000019
21285 0.000027
21286 0.000023
21287 0.000039
21288 0.000023
21289 0.000010
21290 0.000018
21291 0.000008
21292 0.000017
21293 0.000015
21294 0.000013
21295 0.000009
21296 0.000009
21297 0.000033
21298 0.000016
21299 0.000017
21300 0.000024
21301 0.000035
21302 0.000027
21303 0.000034
21304 0.000019
21305 0.000015
21306 0.000009
21307 0.000011
21308 0.000017
21309 0.000015
21310 0.000028
21311 0.000033
21312 0.000021
21313 0.000026
21314 0.000018
21315 0.000010
21316 0.000016
21317 0.000014
21318 0.000022
21319 0.000024
21320 0.000022
21321 0.000034
21322 0.000038
21323 0.000034
21324 0.000022
21325 0.000026
21326 0.000010
21327 0.000021
21328 0.000021
21329 0.000023
21330 0.000027
21331 0.000018
21332 0.000011
21333 0.000018
21334 0.000016
21335 0.000016
21336 0.000011
21337 0.000017
21338 0.000016
21339 0.000024
21340 0.000011
21341 0.000035
21342 0.000020
21343 0.000012
21344 0.000011
21345 0.000026
21346 0.000030
21347 0.000025
21348 0.000009
21349 0.000014
21350 0.000026
21351 0.000016
21352 0.000018
21353 0.000011
21354 0.000016
21355 0.000016
21356 0.000011
21357 0.000019
21358 0.000016
21359 0.000014
21360 0.000041
21361 0.000026
21362 0.000025
21363 0.000042
21364 0.000013
21365 0.000023
21366 0.000009
21367 0.000007
21368 0.000019
21369 0.000035
21370 0.000014
21371 0.000022
21372 0.000028
21373 0.000021
21374 0.000020
21375 0.000035
21376 0.000037
21377 0.000023
21378 0.000023
21379 0.000046
21380 0.000022
21381 0.000048
21382 0.000021
21383 0.000021
21384 0.000012
21385 0.000011
21386 0.000014
21387 0.000019
21388 0.000013
21389 0.000023
21390 0.000008
21391 0.000013
21392 0.000007
21393 0.000009
21394 0.000010
21395 0.000009
21396 0.000009
21397 0.000005
21398 0.000013
21399 0.000013
21400 0.000032
21401 0.000026
21402 0.000038
21403 0.000019
21404 0.000008
21405 0.000017
21406 0.000026
21407 0.000016
21408 0.000012
21409 0.000018
21410 0.000020
21411 0.000018
21412 0.000007
21413 0.000007
21414 0.000009
21415 0.000013
21416 0.000005
21417 0.000010
21418 0.000010
21419 0.000013
21420 0.000025
21421 0.000044
21422 0.000012
21423 0.000021
21424 0.000015
21425 0.000009
21426 0.000023
21427 0.000011
21428 0.000016
21429 0.000017
21430 0.000007
21431 0.000012
21432 0.000019
21433 0.000011
21434 0.000022
21435 0.000013
21436 0.000018
21437 0.000024
21438 0.000040
21439 0.000013
21440 0.000016
21441 0.000015
21442 0.000022
21443 0.000029
21444 0.000017
21445 0.000015
21446 0.000019
21447 0.000011
21448 0.000020
21449 0.000010
21450 0.000011
21451 0.000030
21452 0.000012
21453 0.000029
21454 0.000034
21455 0.000008
21456 0.000008
21457 0.000017
21458 0.000029
21459 0.000011
21460 0.000019
21461 0.000029
21462 0.000018
21463 0.000016
21464 0.000010
21465 0.000016
21466 0.000010
21467 0.000011
21468 0.000024
21469 0.000012
21470 0.000023
21471 0.000031
21472 0.000012
21473 0.000028
21474 0.000025
21475 0.000030
21476 0.000032
21477 0.000034
21478 0.000014
21479 0.000033
21480 0.000022
21481 0.000027
21482 0.000014
21483 0.000027
21484 0.000049
21485 0.000013
21486 0.000012
21487 0.000021
21488 0.000031
21489 0.000034
21490 0.000056
21491 0.000027
21492 0.000021
21493 0.000018
21494 0.000011
21495 0.000006
21496 0.000013
21497 0.000016
21498 0.000038
21499 0.000021
21500 0.000013
21501 0.000005
21502 0.000026
21503 0.000023
21504 0.000017
21505 0.000008
21506 0.000008
21507 0.000011
21508 0.000012
21509 0.000006
21510 0.000033
21511 0.000034
21512 0.000026
21513 0.000020
21514 0.000007
21515 0.000021
21516 0.000033
21517 0.000023
21518 0.000016
21519 0.000020
21520 0.000013
21521 0.000030
21522 0.000033
21523 0.000025
21524 0.000012
21525 0.000013
21526 0.000013
21527 0.000016
21528 0.000023
21529 0.000022
21530 0.000025
21531 0.000037
21532 0.000022
21533 0.000016
21534 0.000024
21535 0.000010
21536 0.000011
21537 0.000008
21538 0.000010
21539 0.000013
21540 0.000009
21541 0.000014
21542 0.000009
21543 0.000035
21544 0.000060
21545 0.000057
21546 0.000066
21547 0.000059
21548 0.000028
21549 0.000015
21550 0.000014
21551 0.000014
21552 0.000034
21553 0.000016
21554 0.000014
21555 0.000032
21556 0.000028
21557 0.000019
21558 0.000008
21559 0.000028
21560 0.000014
21561 0.000027
21562 0.000036
21563 0.000024
21564 0.000010
21565 0.000007
21566 0.000008
21567 0.000019
21568 0.000014
21569 0.000012
21570 0.000025
21571 0.000020
21572 0.000028
21573 0.000039
21574 0.000015
21575 0.000020
21576 0.000030
21577 0.000027
21578 0.000037
21579 0.000024
21580 0.000022
21581 0.000029
21582 0.000008
21583 0.000006
21584 0.000008
21585 0.000017
21586 0.000022
21587 0.000024
21588 0.000045
21589 0.000033
21590 0.000016
21591 0.000027
21592 0.000018
21593 0.000013
21594 0.000038
21595 0.000040
21596 0.000017
21597 0.000009
21598 0.000015
21599 0.000011
21600 0.000009
21601 0.000007
21602 0.000018
21603 0.000021
21604 0.000009
21605 0.000012
21606 0.000005
21607 0.000025
21608 0.000023
21609 0.000013
21610 0.000005
21611 0.000018
21612 0.000010
21613 0.000022
21614 0.000016
21615 0.000028
21616 0.000037
21617 0.000019
21618 0.000017
21619 0.000027
21620 0.000028
21621 0.000045
21622 0.000022
21623 0.000029
21624 0.000040
21625 0.000020
21626 0.000017
21627 0.000015
21628 0.000016
21629 0.000016
21630 0.000006
21631 0.000026
21632 0.000039
21633 0.000015
21634 0.000006
21635 0.000008
21636 0.000006
21637 0.000025
21638 0.000013
21639 0.000012
21640 0.000020
21641 0.000027
21642 0.000021
21643 0.000018
21644 0.000016
21645 0.000006
21646 0.000013
21647 0.000008
21648 0.000028
21649 0.000036
21650 0.000022
21651 0.000025
21652 0.000020
21653 0.000017
21654 0.000025
21655 0.000025
21656 0.000014
21657 0.000020
21658 0.000024
21659 0.000010
21660 0.000018
21661 0.000014
21662 0.000010
21663 0.000021
21664 0.000026
21665 0.000015
21666 0.000009
21667 0.000008
21668 0.000039
21669 0.000026
21670 0.000017
21671 0.000012
21672 0.000011
21673 0.000014
21674 0.000015
21675 0.000029
21676 0.000019
21677 0.000013
21678 0.000011
21679 0.000047
21680 0.000031
21681 0.000027
21682 0.000014
21683 0.000022
21684 0.000029
21685 0.000016
21686 0.000021
21687 0.000009
21688 0.000012
21689 0.000014
21690 0.000019
21691 0.000019
21692 0.000014
21693 0.000015
21694 0.000010
21695 0.000020
21696 0.000018
21697 0.000028
21698 0.000027
21699 0.000024
21700 0.000034
21701 0.000021
21702 0.000029
21703 0.000017
21704 0.000010
21705 0.000026
21706 0.000017
21707 0.000022
21708 0.000021
21709 0.000014
21710 0.000007
21711 0.000006
21712 0.000006
21713 0.000015
21714 0.000020
21715 0.000013
21716 0.000030
21717 0.000038
21718 0.000012
21719 0.000020
21720 0.000007
21721 0.000023
21722 0.000043
21723 0.000033
21724 0.000015
21725 0.000022
21726 0.000022
21727 0.000019
21728 0.000011
21729 0.000014
21730 0.000008
21731 0.000024
21732 0.000026
21733 0.000019
21734 0.000024
21735 0.000008
21736 0.000011
21737 0.000020
21738 0.000015
21739 0.000014
21740 0.000031
21741 0.000022
21742 0.000006
21743 0.000006
21744 0.000021
21745 0.000024
21746 0.000016
21747 0.000020
21748 0.000013
21749 0.000033
21750 0.000028
21751 0.000028
21752 0.000015
21753 0.000015
21754 0.000014
21755 0.000029
21756 0.000020
21757 0.000021
21758 0.000026
21759 0.000012
21760 0.000015
21761 0.000030
21762 0.000024
21763 0.000031
21764 0.000016
21765 0.000018
21766 0.000013
21767 0.000018
21768 0.000007
21769 0.000017
21770 0.000018
21771 0.000011
21772 0.000015
21773 0.000024
21774 0.000035
21775 0.000021
21776 0.000018
21777 0.000048
21778 0.000021
21779 0.000020
21780 0.000009
21781 0.000016
21782 0.000022
21783 0.000010
21784 0.000007
21785 0.000015
21786 0.000017
21787 0.000013
21788 0.000020
21789 0.000022
21790 0.000015
21791 0.000007
21792 0.000025
21793 0.000019
21794 0.000022
21795 0.000045
21796 0.000016
21797 0.000014
21798 0.000032
21799 0.000034
21800 0.000045
21801 0.000013
21802 0.000014
21803 0.000016
21804 0.000014
21805 0.000008
21806 0.000015
21807 0.000027
21808 0.000021
21809 0.000022
21810 0.000022
21811 0.000008
21812 0.000007
21813 0.000021
21814 0.000045
21815 0.000041
21816 0.000014
21817 0.000025
21818 0.000015
21819 0.000010
21820 0.000018
21821 0.000033
21822 0.000031
21823 0.000023
21824 0.000009
21825 0.000027
21826 0.000014
21827 0.000009
21828 0.000017
21829 0.000010
21830 0.000021
21831 0.000015
21832 0.000020
21833 0.000026
21834 0.000009
21835 0.000029
21836 0.000018
21837 0.000012
21838 0.000015
21839 0.000013
21840 0.000043
21841 0.000026
21842 0.000027
21843 0.000023
21844 0.000011
21845 0.000006
21846 0.000016
21847 0.000025
21848 0.000007
21849 0.000014
21850 0.000022
21851 0.000020
21852 0.000007
21853 0.000014
21854 0.000010
21855 0.000007
21856 0.000013
21857 0.000022
21858 0.000026
21859 0.000007
21860 0.000036
21861 0.000013
21862 0.000020
21863 0.000023
21864 0.000025
21865 0.000038
21866 0.000027
21867 0.000015
21868 0.000014
21869 0.000019
21870 0.000046
21871 0.000045
21872 0.000016
21873 0.000005
21874 0.000016
21875 0.000025
21876 0.000033
21877 0.000027
21878 0.000019
21879 0.000009
21880 0.000011
21881 0.000023
21882 0.000017
21883 0.000026
21884 0.000025
21885 0.000019
21886 0.000022
21887 0.000030
21888 0.000019
21889 0.000031
21890 0.000012
21891 0.000009
21892 0.000016
21893 0.000020
21894 0.000008
21895 0.000007
21896 0.000016
21897 0.000006
21898 0.000005
21899 0.000022
21900 0.000015
21901 0.000016
21902 0.000015
21903 0.000025
21904 0.000028
21905 0.000026
21906 0.000016
21907 0.000013
21908 0.000017
21909 0.000011
21910 0.000029
21911 0.000019
21912 0.000025
21913 0.000027
21914 0.000033
21915 0.000016
21916 0.000019
21917 0.000014
21918 0.000010
21919 0.000005
21920 0.000015
21921 0.000013
21922 0.000022
21923 0.000016
21924 0.000008
21925 0.000022
21926 0.000023
21927 0.000017
21928 0.000007
21929 0.000011
21930 0.000014
21931 0.000010
21932 0.000009
21933 0.000010
21934 0.000017
21935 0.000032
21936 0.000013
21937 0.000009
21938 0.000007
21939 0.000019
21940 0.000022
21941 0.000015
21942 0.000022
21943 0.000015
21944 0.000012
21945 0.000018
21946 0.000026
21947 0.000033
21948 0.000026
21949 0.000025
21950 0.000008
21951 0.000029
21952 0.000039
21953 0.000032
21954 0.000032
21955 0.000043
21956 0.000018
21957 0.000018
21958 0.000015
21959 0.000024
21960 0.000032
21961 0.000021
21962 0.000031
21963 0.000023
21964 0.000022
21965 0.000018
21966 0.000022
21967 0.000027
21968 0.000023
21969 0.000015
21970 0.000012
21971 0.000011
21972 0.000033
21973 0.000015
21974 0.000022
21975 0.000031
21976 0.000027
21977 0.000016
21978 0.000017
21979 0.000015
21980 0.000010
21981 0.000006
21982 0.000009
21983 0.000010
21984 0.000007
21985 0.000029
21986 0.000025
21987 0.000019
21988 0.000006
21989 0.000016
21990 0.000015
21991 0.000009
21992 0.000021
21993 0.000041
21994 0.000044
21995 0.000012
21996 0.000023
21997 0.000024
21998 0.000012
21999 0.000018
22000 0.000021
22001 0.000016
22002 0.000013
22003 0.000022
22004 0.000016
22005 0.000039
22006 0.000014
22007 0.000007
22008 0.000008
22009 0.000018
22010 0.000032
22011 0.000015
22012 0.000009
22013 0.000025
22014 0.000018
22015 0.000008
22016 0.000008
22017 0.000024
22018 0.000015
22019 0.000015
22020 0.000030
22021 0.000020
22022 0.000021
22023 0.000014
22024 0.000025
22025 0.000026
22026 0.000026
22027 0.000034
22028 0.000023
22029 0.000009
22030 0.000007
22031 0.000009
22032 0.000010
22033 0.000029
22034 0.000018
22035 0.000020
22036 0.000028
22037 0.000036
22038 0.000048
22039 0.000048
22040 0.000037
22041 0.000014
22042 0.000026
22043 0.000018
22044 0.000017
22045 0.000022
22046 0.000009
22047 0.000016
22048 0.000010
22049 0.000007
22050 0.000045
22051 0.000025
22052 0.000014
22053 0.000017
22054 0.000021
22055 0.000024
22056 0.000016
22057 0.000015
22058 0.000020
22059 0.000018
22060 0.000011
22061 0.000011
22062 0.000009
22063 0.000020
22064 0.000024
22065 0.000013
22066 0.000017
22067 0.000014
22068 0.000023
22069 0.000022
22070 0.000016
22071 0.000013
22072 0.000023
22073 0.000015
22074 0.000016
22075 0.000017
22076 0.000011
22077 0.000014
22078 0.000030
22079 0.000022
22080 0.000030
22081 0.000009
22082 0.000008
22083 0.000009
22084 0.000015
22085 0.000025
22086 0.000024
22087 0.000021
22088 0.000007
22089 0.000022
22090 0.000021
22091 0.000022
22092 0.000013
22093 0.000022
22094 0.000023
22095 0.000023
22096 0.000015
22097 0.000023
22098 0.000030
22099 0.000016
22100 0.000026
22101 0.000021
22102 0.000023
22103 0.000021
22104 0.000017
22105 0.000013
22106 0.000009
22107 0.000029
22108 0.000027
22109 0.000014
22110 0.000012
22111 0.000013
22112 0.000028
22113 0.000050
22114 0.000026
22115 0.000028
22116 0.000024
22117 0.000026
22118 0.000015
22119 0.000014
22120 0.000017
22121 0.000012
22122 0.000008
22123 0.000005
22124 0.000007
22125 0.000010
22126 0.000022
22127 0.000017
22128 0.000013
22129 0.000019
22130 0.000022
22131 0.000024
22132 0.000021
22133 0.000010
22134 0.000016
22135 0.000007
22136 0.000015
22137 0.000018
22138 0.000010
22139 0.000011
22140 0.000008
22141 0.000019
22142 0.000051
22143 0.000036
22144 0.000051
22145 0.000022
22146 0.000010
22147 0.000022
22148 0.000019
22149 0.000006
22150 0.000024
22151 0.000016
22152 0.000012
22153 0.000004
22154 0.000006
22155 0.000014
22156 0.000009
22157 0.000014
22158 0.000017
22159 0.000014
22160 0.000021
22161 0.000023
22162 0.000038
22163 0.000009
22164 0.000019
22165 0.000019
22166 0.000007
22167 0.000014
22168 0.000017
22169 0.000012
22170 0.000012
22171 0.000007
22172 0.000004
22173 0.000011
22174 0.000010
22175 0.000007
22176 0.000005
22177 0.000016
22178 0.000017
22179 0.000008
22180 0.000043
22181 0.000024
22182 0.000039
22183 0.000015
22184 0.000013
22185 0.000027
22186 0.000021
22187 0.000017
22188 0.000010
22189 0.000036
22190 0.000047
22191 0.000026
22192 0.000018
22193 0.000031
22194 0.000016
22195 0.000027
22196 0.000035
22197 0.000022
22198 0.000019
22199 0.000008
22200 0.000013
22201 0.000016
22202 0.000016
22203 0.000047
22204 0.000013
22205 0.000014
22206 0.000026
22207 0.000014
22208 0.000018
22209 0.000011
22210 0.000021
22211 0.000040
22212 0.000055
22213 0.000030
22214 0.000019
22215 0.000020
22216 0.000030
22217 0.000019
22218 0.000023
22219 0.000039
22220 0.000058
22221 0.000040
22222 0.000047
22223 0.000014
22224 0.000020
22225 0.000011
22226 0.000018
22227 0.000015
22228 0.000036
22229 0.000021
22230 0.000015
22231 0.000028
22232 0.000011
22233 0.000016
22234 0.000010
22235 0.000005
22236 0.000014
22237 0.000005
22238 0.000015
22239 0.000016
22240 0.000011
22241 0.000027
22242 0.000036
22243 0.000036
22244 0.000039
22245 0.000018
22246 0.000008
22247 0.000004
22248 0.000014
22249 0.000005
22250 0.000034
22251 0.000033
22252 0.000018
22253 0.000031
22254 0.000031
22255 0.000010
22256 0.000011
22257 0.000017
22258 0.000022
22259 0.000032
22260 0.000027
22261 0.000018
22262 0.000023
22263 0.000026
22264 0.000023
22265 0.000010
22266 0.000019
22267 0.000010
22268 0.000012
22269 0.000018
22270 0.000013
22271 0.000014
22272 0.000008
22273 0.000010
22274 0.000012
22275 0.000029
22276 0.000059
22277 0.000023
22278 0.000013
22279 0.000022
22280 0.000009
22281 0.000016
22282 0.000025
22283 0.000011
22284 0.000006
22285 0.000009
22286 0.000015
22287 0.000012
22288 0.000013
22289 0.000017
22290 0.000029
22291 0.000042
22292 0.000028
22293 0.000011
22294 0.000016
22295 0.000029
22296 0.000036
22297 0.000038
22298 0.000016
22299 0.000013
22300 0.000008
22301 0.000024
22302 0.000018
22303 0.000030
22304 0.000028
22305 0.000024
22306 0.000019
22307 0.000011
22308 0.000025
22309 0.000017
22310 0.000021
22311 0.000021
22312 0.000010
22313 0.000011
22314 0.000006
22315 0.000005
22316 0.000018
22317 0.000041
22318 0.000025
22319 0.000008
22320 0.000013
22321 0.000006
22322 0.000011
22323 0.000015
22324 0.000013
22325 0.000027
22326 0.000018
22327 0.000009
22328 0.000024
22329 0.000015
22330 0.000033
22331 0.000023
22332 0.000023
22333 0.000029
22334 0.000016
22335 0.000010
22336 0.000023
22337 0.000012
22338 0.000009
22339 0.000010
22340 0.000021
22341 0.000012
22342 0.000010
22343 0.000011
22344 0.000025
22345 0.000007
22346 0.000015
22347 0.000016
22348 0.000017
22349 0.000019
22350 0.000038
22351 0.000035
22352 0.000029
22353 0.000011
22354 0.000022
22355 0.000008
22356 0.000020
22357 0.000018
22358 0.000016
22359 0.000021
22360 0.000040
22361 0.000041
22362 0.000013
22363 0.000021
22364 0.000007
22365 0.000034
22366 0.000043
22367 0.000020
22368 0.000016
22369 0.000013
22370 0.000019
22371 0.000008
22372 0.000007
22373 0.000024
22374 0.000019
22375 0.000019
22376 0.000015
22377 0.000017
22378 0.000009
22379 0.000013
22380 0.000015
22381 0.000021
22382 0.000020
22383 0.000019
22384 0.000026
22385 0.000012
22386 0.000017
22387 0.000021
22388 0.000009
22389 0.000018
22390 0.000020
22391 0.000006
22392 0.000011
22393 0.000009
22394 0.000010
22395 0.000016
22396 0.000027
22397 0.000024
22398 0.000025
22399 0.000011
22400 0.000019
22401 0.000020
22402 0.000029
22403 0.000014
22404 0.000010
22405 0.000026
22406 0.000044
22407 0.000071
22408 0.000045
22409 0.000021
22410 0.000031
22411 0.000016
22412 0.000026
22413 0.000025
22414 0.000013
22415 0.000024
22416 0.000024
22417 0.000022
22418 0.000030
22419 0.000009
22420 0.000008
22421 0.000015
22422 0.000038
22423 0.000021
22424 0.000012
22425 0.000023
22426 0.000026
22427 0.000033
22428 0.000024
22429 0.000021
22430 0.000045
22431 0.000012
22432 0.000031
22433 0.000036
22434 0.000042
22435 0.000020
22436 0.000030
22437 0.000030
22438 0.000012
22439 0.000013
22440 0.000025
22441 0.000016
22442 0.000013
22443 0.000023
22444 0.000018
22445 0.000011
22446 0.000015
22447 0.000013
22448 0.000009
22449 0.000014
22450 0.000007
22451 0.000021
22452 0.000023
22453 0.000027
22454 0.000028
22455 0.000021
22456 0.000021
22457 0.000023
22458 0.000023
22459 0.000030
22460 0.000008
22461 0.000013
22462 0.000013
22463 0.000012
22464 0.000009
22465 0.000022
22466 0.000030
22467 0.000025
22468 0.000017
22469 0.000008
22470 0.000012
22471 0.000009
22472 0.000005
22473 0.000024
22474 0.000011
22475 0.000017
22476 0.000021
22477 0.000011
22478 0.000008
22479 0.000008
22480 0.000013
22481 0.000036
22482 0.000032
22483 0.000021
22484 0.000009
22485 0.000014
22486 0.000019
22487 0.000020
22488 0.000027
22489 0.000009
22490 0.000020
22491 0.000025
22492 0.000035
22493 0.000027
22494 0.000015
22495 0.000022
22496 0.000011
22497 0.000008
22498 0.000009
22499 0.000013
22500 0.000015
22501 0.000028
22502 0.000015
22503 0.000030
22504 0.000016
22505 0.000040
22506 0.000022
22507 0.000014
22508 0.000031
22509 0.000020
22510 0.000016
22511 0.000007
22512 0.000042
22513 0.000034
22514 0.000023
22515 0.000014
22516 0.000015
22517 0.000016
22518 0.000017
22519 0.000005
22520 0.000009
22521 0.000018
22522 0.000023
22523 0.000026
22524 0.000021
22525 0.000029
22526 0.000011
22527 0.000032
22528 0.000030
22529 0.000016
22530 0.000017
22531 0.000013
22532 0.000024
22533 0.000013
22534 0.000033
22535 0.000009
22536 0.000010
22537 0.000017
22538 0.000039
22539 0.000010
22540 0.000017
22541 0.000018
22542 0.000011
22543 0.000028
22544 0.000016
22545 0.000018
22546 0.000008
22547 0.000020
22548 0.000025
22549 0.000032
22550 0.000035
22551 0.000023
22552 0.000009
22553 0.000011
22554 0.000020
22555 0.000011
22556 0.000027
22557 0.000007
22558 0.000013
22559 0.000020
22560 0.000023
22561 0.000006
22562 0.000009
22563 0.000007
22564 0.000019
22565 0.000015
22566 0.000022
22567 0.000008
22568 0.000009
22569 0.000008
22570 0.000030
22571 0.000021
22572 0.000011
22573 0.000018
22574 0.000014
22575 0.000018
22576 0.000013
22577 0.000014
22578 0.000011
22579 0.000017
22580 0.000029
22581 0.000028
22582 0.000027
22583 0.000014
22584 0.000007
22585 0.000030
22586 0.000028
22587 0.000018
22588 0.000010
22589 0.000026
22590 0.000039
22591 0.000014
22592 0.000020
22593 0.000020
22594 0.000020
22595 0.000020
22596 0.000025
22597 0.000022
22598 0.000053
22599 0.000052
22600 0.000026
22601 0.000032
22602 0.000021
22603 0.000011
22604 0.000016
22605 0.000038
22606 0.000053
22607 0.000040
22608 0.000031
22609 0.000051
22610 0.000014
22611 0.000009
22612 0.000013
22613 0.000016
22614 0.000029
22615 0.000014
22616 0.000027
22617 0.000011
22618 0.000019
22619 0.000023
22620 0.000016
22621 0.000013
22622 0.000015
22623 0.000042
22624 0.000032
22625 0.000022
22626 0.000027
22627 0.000013
22628 0.000008
22629 0.000028
22630 0.000028
22631 0.000016
22632 0.000008
22633 0.000014
22634 0.000015
22635 0.000013
22636 0.000026
22637 0.000021
22638 0.000021
22639 0.000016
22640 0.000012
22641 0.000014
22642 0.000017
22643 0.000020
22644 0.000025
22645 0.000016
22646 0.000016
22647 0.000012
22648 0.000007
22649 0.000024
22650 0.000011
22651 0.000027
22652 0.000011
22653 0.000014
22654 0.000027
22655 0.000014
22656 0.000009
22657 0.000008
22658 0.000019
22659 0.000013
22660 0.000028
22661 0.000023
22662 0.000009
22663 0.000023
22664 0.000016
22665 0.000010
22666 0.000036
22667 0.000013
22668 0.000016
22669 0.000015
22670 0.000013
22671 0.000014
22672 0.000029
22673 0.000026
22674 0.000029
22675 0.000031
22676 0.000030
22677 0.000025
22678 0.000026
22679 0.000020
22680 0.000012
22681 0.000012
22682 0.000023
22683 0.000013
22684 0.000026
22685 0.000016
22686 0.000010
22687 0.000037
22688 0.000023
22689 0.000012
22690 0.000005
22691 0.000005
22692 0.000013
22693 0.000013
22694 0.000013
22695 0.000015
22696 0.000012
22697 0.000006
22698 0.000030
22699 0.000014
22700 0.000021
22701 0.000014
22702 0.000011
22703 0.000012
22704 0.000016
22705 0.000030
22706 0.000031
22707 0.000024
22708 0.000027
22709 0.000024
22710 0.000017
22711 0.000040
22712 0.000034
22713 0.000033
22714 0.000020
22715 0.000016
22716 0.000027
22717 0.000025
22718 0.000045
22719 0.000025
22720 0.000015
22721 0.000008
22722 0.000008
22723 0.000023
22724 0.000023
22725 0.000022
22726 0.000014
22727 0.000021
22728 0.000020
22729 0.000034
22730 0.000027
22731 0.000026
22732 0.000021
22733 0.000039
22734 0.000042
22735 0.000021
22736 0.000007
22737 0.000012
22738 0.000010
22739 0.000010
22740 0.000015
22741 0.000032
22742 0.000019
22743 0.000023
22744 0.000006
22745 0.000008
22746 0.000018
22747 0.000025
22748 0.000020
22749 0.000039
22750 0.000011
22751 0.000010
22752 0.000011
22753 0.000026
22754 0.000012
22755 0.000022
22756 0.000027
22757 0.000016
22758 0.000008
22759 0.000012
22760 0.000008
22761 0.000021
22762 0.000015
22763 0.000028
22764 0.000011
22765 0.000019
22766 0.000017
22767 0.000023
22768 0.000010
22769 0.000016
22770 0.000006
22771 0.000012
22772 0.000017
22773 0.000014
22774 0.000012
22775 0.000011
22776 0.000005
22777 0.000016
22778 0.000035
22779 0.000017
22780 0.000024
22781 0.000017
22782 0.000026
22783 0.000014
22784 0.000012
22785 0.000020
22786 0.000011
22787 0.000021
22788 0.000041
22789 0.000022
22790 0.000012
22791 0.000020
22792 0.000014
22793 0.000017
22794 0.000017
22795 0.000053
22796 0.000021
22797 0.000018
22798 0.000009
22799 0.000018
22800 0.000011
22801 0.000056
22802 0.000031
22803 0.000025
22804 0.000033
22805 0.000020
22806 0.000013
22807 0.000011
22808 0.000013
22809 0.000007
22810 0.000006
22811 0.000005
22812 0.000007
22813 0.000009
22814 0.000014
22815 0.000031
22816 0.000059
22817 0.000015
22818 0.000033
22819 0.000017
22820 0.000014
22821 0.000011
22822 0.000033
22823 0.000059
22824 0.000035
22825 0.000038
22826 0.000017
22827 0.000016
22828 0.000027
22829 0.000026
22830 0.000026
22831 0.000032
22832 0.000015
22833 0.000031
22834 0.000027
22835 0.000018
22836 0.000011
22837 0.000020
22838 0.000022
22839 0.000011
22840 0.000012
22841 0.000018
22842 0.000038
22843 0.000019
22844 0.000014
22845 0.000009
22846 0.000020
22847 0.000015
22848 0.000016
22849 0.000020
22850 0.000017
22851 0.000014
22852 0.000008
22853 0.000013
22854 0.000020
22855 0.000020
22856 0.000023
22857 0.000011
22858 0.000013
22859 0.000013
22860 0.000025
22861 0.000026
22862 0.000015
22863 0.000015
22864 0.000021
22865 0.000016
22866 0.000010
22867 0.000009
22868 0.000014
22869 0.000016
22870 0.000024
22871 0.000016
22872 0.000016
22873 0.000009
22874 0.000038
22875 0.000025
22876 0.000027
22877 0.000021
22878 0.000018
22879 0.000019
22880 0.000019
22881 0.000024
22882 0.000010
22883 0.000013
22884 0.000010
22885 0.000028
22886 0.000019
22887 0.000028
22888 0.000027
22889 0.000038
22890 0.000022
22891 0.000018
22892 0.000014
22893 0.000011
22894 0.000030
22895 0.000029
22896 0.000035
22897 0.000008
22898 0.000025
22899 0.000030
22900 0.000027
22901 0.000036
22902 0.000017
22903 0.000021
22904 0.000011
22905 0.000012
22906 0.000019
22907 0.000040
22908 0.000017
22909 0.000012
22910 0.000027
22911 0.000021
22912 0.000029
22913 0.000021
22914 0.000007
22915 0.000011
22916 0.000032
22917 0.000041
22918 0.000033
22919 0.000021
22920 0.000031
22921 0.000047
22922 0.000019
22923 0.000016
22924 0.000007
22925 0.000013
22926 0.000014
22927 0.000026
22928 0.000034
22929 0.000010
22930 0.000017
22931 0.000021
22932 0.000009
22933 0.000008
22934 0.000019
22935 0.000033
22936 0.000010
22937 0.000012
22938 0.000017
22939 0.000029
22940 0.000050
22941 0.000049
22942 0.000049
22943 0.000014
22944 0.000013
22945 0.000006
22946 0.000023
22947 0.000012
22948 0.000040
22949 0.000022
22950 0.000027
22951 0.000029
22952 0.000013
22953 0.000005
22954 0.000009
22955 0.000011
22956 0.000020
22957 0.000021
22958 0.000025
22959 0.000026
22960 0.000007
22961 0.000025
22962 0.000013
22963 0.000038
22964 0.000032
22965 0.000021
22966 0.000013
22967 0.000010
22968 0.000012
22969 0.000010
22970 0.000018
22971 0.000032
22972 0.000037
22973 0.000027
22974 0.000031
22975 0.000022
22976 0.000032
22977 0.000014
22978 0.000006
22979 0.000011
22980 0.000027
22981 0.000039
22982 0.000020
22983 0.000011
22984 0.000017
22985 0.000015
22986 0.000020
22987 0.000013
22988 0.000009
22989 0.000023
22990 0.000017
22991 0.000014
22992 0.000009
22993 0.000005
22994 0.000005
22995 0.000011
22996 0.000015
22997 0.000018
22998 0.000016
22999 0.000019
23000 0.000021
23001 0.000014
23002 0.000005
23003 0.000020
23004 0.000011
23005 0.000022
23006 0.000016
23007 0.000008
23008 0.000007
23009 0.000015
23010 0.000006
23011 0.000022
23012 0.000010
23013 0.000020
23014 0.000038
23015 0.000028
23016 0.000012
23017 0.000013
23018 0.000024
23019 0.000018
23020 0.000028
23021 0.000026
23022 0.000007
23023 0.000040
23024 0.000010
23025 0.000007
23026 0.000005
23027 0.000026
23028 0.000028
23029 0.000040
23030 0.000027
23031 0.000023
23032 0.000010
23033 0.000017
23034 0.000013
23035 0.000012
23036 0.000006
23037 0.000031
23038 0.000023
23039 0.000027
23040 0.000033
23041 0.000029
23042 0.000013
23043 0.000013
23044 0.000006
23045 0.000017
23046 0.000020
23047 0.000036
23048 0.000020
23049 0.000016
23050 0.000021
23051 0.000033
23052 0.000012
23053 0.000009
23054 0.000012
23055 0.000005
23056 0.000017
23057 0.000032
23058 0.000025
23059 0.000024
23060 0.000018
23061 0.000013
23062 0.000015
23063 0.000027
23064 0.000042
23065 0.000030
23066 0.000028
23067 0.000015
23068 0.000007
23069 0.000032
23070 0.000024
23071 0.000023
23072 0.000015
23073 0.000025
23074 0.000015
23075 0.000014
23076 0.000005
23077 0.000008
23078 0.000007
23079 0.000017
23080 0.000018
23081 0.000027
23082 0.000027
23083 0.000028
23084 0.000037
23085 0.000038
23086 0.000018
23087 0.000025
23088 0.000025
23089 0.000018
23090 0.000010
23091 0.000015
23092 0.000019
23093 0.000016
23094 0.000008
23095 0.000014
23096 0.000010
23097 0.000021
23098 0.000018
23099 0.000013
23100 0.000024
23101 0.000018
23102 0.000035
23103 0.000035
23104 0.000012
23105 0.000019
23106 0.000026
23107 0.000020
23108 0.000024
23109 0.000013
23110 0.000036
23111 0.000011
23112 0.000008
23113 0.000015
23114 0.000012
23115 0.000008
23116 0.000009
23117 0.000021
23118 0.000009
23119 0.000006
23120 0.000033
23121 0.000023
23122 0.000011
23123 0.000023
23124 0.000038
23125 0.000035
23126 0.000028
23127 0.000015
23128 0.000017
23129 0.000020
23130 0.000017
23131 0.000006
23132 0.000016
23133 0.000030
23134 0.000013
23135 0.000025
23136 0.000019
23137 0.000035
23138 0.000024
23139 0.000025
23140 0.000026
23141 0.000020
23142 0.000043
23143 0.000018
23144 0.000023
23145 0.000014
23146 0.000023
23147 0.000010
23148 0.000006
23149 0.000016
23150 0.000020
23151 0.000009
23152 0.000014
23153 0.000026
23154 0.000015
23155 0.000040
23156 0.000037
23157 0.000018
23158 0.000016
23159 0.000011
23160 0.000014
23161 0.000006
23162 0.000020
23163 0.000019
23164 0.000019
23165 0.000014
23166 0.000015
23167 0.000033
23168 0.000029
23169 0.000023
23170 0.000011
23171 0.000016
23172 0.000020
23173 0.000011
23174 0.000035
23175 0.000028
23176 0.000015
23177 0.000036
23178 0.000053
23179 0.000047
23180 0.000025
23181 0.000048
23182 0.000057
23183 0.000052
23184 0.000012
23185 0.000013
23186 0.000021
23187 0.000025
23188 0.000009
23189 0.000009
23190 0.000016
23191 0.000011
23192 0.000016
23193 0.000021
23194 0.000021
23195 0.000036
23196 0.000053
23197 0.000015
23198 0.000011
23199 0.000013
23200 0.000015
23201 0.000009
23202 0.000005
23203 0.000025
23204 0.000015
23205 0.000019
23206 0.000011
23207 0.000022
23208 0.000008
23209 0.000010
23210 0.000014
23211 0.000016
23212 0.000010
23213 0.000015
23214 0.000013
23215 0.000007
23216 0.000012
23217 0.000006
23218 0.000005
23219 0.000013
23220 0.000020
23221 0.000012
23222 0.000016
23223 0.000011
23224 0.000022
23225 0.000017
23226 0.000020
23227 0.000021
23228 0.000029
23229 0.000009
23230 0.000019
23231 0.000021
23232 0.000043
23233 0.000046
23234 0.000025
23235 0.000015
23236 0.000020
23237 0.000025
23238 0.000027
23239 0.000017
23240 0.000016
23241 0.000010
23242 0.000029
23243 0.000027
23244 0.000038
23245 0.000031
23246 0.000031
23247 0.000023
23248 0.000013
23249 0.000022
23250 0.000012
23251 0.000008
23252 0.000010
23253 0.000010
23254 0.000024
23255 0.000013
23256 0.000008
23257 0.000019
23258 0.000009
23259 0.000010
23260 0.000009
23261 0.000016
23262 0.000032
23263 0.000019
23264 0.000019
23265 0.000026
23266 0.000016
23267 0.000020
23268 0.000012
23269 0.000010
23270 0.000009
23271 0.000014
23272 0.000011
23273 0.000017
23274 0.000028
23275 0.000025
23276 0.000032
23277 0.000037
23278 0.000010
23279 0.000006
23280 0.000020
23281 0.000009
23282 0.000016
23283 0.000006
23284 0.000029
23285 0.000019
23286 0.000033
23287 0.000017
23288 0.000009
23289 0.000011
23290 0.000022
23291 0.000015
23292 0.000010
23293 0.000016
23294 0.000014
23295 0.000019
23296 0.000011
23297 0.000014
23298 0.000030
23299 0.000036
23300 0.000022
23301 0.000011
23302 0.000012
23303 0.000017
23304 0.000019
23305 0.000057
23306 0.000040
23307 0.000048
23308 0.000026
23309 0.000014
23310 0.000017
23311 0.000014
23312 0.000009
23313 0.000012
23314 0.000011
23315 0.000014
23316 0.000016
23317 0.000010
23318 0.000023
23319 0.000014
23320 0.000036
23321 0.000040
23322 0.000025
23323 0.000038
23324 0.000027
23325 0.000021
23326 0.000025
23327 0.000031
23328 0.000012
23329 0.000015
23330 0.000017
23331 0.000023
23332 0.000026
23333 0.000011
23334 0.000010
23335 0.000006
23336 0.000015
23337 0.000024
23338 0.000014
23339 0.000012
23340 0.000007
23341 0.000014
23342 0.000034
23343 0.000028
23344 0.000021
23345 0.000022
23346 0.000022
23347 0.000017
23348 0.000010
23349 0.000026
23350 0.000014
23351 0.000009
23352 0.000028
23353 0.000018
23354 0.000012
23355 0.000012
23356 0.000008
23357 0.000020
23358 0.000012
23359 0.000023
23360 0.000020
23361 0.000023
23362 0.000021
23363 0.000030
23364 0.000039
23365 0.000023
23366 0.000018
23367 0.000023
23368 0.000021
23369 0.000021
23370 0.000017
23371 0.000022
23372 0.000023
23373 0.000034
23374 0.000022
23375 0.000030
23376 0.000035
23377 0.000010
23378 0.000019
23379 0.000014
23380 0.000020
23381 0.000010
23382 0.000009
23383 0.000029
23384 0.000017
23385 0.000022
23386 0.000029
23387 0.000042
23388 0.000021
23389 0.000029
23390 0.000039
23391 0.000043
23392 0.000022
23393 0.000031
23394 0.000029
23395 0.000033
23396 0.000028
23397 0.000022
23398 0.000013
23399 0.000008
23400 0.000024
23401 0.000013
23402 0.000021
23403 0.000015
23404 0.000016
23405 0.000017
23406 0.000013
23407 0.000007
23408 0.000016
23409 0.000029
23410 0.000019
23411 0.000007
23412 0.000017
23413 0.000011
23414 0.000016
23415 0.000023
23416 0.000006
23417 0.000027
23418 0.000026
23419 0.000027
23420 0.000036
23421 0.000011
23422 0.000021
23423 0.000019
23424 0.000008
23425 0.000015
23426 0.000032
23427 0.000020
23428 0.000017
23429 0.000012
23430 0.000012
23431 0.000012
23432 0.000020
23433 0.000007
23434 0.000019
23435 0.000021
23436 0.000014
23437 0.000014
23438 0.000025
23439 0.000013
23440 0.000004
23441 0.000009
23442 0.000007
23443 0.000014
23444 0.000009
23445 0.000011
23446 0.000029
23447 0.000023
23448 0.000026
23449 0.000035
23450 0.000011
23451 0.000012
23452 0.000009
23453 0.000004
23454 0.000019
23455 0.000020
23456 0.000008
23457 0.000009
23458 0.000012
23459 0.000017
23460 0.000010
23461 0.000006
23462 0.000009
23463 0.000005
23464 0.000014
23465 0.000021
23466 0.000017
23467 0.000014
23468 0.000021
23469 0.000025
23470 0.000016
23471 0.000022
23472 0.000032
23473 0.000012
23474 0.000015
23475 0.000011
23476 0.000012
23477 0.000011
23478 0.000024
23479 0.000034
23480 0.000019
23481 0.000011
23482 0.000023
23483 0.000033
23484 0.000028
23485 0.000041
23486 0.000027
23487 0.000029
23488 0.000013
23489 0.000009
23490 0.000017
23491 0.000010
23492 0.000009
23493 0.000019
23494 0.000011
23495 0.000014
23496 0.000033
23497 0.000015
23498 0.000016
23499 0.000015
23500 0.000015
23501 0.000029
23502 0.000019
23503 0.000020
23504 0.000023
23505 0.000015
23506 0.000007
23507 0.000020
23508 0.000029
23509 0.000037
23510 0.000037
23511 0.000030
23512 0.000041
23513 0.000040
23514 0.000033
23515 0.000019
23516 0.000020
23517 0.000018
23518 0.000018
23519 0.000005
23520 0.000008
23521 0.000032
23522 0.000034
23523 0.000040
23524 0.000020
23525 0.000012
23526 0.000013
23527 0.000010
23528 0.000040
23529 0.000030
23530 0.000018
23531 0.000017
23532 0.000037
23533 0.000019
23534 0.000006
23535 0.000007
23536 0.000012
23537 0.000039
23538 0.000015
23539 0.000011
23540 0.000012
23541 0.000007
23542 0.000005
23543 0.000012
23544 0.000029
23545 0.000020
23546 0.000008
23547 0.000005
23548 0.000020
23549 0.000014
23550 0.000020
23551 0.000032
23552 0.000021
23553 0.000015
23554 0.000016
23555 0.000019
23556 0.000013
23557 0.000017
23558 0.000018
23559 0.000014
23560 0.000019
23561 0.000025
23562 0.000012
23563 0.000017
23564 0.000007
23565 0.000013
23566 0.000006
23567 0.000021
23568 0.000026
23569 0.000028
23570 0.000017
23571 0.000017
23572 0.000030
23573 0.000050
23574 0.000027
23575 0.000030
23576 0.000018
23577 0.000020
23578 0.000015
23579 0.000032
23580 0.000017
23581 0.000016
23582 0.000011
23583 0.000017
23584 0.000028
23585 0.000023
23586 0.000032
23587 0.000048
23588 0.000013
23589 0.000031
23590 0.000027
23591 0.000028
23592 0.000023
23593 0.000037
23594 0.000034
23595 0.000029
23596 0.000021
23597 0.000024
23598 0.000033
23599 0.000012
23600 0.000014
23601 0.000030
23602 0.000016
23603 0.000020
23604 0.000011
23605 0.000015
23606 0.000005
23607 0.000012
23608 0.000040
23609 0.000031
23610 0.000026
23611 0.000010
23612 0.000011
23613 0.000013
23614 0.000020
23615 0.000018
23616 0.000013
23617 0.000022
23618 0.000026
23619 0.000012
23620 0.000019
23621 0.000008
23622 0.000021
23623 0.000029
23624 0.000021
23625 0.000032
23626 0.000031
23627 0.000048
23628 0.000030
23629 0.000027
23630 0.000028
23631 0.000014
23632 0.000010
23633 0.000037
23634 0.000025
23635 0.000037
23636 0.000040
23637 0.000032
23638 0.000025
23639 0.000014
23640 0.000022
23641 0.000024
23642 0.000017
23643 0.000023
23644 0.000018
23645 0.000058
23646 0.000017
23647 0.000010
23648 0.000016
23649 0.000030
23650 0.000033
23651 0.000018
23652 0.000014
23653 0.000014
23654 0.000015
23655 0.000010
23656 0.000005
23657 0.000026
23658 0.000011
23659 0.000005
23660 0.000008
23661 0.000016
23662 0.000006
23663 0.000008
23664 0.000022
23665 0.000016
23666 0.000033
23667 0.000008
23668 0.000047
23669 0.000035
23670 0.000021
23671 0.000012
23672 0.000037
23673 0.000041
23674 0.000022
23675 0.000018
23676 0.000013
23677 0.000019
23678 0.000028
23679 0.000009
23680 0.000009
23681 0.000007
23682 0.000010
23683 0.000037
23684 0.000019
23685 0.000018
23686 0.000014
23687 0.000020
23688 0.000008
23689 0.000030
23690 0.000019
23691 0.000034
23692 0.000015
23693 0.000011
23694 0.000013
23695 0.000028
23696 0.000021
23697 0.000005
23698 0.000007
23699 0.000006
23700 0.000010
23701 0.000009
23702 0.000015
23703 0.000011
23704 0.000006
23705 0.000014
23706 0.000011
23707 0.000010
23708 0.000013
23709 0.000013
23710 0.000025
23711 0.000028
23712 0.000021
23713 0.000024
23714 0.000030
23715 0.000031
23716 0.000030
23717 0.000031
23718 0.000011
23719 0.000010
23720 0.000013
23721 0.000021
23722 0.000029
23723 0.000014
23724 0.000026
23725 0.000018
23726 0.000014
23727 0.000032
23728 0.000025
23729 0.000006
23730 0.000029
23731 0.000010
23732 0.000014
23733 0.000021
23734 0.000019
23735 0.000016
23736 0.000011
23737 0.000009
23738 0.000054
23739 0.000018
23740 0.000013
23741 0.000011
23742 0.000014
23743 0.000016
23744 0.000036
23745 0.000051
23746 0.000018
23747 0.000015
23748 0.000007
23749 0.000025
23750 0.000021
23751 0.000014
23752 0.000014
23753 0.000015
23754 0.000015
23755 0.000009
23756 0.000019
23757 0.000024
23758 0.000041
23759 0.000022
23760 0.000017
23761 0.000020
23762 0.000016
23763 0.000013
23764 0.000025
23765 0.000016
23766 0.000005
23767 0.000007
23768 0.000021
23769 0.000022
23770 0.000013
23771 0.000017
23772 0.000010
23773 0.000016
23774 0.000013
23775 0.000017
23776 0.000022
23777 0.000006
23778 0.000019
23779 0.000030
23780 0.000041
23781 0.000065
23782 0.000020
23783 0.000014
23784 0.000021
23785 0.000012
23786 0.000011
23787 0.000015
23788 0.000025
23789 0.000028
23790 0.000025
23791 0.000036
23792 0.000036
23793 0.000036
23794 0.000037
23795 0.000024
23796 0.000013
23797 0.000012
23798 0.000006
23799 0.000007
23800 0.000018
23801 0.000017
23802 0.000032
23803 0.000015
23804 0.000007
23805 0.000017
23806 0.000012
23807 0.000005
23808 0.000007
23809 0.000005
23810 0.000027
23811 0.000040
23812 0.000014
23813 0.000021
23814 0.000033
23815 0.000014
23816 0.000007
23817 0.000017
23818 0.000025
23819 0.000015
23820 0.000014
23821 0.000027
23822 0.000026
23823 0.000019
23824 0.000014
23825 0.000008
23826 0.000012
23827 0.000005
23828 0.000012
23829 0.000020
23830 0.000018
23831 0.000025
23832 0.000022
23833 0.000009
23834 0.000023
23835 0.000034
23836 0.000023
23837 0.000024
23838 0.000010
23839 0.000020
23840 0.000010
23841 0.000016
23842 0.000026
23843 0.000030
23844 0.000033
23845 0.000040
23846 0.000023
23847 0.000016
23848 0.000010
23849 0.000016
23850 0.000011
23851 0.000018
23852 0.000039
23853 0.000029
23854 0.000046
23855 0.000049
23856 0.000061
23857 0.000040
23858 0.000044
23859 0.000045
23860 0.000028
23861 0.000026
23862 0.000025
23863 0.000011
23864 0.000019
23865 0.000014
23866 0.000007
23867 0.000012
23868 0.000011
23869 0.000020
23870 0.000010
23871 0.000011
23872 0.000026
23873 0.000016
23874 0.000008
23875 0.000007
23876 0.000009
23877 0.000012
23878 0.000016
23879 0.000009
23880 0.000007
23881 0.000008
23882 0.000012
23883 0.000018
23884 0.000013
23885 0.000011
23886 0.000022
23887 0.000028
23888 0.000022
23889 0.000027
23890 0.000017
23891 0.000015
23892 0.000025
23893 0.000018
23894 0.000019
23895 0.000011
23896 0.000023
23897 0.000022
23898 0.000031
23899 0.000013
23900 0.000006
23901 0.000026
23902 0.000028
23903 0.000066
23904 0.000035
23905 0.000035
23906 0.000034
23907 0.000034
23908 0.000058
23909 0.000023
23910 0.000042
23911 0.000034
23912 0.000014
23913 0.000039
23914 0.000025
23915 0.000028
23916 0.000027
23917 0.000021
23918 0.000024
23919 0.000026
23920 0.000017
23921 0.000016
23922 0.000026
23923 0.000034
23924 0.000016
23925 0.000029
23926 0.000029
23927 0.000014
23928 0.000012
23929 0.000017
23930 0.000010
23931 0.000004
23932 0.000020
23933 0.000025
23934 0.000021
23935 0.000023
23936 0.000014
23937 0.000024
23938 0.000013
23939 0.000008
23940 0.000005
23941 0.000007
23942 0.000027
23943 0.000026
23944 0.000020
23945 0.000024
23946 0.000012
23947 0.000022
23948 0.000009
23949 0.000009
23950 0.000004
23951 0.000011
23952 0.000029
23953 0.000021
23954 0.000012
23955 0.000008
23956 0.000006
23957 0.000012
23958 0.000008
23959 0.000037
23960 0.000031
23961 0.000027
23962 0.000010
23963 0.000006
23964 0.000026
23965 0.000015
23966 0.000025
23967 0.000013
23968 0.000018
23969 0.000033
23970 0.000023
23971 0.000056
23972 0.000021
23973 0.000026
23974 0.000014
23975 0.000012
23976 0.000017
23977 0.000031
23978 0.000019
23979 0.000019
23980 0.000008
23981 0.000030
23982 0.000016
23983 0.000031
23984 0.000044
23985 0.000032
23986 0.000036
23987 0.000019
23988 0.000048
23989 0.000051
23990 0.000029
23991 0.000015
23992 0.000018
23993 0.000016
23994 0.000019
23995 0.000029
23996 0.000028
23997 0.000017
23998 0.000017
23999 0.000029
24000 0.000022
24001 0.000039
24002 0.000016
24003 0.000032
24004 0.000023
24005 0.000021
24006 0.000016
24007 0.000017
24008 0.000021
24009 0.000013
24010 0.000022
24011 0.000024
24012 0.000027
24013 0.000023
24014 0.000033
24015 0.000020
24016 0.000007
24017 0.000012
24018 0.000011
24019 0.000022
24020 0.000014
24021 0.000010
24022 0.000007
24023 0.000021
24024 0.000020
24025 0.000030
24026 0.000013
24027 0.000009
24028 0.000016
24029 0.000017
24030 0.000014
24031 0.000017
24032 0.000025
24033 0.000008
24034 0.000021
24035 0.000028
24036 0.000013
24037 0.000028
24038 0.000026
24039 0.000027
24040 0.000010
24041 0.000007
24042 0.000010
24043 0.000019
24044 0.000039
24045 0.000028
24046 0.000023
24047 0.000010
24048 0.000025
24049 0.000021
24050 0.000019
24051 0.000019
24052 0.000011
24053 0.000009
24054 0.000018
24055 0.000021
24056 0.000017
24057 0.000015
24058 0.000018
24059 0.000022
24060 0.000022
24061 0.000009
24062 0.000011
24063 0.000007
24064 0.000022
24065 0.000031
24066 0.000009
24067 0.000013
24068 0.000016
24069 0.000014
24070 0.000006
24071 0.000024
24072 0.000014
24073 0.000015
24074 0.000022
24075 0.000031
24076 0.000010
24077 0.000020
24078 0.000029
24079 0.000015
24080 0.000021
24081 0.000032
24082 0.000016
24083 0.000027
24084 0.000015
24085 0.000007
24086 0.000012
24087 0.000005
24088 0.000017
24089 0.000010
24090 0.000012
24091 0.000005
24092 0.000020
24093 0.000007
24094 0.000017
24095 0.000014
24096 0.000013
24097 0.000021
24098 0.000025
24099 0.000013
24100 0.000012
24101 0.000012
24102 0.000029
24103 0.000017
24104 0.000008
24105 0.000032
24106 0.000034
24107 0.000012
24108 0.000014
24109 0.000023
24110 0.000038
24111 0.000035
24112 0.000031
24113 0.000040
24114 0.000025
24115 0.000030
24116 0.000041
24117 0.000013
24118 0.000024
24119 0.000021
24120 0.000016
24121 0.000022
24122 0.000010
24123 0.000017
24124 0.000015
24125 0.000019
24126 0.000012
24127 0.000018
24128 0.000024
24129 0.000039
24130 0.000042
24131 0.000017
24132 0.000024
24133 0.000012
24134 0.000019
24135 0.000027
24136 0.000016
24137 0.000013
24138 0.000011
24139 0.000038
24140 0.000028
24141 0.000028
24142 0.000015
24143 0.000013
24144 0.000020
24145 0.000013
24146 0.000015
24147 0.000006
24148 0.000009
24149 0.000010
24150 0.000006
24151 0.000004
24152 0.000008
24153 0.000013
24154 0.000017
24155 0.000028
24156 0.000030
24157 0.000018
24158 0.000008
24159 0.000009
24160 0.000013
24161 0.000031
24162 0.000014
24163 0.000017
24164 0.000021
24165 0.000022
24166 0.000052
24167 0.000031
24168 0.000048
24169 0.000013
24170 0.000025
24171 0.000020
24172 0.000007
24173 0.000009
24174 0.000010
24175 0.000024
24176 0.000010
24177 0.000021
24178 0.000026
24179 0.000032
24180 0.000018
24181 0.000020
24182 0.000010
24183 0.000026
24184 0.000041
24185 0.000013
24186 0.000017
24187 0.000013
24188 0.000014
24189 0.000011
24190 0.000008
24191 0.000019
24192 0.000006
24193 0.000010
24194 0.000007
24195 0.000004
24196 0.000004
24197 0.000028
24198 0.000019
24199 0.000016
24200 0.000036
24201 0.000019
24202 0.000018
24203 0.000021
24204 0.000017
24205 0.000023
24206 0.000029
24207 0.000036
24208 0.000018
24209 0.000014
24210 0.000014
24211 0.000021
24212 0.000025
24213 0.000025
24214 0.000020
24215 0.000032
24216 0.000014
24217 0.000013
24218 0.000018
24219 0.000008
24220 0.000028
24221 0.000027
24222 0.000031
24223 0.000014
24224 0.000029
24225 0.000019
24226 0.000020
24227 0.000033
24228 0.000009
24229 0.000020
24230 0.000010
24231 0.000005
24232 0.000012
24233 0.000022
24234 0.000027
24235 0.000014
24236 0.000013
24237 0.000011
24238 0.000016
24239 0.000010
24240 0.000005
24241 0.000010
24242 0.000013
24243 0.000008
24244 0.000011
24245 0.000014
24246 0.000026
24247 0.000019
24248 0.000019
24249 0.000030
24250 0.000030
24251 0.000042
24252 0.000027
24253 0.000029
24254 0.000041
24255 0.000020
24256 0.000019
24257 0.000036
24258 0.000023
24259 0.000019
24260 0.000009
24261 0.000025
24262 0.000008
24263 0.000010
24264 0.000022
24265 0.000016
24266 0.000018
24267 0.000030
24268 0.000016
24269 0.000013
24270 0.000029
24271 0.000039
24272 0.000031
24273 0.000020
24274 0.000011
24275 0.000012
24276 0.000015
24277 0.000015
24278 0.000008
24279 0.000006
24280 0.000023
24281 0.000028
24282 0.000015
24283 0.000024
24284 0.000034
24285 0.000018
24286 0.000014
24287 0.000007
24288 0.000031
24289 0.000042
24290 0.000019
24291 0.000032
24292 0.000022
24293 0.000022
24294 0.000029
24295 0.000029
24296 0.000017
24297 0.000036
24298 0.000017
24299 0.000013
24300 0.000010
24301 0.000006
24302 0.000008
24303 0.000005
24304 0.000011
24305 0.000013
24306 0.000017
24307 0.000008
24308 0.000007
24309 0.000035
24310 0.000025
24311 0.000025
24312 0.000026
24313 0.000036
24314 0.000015
24315 0.000022
24316 0.000019
24317 0.000027
24318 0.000025
24319 0.000023
24320 0.000030
24321 0.000016
24322 0.000018
24323 0.000016
24324 0.000010
24325 0.000014
24326 0.000030
24327 0.000021
24328 0.000025
24329 0.000028
24330 0.000013
24331 0.000013
24332 0.000011
24333 0.000011
24334 0.000020
24335 0.000011
24336 0.000010
24337 0.000006
24338 0.000014
24339 0.000010
24340 0.000006
24341 0.000005
24342 0.000005
24343 0.000008
24344 0.000019
24345 0.000020
24346 0.000019
24347 0.000015
24348 0.000015
24349 0.000018
24350 0.000018
24351 0.000011
24352 0.000028
24353 0.000023
24354 0.000027
24355 0.000019
24356 0.000006
24357 0.000025
24358 0.000019
24359 0.000034
24360 0.000026
24361 0.000024
24362 0.000023
24363 0.000032
24364 0.000015
24365 0.000007
24366 0.000006
24367 0.000026
24368 0.000008
24369 0.000005
24370 0.000011
24371 0.000018
24372 0.000024
24373 0.000026
24374 0.000030
24375 0.000025
24376 0.000024
24377 0.000014
24378 0.000020
24379 0.000033
24380 0.000011
24381 0.000018
24382 0.000014
24383 0.000016
24384 0.000024
24385 0.000015
24386 0.000023
24387 0.000023
24388 0.000015
24389 0.000016
24390 0.000019
24391 0.000016
24392 0.000025
24393 0.000029
24394 0.000014
24395 0.000014
24396 0.000021
24397 0.000033
24398 0.000026
24399 0.000017
24400 0.000024
24401 0.000027
24402 0.000016
24403 0.000020
24404 0.000015
24405 0.000014
24406 0.000025
24407 0.000013
24408 0.000032
24409 0.000014
24410 0.000049
24411 0.000037
24412 0.000017
24413 0.000026
24414 0.000012
24415 0.000010
24416 0.000011
24417 0.000016
24418 0.000022
24419 0.000026
24420 0.000020
24421 0.000044
24422 0.000026
24423 0.000013
24424 0.000022
24425 0.000041
24426 0.000042
24427 0.000028
24428 0.000018
24429 0.000021
24430 0.000023
24431 0.000027
24432 0.000041
24433 0.000036
24434 0.000014
24435 0.000010
24436 0.000019
24437 0.000008
24438 0.000015
24439 0.000014
24440 0.000013
24441 0.000016
24442 0.000027
24443 0.000019
24444 0.000025
24445 0.000016
24446 0.000009
24447 0.000019
24448 0.000024
24449 0.000012
24450 0.000025
24451 0.000014
24452 0.000012
24453 0.000022
24454 0.000011
24455 0.000015
24456 0.000014
24457 0.000022
24458 0.000025
24459 0.000028
24460 0.000008
24461 0.000008
24462 0.000016
24463 0.000012
24464 0.000008
24465 0.000025
24466 0.000016
24467 0.000023
24468 0.000028
24469 0.000030
24470 0.000059
24471 0.000043
24472 0.000022
24473 0.000024
24474 0.000010
24475 0.000013
24476 0.000015
24477 0.000020
24478 0.000023
24479 0.000023
24480 0.000017
24481 0.000022
24482 0.000029
24483 0.000026
24484 0.000014
24485 0.000014
24486 0.000010
24487 0.000006
24488 0.000009
24489 0.000007
24490 0.000019
24491 0.000030
24492 0.000014
24493 0.000008
24494 0.000016
24495 0.000011
24496 0.000017
24497 0.000006
24498 0.000018
24499 0.000007
24500 0.000010
24501 0.000006
24502 0.000016
24503 0.000026
24504 0.000014
24505 0.000023
24506 0.000013
24507 0.000021
24508 0.000020
24509 0.000028
24510 0.000057
24511 0.000047
24512 0.000069
24513 0.000091
24514 0.000028
24515 0.000015
24516 0.000022
24517 0.000012
24518 0.000013
24519 0.000034
24520 0.000014
24521 0.000022
24522 0.000009
24523 0.000014
24524 0.000019
24525 0.000022
24526 0.000024
24527 0.000038
24528 0.000019
24529 0.000027
24530 0.000015
24531 0.000027
24532 0.000029
24533 0.000019
24534 0.000017
24535 0.000017
24536 0.000020
24537 0.000014
24538 0.000006
24539 0.000022
24540 0.000054
24541 0.000062
24542 0.000040
24543 0.000029
24544 0.000015
24545 0.000017
24546 0.000010
24547 0.000014
24548 0.000007
24549 0.000014
24550 0.000011
24551 0.000012
24552 0.000008
24553 0.000019
24554 0.000054
24555 0.000014
24556 0.000017
24557 0.000033
24558 0.000020
24559 0.000014
24560 0.000018
24561 0.000013
24562 0.000021
24563 0.000022
24564 0.000027
24565 0.000029
24566 0.000027
24567 0.000009
24568 0.000006
24569 0.000011
24570 0.000032
24571 0.000010
24572 0.000019
24573 0.000011
24574 0.000012
24575 0.000008
24576 0.000008
24577 0.000022
24578 0.000008
24579 0.000013
24580 0.000009
24581 0.000005
24582 0.000013
24583 0.000027
24584 0.000015
24585 0.000026
24586 0.000025
24587 0.000027
24588 0.000025
24589 0.000026
24590 0.000014
24591 0.000007
24592 0.000027
24593 0.000035
24594 0.000033
24595 0.000023
24596 0.000018
24597 0.000010
24598 0.000019
24599 0.000021
24600 0.000016
24601 0.000038
24602 0.000013
24603 0.000021
24604 0.000024
24605 0.000018
24606 0.000018
24607 0.000018
24608 0.000035
24609 0.000032
24610 0.000030
24611 0.000032
24612 0.000012
24613 0.000021
24614 0.000011
24615 0.000026
24616 0.000021
24617 0.000011
24618 0.000019
24619 0.000020
24620 0.000051
24621 0.000052
24622 0.000016
24623 0.000017
24624 0.000006
24625 0.000024
24626 0.000019
24627 0.000027
24628 0.000014
24629 0.000018
24630 0.000011
24631 0.000027
24632 0.000020
24633 0.000015
24634 0.000019
24635 0.000029
24636 0.000031
24637 0.000025
24638 0.000019
24639 0.000009
24640 0.000012
24641 0.000027
24642 0.000021
24643 0.000009
24644 0.000020
24645 0.000011
24646 0.000032
24647 0.000017
24648 0.000038
24649 0.000032
24650 0.000012
24651 0.000006
24652 0.000012
24653 0.000009
24654 0.000017
24655 0.000020
24656 0.000018
24657 0.000010
24658 0.000008
24659 0.000022
24660 0.000013
24661 0.000014
24662 0.000032
24663 0.000019
24664 0.000017
24665 0.000022
24666 0.000008
24667 0.000023
24668 0.000013
24669 0.000024
24670 0.000017
24671 0.000024
24672 0.000019
24673 0.000037
24674 0.000043
24675 0.000044
24676 0.000015
24677 0.000007
24678 0.000020
24679 0.000013
24680 0.000013
24681 0.000014
24682 0.000015
24683 0.000021
24684 0.000024
24685 0.000010
24686 0.000032
24687 0.000034
24688 0.000019
24689 0.000008
24690 0.000005
24691 0.000018
24692 0.000015
24693 0.000025
24694 0.000014
24695 0.000022
24696 0.000035
24697 0.000032
24698 0.000026
24699 0.000016
24700 0.000030
24701 0.000034
24702 0.000009
24703 0.000010
24704 0.000018
24705 0.000011
24706 0.000019
24707 0.000015
24708 0.000009
24709 0.000018
24710 0.000014
24711 0.000011
24712 0.000025
24713 0.000054
24714 0.000037
24715 0.000022
24716 0.000027
24717 0.000027
24718 0.000019
24719 0.000027
24720 0.000011
24721 0.000005
24722 0.000007
24723 0.000029
24724 0.000024
24725 0.000008
24726 0.000014
24727 0.000013
24728 0.000007
24729 0.000025
24730 0.000013
24731 0.000022
24732 0.000014
24733 0.000028
24734 0.000021
24735 0.000011
24736 0.000013
24737 0.000020
24738 0.000015
24739 0.000006
24740 0.000033
24741 0.000022
24742 0.000019
24743 0.000040
24744 0.000031
24745 0.000013
24746 0.000008
24747 0.000021
24748 0.000007
24749 0.000021
24750 0.000035
24751 0.000022
24752 0.000019
24753 0.000030
24754 0.000015
24755 0.000009
24756 0.000029
24757 0.000038
24758 0.000037
24759 0.000030
24760 0.000013
24761 0.000017
24762 0.000026
24763 0.000019
24764 0.000013
24765 0.000044
24766 0.000025
24767 0.000027
24768 0.000023
24769 0.000040
24770 0.000045
24771 0.000024
24772 0.000029
24773 0.000009
24774 0.000016
24775 0.000022
24776 0.000017
24777 0.000034
24778 0.000041
24779 0.000036
24780 0.000020
24781 0.000015
24782 0.000042
24783 0.000045
24784 0.000038
24785 0.000031
24786 0.000020
24787 0.000022
24788 0.000023
24789 0.000023
24790 0.000018
24791 0.000029
24792 0.000018
24793 0.000007
24794 0.000015
24795 0.000012
24796 0.000020
24797 0.000049
24798 0.000030
24799 0.000052
24800 0.000035
24801 0.000021
24802 0.000012
24803 0.000013
24804 0.000010
24805 0.000020
24806 0.000017
24807 0.000010
24808 0.000017
24809 0.000043
24810 0.000015
24811 0.000012
24812 0.000015
24813 0.000016
24814 0.000016
24815 0.000012
24816 0.000024
24817 0.000018
24818 0.000032
24819 0.000048
24820 0.000025
24821 0.000012
24822 0.000020
24823 0.000017
24824 0.000027
24825 0.000012
24826 0.000009
24827 0.000022
24828 0.000023
24829 0.000018
24830 0.000026
24831 0.000024
24832 0.000037
24833 0.000046
24834 0.000045
24835 0.000037
24836 0.000029
24837 0.000028
24838 0.000019
24839 0.000025
24840 0.000020
24841 0.000018
24842 0.000031
24843 0.000025
24844 0.000011
24845 0.000032
24846 0.000012
24847 0.000017
24848 0.000013
24849 0.000019
24850 0.000011
24851 0.000014
24852 0.000021
24853 0.000012
24854 0.000006
24855 0.000004
24856 0.000018
24857 0.000013
24858 0.000019
24859 0.000014
24860 0.000025
24861 0.000028
24862 0.000015
24863 0.000020
24864 0.000024
24865 0.000017
24866 0.000017
24867 0.000029
24868 0.000015
24869 0.000026
24870 0.000014
24871 0.000030
24872 0.000024
24873 0.000015
24874 0.000026
24875 0.000011
24876 0.000011
24877 0.000022
24878 0.000013
24879 0.000021
24880 0.000014
24881 0.000015
24882 0.000033
24883 0.000020
24884 0.000022
24885 0.000013
24886 0.000009
24887 0.000008
24888 0.000011
24889 0.000012
24890 0.000010
24891 0.000012
24892 0.000054
24893 0.000058
24894 0.000035
24895 0.000021
24896 0.000009
24897 0.000014
24898 0.000014
24899 0.000026
24900 0.000009
24901 0.000014
24902 0.000015
24903 0.000011
24904 0.000014
24905 0.000014
24906 0.000010
24907 0.000011
24908 0.000016
24909 0.000019
24910 0.000017
24911 0.000010
24912 0.000015
24913 0.000016
24914 0.000010
24915 0.000013
24916 0.000037
24917 0.000019
24918 0.000007
24919 0.000020
24920 0.000011
24921 0.000025
24922 0.000018
24923 0.000010
24924 0.000007
24925 0.000014
24926 0.000010
24927 0.000030
24928 0.000020
24929 0.000031
24930 0.000020
24931 0.000012
24932 0.000013
24933 0.000011
24934 0.000013
24935 0.000017
24936 0.000008
24937 0.000017
24938 0.000018
24939 0.000017
24940 0.000006
24941 0.000017
24942 0.000020
24943 0.000010
24944 0.000031
24945 0.000008
24946 0.000012
24947 0.000018
24948 0.000008
24949 0.000011
24950 0.000018
24951 0.000017
24952 0.000028
24953 0.000017
24954 0.000027
24955 0.000016
24956 0.000015
24957 0.000011
24958 0.000019
24959 0.000038
24960 0.000016
24961 0.000010
24962 0.000017
24963 0.000026
24964 0.000019
24965 0.000022
24966 0.000029
24967 0.000013
24968 0.000014
24969 0.000015
24970 0.000031
24971 0.000010
24972 0.000018
24973 0.000013
24974 0.000013
24975 0.000015
24976 0.000011
24977 0.000014
24978 0.000014
24979 0.000022
24980 0.000034
24981 0.000043
24982 0.000048
24983 0.000036
24984 0.000023
24985 0.000016
24986 0.000030
24987 0.000037
24988 0.000033
24989 0.000009
24990 0.000018
24991 0.000011
24992 0.000035
24993 0.000026
24994 0.000016
24995 0.000013
24996 0.000008
24997 0.000005
24998 0.000018
24999 0.000011
25000 0.000021
25001 0.000012
25002 0.000013
25003 0.000021
25004 0.000022
25005 0.000022
25006 0.000023
25007 0.000045
25008 0.000019
25009 0.000024
25010 0.000026
25011 0.000046
25012 0.000025
25013 0.000050
25014 0.000021
25015 0.000026
25016 0.000024
25017 0.000013
25018 0.000014
25019 0.000007
25020 0.000014
25021 0.000055
25022 0.000052
25023 0.000014
25024 0.000020
25025 0.000037
25026 0.000042
25027 0.000022
25028 0.000032
25029 0.000048
25030 0.000018
25031 0.000015
25032 0.000028
25033 0.000011
25034 0.000037
25035 0.000011
25036 0.000020
25037 0.000016
25038 0.000017
25039 0.000018
25040 0.000020
25041 0.000022
25042 0.000026
25043 0.000030
25044 0.000012
25045 0.000021
25046 0.000009
25047 0.000019
25048 0.000057
25049 0.000017
25050 0.000024
25051 0.000011
25052 0.000016
25053 0.000029
25054 0.000009
25055 0.000017
25056 0.000010
25057 0.000022
25058 0.000015
25059 0.000023
25060 0.000017
25061 0.000010
25062 0.000017
25063 0.000008
25064 0.000026
25065 0.000028
25066 0.000016
25067 0.000009
25068 0.000020
25069 0.000027
25070 0.000034
25071 0.000032
25072 0.000019
25073 0.000016
25074 0.000010
25075 0.000021
25076 0.000015
25077 0.000009
25078 0.000035
25079 0.000024
25080 0.000008
25081 0.000027
25082 0.000010
25083 0.000015
25084 0.000020
25085 0.000009
25086 0.000012
25087 0.000025
25088 0.000010
25089 0.000014
25090 0.000014
25091 0.000005
25092 0.000029
25093 0.000042
25094 0.000030
25095 0.000023
25096 0.000021
25097 0.000018
25098 0.000008
25099 0.000012
25100 0.000004
25101 0.000016
25102 0.000017
25103 0.000011
25104 0.000011
25105 0.000028
25106 0.000046
25107 0.000031
25108 0.000010
25109 0.000017
25110 0.000017
25111 0.000011
25112 0.000006
25113 0.000007
25114 0.000032
25115 0.000024
25116 0.000019
25117 0.000018
25118 0.000012
25119 0.000008
25120 0.000010
25121 0.000026
25122 0.000018
25123 0.000015
25124 0.000019
25125 0.000016
25126 0.000019
25127 0.000008
25128 0.000010
25129 0.000024
25130 0.000045
25131 0.000026
25132 0.000023
25133 0.000018
25134 0.000011
25135 0.000008
25136 0.000023
25137 0.000035
25138 0.000014
25139 0.000022
25140 0.000023
25141 0.000010
25142 0.000011
25143 0.000024
25144 0.000018
25145 0.000018
25146 0.000014
25147 0.000010
25148 0.000011
25149 0.000008
25150 0.000019
25151 0.000026
25152 0.000014
25153 0.000017
25154 0.000027
25155 0.000018
25156 0.000029
25157 0.000030
25158 0.000034
25159 0.000039
25160 0.000051
25161 0.000031
25162 0.000027
25163 0.000016
25164 0.000021
25165 0.000020
25166 0.000025
25167 0.000014
25168 0.000014
25169 0.000008
25170 0.000018
25171 0.000015
25172 0.000009
25173 0.000011
25174 0.000017
25175 0.000010
25176 0.000005
25177 0.000019
25178 0.000022
25179 0.000021
25180 0.000041
25181 0.000027
25182 0.000017
25183 0.000008
25184 0.000016
25185 0.000020
25186 0.000026
25187 0.000015
25188 0.000011
25189 0.000013
25190 0.000017
25191 0.000017
25192 0.000023
25193 0.000018
25194 0.000020
25195 0.000006
25196 0.000012
25197 0.000008
25198 0.000014
25199 0.000017
25200 0.000032
25201 0.000028
25202 0.000027
25203 0.000016
25204 0.000040
25205 0.000019
25206 0.000008
25207 0.000004
25208 0.000013
25209 0.000012
25210 0.000006
25211 0.000022
25212 0.000006
25213 0.000010
25214 0.000007
25215 0.000011
25216 0.000016
25217 0.000005
25218 0.000014
25219 0.000019
25220 0.000044
25221 0.000021
25222 0.000025
25223 0.000012
25224 0.000020
25225 0.000024
25226 0.000007
25227 0.000005
25228 0.000019
25229 0.000021
25230 0.000008
25231 0.000017
25232 0.000013
25233 0.000030
25234 0.000023
25235 0.000012
25236 0.000035
25237 0.000025
25238 0.000023
25239 0.000034
25240 0.000016
25241 0.000008
25242 0.000014
25243 0.000017
25244 0.000014
25245 0.000009
25246 0.000011
25247 0.000022
25248 0.000007
25249 0.000019
25250 0.000055
25251 0.000029
25252 0.000033
25253 0.000028
25254 0.000023
25255 0.000017
25256 0.000014
25257 0.000013
25258 0.000016
25259 0.000008
25260 0.000004
25261 0.000013
25262 0.000016
25263 0.000020
25264 0.000055
25265 0.000025
25266 0.000052
25267 0.000027
25268 0.000017
25269 0.000018
25270 0.000021
25271 0.000016
25272 0.000013
25273 0.000010
25274 0.000011
25275 0.000027
25276 0.000013
25277 0.000028
25278 0.000020
25279 0.000021
25280 0.000038
25281 0.000021
25282 0.000009
25283 0.000023
25284 0.000015
25285 0.000015
25286 0.000007
25287 0.000014
25288 0.000015
25289 0.000015
25290 0.000011
25291 0.000026
25292 0.000010
25293 0.000017
25294 0.000006
25295 0.000019
25296 0.000009
25297 0.000010
25298 0.000025
25299 0.000014
25300 0.000028
25301 0.000008
25302 0.000013
25303 0.000017
25304 0.000014
25305 0.000018
25306 0.000011
25307 0.000019
25308 0.000025
25309 0.000009
25310 0.000013
25311 0.000027
25312 0.000019
25313 0.000013
25314 0.000021
25315 0.000014
25316 0.000020
25317 0.000009
25318 0.000025
25319 0.000039
25320 0.000017
25321 0.000027
25322 0.000012
25323 0.000033
25324 0.000021
25325 0.000022
25326 0.000026
25327 0.000040
25328 0.000022
25329 0.000016
25330 0.000006
25331 0.000009
25332 0.000022
25333 0.000019
25334 0.000040
25335 0.000014
25336 0.000019
25337 0.000041
25338 0.000020
25339 0.000006
25340 0.000023
25341 0.000017
25342 0.000013
25343 0.000009
25344 0.000017
25345 0.000008
25346 0.000017
25347 0.000013
25348 0.000014
25349 0.000015
25350 0.000013
25351 0.000015
25352 0.000015
25353 0.000035
25354 0.000028
25355 0.000015
25356 0.000012
25357 0.000031
25358 0.000016
25359 0.000007
25360 0.000041
25361 0.000025
25362 0.000021
25363 0.000009
25364 0.000027
25365 0.000015
25366 0.000008
25367 0.000021
25368 0.000014
25369 0.000033
25370 0.000024
25371 0.000019
25372 0.000022
25373 0.000026
25374 0.000017
25375 0.000010
25376 0.000012
25377 0.000031
25378 0.000021
25379 0.000019
25380 0.000025
25381 0.000009
25382 0.000023
25383 0.000008
25384 0.000013
25385 0.000019
25386 0.000024
25387 0.000010
25388 0.000012
25389 0.000008
25390 0.000030
25391 0.000011
25392 0.000015
25393 0.000013
25394 0.000011
25395 0.000012
25396 0.000028
25397 0.000018
25398 0.000020
25399 0.000011
25400 0.000017
25401 0.000031
25402 0.000028
25403 0.000027
25404 0.000037
25405 0.000036
25406 0.000013
25407 0.000007
25408 0.000012
25409 0.000016
25410 0.000018
25411 0.000021
25412 0.000012
25413 0.000008
25414 0.000006
25415 0.000019
25416 0.000023
25417 0.000021
25418 0.000019
25419 0.000020
25420 0.000037
25421 0.000044
25422 0.000031
25423 0.000007
25424 0.000019
25425 0.000014
25426 0.000007
25427 0.000021
25428 0.000023
25429 0.000014
25430 0.000007
25431 0.000005
25432 0.000006
25433 0.000012
25434 0.000014
25435 0.000010
25436 0.000011
25437 0.000033
25438 0.000030
25439 0.000015
25440 0.000017
25441 0.000007
25442 0.000006
25443 0.000014
25444 0.000012
25445 0.000037
25446 0.000026
25447 0.000013
25448 0.000029
25449 0.000052
25450 0.000047
25451 0.000013
25452 0.000018
25453 0.000010
25454 0.000027
25455 0.000036
25456 0.000024
25457 0.000017
25458 0.000023
25459 0.000020
25460 0.000007
25461 0.000034
25462 0.000028
25463 0.000041
25464 0.000035
25465 0.000019
25466 0.000042
25467 0.000021
25468 0.000030
25469 0.000052
25470 0.000029
25471 0.000018
25472 0.000026
25473 0.000020
25474 0.000015
25475 0.000027
25476 0.000011
25477 0.000006
25478 0.000020
25479 0.000009
25480 0.000024
25481 0.000031
25482 0.000020
25483 0.000015
25484 0.000016
25485 0.000024
25486 0.000024
25487 0.000019
25488 0.000024
25489 0.000016
25490 0.000018
25491 0.000011
25492 0.000020
25493 0.000016
25494 0.000040
25495 0.000028
25496 0.000012
25497 0.000016
25498 0.000019
25499 0.000019
25500 0.000011
25501 0.000010
25502 0.000030
25503 0.000030
25504 0.000010
25505 0.000013
25506 0.000032
25507 0.000011
25508 0.000006
25509 0.000008
25510 0.000024
25511 0.000036
25512 0.000026
25513 0.000026
25514 0.000010
25515 0.000010
25516 0.000024
25517 0.000054
25518 0.000030
25519 0.000032
25520 0.000025
25521 0.000039
25522 0.000042
25523 0.000025
25524 0.000038
25525 0.000020
25526 0.000015
25527 0.000014
25528 0.000018
25529 0.000021
25530 0.000007
25531 0.000004
25532 0.000027
25533 0.000021
25534 0.000039
25535 0.000039
25536 0.000030
25537 0.000025
25538 0.000020
25539 0.000050
25540 0.000038
25541 0.000019
25542 0.000011
25543 0.000014
25544 0.000029
25545 0.000015
25546 0.000007
25547 0.000015
25548 0.000017
25549 0.000010
25550 0.000019
25551 0.000048
25552 0.000021
25553 0.000014
25554 0.000017
25555 0.000014
25556 0.000015
25557 0.000017
25558 0.000038
25559 0.000019
25560 0.000023
25561 0.000016
25562 0.000026
25563 0.000016
25564 0.000026
25565 0.000020
25566 0.000012
25567 0.000011
25568 0.000023
25569 0.000017
25570 0.000010
25571 0.000018
25572 0.000008
25573 0.000013
25574 0.000034
25575 0.000045
25576 0.000046
25577 0.000026
25578 0.000025
25579 0.000010
25580 0.000011
25581 0.000016
25582 0.000024
25583 0.000025
25584 0.000012
25585 0.000010
25586 0.000033
25587 0.000029
25588 0.000052
25589 0.000024
25590 0.000032
25591 0.000027
25592 0.000039
25593 0.000014
25594 0.000019
25595 0.000007
25596 0.000012
25597 0.000014
25598 0.000026
25599 0.000017
25600 0.000023
25601 0.000016
25602 0.000012
25603 0.000029
25604 0.000026
25605 0.000037
25606 0.000022
25607 0.000025
25608 0.000024
25609 0.000029
25610 0.000058
25611 0.000015
25612 0.000033
25613 0.000023
25614 0.000020
25615 0.000030
25616 0.000016
25617 0.000017
25618 0.000033
25619 0.000042
25620 0.000018
25621 0.000019
25622 0.000013
25623 0.000014
25624 0.000020
25625 0.000041
25626 0.000030
25627 0.000038
25628 0.000014
25629 0.000055
25630 0.000064
25631 0.000026
25632 0.000007
25633 0.000022
25634 0.000025
25635 0.000033
25636 0.000027
25637 0.000015
25638 0.000006
25639 0.000029
25640 0.000011
25641 0.000012
25642 0.000015
25643 0.000021
25644 0.000017
25645 0.000018
25646 0.000024
25647 0.000020
25648 0.000013
25649 0.000030
25650 0.000023
25651 0.000026
25652 0.000022
25653 0.000016
25654 0.000025
25655 0.000010
25656 0.000006
25657 0.000011
25658 0.000024
25659 0.000029
25660 0.000029
25661 0.000027
25662 0.000015
25663 0.000013
25664 0.000020
25665 0.000007
25666 0.000010
25667 0.000015
25668 0.000018
25669 0.000011
25670 0.000012
25671 0.000010
25672 0.000006
25673 0.000013
25674 0.000023
25675 0.000033
25676 0.000028
25677 0.000016
25678 0.000010
25679 0.000024
25680 0.000018
25681 0.000021
25682 0.000010
25683 0.000015
25684 0.000028
25685 0.000045
25686 0.000025
25687 0.000011
25688 0.000012
25689 0.000007
25690 0.000014
25691 0.000020
25692 0.000025
25693 0.000032
25694 0.000028
25695 0.000018
25696 0.000019
25697 0.000011
25698 0.000019
25699 0.000019
25700 0.000009
25701 0.000005
25702 0.000016
25703 0.000014
25704 0.000011
25705 0.000009
25706 0.000021
25707 0.000007
25708 0.000014
25709 0.000025
25710 0.000031
25711 0.000056
25712 0.000015
25713 0.000012
25714 0.000012
25715 0.000008
25716 0.000018
25717 0.000011
25718 0.000023
25719 0.000017
25720 0.000007
25721 0.000008
25722 0.000014
25723 0.000022
25724 0.000012
25725 0.000012
25726 0.000025
25727 0.000020
25728 0.000024
25729 0.000018
25730 0.000028
25731 0.000011
25732 0.000019
25733 0.000021
25734 0.000012
25735 0.000031
25736 0.000009
25737 0.000014
25738 0.000011
25739 0.000017
25740 0.000026
25741 0.000025
25742 0.000010
25743 0.000020
25744 0.000018
25745 0.000011
25746 0.000015
25747 0.000039
25748 0.000039
25749 0.000038
25750 0.000016
25751 0.000024
25752 0.000030
25753 0.000021
25754 0.000026
25755 0.000017
25756 0.000015
25757 0.000022
25758 0.000014
25759 0.000018
25760 0.000016
25761 0.000014
25762 0.000011
25763 0.000048
25764 0.000017
25765 0.000014
25766 0.000009
25767 0.000018
25768 0.000029
25769 0.000029
25770 0.000027
25771 0.000021
25772 0.000009
25773 0.000008
25774 0.000007
25775 0.000033
25776 0.000019
25777 0.000023
25778 0.000017
25779 0.000025
25780 0.000016
25781 0.000047
25782 0.000023
25783 0.000027
25784 0.000015
25785 0.000044
25786 0.000051
25787 0.000017
25788 0.000029
25789 0.000030
25790 0.000022
25791 0.000020
25792 0.000024
25793 0.000011
25794 0.000033
25795 0.000032
25796 0.000029
25797 0.000022
25798 0.000027
25799 0.000011
25800 0.000032
25801 0.000044
25802 0.000024
25803 0.000016
25804 0.000019
25805 0.000025
25806 0.000012
25807 0.000010
25808 0.000022
25809 0.000013
25810 0.000010
25811 0.000017
25812 0.000025
25813 0.000014
25814 0.000014
25815 0.000008
25816 0.000021
25817 0.000042
25818 0.000027
25819 0.000014
25820 0.000012
25821 0.000014
25822 0.000015
25823 0.000019
25824 0.000035
25825 0.000020
25826 0.000010
25827 0.000016
25828 0.000024
25829 0.000019
25830 0.000024
25831 0.000008
25832 0.000028
25833 0.000021
25834 0.000029
25835 0.000011
25836 0.000024
25837 0.000013
25838 0.000012
25839 0.000005
25840 0.000035
25841 0.000029
25842 0.000032
25843 0.000023
25844 0.000013
25845 0.000005
25846 0.000012
25847 0.000039
25848 0.000030
25849 0.000033
25850 0.000024
25851 0.000007
25852 0.000015
25853 0.000007
25854 0.000005
25855 0.000034
25856 0.000016
25857 0.000011
25858 0.000007
25859 0.000016
25860 0.000019
25861 0.000011
25862 0.000024
25863 0.000017
25864 0.000008
25865 0.000015
25866 0.000005
25867 0.000033
25868 0.000019
25869 0.000014
25870 0.000010
25871 0.000012
25872 0.000012
25873 0.000008
25874 0.000011
25875 0.000014
25876 0.000007
25877 0.000014
25878 0.000022
25879 0.000016
25880 0.000018
25881 0.000036
25882 0.000042
25883 0.000030
25884 0.000016
25885 0.000023
25886 0.000014
25887 0.000024
25888 0.000018
25889 0.000016
25890 0.000027
25891 0.000026
25892 0.000037
25893 0.000038
25894 0.000058
25895 0.000020
25896 0.000006
25897 0.000008
25898 0.000021
25899 0.000019
25900 0.000046
25901 0.000027
25902 0.000022
25903 0.000023
25904 0.000018
25905 0.000008
25906 0.000010
25907 0.000025
25908 0.000013
25909 0.000010
25910 0.000018
25911 0.000013
25912 0.000032
25913 0.000033
25914 0.000010
25915 0.000017
25916 0.000019
25917 0.000023
25918 0.000013
25919 0.000023
25920 0.000009
25921 0.000019
25922 0.000008
25923 0.000020
25924 0.000012
25925 0.000027
25926 0.000013
25927 0.000017
25928 0.000015
25929 0.000018
25930 0.000009
25931 0.000026
25932 0.000041
25933 0.000021
25934 0.000025
25935 0.000021
25936 0.000018
25937 0.000012
25938 0.000016
25939 0.000014
25940 0.000028
25941 0.000024
25942 0.000015
25943 0.000019
25944 0.000011
25945 0.000019
25946 0.000020
25947 0.000012
25948 0.000026
25949 0.000024
25950 0.000019
25951 0.000006
25952 0.000008
25953 0.000015
25954 0.000012
25955 0.000007
25956 0.000034
25957 0.000020
25958 0.000016
25959 0.000018
25960 0.000028
25961 0.000021
25962 0.000009
25963 0.000019
25964 0.000011
25965 0.000019
25966 0.000020
25967 0.000020
25968 0.000025
25969 0.000023
25970 0.000030
25971 0.000012
25972 0.000006
25973 0.000013
25974 0.000014
25975 0.000019
25976 0.000010
25977 0.000020
25978 0.000029
25979 0.000014
25980 0.000007
25981 0.000011
25982 0.000022
25983 0.000032
25984 0.000012
25985 0.000020
25986 0.000014
25987 0.000018
25988 0.000020
25989 0.000012
25990 0.000007
25991 0.000011
25992 0.000015
25993 0.000009
25994 0.000011
25995 0.000004
25996 0.000005
25997 0.000017
25998 0.000008
25999 0.000011
26000 0.000031
26001 0.000027
26002 0.000028
26003 0.000037
26004 0.000019
26005 0.000016
26006 0.000016
26007 0.000015
26008 0.000026
26009 0.000032
26010 0.000023
26011 0.000025
26012 0.000024
26013 0.000027
26014 0.000029
26015 0.000039
26016 0.000029
26017 0.000023
26018 0.000014
26019 0.000023
26020 0.000026
26021 0.000016
26022 0.000007
26023 0.000023
26024 0.000021
26025 0.000010
26026 0.000013
26027 0.000011
26028 0.000009
26029 0.000019
26030 0.000006
26031 0.000009
26032 0.000007
26033 0.000021
26034 0.000006
26035 0.000005
26036 0.000005
26037 0.000020
26038 0.000015
26039 0.000018
26040 0.000022
26041 0.000009
26042 0.000018
26043 0.000010
26044 0.000017
26045 0.000012
26046 0.000020
26047 0.000009
26048 0.000033
26049 0.000027
26050 0.000013
26051 0.000027
26052 0.000007
26053 0.000016
26054 0.000013
26055 0.000017
26056 0.000015
26057 0.000030
26058 0.000017
26059 0.000011
26060 0.000025
26061 0.000010
26062 0.000015
26063 0.000028
26064 0.000019
26065 0.000030
26066 0.000022
26067 0.000015
26068 0.000022
26069 0.000014
26070 0.000011
26071 0.000034
26072 0.000017
26073 0.000031
26074 0.000017
26075 0.000027
26076 0.000022
26077 0.000024
26078 0.000027
26079 0.000014
26080 0.000015
26081 0.000019
26082 0.000014
26083 0.000035
26084 0.000045
26085 0.000072
26086 0.000044
26087 0.000020
26088 0.000027
26089 0.000018
26090 0.000011
26091 0.000007
26092 0.000009
26093 0.000005
26094 0.000009
26095 0.000014
26096 0.000013
26097 0.000018
26098 0.000013
26099 0.000010
26100 0.000018
26101 0.000029
26102 0.000011
26103 0.000025
26104 0.000026
26105 0.000032
26106 0.000021
26107 0.000009
26108 0.000005
26109 0.000022
26110 0.000019
26111 0.000009
26112 0.000023
26113 0.000054
26114 0.000040
26115 0.000018
26116 0.000026
26117 0.000016
26118 0.000022
26119 0.000012
26120 0.000013
26121 0.000013
26122 0.000018
26123 0.000010
26124 0.000009
26125 0.000030
26126 0.000019
26127 0.000031
26128 0.000018
26129 0.000031
26130 0.000031
26131 0.000029
26132 0.000019
26133 0.000007
26134 0.000008
26135 0.000009
26136 0.000021
26137 0.000019
26138 0.000026
26139 0.000017
26140 0.000008
26141 0.000031
26142 0.000016
26143 0.000013
26144 0.000014
26145 0.000022
26146 0.000012
26147 0.000015
26148 0.000016
26149 0.000009
26150 0.000018
26151 0.000028
26152 0.000025
26153 0.000016
26154 0.000014
26155 0.000010
26156 0.000020
26157 0.000029
26158 0.000016
26159 0.000015
26160 0.000013
26161 0.000037
26162 0.000035
26163 0.000030
26164 0.000016
26165 0.000031
26166 0.000019
26167 0.000009
26168 0.000011
26169 0.000021
26170 0.000013
26171 0.000020
26172 0.000017
26173 0.000011
26174 0.000010
26175 0.000026
26176 0.000027
26177 0.000009
26178 0.000021
26179 0.000011
26180 0.000012
26181 0.000006
26182 0.000005
26183 0.000011
26184 0.000035
26185 0.000010
26186 0.000025
26187 0.000030
26188 0.000019
26189 0.000018
26190 0.000016
26191 0.000024
26192 0.000018
26193 0.000012
26194 0.000026
26195 0.000014
26196 0.000025
26197 0.000008
26198 0.000030
26199 0.000022
26200 0.000015
26201 0.000012
26202 0.000013
26203 0.000007
26204 0.000018
26205 0.000014
26206 0.000013
26207 0.000015
26208 0.000006
26209 0.000009
26210 0.000010
26211 0.000006
26212 0.000008
26213 0.000015
26214 0.000007
26215 0.000008
26216 0.000019
26217 0.000017
26218 0.000032
26219 0.000036
26220 0.000032
26221 0.000040
26222 0.000022
26223 0.000025
26224 0.000013
26225 0.000027
26226 0.000025
26227 0.000031
26228 0.000021
26229 0.000015
26230 0.000009
26231 0.000024
26232 0.000032
26233 0.000037
26234 0.000011
26235 0.000030
26236 0.000019
26237 0.000011
26238 0.000030
26239 0.000026
26240 0.000022
26241 0.000036
26242 0.000035
26243 0.000024
26244 0.000023
26245 0.000017
26246 0.000011
26247 0.000020
26248 0.000008
26249 0.000011
26250 0.000017
26251 0.000008
26252 0.000014
26253 0.000031
26254 0.000014
26255 0.000010
26256 0.000013
26257 0.000024
26258 0.000015
26259 0.000024
26260 0.000011
26261 0.000019
26262 0.000018
26263 0.000025
26264 0.000028
26265 0.000018
26266 0.000006
26267 0.000008
26268 0.000007
26269 0.000011
26270 0.000021
26271 0.000008
26272 0.000010
26273 0.000025
26274 0.000016
26275 0.000012
26276 0.000010
26277 0.000013
26278 0.000025
26279 0.000025
26280 0.000038
26281 0.000019
26282 0.000008
26283 0.000018
26284 0.000015
26285 0.000021
26286 0.000033
26287 0.000027
26288 0.000019
26289 0.000015
26290 0.000028
26291 0.000040
26292 0.000032
26293 0.000029
26294 0.000044
26295 0.000032
26296 0.000019
26297 0.000021
26298 0.000028
26299 0.000014
26300 0.000018
26301 0.000021
26302 0.000026
26303 0.000013
26304 0.000013
26305 0.000025
26306 0.000026
26307 0.000043
26308 0.000026
26309 0.000048
26310 0.000074
26311 0.000073
26312 0.000031
26313 0.000027
26314 0.000044
26315 0.000028
26316 0.000018
26317 0.000015
26318 0.000019
26319 0.000023
26320 0.000023
26321 0.000014
26322 0.000013
26323 0.000022
26324 0.000021
26325 0.000018
26326 0.000028
26327 0.000011
26328 0.000019
26329 0.000011
26330 0.000036
26331 0.000036
26332 0.000021
26333 0.000014
26334 0.000011
26335 0.000016
26336 0.000023
26337 0.000017
26338 0.000027
26339 0.000029
26340 0.000028
26341 0.000018
26342 0.000032
26343 0.000019
26344 0.000035
26345 0.000013
26346 0.000015
26347 0.000012
26348 0.000015
26349 0.000023
26350 0.000035
26351 0.000020
26352 0.000009
26353 0.000018
26354 0.000022
26355 0.000020
26356 0.000024
26357 0.000020
26358 0.000027
26359 0.000011
26360 0.000021
26361 0.000027
26362 0.000021
26363 0.000014
26364 0.000007
26365 0.000019
26366 0.000023
26367 0.000021
26368 0.000012
26369 0.000010
26370 0.000019
26371 0.000011
26372 0.000018
26373 0.000016
26374 0.000008
26375 0.000025
26376 0.000006
26377 0.000025
26378 0.000032
26379 0.000028
26380 0.000022
26381 0.000011
26382 0.000016
26383 0.000034
26384 0.000015
26385 0.000011
26386 0.000025
26387 0.000039
26388 0.000036
26389 0.000014
26390 0.000022
26391 0.000014
26392 0.000006
26393 0.000005
26394 0.000004
26395 0.000012
26396 0.000014
26397 0.000016
26398 0.000014
26399 0.000009
26400 0.000037
26401 0.000013
26402 0.000024
26403 0.000027
26404 0.000013
26405 0.000015
26406 0.000032
26407 0.000020
26408 0.000031
26409 0.000016
26410 0.000021
26411 0.000017
26412 0.000017
26413 0.000018
26414 0.000018
26415 0.000035
26416 0.000015
26417 0.000014
26418 0.000012
26419 0.000010
26420 0.000020
26421 0.000018
26422 0.000019
26423 0.000008
26424 0.000012
26425 0.000014
26426 0.000012
26427 0.000008
26428 0.000020
26429 0.000037
26430 0.000008
26431 0.000016
26432 0.000017
26433 0.000042
26434 0.000018
26435 0.000030
26436 0.000008
26437 0.000006
26438 0.000006
26439 0.000015
26440 0.000025
26441 0.000018
26442 0.000039
26443 0.000023
26444 0.000020
26445 0.000014
26446 0.000007
26447 0.000015
26448 0.000014
26449 0.000007
26450 0.000015
26451 0.000011
26452 0.000005
26453 0.000019
26454 0.000012
26455 0.000016
26456 0.000022
26457 0.000053
26458 0.000018
26459 0.000009
26460 0.000014
26461 0.000035
26462 0.000057
26463 0.000029
26464 0.000028
26465 0.000011
26466 0.000011
26467 0.000010
26468 0.000013
26469 0.000029
26470 0.000027
26471 0.000016
26472 0.000012
26473 0.000005
26474 0.000030
26475 0.000014
26476 0.000022
26477 0.000009
26478 0.000007
26479 0.000006
26480 0.000024
26481 0.000025
26482 0.000018
26483 0.000019
26484 0.000007
26485 0.000022
26486 0.000020
26487 0.000011
26488 0.000027
26489 0.000038
26490 0.000012
26491 0.000015
26492 0.000038
26493 0.000017
26494 0.000041
26495 0.000013
26496 0.000030
26497 0.000015
26498 0.000009
26499 0.000014
26500 0.000007
26501 0.000012
26502 0.000013
26503 0.000026
26504 0.000015
26505 0.000014
26506 0.000020
26507 0.000012
26508 0.000010
26509 0.000020
26510 0.000020
26511 0.000014
26512 0.000008
26513 0.000031
26514 0.000015
26515 0.000018
26516 0.000017
26517 0.000017
26518 0.000017
26519 0.000008
26520 0.000010
26521 0.000028
26522 0.000032
26523 0.000029
26524 0.000025
26525 0.000030
26526 0.000015
26527 0.000014
26528 0.000007
26529 0.000016
26530 0.000013
26531 0.000019
26532 0.000028
26533 0.000042
26534 0.000036
26535 0.000042
26536 0.000019
26537 0.000019
26538 0.000033
26539 0.000022
26540 0.000024
26541 0.000028
26542 0.000011
26543 0.000027
26544 0.000023
26545 0.000025
26546 0.000023
26547 0.000035
26548 0.000035
26549 0.000046
26550 0.000038
26551 0.000011
26552 0.000025
26553 0.000021
26554 0.000007
26555 0.000021
26556 0.000013
26557 0.000005
26558 0.000004
26559 0.000010
26560 0.000012
26561 0.000015
26562 0.000023
26563 0.000028
26564 0.000030
26565 0.000031
26566 0.000014
26567 0.000019
26568 0.000015
26569 0.000019
26570 0.000015
26571 0.000018
26572 0.000010
26573 0.000009
26574 0.000029
26575 0.000025
26576 0.000020
26577 0.000020
26578 0.000011
26579 0.000019
26580 0.000028
26581 0.000027
26582 0.000011
26583 0.000008
26584 0.000019
26585 0.000027
26586 0.000010
26587 0.000018
26588 0.000008
26589 0.000014
26590 0.000020
26591 0.000011
26592 0.000005
26593 0.000008
26594 0.000016
26595 0.000017
26596 0.000015
26597 0.000016
26598 0.000035
26599 0.000017
26600 0.000021
26601 0.000012
26602 0.000018
26603 0.000026
26604 0.000022
26605 0.000012
26606 0.000018
26607 0.000007
26608 0.000006
26609 0.000008
26610 0.000007
26611 0.000014
26612 0.000021
26613 0.000013
26614 0.000040
26615 0.000018
26616 0.000023
26617 0.000028
26618 0.000014
26619 0.000009
26620 0.000023
26621 0.000029
26622 0.000011
26623 0.000006
26624 0.000025
26625 0.000027
26626 0.000014
26627 0.000031
26628 0.000016
26629 0.000012
26630 0.000024
26631 0.000041
26632 0.000020
26633 0.000021
26634 0.000012
26635 0.000022
26636 0.000012
26637 0.000015
26638 0.000026
26639 0.000016
26640 0.000012
26641 0.000010
26642 0.000009
26643 0.000004
26644 0.000013
26645 0.000023
26646 0.000031
26647 0.000020
26648 0.000028
26649 0.000009
26650 0.000019
26651 0.000018
26652 0.000027
26653 0.000050
26654 0.000035
26655 0.000047
26656 0.000018
26657 0.000028
26658 0.000031
26659 0.000034
26660 0.000016
26661 0.000010
26662 0.000006
26663 0.000020
26664 0.000010
26665 0.000011
26666 0.000012
26667 0.000033
26668 0.000010
26669 0.000014
26670 0.000020
26671 0.000012
26672 0.000016
26673 0.000021
26674 0.000021
26675 0.000020
26676 0.000024
26677 0.000007
26678 0.000009
26679 0.000014
26680 0.000005
26681 0.000013
26682 0.000022
26683 0.000049
26684 0.000035
26685 0.000033
26686 0.000025
26687 0.000009
26688 0.000006
26689 0.000008
26690 0.000014
26691 0.000049
26692 0.000062
26693 0.000018
26694 0.000027
26695 0.000017
26696 0.000013
26697 0.000007
26698 0.000004
26699 0.000009
26700 0.000020
26701 0.000027
26702 0.000015
26703 0.000016
26704 0.000019
26705 0.000016
26706 0.000010
26707 0.000028
26708 0.000016
26709 0.000017
26710 0.000015
26711 0.000006
26712 0.000017
26713 0.000022
26714 0.000023
26715 0.000013
26716 0.000015
26717 0.000009
26718 0.000012
26719 0.000025
26720 0.000018
26721 0.000018
26722 0.000033
26723 0.000017
26724 0.000012
26725 0.000028
26726 0.000023
26727 0.000018
26728 0.000026
26729 0.000025
26730 0.000028
26731 0.000018
26732 0.000021
26733 0.000016
26734 0.000013
26735 0.000017
26736 0.000010
26737 0.000010
26738 0.000029
26739 0.000015
26740 0.000015
26741 0.000006
26742 0.000015
26743 0.000025
26744 0.000012
26745 0.000018
26746 0.000016
26747 0.000022
26748 0.000009
26749 0.000016
26750 0.000017
26751 0.000045
26752 0.000022
26753 0.000011
26754 0.000015
26755 0.000021
26756 0.000036
26757 0.000013
26758 0.000015
26759 0.000027
26760 0.000020
26761 0.000012
26762 0.000032
26763 0.000048
26764 0.000016
26765 0.000035
26766 0.000036
26767 0.000020
26768 0.000019
26769 0.000035
26770 0.000019
26771 0.000011
26772 0.000031
26773 0.000034
26774 0.000046
26775 0.000049
26776 0.000017
26777 0.000045
26778 0.000018
26779 0.000021
26780 0.000045
26781 0.000059
26782 0.000032
26783 0.000040
26784 0.000037
26785 0.000021
26786 0.000013
26787 0.000023
26788 0.000015
26789 0.000011
26790 0.000006
26791 0.000027
26792 0.000041
26793 0.000026
26794 0.000022
26795 0.000018
26796 0.000026
26797 0.000015
26798 0.000025
26799 0.000036
26800 0.000020
26801 0.000019
26802 0.000027
26803 0.000024
26804 0.000027
26805 0.000033
26806 0.000052
26807 0.000025
26808 0.000013
26809 0.000006
26810 0.000011
26811 0.000013
26812 0.000022
26813 0.000014
26814 0.000016
26815 0.000030
26816 0.000023
26817 0.000036
26818 0.000026
26819 0.000008
26820 0.000015
26821 0.000007
26822 0.000033
26823 0.000021
26824 0.000037
26825 0.000027
26826 0.000025
26827 0.000034
26828 0.000026
26829 0.000010
26830 0.000017
26831 0.000007
26832 0.000012
26833 0.000022
26834 0.000030
26835 0.000019
26836 0.000047
26837 0.000022
26838 0.000031
26839 0.000015
26840 0.000021
26841 0.000012
26842 0.000009
26843 0.000016
26844 0.000024
26845 0.000015
26846 0.000023
26847 0.000013
26848 0.000020
26849 0.000029
26850 0.000021
26851 0.000022
26852 0.000009
26853 0.000016
26854 0.000015
26855 0.000021
26856 0.000009
26857 0.000025
26858 0.000026
26859 0.000027
26860 0.000019
26861 0.000035
26862 0.000037
26863 0.000030
26864 0.000030
26865 0.000016
26866 0.000029
26867 0.000022
26868 0.000021
26869 0.000021
26870 0.000023
26871 0.000017
26872 0.000014
26873 0.000022
26874 0.000015
26875 0.000012
26876 0.000005
26877 0.000018
26878 0.000012
26879 0.000014
26880 0.000027
26881 0.000015
26882 0.000010
26883 0.000015
26884 0.000026
26885 0.000014
26886 0.000019
26887 0.000018
26888 0.000006
26889 0.000007
26890 0.000008
26891 0.000022
26892 0.000019
26893 0.000014
26894 0.000022
26895 0.000009
26896 0.000030
26897 0.000038
26898 0.000008
26899 0.000021
26900 0.000019
26901 0.000034
26902 0.000023
26903 0.000034
26904 0.000018
26905 0.000007
26906 0.000016
26907 0.000017
26908 0.000008
26909 0.000011
26910 0.000011
26911 0.000018
26912 0.000020
26913 0.000029
26914 0.000018
26915 0.000017
26916 0.000035
26917 0.000048
26918 0.000031
26919 0.000039
26920 0.000037
26921 0.000028
26922 0.000018
26923 0.000026
26924 0.000010
26925 0.000021
26926 0.000034
26927 0.000022
26928 0.000025
26929 0.000019
26930 0.000022
26931 0.000014
26932 0.000033
26933 0.000031
26934 0.000035
26935 0.000014
26936 0.000028
26937 0.000034
26938 0.000021
26939 0.000025
26940 0.000011
26941 0.000029
26942 0.000033
26943 0.000024
26944 0.000045
26945 0.000025
26946 0.000010
26947 0.000011
26948 0.000011
26949 0.000010
26950 0.000012
26951 0.000010
26952 0.000011
26953 0.000013
26954 0.000027
26955 0.000019
26956 0.000008
26957 0.000010
26958 0.000018
26959 0.000033
26960 0.000024
26961 0.000019
26962 0.000007
26963 0.000007
26964 0.000017
26965 0.000007
26966 0.000008
26967 0.000026
26968 0.000018
26969 0.000035
26970 0.000018
26971 0.000007
26972 0.000013
26973 0.000020
26974 0.000007
26975 0.000020
26976 0.000007
26977 0.000007
26978 0.000019
26979 0.000018
26980 0.000019
26981 0.000040
26982 0.000025
26983 0.000037
26984 0.000021
26985 0.000024
26986 0.000026
26987 0.000019
26988 0.000021
26989 0.000027
26990 0.000035
26991 0.000015
26992 0.000020
26993 0.000016
26994 0.000021
26995 0.000027
26996 0.000030
26997 0.000032
26998 0.000031
26999 0.000014
27000 0.000017
27001 0.000018
27002 0.000008
27003 0.000009
27004 0.000017
27005 0.000019
27006 0.000024
27007 0.000030
27008 0.000018
27009 0.000020
27010 0.000006
27011 0.000019
27012 0.000026
27013 0.000038
27014 0.000022
27015 0.000007
27016 0.000023
27017 0.000011
27018 0.000022
27019 0.000024
27020 0.000007
27021 0.000009
27022 0.000014
27023 0.000014
27024 0.000021
27025 0.000030
27026 0.000021
27027 0.000009
27028 0.000013
27029 0.000032
27030 0.000054
27031 0.000024
27032 0.000010
27033 0.000014
27034 0.000029
27035 0.000018
27036 0.000014
27037 0.000028
27038 0.000011
27039 0.000013
27040 0.000037
27041 0.000020
27042 0.000021
27043 0.000015
27044 0.000015
27045 0.000013
27046 0.000014
27047 0.000009
27048 0.000038
27049 0.000014
27050 0.000012
27051 0.000025
27052 0.000013
27053 0.000032
27054 0.000027
27055 0.000030
27056 0.000025
27057 0.000025
27058 0.000044
27059 0.000051
27060 0.000040
27061 0.000036
27062 0.000011
27063 0.000023
27064 0.000027
27065 0.000014
27066 0.000046
27067 0.000019
27068 0.000021
27069 0.000025
27070 0.000025
27071 0.000021
27072 0.000011
27073 0.000010
27074 0.000021
27075 0.000011
27076 0.000015
27077 0.000022
27078 0.000010
27079 0.000019
27080 0.000023
27081 0.000014
27082 0.000015
27083 0.000021
27084 0.000012
27085 0.000027
27086 0.000019
27087 0.000018
27088 0.000025
27089 0.000029
27090 0.000015
27091 0.000024
27092 0.000013
27093 0.000014
27094 0.000016
27095 0.000025
27096 0.000009
27097 0.000009
27098 0.000021
27099 0.000009
27100 0.000020
27101 0.000009
27102 0.000017
27103 0.000033
27104 0.000019
27105 0.000020
27106 0.000016
27107 0.000036
27108 0.000021
27109 0.000017
27110 0.000017
27111 0.000010
27112 0.000011
27113 0.000010
27114 0.000017
27115 0.000025
27116 0.000014
27117 0.000014
27118 0.000010
27119 0.000026
27120 0.000019
27121 0.000015
27122 0.000016
27123 0.000019
27124 0.000021
27125 0.000035
27126 0.000043
27127 0.000015
27128 0.000013
27129 0.000023
27130 0.000014
27131 0.000005
27132 0.000025
27133 0.000012
27134 0.000013
27135 0.000004
27136 0.000004
27137 0.000013
27138 0.000014
27139 0.000020
27140 0.000017
27141 0.000038
27142 0.000045
27143 0.000028
27144 0.000025
27145 0.000017
27146 0.000018
27147 0.000028
27148 0.000031
27149 0.000023
27150 0.000034
27151 0.000013
27152 0.000008
27153 0.000021
27154 0.000037
27155 0.000026
27156 0.000023
27157 0.000028
27158 0.000020
27159 0.000020
27160 0.000022
27161 0.000018
27162 0.000021
27163 0.000009
27164 0.000008
27165 0.000011
27166 0.000020
27167 0.000028
27168 0.000042
27169 0.000028
27170 0.000035
27171 0.000020
27172 0.000021
27173 0.000025
27174 0.000021
27175 0.000031
27176 0.000029
27177 0.000026
27178 0.000025
27179 0.000032
27180 0.000020
27181 0.000016
27182 0.000019
27183 0.000016
27184 0.000023
27185 0.000019
27186 0.000028
27187 0.000031
27188 0.000018
27189 0.000007
27190 0.000004
27191 0.000008
27192 0.000015
27193 0.000018
27194 0.000026
27195 0.000014
27196 0.000009
27197 0.000013
27198 0.000009
27199 0.000023
27200 0.000025
27201 0.000022
27202 0.000020
27203 0.000009
27204 0.000006
27205 0.000014
27206 0.000036
27207 0.000037
27208 0.000035
27209 0.000023
27210 0.000023
27211 0.000021
27212 0.000024
27213 0.000021
27214 0.000021
27215 0.000022
27216 0.000030
27217 0.000008
27218 0.000012
27219 0.000024
27220 0.000012
27221 0.000009
27222 0.000016
27223 0.000020
27224 0.000031
27225 0.000012
27226 0.000021
27227 0.000017
27228 0.000017
27229 0.000039
27230 0.000043
27231 0.000012
27232 0.000014
27233 0.000037
27234 0.000035
27235 0.000018
27236 0.000011
27237 0.000031
27238 0.000023
27239 0.000008
27240 0.000014
27241 0.000023
27242 0.000009
27243 0.000011
27244 0.000030
27245 0.000019
27246 0.000033
27247 0.000031
27248 0.000028
27249 0.000009
27250 0.000004
27251 0.000015
27252 0.000014
27253 0.000015
27254 0.000037
27255 0.000056
27256 0.000019
27257 0.000015
27258 0.000011
27259 0.000033
27260 0.000015
27261 0.000029
27262 0.000015
27263 0.000050
27264 0.000024
27265 0.000030
27266 0.000028
27267 0.000044
27268 0.000034
27269 0.000026
27270 0.000020
27271 0.000028
27272 0.000015
27273 0.000013
27274 0.000036
27275 0.000027
27276 0.000011
27277 0.000015
27278 0.000019
27279 0.000016
27280 0.000008
27281 0.000007
27282 0.000009
27283 0.000014
27284 0.000017
27285 0.000030
27286 0.000022
27287 0.000017
27288 0.000007
27289 0.000013
27290 0.000018
27291 0.000006
27292 0.000005
27293 0.000009
27294 0.000015
27295 0.000006
27296 0.000024
27297 0.000040
27298 0.000022
27299 0.000026
27300 0.000014
27301 0.000011
27302 0.000036
27303 0.000044
27304 0.000047
27305 0.000035
27306 0.000019
27307 0.000014
27308 0.000020
27309 0.000034
27310 0.000019
27311 0.000013
27312 0.000014
27313 0.000027
27314 0.000015
27315 0.000014
27316 0.000012
27317 0.000019
27318 0.000018
27319 0.000022
27320 0.000020
27321 0.000022
27322 0.000021
27323 0.000009
27324 0.000004
27325 0.000033
27326 0.000025
27327 0.000014
27328 0.000023
27329 0.000016
27330 0.000010
27331 0.000013
27332 0.000031
27333 0.000031
27334 0.000030
27335 0.000018
27336 0.000023
27337 0.000012
27338 0.000010
27339 0.000010
27340 0.000022
27341 0.000032
27342 0.000022
27343 0.000024
27344 0.000030
27345 0.000037
27346 0.000033
27347 0.000032
27348 0.000033
27349 0.000031
27350 0.000018
27351 0.000039
27352 0.000020
27353 0.000017
27354 0.000016
27355 0.000042
27356 0.000014
27357 0.000026
27358 0.000025
27359 0.000035
27360 0.000009
27361 0.000013
27362 0.000011
27363 0.000016
27364 0.000009
27365 0.000006
27366 0.000024
27367 0.000036
27368 0.000031
27369 0.000033
27370 0.000036
27371 0.000021
27372 0.000011
27373 0.000012
27374 0.000006
27375 0.000004
27376 0.000024
27377 0.000024
27378 0.000028
27379 0.000011
27380 0.000009
27381 0.000005
27382 0.000007
27383 0.000012
27384 0.000020
27385 0.000027
27386 0.000011
27387 0.000036
27388 0.000013
27389 0.000009
27390 0.000008
27391 0.000015
27392 0.000029
27393 0.000035
27394 0.000040
27395 0.000028
27396 0.000032
27397 0.000010
27398 0.000024
27399 0.000013
27400 0.000020
27401 0.000026
27402 0.000023
27403 0.000028
27404 0.000016
27405 0.000038
27406 0.000012
27407 0.000011
27408 0.000006
27409 0.000011
27410 0.000014
27411 0.000020
27412 0.000025
27413 0.000039
27414 0.000014
27415 0.000009
27416 0.000014
27417 0.000035
27418 0.000036
27419 0.000053
27420 0.000069
27421 0.000036
27422 0.000018
27423 0.000014
27424 0.000012
27425 0.000018
27426 0.000012
27427 0.000016
27428 0.000027
27429 0.000032
27430 0.000021
27431 0.000025
27432 0.000028
27433 0.000008
27434 0.000015
27435 0.000028
27436 0.000011
27437 0.000009
27438 0.000012
27439 0.000020
27440 0.000010
27441 0.000032
27442 0.000014
27443 0.000019
27444 0.000025
27445 0.000017
27446 0.000019
27447 0.000023
27448 0.000010
27449 0.000027
27450 0.000022
27451 0.000021
27452 0.000024
27453 0.000033
27454 0.000025
27455 0.000020
27456 0.000009
27457 0.000034
27458 0.000029
27459 0.000031
27460 0.000034
27461 0.000028
27462 0.000014
27463 0.000006
27464 0.000016
27465 0.000015
27466 0.000021
27467 0.000011
27468 0.000021
27469 0.000012
27470 0.000007
27471 0.000021
27472 0.000009
27473 0.000010
27474 0.000007
27475 0.000017
27476 0.000017
27477 0.000022
27478 0.000012
27479 0.000020
27480 0.000018
27481 0.000010
27482 0.000014
27483 0.000025
27484 0.000010
27485 0.000018
27486 0.000006
27487 0.000024
27488 0.000010
27489 0.000007
27490 0.000023
27491 0.000031
27492 0.000042
27493 0.000021
27494 0.000029
27495 0.000018
27496 0.000016
27497 0.000015
27498 0.000009
27499 0.000019
27500 0.000019
27501 0.000026
27502 0.000015
27503 0.000011
27504 0.000021
27505 0.000018
27506 0.000008
27507 0.000005
27508 0.000016
27509 0.000034
27510 0.000017
27511 0.000029
27512 0.000038
27513 0.000028
27514 0.000027
27515 0.000026
27516 0.000012
27517 0.000014
27518 0.000008
27519 0.000008
27520 0.000020
27521 0.000032
27522 0.000026
27523 0.000025
27524 0.000014
27525 0.000006
27526 0.000009
27527 0.000019
27528 0.000007
27529 0.000033
27530 0.000027
27531 0.000018
27532 0.000021
27533 0.000029
27534 0.000016
27535 0.000016
27536 0.000013
27537 0.000028
27538 0.000018
27539 0.000021
27540 0.000026
27541 0.000028
27542 0.000018
27543 0.000017
27544 0.000007
27545 0.000015
27546 0.000019
27547 0.000021
27548 0.000021
27549 0.000017
27550 0.000015
27551 0.000007
27552 0.000005
27553 0.000012
27554 0.000020
27555 0.000025
27556 0.000013
27557 0.000014
27558 0.000024
27559 0.000016
27560 0.000035
27561 0.000055
27562 0.000034
27563 0.000016
27564 0.000007
27565 0.000024
27566 0.000033
27567 0.000017
27568 0.000015
27569 0.000020
27570 0.000020
27571 0.000011
27572 0.000015
27573 0.000015
27574 0.000016
27575 0.000037
27576 0.000011
27577 0.000007
27578 0.000007
27579 0.000005
27580 0.000008
27581 0.000015
27582 0.000016
27583 0.000021
27584 0.000014
27585 0.000018
27586 0.000020
27587 0.000033
27588 0.000020
27589 0.000016
27590 0.000010
27591 0.000017
27592 0.000018
27593 0.000027
27594 0.000043
27595 0.000015
27596 0.000010
27597 0.000011
27598 0.000009
27599 0.000022
27600 0.000031
27601 0.000017
27602 0.000021
27603 0.000012
27604 0.000019
27605 0.000013
27606 0.000011
27607 0.000022
27608 0.000025
27609 0.000053
27610 0.000021
27611 0.000009
27612 0.000022
27613 0.000015
27614 0.000047
27615 0.000016
27616 0.000026
27617 0.000023
27618 0.000026
27619 0.000038
27620 0.000047
27621 0.000045
27622 0.000040
27623 0.000033
27624 0.000032
27625 0.000031
27626 0.000016
27627 0.000019
27628 0.000019
27629 0.000021
27630 0.000025
27631 0.000034
27632 0.000023
27633 0.000008
27634 0.000010
27635 0.000021
27636 0.000036
27637 0.000029
27638 0.000035
27639 0.000035
27640 0.000023
27641 0.000026
27642 0.000025
27643 0.000035
27644 0.000018
27645 0.000024
27646 0.000016
27647 0.000016
27648 0.000025
27649 0.000009
27650 0.000020
27651 0.000028
27652 0.000021
27653 0.000013
27654 0.000005
27655 0.000005
27656 0.000006
27657 0.000007
27658 0.000026
27659 0.000016
27660 0.000012
27661 0.000022
27662 0.000016
27663 0.000009
27664 0.000015
27665 0.000042
27666 0.000056
27667 0.000023
27668 0.000010
27669 0.000017
27670 0.000015
27671 0.000026
27672 0.000039
27673 0.000032
27674 0.000020
27675 0.000024
27676 0.000008
27677 0.000010
27678 0.000014
27679 0.000027
27680 0.000018
27681 0.000013
27682 0.000017
27683 0.000014
27684 0.000021
27685 0.000029
27686 0.000012
27687 0.000029
27688 0.000023
27689 0.000022
27690 0.000022
27691 0.000029
27692 0.000033
27693 0.000038
27694 0.000019
27695 0.000023
27696 0.000016
27697 0.000028
27698 0.000025
27699 0.000023
27700 0.000010
27701 0.000012
27702 0.000005
27703 0.000011
27704 0.000010
27705 0.000015
27706 0.000007
27707 0.000026
27708 0.000018
27709 0.000021
27710 0.000009
27711 0.000014
27712 0.000012
27713 0.000016
27714 0.000014
27715 0.000012
27716 0.000024
27717 0.000020
27718 0.000012
27719 0.000026
27720 0.000013
27721 0.000026
27722 0.000020
27723 0.000030
27724 0.000018
27725 0.000020
27726 0.000032
27727 0.000014
27728 0.000026
27729 0.000041
27730 0.000017
27731 0.000035
27732 0.000016
27733 0.000029
27734 0.000029
27735 0.000034
27736 0.000039
27737 0.000026
27738 0.000028
27739 0.000035
27740 0.000015
27741 0.000011
27742 0.000040
27743 0.000044
27744 0.000024
27745 0.000021
27746 0.000013
27747 0.000005
27748 0.000021
27749 0.000021
27750 0.000015
27751 0.000048
27752 0.000013
27753 0.000027
27754 0.000025
27755 0.000018
27756 0.000008
27757 0.000031
27758 0.000022
27759 0.000015
27760 0.000013
27761 0.000007
27762 0.000008
27763 0.000022
27764 0.000031
27765 0.000012
27766 0.000021
27767 0.000019
27768 0.000035
27769 0.000023
27770 0.000013
27771 0.000020
27772 0.000017
27773 0.000011
27774 0.000014
27775 0.000015
27776 0.000006
27777 0.000015
27778 0.000006
27779 0.000006
27780 0.000016
27781 0.000011
27782 0.000011
27783 0.000015
27784 0.000029
27785 0.000008
27786 0.000009
27787 0.000009
27788 0.000005
27789 0.000018
27790 0.000028
27791 0.000028
27792 0.000017
27793 0.000014
27794 0.000008
27795 0.000023
27796 0.000011
27797 0.000006
27798 0.000016
27799 0.000019
27800 0.000008
27801 0.000015
27802 0.000024
27803 0.000018
27804 0.000030
27805 0.000020
27806 0.000030
27807 0.000023
27808 0.000024
27809 0.000017
27810 0.000029
27811 0.000011
27812 0.000029
27813 0.000017
27814 0.000018
27815 0.000027
27816 0.000016
27817 0.000024
27818 0.000025
27819 0.000021
27820 0.000015
27821 0.000016
27822 0.000026
27823 0.000039
27824 0.000022
27825 0.000023
27826 0.000016
27827 0.000014
27828 0.000008
27829 0.000026
27830 0.000024
27831 0.000019
27832 0.000009
27833 0.000011
27834 0.000009
27835 0.000015
27836 0.000013
27837 0.000013
27838 0.000016
27839 0.000023
27840 0.000025
27841 0.000008
27842 0.000006
27843 0.000009
27844 0.000014
27845 0.000014
27846 0.000013
27847 0.000014
27848 0.000021
27849 0.000038
27850 0.000032
27851 0.000017
27852 0.000014
27853 0.000016
27854 0.000010
27855 0.000031
27856 0.000035
27857 0.000021
27858 0.000012
27859 0.000007
27860 0.000009
27861 0.000023
27862 0.000026
27863 0.000028
27864 0.000029
27865 0.000021
27866 0.000015
27867 0.000020
27868 0.000015
27869 0.000009
27870 0.000006
27871 0.000005
27872 0.000044
27873 0.000041
27874 0.000027
27875 0.000012
27876 0.000009
27877 0.000016
27878 0.000048
27879 0.000026
27880 0.000029
27881 0.000028
27882 0.000024
27883 0.000024
27884 0.000016
27885 0.000019
27886 0.000021
27887 0.000050
27888 0.000042
27889 0.000021
27890 0.000008
27891 0.000014
27892 0.000032
27893 0.000015
27894 0.000021
27895 0.000007
27896 0.000014
27897 0.000010
27898 0.000024
27899 0.000027
27900 0.000017
27901 0.000017
27902 0.000041
27903 0.000029
27904 0.000011
27905 0.000013
27906 0.000014
27907 0.000027
27908 0.000034
27909 0.000011
27910 0.000022
27911 0.000019
27912 0.000015
27913 0.000011
27914 0.000005
27915 0.000015
27916 0.000028
27917 0.000009
27918 0.000023
27919 0.000017
27920 0.000010
27921 0.000008
27922 0.000010
27923 0.000030
27924 0.000027
27925 0.000013
27926 0.000021
27927 0.000015
27928 0.000013
27929 0.000023
27930 0.000027
27931 0.000024
27932 0.000012
27933 0.000016
27934 0.000017
27935 0.000015
27936 0.000009
27937 0.000020
27938 0.000028
27939 0.000030
27940 0.000033
27941 0.000014
27942 0.000023
27943 0.000046
27944 0.000026
27945 0.000009
27946 0.000018
27947 0.000022
27948 0.000016
27949 0.000006
27950 0.000056
27951 0.000015
27952 0.000015
27953 0.000013
27954 0.000011
27955 0.000040
27956 0.000014
27957 0.000014
27958 0.000020
27959 0.000019
27960 0.000017
27961 0.000036
27962 0.000048
27963 0.000020
27964 0.000024
27965 0.000029
27966 0.000027
27967 0.000012
27968 0.000020
27969 0.000016
27970 0.000009
27971 0.000011
27972 0.000017
27973 0.000009
27974 0.000016
27975 0.000019
27976 0.000026
27977 0.000014
27978 0.000014
27979 0.000019
27980 0.000015
27981 0.000025
27982 0.000021
27983 0.000016
27984 0.000010
27985 0.000014
27986 0.000007
27987 0.000015
27988 0.000011
27989 0.000005
27990 0.000021
27991 0.000024
27992 0.000012
27993 0.000015
27994 0.000019
27995 0.000016
27996 0.000027
27997 0.000017
27998 0.000029
27999 0.000014
28000 0.000011
28001 0.000013
28002 0.000009
28003 0.000010
28004 0.000006
28005 0.000011
28006 0.000007
28007 0.000012
28008 0.000013
28009 0.000015
28010 0.000011
28011 0.000011
28012 0.000013
28013 0.000024
28014 0.000033
28015 0.000017
28016 0.000005
28017 0.000005
28018 0.000013
28019 0.000018
28020 0.000023
28021 0.000023
28022 0.000023
28023 0.000025
28024 0.000008
28025 0.000019
28026 0.000016
28027 0.000014
28028 0.000017
28029 0.000037
28030 0.000033
28031 0.000023
28032 0.000022
28033 0.000012
28034 0.000022
28035 0.000008
28036 0.000012
28037 0.000015
28038 0.000010
28039 0.000020
28040 0.000028
28041 0.000018
28042 0.000015
28043 0.000018
28044 0.000023
28045 0.000025
28046 0.000030
28047 0.000047
28048 0.000015
28049 0.000016
28050 0.000022
28051 0.000020
28052 0.000006
28053 0.000006
28054 0.000028
28055 0.000031
28056 0.000022
28057 0.000020
28058 0.000027
28059 0.000017
28060 0.000021
28061 0.000026
28062 0.000018
28063 0.000011
28064 0.000006
28065 0.000014
28066 0.000029
28067 0.000018
28068 0.000014
28069 0.000009
28070 0.000013
28071 0.000007
28072 0.000023
28073 0.000019
28074 0.000015
28075 0.000025
28076 0.000031
28077 0.000017
28078 0.000020
28079 0.000017
28080 0.000021
28081 0.000028
28082 0.000020
28083 0.000021
28084 0.000020
28085 0.000028
28086 0.000026
28087 0.000051
28088 0.000027
28089 0.000012
28090 0.000014
28091 0.000041
28092 0.000028
28093 0.000023
28094 0.000013
28095 0.000020
28096 0.000023
28097 0.000025
28098 0.000009
28099 0.000017
28100 0.000022
28101 0.000029
28102 0.000023
28103 0.000013
28104 0.000020
28105 0.000010
28106 0.000030
28107 0.000014
28108 0.000026
28109 0.000027
28110 0.000052
28111 0.000043
28112 0.000043
28113 0.000015
28114 0.000021
28115 0.000014
28116 0.000007
28117 0.000014
28118 0.000014
28119 0.000011
28120 0.000014
28121 0.000016
28122 0.000035
28123 0.000010
28124 0.000011
28125 0.000011
28126 0.000016
28127 0.000018
28128 0.000067
28129 0.000027
28130 0.000041
28131 0.000038
28132 0.000036
28133 0.000033
28134 0.000017
28135 0.000015
28136 0.000018
28137 0.000027
28138 0.000027
28139 0.000015
28140 0.000018
28141 0.000025
28142 0.000010
28143 0.000016
28144 0.000006
28145 0.000014
28146 0.000012
28147 0.000011
28148 0.000020
28149 0.000018
28150 0.000012
28151 0.000021
28152 0.000010
28153 0.000022
28154 0.000033
28155 0.000028
28156 0.000035
28157 0.000043
28158 0.000016
28159 0.000038
28160 0.000018
28161 0.000016
28162 0.000028
28163 0.000021
28164 0.000025
28165 0.000028
28166 0.000015
28167 0.000014
28168 0.000017
28169 0.000024
28170 0.000016
28171 0.000028
28172 0.000021
28173 0.000009
28174 0.000013
28175 0.000018
28176 0.000018
28177 0.000017
28178 0.000044
28179 0.000031
28180 0.000031
28181 0.000039
28182 0.000022
28183 0.000016
28184 0.000017
28185 0.000024
28186 0.000015
28187 0.000036
28188 0.000028
28189 0.000022
28190 0.000012
28191 0.000012
28192 0.000025
28193 0.000019
28194 0.000021
28195 0.000022
28196 0.000013
28197 0.000021
28198 0.000019
28199 0.000010
28200 0.000006
28201 0.000010
28202 0.000017
28203 0.000013
28204 0.000009
28205 0.000024
28206 0.000010
28207 0.000017
28208 0.000016
28209 0.000019
28210 0.000009
28211 0.000012
28212 0.000008
28213 0.000010
28214 0.000030
28215 0.000012
28216 0.000006
28217 0.000017
28218 0.000024
28219 0.000021
28220 0.000008
28221 0.000005
28222 0.000023
28223 0.000021
28224 0.000007
28225 0.000019
28226 0.000025
28227 0.000008
28228 0.000010
28229 0.000011
28230 0.000012
28231 0.000006
28232 0.000007
28233 0.000009
28234 0.000016
28235 0.000014
28236 0.000026
28237 0.000022
28238 0.000021
28239 0.000015
28240 0.000009
28241 0.000023
28242 0.000018
28243 0.000029
28244 0.000015
28245 0.000032
28246 0.000025
28247 0.000019
28248 0.000038
28249 0.000024
28250 0.000024
28251 0.000030
28252 0.000024
28253 0.000016
28254 0.000032
28255 0.000023
28256 0.000043
28257 0.000028
28258 0.000020
28259 0.000010
28260 0.000009
28261 0.000036
28262 0.000018
28263 0.000022
28264 0.000027
28265 0.000029
28266 0.000017
28267 0.000008
28268 0.000025
28269 0.000028
28270 0.000024
28271 0.000022
28272 0.000014
28273 0.000022
28274 0.000012
28275 0.000009
28276 0.000010
28277 0.000020
28278 0.000023
28279 0.000013
28280 0.000017
28281 0.000014
28282 0.000012
28283 0.000008
28284 0.000007
28285 0.000020
28286 0.000028
28287 0.000038
28288 0.000018
28289 0.000026
28290 0.000033
28291 0.000019
28292 0.000015
28293 0.000034
28294 0.000012
28295 0.000009
28296 0.000012
28297 0.000023
28298 0.000029
28299 0.000041
28300 0.000019
28301 0.000033
28302 0.000009
28303 0.000013
28304 0.000013
28305 0.000021
28306 0.000007
28307 0.000022
28308 0.000019
28309 0.000018
28310 0.000022
28311 0.000026
28312 0.000018
28313 0.000011
28314 0.000027
28315 0.000020
28316 0.000028
28317 0.000022
28318 0.000022
28319 0.000037
28320 0.000042
28321 0.000015
28322 0.000009
28323 0.000022
28324 0.000028
28325 0.000024
28326 0.000023
28327 0.000026
28328 0.000041
28329 0.000028
28330 0.000019
28331 0.000008
28332 0.000007
28333 0.000015
28334 0.000010
28335 0.000009
28336 0.000022
28337 0.000024
28338 0.000016
28339 0.000040
28340 0.000020
28341 0.000015
28342 0.000029
28343 0.000018
28344 0.000035
28345 0.000033
28346 0.000040
28347 0.000047
28348 0.000024
28349 0.000016
28350 0.000024
28351 0.000023
28352 0.000020
28353 0.000012
28354 0.000023
28355 0.000010
28356 0.000020
28357 0.000007
28358 0.000023
28359 0.000039
28360 0.000025
28361 0.000015
28362 0.000014
28363 0.000034
28364 0.000017
28365 0.000020
28366 0.000007
28367 0.000017
28368 0.000043
28369 0.000023
28370 0.000026
28371 0.000028
28372 0.000032
28373 0.000026
28374 0.000014
28375 0.000006
28376 0.000018
28377 0.000021
28378 0.000024
28379 0.000014
28380 0.000013
28381 0.000031
28382 0.000015
28383 0.000019
28384 0.000011
28385 0.000015
28386 0.000023
28387 0.000015
28388 0.000036
28389 0.000040
28390 0.000030
28391 0.000008
28392 0.000006
28393 0.000012
28394 0.000018
28395 0.000014
28396 0.000030
28397 0.000021
28398 0.000023
28399 0.000022
28400 0.000008
28401 0.000005
28402 0.000020
28403 0.000020
28404 0.000024
28405 0.000013
28406 0.000019
28407 0.000025
28408 0.000021
28409 0.000028
28410 0.000032
28411 0.000025
28412 0.000020
28413 0.000037
28414 0.000033
28415 0.000036
28416 0.000019
28417 0.000015
28418 0.000016
28419 0.000019
28420 0.000031
28421 0.000008
28422 0.000008
28423 0.000010
28424 0.000019
28425 0.000036
28426 0.000017
28427 0.000021
28428 0.000016
28429 0.000021
28430 0.000017
28431 0.000021
28432 0.000007
28433 0.000012
28434 0.000032
28435 0.000017
28436 0.000030
28437 0.000009
28438 0.000015
28439 0.000031
28440 0.000020
28441 0.000013
28442 0.000015
28443 0.000031
28444 0.000018
28445 0.000012
28446 0.000009
28447 0.000019
28448 0.000016
28449 0.000010
28450 0.000022
28451 0.000013
28452 0.000015
28453 0.000014
28454 0.000016
28455 0.000006
28456 0.000010
28457 0.000027
28458 0.000021
28459 0.000025
28460 0.000021
28461 0.000025
28462 0.000011
28463 0.000028
28464 0.000023
28465 0.000008
28466 0.000027
28467 0.000037
28468 0.000034
28469 0.000019
28470 0.000008
28471 0.000014
28472 0.000021
28473 0.000008
28474 0.000023
28475 0.000010
28476 0.000025
28477 0.000024
28478 0.000029
28479 0.000024
28480 0.000019
28481 0.000024
28482 0.000022
28483 0.000014
28484 0.000029
28485 0.000011
28486 0.000005
28487 0.000014
28488 0.000010
28489 0.000020
28490 0.000026
28491 0.000032
28492 0.000015
28493 0.000024
28494 0.000006
28495 0.000012
28496 0.000019
28497 0.000010
28498 0.000041
28499 0.000021
28500 0.000015
28501 0.000036
28502 0.000027
28503 0.000026
28504 0.000012
28505 0.000017
28506 0.000021
28507 0.000014
28508 0.000028
28509 0.000016
28510 0.000020
28511 0.000032
28512 0.000040
28513 0.000051
28514 0.000035
28515 0.000031
28516 0.000032
28517 0.000024
28518 0.000020
28519 0.000011
28520 0.000023
28521 0.000019
28522 0.000043
28523 0.000029
28524 0.000021
28525 0.000012
28526 0.000009
28527 0.000030
28528 0.000029
28529 0.000020
28530 0.000019
28531 0.000009
28532 0.000011
28533 0.000022
28534 0.000023
28535 0.000044
28536 0.000018
28537 0.000021
28538 0.000006
28539 0.000017
28540 0.000013
28541 0.000030
28542 0.000013
28543 0.000013
28544 0.000017
28545 0.000027
28546 0.000027
28547 0.000015
28548 0.000027
28549 0.000023
28550 0.000015
28551 0.000012
28552 0.000022
28553 0.000022
28554 0.000013
28555 0.000022
28556 0.000025
28557 0.000010
28558 0.000006
28559 0.000025
28560 0.000018
28561 0.000018
28562 0.000005
28563 0.000008
28564 0.000018
28565 0.000036
28566 0.000020
28567 0.000023
28568 0.000037
28569 0.000023
28570 0.000021
28571 0.000023
28572 0.000023
28573 0.000009
28574 0.000005
28575 0.000015
28576 0.000005
28577 0.000007
28578 0.000014
28579 0.000026
28580 0.000010
28581 0.000015
28582 0.000011
28583 0.000028
28584 0.000037
28585 0.000037
28586 0.000053
28587 0.000067
28588 0.000019
28589 0.000018
28590 0.000026
28591 0.000024
28592 0.000016
28593 0.000019
28594 0.000008
28595 0.000021
28596 0.000012
28597 0.000026
28598 0.000048
28599 0.000024
28600 0.000013
28601 0.000018
28602 0.000015
28603 0.000013
28604 0.000012
28605 0.000027
28606 0.000021
28607 0.000020
28608 0.000014
28609 0.000007
28610 0.000009
28611 0.000024
28612 0.000043
28613 0.000050
28614 0.000038
28615 0.000028
28616 0.000011
28617 0.000028
28618 0.000024
28619 0.000033
28620 0.000038
28621 0.000017
28622 0.000008
28623 0.000007
28624 0.000015
28625 0.000032
28626 0.000026
28627 0.000007
28628 0.000011
28629 0.000014
28630 0.000016
28631 0.000016
28632 0.000019
28633 0.000020
28634 0.000026
28635 0.000026
28636 0.000032
28637 0.000037
28638 0.000030
28639 0.000019
28640 0.000016
28641 0.000016
28642 0.000014
28643 0.000008
28644 0.000029
28645 0.000032
28646 0.000024
28647 0.000019
28648 0.000013
28649 0.000031
28650 0.000010
28651 0.000015
28652 0.000019
28653 0.000012
28654 0.000031
28655 0.000024
28656 0.000051
28657 0.000017
28658 0.000033
28659 0.000011
28660 0.000019
28661 0.000013
28662 0.000018
28663 0.000042
28664 0.000044
28665 0.000039
28666 0.000027
28667 0.000023
28668 0.000034
28669 0.000020
28670 0.000013
28671 0.000016
28672 0.000045
28673 0.000022
28674 0.000019
28675 0.000011
28676 0.000019
28677 0.000011
28678 0.000013
28679 0.000011
28680 0.000036
28681 0.000050
28682 0.000019
28683 0.000013
28684 0.000025
28685 0.000025
28686 0.000028
28687 0.000015
28688 0.000019
28689 0.000014
28690 0.000008
28691 0.000027
28692 0.000018
28693 0.000032
28694 0.000014
28695 0.000029
28696 0.000015
28697 0.000017
28698 0.000007
28699 0.000033
28700 0.000031
28701 0.000027
28702 0.000032
28703 0.000024
28704 0.000046
28705 0.000027
28706 0.000016
28707 0.000020
28708 0.000029
28709 0.000013
28710 0.000016
28711 0.000012
28712 0.000006
28713 0.000008
28714 0.000011
28715 0.000015
28716 0.000009
28717 0.000007
28718 0.000006
28719 0.000016
28720 0.000006
28721 0.000004
28722 0.000019
28723 0.000015
28724 0.000016
28725 0.000017
28726 0.000017
28727 0.000018
28728 0.000022
28729 0.000013
28730 0.000025
28731 0.000026
28732 0.000017
28733 0.000009
28734 0.000018
28735 0.000013
28736 0.000017
28737 0.000023
28738 0.000023
28739 0.000019
28740 0.000019
28741 0.000025
28742 0.000021
28743 0.000032
28744 0.000019
28745 0.000011
28746 0.000017
28747 0.000041
28748 0.000034
28749 0.000013
28750 0.000011
28751 0.000012
28752 0.000010
28753 0.000011
28754 0.000017
28755 0.000015
28756 0.000006
28757 0.000028
28758 0.000018
28759 0.000024
28760 0.000027
28761 0.000034
28762 0.000032
28763 0.000024
28764 0.000008
28765 0.000014
28766 0.000019
28767 0.000013
28768 0.000020
28769 0.000024
28770 0.000027
28771 0.000024
28772 0.000028
28773 0.000027
28774 0.000014
28775 0.000024
28776 0.000010
28777 0.000026
28778 0.000016
28779 0.000031
28780 0.000029
28781 0.000019
28782 0.000009
28783 0.000007
28784 0.000027
28785 0.000020
28786 0.000027
28787 0.000026
28788 0.000019
28789 0.000022
28790 0.000022
28791 0.000031
28792 0.000018
28793 0.000008
28794 0.000033
28795 0.000033
28796 0.000010
28797 0.000006
28798 0.000018
28799 0.000030
28800 0.000029
28801 0.000052
28802 0.000023
28803 0.000022
28804 0.000015
28805 0.000011
28806 0.000011
28807 0.000017
28808 0.000019
28809 0.000009
28810 0.000019
28811 0.000024
28812 0.000018
28813 0.000008
28814 0.000016
28815 0.000014
28816 0.000010
28817 0.000011
28818 0.000025
28819 0.000028
28820 0.000021
28821 0.000012
28822 0.000056
28823 0.000024
28824 0.000016
28825 0.000012
28826 0.000033
28827 0.000028
28828 0.000028
28829 0.000029
28830 0.000041
28831 0.000017
28832 0.000018
28833 0.000008
28834 0.000004
28835 0.000034
28836 0.000020
28837 0.000014
28838 0.000007
28839 0.000013
28840 0.000018
28841 0.000035
28842 0.000018
28843 0.000015
28844 0.000011
28845 0.000010
28846 0.000027
28847 0.000013
28848 0.000022
28849 0.000033
28850 0.000017
28851 0.000008
28852 0.000007
28853 0.000010
28854 0.000007
28855 0.000028
28856 0.000015
28857 0.000014
28858 0.000025
28859 0.000010
28860 0.000007
28861 0.000017
28862 0.000014
28863 0.000016
28864 0.000020
28865 0.000016
28866 0.000020
28867 0.000027
28868 0.000025
28869 0.000026
28870 0.000040
28871 0.000020
28872 0.000020
28873 0.000007
28874 0.000011
28875 0.000016
28876 0.000010
28877 0.000020
28878 0.000032
28879 0.000033
28880 0.000015
28881 0.000019
28882 0.000015
28883 0.000016
28884 0.000007
28885 0.000005
28886 0.000010
28887 0.000031
28888 0.000023
28889 0.000026
28890 0.000019
28891 0.000012
28892 0.000007
28893 0.000010
28894 0.000006
28895 0.000006
28896 0.000026
28897 0.000007
28898 0.000019
28899 0.000022
28900 0.000011
28901 0.000018
28902 0.000015
28903 0.000023
28904 0.000012
28905 0.000010
28906 0.000038
28907 0.000019
28908 0.000013
28909 0.000007
28910 0.000021
28911 0.000007
28912 0.000014
28913 0.000031
28914 0.000042
28915 0.000032
28916 0.000009
28917 0.000013
28918 0.000011
28919 0.000009
28920 0.000024
28921 0.000014
28922 0.000017
28923 0.000008
28924 0.000019
28925 0.000030
28926 0.000035
28927 0.000021
28928 0.000017
28929 0.000013
28930 0.000020
28931 0.000013
28932 0.000009
28933 0.000007
28934 0.000026
28935 0.000013
28936 0.000025
28937 0.000020
28938 0.000016
28939 0.000019
28940 0.000024
28941 0.000033
28942 0.000012
28943 0.000016
28944 0.000028
28945 0.000017
28946 0.000029
28947 0.000015
28948 0.000011
28949 0.000008
28950 0.000016
28951 0.000032
28952 0.000040
28953 0.000018
28954 0.000012
28955 0.000012
28956 0.000026
28957 0.000010
28958 0.000029
28959 0.000031
28960 0.000016
28961 0.000030
28962 0.000020
28963 0.000011
28964 0.000006
28965 0.000015
28966 0.000010
28967 0.000022
28968 0.000007
28969 0.000006
28970 0.000007
28971 0.000005
28972 0.000011
28973 0.000005
28974 0.000007
28975 0.000010
28976 0.000020
28977 0.000024
28978 0.000022
28979 0.000022
28980 0.000012
28981 0.000017
28982 0.000027
28983 0.000012
28984 0.000008
28985 0.000017
28986 0.000012
28987 0.000013
28988 0.000010
28989 0.000032
28990 0.000008
28991 0.000013
28992 0.000018
28993 0.000025
28994 0.000016
28995 0.000024
28996 0.000021
28997 0.000008
28998 0.000006
28999 0.000011
29000 0.000005
29001 0.000018
29002 0.000010
29003 0.000016
29004 0.000015
29005 0.000009
29006 0.000018
29007 0.000027
29008 0.000008
29009 0.000031
29010 0.000020
29011 0.000009
29012 0.000008
29013 0.000007
29014 0.000022
29015 0.000023
29016 0.000019
29017 0.000013
29018 0.000037
29019 0.000020
29020 0.000021
29021 0.000012
29022 0.000014
29023 0.000029
29024 0.000041
29025 0.000021
29026 0.000043
29027 0.000024
29028 0.000013
29029 0.000028
29030 0.000028
29031 0.000017
29032 0.000015
29033 0.000019
29034 0.000010
29035 0.000027
29036 0.000015
29037 0.000007
29038 0.000016
29039 0.000021
29040 0.000035
29041 0.000049
29042 0.000039
29043 0.000020
29044 0.000036
29045 0.000017
29046 0.000010
29047 0.000010
29048 0.000012
29049 0.000008
29050 0.000027
29051 0.000022
29052 0.000011
29053 0.000023
29054 0.000035
29055 0.000013
29056 0.000023
29057 0.000017
29058 0.000025
29059 0.000020
29060 0.000019
29061 0.000044
29062 0.000026
29063 0.000016
29064 0.000011
29065 0.000015
29066 0.000014
29067 0.000023
29068 0.000031
29069 0.000021
29070 0.000018
29071 0.000013
29072 0.000020
29073 0.000012
29074 0.000010
29075 0.000020
29076 0.000014
29077 0.000015
29078 0.000019
29079 0.000016
29080 0.000023
29081 0.000020
29082 0.000019
29083 0.000011
29084 0.000011
29085 0.000021
29086 0.000018
29087 0.000018
29088 0.000020
29089 0.000020
29090 0.000020
29091 0.000019
29092 0.000011
29093 0.000005
29094 0.000010
29095 0.000007
29096 0.000004
29097 0.000023
29098 0.000018
29099 0.000009
29100 0.000034
29101 0.000044
29102 0.000022
29103 0.000013
29104 0.000012
29105 0.000039
29106 0.000013
29107 0.000014
29108 0.000018
29109 0.000015
29110 0.000016
29111 0.000020
29112 0.000019
29113 0.000012
29114 0.000028
29115 0.000023
29116 0.000025
29117 0.000019
29118 0.000030
29119 0.000029
29120 0.000036
29121 0.000038
29122 0.000060
29123 0.000044
29124 0.000051
29125 0.000016
29126 0.000008
29127 0.000010
29128 0.000007
29129 0.000023
29130 0.000007
29131 0.000012
29132 0.000013
29133 0.000033
29134 0.000012
29135 0.000027
29136 0.000028
29137 0.000026
29138 0.000032
29139 0.000015
29140 0.000008
29141 0.000012
29142 0.000013
29143 0.000034
29144 0.000026
29145 0.000057
29146 0.000023
29147 0.000010
29148 0.000012
29149 0.000024
29150 0.000017
29151 0.000023
29152 0.000034
29153 0.000020
29154 0.000022
29155 0.000022
29156 0.000011
29157 0.000010
29158 0.000021
29159 0.000028
29160 0.000012
29161 0.000014
29162 0.000014
29163 0.000021
29164 0.000009
29165 0.000032
29166 0.000023
29167 0.000035
29168 0.000033
29169 0.000028
29170 0.000031
29171 0.000020
29172 0.000013
29173 0.000013
29174 0.000028
29175 0.000033
29176 0.000015
29177 0.000032
29178 0.000030
29179 0.000029
29180 0.000012
29181 0.000019
29182 0.000008
29183 0.000022
29184 0.000017
29185 0.000026
29186 0.000029
29187 0.000011
29188 0.000013
29189 0.000017
29190 0.000025
29191 0.000020
29192 0.000019
29193 0.000025
29194 0.000025
29195 0.000030
29196 0.000025
29197 0.000010
29198 0.000018
29199 0.000023
29200 0.000009
29201 0.000018
29202 0.000023
29203 0.000024
29204 0.000036
29205 0.000017
29206 0.000021
29207 0.000015
29208 0.000023
29209 0.000012
29210 0.000026
29211 0.000028
29212 0.000013
29213 0.000013
29214 0.000008
29215 0.000010
29216 0.000010
29217 0.000007
29218 0.000009
29219 0.000015
29220 0.000005
29221 0.000018
29222 0.000014
29223 0.000012
29224 0.000017
29225 0.000018
29226 0.000023
29227 0.000028
29228 0.000039
29229 0.000042
29230 0.000021
29231 0.000023
29232 0.000011
29233 0.000016
29234 0.000015
29235 0.000005
29236 0.000035
29237 0.000018
29238 0.000016
29239 0.000019
29240 0.000015
29241 0.000013
29242 0.000016
29243 0.000018
29244 0.000014
29245 0.000023
29246 0.000017
29247 0.000014
29248 0.000007
29249 0.000012
29250 0.000015
29251 0.000016
29252 0.000025
29253 0.000027
29254 0.000034
29255 0.000025
29256 0.000008
29257 0.000007
29258 0.000006
29259 0.000007
29260 0.000016
29261 0.000009
29262 0.000008
29263 0.000032
29264 0.000015
29265 0.000015
29266 0.000009
29267 0.000032
29268 0.000035
29269 0.000043
29270 0.000026
29271 0.000010
29272 0.000006
29273 0.000008
29274 0.000025
29275 0.000016
29276 0.000022
29277 0.000037
29278 0.000011
29279 0.000028
29280 0.000007
29281 0.000013
29282 0.000014
29283 0.000032
29284 0.000016
29285 0.000017
29286 0.000010
29287 0.000022
29288 0.000014
29289 0.000016
29290 0.000008
29291 0.000032
29292 0.000043
29293 0.000014
29294 0.000024
29295 0.000041
29296 0.000017
29297 0.000013
29298 0.000033
29299 0.000021
29300 0.000009
29301 0.000033
29302 0.000023
29303 0.000028
29304 0.000018
29305 0.000013
29306 0.000005
29307 0.000008
29308 0.000018
29309 0.000020
29310 0.000020
29311 0.000021
29312 0.000014
29313 0.000009
29314 0.000033
29315 0.000022
29316 0.000038
29317 0.000029
29318 0.000041
29319 0.000028
29320 0.000021
29321 0.000013
29322 0.000006
29323 0.000005
29324 0.000022
29325 0.000020
29326 0.000019
29327 0.000023
29328 0.000021
29329 0.000036
29330 0.000028
29331 0.000021
29332 0.000027
29333 0.000051
29334 0.000064
29335 0.000043
29336 0.000023
29337 0.000014
29338 0.000026
29339 0.000019
29340 0.000026
29341 0.000027
29342 0.000011
29343 0.000019
29344 0.000017
29345 0.000013
29346 0.000018
29347 0.000010
29348 0.000017
29349 0.000011
29350 0.000014
29351 0.000021
29352 0.000010
29353 0.000021
29354 0.000020
29355 0.000015
29356 0.000010
29357 0.000013
29358 0.000021
29359 0.000015
29360 0.000011
29361 0.000008
29362 0.000039
29363 0.000029
29364 0.000036
29365 0.000017
29366 0.000008
29367 0.000024
29368 0.000039
29369 0.000019
29370 0.000029
29371 0.000021
29372 0.000023
29373 0.000025
29374 0.000020
29375 0.000014
29376 0.000009
29377 0.000004
29378 0.000004
29379 0.000004
29380 0.000011
29381 0.000017
29382 0.000022
29383 0.000006
29384 0.000015
29385 0.000013
29386 0.000019
29387 0.000033
29388 0.000012
29389 0.000019
29390 0.000023
29391 0.000031
29392 0.000040
29393 0.000034
29394 0.000055
29395 0.000016
29396 0.000023
29397 0.000009
29398 0.000004
29399 0.000007
29400 0.000018
29401 0.000013
29402 0.000020
29403 0.000020
29404 0.000011
29405 0.000006
29406 0.000020
29407 0.000022
29408 0.000027
29409 0.000021
29410 0.000014
29411 0.000009
29412 0.000025
29413 0.000030
29414 0.000018
29415 0.000008
29416 0.000005
29417 0.000011
29418 0.000014
29419 0.000036
29420 0.000024
29421 0.000015
29422 0.000023
29423 0.000039
29424 0.000037
29425 0.000021
29426 0.000027
29427 0.000023
29428 0.000016
29429 0.000030
29430 0.000043
29431 0.000022
29432 0.000038
29433 0.000037
29434 0.000027
29435 0.000042
29436 0.000018
29437 0.000028
29438 0.000034
29439 0.000019
29440 0.000017
29441 0.000023
29442 0.000029
29443 0.000011
29444 0.000005
29445 0.000006
29446 0.000004
29447 0.000007
29448 0.000015
29449 0.000020
29450 0.000018
29451 0.000021
29452 0.000026
29453 0.000013
29454 0.000014
29455 0.000011
29456 0.000015
29457 0.000014
29458 0.000011
29459 0.000009
29460 0.000017
29461 0.000032
29462 0.000030
29463 0.000008
29464 0.000013
29465 0.000020
29466 0.000013
29467 0.000028
29468 0.000018
29469 0.000021
29470 0.000016
29471 0.000013
29472 0.000013
29473 0.000009
29474 0.000013
29475 0.000012
29476 0.000015
29477 0.000007
29478 0.000028
29479 0.000025
29480 0.000024
29481 0.000051
29482 0.000022
29483 0.000006
29484 0.000005
29485 0.000010
29486 0.000020
29487 0.000023
29488 0.000025
29489 0.000008
29490 0.000005
29491 0.000014
29492 0.000009
29493 0.000012
29494 0.000038
29495 0.000013
29496 0.000007
29497 0.000018
29498 0.000027
29499 0.000011
29500 0.000010
29501 0.000014
29502 0.000012
29503 0.000048
29504 0.000022
29505 0.000020
29506 0.000016
29507 0.000008
29508 0.000011
29509 0.000010
29510 0.000006
29511 0.000010
29512 0.000014
29513 0.000024
29514 0.000024
29515 0.000020
29516 0.000024
29517 0.000018
29518 0.000011
29519 0.000026
29520 0.000040
29521 0.000016
29522 0.000012
29523 0.000032
29524 0.000030
29525 0.000042
29526 0.000018
29527 0.000023
29528 0.000021
29529 0.000024
29530 0.000031
29531 0.000021
29532 0.000009
29533 0.000020
29534 0.000028
29535 0.000029
29536 0.000028
29537 0.000014
29538 0.000021
29539 0.000026
29540 0.000038
29541 0.000035
29542 0.000021
29543 0.000018
29544 0.000008
29545 0.000015
29546 0.000009
29547 0.000005
29548 0.000015
29549 0.000017
29550 0.000022
29551 0.000014
29552 0.000020
29553 0.000021
29554 0.000024
29555 0.000026
29556 0.000034
29557 0.000011
29558 0.000026
29559 0.000014
29560 0.000032
29561 0.000046
29562 0.000029
29563 0.000011
29564 0.000010
29565 0.000017
29566 0.000018
29567 0.000032
29568 0.000014
29569 0.000019
29570 0.000010
29571 0.000026
29572 0.000014
29573 0.000028
29574 0.000021
29575 0.000020
29576 0.000015
29577 0.000014
29578 0.000006
29579 0.000010
29580 0.000012
29581 0.000009
29582 0.000022
29583 0.000013
29584 0.000012
29585 0.000024
29586 0.000020
29587 0.000012
29588 0.000023
29589 0.000026
29590 0.000015
29591 0.000013
29592 0.000010
29593 0.000022
29594 0.000019
29595 0.000015
29596 0.000034
29597 0.000026
29598 0.000036
29599 0.000050
29600 0.000017
29601 0.000024
29602 0.000042
29603 0.000028
29604 0.000011
29605 0.000025
29606 0.000018
29607 0.000020
29608 0.000009
29609 0.000022
29610 0.000022
29611 0.000011
29612 0.000029
29613 0.000013
29614 0.000009
29615 0.000017
29616 0.000017
29617 0.000031
29618 0.000046
29619 0.000033
29620 0.000022
29621 0.000015
29622 0.000013
29623 0.000007
29624 0.000010
29625 0.000009
29626 0.000015
29627 0.000018
29628 0.000015
29629 0.000030
29630 0.000052
29631 0.000055
29632 0.000044
29633 0.000027
29634 0.000014
29635 0.000015
29636 0.000007
29637 0.000008
29638 0.000007
29639 0.000017
29640 0.000045
29641 0.000062
29642 0.000031
29643 0.000035
29644 0.000036
29645 0.000038
29646 0.000028
29647 0.000026
29648 0.000035
29649 0.000025
29650 0.000023
29651 0.000038
29652 0.000014
29653 0.000022
29654 0.000014
29655 0.000011
29656 0.000006
29657 0.000012
29658 0.000010
29659 0.000014
29660 0.000023
29661 0.000041
29662 0.000038
29663 0.000021
29664 0.000017
29665 0.000028
29666 0.000015
29667 0.000012
29668 0.000015
29669 0.000012
29670 0.000011
29671 0.000010
29672 0.000015
29673 0.000025
29674 0.000030
29675 0.000029
29676 0.000027
29677 0.000010
29678 0.000010
29679 0.000006
29680 0.000016
29681 0.000013
29682 0.000021
29683 0.000009
29684 0.000017
29685 0.000037
29686 0.000041
29687 0.000023
29688 0.000025
29689 0.000050
29690 0.000046
29691 0.000016
29692 0.000023
29693 0.000018
29694 0.000020
29695 0.000024
29696 0.000030
29697 0.000035
29698 0.000034
29699 0.000020
29700 0.000015
29701 0.000014
29702 0.000010
29703 0.000018
29704 0.000013
29705 0.000020
29706 0.000016
29707 0.000015
29708 0.000017
29709 0.000015
29710 0.000014
29711 0.000009
29712 0.000019
29713 0.000028
29714 0.000022
29715 0.000037
29716 0.000026
29717 0.000020
29718 0.000012
29719 0.000016
29720 0.000027
29721 0.000026
29722 0.000014
29723 0.000032
29724 0.000008
29725 0.000017
29726 0.000015
29727 0.000035
29728 0.000023
29729 0.000020
29730 0.000020
29731 0.000013
29732 0.000012
29733 0.000018
29734 0.000025
29735 0.000025
29736 0.000019
29737 0.000019
29738 0.000013
29739 0.000006
29740 0.000013
29741 0.000006
29742 0.000018
29743 0.000008
29744 0.000024
29745 0.000044
29746 0.000032
29747 0.000038
29748 0.000022
29749 0.000022
29750 0.000018
29751 0.000029
29752 0.000017
29753 0.000031
29754 0.000023
29755 0.000014
29756 0.000019
29757 0.000026
29758 0.000020
29759 0.000012
29760 0.000015
29761 0.000017
29762 0.000020
29763 0.000025
29764 0.000018
29765 0.000017
29766 0.000022
29767 0.000018
29768 0.000015
29769 0.000020
29770 0.000034
29771 0.000009
29772 0.000007
29773 0.000026
29774 0.000035
29775 0.000030
29776 0.000026
29777 0.000028
29778 0.000021
29779 0.000023
29780 0.000019
29781 0.000015
29782 0.000016
29783 0.000013
29784 0.000016
29785 0.000009
29786 0.000034
29787 0.000040
29788 0.000042
29789 0.000018
29790 0.000031
29791 0.000032
29792 0.000027
29793 0.000021
29794 0.000013
29795 0.000017
29796 0.000016
29797 0.000021
29798 0.000027
29799 0.000010
29800 0.000005
29801 0.000008
29802 0.000014
29803 0.000016
29804 0.000011
29805 0.000023
29806 0.000013
29807 0.000016
29808 0.000041
29809 0.000018
29810 0.000011
29811 0.000005
29812 0.000011
29813 0.000005
29814 0.000016
29815 0.000024
29816 0.000010
29817 0.000027
29818 0.000030
29819 0.000030
29820 0.000016
29821 0.000006
29822 0.000004
29823 0.000008
29824 0.000008
29825 0.000011
29826 0.000013
29827 0.000017
29828 0.000012
29829 0.000017
29830 0.000029
29831 0.000021
29832 0.000020
29833 0.000031
29834 0.000014
29835 0.000009
29836 0.000015
29837 0.000009
29838 0.000010
29839 0.000026
29840 0.000021
29841 0.000024
29842 0.000013
29843 0.000016
29844 0.000023
29845 0.000037
29846 0.000024
29847 0.000044
29848 0.000019
29849 0.000030
29850 0.000018
29851 0.000023
29852 0.000026
29853 0.000017
29854 0.000019
29855 0.000028
29856 0.000053
29857 0.000027
29858 0.000012
29859 0.000020
29860 0.000022
29861 0.000024
29862 0.000055
29863 0.000049
29864 0.000045
29865 0.000033
29866 0.000028
29867 0.000014
29868 0.000030
29869 0.000031
29870 0.000034
29871 0.000017
29872 0.000006
29873 0.000008
29874 0.000014
29875 0.000022
29876 0.000026
29877 0.000008
29878 0.000013
29879 0.000018
29880 0.000017
29881 0.000034
29882 0.000036
29883 0.000040
29884 0.000048
29885 0.000031
29886 0.000027
29887 0.000016
29888 0.000030
29889 0.000020
29890 0.000013
29891 0.000009
29892 0.000015
29893 0.000019
29894 0.000018
29895 0.000009
29896 0.000032
29897 0.000020
29898 0.000026
29899 0.000042
29900 0.000011
29901 0.000010
29902 0.000008
29903 0.000007
29904 0.000005
29905 0.000021
29906 0.000011
29907 0.000022
29908 0.000007
29909 0.000009
29910 0.000027
29911 0.000018
29912 0.000013
29913 0.000032
29914 0.000018
29915 0.000013
29916 0.000014
29917 0.000014
29918 0.000005
29919 0.000007
29920 0.000020
29921 0.000012
29922 0.000023
29923 0.000009
29924 0.000014
29925 0.000007
29926 0.000011
29927 0.000012
29928 0.000006
29929 0.000017
29930 0.000018
29931 0.000037
29932 0.000019
29933 0.000006
29934 0.000013
29935 0.000020
29936 0.000006
29937 0.000007
29938 0.000009
29939 0.000017
29940 0.000013
29941 0.000021
29942 0.000023
29943 0.000030
29944 0.000019
29945 0.000031
29946 0.000011
29947 0.000009
29948 0.000031
29949 0.000027
29950 0.000014
29951 0.000018
29952 0.000040
29953 0.000012
29954 0.000018
29955 0.000033
29956 0.000027
29957 0.000012
29958 0.000018
29959 0.000038
29960 0.000037
29961 0.000031
29962 0.000045
29963 0.000016
29964 0.000044
29965 0.000015
29966 0.000016
29967 0.000011
29968 0.000008
29969 0.000015
29970 0.000024
29971 0.000027
29972 0.000027
29973 0.000016
29974 0.000017
29975 0.000016
29976 0.000013
29977 0.000007
29978 0.000011
29979 0.000010
29980 0.000014
29981 0.000036
29982 0.000019
29983 0.000017
29984 0.000015
29985 0.000007
29986 0.000020
29987 0.000038
29988 0.000032
29989 0.000019
29990 0.000013
29991 0.000020
29992 0.000012
29993 0.000011
29994 0.000010
29995 0.000024
29996 0.000021
29997 0.000033
29998 0.000023
29999 0.000022
30000 0.000025
30001 0.000024
30002 0.000013
30003 0.000016
30004 0.000008
30005 0.000006
30006 0.000012
30007 0.000006
30008 0.000008
30009 0.000006
30010 0.000004
30011 0.000027
30012 0.000008
30013 0.000012
30014 0.000032
30015 0.000020
30016 0.000014
30017 0.000028
30018 0.000026
30019 0.000018
30020 0.000007
30021 0.000018
30022 0.000025
30023 0.000020
30024 0.000013
30025 0.000025
30026 0.000026
30027 0.000022
30028 0.000022
30029 0.000015
30030 0.000025
30031 0.000036
30032 0.000030
30033 0.000024
30034 0.000017
30035 0.000024
30036 0.000013
30037 0.000021
30038 0.000028
30039 0.000020
30040 0.000027
30041 0.000023
30042 0.000014
30043 0.000007
30044 0.000005
30045 0.000007
30046 0.000004
30047 0.000025
30048 0.000015
30049 0.000030
30050 0.000021
30051 0.000017
30052 0.000011
30053 0.000021
30054 0.000017
30055 0.000020
30056 0.000020
30057 0.000010
30058 0.000025
30059 0.000014
30060 0.000014
30061 0.000014
30062 0.000010
30063 0.000033
30064 0.000020
30065 0.000013
30066 0.000014
30067 0.000021
30068 0.000029
30069 0.000026
30070 0.000027
30071 0.000027
30072 0.000027
30073 0.000015
30074 0.000018
30075 0.000051
30076 0.000021
30077 0.000009
30078 0.000027
30079 0.000022
30080 0.000009
30081 0.000011
30082 0.000033
30083 0.000039
30084 0.000018
30085 0.000018
30086 0.000032
30087 0.000016
30088 0.000016
30089 0.000022
30090 0.000033
30091 0.000035
30092 0.000012
30093 0.000010
30094 0.000007
30095 0.000012
30096 0.000009
30097 0.000008
30098 0.000015
30099 0.000009
30100 0.000007
30101 0.000007
30102 0.000014
30103 0.000026
30104 0.000025
30105 0.000014
30106 0.000010
30107 0.000011
30108 0.000019
30109 0.000027
30110 0.000027
30111 0.000013
30112 0.000010
30113 0.000023
30114 0.000039
30115 0.000029
30116 0.000040
30117 0.000023
30118 0.000028
30119 0.000035
30120 0.000025
30121 0.000010
30122 0.000007
30123 0.000016
30124 0.000022
30125 0.000032
30126 0.000035
30127 0.000022
30128 0.000010
30129 0.000012
30130 0.000029
30131 0.000038
30132 0.000035
30133 0.000026
30134 0.000016
30135 0.000029
30136 0.000028
30137 0.000015
30138 0.000019
30139 0.000011
30140 0.000006
30141 0.000011
30142 0.000021
30143 0.000029
30144 0.000018
30145 0.000018
30146 0.000015
30147 0.000027
30148 0.000037
30149 0.000019
30150 0.000020
30151 0.000029
30152 0.000008
30153 0.000024
30154 0.000014
30155 0.000027
30156 0.000017
30157 0.000026
30158 0.000041
30159 0.000028
30160 0.000025
30161 0.000014
30162 0.000009
30163 0.000011
30164 0.000018
30165 0.000014
30166 0.000017
30167 0.000012
30168 0.000006
30169 0.000004
30170 0.000004
30171 0.000017
30172 0.000024
30173 0.000033
30174 0.000035
30175 0.000040
30176 0.000030
30177 0.000020
30178 0.000009
30179 0.000009
30180 0.000013
30181 0.000021
30182 0.000007
30183 0.000027
30184 0.000028
30185 0.000015
30186 0.000037
30187 0.000013
30188 0.000010
30189 0.000031
30190 0.000058
30191 0.000028
30192 0.000017
30193 0.000016
30194 0.000015
30195 0.000021
30196 0.000041
30197 0.000019
30198 0.000019
30199 0.000014
30200 0.000015
30201 0.000005
30202 0.000017
30203 0.000009
30204 0.000011
30205 0.000005
30206 0.000004
30207 0.000021
30208 0.000028
30209 0.000014
30210 0.000026
30211 0.000012
30212 0.000010
30213 0.000022
30214 0.000035
30215 0.000041
30216 0.000061
30217 0.000020
30218 0.000022
30219 0.000018
30220 0.000033
30221 0.000027
30222 0.000014
30223 0.000017
30224 0.000038
30225 0.000029
30226 0.000021
30227 0.000033
30228 0.000024
30229 0.000011
30230 0.000023
30231 0.000018
30232 0.000011
30233 0.000019
30234 0.000034
30235 0.000019
30236 0.000017
30237 0.000018
30238 0.000023
30239 0.000022
30240 0.000028
30241 0.000011
30242 0.000016
30243 0.000027
30244 0.000023
30245 0.000012
30246 0.000006
30247 0.000004
30248 0.000007
30249 0.000021
30250 0.000009
30251 0.000029
30252 0.000019
30253 0.000006
30254 0.000022
30255 0.000022
30256 0.000020
30257 0.000030
30258 0.000022
30259 0.000034
30260 0.000037
30261 0.000020
30262 0.000033
30263 0.000017
30264 0.000017
30265 0.000010
30266 0.000005
30267 0.000021
30268 0.000011
30269 0.000008
30270 0.000015
30271 0.000014
30272 0.000022
30273 0.000020
30274 0.000024
30275 0.000016
30276 0.000016
30277 0.000008
30278 0.000011
30279 0.000005
30280 0.000023
30281 0.000019
30282 0.000018
30283 0.000028
30284 0.000042
30285 0.000071
30286 0.000017
30287 0.000021
30288 0.000013
30289 0.000010
30290 0.000030
30291 0.000009
30292 0.000022
30293 0.000013
30294 0.000017
30295 0.000014
30296 0.000012
30297 0.000006
30298 0.000005
30299 0.000013
30300 0.000017
30301 0.000010
30302 0.000012
30303 0.000023
30304 0.000021
30305 0.000018
30306 0.000011
30307 0.000014
30308 0.000016
30309 0.000009
30310 0.000011
30311 0.000018
30312 0.000030
30313 0.000029
30314 0.000009
30315 0.000018
30316 0.000030
30317 0.000009
30318 0.000028
30319 0.000015
30320 0.000017
30321 0.000021
30322 0.000023
30323 0.000030
30324 0.000025
30325 0.000013
30326 0.000038
30327 0.000027
30328 0.000037
30329 0.000027
30330 0.000027
30331 0.000031
30332 0.000016
30333 0.000019
30334 0.000032
30335 0.000009
30336 0.000010
30337 0.000012
30338 0.000026
30339 0.000025
30340 0.000026
30341 0.000041
30342 0.000020
30343 0.000040
30344 0.000024
30345 0.000014
30346 0.000025
30347 0.000034
30348 0.000024
30349 0.000009
30350 0.000029
30351 0.000022
30352 0.000017
30353 0.000031
30354 0.000021
30355 0.000012
30356 0.000007
30357 0.000005
30358 0.000022
30359 0.000016
30360 0.000015
30361 0.000016
30362 0.000049
30363 0.000030
30364 0.000012
30365 0.000015
30366 0.000028
30367 0.000030
30368 0.000015
30369 0.000014
30370 0.000016
30371 0.000014
30372 0.000015
30373 0.000009
30374 0.000023
30375 0.000012
30376 0.000026
30377 0.000028
30378 0.000020
30379 0.000022
30380 0.000015
30381 0.000012
30382 0.000011
30383 0.000011
30384 0.000024
30385 0.000027
30386 0.000037
30387 0.000024
30388 0.000031
30389 0.000018
30390 0.000018
30391 0.000023
30392 0.000016
30393 0.000016
30394 0.000011
30395 0.000009
30396 0.000011
30397 0.000009
30398 0.000008
30399 0.000016
30400 0.000022
30401 0.000012
30402 0.000050
30403 0.000022
30404 0.000015
30405 0.000038
30406 0.000011
30407 0.000012
30408 0.000013
30409 0.000014
30410 0.000023
30411 0.000020
30412 0.000012
30413 0.000015
30414 0.000007
30415 0.000012
30416 0.000022
30417 0.000012
30418 0.000020
30419 0.000007
30420 0.000021
30421 0.000021
30422 0.000024
30423 0.000021
30424 0.000019
30425 0.000017
30426 0.000015
30427 0.000027
30428 0.000017
30429 0.000011
30430 0.000010
30431 0.000015
30432 0.000022
30433 0.000026
30434 0.000017
30435 0.000012
30436 0.000008
30437 0.000029
30438 0.000042
30439 0.000023
30440 0.000013
30441 0.000018
30442 0.000024
30443 0.000013
30444 0.000022
30445 0.000024
30446 0.000025
30447 0.000014
30448 0.000015
30449 0.000024
30450 0.000037
30451 0.000030
30452 0.000009
30453 0.000025
30454 0.000038
30455 0.000016
30456 0.000021
30457 0.000018
30458 0.000018
30459 0.000018
30460 0.000016
30461 0.000024
30462 0.000028
30463 0.000033
30464 0.000015
30465 0.000015
30466 0.000022
30467 0.000021
30468 0.000022
30469 0.000026
30470 0.000032
30471 0.000017
30472 0.000021
30473 0.000020
30474 0.000014
30475 0.000009
30476 0.000006
30477 0.000006
30478 0.000011
30479 0.000014
30480 0.000013
30481 0.000010
30482 0.000017
30483 0.000007
30484 0.000021
30485 0.000022
30486 0.000040
30487 0.000032
30488 0.000025
30489 0.000024
30490 0.000009
30491 0.000020
30492 0.000032
30493 0.000035
30494 0.000030
30495 0.000019
30496 0.000011
30497 0.000015
30498 0.000010
30499 0.000007
30500 0.000022
30501 0.000016
30502 0.000018
30503 0.000028
30504 0.000031
30505 0.000051
30506 0.000014
30507 0.000028
30508 0.000019
30509 0.000027
30510 0.000021
30511 0.000007
30512 0.000010
30513 0.000041
30514 0.000024
30515 0.000017
30516 0.000031
30517 0.000012
30518 0.000016
30519 0.000023
30520 0.000009
30521 0.000012
30522 0.000015
30523 0.000037
30524 0.000036
30525 0.000028
30526 0.000027
30527 0.000019
30528 0.000030
30529 0.000018
30530 0.000014
30531 0.000014
30532 0.000024
30533 0.000011
30534 0.000026
30535 0.000018
30536 0.000022
30537 0.000014
30538 0.000009
30539 0.000009
30540 0.000018
30541 0.000022
30542 0.000013
30543 0.000006
30544 0.000008
30545 0.000008
30546 0.000012
30547 0.000024
30548 0.000016
30549 0.000020
30550 0.000020
30551 0.000019
30552 0.000009
30553 0.000008
30554 0.000012
30555 0.000014
30556 0.000014
30557 0.000017
30558 0.000008
30559 0.000009
30560 0.000027
30561 0.000039
30562 0.000039
30563 0.000039
30564 0.000023
30565 0.000009
30566 0.000016
30567 0.000033
30568 0.000025
30569 0.000035
30570 0.000017
30571 0.000013
30572 0.000019
30573 0.000013
30574 0.000019
30575 0.000012
30576 0.000008
30577 0.000005
30578 0.000022
30579 0.000021
30580 0.000028
30581 0.000031
30582 0.000023
30583 0.000014
30584 0.000015
30585 0.000009
30586 0.000011
30587 0.000025
30588 0.000013
30589 0.000030
30590 0.000024
30591 0.000037
30592 0.000027
30593 0.000018
30594 0.000011
30595 0.000010
30596 0.000014
30597 0.000034
30598 0.000013
30599 0.000018
30600 0.000011
30601 0.000034
30602 0.000017
30603 0.000007
30604 0.000007
30605 0.000007
30606 0.000005
30607 0.000005
30608 0.000034
30609 0.000023
30610 0.000025
30611 0.000029
30612 0.000038
30613 0.000031
30614 0.000043
30615 0.000020
30616 0.000024
30617 0.000024
30618 0.000017
30619 0.000025
30620 0.000021
30621 0.000025
30622 0.000023
30623 0.000036
30624 0.000033
30625 0.000015
30626 0.000017
30627 0.000007
30628 0.000018
30629 0.000012
30630 0.000020
30631 0.000015
30632 0.000016
30633 0.000022
30634 0.000017
30635 0.000042
30636 0.000027
30637 0.000011
30638 0.000020
30639 0.000019
30640 0.000017
30641 0.000022
30642 0.000037
30643 0.000023
30644 0.000024
30645 0.000018
30646 0.000031
30647 0.000020
30648 0.000032
30649 0.000028
30650 0.000007
30651 0.000006
30652 0.000035
30653 0.000025
30654 0.000040
30655 0.000029
30656 0.000042
30657 0.000026
30658 0.000017
30659 0.000022
30660 0.000030
30661 0.000013
30662 0.000029
30663 0.000019
30664 0.000029
30665 0.000012
30666 0.000019
30667 0.000009
30668 0.000016
30669 0.000018
30670 0.000019
30671 0.000014
30672 0.000013
30673 0.000024
30674 0.000017
30675 0.000014
30676 0.000029
30677 0.000020
30678 0.000009
30679 0.000031
30680 0.000025
30681 0.000021
30682 0.000013
30683 0.000012
30684 0.000006
30685 0.000005
30686 0.000025
30687 0.000011
30688 0.000015
30689 0.000039
30690 0.000020
30691 0.000011
30692 0.000010
30693 0.000020
30694 0.000020
30695 0.000021
30696 0.000009
30697 0.000013
30698 0.000009
30699 0.000010
30700 0.000011
30701 0.000005
30702 0.000015
30703 0.000025
30704 0.000011
30705 0.000009
30706 0.000011
30707 0.000020
30708 0.000018
30709 0.000007
30710 0.000007
30711 0.000019
30712 0.000030
30713 0.000023
30714 0.000035
30715 0.000022
30716 0.000024
30717 0.000010
30718 0.000009
30719 0.000005
30720 0.000020
30721 0.000034
30722 0.000017
30723 0.000021
30724 0.000022
30725 0.000037
30726 0.000022
30727 0.000024
30728 0.000029
30729 0.000019
30730 0.000016
30731 0.000037
30732 0.000017
30733 0.000016
30734 0.000013
30735 0.000007
30736 0.000010
30737 0.000012
30738 0.000012
30739 0.000007
30740 0.000021
30741 0.000030
30742 0.000016
30743 0.000016
30744 0.000012
30745 0.000008
30746 0.000023
30747 0.000049
30748 0.000024
30749 0.000013
30750 0.000007
30751 0.000016
30752 0.000013
30753 0.000014
30754 0.000021
30755 0.000021
30756 0.000012
30757 0.000019
30758 0.000020
30759 0.000017
30760 0.000012
30761 0.000009
30762 0.000024
30763 0.000010
30764 0.000011
30765 0.000025
30766 0.000016
30767 0.000006
30768 0.000024
30769 0.000013
30770 0.000007
30771 0.000010
30772 0.000013
30773 0.000025
30774 0.000011
30775 0.000011
30776 0.000012
30777 0.000030
30778 0.000030
30779 0.000016
30780 0.000027
30781 0.000009
30782 0.000014
30783 0.000012
30784 0.000026
30785 0.000024
30786 0.000030
30787 0.000035
30788 0.000028
30789 0.000028
30790 0.000026
30791 0.000014
30792 0.000024
30793 0.000014
30794 0.000018
30795 0.000026
30796 0.000033
30797 0.000016
30798 0.000016
30799 0.000006
30800 0.000011
30801 0.000012
30802 0.000015
30803 0.000007
30804 0.000010
30805 0.000017
30806 0.000008
30807 0.000036
30808 0.000032
30809 0.000026
30810 0.000055
30811 0.000051
30812 0.000029
30813 0.000020
30814 0.000042
30815 0.000034
30816 0.000047
30817 0.000023
30818 0.000027
30819 0.000029
30820 0.000050
30821 0.000027
30822 0.000011
30823 0.000009
30824 0.000021
30825 0.000013
30826 0.000026
30827 0.000017
30828 0.000016
30829 0.000010
30830 0.000017
30831 0.000028
30832 0.000042
30833 0.000023
30834 0.000017
30835 0.000022
30836 0.000039
30837 0.000027
30838 0.000045
30839 0.000027
30840 0.000029
30841 0.000038
30842 0.000020
30843 0.000022
30844 0.000016
30845 0.000034
30846 0.000017
30847 0.000006
30848 0.000010
30849 0.000017
30850 0.000013
30851 0.000013
30852 0.000020
30853 0.000022
30854 0.000017
30855 0.000010
30856 0.000020
30857 0.000005
30858 0.000009
30859 0.000009
30860 0.000015
30861 0.000033
30862 0.000013
30863 0.000006
30864 0.000009
30865 0.000012
30866 0.000019
30867 0.000015
30868 0.000020
30869 0.000009
30870 0.000010
30871 0.000016
30872 0.000026
30873 0.000025
30874 0.000017
30875 0.000020
30876 0.000014
30877 0.000006
30878 0.000023
30879 0.000021
30880 0.000017
30881 0.000010
30882 0.000006
30883 0.000020
30884 0.000020
30885 0.000030
30886 0.000023
30887 0.000027
30888 0.000021
30889 0.000028
30890 0.000015
30891 0.000016
30892 0.000029
30893 0.000028
30894 0.000015
30895 0.000007
30896 0.000030
30897 0.000011
30898 0.000026
30899 0.000026
30900 0.000021
30901 0.000036
30902 0.000023
30903 0.000017
30904 0.000019
30905 0.000008
30906 0.000004
30907 0.000019
30908 0.000013
30909 0.000007
30910 0.000010
30911 0.000028
30912 0.000015
30913 0.000029
30914 0.000010
30915 0.000015
30916 0.000019
30917 0.000033
30918 0.000012
30919 0.000008
30920 0.000005
30921 0.000008
30922 0.000012
30923 0.000015
30924 0.000026
30925 0.000027
30926 0.000038
30927 0.000014
30928 0.000016
30929 0.000020
30930 0.000009
30931 0.000009
30932 0.000035
30933 0.000044
30934 0.000013
30935 0.000010
30936 0.000006
30937 0.000011
30938 0.000019
30939 0.000018
30940 0.000026
30941 0.000018
30942 0.000030
30943 0.000014
30944 0.000025
30945 0.000015
30946 0.000022
30947 0.000018
30948 0.000007
30949 0.000021
30950 0.000009
30951 0.000022
30952 0.000016
30953 0.000017
30954 0.000008
30955 0.000011
30956 0.000012
30957 0.000014
30958 0.000017
30959 0.000012
30960 0.000021
30961 0.000013
30962 0.000012
30963 0.000045
30964 0.000022
30965 0.000017
30966 0.000014
30967 0.000013
30968 0.000016
30969 0.000025
30970 0.000009
30971 0.000008
30972 0.000013
30973 0.000007
30974 0.000005
30975 0.000007
30976 0.000008
30977 0.000015
30978 0.000020
30979 0.000012
30980 0.000011
30981 0.000009
30982 0.000028
30983 0.000021
30984 0.000021
30985 0.000014
30986 0.000012
30987 0.000026
30988 0.000035
30989 0.000027
30990 0.000008
30991 0.000014
30992 0.000032
30993 0.000011
30994 0.000015
30995 0.000021
30996 0.000017
30997 0.000017
30998 0.000027
30999 0.000009
31000 0.000008
31001 0.000004
31002 0.000006
31003 0.000007
31004 0.000015
31005 0.000012
31006 0.000019
31007 0.000024
31008 0.000018
31009 0.000045
31010 0.000018
31011 0.000025
31012 0.000022
31013 0.000029
31014 0.000031
31015 0.000038
31016 0.000019
31017 0.000019
31018 0.000012
31019 0.000014
31020 0.000010
31021 0.000042
31022 0.000017
31023 0.000036
31024 0.000016
31025 0.000021
31026 0.000018
31027 0.000019
31028 0.000038
31029 0.000031
31030 0.000022
31031 0.000025
31032 0.000012
31033 0.000011
31034 0.000038
31035 0.000046
31036 0.000035
31037 0.000028
31038 0.000035
31039 0.000015
31040 0.000032
31041 0.000010
31042 0.000012
31043 0.000018
31044 0.000039
31045 0.000046
31046 0.000013
31047 0.000035
31048 0.000015
31049 0.000011
31050 0.000008
31051 0.000007
31052 0.000019
31053 0.000019
31054 0.000020
31055 0.000030
31056 0.000024
31057 0.000023
31058 0.000026
31059 0.000031
31060 0.000019
31061 0.000011
31062 0.000015
31063 0.000013
31064 0.000020
31065 0.000033
31066 0.000041
31067 0.000044
31068 0.000017
31069 0.000023
31070 0.000025
31071 0.000012
31072 0.000042
31073 0.000017
31074 0.000022
31075 0.000027
31076 0.000014
31077 0.000018
31078 0.000043
31079 0.000014
31080 0.000019
31081 0.000011
31082 0.000032
31083 0.000014
31084 0.000015
31085 0.000017
31086 0.000012
31087 0.000011
31088 0.000014
31089 0.000013
31090 0.000020
31091 0.000034
31092 0.000042
31093 0.000031
31094 0.000041
31095 0.000013
31096 0.000011
31097 0.000016
31098 0.000032
31099 0.000017
31100 0.000018
31101 0.000013
31102 0.000011
31103 0.000022
31104 0.000027
31105 0.000025
31106 0.000021
31107 0.000021
31108 0.000030
31109 0.000047
31110 0.000016
31111 0.000008
31112 0.000016
31113 0.000026
31114 0.000017
31115 0.000010
31116 0.000026
31117 0.000029
31118 0.000011
31119 0.000026
31120 0.000028
31121 0.000017
31122 0.000010
31123 0.000018
31124 0.000033
31125 0.000031
31126 0.000019
31127 0.000013
31128 0.000005
31129 0.000007
31130 0.000010
31131 0.000017
31132 0.000020
31133 0.000018
31134 0.000020
31135 0.000021
31136 0.000027
31137 0.000032
31138 0.000014
31139 0.000025
31140 0.000026
31141 0.000017
31142 0.000015
31143 0.000011
31144 0.000017
31145 0.000026
31146 0.000017
31147 0.000009
31148 0.000015
31149 0.000023
31150 0.000017
31151 0.000033
31152 0.000034
31153 0.000034
31154 0.000017
31155 0.000005
31156 0.000019
31157 0.000011
31158 0.000010
31159 0.000015
31160 0.000019
31161 0.000016
31162 0.000015
31163 0.000012
31164 0.000019
31165 0.000021
31166 0.000026
31167 0.000040
31168 0.000031
31169 0.000012
31170 0.000010
31171 0.000015
31172 0.000020
31173 0.000029
31174 0.000039
31175 0.000030
31176 0.000017
31177 0.000013
31178 0.000014
31179 0.000016
31180 0.000029
31181 0.000009
31182 0.000013
31183 0.000027
31184 0.000019
31185 0.000007
31186 0.000015
31187 0.000023
31188 0.000011
31189 0.000020
31190 0.000009
31191 0.000027
31192 0.000042
31193 0.000031
31194 0.000026
31195 0.000041
31196 0.000053
31197 0.000034
31198 0.000046
31199 0.000032
31200 0.000012
31201 0.000019
31202 0.000023
31203 0.000015
31204 0.000007
31205 0.000016
31206 0.000027
31207 0.000017
31208 0.000008
31209 0.000012
31210 0.000005
31211 0.000011
31212 0.000015
31213 0.000016
31214 0.000024
31215 0.000029
31216 0.000014
31217 0.000007
31218 0.000012
31219 0.000015
31220 0.000017
31221 0.000025
31222 0.000016
31223 0.000018
31224 0.000017
31225 0.000019
31226 0.000020
31227 0.000051
31228 0.000027
31229 0.000023
31230 0.000027
31231 0.000022
31232 0.000020
31233 0.000024
31234 0.000010
31235 0.000018
31236 0.000055
31237 0.000022
31238 0.000039
31239 0.000035
31240 0.000011
31241 0.000010
31242 0.000012
31243 0.000045
31244 0.000021
31245 0.000016
31246 0.000025
31247 0.000046
31248 0.000017
31249 0.000038
31250 0.000024
31251 0.000022
31252 0.000022
31253 0.000012
31254 0.000013
31255 0.000023
31256 0.000024
31257 0.000026
31258 0.000021
31259 0.000012
31260 0.000014
31261 0.000053
31262 0.000045
31263 0.000022
31264 0.000042
31265 0.000023
31266 0.000014
31267 0.000007
31268 0.000009
31269 0.000013
31270 0.000018
31271 0.000016
31272 0.000010
31273 0.000010
31274 0.000016
31275 0.000042
31276 0.000024
31277 0.000031
31278 0.000046
31279 0.000039
31280 0.000024
31281 0.000014
31282 0.000012
31283 0.000024
31284 0.000007
31285 0.000017
31286 0.000041
31287 0.000026
31288 0.000026
31289 0.000021
31290 0.000012
31291 0.000011
31292 0.000014
31293 0.000009
31294 0.000015
31295 0.000023
31296 0.000022
31297 0.000025
31298 0.000022
31299 0.000017
31300 0.000025
31301 0.000021
31302 0.000009
31303 0.000038
31304 0.000031
31305 0.000029
31306 0.000028
31307 0.000014
31308 0.000005
31309 0.000006
31310 0.000012
31311 0.000026
31312 0.000023
31313 0.000010
31314 0.000034
31315 0.000029
31316 0.000021
31317 0.000018
31318 0.000030
31319 0.000016
31320 0.000035
31321 0.000011
31322 0.000018
31323 0.000014
31324 0.000016
31325 0.000027
31326 0.000006
31327 0.000010
31328 0.000017
31329 0.000018
31330 0.000034
31331 0.000012
31332 0.000034
31333 0.000021
31334 0.000014
31335 0.000012
31336 0.000028
31337 0.000021
31338 0.000021
31339 0.000031
31340 0.000025
31341 0.000028
31342 0.000011
31343 0.000049
31344 0.000044
31345 0.000015
31346 0.000022
31347 0.000014
31348 0.000026
31349 0.000014
31350 0.000028
31351 0.000036
31352 0.000021
31353 0.000010
31354 0.000018
31355 0.000053
31356 0.000030
31357 0.000039
31358 0.000011
31359 0.000008
31360 0.000013
31361 0.000019
31362 0.000024
31363 0.000026
31364 0.000017
31365 0.000015
31366 0.000017
31367 0.000018
31368 0.000011
31369 0.000015
31370 0.000028
31371 0.000035
31372 0.000009
31373 0.000016
31374 0.000013
31375 0.000009
31376 0.000011
31377 0.000009
31378 0.000026
31379 0.000049
31380 0.000015
31381 0.000022
31382 0.000026
31383 0.000014
31384 0.000014
31385 0.000013
31386 0.000015
31387 0.000007
31388 0.000038
31389 0.000045
31390 0.000044
31391 0.000019
31392 0.000017
31393 0.000024
31394 0.000018
31395 0.000028
31396 0.000021
31397 0.000030
31398 0.000030
31399 0.000013
31400 0.000007
31401 0.000029
31402 0.000017
31403 0.000023
31404 0.000022
31405 0.000009
31406 0.000040
31407 0.000031
31408 0.000010
31409 0.000012
31410 0.000023
31411 0.000025
31412 0.000006
31413 0.000020
31414 0.000033
31415 0.000043
31416 0.000039
31417 0.000011
31418 0.000018
31419 0.000014
31420 0.000019
31421 0.000015
31422 0.000040
31423 0.000025
31424 0.000032
31425 0.000049
31426 0.000012
31427 0.000034
31428 0.000016
31429 0.000012
31430 0.000017
31431 0.000022
31432 0.000012
31433 0.000022
31434 0.000018
31435 0.000018
31436 0.000027
31437 0.000038
31438 0.000022
31439 0.000029
31440 0.000028
31441 0.000021
31442 0.000031
31443 0.000013
31444 0.000017
31445 0.000032
31446 0.000021
31447 0.000030
31448 0.000025
31449 0.000038
31450 0.000028
31451 0.000016
31452 0.000018
31453 0.000027
31454 0.000020
31455 0.000014
31456 0.000042
31457 0.000041
31458 0.000026
31459 0.000010
31460 0.000014
31461 0.000019
31462 0.000011
31463 0.000030
31464 0.000018
31465 0.000011
31466 0.000010
31467 0.000013
31468 0.000022
31469 0.000024
31470 0.000036
31471 0.000009
31472 0.000008
31473 0.000017
31474 0.000024
31475 0.000044
31476 0.000030
31477 0.000028
31478 0.000026
31479 0.000021
31480 0.000020
31481 0.000020
31482 0.000007
31483 0.000005
31484 0.000008
31485 0.000012
31486 0.000013
31487 0.000029
31488 0.000042
31489 0.000021
31490 0.000015
31491 0.000015
31492 0.000027
31493 0.000030
31494 0.000029
31495 0.000039
31496 0.000046
31497 0.000019
31498 0.000014
31499 0.000014
31500 0.000029
31501 0.000009
31502 0.000009
31503 0.000020
31504 0.000013
31505 0.000011
31506 0.000005
31507 0.000022
31508 0.000018
31509 0.000014
31510 0.000029
31511 0.000033
31512 0.000046
31513 0.000048
31514 0.000019
31515 0.000008
31516 0.000015
31517 0.000012
31518 0.000012
31519 0.000021
31520 0.000041
31521 0.000026
31522 0.000026
31523 0.000024
31524 0.000016
31525 0.000012
31526 0.000021
31527 0.000023
31528 0.000037
31529 0.000026
31530 0.000016
31531 0.000021
31532 0.000023
31533 0.000020
31534 0.000016
31535 0.000014
31536 0.000021
31537 0.000008
31538 0.000023
31539 0.000014
31540 0.000011
31541 0.000011
31542 0.000012
31543 0.000012
31544 0.000009
31545 0.000014
31546 0.000040
31547 0.000057
31548 0.000030
31549 0.000012
31550 0.000029
31551 0.000019
31552 0.000017
31553 0.000038
31554 0.000026
31555 0.000015
31556 0.000024
31557 0.000012
31558 0.000024
31559 0.000014
31560 0.000015
31561 0.000014
31562 0.000021
31563 0.000013
31564 0.000005
31565 0.000009
31566 0.000040
31567 0.000021
31568 0.000024
31569 0.000025
31570 0.000039
31571 0.000021
31572 0.000016
31573 0.000012
31574 0.000006
31575 0.000013
31576 0.000015
31577 0.000019
31578 0.000023
31579 0.000026
31580 0.000014
31581 0.000021
31582 0.000007
31583 0.000013
31584 0.000025
31585 0.000013
31586 0.000020
31587 0.000031
31588 0.000018
31589 0.000034
31590 0.000052
31591 0.000031
31592 0.000015
31593 0.000009
31594 0.000007
31595 0.000015
31596 0.000010
31597 0.000039
31598 0.000031
31599 0.000019
31600 0.000015
31601 0.000024
31602 0.000007
31603 0.000024
31604 0.000013
31605 0.000011
31606 0.000018
31607 0.000014
31608 0.000026
31609 0.000019
31610 0.000026
31611 0.000060
31612 0.000032
31613 0.000019
31614 0.000011
31615 0.000018
31616 0.000013
31617 0.000019
31618 0.000016
31619 0.000020
31620 0.000012
31621 0.000027
31622 0.000019
31623 0.000014
31624 0.000006
31625 0.000020
31626 0.000021
31627 0.000017
31628 0.000017
31629 0.000020
31630 0.000024
31631 0.000026
31632 0.000031
31633 0.000031
31634 0.000016
31635 0.000011
31636 0.000026
31637 0.000036
31638 0.000017
31639 0.000016
31640 0.000026
31641 0.000017
31642 0.000028
31643 0.000025
31644 0.000028
31645 0.000012
31646 0.000035
31647 0.000016
31648 0.000014
31649 0.000013
31650 0.000009
31651 0.000017
31652 0.000020
31653 0.000035
31654 0.000039
31655 0.000040
31656 0.000029
31657 0.000018
31658 0.000053
31659 0.000053
31660 0.000021
31661 0.000011
31662 0.000010
31663 0.000015
31664 0.000021
31665 0.000021
31666 0.000011
31667 0.000013
31668 0.000009
31669 0.000024
31670 0.000029
31671 0.000023
31672 0.000008
31673 0.000009
31674 0.000020
31675 0.000026
31676 0.000025
31677 0.000043
31678 0.000021
31679 0.000020
31680 0.000033
31681 0.000041
31682 0.000034
31683 0.000010
31684 0.000004
31685 0.000005
31686 0.000011
31687 0.000017
31688 0.000008
31689 0.000010
31690 0.000004
31691 0.000007
31692 0.000017
31693 0.000026
31694 0.000014
31695 0.000014
31696 0.000009
31697 0.000016
31698 0.000013
31699 0.000012
31700 0.000039
31701 0.000019
31702 0.000024
31703 0.000009
31704 0.000017
31705 0.000014
31706 0.000015
31707 0.000009
31708 0.000007
31709 0.000020
31710 0.000026
31711 0.000018
31712 0.000016
31713 0.000015
31714 0.000026
31715 0.000028
31716 0.000013
31717 0.000008
31718 0.000019
31719 0.000033
31720 0.000009
31721 0.000034
31722 0.000031
31723 0.000029
31724 0.000019
31725 0.000008
31726 0.000022
31727 0.000009
31728 0.000022
31729 0.000026
31730 0.000014
31731 0.000014
31732 0.000006
31733 0.000008
31734 0.000013
31735 0.000005
31736 0.000019
31737 0.000020
31738 0.000011
31739 0.000009
31740 0.000009
31741 0.000009
31742 0.000018
31743 0.000011
31744 0.000025
31745 0.000026
31746 0.000021
31747 0.000025
31748 0.000018
31749 0.000027
31750 0.000042
31751 0.000024
31752 0.000018
31753 0.000036
31754 0.000021
31755 0.000019
31756 0.000019
31757 0.000014
31758 0.000012
31759 0.000025
31760 0.000040
31761 0.000022
31762 0.000027
31763 0.000030
31764 0.000017
31765 0.000010
31766 0.000009
31767 0.000028
31768 0.000016
31769 0.000040
31770 0.000048
31771 0.000022
31772 0.000030
31773 0.000020
31774 0.000012
31775 0.000016
31776 0.000029
31777 0.000025
31778 0.000057
31779 0.000028
31780 0.000009
31781 0.000011
31782 0.000018
31783 0.000017
31784 0.000012
31785 0.000021
31786 0.000016
31787 0.000027
31788 0.000038
31789 0.000020
31790 0.000011
31791 0.000009
31792 0.000013
31793 0.000013
31794 0.000026
31795 0.000023
31796 0.000017
31797 0.000009
31798 0.000031
31799 0.000040
31800 0.000042
31801 0.000037
31802 0.000016
31803 0.000030
31804 0.000018
31805 0.000011
31806 0.000006
31807 0.000022
31808 0.000014
31809 0.000028
31810 0.000035
31811 0.000036
31812 0.000016
31813 0.000025
31814 0.000019
31815 0.000017
31816 0.000020
31817 0.000026
31818 0.000028
31819 0.000035
31820 0.000037
31821 0.000051
31822 0.000028
31823 0.000016
31824 0.000015
31825 0.000010
31826 0.000011
31827 0.000033
31828 0.000020
31829 0.000013
31830 0.000022
31831 0.000016
31832 0.000016
31833 0.000014
31834 0.000021
31835 0.000012
31836 0.000025
31837 0.000016
31838 0.000053
31839 0.000021
31840 0.000030
31841 0.000018
31842 0.000009
31843 0.000034
31844 0.000018
31845 0.000019
31846 0.000013
31847 0.000025
31848 0.000035
31849 0.000018
31850 0.000029
31851 0.000011
31852 0.000015
31853 0.000024
31854 0.000015
31855 0.000022
31856 0.000022
31857 0.000025
31858 0.000014
31859 0.000024
31860 0.000010
31861 0.000006
31862 0.000012
31863 0.000021
31864 0.000012
31865 0.000020
31866 0.000014
31867 0.000013
31868 0.000036
31869 0.000016
31870 0.000006
31871 0.000016
31872 0.000015
31873 0.000008
31874 0.000029
31875 0.000034
31876 0.000038
31877 0.000025
31878 0.000014
31879 0.000005
31880 0.000005
31881 0.000017
31882 0.000019
31883 0.000022
31884 0.000028
31885 0.000011
31886 0.000017
31887 0.000039
31888 0.000023
31889 0.000013
31890 0.000010
31891 0.000011
31892 0.000012
31893 0.000007
31894 0.000024
31895 0.000025
31896 0.000013
31897 0.000016
31898 0.000021
31899 0.000021
31900 0.000042
31901 0.000057
31902 0.000031
31903 0.000032
31904 0.000040
31905 0.000020
31906 0.000020
31907 0.000011
31908 0.000028
31909 0.000011
31910 0.000008
31911 0.000012
31912 0.000006
31913 0.000025
31914 0.000026
31915 0.000028
31916 0.000011
31917 0.000016
31918 0.000020
31919 0.000017
31920 0.000012
31921 0.000023
31922 0.000022
31923 0.000021
31924 0.000060
31925 0.000032
31926 0.000036
31927 0.000048
31928 0.000071
31929 0.000073
31930 0.000028
31931 0.000021
31932 0.000008
31933 0.000016
31934 0.000025
31935 0.000026
31936 0.000017
31937 0.000037
31938 0.000044
31939 0.000018
31940 0.000028
31941 0.000025
31942 0.000031
31943 0.000027
31944 0.000023
31945 0.000023
31946 0.000023
31947 0.000017
31948 0.000018
31949 0.000017
31950 0.000010
31951 0.000017
31952 0.000018
31953 0.000025
31954 0.000030
31955 0.000009
31956 0.000008
31957 0.000011
31958 0.000027
31959 0.000013
31960 0.000014
31961 0.000005
31962 0.000008
31963 0.000015
31964 0.000029
31965 0.000019
31966 0.000006
31967 0.000023
31968 0.000049
31969 0.000049
31970 0.000028
31971 0.000021
31972 0.000010
31973 0.000010
31974 0.000016
31975 0.000018
31976 0.000018
31977 0.000037
31978 0.000018
31979 0.000031
31980 0.000042
31981 0.000050
31982 0.000029
31983 0.000025
31984 0.000043
31985 0.000010
31986 0.000007
31987 0.000026
31988 0.000019
31989 0.000027
31990 0.000026
31991 0.000011
31992 0.000018
31993 0.000025
31994 0.000014
31995 0.000019
31996 0.000021
31997 0.000014
31998 0.000024
31999 0.000020
32000 0.000009
32001 0.000018
32002 0.000013
32003 0.000008
32004 0.000028
32005 0.000013
32006 0.000015
32007 0.000034
32008 0.000024
32009 0.000010
32010 0.000024
32011 0.000012
32012 0.000030
32013 0.000028
32014 0.000016
32015 0.000016
32016 0.000009
32017 0.000011
32018 0.000013
32019 0.000018
32020 0.000016
32021 0.000015
32022 0.000011
32023 0.000019
32024 0.000019
32025 0.000014
32026 0.000005
32027 0.000004
32028 0.000015
32029 0.000008
32030 0.000024
32031 0.000010
32032 0.000013
32033 0.000015
32034 0.000019
32035 0.000009
32036 0.000028
32037 0.000026
32038 0.000034
32039 0.000020
32040 0.000012
32041 0.000007
32042 0.000014
32043 0.000005
32044 0.000009
32045 0.000008
32046 0.000032
32047 0.000010
32048 0.000013
32049 0.000025
32050 0.000031
32051 0.000020
32052 0.000026
32053 0.000028
32054 0.000027
32055 0.000025
32056 0.000021
32057 0.000052
32058 0.000022
32059 0.000022
32060 0.000007
32061 0.000026
32062 0.000009
32063 0.000010
32064 0.000029
32065 0.000036
32066 0.000017
32067 0.000032
32068 0.000024
32069 0.000019
32070 0.000039
32071 0.000033
32072 0.000013
32073 0.000031
32074 0.000031
32075 0.000051
32076 0.000033
32077 0.000012
32078 0.000011
32079 0.000005
32080 0.000004
32081 0.000016
32082 0.000014
32083 0.000012
32084 0.000020
32085 0.000028
32086 0.000019
32087 0.000020
32088 0.000009
32089 0.000030
32090 0.000015
32091 0.000020
32092 0.000014
32093 0.000007
32094 0.000021
32095 0.000022
32096 0.000012
32097 0.000018
32098 0.000029
32099 0.000023
32100 0.000022
32101 0.000031
32102 0.000018
32103 0.000011
32104 0.000010
32105 0.000005
32106 0.000007
32107 0.000010
32108 0.000042
32109 0.000034
32110 0.000013
32111 0.000018
32112 0.000018
32113 0.000012
32114 0.000008
32115 0.000012
32116 0.000013
32117 0.000028
32118 0.000035
32119 0.000021
32120 0.000017
32121 0.000014
32122 0.000048
32123 0.000021
32124 0.000022
32125 0.000015
32126 0.000014
32127 0.000038
32128 0.000038
32129 0.000024
32130 0.000011
32131 0.000014
32132 0.000008
32133 0.000005
32134 0.000009
32135 0.000010
32136 0.000046
32137 0.000028
32138 0.000015
32139 0.000033
32140 0.000017
32141 0.000019
32142 0.000022
32143 0.000021
32144 0.000035
32145 0.000043
32146 0.000065
32147 0.000029
32148 0.000022
32149 0.000009
32150 0.000049
32151 0.000036
32152 0.000023
32153 0.000008
32154 0.000019
32155 0.000030
32156 0.000021
32157 0.000016
32158 0.000016
32159 0.000017
32160 0.000012
32161 0.000020
32162 0.000038
32163 0.000014
32164 0.000017
32165 0.000022
32166 0.000018
32167 0.000012
32168 0.000011
32169 0.000021
32170 0.000025
32171 0.000014
32172 0.000008
32173 0.000032
32174 0.000016
32175 0.000014
32176 0.000022
32177 0.000027
32178 0.000022
32179 0.000020
32180 0.000009
32181 0.000022
32182 0.000019
32183 0.000028
32184 0.000036
32185 0.000045
32186 0.000043
32187 0.000045
32188 0.000026
32189 0.000007
32190 0.000005
32191 0.000019
32192 0.000014
32193 0.000027
32194 0.000014
32195 0.000007
32196 0.000024
32197 0.000016
32198 0.000013
32199 0.000012
32200 0.000040
32201 0.000017
32202 0.000005
32203 0.000015
32204 0.000005
32205 0.000023
32206 0.000038
32207 0.000019
32208 0.000015
32209 0.000037
32210 0.000014
32211 0.000010
32212 0.000007
32213 0.000007
32214 0.000014
32215 0.000052
32216 0.000019
32217 0.000017
32218 0.000011
32219 0.000018
32220 0.000056
32221 0.000035
32222 0.000010
32223 0.000030
32224 0.000012
32225 0.000006
32226 0.000023
32227 0.000015
32228 0.000009
32229 0.000040
32230 0.000027
32231 0.000044
32232 0.000039
32233 0.000031
32234 0.000019
32235 0.000015
32236 0.000013
32237 0.000008
32238 0.000005
32239 0.000005
32240 0.000013
32241 0.000016
32242 0.000016
32243 0.000006
32244 0.000006
32245 0.000008
32246 0.000006
32247 0.000014
32248 0.000008
32249 0.000004
32250 0.000015
32251 0.000029
32252 0.000015
32253 0.000016
32254 0.000025
32255 0.000037
32256 0.000046
32257 0.000013
32258 0.000009
32259 0.000014
32260 0.000024
32261 0.000019
32262 0.000026
32263 0.000029
32264 0.000020
32265 0.000011
32266 0.000019
32267 0.000019
32268 0.000024
32269 0.000023
32270 0.000027
32271 0.000029
32272 0.000031
32273 0.000019
32274 0.000013
32275 0.000017
32276 0.000008
32277 0.000021
32278 0.000010
32279 0.000016
32280 0.000020
32281 0.000009
32282 0.000031
32283 0.000033
32284 0.000054
32285 0.000019
32286 0.000021
32287 0.000023
32288 0.000023
32289 0.000010
32290 0.000007
32291 0.000025
32292 0.000029
32293 0.000018
32294 0.000051
32295 0.000046
32296 0.000013
32297 0.000008
32298 0.000015
32299 0.000027
32300 0.000009
32301 0.000007
32302 0.000018
32303 0.000021
32304 0.000014
32305 0.000034
32306 0.000023
32307 0.000009
32308 0.000007
32309 0.000004
32310 0.000016
32311 0.000013
32312 0.000013
32313 0.000017
32314 0.000018
32315 0.000039
32316 0.000014
32317 0.000014
32318 0.000018
32319 0.000024
32320 0.000010
32321 0.000011
32322 0.000015
32323 0.000033
32324 0.000020
32325 0.000020
32326 0.000014
32327 0.000020
32328 0.000015
32329 0.000029
32330 0.000017
32331 0.000014
32332 0.000028
32333 0.000009
32334 0.000026
32335 0.000032
32336 0.000019
32337 0.000011
32338 0.000010
32339 0.000007
32340 0.000014
32341 0.000018
32342 0.000012
32343 0.000025
32344 0.000015
32345 0.000039
32346 0.000019
32347 0.000015
32348 0.000026
32349 0.000022
32350 0.000029
32351 0.000025
32352 0.000007
32353 0.000028
32354 0.000019
32355 0.000011
32356 0.000026
32357 0.000044
32358 0.000042
32359 0.000014
32360 0.000013
32361 0.000008
32362 0.000012
32363 0.000007
32364 0.000006
32365 0.000023
32366 0.000020
32367 0.000031
32368 0.000015
32369 0.000018
32370 0.000017
32371 0.000019
32372 0.000023
32373 0.000010
32374 0.000015
32375 0.000019
32376 0.000013
32377 0.000007
32378 0.000012
32379 0.000029
32380 0.000011
32381 0.000012
32382 0.000013
32383 0.000016
32384 0.000011
32385 0.000013
32386 0.000014
32387 0.000014
32388 0.000018
32389 0.000018
32390 0.000012
32391 0.000009
32392 0.000006
32393 0.000011
32394 0.000039
32395 0.000043
32396 0.000049
32397 0.000015
32398 0.000022
32399 0.000011
32400 0.000022
32401 0.000008
32402 0.000038
32403 0.000025
32404 0.000021
32405 0.000018
32406 0.000026
32407 0.000021
32408 0.000034
32409 0.000035
32410 0.000016
32411 0.000027
32412 0.000018
32413 0.000018
32414 0.000008
32415 0.000008
32416 0.000013
32417 0.000014
32418 0.000031
32419 0.000037
32420 0.000023
32421 0.000022
32422 0.000034
32423 0.000013
32424 0.000015
32425 0.000006
32426 0.000044
32427 0.000054
32428 0.000025
32429 0.000056
32430 0.000054
32431 0.000022
32432 0.000012
32433 0.000018
32434 0.000022
32435 0.000023
32436 0.000034
32437 0.000023
32438 0.000027
32439 0.000012
32440 0.000015
32441 0.000008
32442 0.000004
32443 0.000015
32444 0.000013
32445 0.000041
32446 0.000033
32447 0.000031
32448 0.000018
32449 0.000018
32450 0.000014
32451 0.000019
32452 0.000036
32453 0.000030
32454 0.000034
32455 0.000010
32456 0.000012
32457 0.000010
32458 0.000018
32459 0.000028
32460 0.000011
32461 0.000012
32462 0.000019
32463 0.000015
32464 0.000019
32465 0.000018
32466 0.000026
32467 0.000028
32468 0.000034
32469 0.000023
32470 0.000029
32471 0.000017
32472 0.000016
32473 0.000012
32474 0.000010
32475 0.000006
32476 0.000005
32477 0.000012
32478 0.000008
32479 0.000017
32480 0.000019
32481 0.000011
32482 0.000010
32483 0.000014
32484 0.000043
32485 0.000023
32486 0.000027
32487 0.000021
32488 0.000015
32489 0.000018
32490 0.000031
32491 0.000026
32492 0.000020
32493 0.000034
32494 0.000010
32495 0.000015
32496 0.000009
32497 0.000029
32498 0.000012
32499 0.000008
32500 0.000005
32501 0.000015
32502 0.000009
32503 0.000005
32504 0.000017
32505 0.000021
32506 0.000030
32507 0.000038
32508 0.000022
32509 0.000026
32510 0.000014
32511 0.000010
32512 0.000021
32513 0.000018
32514 0.000014
32515 0.000026
32516 0.000010
32517 0.000044
32518 0.000022
32519 0.000039
32520 0.000022
32521 0.000021
32522 0.000021
32523 0.000014
32524 0.000022
32525 0.000017
32526 0.000022
32527 0.000021
32528 0.000021
32529 0.000024
32530 0.000020
32531 0.000019
32532 0.000027
32533 0.000039
32534 0.000037
32535 0.000044
32536 0.000041
32537 0.000031
32538 0.000025
32539 0.000029
32540 0.000012
32541 0.000013
32542 0.000044
32543 0.000022
32544 0.000018
32545 0.000018
32546 0.000010
32547 0.000012
32548 0.000006
32549 0.000013
32550 0.000008
32551 0.000020
32552 0.000020
32553 0.000007
32554 0.000015
32555 0.000021
32556 0.000029
32557 0.000019
32558 0.000009
32559 0.000022
32560 0.000009
32561 0.000011
32562 0.000034
32563 0.000010
32564 0.000022
32565 0.000044
32566 0.000021
32567 0.000021
32568 0.000017
32569 0.000015
32570 0.000018
32571 0.000008
32572 0.000010
32573 0.000008
32574 0.000022
32575 0.000026
32576 0.000028
32577 0.000032
32578 0.000022
32579 0.000024
32580 0.000026
32581 0.000030
32582 0.000041
32583 0.000022
32584 0.000014
32585 0.000016
32586 0.000021
32587 0.000027
32588 0.000010
32589 0.000014
32590 0.000014
32591 0.000015
32592 0.000006
32593 0.000026
32594 0.000035
32595 0.000041
32596 0.000020
32597 0.000028
32598 0.000027
32599 0.000023
32600 0.000031
32601 0.000013
32602 0.000015
32603 0.000009
32604 0.000021
32605 0.000015
32606 0.000014
32607 0.000023
32608 0.000017
32609 0.000025
32610 0.000023
32611 0.000015
32612 0.000012
32613 0.000018
32614 0.000012
32615 0.000010
32616 0.000014
32617 0.000007
32618 0.000016
32619 0.000027
32620 0.000038
32621 0.000047
32622 0.000050
32623 0.000024
32624 0.000012
32625 0.000010
32626 0.000007
32627 0.000016
32628 0.000033
32629 0.000032
32630 0.000025
32631 0.000020
32632 0.000016
32633 0.000010
32634 0.000016
32635 0.000016
32636 0.000010
32637 0.000007
32638 0.000005
32639 0.000014
32640 0.000024
32641 0.000013
32642 0.000028
32643 0.000008
32644 0.000031
32645 0.000036
32646 0.000022
32647 0.000029
32648 0.000014
32649 0.000017
32650 0.000019
32651 0.000031
32652 0.000041
32653 0.000038
32654 0.000021
32655 0.000018
32656 0.000029
32657 0.000026
32658 0.000015
32659 0.000012
32660 0.000013
32661 0.000022
32662 0.000018
32663 0.000016
32664 0.000035
32665 0.000020
32666 0.000011
32667 0.000023
32668 0.000018
32669 0.000073
32670 0.000014
32671 0.000025
32672 0.000031
32673 0.000020
32674 0.000020
32675 0.000021
32676 0.000012
32677 0.000016
32678 0.000007
32679 0.000020
32680 0.000012
32681 0.000006
32682 0.000009
32683 0.000006
32684 0.000014
32685 0.000030
32686 0.000022
32687 0.000010
32688 0.000005
32689 0.000011
32690 0.000007
32691 0.000025
32692 0.000014
32693 0.000007
32694 0.000031
32695 0.000038
32696 0.000027
32697 0.000033
32698 0.000026
32699 0.000016
32700 0.000008
32701 0.000023
32702 0.000027
32703 0.000028
32704 0.000039
32705 0.000037
32706 0.000030
32707 0.000018
32708 0.000016
32709 0.000017
32710 0.000008
32711 0.000022
32712 0.000014
32713 0.000013
32714 0.000025
32715 0.000035
32716 0.000035
32717 0.000021
32718 0.000040
32719 0.000010
32720 0.000008
32721 0.000008
32722 0.000010
32723 0.000010
32724 0.000030
32725 0.000025
32726 0.000031
32727 0.000026
32728 0.000025
32729 0.000010
32730 0.000028
32731 0.000021
32732 0.000023
32733 0.000015
32734 0.000010
32735 0.000011
32736 0.000013
32737 0.000031
32738 0.000039
32739 0.000030
32740 0.000016
32741 0.000014
32742 0.000030
32743 0.000020
32744 0.000021
32745 0.000053
32746 0.000033
32747 0.000036
32748 0.000034
32749 0.000024
32750 0.000029
32751 0.000019
32752 0.000008
32753 0.000012
32754 0.000013
32755 0.000014
32756 0.000021
32757 0.000014
32758 0.000016
32759 0.000036
32760 0.000013
32761 0.000016
32762 0.000008
32763 0.000008
32764 0.000010
32765 0.000012
32766 0.000039
32767 0.000025
32768 0.000017
32769 0.000015
32770 0.000013
32771 0.000009
32772 0.000011
32773 0.000017
32774 0.000012
32775 0.000012
32776 0.000016
32777 0.000018
32778 0.000011
32779 0.000015
32780 0.000009
32781 0.000011
32782 0.000014
32783 0.000017
32784 0.000011
32785 0.000009
32786 0.000011
32787 0.000027
32788 0.000012
32789 0.000028
32790 0.000028
32791 0.000027
32792 0.000011
32793 0.000032
32794 0.000046
32795 0.000025
32796 0.000052
32797 0.000033
32798 0.000046
32799 0.000051
32800 0.000027
32801 0.000018
32802 0.000019
32803 0.000015
32804 0.000006
32805 0.000006
32806 0.000004
32807 0.000020
32808 0.000009
32809 0.000021
32810 0.000024
32811 0.000024
32812 0.000016
32813 0.000008
32814 0.000009
32815 0.000018
32816 0.000013
32817 0.000021
32818 0.000027
32819 0.000026
32820 0.000032
32821 0.000018
32822 0.000022
32823 0.000010
32824 0.000017
32825 0.000031
32826 0.000052
32827 0.000050
32828 0.000032
32829 0.000019
32830 0.000011
32831 0.000013
32832 0.000032
32833 0.000019
32834 0.000034
32835 0.000014
32836 0.000042
32837 0.000043
32838 0.000021
32839 0.000015
32840 0.000006
32841 0.000038
32842 0.000037
32843 0.000019
32844 0.000032
32845 0.000027
32846 0.000025
32847 0.000045
32848 0.000065
32849 0.000036
32850 0.000027
32851 0.000028
32852 0.000014
32853 0.000018
32854 0.000011
32855 0.000016
32856 0.000015
32857 0.000013
32858 0.000019
32859 0.000026
32860 0.000016
32861 0.000021
32862 0.000022
32863 0.000016
32864 0.000024
32865 0.000032
32866 0.000011
32867 0.000015
32868 0.000008
32869 0.000012
32870 0.000019
32871 0.000015
32872 0.000005
32873 0.000005
32874 0.000011
32875 0.000009
32876 0.000005
32877 0.000005
32878 0.000004
32879 0.000012
32880 0.000013
32881 0.000013
32882 0.000016
32883 0.000025
32884 0.000021
32885 0.000017
32886 0.000024
32887 0.000008
32888 0.000006
32889 0.000014
32890 0.000009
32891 0.000010
32892 0.000030
32893 0.000022
32894 0.000034
32895 0.000028
32896 0.000013
32897 0.000009
32898 0.000018
32899 0.000016
32900 0.000006
32901 0.000009
32902 0.000017
32903 0.000028
32904 0.000024
32905 0.000013
32906 0.000006
32907 0.000031
32908 0.000016
32909 0.000037
32910 0.000024
32911 0.000025
32912 0.000015
32913 0.000018
32914 0.000022
32915 0.000023
32916 0.000008
32917 0.000012
32918 0.000060
32919 0.000015
32920 0.000034
32921 0.000021
32922 0.000031
32923 0.000027
32924 0.000023
32925 0.000026
32926 0.000029
32927 0.000020
32928 0.000011
32929 0.000017
32930 0.000020
32931 0.000027
32932 0.000026
32933 0.000010
32934 0.000009
32935 0.000012
32936 0.000034
32937 0.000037
32938 0.000017
32939 0.000045
32940 0.000022
32941 0.000013
32942 0.000010
32943 0.000019
32944 0.000028
32945 0.000021
32946 0.000025
32947 0.000065
32948 0.000027
32949 0.000032
32950 0.000021
32951 0.000008
32952 0.000005
32953 0.000014
32954 0.000009
32955 0.000020
32956 0.000040
32957 0.000029
32958 0.000015
32959 0.000009
32960 0.000004
32961 0.000014
32962 0.000021
32963 0.000028
32964 0.000028
32965 0.000015
32966 0.000006
32967 0.000022
32968 0.000024
32969 0.000034
32970 0.000036
32971 0.000011
32972 0.000032
32973 0.000020
32974 0.000025
32975 0.000012
32976 0.000015
32977 0.000024
32978 0.000024
32979 0.000016
32980 0.000010
32981 0.000010
32982 0.000009
32983 0.000031
32984 0.000016
32985 0.000008
32986 0.000015
32987 0.000030
32988 0.000016
32989 0.000019
32990 0.000016
32991 0.000028
32992 0.000015
32993 0.000007
32994 0.000010
32995 0.000025
32996 0.000013
32997 0.000008
32998 0.000015
32999 0.000017
33000 0.000030
33001 0.000019
33002 0.000008
33003 0.000005
33004 0.000015
33005 0.000014
33006 0.000009
33007 0.000012
33008 0.000029
33009 0.000021
33010 0.000023
33011 0.000009
33012 0.000010
33013 0.000025
33014 0.000035
33015 0.000018
33016 0.000009
33017 0.000020
33018 0.000031
33019 0.000027
33020 0.000019
33021 0.000060
33022 0.000034
33023 0.000057
33024 0.000043
33025 0.000034
33026 0.000041
33027 0.000026
33028 0.000035
33029 0.000032
33030 0.000013
33031 0.000024
33032 0.000036
33033 0.000027
33034 0.000028
33035 0.000018
33036 0.000020
33037 0.000037
33038 0.000035
33039 0.000043
33040 0.000027
33041 0.000025
33042 0.000017
33043 0.000018
33044 0.000038
33045 0.000011
33046 0.000016
33047 0.000030
33048 0.000052
33049 0.000031
33050 0.000024
33051 0.000027
33052 0.000023
33053 0.000013
33054 0.000006
33055 0.000017
33056 0.000010
33057 0.000014
33058 0.000025
33059 0.000030
33060 0.000039
33061 0.000039
33062 0.000028
33063 0.000028
33064 0.000013
33065 0.000015
33066 0.000017
33067 0.000013
33068 0.000011
33069 0.000024
33070 0.000028
33071 0.000007
33072 0.000019
33073 0.000016
33074 0.000016
33075 0.000034
33076 0.000019
33077 0.000021
33078 0.000016
33079 0.000029
33080 0.000040
33081 0.000043
33082 0.000047
33083 0.000057
33084 0.000022
33085 0.000040
33086 0.000015
33087 0.000016
33088 0.000038
33089 0.000027
33090 0.000014
33091 0.000021
33092 0.000008
33093 0.000031
33094 0.000016
33095 0.000009
33096 0.000020
33097 0.000010
33098 0.000012
33099 0.000023
33100 0.000032
33101 0.000027
33102 0.000032
33103 0.000015
33104 0.000023
33105 0.000033
33106 0.000015
33107 0.000041
33108 0.000032
33109 0.000013
33110 0.000024
33111 0.000016
33112 0.000015
33113 0.000015
33114 0.000020
33115 0.000037
33116 0.000050
33117 0.000028
33118 0.000030
33119 0.000009
33120 0.000008
33121 0.000022
33122 0.000016
33123 0.000011
33124 0.000008
33125 0.000009
33126 0.000013
33127 0.000017
33128 0.000033
33129 0.000021
33130 0.000026
33131 0.000025
33132 0.000017
33133 0.000008
33134 0.000016
33135 0.000018
33136 0.000014
33137 0.000016
33138 0.000022
33139 0.000016
33140 0.000020
33141 0.000017
33142 0.000026
33143 0.000032
33144 0.000023
33145 0.000008
33146 0.000023
33147 0.000023
33148 0.000028
33149 0.000029
33150 0.000035
33151 0.000028
33152 0.000035
33153 0.000030
33154 0.000022
33155 0.000018
33156 0.000017
33157 0.000030
33158 0.000050
33159 0.000038
33160 0.000036
33161 0.000026
33162 0.000016
33163 0.000008
33164 0.000027
33165 0.000030
33166 0.000025
33167 0.000030
33168 0.000037
33169 0.000014
33170 0.000035
33171 0.000027
33172 0.000031
33173 0.000018
33174 0.000014
33175 0.000009
33176 0.000026
33177 0.000021
33178 0.000028
33179 0.000010
33180 0.000008
33181 0.000021
33182 0.000028
33183 0.000026
33184 0.000020
33185 0.000014
33186 0.000027
33187 0.000019
33188 0.000024
33189 0.000011
33190 0.000018
33191 0.000038
33192 0.000020
33193 0.000016
33194 0.000021
33195 0.000016
33196 0.000035
33197 0.000022
33198 0.000016
33199 0.000012
33200 0.000018
33201 0.000031
33202 0.000016
33203 0.000012
33204 0.000010
33205 0.000011
33206 0.000017
33207 0.000017
33208 0.000013
33209 0.000019
33210 0.000025
33211 0.000015
33212 0.000010
33213 0.000013
33214 0.000016
33215 0.000010
33216 0.000027
33217 0.000019
33218 0.000021
33219 0.000014
33220 0.000015
33221 0.000014
33222 0.000022
33223 0.000014
33224 0.000020
33225 0.000042
33226 0.000048
33227 0.000041
33228 0.000014
33229 0.000015
33230 0.000009
33231 0.000014
33232 0.000007
33233 0.000015
33234 0.000017
33235 0.000045
33236 0.000028
33237 0.000011
33238 0.000015
33239 0.000007
33240 0.000012
33241 0.000027
33242 0.000010
33243 0.000017
33244 0.000020
33245 0.000022
33246 0.000022
33247 0.000020
33248 0.000011
33249 0.000042
33250 0.000041
33251 0.000026
33252 0.000030
33253 0.000025
33254 0.000026
33255 0.000013
33256 0.000008
33257 0.000005
33258 0.000010
33259 0.000007
33260 0.000009
33261 0.000023
33262 0.000035
33263 0.000029
33264 0.000026
33265 0.000034
33266 0.000020
33267 0.000009
33268 0.000030
33269 0.000028
33270 0.000044
33271 0.000026
33272 0.000015
33273 0.000026
33274 0.000027
33275 0.000029
33276 0.000016
33277 0.000006
33278 0.000008
33279 0.000011
33280 0.000005
33281 0.000006
33282 0.000012
33283 0.000016
33284 0.000011
33285 0.000019
33286 0.000036
33287 0.000015
33288 0.000021
33289 0.000045
33290 0.000026
33291 0.000030
33292 0.000014
33293 0.000033
33294 0.000016
33295 0.000014
33296 0.000009
33297 0.000008
33298 0.000021
33299 0.000013
33300 0.000033
33301 0.000021
33302 0.000009
33303 0.000006
33304 0.000012
33305 0.000014
33306 0.000024
33307 0.000013
33308 0.000026
33309 0.000011
33310 0.000032
33311 0.000030
33312 0.000019
33313 0.000023
33314 0.000013
33315 0.000009
33316 0.000017
33317 0.000031
33318 0.000042
33319 0.000050
33320 0.000017
33321 0.000019
33322 0.000031
33323 0.000030
33324 0.000021
33325 0.000013
33326 0.000010
33327 0.000013
33328 0.000020
33329 0.000031
33330 0.000038
33331 0.000038
33332 0.000025
33333 0.000025
33334 0.000015
33335 0.000033
33336 0.000029
33337 0.000015
33338 0.000007
33339 0.000006
33340 0.000008
33341 0.000022
33342 0.000014
33343 0.000028
33344 0.000018
33345 0.000014
33346 0.000027
33347 0.000021
33348 0.000023
33349 0.000042
33350 0.000018
33351 0.000014
33352 0.000024
33353 0.000035
33354 0.000021
33355 0.000012
33356 0.000029
33357 0.000023
33358 0.000038
33359 0.000017
33360 0.000008
33361 0.000010
33362 0.000006
33363 0.000008
33364 0.000010
33365 0.000009
33366 0.000012
33367 0.000022
33368 0.000021
33369 0.000016
33370 0.000026
33371 0.000027
33372 0.000009
33373 0.000024
33374 0.000024
33375 0.000012
33376 0.000006
33377 0.000021
33378 0.000013
33379 0.000023
33380 0.000035
33381 0.000011
33382 0.000016
33383 0.000029
33384 0.000009
33385 0.000007
33386 0.000036
33387 0.000038
33388 0.000014
33389 0.000020
33390 0.000014
33391 0.000007
33392 0.000029
33393 0.000021
33394 0.000031
33395 0.000012
33396 0.000014
33397 0.000006
33398 0.000014
33399 0.000011
33400 0.000021
33401 0.000037
33402 0.000030
33403 0.000045
33404 0.000044
33405 0.000019
33406 0.000037
33407 0.000019
33408 0.000011
33409 0.000018
33410 0.000014
33411 0.000023
33412 0.000020
33413 0.000018
33414 0.000007
33415 0.000030
33416 0.000018
33417 0.000016
33418 0.000021
33419 0.000024
33420 0.000015
33421 0.000031
33422 0.000023
33423 0.000018
33424 0.000021
33425 0.000009
33426 0.000015
33427 0.000010
33428 0.000032
33429 0.000012
33430 0.000017
33431 0.000008
33432 0.000021
33433 0.000018
33434 0.000013
33435 0.000008
33436 0.000014
33437 0.000019
33438 0.000034
33439 0.000014
33440 0.000016
33441 0.000022
33442 0.000009
33443 0.000011
33444 0.000019
33445 0.000019
33446 0.000025
33447 0.000026
33448 0.000018
33449 0.000023
33450 0.000022
33451 0.000043
33452 0.000029
33453 0.000011
33454 0.000006
33455 0.000006
33456 0.000005
33457 0.000009
33458 0.000015
33459 0.000015
33460 0.000024
33461 0.000007
33462 0.000012
33463 0.000020
33464 0.000019
33465 0.000012
33466 0.000036
33467 0.000044
33468 0.000046
33469 0.000019
33470 0.000013
33471 0.000026
33472 0.000009
33473 0.000023
33474 0.000016
33475 0.000018
33476 0.000021
33477 0.000018
33478 0.000018
33479 0.000020
33480 0.000022
33481 0.000012
33482 0.000017
33483 0.000031
33484 0.000017
33485 0.000010
33486 0.000027
33487 0.000018
33488 0.000022
33489 0.000020
33490 0.000011
33491 0.000009
33492 0.000027
33493 0.000022
33494 0.000024
33495 0.000053
33496 0.000026
33497 0.000014
33498 0.000012
33499 0.000014
33500 0.000009
33501 0.000006
33502 0.000016
33503 0.000006
33504 0.000014
33505 0.000010
33506 0.000014
33507 0.000014
33508 0.000019
33509 0.000014
33510 0.000024
33511 0.000023
33512 0.000017
33513 0.000010
33514 0.000047
33515 0.000059
33516 0.000033
33517 0.000054
33518 0.000021
33519 0.000013
33520 0.000010
33521 0.000018
33522 0.000022
33523 0.000016
33524 0.000011
33525 0.000015
33526 0.000031
33527 0.000013
33528 0.000012
33529 0.000016
33530 0.000018
33531 0.000011
33532 0.000014
33533 0.000012
33534 0.000014
33535 0.000035
33536 0.000029
33537 0.000010
33538 0.000018
33539 0.000012
33540 0.000023
33541 0.000029
33542 0.000019
33543 0.000024
33544 0.000017
33545 0.000022
33546 0.000011
33547 0.000016
33548 0.000030
33549 0.000036
33550 0.000052
33551 0.000044
33552 0.000028
33553 0.000014
33554 0.000022
33555 0.000038
33556 0.000023
33557 0.000014
33558 0.000024
33559 0.000029
33560 0.000021
33561 0.000011
33562 0.000019
33563 0.000013
33564 0.000014
33565 0.000017
33566 0.000041
33567 0.000035
33568 0.000018
33569 0.000019
33570 0.000026
33571 0.000033
33572 0.000043
33573 0.000044
33574 0.000047
33575 0.000026
33576 0.000017
33577 0.000022
33578 0.000017
33579 0.000019
33580 0.000015
33581 0.000016
33582 0.000011
33583 0.000017
33584 0.000019
33585 0.000023
33586 0.000031
33587 0.000018
33588 0.000037
33589 0.000029
33590 0.000012
33591 0.000008
33592 0.000007
33593 0.000004
33594 0.000024
33595 0.000023
33596 0.000006
33597 0.000028
33598 0.000026
33599 0.000009
33600 0.000017
33601 0.000013
33602 0.000022
33603 0.000022
33604 0.000012
33605 0.000011
33606 0.000032
33607 0.000030
33608 0.000017
33609 0.000008
33610 0.000022
33611 0.000017
33612 0.000011
33613 0.000010
33614 0.000014
33615 0.000015
33616 0.000037
33617 0.000010
33618 0.000004
33619 0.000016
33620 0.000010
33621 0.000011
33622 0.000023
33623 0.000057
33624 0.000027
33625 0.000022
33626 0.000032
33627 0.000043
33628 0.000069
33629 0.000018
33630 0.000014
33631 0.000018
33632 0.000018
33633 0.000013
33634 0.000021
33635 0.000027
33636 0.000035
33637 0.000036
33638 0.000027
33639 0.000013
33640 0.000007
33641 0.000006
33642 0.000006
33643 0.000004
33644 0.000004
33645 0.000021
33646 0.000021
33647 0.000028
33648 0.000019
33649 0.000025
33650 0.000013
33651 0.000005
33652 0.000016
33653 0.000016
33654 0.000009
33655 0.000006
33656 0.000023
33657 0.000014
33658 0.000013
33659 0.000012
33660 0.000019
33661 0.000037
33662 0.000032
33663 0.000018
33664 0.000018
33665 0.000028
33666 0.000031
33667 0.000013
33668 0.000035
33669 0.000033
33670 0.000017
33671 0.000010
33672 0.000008
33673 0.000012
33674 0.000018
33675 0.000030
33676 0.000049
33677 0.000030
33678 0.000014
33679 0.000009
33680 0.000016
33681 0.000018
33682 0.000037
33683 0.000039
33684 0.000027
33685 0.000037
33686 0.000021
33687 0.000021
33688 0.000018
33689 0.000027
33690 0.000017
33691 0.000013
33692 0.000008
33693 0.000027
33694 0.000014
33695 0.000019
33696 0.000020
33697 0.000009
33698 0.000005
33699 0.000011
33700 0.000017
33701 0.000017
33702 0.000023
33703 0.000020
33704 0.000025
33705 0.000020
33706 0.000010
33707 0.000020
33708 0.000011
33709 0.000036
33710 0.000046
33711 0.000023
33712 0.000014
33713 0.000028
33714 0.000030
33715 0.000028
33716 0.000028
33717 0.000029
33718 0.000020
33719 0.000022
33720 0.000019
33721 0.000027
33722 0.000044
33723 0.000044
33724 0.000019
33725 0.000031
33726 0.000034
33727 0.000020
33728 0.000021
33729 0.000012
33730 0.000015
33731 0.000013
33732 0.000010
33733 0.000026
33734 0.000027
33735 0.000025
33736 0.000012
33737 0.000017
33738 0.000020
33739 0.000018
33740 0.000033
33741 0.000020
33742 0.000006
33743 0.000012
33744 0.000013
33745 0.000016
33746 0.000013
33747 0.000018
33748 0.000014
33749 0.000024
33750 0.000018
33751 0.000011
33752 0.000011
33753 0.000008
33754 0.000008
33755 0.000006
33756 0.000013
33757 0.000014
33758 0.000014
33759 0.000016
33760 0.000024
33761 0.000020
33762 0.000016
33763 0.000027
33764 0.000011
33765 0.000007
33766 0.000013
33767 0.000018
33768 0.000013
33769 0.000038
33770 0.000033
33771 0.000021
33772 0.000028
33773 0.000017
33774 0.000011
33775 0.000014
33776 0.000017
33777 0.000016
33778 0.000022
33779 0.000028
33780 0.000025
33781 0.000021
33782 0.000031
33783 0.000026
33784 0.000007
33785 0.000017
33786 0.000015
33787 0.000025
33788 0.000017
33789 0.000008
33790 0.000027
33791 0.000016
33792 0.000016
33793 0.000021
33794 0.000017
33795 0.000019
33796 0.000021
33797 0.000013
33798 0.000027
33799 0.000023
33800 0.000018
33801 0.000020
33802 0.000013
33803 0.000009
33804 0.000009
33805 0.000012
33806 0.000010
33807 0.000012
33808 0.000007
33809 0.000014
33810 0.000009
33811 0.000007
33812 0.000009
33813 0.000021
33814 0.000038
33815 0.000036
33816 0.000028
33817 0.000026
33818 0.000028
33819 0.000040
33820 0.000029
33821 0.000009
33822 0.000009
33823 0.000025
33824 0.000050
33825 0.000011
33826 0.000025
33827 0.000026
33828 0.000017
33829 0.000018
33830 0.000026
33831 0.000032
33832 0.000017
33833 0.000018
33834 0.000025
33835 0.000018
33836 0.000012
33837 0.000020
33838 0.000032
33839 0.000024
33840 0.000027
33841 0.000033
33842 0.000015
33843 0.000011
33844 0.000008
33845 0.000005
33846 0.000008
33847 0.000025
33848 0.000010
33849 0.000028
33850 0.000032
33851 0.000026
33852 0.000042
33853 0.000034
33854 0.000019
33855 0.000008
33856 0.000022
33857 0.000029
33858 0.000020
33859 0.000028
33860 0.000011
33861 0.000016
33862 0.000017
33863 0.000007
33864 0.000036
33865 0.000047
33866 0.000022
33867 0.000007
33868 0.000030
33869 0.000021
33870 0.000034
33871 0.000016
33872 0.000009
33873 0.000029
33874 0.000038
33875 0.000017
33876 0.000008
33877 0.000007
33878 0.000005
33879 0.000020
33880 0.000037
33881 0.000030
33882 0.000016
33883 0.000014
33884 0.000022
33885 0.000008
33886 0.000010
33887 0.000023
33888 0.000024
33889 0.000012
33890 0.000024
33891 0.000015
33892 0.000026
33893 0.000041
33894 0.000030
33895 0.000035
33896 0.000025
33897 0.000008
33898 0.000032
33899 0.000029
33900 0.000039
33901 0.000040
33902 0.000012
33903 0.000006
33904 0.000005
33905 0.000015
33906 0.000012
33907 0.000010
33908 0.000026
33909 0.000025
33910 0.000029
33911 0.000019
33912 0.000025
33913 0.000028
33914 0.000014
33915 0.000019
33916 0.000033
33917 0.000016
33918 0.000018
33919 0.000020
33920 0.000009
33921 0.000023
33922 0.000012
33923 0.000033
33924 0.000012
33925 0.000009
33926 0.000023
33927 0.000010
33928 0.000023
33929 0.000034
33930 0.000039
33931 0.000038
33932 0.000019
33933 0.000027
33934 0.000044
33935 0.000041
33936 0.000040
33937 0.000021
33938 0.000015
33939 0.000023
33940 0.000029
33941 0.000023
33942 0.000010
33943 0.000006
33944 0.000025
33945 0.000016
33946 0.000013
33947 0.000011
33948 0.000016
33949 0.000021
33950 0.000016
33951 0.000013
33952 0.000009
33953 0.000019
33954 0.000011
33955 0.000023
33956 0.000016
33957 0.000020
33958 0.000012
33959 0.000029
33960 0.000017
33961 0.000011
33962 0.000027
33963 0.000026
33964 0.000014
33965 0.000009
33966 0.000006
33967 0.000006
33968 0.000031
33969 0.000021
33970 0.000021
33971 0.000020
33972 0.000022
33973 0.000021
33974 0.000021
33975 0.000024
33976 0.000037
33977 0.000014
33978 0.000014
33979 0.000017
33980 0.000009
33981 0.000007
33982 0.000019
33983 0.000016
33984 0.000011
33985 0.000020
33986 0.000021
33987 0.000022
33988 0.000016
33989 0.000021
33990 0.000025
33991 0.000017
33992 0.000025
33993 0.000016
33994 0.000030
33995 0.000020
33996 0.000026
33997 0.000019
33998 0.000011
33999 0.000005
34000 0.000006
34001 0.000014
34002 0.000014
34003 0.000015
34004 0.000029
34005 0.000025
34006 0.000024
34007 0.000028
34008 0.000025
34009 0.000048
34010 0.000060
34011 0.000021
34012 0.000016
34013 0.000010
34014 0.000006
34015 0.000007
34016 0.000020
34017 0.000008
34018 0.000022
34019 0.000022
34020 0.000019
34021 0.000021
34022 0.000016
34023 0.000039
34024 0.000036
34025 0.000009
34026 0.000008
34027 0.000021
34028 0.000010
34029 0.000018
34030 0.000025
34031 0.000020
34032 0.000006
34033 0.000018
34034 0.000014
34035 0.000024
34036 0.000014
34037 0.000018
34038 0.000020
34039 0.000041
34040 0.000035
34041 0.000014
34042 0.000014
34043 0.000024
34044 0.000015
34045 0.000015
34046 0.000023
34047 0.000011
34048 0.000014
34049 0.000010
34050 0.000025
34051 0.000047
34052 0.000022
34053 0.000018
34054 0.000014
34055 0.000008
34056 0.000023
34057 0.000022
34058 0.000018
34059 0.000016
34060 0.000023
34061 0.000009
34062 0.000015
34063 0.000026
34064 0.000023
34065 0.000025
34066 0.000008
34067 0.000025
34068 0.000038
34069 0.000021
34070 0.000016
34071 0.000038
34072 0.000017
34073 0.000010
34074 0.000014
34075 0.000005
34076 0.000021
34077 0.000020
34078 0.000010
34079 0.000011
34080 0.000019
34081 0.000018
34082 0.000027
34083 0.000020
34084 0.000012
34085 0.000017
34086 0.000021
34087 0.000013
34088 0.000024
34089 0.000010
34090 0.000017
34091 0.000014
34092 0.000010
34093 0.000007
34094 0.000015
34095 0.000013
34096 0.000019
34097 0.000018
34098 0.000017
34099 0.000021
34100 0.000023
34101 0.000019
34102 0.000010
34103 0.000011
34104 0.000008
34105 0.000014
34106 0.000012
34107 0.000012
34108 0.000008
34109 0.000010
34110 0.000006
34111 0.000020
34112 0.000009
34113 0.000005
34114 0.000009
34115 0.000009
34116 0.000017
34117 0.000008
34118 0.000005
34119 0.000018
34120 0.000015
34121 0.000026
34122 0.000028
34123 0.000027
34124 0.000041
34125 0.000018
34126 0.000012
34127 0.000023
34128 0.000025
34129 0.000026
34130 0.000025
34131 0.000026
34132 0.000020
34133 0.000010
34134 0.000014
34135 0.000026
34136 0.000027
34137 0.000022
34138 0.000014
34139 0.000025
34140 0.000015
34141 0.000008
34142 0.000013
34143 0.000026
34144 0.000007
34145 0.000016
34146 0.000008
34147 0.000012
34148 0.000026
34149 0.000026
34150 0.000012
34151 0.000030
34152 0.000037
34153 0.000062
34154 0.000035
34155 0.000023
34156 0.000029
34157 0.000010
34158 0.000008
34159 0.000005
34160 0.000004
34161 0.000011
34162 0.000010
34163 0.000020
34164 0.000016
34165 0.000029
34166 0.000035
34167 0.000013
34168 0.000007
34169 0.000016
34170 0.000033
34171 0.000024
34172 0.000047
34173 0.000029
34174 0.000024
34175 0.000027
34176 0.000012
34177 0.000011
34178 0.000016
34179 0.000023
34180 0.000043
34181 0.000022
34182 0.000053
34183 0.000023
34184 0.000038
34185 0.000022
34186 0.000012
34187 0.000013
34188 0.000011
34189 0.000007
34190 0.000006
34191 0.000006
34192 0.000008
34193 0.000024
34194 0.000007
34195 0.000004
34196 0.000019
34197 0.000013
34198 0.000014
34199 0.000008
34200 0.000011
34201 0.000021
34202 0.000010
34203 0.000014
34204 0.000007
34205 0.000014
34206 0.000021
34207 0.000021
34208 0.000027
34209 0.000011
34210 0.000029
34211 0.000018
34212 0.000026
34213 0.000017
34214 0.000018
34215 0.000028
34216 0.000018
34217 0.000006
34218 0.000025
34219 0.000035
34220 0.000018
34221 0.000025
34222 0.000034
34223 0.000035
34224 0.000014
34225 0.000018
34226 0.000008
34227 0.000004
34228 0.000008
34229 0.000026
34230 0.000024
34231 0.000041
34232 0.000019
34233 0.000011
34234 0.000015
34235 0.000022
34236 0.000030
34237 0.000035
34238 0.000024
34239 0.000024
34240 0.000026
34241 0.000023
34242 0.000032
34243 0.000030
34244 0.000017
34245 0.000032
34246 0.000030
34247 0.000020
34248 0.000008
34249 0.000013
34250 0.000020
34251 0.000021
34252 0.000023
34253 0.000013
34254 0.000035
34255 0.000022
34256 0.000008
34257 0.000014
34258 0.000026
34259 0.000023
34260 0.000010
34261 0.000017
34262 0.000017
34263 0.000007
34264 0.000006
34265 0.000017
34266 0.000006
34267 0.000012
34268 0.000013
34269 0.000016
34270 0.000014
34271 0.000016
34272 0.000031
34273 0.000016
34274 0.000010
34275 0.000029
34276 0.000024
34277 0.000022
34278 0.000020
34279 0.000007
34280 0.000023
34281 0.000018
34282 0.000033
34283 0.000018
34284 0.000010
34285 0.000016
34286 0.000013
34287 0.000005
34288 0.000020
34289 0.000026
34290 0.000022
34291 0.000023
34292 0.000042
34293 0.000014
34294 0.000009
34295 0.000016
34296 0.000013
34297 0.000014
34298 0.000006
34299 0.000030
34300 0.000019
34301 0.000042
34302 0.000039
34303 0.000017
34304 0.000015
34305 0.000021
34306 0.000006
34307 0.000006
34308 0.000024
34309 0.000037
34310 0.000026
34311 0.000027
34312 0.000018
34313 0.000023
34314 0.000046
34315 0.000021
34316 0.000021
34317 0.000034
34318 0.000026
34319 0.000010
34320 0.000014
34321 0.000016
34322 0.000022
34323 0.000009
34324 0.000006
34325 0.000011
34326 0.000023
34327 0.000014
34328 0.000018
34329 0.000010
34330 0.000014
34331 0.000043
34332 0.000024
34333 0.000027
34334 0.000036
34335 0.000026
34336 0.000047
34337 0.000035
34338 0.000018
34339 0.000022
34340 0.000020
34341 0.000014
34342 0.000031
34343 0.000021
34344 0.000017
34345 0.000008
34346 0.000014
34347 0.000011
34348 0.000005
34349 0.000031
34350 0.000040
34351 0.000020
34352 0.000009
34353 0.000016
34354 0.000026
34355 0.000033
34356 0.000026
34357 0.000014
34358 0.000021
34359 0.000015
34360 0.000013
34361 0.000011
34362 0.000009
34363 0.000027
34364 0.000026
34365 0.000009
34366 0.000017
34367 0.000014
34368 0.000011
34369 0.000008
34370 0.000010
34371 0.000005
34372 0.000014
34373 0.000010
34374 0.000014
34375 0.000009
34376 0.000009
34377 0.000012
34378 0.000009
34379 0.000014
34380 0.000017
34381 0.000013
34382 0.000012
34383 0.000033
34384 0.000010
34385 0.000011
34386 0.000022
34387 0.000024
34388 0.000013
34389 0.000016
34390 0.000031
34391 0.000017
34392 0.000025
34393 0.000013
34394 0.000016
34395 0.000012
34396 0.000005
34397 0.000017
34398 0.000006
34399 0.000007
34400 0.000016
34401 0.000023
34402 0.000034
34403 0.000010
34404 0.000008
34405 0.000005
34406 0.000007
34407 0.000007
34408 0.000024
34409 0.000008
34410 0.000010
34411 0.000017
34412 0.000013
34413 0.000017
34414 0.000009
34415 0.000007
34416 0.000011
34417 0.000005
34418 0.000012
34419 0.000022
34420 0.000009
34421 0.000010
34422 0.000020
34423 0.000032
34424 0.000022
34425 0.000022
34426 0.000017
34427 0.000046
34428 0.000024
34429 0.000036
34430 0.000013
34431 0.000013
34432 0.000007
34433 0.000020
34434 0.000023
34435 0.000012
34436 0.000029
34437 0.000015
34438 0.000012
34439 0.000019
34440 0.000008
34441 0.000020
34442 0.000025
34443 0.000014
34444 0.000007
34445 0.000032
34446 0.000017
34447 0.000023
34448 0.000040
34449 0.000035
34450 0.000024
34451 0.000030
34452 0.000027
34453 0.000020
34454 0.000011
34455 0.000034
34456 0.000024
34457 0.000016
34458 0.000023
34459 0.000011
34460 0.000010
34461 0.000013
34462 0.000012
34463 0.000019
34464 0.000029
34465 0.000022
34466 0.000027
34467 0.000031
34468 0.000020
34469 0.000011
34470 0.000010
34471 0.000007
34472 0.000036
34473 0.000011
34474 0.000010
34475 0.000020
34476 0.000018
34477 0.000007
34478 0.000007
34479 0.000029
34480 0.000045
34481 0.000022
34482 0.000023
34483 0.000036
34484 0.000019
34485 0.000020
34486 0.000012
34487 0.000015
34488 0.000007
34489 0.000044
34490 0.000036
34491 0.000034
34492 0.000010
34493 0.000012
34494 0.000012
34495 0.000020
34496 0.000028
34497 0.000015
34498 0.000020
34499 0.000024
34500 0.000033
34501 0.000018
34502 0.000029
34503 0.000033
34504 0.000038
34505 0.000038
34506 0.000031
34507 0.000019
34508 0.000012
34509 0.000026
34510 0.000032
34511 0.000014
34512 0.000011
34513 0.000024
34514 0.000021
34515 0.000009
34516 0.000015
34517 0.000015
34518 0.000015
34519 0.000009
34520 0.000025
34521 0.000016
34522 0.000005
34523 0.000024
34524 0.000012
34525 0.000011
34526 0.000016
34527 0.000024
34528 0.000013
34529 0.000026
34530 0.000010
34531 0.000007
34532 0.000006
34533 0.000004
34534 0.000024
34535 0.000007
34536 0.000006
34537 0.000006
34538 0.000005
34539 0.000013
34540 0.000015
34541 0.000020
34542 0.000009
34543 0.000009
34544 0.000026
34545 0.000010
34546 0.000013
34547 0.000014
34548 0.000027
34549 0.000013
34550 0.000030
34551 0.000013
34552 0.000023
34553 0.000025
34554 0.000026
34555 0.000010
34556 0.000007
34557 0.000015
34558 0.000013
34559 0.000019
34560 0.000015
34561 0.000006
34562 0.000024
34563 0.000010
34564 0.000012
34565 0.000034
34566 0.000013
34567 0.000024
34568 0.000025
34569 0.000035
34570 0.000020
34571 0.000031
34572 0.000017
34573 0.000011
34574 0.000020
34575 0.000021
34576 0.000024
34577 0.000012
34578 0.000006
34579 0.000021
34580 0.000022
34581 0.000018
34582 0.000014
34583 0.000017
34584 0.000007
34585 0.000005
34586 0.000036
34587 0.000037
34588 0.000028
34589 0.000011
34590 0.000015
34591 0.000005
34592 0.000011
34593 0.000013
34594 0.000021
34595 0.000016
34596 0.000006
34597 0.000008
34598 0.000009
34599 0.000012
34600 0.000014
34601 0.000014
34602 0.000016
34603 0.000043
34604 0.000027
34605 0.000012
34606 0.000008
34607 0.000013
34608 0.000009
34609 0.000020
34610 0.000010
34611 0.000022
34612 0.000027
34613 0.000037
34614 0.000018
34615 0.000019
34616 0.000016
34617 0.000026
34618 0.000014
34619 0.000013
34620 0.000014
34621 0.000017
34622 0.000029
34623 0.000015
34624 0.000037
34625 0.000034
34626 0.000022
34627 0.000018
34628 0.000023
34629 0.000013
34630 0.000008
34631 0.000014
34632 0.000009
34633 0.000013
34634 0.000024
34635 0.000030
34636 0.000031
34637 0.000016
34638 0.000054
34639 0.000035
34640 0.000024
34641 0.000010
34642 0.000011
34643 0.000016
34644 0.000024
34645 0.000026
34646 0.000007
34647 0.000009
34648 0.000007
34649 0.000006
34650 0.000017
34651 0.000006
34652 0.000046
34653 0.000028
34654 0.000014
34655 0.000020
34656 0.000013
34657 0.000021
34658 0.000030
34659 0.000029
34660 0.000019
34661 0.000034
34662 0.000032
34663 0.000028
34664 0.000038
34665 0.000050
34666 0.000017
34667 0.000015
34668 0.000008
34669 0.000012
34670 0.000023
34671 0.000030
34672 0.000013
34673 0.000008
34674 0.000008
34675 0.000028
34676 0.000011
34677 0.000025
34678 0.000013
34679 0.000021
34680 0.000014
34681 0.000014
34682 0.000017
34683 0.000029
34684 0.000026
34685 0.000037
34686 0.000029
34687 0.000020
34688 0.000009
34689 0.000025
34690 0.000020
34691 0.000008
34692 0.000006
34693 0.000023
34694 0.000013
34695 0.000018
34696 0.000029
34697 0.000029
34698 0.000014
34699 0.000019
34700 0.000021
34701 0.000028
34702 0.000024
34703 0.000020
34704 0.000012
34705 0.000010
34706 0.000012
34707 0.000024
34708 0.000032
34709 0.000038
34710 0.000029
34711 0.000018
34712 0.000026
34713 0.000014
34714 0.000011
34715 0.000018
34716 0.000013
34717 0.000029
34718 0.000036
34719 0.000019
34720 0.000033
34721 0.000039
34722 0.000019
34723 0.000007
34724 0.000006
34725 0.000017
34726 0.000018
34727 0.000021
34728 0.000014
34729 0.000013
34730 0.000008
34731 0.000014
34732 0.000011
34733 0.000012
34734 0.000014
34735 0.000007
34736 0.000005
34737 0.000004
34738 0.000015
34739 0.000027
34740 0.000019
34741 0.000048
34742 0.000032
34743 0.000050
34744 0.000054
34745 0.000024
34746 0.000022
34747 0.000016
34748 0.000027
34749 0.000018
34750 0.000020
34751 0.000015
34752 0.000030
34753 0.000015
34754 0.000032
34755 0.000026
34756 0.000027
34757 0.000031
34758 0.000012
34759 0.000012
34760 0.000009
34761 0.000038
34762 0.000028
34763 0.000014
34764 0.000017
34765 0.000014
34766 0.000013
34767 0.000018
34768 0.000031
34769 0.000034
34770 0.000029
34771 0.000022
34772 0.000031
34773 0.000020
34774 0.000013
34775 0.000023
34776 0.000015
34777 0.000007
34778 0.000029
34779 0.000011
34780 0.000016
34781 0.000018
34782 0.000015
34783 0.000011
34784 0.000025
34785 0.000019
34786 0.000013
34787 0.000016
34788 0.000021
34789 0.000025
34790 0.000028
34791 0.000015
34792 0.000014
34793 0.000014
34794 0.000029
34795 0.000039
34796 0.000027
34797 0.000015
34798 0.000012
34799 0.000027
34800 0.000016
34801 0.000011
34802 0.000005
34803 0.000009
34804 0.000011
34805 0.000013
34806 0.000020
34807 0.000011
34808 0.000005
34809 0.000017
34810 0.000022
34811 0.000021
34812 0.000011
34813 0.000014
34814 0.000007
34815 0.000014
34816 0.000042
34817 0.000024
34818 0.000011
34819 0.000016
34820 0.000010
34821 0.000015
34822 0.000024
34823 0.000027
34824 0.000019
34825 0.000029
34826 0.000022
34827 0.000010
34828 0.000013
34829 0.000018
34830 0.000037
34831 0.000025
34832 0.000007
34833 0.000016
34834 0.000051
34835 0.000036
34836 0.000021
34837 0.000013
34838 0.000009
34839 0.000053
34840 0.000059
34841 0.000014
34842 0.000023
34843 0.000022
34844 0.000009
34845 0.000016
34846 0.000024
34847 0.000024
34848 0.000023
34849 0.000019
34850 0.000016
34851 0.000014
34852 0.000022
34853 0.000008
34854 0.000005
34855 0.000017
34856 0.000015
34857 0.000023
34858 0.000023
34859 0.000016
34860 0.000018
34861 0.000010
34862 0.000035
34863 0.000023
34864 0.000037
34865 0.000036
34866 0.000032
34867 0.000011
34868 0.000016
34869 0.000031
34870 0.000022
34871 0.000016
34872 0.000029
34873 0.000018
34874 0.000015
34875 0.000013
34876 0.000032
34877 0.000016
34878 0.000022
34879 0.000021
34880 0.000023
34881 0.000017
34882 0.000019
34883 0.000045
34884 0.000013
34885 0.000018
34886 0.000010
34887 0.000017
34888 0.000024
34889 0.000025
34890 0.000025
34891 0.000013
34892 0.000015
34893 0.000006
34894 0.000006
34895 0.000019
34896 0.000024
34897 0.000028
34898 0.000012
34899 0.000042
34900 0.000043
34901 0.000012
34902 0.000009
34903 0.000026
34904 0.000010
34905 0.000035
34906 0.000029
34907 0.000047
34908 0.000027
34909 0.000021
34910 0.000027
34911 0.000025
34912 0.000020
34913 0.000020
34914 0.000007
34915 0.000034
34916 0.000032
34917 0.000020
34918 0.000011
34919 0.000012
34920 0.000011
34921 0.000012
34922 0.000005
34923 0.000012
34924 0.000014
34925 0.000005
34926 0.000007
34927 0.000021
34928 0.000033
34929 0.000019
34930 0.000028
34931 0.000042
34932 0.000020
34933 0.000020
34934 0.000011
34935 0.000006
34936 0.000005
34937 0.000004
34938 0.000030
34939 0.000022
34940 0.000013
34941 0.000012
34942 0.000013
34943 0.000022
34944 0.000018
34945 0.000021
34946 0.000030
34947 0.000010
34948 0.000010
34949 0.000007
34950 0.000011
34951 0.000013
34952 0.000017
34953 0.000008
34954 0.000010
34955 0.000016
34956 0.000011
34957 0.000010
34958 0.000023
34959 0.000017
34960 0.000033
34961 0.000013
34962 0.000035
34963 0.000029
34964 0.000051
34965 0.000018
34966 0.000037
34967 0.000024
34968 0.000029
34969 0.000018
34970 0.000017
34971 0.000023
34972 0.000023
34973 0.000014
34974 0.000022
34975 0.000019
34976 0.000010
34977 0.000030
34978 0.000028
34979 0.000012
34980 0.000008
34981 0.000012
34982 0.000006
34983 0.000027
34984 0.000032
34985 0.000024
34986 0.000008
34987 0.000022
34988 0.000029
34989 0.000024
34990 0.000013
34991 0.000019
34992 0.000031
34993 0.000062
34994 0.000011
34995 0.000017
34996 0.000028
34997 0.000036
34998 0.000011
34999 0.000009
35000 0.000011
35001 0.000008
35002 0.000014
35003 0.000016
35004 0.000015
35005 0.000023
35006 0.000022
35007 0.000009
35008 0.000015
35009 0.000009
35010 0.000018
35011 0.000020
35012 0.000020
35013 0.000023
35014 0.000015
35015 0.000021
35016 0.000009
35017 0.000007
35018 0.000022
35019 0.000012
35020 0.000018
35021 0.000014
35022 0.000033
35023 0.000021
35024 0.000041
35025 0.000039
35026 0.000033
35027 0.000023
35028 0.000017
35029 0.000022
35030 0.000040
35031 0.000023
35032 0.000026
35033 0.000017
35034 0.000011
35035 0.000005
35036 0.000024
35037 0.000006
35038 0.000006
35039 0.000009
35040 0.000008
35041 0.000035
35042 0.000008
35043 0.000018
35044 0.000021
35045 0.000040
35046 0.000023
35047 0.000022
35048 0.000021
35049 0.000026
35050 0.000044
35051 0.000023
35052 0.000014
35053 0.000018
35054 0.000010
35055 0.000011
35056 0.000013
35057 0.000005
35058 0.000005
35059 0.000011
35060 0.000013
35061 0.000034
35062 0.000030
35063 0.000034
35064 0.000014
35065 0.000021
35066 0.000008
35067 0.000011
35068 0.000014
35069 0.000018
35070 0.000025
35071 0.000017
35072 0.000021
35073 0.000013
35074 0.000021
35075 0.000021
35076 0.000012
35077 0.000010
35078 0.000009
35079 0.000017
35080 0.000023
35081 0.000017
35082 0.000021
35083 0.000015
35084 0.000032
35085 0.000019
35086 0.000027
35087 0.000012
35088 0.000018
35089 0.000007
35090 0.000012
35091 0.000014
35092 0.000014
35093 0.000012
35094 0.000010
35095 0.000022
35096 0.000027
35097 0.000019
35098 0.000024
35099 0.000018
35100 0.000016
35101 0.000008
35102 0.000010
35103 0.000011
35104 0.000020
35105 0.000015
35106 0.000015
35107 0.000024
35108 0.000023
35109 0.000030
35110 0.000015
35111 0.000015
35112 0.000024
35113 0.000024
35114 0.000013
35115 0.000018
35116 0.000013
35117 0.000039
35118 0.000013
35119 0.000005
35120 0.000006
35121 0.000004
35122 0.000014
35123 0.000017
35124 0.000025
35125 0.000022
35126 0.000026
35127 0.000010
35128 0.000010
35129 0.000017
35130 0.000017
35131 0.000017
35132 0.000007
35133 0.000027
35134 0.000045
35135 0.000047
35136 0.000031
35137 0.000018
35138 0.000011
35139 0.000006
35140 0.000009
35141 0.000027
35142 0.000019
35143 0.000014
35144 0.000023
35145 0.000012
35146 0.000015
35147 0.000023
35148 0.000014
35149 0.000018
35150 0.000027
35151 0.000017
35152 0.000019
35153 0.000019
35154 0.000016
35155 0.000010
35156 0.000007
35157 0.000024
35158 0.000006
35159 0.000034
35160 0.000019
35161 0.000008
35162 0.000025
35163 0.000028
35164 0.000014
35165 0.000008
35166 0.000022
35167 0.000025
35168 0.000010
35169 0.000008
35170 0.000013
35171 0.000013
35172 0.000044
35173 0.000015
35174 0.000019
35175 0.000013
35176 0.000013
35177 0.000027
35178 0.000027
35179 0.000022
35180 0.000012
35181 0.000009
35182 0.000012
35183 0.000012
35184 0.000008
35185 0.000007
35186 0.000005
35187 0.000007
35188 0.000019
35189 0.000020
35190 0.000020
35191 0.000037
35192 0.000030
35193 0.000033
35194 0.000010
35195 0.000009
35196 0.000022
35197 0.000025
35198 0.000016
35199 0.000008
35200 0.000010
35201 0.000039
35202 0.000036
35203 0.000020
35204 0.000014
35205 0.000005
35206 0.000005
35207 0.000009
35208 0.000018
35209 0.000016
35210 0.000008
35211 0.000011
35212 0.000020
35213 0.000012
35214 0.000014
35215 0.000025
35216 0.000040
35217 0.000017
35218 0.000021
35219 0.000014
35220 0.000007
35221 0.000009
35222 0.000009
35223 0.000011
35224 0.000013
35225 0.000014
35226 0.000018
35227 0.000045
35228 0.000048
35229 0.000013
35230 0.000027
35231 0.000017
35232 0.000026
35233 0.000030
35234 0.000020
35235 0.000011
35236 0.000011
35237 0.000010
35238 0.000015
35239 0.000032
35240 0.000010
35241 0.000021
35242 0.000025
35243 0.000013
35244 0.000022
35245 0.000006
35246 0.000023
35247 0.000013
35248 0.000033
35249 0.000023
35250 0.000016
35251 0.000011
35252 0.000017
35253 0.000024
35254 0.000031
35255 0.000036
35256 0.000028
35257 0.000022
35258 0.000030
35259 0.000025
35260 0.000037
35261 0.000017
35262 0.000013
35263 0.000015
35264 0.000019
35265 0.000034
35266 0.000016
35267 0.000032
35268 0.000021
35269 0.000016
35270 0.000014
35271 0.000018
35272 0.000019
35273 0.000010
35274 0.000016
35275 0.000034
35276 0.000019
35277 0.000033
35278 0.000024
35279 0.000008
35280 0.000008
35281 0.000028
35282 0.000009
35283 0.000005
35284 0.000005
35285 0.000006
35286 0.000006
35287 0.000019
35288 0.000029
35289 0.000014
35290 0.000011
35291 0.000014
35292 0.000033
35293 0.000013
35294 0.000039
35295 0.000026
35296 0.000029
35297 0.000025
35298 0.000013
35299 0.000014
35300 0.000040
35301 0.000021
35302 0.000017
35303 0.000013
35304 0.000008
35305 0.000024
35306 0.000019
35307 0.000028
35308 0.000020
35309 0.000021
35310 0.000028
35311 0.000016
35312 0.000031
35313 0.000027
35314 0.000039
35315 0.000017
35316 0.000017
35317 0.000019
35318 0.000027
35319 0.000020
35320 0.000010
35321 0.000029
35322 0.000020
35323 0.000014
35324 0.000013
35325 0.000016
35326 0.000024
35327 0.000013
35328 0.000019
35329 0.000034
35330 0.000035
35331 0.000033
35332 0.000014
35333 0.000016
35334 0.000023
35335 0.000025
35336 0.000014
35337 0.000012
35338 0.000008
35339 0.000006
35340 0.000011
35341 0.000024
35342 0.000017
35343 0.000013
35344 0.000016
35345 0.000012
35346 0.000025
35347 0.000031
35348 0.000019
35349 0.000012
35350 0.000016
35351 0.000030
35352 0.000022
35353 0.000028
35354 0.000016
35355 0.000032
35356 0.000026
35357 0.000011
35358 0.000015
35359 0.000014
35360 0.000038
35361 0.000028
35362 0.000016
35363 0.000017
35364 0.000020
35365 0.000046
35366 0.000050
35367 0.000032
35368 0.000038
35369 0.000027
35370 0.000018
35371 0.000019
35372 0.000030
35373 0.000029
35374 0.000012
35375 0.000008
35376 0.000009
35377 0.000014
35378 0.000008
35379 0.000015
35380 0.000015
35381 0.000026
35382 0.000039
35383 0.000014
35384 0.000028
35385 0.000021
35386 0.000043
35387 0.000055
35388 0.000056
35389 0.000031
35390 0.000027
35391 0.000041
35392 0.000046
35393 0.000011
35394 0.000024
35395 0.000040
35396 0.000023
35397 0.000024
35398 0.000020
35399 0.000014
35400 0.000040
35401 0.000037
35402 0.000040
35403 0.000018
35404 0.000008
35405 0.000005
35406 0.000023
35407 0.000023
35408 0.000035
35409 0.000013
35410 0.000027
35411 0.000019
35412 0.000022
35413 0.000022
35414 0.000016
35415 0.000018
35416 0.000006
35417 0.000036
35418 0.000047
35419 0.000031
35420 0.000014
35421 0.000031
35422 0.000024
35423 0.000029
35424 0.000024
35425 0.000018
35426 0.000010
35427 0.000007
35428 0.000018
35429 0.000011
35430 0.000005
35431 0.000014
35432 0.000012
35433 0.000015
35434 0.000008
35435 0.000008
35436 0.000013
35437 0.000010
35438 0.000007
35439 0.000017
35440 0.000013
35441 0.000016
35442 0.000020
35443 0.000039
35444 0.000051
35445 0.000059
35446 0.000018
35447 0.000014
35448 0.000016
35449 0.000024
35450 0.000013
35451 0.000020
35452 0.000018
35453 0.000037
35454 0.000020
35455 0.000009
35456 0.000021
35457 0.000041
35458 0.000012
35459 0.000006
35460 0.000023
35461 0.000031
35462 0.000027
35463 0.000007
35464 0.000017
35465 0.000022
35466 0.000008
35467 0.000021
35468 0.000019
35469 0.000025
35470 0.000008
35471 0.000017
35472 0.000024
35473 0.000031
35474 0.000030
35475 0.000016
35476 0.000025
35477 0.000027
35478 0.000022
35479 0.000015
35480 0.000016
35481 0.000010
35482 0.000020
35483 0.000017
35484 0.000006
35485 0.000009
35486 0.000012
35487 0.000012
35488 0.000012
35489 0.000027
35490 0.000052
35491 0.000038
35492 0.000008
35493 0.000009
35494 0.000017
35495 0.000022
35496 0.000034
35497 0.000037
35498 0.000021
35499 0.000027
35500 0.000022
35501 0.000016
35502 0.000015
35503 0.000022
35504 0.000015
35505 0.000024
35506 0.000010
35507 0.000020
35508 0.000025
35509 0.000025
35510 0.000014
35511 0.000014
35512 0.000028
35513 0.000053
35514 0.000018
35515 0.000011
35516 0.000028
35517 0.000033
35518 0.000016
35519 0.000019
35520 0.000029
35521 0.000011
35522 0.000020
35523 0.000023
35524 0.000018
35525 0.000033
35526 0.000012
35527 0.000027
35528 0.000041
35529 0.000033
35530 0.000010
35531 0.000011
35532 0.000006
35533 0.000013
35534 0.000010
35535 0.000007
35536 0.000010
35537 0.000014
35538 0.000015
35539 0.000029
35540 0.000017
35541 0.000034
35542 0.000019
35543 0.000021
35544 0.000016
35545 0.000027
35546 0.000030
35547 0.000033
35548 0.000033
35549 0.000048
35550 0.000026
35551 0.000031
35552 0.000019
35553 0.000007
35554 0.000026
35555 0.000025
35556 0.000008
35557 0.000010
35558 0.000017
35559 0.000015
35560 0.000007
35561 0.000009
35562 0.000010
35563 0.000006
35564 0.000004
35565 0.000016
35566 0.000034
35567 0.000032
35568 0.000012
35569 0.000005
35570 0.000029
35571 0.000035
35572 0.000020
35573 0.000019
35574 0.000010
35575 0.000016
35576 0.000041
35577 0.000034
35578 0.000034
35579 0.000025
35580 0.000013
35581 0.000014
35582 0.000013
35583 0.000019
35584 0.000008
35585 0.000021
35586 0.000024
35587 0.000010
35588 0.000027
35589 0.000018
35590 0.000029
35591 0.000032
35592 0.000013
35593 0.000027
35594 0.000017
35595 0.000022
35596 0.000016
35597 0.000022
35598 0.000019
35599 0.000012
35600 0.000011
35601 0.000039
35602 0.000020
35603 0.000010
35604 0.000031
35605 0.000025
35606 0.000020
35607 0.000020
35608 0.000018
35609 0.000023
35610 0.000028
35611 0.000035
35612 0.000011
35613 0.000015
35614 0.000015
35615 0.000035
35616 0.000024
35617 0.000030
35618 0.000011
35619 0.000017
35620 0.000027
35621 0.000031
35622 0.000025
35623 0.000008
35624 0.000018
35625 0.000018
35626 0.000030
35627 0.000056
35628 0.000028
35629 0.000006
35630 0.000010
35631 0.000005
35632 0.000017
35633 0.000018
35634 0.000024
35635 0.000028
35636 0.000016
35637 0.000016
35638 0.000006
35639 0.000012
35640 0.000028
35641 0.000017
35642 0.000014
35643 0.000017
35644 0.000013
35645 0.000007
35646 0.000027
35647 0.000014
35648 0.000010
35649 0.000017
35650 0.000046
35651 0.000013
35652 0.000019
35653 0.000021
35654 0.000017
35655 0.000010
35656 0.000012
35657 0.000017
35658 0.000032
35659 0.000020
35660 0.000009
35661 0.000009
35662 0.000016
35663 0.000031
35664 0.000022
35665 0.000022
35666 0.000016
35667 0.000012
35668 0.000013
35669 0.000011
35670 0.000020
35671 0.000025
35672 0.000027
35673 0.000017
35674 0.000014
35675 0.000020
35676 0.000022
35677 0.000019
35678 0.000024
35679 0.000027
35680 0.000011
35681 0.000013
35682 0.000009
35683 0.000016
35684 0.000020
35685 0.000012
35686 0.000025
35687 0.000025
35688 0.000017
35689 0.000017
35690 0.000012
35691 0.000027
35692 0.000040
35693 0.000033
35694 0.000020
35695 0.000011
35696 0.000009
35697 0.000006
35698 0.000013
35699 0.000009
35700 0.000004
35701 0.000011
35702 0.000014
35703 0.000017
35704 0.000031
35705 0.000016
35706 0.000013
35707 0.000011
35708 0.000018
35709 0.000010
35710 0.000012
35711 0.000023
35712 0.000026
35713 0.000017
35714 0.000021
35715 0.000014
35716 0.000017
35717 0.000012
35718 0.000012
35719 0.000019
35720 0.000006
35721 0.000008
35722 0.000023
35723 0.000012
35724 0.000010
35725 0.000006
35726 0.000009
35727 0.000007
35728 0.000023
35729 0.000029
35730 0.000038
35731 0.000016
35732 0.000034
35733 0.000024
35734 0.000019
35735 0.000010
35736 0.000004
35737 0.000008
35738 0.000015
35739 0.000017
35740 0.000021
35741 0.000021
35742 0.000049
35743 0.000036
35744 0.000034
35745 0.000036
35746 0.000019
35747 0.000010
35748 0.000007
35749 0.000005
35750 0.000010
35751 0.000025
35752 0.000008
35753 0.000008
35754 0.000006
35755 0.000018
35756 0.000010
35757 0.000006
35758 0.000011
35759 0.000010
35760 0.000009
35761 0.000029
35762 0.000009
35763 0.000018
35764 0.000014
35765 0.000009
35766 0.000006
35767 0.000026
35768 0.000014
35769 0.000025
35770 0.000024
35771 0.000063
35772 0.000043
35773 0.000021
35774 0.000027
35775 0.000015
35776 0.000023
35777 0.000029
35778 0.000043
35779 0.000033
35780 0.000044
35781 0.000022
35782 0.000012
35783 0.000016
35784 0.000005
35785 0.000024
35786 0.000022
35787 0.000016
35788 0.000013
35789 0.000013
35790 0.000034
35791 0.000017
35792 0.000017
35793 0.000073
35794 0.000033
35795 0.000040
35796 0.000019
35797 0.000020
35798 0.000021
35799 0.000012
35800 0.000015
35801 0.000013
35802 0.000015
35803 0.000028
35804 0.000016
35805 0.000012
35806 0.000034
35807 0.000018
35808 0.000020
35809 0.000013
35810 0.000009
35811 0.000019
35812 0.000022
35813 0.000020
35814 0.000009
35815 0.000011
35816 0.000016
35817 0.000013
35818 0.000028
35819 0.000019
35820 0.000018
35821 0.000035
35822 0.000018
35823 0.000024
35824 0.000019
35825 0.000016
35826 0.000018
35827 0.000015
35828 0.000027
35829 0.000014
35830 0.000015
35831 0.000027
35832 0.000014
35833 0.000005
35834 0.000019
35835 0.000020
35836 0.000011
35837 0.000007
35838 0.000006
35839 0.000005
35840 0.000010
35841 0.000005
35842 0.000007
35843 0.000021
35844 0.000038
35845 0.000058
35846 0.000049
35847 0.000024
35848 0.000019
35849 0.000021
35850 0.000024
35851 0.000012
35852 0.000018
35853 0.000006
35854 0.000006
35855 0.000006
35856 0.000013
35857 0.000020
35858 0.000022
35859 0.000018
35860 0.000014
35861 0.000034
35862 0.000053
35863 0.000024
35864 0.000035
35865 0.000036
35866 0.000029
35867 0.000045
35868 0.000041
35869 0.000016
35870 0.000024
35871 0.000009
35872 0.000018
35873 0.000013
35874 0.000005
35875 0.000015
35876 0.000008
35877 0.000016
35878 0.000014
35879 0.000014
35880 0.000034
35881 0.000024
35882 0.000007
35883 0.000038
35884 0.000057
35885 0.000051
35886 0.000018
35887 0.000020
35888 0.000029
35889 0.000013
35890 0.000007
35891 0.000030
35892 0.000037
35893 0.000010
35894 0.000014
35895 0.000023
35896 0.000020
35897 0.000014
35898 0.000035
35899 0.000010
35900 0.000026
35901 0.000010
35902 0.000022
35903 0.000019
35904 0.000011
35905 0.000010
35906 0.000023
35907 0.000029
35908 0.000036
35909 0.000015
35910 0.000013
35911 0.000019
35912 0.000018
35913 0.000008
35914 0.000016
35915 0.000019
35916 0.000020
35917 0.000009
35918 0.000016
35919 0.000012
35920 0.000024
35921 0.000013
35922 0.000007
35923 0.000030
35924 0.000043
35925 0.000018
35926 0.000019
35927 0.000007
35928 0.000021
35929 0.000012
35930 0.000016
35931 0.000039
35932 0.000079
35933 0.000035
35934 0.000026
35935 0.000015
35936 0.000016
35937 0.000024
35938 0.000012
35939 0.000012
35940 0.000017
35941 0.000019
35942 0.000012
35943 0.000017
35944 0.000021
35945 0.000015
35946 0.000055
35947 0.000056
35948 0.000064
35949 0.000016
35950 0.000006
35951 0.000012
35952 0.000024
35953 0.000022
35954 0.000020
35955 0.000022
35956 0.000029
35957 0.000015
35958 0.000013
35959 0.000016
35960 0.000010
35961 0.000007
35962 0.000011
35963 0.000029
35964 0.000023
35965 0.000027
35966 0.000029
35967 0.000015
35968 0.000011
35969 0.000010
35970 0.000011
35971 0.000048
35972 0.000031
35973 0.000018
35974 0.000017
35975 0.000024
35976 0.000013
35977 0.000023
35978 0.000037
35979 0.000027
35980 0.000038
35981 0.000023
35982 0.000016
35983 0.000017
35984 0.000017
35985 0.000042
35986 0.000021
35987 0.000021
35988 0.000021
35989 0.000012
35990 0.000020
35991 0.000022
35992 0.000022
35993 0.000006
35994 0.000017
35995 0.000014
35996 0.000019
35997 0.000011
35998 0.000044
35999 0.000040
36000 0.000021
36001 0.000017
36002 0.000032
36003 0.000013
36004 0.000015
36005 0.000038
36006 0.000026
36007 0.000021
36008 0.000017
36009 0.000011
36010 0.000010
36011 0.000006
36012 0.000022
36013 0.000041
36014 0.000041
36015 0.000048
36016 0.000016
36017 0.000006
36018 0.000021
36019 0.000031
36020 0.000018
36021 0.000016
36022 0.000035
36023 0.000023
36024 0.000018
36025 0.000036
36026 0.000013
36027 0.000018
36028 0.000029
36029 0.000027
36030 0.000048
36031 0.000017
36032 0.000019
36033 0.000013
36034 0.000030
36035 0.000027
36036 0.000026
36037 0.000008
36038 0.000019
36039 0.000018
36040 0.000011
36041 0.000006
36042 0.000017
36043 0.000020
36044 0.000018
36045 0.000011
36046 0.000010
36047 0.000009
36048 0.000006
36049 0.000007
36050 0.000005
36051 0.000009
36052 0.000019
36053 0.000016
36054 0.000027
36055 0.000027
36056 0.000039
36057 0.000065
36058 0.000074
36059 0.000038
36060 0.000018
36061 0.000018
36062 0.000026
36063 0.000024
36064 0.000018
36065 0.000011
36066 0.000008
36067 0.000013
36068 0.000022
36069 0.000023
36070 0.000019
36071 0.000016
36072 0.000016
36073 0.000013
36074 0.000011
36075 0.000032
36076 0.000012
36077 0.000011
36078 0.000024
36079 0.000023
36080 0.000023
36081 0.000017
36082 0.000015
36083 0.000020
36084 0.000014
36085 0.000010
36086 0.000018
36087 0.000021
36088 0.000014
36089 0.000018
36090 0.000022
36091 0.000020
36092 0.000019
36093 0.000019
36094 0.000023
36095 0.000022
36096 0.000021
36097 0.000025
36098 0.000026
36099 0.000009
36100 0.000017
36101 0.000016
36102 0.000010
36103 0.000007
36104 0.000016
36105 0.000013
36106 0.000014
36107 0.000051
36108 0.000036
36109 0.000016
36110 0.000010
36111 0.000025
36112 0.000023
36113 0.000020
36114 0.000015
36115 0.000005
36116 0.000005
36117 0.000005
36118 0.000010
36119 0.000017
36120 0.000022
36121 0.000022
36122 0.000015
36123 0.000013
36124 0.000024
36125 0.000017
36126 0.000017
36127 0.000031
36128 0.000017
36129 0.000013
36130 0.000012
36131 0.000013
36132 0.000013
36133 0.000024
36134 0.000008
36135 0.000010
36136 0.000013
36137 0.000018
36138 0.000020
36139 0.000011
36140 0.000021
36141 0.000035
36142 0.000019
36143 0.000008
36144 0.000004
36145 0.000005
36146 0.000011
36147 0.000010
36148 0.000007
36149 0.000017
36150 0.000011
36151 0.000027
36152 0.000012
36153 0.000028
36154 0.000029
36155 0.000021
36156 0.000029
36157 0.000026
36158 0.000061
36159 0.000012
36160 0.000008
36161 0.000018
36162 0.000019
36163 0.000024
36164 0.000031
36165 0.000048
36166 0.000023
36167 0.000028
36168 0.000019
36169 0.000011
36170 0.000012
36171 0.000018
36172 0.000019
36173 0.000020
36174 0.000022
36175 0.000019
36176 0.000008
36177 0.000016
36178 0.000019
36179 0.000022
36180 0.000019
36181 0.000025
36182 0.000010
36183 0.000030
36184 0.000045
36185 0.000013
36186 0.000031
36187 0.000039
36188 0.000020
36189 0.000011
36190 0.000015
36191 0.000009
36192 0.000011
36193 0.000031
36194 0.000036
36195 0.000044
36196 0.000024
36197 0.000013
36198 0.000010
36199 0.000018
36200 0.000028
36201 0.000009
36202 0.000005
36203 0.000013
36204 0.000035
36205 0.000041
36206 0.000065
36207 0.000024
36208 0.000020
36209 0.000022
36210 0.000038
36211 0.000054
36212 0.000021
36213 0.000016
36214 0.000037
36215 0.000038
36216 0.000025
36217 0.000033
36218 0.000020
36219 0.000031
36220 0.000015
36221 0.000008
36222 0.000010
36223 0.000024
36224 0.000014
36225 0.000008
36226 0.000015
36227 0.000013
36228 0.000011
36229 0.000028
36230 0.000026
36231 0.000024
36232 0.000050
36233 0.000022
36234 0.000051
36235 0.000017
36236 0.000015
36237 0.000024
36238 0.000016
36239 0.000013
36240 0.000012
36241 0.000023
36242 0.000009
36243 0.000016
36244 0.000011
36245 0.000008
36246 0.000015
36247 0.000011
36248 0.000011
36249 0.000015
36250 0.000021
36251 0.000015
36252 0.000024
36253 0.000025
36254 0.000026
36255 0.000007
36256 0.000021
36257 0.000007
36258 0.000018
36259 0.000026
36260 0.000014
36261 0.000038
36262 0.000052
36263 0.000049
36264 0.000027
36265 0.000027
36266 0.000023
36267 0.000012
36268 0.000015
36269 0.000017
36270 0.000014
36271 0.000016
36272 0.000019
36273 0.000017
36274 0.000008
36275 0.000012
36276 0.000019
36277 0.000035
36278 0.000017
36279 0.000020
36280 0.000009
36281 0.000014
36282 0.000018
36283 0.000031
36284 0.000033
36285 0.000021
36286 0.000014
36287 0.000012
36288 0.000019
36289 0.000041
36290 0.000015
36291 0.000012
36292 0.000023
36293 0.000022
36294 0.000013
36295 0.000039
36296 0.000033
36297 0.000058
36298 0.000016
36299 0.000013
36300 0.000014
36301 0.000013
36302 0.000011
36303 0.000032
36304 0.000023
36305 0.000013
36306 0.000026
36307 0.000019
36308 0.000016
36309 0.000019
36310 0.000029
36311 0.000038
36312 0.000027
36313 0.000022
36314 0.000015
36315 0.000011
36316 0.000038
36317 0.000061
36318 0.000029
36319 0.000016
36320 0.000029
36321 0.000016
36322 0.000018
36323 0.000040
36324 0.000044
36325 0.000008
36326 0.000022
36327 0.000025
36328 0.000024
36329 0.000012
36330 0.000012
36331 0.000015
36332 0.000013
36333 0.000008
36334 0.000019
36335 0.000017
36336 0.000020
36337 0.000007
36338 0.000017
36339 0.000026
36340 0.000036
36341 0.000030
36342 0.000042
36343 0.000014
36344 0.000017
36345 0.000017
36346 0.000030
36347 0.000038
36348 0.000013
36349 0.000016
36350 0.000021
36351 0.000009
36352 0.000007
36353 0.000021
36354 0.000015
36355 0.000018
36356 0.000036
36357 0.000011
36358 0.000011
36359 0.000008
36360 0.000032
36361 0.000034
36362 0.000021
36363 0.000009
36364 0.000012
36365 0.000010
36366 0.000027
36367 0.000009
36368 0.000005
36369 0.000020
36370 0.000019
36371 0.000014
36372 0.000014
36373 0.000007
36374 0.000011
36375 0.000034
36376 0.000027
36377 0.000011
36378 0.000005
36379 0.000020
36380 0.000026
36381 0.000043
36382 0.000044
36383 0.000016
36384 0.000011
36385 0.000012
36386 0.000009
36387 0.000020
36388 0.000015
36389 0.000015
36390 0.000014
36391 0.000017
36392 0.000008
36393 0.000014
36394 0.000018
36395 0.000008
36396 0.000018
36397 0.000007
36398 0.000009
36399 0.000010
36400 0.000028
36401 0.000027
36402 0.000031
36403 0.000025
36404 0.000020
36405 0.000024
36406 0.000007
36407 0.000017
36408 0.000017
36409 0.000019
36410 0.000013
36411 0.000008
36412 0.000018
36413 0.000020
36414 0.000009
36415 0.000023
36416 0.000013
36417 0.000025
36418 0.000025
36419 0.000014
36420 0.000025
36421 0.000033
36422 0.000041
36423 0.000025
36424 0.000010
36425 0.000007
36426 0.000015
36427 0.000008
36428 0.000008
36429 0.000006
36430 0.000012
36431 0.000027
36432 0.000023
36433 0.000031
36434 0.000014
36435 0.000031
36436 0.000041
36437 0.000013
36438 0.000009
36439 0.000007
36440 0.000038
36441 0.000027
36442 0.000026
36443 0.000018
36444 0.000018
36445 0.000014
36446 0.000014
36447 0.000011
36448 0.000011
36449 0.000027
36450 0.000014
36451 0.000009
36452 0.000007
36453 0.000014
36454 0.000019
36455 0.000040
36456 0.000017
36457 0.000017
36458 0.000019
36459 0.000013
36460 0.000027
36461 0.000021
36462 0.000014
36463 0.000006
36464 0.000005
36465 0.000015
36466 0.000016
36467 0.000016
36468 0.000035
36469 0.000034
36470 0.000017
36471 0.000012
36472 0.000010
36473 0.000013
36474 0.000019
36475 0.000025
36476 0.000026
36477 0.000025
36478 0.000029
36479 0.000019
36480 0.000020
36481 0.000041
36482 0.000049
36483 0.000017
36484 0.000019
36485 0.000021
36486 0.000019
36487 0.000009
36488 0.000008
36489 0.000012
36490 0.000025
36491 0.000017
36492 0.000017
36493 0.000033
36494 0.000014
36495 0.000018
36496 0.000023
36497 0.000018
36498 0.000019
36499 0.000038
36500 0.000020
36501 0.000032
36502 0.000007
36503 0.000013
36504 0.000007
36505 0.000023
36506 0.000029
36507 0.000029
36508 0.000029
36509 0.000009
36510 0.000007
36511 0.000004
36512 0.000004
36513 0.000007
36514 0.000022
36515 0.000024
36516 0.000018
36517 0.000014
36518 0.000024
36519 0.000026
36520 0.000010
36521 0.000009
36522 0.000011
36523 0.000023
36524 0.000008
36525 0.000009
36526 0.000012
36527 0.000012
36528 0.000009
36529 0.000014
36530 0.000019
36531 0.000021
36532 0.000023
36533 0.000007
36534 0.000004
36535 0.000016
36536 0.000021
36537 0.000024
36538 0.000023
36539 0.000010
36540 0.000013
36541 0.000014
36542 0.000015
36543 0.000014
36544 0.000008
36545 0.000018
36546 0.000005
36547 0.000014
36548 0.000035
36549 0.000025
36550 0.000008
36551 0.000026
36552 0.000017
36553 0.000015
36554 0.000018
36555 0.000013
36556 0.000026
36557 0.000013
36558 0.000020
36559 0.000007
36560 0.000006
36561 0.000008
36562 0.000019
36563 0.000014
36564 0.000015
36565 0.000022
36566 0.000029
36567 0.000018
36568 0.000013
36569 0.000022
36570 0.000022
36571 0.000018
36572 0.000013
36573 0.000013
36574 0.000023
36575 0.000021
36576 0.000007
36577 0.000020
36578 0.000037
36579 0.000038
36580 0.000041
36581 0.000027
36582 0.000008
36583 0.000019
36584 0.000011
36585 0.000011
36586 0.000025
36587 0.000027
36588 0.000019
36589 0.000033
36590 0.000027
36591 0.000018
36592 0.000029
36593 0.000030
36594 0.000015
36595 0.000020
36596 0.000034
36597 0.000021
36598 0.000029
36599 0.000023
36600 0.000012
36601 0.000010
36602 0.000033
36603 0.000017
36604 0.000008
36605 0.000004
36606 0.000005
36607 0.000010
36608 0.000016
36609 0.000027
36610 0.000021
36611 0.000016
36612 0.000017
36613 0.000043
36614 0.000022
36615 0.000021
36616 0.000019
36617 0.000032
36618 0.000020
36619 0.000019
36620 0.000016
36621 0.000016
36622 0.000030
36623 0.000011
36624 0.000011
36625 0.000016
36626 0.000012
36627 0.000019
36628 0.000014
36629 0.000015
36630 0.000020
36631 0.000035
36632 0.000037
36633 0.000017
36634 0.000031
36635 0.000030
36636 0.000019
36637 0.000022
36638 0.000029
36639 0.000023
36640 0.000032
36641 0.000020
36642 0.000017
36643 0.000006
36644 0.000020
36645 0.000009
36646 0.000017
36647 0.000013
36648 0.000021
36649 0.000020
36650 0.000011
36651 0.000006
36652 0.000014
36653 0.000011
36654 0.000021
36655 0.000013
36656 0.000030
36657 0.000009
36658 0.000011
36659 0.000031
36660 0.000016
36661 0.000013
36662 0.000020
36663 0.000020
36664 0.000013
36665 0.000016
36666 0.000010
36667 0.000080
36668 0.000034
36669 0.000035
36670 0.000039
36671 0.000028
36672 0.000043
36673 0.000028
36674 0.000041
36675 0.000025
36676 0.000010
36677 0.000028
36678 0.000017
36679 0.000009
36680 0.000008
36681 0.000012
36682 0.000024
36683 0.000017
36684 0.000033
36685 0.000031
36686 0.000026
36687 0.000022
36688 0.000022
36689 0.000021
36690 0.000007
36691 0.000024
36692 0.000013
36693 0.000009
36694 0.000027
36695 0.000023
36696 0.000019
36697 0.000025
36698 0.000008
36699 0.000018
36700 0.000012
36701 0.000006
36702 0.000008
36703 0.000011
36704 0.000019
36705 0.000016
36706 0.000022
36707 0.000028
36708 0.000028
36709 0.000027
36710 0.000024
36711 0.000016
36712 0.000009
36713 0.000028
36714 0.000026
36715 0.000014
36716 0.000026
36717 0.000015
36718 0.000011
36719 0.000008
36720 0.000013
36721 0.000024
36722 0.000014
36723 0.000019
36724 0.000022
36725 0.000019
36726 0.000009
36727 0.000018
36728 0.000035
36729 0.000044
36730 0.000014
36731 0.000005
36732 0.000023
36733 0.000012
36734 0.000023
36735 0.000047
36736 0.000024
36737 0.000007
36738 0.000012
36739 0.000008
36740 0.000020
36741 0.000017
36742 0.000022
36743 0.000016
36744 0.000019
36745 0.000013
36746 0.000019
36747 0.000032
36748 0.000019
36749 0.000007
36750 0.000005
36751 0.000021
36752 0.000025
36753 0.000010
36754 0.000016
36755 0.000020
36756 0.000017
36757 0.000023
36758 0.000033
36759 0.000013
36760 0.000022
36761 0.000015
36762 0.000022
36763 0.000016
36764 0.000018
36765 0.000016
36766 0.000018
36767 0.000013
36768 0.000013
36769 0.000009
36770 0.000014
36771 0.000027
36772 0.000040
36773 0.000010
36774 0.000014
36775 0.000018
36776 0.000023
36777 0.000031
36778 0.000022
36779 0.000011
36780 0.000027
36781 0.000039
36782 0.000011
36783 0.000008
36784 0.000009
36785 0.000021
36786 0.000013
36787 0.000053
36788 0.000039
36789 0.000018
36790 0.000039
36791 0.000018
36792 0.000023
36793 0.000014
36794 0.000012
36795 0.000039
36796 0.000025
36797 0.000023
36798 0.000013
36799 0.000037
36800 0.000019
36801 0.000019
36802 0.000028
36803 0.000013
36804 0.000011
36805 0.000011
36806 0.000018
36807 0.000023
36808 0.000009
36809 0.000012
36810 0.000028
36811 0.000025
36812 0.000029
36813 0.000023
36814 0.000021
36815 0.000024
36816 0.000030
36817 0.000022
36818 0.000009
36819 0.000009
36820 0.000007
36821 0.000027
36822 0.000016
36823 0.000013
36824 0.000008
36825 0.000017
36826 0.000038
36827 0.000021
36828 0.000018
36829 0.000026
36830 0.000013
36831 0.000029
36832 0.000018
36833 0.000011
36834 0.000012
36835 0.000027
36836 0.000059
36837 0.000053
36838 0.000018
36839 0.000021
36840 0.000021
36841 0.000039
36842 0.000027
36843 0.000017
36844 0.000026
36845 0.000025
36846 0.000012
36847 0.000017
36848 0.000006
36849 0.000037
36850 0.000039
36851 0.000036
36852 0.000043
36853 0.000027
36854 0.000022
36855 0.000027
36856 0.000015
36857 0.000019
36858 0.000012
36859 0.000016
36860 0.000007
36861 0.000026
36862 0.000029
36863 0.000015
36864 0.000010
36865 0.000012
36866 0.000014
36867 0.000019
36868 0.000011
36869 0.000026
36870 0.000017
36871 0.000039
36872 0.000015
36873 0.000028
36874 0.000018
36875 0.000021
36876 0.000022
36877 0.000019
36878 0.000024
36879 0.000024
36880 0.000018
36881 0.000032
36882 0.000014
36883 0.000045
36884 0.000016
36885 0.000031
36886 0.000024
36887 0.000013
36888 0.000034
36889 0.000019
36890 0.000030
36891 0.000019
36892 0.000011
36893 0.000026
36894 0.000013
36895 0.000019
36896 0.000031
36897 0.000016
36898 0.000010
36899 0.000024
36900 0.000022
36901 0.000023
36902 0.000019
36903 0.000014
36904 0.000012
36905 0.000018
36906 0.000010
36907 0.000054
36908 0.000028
36909 0.000019
36910 0.000032
36911 0.000016
36912 0.000010
36913 0.000025
36914 0.000048
36915 0.000026
36916 0.000024
36917 0.000018
36918 0.000021
36919 0.000007
36920 0.000009
36921 0.000012
36922 0.000037
36923 0.000043
36924 0.000053
36925 0.000030
36926 0.000037
36927 0.000023
36928 0.000019
36929 0.000017
36930 0.000011
36931 0.000008
36932 0.000012
36933 0.000019
36934 0.000046
36935 0.000008
36936 0.000031
36937 0.000023
36938 0.000012
36939 0.000031
36940 0.000023
36941 0.000053
36942 0.000011
36943 0.000007
36944 0.000013
36945 0.000015
36946 0.000017
36947 0.000020
36948 0.000019
36949 0.000007
36950 0.000019
36951 0.000063
36952 0.000025
36953 0.000016
36954 0.000019
36955 0.000027
36956 0.000013
36957 0.000021
36958 0.000016
36959 0.000010
36960 0.000021
36961 0.000020
36962 0.000027
36963 0.000008
36964 0.000017
36965 0.000042
36966 0.000017
36967 0.000039
36968 0.000025
36969 0.000044
36970 0.000022
36971 0.000028
36972 0.000017
36973 0.000019
36974 0.000017
36975 0.000033
36976 0.000033
36977 0.000012
36978 0.000025
36979 0.000034
36980 0.000032
36981 0.000027
36982 0.000026
36983 0.000051
36984 0.000018
36985 0.000021
36986 0.000031
36987 0.000031
36988 0.000038
36989 0.000022
36990 0.000032
36991 0.000030
36992 0.000027
36993 0.000016
36994 0.000012
36995 0.000018
36996 0.000017
36997 0.000010
36998 0.000023
36999 0.000018
37000 0.000012
37001 0.000018
37002 0.000011
37003 0.000005
37004 0.000024
37005 0.000013
37006 0.000013
37007 0.000035
37008 0.000023
37009 0.000019
37010 0.000019
37011 0.000021
37012 0.000028
37013 0.000031
37014 0.000019
37015 0.000015
37016 0.000014
37017 0.000011
37018 0.000031
37019 0.000040
37020 0.000024
37021 0.000025
37022 0.000020
37023 0.000010
37024 0.000009
37025 0.000027
37026 0.000015
37027 0.000016
37028 0.000014
37029 0.000011
37030 0.000021
37031 0.000016
37032 0.000013
37033 0.000039
37034 0.000022
37035 0.000012
37036 0.000015
37037 0.000009
37038 0.000009
37039 0.000006
37040 0.000011
37041 0.000026
37042 0.000021
37043 0.000021
37044 0.000016
37045 0.000007
37046 0.000005
37047 0.000023
37048 0.000032
37049 0.000019
37050 0.000012
37051 0.000018
37052 0.000018
37053 0.000015
37054 0.000016
37055 0.000017
37056 0.000017
37057 0.000024
37058 0.000029
37059 0.000015
37060 0.000017
37061 0.000013
37062 0.000019
37063 0.000019
37064 0.000020
37065 0.000021
37066 0.000037
37067 0.000025
37068 0.000030
37069 0.000024
37070 0.000010
37071 0.000012
37072 0.000020
37073 0.000023
37074 0.000016
37075 0.000021
37076 0.000014
37077 0.000010
37078 0.000021
37079 0.000009
37080 0.000024
37081 0.000041
37082 0.000037
37083 0.000018
37084 0.000019
37085 0.000010
37086 0.000021
37087 0.000020
37088 0.000017
37089 0.000006
37090 0.000008
37091 0.000006
37092 0.000004
37093 0.000017
37094 0.000015
37095 0.000007
37096 0.000004
37097 0.000017
37098 0.000014
37099 0.000014
37100 0.000019
37101 0.000012
37102 0.000013
37103 0.000014
37104 0.000016
37105 0.000015
37106 0.000011
37107 0.000015
37108 0.000017
37109 0.000012
37110 0.000011
37111 0.000023
37112 0.000020
37113 0.000018
37114 0.000007
37115 0.000005
37116 0.000018
37117 0.000015
37118 0.000030
37119 0.000016
37120 0.000008
37121 0.000006
37122 0.000014
37123 0.000007
37124 0.000012
37125 0.000011
37126 0.000012
37127 0.000008
37128 0.000010
37129 0.000020
37130 0.000034
37131 0.000032
37132 0.000014
37133 0.000009
37134 0.000015
37135 0.000015
37136 0.000014
37137 0.000038
37138 0.000042
37139 0.000035
37140 0.000016
37141 0.000006
37142 0.000012
37143 0.000018
37144 0.000011
37145 0.000016
37146 0.000020
37147 0.000035
37148 0.000040
37149 0.000021
37150 0.000022
37151 0.000032
37152 0.000029
37153 0.000023
37154 0.000024
37155 0.000009
37156 0.000015
37157 0.000013
37158 0.000028
37159 0.000018
37160 0.000022
37161 0.000031
37162 0.000029
37163 0.000031
37164 0.000028
37165 0.000043
37166 0.000044
37167 0.000025
37168 0.000018
37169 0.000023
37170 0.000041
37171 0.000015
37172 0.000025
37173 0.000010
37174 0.000012
37175 0.000023
37176 0.000024
37177 0.000010
37178 0.000005
37179 0.000026
37180 0.000030
37181 0.000020
37182 0.000014
37183 0.000031
37184 0.000032
37185 0.000028
37186 0.000030
37187 0.000008
37188 0.000024
37189 0.000018
37190 0.000039
37191 0.000014
37192 0.000009
37193 0.000030
37194 0.000023
37195 0.000019
37196 0.000047
37197 0.000035
37198 0.000025
37199 0.000019
37200 0.000014
37201 0.000005
37202 0.000016
37203 0.000022
37204 0.000013
37205 0.000013
37206 0.000011
37207 0.000015
37208 0.000013
37209 0.000015
37210 0.000011
37211 0.000016
37212 0.000010
37213 0.000025
37214 0.000015
37215 0.000024
37216 0.000009
37217 0.000018
37218 0.000011
37219 0.000009
37220 0.000010
37221 0.000027
37222 0.000016
37223 0.000017
37224 0.000009
37225 0.000019
37226 0.000034
37227 0.000019
37228 0.000020
37229 0.000022
37230 0.000027
37231 0.000016
37232 0.000011
37233 0.000013
37234 0.000010
37235 0.000025
37236 0.000037
37237 0.000015
37238 0.000025
37239 0.000012
37240 0.000014
37241 0.000015
37242 0.000017
37243 0.000026
37244 0.000025
37245 0.000014
37246 0.000037
37247 0.000018
37248 0.000014
37249 0.000017
37250 0.000014
37251 0.000018
37252 0.000013
37253 0.000011
37254 0.000021
37255 0.000024
37256 0.000011
37257 0.000030
37258 0.000032
37259 0.000012
37260 0.000010
37261 0.000010
37262 0.000007
37263 0.000004
37264 0.000013
37265 0.000020
37266 0.000012
37267 0.000011
37268 0.000030
37269 0.000032
37270 0.000037
37271 0.000032
37272 0.000022
37273 0.000025
37274 0.000038
37275 0.000020
37276 0.000020
37277 0.000005
37278 0.000012
37279 0.000039
37280 0.000042
37281 0.000044
37282 0.000046
37283 0.000035
37284 0.000050
37285 0.000037
37286 0.000041
37287 0.000016
37288 0.000010
37289 0.000009
37290 0.000006
37291 0.000005
37292 0.000010
37293 0.000016
37294 0.000013
37295 0.000009
37296 0.000007
37297 0.000010
37298 0.000026
37299 0.000018
37300 0.000025
37301 0.000018
37302 0.000019
37303 0.000014
37304 0.000026
37305 0.000034
37306 0.000016
37307 0.000010
37308 0.000014
37309 0.000014
37310 0.000029
37311 0.000022
37312 0.000019
37313 0.000021
37314 0.000033
37315 0.000012
37316 0.000018
37317 0.000047
37318 0.000021
37319 0.000028
37320 0.000034
37321 0.000029
37322 0.000034
37323 0.000022
37324 0.000013
37325 0.000015
37326 0.000023
37327 0.000026
37328 0.000020
37329 0.000007
37330 0.000010
37331 0.000005
37332 0.000015
37333 0.000013
37334 0.000006
37335 0.000034
37336 0.000014
37337 0.000010
37338 0.000027
37339 0.000031
37340 0.000018
37341 0.000027
37342 0.000017
37343 0.000027
37344 0.000012
37345 0.000019
37346 0.000027
37347 0.000007
37348 0.000026
37349 0.000017
37350 0.000014
37351 0.000018
37352 0.000025
37353 0.000037
37354 0.000034
37355 0.000019
37356 0.000012
37357 0.000015
37358 0.000011
37359 0.000015
37360 0.000011
37361 0.000024
37362 0.000014
37363 0.000019
37364 0.000010
37365 0.000019
37366 0.000007
37367 0.000012
37368 0.000017
37369 0.000016
37370 0.000010
37371 0.000034
37372 0.000013
37373 0.000010
37374 0.000015
37375 0.000007
37376 0.000010
37377 0.000016
37378 0.000019
37379 0.000016
37380 0.000022
37381 0.000033
37382 0.000018
37383 0.000022
37384 0.000028
37385 0.000025
37386 0.000026
37387 0.000025
37388 0.000024
37389 0.000030
37390 0.000011
37391 0.000013
37392 0.000025
37393 0.000041
37394 0.000028
37395 0.000046
37396 0.000055
37397 0.000023
37398 0.000017
37399 0.000011
37400 0.000014
37401 0.000034
37402 0.000027
37403 0.000027
37404 0.000021
37405 0.000021
37406 0.000017
37407 0.000026
37408 0.000027
37409 0.000032
37410 0.000029
37411 0.000008
37412 0.000010
37413 0.000022
37414 0.000019
37415 0.000010
37416 0.000012
37417 0.000011
37418 0.000021
37419 0.000020
37420 0.000038
37421 0.000022
37422 0.000030
37423 0.000020
37424 0.000019
37425 0.000038
37426 0.000011
37427 0.000017
37428 0.000023
37429 0.000015
37430 0.000022
37431 0.000014
37432 0.000015
37433 0.000013
37434 0.000016
37435 0.000036
37436 0.000035
37437 0.000018
37438 0.000026
37439 0.000015
37440 0.000009
37441 0.000019
37442 0.000030
37443 0.000024
37444 0.000014
37445 0.000019
37446 0.000015
37447 0.000035
37448 0.000010
37449 0.000008
37450 0.000006
37451 0.000024
37452 0.000030
37453 0.000038
37454 0.000035
37455 0.000026
37456 0.000025
37457 0.000025
37458 0.000016
37459 0.000015
37460 0.000022
37461 0.000028
37462 0.000009
37463 0.000023
37464 0.000007
37465 0.000014
37466 0.000016
37467 0.000012
37468 0.000010
37469 0.000017
37470 0.000015
37471 0.000017
37472 0.000034
37473 0.000045
37474 0.000055
37475 0.000038
37476 0.000036
37477 0.000033
37478 0.000022
37479 0.000031
37480 0.000018
37481 0.000008
37482 0.000016
37483 0.000026
37484 0.000022
37485 0.000036
37486 0.000022
37487 0.000011
37488 0.000011
37489 0.000023
37490 0.000006
37491 0.000012
37492 0.000032
37493 0.000021
37494 0.000025
37495 0.000014
37496 0.000014
37497 0.000016
37498 0.000015
37499 0.000028
37500 0.000022
37501 0.000034
37502 0.000050
37503 0.000042
37504 0.000032
37505 0.000015
37506 0.000013
37507 0.000007
37508 0.000017
37509 0.000015
37510 0.000022
37511 0.000019
37512 0.000023
37513 0.000024
37514 0.000034
37515 0.000042
37516 0.000040
37517 0.000033
37518 0.000025
37519 0.000014
37520 0.000005
37521 0.000004
37522 0.000024
37523 0.000007
37524 0.000006
37525 0.000017
37526 0.000031
37527 0.000039
37528 0.000042
37529 0.000039
37530 0.000023
37531 0.000008
37532 0.000009
37533 0.000028
37534 0.000010
37535 0.000029
37536 0.000011
37537 0.000018
37538 0.000025
37539 0.000016
37540 0.000044
37541 0.000064
37542 0.000043
37543 0.000010
37544 0.000013
37545 0.000006
37546 0.000015
37547 0.000018
37548 0.000015
37549 0.000018
37550 0.000009
37551 0.000008
37552 0.000038
37553 0.000019
37554 0.000015
37555 0.000009
37556 0.000018
37557 0.000023
37558 0.000017
37559 0.000017
37560 0.000008
37561 0.000025
37562 0.000014
37563 0.000015
37564 0.000018
37565 0.000017
37566 0.000022
37567 0.000023
37568 0.000018
37569 0.000031
37570 0.000035
37571 0.000013
37572 0.000024
37573 0.000023
37574 0.000029
37575 0.000048
37576 0.000048
37577 0.000022
37578 0.000012
37579 0.000027
37580 0.000027
37581 0.000036
37582 0.000018
37583 0.000008
37584 0.000008
37585 0.000006
37586 0.000021
37587 0.000030
37588 0.000011
37589 0.000015
37590 0.000010
37591 0.000029
37592 0.000028
37593 0.000023
37594 0.000031
37595 0.000011
37596 0.000027
37597 0.000028
37598 0.000011
37599 0.000025
37600 0.000028
37601 0.000039
37602 0.000024
37603 0.000022
37604 0.000020
37605 0.000021
37606 0.000009
37607 0.000028
37608 0.000022
37609 0.000041
37610 0.000024
37611 0.000017
37612 0.000022
37613 0.000024
37614 0.000033
37615 0.000011
37616 0.000011
37617 0.000018
37618 0.000012
37619 0.000017
37620 0.000021
37621 0.000013
37622 0.000026
37623 0.000031
37624 0.000012
37625 0.000027
37626 0.000039
37627 0.000037
37628 0.000039
37629 0.000055
37630 0.000050
37631 0.000047
37632 0.000048
37633 0.000031
37634 0.000044
37635 0.000027
37636 0.000030
37637 0.000007
37638 0.000010
37639 0.000022
37640 0.000022
37641 0.000021
37642 0.000026
37643 0.000017
37644 0.000030
37645 0.000009
37646 0.000013
37647 0.000010
37648 0.000016
37649 0.000022
37650 0.000022
37651 0.000032
37652 0.000017
37653 0.000009
37654 0.000021
37655 0.000025
37656 0.000028
37657 0.000018
37658 0.000024
37659 0.000024
37660 0.000016
37661 0.000022
37662 0.000016
37663 0.000026
37664 0.000022
37665 0.000018
37666 0.000014
37667 0.000014
37668 0.000021
37669 0.000015
37670 0.000013
37671 0.000017
37672 0.000010
37673 0.000030
37674 0.000019
37675 0.000030
37676 0.000011
37677 0.000020
37678 0.000027
37679 0.000019
37680 0.000033
37681 0.000026
37682 0.000010
37683 0.000007
37684 0.000012
37685 0.000011
37686 0.000014
37687 0.000018
37688 0.000025
37689 0.000024
37690 0.000022
37691 0.000042
37692 0.000018
37693 0.000014
37694 0.000005
37695 0.000004
37696 0.000015
37697 0.000009
37698 0.000011
37699 0.000021
37700 0.000049
37701 0.000030
37702 0.000021
37703 0.000019
37704 0.000017
37705 0.000013
37706 0.000007
37707 0.000013
37708 0.000014
37709 0.000025
37710 0.000011
37711 0.000019
37712 0.000023
37713 0.000016
37714 0.000008
37715 0.000011
37716 0.000010
37717 0.000008
37718 0.000011
37719 0.000014
37720 0.000017
37721 0.000017
37722 0.000027
37723 0.000033
37724 0.000017
37725 0.000010
37726 0.000005
37727 0.000020
37728 0.000026
37729 0.000025
37730 0.000040
37731 0.000014
37732 0.000017
37733 0.000029
37734 0.000014
37735 0.000012
37736 0.000013
37737 0.000014
37738 0.000023
37739 0.000016
37740 0.000037
37741 0.000032
37742 0.000018
37743 0.000007
37744 0.000017
37745 0.000026
37746 0.000029
37747 0.000020
37748 0.000022
37749 0.000028
37750 0.000026
37751 0.000013
37752 0.000017
37753 0.000022
37754 0.000020
37755 0.000036
37756 0.000032
37757 0.000024
37758 0.000030
37759 0.000012
37760 0.000029
37761 0.000017
37762 0.000022
37763 0.000012
37764 0.000016
37765 0.000013
37766 0.000019
37767 0.000009
37768 0.000011
37769 0.000033
37770 0.000040
37771 0.000046
37772 0.000046
37773 0.000042
37774 0.000038
37775 0.000022
37776 0.000028
37777 0.000030
37778 0.000021
37779 0.000054
37780 0.000025
37781 0.000014
37782 0.000024
37783 0.000014
37784 0.000007
37785 0.000019
37786 0.000029
37787 0.000017
37788 0.000019
37789 0.000012
37790 0.000011
37791 0.000013
37792 0.000012
37793 0.000019
37794 0.000026
37795 0.000011
37796 0.000016
37797 0.000029
37798 0.000017
37799 0.000019
37800 0.000025
37801 0.000008
37802 0.000005
37803 0.000010
37804 0.000007
37805 0.000004
37806 0.000021
37807 0.000020
37808 0.000007
37809 0.000008
37810 0.000027
37811 0.000013
37812 0.000016
37813 0.000010
37814 0.000012
37815 0.000023
37816 0.000017
37817 0.000032
37818 0.000012
37819 0.000026
37820 0.000025
37821 0.000020
37822 0.000016
37823 0.000018
37824 0.000010
37825 0.000021
37826 0.000029
37827 0.000049
37828 0.000024
37829 0.000017
37830 0.000035
37831 0.000023
37832 0.000008
37833 0.000017
37834 0.000013
37835 0.000014
37836 0.000018
37837 0.000015
37838 0.000020
37839 0.000025
37840 0.000017
37841 0.000021
37842 0.000013
37843 0.000032
37844 0.000022
37845 0.000022
37846 0.000026
37847 0.000038
37848 0.000042
37849 0.000054
37850 0.000028
37851 0.000023
37852 0.000015
37853 0.000018
37854 0.000033
37855 0.000010
37856 0.000008
37857 0.000014
37858 0.000025
37859 0.000027
37860 0.000019
37861 0.000019
37862 0.000011
37863 0.000021
37864 0.000015
37865 0.000019
37866 0.000018
37867 0.000011
37868 0.000022
37869 0.000034
37870 0.000011
37871 0.000027
37872 0.000034
37873 0.000015
37874 0.000009
37875 0.000008
37876 0.000010
37877 0.000006
37878 0.000027
37879 0.000032
37880 0.000023
37881 0.000017
37882 0.000033
37883 0.000020
37884 0.000010
37885 0.000006
37886 0.000018
37887 0.000016
37888 0.000017
37889 0.000015
37890 0.000041
37891 0.000016
37892 0.000028
37893 0.000009
37894 0.000013
37895 0.000020
37896 0.000011
37897 0.000020
37898 0.000014
37899 0.000016
37900 0.000024
37901 0.000018
37902 0.000020
37903 0.000017
37904 0.000008
37905 0.000027
37906 0.000028
37907 0.000017
37908 0.000009
37909 0.000021
37910 0.000016
37911 0.000006
37912 0.000008
37913 0.000012
37914 0.000020
37915 0.000021
37916 0.000025
37917 0.000028
37918 0.000012
37919 0.000012
37920 0.000018
37921 0.000019
37922 0.000010
37923 0.000007
37924 0.000015
37925 0.000038
37926 0.000024
37927 0.000022
37928 0.000025
37929 0.000013
37930 0.000017
37931 0.000022
37932 0.000015
37933 0.000044
37934 0.000056
37935 0.000057
37936 0.000030
37937 0.000019
37938 0.000011
37939 0.000008
37940 0.000019
37941 0.000017
37942 0.000016
37943 0.000022
37944 0.000010
37945 0.000018
37946 0.000011
37947 0.000012
37948 0.000017
37949 0.000031
37950 0.000026
37951 0.000017
37952 0.000021
37953 0.000022
37954 0.000012
37955 0.000013
37956 0.000008
37957 0.000010
37958 0.000015
37959 0.000018
37960 0.000017
37961 0.000016
37962 0.000018
37963 0.000010
37964 0.000016
37965 0.000014
37966 0.000030
37967 0.000019
37968 0.000029
37969 0.000035
37970 0.000036
37971 0.000016
37972 0.000024
37973 0.000019
37974 0.000019
37975 0.000026
37976 0.000047
37977 0.000028
37978 0.000027
37979 0.000014
37980 0.000023
37981 0.000016
37982 0.000016
37983 0.000010
37984 0.000005
37985 0.000005
37986 0.000013
37987 0.000011
37988 0.000006
37989 0.000015
37990 0.000019
37991 0.000026
37992 0.000039
37993 0.000011
37994 0.000021
37995 0.000018
37996 0.000022
37997 0.000016
37998 0.000009
37999 0.000005
38000 0.000026
38001 0.000020
38002 0.000011
38003 0.000015
38004 0.000025
38005 0.000033
38006 0.000015
38007 0.000016
38008 0.000006
38009 0.000005
38010 0.000019
38011 0.000035
38012 0.000016
38013 0.000021
38014 0.000036
38015 0.000023
38016 0.000019
38017 0.000029
38018 0.000024
38019 0.000015
38020 0.000018
38021 0.000022
38022 0.000014
38023 0.000022
38024 0.000013
38025 0.000016
38026 0.000019
38027 0.000016
38028 0.000027
38029 0.000009
38030 0.000021
38031 0.000016
38032 0.000007
38033 0.000009
38034 0.000007
38035 0.000010
38036 0.000019
38037 0.000023
38038 0.000038
38039 0.000015
38040 0.000015
38041 0.000008
38042 0.000019
38043 0.000011
38044 0.000018
38045 0.000025
38046 0.000018
38047 0.000017
38048 0.000026
38049 0.000033
38050 0.000033
38051 0.000018
38052 0.000010
38053 0.000010
38054 0.000024
38055 0.000012
38056 0.000022
38057 0.000041
38058 0.000014
38059 0.000017
38060 0.000025
38061 0.000022
38062 0.000021
38063 0.000015
38064 0.000011
38065 0.000008
38066 0.000007
38067 0.000009
38068 0.000009
38069 0.000012
38070 0.000020
38071 0.000018
38072 0.000018
38073 0.000011
38074 0.000007
38075 0.000026
38076 0.000029
38077 0.000022
38078 0.000024
38079 0.000018
38080 0.000018
38081 0.000030
38082 0.000028
38083 0.000031
38084 0.000034
38085 0.000051
38086 0.000026
38087 0.000030
38088 0.000016
38089 0.000022
38090 0.000011
38091 0.000014
38092 0.000010
38093 0.000018
38094 0.000024
38095 0.000013
38096 0.000038
38097 0.000023
38098 0.000037
38099 0.000016
38100 0.000014
38101 0.000041
38102 0.000025
38103 0.000011
38104 0.000033
38105 0.000031
38106 0.000014
38107 0.000023
38108 0.000011
38109 0.000017
38110 0.000007
38111 0.000010
38112 0.000010
38113 0.000015
38114 0.000032
38115 0.000023
38116 0.000045
38117 0.000026
38118 0.000013
38119 0.000014
38120 0.000019
38121 0.000052
38122 0.000018
38123 0.000022
38124 0.000022
38125 0.000021
38126 0.000025
38127 0.000037
38128 0.000019
38129 0.000016
38130 0.000010
38131 0.000007
38132 0.000017
38133 0.000024
38134 0.000020
38135 0.000015
38136 0.000013
38137 0.000032
38138 0.000040
38139 0.000034
38140 0.000021
38141 0.000012
38142 0.000025
38143 0.000018
38144 0.000011
38145 0.000023
38146 0.000008
38147 0.000029
38148 0.000012
38149 0.000013
38150 0.000031
38151 0.000029
38152 0.000022
38153 0.000019
38154 0.000017
38155 0.000020
38156 0.000024
38157 0.000018
38158 0.000033
38159 0.000019
38160 0.000023
38161 0.000013
38162 0.000033
38163 0.000031
38164 0.000038
38165 0.000022
38166 0.000009
38167 0.000017
38168 0.000021
38169 0.000020
38170 0.000009
38171 0.000023
38172 0.000031
38173 0.000024
38174 0.000015
38175 0.000026
38176 0.000032
38177 0.000038
38178 0.000016
38179 0.000015
38180 0.000006
38181 0.000015
38182 0.000032
38183 0.000018
38184 0.000023
38185 0.000020
38186 0.000015
38187 0.000017
38188 0.000022
38189 0.000015
38190 0.000006
38191 0.000008
38192 0.000017
38193 0.000017
38194 0.000016
38195 0.000005
38196 0.000020
38197 0.000043
38198 0.000041
38199 0.000022
38200 0.000019
38201 0.000027
38202 0.000012
38203 0.000013
38204 0.000015
38205 0.000017
38206 0.000011
38207 0.000016
38208 0.000015
38209 0.000020
38210 0.000022
38211 0.000028
38212 0.000022
38213 0.000023
38214 0.000014
38215 0.000015
38216 0.000018
38217 0.000013
38218 0.000013
38219 0.000030
38220 0.000037
38221 0.000016
38222 0.000017
38223 0.000010
38224 0.000028
38225 0.000018
38226 0.000018
38227 0.000013
38228 0.000018
38229 0.000011
38230 0.000011
38231 0.000008
38232 0.000022
38233 0.000012
38234 0.000032
38235 0.000052
38236 0.000023
38237 0.000017
38238 0.000007
38239 0.000015
38240 0.000011
38241 0.000014
38242 0.000033
38243 0.000015
38244 0.000021
38245 0.000012
38246 0.000006
38247 0.000005
38248 0.000020
38249 0.000020
38250 0.000020
38251 0.000018
38252 0.000031
38253 0.000024
38254 0.000025
38255 0.000011
38256 0.000019
38257 0.000010
38258 0.000010
38259 0.000013
38260 0.000009
38261 0.000016
38262 0.000022
38263 0.000030
38264 0.000043
38265 0.000020
38266 0.000027
38267 0.000012
38268 0.000016
38269 0.000006
38270 0.000011
38271 0.000024
38272 0.000018
38273 0.000021
38274 0.000006
38275 0.000016
38276 0.000020
38277 0.000014
38278 0.000019
38279 0.000014
38280 0.000017
38281 0.000020
38282 0.000020
38283 0.000010
38284 0.000011
38285 0.000023
38286 0.000025
38287 0.000022
38288 0.000028
38289 0.000015
38290 0.000009
38291 0.000010
38292 0.000012
38293 0.000008
38294 0.000020
38295 0.000017
38296 0.000010
38297 0.000016
38298 0.000017
38299 0.000028
38300 0.000019
38301 0.000042
38302 0.000026
38303 0.000014
38304 0.000019
38305 0.000017
38306 0.000023
38307 0.000040
38308 0.000022
38309 0.000017
38310 0.000006
38311 0.000015
38312 0.000007
38313 0.000023
38314 0.000013
38315 0.000009
38316 0.000015
38317 0.000010
38318 0.000014
38319 0.000029
38320 0.000015
38321 0.000014
38322 0.000020
38323 0.000014
38324 0.000009
38325 0.000006
38326 0.000016
38327 0.000044
38328 0.000013
38329 0.000013
38330 0.000033
38331 0.000029
38332 0.000043
38333 0.000024
38334 0.000023
38335 0.000022
38336 0.000012
38337 0.000005
38338 0.000007
38339 0.000016
38340 0.000019
38341 0.000020
38342 0.000013
38343 0.000012
38344 0.000023
38345 0.000037
38346 0.000049
38347 0.000044
38348 0.000017
38349 0.000044
38350 0.000022
38351 0.000025
38352 0.000025
38353 0.000026
38354 0.000029
38355 0.000043
38356 0.000030
38357 0.000011
38358 0.000017
38359 0.000012
38360 0.000013
38361 0.000038
38362 0.000038
38363 0.000011
38364 0.000021
38365 0.000026
38366 0.000015
38367 0.000012
38368 0.000024
38369 0.000017
38370 0.000017
38371 0.000012
38372 0.000008
38373 0.000037
38374 0.000020
38375 0.000031
38376 0.000037
38377 0.000019
38378 0.000021
38379 0.000007
38380 0.000010
38381 0.000034
38382 0.000028
38383 0.000015
38384 0.000021
38385 0.000023
38386 0.000006
38387 0.000013
38388 0.000006
38389 0.000016
38390 0.000010
38391 0.000015
38392 0.000017
38393 0.000010
38394 0.000010
38395 0.000011
38396 0.000031
38397 0.000012
38398 0.000021
38399 0.000018
38400 0.000024
38401 0.000024
38402 0.000008
38403 0.000008
38404 0.000016
38405 0.000030
38406 0.000029
38407 0.000013
38408 0.000032
38409 0.000036
38410 0.000035
38411 0.000020
38412 0.000025
38413 0.000010
38414 0.000015
38415 0.000015
38416 0.000024
38417 0.000020
38418 0.000023
38419 0.000023
38420 0.000016
38421 0.000010
38422 0.000035
38423 0.000039
38424 0.000037
38425 0.000022
38426 0.000020
38427 0.000026
38428 0.000020
38429 0.000012
38430 0.000026
38431 0.000007
38432 0.000010
38433 0.000013
38434 0.000022
38435 0.000022
38436 0.000025
38437 0.000022
38438 0.000036
38439 0.000042
38440 0.000027
38441 0.000036
38442 0.000018
38443 0.000015
38444 0.000012
38445 0.000016
38446 0.000045
38447 0.000049
38448 0.000026
38449 0.000014
38450 0.000021
38451 0.000017
38452 0.000011
38453 0.000017
38454 0.000025
38455 0.000015
38456 0.000024
38457 0.000029
38458 0.000043
38459 0.000020
38460 0.000035
38461 0.000013
38462 0.000041
38463 0.000042
38464 0.000037
38465 0.000017
38466 0.000016
38467 0.000013
38468 0.000031
38469 0.000025
38470 0.000019
38471 0.000030
38472 0.000025
38473 0.000028
38474 0.000012
38475 0.000015
38476 0.000021
38477 0.000040
38478 0.000027
38479 0.000015
38480 0.000010
38481 0.000010
38482 0.000011
38483 0.000012
38484 0.000013
38485 0.000044
38486 0.000032
38487 0.000018
38488 0.000009
38489 0.000010
38490 0.000025
38491 0.000030
38492 0.000011
38493 0.000016
38494 0.000010
38495 0.000019
38496 0.000018
38497 0.000031
38498 0.000029
38499 0.000008
38500 0.000007
38501 0.000010
38502 0.000022
38503 0.000024
38504 0.000008
38505 0.000017
38506 0.000009
38507 0.000009
38508 0.000022
38509 0.000043
38510 0.000026
38511 0.000019
38512 0.000026
38513 0.000013
38514 0.000010
38515 0.000028
38516 0.000024
38517 0.000028
38518 0.000020
38519 0.000022
38520 0.000018
38521 0.000011
38522 0.000022
38523 0.000022
38524 0.000019
38525 0.000018
38526 0.000009
38527 0.000005
38528 0.000009
38529 0.000005
38530 0.000019
38531 0.000016
38532 0.000017
38533 0.000018
38534 0.000011
38535 0.000007
38536 0.000015
38537 0.000005
38538 0.000019
38539 0.000018
38540 0.000023
38541 0.000007
38542 0.000005
38543 0.000031
38544 0.000052
38545 0.000021
38546 0.000020
38547 0.000046
38548 0.000038
38549 0.000031
38550 0.000013
38551 0.000023
38552 0.000026
38553 0.000023
38554 0.000019
38555 0.000030
38556 0.000030
38557 0.000028
38558 0.000036
38559 0.000030
38560 0.000012
38561 0.000024
38562 0.000024
38563 0.000047
38564 0.000038
38565 0.000025
38566 0.000024
38567 0.000026
38568 0.000011
38569 0.000006
38570 0.000024
38571 0.000045
38572 0.000024
38573 0.000025
38574 0.000018
38575 0.000021
38576 0.000012
38577 0.000019
38578 0.000009
38579 0.000011
38580 0.000011
38581 0.000018
38582 0.000006
38583 0.000012
38584 0.000005
38585 0.000004
38586 0.000021
38587 0.000012
38588 0.000013
38589 0.000016
38590 0.000011
38591 0.000016
38592 0.000015
38593 0.000026
38594 0.000025
38595 0.000038
38596 0.000014
38597 0.000021
38598 0.000042
38599 0.000020
38600 0.000013
38601 0.000011
38602 0.000021
38603 0.000029
38604 0.000025
38605 0.000014
38606 0.000010
38607 0.000012
38608 0.000039
38609 0.000027
38610 0.000020
38611 0.000022
38612 0.000013
38613 0.000020
38614 0.000011
38615 0.000021
38616 0.000012
38617 0.000017
38618 0.000014
38619 0.000030
38620 0.000025
38621 0.000035
38622 0.000021
38623 0.000014
38624 0.000014
38625 0.000009
38626 0.000015
38627 0.000006
38628 0.000012
38629 0.000006
38630 0.000013
38631 0.000007
38632 0.000009
38633 0.000016
38634 0.000010
38635 0.000010
38636 0.000012
38637 0.000005
38638 0.000008
38639 0.000030
38640 0.000029
38641 0.000024
38642 0.000033
38643 0.000019
38644 0.000011
38645 0.000032
38646 0.000016
38647 0.000012
38648 0.000017
38649 0.000019
38650 0.000018
38651 0.000011
38652 0.000009
38653 0.000027
38654 0.000035
38655 0.000019
38656 0.000023
38657 0.000018
38658 0.000017
38659 0.000011
38660 0.000020
38661 0.000012
38662 0.000013
38663 0.000012
38664 0.000011
38665 0.000020
38666 0.000014
38667 0.000028
38668 0.000029
38669 0.000037
38670 0.000028
38671 0.000037
38672 0.000017
38673 0.000030
38674 0.000044
38675 0.000024
38676 0.000031
38677 0.000019
38678 0.000014
38679 0.000019
38680 0.000031
38681 0.000021
38682 0.000032
38683 0.000025
38684 0.000030
38685 0.000021
38686 0.000021
38687 0.000022
38688 0.000011
38689 0.000017
38690 0.000020
38691 0.000017
38692 0.000025
38693 0.000025
38694 0.000016
38695 0.000033
38696 0.000023
38697 0.000014
38698 0.000010
38699 0.000012
38700 0.000011
38701 0.000021
38702 0.000008
38703 0.000017
38704 0.000010
38705 0.000011
38706 0.000019
38707 0.000026
38708 0.000018
38709 0.000008
38710 0.000039
38711 0.000023
38712 0.000023
38713 0.000013
38714 0.000021
38715 0.000013
38716 0.000028
38717 0.000011
38718 0.000017
38719 0.000016
38720 0.000036
38721 0.000018
38722 0.000031
38723 0.000045
38724 0.000019
38725 0.000014
38726 0.000012
38727 0.000007
38728 0.000015
38729 0.000031
38730 0.000040
38731 0.000017
38732 0.000021
38733 0.000020
38734 0.000017
38735 0.000023
38736 0.000025
38737 0.000010
38738 0.000019
38739 0.000008
38740 0.000011
38741 0.000020
38742 0.000013
38743 0.000021
38744 0.000017
38745 0.000020
38746 0.000015
38747 0.000031
38748 0.000019
38749 0.000008
38750 0.000017
38751 0.000021
38752 0.000024
38753 0.000013
38754 0.000041
38755 0.000031
38756 0.000062
38757 0.000033
38758 0.000018
38759 0.000019
38760 0.000019
38761 0.000011
38762 0.000027
38763 0.000018
38764 0.000023
38765 0.000016
38766 0.000022
38767 0.000048
38768 0.000024
38769 0.000031
38770 0.000043
38771 0.000015
38772 0.000017
38773 0.000011
38774 0.000022
38775 0.000029
38776 0.000028
38777 0.000018
38778 0.000021
38779 0.000009
38780 0.000020
38781 0.000015
38782 0.000012
38783 0.000024
38784 0.000021
38785 0.000016
38786 0.000018
38787 0.000018
38788 0.000013
38789 0.000024
38790 0.000012
38791 0.000006
38792 0.000010
38793 0.000007
38794 0.000016
38795 0.000019
38796 0.000018
38797 0.000019
38798 0.000033
38799 0.000022
38800 0.000027
38801 0.000007
38802 0.000019
38803 0.000026
38804 0.000009
38805 0.000017
38806 0.000022
38807 0.000022
38808 0.000025
38809 0.000013
38810 0.000009
38811 0.000021
38812 0.000029
38813 0.000014
38814 0.000034
38815 0.000019
38816 0.000022
38817 0.000015
38818 0.000007
38819 0.000011
38820 0.000016
38821 0.000032
38822 0.000020
38823 0.000009
38824 0.000012
38825 0.000027
38826 0.000017
38827 0.000016
38828 0.000018
38829 0.000018
38830 0.000012
38831 0.000015
38832 0.000019
38833 0.000011
38834 0.000018
38835 0.000016
38836 0.000023
38837 0.000023
38838 0.000016
38839 0.000035
38840 0.000028
38841 0.000020
38842 0.000028
38843 0.000027
38844 0.000019
38845 0.000019
38846 0.000020
38847 0.000012
38848 0.000006
38849 0.000017
38850 0.000031
38851 0.000014
38852 0.000018
38853 0.000030
38854 0.000017
38855 0.000012
38856 0.000013
38857 0.000018
38858 0.000012
38859 0.000013
38860 0.000026
38861 0.000041
38862 0.000030
38863 0.000010
38864 0.000015
38865 0.000007
38866 0.000008
38867 0.000010
38868 0.000010
38869 0.000005
38870 0.000029
38871 0.000012
38872 0.000025
38873 0.000029
38874 0.000011
38875 0.000018
38876 0.000033
38877 0.000016
38878 0.000024
38879 0.000041
38880 0.000030
38881 0.000030
38882 0.000022
38883 0.000024
38884 0.000012
38885 0.000013
38886 0.000018
38887 0.000018
38888 0.000011
38889 0.000022
38890 0.000008
38891 0.000019
38892 0.000025
38893 0.000023
38894 0.000010
38895 0.000007
38896 0.000019
38897 0.000011
38898 0.000010
38899 0.000016
38900 0.000017
38901 0.000017
38902 0.000017
38903 0.000005
38904 0.000018
38905 0.000015
38906 0.000006
38907 0.000009
38908 0.000022
38909 0.000012
38910 0.000017
38911 0.000033
38912 0.000031
38913 0.000012
38914 0.000009
38915 0.000005
38916 0.000015
38917 0.000016
38918 0.000006
38919 0.000025
38920 0.000030
38921 0.000026
38922 0.000031
38923 0.000016
38924 0.000022
38925 0.000012
38926 0.000017
38927 0.000012
38928 0.000014
38929 0.000023
38930 0.000022
38931 0.000005
38932 0.000017
38933 0.000009
38934 0.000010
38935 0.000029
38936 0.000013
38937 0.000027
38938 0.000012
38939 0.000017
38940 0.000010
38941 0.000006
38942 0.000004
38943 0.000007
38944 0.000010
38945 0.000032
38946 0.000010
38947 0.000005
38948 0.000024
38949 0.000039
38950 0.000044
38951 0.000048
38952 0.000021
38953 0.000007
38954 0.000017
38955 0.000012
38956 0.000015
38957 0.000013
38958 0.000033
38959 0.000028
38960 0.000032
38961 0.000030
38962 0.000011
38963 0.000009
38964 0.000022
38965 0.000012
38966 0.000040
38967 0.000040
38968 0.000032
38969 0.000016
38970 0.000021
38971 0.000011
38972 0.000016
38973 0.000024
38974 0.000013
38975 0.000026
38976 0.000044
38977 0.000019
38978 0.000020
38979 0.000041
38980 0.000027
38981 0.000017
38982 0.000017
38983 0.000026
38984 0.000042
38985 0.000014
38986 0.000012
38987 0.000013
38988 0.000021
38989 0.000018
38990 0.000007
38991 0.000007
38992 0.000015
38993 0.000020
38994 0.000009
38995 0.000025
38996 0.000036
38997 0.000037
38998 0.000040
38999 0.000041
39000 0.000017
39001 0.000019
39002 0.000023
39003 0.000009
39004 0.000035
39005 0.000024
39006 0.000013
39007 0.000016
39008 0.000017
39009 0.000021
39010 0.000024
39011 0.000036
39012 0.000039
39013 0.000039
39014 0.000036
39015 0.000039
39016 0.000011
39017 0.000020
39018 0.000014
39019 0.000008
39020 0.000019
39021 0.000020
39022 0.000016
39023 0.000014
39024 0.000028
39025 0.000012
39026 0.000008
39027 0.000008
39028 0.000020
39029 0.000011
39030 0.000015
39031 0.000009
39032 0.000019
39033 0.000027
39034 0.000017
39035 0.000017
39036 0.000023
39037 0.000021
39038 0.000012
39039 0.000017
39040 0.000022
39041 0.000017
39042 0.000016
39043 0.000028
39044 0.000017
39045 0.000008
39046 0.000017
39047 0.000021
39048 0.000016
39049 0.000010
39050 0.000013
39051 0.000022
39052 0.000011
39053 0.000010
39054 0.000013
39055 0.000011
39056 0.000024
39057 0.000020
39058 0.000023
39059 0.000008
39060 0.000009
39061 0.000005
39062 0.000014
39063 0.000021
39064 0.000020
39065 0.000035
39066 0.000020
39067 0.000025
39068 0.000026
39069 0.000041
39070 0.000028
39071 0.000013
39072 0.000009
39073 0.000026
39074 0.000028
39075 0.000014
39076 0.000017
39077 0.000018
39078 0.000032
39079 0.000024
39080 0.000010
39081 0.000017
39082 0.000016
39083 0.000006
39084 0.000020
39085 0.000024
39086 0.000016
39087 0.000012
39088 0.000014
39089 0.000024
39090 0.000040
39091 0.000027
39092 0.000014
39093 0.000010
39094 0.000008
39095 0.000005
39096 0.000004
39097 0.000011
39098 0.000013
39099 0.000026
39100 0.000021
39101 0.000011
39102 0.000012
39103 0.000024
39104 0.000013
39105 0.000019
39106 0.000012
39107 0.000017
39108 0.000044
39109 0.000015
39110 0.000011
39111 0.000026
39112 0.000012
39113 0.000024
39114 0.000016
39115 0.000018
39116 0.000018
39117 0.000023
39118 0.000017
39119 0.000021
39120 0.000020
39121 0.000010
39122 0.000015
39123 0.000043
39124 0.000015
39125 0.000033
39126 0.000044
39127 0.000017
39128 0.000008
39129 0.000005
39130 0.000019
39131 0.000012
39132 0.000038
39133 0.000016
39134 0.000017
39135 0.000017
39136 0.000019
39137 0.000024
39138 0.000022
39139 0.000013
39140 0.000021
39141 0.000033
39142 0.000037
39143 0.000024
39144 0.000022
39145 0.000024
39146 0.000023
39147 0.000023
39148 0.000030
39149 0.000041
39150 0.000045
39151 0.000017
39152 0.000036
39153 0.000040
39154 0.000033
39155 0.000019
39156 0.000013
39157 0.000014
39158 0.000030
39159 0.000022
39160 0.000017
39161 0.000032
39162 0.000028
39163 0.000015
39164 0.000013
39165 0.000005
39166 0.000009
39167 0.000005
39168 0.000012
39169 0.000013
39170 0.000008
39171 0.000007
39172 0.000019
39173 0.000011
39174 0.000006
39175 0.000018
39176 0.000010
39177 0.000005
39178 0.000009
39179 0.000010
39180 0.000009
39181 0.000014
39182 0.000009
39183 0.000041
39184 0.000055
39185 0.000033
39186 0.000012
39187 0.000006
39188 0.000009
39189 0.000026
39190 0.000016
39191 0.000016
39192 0.000013
39193 0.000017
39194 0.000024
39195 0.000027
39196 0.000025
39197 0.000012
39198 0.000016
39199 0.000009
39200 0.000013
39201 0.000014
39202 0.000031
39203 0.000058
39204 0.000028
39205 0.000009
39206 0.000014
39207 0.000015
39208 0.000024
39209 0.000025
39210 0.000026
39211 0.000023
39212 0.000019
39213 0.000030
39214 0.000009
39215 0.000009
39216 0.000010
39217 0.000017
39218 0.000034
39219 0.000026
39220 0.000025
39221 0.000055
39222 0.000057
39223 0.000054
39224 0.000037
39225 0.000026
39226 0.000016
39227 0.000021
39228 0.000022
39229 0.000036
39230 0.000011
39231 0.000018
39232 0.000019
39233 0.000021
39234 0.000011
39235 0.000023
39236 0.000007
39237 0.000011
39238 0.000014
39239 0.000029
39240 0.000011
39241 0.000013
39242 0.000016
39243 0.000027
39244 0.000034
39245 0.000019
39246 0.000019
39247 0.000025
39248 0.000026
39249 0.000033
39250 0.000029
39251 0.000011
39252 0.000010
39253 0.000012
39254 0.000005
39255 0.000018
39256 0.000013
39257 0.000009
39258 0.000017
39259 0.000007
39260 0.000022
39261 0.000024
39262 0.000019
39263 0.000011
39264 0.000008
39265 0.000019
39266 0.000013
39267 0.000026
39268 0.000017
39269 0.000022
39270 0.000018
39271 0.000011
39272 0.000005
39273 0.000007
39274 0.000006
39275 0.000020
39276 0.000021
39277 0.000029
39278 0.000022
39279 0.000018
39280 0.000029
39281 0.000039
39282 0.000039
39283 0.000041
39284 0.000016
39285 0.000030
39286 0.000019
39287 0.000018
39288 0.000032
39289 0.000011
39290 0.000028
39291 0.000029
39292 0.000020
39293 0.000011
39294 0.000013
39295 0.000020
39296 0.000022
39297 0.000013
39298 0.000008
39299 0.000008
39300 0.000009
39301 0.000033
39302 0.000010
39303 0.000006
39304 0.000020
39305 0.000020
39306 0.000028
39307 0.000035
39308 0.000011
39309 0.000023
39310 0.000018
39311 0.000035
39312 0.000025
39313 0.000024
39314 0.000025
39315 0.000017
39316 0.000029
39317 0.000017
39318 0.000014
39319 0.000024
39320 0.000017
39321 0.000024
39322 0.000013
39323 0.000009
39324 0.000016
39325 0.000020
39326 0.000015
39327 0.000016
39328 0.000021
39329 0.000018
39330 0.000014
39331 0.000030
39332 0.000041
39333 0.000038
39334 0.000015
39335 0.000018
39336 0.000008
39337 0.000020
39338 0.000034
39339 0.000017
39340 0.000025
39341 0.000024
39342 0.000023
39343 0.000016
39344 0.000005
39345 0.000012
39346 0.000006
39347 0.000008
39348 0.000017
39349 0.000017
39350 0.000019
39351 0.000017
39352 0.000010
39353 0.000009
39354 0.000021
39355 0.000027
39356 0.000017
39357 0.000018
39358 0.000032
39359 0.000020
39360 0.000013
39361 0.000008
39362 0.000015
39363 0.000006
39364 0.000005
39365 0.000019
39366 0.000012
39367 0.000009
39368 0.000013
39369 0.000015
39370 0.000033
39371 0.000014
39372 0.000005
39373 0.000017
39374 0.000015
39375 0.000013
39376 0.000009
39377 0.000016
39378 0.000031
39379 0.000037
39380 0.000022
39381 0.000026
39382 0.000030
39383 0.000010
39384 0.000007
39385 0.000005
39386 0.000012
39387 0.000022
39388 0.000016
39389 0.000021
39390 0.000018
39391 0.000011
39392 0.000016
39393 0.000032
39394 0.000027
39395 0.000032
39396 0.000018
39397 0.000025
39398 0.000025
39399 0.000016
39400 0.000024
39401 0.000023
39402 0.000028
39403 0.000019
39404 0.000024
39405 0.000019
39406 0.000020
39407 0.000009
39408 0.000017
39409 0.000012
39410 0.000023
39411 0.000015
39412 0.000009
39413 0.000030
39414 0.000038
39415 0.000008
39416 0.000009
39417 0.000014
39418 0.000027
39419 0.000018
39420 0.000014
39421 0.000019
39422 0.000030
39423 0.000015
39424 0.000010
39425 0.000007
39426 0.000027
39427 0.000011
39428 0.000018
39429 0.000023
39430 0.000018
39431 0.000011
39432 0.000013
39433 0.000025
39434 0.000028
39435 0.000034
39436 0.000025
39437 0.000024
39438 0.000016
39439 0.000008
39440 0.000025
39441 0.000033
39442 0.000017
39443 0.000016
39444 0.000019
39445 0.000019
39446 0.000011
39447 0.000020
39448 0.000011
39449 0.000041
39450 0.000033
39451 0.000017
39452 0.000010
39453 0.000011
39454 0.000012
39455 0.000008
39456 0.000018
39457 0.000042
39458 0.000029
39459 0.000043
39460 0.000019
39461 0.000021
39462 0.000015
39463 0.000027
39464 0.000021
39465 0.000015
39466 0.000014
39467 0.000015
39468 0.000035
39469 0.000016
39470 0.000015
39471 0.000016
39472 0.000019
39473 0.000038
39474 0.000033
39475 0.000021
39476 0.000021
39477 0.000018
39478 0.000022
39479 0.000039
39480 0.000041
39481 0.000047
39482 0.000025
39483 0.000033
39484 0.000025
39485 0.000018
39486 0.000014
39487 0.000029
39488 0.000011
39489 0.000014
39490 0.000007
39491 0.000025
39492 0.000014
39493 0.000037
39494 0.000021
39495 0.000009
39496 0.000019
39497 0.000011
39498 0.000021
39499 0.000021
39500 0.000022
39501 0.000018
39502 0.000011
39503 0.000031
39504 0.000017
39505 0.000012
39506 0.000019
39507 0.000008
39508 0.000015
39509 0.000036
39510 0.000038
39511 0.000019
39512 0.000010
39513 0.000024
39514 0.000021
39515 0.000012
39516 0.000022
39517 0.000020
39518 0.000012
39519 0.000026
39520 0.000029
39521 0.000024
39522 0.000017
39523 0.000031
39524 0.000020
39525 0.000027
39526 0.000023
39527 0.000016
39528 0.000026
39529 0.000037
39530 0.000047
39531 0.000035
39532 0.000015
39533 0.000015
39534 0.000018
39535 0.000025
39536 0.000007
39537 0.000006
39538 0.000021
39539 0.000015
39540 0.000015
39541 0.000023
39542 0.000021
39543 0.000017
39544 0.000037
39545 0.000029
39546 0.000044
39547 0.000027
39548 0.000011
39549 0.000014
39550 0.000022
39551 0.000022
39552 0.000018
39553 0.000029
39554 0.000017
39555 0.000023
39556 0.000011
39557 0.000023
39558 0.000011
39559 0.000012
39560 0.000031
39561 0.000018
39562 0.000028
39563 0.000021
39564 0.000021
39565 0.000017
39566 0.000024
39567 0.000015
39568 0.000006
39569 0.000030
39570 0.000017
39571 0.000015
39572 0.000027
39573 0.000039
39574 0.000028
39575 0.000019
39576 0.000007
39577 0.000006
39578 0.000024
39579 0.000048
39580 0.000036
39581 0.000018
39582 0.000037
39583 0.000032
39584 0.000018
39585 0.000012
39586 0.000030
39587 0.000021
39588 0.000028
39589 0.000023
39590 0.000025
39591 0.000032
39592 0.000033
39593 0.000023
39594 0.000013
39595 0.000007
39596 0.000018
39597 0.000013
39598 0.000015
39599 0.000027
39600 0.000016
39601 0.000024
39602 0.000028
39603 0.000006
39604 0.000016
39605 0.000015
39606 0.000018
39607 0.000037
39608 0.000015
39609 0.000031
39610 0.000032
39611 0.000029
39612 0.000032
39613 0.000016
39614 0.000012
39615 0.000009
39616 0.000008
39617 0.000008
39618 0.000008
39619 0.000012
39620 0.000026
39621 0.000013
39622 0.000017
39623 0.000024
39624 0.000028
39625 0.000016
39626 0.000019
39627 0.000015
39628 0.000011
39629 0.000014
39630 0.000020
39631 0.000032
39632 0.000024
39633 0.000017
39634 0.000021
39635 0.000015
39636 0.000011
39637 0.000018
39638 0.000027
39639 0.000017
39640 0.000020
39641 0.000013
39642 0.000010
39643 0.000025
39644 0.000023
39645 0.000016
39646 0.000010
39647 0.000020
39648 0.000024
39649 0.000025
39650 0.000017
39651 0.000019
39652 0.000019
39653 0.000026
39654 0.000019
39655 0.000028
39656 0.000016
39657 0.000034
39658 0.000025
39659 0.000020
39660 0.000013
39661 0.000005
39662 0.000015
39663 0.000013
39664 0.000009
39665 0.000017
39666 0.000015
39667 0.000014
39668 0.000034
39669 0.000023
39670 0.000020
39671 0.000022
39672 0.000014
39673 0.000012
39674 0.000008
39675 0.000006
39676 0.000008
39677 0.000035
39678 0.000025
39679 0.000020
39680 0.000013
39681 0.000023
39682 0.000026
39683 0.000014
39684 0.000011
39685 0.000023
39686 0.000009
39687 0.000021
39688 0.000013
39689 0.000044
39690 0.000021
39691 0.000020
39692 0.000018
39693 0.000015
39694 0.000033
39695 0.000017
39696 0.000018
39697 0.000012
39698 0.000017
39699 0.000017
39700 0.000014
39701 0.000013
39702 0.000046
39703 0.000050
39704 0.000052
39705 0.000039
39706 0.000021
39707 0.000011
39708 0.000018
39709 0.000012
39710 0.000012
39711 0.000027
39712 0.000014
39713 0.000010
39714 0.000026
39715 0.000011
39716 0.000024
39717 0.000018
39718 0.000018
39719 0.000029
39720 0.000011
39721 0.000005
39722 0.000010
39723 0.000021
39724 0.000023
39725 0.000028
39726 0.000017
39727 0.000013
39728 0.000014
39729 0.000023
39730 0.000016
39731 0.000036
39732 0.000041
39733 0.000020
39734 0.000024
39735 0.000019
39736 0.000007
39737 0.000008
39738 0.000009
39739 0.000026
39740 0.000016
39741 0.000015
39742 0.000007
39743 0.000010
39744 0.000007
39745 0.000008
39746 0.000012
39747 0.000008
39748 0.000015
39749 0.000018
39750 0.000018
39751 0.000012
39752 0.000007
39753 0.000006
39754 0.000010
39755 0.000028
39756 0.000011
39757 0.000014
39758 0.000007
39759 0.000004
39760 0.000046
39761 0.000018
39762 0.000007
39763 0.000024
39764 0.000017
39765 0.000010
39766 0.000009
39767 0.000011
39768 0.000014
39769 0.000009
39770 0.000017
39771 0.000009
39772 0.000008
39773 0.000011
39774 0.000021
39775 0.000025
39776 0.000018
39777 0.000013
39778 0.000023
39779 0.000017
39780 0.000010
39781 0.000012
39782 0.000008
39783 0.000005
39784 0.000025
39785 0.000007
39786 0.000013
39787 0.000034
39788 0.000027
39789 0.000012
39790 0.000011
39791 0.000026
39792 0.000028
39793 0.000030
39794 0.000041
39795 0.000014
39796 0.000039
39797 0.000044
39798 0.000015
39799 0.000011
39800 0.000014
39801 0.000008
39802 0.000024
39803 0.000016
39804 0.000023
39805 0.000015
39806 0.000009
39807 0.000013
39808 0.000015
39809 0.000016
39810 0.000019
39811 0.000007
39812 0.000011
39813 0.000016
39814 0.000032
39815 0.000019
39816 0.000041
39817 0.000020
39818 0.000019
39819 0.000006
39820 0.000010
39821 0.000025
39822 0.000031
39823 0.000034
39824 0.000032
39825 0.000016
39826 0.000010
39827 0.000025
39828 0.000027
39829 0.000030
39830 0.000023
39831 0.000018
39832 0.000032
39833 0.000028
39834 0.000030
39835 0.000008
39836 0.000019
39837 0.000012
39838 0.000021
39839 0.000012
39840 0.000012
39841 0.000007
39842 0.000020
39843 0.000024
39844 0.000012
39845 0.000009
39846 0.000022
39847 0.000008
39848 0.000041
39849 0.000029
39850 0.000009
39851 0.000015
39852 0.000010
39853 0.000012
39854 0.000008
39855 0.000005
39856 0.000007
39857 0.000012
39858 0.000022
39859 0.000012
39860 0.000030
39861 0.000025
39862 0.000033
39863 0.000022
39864 0.000021
39865 0.000013
39866 0.000027
39867 0.000030
39868 0.000022
39869 0.000021
39870 0.000011
39871 0.000012
39872 0.000019
39873 0.000011
39874 0.000006
39875 0.000011
39876 0.000027
39877 0.000028
39878 0.000022
39879 0.000030
39880 0.000029
39881 0.000020
39882 0.000025
39883 0.000016
39884 0.000015
39885 0.000026
39886 0.000036
39887 0.000025
39888 0.000034
39889 0.000032
39890 0.000022
39891 0.000009
39892 0.000014
39893 0.000029
39894 0.000020
39895 0.000015
39896 0.000016
39897 0.000018
39898 0.000017
39899 0.000016
39900 0.000010
39901 0.000012
39902 0.000015
39903 0.000006
39904 0.000008
39905 0.000012
39906 0.000025
39907 0.000052
39908 0.000026
39909 0.000026
39910 0.000010
39911 0.000015
39912 0.000029
39913 0.000017
39914 0.000027
39915 0.000026
39916 0.000062
39917 0.000063
39918 0.000024
39919 0.000039
39920 0.000025
39921 0.000012
39922 0.000021
39923 0.000011
39924 0.000030
39925 0.000021
39926 0.000011
39927 0.000005
39928 0.000018
39929 0.000021
39930 0.000018
39931 0.000027
39932 0.000023
39933 0.000029
39934 0.000022
39935 0.000018
39936 0.000010
39937 0.000009
39938 0.000015
39939 0.000028
39940 0.000011
39941 0.000018
39942 0.000016
39943 0.000017
39944 0.000024
39945 0.000028
39946 0.000016
39947 0.000015
39948 0.000023
39949 0.000017
39950 0.000024
39951 0.000021
39952 0.000038
39953 0.000015
39954 0.000014
39955 0.000005
39956 0.000016
39957 0.000019
39958 0.000015
39959 0.000009
39960 0.000015
39961 0.000022
39962 0.000015
39963 0.000019
39964 0.000008
39965 0.000017
39966 0.000017
39967 0.000016
39968 0.000015
39969 0.000016
39970 0.000010
39971 0.000033
39972 0.000012
39973 0.000018
39974 0.000010
39975 0.000010
39976 0.000011
39977 0.000011
39978 0.000011
39979 0.000017
39980 0.000015
39981 0.000025
39982 0.000007
39983 0.000021
39984 0.000021
39985 0.000022
39986 0.000018
39987 0.000013
39988 0.000013
39989 0.000012
39990 0.000018
39991 0.000021
39992 0.000041
39993 0.000049
39994 0.000027
39995 0.000033
39996 0.000032
39997 0.000045
39998 0.000047
39999 0.000039
40000 0.000027
40001 0.000024
40002 0.000010
40003 0.000005
40004 0.000004
40005 0.000006
40006 0.000013
40007 0.000006
40008 0.000007
40009 0.000033
40010 0.000024
40011 0.000034
40012 0.000045
40013 0.000026
40014 0.000019
40015 0.000008
40016 0.000016
40017 0.000014
40018 0.000019
40019 0.000026
40020 0.000026
40021 0.000032
40022 0.000025
40023 0.000054
40024 0.000026
40025 0.000025
40026 0.000014
40027 0.000027
40028 0.000012
40029 0.000028
40030 0.000028
40031 0.000040
40032 0.000053
40033 0.000043
40034 0.000020
40035 0.000009
40036 0.000008
40037 0.000027
40038 0.000019
40039 0.000018
40040 0.000018
40041 0.000032
40042 0.000013
40043 0.000010
40044 0.000011
40045 0.000009
40046 0.000030
40047 0.000034
40048 0.000028
40049 0.000023
40050 0.000012
40051 0.000013
40052 0.000020
40053 0.000012
40054 0.000011
40055 0.000013
40056 0.000007
40057 0.000023
40058 0.000014
40059 0.000019
40060 0.000022
40061 0.000039
40062 0.000048
40063 0.000020
40064 0.000025
40065 0.000029
40066 0.000015
40067 0.000021
40068 0.000012
40069 0.000024
40070 0.000019
40071 0.000022
40072 0.000021
40073 0.000016
40074 0.000008
40075 0.000014
40076 0.000024
40077 0.000010
40078 0.000022
40079 0.000012
40080 0.000018
40081 0.000018
40082 0.000020
40083 0.000010
40084 0.000020
40085 0.000051
40086 0.000030
40087 0.000008
40088 0.000021
40089 0.000025
40090 0.000010
40091 0.000027
40092 0.000018
40093 0.000024
40094 0.000037
40095 0.000026
40096 0.000020
40097 0.000010
40098 0.000026
40099 0.000014
40100 0.000025
40101 0.000032
40102 0.000035
40103 0.000010
40104 0.000012
40105 0.000009
40106 0.000027
40107 0.000007
40108 0.000009
40109 0.000019
40110 0.000006
40111 0.000034
40112 0.000022
40113 0.000017
40114 0.000010
40115 0.000016
40116 0.000022
40117 0.000009
40118 0.000018
40119 0.000037
40120 0.000017
40121 0.000011
40122 0.000012
40123 0.000012
40124 0.000009
40125 0.000005
40126 0.000004
40127 0.000004
40128 0.000023
40129 0.000027
40130 0.000050
40131 0.000034
40132 0.000020
40133 0.000038
40134 0.000014
40135 0.000012
40136 0.000018
40137 0.000010
40138 0.000006
40139 0.000036
40140 0.000036
40141 0.000036
40142 0.000039
40143 0.000023
40144 0.000021
40145 0.000012
40146 0.000016
40147 0.000023
40148 0.000010
40149 0.000015
40150 0.000023
40151 0.000014
40152 0.000009
40153 0.000014
40154 0.000031
40155 0.000041
40156 0.000021
40157 0.000020
40158 0.000027
40159 0.000012
40160 0.000022
40161 0.000026
40162 0.000022
40163 0.000014
40164 0.000015
40165 0.000028
40166 0.000012
40167 0.000025
40168 0.000015
40169 0.000029
40170 0.000024
40171 0.000017
40172 0.000015
40173 0.000030
40174 0.000020
40175 0.000022
40176 0.000034
40177 0.000040
40178 0.000021
40179 0.000020
40180 0.000014
40181 0.000024
40182 0.000040
40183 0.000026
40184 0.000010
40185 0.000015
40186 0.000016
40187 0.000010
40188 0.000014
40189 0.000023
40190 0.000026
40191 0.000027
40192 0.000036
40193 0.000036
40194 0.000015
40195 0.000007
40196 0.000004
40197 0.000018
40198 0.000017
40199 0.000012
40200 0.000014
40201 0.000011
40202 0.000026
40203 0.000012
40204 0.000010
40205 0.000033
40206 0.000009
40207 0.000016
40208 0.000008
40209 0.000010
40210 0.000019
40211 0.000034
40212 0.000017
40213 0.000010
40214 0.000039
40215 0.000061
40216 0.000022
40217 0.000025
40218 0.000020
40219 0.000011
40220 0.000026
40221 0.000036
40222 0.000055
40223 0.000025
40224 0.000030
40225 0.000010
40226 0.000006
40227 0.000018
40228 0.000009
40229 0.000010
40230 0.000017
40231 0.000012
40232 0.000025
40233 0.000026
40234 0.000030
40235 0.000022
40236 0.000017
40237 0.000016
40238 0.000022
40239 0.000029
40240 0.000034
40241 0.000010
40242 0.000005
40243 0.000007
40244 0.000005
40245 0.000020
40246 0.000009
40247 0.000010
40248 0.000011
40249 0.000005
40250 0.000015
40251 0.000009
40252 0.000009
40253 0.000013
40254 0.000025
40255 0.000016
40256 0.000024
40257 0.000012
40258 0.000017
40259 0.000027
40260 0.000039
40261 0.000022
40262 0.000021
40263 0.000025
40264 0.000017
40265 0.000017
40266 0.000011
40267 0.000026
40268 0.000025
40269 0.000016
40270 0.000012
40271 0.000014
40272 0.000019
40273 0.000025
40274 0.000028
40275 0.000016
40276 0.000017
40277 0.000008
40278 0.000030
40279 0.000045
40280 0.000028
40281 0.000028
40282 0.000013
40283 0.000020
40284 0.000006
40285 0.000013
40286 0.000015
40287 0.000020
40288 0.000021
40289 0.000016
40290 0.000015
40291 0.000005
40292 0.000014
40293 0.000024
40294 0.000011
40295 0.000023
40296 0.000018
40297 0.000008
40298 0.000015
40299 0.000029
40300 0.000028
40301 0.000012
40302 0.000034
40303 0.000020
40304 0.000020
40305 0.000015
40306 0.000015
40307 0.000026
40308 0.000014
40309 0.000007
40310 0.000006
40311 0.000004
40312 0.000011
40313 0.000025
40314 0.000026
40315 0.000023
40316 0.000014
40317 0.000019
40318 0.000022
40319 0.000017
40320 0.000010
40321 0.000008
40322 0.000007
40323 0.000010
40324 0.000004
40325 0.000019
40326 0.000020
40327 0.000007
40328 0.000009
40329 0.000018
40330 0.000013
40331 0.000015
40332 0.000053
40333 0.000017
40334 0.000008
40335 0.000025
40336 0.000041
40337 0.000010
40338 0.000028
40339 0.000032
40340 0.000030
40341 0.000021
40342 0.000020
40343 0.000014
40344 0.000007
40345 0.000022
40346 0.000013
40347 0.000026
40348 0.000015
40349 0.000006
40350 0.000013
40351 0.000015
40352 0.000026
40353 0.000032
40354 0.000010
40355 0.000010
40356 0.000017
40357 0.000030
40358 0.000012
40359 0.000027
40360 0.000007
40361 0.000022
40362 0.000017
40363 0.000030
40364 0.000016
40365 0.000016
40366 0.000007
40367 0.000010
40368 0.000014
40369 0.000007
40370 0.000011
40371 0.000012
40372 0.000013
40373 0.000023
40374 0.000018
40375 0.000019
40376 0.000016
40377 0.000022
40378 0.000011
40379 0.000013
40380 0.000010
40381 0.000010
40382 0.000016
40383 0.000018
40384 0.000014
40385 0.000028
40386 0.000035
40387 0.000033
40388 0.000023
40389 0.000026
40390 0.000030
40391 0.000014
40392 0.000023
40393 0.000021
40394 0.000024
40395 0.000008
40396 0.000005
40397 0.000033
40398 0.000048
40399 0.000016
40400 0.000017
40401 0.000011
40402 0.000010
40403 0.000020
40404 0.000021
40405 0.000012
40406 0.000014
40407 0.000006
40408 0.000005
40409 0.000027
40410 0.000023
40411 0.000014
40412 0.000028
40413 0.000032
40414 0.000045
40415 0.000016
40416 0.000035
40417 0.000015
40418 0.000025
40419 0.000007
40420 0.000012
40421 0.000041
40422 0.000027
40423 0.000030
40424 0.000014
40425 0.000053
40426 0.000031
40427 0.000031
40428 0.000035
40429 0.000019
40430 0.000017
40431 0.000014
40432 0.000007
40433 0.000007
40434 0.000012
40435 0.000035
40436 0.000019
40437 0.000025
40438 0.000015
40439 0.000040
40440 0.000023
40441 0.000024
40442 0.000028
40443 0.000027
40444 0.000020
40445 0.000025
40446 0.000026
40447 0.000034
40448 0.000020
40449 0.000022
40450 0.000014
40451 0.000017
40452 0.000026
40453 0.000012
40454 0.000034
40455 0.000024
40456 0.000020
40457 0.000011
40458 0.000019
40459 0.000013
40460 0.000015
40461 0.000012
40462 0.000013
40463 0.000017
40464 0.000012
40465 0.000009
40466 0.000024
40467 0.000016
40468 0.000024
40469 0.000019
40470 0.000057
40471 0.000043
40472 0.000014
40473 0.000016
40474 0.000048
40475 0.000025
40476 0.000056
40477 0.000063
40478 0.000050
40479 0.000034
40480 0.000053
40481 0.000039
40482 0.000036
40483 0.000037
40484 0.000031
40485 0.000016
40486 0.000011
40487 0.000027
40488 0.000025
40489 0.000016
40490 0.000015
40491 0.000031
40492 0.000023
40493 0.000016
40494 0.000017
40495 0.000030
40496 0.000024
40497 0.000036
40498 0.000032
40499 0.000027
40500 0.000040
40501 0.000025
40502 0.000013
40503 0.000018
40504 0.000007
40505 0.000016
40506 0.000023
40507 0.000023
40508 0.000021
40509 0.000040
40510 0.000031
40511 0.000029
40512 0.000014
40513 0.000021
40514 0.000024
40515 0.000034
40516 0.000032
40517 0.000036
40518 0.000018
40519 0.000007
40520 0.000014
40521 0.000006
40522 0.000011
40523 0.000011
40524 0.000012
40525 0.000018
40526 0.000008
40527 0.000008
40528 0.000020
40529 0.000010
40530 0.000012
40531 0.000027
40532 0.000017
40533 0.000023
40534 0.000009
40535 0.000005
40536 0.000010
40537 0.000013
40538 0.000019
40539 0.000007
40540 0.000008
40541 0.000010
40542 0.000026
40543 0.000014
40544 0.000018
40545 0.000020
40546 0.000009
40547 0.000027
40548 0.000009
40549 0.000008
40550 0.000024
40551 0.000037
40552 0.000032
40553 0.000034
40554 0.000026
40555 0.000019
40556 0.000034
40557 0.000015
40558 0.000028
40559 0.000017
40560 0.000016
40561 0.000011
40562 0.000018
40563 0.000019
40564 0.000040
40565 0.000019
40566 0.000023
40567 0.000019
40568 0.000012
40569 0.000008
40570 0.000018
40571 0.000012
40572 0.000015
40573 0.000013
40574 0.000011
40575 0.000022
40576 0.000030
40577 0.000016
40578 0.000026
40579 0.000031
40580 0.000043
40581 0.000021
40582 0.000028
40583 0.000034
40584 0.000023
40585 0.000024
40586 0.000013
40587 0.000011
40588 0.000041
40589 0.000021
40590 0.000015
40591 0.000017
40592 0.000006
40593 0.000008
40594 0.000018
40595 0.000028
40596 0.000019
40597 0.000019
40598 0.000008
40599 0.000035
40600 0.000038
40601 0.000041
40602 0.000026
40603 0.000026
40604 0.000027
40605 0.000018
40606 0.000017
40607 0.000024
40608 0.000035
40609 0.000028
40610 0.000009
40611 0.000011
40612 0.000005
40613 0.000026
40614 0.000017
40615 0.000037
40616 0.000025
40617 0.000047
40618 0.000032
40619 0.000012
40620 0.000013
40621 0.000014
40622 0.000010
40623 0.000019
40624 0.000014
40625 0.000012
40626 0.000012
40627 0.000028
40628 0.000027
40629 0.000016
40630 0.000020
40631 0.000037
40632 0.000008
40633 0.000004
40634 0.000006
40635 0.000014
40636 0.000010
40637 0.000008
40638 0.000010
40639 0.000014
40640 0.000012
40641 0.000012
40642 0.000008
40643 0.000030
40644 0.000010
40645 0.000007
40646 0.000012
40647 0.000015
40648 0.000027
40649 0.000014
40650 0.000015
40651 0.000048
40652 0.000044
40653 0.000027
40654 0.000022
40655 0.000016
40656 0.000012
40657 0.000023
40658 0.000023
40659 0.000013
40660 0.000020
40661 0.000017
40662 0.000011
40663 0.000027
40664 0.000015
40665 0.000015
40666 0.000022
40667 0.000019
40668 0.000019
40669 0.000006
40670 0.000031
40671 0.000021
40672 0.000014
40673 0.000013
40674 0.000055
40675 0.000030
40676 0.000025
40677 0.000018
40678 0.000011
40679 0.000031
40680 0.000013
40681 0.000017
40682 0.000015
40683 0.000018
40684 0.000017
40685 0.000020
40686 0.000016
40687 0.000017
40688 0.000015
40689 0.000009
40690 0.000006
40691 0.000033
40692 0.000030
40693 0.000042
40694 0.000021
40695 0.000013
40696 0.000016
40697 0.000032
40698 0.000016
40699 0.000027
40700 0.000020
40701 0.000019
40702 0.000032
40703 0.000024
40704 0.000019
40705 0.000011
40706 0.000020
40707 0.000017
40708 0.000026
40709 0.000015
40710 0.000011
40711 0.000006
40712 0.000006
40713 0.000026
40714 0.000028
40715 0.000025
40716 0.000024
40717 0.000024
40718 0.000007
40719 0.000026
40720 0.000039
40721 0.000036
40722 0.000038
40723 0.000028
40724 0.000018
40725 0.000007
40726 0.000027
40727 0.000011
40728 0.000023
40729 0.000008
40730 0.000014
40731 0.000024
40732 0.000007
40733 0.000013
40734 0.000012
40735 0.000019
40736 0.000007
40737 0.000006
40738 0.000017
40739 0.000013
40740 0.000016
40741 0.000015
40742 0.000027
40743 0.000024
40744 0.000011
40745 0.000017
40746 0.000023
40747 0.000010
40748 0.000015
40749 0.000012
40750 0.000010
40751 0.000005
40752 0.000008
40753 0.000021
40754 0.000016
40755 0.000023
40756 0.000013
40757 0.000009
40758 0.000012
40759 0.000019
40760 0.000007
40761 0.000004
40762 0.000019
40763 0.000017
40764 0.000024
40765 0.000011
40766 0.000021
40767 0.000021
40768 0.000028
40769 0.000020
40770 0.000009
40771 0.000011
40772 0.000005
40773 0.000020
40774 0.000015
40775 0.000007
40776 0.000013
40777 0.000026
40778 0.000025
40779 0.000040
40780 0.000016
40781 0.000027
40782 0.000020
40783 0.000035
40784 0.000039
40785 0.000024
40786 0.000019
40787 0.000016
40788 0.000025
40789 0.000010
40790 0.000023
40791 0.000032
40792 0.000020
40793 0.000010
40794 0.000008
40795 0.000005
40796 0.000016
40797 0.000015
40798 0.000022
40799 0.000031
40800 0.000022
40801 0.000011
40802 0.000017
40803 0.000012
40804 0.000020
40805 0.000008
40806 0.000006
40807 0.000009
40808 0.000027
40809 0.000031
40810 0.000021
40811 0.000031
40812 0.000019
40813 0.000016
40814 0.000008
40815 0.000016
40816 0.000028
40817 0.000029
40818 0.000018
40819 0.000015
40820 0.000010
40821 0.000013
40822 0.000009
40823 0.000019
40824 0.000033
40825 0.000016
40826 0.000012
40827 0.000006
40828 0.000025
40829 0.000043
40830 0.000021
40831 0.000032
40832 0.000037
40833 0.000016
40834 0.000011
40835 0.000011
40836 0.000027
40837 0.000020
40838 0.000011
40839 0.000021
40840 0.000011
40841 0.000047
40842 0.000030
40843 0.000011
40844 0.000026
40845 0.000011
40846 0.000024
40847 0.000019
40848 0.000013
40849 0.000023
40850 0.000015
40851 0.000015
40852 0.000030
40853 0.000015
40854 0.000007
40855 0.000014
40856 0.000021
40857 0.000012
40858 0.000007
40859 0.000017
40860 0.000016
40861 0.000009
40862 0.000011
40863 0.000020
40864 0.000015
40865 0.000018
40866 0.000011
40867 0.000020
40868 0.000019
40869 0.000036
40870 0.000018
40871 0.000018
40872 0.000038
40873 0.000034
40874 0.000013
40875 0.000015
40876 0.000017
40877 0.000013
40878 0.000015
40879 0.000009
40880 0.000021
40881 0.000018
40882 0.000020
40883 0.000007
40884 0.000012
40885 0.000020
40886 0.000023
40887 0.000029
40888 0.000009
40889 0.000020
40890 0.000023
40891 0.000020
40892 0.000009
40893 0.000021
40894 0.000029
40895 0.000045
40896 0.000016
40897 0.000018
40898 0.000025
40899 0.000036
40900 0.000021
40901 0.000007
40902 0.000018
40903 0.000026
40904 0.000018
40905 0.000011
40906 0.000020
40907 0.000017
40908 0.000030
40909 0.000036
40910 0.000020
40911 0.000022
40912 0.000020
40913 0.000016
40914 0.000012
40915 0.000014
40916 0.000032
40917 0.000029
40918 0.000011
40919 0.000008
40920 0.000029
40921 0.000011
40922 0.000021
40923 0.000015
40924 0.000007
40925 0.000011
40926 0.000021
40927 0.000012
40928 0.000018
40929 0.000018
40930 0.000017
40931 0.000026
40932 0.000013
40933 0.000013
40934 0.000019
40935 0.000032
40936 0.000051
40937 0.000046
40938 0.000040
40939 0.000037
40940 0.000024
40941 0.000034
40942 0.000020
40943 0.000012
40944 0.000008
40945 0.000043
40946 0.000048
40947 0.000036
40948 0.000036
40949 0.000019
40950 0.000043
40951 0.000015
40952 0.000008
40953 0.000009
40954 0.000011
40955 0.000013
40956 0.000016
40957 0.000025
40958 0.000040
40959 0.000041
40960 0.000056
40961 0.000024
40962 0.000020
40963 0.000006
40964 0.000010
40965 0.000050
40966 0.000024
40967 0.000044
40968 0.000031
40969 0.000023
40970 0.000009
40971 0.000020
40972 0.000011
40973 0.000019
40974 0.000018
40975 0.000010
40976 0.000021
40977 0.000026
40978 0.000020
40979 0.000015
40980 0.000019
40981 0.000012
40982 0.000017
40983 0.000022
40984 0.000022
40985 0.000023
40986 0.000013
40987 0.000021
40988 0.000024
40989 0.000034
40990 0.000017
40991 0.000016
40992 0.000022
40993 0.000016
40994 0.000022
40995 0.000018
40996 0.000007
40997 0.000024
40998 0.000043
40999 0.000058
41000 0.000079
41001 0.000040
41002 0.000020
41003 0.000017
41004 0.000007
41005 0.000012
41006 0.000026
41007 0.000014
41008 0.000015
41009 0.000022
41010 0.000023
41011 0.000020
41012 0.000014
41013 0.000019
41014 0.000010
41015 0.000009
41016 0.000018
41017 0.000015
41018 0.000009
41019 0.000009
41020 0.000008
41021 0.000031
41022 0.000038
41023 0.000023
41024 0.000036
41025 0.000013
41026 0.000007
41027 0.000011
41028 0.000016
41029 0.000012
41030 0.000008
41031 0.000011
41032 0.000014
41033 0.000030
41034 0.000027
41035 0.000018
41036 0.000017
41037 0.000010
41038 0.000020
41039 0.000010
41040 0.000013
41041 0.000015
41042 0.000012
41043 0.000019
41044 0.000040
41045 0.000013
41046 0.000013
41047 0.000019
41048 0.000012
41049 0.000013
41050 0.000016
41051 0.000023
41052 0.000020
41053 0.000012
41054 0.000023
41055 0.000023
41056 0.000010
41057 0.000028
41058 0.000013
41059 0.000019
41060 0.000011
41061 0.000024
41062 0.000031
41063 0.000023
41064 0.000006
41065 0.000015
41066 0.000006
41067 0.000009
41068 0.000012
41069 0.000008
41070 0.000027
41071 0.000031
41072 0.000010
41073 0.000024
41074 0.000020
41075 0.000012
41076 0.000005
41077 0.000013
41078 0.000011
41079 0.000019
41080 0.000022
41081 0.000016
41082 0.000026
41083 0.000015
41084 0.000050
41085 0.000026
41086 0.000027
41087 0.000023
41088 0.000020
41089 0.000014
41090 0.000017
41091 0.000011
41092 0.000029
41093 0.000040
41094 0.000027
41095 0.000018
41096 0.000026
41097 0.000030
41098 0.000021
41099 0.000036
41100 0.000033
41101 0.000047
41102 0.000025
41103 0.000014
41104 0.000006
41105 0.000011
41106 0.000024
41107 0.000010
41108 0.000006
41109 0.000028
41110 0.000016
41111 0.000016
41112 0.000036
41113 0.000040
41114 0.000019
41115 0.000027
41116 0.000037
41117 0.000016
41118 0.000006
41119 0.000018
41120 0.000013
41121 0.000009
41122 0.000008
41123 0.000025
41124 0.000027
41125 0.000044
41126 0.000017
41127 0.000014
41128 0.000031
41129 0.000027
41130 0.000032
41131 0.000012
41132 0.000026
41133 0.000037
41134 0.000034
41135 0.000013
41136 0.000017
41137 0.000025
41138 0.000015
41139 0.000019
41140 0.000016
41141 0.000027
41142 0.000026
41143 0.000013
41144 0.000023
41145 0.000027
41146 0.000011
41147 0.000020
41148 0.000013
41149 0.000028
41150 0.000019
41151 0.000031
41152 0.000031
41153 0.000008
41154 0.000022
41155 0.000036
41156 0.000015
41157 0.000018
41158 0.000033
41159 0.000023
41160 0.000009
41161 0.000012
41162 0.000020
41163 0.000022
41164 0.000021
41165 0.000014
41166 0.000040
41167 0.000018
41168 0.000021
41169 0.000008
41170 0.000007
41171 0.000015
41172 0.000026
41173 0.000023
41174 0.000016
41175 0.000010
41176 0.000009
41177 0.000012
41178 0.000014
41179 0.000034
41180 0.000014
41181 0.000019
41182 0.000033
41183 0.000012
41184 0.000011
41185 0.000013
41186 0.000033
41187 0.000017
41188 0.000014
41189 0.000007
41190 0.000017
41191 0.000018
41192 0.000008
41193 0.000014
41194 0.000019
41195 0.000018
41196 0.000011
41197 0.000013
41198 0.000025
41199 0.000017
41200 0.000019
41201 0.000021
41202 0.000027
41203 0.000014
41204 0.000026
41205 0.000040
41206 0.000028
41207 0.000027
41208 0.000036
41209 0.000031
41210 0.000013
41211 0.000014
41212 0.000008
41213 0.000027
41214 0.000014
41215 0.000009
41216 0.000005
41217 0.000017
41218 0.000008
41219 0.000027
41220 0.000011
41221 0.000008
41222 0.000015
41223 0.000010
41224 0.000020
41225 0.000026
41226 0.000026
41227 0.000037
41228 0.000025
41229 0.000038
41230 0.000019
41231 0.000016
41232 0.000024
41233 0.000029
41234 0.000033
41235 0.000025
41236 0.000029
41237 0.000037
41238 0.000011
41239 0.000024
41240 0.000025
41241 0.000013
41242 0.000022
41243 0.000016
41244 0.000009
41245 0.000046
41246 0.000048
41247 0.000055
41248 0.000020
41249 0.000028
41250 0.000034
41251 0.000009
41252 0.000023
41253 0.000032
41254 0.000014
41255 0.000012
41256 0.000014
41257 0.000010
41258 0.000026
41259 0.000022
41260 0.000030
41261 0.000020
41262 0.000006
41263 0.000013
41264 0.000030
41265 0.000021
41266 0.000026
41267 0.000027
41268 0.000033
41269 0.000020
41270 0.000019
41271 0.000013
41272 0.000010
41273 0.000022
41274 0.000011
41275 0.000019
41276 0.000018
41277 0.000014
41278 0.000009
41279 0.000019
41280 0.000016
41281 0.000011
41282 0.000014
41283 0.000011
41284 0.000030
41285 0.000013
41286 0.000018
41287 0.000020
41288 0.000027
41289 0.000027
41290 0.000014
41291 0.000028
41292 0.000019
41293 0.000020
41294 0.000024
41295 0.000055
41296 0.000022
41297 0.000020
41298 0.000016
41299 0.000018
41300 0.000006
41301 0.000006
41302 0.000017
41303 0.000018
41304 0.000022
41305 0.000021
41306 0.000017
41307 0.000013
41308 0.000010
41309 0.000023
41310 0.000015
41311 0.000031
41312 0.000020
41313 0.000011
41314 0.000006
41315 0.000020
41316 0.000022
41317 0.000008
41318 0.000004
41319 0.000005
41320 0.000008
41321 0.000011
41322 0.000020
41323 0.000036
41324 0.000018
41325 0.000008
41326 0.000012
41327 0.000015
41328 0.000021
41329 0.000015
41330 0.000023
41331 0.000033
41332 0.000025
41333 0.000020
41334 0.000021
41335 0.000013
41336 0.000041
41337 0.000020
41338 0.000032
41339 0.000034
41340 0.000034
41341 0.000034
41342 0.000015
41343 0.000021
41344 0.000012
41345 0.000016
41346 0.000018
41347 0.000032
41348 0.000020
41349 0.000019
41350 0.000012
41351 0.000012
41352 0.000005
41353 0.000008
41354 0.000027
41355 0.000023
41356 0.000030
41357 0.000018
41358 0.000018
41359 0.000013
41360 0.000007
41361 0.000019
41362 0.000012
41363 0.000024
41364 0.000015
41365 0.000028
41366 0.000031
41367 0.000033
41368 0.000012
41369 0.000008
41370 0.000045
41371 0.000048
41372 0.000052
41373 0.000031
41374 0.000019
41375 0.000016
41376 0.000018
41377 0.000013
41378 0.000011
41379 0.000018
41380 0.000027
41381 0.000017
41382 0.000021
41383 0.000018
41384 0.000031
41385 0.000018
41386 0.000008
41387 0.000030
41388 0.000022
41389 0.000012
41390 0.000010
41391 0.000021
41392 0.000029
41393 0.000018
41394 0.000015
41395 0.000019
41396 0.000025
41397 0.000032
41398 0.000021
41399 0.000053
41400 0.000022
41401 0.000013
41402 0.000030
41403 0.000038
41404 0.000026
41405 0.000010
41406 0.000014
41407 0.000018
41408 0.000033
41409 0.000020
41410 0.000016
41411 0.000033
41412 0.000020
41413 0.000012
41414 0.000014
41415 0.000009
41416 0.000023
41417 0.000021
41418 0.000013
41419 0.000015
41420 0.000006
41421 0.000019
41422 0.000024
41423 0.000013
41424 0.000013
41425 0.000015
41426 0.000013
41427 0.000023
41428 0.000019
41429 0.000014
41430 0.000024
41431 0.000023
41432 0.000012
41433 0.000019
41434 0.000024
41435 0.000019
41436 0.000021
41437 0.000026
41438 0.000041
41439 0.000036
41440 0.000030
41441 0.000023
41442 0.000013
41443 0.000013
41444 0.000014
41445 0.000005
41446 0.000014
41447 0.000011
41448 0.000014
41449 0.000007
41450 0.000030
41451 0.000023
41452 0.000010
41453 0.000005
41454 0.000015
41455 0.000010
41456 0.000006
41457 0.000008
41458 0.000021
41459 0.000048
41460 0.000072
41461 0.000033
41462 0.000032
41463 0.000039
41464 0.000010
41465 0.000007
41466 0.000028
41467 0.000014
41468 0.000012
41469 0.000032
41470 0.000044
41471 0.000032
41472 0.000043
41473 0.000028
41474 0.000072
41475 0.000031
41476 0.000016
41477 0.000011
41478 0.000022
41479 0.000016
41480 0.000032
41481 0.000026
41482 0.000012
41483 0.000013
41484 0.000008
41485 0.000015
41486 0.000007
41487 0.000017
41488 0.000019
41489 0.000011
41490 0.000024
41491 0.000024
41492 0.000013
41493 0.000016
41494 0.000019
41495 0.000026
41496 0.000021
41497 0.000026
41498 0.000009
41499 0.000006
41500 0.000010
41501 0.000010
41502 0.000016
41503 0.000058
41504 0.000063
41505 0.000016
41506 0.000017
41507 0.000015
41508 0.000026
41509 0.000028
41510 0.000021
41511 0.000034
41512 0.000042
41513 0.000017
41514 0.000014
41515 0.000018
41516 0.000014
41517 0.000011
41518 0.000009
41519 0.000010
41520 0.000006
41521 0.000012
41522 0.000021
41523 0.000014
41524 0.000013
41525 0.000013
41526 0.000020
41527 0.000019
41528 0.000029
41529 0.000022
41530 0.000024
41531 0.000015
41532 0.000026
41533 0.000038
41534 0.000028
41535 0.000015
41536 0.000053
41537 0.000022
41538 0.000026
41539 0.000016
41540 0.000023
41541 0.000030
41542 0.000033
41543 0.000013
41544 0.000018
41545 0.000008
41546 0.000008
41547 0.000004
41548 0.000012
41549 0.000015
41550 0.000010
41551 0.000006
41552 0.000013
41553 0.000031
41554 0.000027
41555 0.000046
41556 0.000025
41557 0.000019
41558 0.000012
41559 0.000043
41560 0.000014
41561 0.000005
41562 0.000019
41563 0.000028
41564 0.000057
41565 0.000019
41566 0.000031
41567 0.000044
41568 0.000029
41569 0.000059
41570 0.000025
41571 0.000012
41572 0.000015
41573 0.000026
41574 0.000032
41575 0.000012
41576 0.000024
41577 0.000021
41578 0.000030
41579 0.000027
41580 0.000029
41581 0.000015
41582 0.000016
41583 0.000016
41584 0.000009
41585 0.000018
41586 0.000010
41587 0.000012
41588 0.000027
41589 0.000019
41590 0.000011
41591 0.000008
41592 0.000027
41593 0.000014
41594 0.000024
41595 0.000011
41596 0.000031
41597 0.000021
41598 0.000015
41599 0.000019
41600 0.000018
41601 0.000011
41602 0.000020
41603 0.000017
41604 0.000009
41605 0.000014
41606 0.000027
41607 0.000016
41608 0.000023
41609 0.000033
41610 0.000027
41611 0.000019
41612 0.000013
41613 0.000027
41614 0.000040
41615 0.000024
41616 0.000017
41617 0.000024
41618 0.000030
41619 0.000038
41620 0.000014
41621 0.000031
41622 0.000016
41623 0.000006
41624 0.000016
41625 0.000014
41626 0.000020
41627 0.000012
41628 0.000027
41629 0.000008
41630 0.000022
41631 0.000012
41632 0.000017
41633 0.000018
41634 0.000034
41635 0.000019
41636 0.000014
41637 0.000024
41638 0.000032
41639 0.000034
41640 0.000024
41641 0.000026
41642 0.000025
41643 0.000033
41644 0.000026
41645 0.000026
41646 0.000039
41647 0.000018
41648 0.000026
41649 0.000015
41650 0.000021
41651 0.000028
41652 0.000015
41653 0.000019
41654 0.000011
41655 0.000006
41656 0.000017
41657 0.000008
41658 0.000019
41659 0.000016
41660 0.000012
41661 0.000020
41662 0.000032
41663 0.000014
41664 0.000017
41665 0.000027
41666 0.000025
41667 0.000017
41668 0.000026
41669 0.000021
41670 0.000019
41671 0.000008
41672 0.000009
41673 0.000016
41674 0.000030
41675 0.000012
41676 0.000016
41677 0.000018
41678 0.000018
41679 0.000007
41680 0.000006
41681 0.000005
41682 0.000004
41683 0.000016
41684 0.000018
41685 0.000018
41686 0.000010
41687 0.000028
41688 0.000024
41689 0.000017
41690 0.000012
41691 0.000024
41692 0.000019
41693 0.000024
41694 0.000027
41695 0.000022
41696 0.000024
41697 0.000023
41698 0.000035
41699 0.000021
41700 0.000038
41701 0.000038
41702 0.000014
41703 0.000015
41704 0.000024
41705 0.000014
41706 0.000038
41707 0.000019
41708 0.000019
41709 0.000024
41710 0.000018
41711 0.000024
41712 0.000009
41713 0.000011
41714 0.000019
41715 0.000033
41716 0.000015
41717 0.000021
41718 0.000026
41719 0.000022
41720 0.000022
41721 0.000013
41722 0.000032
41723 0.000014
41724 0.000009
41725 0.000024
41726 0.000013
41727 0.000010
41728 0.000007
41729 0.000004
41730 0.000017
41731 0.000022
41732 0.000034
41733 0.000013
41734 0.000022
41735 0.000024
41736 0.000033
41737 0.000046
41738 0.000060
41739 0.000023
41740 0.000024
41741 0.000037
41742 0.000028
41743 0.000008
41744 0.000010
41745 0.000038
41746 0.000009
41747 0.000009
41748 0.000005
41749 0.000011
41750 0.000018
41751 0.000013
41752 0.000019
41753 0.000035
41754 0.000033
41755 0.000019
41756 0.000019
41757 0.000020
41758 0.000021
41759 0.000009
41760 0.000016
41761 0.000021
41762 0.000026
41763 0.000014
41764 0.000022
41765 0.000021
41766 0.000016
41767 0.000022
41768 0.000021
41769 0.000036
41770 0.000025
41771 0.000010
41772 0.000009
41773 0.000015
41774 0.000015
41775 0.000035
41776 0.000020
41777 0.000031
41778 0.000059
41779 0.000013
41780 0.000014
41781 0.000009
41782 0.000009
41783 0.000023
41784 0.000037
41785 0.000034
41786 0.000036
41787 0.000029
41788 0.000019
41789 0.000024
41790 0.000020
41791 0.000040
41792 0.000043
41793 0.000010
41794 0.000018
41795 0.000015
41796 0.000035
41797 0.000033
41798 0.000014
41799 0.000015
41800 0.000017
41801 0.000014
41802 0.000015
41803 0.000031
41804 0.000010
41805 0.000008
41806 0.000011
41807 0.000005
41808 0.000005
41809 0.000005
41810 0.000007
41811 0.000013
41812 0.000008
41813 0.000013
41814 0.000020
41815 0.000012
41816 0.000011
41817 0.000033
41818 0.000012
41819 0.000012
41820 0.000014
41821 0.000015
41822 0.000021
41823 0.000022
41824 0.000011
41825 0.000016
41826 0.000023
41827 0.000011
41828 0.000005
41829 0.000007
41830 0.000007
41831 0.000017
41832 0.000015
41833 0.000007
41834 0.000018
41835 0.000008
41836 0.000026
41837 0.000023
41838 0.000011
41839 0.000018
41840 0.000062
41841 0.000035
41842 0.000040
41843 0.000032
41844 0.000012
41845 0.000034
41846 0.000040
41847 0.000024
41848 0.000015
41849 0.000025
41850 0.000032
41851 0.000031
41852 0.000029
41853 0.000017
41854 0.000014
41855 0.000009
41856 0.000016
41857 0.000008
41858 0.000027
41859 0.000027
41860 0.000013
41861 0.000014
41862 0.000019
41863 0.000020
41864 0.000017
41865 0.000014
41866 0.000014
41867 0.000013
41868 0.000019
41869 0.000027
41870 0.000030
41871 0.000013
41872 0.000026
41873 0.000016
41874 0.000040
41875 0.000023
41876 0.000015
41877 0.000031
41878 0.000012
41879 0.000016
41880 0.000021
41881 0.000012
41882 0.000013
41883 0.000020
41884 0.000026
41885 0.000057
41886 0.000023
41887 0.000019
41888 0.000024
41889 0.000020
41890 0.000012
41891 0.000007
41892 0.000024
41893 0.000010
41894 0.000019
41895 0.000022
41896 0.000007
41897 0.000009
41898 0.000005
41899 0.000007
41900 0.000024
41901 0.000038
41902 0.000023
41903 0.000011
41904 0.000017
41905 0.000024
41906 0.000013
41907 0.000020
41908 0.000018
41909 0.000027
41910 0.000027
41911 0.000033
41912 0.000012
41913 0.000022
41914 0.000013
41915 0.000014
41916 0.000050
41917 0.000043
41918 0.000018
41919 0.000022
41920 0.000026
41921 0.000020
41922 0.000019
41923 0.000007
41924 0.000009
41925 0.000011
41926 0.000026
41927 0.000031
41928 0.000040
41929 0.000029
41930 0.000030
41931 0.000012
41932 0.000009
41933 0.000011
41934 0.000016
41935 0.000016
41936 0.000021
41937 0.000020
41938 0.000014
41939 0.000015
41940 0.000020
41941 0.000009
41942 0.000012
41943 0.000012
41944 0.000006
41945 0.000005
41946 0.000016
41947 0.000031
41948 0.000012
41949 0.000016
41950 0.000017
41951 0.000012
41952 0.000026
41953 0.000012
41954 0.000026
41955 0.000018
41956 0.000018
41957 0.000011
41958 0.000005
41959 0.000025
41960 0.000020
41961 0.000013
41962 0.000031
41963 0.000034
41964 0.000010
41965 0.000025
41966 0.000035
41967 0.000059
41968 0.000028
41969 0.000033
41970 0.000025
41971 0.000017
41972 0.000038
41973 0.000029
41974 0.000014
41975 0.000007
41976 0.000018
41977 0.000026
41978 0.000018
41979 0.000020
41980 0.000012
41981 0.000006
41982 0.000006
41983 0.000018
41984 0.000017
41985 0.000026
41986 0.000016
41987 0.000031
41988 0.000037
41989 0.000032
41990 0.000020
41991 0.000006
41992 0.000006
41993 0.000014
41994 0.000009
41995 0.000011
41996 0.000019
41997 0.000011
41998 0.000019
41999 0.000012
42000 0.000019
42001 0.000007
42002 0.000010
42003 0.000006
42004 0.000005
42005 0.000007
42006 0.000006
42007 0.000011
42008 0.000011
42009 0.000006
42010 0.000006
42011 0.000030
42012 0.000014
42013 0.000026
42014 0.000018
42015 0.000023
42016 0.000019
42017 0.000015
42018 0.000026
42019 0.000010
42020 0.000009
42021 0.000013
42022 0.000022
42023 0.000046
42024 0.000042
42025 0.000015
42026 0.000012
42027 0.000011
42028 0.000013
42029 0.000009
42030 0.000018
42031 0.000029
42032 0.000022
42033 0.000015
42034 0.000027
42035 0.000015
42036 0.000040
42037 0.000049
42038 0.000019
42039 0.000017
42040 0.000033
42041 0.000017
42042 0.000010
42043 0.000017
42044 0.000022
42045 0.000008
42046 0.000011
42047 0.000014
42048 0.000031
42049 0.000019
42050 0.000016
42051 0.000048
42052 0.000025
42053 0.000013
42054 0.000035
42055 0.000014
42056 0.000014
42057 0.000022
42058 0.000016
42059 0.000014
42060 0.000022
42061 0.000012
42062 0.000005
42063 0.000020
42064 0.000014
42065 0.000007
42066 0.000011
42067 0.000010
42068 0.000007
42069 0.000004
42070 0.000022
42071 0.000048
42072 0.000023
42073 0.000014
42074 0.000009
42075 0.000034
42076 0.000023
42077 0.000031
42078 0.000048
42079 0.000028
42080 0.000014
42081 0.000042
42082 0.000012
42083 0.000011
42084 0.000007
42085 0.000013
42086 0.000008
42087 0.000011
42088 0.000022
42089 0.000013
42090 0.000039
42091 0.000025
42092 0.000020
42093 0.000018
42094 0.000009
42095 0.000024
42096 0.000026
42097 0.000040
42098 0.000025
42099 0.000026
42100 0.000028
42101 0.000010
42102 0.000012
42103 0.000015
42104 0.000033
42105 0.000015
42106 0.000016
42107 0.000014
42108 0.000010
42109 0.000012
42110 0.000006
42111 0.000012
42112 0.000005
42113 0.000011
42114 0.000010
42115 0.000016
42116 0.000007
42117 0.000016
42118 0.000012
42119 0.000019
42120 0.000015
42121 0.000031
42122 0.000012
42123 0.000017
42124 0.000020
42125 0.000014
42126 0.000013
42127 0.000010
42128 0.000013
42129 0.000019
42130 0.000029
42131 0.000025
42132 0.000019
42133 0.000022
42134 0.000008
42135 0.000016
42136 0.000046
42137 0.000022
42138 0.000033
42139 0.000046
42140 0.000037
42141 0.000041
42142 0.000020
42143 0.000041
42144 0.000041
42145 0.000026
42146 0.000007
42147 0.000033
42148 0.000032
42149 0.000012
42150 0.000020
42151 0.000026
42152 0.000029
42153 0.000008
42154 0.000013
42155 0.000014
42156 0.000009
42157 0.000020
42158 0.000015
42159 0.000023
42160 0.000015
42161 0.000024
42162 0.000017
42163 0.000010
42164 0.000014
42165 0.000006
42166 0.000007
42167 0.000035
42168 0.000011
42169 0.000006
42170 0.000009
42171 0.000010
42172 0.000025
42173 0.000024
42174 0.000009
42175 0.000011
42176 0.000012
42177 0.000015
42178 0.000034
42179 0.000015
42180 0.000012
42181 0.000017
42182 0.000020
42183 0.000010
42184 0.000031
42185 0.000016
42186 0.000034
42187 0.000027
42188 0.000021
42189 0.000013
42190 0.000015
42191 0.000013
42192 0.000017
42193 0.000014
42194 0.000028
42195 0.000024
42196 0.000023
42197 0.000032
42198 0.000040
42199 0.000052
42200 0.000024
42201 0.000015
42202 0.000031
42203 0.000027
42204 0.000026
42205 0.000018
42206 0.000020
42207 0.000011
42208 0.000006
42209 0.000016
42210 0.000018
42211 0.000008
42212 0.000029
42213 0.000052
42214 0.000053
42215 0.000024
42216 0.000022
42217 0.000039
42218 0.000052
42219 0.000041
42220 0.000031
42221 0.000046
42222 0.000025
42223 0.000045
42224 0.000050
42225 0.000028
42226 0.000043
42227 0.000026
42228 0.000020
42229 0.000014
42230 0.000022
42231 0.000017
42232 0.000033
42233 0.000010
42234 0.000014
42235 0.000007
42236 0.000005
42237 0.000012
42238 0.000039
42239 0.000014
42240 0.000027
42241 0.000021
42242 0.000011
42243 0.000029
42244 0.000031
42245 0.000010
42246 0.000012
42247 0.000027
42248 0.000024
42249 0.000028
42250 0.000021
42251 0.000022
42252 0.000015
42253 0.000010
42254 0.000021
42255 0.000009
42256 0.000020
42257 0.000012
42258 0.000024
42259 0.000023
42260 0.000021
42261 0.000009
42262 0.000009
42263 0.000026
42264 0.000032
42265 0.000021
42266 0.000026
42267 0.000029
42268 0.000041
42269 0.000028
42270 0.000011
42271 0.000006
42272 0.000021
42273 0.000031
42274 0.000022
42275 0.000009
42276 0.000012
42277 0.000022
42278 0.000027
42279 0.000022
42280 0.000028
42281 0.000025
42282 0.000006
42283 0.000012
42284 0.000013
42285 0.000016
42286 0.000026
42287 0.000012
42288 0.000018
42289 0.000008
42290 0.000016
42291 0.000024
42292 0.000021
42293 0.000015
42294 0.000018
42295 0.000010
42296 0.000006
42297 0.000012
42298 0.000005
42299 0.000021
42300 0.000021
42301 0.000018
42302 0.000039
42303 0.000012
42304 0.000014
42305 0.000014
42306 0.000027
42307 0.000035
42308 0.000021
42309 0.000006
42310 0.000005
42311 0.000020
42312 0.000020
42313 0.000029
42314 0.000018
42315 0.000015
42316 0.000011
42317 0.000006
42318 0.000008
42319 0.000024
42320 0.000012
42321 0.000038
42322 0.000017
42323 0.000020
42324 0.000016
42325 0.000022
42326 0.000022
42327 0.000020
42328 0.000036
42329 0.000025
42330 0.000028
42331 0.000020
42332 0.000016
42333 0.000010
42334 0.000005
42335 0.000025
42336 0.000024
42337 0.000022
42338 0.000029
42339 0.000043
42340 0.000012
42341 0.000012
42342 0.000025
42343 0.000011
42344 0.000023
42345 0.000008
42346 0.000010
42347 0.000005
42348 0.000004
42349 0.000015
42350 0.000024
42351 0.000019
42352 0.000020
42353 0.000018
42354 0.000014
42355 0.000015
42356 0.000009
42357 0.000021
42358 0.000051
42359 0.000028
42360 0.000013
42361 0.000018
42362 0.000029
42363 0.000009
42364 0.000031
42365 0.000008
42366 0.000018
42367 0.000007
42368 0.000008
42369 0.000005
42370 0.000012
42371 0.000019
42372 0.000026
42373 0.000017
42374 0.000033
42375 0.000017
42376 0.000017
42377 0.000023
42378 0.000021
42379 0.000010
42380 0.000009
42381 0.000009
42382 0.000008
42383 0.000008
42384 0.000027
42385 0.000030
42386 0.000031
42387 0.000035
42388 0.000017
42389 0.000008
42390 0.000013
42391 0.000026
42392 0.000012
42393 0.000029
42394 0.000017
42395 0.000020
42396 0.000018
42397 0.000019
42398 0.000021
42399 0.000018
42400 0.000021
42401 0.000017
42402 0.000017
42403 0.000018
42404 0.000026
42405 0.000014
42406 0.000033
42407 0.000019
42408 0.000020
42409 0.000013
42410 0.000011
42411 0.000011
42412 0.000012
42413 0.000016
42414 0.000020
42415 0.000025
42416 0.000019
42417 0.000036
42418 0.000021
42419 0.000029
42420 0.000009
42421 0.000030
42422 0.000009
42423 0.000030
42424 0.000009
42425 0.000010
42426 0.000008
42427 0.000006
42428 0.000014
42429 0.000022
42430 0.000013
42431 0.000016
42432 0.000017
42433 0.000014
42434 0.000033
42435 0.000026
42436 0.000022
42437 0.000026
42438 0.000020
42439 0.000035
42440 0.000036
42441 0.000020
42442 0.000015
42443 0.000010
42444 0.000009
42445 0.000035
42446 0.000015
42447 0.000009
42448 0.000005
42449 0.000022
42450 0.000045
42451 0.000034
42452 0.000016
42453 0.000015
42454 0.000029
42455 0.000024
42456 0.000010
42457 0.000028
42458 0.000035
42459 0.000014
42460 0.000026
42461 0.000024
42462 0.000013
42463 0.000008
42464 0.000007
42465 0.000009
42466 0.000020
42467 0.000020
42468 0.000026
42469 0.000040
42470 0.000017
42471 0.000019
42472 0.000027
42473 0.000025
42474 0.000017
42475 0.000011
42476 0.000012
42477 0.000013
42478 0.000018
42479 0.000028
42480 0.000009
42481 0.000017
42482 0.000011
42483 0.000017
42484 0.000018
42485 0.000007
42486 0.000011
42487 0.000020
42488 0.000016
42489 0.000033
42490 0.000015
42491 0.000037
42492 0.000041
42493 0.000012
42494 0.000015
42495 0.000006
42496 0.000004
42497 0.000016
42498 0.000009
42499 0.000008
42500 0.000009
42501 0.000008
42502 0.000010
42503 0.000032
42504 0.000020
42505 0.000032
42506 0.000021
42507 0.000019
42508 0.000018
42509 0.000012
42510 0.000027
42511 0.000015
42512 0.000010
42513 0.000016
42514 0.000022
42515 0.000015
42516 0.000008
42517 0.000006
42518 0.000013
42519 0.000031
42520 0.000034
42521 0.000024
42522 0.000023
42523 0.000027
42524 0.000007
42525 0.000010
42526 0.000008
42527 0.000012
42528 0.000026
42529 0.000009
42530 0.000013
42531 0.000019
42532 0.000025
42533 0.000013
42534 0.000022
42535 0.000017
42536 0.000018
42537 0.000034
42538 0.000025
42539 0.000025
42540 0.000020
42541 0.000020
42542 0.000030
42543 0.000009
42544 0.000029
42545 0.000024
42546 0.000022
42547 0.000023
42548 0.000022
42549 0.000017
42550 0.000022
42551 0.000027
42552 0.000020
42553 0.000012
42554 0.000017
42555 0.000017
42556 0.000035
42557 0.000028
42558 0.000019
42559 0.000024
42560 0.000007
42561 0.000020
42562 0.000011
42563 0.000010
42564 0.000013
42565 0.000009
42566 0.000010
42567 0.000010
42568 0.000004
42569 0.000022
42570 0.000030
42571 0.000053
42572 0.000026
42573 0.000012
42574 0.000023
42575 0.000008
42576 0.000071
42577 0.000032
42578 0.000026
42579 0.000029
42580 0.000053
42581 0.000020
42582 0.000012
42583 0.000030
42584 0.000020
42585 0.000038
42586 0.000014
42587 0.000008
42588 0.000023
42589 0.000016
42590 0.000026
42591 0.000018
42592 0.000020
42593 0.000009
42594 0.000018
42595 0.000026
42596 0.000010
42597 0.000014
42598 0.000024
42599 0.000017
42600 0.000036
42601 0.000034
42602 0.000017
42603 0.000008
42604 0.000025
42605 0.000026
42606 0.000019
42607 0.000049
42608 0.000016
42609 0.000006
42610 0.000021
42611 0.000016
42612 0.000006
42613 0.000008
42614 0.000016
42615 0.000017
42616 0.000009
42617 0.000012
42618 0.000015
42619 0.000025
42620 0.000014
42621 0.000009
42622 0.000009
42623 0.000008
42624 0.000012
42625 0.000028
42626 0.000023
42627 0.000012
42628 0.000026
42629 0.000013
42630 0.000017
42631 0.000022
42632 0.000018
42633 0.000008
42634 0.000019
42635 0.000024
42636 0.000010
42637 0.000020
42638 0.000009
42639 0.000045
42640 0.000024
42641 0.000017
42642 0.000018
42643 0.000025
42644 0.000021
42645 0.000027
42646 0.000006
42647 0.000026
42648 0.000010
42649 0.000027
42650 0.000020
42651 0.000032
42652 0.000015
42653 0.000046
42654 0.000029
42655 0.000034
42656 0.000020
42657 0.000016
42658 0.000019
42659 0.000006
42660 0.000008
42661 0.000035
42662 0.000038
42663 0.000019
42664 0.000007
42665 0.000012
42666 0.000008
42667 0.000009
42668 0.000036
42669 0.000015
42670 0.000007
42671 0.000008
42672 0.000019
42673 0.000017
42674 0.000046
42675 0.000036
42676 0.000038
42677 0.000021
42678 0.000021
42679 0.000027
42680 0.000038
42681 0.000010
42682 0.000020
42683 0.000010
42684 0.000020
42685 0.000018
42686 0.000023
42687 0.000012
42688 0.000018
42689 0.000011
42690 0.000015
42691 0.000010
42692 0.000013
42693 0.000024
42694 0.000034
42695 0.000019
42696 0.000008
42697 0.000010
42698 0.000010
42699 0.000030
42700 0.000009
42701 0.000025
42702 0.000018
42703 0.000036
42704 0.000021
42705 0.000013
42706 0.000007
42707 0.000018
42708 0.000026
42709 0.000025
42710 0.000032
42711 0.000020
42712 0.000007
42713 0.000010
42714 0.000008
42715 0.000009
42716 0.000011
42717 0.000011
42718 0.000018
42719 0.000016
42720 0.000007
42721 0.000010
42722 0.000013
42723 0.000008
42724 0.000016
42725 0.000016
42726 0.000025
42727 0.000015
42728 0.000008
42729 0.000013
42730 0.000027
42731 0.000032
42732 0.000016
42733 0.000027
42734 0.000017
42735 0.000008
42736 0.000010
42737 0.000034
42738 0.000034
42739 0.000024
42740 0.000015
42741 0.000025
42742 0.000017
42743 0.000025
42744 0.000021
42745 0.000009
42746 0.000035
42747 0.000027
42748 0.000030
42749 0.000018
42750 0.000016
42751 0.000006
42752 0.000015
42753 0.000029
42754 0.000028
42755 0.000026
42756 0.000030
42757 0.000027
42758 0.000037
42759 0.000013
42760 0.000014
42761 0.000008
42762 0.000024
42763 0.000011
42764 0.000028
42765 0.000016
42766 0.000025
42767 0.000027
42768 0.000041
42769 0.000021
42770 0.000015
42771 0.000007
42772 0.000010
42773 0.000017
42774 0.000016
42775 0.000010
42776 0.000030
42777 0.000011
42778 0.000012
42779 0.000022
42780 0.000014
42781 0.000026
42782 0.000016
42783 0.000019
42784 0.000018
42785 0.000018
42786 0.000009
42787 0.000031
42788 0.000018
42789 0.000022
42790 0.000014
42791 0.000005
42792 0.000018
42793 0.000021
42794 0.000031
42795 0.000026
42796 0.000031
42797 0.000016
42798 0.000016
42799 0.000018
42800 0.000014
42801 0.000035
42802 0.000028
42803 0.000023
42804 0.000032
42805 0.000046
42806 0.000023
42807 0.000011
42808 0.000019
42809 0.000015
42810 0.000019
42811 0.000008
42812 0.000005
42813 0.000014
42814 0.000006
42815 0.000011
42816 0.000015
42817 0.000007
42818 0.000013
42819 0.000054
42820 0.000032
42821 0.000017
42822 0.000012
42823 0.000022
42824 0.000029
42825 0.000013
42826 0.000019
42827 0.000009
42828 0.000011
42829 0.000018
42830 0.000026
42831 0.000030
42832 0.000020
42833 0.000013
42834 0.000009
42835 0.000017
42836 0.000016
42837 0.000017
42838 0.000041
42839 0.000022
42840 0.000015
42841 0.000005
42842 0.000011
42843 0.000017
42844 0.000030
42845 0.000035
42846 0.000029
42847 0.000023
42848 0.000020
42849 0.000022
42850 0.000023
42851 0.000026
42852 0.000010
42853 0.000021
42854 0.000009
42855 0.000033
42856 0.000027
42857 0.000006
42858 0.000009
42859 0.000012
42860 0.000019
42861 0.000010
42862 0.000033
42863 0.000021
42864 0.000012
42865 0.000015
42866 0.000015
42867 0.000007
42868 0.000021
42869 0.000020
42870 0.000040
42871 0.000020
42872 0.000031
42873 0.000025
42874 0.000012
42875 0.000008
42876 0.000037
42877 0.000044
42878 0.000010
42879 0.000009
42880 0.000014
42881 0.000010
42882 0.000028
42883 0.000029
42884 0.000021
42885 0.000020
42886 0.000019
42887 0.000022
42888 0.000011
42889 0.000020
42890 0.000039
42891 0.000011
42892 0.000010
42893 0.000012
42894 0.000022
42895 0.000016
42896 0.000027
42897 0.000011
42898 0.000018
42899 0.000012
42900 0.000028
42901 0.000040
42902 0.000016
42903 0.000007
42904 0.000010
42905 0.000010
42906 0.000007
42907 0.000031
42908 0.000015
42909 0.000014
42910 0.000015
42911 0.000019
42912 0.000017
42913 0.000021
42914 0.000017
42915 0.000019
42916 0.000022
42917 0.000046
42918 0.000030
42919 0.000012
42920 0.000026
42921 0.000014
42922 0.000040
42923 0.000040
42924 0.000016
42925 0.000028
42926 0.000023
42927 0.000013
42928 0.000024
42929 0.000019
42930 0.000019
42931 0.000019
42932 0.000033
42933 0.000013
42934 0.000018
42935 0.000013
42936 0.000005
42937 0.000018
42938 0.000025
42939 0.000026
42940 0.000028
42941 0.000023
42942 0.000020
42943 0.000020
42944 0.000024
42945 0.000018
42946 0.000022
42947 0.000025
42948 0.000027
42949 0.000014
42950 0.000006
42951 0.000020
42952 0.000035
42953 0.000055
42954 0.000012
42955 0.000029
42956 0.000017
42957 0.000017
42958 0.000022
42959 0.000020
42960 0.000034
42961 0.000021
42962 0.000017
42963 0.000013
42964 0.000007
42965 0.000018
42966 0.000008
42967 0.000015
42968 0.000012
42969 0.000018
42970 0.000023
42971 0.000028
42972 0.000020
42973 0.000011
42974 0.000036
42975 0.000031
42976 0.000046
42977 0.000011
42978 0.000014
42979 0.000020
42980 0.000010
42981 0.000013
42982 0.000009
42983 0.000013
42984 0.000020
42985 0.000023
42986 0.000035
42987 0.000021
42988 0.000025
42989 0.000032
42990 0.000021
42991 0.000030
42992 0.000034
42993 0.000023
42994 0.000039
42995 0.000031
42996 0.000036
42997 0.000040
42998 0.000030
42999 0.000034
43000 0.000032
43001 0.000039
43002 0.000019
43003 0.000013
43004 0.000007
43005 0.000021
43006 0.000024
43007 0.000023
43008 0.000010
43009 0.000010
43010 0.000015
43011 0.000012
43012 0.000011
43013 0.000006
43014 0.000013
43015 0.000014
43016 0.000012
43017 0.000015
43018 0.000019
43019 0.000011
43020 0.000022
43021 0.000030
43022 0.000035
43023 0.000029
43024 0.000013
43025 0.000009
43026 0.000008
43027 0.000017
43028 0.000018
43029 0.000029
43030 0.000032
43031 0.000024
43032 0.000051
43033 0.000046
43034 0.000020
43035 0.000029
43036 0.000030
43037 0.000019
43038 0.000016
43039 0.000021
43040 0.000025
43041 0.000016
43042 0.000010
43043 0.000022
43044 0.000017
43045 0.000022
43046 0.000012
43047 0.000019
43048 0.000032
43049 0.000023
43050 0.000027
43051 0.000015
43052 0.000010
43053 0.000011
43054 0.000014
43055 0.000020
43056 0.000013
43057 0.000017
43058 0.000013
43059 0.000009
43060 0.000020
43061 0.000008
43062 0.000015
43063 0.000013
43064 0.000009
43065 0.000013
43066 0.000020
43067 0.000021
43068 0.000020
43069 0.000030
43070 0.000029
43071 0.000008
43072 0.000012
43073 0.000022
43074 0.000017
43075 0.000018
43076 0.000016
43077 0.000007
43078 0.000013
43079 0.000023
43080 0.000027
43081 0.000013
43082 0.000026
43083 0.000024
43084 0.000024
43085 0.000030
43086 0.000022
43087 0.000012
43088 0.000028
43089 0.000020
43090 0.000020
43091 0.000026
43092 0.000029
43093 0.000011
43094 0.000019
43095 0.000017
43096 0.000007
43097 0.000016
43098 0.000010
43099 0.000039
43100 0.000021
43101 0.000031
43102 0.000033
43103 0.000017
43104 0.000028
43105 0.000016
43106 0.000010
43107 0.000007
43108 0.000009
43109 0.000006
43110 0.000010
43111 0.000008
43112 0.000020
43113 0.000021
43114 0.000026
43115 0.000016
43116 0.000007
43117 0.000013
43118 0.000029
43119 0.000022
43120 0.000011
43121 0.000014
43122 0.000009
43123 0.000022
43124 0.000043
43125 0.000015
43126 0.000017
43127 0.000019
43128 0.000031
43129 0.000025
43130 0.000011
43131 0.000020
43132 0.000043
43133 0.000029
43134 0.000022
43135 0.000007
43136 0.000020
43137 0.000032
43138 0.000024
43139 0.000013
43140 0.000008
43141 0.000023
43142 0.000031
43143 0.000021
43144 0.000015
43145 0.000022
43146 0.000038
43147 0.000026
43148 0.000033
43149 0.000031
43150 0.000038
43151 0.000018
43152 0.000022
43153 0.000032
43154 0.000021
43155 0.000017
43156 0.000024
43157 0.000029
43158 0.000040
43159 0.000021
43160 0.000028
43161 0.000009
43162 0.000015
43163 0.000027
43164 0.000025
43165 0.000019
43166 0.000041
43167 0.000032
43168 0.000017
43169 0.000042
43170 0.000060
43171 0.000022
43172 0.000008
43173 0.000010
43174 0.000013
43175 0.000022
43176 0.000016
43177 0.000029
43178 0.000044
43179 0.000029
43180 0.000021
43181 0.000013
43182 0.000009
43183 0.000017
43184 0.000023
43185 0.000026
43186 0.000033
43187 0.000029
43188 0.000021
43189 0.000021
43190 0.000007
43191 0.000013
43192 0.000019
43193 0.000024
43194 0.000023
43195 0.000036
43196 0.000036
43197 0.000013
43198 0.000026
43199 0.000007
43200 0.000015
43201 0.000014
43202 0.000015
43203 0.000014
43204 0.000023
43205 0.000029
43206 0.000014
43207 0.000011
43208 0.000010
43209 0.000022
43210 0.000021
43211 0.000012
43212 0.000010
43213 0.000024
43214 0.000013
43215 0.000014
43216 0.000032
43217 0.000028
43218 0.000014
43219 0.000010
43220 0.000012
43221 0.000014
43222 0.000011
43223 0.000031
43224 0.000035
43225 0.000030
43226 0.000025
43227 0.000017
43228 0.000043
43229 0.000019
43230 0.000028
43231 0.000015
43232 0.000008
43233 0.000009
43234 0.000029
43235 0.000026
43236 0.000027
43237 0.000013
43238 0.000008
43239 0.000011
43240 0.000037
43241 0.000015
43242 0.000010
43243 0.000019
43244 0.000008
43245 0.000020
43246 0.000024
43247 0.000028
43248 0.000017
43249 0.000007
43250 0.000024
43251 0.000010
43252 0.000015
43253 0.000012
43254 0.000016
43255 0.000017
43256 0.000023
43257 0.000036
43258 0.000019
43259 0.000012
43260 0.000008
43261 0.000005
43262 0.000008
43263 0.000015
43264 0.000030
43265 0.000023
43266 0.000015
43267 0.000019
43268 0.000016
43269 0.000011
43270 0.000020
43271 0.000030
43272 0.000037
43273 0.000019
43274 0.000011
43275 0.000009
43276 0.000018
43277 0.000012
43278 0.000019
43279 0.000022
43280 0.000016
43281 0.000023
43282 0.000023
43283 0.000020
43284 0.000012
43285 0.000018
43286 0.000029
43287 0.000024
43288 0.000017
43289 0.000008
43290 0.000012
43291 0.000028
43292 0.000012
43293 0.000012
43294 0.000006
43295 0.000014
43296 0.000013
43297 0.000019
43298 0.000043
43299 0.000010
43300 0.000017
43301 0.000020
43302 0.000018
43303 0.000009
43304 0.000027
43305 0.000013
43306 0.000016
43307 0.000024
43308 0.000014
43309 0.000014
43310 0.000007
43311 0.000024
43312 0.000022
43313 0.000007
43314 0.000006
43315 0.000016
43316 0.000013
43317 0.000016
43318 0.000015
43319 0.000006
43320 0.000012
43321 0.000014
43322 0.000015
43323 0.000035
43324 0.000011
43325 0.000024
43326 0.000016
43327 0.000006
43328 0.000009
43329 0.000010
43330 0.000005
43331 0.000023
43332 0.000014
43333 0.000027
43334 0.000030
43335 0.000027
43336 0.000026
43337 0.000017
43338 0.000020
43339 0.000018
43340 0.000023
43341 0.000028
43342 0.000026
43343 0.000016
43344 0.000033
43345 0.000027
43346 0.000023
43347 0.000026
43348 0.000019
43349 0.000019
43350 0.000028
43351 0.000020
43352 0.000020
43353 0.000014
43354 0.000045
43355 0.000029
43356 0.000044
43357 0.000020
43358 0.000031
43359 0.000032
43360 0.000033
43361 0.000049
43362 0.000037
43363 0.000018
43364 0.000018
43365 0.000012
43366 0.000018
43367 0.000012
43368 0.000006
43369 0.000008
43370 0.000017
43371 0.000010
43372 0.000013
43373 0.000024
43374 0.000030
43375 0.000033
43376 0.000016
43377 0.000012
43378 0.000018
43379 0.000018
43380 0.000020
43381 0.000020
43382 0.000027
43383 0.000018
43384 0.000014
43385 0.000013
43386 0.000012
43387 0.000023
43388 0.000008
43389 0.000019
43390 0.000011
43391 0.000028
43392 0.000031
43393 0.000025
43394 0.000014
43395 0.000019
43396 0.000017
43397 0.000010
43398 0.000017
43399 0.000016
43400 0.000010
43401 0.000017
43402 0.000014
43403 0.000013
43404 0.000028
43405 0.000014
43406 0.000022
43407 0.000017
43408 0.000024
43409 0.000038
43410 0.000019
43411 0.000029
43412 0.000042
43413 0.000027
43414 0.000025
43415 0.000023
43416 0.000042
43417 0.000041
43418 0.000050
43419 0.000064
43420 0.000037
43421 0.000019
43422 0.000021
43423 0.000009
43424 0.000012
43425 0.000019
43426 0.000009
43427 0.000011
43428 0.000012
43429 0.000009
43430 0.000023
43431 0.000013
43432 0.000016
43433 0.000016
43434 0.000023
43435 0.000029
43436 0.000027
43437 0.000011
43438 0.000008
43439 0.000012
43440 0.000008
43441 0.000019
43442 0.000019
43443 0.000008
43444 0.000008
43445 0.000008
43446 0.000022
43447 0.000017
43448 0.000024
43449 0.000008
43450 0.000016
43451 0.000005
43452 0.000013
43453 0.000009
43454 0.000038
43455 0.000019
43456 0.000022
43457 0.000016
43458 0.000006
43459 0.000012
43460 0.000008
43461 0.000005
43462 0.000012
43463 0.000007
43464 0.000004
43465 0.000012
43466 0.000006
43467 0.000014
43468 0.000025
43469 0.000025
43470 0.000063
43471 0.000026
43472 0.000012
43473 0.000015
43474 0.000020
43475 0.000019
43476 0.000020
43477 0.000026
43478 0.000021
43479 0.000007
43480 0.000027
43481 0.000019
43482 0.000012
43483 0.000005
43484 0.000012
43485 0.000011
43486 0.000010
43487 0.000013
43488 0.000010
43489 0.000023
43490 0.000021
43491 0.000020
43492 0.000020
43493 0.000030
43494 0.000015
43495 0.000011
43496 0.000010
43497 0.000028
43498 0.000019
43499 0.000011
43500 0.000032
43501 0.000040
43502 0.000027
43503 0.000047
43504 0.000031
43505 0.000048
43506 0.000013
43507 0.000007
43508 0.000028
43509 0.000010
43510 0.000017
43511 0.000016
43512 0.000008
43513 0.000019
43514 0.000018
43515 0.000020
43516 0.000020
43517 0.000054
43518 0.000011
43519 0.000018
43520 0.000006
43521 0.000013
43522 0.000009
43523 0.000038
43524 0.000039
43525 0.000020
43526 0.000029
43527 0.000011
43528 0.000006
43529 0.000016
43530 0.000016
43531 0.000034
43532 0.000032
43533 0.000046
43534 0.000044
43535 0.000025
43536 0.000031
43537 0.000032
43538 0.000020
43539 0.000007
43540 0.000011
43541 0.000019
43542 0.000008
43543 0.000008
43544 0.000024
43545 0.000020
43546 0.000011
43547 0.000014
43548 0.000033
43549 0.000014
43550 0.000024
43551 0.000020
43552 0.000009
43553 0.000021
43554 0.000018
43555 0.000031
43556 0.000050
43557 0.000029
43558 0.000027
43559 0.000026
43560 0.000020
43561 0.000017
43562 0.000014
43563 0.000011
43564 0.000013
43565 0.000021
43566 0.000015
43567 0.000020
43568 0.000011
43569 0.000013
43570 0.000010
43571 0.000019
43572 0.000026
43573 0.000025
43574 0.000044
43575 0.000023
43576 0.000014
43577 0.000028
43578 0.000028
43579 0.000027
43580 0.000024
43581 0.000017
43582 0.000026
43583 0.000013
43584 0.000021
43585 0.000039
43586 0.000020
43587 0.000021
43588 0.000015
43589 0.000034
43590 0.000011
43591 0.000015
43592 0.000027
43593 0.000015
43594 0.000007
43595 0.000033
43596 0.000015
43597 0.000017
43598 0.000024
43599 0.000008
43600 0.000012
43601 0.000010
43602 0.000020
43603 0.000011
43604 0.000011
43605 0.000012
43606 0.000030
43607 0.000019
43608 0.000018
43609 0.000017
43610 0.000013
43611 0.000010
43612 0.000012
43613 0.000028
43614 0.000037
43615 0.000013
43616 0.000029
43617 0.000021
43618 0.000027
43619 0.000017
43620 0.000008
43621 0.000022
43622 0.000018
43623 0.000011
43624 0.000036
43625 0.000013
43626 0.000009
43627 0.000012
43628 0.000019
43629 0.000024
43630 0.000037
43631 0.000027
43632 0.000042
43633 0.000015
43634 0.000015
43635 0.000010
43636 0.000013
43637 0.000009
43638 0.000021
43639 0.000026
43640 0.000019
43641 0.000006
43642 0.000018
43643 0.000007
43644 0.000017
43645 0.000011
43646 0.000030
43647 0.000012
43648 0.000013
43649 0.000016
43650 0.000012
43651 0.000023
43652 0.000025
43653 0.000018
43654 0.000024
43655 0.000013
43656 0.000018
43657 0.000021
43658 0.000020
43659 0.000019
43660 0.000012
43661 0.000009
43662 0.000024
43663 0.000012
43664 0.000007
43665 0.000018
43666 0.000027
43667 0.000032
43668 0.000023
43669 0.000026
43670 0.000019
43671 0.000011
43672 0.000010
43673 0.000011
43674 0.000013
43675 0.000012
43676 0.000009
43677 0.000007
43678 0.000013
43679 0.000009
43680 0.000013
43681 0.000031
43682 0.000026
43683 0.000014
43684 0.000020
43685 0.000023
43686 0.000024
43687 0.000024
43688 0.000019
43689 0.000024
43690 0.000030
43691 0.000041
43692 0.000010
43693 0.000022
43694 0.000021
43695 0.000039
43696 0.000033
43697 0.000038
43698 0.000040
43699 0.000062
43700 0.000036
43701 0.000030
43702 0.000016
43703 0.000028
43704 0.000014
43705 0.000022
43706 0.000018
43707 0.000014
43708 0.000047
43709 0.000031
43710 0.000016
43711 0.000018
43712 0.000037
43713 0.000025
43714 0.000017
43715 0.000018
43716 0.000019
43717 0.000025
43718 0.000036
43719 0.000025
43720 0.000013
43721 0.000013
43722 0.000028
43723 0.000015
43724 0.000011
43725 0.000022
43726 0.000026
43727 0.000031
43728 0.000047
43729 0.000037
43730 0.000018
43731 0.000015
43732 0.000022
43733 0.000024
43734 0.000015
43735 0.000013
43736 0.000026
43737 0.000019
43738 0.000029
43739 0.000021
43740 0.000019
43741 0.000027
43742 0.000021
43743 0.000023
43744 0.000010
43745 0.000016
43746 0.000024
43747 0.000017
43748 0.000015
43749 0.000030
43750 0.000045
43751 0.000017
43752 0.000006
43753 0.000018
43754 0.000011
43755 0.000011
43756 0.000005
43757 0.000006
43758 0.000006
43759 0.000005
43760 0.000016
43761 0.000031
43762 0.000021
43763 0.000011
43764 0.000022
43765 0.000021
43766 0.000026
43767 0.000037
43768 0.000031
43769 0.000029
43770 0.000046
43771 0.000013
43772 0.000038
43773 0.000035
43774 0.000032
43775 0.000027
43776 0.000023
43777 0.000010
43778 0.000021
43779 0.000015
43780 0.000016
43781 0.000011
43782 0.000013
43783 0.000017
43784 0.000010
43785 0.000018
43786 0.000034
43787 0.000038
43788 0.000031
43789 0.000035
43790 0.000039
43791 0.000020
43792 0.000023
43793 0.000007
43794 0.000018
43795 0.000007
43796 0.000015
43797 0.000016
43798 0.000024
43799 0.000021
43800 0.000009
43801 0.000023
43802 0.000019
43803 0.000011
43804 0.000016
43805 0.000012
43806 0.000019
43807 0.000011
43808 0.000022
43809 0.000026
43810 0.000041
43811 0.000025
43812 0.000022
43813 0.000045
43814 0.000014
43815 0.000012
43816 0.000015
43817 0.000025
43818 0.000013
43819 0.000032
43820 0.000023
43821 0.000017
43822 0.000010
43823 0.000017
43824 0.000026
43825 0.000024
43826 0.000013
43827 0.000021
43828 0.000014
43829 0.000009
43830 0.000018
43831 0.000024
43832 0.000021
43833 0.000025
43834 0.000037
43835 0.000014
43836 0.000029
43837 0.000024
43838 0.000009
43839 0.000033
43840 0.000017
43841 0.000020
43842 0.000017
43843 0.000014
43844 0.000015
43845 0.000018
43846 0.000027
43847 0.000024
43848 0.000024
43849 0.000021
43850 0.000023
43851 0.000010
43852 0.000011
43853 0.000009
43854 0.000007
43855 0.000012
43856 0.000009
43857 0.000028
43858 0.000023
43859 0.000025
43860 0.000018
43861 0.000038
43862 0.000013
43863 0.000020
43864 0.000012
43865 0.000019
43866 0.000011
43867 0.000018
43868 0.000019
43869 0.000029
43870 0.000011
43871 0.000006
43872 0.000010
43873 0.000015
43874 0.000016
43875 0.000015
43876 0.000016
43877 0.000016
43878 0.000036
43879 0.000027
43880 0.000012
43881 0.000027
43882 0.000045
43883 0.000033
43884 0.000017
43885 0.000020
43886 0.000016
43887 0.000024
43888 0.000040
43889 0.000010
43890 0.000013
43891 0.000016
43892 0.000028
43893 0.000027
43894 0.000012
43895 0.000025
43896 0.000031
43897 0.000021
43898 0.000026
43899 0.000036
43900 0.000011
43901 0.000005
43902 0.000015
43903 0.000012
43904 0.000018
43905 0.000018
43906 0.000011
43907 0.000021
43908 0.000029
43909 0.000044
43910 0.000021
43911 0.000040
43912 0.000030
43913 0.000027
43914 0.000041
43915 0.000028
43916 0.000038
43917 0.000017
43918 0.000008
43919 0.000005
43920 0.000015
43921 0.000012
43922 0.000006
43923 0.000011
43924 0.000028
43925 0.000026
43926 0.000032
43927 0.000033
43928 0.000016
43929 0.000028
43930 0.000011
43931 0.000017
43932 0.000011
43933 0.000019
43934 0.000023
43935 0.000035
43936 0.000025
43937 0.000017
43938 0.000025
43939 0.000021
43940 0.000019
43941 0.000040
43942 0.000014
43943 0.000030
43944 0.000020
43945 0.000020
43946 0.000035
43947 0.000024
43948 0.000037
43949 0.000027
43950 0.000014
43951 0.000018
43952 0.000008
43953 0.000021
43954 0.000013
43955 0.000025
43956 0.000019
43957 0.000030
43958 0.000035
43959 0.000019
43960 0.000008
43961 0.000009
43962 0.000019
43963 0.000017
43964 0.000011
43965 0.000019
43966 0.000028
43967 0.000056
43968 0.000033
43969 0.000014
43970 0.000021
43971 0.000012
43972 0.000017
43973 0.000013
43974 0.000009
43975 0.000021
43976 0.000022
43977 0.000042
43978 0.000019
43979 0.000040
43980 0.000018
43981 0.000022
43982 0.000015
43983 0.000020
43984 0.000016
43985 0.000022
43986 0.000021
43987 0.000012
43988 0.000016
43989 0.000019
43990 0.000011
43991 0.000007
43992 0.000013
43993 0.000015
43994 0.000011
43995 0.000012
43996 0.000008
43997 0.000022
43998 0.000030
43999 0.000016
44000 0.000012
44001 0.000022
44002 0.000020
44003 0.000014
44004 0.000012
44005 0.000006
44006 0.000004
44007 0.000016
44008 0.000010
44009 0.000008
44010 0.000008
44011 0.000014
44012 0.000006
44013 0.000008
44014 0.000011
44015 0.000014
44016 0.000016
44017 0.000014
44018 0.000006
44019 0.000015
44020 0.000028
44021 0.000052
44022 0.000056
44023 0.000062
44024 0.000034
44025 0.000010
44026 0.000022
44027 0.000042
44028 0.000015
44029 0.000018
44030 0.000026
44031 0.000012
44032 0.000010
44033 0.000018
44034 0.000028
44035 0.000023
44036 0.000050
44037 0.000035
44038 0.000018
44039 0.000019
44040 0.000024
44041 0.000032
44042 0.000014
44043 0.000024
44044 0.000017
44045 0.000017
44046 0.000016
44047 0.000017
44048 0.000053
44049 0.000048
44050 0.000023
44051 0.000011
44052 0.000032
44053 0.000024
44054 0.000029
44055 0.000019
44056 0.000030
44057 0.000028
44058 0.000026
44059 0.000025
44060 0.000014
44061 0.000024
44062 0.000010
44063 0.000012
44064 0.000012
44065 0.000009
44066 0.000006
44067 0.000004
44068 0.000009
44069 0.000007
44070 0.000011
44071 0.000011
44072 0.000026
44073 0.000049
44074 0.000030
44075 0.000020
44076 0.000007
44077 0.000027
44078 0.000034
44079 0.000026
44080 0.000027
44081 0.000008
44082 0.000007
44083 0.000013
44084 0.000013
44085 0.000005
44086 0.000008
44087 0.000037
44088 0.000025
44089 0.000026
44090 0.000010
44091 0.000020
44092 0.000014
44093 0.000021
44094 0.000024
44095 0.000011
44096 0.000009
44097 0.000027
44098 0.000014
44099 0.000009
44100 0.000032
44101 0.000022
44102 0.000021
44103 0.000012
44104 0.000017
44105 0.000016
44106 0.000036
44107 0.000044
44108 0.000025
44109 0.000019
44110 0.000027
44111 0.000030
44112 0.000025
44113 0.000024
44114 0.000007
44115 0.000011
44116 0.000016
44117 0.000014
44118 0.000018
44119 0.000044
44120 0.000022
44121 0.000015
44122 0.000012
44123 0.000014
44124 0.000014
44125 0.000027
44126 0.000018
44127 0.000015
44128 0.000012
44129 0.000026
44130 0.000028
44131 0.000041
44132 0.000061
44133 0.000064
44134 0.000047
44135 0.000032
44136 0.000022
44137 0.000013
44138 0.000005
44139 0.000005
44140 0.000018
44141 0.000025
44142 0.000031
44143 0.000016
44144 0.000019
44145 0.000021
44146 0.000009
44147 0.000010
44148 0.000019
44149 0.000010
44150 0.000005
44151 0.000007
44152 0.000016
44153 0.000007
44154 0.000008
44155 0.000023
44156 0.000012
44157 0.000010
44158 0.000013
44159 0.000008
44160 0.000013
44161 0.000009
44162 0.000010
44163 0.000008
44164 0.000017
44165 0.000032
44166 0.000016
44167 0.000018
44168 0.000044
44169 0.000022
44170 0.000015
44171 0.000011
44172 0.000004
44173 0.000020
44174 0.000030
44175 0.000018
44176 0.000014
44177 0.000014
44178 0.000040
44179 0.000017
44180 0.000028
44181 0.000011
44182 0.000008
44183 0.000042
44184 0.000042
44185 0.000044
44186 0.000047
44187 0.000027
44188 0.000017
44189 0.000017
44190 0.000014
44191 0.000027
44192 0.000021
44193 0.000020
44194 0.000008
44195 0.000016
44196 0.000007
44197 0.000010
44198 0.000012
44199 0.000029
44200 0.000032
44201 0.000024
44202 0.000009
44203 0.000057
44204 0.000030
44205 0.000020
44206 0.000031
44207 0.000015
44208 0.000036
44209 0.000022
44210 0.000028
44211 0.000017
44212 0.000013
44213 0.000021
44214 0.000005
44215 0.000009
44216 0.000010
44217 0.000015
44218 0.000007
44219 0.000015
44220 0.000010
44221 0.000038
44222 0.000063
44223 0.000025
44224 0.000016
44225 0.000019
44226 0.000044
44227 0.000019
44228 0.000019
44229 0.000015
44230 0.000042
44231 0.000033
44232 0.000035
44233 0.000029
44234 0.000011
44235 0.000013
44236 0.000015
44237 0.000014
44238 0.000026
44239 0.000027
44240 0.000028
44241 0.000009
44242 0.000009
44243 0.000021
44244 0.000025
44245 0.000024
44246 0.000016
44247 0.000020
44248 0.000034
44249 0.000012
44250 0.000030
44251 0.000035
44252 0.000016
44253 0.000018
44254 0.000016
44255 0.000021
44256 0.000038
44257 0.000024
44258 0.000020
44259 0.000016
44260 0.000012
44261 0.000040
44262 0.000022
44263 0.000029
44264 0.000043
44265 0.000025
44266 0.000030
44267 0.000037
44268 0.000021
44269 0.000027
44270 0.000016
44271 0.000012
44272 0.000006
44273 0.000019
44274 0.000013
44275 0.000011
44276 0.000015
44277 0.000014
44278 0.000037
44279 0.000049
44280 0.000050
44281 0.000039
44282 0.000023
44283 0.000008
44284 0.000017
44285 0.000022
44286 0.000009
44287 0.000010
44288 0.000013
44289 0.000018
44290 0.000024
44291 0.000023
44292 0.000023
44293 0.000013
44294 0.000053
44295 0.000062
44296 0.000019
44297 0.000011
44298 0.000009
44299 0.000007
44300 0.000013
44301 0.000021
44302 0.000029
44303 0.000020
44304 0.000009
44305 0.000010
44306 0.000012
44307 0.000013
44308 0.000029
44309 0.000017
44310 0.000024
44311 0.000013
44312 0.000023
44313 0.000035
44314 0.000023
44315 0.000012
44316 0.000013
44317 0.000014
44318 0.000027
44319 0.000034
44320 0.000010
44321 0.000011
44322 0.000008
44323 0.000013
44324 0.000008
44325 0.000022
44326 0.000017
44327 0.000013
44328 0.000009
44329 0.000016
44330 0.000028
44331 0.000062
44332 0.000039
44333 0.000033
44334 0.000012
44335 0.000017
44336 0.000006
44337 0.000011
44338 0.000018
44339 0.000021
44340 0.000017
44341 0.000008
44342 0.000010
44343 0.000054
44344 0.000014
44345 0.000009
44346 0.000008
44347 0.000018
44348 0.000021
44349 0.000008
44350 0.000004
44351 0.000009
44352 0.000013
44353 0.000016
44354 0.000010
44355 0.000008
44356 0.000017
44357 0.000032
44358 0.000010
44359 0.000006
44360 0.000014
44361 0.000007
44362 0.000017
44363 0.000025
44364 0.000007
44365 0.000010
44366 0.000016
44367 0.000030
44368 0.000027
44369 0.000020
44370 0.000011
44371 0.000015
44372 0.000012
44373 0.000013
44374 0.000017
44375 0.000009
44376 0.000007
44377 0.000021
44378 0.000012
44379 0.000007
44380 0.000030
44381 0.000035
44382 0.000038
44383 0.000017
44384 0.000025
44385 0.000019
44386 0.000021
44387 0.000014
44388 0.000013
44389 0.000009
44390 0.000028
44391 0.000011
44392 0.000019
44393 0.000011
44394 0.000023
44395 0.000018
44396 0.000015
44397 0.000008
44398 0.000036
44399 0.000022
44400 0.000037
44401 0.000040
44402 0.000037
44403 0.000028
44404 0.000019
44405 0.000010
44406 0.000007
44407 0.000010
44408 0.000006
44409 0.000006
44410 0.000025
44411 0.000030
44412 0.000034
44413 0.000020
44414 0.000015
44415 0.000014
44416 0.000007
44417 0.000011
44418 0.000017
44419 0.000009
44420 0.000016
44421 0.000016
44422 0.000020
44423 0.000009
44424 0.000018
44425 0.000027
44426 0.000018
44427 0.000011
44428 0.000013
44429 0.000020
44430 0.000012
44431 0.000029
44432 0.000019
44433 0.000011
44434 0.000014
44435 0.000011
44436 0.000016
44437 0.000012
44438 0.000019
44439 0.000010
44440 0.000019
44441 0.000033
44442 0.000032
44443 0.000014
44444 0.000014
44445 0.000005
44446 0.000014
44447 0.000031
44448 0.000038
44449 0.000019
44450 0.000019
44451 0.000027
44452 0.000018
44453 0.000029
44454 0.000019
44455 0.000026
44456 0.000019
44457 0.000023
44458 0.000056
44459 0.000020
44460 0.000016
44461 0.000014
44462 0.000028
44463 0.000026
44464 0.000021
44465 0.000034
44466 0.000020
44467 0.000009
44468 0.000019
44469 0.000015
44470 0.000025
44471 0.000013
44472 0.000012
44473 0.000010
44474 0.000017
44475 0.000008
44476 0.000011
44477 0.000005
44478 0.000011
44479 0.000006
44480 0.000007
44481 0.000011
44482 0.000018
44483 0.000028
44484 0.000032
44485 0.000030
44486 0.000016
44487 0.000016
44488 0.000020
44489 0.000009
44490 0.000023
44491 0.000008
44492 0.000005
44493 0.000005
44494 0.000014
44495 0.000034
44496 0.000044
44497 0.000046
44498 0.000022
44499 0.000013
44500 0.000016
44501 0.000011
44502 0.000010
44503 0.000022
44504 0.000008
44505 0.000028
44506 0.000013
44507 0.000016
44508 0.000008
44509 0.000011
44510 0.000013
44511 0.000026
44512 0.000009
44513 0.000014
44514 0.000014
44515 0.000027
44516 0.000016
44517 0.000028
44518 0.000010
44519 0.000014
44520 0.000022
44521 0.000022
44522 0.000021
44523 0.000015
44524 0.000026
44525 0.000029
44526 0.000025
44527 0.000062
44528 0.000047
44529 0.000033
44530 0.000016
44531 0.000014
44532 0.000018
44533 0.000017
44534 0.000033
44535 0.000030
44536 0.000020
44537 0.000015
44538 0.000010
44539 0.000012
44540 0.000033
44541 0.000033
44542 0.000017
44543 0.000011
44544 0.000010
44545 0.000020
44546 0.000009
44547 0.000010
44548 0.000009
44549 0.000014
44550 0.000017
44551 0.000013
44552 0.000022
44553 0.000015
44554 0.000014
44555 0.000022
44556 0.000040
44557 0.000012
44558 0.000017
44559 0.000019
44560 0.000022
44561 0.000010
44562 0.000013
44563 0.000017
44564 0.000027
44565 0.000016
44566 0.000016
44567 0.000016
44568 0.000023
44569 0.000025
44570 0.000012
44571 0.000011
44572 0.000012
44573 0.000005
44574 0.000021
44575 0.000017
44576 0.000025
44577 0.000020
44578 0.000025
44579 0.000037
44580 0.000027
44581 0.000022
44582 0.000015
44583 0.000053
44584 0.000028
44585 0.000017
44586 0.000033
44587 0.000020
44588 0.000011
44589 0.000017
44590 0.000005
44591 0.000008
44592 0.000010
44593 0.000014
44594 0.000023
44595 0.000019
44596 0.000011
44597 0.000014
44598 0.000008
44599 0.000040
44600 0.000038
44601 0.000026
44602 0.000031
44603 0.000031
44604 0.000027
44605 0.000017
44606 0.000027
44607 0.000028
44608 0.000026
44609 0.000044
44610 0.000023
44611 0.000006
44612 0.000022
44613 0.000017
44614 0.000035
44615 0.000030
44616 0.000023
44617 0.000024
44618 0.000031
44619 0.000012
44620 0.000015
44621 0.000021
44622 0.000019
44623 0.000039
44624 0.000049
44625 0.000082
44626 0.000020
44627 0.000044
44628 0.000029
44629 0.000012
44630 0.000028
44631 0.000016
44632 0.000011
44633 0.000008
44634 0.000017
44635 0.000008
44636 0.000009
44637 0.000022
44638 0.000027
44639 0.000027
44640 0.000022
44641 0.000011
44642 0.000009
44643 0.000010
44644 0.000020
44645 0.000007
44646 0.000009
44647 0.000016
44648 0.000021
44649 0.000019
44650 0.000017
44651 0.000010
44652 0.000006
44653 0.000005
44654 0.000018
44655 0.000005
44656 0.000010
44657 0.000021
44658 0.000032
44659 0.000041
44660 0.000028
44661 0.000020
44662 0.000015
44663 0.000016
44664 0.000010
44665 0.000040
44666 0.000014
44667 0.000021
44668 0.000016
44669 0.000020
44670 0.000017
44671 0.000022
44672 0.000009
44673 0.000020
44674 0.000026
44675 0.000016
44676 0.000011
44677 0.000019
44678 0.000033
44679 0.000023
44680 0.000034
44681 0.000018
44682 0.000010
44683 0.000025
44684 0.000017
44685 0.000022
44686 0.000053
44687 0.000020
44688 0.000010
44689 0.000014
44690 0.000043
44691 0.000014
44692 0.000007
44693 0.000024
44694 0.000021
44695 0.000010
44696 0.000018
44697 0.000011
44698 0.000009
44699 0.000008
44700 0.000015
44701 0.000030
44702 0.000014
44703 0.000007
44704 0.000011
44705 0.000009
44706 0.000017
44707 0.000010
44708 0.000016
44709 0.000014
44710 0.000028
44711 0.000028
44712 0.000030
44713 0.000023
44714 0.000028
44715 0.000009
44716 0.000012
44717 0.000019
44718 0.000039
44719 0.000049
44720 0.000029
44721 0.000029
44722 0.000019
44723 0.000012
44724 0.000005
44725 0.000011
44726 0.000020
44727 0.000010
44728 0.000017
44729 0.000022
44730 0.000034
44731 0.000044
44732 0.000022
44733 0.000012
44734 0.000023
44735 0.000033
44736 0.000020
44737 0.000030
44738 0.000045
44739 0.000045
44740 0.000022
44741 0.000018
44742 0.000029
44743 0.000012
44744 0.000014
44745 0.000025
44746 0.000021
44747 0.000010
44748 0.000021
44749 0.000009
44750 0.000006
44751 0.000005
44752 0.000012
44753 0.000008
44754 0.000006
44755 0.000004
44756 0.000008
44757 0.000008
44758 0.000009
44759 0.000017
44760 0.000013
44761 0.000005
44762 0.000009
44763 0.000013
44764 0.000011
44765 0.000008
44766 0.000015
44767 0.000024
44768 0.000020
44769 0.000017
44770 0.000011
44771 0.000037
44772 0.000011
44773 0.000008
44774 0.000016
44775 0.000015
44776 0.000018
44777 0.000024
44778 0.000031
44779 0.000047
44780 0.000026
44781 0.000016
44782 0.000008
44783 0.000028
44784 0.000017
44785 0.000020
44786 0.000034
44787 0.000039
44788 0.000027
44789 0.000014
44790 0.000022
44791 0.000013
44792 0.000008
44793 0.000015
44794 0.000025
44795 0.000019
44796 0.000010
44797 0.000007
44798 0.000017
44799 0.000018
44800 0.000018
44801 0.000025
44802 0.000028
44803 0.000028
44804 0.000017
44805 0.000023
44806 0.000015
44807 0.000007
44808 0.000006
44809 0.000017
44810 0.000022
44811 0.000031
44812 0.000014
44813 0.000018
44814 0.000043
44815 0.000022
44816 0.000021
44817 0.000023
44818 0.000030
44819 0.000021
44820 0.000023
44821 0.000025
44822 0.000043
44823 0.000021
44824 0.000016
44825 0.000013
44826 0.000033
44827 0.000028
44828 0.000017
44829 0.000010
44830 0.000008
44831 0.000010
44832 0.000010
44833 0.000013
44834 0.000014
44835 0.000025
44836 0.000036
44837 0.000011
44838 0.000009
44839 0.000019
44840 0.000027
44841 0.000013
44842 0.000019
44843 0.000014
44844 0.000029
44845 0.000015
44846 0.000018
44847 0.000012
44848 0.000019
44849 0.000007
44850 0.000016
44851 0.000006
44852 0.000007
44853 0.000014
44854 0.000017
44855 0.000008
44856 0.000010
44857 0.000016
44858 0.000013
44859 0.000021
44860 0.000021
44861 0.000016
44862 0.000012
44863 0.000008
44864 0.000017
44865 0.000010
44866 0.000011
44867 0.000015
44868 0.000016
44869 0.000006
44870 0.000006
44871 0.000018
44872 0.000029
44873 0.000023
44874 0.000020
44875 0.000020
44876 0.000027
44877 0.000014
44878 0.000022
44879 0.000032
44880 0.000012
44881 0.000005
44882 0.000004
44883 0.000025
44884 0.000016
44885 0.000023
44886 0.000039
44887 0.000047
44888 0.000061
44889 0.000034
44890 0.000022
44891 0.000022
44892 0.000060
44893 0.000023
44894 0.000014
44895 0.000030
44896 0.000020
44897 0.000013
44898 0.000017
44899 0.000014
44900 0.000015
44901 0.000016
44902 0.000027
44903 0.000027
44904 0.000017
44905 0.000016
44906 0.000017
44907 0.000050
44908 0.000029
44909 0.000027
44910 0.000023
44911 0.000017
44912 0.000012
44913 0.000018
44914 0.000015
44915 0.000015
44916 0.000013
44917 0.000008
44918 0.000013
44919 0.000048
44920 0.000034
44921 0.000026
44922 0.000046
44923 0.000045
44924 0.000030
44925 0.000041
44926 0.000031
44927 0.000021
44928 0.000009
44929 0.000035
44930 0.000027
44931 0.000014
44932 0.000009
44933 0.000019
44934 0.000011
44935 0.000021
44936 0.000039
44937 0.000047
44938 0.000019
44939 0.000027
44940 0.000021
44941 0.000015
44942 0.000023
44943 0.000008
44944 0.000032
44945 0.000036
44946 0.000025
44947 0.000014
44948 0.000036
44949 0.000037
44950 0.000037
44951 0.000041
44952 0.000015
44953 0.000007
44954 0.000009
44955 0.000014
44956 0.000031
44957 0.000024
44958 0.000010
44959 0.000016
44960 0.000020
44961 0.000034
44962 0.000011
44963 0.000006
44964 0.000023
44965 0.000010
44966 0.000011
44967 0.000020
44968 0.000016
44969 0.000017
44970 0.000019
44971 0.000015
44972 0.000023
44973 0.000014
44974 0.000016
44975 0.000014
44976 0.000031
44977 0.000014
44978 0.000017
44979 0.000016
44980 0.000026
44981 0.000015
44982 0.000027
44983 0.000021
44984 0.000011
44985 0.000019
44986 0.000035
44987 0.000029
44988 0.000021
44989 0.000012
44990 0.000017
44991 0.000023
44992 0.000031
44993 0.000029
44994 0.000035
44995 0.000023
44996 0.000014
44997 0.000027
44998 0.000027
44999 0.000017
45000 0.000020
45001 0.000026
45002 0.000012
45003 0.000010
45004 0.000015
45005 0.000013
45006 0.000011
45007 0.000019
45008 0.000008
45009 0.000010
45010 0.000010
45011 0.000006
45012 0.000012
45013 0.000008
45014 0.000013
45015 0.000014
45016 0.000008
45017 0.000019
45018 0.000023
45019 0.000016
45020 0.000014
45021 0.000017
45022 0.000018
45023 0.000018
45024 0.000011
45025 0.000010
45026 0.000009
45027 0.000004
45028 0.000004
45029 0.000008
45030 0.000015
45031 0.000013
45032 0.000008
45033 0.000005
45034 0.000012
45035 0.000016
45036 0.000026
45037 0.000015
45038 0.000012
45039 0.000015
45040 0.000013
45041 0.000018
45042 0.000019
45043 0.000015
45044 0.000026
45045 0.000028
45046 0.000031
45047 0.000038
45048 0.000016
45049 0.000021
45050 0.000012
45051 0.000009
45052 0.000006
45053 0.000024
45054 0.000017
45055 0.000014
45056 0.000007
45057 0.000029
45058 0.000028
45059 0.000022
45060 0.000019
45061 0.000021
45062 0.000026
45063 0.000019
45064 0.000017
45065 0.000005
45066 0.000006
45067 0.000022
45068 0.000025
45069 0.000017
45070 0.000012
45071 0.000023
45072 0.000025
45073 0.000021
45074 0.000012
45075 0.000008
45076 0.000033
45077 0.000012
45078 0.000021
45079 0.000020
45080 0.000022
45081 0.000023
45082 0.000027
45083 0.000016
45084 0.000027
45085 0.000020
45086 0.000029
45087 0.000022
45088 0.000019
45089 0.000016
45090 0.000025
45091 0.000030
45092 0.000023
45093 0.000021
45094 0.000012
45095 0.000006
45096 0.000013
45097 0.000009
45098 0.000011
45099 0.000020
45100 0.000009
45101 0.000010
45102 0.000009
45103 0.000011
45104 0.000015
45105 0.000005
45106 0.000015
45107 0.000030
45108 0.000021
45109 0.000020
45110 0.000025
45111 0.000028
45112 0.000035
45113 0.000016
45114 0.000015
45115 0.000013
45116 0.000013
45117 0.000009
45118 0.000028
45119 0.000015
45120 0.000026
45121 0.000030
45122 0.000017
45123 0.000030
45124 0.000023
45125 0.000015
45126 0.000021
45127 0.000021
45128 0.000014
45129 0.000020
45130 0.000022
45131 0.000015
45132 0.000012
45133 0.000011
45134 0.000016
45135 0.000012
45136 0.000016
45137 0.000015
45138 0.000010
45139 0.000008
45140 0.000028
45141 0.000031
45142 0.000029
45143 0.000022
45144 0.000013
45145 0.000024
45146 0.000006
45147 0.000014
45148 0.000031
45149 0.000021
45150 0.000010
45151 0.000028
45152 0.000020
45153 0.000012
45154 0.000019
45155 0.000025
45156 0.000032
45157 0.000036
45158 0.000051
45159 0.000028
45160 0.000015
45161 0.000031
45162 0.000024
45163 0.000016
45164 0.000009
45165 0.000017
45166 0.000016
45167 0.000017
45168 0.000021
45169 0.000011
45170 0.000020
45171 0.000026
45172 0.000023
45173 0.000013
45174 0.000010
45175 0.000009
45176 0.000035
45177 0.000035
45178 0.000049
45179 0.000017
45180 0.000019
45181 0.000023
45182 0.000030
45183 0.000016
45184 0.000008
45185 0.000005
45186 0.000030
45187 0.000026
45188 0.000027
45189 0.000024
45190 0.000012
45191 0.000006
45192 0.000017
45193 0.000024
45194 0.000038
45195 0.000018
45196 0.000019
45197 0.000025
45198 0.000014
45199 0.000018
45200 0.000027
45201 0.000012
45202 0.000020
45203 0.000034
45204 0.000049
45205 0.000017
45206 0.000033
45207 0.000032
45208 0.000012
45209 0.000015
45210 0.000025
45211 0.000022
45212 0.000022
45213 0.000021
45214 0.000017
45215 0.000016
45216 0.000010
45217 0.000019
45218 0.000024
45219 0.000013
45220 0.000022
45221 0.000022
45222 0.000022
45223 0.000016
45224 0.000014
45225 0.000026
45226 0.000035
45227 0.000038
45228 0.000015
45229 0.000012
45230 0.000013
45231 0.000017
45232 0.000007
45233 0.000011
45234 0.000012
45235 0.000008
45236 0.000019
45237 0.000009
45238 0.000005
45239 0.000021
45240 0.000035
45241 0.000036
45242 0.000011
45243 0.000014
45244 0.000025
45245 0.000020
45246 0.000027
45247 0.000020
45248 0.000023
45249 0.000042
45250 0.000024
45251 0.000026
45252 0.000007
45253 0.000028
45254 0.000029
45255 0.000029
45256 0.000019
45257 0.000009
45258 0.000027
45259 0.000028
45260 0.000034
45261 0.000021
45262 0.000031
45263 0.000045
45264 0.000053
45265 0.000033
45266 0.000028
45267 0.000040
45268 0.000016
45269 0.000032
45270 0.000021
45271 0.000019
45272 0.000020
45273 0.000022
45274 0.000017
45275 0.000017
45276 0.000017
45277 0.000030
45278 0.000039
45279 0.000042
45280 0.000015
45281 0.000017
45282 0.000013
45283 0.000010
45284 0.000017
45285 0.000013
45286 0.000019
45287 0.000028
45288 0.000018
45289 0.000015
45290 0.000011
45291 0.000011
45292 0.000014
45293 0.000009
45294 0.000007
45295 0.000015
45296 0.000014
45297 0.000013
45298 0.000006
45299 0.000012
45300 0.000005
45301 0.000011
45302 0.000005
45303 0.000029
45304 0.000013
45305 0.000012
45306 0.000011
45307 0.000018
45308 0.000028
45309 0.000031
45310 0.000026
45311 0.000018
45312 0.000011
45313 0.000024
45314 0.000022
45315 0.000008
45316 0.000012
45317 0.000021
45318 0.000041
45319 0.000010
45320 0.000031
45321 0.000033
45322 0.000023
45323 0.000017
45324 0.000015
45325 0.000020
45326 0.000041
45327 0.000038
45328 0.000026
45329 0.000022
45330 0.000027
45331 0.000024
45332 0.000022
45333 0.000012
45334 0.000020
45335 0.000035
45336 0.000021
45337 0.000008
45338 0.000011
45339 0.000022
45340 0.000020
45341 0.000016
45342 0.000010
45343 0.000013
45344 0.000010
45345 0.000012
45346 0.000020
45347 0.000038
45348 0.000015
45349 0.000016
45350 0.000006
45351 0.000010
45352 0.000012
45353 0.000016
45354 0.000021
45355 0.000014
45356 0.000022
45357 0.000023
45358 0.000016
45359 0.000019
45360 0.000011
45361 0.000010
45362 0.000015
45363 0.000010
45364 0.000013
45365 0.000007
45366 0.000019
45367 0.000028
45368 0.000022
45369 0.000022
45370 0.000010
45371 0.000005
45372 0.000012
45373 0.000017
45374 0.000008
45375 0.000008
45376 0.000032
45377 0.000024
45378 0.000034
45379 0.000030
45380 0.000035
45381 0.000017
45382 0.000012
45383 0.000023
45384 0.000019
45385 0.000013
45386 0.000039
45387 0.000044
45388 0.000025
45389 0.000023
45390 0.000015
45391 0.000011
45392 0.000020
45393 0.000019
45394 0.000013
45395 0.000009
45396 0.000028
45397 0.000026
45398 0.000031
45399 0.000027
45400 0.000018
45401 0.000022
45402 0.000019
45403 0.000022
45404 0.000019
45405 0.000018
45406 0.000035
45407 0.000012
45408 0.000009
45409 0.000032
45410 0.000039
45411 0.000014
45412 0.000010
45413 0.000010
45414 0.000018
45415 0.000016
45416 0.000010
45417 0.000012
45418 0.000027
45419 0.000014
45420 0.000027
45421 0.000007
45422 0.000008
45423 0.000009
45424 0.000033
45425 0.000018
45426 0.000046
45427 0.000016
45428 0.000023
45429 0.000014
45430 0.000020
45431 0.000020
45432 0.000036
45433 0.000028
45434 0.000013
45435 0.000011
45436 0.000006
45437 0.000022
45438 0.000012
45439 0.000016
45440 0.000012
45441 0.000008
45442 0.000015
45443 0.000009
45444 0.000014
45445 0.000027
45446 0.000025
45447 0.000014
45448 0.000027
45449 0.000039
45450 0.000019
45451 0.000025
45452 0.000029
45453 0.000025
45454 0.000030
45455 0.000018
45456 0.000008
45457 0.000018
45458 0.000048
45459 0.000011
45460 0.000025
45461 0.000038
45462 0.000028
45463 0.000024
45464 0.000027
45465 0.000021
45466 0.000015
45467 0.000009
45468 0.000046
45469 0.000067
45470 0.000032
45471 0.000021
45472 0.000028
45473 0.000024
45474 0.000013
45475 0.000027
45476 0.000020
45477 0.000023
45478 0.000009
45479 0.000011
45480 0.000018
45481 0.000026
45482 0.000015
45483 0.000026
45484 0.000030
45485 0.000011
45486 0.000012
45487 0.000060
45488 0.000039
45489 0.000031
45490 0.000029
45491 0.000033
45492 0.000022
45493 0.000009
45494 0.000008
45495 0.000030
45496 0.000029
45497 0.000015
45498 0.000009
45499 0.000022
45500 0.000018
45501 0.000011
45502 0.000015
45503 0.000010
45504 0.000026
45505 0.000010
45506 0.000005
45507 0.000010
45508 0.000024
45509 0.000013
45510 0.000017
45511 0.000013
45512 0.000030
45513 0.000016
45514 0.000008
45515 0.000019
45516 0.000023
45517 0.000015
45518 0.000017
45519 0.000021
45520 0.000013
45521 0.000022
45522 0.000012
45523 0.000009
45524 0.000011
45525 0.000005
45526 0.000014
45527 0.000015
45528 0.000012
45529 0.000007
45530 0.000013
45531 0.000014
45532 0.000009
45533 0.000006
45534 0.000004
45535 0.000011
45536 0.000031
45537 0.000028
45538 0.000015
45539 0.000020
45540 0.000016
45541 0.000007
45542 0.000015
45543 0.000019
45544 0.000029
45545 0.000020
45546 0.000031
45547 0.000038
45548 0.000033
45549 0.000011
45550 0.000005
45551 0.000034
45552 0.000027
45553 0.000021
45554 0.000029
45555 0.000026
45556 0.000016
45557 0.000020
45558 0.000016
45559 0.000011
45560 0.000014
45561 0.000014
45562 0.000009
45563 0.000007
45564 0.000021
45565 0.000009
45566 0.000012
45567 0.000008
45568 0.000019
45569 0.000032
45570 0.000017
45571 0.000025
45572 0.000017
45573 0.000016
45574 0.000031
45575 0.000037
45576 0.000026
45577 0.000015
45578 0.000017
45579 0.000010
45580 0.000005
45581 0.000014
45582 0.000023
45583 0.000016
45584 0.000006
45585 0.000009
45586 0.000009
45587 0.000004
45588 0.000027
45589 0.000028
45590 0.000030
45591 0.000028
45592 0.000017
45593 0.000034
45594 0.000023
45595 0.000014
45596 0.000026
45597 0.000025
45598 0.000018
45599 0.000006
45600 0.000013
45601 0.000015
45602 0.000014
45603 0.000026
45604 0.000020
45605 0.000028
45606 0.000039
45607 0.000020
45608 0.000020
45609 0.000024
45610 0.000037
45611 0.000019
45612 0.000023
45613 0.000037
45614 0.000028
45615 0.000025
45616 0.000049
45617 0.000015
45618 0.000006
45619 0.000021
45620 0.000028
45621 0.000021
45622 0.000030
45623 0.000011
45624 0.000023
45625 0.000007
45626 0.000013
45627 0.000018
45628 0.000030
45629 0.000011
45630 0.000012
45631 0.000008
45632 0.000012
45633 0.000024
45634 0.000013
45635 0.000011
45636 0.000015
45637 0.000011
45638 0.000021
45639 0.000023
45640 0.000050
45641 0.000014
45642 0.000020
45643 0.000014
45644 0.000035
45645 0.000013
45646 0.000007
45647 0.000027
45648 0.000008
45649 0.000023
45650 0.000012
45651 0.000007
45652 0.000007
45653 0.000008
45654 0.000012
45655 0.000015
45656 0.000032
45657 0.000021
45658 0.000014
45659 0.000023
45660 0.000027
45661 0.000006
45662 0.000007
45663 0.000005
45664 0.000014
45665 0.000010
45666 0.000018
45667 0.000014
45668 0.000019
45669 0.000012
45670 0.000015
45671 0.000026
45672 0.000016
45673 0.000023
45674 0.000020
45675 0.000011
45676 0.000027
45677 0.000022
45678 0.000008
45679 0.000010
45680 0.000040
45681 0.000025
45682 0.000033
45683 0.000038
45684 0.000019
45685 0.000011
45686 0.000011
45687 0.000008
45688 0.000013
45689 0.000020
45690 0.000023
45691 0.000035
45692 0.000026
45693 0.000014
45694 0.000015
45695 0.000006
45696 0.000004
45697 0.000014
45698 0.000006
45699 0.000018
45700 0.000019
45701 0.000015
45702 0.000040
45703 0.000040
45704 0.000022
45705 0.000012
45706 0.000015
45707 0.000011
45708 0.000030
45709 0.000018
45710 0.000012
45711 0.000009
45712 0.000019
45713 0.000018
45714 0.000047
45715 0.000023
45716 0.000016
45717 0.000011
45718 0.000023
45719 0.000025
45720 0.000031
45721 0.000021
45722 0.000018
45723 0.000006
45724 0.000043
45725 0.000035
45726 0.000025
45727 0.000015
45728 0.000025
45729 0.000008
45730 0.000015
45731 0.000012
45732 0.000017
45733 0.000014
45734 0.000023
45735 0.000021
45736 0.000011
45737 0.000015
45738 0.000014
45739 0.000019
45740 0.000028
45741 0.000032
45742 0.000015
45743 0.000022
45744 0.000019
45745 0.000025
45746 0.000023
45747 0.000016
45748 0.000006
45749 0.000015
45750 0.000015
45751 0.000007
45752 0.000008
45753 0.000018
45754 0.000021
45755 0.000026
45756 0.000010
45757 0.000012
45758 0.000010
45759 0.000013
45760 0.000011
45761 0.000005
45762 0.000005
45763 0.000008
45764 0.000016
45765 0.000010
45766 0.000016
45767 0.000009
45768 0.000024
45769 0.000012
45770 0.000011
45771 0.000019
45772 0.000009
45773 0.000014
45774 0.000029
45775 0.000040
45776 0.000027
45777 0.000022
45778 0.000009
45779 0.000017
45780 0.000017
45781 0.000013
45782 0.000014
45783 0.000013
45784 0.000010
45785 0.000011
45786 0.000030
45787 0.000009
45788 0.000014
45789 0.000042
45790 0.000019
45791 0.000028
45792 0.000036
45793 0.000049
45794 0.000026
45795 0.000029
45796 0.000031
45797 0.000029
45798 0.000026
45799 0.000040
45800 0.000020
45801 0.000040
45802 0.000018
45803 0.000025
45804 0.000024
45805 0.000010
45806 0.000009
45807 0.000011
45808 0.000038
45809 0.000014
45810 0.000033
45811 0.000022
45812 0.000020
45813 0.000009
45814 0.000033
45815 0.000047
45816 0.000055
45817 0.000026
45818 0.000020
45819 0.000026
45820 0.000017
45821 0.000012
45822 0.000013
45823 0.000033
45824 0.000021
45825 0.000009
45826 0.000013
45827 0.000031
45828 0.000025
45829 0.000026
45830 0.000040
45831 0.000022
45832 0.000026
45833 0.000007
45834 0.000004
45835 0.000013
45836 0.000017
45837 0.000012
45838 0.000012
45839 0.000043
45840 0.000029
45841 0.000027
45842 0.000022
45843 0.000017
45844 0.000010
45845 0.000017
45846 0.000014
45847 0.000015
45848 0.000016
45849 0.000006
45850 0.000006
45851 0.000017
45852 0.000040
45853 0.000016
45854 0.000012
45855 0.000027
45856 0.000012
45857 0.000016
45858 0.000026
45859 0.000022
45860 0.000021
45861 0.000009
45862 0.000014
45863 0.000023
45864 0.000013
45865 0.000013
45866 0.000020
45867 0.000010
45868 0.000016
45869 0.000008
45870 0.000014
45871 0.000033
45872 0.000020
45873 0.000018
45874 0.000010
45875 0.000012
45876 0.000028
45877 0.000015
45878 0.000010
45879 0.000010
45880 0.000008
45881 0.000010
45882 0.000006
45883 0.000010
45884 0.000010
45885 0.000057
45886 0.000041
45887 0.000021
45888 0.000028
45889 0.000027
45890 0.000011
45891 0.000011
45892 0.000025
45893 0.000007
45894 0.000017
45895 0.000031
45896 0.000016
45897 0.000013
45898 0.000007
45899 0.000017
45900 0.000009
45901 0.000017
45902 0.000012
45903 0.000022
45904 0.000012
45905 0.000052
45906 0.000014
45907 0.000015
45908 0.000007
45909 0.000014
45910 0.000015
45911 0.000013
45912 0.000016
45913 0.000007
45914 0.000008
45915 0.000012
45916 0.000010
45917 0.000037
45918 0.000045
45919 0.000059
45920 0.000036
45921 0.000033
45922 0.000029
45923 0.000026
45924 0.000026
45925 0.000010
45926 0.000015
45927 0.000017
45928 0.000014
45929 0.000019
45930 0.000023
45931 0.000039
45932 0.000019
45933 0.000017
45934 0.000011
45935 0.000046
45936 0.000029
45937 0.000038
45938 0.000019
45939 0.000017
45940 0.000012
45941 0.000015
45942 0.000012
45943 0.000011
45944 0.000036
45945 0.000039
45946 0.000031
45947 0.000035
45948 0.000017
45949 0.000026
45950 0.000013
45951 0.000019
45952 0.000035
45953 0.000033
45954 0.000023
45955 0.000024
45956 0.000031
45957 0.000022
45958 0.000016
45959 0.000013
45960 0.000012
45961 0.000019
45962 0.000021
45963 0.000025
45964 0.000010
45965 0.000015
45966 0.000045
45967 0.000018
45968 0.000014
45969 0.000017
45970 0.000006
45971 0.000020
45972 0.000028
45973 0.000008
45974 0.000019
45975 0.000016
45976 0.000020
45977 0.000011
45978 0.000016
45979 0.000031
45980 0.000016
45981 0.000017
45982 0.000006
45983 0.000005
45984 0.000026
45985 0.000014
45986 0.000029
45987 0.000022
45988 0.000013
45989 0.000005
45990 0.000009
45991 0.000032
45992 0.000020
45993 0.000011
45994 0.000011
45995 0.000012
45996 0.000018
45997 0.000009
45998 0.000013
45999 0.000011
46000 0.000008
46001 0.000025
46002 0.000006
46003 0.000014
46004 0.000019
46005 0.000017
46006 0.000019
46007 0.000007
46008 0.000021
46009 0.000021
46010 0.000012
46011 0.000018
46012 0.000006
46013 0.000014
46014 0.000011
46015 0.000047
46016 0.000048
46017 0.000050
46018 0.000040
46019 0.000044
46020 0.000075
46021 0.000031
46022 0.000048
46023 0.000032
46024 0.000018
46025 0.000015
46026 0.000031
46027 0.000024
46028 0.000013
46029 0.000032
46030 0.000017
46031 0.000038
46032 0.000023
46033 0.000032
46034 0.000023
46035 0.000012
46036 0.000025
46037 0.000024
46038 0.000008
46039 0.000014
46040 0.000006
46041 0.000007
46042 0.000021
46043 0.000021
46044 0.000023
46045 0.000025
46046 0.000017
46047 0.000032
46048 0.000026
46049 0.000015
46050 0.000011
46051 0.000011
46052 0.000008
46053 0.000016
46054 0.000023
46055 0.000023
46056 0.000034
46057 0.000023
46058 0.000025
46059 0.000017
46060 0.000037
46061 0.000012
46062 0.000017
46063 0.000018
46064 0.000020
46065 0.000017
46066 0.000027
46067 0.000043
46068 0.000029
46069 0.000018
46070 0.000023
46071 0.000031
46072 0.000027
46073 0.000032
46074 0.000012
46075 0.000014
46076 0.000018
46077 0.000008
46078 0.000006
46079 0.000009
46080 0.000009
46081 0.000009
46082 0.000024
46083 0.000010
46084 0.000023
46085 0.000012
46086 0.000017
46087 0.000024
46088 0.000026
46089 0.000035
46090 0.000025
46091 0.000012
46092 0.000009
46093 0.000011
46094 0.000021
46095 0.000016
46096 0.000015
46097 0.000013
46098 0.000025
46099 0.000024
46100 0.000011
46101 0.000028
46102 0.000008
46103 0.000005
46104 0.000008
46105 0.000029
46106 0.000013
46107 0.000019
46108 0.000017
46109 0.000017
46110 0.000011
46111 0.000011
46112 0.000026
46113 0.000007
46114 0.000012
46115 0.000016
46116 0.000013
46117 0.000022
46118 0.000014
46119 0.000005
46120 0.000030
46121 0.000014
46122 0.000011
46123 0.000023
46124 0.000013
46125 0.000012
46126 0.000028
46127 0.000018
46128 0.000026
46129 0.000010
46130 0.000009
46131 0.000015
46132 0.000036
46133 0.000021
46134 0.000022
46135 0.000009
46136 0.000040
46137 0.000043
46138 0.000021
46139 0.000017
46140 0.000011
46141 0.000028
46142 0.000017
46143 0.000044
46144 0.000030
46145 0.000017
46146 0.000022
46147 0.000017
46148 0.000011
46149 0.000018
46150 0.000011
46151 0.000012
46152 0.000031
46153 0.000016
46154 0.000011
46155 0.000012
46156 0.000006
46157 0.000047
46158 0.000029
46159 0.000016
46160 0.000023
46161 0.000034
46162 0.000013
46163 0.000015
46164 0.000018
46165 0.000019
46166 0.000011
46167 0.000038
46168 0.000013
46169 0.000010
46170 0.000006
46171 0.000021
46172 0.000029
46173 0.000036
46174 0.000019
46175 0.000007
46176 0.000016
46177 0.000014
46178 0.000014
46179 0.000023
46180 0.000013
46181 0.000011
46182 0.000006
46183 0.000007
46184 0.000024
46185 0.000022
46186 0.000040
46187 0.000030
46188 0.000013
46189 0.000024
46190 0.000028
46191 0.000026
46192 0.000027
46193 0.000033
46194 0.000023
46195 0.000027
46196 0.000031
46197 0.000030
46198 0.000021
46199 0.000014
46200 0.000014
46201 0.000023
46202 0.000045
46203 0.000017
46204 0.000024
46205 0.000007
46206 0.000014
46207 0.000013
46208 0.000034
46209 0.000016
46210 0.000029
46211 0.000018
46212 0.000009
46213 0.000025
46214 0.000015
46215 0.000007
46216 0.000013
46217 0.000023
46218 0.000036
46219 0.000023
46220 0.000017
46221 0.000015
46222 0.000020
46223 0.000022
46224 0.000010
46225 0.000027
46226 0.000028
46227 0.000015
46228 0.000015
46229 0.000037
46230 0.000035
46231 0.000016
46232 0.000036
46233 0.000015
46234 0.000012
46235 0.000020
46236 0.000022
46237 0.000025
46238 0.000010
46239 0.000023
46240 0.000018
46241 0.000017
46242 0.000008
46243 0.000016
46244 0.000019
46245 0.000033
46246 0.000029
46247 0.000026
46248 0.000020
46249 0.000008
46250 0.000007
46251 0.000008
46252 0.000024
46253 0.000023
46254 0.000037
46255 0.000013
46256 0.000009
46257 0.000005
46258 0.000009
46259 0.000026
46260 0.000020
46261 0.000033
46262 0.000016
46263 0.000010
46264 0.000038
46265 0.000029
46266 0.000016
46267 0.000025
46268 0.000023
46269 0.000029
46270 0.000015
46271 0.000025
46272 0.000032
46273 0.000023
46274 0.000021
46275 0.000011
46276 0.000018
46277 0.000012
46278 0.000010
46279 0.000015
46280 0.000015
46281 0.000029
46282 0.000018
46283 0.000010
46284 0.000013
46285 0.000020
46286 0.000012
46287 0.000019
46288 0.000017
46289 0.000017
46290 0.000011
46291 0.000005
46292 0.000005
46293 0.000015
46294 0.000006
46295 0.000014
46296 0.000017
46297 0.000010
46298 0.000016
46299 0.000027
46300 0.000046
46301 0.000031
46302 0.000016
46303 0.000017
46304 0.000008
46305 0.000010
46306 0.000033
46307 0.000015
46308 0.000018
46309 0.000030
46310 0.000015
46311 0.000012
46312 0.000021
46313 0.000025
46314 0.000029
46315 0.000015
46316 0.000012
46317 0.000030
46318 0.000026
46319 0.000007
46320 0.000024
46321 0.000018
46322 0.000010
46323 0.000027
46324 0.000022
46325 0.000012
46326 0.000019
46327 0.000018
46328 0.000017
46329 0.000029
46330 0.000020
46331 0.000011
46332 0.000025
46333 0.000019
46334 0.000025
46335 0.000019
46336 0.000011
46337 0.000023
46338 0.000008
46339 0.000011
46340 0.000016
46341 0.000014
46342 0.000009
46343 0.000013
46344 0.000006
46345 0.000013
46346 0.000025
46347 0.000014
46348 0.000024
46349 0.000020
46350 0.000010
46351 0.000011
46352 0.000005
46353 0.000011
46354 0.000032
46355 0.000034
46356 0.000016
46357 0.000024
46358 0.000012
46359 0.000008
46360 0.000008
46361 0.000021
46362 0.000012
46363 0.000008
46364 0.000005
46365 0.000011
46366 0.000011
46367 0.000005
46368 0.000013
46369 0.000014
46370 0.000014
46371 0.000035
46372 0.000022
46373 0.000009
46374 0.000017
46375 0.000007
46376 0.000011
46377 0.000012
46378 0.000016
46379 0.000024
46380 0.000031
46381 0.000024
46382 0.000017
46383 0.000025
46384 0.000021
46385 0.000022
46386 0.000014
46387 0.000013
46388 0.000013
46389 0.000019
46390 0.000016
46391 0.000013
46392 0.000029
46393 0.000014
46394 0.000019
46395 0.000015
46396 0.000010
46397 0.000036
46398 0.000026
46399 0.000033
46400 0.000013
46401 0.000017
46402 0.000028
46403 0.000016
46404 0.000006
46405 0.000005
46406 0.000029
46407 0.000016
46408 0.000024
46409 0.000036
46410 0.000020
46411 0.000016
46412 0.000024
46413 0.000017
46414 0.000011
46415 0.000021
46416 0.000029
46417 0.000011
46418 0.000012
46419 0.000026
46420 0.000017
46421 0.000019
46422 0.000020
46423 0.000025
46424 0.000015
46425 0.000018
46426 0.000015
46427 0.000024
46428 0.000008
46429 0.000016
46430 0.000008
46431 0.000020
46432 0.000025
46433 0.000033
46434 0.000010
46435 0.000015
46436 0.000023
46437 0.000016
46438 0.000011
46439 0.000014
46440 0.000026
46441 0.000014
46442 0.000009
46443 0.000005
46444 0.000015
46445 0.000006
46446 0.000018
46447 0.000015
46448 0.000021
46449 0.000020
46450 0.000022
46451 0.000009
46452 0.000013
46453 0.000016
46454 0.000030
46455 0.000013
46456 0.000005
46457 0.000032
46458 0.000057
46459 0.000035
46460 0.000027
46461 0.000023
46462 0.000018
46463 0.000010
46464 0.000009
46465 0.000029
46466 0.000030
46467 0.000014
46468 0.000015
46469 0.000010
46470 0.000013
46471 0.000016
46472 0.000015
46473 0.000013
46474 0.000024
46475 0.000014
46476 0.000010
46477 0.000017
46478 0.000011
46479 0.000015
46480 0.000006
46481 0.000027
46482 0.000033
46483 0.000017
46484 0.000029
46485 0.000022
46486 0.000008
46487 0.000021
46488 0.000005
46489 0.000018
46490 0.000015
46491 0.000015
46492 0.000018
46493 0.000016
46494 0.000016
46495 0.000015
46496 0.000041
46497 0.000026
46498 0.000017
46499 0.000019
46500 0.000020
46501 0.000011
46502 0.000025
46503 0.000014
46504 0.000034
46505 0.000013
46506 0.000019
46507 0.000010
46508 0.000005
46509 0.000022
46510 0.000015
46511 0.000016
46512 0.000022
46513 0.000009
46514 0.000029
46515 0.000027
46516 0.000018
46517 0.000018
46518 0.000013
46519 0.000005
46520 0.000009
46521 0.000025
46522 0.000010
46523 0.000010
46524 0.000008
46525 0.000017
46526 0.000022
46527 0.000051
46528 0.000022
46529 0.000055
46530 0.000026
46531 0.000015
46532 0.000018
46533 0.000009
46534 0.000020
46535 0.000011
46536 0.000023
46537 0.000011
46538 0.000006
46539 0.000021
46540 0.000024
46541 0.000007
46542 0.000009
46543 0.000012
46544 0.000009
46545 0.000023
46546 0.000022
46547 0.000013
46548 0.000006
46549 0.000010
46550 0.000025
46551 0.000013
46552 0.000013
46553 0.000011
46554 0.000007
46555 0.000004
46556 0.000017
46557 0.000020
46558 0.000035
46559 0.000035
46560 0.000018
46561 0.000011
46562 0.000017
46563 0.000011
46564 0.000043
46565 0.000039
46566 0.000020
46567 0.000016
46568 0.000036
46569 0.000029
46570 0.000023
46571 0.000022
46572 0.000026
46573 0.000036
46574 0.000007
46575 0.000036
46576 0.000021
46577 0.000038
46578 0.000022
46579 0.000012
46580 0.000006
46581 0.000018
46582 0.000027
46583 0.000016
46584 0.000009
46585 0.000011
46586 0.000015
46587 0.000020
46588 0.000014
46589 0.000023
46590 0.000012
46591 0.000041
46592 0.000039
46593 0.000050
46594 0.000020
46595 0.000018
46596 0.000016
46597 0.000014
46598 0.000010
46599 0.000017
46600 0.000025
46601 0.000010
46602 0.000019
46603 0.000014
46604 0.000005
46605 0.000010
46606 0.000011
46607 0.000012
46608 0.000018
46609 0.000032
46610 0.000009
46611 0.000004
46612 0.000017
46613 0.000016
46614 0.000023
46615 0.000016
46616 0.000009
46617 0.000010
46618 0.000022
46619 0.000031
46620 0.000023
46621 0.000021
46622 0.000022
46623 0.000022
46624 0.000042
46625 0.000024
46626 0.000026
46627 0.000035
46628 0.000034
46629 0.000026
46630 0.000021
46631 0.000016
46632 0.000013
46633 0.000021
46634 0.000025
46635 0.000019
46636 0.000012
46637 0.000025
46638 0.000028
46639 0.000035
46640 0.000013
46641 0.000007
46642 0.000006
46643 0.000009
46644 0.000017
46645 0.000014
46646 0.000028
46647 0.000058
46648 0.000060
46649 0.000057
46650 0.000043
46651 0.000039
46652 0.000014
46653 0.000009
46654 0.000021
46655 0.000011
46656 0.000016
46657 0.000008
46658 0.000009
46659 0.000014
46660 0.000015
46661 0.000007
46662 0.000014
46663 0.000009
46664 0.000012
46665 0.000025
46666 0.000017
46667 0.000020
46668 0.000024
46669 0.000031
46670 0.000019
46671 0.000017
46672 0.000012
46673 0.000023
46674 0.000025
46675 0.000032
46676 0.000015
46677 0.000008
46678 0.000027
46679 0.000017
46680 0.000021
46681 0.000020
46682 0.000012
46683 0.000012
46684 0.000018
46685 0.000036
46686 0.000026
46687 0.000029
46688 0.000029
46689 0.000014
46690 0.000010
46691 0.000010
46692 0.000014
46693 0.000010
46694 0.000006
46695 0.000005
46696 0.000011
46697 0.000006
46698 0.000017
46699 0.000010
46700 0.000021
46701 0.000042
46702 0.000015
46703 0.000026
46704 0.000022
46705 0.000024
46706 0.000027
46707 0.000029
46708 0.000008
46709 0.000016
46710 0.000009
46711 0.000013
46712 0.000024
46713 0.000012
46714 0.000028
46715 0.000018
46716 0.000027
46717 0.000013
46718 0.000013
46719 0.000011
46720 0.000007
46721 0.000006
46722 0.000019
46723 0.000022
46724 0.000018
46725 0.000011
46726 0.000025
46727 0.000022
46728 0.000009
46729 0.000012
46730 0.000012
46731 0.000012
46732 0.000009
46733 0.000034
46734 0.000015
46735 0.000029
46736 0.000018
46737 0.000018
46738 0.000040
46739 0.000020
46740 0.000010
46741 0.000012
46742 0.000016
46743 0.000023
46744 0.000013
46745 0.000026
46746 0.000032
46747 0.000019
46748 0.000031
46749 0.000032
46750 0.000031
46751 0.000020
46752 0.000017
46753 0.000008
46754 0.000011
46755 0.000009
46756 0.000011
46757 0.000010
46758 0.000010
46759 0.000009
46760 0.000021
46761 0.000014
46762 0.000014
46763 0.000012
46764 0.000010
46765 0.000010
46766 0.000020
46767 0.000014
46768 0.000029
46769 0.000032
46770 0.000017
46771 0.000023
46772 0.000009
46773 0.000009
46774 0.000025
46775 0.000027
46776 0.000017
46777 0.000021
46778 0.000027
46779 0.000042
46780 0.000034
46781 0.000028
46782 0.000016
46783 0.000019
46784 0.000020
46785 0.000015
46786 0.000016
46787 0.000017
46788 0.000012
46789 0.000019
46790 0.000019
46791 0.000028
46792 0.000015
46793 0.000034
46794 0.000037
46795 0.000019
46796 0.000015
46797 0.000021
46798 0.000007
46799 0.000015
46800 0.000033
46801 0.000034
46802 0.000020
46803 0.000011
46804 0.000022
46805 0.000037
46806 0.000034
46807 0.000010
46808 0.000009
46809 0.000017
46810 0.000036
46811 0.000023
46812 0.000008
46813 0.000005
46814 0.000014
46815 0.000020
46816 0.000013
46817 0.000021
46818 0.000019
46819 0.000023
46820 0.000023
46821 0.000012
46822 0.000006
46823 0.000007
46824 0.000004
46825 0.000006
46826 0.000011
46827 0.000009
46828 0.000016
46829 0.000005
46830 0.000025
46831 0.000025
46832 0.000048
46833 0.000025
46834 0.000041
46835 0.000019
46836 0.000022
46837 0.000027
46838 0.000015
46839 0.000030
46840 0.000025
46841 0.000013
46842 0.000023
46843 0.000025
46844 0.000013
46845 0.000015
46846 0.000014
46847 0.000015
46848 0.000025
46849 0.000034
46850 0.000013
46851 0.000016
46852 0.000014
46853 0.000025
46854 0.000017
46855 0.000021
46856 0.000023
46857 0.000023
46858 0.000023
46859 0.000022
46860 0.000014
46861 0.000010
46862 0.000005
46863 0.000011
46864 0.000020
46865 0.000012
46866 0.000032
46867 0.000031
46868 0.000010
46869 0.000028
46870 0.000017
46871 0.000011
46872 0.000050
46873 0.000026
46874 0.000015
46875 0.000006
46876 0.000014
46877 0.000010
46878 0.000015
46879 0.000021
46880 0.000013
46881 0.000022
46882 0.000017
46883 0.000030
46884 0.000048
46885 0.000016
46886 0.000032
46887 0.000022
46888 0.000008
46889 0.000028
46890 0.000034
46891 0.000041
46892 0.000051
46893 0.000021
46894 0.000024
46895 0.000028
46896 0.000020
46897 0.000007
46898 0.000016
46899 0.000024
46900 0.000020
46901 0.000035
46902 0.000017
46903 0.000024
46904 0.000028
46905 0.000022
46906 0.000009
46907 0.000007
46908 0.000011
46909 0.000014
46910 0.000016
46911 0.000011
46912 0.000012
46913 0.000010
46914 0.000014
46915 0.000015
46916 0.000012
46917 0.000008
46918 0.000010
46919 0.000016
46920 0.000044
46921 0.000019
46922 0.000019
46923 0.000015
46924 0.000007
46925 0.000022
46926 0.000021
46927 0.000012
46928 0.000009
46929 0.000005
46930 0.000008
46931 0.000005
46932 0.000012
46933 0.000008
46934 0.000011
46935 0.000020
46936 0.000018
46937 0.000011
46938 0.000022
46939 0.000010
46940 0.000017
46941 0.000015
46942 0.000020
46943 0.000016
46944 0.000010
46945 0.000005
46946 0.000007
46947 0.000014
46948 0.000006
46949 0.000006
46950 0.000006
46951 0.000021
46952 0.000040
46953 0.000014
46954 0.000035
46955 0.000030
46956 0.000016
46957 0.000049
46958 0.000024
46959 0.000021
46960 0.000046
46961 0.000032
46962 0.000043
46963 0.000022
46964 0.000026
46965 0.000025
46966 0.000010
46967 0.000021
46968 0.000021
46969 0.000018
46970 0.000022
46971 0.000032
46972 0.000020
46973 0.000015
46974 0.000015
46975 0.000019
46976 0.000023
46977 0.000022
46978 0.000013
46979 0.000016
46980 0.000010
46981 0.000007
46982 0.000015
46983 0.000019
46984 0.000015
46985 0.000010
46986 0.000014
46987 0.000013
46988 0.000023
46989 0.000012
46990 0.000013
46991 0.000008
46992 0.000018
46993 0.000022
46994 0.000020
46995 0.000020
46996 0.000039
46997 0.000032
46998 0.000022
46999 0.000012
47000 0.000013
47001 0.000010
47002 0.000043
47003 0.000043
47004 0.000020
47005 0.000011
47006 0.000021
47007 0.000013
47008 0.000019
47009 0.000039
47010 0.000024
47011 0.000013
47012 0.000012
47013 0.000016
47014 0.000010
47015 0.000017
47016 0.000027
47017 0.000012
47018 0.000014
47019 0.000009
47020 0.000012
47021 0.000027
47022 0.000029
47023 0.000011
47024 0.000017
47025 0.000033
47026 0.000020
47027 0.000025
47028 0.000025
47029 0.000010
47030 0.000016
47031 0.000027
47032 0.000022
47033 0.000017
47034 0.000017
47035 0.000014
47036 0.000020
47037 0.000010
47038 0.000014
47039 0.000005
47040 0.000014
47041 0.000005
47042 0.000004
47043 0.000007
47044 0.000007
47045 0.000009
47046 0.000016
47047 0.000030
47048 0.000023
47049 0.000011
47050 0.000034
47051 0.000014
47052 0.000014
47053 0.000019
47054 0.000027
47055 0.000025
47056 0.000030
47057 0.000018
47058 0.000011
47059 0.000006
47060 0.000036
47061 0.000034
47062 0.000020
47063 0.000006
47064 0.000008
47065 0.000020
47066 0.000036
47067 0.000032
47068 0.000023
47069 0.000017
47070 0.000017
47071 0.000019
47072 0.000008
47073 0.000007
47074 0.000013
47075 0.000027
47076 0.000010
47077 0.000015
47078 0.000012
47079 0.000027
47080 0.000021
47081 0.000021
47082 0.000023
47083 0.000029
47084 0.000025
47085 0.000011
47086 0.000014
47087 0.000041
47088 0.000031
47089 0.000014
47090 0.000028
47091 0.000013
47092 0.000019
47093 0.000020
47094 0.000010
47095 0.000016
47096 0.000025
47097 0.000031
47098 0.000010
47099 0.000009
47100 0.000017
47101 0.000018
47102 0.000013
47103 0.000021
47104 0.000023
47105 0.000033
47106 0.000030
47107 0.000029
47108 0.000013
47109 0.000006
47110 0.000009
47111 0.000006
47112 0.000012
47113 0.000006
47114 0.000006
47115 0.000018
47116 0.000026
47117 0.000022
47118 0.000042
47119 0.000028
47120 0.000017
47121 0.000038
47122 0.000045
47123 0.000062
47124 0.000022
47125 0.000011
47126 0.000011
47127 0.000025
47128 0.000019
47129 0.000021
47130 0.000005
47131 0.000007
47132 0.000024
47133 0.000019
47134 0.000023
47135 0.000020
47136 0.000011
47137 0.000019
47138 0.000015
47139 0.000013
47140 0.000015
47141 0.000021
47142 0.000026
47143 0.000046
47144 0.000043
47145 0.000022
47146 0.000021
47147 0.000021
47148 0.000016
47149 0.000021
47150 0.000023
47151 0.000024
47152 0.000014
47153 0.000008
47154 0.000004
47155 0.000012
47156 0.000025
47157 0.000018
47158 0.000028
47159 0.000027
47160 0.000030
47161 0.000029
47162 0.000011
47163 0.000017
47164 0.000012
47165 0.000009
47166 0.000021
47167 0.000012
47168 0.000032
47169 0.000020
47170 0.000023
47171 0.000023
47172 0.000040
47173 0.000009
47174 0.000007
47175 0.000021
47176 0.000014
47177 0.000017
47178 0.000023
47179 0.000014
47180 0.000011
47181 0.000018
47182 0.000013
47183 0.000026
47184 0.000012
47185 0.000020
47186 0.000011
47187 0.000017
47188 0.000027
47189 0.000008
47190 0.000014
47191 0.000009
47192 0.000019
47193 0.000018
47194 0.000018
47195 0.000021
47196 0.000015
47197 0.000009
47198 0.000027
47199 0.000020
47200 0.000009
47201 0.000015
47202 0.000021
47203 0.000019
47204 0.000039
47205 0.000011
47206 0.000020
47207 0.000026
47208 0.000048
47209 0.000035
47210 0.000023
47211 0.000031
47212 0.000033
47213 0.000029
47214 0.000011
47215 0.000018
47216 0.000021
47217 0.000016
47218 0.000022
47219 0.000029
47220 0.000034
47221 0.000037
47222 0.000011
47223 0.000011
47224 0.000013
47225 0.000013
47226 0.000005
47227 0.000009
47228 0.000013
47229 0.000008
47230 0.000028
47231 0.000007
47232 0.000035
47233 0.000024
47234 0.000048
47235 0.000023
47236 0.000012
47237 0.000011
47238 0.000006
47239 0.000004
47240 0.000024
47241 0.000015
47242 0.000014
47243 0.000010
47244 0.000012
47245 0.000013
47246 0.000030
47247 0.000020
47248 0.000014
47249 0.000022
47250 0.000007
47251 0.000025
47252 0.000032
47253 0.000018
47254 0.000023
47255 0.000010
47256 0.000006
47257 0.000023
47258 0.000023
47259 0.000013
47260 0.000016
47261 0.000023
47262 0.000014
47263 0.000007
47264 0.000004
47265 0.000028
47266 0.000029
47267 0.000016
47268 0.000022
47269 0.000017
47270 0.000026
47271 0.000009
47272 0.000024
47273 0.000010
47274 0.000013
47275 0.000032
47276 0.000012
47277 0.000008
47278 0.000017
47279 0.000028
47280 0.000037
47281 0.000021
47282 0.000007
47283 0.000018
47284 0.000011
47285 0.000018
47286 0.000010
47287 0.000004
47288 0.000016
47289 0.000023
47290 0.000026
47291 0.000016
47292 0.000022
47293 0.000012
47294 0.000015
47295 0.000013
47296 0.000023
47297 0.000035
47298 0.000033
47299 0.000052
47300 0.000020
47301 0.000030
47302 0.000025
47303 0.000017
47304 0.000038
47305 0.000015
47306 0.000022
47307 0.000009
47308 0.000014
47309 0.000011
47310 0.000018
47311 0.000030
47312 0.000033
47313 0.000016
47314 0.000012
47315 0.000014
47316 0.000022
47317 0.000014
47318 0.000017
47319 0.000010
47320 0.000012
47321 0.000010
47322 0.000021
47323 0.000021
47324 0.000041
47325 0.000035
47326 0.000015
47327 0.000018
47328 0.000035
47329 0.000018
47330 0.000015
47331 0.000023
47332 0.000006
47333 0.000017
47334 0.000036
47335 0.000012
47336 0.000019
47337 0.000012
47338 0.000009
47339 0.000017
47340 0.000013
47341 0.000005
47342 0.000023
47343 0.000022
47344 0.000016
47345 0.000044
47346 0.000022
47347 0.000026
47348 0.000045
47349 0.000023
47350 0.000030
47351 0.000015
47352 0.000025
47353 0.000030
47354 0.000015
47355 0.000031
47356 0.000026
47357 0.000045
47358 0.000047
47359 0.000013
47360 0.000019
47361 0.000034
47362 0.000041
47363 0.000024
47364 0.000010
47365 0.000006
47366 0.000017
47367 0.000010
47368 0.000012
47369 0.000033
47370 0.000016
47371 0.000015
47372 0.000015
47373 0.000006
47374 0.000006
47375 0.000007
47376 0.000014
47377 0.000010
47378 0.000014
47379 0.000020
47380 0.000027
47381 0.000031
47382 0.000019
47383 0.000026
47384 0.000031
47385 0.000016
47386 0.000022
47387 0.000018
47388 0.000030
47389 0.000032
47390 0.000023
47391 0.000019
47392 0.000008
47393 0.000021
47394 0.000013
47395 0.000045
47396 0.000048
47397 0.000033
47398 0.000027
47399 0.000015
47400 0.000006
47401 0.000015
47402 0.000013
47403 0.000007
47404 0.000013
47405 0.000021
47406 0.000013
47407 0.000015
47408 0.000013
47409 0.000018
47410 0.000017
47411 0.000023
47412 0.000016
47413 0.000034
47414 0.000019
47415 0.000014
47416 0.000015
47417 0.000021
47418 0.000013
47419 0.000013
47420 0.000012
47421 0.000014
47422 0.000033
47423 0.000024
47424 0.000023
47425 0.000025
47426 0.000017
47427 0.000010
47428 0.000009
47429 0.000022
47430 0.000029
47431 0.000019
47432 0.000036
47433 0.000013
47434 0.000012
47435 0.000023
47436 0.000006
47437 0.000016
47438 0.000034
47439 0.000033
47440 0.000017
47441 0.000010
47442 0.000009
47443 0.000016
47444 0.000012
47445 0.000006
47446 0.000037
47447 0.000029
47448 0.000010
47449 0.000029
47450 0.000027
47451 0.000016
47452 0.000013
47453 0.000011
47454 0.000028
47455 0.000037
47456 0.000035
47457 0.000031
47458 0.000019
47459 0.000008
47460 0.000011
47461 0.000008
47462 0.000016
47463 0.000030
47464 0.000016
47465 0.000016
47466 0.000015
47467 0.000007
47468 0.000018
47469 0.000035
47470 0.000026
47471 0.000014
47472 0.000024
47473 0.000031
47474 0.000010
47475 0.000009
47476 0.000032
47477 0.000020
47478 0.000023
47479 0.000025
47480 0.000031
47481 0.000017
47482 0.000017
47483 0.000017
47484 0.000027
47485 0.000012
47486 0.000041
47487 0.000033
47488 0.000019
47489 0.000016
47490 0.000019
47491 0.000026
47492 0.000019
47493 0.000023
47494 0.000018
47495 0.000006
47496 0.000018
47497 0.000028
47498 0.000032
47499 0.000018
47500 0.000023
47501 0.000037
47502 0.000065
47503 0.000017
47504 0.000007
47505 0.000018
47506 0.000014
47507 0.000009
47508 0.000029
47509 0.000019
47510 0.000024
47511 0.000015
47512 0.000014
47513 0.000009
47514 0.000034
47515 0.000023
47516 0.000012
47517 0.000025
47518 0.000012
47519 0.000025
47520 0.000023
47521 0.000021
47522 0.000025
47523 0.000031
47524 0.000012
47525 0.000027
47526 0.000037
47527 0.000032
47528 0.000018
47529 0.000020
47530 0.000016
47531 0.000023
47532 0.000032
47533 0.000027
47534 0.000011
47535 0.000008
47536 0.000012
47537 0.000007
47538 0.000011
47539 0.000019
47540 0.000031
47541 0.000047
47542 0.000013
47543 0.000013
47544 0.000015
47545 0.000018
47546 0.000007
47547 0.000009
47548 0.000011
47549 0.000010
47550 0.000053
47551 0.000032
47552 0.000039
47553 0.000028
47554 0.000025
47555 0.000011
47556 0.000011
47557 0.000005
47558 0.000017
47559 0.000024
47560 0.000014
47561 0.000009
47562 0.000015
47563 0.000007
47564 0.000024
47565 0.000031
47566 0.000012
47567 0.000010
47568 0.000013
47569 0.000017
47570 0.000006
47571 0.000019
47572 0.000014
47573 0.000010
47574 0.000004
47575 0.000004
47576 0.000009
47577 0.000010
47578 0.000011
47579 0.000019
47580 0.000046
47581 0.000024
47582 0.000042
47583 0.000045
47584 0.000048
47585 0.000024
47586 0.000025
47587 0.000015
47588 0.000011
47589 0.000015
47590 0.000016
47591 0.000011
47592 0.000010
47593 0.000037
47594 0.000024
47595 0.000028
47596 0.000047
47597 0.000023
47598 0.000026
47599 0.000027
47600 0.000050
47601 0.000030
47602 0.000021
47603 0.000030
47604 0.000016
47605 0.000006
47606 0.000025
47607 0.000016
47608 0.000006
47609 0.000024
47610 0.000023
47611 0.000014
47612 0.000013
47613 0.000014
47614 0.000017
47615 0.000013
47616 0.000005
47617 0.000025
47618 0.000025
47619 0.000011
47620 0.000008
47621 0.000021
47622 0.000015
47623 0.000021
47624 0.000013
47625 0.000014
47626 0.000022
47627 0.000031
47628 0.000015
47629 0.000019
47630 0.000008
47631 0.000023
47632 0.000022
47633 0.000008
47634 0.000015
47635 0.000015
47636 0.000020
47637 0.000013
47638 0.000025
47639 0.000007
47640 0.000009
47641 0.000015
47642 0.000017
47643 0.000012
47644 0.000006
47645 0.000032
47646 0.000042
47647 0.000047
47648 0.000043
47649 0.000039
47650 0.000069
47651 0.000025
47652 0.000017
47653 0.000011
47654 0.000028
47655 0.000066
47656 0.000044
47657 0.000022
47658 0.000017
47659 0.000020
47660 0.000019
47661 0.000021
47662 0.000007
47663 0.000016
47664 0.000044
47665 0.000032
47666 0.000045
47667 0.000027
47668 0.000022
47669 0.000029
47670 0.000014
47671 0.000015
47672 0.000027
47673 0.000011
47674 0.000012
47675 0.000014
47676 0.000011
47677 0.000012
47678 0.000028
47679 0.000015
47680 0.000026
47681 0.000012
47682 0.000020
47683 0.000009
47684 0.000014
47685 0.000008
47686 0.000017
47687 0.000019
47688 0.000032
47689 0.000032
47690 0.000027
47691 0.000025
47692 0.000014
47693 0.000014
47694 0.000020
47695 0.000012
47696 0.000015
47697 0.000010
47698 0.000010
47699 0.000018
47700 0.000010
47701 0.000016
47702 0.000010
47703 0.000015
47704 0.000011
47705 0.000009
47706 0.000020
47707 0.000015
47708 0.000015
47709 0.000011
47710 0.000020
47711 0.000025
47712 0.000035
47713 0.000019
47714 0.000038
47715 0.000031
47716 0.000014
47717 0.000022
47718 0.000011
47719 0.000018
47720 0.000011
47721 0.000020
47722 0.000007
47723 0.000020
47724 0.000025
47725 0.000010
47726 0.000023
47727 0.000036
47728 0.000021
47729 0.000022
47730 0.000026
47731 0.000012
47732 0.000024
47733 0.000026
47734 0.000025
47735 0.000018
47736 0.000040
47737 0.000020
47738 0.000009
47739 0.000018
47740 0.000028
47741 0.000038
47742 0.000026
47743 0.000047
47744 0.000030
47745 0.000015
47746 0.000011
47747 0.000026
47748 0.000014
47749 0.000014
47750 0.000019
47751 0.000013
47752 0.000013
47753 0.000011
47754 0.000006
47755 0.000010
47756 0.000014
47757 0.000011
47758 0.000012
47759 0.000008
47760 0.000021
47761 0.000026
47762 0.000014
47763 0.000005
47764 0.000011
47765 0.000011
47766 0.000005
47767 0.000011
47768 0.000021
47769 0.000021
47770 0.000023
47771 0.000020
47772 0.000023
47773 0.000028
47774 0.000021
47775 0.000021
47776 0.000031
47777 0.000027
47778 0.000022
47779 0.000020
47780 0.000015
47781 0.000012
47782 0.000038
47783 0.000017
47784 0.000010
47785 0.000030
47786 0.000024
47787 0.000018
47788 0.000011
47789 0.000021
47790 0.000032
47791 0.000037
47792 0.000034
47793 0.000014
47794 0.000007
47795 0.000008
47796 0.000019
47797 0.000023
47798 0.000019
47799 0.000016
47800 0.000012
47801 0.000016
47802 0.000020
47803 0.000012
47804 0.000022
47805 0.000011
47806 0.000008
47807 0.000022
47808 0.000025
47809 0.000016
47810 0.000011
47811 0.000008
47812 0.000020
47813 0.000028
47814 0.000031
47815 0.000049
47816 0.000037
47817 0.000012
47818 0.000012
47819 0.000017
47820 0.000021
47821 0.000017
47822 0.000038
47823 0.000015
47824 0.000028
47825 0.000017
47826 0.000024
47827 0.000013
47828 0.000012
47829 0.000036
47830 0.000035
47831 0.000023
47832 0.000027
47833 0.000028
47834 0.000020
47835 0.000014
47836 0.000022
47837 0.000024
47838 0.000025
47839 0.000016
47840 0.000025
47841 0.000032
47842 0.000025
47843 0.000014
47844 0.000033
47845 0.000031
47846 0.000021
47847 0.000025
47848 0.000019
47849 0.000012
47850 0.000020
47851 0.000014
47852 0.000007
47853 0.000008
47854 0.000011
47855 0.000008
47856 0.000012
47857 0.000008
47858 0.000020
47859 0.000019
47860 0.000021
47861 0.000009
47862 0.000009
47863 0.000019
47864 0.000037
47865 0.000021
47866 0.000019
47867 0.000028
47868 0.000024
47869 0.000013
47870 0.000015
47871 0.000020
47872 0.000016
47873 0.000016
47874 0.000022
47875 0.000016
47876 0.000014
47877 0.000029
47878 0.000027
47879 0.000009
47880 0.000010
47881 0.000014
47882 0.000007
47883 0.000007
47884 0.000006
47885 0.000020
47886 0.000023
47887 0.000036
47888 0.000024
47889 0.000008
47890 0.000013
47891 0.000012
47892 0.000018
47893 0.000025
47894 0.000032
47895 0.000029
47896 0.000019
47897 0.000034
47898 0.000027
47899 0.000014
47900 0.000018
47901 0.000019
47902 0.000015
47903 0.000009
47904 0.000024
47905 0.000030
47906 0.000017
47907 0.000039
47908 0.000022
47909 0.000019
47910 0.000024
47911 0.000025
47912 0.000028
47913 0.000024
47914 0.000013
47915 0.000012
47916 0.000010
47917 0.000019
47918 0.000015
47919 0.000043
47920 0.000015
47921 0.000020
47922 0.000015
47923 0.000012
47924 0.000005
47925 0.000019
47926 0.000028
47927 0.000017
47928 0.000017
47929 0.000008
47930 0.000014
47931 0.000013
47932 0.000022
47933 0.000012
47934 0.000046
47935 0.000042
47936 0.000023
47937 0.000023
47938 0.000021
47939 0.000034
47940 0.000020
47941 0.000012
47942 0.000028
47943 0.000025
47944 0.000036
47945 0.000009
47946 0.000034
47947 0.000010
47948 0.000011
47949 0.000044
47950 0.000044
47951 0.000018
47952 0.000008
47953 0.000040
47954 0.000014
47955 0.000020
47956 0.000016
47957 0.000015
47958 0.000011
47959 0.000019
47960 0.000011
47961 0.000012
47962 0.000021
47963 0.000031
47964 0.000021
47965 0.000023
47966 0.000036
47967 0.000015
47968 0.000027
47969 0.000025
47970 0.000027
47971 0.000026
47972 0.000024
47973 0.000031
47974 0.000014
47975 0.000022
47976 0.000030
47977 0.000016
47978 0.000023
47979 0.000022
47980 0.000020
47981 0.000037
47982 0.000021
47983 0.000025
47984 0.000018
47985 0.000011
47986 0.000032
47987 0.000021
47988 0.000032
47989 0.000010
47990 0.000025
47991 0.000017
47992 0.000018
47993 0.000006
47994 0.000006
47995 0.000004
47996 0.000020
47997 0.000035
47998 0.000022
47999 0.000041
48000 0.000020
48001 0.000026
48002 0.000017
48003 0.000033
48004 0.000022
48005 0.000033
48006 0.000020
48007 0.000024
48008 0.000020
48009 0.000025
48010 0.000017
48011 0.000011
48012 0.000020
48013 0.000016
48014 0.000025
48015 0.000024
48016 0.000014
48017 0.000027
48018 0.000014
48019 0.000026
48020 0.000016
48021 0.000019
48022 0.000011
48023 0.000025
48024 0.000007
48025 0.000013
48026 0.000008
48027 0.000005
48028 0.000014
48029 0.000014
48030 0.000032
48031 0.000018
48032 0.000008
48033 0.000014
48034 0.000026
48035 0.000010
48036 0.000019
48037 0.000026
48038 0.000022
48039 0.000021
48040 0.000031
48041 0.000030
48042 0.000017
48043 0.000013
48044 0.000014
48045 0.000008
48046 0.000010
48047 0.000015
48048 0.000023
48049 0.000016
48050 0.000019
48051 0.000019
48052 0.000012
48053 0.000033
48054 0.000024
48055 0.000013
48056 0.000007
48057 0.000019
48058 0.000033
48059 0.000016
48060 0.000021
48061 0.000024
48062 0.000026
48063 0.000025
48064 0.000029
48065 0.000020
48066 0.000035
48067 0.000016
48068 0.000027
48069 0.000009
48070 0.000005
48071 0.000005
48072 0.000007
48073 0.000030
48074 0.000037
48075 0.000030
48076 0.000016
48077 0.000009
48078 0.000013
48079 0.000011
48080 0.000008
48081 0.000016
48082 0.000013
48083 0.000045
48084 0.000038
48085 0.000040
48086 0.000027
48087 0.000020
48088 0.000030
48089 0.000036
48090 0.000017
48091 0.000026
48092 0.000038
48093 0.000015
48094 0.000027
48095 0.000013
48096 0.000011
48097 0.000023
48098 0.000008
48099 0.000025
48100 0.000036
48101 0.000021
48102 0.000010
48103 0.000017
48104 0.000007
48105 0.000013
48106 0.000015
48107 0.000035
48108 0.000015
48109 0.000011
48110 0.000019
48111 0.000010
48112 0.000008
48113 0.000005
48114 0.000006
48115 0.000021
48116 0.000010
48117 0.000016
48118 0.000020
48119 0.000031
48120 0.000031
48121 0.000012
48122 0.000007
48123 0.000007
48124 0.000025
48125 0.000015
48126 0.000006
48127 0.000009
48128 0.000012
48129 0.000019
48130 0.000025
48131 0.000032
48132 0.000027
48133 0.000032
48134 0.000019
48135 0.000022
48136 0.000032
48137 0.000044
48138 0.000043
48139 0.000024
48140 0.000018
48141 0.000007
48142 0.000006
48143 0.000022
48144 0.000019
48145 0.000019
48146 0.000019
48147 0.000015
48148 0.000009
48149 0.000013
48150 0.000018
48151 0.000018
48152 0.000029
48153 0.000035
48154 0.000024
48155 0.000028
48156 0.000032
48157 0.000030
48158 0.000013
48159 0.000023
48160 0.000045
48161 0.000024
48162 0.000008
48163 0.000014
48164 0.000023
48165 0.000010
48166 0.000011
48167 0.000012
48168 0.000007
48169 0.000007
48170 0.000012
48171 0.000008
48172 0.000020
48173 0.000011
48174 0.000029
48175 0.000032
48176 0.000009
48177 0.000016
48178 0.000019
48179 0.000026
48180 0.000014
48181 0.000013
48182 0.000022
48183 0.000017
48184 0.000018
48185 0.000009
48186 0.000006
48187 0.000005
48188 0.000014
48189 0.000009
48190 0.000042
48191 0.000037
48192 0.000019
48193 0.000015
48194 0.000006
48195 0.000013
48196 0.000010
48197 0.000023
48198 0.000014
48199 0.000006
48200 0.000015
48201 0.000011
48202 0.000037
48203 0.000040
48204 0.000031
48205 0.000021
48206 0.000032
48207 0.000019
48208 0.000017
48209 0.000006
48210 0.000021
48211 0.000026
48212 0.000033
48213 0.000064
48214 0.000034
48215 0.000013
48216 0.000013
48217 0.000033
48218 0.000018
48219 0.000030
48220 0.000018
48221 0.000014
48222 0.000014
48223 0.000007
48224 0.000016
48225 0.000016
48226 0.000012
48227 0.000013
48228 0.000021
48229 0.000012
48230 0.000013
48231 0.000022
48232 0.000012
48233 0.000008
48234 0.000017
48235 0.000026
48236 0.000029
48237 0.000022
48238 0.000027
48239 0.000016
48240 0.000006
48241 0.000012
48242 0.000016
48243 0.000016
48244 0.000014
48245 0.000018
48246 0.000017
48247 0.000022
48248 0.000017
48249 0.000025
48250 0.000017
48251 0.000018
48252 0.000010
48253 0.000012
48254 0.000018
48255 0.000018
48256 0.000014
48257 0.000020
48258 0.000013
48259 0.000006
48260 0.000010
48261 0.000019
48262 0.000009
48263 0.000019
48264 0.000017
48265 0.000024
48266 0.000016
48267 0.000018
48268 0.000022
48269 0.000019
48270 0.000033
48271 0.000044
48272 0.000015
48273 0.000013
48274 0.000026
48275 0.000014
48276 0.000024
48277 0.000028
48278 0.000022
48279 0.000031
48280 0.000035
48281 0.000024
48282 0.000015
48283 0.000018
48284 0.000008
48285 0.000006
48286 0.000036
48287 0.000012
48288 0.000010
48289 0.000014
48290 0.000020
48291 0.000011
48292 0.000016
48293 0.000011
48294 0.000008
48295 0.000005
48296 0.000008
48297 0.000020
48298 0.000013
48299 0.000023
48300 0.000009
48301 0.000024
48302 0.000017
48303 0.000028
48304 0.000012
48305 0.000029
48306 0.000031
48307 0.000016
48308 0.000034
48309 0.000040
48310 0.000033
48311 0.000017
48312 0.000008
48313 0.000015
48314 0.000028
48315 0.000026
48316 0.000027
48317 0.000013
48318 0.000046
48319 0.000030
48320 0.000016
48321 0.000016
48322 0.000013
48323 0.000011
48324 0.000022
48325 0.000020
48326 0.000022
48327 0.000020
48328 0.000034
48329 0.000013
48330 0.000019
48331 0.000016
48332 0.000016
48333 0.000032
48334 0.000021
48335 0.000015
48336 0.000022
48337 0.000007
48338 0.000009
48339 0.000015
48340 0.000007
48341 0.000016
48342 0.000019
48343 0.000008
48344 0.000005
48345 0.000013
48346 0.000008
48347 0.000016
48348 0.000018
48349 0.000014
48350 0.000016
48351 0.000007
48352 0.000005
48353 0.000010
48354 0.000007
48355 0.000016
48356 0.000007
48357 0.000041
48358 0.000014
48359 0.000013
48360 0.000006
48361 0.000014
48362 0.000012
48363 0.000010
48364 0.000007
48365 0.000022
48366 0.000007
48367 0.000016
48368 0.000013
48369 0.000017
48370 0.000010
48371 0.000015
48372 0.000029
48373 0.000009
48374 0.000023
48375 0.000042
48376 0.000015
48377 0.000011
48378 0.000036
48379 0.000018
48380 0.000007
48381 0.000031
48382 0.000019
48383 0.000027
48384 0.000011
48385 0.000016
48386 0.000029
48387 0.000020
48388 0.000020
48389 0.000014
48390 0.000023
48391 0.000022
48392 0.000023
48393 0.000030
48394 0.000024
48395 0.000014
48396 0.000020
48397 0.000011
48398 0.000014
48399 0.000017
48400 0.000011
48401 0.000021
48402 0.000007
48403 0.000026
48404 0.000011
48405 0.000011
48406 0.000011
48407 0.000034
48408 0.000010
48409 0.000010
48410 0.000021
48411 0.000012
48412 0.000015
48413 0.000005
48414 0.000004
48415 0.000005
48416 0.000011
48417 0.000006
48418 0.000016
48419 0.000017
48420 0.000023
48421 0.000022
48422 0.000023
48423 0.000021
48424 0.000020
48425 0.000011
48426 0.000006
48427 0.000006
48428 0.000015
48429 0.000021
48430 0.000045
48431 0.000009
48432 0.000008
48433 0.000013
48434 0.000017
48435 0.000032
48436 0.000024
48437 0.000017
48438 0.000025
48439 0.000035
48440 0.000013
48441 0.000012
48442 0.000008
48443 0.000017
48444 0.000021
48445 0.000023
48446 0.000025
48447 0.000021
48448 0.000017
48449 0.000012
48450 0.000013
48451 0.000026
48452 0.000032
48453 0.000020
48454 0.000007
48455 0.000019
48456 0.000023
48457 0.000014
48458 0.000018
48459 0.000022
48460 0.000023
48461 0.000032
48462 0.000029
48463 0.000035
48464 0.000022
48465 0.000013
48466 0.000011
48467 0.000015
48468 0.000026
48469 0.000030
48470 0.000039
48471 0.000029
48472 0.000009
48473 0.000019
48474 0.000025
48475 0.000019
48476 0.000022
48477 0.000030
48478 0.000057
48479 0.000026
48480 0.000019
48481 0.000018
48482 0.000023
48483 0.000007
48484 0.000004
48485 0.000027
48486 0.000018
48487 0.000012
48488 0.000007
48489 0.000042
48490 0.000014
48491 0.000009
48492 0.000007
48493 0.000014
48494 0.000017
48495 0.000035
48496 0.000018
48497 0.000016
48498 0.000033
48499 0.000015
48500 0.000015
48501 0.000029
48502 0.000020
48503 0.000011
48504 0.000006
48505 0.000023
48506 0.000025
48507 0.000018
48508 0.000006
48509 0.000013
48510 0.000016
48511 0.000016
48512 0.000019
48513 0.000040
48514 0.000047
48515 0.000026
48516 0.000024
48517 0.000013
48518 0.000032
48519 0.000025
48520 0.000029
48521 0.000012
48522 0.000013
48523 0.000022
48524 0.000027
48525 0.000017
48526 0.000012
48527 0.000008
48528 0.000012
48529 0.000014
48530 0.000011
48531 0.000031
48532 0.000021
48533 0.000018
48534 0.000017
48535 0.000019
48536 0.000019
48537 0.000027
48538 0.000014
48539 0.000018
48540 0.000028
48541 0.000033
48542 0.000040
48543 0.000027
48544 0.000025
48545 0.000028
48546 0.000015
48547 0.000005
48548 0.000015
48549 0.000007
48550 0.000017
48551 0.000019
48552 0.000025
48553 0.000020
48554 0.000016
48555 0.000038
48556 0.000021
48557 0.000009
48558 0.000026
48559 0.000028
48560 0.000026
48561 0.000014
48562 0.000017
48563 0.000015
48564 0.000052
48565 0.000015
48566 0.000010
48567 0.000011
48568 0.000017
48569 0.000019
48570 0.000020
48571 0.000015
48572 0.000020
48573 0.000014
48574 0.000020
48575 0.000013
48576 0.000021
48577 0.000022
48578 0.000034
48579 0.000020
48580 0.000030
48581 0.000029
48582 0.000017
48583 0.000016
48584 0.000009
48585 0.000007
48586 0.000023
48587 0.000012
48588 0.000011
48589 0.000024
48590 0.000011
48591 0.000008
48592 0.000012
48593 0.000024
48594 0.000012
48595 0.000017
48596 0.000044
48597 0.000033
48598 0.000025
48599 0.000008
48600 0.000010
48601 0.000011
48602 0.000006
48603 0.000035
48604 0.000017
48605 0.000010
48606 0.000026
48607 0.000026
48608 0.000018
48609 0.000018
48610 0.000018
48611 0.000019
48612 0.000031
48613 0.000042
48614 0.000028
48615 0.000011
48616 0.000015
48617 0.000015
48618 0.000012
48619 0.000016
48620 0.000021
48621 0.000012
48622 0.000010
48623 0.000016
48624 0.000016
48625 0.000010
48626 0.000012
48627 0.000006
48628 0.000034
48629 0.000007
48630 0.000011
48631 0.000006
48632 0.000020
48633 0.000017
48634 0.000027
48635 0.000014
48636 0.000015
48637 0.000023
48638 0.000046
48639 0.000029
48640 0.000010
48641 0.000024
48642 0.000038
48643 0.000024
48644 0.000029
48645 0.000028
48646 0.000022
48647 0.000035
48648 0.000022
48649 0.000013
48650 0.000014
48651 0.000025
48652 0.000021
48653 0.000007
48654 0.000014
48655 0.000032
48656 0.000049
48657 0.000044
48658 0.000037
48659 0.000013
48660 0.000011
48661 0.000036
48662 0.000038
48663 0.000022
48664 0.000024
48665 0.000013
48666 0.000019
48667 0.000018
48668 0.000011
48669 0.000013
48670 0.000012
48671 0.000016
48672 0.000018
48673 0.000007
48674 0.000018
48675 0.000026
48676 0.000018
48677 0.000025
48678 0.000030
48679 0.000021
48680 0.000015
48681 0.000017
48682 0.000034
48683 0.000014
48684 0.000004
48685 0.000006
48686 0.000009
48687 0.000009
48688 0.000007
48689 0.000023
48690 0.000012
48691 0.000027
48692 0.000014
48693 0.000015
48694 0.000013
48695 0.000019
48696 0.000046
48697 0.000036
48698 0.000008
48699 0.000007
48700 0.000009
48701 0.000014
48702 0.000009
48703 0.000008
48704 0.000014
48705 0.000027
48706 0.000015
48707 0.000006
48708 0.000005
48709 0.000012
48710 0.000033
48711 0.000017
48712 0.000032
48713 0.000018
48714 0.000011
48715 0.000008
48716 0.000007
48717 0.000014
48718 0.000028
48719 0.000017
48720 0.000015
48721 0.000026
48722 0.000024
48723 0.000015
48724 0.000023
48725 0.000013
48726 0.000036
48727 0.000009
48728 0.000041
48729 0.000051
48730 0.000029
48731 0.000015
48732 0.000007
48733 0.000021
48734 0.000014
48735 0.000040
48736 0.000043
48737 0.000022
48738 0.000018
48739 0.000015
48740 0.000006
48741 0.000013
48742 0.000014
48743 0.000017
48744 0.000013
48745 0.000014
48746 0.000014
48747 0.000008
48748 0.000015
48749 0.000018
48750 0.000007
48751 0.000008
48752 0.000010
48753 0.000010
48754 0.000013
48755 0.000027
48756 0.000019
48757 0.000007
48758 0.000016
48759 0.000017
48760 0.000010
48761 0.000009
48762 0.000005
48763 0.000004
48764 0.000016
48765 0.000027
48766 0.000028
48767 0.000008
48768 0.000008
48769 0.000033
48770 0.000025
48771 0.000013
48772 0.000052
48773 0.000024
48774 0.000006
48775 0.000017
48776 0.000012
48777 0.000004
48778 0.000017
48779 0.000008
48780 0.000005
48781 0.000018
48782 0.000038
48783 0.000030
48784 0.000024
48785 0.000013
48786 0.000019
48787 0.000024
48788 0.000027
48789 0.000037
48790 0.000019
48791 0.000007
48792 0.000012
48793 0.000013
48794 0.000031
48795 0.000033
48796 0.000019
48797 0.000031
48798 0.000024
48799 0.000024
48800 0.000009
48801 0.000011
48802 0.000007
48803 0.000009
48804 0.000021
48805 0.000015
48806 0.000021
48807 0.000021
48808 0.000013
48809 0.000014
48810 0.000008
48811 0.000005
48812 0.000014
48813 0.000015
48814 0.000015
48815 0.000022
48816 0.000032
48817 0.000015
48818 0.000012
48819 0.000019
48820 0.000020
48821 0.000010
48822 0.000019
48823 0.000023
48824 0.000020
48825 0.000017
48826 0.000010
48827 0.000030
48828 0.000016
48829 0.000013
48830 0.000024
48831 0.000023
48832 0.000010
48833 0.000029
48834 0.000045
48835 0.000050
48836 0.000028
48837 0.000048
48838 0.000021
48839 0.000019
48840 0.000014
48841 0.000009
48842 0.000008
48843 0.000015
48844 0.000026
48845 0.000039
48846 0.000011
48847 0.000024
48848 0.000024
48849 0.000020
48850 0.000019
48851 0.000027
48852 0.000028
48853 0.000011
48854 0.000012
48855 0.000012
48856 0.000019
48857 0.000019
48858 0.000015
48859 0.000014
48860 0.000021
48861 0.000029
48862 0.000011
48863 0.000016
48864 0.000049
48865 0.000026
48866 0.000037
48867 0.000034
48868 0.000028
48869 0.000009
48870 0.000013
48871 0.000024
48872 0.000029
48873 0.000027
48874 0.000016
48875 0.000019
48876 0.000015
48877 0.000027
48878 0.000045
48879 0.000028
48880 0.000018
48881 0.000021
48882 0.000009
48883 0.000007
48884 0.000011
48885 0.000016
48886 0.000014
48887 0.000021
48888 0.000039
48889 0.000026
48890 0.000029
48891 0.000028
48892 0.000011
48893 0.000026
48894 0.000032
48895 0.000010
48896 0.000006
48897 0.000008
48898 0.000024
48899 0.000008
48900 0.000012
48901 0.000026
48902 0.000008
48903 0.000017
48904 0.000018
48905 0.000052
48906 0.000064
48907 0.000058
48908 0.000020
48909 0.000020
48910 0.000026
48911 0.000019
48912 0.000007
48913 0.000004
48914 0.000004
48915 0.000022
48916 0.000035
48917 0.000029
48918 0.000023
48919 0.000020
48920 0.000009
48921 0.000032
48922 0.000015
48923 0.000048
48924 0.000034
48925 0.000019
48926 0.000015
48927 0.000010
48928 0.000011
48929 0.000008
48930 0.000005
48931 0.000013
48932 0.000026
48933 0.000024
48934 0.000011
48935 0.000005
48936 0.000022
48937 0.000028
48938 0.000009
48939 0.000009
48940 0.000007
48941 0.000017
48942 0.000024
48943 0.000010
48944 0.000012
48945 0.000014
48946 0.000016
48947 0.000012
48948 0.000013
48949 0.000020
48950 0.000037
48951 0.000028
48952 0.000049
48953 0.000016
48954 0.000007
48955 0.000010
48956 0.000012
48957 0.000024
48958 0.000019
48959 0.000012
48960 0.000025
48961 0.000035
48962 0.000011
48963 0.000014
48964 0.000020
48965 0.000014
48966 0.000027
48967 0.000038
48968 0.000028
48969 0.000014
48970 0.000018
48971 0.000017
48972 0.000007
48973 0.000022
48974 0.000048
48975 0.000034
48976 0.000048
48977 0.000026
48978 0.000012
48979 0.000012
48980 0.000008
48981 0.000017
48982 0.000015
48983 0.000015
48984 0.000029
48985 0.000013
48986 0.000010
48987 0.000019
48988 0.000025
48989 0.000029
48990 0.000049
48991 0.000039
48992 0.000044
48993 0.000014
48994 0.000036
48995 0.000024
48996 0.000017
48997 0.000030
48998 0.000037
48999 0.000024
49000 0.000029
49001 0.000015
49002 0.000007
49003 0.000020
49004 0.000056
49005 0.000044
49006 0.000023
49007 0.000018
49008 0.000036
49009 0.000028
49010 0.000026
49011 0.000028
49012 0.000026
49013 0.000014
49014 0.000009
49015 0.000019
49016 0.000012
49017 0.000026
49018 0.000017
49019 0.000008
49020 0.000012
49021 0.000008
49022 0.000004
49023 0.000010
49024 0.000006
49025 0.000006
49026 0.000028
49027 0.000035
49028 0.000013
49029 0.000020
49030 0.000024
49031 0.000010
49032 0.000022
49033 0.000033
49034 0.000029
49035 0.000023
49036 0.000015
49037 0.000021
49038 0.000048
49039 0.000038
49040 0.000034
49041 0.000020
49042 0.000016
49043 0.000009
49044 0.000028
49045 0.000009
49046 0.000010
49047 0.000022
49048 0.000012
49049 0.000015
49050 0.000013
49051 0.000009
49052 0.000017
49053 0.000025
49054 0.000028
49055 0.000027
49056 0.000021
49057 0.000019
49058 0.000029
49059 0.000046
49060 0.000059
49061 0.000024
49062 0.000039
49063 0.000059
49064 0.000023
49065 0.000012
49066 0.000023
49067 0.000015
49068 0.000010
49069 0.000022
49070 0.000012
49071 0.000020
49072 0.000024
49073 0.000024
49074 0.000010
49075 0.000010
49076 0.000031
49077 0.000023
49078 0.000035
49079 0.000029
49080 0.000016
49081 0.000017
49082 0.000039
49083 0.000020
49084 0.000016
49085 0.000040
49086 0.000026
49087 0.000055
49088 0.000059
49089 0.000055
49090 0.000044
49091 0.000022
49092 0.000020
49093 0.000013
49094 0.000009
49095 0.000019
49096 0.000011
49097 0.000011
49098 0.000012
49099 0.000028
49100 0.000019
49101 0.000022
49102 0.000028
49103 0.000019
49104 0.000020
49105 0.000009
49106 0.000021
49107 0.000033
49108 0.000019
49109 0.000019
49110 0.000008
49111 0.000014
49112 0.000009
49113 0.000009
49114 0.000010
49115 0.000012
49116 0.000015
49117 0.000019
49118 0.000012
49119 0.000016
49120 0.000031
49121 0.000023
49122 0.000016
49123 0.000011
49124 0.000036
49125 0.000018
49126 0.000034
49127 0.000023
49128 0.000008
49129 0.000036
49130 0.000023
49131 0.000010
49132 0.000030
49133 0.000009
49134 0.000018
49135 0.000012
49136 0.000043
49137 0.000019
49138 0.000011
49139 0.000006
49140 0.000010
49141 0.000026
49142 0.000032
49143 0.000046
49144 0.000019
49145 0.000024
49146 0.000009
49147 0.000013
49148 0.000022
49149 0.000019
49150 0.000025
49151 0.000028
49152 0.000027
49153 0.000015
49154 0.000019
49155 0.000017
49156 0.000018
49157 0.000018
49158 0.000027
49159 0.000011
49160 0.000005
49161 0.000004
49162 0.000004
49163 0.000009
49164 0.000030
49165 0.000019
49166 0.000011
49167 0.000014
49168 0.000018
49169 0.000030
49170 0.000018
49171 0.000015
49172 0.000012
49173 0.000010
49174 0.000012
49175 0.000013
49176 0.000014
49177 0.000013
49178 0.000007
49179 0.000005
49180 0.000013
49181 0.000014
49182 0.000007
49183 0.000012
49184 0.000004
49185 0.000018
49186 0.000028
49187 0.000023
49188 0.000012
49189 0.000014
49190 0.000027
49191 0.000022
49192 0.000014
49193 0.000022
49194 0.000025
49195 0.000034
49196 0.000034
49197 0.000040
49198 0.000021
49199 0.000029
49200 0.000011
49201 0.000005
49202 0.000016
49203 0.000008
49204 0.000013
49205 0.000021
49206 0.000021
49207 0.000038
49208 0.000024
49209 0.000026
49210 0.000017
49211 0.000046
49212 0.000024
49213 0.000031
49214 0.000015
49215 0.000024
49216 0.000045
49217 0.000052
49218 0.000035
49219 0.000037
49220 0.000021
49221 0.000007
49222 0.000026
49223 0.000018
49224 0.000011
49225 0.000007
49226 0.000008
49227 0.000006
49228 0.000004
49229 0.000013
49230 0.000015
49231 0.000009
49232 0.000020
49233 0.000009
49234 0.000011
49235 0.000007
49236 0.000008
49237 0.000009
49238 0.000019
49239 0.000024
49240 0.000023
49241 0.000020
49242 0.000038
49243 0.000014
49244 0.000014
49245 0.000016
49246 0.000035
49247 0.000012
49248 0.000018
49249 0.000006
49250 0.000005
49251 0.000009
49252 0.000009
49253 0.000024
49254 0.000016
49255 0.000019
49256 0.000026
49257 0.000031
49258 0.000014
49259 0.000005
49260 0.000005
49261 0.000005
49262 0.000025
49263 0.000022
49264 0.000016
49265 0.000041
49266 0.000019
49267 0.000024
49268 0.000032
49269 0.000032
49270 0.000027
49271 0.000034
49272 0.000034
49273 0.000032
49274 0.000050
49275 0.000021
49276 0.000017
49277 0.000022
49278 0.000023
49279 0.000013
49280 0.000005
49281 0.000004
49282 0.000014
49283 0.000008
49284 0.000010
49285 0.000014
49286 0.000007
49287 0.000019
49288 0.000017
49289 0.000017
49290 0.000012
49291 0.000013
49292 0.000025
49293 0.000032
49294 0.000051
49295 0.000027
49296 0.000025
49297 0.000018
49298 0.000021
49299 0.000021
49300 0.000017
49301 0.000021
49302 0.000029
49303 0.000045
49304 0.000027
49305 0.000013
49306 0.000010
49307 0.000009
49308 0.000029
49309 0.000031
49310 0.000013
49311 0.000037
49312 0.000015
49313 0.000030
49314 0.000033
49315 0.000015
49316 0.000013
49317 0.000014
49318 0.000011
49319 0.000013
49320 0.000024
49321 0.000031
49322 0.000023
49323 0.000006
49324 0.000008
49325 0.000016
49326 0.000015
49327 0.000017
49328 0.000027
49329 0.000026
49330 0.000015
49331 0.000017
49332 0.000019
49333 0.000015
49334 0.000036
49335 0.000034
49336 0.000016
49337 0.000012
49338 0.000024
49339 0.000016
49340 0.000017
49341 0.000017
49342 0.000011
49343 0.000019
49344 0.000015
49345 0.000020
49346 0.000016
49347 0.000009
49348 0.000028
49349 0.000029
49350 0.000032
49351 0.000025
49352 0.000015
49353 0.000025
49354 0.000015
49355 0.000007
49356 0.000009
49357 0.000025
49358 0.000019
49359 0.000019
49360 0.000021
49361 0.000007
49362 0.000009
49363 0.000015
49364 0.000016
49365 0.000008
49366 0.000020
49367 0.000010
49368 0.000008
49369 0.000009
49370 0.000015
49371 0.000026
49372 0.000032
49373 0.000015
49374 0.000017
49375 0.000021
49376 0.000021
49377 0.000017
49378 0.000022
49379 0.000024
49380 0.000019
49381 0.000017
49382 0.000010
49383 0.000017
49384 0.000011
49385 0.000015
49386 0.000021
49387 0.000019
49388 0.000030
49389 0.000029
49390 0.000052
49391 0.000025
49392 0.000014
49393 0.000025
49394 0.000024
49395 0.000008
49396 0.000009
49397 0.000024
49398 0.000023
49399 0.000030
49400 0.000014
49401 0.000014
49402 0.000039
49403 0.000014
49404 0.000010
49405 0.000015
49406 0.000030
49407 0.000027
49408 0.000033
49409 0.000038
49410 0.000020
49411 0.000033
49412 0.000012
49413 0.000027
49414 0.000014
49415 0.000023
49416 0.000016
49417 0.000018
49418 0.000011
49419 0.000021
49420 0.000014
49421 0.000016
49422 0.000022
49423 0.000013
49424 0.000013
49425 0.000014
49426 0.000041
49427 0.000016
49428 0.000020
49429 0.000034
49430 0.000032
49431 0.000019
49432 0.000008
49433 0.000014
49434 0.000033
49435 0.000017
49436 0.000019
49437 0.000034
49438 0.000014
49439 0.000008
49440 0.000005
49441 0.000021
49442 0.000015
49443 0.000031
49444 0.000024
49445 0.000038
49446 0.000026
49447 0.000008
49448 0.000039
49449 0.000036
49450 0.000034
49451 0.000033
49452 0.000017
49453 0.000020
49454 0.000009
49455 0.000006
49456 0.000009
49457 0.000013
49458 0.000025
49459 0.000025
49460 0.000012
49461 0.000011
49462 0.000049
49463 0.000030
49464 0.000028
49465 0.000023
49466 0.000046
49467 0.000054
49468 0.000022
49469 0.000012
49470 0.000011
49471 0.000011
49472 0.000016
49473 0.000013
49474 0.000040
49475 0.000019
49476 0.000027
49477 0.000011
49478 0.000005
49479 0.000013
49480 0.000018
49481 0.000020
49482 0.000010
49483 0.000015
49484 0.000014
49485 0.000022
49486 0.000012
49487 0.000033
49488 0.000019
49489 0.000035
49490 0.000047
49491 0.000053
49492 0.000041
49493 0.000020
49494 0.000029
49495 0.000036
49496 0.000015
49497 0.000014
49498 0.000023
49499 0.000013
49500 0.000015
49501 0.000021
49502 0.000025
49503 0.000028
49504 0.000018
49505 0.000028
49506 0.000016
49507 0.000020
49508 0.000021
49509 0.000043
49510 0.000024
49511 0.000011
49512 0.000014
49513 0.000010
49514 0.000025
49515 0.000010
49516 0.000012
49517 0.000018
49518 0.000028
49519 0.000023
49520 0.000015
49521 0.000007
49522 0.000021
49523 0.000040
49524 0.000062
49525 0.000017
49526 0.000013
49527 0.000020
49528 0.000009
49529 0.000006
49530 0.000017
49531 0.000010
49532 0.000007
49533 0.000006
49534 0.000023
49535 0.000016
49536 0.000013
49537 0.000012
49538 0.000006
49539 0.000008
49540 0.000005
49541 0.000005
49542 0.000036
49543 0.000058
49544 0.000021
49545 0.000023
49546 0.000025
49547 0.000022
49548 0.000035
49549 0.000022
49550 0.000016
49551 0.000025
49552 0.000025
49553 0.000007
49554 0.000020
49555 0.000048
49556 0.000017
49557 0.000013
49558 0.000020
49559 0.000020
49560 0.000020
49561 0.000007
49562 0.000013
49563 0.000009
49564 0.000007
49565 0.000011
49566 0.000022
49567 0.000037
49568 0.000019
49569 0.000014
49570 0.000028
49571 0.000030
49572 0.000016
49573 0.000021
49574 0.000027
49575 0.000032
49576 0.000013
49577 0.000016
49578 0.000008
49579 0.000006
49580 0.000020
49581 0.000023
49582 0.000031
49583 0.000016
49584 0.000018
49585 0.000008
49586 0.000019
49587 0.000031
49588 0.000026
49589 0.000010
49590 0.000012
49591 0.000018
49592 0.000018
49593 0.000015
49594 0.000017
49595 0.000024
49596 0.000033
49597 0.000011
49598 0.000029
49599 0.000018
49600 0.000014
49601 0.000025
49602 0.000026
49603 0.000023
49604 0.000015
49605 0.000012
49606 0.000016
49607 0.000030
49608 0.000015
49609 0.000022
49610 0.000037
49611 0.000018
49612 0.000006
49613 0.000023
49614 0.000033
49615 0.000034
49616 0.000024
49617 0.000016
49618 0.000012
49619 0.000022
49620 0.000024
49621 0.000010
49622 0.000009
49623 0.000028
49624 0.000017
49625 0.000016
49626 0.000015
49627 0.000018
49628 0.000014
49629 0.000016
49630 0.000013
49631 0.000016
49632 0.000014
49633 0.000025
49634 0.000024
49635 0.000019
49636 0.000014
49637 0.000032
49638 0.000022
49639 0.000026
49640 0.000013
49641 0.000013
49642 0.000033
49643 0.000038
49644 0.000019
49645 0.000024
49646 0.000025
49647 0.000027
49648 0.000007
49649 0.000018
49650 0.000012
49651 0.000014
49652 0.000009
49653 0.000031
49654 0.000010
49655 0.000009
49656 0.000036
49657 0.000013
49658 0.000007
49659 0.000008
49660 0.000005
49661 0.000005
49662 0.000016
49663 0.000030
49664 0.000014
49665 0.000012
49666 0.000006
49667 0.000004
49668 0.000004
49669 0.000011
49670 0.000012
49671 0.000006
49672 0.000013
49673 0.000012
49674 0.000027
49675 0.000028
49676 0.000019
49677 0.000018
49678 0.000008
49679 0.000027
49680 0.000020
49681 0.000031
49682 0.000016
49683 0.000010
49684 0.000005
49685 0.000018
49686 0.000024
49687 0.000034
49688 0.000031
49689 0.000019
49690 0.000013
49691 0.000012
49692 0.000033
49693 0.000025
49694 0.000024
49695 0.000038
49696 0.000037
49697 0.000021
49698 0.000024
49699 0.000020
49700 0.000038
49701 0.000011
49702 0.000005
49703 0.000019
49704 0.000033
49705 0.000021
49706 0.000013
49707 0.000016
49708 0.000017
49709 0.000016
49710 0.000012
49711 0.000005
49712 0.000020
49713 0.000029
49714 0.000017
49715 0.000010
49716 0.000016
49717 0.000012
49718 0.000023
49719 0.000019
49720 0.000036
49721 0.000025
49722 0.000016
49723 0.000024
49724 0.000027
49725 0.000037
49726 0.000024
49727 0.000021
49728 0.000021
49729 0.000026
49730 0.000007
49731 0.000004
49732 0.000007
49733 0.000006
49734 0.000021
49735 0.000026
49736 0.000020
49737 0.000009
49738 0.000020
49739 0.000008
49740 0.000012
49741 0.000022
49742 0.000009
49743 0.000010
49744 0.000015
49745 0.000020
49746 0.000038
49747 0.000031
49748 0.000016
49749 0.000020
49750 0.000010
49751 0.000026
49752 0.000010
49753 0.000010
49754 0.000008
49755 0.000011
49756 0.000019
49757 0.000026
49758 0.000010
49759 0.000022
49760 0.000022
49761 0.000020
49762 0.000021
49763 0.000018
49764 0.000010
49765 0.000004
49766 0.000006
49767 0.000023
49768 0.000007
49769 0.000008
49770 0.000043
49771 0.000017
49772 0.000012
49773 0.000018
49774 0.000019
49775 0.000006
49776 0.000027
49777 0.000026
49778 0.000028
49779 0.000032
49780 0.000035
49781 0.000012
49782 0.000017
49783 0.000031
49784 0.000030
49785 0.000015
49786 0.000026
49787 0.000037
49788 0.000028
49789 0.000014
49790 0.000035
49791 0.000024
49792 0.000008
49793 0.000022
49794 0.000031
49795 0.000035
49796 0.000042
49797 0.000023
49798 0.000049
49799 0.000020
49800 0.000013
49801 0.000014
49802 0.000014
49803 0.000019
49804 0.000012
49805 0.000013
49806 0.000012
49807 0.000015
49808 0.000015
49809 0.000018
49810 0.000025
49811 0.000037
49812 0.000045
49813 0.000016
49814 0.000023
49815 0.000013
49816 0.000028
49817 0.000015
49818 0.000017
49819 0.000017
49820 0.000044
49821 0.000015
49822 0.000020
49823 0.000034
49824 0.000017
49825 0.000013
49826 0.000008
49827 0.000004
49828 0.000044
49829 0.000010
49830 0.000025
49831 0.000041
49832 0.000043
49833 0.000040
49834 0.000041
49835 0.000012
49836 0.000009
49837 0.000013
49838 0.000011
49839 0.000005
49840 0.000007
49841 0.000005
49842 0.000020
49843 0.000013
49844 0.000012
49845 0.000021
49846 0.000023
49847 0.000017
49848 0.000016
49849 0.000007
49850 0.000012
49851 0.000011
49852 0.000011
49853 0.000006
49854 0.000004
49855 0.000009
49856 0.000012
49857 0.000024
49858 0.000029
49859 0.000013
49860 0.000013
49861 0.000024
49862 0.000018
49863 0.000011
49864 0.000014
49865 0.000011
49866 0.000011
49867 0.000007
49868 0.000011
49869 0.000024
49870 0.000037
49871 0.000032
49872 0.000022
49873 0.000011
49874 0.000021
49875 0.000019
49876 0.000007
49877 0.000017
49878 0.000018
49879 0.000016
49880 0.000013
49881 0.000008
49882 0.000023
49883 0.000022
49884 0.000020
49885 0.000020
49886 0.000014
49887 0.000007
49888 0.000016
49889 0.000020
49890 0.000013
49891 0.000011
49892 0.000025
49893 0.000018
49894 0.000006
49895 0.000013
49896 0.000024
49897 0.000040
49898 0.000010
49899 0.000011
49900 0.000006
49901 0.000013
49902 0.000023
49903 0.000028
49904 0.000016
49905 0.000024
49906 0.000021
49907 0.000016
49908 0.000006
49909 0.000006
49910 0.000025
49911 0.000021
49912 0.000032
49913 0.000012
49914 0.000038
49915 0.000022
49916 0.000020
49917 0.000029
49918 0.000032
49919 0.000017
49920 0.000027
49921 0.000034
49922 0.000009
49923 0.000021
49924 0.000020
49925 0.000008
49926 0.000005
49927 0.000017
49928 0.000026
49929 0.000031
49930 0.000011
49931 0.000013
49932 0.000011
49933 0.000010
49934 0.000031
49935 0.000021
49936 0.000021
49937 0.000021
49938 0.000027
49939 0.000022
49940 0.000021
49941 0.000019
49942 0.000048
49943 0.000025
49944 0.000021
49945 0.000025
49946 0.000010
49947 0.000014
49948 0.000018
49949 0.000017
49950 0.000020
49951 0.000017
49952 0.000012
49953 0.000028
49954 0.000022
49955 0.000014
49956 0.000015
49957 0.000021
49958 0.000007
49959 0.000008
49960 0.000030
49961 0.000018
49962 0.000019
49963 0.000033
49964 0.000027
49965 0.000025
49966 0.000031
49967 0.000015
49968 0.000026
49969 0.000011
49970 0.000024
49971 0.000019
49972 0.000008
49973 0.000014
49974 0.000024
49975 0.000010
49976 0.000010
49977 0.000014
49978 0.000012
49979 0.000026
49980 0.000026
49981 0.000026
49982 0.000022
49983 0.000018
49984 0.000014
49985 0.000017
49986 0.000031
49987 0.000036
49988 0.000023
49989 0.000013
49990 0.000042
49991 0.000020
49992 0.000037
49993 0.000022
49994 0.000020
49995 0.000017
49996 0.000015
49997 0.000021
49998 0.000024
49999 0.000011
Sum of ranks: 1.000000
Iterations: 15
Converged: true
Execution time: 8.33675 ms
