Algorithm: PageRank
Damping: 0.85
Vertex ranks:
0 0.000066
1 0.000072
2 0.000053
3 0.000067
4 0.000136
5 0.000098
6 0.000151
7 0.000111
8 0.000079
9 0.000099
10 0.000131
11 0.000105
12 0.000037
13 0.000088
14 0.000063
15 0.000042
16 0.000060
17 0.000124
18 0.000165
19 0.000050
20 0.000094
21 0.000137
22 0.000105
23 0.000077
24 0.000048
25 0.000076
26 0.000037
27 0.000068
28 0.000058
29 0.000118
30 0.000081
31 0.000115
32 0.000205
33 0.000111
34 0.000064
35 0.000051
36 0.000125
37 0.000069
38 0.000118
39 0.000065
40 0.000056
41 0.000036
42 0.000075
43 0.000140
44 0.000128
45 0.000124
46 0.000104
47 0.000115
48 0.000131
49 0.000087
50 0.000107
51 0.000168
52 0.000049
53 0.000061
54 0.000107
55 0.000148
56 0.000113
57 0.000056
58 0.000083
59 0.000096
60 0.000031
61 0.000048
62 0.000097
63 0.000056
64 0.000104
65 0.000153
66 0.000177
67 0.000173
68 0.000132
69 0.000173
70 0.000107
71 0.000051
72 0.000115
73 0.000138
74 0.000063
75 0.000182
76 0.000152
77 0.000058
78 0.000131
79 0.000094
80 0.000069
81 0.000057
82 0.000086
83 0.000062
84 0.000064
85 0.000114
86 0.000104
87 0.000076
88 0.000100
89 0.000043
90 0.000148
91 0.000115
92 0.000168
93 0.000080
94 0.000096
95 0.000141
96 0.000055
97 0.000043
98 0.000111
99 0.000104
100 0.000046
101 0.000054
102 0.000202
103 0.000187
104 0.000072
105 0.000126
106 0.000069
107 0.000048
108 0.000080
109 0.000076
110 0.000080
111 0.000143
112 0.000101
113 0.000133
114 0.000128
115 0.000132
116 0.000132
117 0.000072
118 0.000035
119 0.000021
120 0.000029
121 0.000080
122 0.000029
123 0.000152
124 0.000173
125 0.000044
126 0.000058
127 0.000119
128 0.000182
129 0.000150
130 0.000058
131 0.000025
132 0.000051
133 0.000059
134 0.000070
135 0.000035
136 0.000045
137 0.000120
138 0.000191
139 0.000205
140 0.000109
141 0.000078
142 0.000071
143 0.000069
144 0.000140
145 0.000083
146 0.000050
147 0.000104
148 0.000134
149 0.000091
150 0.000080
151 0.000088
152 0.000065
153 0.000069
154 0.000057
155 0.000069
156 0.000052
157 0.000078
158 0.000089
159 0.000103
160 0.000132
161 0.000155
162 0.000059
163 0.000093
164 0.000113
165 0.000064
166 0.000064
167 0.000196
168 0.000145
169 0.000056
170 0.000112
171 0.000083
172 0.000087
173 0.000161
174 0.000117
175 0.000104
176 0.000102
177 0.000037
178 0.000073
179 0.000095
180 0.000055
181 0.000088
182 0.000053
183 0.000096
184 0.000119
185 0.000116
186 0.000160
187 0.000118
188 0.000065
189 0.000043
190 0.000080
191 0.000147
192 0.000106
193 0.000033
194 0.000042
195 0.000101
196 0.000044
197 0.000082
198 0.000156
199 0.000148
200 0.000129
201 0.000104
202 0.000061
203 0.000028
204 0.000020
205 0.000047
206 0.000087
207 0.000081
208 0.000115
209 0.000115
210 0.000074
211 0.000051
212 0.000036
213 0.000123
214 0.000070
215 0.000126
216 0.000107
217 0.000094
218 0.000212
219 0.000105
220 0.000139
221 0.000054
222 0.000076
223 0.000164
224 0.000125
225 0.000093
226 0.000078
227 0.000171
228 0.000159
229 0.000060
230 0.000087
231 0.000102
232 0.000136
233 0.000098
234 0.000052
235 0.000046
236 0.000165
237 0.000181
238 0.000107
239 0.000060
240 0.000126
241 0.000242
242 0.000078
243 0.000043
244 0.000198
245 0.000160
246 0.000098
247 0.000153
248 0.000130
249 0.000145
250 0.000088
251 0.000040
252 0.000055
253 0.000145
254 0.000063
255 0.000042
256 0.000035
257 0.000025
258 0.000026
259 0.000227
260 0.000280
261 0.000134
262 0.000031
263 0.000097
264 0.000068
265 0.000049
266 0.000104
267 0.000114
268 0.000084
269 0.000058
270 0.000076
271 0.000095
272 0.000158
273 0.000223
274 0.000138
275 0.000131
276 0.000052
277 0.000098
278 0.000077
279 0.000158
280 0.000163
281 0.000072
282 0.000138
283 0.000115
284 0.000047
285 0.000048
286 0.000093
287 0.000116
288 0.000132
289 0.000164
290 0.000073
291 0.000158
292 0.000149
293 0.000160
294 0.000095
295 0.000101
296 0.000070
297 0.000206
298 0.000227
299 0.000373
300 0.000237
301 0.000176
302 0.000100
303 0.000120
304 0.000210
305 0.000051
306 0.000138
307 0.000127
308 0.000120
309 0.000131
310 0.000126
311 0.000057
312 0.000097
313 0.000064
314 0.000052
315 0.000057
316 0.000063
317 0.000093
318 0.000108
319 0.000066
320 0.000140
321 0.000176
322 0.000088
323 0.000102
324 0.000142
325 0.000084
326 0.000137
327 0.000128
328 0.000120
329 0.000106
330 0.000088
331 0.000067
332 0.000023
333 0.000025
334 0.000062
335 0.000045
336 0.000165
337 0.000076
338 0.000231
339 0.000161
340 0.000114
341 0.000031
342 0.000071
343 0.000078
344 0.000083
345 0.000068
346 0.000041
347 0.000037
348 0.000042
349 0.000085
350 0.000029
351 0.000023
352 0.000034
353 0.000063
354 0.000094
355 0.000064
356 0.000029
357 0.000049
358 0.000056
359 0.000157
360 0.000121
361 0.000102
362 0.000185
363 0.000151
364 0.000064
365 0.000059
366 0.000051
367 0.000059
368 0.000025
369 0.000022
370 0.000024
371 0.000025
372 0.000126
373 0.000051
374 0.000215
375 0.000065
376 0.000050
377 0.000051
378 0.000113
379 0.000070
380 0.000115
381 0.000181
382 0.000053
383 0.000098
384 0.000096
385 0.000099
386 0.000131
387 0.000109
388 0.000081
389 0.000084
390 0.000056
391 0.000113
392 0.000055
393 0.000088
394 0.000165
395 0.000099
396 0.000119
397 0.000067
398 0.000131
399 0.000116
400 0.000088
401 0.000145
402 0.000070
403 0.000116
404 0.000124
405 0.000092
406 0.000086
407 0.000108
408 0.000051
409 0.000039
410 0.000103
411 0.000083
412 0.000121
413 0.000082
414 0.000139
415 0.000074
416 0.000129
417 0.000184
418 0.000084
419 0.000090
420 0.000034
421 0.000059
422 0.000088
423 0.000086
424 0.000131
425 0.000132
426 0.000168
427 0.000086
428 0.000039
429 0.000043
430 0.000051
431 0.000133
432 0.000173
433 0.000100
434 0.000260
435 0.000109
436 0.000086
437 0.000115
438 0.000104
439 0.000094
440 0.000042
441 0.000082
442 0.000052
443 0.000045
444 0.000044
445 0.000143
446 0.000087
447 0.000074
448 0.000079
449 0.000102
450 0.000277
451 0.000180
452 0.000110
453 0.000044
454 0.000049
455 0.000147
456 0.000127
457 0.000104
458 0.000129
459 0.000087
460 0.000080
461 0.000079
462 0.000037
463 0.000126
464 0.000119
465 0.000116
466 0.000099
467 0.000112
468 0.000153
469 0.000069
470 0.000072
471 0.000049
472 0.000128
473 0.000177
474 0.000102
475 0.000098
476 0.000074
477 0.000141
478 0.000112
479 0.000055
480 0.000056
481 0.000078
482 0.000080
483 0.000054
484 0.000144
485 0.000185
486 0.000130
487 0.000033
488 0.000019
489 0.000066
490 0.000129
491 0.000100
492 0.000090
493 0.000061
494 0.000077
495 0.000082
496 0.000050
497 0.000103
498 0.000103
499 0.000199
500 0.000174
501 0.000128
502 0.000069
503 0.000077
504 0.000046
505 0.000065
506 0.000050
507 0.000132
508 0.000059
509 0.000107
510 0.000085
511 0.000029
512 0.000082
513 0.000095
514 0.000074
515 0.000031
516 0.000098
517 0.000060
518 0.000069
519 0.000106
520 0.000189
521 0.000095
522 0.000085
523 0.000053
524 0.000092
525 0.000105
526 0.000089
527 0.000094
528 0.000031
529 0.000071
530 0.000082
531 0.000260
532 0.000108
533 0.000066
534 0.000103
535 0.000131
536 0.000085
537 0.000044
538 0.000049
539 0.000055
540 0.000128
541 0.000059
542 0.000100
543 0.000218
544 0.000324
545 0.000263
546 0.000220
547 0.000111
548 0.000113
549 0.000039
550 0.000062
551 0.000099
552 0.000043
553 0.000046
554 0.000074
555 0.000108
556 0.000084
557 0.000094
558 0.000079
559 0.000183
560 0.000256
561 0.000096
562 0.000052
563 0.000064
564 0.000136
565 0.000113
566 0.000048
567 0.000110
568 0.000068
569 0.000174
570 0.000114
571 0.000204
572 0.000170
573 0.000147
574 0.000057
575 0.000117
576 0.000065
577 0.000035
578 0.000025
579 0.000065
580 0.000064
581 0.000060
582 0.000091
583 0.000070
584 0.000068
585 0.000110
586 0.000139
587 0.000164
588 0.000090
589 0.000166
590 0.000283
591 0.000295
592 0.000246
593 0.000075
594 0.000041
595 0.000112
596 0.000078
597 0.000148
598 0.000102
599 0.000073
600 0.000122
601 0.000115
602 0.000065
603 0.000051
604 0.000037
605 0.000135
606 0.000128
607 0.000112
608 0.000063
609 0.000097
610 0.000109
611 0.000120
612 0.000103
613 0.000068
614 0.000073
615 0.000073
616 0.000108
617 0.000118
618 0.000111
619 0.000144
620 0.000064
621 0.000050
622 0.000046
623 0.000069
624 0.000090
625 0.000066
626 0.000039
627 0.000120
628 0.000035
629 0.000045
630 0.000117
631 0.000088
632 0.000088
633 0.000158
634 0.000166
635 0.000079
636 0.000052
637 0.000036
638 0.000109
639 0.000072
640 0.000056
641 0.000117
642 0.000152
643 0.000062
644 0.000077
645 0.000042
646 0.000027
647 0.000063
648 0.000086
649 0.000121
650 0.000209
651 0.000225
652 0.000093
653 0.000111
654 0.000167
655 0.000131
656 0.000094
657 0.000050
658 0.000058
659 0.000064
660 0.000125
661 0.000042
662 0.000103
663 0.000068
664 0.000114
665 0.000129
666 0.000147
667 0.000141
668 0.000139
669 0.000162
670 0.000061
671 0.000040
672 0.000070
673 0.000035
674 0.000114
675 0.000029
676 0.000083
677 0.000105
678 0.000068
679 0.000080
680 0.000104
681 0.000044
682 0.000038
683 0.000138
684 0.000172
685 0.000082
686 0.000032
687 0.000106
688 0.000216
689 0.000107
690 0.000115
691 0.000095
692 0.000106
693 0.000143
694 0.000055
695 0.000027
696 0.000023
697 0.000054
698 0.000101
699 0.000123
700 0.000150
701 0.000168
702 0.000099
703 0.000071
704 0.000073
705 0.000114
706 0.000152
707 0.000091
708 0.000093
709 0.000062
710 0.000149
711 0.000165
712 0.000043
713 0.000215
714 0.000085
715 0.000195
716 0.000180
717 0.000088
718 0.000095
719 0.000071
720 0.000159
721 0.000159
722 0.000254
723 0.000257
724 0.000078
725 0.000141
726 0.000111
727 0.000127
728 0.000090
729 0.000102
730 0.000069
731 0.000063
732 0.000088
733 0.000076
734 0.000087
735 0.000066
736 0.000076
737 0.000060
738 0.000087
739 0.000099
740 0.000112
741 0.000077
742 0.000136
743 0.000110
744 0.000050
745 0.000022
746 0.000080
747 0.000061
748 0.000077
749 0.000170
750 0.000065
751 0.000116
752 0.000158
753 0.000118
754 0.000072
755 0.000141
756 0.000039
757 0.000089
758 0.000048
759 0.000181
760 0.000093
761 0.000073
762 0.000156
763 0.000114
764 0.000100
765 0.000104
766 0.000150
767 0.000125
768 0.000072
769 0.000079
770 0.000060
771 0.000076
772 0.000118
773 0.000115
774 0.000074
775 0.000090
776 0.000034
777 0.000084
778 0.000070
779 0.000122
780 0.000067
781 0.000060
782 0.000045
783 0.000099
784 0.000099
785 0.000127
786 0.000051
787 0.000062
788 0.000092
789 0.000112
790 0.000081
791 0.000068
792 0.000133
793 0.000065
794 0.000057
795 0.000089
796 0.000081
797 0.000144
798 0.000105
799 0.000094
800 0.000087
801 0.000126
802 0.000066
803 0.000049
804 0.000053
805 0.000045
806 0.000034
807 0.000030
808 0.000037
809 0.000067
810 0.000062
811 0.000112
812 0.000144
813 0.000211
814 0.000219
815 0.000191
816 0.000162
817 0.000055
818 0.000146
819 0.000194
820 0.000123
821 0.000071
822 0.000048
823 0.000125
824 0.000077
825 0.000095
826 0.000035
827 0.000099
828 0.000084
829 0.000051
830 0.000060
831 0.000132
832 0.000083
833 0.000050
834 0.000171
835 0.000113
836 0.000118
837 0.000132
838 0.000051
839 0.000058
840 0.000106
841 0.000163
842 0.000301
843 0.000100
844 0.000121
845 0.000081
846 0.000050
847 0.000077
848 0.000098
849 0.000172
850 0.000154
851 0.000037
852 0.000090
853 0.000103
854 0.000110
855 0.000195
856 0.000140
857 0.000103
858 0.000105
859 0.000074
860 0.000122
861 0.000099
862 0.000071
863 0.000035
864 0.000132
865 0.000061
866 0.000079
867 0.000125
868 0.000065
869 0.000283
870 0.000106
871 0.000115
872 0.000083
873 0.000066
874 0.000105
875 0.000140
876 0.000147
877 0.000122
878 0.000061
879 0.000032
880 0.000085
881 0.000039
882 0.000260
883 0.000078
884 0.000092
885 0.000072
886 0.000025
887 0.000051
888 0.000075
889 0.000058
890 0.000097
891 0.000094
892 0.000055
893 0.000060
894 0.000032
895 0.000124
896 0.000041
897 0.000142
898 0.000087
899 0.000085
900 0.000099
901 0.000052
902 0.000037
903 0.000111
904 0.000034
905 0.000121
906 0.000089
907 0.000160
908 0.000233
909 0.000084
910 0.000071
911 0.000139
912 0.000132
913 0.000091
914 0.000058
915 0.000063
916 0.000042
917 0.000175
918 0.000189
919 0.000104
920 0.000054
921 0.000100
922 0.000043
923 0.000043
924 0.000054
925 0.000061
926 0.000092
927 0.000085
928 0.000104
929 0.000106
930 0.000043
931 0.000051
932 0.000111
933 0.000070
934 0.000035
935 0.000136
936 0.000102
937 0.000136
938 0.000063
939 0.000083
940 0.000029
941 0.000076
942 0.000065
943 0.000081
944 0.000114
945 0.000096
946 0.000130
947 0.000102
948 0.000125
949 0.000043
950 0.000051
951 0.000052
952 0.000058
953 0.000218
954 0.000291
955 0.000064
956 0.000144
957 0.000203
958 0.000156
959 0.000085
960 0.000033
961 0.000049
962 0.000115
963 0.000075
964 0.000067
965 0.000044
966 0.000051
967 0.000126
968 0.000120
969 0.000094
970 0.000112
971 0.000059
972 0.000025
973 0.000118
974 0.000133
975 0.000071
976 0.000129
977 0.000097
978 0.000094
979 0.000074
980 0.000176
981 0.000126
982 0.000069
983 0.000122
984 0.000097
985 0.000081
986 0.000050
987 0.000029
988 0.000040
989 0.000019
990 0.000118
991 0.000064
992 0.000037
993 0.000096
994 0.000056
995 0.000086
996 0.000090
997 0.000093
998 0.000098
999 0.000152
1000 0.000117
1001 0.000069
1002 0.000046
1003 0.000056
1004 0.000154
1005 0.000168
1006 0.000107
1007 0.000131
1008 0.000078
1009 0.000116
1010 0.000096
1011 0.000217
1012 0.000142
1013 0.000061
1014 0.000071
1015 0.000086
1016 0.000113
1017 0.000039
1018 0.000143
1019 0.000076
1020 0.000062
1021 0.000109
1022 0.000065
1023 0.000098
1024 0.000063
1025 0.000106
1026 0.000072
1027 0.000049
1028 0.000072
1029 0.000103
1030 0.000174
1031 0.000199
1032 0.000082
1033 0.000065
1034 0.000089
1035 0.000105
1036 0.000098
1037 0.000145
1038 0.000197
1039 0.000182
1040 0.000100
1041 0.000100
1042 0.000069
1043 0.000072
1044 0.000075
1045 0.000060
1046 0.000142
1047 0.000055
1048 0.000135
1049 0.000110
1050 0.000088
1051 0.000079
1052 0.000096
1053 0.000095
1054 0.000062
1055 0.000104
1056 0.000099
1057 0.000093
1058 0.000041
1059 0.000061
1060 0.000127
1061 0.000122
1062 0.000095
1063 0.000031
1064 0.000046
1065 0.000127
1066 0.000170
1067 0.000212
1068 0.000089
1069 0.000102
1070 0.000171
1071 0.000190
1072 0.000108
1073 0.000130
1074 0.000181
1075 0.000131
1076 0.000060
1077 0.000056
1078 0.000034
1079 0.000038
1080 0.000023
1081 0.000068
1082 0.000034
1083 0.000077
1084 0.000086
1085 0.000057
1086 0.000064
1087 0.000088
1088 0.000082
1089 0.000114
1090 0.000130
1091 0.000052
1092 0.000026
1093 0.000041
1094 0.000080
1095 0.000104
1096 0.000124
1097 0.000124
1098 0.000036
1099 0.000045
1100 0.000096
1101 0.000116
1102 0.000101
1103 0.000105
1104 0.000070
1105 0.000035
1106 0.000067
1107 0.000073
1108 0.000043
1109 0.000105
1110 0.000066
1111 0.000073
1112 0.000098
1113 0.000036
1114 0.000030
1115 0.000042
1116 0.000164
1117 0.000126
1118 0.000122
1119 0.000108
1120 0.000149
1121 0.000142
1122 0.000123
1123 0.000132
1124 0.000052
1125 0.000069
1126 0.000076
1127 0.000036
1128 0.000029
1129 0.000081
1130 0.000029
1131 0.000095
1132 0.000106
1133 0.000126
1134 0.000167
1135 0.000102
1136 0.000097
1137 0.000047
1138 0.000088
1139 0.000030
1140 0.000034
1141 0.000082
1142 0.000098
1143 0.000092
1144 0.000091
1145 0.000150
1146 0.000074
1147 0.000040
1148 0.000052
1149 0.000083
1150 0.000047
1151 0.000066
1152 0.000029
1153 0.000100
1154 0.000032
1155 0.000053
1156 0.000131
1157 0.000057
1158 0.000216
1159 0.000296
1160 0.000316
1161 0.000284
1162 0.000067
1163 0.000062
1164 0.000068
1165 0.000112
1166 0.000047
1167 0.000041
1168 0.000104
1169 0.000045
1170 0.000037
1171 0.000078
1172 0.000113
1173 0.000134
1174 0.000072
1175 0.000069
1176 0.000147
1177 0.000152
1178 0.000224
1179 0.000072
1180 0.000046
1181 0.000148
1182 0.000124
1183 0.000096
1184 0.000035
1185 0.000045
1186 0.000053
1187 0.000110
1188 0.000095
1189 0.000040
1190 0.000081
1191 0.000150
1192 0.000045
1193 0.000073
1194 0.000037
1195 0.000033
1196 0.000029
1197 0.000084
1198 0.000055
1199 0.000093
1200 0.000115
1201 0.000076
1202 0.000107
1203 0.000084
1204 0.000033
1205 0.000151
1206 0.000164
1207 0.000096
1208 0.000112
1209 0.000107
1210 0.000100
1211 0.000077
1212 0.000111
1213 0.000081
1214 0.000056
1215 0.000082
1216 0.000078
1217 0.000059
1218 0.000045
1219 0.000068
1220 0.000079
1221 0.000135
1222 0.000193
1223 0.000056
1224 0.000097
1225 0.000101
1226 0.000083
1227 0.000155
1228 0.000162
1229 0.000061
1230 0.000078
1231 0.000071
1232 0.000093
1233 0.000085
1234 0.000144
1235 0.000073
1236 0.000043
1237 0.000030
1238 0.000123
1239 0.000094
1240 0.000053
1241 0.000102
1242 0.000141
1243 0.000132
1244 0.000134
1245 0.000234
1246 0.000214
1247 0.000131
1248 0.000058
1249 0.000238
1250 0.000132
1251 0.000124
1252 0.000074
1253 0.000065
1254 0.000078
1255 0.000085
1256 0.000039
1257 0.000032
1258 0.000067
1259 0.000094
1260 0.000143
1261 0.000116
1262 0.000087
1263 0.000069
1264 0.000097
1265 0.000084
1266 0.000066
1267 0.000076
1268 0.000071
1269 0.000030
1270 0.000141
1271 0.000055
1272 0.000071
1273 0.000091
1274 0.000084
1275 0.000053
1276 0.000026
1277 0.000086
1278 0.000067
1279 0.000149
1280 0.000131
1281 0.000096
1282 0.000118
1283 0.000169
1284 0.000197
1285 0.000064
1286 0.000039
1287 0.000039
1288 0.000048
1289 0.000091
1290 0.000066
1291 0.000056
1292 0.000055
1293 0.000084
1294 0.000060
1295 0.000093
1296 0.000060
1297 0.000123
1298 0.000272
1299 0.000232
1300 0.000095
1301 0.000096
1302 0.000240
1303 0.000121
1304 0.000207
1305 0.000238
1306 0.000163
1307 0.000153
1308 0.000124
1309 0.000193
1310 0.000097
1311 0.000042
1312 0.000076
1313 0.000075
1314 0.000047
1315 0.000044
1316 0.000028
1317 0.000071
1318 0.000081
1319 0.000151
1320 0.000147
1321 0.000107
1322 0.000108
1323 0.000068
1324 0.000158
1325 0.000155
1326 0.000175
1327 0.000089
1328 0.000044
1329 0.000027
1330 0.000051
1331 0.000107
1332 0.000104
1333 0.000103
1334 0.000187
1335 0.000079
1336 0.000102
1337 0.000032
1338 0.000153
1339 0.000047
1340 0.000106
1341 0.000127
1342 0.000069
1343 0.000062
1344 0.000110
1345 0.000050
1346 0.000070
1347 0.000062
1348 0.000076
1349 0.000102
1350 0.000170
1351 0.000091
1352 0.000245
1353 0.000223
1354 0.000154
1355 0.000202
1356 0.000072
1357 0.000123
1358 0.000090
1359 0.000058
1360 0.000040
1361 0.000087
1362 0.000052
1363 0.000037
1364 0.000107
1365 0.000147
1366 0.000078
1367 0.000097
1368 0.000056
1369 0.000136
1370 0.000104
1371 0.000099
1372 0.000179
1373 0.000097
1374 0.000071
1375 0.000058
1376 0.000045
1377 0.000112
1378 0.000054
1379 0.000126
1380 0.000110
1381 0.000172
1382 0.000139
1383 0.000083
1384 0.000116
1385 0.000094
1386 0.000065
1387 0.000042
1388 0.000063
1389 0.000137
1390 0.000068
1391 0.000034
1392 0.000087
1393 0.000133
1394 0.000107
1395 0.000095
1396 0.000088
1397 0.000204
1398 0.000162
1399 0.000071
1400 0.000065
1401 0.000033
1402 0.000100
1403 0.000068
1404 0.000044
1405 0.000043
1406 0.000069
1407 0.000063
1408 0.000096
1409 0.000150
1410 0.000047
1411 0.000028
1412 0.000090
1413 0.000064
1414 0.000210
1415 0.000122
1416 0.000136
1417 0.000251
1418 0.000141
1419 0.000178
1420 0.000151
1421 0.000104
1422 0.000082
1423 0.000106
1424 0.000114
1425 0.000063
1426 0.000092
1427 0.000134
1428 0.000206
1429 0.000176
1430 0.000154
1431 0.000078
1432 0.000062
1433 0.000152
1434 0.000087
1435 0.000072
1436 0.000094
1437 0.000151
1438 0.000164
1439 0.000071
1440 0.000076
1441 0.000070
1442 0.000048
1443 0.000050
1444 0.000088
1445 0.000100
1446 0.000070
1447 0.000074
1448 0.000047
1449 0.000105
1450 0.000093
1451 0.000106
1452 0.000111
1453 0.000117
1454 0.000048
1455 0.000132
1456 0.000168
1457 0.000070
1458 0.000059
1459 0.000056
1460 0.000023
1461 0.000036
1462 0.000050
1463 0.000124
1464 0.000063
1465 0.000061
1466 0.000119
1467 0.000151
1468 0.000098
1469 0.000055
1470 0.000050
1471 0.000062
1472 0.000062
1473 0.000033
1474 0.000053
1475 0.000057
1476 0.000039
1477 0.000032
1478 0.000090
1479 0.000066
1480 0.000051
1481 0.000070
1482 0.000104
1483 0.000099
1484 0.000148
1485 0.000169
1486 0.000085
1487 0.000103
1488 0.000063
1489 0.000113
1490 0.000175
1491 0.000064
1492 0.000070
1493 0.000044
1494 0.000123
1495 0.000085
1496 0.000139
1497 0.000079
1498 0.000102
1499 0.000109
1500 0.000077
1501 0.000069
1502 0.000044
1503 0.000076
1504 0.000043
1505 0.000022
1506 0.000068
1507 0.000070
1508 0.000048
1509 0.000075
1510 0.000026
1511 0.000079
1512 0.000083
1513 0.000133
1514 0.000162
1515 0.000091
1516 0.000034
1517 0.000048
1518 0.000080
1519 0.000064
1520 0.000103
1521 0.000192
1522 0.000136
1523 0.000077
1524 0.000064
1525 0.000139
1526 0.000167
1527 0.000157
1528 0.000125
1529 0.000081
1530 0.000120
1531 0.000346
1532 0.000157
1533 0.000060
1534 0.000071
1535 0.000118
1536 0.000095
1537 0.000042
1538 0.000068
1539 0.000111
1540 0.000056
1541 0.000092
1542 0.000167
1543 0.000155
1544 0.000041
1545 0.000083
1546 0.000082
1547 0.000046
1548 0.000078
1549 0.000058
1550 0.000025
1551 0.000022
1552 0.000063
1553 0.000093
1554 0.000034
1555 0.000020
1556 0.000037
1557 0.000077
1558 0.000081
1559 0.000048
1560 0.000097
1561 0.000056
1562 0.000155
1563 0.000126
1564 0.000091
1565 0.000153
1566 0.000087
1567 0.000198
1568 0.000109
1569 0.000057
1570 0.000039
1571 0.000106
1572 0.000131
1573 0.000122
1574 0.000085
1575 0.000088
1576 0.000144
1577 0.000137
1578 0.000132
1579 0.000145
1580 0.000056
1581 0.000070
1582 0.000074
1583 0.000047
1584 0.000071
1585 0.000077
1586 0.000028
1587 0.000062
1588 0.000079
1589 0.000181
1590 0.000065
1591 0.000059
1592 0.000202
1593 0.000139
1594 0.000155
1595 0.000121
1596 0.000142
1597 0.000069
1598 0.000138
1599 0.000129
1600 0.000089
1601 0.000102
1602 0.000068
1603 0.000141
1604 0.000075
1605 0.000084
1606 0.000029
1607 0.000027
1608 0.000071
1609 0.000110
1610 0.000085
1611 0.000211
1612 0.000171
1613 0.000131
1614 0.000043
1615 0.000057
1616 0.000089
1617 0.000095
1618 0.000189
1619 0.000188
1620 0.000145
1621 0.000130
1622 0.000107
1623 0.000087
1624 0.000052
1625 0.000068
1626 0.000073
1627 0.000145
1628 0.000036
1629 0.000068
1630 0.000034
1631 0.000158
1632 0.000147
1633 0.000123
1634 0.000152
1635 0.000071
1636 0.000105
1637 0.000090
1638 0.000040
1639 0.000078
1640 0.000099
1641 0.000079
1642 0.000087
1643 0.000052
1644 0.000109
1645 0.000128
1646 0.000089
1647 0.000221
1648 0.000144
1649 0.000039
1650 0.000060
1651 0.000069
1652 0.000035
1653 0.000046
1654 0.000054
1655 0.000092
1656 0.000068
1657 0.000095
1658 0.000092
1659 0.000116
1660 0.000048
1661 0.000063
1662 0.000084
1663 0.000153
1664 0.000095
1665 0.000142
1666 0.000102
1667 0.000254
1668 0.000235
1669 0.000188
1670 0.000137
1671 0.000107
1672 0.000193
1673 0.000056
1674 0.000039
1675 0.000127
1676 0.000122
1677 0.000069
1678 0.000115
1679 0.000073
1680 0.000181
1681 0.000087
1682 0.000071
1683 0.000024
1684 0.000053
1685 0.000089
1686 0.000102
1687 0.000074
1688 0.000126
1689 0.000097
1690 0.000137
1691 0.000110
1692 0.000041
1693 0.000111
1694 0.000080
1695 0.000114
1696 0.000219
1697 0.000137
1698 0.000069
1699 0.000045
1700 0.000155
1701 0.000128
1702 0.000061
1703 0.000032
1704 0.000087
1705 0.000086
1706 0.000146
1707 0.000159
1708 0.000083
1709 0.000047
1710 0.000084
1711 0.000151
1712 0.000041
1713 0.000083
1714 0.000064
1715 0.000129
1716 0.000083
1717 0.000086
1718 0.000160
1719 0.000114
1720 0.000172
1721 0.000110
1722 0.000119
1723 0.000078
1724 0.000062
1725 0.000065
1726 0.000094
1727 0.000130
1728 0.000099
1729 0.000127
1730 0.000051
1731 0.000066
1732 0.000066
1733 0.000049
1734 0.000025
1735 0.000131
1736 0.000082
1737 0.000060
1738 0.000070
1739 0.000044
1740 0.000117
1741 0.000040
1742 0.000050
1743 0.000037
1744 0.000184
1745 0.000129
1746 0.000100
1747 0.000148
1748 0.000145
1749 0.000046
1750 0.000047
1751 0.000035
1752 0.000080
1753 0.000038
1754 0.000143
1755 0.000093
1756 0.000134
1757 0.000053
1758 0.000066
1759 0.000035
1760 0.000035
1761 0.000037
1762 0.000105
1763 0.000077
1764 0.000071
1765 0.000106
1766 0.000120
1767 0.000133
1768 0.000038
1769 0.000148
1770 0.000141
1771 0.000141
1772 0.000109
1773 0.000088
1774 0.000063
1775 0.000069
1776 0.000050
1777 0.000065
1778 0.000114
1779 0.000116
1780 0.000131
1781 0.000060
1782 0.000106
1783 0.000059
1784 0.000119
1785 0.000088
1786 0.000100
1787 0.000163
1788 0.000097
1789 0.000053
1790 0.000056
1791 0.000051
1792 0.000041
1793 0.000057
1794 0.000103
1795 0.000121
1796 0.000101
1797 0.000115
1798 0.000040
1799 0.000099
1800 0.000258
1801 0.000156
1802 0.000204
1803 0.000157
1804 0.000220
1805 0.000103
1806 0.000076
1807 0.000095
1808 0.000056
1809 0.000176
1810 0.000076
1811 0.000180
1812 0.000247
1813 0.000092
1814 0.000082
1815 0.000066
1816 0.000071
1817 0.000075
1818 0.000094
1819 0.000121
1820 0.000086
1821 0.000188
1822 0.000115
1823 0.000064
1824 0.000069
1825 0.000076
1826 0.000175
1827 0.000166
1828 0.000086
1829 0.000177
1830 0.000090
1831 0.000096
1832 0.000042
1833 0.000120
1834 0.000127
1835 0.000099
1836 0.000108
1837 0.000178
1838 0.000096
1839 0.000071
1840 0.000045
1841 0.000063
1842 0.000141
1843 0.000154
1844 0.000087
1845 0.000040
1846 0.000112
1847 0.000148
1848 0.000193
1849 0.000246
1850 0.000169
1851 0.000155
1852 0.000098
1853 0.000091
1854 0.000049
1855 0.000066
1856 0.000089
1857 0.000124
1858 0.000111
1859 0.000055
1860 0.000057
1861 0.000076
1862 0.000054
1863 0.000106
1864 0.000056
1865 0.000114
1866 0.000063
1867 0.000056
1868 0.000049
1869 0.000074
1870 0.000183
1871 0.000104
1872 0.000054
1873 0.000117
1874 0.000234
1875 0.000211
1876 0.000093
1877 0.000080
1878 0.000083
1879 0.000085
1880 0.000175
1881 0.000052
1882 0.000076
1883 0.000047
1884 0.000074
1885 0.000044
1886 0.000098
1887 0.000071
1888 0.000062
1889 0.000127
1890 0.000080
1891 0.000063
1892 0.000121
1893 0.000186
1894 0.000098
1895 0.000083
1896 0.000119
1897 0.000091
1898 0.000041
1899 0.000104
1900 0.000051
1901 0.000042
1902 0.000092
1903 0.000116
1904 0.000109
1905 0.000084
1906 0.000056
1907 0.000087
1908 0.000077
1909 0.000048
1910 0.000031
1911 0.000042
1912 0.000118
1913 0.000071
1914 0.000076
1915 0.000113
1916 0.000070
1917 0.000100
1918 0.000086
1919 0.000050
1920 0.000036
1921 0.000096
1922 0.000080
1923 0.000084
1924 0.000059
1925 0.000028
1926 0.000060
1927 0.000114
1928 0.000052
1929 0.000073
1930 0.000063
1931 0.000061
1932 0.000066
1933 0.000129
1934 0.000087
1935 0.000144
1936 0.000178
1937 0.000085
1938 0.000045
1939 0.000059
1940 0.000045
1941 0.000149
1942 0.000139
1943 0.000196
1944 0.000156
1945 0.000048
1946 0.000068
1947 0.000224
1948 0.000154
1949 0.000065
1950 0.000107
1951 0.000089
1952 0.000051
1953 0.000048
1954 0.000175
1955 0.000084
1956 0.000101
1957 0.000064
1958 0.000086
1959 0.000129
1960 0.000119
1961 0.000216
1962 0.000098
1963 0.000132
1964 0.000162
1965 0.000102
1966 0.000029
1967 0.000111
1968 0.000122
1969 0.000297
1970 0.000121
1971 0.000049
1972 0.000077
1973 0.000102
1974 0.000055
1975 0.000049
1976 0.000060
1977 0.000038
1978 0.000108
1979 0.000174
1980 0.000056
1981 0.000024
1982 0.000076
1983 0.000175
1984 0.000225
1985 0.000134
1986 0.000239
1987 0.000100
1988 0.000069
1989 0.000030
1990 0.000102
1991 0.000108
1992 0.000200
1993 0.000113
1994 0.000047
1995 0.000079
1996 0.000063
1997 0.000085
1998 0.000167
1999 0.000195
2000 0.000181
2001 0.000199
2002 0.000081
2003 0.000070
2004 0.000135
2005 0.000091
2006 0.000054
2007 0.000023
2008 0.000078
2009 0.000109
2010 0.000126
2011 0.000097
2012 0.000083
2013 0.000064
2014 0.000052
2015 0.000030
2016 0.000039
2017 0.000053
2018 0.000048
2019 0.000092
2020 0.000103
2021 0.000106
2022 0.000187
2023 0.000128
2024 0.000163
2025 0.000175
2026 0.000153
2027 0.000078
2028 0.000082
2029 0.000152
2030 0.000069
2031 0.000051
2032 0.000062
2033 0.000033
2034 0.000046
2035 0.000055
2036 0.000116
2037 0.000299
2038 0.000100
2039 0.000158
2040 0.000152
2041 0.000122
2042 0.000062
2043 0.000137
2044 0.000101
2045 0.000036
2046 0.000114
2047 0.000161
2048 0.000176
2049 0.000112
2050 0.000213
2051 0.000172
2052 0.000205
2053 0.000073
2054 0.000074
2055 0.000055
2056 0.000057
2057 0.000052
2058 0.000069
2059 0.000110
2060 0.000084
2061 0.000036
2062 0.000030
2063 0.000081
2064 0.000054
2065 0.000022
2066 0.000081
2067 0.000041
2068 0.000097
2069 0.000079
2070 0.000101
2071 0.000091
2072 0.000062
2073 0.000190
2074 0.000068
2075 0.000088
2076 0.000170
2077 0.000077
2078 0.000170
2079 0.000237
2080 0.000160
2081 0.000166
2082 0.000062
2083 0.000084
2084 0.000055
2085 0.000038
2086 0.000165
2087 0.000191
2088 0.000153
2089 0.000080
2090 0.000222
2091 0.000144
2092 0.000168
2093 0.000227
2094 0.000250
2095 0.000105
2096 0.000090
2097 0.000098
2098 0.000146
2099 0.000046
2100 0.000052
2101 0.000128
2102 0.000112
2103 0.000064
2104 0.000060
2105 0.000162
2106 0.000069
2107 0.000104
2108 0.000120
2109 0.000177
2110 0.000160
2111 0.000068
2112 0.000119
2113 0.000103
2114 0.000130
2115 0.000067
2116 0.000034
2117 0.000039
2118 0.000062
2119 0.000070
2120 0.000121
2121 0.000062
2122 0.000141
2123 0.000115
2124 0.000099
2125 0.000073
2126 0.000025
2127 0.000037
2128 0.000108
2129 0.000064
2130 0.000159
2131 0.000129
2132 0.000209
2133 0.000121
2134 0.000300
2135 0.000051
2136 0.000113
2137 0.000095
2138 0.000093
2139 0.000075
2140 0.000106
2141 0.000167
2142 0.000191
2143 0.000109
2144 0.000093
2145 0.000077
2146 0.000066
2147 0.000055
2148 0.000155
2149 0.000086
2150 0.000059
2151 0.000056
2152 0.000132
2153 0.000172
2154 0.000196
2155 0.000085
2156 0.000029
2157 0.000060
2158 0.000056
2159 0.000039
2160 0.000047
2161 0.000090
2162 0.000183
2163 0.000113
2164 0.000072
2165 0.000121
2166 0.000055
2167 0.000053
2168 0.000125
2169 0.000081
2170 0.000060
2171 0.000121
2172 0.000105
2173 0.000059
2174 0.000168
2175 0.000051
2176 0.000066
2177 0.000152
2178 0.000100
2179 0.000079
2180 0.000123
2181 0.000127
2182 0.000051
2183 0.000071
2184 0.000071
2185 0.000097
2186 0.000042
2187 0.000082
2188 0.000054
2189 0.000129
2190 0.000070
2191 0.000045
2192 0.000023
2193 0.000040
2194 0.000039
2195 0.000090
2196 0.000091
2197 0.000108
2198 0.000095
2199 0.000129
2200 0.000137
2201 0.000062
2202 0.000096
2203 0.000081
2204 0.000058
2205 0.000053
2206 0.000068
2207 0.000046
2208 0.000072
2209 0.000113
2210 0.000075
2211 0.000149
2212 0.000164
2213 0.000061
2214 0.000136
2215 0.000056
2216 0.000075
2217 0.000058
2218 0.000082
2219 0.000029
2220 0.000050
2221 0.000029
2222 0.000023
2223 0.000110
2224 0.000138
2225 0.000145
2226 0.000082
2227 0.000129
2228 0.000087
2229 0.000104
2230 0.000071
2231 0.000048
2232 0.000105
2233 0.000122
2234 0.000146
2235 0.000219
2236 0.000207
2237 0.000131
2238 0.000085
2239 0.000156
2240 0.000152
2241 0.000087
2242 0.000083
2243 0.000206
2244 0.000130
2245 0.000137
2246 0.000266
2247 0.000102
2248 0.000239
2249 0.000120
2250 0.000099
2251 0.000080
2252 0.000136
2253 0.000077
2254 0.000183
2255 0.000109
2256 0.000028
2257 0.000079
2258 0.000120
2259 0.000094
2260 0.000097
2261 0.000115
2262 0.000092
2263 0.000093
2264 0.000054
2265 0.000096
2266 0.000084
2267 0.000057
2268 0.000206
2269 0.000172
2270 0.000102
2271 0.000089
2272 0.000040
2273 0.000072
2274 0.000035
2275 0.000050
2276 0.000071
2277 0.000030
2278 0.000028
2279 0.000089
2280 0.000149
2281 0.000110
2282 0.000046
2283 0.000042
2284 0.000052
2285 0.000037
2286 0.000032
2287 0.000103
2288 0.000113
2289 0.000053
2290 0.000087
2291 0.000040
2292 0.000146
2293 0.000139
2294 0.000150
2295 0.000077
2296 0.000095
2297 0.000035
2298 0.000103
2299 0.000086
2300 0.000089
2301 0.000113
2302 0.000063
2303 0.000040
2304 0.000047
2305 0.000070
2306 0.000098
2307 0.000093
2308 0.000055
2309 0.000055
2310 0.000027
2311 0.000053
2312 0.000060
2313 0.000055
2314 0.000081
2315 0.000113
2316 0.000124
2317 0.000151
2318 0.000143
2319 0.000104
2320 0.000059
2321 0.000121
2322 0.000070
2323 0.000089
2324 0.000076
2325 0.000047
2326 0.000028
2327 0.000094
2328 0.000129
2329 0.000232
2330 0.000064
2331 0.000066
2332 0.000110
2333 0.000129
2334 0.000151
2335 0.000116
2336 0.000098
2337 0.000071
2338 0.000065
2339 0.000079
2340 0.000070
2341 0.000085
2342 0.000133
2343 0.000136
2344 0.000110
2345 0.000109
2346 0.000052
2347 0.000056
2348 0.000061
2349 0.000048
2350 0.000054
2351 0.000104
2352 0.000118
2353 0.000078
2354 0.000063
2355 0.000085
2356 0.000051
2357 0.000029
2358 0.000023
2359 0.000055
2360 0.000089
2361 0.000053
2362 0.000093
2363 0.000096
2364 0.000110
2365 0.000097
2366 0.000056
2367 0.000184
2368 0.000087
2369 0.000143
2370 0.000147
2371 0.000040
2372 0.000072
2373 0.000135
2374 0.000098
2375 0.000053
2376 0.000080
2377 0.000076
2378 0.000056
2379 0.000136
2380 0.000038
2381 0.000021
2382 0.000021
2383 0.000027
2384 0.000065
2385 0.000068
2386 0.000132
2387 0.000133
2388 0.000098
2389 0.000086
2390 0.000030
2391 0.000050
2392 0.000048
2393 0.000199
2394 0.000071
2395 0.000100
2396 0.000110
2397 0.000062
2398 0.000158
2399 0.000060
2400 0.000040
2401 0.000070
2402 0.000167
2403 0.000202
2404 0.000186
2405 0.000071
2406 0.000106
2407 0.000066
2408 0.000088
2409 0.000089
2410 0.000094
2411 0.000107
2412 0.000079
2413 0.000067
2414 0.000150
2415 0.000156
2416 0.000106
2417 0.000056
2418 0.000069
2419 0.000098
2420 0.000075
2421 0.000047
2422 0.000105
2423 0.000037
2424 0.000100
2425 0.000053
2426 0.000160
2427 0.000119
2428 0.000151
2429 0.000208
2430 0.000179
2431 0.000253
2432 0.000232
2433 0.000113
2434 0.000087
2435 0.000101
2436 0.000091
2437 0.000071
2438 0.000045
2439 0.000127
2440 0.000103
2441 0.000083
2442 0.000039
2443 0.000080
2444 0.000075
2445 0.000115
2446 0.000182
2447 0.000121
2448 0.000141
2449 0.000058
2450 0.000088
2451 0.000089
2452 0.000134
2453 0.000096
2454 0.000088
2455 0.000066
2456 0.000152
2457 0.000047
2458 0.000117
2459 0.000114
2460 0.000158
2461 0.000050
2462 0.000069
2463 0.000128
2464 0.000066
2465 0.000099
2466 0.000077
2467 0.000084
2468 0.000050
2469 0.000109
2470 0.000144
2471 0.000269
2472 0.000125
2473 0.000070
2474 0.000030
2475 0.000086
2476 0.000085
2477 0.000029
2478 0.000102
2479 0.000072
2480 0.000093
2481 0.000053
2482 0.000077
2483 0.000113
2484 0.000084
2485 0.000050
2486 0.000053
2487 0.000030
2488 0.000069
2489 0.000099
2490 0.000183
2491 0.000075
2492 0.000122
2493 0.000061
2494 0.000067
2495 0.000055
2496 0.000037
2497 0.000104
2498 0.000050
2499 0.000126
2500 0.000082
2501 0.000061
2502 0.000041
2503 0.000153
2504 0.000080
2505 0.000066
2506 0.000034
2507 0.000095
2508 0.000056
2509 0.000042
2510 0.000066
2511 0.000034
2512 0.000075
2513 0.000146
2514 0.000100
2515 0.000049
2516 0.000025
2517 0.000067
2518 0.000072
2519 0.000138
2520 0.000092
2521 0.000073
2522 0.000066
2523 0.000075
2524 0.000057
2525 0.000069
2526 0.000145
2527 0.000040
2528 0.000072
2529 0.000154
2530 0.000092
2531 0.000054
2532 0.000038
2533 0.000040
2534 0.000037
2535 0.000031
2536 0.000074
2537 0.000065
2538 0.000063
2539 0.000126
2540 0.000053
2541 0.000046
2542 0.000085
2543 0.000074
2544 0.000123
2545 0.000062
2546 0.000092
2547 0.000118
2548 0.000079
2549 0.000235
2550 0.000280
2551 0.000209
2552 0.000124
2553 0.000125
2554 0.000124
2555 0.000066
2556 0.000066
2557 0.000089
2558 0.000097
2559 0.000057
2560 0.000063
2561 0.000033
2562 0.000081
2563 0.000095
2564 0.000038
2565 0.000040
2566 0.000065
2567 0.000068
2568 0.000034
2569 0.000031
2570 0.000041
2571 0.000093
2572 0.000028
2573 0.000042
2574 0.000118
2575 0.000142
2576 0.000185
2577 0.000125
2578 0.000190
2579 0.000069
2580 0.000035
2581 0.000064
2582 0.000160
2583 0.000134
2584 0.000072
2585 0.000054
2586 0.000142
2587 0.000088
2588 0.000136
2589 0.000082
2590 0.000227
2591 0.000079
2592 0.000082
2593 0.000044
2594 0.000072
2595 0.000094
2596 0.000148
2597 0.000078
2598 0.000048
2599 0.000041
2600 0.000101
2601 0.000068
2602 0.000034
2603 0.000144
2604 0.000210
2605 0.000231
2606 0.000187
2607 0.000221
2608 0.000180
2609 0.000168
2610 0.000181
2611 0.000277
2612 0.000299
2613 0.000148
2614 0.000055
2615 0.000152
2616 0.000126
2617 0.000195
2618 0.000056
2619 0.000027
2620 0.000115
2621 0.000174
2622 0.000176
2623 0.000045
2624 0.000108
2625 0.000060
2626 0.000187
2627 0.000072
2628 0.000101
2629 0.000138
2630 0.000054
2631 0.000036
2632 0.000145
2633 0.000082
2634 0.000140
2635 0.000075
2636 0.000115
2637 0.000115
2638 0.000076
2639 0.000047
2640 0.000067
2641 0.000076
2642 0.000072
2643 0.000058
2644 0.000047
2645 0.000071
2646 0.000131
2647 0.000119
2648 0.000141
2649 0.000177
2650 0.000115
2651 0.000088
2652 0.000089
2653 0.000160
2654 0.000104
2655 0.000108
2656 0.000093
2657 0.000162
2658 0.000156
2659 0.000201
2660 0.000072
2661 0.000030
2662 0.000089
2663 0.000080
2664 0.000077
2665 0.000063
2666 0.000067
2667 0.000074
2668 0.000095
2669 0.000042
2670 0.000086
2671 0.000069
2672 0.000066
2673 0.000122
2674 0.000196
2675 0.000098
2676 0.000091
2677 0.000146
2678 0.000100
2679 0.000082
2680 0.000086
2681 0.000139
2682 0.000096
2683 0.000059
2684 0.000041
2685 0.000022
2686 0.000085
2687 0.000094
2688 0.000056
2689 0.000043
2690 0.000114
2691 0.000071
2692 0.000137
2693 0.000073
2694 0.000128
2695 0.000146
2696 0.000198
2697 0.000196
2698 0.000181
2699 0.000120
2700 0.000132
2701 0.000072
2702 0.000049
2703 0.000066
2704 0.000099
2705 0.000093
2706 0.000097
2707 0.000123
2708 0.000049
2709 0.000116
2710 0.000178
2711 0.000111
2712 0.000109
2713 0.000061
2714 0.000139
2715 0.000090
2716 0.000046
2717 0.000185
2718 0.000079
2719 0.000082
2720 0.000125
2721 0.000120
2722 0.000086
2723 0.000052
2724 0.000152
2725 0.000164
2726 0.000177
2727 0.000065
2728 0.000038
2729 0.000039
2730 0.000178
2731 0.000168
2732 0.000073
2733 0.000066
2734 0.000058
2735 0.000073
2736 0.000061
2737 0.000076
2738 0.000080
2739 0.000138
2740 0.000133
2741 0.000115
2742 0.000120
2743 0.000130
2744 0.000152
2745 0.000058
2746 0.000090
2747 0.000145
2748 0.000093
2749 0.000055
2750 0.000048
2751 0.000137
2752 0.000046
2753 0.000120
2754 0.000108
2755 0.000215
2756 0.000335
2757 0.000106
2758 0.000045
2759 0.000107
2760 0.000066
2761 0.000086
2762 0.000039
2763 0.000073
2764 0.000046
2765 0.000053
2766 0.000037
2767 0.000057
2768 0.000093
2769 0.000035
2770 0.000068
2771 0.000141
2772 0.000152
2773 0.000078
2774 0.000097
2775 0.000201
2776 0.000162
2777 0.000100
2778 0.000233
2779 0.000221
2780 0.000053
2781 0.000060
2782 0.000060
2783 0.000153
2784 0.000170
2785 0.000116
2786 0.000153
2787 0.000104
2788 0.000061
2789 0.000058
2790 0.000047
2791 0.000084
2792 0.000056
2793 0.000062
2794 0.000119
2795 0.000040
2796 0.000166
2797 0.000120
2798 0.000121
2799 0.000096
2800 0.000096
2801 0.000035
2802 0.000040
2803 0.000124
2804 0.000180
2805 0.000104
2806 0.000030
2807 0.000019
2808 0.000072
2809 0.000154
2810 0.000103
2811 0.000096
2812 0.000035
2813 0.000030
2814 0.000028
2815 0.000158
2816 0.000042
2817 0.000027
2818 0.000073
2819 0.000031
2820 0.000193
2821 0.000095
2822 0.000223
2823 0.000155
2824 0.000129
2825 0.000079
2826 0.000143
2827 0.000161
2828 0.000152
2829 0.000157
2830 0.000082
2831 0.000086
2832 0.000033
2833 0.000057
2834 0.000072
2835 0.000071
2836 0.000055
2837 0.000120
2838 0.000049
2839 0.000070
2840 0.000100
2841 0.000100
2842 0.000151
2843 0.000122
2844 0.000119
2845 0.000192
2846 0.000082
2847 0.000032
2848 0.000024
2849 0.000049
2850 0.000124
2851 0.000057
2852 0.000136
2853 0.000133
2854 0.000178
2855 0.000091
2856 0.000133
2857 0.000195
2858 0.000334
2859 0.000204
2860 0.000216
2861 0.000110
2862 0.000126
2863 0.000051
2864 0.000059
2865 0.000141
2866 0.000120
2867 0.000133
2868 0.000115
2869 0.000139
2870 0.000119
2871 0.000105
2872 0.000139
2873 0.000133
2874 0.000128
2875 0.000102
2876 0.000058
2877 0.000141
2878 0.000091
2879 0.000114
2880 0.000104
2881 0.000155
2882 0.000088
2883 0.000193
2884 0.000056
2885 0.000133
2886 0.000114
2887 0.000083
2888 0.000062
2889 0.000052
2890 0.000089
2891 0.000059
2892 0.000041
2893 0.000030
2894 0.000090
2895 0.000042
2896 0.000027
2897 0.000030
2898 0.000105
2899 0.000135
2900 0.000137
2901 0.000113
2902 0.000096
2903 0.000103
2904 0.000065
2905 0.000069
2906 0.000083
2907 0.000118
2908 0.000188
2909 0.000055
2910 0.000192
2911 0.000056
2912 0.000072
2913 0.000142
2914 0.000191
2915 0.000161
2916 0.000200
2917 0.000110
2918 0.000067
2919 0.000112
2920 0.000084
2921 0.000080
2922 0.000132
2923 0.000154
2924 0.000137
2925 0.000090
2926 0.000166
2927 0.000336
2928 0.000156
2929 0.000081
2930 0.000108
2931 0.000093
2932 0.000055
2933 0.000037
2934 0.000078
2935 0.000078
2936 0.000101
2937 0.000049
2938 0.000134
2939 0.000081
2940 0.000049
2941 0.000060
2942 0.000055
2943 0.000055
2944 0.000107
2945 0.000053
2946 0.000081
2947 0.000080
2948 0.000064
2949 0.000091
2950 0.000159
2951 0.000075
2952 0.000146
2953 0.000067
2954 0.000131
2955 0.000126
2956 0.000106
2957 0.000194
2958 0.000204
2959 0.000065
2960 0.000058
2961 0.000059
2962 0.000048
2963 0.000147
2964 0.000180
2965 0.000132
2966 0.000171
2967 0.000155
2968 0.000116
2969 0.000072
2970 0.000090
2971 0.000053
2972 0.000053
2973 0.000101
2974 0.000083
2975 0.000071
2976 0.000079
2977 0.000048
2978 0.000049
2979 0.000095
2980 0.000065
2981 0.000165
2982 0.000105
2983 0.000214
2984 0.000246
2985 0.000239
2986 0.000360
2987 0.000366
2988 0.000152
2989 0.000097
2990 0.000182
2991 0.000130
2992 0.000106
2993 0.000085
2994 0.000059
2995 0.000130
2996 0.000093
2997 0.000118
2998 0.000040
2999 0.000026
3000 0.000080
3001 0.000046
3002 0.000046
3003 0.000172
3004 0.000051
3005 0.000160
3006 0.000049
3007 0.000060
3008 0.000032
3009 0.000029
3010 0.000027
3011 0.000041
3012 0.000085
3013 0.000063
3014 0.000168
3015 0.000181
3016 0.000103
3017 0.000103
3018 0.000059
3019 0.000046
3020 0.000109
3021 0.000130
3022 0.000078
3023 0.000138
3024 0.000195
3025 0.000098
3026 0.000177
3027 0.000131
3028 0.000048
3029 0.000046
3030 0.000028
3031 0.000070
3032 0.000048
3033 0.000031
3034 0.000081
3035 0.000180
3036 0.000078
3037 0.000120
3038 0.000090
3039 0.000231
3040 0.000205
3041 0.000151
3042 0.000168
3043 0.000061
3044 0.000069
3045 0.000087
3046 0.000172
3047 0.000161
3048 0.000091
3049 0.000120
3050 0.000125
3051 0.000062
3052 0.000041
3053 0.000085
3054 0.000092
3055 0.000028
3056 0.000121
3057 0.000168
3058 0.000074
3059 0.000068
3060 0.000057
3061 0.000039
3062 0.000113
3063 0.000196
3064 0.000071
3065 0.000081
3066 0.000063
3067 0.000099
3068 0.000098
3069 0.000097
3070 0.000073
3071 0.000045
3072 0.000057
3073 0.000074
3074 0.000128
3075 0.000126
3076 0.000122
3077 0.000078
3078 0.000077
3079 0.000132
3080 0.000114
3081 0.000176
3082 0.000092
3083 0.000074
3084 0.000074
3085 0.000138
3086 0.000060
3087 0.000120
3088 0.000076
3089 0.000047
3090 0.000102
3091 0.000084
3092 0.000087
3093 0.000070
3094 0.000148
3095 0.000167
3096 0.000317
3097 0.000093
3098 0.000096
3099 0.000042
3100 0.000076
3101 0.000102
3102 0.000077
3103 0.000072
3104 0.000090
3105 0.000102
3106 0.000140
3107 0.000167
3108 0.000114
3109 0.000051
3110 0.000144
3111 0.000100
3112 0.000071
3113 0.000078
3114 0.000103
3115 0.000141
3116 0.000133
3117 0.000061
3118 0.000116
3119 0.000048
3120 0.000053
3121 0.000049
3122 0.000288
3123 0.000097
3124 0.000095
3125 0.000069
3126 0.000030
3127 0.000023
3128 0.000134
3129 0.000147
3130 0.000121
3131 0.000102
3132 0.000065
3133 0.000050
3134 0.000119
3135 0.000049
3136 0.000106
3137 0.000142
3138 0.000265
3139 0.000155
3140 0.000093
3141 0.000125
3142 0.000190
3143 0.000096
3144 0.000120
3145 0.000103
3146 0.000044
3147 0.000088
3148 0.000103
3149 0.000064
3150 0.000100
3151 0.000303
3152 0.000083
3153 0.000081
3154 0.000203
3155 0.000164
3156 0.000089
3157 0.000114
3158 0.000135
3159 0.000130
3160 0.000052
3161 0.000030
3162 0.000092
3163 0.000103
3164 0.000122
3165 0.000186
3166 0.000280
3167 0.000184
3168 0.000080
3169 0.000061
3170 0.000132
3171 0.000113
3172 0.000077
3173 0.000101
3174 0.000060
3175 0.000147
3176 0.000078
3177 0.000133
3178 0.000216
3179 0.000169
3180 0.000066
3181 0.000063
3182 0.000066
3183 0.000085
3184 0.000069
3185 0.000147
3186 0.000187
3187 0.000205
3188 0.000189
3189 0.000116
3190 0.000084
3191 0.000037
3192 0.000091
3193 0.000108
3194 0.000150
3195 0.000099
3196 0.000154
3197 0.000077
3198 0.000075
3199 0.000124
3200 0.000146
3201 0.000146
3202 0.000156
3203 0.000097
3204 0.000082
3205 0.000075
3206 0.000153
3207 0.000098
3208 0.000134
3209 0.000058
3210 0.000103
3211 0.000058
3212 0.000102
3213 0.000044
3214 0.000065
3215 0.000110
3216 0.000263
3217 0.000290
3218 0.000155
3219 0.000181
3220 0.000102
3221 0.000044
3222 0.000087
3223 0.000115
3224 0.000034
3225 0.000077
3226 0.000040
3227 0.000064
3228 0.000133
3229 0.000171
3230 0.000077
3231 0.000028
3232 0.000021
3233 0.000059
3234 0.000186
3235 0.000072
3236 0.000027
3237 0.000090
3238 0.000094
3239 0.000105
3240 0.000066
3241 0.000161
3242 0.000094
3243 0.000088
3244 0.000052
3245 0.000072
3246 0.000075
3247 0.000049
3248 0.000063
3249 0.000028
3250 0.000029
3251 0.000078
3252 0.000117
3253 0.000083
3254 0.000190
3255 0.000069
3256 0.000054
3257 0.000074
3258 0.000097
3259 0.000086
3260 0.000102
3261 0.000229
3262 0.000069
3263 0.000091
3264 0.000050
3265 0.000202
3266 0.000090
3267 0.000083
3268 0.000082
3269 0.000038
3270 0.000031
3271 0.000094
3272 0.000125
3273 0.000150
3274 0.000101
3275 0.000199
3276 0.000095
3277 0.000086
3278 0.000058
3279 0.000077
3280 0.000045
3281 0.000057
3282 0.000129
3283 0.000065
3284 0.000070
3285 0.000197
3286 0.000061
3287 0.000071
3288 0.000064
3289 0.000060
3290 0.000158
3291 0.000078
3292 0.000098
3293 0.000151
3294 0.000202
3295 0.000101
3296 0.000255
3297 0.000104
3298 0.000083
3299 0.000095
3300 0.000054
3301 0.000067
3302 0.000079
3303 0.000037
3304 0.000180
3305 0.000070
3306 0.000152
3307 0.000176
3308 0.000174
3309 0.000089
3310 0.000096
3311 0.000306
3312 0.000186
3313 0.000086
3314 0.000099
3315 0.000052
3316 0.000040
3317 0.000032
3318 0.000029
3319 0.000039
3320 0.000087
3321 0.000153
3322 0.000100
3323 0.000065
3324 0.000149
3325 0.000085
3326 0.000052
3327 0.000065
3328 0.000101
3329 0.000071
3330 0.000046
3331 0.000056
3332 0.000031
3333 0.000069
3334 0.000093
3335 0.000061
3336 0.000098
3337 0.000056
3338 0.000023
3339 0.000025
3340 0.000033
3341 0.000053
3342 0.000072
3343 0.000108
3344 0.000061
3345 0.000041
3346 0.000119
3347 0.000049
3348 0.000043
3349 0.000041
3350 0.000085
3351 0.000033
3352 0.000044
3353 0.000037
3354 0.000119
3355 0.000078
3356 0.000053
3357 0.000078
3358 0.000049
3359 0.000090
3360 0.000092
3361 0.000054
3362 0.000075
3363 0.000028
3364 0.000091
3365 0.000178
3366 0.000145
3367 0.000138
3368 0.000126
3369 0.000144
3370 0.000119
3371 0.000104
3372 0.000171
3373 0.000192
3374 0.000195
3375 0.000070
3376 0.000060
3377 0.000053
3378 0.000093
3379 0.000103
3380 0.000052
3381 0.000085
3382 0.000063
3383 0.000114
3384 0.000044
3385 0.000077
3386 0.000117
3387 0.000142
3388 0.000171
3389 0.000174
3390 0.000089
3391 0.000080
3392 0.000048
3393 0.000115
3394 0.000150
3395 0.000169
3396 0.000064
3397 0.000082
3398 0.000176
3399 0.000110
3400 0.000142
3401 0.000061
3402 0.000080
3403 0.000103
3404 0.000149
3405 0.000106
3406 0.000129
3407 0.000103
3408 0.000102
3409 0.000105
3410 0.000161
3411 0.000138
3412 0.000054
3413 0.000074
3414 0.000180
3415 0.000118
3416 0.000086
3417 0.000103
3418 0.000050
3419 0.000073
3420 0.000101
3421 0.000101
3422 0.000204
3423 0.000109
3424 0.000056
3425 0.000050
3426 0.000228
3427 0.000114
3428 0.000079
3429 0.000101
3430 0.000200
3431 0.000100
3432 0.000095
3433 0.000070
3434 0.000054
3435 0.000038
3436 0.000031
3437 0.000060
3438 0.000049
3439 0.000065
3440 0.000148
3441 0.000082
3442 0.000072
3443 0.000090
3444 0.000071
3445 0.000084
3446 0.000111
3447 0.000065
3448 0.000050
3449 0.000036
3450 0.000085
3451 0.000089
3452 0.000076
3453 0.000191
3454 0.000100
3455 0.000091
3456 0.000115
3457 0.000105
3458 0.000083
3459 0.000065
3460 0.000039
3461 0.000121
3462 0.000110
3463 0.000097
3464 0.000112
3465 0.000085
3466 0.000092
3467 0.000114
3468 0.000049
3469 0.000036
3470 0.000023
3471 0.000082
3472 0.000109
3473 0.000105
3474 0.000045
3475 0.000046
3476 0.000080
3477 0.000049
3478 0.000078
3479 0.000106
3480 0.000063
3481 0.000126
3482 0.000237
3483 0.000044
3484 0.000036
3485 0.000042
3486 0.000065
3487 0.000054
3488 0.000157
3489 0.000185
3490 0.000250
3491 0.000127
3492 0.000126
3493 0.000095
3494 0.000128
3495 0.000114
3496 0.000127
3497 0.000092
3498 0.000117
3499 0.000180
3500 0.000134
3501 0.000107
3502 0.000219
3503 0.000112
3504 0.000045
3505 0.000048
3506 0.000025
3507 0.000051
3508 0.000076
3509 0.000092
3510 0.000114
3511 0.000065
3512 0.000085
3513 0.000157
3514 0.000131
3515 0.000157
3516 0.000086
3517 0.000039
3518 0.000036
3519 0.000042
3520 0.000078
3521 0.000026
3522 0.000121
3523 0.000307
3524 0.000236
3525 0.000087
3526 0.000033
3527 0.000085
3528 0.000099
3529 0.000139
3530 0.000054
3531 0.000047
3532 0.000041
3533 0.000049
3534 0.000029
3535 0.000077
3536 0.000071
3537 0.000087
3538 0.000118
3539 0.000150
3540 0.000094
3541 0.000203
3542 0.000072
3543 0.000114
3544 0.000053
3545 0.000113
3546 0.000057
3547 0.000030
3548 0.000082
3549 0.000050
3550 0.000053
3551 0.000083
3552 0.000085
3553 0.000111
3554 0.000152
3555 0.000063
3556 0.000057
3557 0.000074
3558 0.000066
3559 0.000124
3560 0.000106
3561 0.000197
3562 0.000226
3563 0.000124
3564 0.000115
3565 0.000187
3566 0.000233
3567 0.000119
3568 0.000056
3569 0.000079
3570 0.000151
3571 0.000074
3572 0.000034
3573 0.000148
3574 0.000075
3575 0.000179
3576 0.000142
3577 0.000196
3578 0.000102
3579 0.000053
3580 0.000133
3581 0.000080
3582 0.000056
3583 0.000023
3584 0.000062
3585 0.000065
3586 0.000108
3587 0.000151
3588 0.000184
3589 0.000095
3590 0.000089
3591 0.000063
3592 0.000104
3593 0.000048
3594 0.000102
3595 0.000065
3596 0.000118
3597 0.000121
3598 0.000140
3599 0.000157
3600 0.000135
3601 0.000070
3602 0.000095
3603 0.000028
3604 0.000019
3605 0.000099
3606 0.000082
3607 0.000060
3608 0.000143
3609 0.000088
3610 0.000087
3611 0.000086
3612 0.000177
3613 0.000128
3614 0.000069
3615 0.000117
3616 0.000077
3617 0.000061
3618 0.000099
3619 0.000168
3620 0.000255
3621 0.000263
3622 0.000089
3623 0.000166
3624 0.000166
3625 0.000058
3626 0.000108
3627 0.000038
3628 0.000105
3629 0.000201
3630 0.000072
3631 0.000156
3632 0.000112
3633 0.000034
3634 0.000094
3635 0.000072
3636 0.000089
3637 0.000086
3638 0.000052
3639 0.000059
3640 0.000023
3641 0.000057
3642 0.000055
3643 0.000107
3644 0.000065
3645 0.000123
3646 0.000114
3647 0.000093
3648 0.000077
3649 0.000083
3650 0.000066
3651 0.000048
3652 0.000052
3653 0.000038
3654 0.000023
3655 0.000124
3656 0.000060
3657 0.000105
3658 0.000200
3659 0.000104
3660 0.000117
3661 0.000175
3662 0.000075
3663 0.000083
3664 0.000029
3665 0.000128
3666 0.000079
3667 0.000127
3668 0.000074
3669 0.000093
3670 0.000081
3671 0.000204
3672 0.000089
3673 0.000100
3674 0.000163
3675 0.000192
3676 0.000090
3677 0.000163
3678 0.000118
3679 0.000066
3680 0.000177
3681 0.000201
3682 0.000199
3683 0.000240
3684 0.000128
3685 0.000192
3686 0.000121
3687 0.000066
3688 0.000126
3689 0.000189
3690 0.000155
3691 0.000059
3692 0.000141
3693 0.000100
3694 0.000043
3695 0.000027
3696 0.000070
3697 0.000027
3698 0.000046
3699 0.000154
3700 0.000059
3701 0.000032
3702 0.000050
3703 0.000115
3704 0.000098
3705 0.000114
3706 0.000045
3707 0.000046
3708 0.000041
3709 0.000057
3710 0.000059
3711 0.000058
3712 0.000077
3713 0.000111
3714 0.000103
3715 0.000054
3716 0.000026
3717 0.000029
3718 0.000041
3719 0.000040
3720 0.000113
3721 0.000107
3722 0.000076
3723 0.000028
3724 0.000052
3725 0.000037
3726 0.000033
3727 0.000225
3728 0.000094
3729 0.000035
3730 0.000035
3731 0.000201
3732 0.000100
3733 0.000194
3734 0.000098
3735 0.000162
3736 0.000124
3737 0.000124
3738 0.000068
3739 0.000050
3740 0.000190
3741 0.000153
3742 0.000154
3743 0.000080
3744 0.000163
3745 0.000095
3746 0.000090
3747 0.000070
3748 0.000050
3749 0.000066
3750 0.000090
3751 0.000119
3752 0.000066
3753 0.000043
3754 0.000047
3755 0.000127
3756 0.000105
3757 0.000080
3758 0.000050
3759 0.000026
3760 0.000136
3761 0.000052
3762 0.000049
3763 0.000049
3764 0.000050
3765 0.000023
3766 0.000046
3767 0.000079
3768 0.000045
3769 0.000060
3770 0.000066
3771 0.000095
3772 0.000052
3773 0.000121
3774 0.000139
3775 0.000055
3776 0.000038
3777 0.000131
3778 0.000210
3779 0.000142
3780 0.000081
3781 0.000185
3782 0.000087
3783 0.000089
3784 0.000126
3785 0.000072
3786 0.000090
3787 0.000041
3788 0.000106
3789 0.000087
3790 0.000063
3791 0.000108
3792 0.000131
3793 0.000102
3794 0.000064
3795 0.000098
3796 0.000063
3797 0.000062
3798 0.000058
3799 0.000039
3800 0.000049
3801 0.000067
3802 0.000059
3803 0.000092
3804 0.000124
3805 0.000259
3806 0.000096
3807 0.000070
3808 0.000021
3809 0.000033
3810 0.000102
3811 0.000102
3812 0.000063
3813 0.000026
3814 0.000121
3815 0.000107
3816 0.000045
3817 0.000175
3818 0.000247
3819 0.000095
3820 0.000084
3821 0.000059
3822 0.000130
3823 0.000211
3824 0.000280
3825 0.000216
3826 0.000061
3827 0.000076
3828 0.000142
3829 0.000085
3830 0.000107
3831 0.000087
3832 0.000087
3833 0.000153
3834 0.000093
3835 0.000075
3836 0.000135
3837 0.000053
3838 0.000086
3839 0.000051
3840 0.000089
3841 0.000091
3842 0.000077
3843 0.000056
3844 0.000098
3845 0.000057
3846 0.000161
3847 0.000136
3848 0.000096
3849 0.000079
3850 0.000157
3851 0.000177
3852 0.000076
3853 0.000082
3854 0.000130
3855 0.000085
3856 0.000051
3857 0.000039
3858 0.000119
3859 0.000049
3860 0.000086
3861 0.000096
3862 0.000079
3863 0.000136
3864 0.000113
3865 0.000041
3866 0.000027
3867 0.000038
3868 0.000091
3869 0.000131
3870 0.000084
3871 0.000039
3872 0.000026
3873 0.000060
3874 0.000109
3875 0.000144
3876 0.000083
3877 0.000107
3878 0.000128
3879 0.000080
3880 0.000086
3881 0.000042
3882 0.000069
3883 0.000196
3884 0.000048
3885 0.000070
3886 0.000075
3887 0.000118
3888 0.000077
3889 0.000060
3890 0.000089
3891 0.000066
3892 0.000074
3893 0.000135
3894 0.000075
3895 0.000118
3896 0.000038
3897 0.000077
3898 0.000074
3899 0.000120
3900 0.000040
3901 0.000076
3902 0.000078
3903 0.000049
3904 0.000099
3905 0.000074
3906 0.000131
3907 0.000090
3908 0.000110
3909 0.000144
3910 0.000158
3911 0.000095
3912 0.000042
3913 0.000047
3914 0.000130
3915 0.000070
3916 0.000030
3917 0.000183
3918 0.000110
3919 0.000095
3920 0.000110
3921 0.000161
3922 0.000075
3923 0.000090
3924 0.000080
3925 0.000038
3926 0.000038
3927 0.000084
3928 0.000095
3929 0.000103
3930 0.000046
3931 0.000112
3932 0.000117
3933 0.000090
3934 0.000120
3935 0.000073
3936 0.000047
3937 0.000125
3938 0.000200
3939 0.000158
3940 0.000228
3941 0.000176
3942 0.000132
3943 0.000124
3944 0.000050
3945 0.000049
3946 0.000056
3947 0.000108
3948 0.000089
3949 0.000053
3950 0.000040
3951 0.000033
3952 0.000068
3953 0.000034
3954 0.000117
3955 0.000157
3956 0.000196
3957 0.000216
3958 0.000286
3959 0.000164
3960 0.000063
3961 0.000078
3962 0.000025
3963 0.000048
3964 0.000036
3965 0.000054
3966 0.000109
3967 0.000046
3968 0.000152
3969 0.000070
3970 0.000094
3971 0.000219
3972 0.000118
3973 0.000150
3974 0.000040
3975 0.000184
3976 0.000151
3977 0.000108
3978 0.000073
3979 0.000116
3980 0.000269
3981 0.000061
3982 0.000074
3983 0.000107
3984 0.000092
3985 0.000096
3986 0.000073
3987 0.000134
3988 0.000234
3989 0.000138
3990 0.000148
3991 0.000093
3992 0.000082
3993 0.000042
3994 0.000033
3995 0.000157
3996 0.000209
3997 0.000230
3998 0.000142
3999 0.000060
4000 0.000056
4001 0.000128
4002 0.000069
4003 0.000099
4004 0.000071
4005 0.000039
4006 0.000041
4007 0.000044
4008 0.000021
4009 0.000040
4010 0.000088
4011 0.000173
4012 0.000121
4013 0.000030
4014 0.000051
4015 0.000034
4016 0.000050
4017 0.000036
4018 0.000092
4019 0.000041
4020 0.000091
4021 0.000074
4022 0.000036
4023 0.000047
4024 0.000095
4025 0.000039
4026 0.000043
4027 0.000031
4028 0.000028
4029 0.000076
4030 0.000070
4031 0.000057
4032 0.000027
4033 0.000041
4034 0.000086
4035 0.000066
4036 0.000043
4037 0.000050
4038 0.000036
4039 0.000118
4040 0.000049
4041 0.000126
4042 0.000069
4043 0.000084
4044 0.000087
4045 0.000127
4046 0.000108
4047 0.000056
4048 0.000031
4049 0.000087
4050 0.000071
4051 0.000049
4052 0.000159
4053 0.000115
4054 0.000150
4055 0.000166
4056 0.000173
4057 0.000183
4058 0.000171
4059 0.000131
4060 0.000088
4061 0.000086
4062 0.000105
4063 0.000057
4064 0.000133
4065 0.000213
4066 0.000120
4067 0.000133
4068 0.000062
4069 0.000045
4070 0.000048
4071 0.000122
4072 0.000104
4073 0.000102
4074 0.000126
4075 0.000080
4076 0.000040
4077 0.000151
4078 0.000079
4079 0.000085
4080 0.000111
4081 0.000045
4082 0.000049
4083 0.000050
4084 0.000046
4085 0.000035
4086 0.000195
4087 0.000098
4088 0.000086
4089 0.000042
4090 0.000109
4091 0.000173
4092 0.000078
4093 0.000114
4094 0.000063
4095 0.000068
4096 0.000128
4097 0.000147
4098 0.000172
4099 0.000138
4100 0.000165
4101 0.000089
4102 0.000189
4103 0.000085
4104 0.000103
4105 0.000092
4106 0.000110
4107 0.000046
4108 0.000068
4109 0.000113
4110 0.000031
4111 0.000022
4112 0.000024
4113 0.000197
4114 0.000236
4115 0.000146
4116 0.000110
4117 0.000074
4118 0.000080
4119 0.000064
4120 0.000097
4121 0.000103
4122 0.000042
4123 0.000086
4124 0.000091
4125 0.000210
4126 0.000192
4127 0.000170
4128 0.000097
4129 0.000076
4130 0.000091
4131 0.000197
4132 0.000146
4133 0.000061
4134 0.000104
4135 0.000150
4136 0.000167
4137 0.000290
4138 0.000199
4139 0.000123
4140 0.000050
4141 0.000068
4142 0.000084
4143 0.000051
4144 0.000218
4145 0.000114
4146 0.000063
4147 0.000184
4148 0.000118
4149 0.000065
4150 0.000080
4151 0.000097
4152 0.000144
4153 0.000214
4154 0.000234
4155 0.000138
4156 0.000071
4157 0.000091
4158 0.000149
4159 0.000112
4160 0.000055
4161 0.000093
4162 0.000081
4163 0.000057
4164 0.000039
4165 0.000091
4166 0.000114
4167 0.000114
4168 0.000076
4169 0.000217
4170 0.000218
4171 0.000260
4172 0.000089
4173 0.000047
4174 0.000098
4175 0.000100
4176 0.000057
4177 0.000039
4178 0.000104
4179 0.000059
4180 0.000120
4181 0.000165
4182 0.000062
4183 0.000066
4184 0.000023
4185 0.000088
4186 0.000030
4187 0.000049
4188 0.000055
4189 0.000151
4190 0.000146
4191 0.000197
4192 0.000183
4193 0.000187
4194 0.000079
4195 0.000105
4196 0.000060
4197 0.000123
4198 0.000093
4199 0.000140
4200 0.000104
4201 0.000096
4202 0.000090
4203 0.000203
4204 0.000285
4205 0.000263
4206 0.000161
4207 0.000185
4208 0.000128
4209 0.000105
4210 0.000028
4211 0.000076
4212 0.000086
4213 0.000076
4214 0.000069
4215 0.000071
4216 0.000085
4217 0.000037
4218 0.000046
4219 0.000161
4220 0.000083
4221 0.000145
4222 0.000132
4223 0.000153
4224 0.000201
4225 0.000086
4226 0.000053
4227 0.000123
4228 0.000169
4229 0.000109
4230 0.000114
4231 0.000104
4232 0.000058
4233 0.000068
4234 0.000150
4235 0.000095
4236 0.000186
4237 0.000184
4238 0.000194
4239 0.000091
4240 0.000119
4241 0.000087
4242 0.000196
4243 0.000153
4244 0.000196
4245 0.000170
4246 0.000063
4247 0.000150
4248 0.000111
4249 0.000073
4250 0.000094
4251 0.000104
4252 0.000095
4253 0.000096
4254 0.000031
4255 0.000024
4256 0.000025
4257 0.000126
4258 0.000072
4259 0.000174
4260 0.000089
4261 0.000100
4262 0.000043
4263 0.000120
4264 0.000126
4265 0.000097
4266 0.000165
4267 0.000089
4268 0.000076
4269 0.000107
4270 0.000060
4271 0.000073
4272 0.000056
4273 0.000119
4274 0.000210
4275 0.000093
4276 0.000031
4277 0.000039
4278 0.000063
4279 0.000101
4280 0.000081
4281 0.000032
4282 0.000040
4283 0.000067
4284 0.000060
4285 0.000109
4286 0.000085
4287 0.000049
4288 0.000057
4289 0.000030
4290 0.000019
4291 0.000048
4292 0.000051
4293 0.000180
4294 0.000053
4295 0.000050
4296 0.000113
4297 0.000084
4298 0.000065
4299 0.000043
4300 0.000062
4301 0.000032
4302 0.000057
4303 0.000042
4304 0.000075
4305 0.000063
4306 0.000107
4307 0.000105
4308 0.000136
4309 0.000076
4310 0.000055
4311 0.000058
4312 0.000040
4313 0.000032
4314 0.000051
4315 0.000104
4316 0.000067
4317 0.000056
4318 0.000195
4319 0.000146
4320 0.000057
4321 0.000082
4322 0.000095
4323 0.000055
4324 0.000073
4325 0.000128
4326 0.000213
4327 0.000086
4328 0.000123
4329 0.000133
4330 0.000255
4331 0.000321
4332 0.000331
4333 0.000124
4334 0.000136
4335 0.000073
4336 0.000218
4337 0.000312
4338 0.000151
4339 0.000072
4340 0.000089
4341 0.000053
4342 0.000030
4343 0.000063
4344 0.000062
4345 0.000090
4346 0.000173
4347 0.000068
4348 0.000069
4349 0.000075
4350 0.000039
4351 0.000094
4352 0.000042
4353 0.000156
4354 0.000284
4355 0.000164
4356 0.000266
4357 0.000118
4358 0.000102
4359 0.000058
4360 0.000103
4361 0.000083
4362 0.000060
4363 0.000040
4364 0.000056
4365 0.000100
4366 0.000079
4367 0.000128
4368 0.000091
4369 0.000078
4370 0.000169
4371 0.000062
4372 0.000122
4373 0.000041
4374 0.000047
4375 0.000068
4376 0.000073
4377 0.000046
4378 0.000022
4379 0.000050
4380 0.000169
4381 0.000051
4382 0.000068
4383 0.000097
4384 0.000043
4385 0.000049
4386 0.000023
4387 0.000105
4388 0.000060
4389 0.000022
4390 0.000026
4391 0.000021
4392 0.000126
4393 0.000116
4394 0.000067
4395 0.000068
4396 0.000116
4397 0.000133
4398 0.000112
4399 0.000079
4400 0.000092
4401 0.000041
4402 0.000047
4403 0.000101
4404 0.000078
4405 0.000081
4406 0.000032
4407 0.000029
4408 0.000124
4409 0.000123
4410 0.000152
4411 0.000047
4412 0.000054
4413 0.000086
4414 0.000094
4415 0.000055
4416 0.000044
4417 0.000138
4418 0.000185
4419 0.000148
4420 0.000265
4421 0.000086
4422 0.000132
4423 0.000251
4424 0.000155
4425 0.000178
4426 0.000166
4427 0.000091
4428 0.000132
4429 0.000179
4430 0.000133
4431 0.000088
4432 0.000200
4433 0.000285
4434 0.000117
4435 0.000107
4436 0.000065
4437 0.000056
4438 0.000078
4439 0.000032
4440 0.000098
4441 0.000166
4442 0.000138
4443 0.000101
4444 0.000070
4445 0.000039
4446 0.000048
4447 0.000092
4448 0.000054
4449 0.000023
4450 0.000085
4451 0.000126
4452 0.000178
4453 0.000197
4454 0.000079
4455 0.000158
4456 0.000256
4457 0.000088
4458 0.000042
4459 0.000027
4460 0.000079
4461 0.000144
4462 0.000072
4463 0.000089
4464 0.000040
4465 0.000078
4466 0.000118
4467 0.000097
4468 0.000080
4469 0.000138
4470 0.000044
4471 0.000096
4472 0.000098
4473 0.000059
4474 0.000078
4475 0.000127
4476 0.000037
4477 0.000080
4478 0.000163
4479 0.000188
4480 0.000104
4481 0.000074
4482 0.000073
4483 0.000044
4484 0.000047
4485 0.000064
4486 0.000144
4487 0.000110
4488 0.000119
4489 0.000127
4490 0.000114
4491 0.000082
4492 0.000126
4493 0.000057
4494 0.000085
4495 0.000039
4496 0.000058
4497 0.000031
4498 0.000106
4499 0.000080
4500 0.000110
4501 0.000074
4502 0.000082
4503 0.000118
4504 0.000106
4505 0.000127
4506 0.000072
4507 0.000082
4508 0.000067
4509 0.000029
4510 0.000078
4511 0.000109
4512 0.000162
4513 0.000272
4514 0.000100
4515 0.000075
4516 0.000055
4517 0.000051
4518 0.000049
4519 0.000077
4520 0.000053
4521 0.000117
4522 0.000129
4523 0.000064
4524 0.000029
4525 0.000061
4526 0.000114
4527 0.000161
4528 0.000103
4529 0.000069
4530 0.000035
4531 0.000092
4532 0.000141
4533 0.000072
4534 0.000105
4535 0.000143
4536 0.000100
4537 0.000051
4538 0.000024
4539 0.000075
4540 0.000031
4541 0.000102
4542 0.000094
4543 0.000063
4544 0.000026
4545 0.000038
4546 0.000026
4547 0.000099
4548 0.000041
4549 0.000177
4550 0.000240
4551 0.000110
4552 0.000126
4553 0.000152
4554 0.000106
4555 0.000178
4556 0.000216
4557 0.000046
4558 0.000124
4559 0.000095
4560 0.000071
4561 0.000059
4562 0.000040
4563 0.000103
4564 0.000101
4565 0.000130
4566 0.000169
4567 0.000121
4568 0.000142
4569 0.000303
4570 0.000136
4571 0.000135
4572 0.000158
4573 0.000132
4574 0.000158
4575 0.000197
4576 0.000099
4577 0.000076
4578 0.000040
4579 0.000163
4580 0.000198
4581 0.000180
4582 0.000122
4583 0.000074
4584 0.000047
4585 0.000097
4586 0.000167
4587 0.000093
4588 0.000051
4589 0.000078
4590 0.000097
4591 0.000107
4592 0.000113
4593 0.000210
4594 0.000143
4595 0.000071
4596 0.000076
4597 0.000098
4598 0.000052
4599 0.000077
4600 0.000088
4601 0.000047
4602 0.000047
4603 0.000112
4604 0.000087
4605 0.000087
4606 0.000089
4607 0.000046
4608 0.000149
4609 0.000063
4610 0.000134
4611 0.000072
4612 0.000189
4613 0.000088
4614 0.000105
4615 0.000066
4616 0.000043
4617 0.000122
4618 0.000220
4619 0.000109
4620 0.000068
4621 0.000049
4622 0.000057
4623 0.000084
4624 0.000039
4625 0.000254
4626 0.000295
4627 0.000156
4628 0.000164
4629 0.000066
4630 0.000085
4631 0.000088
4632 0.000071
4633 0.000071
4634 0.000144
4635 0.000063
4636 0.000097
4637 0.000063
4638 0.000028
4639 0.000024
4640 0.000044
4641 0.000027
4642 0.000034
4643 0.000044
4644 0.000133
4645 0.000090
4646 0.000110
4647 0.000062
4648 0.000087
4649 0.000079
4650 0.000098
4651 0.000128
4652 0.000125
4653 0.000094
4654 0.000055
4655 0.000083
4656 0.000091
4657 0.000041
4658 0.000180
4659 0.000232
4660 0.000187
4661 0.000230
4662 0.000115
4663 0.000112
4664 0.000047
4665 0.000101
4666 0.000036
4667 0.000030
4668 0.000085
4669 0.000039
4670 0.000063
4671 0.000079
4672 0.000051
4673 0.000084
4674 0.000139
4675 0.000116
4676 0.000146
4677 0.000192
4678 0.000172
4679 0.000270
4680 0.000148
4681 0.000154
4682 0.000074
4683 0.000080
4684 0.000083
4685 0.000050
4686 0.000218
4687 0.000108
4688 0.000153
4689 0.000080
4690 0.000121
4691 0.000086
4692 0.000052
4693 0.000082
4694 0.000054
4695 0.000087
4696 0.000054
4697 0.000149
4698 0.000104
4699 0.000065
4700 0.000045
4701 0.000048
4702 0.000083
4703 0.000128
4704 0.000106
4705 0.000092
4706 0.000057
4707 0.000102
4708 0.000161
4709 0.000066
4710 0.000071
4711 0.000122
4712 0.000098
4713 0.000070
4714 0.000114
4715 0.000196
4716 0.000181
4717 0.000133
4718 0.000084
4719 0.000046
4720 0.000153
4721 0.000047
4722 0.000046
4723 0.000209
4724 0.000149
4725 0.000170
4726 0.000193
4727 0.000155
4728 0.000110
4729 0.000114
4730 0.000101
4731 0.000149
4732 0.000078
4733 0.000074
4734 0.000087
4735 0.000078
4736 0.000043
4737 0.000050
4738 0.000037
4739 0.000049
4740 0.000064
4741 0.000103
4742 0.000141
4743 0.000092
4744 0.000057
4745 0.000074
4746 0.000036
4747 0.000021
4748 0.000107
4749 0.000123
4750 0.000156
4751 0.000092
4752 0.000094
4753 0.000058
4754 0.000047
4755 0.000055
4756 0.000044
4757 0.000054
4758 0.000071
4759 0.000103
4760 0.000059
4761 0.000083
4762 0.000091
4763 0.000061
4764 0.000123
4765 0.000081
4766 0.000126
4767 0.000222
4768 0.000122
4769 0.000094
4770 0.000137
4771 0.000058
4772 0.000125
4773 0.000050
4774 0.000021
4775 0.000089
4776 0.000105
4777 0.000103
4778 0.000153
4779 0.000084
4780 0.000202
4781 0.000098
4782 0.000062
4783 0.000098
4784 0.000036
4785 0.000081
4786 0.000104
4787 0.000168
4788 0.000165
4789 0.000129
4790 0.000095
4791 0.000160
4792 0.000034
4793 0.000064
4794 0.000097
4795 0.000087
4796 0.000129
4797 0.000106
4798 0.000063
4799 0.000085
4800 0.000133
4801 0.000062
4802 0.000220
4803 0.000116
4804 0.000065
4805 0.000045
4806 0.000039
4807 0.000103
4808 0.000142
4809 0.000162
4810 0.000092
4811 0.000134
4812 0.000184
4813 0.000249
4814 0.000105
4815 0.000087
4816 0.000048
4817 0.000069
4818 0.000114
4819 0.000099
4820 0.000086
4821 0.000086
4822 0.000088
4823 0.000053
4824 0.000087
4825 0.000085
4826 0.000121
4827 0.000207
4828 0.000119
4829 0.000075
4830 0.000166
4831 0.000167
4832 0.000100
4833 0.000036
4834 0.000020
4835 0.000085
4836 0.000070
4837 0.000045
4838 0.000195
4839 0.000098
4840 0.000131
4841 0.000159
4842 0.000083
4843 0.000071
4844 0.000055
4845 0.000063
4846 0.000139
4847 0.000127
4848 0.000150
4849 0.000284
4850 0.000159
4851 0.000083
4852 0.000078
4853 0.000052
4854 0.000095
4855 0.000035
4856 0.000030
4857 0.000038
4858 0.000083
4859 0.000050
4860 0.000051
4861 0.000106
4862 0.000045
4863 0.000025
4864 0.000036
4865 0.000028
4866 0.000093
4867 0.000062
4868 0.000185
4869 0.000191
4870 0.000101
4871 0.000206
4872 0.000085
4873 0.000052
4874 0.000121
4875 0.000127
4876 0.000136
4877 0.000147
4878 0.000130
4879 0.000093
4880 0.000041
4881 0.000064
4882 0.000101
4883 0.000168
4884 0.000218
4885 0.000118
4886 0.000062
4887 0.000204
4888 0.000230
4889 0.000125
4890 0.000118
4891 0.000050
4892 0.000090
4893 0.000034
4894 0.000053
4895 0.000046
4896 0.000031
4897 0.000085
4898 0.000182
4899 0.000188
4900 0.000244
4901 0.000084
4902 0.000152
4903 0.000118
4904 0.000061
4905 0.000206
4906 0.000081
4907 0.000073
4908 0.000025
4909 0.000127
4910 0.000079
4911 0.000101
4912 0.000053
4913 0.000060
4914 0.000124
4915 0.000041
4916 0.000054
4917 0.000100
4918 0.000071
4919 0.000068
4920 0.000027
4921 0.000080
4922 0.000049
4923 0.000057
4924 0.000045
4925 0.000057
4926 0.000090
4927 0.000106
4928 0.000054
4929 0.000193
4930 0.000122
4931 0.000092
4932 0.000071
4933 0.000081
4934 0.000165
4935 0.000070
4936 0.000103
4937 0.000115
4938 0.000064
4939 0.000026
4940 0.000070
4941 0.000059
4942 0.000094
4943 0.000114
4944 0.000074
4945 0.000105
4946 0.000131
4947 0.000088
4948 0.000065
4949 0.000024
4950 0.000070
4951 0.000142
4952 0.000131
4953 0.000122
4954 0.000030
4955 0.000019
4956 0.000079
4957 0.000110
4958 0.000093
4959 0.000108
4960 0.000066
4961 0.000097
4962 0.000144
4963 0.000098
4964 0.000088
4965 0.000116
4966 0.000159
4967 0.000165
4968 0.000075
4969 0.000157
4970 0.000090
4971 0.000095
4972 0.000107
4973 0.000113
4974 0.000078
4975 0.000105
4976 0.000076
4977 0.000047
4978 0.000055
4979 0.000134
4980 0.000173
4981 0.000204
4982 0.000216
4983 0.000076
4984 0.000048
4985 0.000132
4986 0.000071
4987 0.000045
4988 0.000075
4989 0.000118
4990 0.000083
4991 0.000185
4992 0.000199
4993 0.000201
4994 0.000088
4995 0.000034
4996 0.000068
4997 0.000059
4998 0.000064
4999 0.000055
5000 0.000062
5001 0.000100
5002 0.000109
5003 0.000038
5004 0.000083
5005 0.000063
5006 0.000178
5007 0.000091
5008 0.000129
5009 0.000064
5010 0.000066
5011 0.000087
5012 0.000142
5013 0.000053
5014 0.000098
5015 0.000054
5016 0.000057
5017 0.000165
5018 0.000078
5019 0.000084
5020 0.000132
5021 0.000152
5022 0.000285
5023 0.000147
5024 0.000057
5025 0.000042
5026 0.000090
5027 0.000113
5028 0.000063
5029 0.000103
5030 0.000076
5031 0.000110
5032 0.000123
5033 0.000072
5034 0.000119
5035 0.000145
5036 0.000138
5037 0.000058
5038 0.000058
5039 0.000141
5040 0.000073
5041 0.000123
5042 0.000053
5043 0.000038
5044 0.000026
5045 0.000049
5046 0.000029
5047 0.000060
5048 0.000084
5049 0.000106
5050 0.000127
5051 0.000123
5052 0.000054
5053 0.000105
5054 0.000085
5055 0.000103
5056 0.000084
5057 0.000039
5058 0.000102
5059 0.000126
5060 0.000122
5061 0.000156
5062 0.000198
5063 0.000096
5064 0.000126
5065 0.000145
5066 0.000085
5067 0.000070
5068 0.000036
5069 0.000049
5070 0.000093
5071 0.000087
5072 0.000053
5073 0.000060
5074 0.000037
5075 0.000105
5076 0.000208
5077 0.000087
5078 0.000026
5079 0.000020
5080 0.000070
5081 0.000063
5082 0.000047
5083 0.000055
5084 0.000113
5085 0.000111
5086 0.000107
5087 0.000085
5088 0.000149
5089 0.000133
5090 0.000176
5091 0.000169
5092 0.000087
5093 0.000117
5094 0.000146
5095 0.000159
5096 0.000103
5097 0.000050
5098 0.000045
5099 0.000068
5100 0.000044
5101 0.000123
5102 0.000171
5103 0.000168
5104 0.000104
5105 0.000045
5106 0.000044
5107 0.000049
5108 0.000092
5109 0.000053
5110 0.000035
5111 0.000025
5112 0.000050
5113 0.000055
5114 0.000070
5115 0.000120
5116 0.000107
5117 0.000106
5118 0.000074
5119 0.000131
5120 0.000086
5121 0.000095
5122 0.000074
5123 0.000031
5124 0.000044
5125 0.000070
5126 0.000066
5127 0.000043
5128 0.000067
5129 0.000095
5130 0.000111
5131 0.000062
5132 0.000135
5133 0.000064
5134 0.000042
5135 0.000106
5136 0.000076
5137 0.000167
5138 0.000132
5139 0.000133
5140 0.000170
5141 0.000114
5142 0.000190
5143 0.000074
5144 0.000162
5145 0.000123
5146 0.000114
5147 0.000160
5148 0.000176
5149 0.000065
5150 0.000061
5151 0.000025
5152 0.000026
5153 0.000120
5154 0.000047
5155 0.000056
5156 0.000039
5157 0.000029
5158 0.000188
5159 0.000146
5160 0.000118
5161 0.000167
5162 0.000077
5163 0.000048
5164 0.000050
5165 0.000035
5166 0.000070
5167 0.000075
5168 0.000047
5169 0.000077
5170 0.000091
5171 0.000078
5172 0.000083
5173 0.000151
5174 0.000096
5175 0.000059
5176 0.000095
5177 0.000027
5178 0.000092
5179 0.000047
5180 0.000043
5181 0.000095
5182 0.000119
5183 0.000082
5184 0.000038
5185 0.000049
5186 0.000056
5187 0.000128
5188 0.000130
5189 0.000086
5190 0.000053
5191 0.000108
5192 0.000165
5193 0.000106
5194 0.000148
5195 0.000123
5196 0.000219
5197 0.000079
5198 0.000112
5199 0.000136
5200 0.000178
5201 0.000117
5202 0.000079
5203 0.000037
5204 0.000031
5205 0.000083
5206 0.000043
5207 0.000058
5208 0.000052
5209 0.000127
5210 0.000051
5211 0.000053
5212 0.000091
5213 0.000077
5214 0.000091
5215 0.000053
5216 0.000117
5217 0.000108
5218 0.000072
5219 0.000118
5220 0.000101
5221 0.000105
5222 0.000074
5223 0.000093
5224 0.000124
5225 0.000087
5226 0.000180
5227 0.000158
5228 0.000082
5229 0.000104
5230 0.000077
5231 0.000071
5232 0.000153
5233 0.000112
5234 0.000106
5235 0.000062
5236 0.000150
5237 0.000072
5238 0.000059
5239 0.000036
5240 0.000096
5241 0.000103
5242 0.000172
5243 0.000113
5244 0.000125
5245 0.000093
5246 0.000126
5247 0.000096
5248 0.000113
5249 0.000054
5250 0.000130
5251 0.000092
5252 0.000127
5253 0.000099
5254 0.000056
5255 0.000137
5256 0.000120
5257 0.000086
5258 0.000043
5259 0.000044
5260 0.000162
5261 0.000049
5262 0.000036
5263 0.000019
5264 0.000042
5265 0.000033
5266 0.000198
5267 0.000132
5268 0.000147
5269 0.000082
5270 0.000110
5271 0.000096
5272 0.000060
5273 0.000103
5274 0.000044
5275 0.000068
5276 0.000063
5277 0.000110
5278 0.000056
5279 0.000068
5280 0.000029
5281 0.000160
5282 0.000093
5283 0.000213
5284 0.000117
5285 0.000098
5286 0.000074
5287 0.000060
5288 0.000107
5289 0.000103
5290 0.000070
5291 0.000061
5292 0.000279
5293 0.000136
5294 0.000162
5295 0.000049
5296 0.000095
5297 0.000128
5298 0.000130
5299 0.000087
5300 0.000040
5301 0.000048
5302 0.000077
5303 0.000050
5304 0.000029
5305 0.000161
5306 0.000159
5307 0.000083
5308 0.000099
5309 0.000059
5310 0.000119
5311 0.000078
5312 0.000037
5313 0.000100
5314 0.000120
5315 0.000112
5316 0.000034
5317 0.000022
5318 0.000103
5319 0.000067
5320 0.000029
5321 0.000065
5322 0.000085
5323 0.000157
5324 0.000076
5325 0.000199
5326 0.000085
5327 0.000142
5328 0.000205
5329 0.000088
5330 0.000074
5331 0.000046
5332 0.000100
5333 0.000084
5334 0.000146
5335 0.000129
5336 0.000111
5337 0.000238
5338 0.000160
5339 0.000083
5340 0.000084
5341 0.000086
5342 0.000072
5343 0.000207
5344 0.000134
5345 0.000271
5346 0.000246
5347 0.000126
5348 0.000106
5349 0.000161
5350 0.000191
5351 0.000086
5352 0.000158
5353 0.000109
5354 0.000137
5355 0.000054
5356 0.000094
5357 0.000181
5358 0.000115
5359 0.000058
5360 0.000071
5361 0.000094
5362 0.000055
5363 0.000123
5364 0.000036
5365 0.000092
5366 0.000116
5367 0.000107
5368 0.000147
5369 0.000092
5370 0.000111
5371 0.000083
5372 0.000039
5373 0.000123
5374 0.000136
5375 0.000053
5376 0.000070
5377 0.000156
5378 0.000072
5379 0.000073
5380 0.000062
5381 0.000149
5382 0.000168
5383 0.000100
5384 0.000128
5385 0.000089
5386 0.000060
5387 0.000055
5388 0.000047
5389 0.000039
5390 0.000085
5391 0.000129
5392 0.000193
5393 0.000089
5394 0.000068
5395 0.000090
5396 0.000077
5397 0.000114
5398 0.000155
5399 0.000215
5400 0.000157
5401 0.000104
5402 0.000107
5403 0.000076
5404 0.000140
5405 0.000266
5406 0.000171
5407 0.000157
5408 0.000081
5409 0.000136
5410 0.000078
5411 0.000067
5412 0.000058
5413 0.000096
5414 0.000122
5415 0.000085
5416 0.000124
5417 0.000044
5418 0.000024
5419 0.000036
5420 0.000086
5421 0.000097
5422 0.000056
5423 0.000049
5424 0.000088
5425 0.000095
5426 0.000055
5427 0.000077
5428 0.000058
5429 0.000081
5430 0.000051
5431 0.000048
5432 0.000142
5433 0.000083
5434 0.000129
5435 0.000086
5436 0.000088
5437 0.000109
5438 0.000097
5439 0.000083
5440 0.000112
5441 0.000098
5442 0.000138
5443 0.000143
5444 0.000187
5445 0.000283
5446 0.000100
5447 0.000048
5448 0.000061
5449 0.000056
5450 0.000107
5451 0.000136
5452 0.000210
5453 0.000141
5454 0.000085
5455 0.000039
5456 0.000103
5457 0.000096
5458 0.000106
5459 0.000094
5460 0.000150
5461 0.000199
5462 0.000142
5463 0.000120
5464 0.000140
5465 0.000045
5466 0.000130
5467 0.000134
5468 0.000088
5469 0.000089
5470 0.000062
5471 0.000079
5472 0.000123
5473 0.000062
5474 0.000071
5475 0.000243
5476 0.000181
5477 0.000095
5478 0.000106
5479 0.000037
5480 0.000021
5481 0.000037
5482 0.000056
5483 0.000027
5484 0.000020
5485 0.000060
5486 0.000037
5487 0.000031
5488 0.000138
5489 0.000081
5490 0.000140
5491 0.000113
5492 0.000039
5493 0.000032
5494 0.000081
5495 0.000134
5496 0.000100
5497 0.000155
5498 0.000175
5499 0.000186
5500 0.000315
5501 0.000195
5502 0.000164
5503 0.000182
5504 0.000100
5505 0.000145
5506 0.000138
5507 0.000054
5508 0.000044
5509 0.000164
5510 0.000062
5511 0.000056
5512 0.000051
5513 0.000193
5514 0.000070
5515 0.000126
5516 0.000122
5517 0.000109
5518 0.000047
5519 0.000124
5520 0.000090
5521 0.000082
5522 0.000032
5523 0.000059
5524 0.000068
5525 0.000112
5526 0.000187
5527 0.000186
5528 0.000068
5529 0.000034
5530 0.000076
5531 0.000130
5532 0.000139
5533 0.000178
5534 0.000103
5535 0.000138
5536 0.000136
5537 0.000131
5538 0.000165
5539 0.000059
5540 0.000078
5541 0.000174
5542 0.000106
5543 0.000079
5544 0.000134
5545 0.000139
5546 0.000065
5547 0.000060
5548 0.000076
5549 0.000184
5550 0.000137
5551 0.000142
5552 0.000058
5553 0.000056
5554 0.000326
5555 0.000219
5556 0.000108
5557 0.000085
5558 0.000071
5559 0.000082
5560 0.000046
5561 0.000135
5562 0.000149
5563 0.000083
5564 0.000214
5565 0.000148
5566 0.000054
5567 0.000111
5568 0.000133
5569 0.000091
5570 0.000161
5571 0.000131
5572 0.000084
5573 0.000083
5574 0.000173
5575 0.000164
5576 0.000113
5577 0.000063
5578 0.000256
5579 0.000099
5580 0.000116
5581 0.000079
5582 0.000089
5583 0.000084
5584 0.000051
5585 0.000049
5586 0.000065
5587 0.000047
5588 0.000120
5589 0.000137
5590 0.000073
5591 0.000031
5592 0.000042
5593 0.000110
5594 0.000132
5595 0.000071
5596 0.000074
5597 0.000058
5598 0.000086
5599 0.000072
5600 0.000035
5601 0.000137
5602 0.000193
5603 0.000259
5604 0.000059
5605 0.000172
5606 0.000184
5607 0.000104
5608 0.000095
5609 0.000071
5610 0.000060
5611 0.000122
5612 0.000152
5613 0.000047
5614 0.000116
5615 0.000095
5616 0.000067
5617 0.000057
5618 0.000057
5619 0.000112
5620 0.000045
5621 0.000101
5622 0.000088
5623 0.000133
5624 0.000096
5625 0.000096
5626 0.000067
5627 0.000131
5628 0.000146
5629 0.000151
5630 0.000072
5631 0.000153
5632 0.000098
5633 0.000188
5634 0.000182
5635 0.000134
5636 0.000133
5637 0.000058
5638 0.000090
5639 0.000099
5640 0.000043
5641 0.000100
5642 0.000295
5643 0.000088
5644 0.000056
5645 0.000125
5646 0.000230
5647 0.000184
5648 0.000159
5649 0.000110
5650 0.000065
5651 0.000024
5652 0.000040
5653 0.000080
5654 0.000057
5655 0.000077
5656 0.000154
5657 0.000146
5658 0.000184
5659 0.000214
5660 0.000190
5661 0.000096
5662 0.000132
5663 0.000052
5664 0.000053
5665 0.000079
5666 0.000118
5667 0.000073
5668 0.000131
5669 0.000092
5670 0.000064
5671 0.000188
5672 0.000054
5673 0.000026
5674 0.000058
5675 0.000076
5676 0.000140
5677 0.000076
5678 0.000148
5679 0.000119
5680 0.000125
5681 0.000145
5682 0.000083
5683 0.000099
5684 0.000177
5685 0.000051
5686 0.000130
5687 0.000063
5688 0.000043
5689 0.000174
5690 0.000056
5691 0.000068
5692 0.000085
5693 0.000130
5694 0.000059
5695 0.000069
5696 0.000046
5697 0.000082
5698 0.000032
5699 0.000092
5700 0.000160
5701 0.000045
5702 0.000057
5703 0.000048
5704 0.000035
5705 0.000109
5706 0.000117
5707 0.000086
5708 0.000033
5709 0.000057
5710 0.000131
5711 0.000122
5712 0.000114
5713 0.000078
5714 0.000132
5715 0.000077
5716 0.000232
5717 0.000125
5718 0.000097
5719 0.000174
5720 0.000163
5721 0.000068
5722 0.000153
5723 0.000057
5724 0.000080
5725 0.000086
5726 0.000075
5727 0.000169
5728 0.000159
5729 0.000106
5730 0.000060
5731 0.000088
5732 0.000084
5733 0.000182
5734 0.000113
5735 0.000071
5736 0.000045
5737 0.000028
5738 0.000051
5739 0.000048
5740 0.000025
5741 0.000038
5742 0.000096
5743 0.000099
5744 0.000081
5745 0.000038
5746 0.000103
5747 0.000075
5748 0.000132
5749 0.000076
5750 0.000105
5751 0.000045
5752 0.000104
5753 0.000155
5754 0.000094
5755 0.000074
5756 0.000082
5757 0.000050
5758 0.000044
5759 0.000032
5760 0.000057
5761 0.000114
5762 0.000047
5763 0.000048
5764 0.000063
5765 0.000093
5766 0.000138
5767 0.000115
5768 0.000063
5769 0.000096
5770 0.000086
5771 0.000051
5772 0.000086
5773 0.000100
5774 0.000117
5775 0.000063
5776 0.000028
5777 0.000028
5778 0.000067
5779 0.000147
5780 0.000140
5781 0.000155
5782 0.000137
5783 0.000065
5784 0.000108
5785 0.000045
5786 0.000045
5787 0.000081
5788 0.000096
5789 0.000075
5790 0.000104
5791 0.000133
5792 0.000136
5793 0.000158
5794 0.000108
5795 0.000146
5796 0.000187
5797 0.000174
5798 0.000126
5799 0.000132
5800 0.000037
5801 0.000090
5802 0.000124
5803 0.000070
5804 0.000174
5805 0.000120
5806 0.000049
5807 0.000057
5808 0.000119
5809 0.000070
5810 0.000076
5811 0.000037
5812 0.000066
5813 0.000068
5814 0.000057
5815 0.000038
5816 0.000156
5817 0.000136
5818 0.000096
5819 0.000108
5820 0.000110
5821 0.000048
5822 0.000154
5823 0.000048
5824 0.000080
5825 0.000081
5826 0.000125
5827 0.000121
5828 0.000070
5829 0.000099
5830 0.000071
5831 0.000061
5832 0.000049
5833 0.000083
5834 0.000095
5835 0.000027
5836 0.000150
5837 0.000105
5838 0.000117
5839 0.000196
5840 0.000181
5841 0.000176
5842 0.000184
5843 0.000187
5844 0.000187
5845 0.000120
5846 0.000159
5847 0.000113
5848 0.000069
5849 0.000052
5850 0.000116
5851 0.000120
5852 0.000122
5853 0.000067
5854 0.000222
5855 0.000223
5856 0.000142
5857 0.000154
5858 0.000080
5859 0.000049
5860 0.000042
5861 0.000064
5862 0.000055
5863 0.000085
5864 0.000051
5865 0.000073
5866 0.000060
5867 0.000087
5868 0.000104
5869 0.000139
5870 0.000126
5871 0.000072
5872 0.000035
5873 0.000075
5874 0.000081
5875 0.000099
5876 0.000046
5877 0.000089
5878 0.000155
5879 0.000328
5880 0.000117
5881 0.000072
5882 0.000095
5883 0.000137
5884 0.000117
5885 0.000057
5886 0.000053
5887 0.000053
5888 0.000175
5889 0.000148
5890 0.000148
5891 0.000123
5892 0.000118
5893 0.000106
5894 0.000104
5895 0.000083
5896 0.000086
5897 0.000099
5898 0.000078
5899 0.000110
5900 0.000056
5901 0.000053
5902 0.000094
5903 0.000049
5904 0.000057
5905 0.000081
5906 0.000183
5907 0.000205
5908 0.000140
5909 0.000134
5910 0.000113
5911 0.000127
5912 0.000170
5913 0.000138
5914 0.000055
5915 0.000031
5916 0.000063
5917 0.000182
5918 0.000139
5919 0.000068
5920 0.000122
5921 0.000061
5922 0.000066
5923 0.000043
5924 0.000080
5925 0.000069
5926 0.000113
5927 0.000083
5928 0.000124
5929 0.000169
5930 0.000044
5931 0.000046
5932 0.000057
5933 0.000115
5934 0.000068
5935 0.000139
5936 0.000117
5937 0.000169
5938 0.000074
5939 0.000116
5940 0.000081
5941 0.000029
5942 0.000143
5943 0.000081
5944 0.000032
5945 0.000045
5946 0.000050
5947 0.000040
5948 0.000037
5949 0.000114
5950 0.000112
5951 0.000175
5952 0.000233
5953 0.000379
5954 0.000238
5955 0.000168
5956 0.000102
5957 0.000123
5958 0.000155
5959 0.000208
5960 0.000166
5961 0.000094
5962 0.000066
5963 0.000034
5964 0.000082
5965 0.000078
5966 0.000085
5967 0.000095
5968 0.000060
5969 0.000054
5970 0.000061
5971 0.000103
5972 0.000114
5973 0.000227
5974 0.000179
5975 0.000053
5976 0.000124
5977 0.000135
5978 0.000168
5979 0.000273
5980 0.000092
5981 0.000102
5982 0.000085
5983 0.000129
5984 0.000160
5985 0.000106
5986 0.000172
5987 0.000090
5988 0.000062
5989 0.000066
5990 0.000055
5991 0.000058
5992 0.000079
5993 0.000048
5994 0.000085
5995 0.000100
5996 0.000156
5997 0.000089
5998 0.000084
5999 0.000071
6000 0.000075
6001 0.000290
6002 0.000129
6003 0.000132
6004 0.000167
6005 0.000124
6006 0.000140
6007 0.000164
6008 0.000085
6009 0.000089
6010 0.000067
6011 0.000075
6012 0.000066
6013 0.000125
6014 0.000085
6015 0.000068
6016 0.000087
6017 0.000056
6018 0.000105
6019 0.000102
6020 0.000168
6021 0.000086
6022 0.000189
6023 0.000172
6024 0.000108
6025 0.000115
6026 0.000116
6027 0.000146
6028 0.000100
6029 0.000075
6030 0.000066
6031 0.000076
6032 0.000054
6033 0.000097
6034 0.000060
6035 0.000067
6036 0.000062
6037 0.000059
6038 0.000101
6039 0.000065
6040 0.000083
6041 0.000042
6042 0.000098
6043 0.000143
6044 0.000099
6045 0.000102
6046 0.000160
6047 0.000085
6048 0.000073
6049 0.000169
6050 0.000141
6051 0.000174
6052 0.000249
6053 0.000074
6054 0.000097
6055 0.000072
6056 0.000081
6057 0.000032
6058 0.000061
6059 0.000060
6060 0.000080
6061 0.000055
6062 0.000074
6063 0.000078
6064 0.000186
6065 0.000118
6066 0.000069
6067 0.000062
6068 0.000061
6069 0.000025
6070 0.000020
6071 0.000073
6072 0.000126
6073 0.000070
6074 0.000035
6075 0.000079
6076 0.000163
6077 0.000114
6078 0.000111
6079 0.000087
6080 0.000154
6081 0.000130
6082 0.000161
6083 0.000100
6084 0.000111
6085 0.000193
6086 0.000115
6087 0.000087
6088 0.000034
6089 0.000021
6090 0.000151
6091 0.000173
6092 0.000048
6093 0.000184
6094 0.000118
6095 0.000140
6096 0.000211
6097 0.000160
6098 0.000244
6099 0.000228
6100 0.000088
6101 0.000090
6102 0.000147
6103 0.000196
6104 0.000131
6105 0.000075
6106 0.000083
6107 0.000076
6108 0.000140
6109 0.000105
6110 0.000118
6111 0.000115
6112 0.000195
6113 0.000077
6114 0.000100
6115 0.000099
6116 0.000085
6117 0.000043
6118 0.000087
6119 0.000085
6120 0.000076
6121 0.000123
6122 0.000043
6123 0.000049
6124 0.000029
6125 0.000060
6126 0.000102
6127 0.000241
6128 0.000174
6129 0.000144
6130 0.000327
6131 0.000192
6132 0.000180
6133 0.000156
6134 0.000183
6135 0.000116
6136 0.000042
6137 0.000035
6138 0.000044
6139 0.000060
6140 0.000232
6141 0.000085
6142 0.000093
6143 0.000045
6144 0.000065
6145 0.000053
6146 0.000040
6147 0.000092
6148 0.000074
6149 0.000028
6150 0.000053
6151 0.000088
6152 0.000120
6153 0.000049
6154 0.000077
6155 0.000196
6156 0.000123
6157 0.000107
6158 0.000082
6159 0.000278
6160 0.000112
6161 0.000160
6162 0.000092
6163 0.000085
6164 0.000053
6165 0.000030
6166 0.000145
6167 0.000046
6168 0.000035
6169 0.000044
6170 0.000080
6171 0.000144
6172 0.000091
6173 0.000073
6174 0.000040
6175 0.000094
6176 0.000134
6177 0.000243
6178 0.000158
6179 0.000106
6180 0.000129
6181 0.000106
6182 0.000071
6183 0.000080
6184 0.000072
6185 0.000047
6186 0.000066
6187 0.000149
6188 0.000076
6189 0.000138
6190 0.000074
6191 0.000036
6192 0.000040
6193 0.000066
6194 0.000130
6195 0.000196
6196 0.000096
6197 0.000065
6198 0.000078
6199 0.000108
6200 0.000038
6201 0.000096
6202 0.000069
6203 0.000075
6204 0.000145
6205 0.000166
6206 0.000140
6207 0.000097
6208 0.000135
6209 0.000252
6210 0.000122
6211 0.000152
6212 0.000111
6213 0.000078
6214 0.000107
6215 0.000103
6216 0.000074
6217 0.000046
6218 0.000096
6219 0.000109
6220 0.000082
6221 0.000103
6222 0.000108
6223 0.000185
6224 0.000108
6225 0.000061
6226 0.000032
6227 0.000038
6228 0.000199
6229 0.000148
6230 0.000152
6231 0.000122
6232 0.000160
6233 0.000103
6234 0.000058
6235 0.000119
6236 0.000195
6237 0.000070
6238 0.000055
6239 0.000049
6240 0.000119
6241 0.000071
6242 0.000143
6243 0.000075
6244 0.000036
6245 0.000077
6246 0.000057
6247 0.000155
6248 0.000092
6249 0.000041
6250 0.000077
6251 0.000088
6252 0.000085
6253 0.000147
6254 0.000099
6255 0.000046
6256 0.000038
6257 0.000031
6258 0.000148
6259 0.000046
6260 0.000105
6261 0.000119
6262 0.000044
6263 0.000085
6264 0.000170
6265 0.000114
6266 0.000182
6267 0.000054
6268 0.000096
6269 0.000042
6270 0.000045
6271 0.000052
6272 0.000187
6273 0.000225
6274 0.000110
6275 0.000095
6276 0.000047
6277 0.000063
6278 0.000028
6279 0.000027
6280 0.000124
6281 0.000139
6282 0.000196
6283 0.000132
6284 0.000070
6285 0.000065
6286 0.000105
6287 0.000066
6288 0.000080
6289 0.000074
6290 0.000058
6291 0.000032
6292 0.000046
6293 0.000232
6294 0.000054
6295 0.000091
6296 0.000072
6297 0.000109
6298 0.000107
6299 0.000053
6300 0.000084
6301 0.000084
6302 0.000070
6303 0.000097
6304 0.000116
6305 0.000221
6306 0.000097
6307 0.000168
6308 0.000223
6309 0.000205
6310 0.000110
6311 0.000053
6312 0.000056
6313 0.000096
6314 0.000031
6315 0.000064
6316 0.000094
6317 0.000031
6318 0.000020
6319 0.000050
6320 0.000115
6321 0.000056
6322 0.000123
6323 0.000159
6324 0.000100
6325 0.000058
6326 0.000043
6327 0.000081
6328 0.000067
6329 0.000061
6330 0.000056
6331 0.000110
6332 0.000107
6333 0.000181
6334 0.000090
6335 0.000303
6336 0.000115
6337 0.000152
6338 0.000244
6339 0.000251
6340 0.000113
6341 0.000076
6342 0.000117
6343 0.000094
6344 0.000137
6345 0.000078
6346 0.000063
6347 0.000150
6348 0.000113
6349 0.000124
6350 0.000088
6351 0.000123
6352 0.000119
6353 0.000044
6354 0.000033
6355 0.000117
6356 0.000073
6357 0.000092
6358 0.000145
6359 0.000117
6360 0.000134
6361 0.000142
6362 0.000051
6363 0.000068
6364 0.000027
6365 0.000119
6366 0.000089
6367 0.000137
6368 0.000119
6369 0.000111
6370 0.000102
6371 0.000075
6372 0.000089
6373 0.000052
6374 0.000051
6375 0.000040
6376 0.000064
6377 0.000042
6378 0.000067
6379 0.000069
6380 0.000095
6381 0.000147
6382 0.000114
6383 0.000084
6384 0.000055
6385 0.000092
6386 0.000101
6387 0.000063
6388 0.000068
6389 0.000066
6390 0.000042
6391 0.000052
6392 0.000057
6393 0.000089
6394 0.000139
6395 0.000135
6396 0.000281
6397 0.000179
6398 0.000233
6399 0.000231
6400 0.000251
6401 0.000146
6402 0.000071
6403 0.000061
6404 0.000190
6405 0.000111
6406 0.000051
6407 0.000062
6408 0.000053
6409 0.000054
6410 0.000048
6411 0.000099
6412 0.000088
6413 0.000074
6414 0.000082
6415 0.000050
6416 0.000051
6417 0.000040
6418 0.000041
6419 0.000054
6420 0.000048
6421 0.000115
6422 0.000048
6423 0.000077
6424 0.000115
6425 0.000145
6426 0.000083
6427 0.000033
6428 0.000068
6429 0.000107
6430 0.000131
6431 0.000125
6432 0.000178
6433 0.000166
6434 0.000097
6435 0.000042
6436 0.000108
6437 0.000140
6438 0.000118
6439 0.000116
6440 0.000055
6441 0.000065
6442 0.000121
6443 0.000134
6444 0.000073
6445 0.000085
6446 0.000084
6447 0.000119
6448 0.000040
6449 0.000022
6450 0.000132
6451 0.000043
6452 0.000061
6453 0.000061
6454 0.000179
6455 0.000122
6456 0.000161
6457 0.000085
6458 0.000222
6459 0.000147
6460 0.000204
6461 0.000073
6462 0.000111
6463 0.000250
6464 0.000152
6465 0.000236
6466 0.000156
6467 0.000178
6468 0.000095
6469 0.000108
6470 0.000066
6471 0.000057
6472 0.000140
6473 0.000170
6474 0.000151
6475 0.000053
6476 0.000107
6477 0.000060
6478 0.000208
6479 0.000205
6480 0.000233
6481 0.000304
6482 0.000112
6483 0.000063
6484 0.000044
6485 0.000050
6486 0.000096
6487 0.000050
6488 0.000059
6489 0.000130
6490 0.000116
6491 0.000114
6492 0.000111
6493 0.000066
6494 0.000065
6495 0.000179
6496 0.000221
6497 0.000128
6498 0.000208
6499 0.000074
6500 0.000123
6501 0.000077
6502 0.000048
6503 0.000036
6504 0.000064
6505 0.000033
6506 0.000021
6507 0.000028
6508 0.000105
6509 0.000048
6510 0.000090
6511 0.000058
6512 0.000132
6513 0.000098
6514 0.000109
6515 0.000107
6516 0.000074
6517 0.000189
6518 0.000149
6519 0.000069
6520 0.000111
6521 0.000176
6522 0.000181
6523 0.000116
6524 0.000187
6525 0.000128
6526 0.000184
6527 0.000067
6528 0.000068
6529 0.000095
6530 0.000094
6531 0.000105
6532 0.000130
6533 0.000076
6534 0.000100
6535 0.000043
6536 0.000115
6537 0.000220
6538 0.000169
6539 0.000087
6540 0.000157
6541 0.000060
6542 0.000072
6543 0.000067
6544 0.000034
6545 0.000181
6546 0.000106
6547 0.000043
6548 0.000071
6549 0.000030
6550 0.000152
6551 0.000184
6552 0.000172
6553 0.000189
6554 0.000217
6555 0.000242
6556 0.000216
6557 0.000085
6558 0.000097
6559 0.000135
6560 0.000141
6561 0.000195
6562 0.000123
6563 0.000079
6564 0.000068
6565 0.000067
6566 0.000029
6567 0.000130
6568 0.000228
6569 0.000129
6570 0.000056
6571 0.000082
6572 0.000179
6573 0.000066
6574 0.000048
6575 0.000083
6576 0.000126
6577 0.000184
6578 0.000086
6579 0.000151
6580 0.000149
6581 0.000156
6582 0.000088
6583 0.000060
6584 0.000147
6585 0.000088
6586 0.000110
6587 0.000145
6588 0.000208
6589 0.000231
6590 0.000080
6591 0.000103
6592 0.000103
6593 0.000142
6594 0.000170
6595 0.000107
6596 0.000155
6597 0.000147
6598 0.000170
6599 0.000133
6600 0.000183
6601 0.000108
6602 0.000133
6603 0.000173
6604 0.000196
6605 0.000269
6606 0.000119
6607 0.000099
6608 0.000259
6609 0.000128
6610 0.000074
6611 0.000143
6612 0.000119
6613 0.000049
6614 0.000107
6615 0.000077
6616 0.000078
6617 0.000148
6618 0.000140
6619 0.000129
6620 0.000115
6621 0.000069
6622 0.000086
6623 0.000085
6624 0.000072
6625 0.000216
6626 0.000163
6627 0.000121
6628 0.000183
6629 0.000178
6630 0.000111
6631 0.000143
6632 0.000081
6633 0.000048
6634 0.000076
6635 0.000048
6636 0.000035
6637 0.000071
6638 0.000093
6639 0.000101
6640 0.000101
6641 0.000081
6642 0.000078
6643 0.000260
6644 0.000134
6645 0.000109
6646 0.000072
6647 0.000133
6648 0.000117
6649 0.000107
6650 0.000131
6651 0.000146
6652 0.000150
6653 0.000089
6654 0.000159
6655 0.000083
6656 0.000029
6657 0.000031
6658 0.000066
6659 0.000050
6660 0.000058
6661 0.000137
6662 0.000117
6663 0.000086
6664 0.000073
6665 0.000077
6666 0.000146
6667 0.000171
6668 0.000114
6669 0.000112
6670 0.000100
6671 0.000064
6672 0.000058
6673 0.000102
6674 0.000119
6675 0.000176
6676 0.000134
6677 0.000123
6678 0.000067
6679 0.000134
6680 0.000056
6681 0.000149
6682 0.000117
6683 0.000070
6684 0.000035
6685 0.000064
6686 0.000134
6687 0.000061
6688 0.000095
6689 0.000222
6690 0.000062
6691 0.000041
6692 0.000050
6693 0.000096
6694 0.000097
6695 0.000056
6696 0.000035
6697 0.000100
6698 0.000117
6699 0.000065
6700 0.000112
6701 0.000076
6702 0.000175
6703 0.000102
6704 0.000054
6705 0.000052
6706 0.000037
6707 0.000128
6708 0.000095
6709 0.000031
6710 0.000088
6711 0.000059
6712 0.000040
6713 0.000072
6714 0.000090
6715 0.000076
6716 0.000057
6717 0.000058
6718 0.000075
6719 0.000100
6720 0.000076
6721 0.000170
6722 0.000102
6723 0.000074
6724 0.000083
6725 0.000069
6726 0.000034
6727 0.000030
6728 0.000114
6729 0.000039
6730 0.000093
6731 0.000096
6732 0.000129
6733 0.000111
6734 0.000100
6735 0.000043
6736 0.000065
6737 0.000077
6738 0.000023
6739 0.000047
6740 0.000061
6741 0.000063
6742 0.000033
6743 0.000086
6744 0.000057
6745 0.000075
6746 0.000155
6747 0.000101
6748 0.000057
6749 0.000141
6750 0.000164
6751 0.000073
6752 0.000046
6753 0.000056
6754 0.000103
6755 0.000121
6756 0.000049
6757 0.000074
6758 0.000096
6759 0.000105
6760 0.000106
6761 0.000050
6762 0.000112
6763 0.000073
6764 0.000069
6765 0.000077
6766 0.000077
6767 0.000134
6768 0.000202
6769 0.000101
6770 0.000069
6771 0.000132
6772 0.000109
6773 0.000106
6774 0.000117
6775 0.000135
6776 0.000079
6777 0.000049
6778 0.000110
6779 0.000063
6780 0.000068
6781 0.000027
6782 0.000097
6783 0.000061
6784 0.000171
6785 0.000135
6786 0.000082
6787 0.000147
6788 0.000084
6789 0.000172
6790 0.000179
6791 0.000125
6792 0.000075
6793 0.000036
6794 0.000145
6795 0.000085
6796 0.000039
6797 0.000064
6798 0.000059
6799 0.000102
6800 0.000044
6801 0.000073
6802 0.000076
6803 0.000087
6804 0.000170
6805 0.000159
6806 0.000081
6807 0.000078
6808 0.000119
6809 0.000104
6810 0.000168
6811 0.000127
6812 0.000063
6813 0.000167
6814 0.000103
6815 0.000118
6816 0.000137
6817 0.000051
6818 0.000094
6819 0.000054
6820 0.000064
6821 0.000091
6822 0.000122
6823 0.000102
6824 0.000081
6825 0.000055
6826 0.000072
6827 0.000092
6828 0.000131
6829 0.000135
6830 0.000063
6831 0.000114
6832 0.000162
6833 0.000184
6834 0.000232
6835 0.000134
6836 0.000091
6837 0.000058
6838 0.000069
6839 0.000050
6840 0.000155
6841 0.000115
6842 0.000172
6843 0.000127
6844 0.000054
6845 0.000135
6846 0.000118
6847 0.000125
6848 0.000108
6849 0.000172
6850 0.000128
6851 0.000095
6852 0.000100
6853 0.000057
6854 0.000044
6855 0.000056
6856 0.000038
6857 0.000052
6858 0.000090
6859 0.000030
6860 0.000029
6861 0.000034
6862 0.000025
6863 0.000072
6864 0.000079
6865 0.000054
6866 0.000027
6867 0.000049
6868 0.000039
6869 0.000083
6870 0.000050
6871 0.000036
6872 0.000030
6873 0.000069
6874 0.000035
6875 0.000059
6876 0.000109
6877 0.000033
6878 0.000086
6879 0.000093
6880 0.000098
6881 0.000133
6882 0.000101
6883 0.000094
6884 0.000068
6885 0.000084
6886 0.000082
6887 0.000071
6888 0.000126
6889 0.000072
6890 0.000143
6891 0.000110
6892 0.000125
6893 0.000086
6894 0.000030
6895 0.000040
6896 0.000097
6897 0.000196
6898 0.000254
6899 0.000166
6900 0.000123
6901 0.000067
6902 0.000038
6903 0.000185
6904 0.000149
6905 0.000078
6906 0.000047
6907 0.000047
6908 0.000035
6909 0.000106
6910 0.000105
6911 0.000125
6912 0.000178
6913 0.000128
6914 0.000069
6915 0.000151
6916 0.000173
6917 0.000181
6918 0.000135
6919 0.000106
6920 0.000082
6921 0.000196
6922 0.000104
6923 0.000104
6924 0.000093
6925 0.000080
6926 0.000144
6927 0.000116
6928 0.000054
6929 0.000097
6930 0.000201
6931 0.000126
6932 0.000108
6933 0.000069
6934 0.000062
6935 0.000065
6936 0.000029
6937 0.000061
6938 0.000065
6939 0.000077
6940 0.000094
6941 0.000074
6942 0.000185
6943 0.000173
6944 0.000070
6945 0.000096
6946 0.000070
6947 0.000035
6948 0.000025
6949 0.000020
6950 0.000021
6951 0.000083
6952 0.000038
6953 0.000091
6954 0.000089
6955 0.000026
6956 0.000077
6957 0.000140
6958 0.000109
6959 0.000133
6960 0.000053
6961 0.000022
6962 0.000088
6963 0.000030
6964 0.000120
6965 0.000110
6966 0.000192
6967 0.000105
6968 0.000048
6969 0.000178
6970 0.000231
6971 0.000273
6972 0.000300
6973 0.000098
6974 0.000088
6975 0.000098
6976 0.000071
6977 0.000135
6978 0.000087
6979 0.000066
6980 0.000082
6981 0.000112
6982 0.000107
6983 0.000185
6984 0.000083
6985 0.000080
6986 0.000096
6987 0.000125
6988 0.000182
6989 0.000129
6990 0.000099
6991 0.000066
6992 0.000044
6993 0.000071
6994 0.000098
6995 0.000119
6996 0.000077
6997 0.000114
6998 0.000082
6999 0.000054
7000 0.000120
7001 0.000247
7002 0.000231
7003 0.000106
7004 0.000044
7005 0.000034
7006 0.000076
7007 0.000059
7008 0.000040
7009 0.000089
7010 0.000109
7011 0.000151
7012 0.000176
7013 0.000190
7014 0.000090
7015 0.000156
7016 0.000170
7017 0.000122
7018 0.000061
7019 0.000049
7020 0.000087
7021 0.000062
7022 0.000124
7023 0.000227
7024 0.000173
7025 0.000212
7026 0.000106
7027 0.000123
7028 0.000136
7029 0.000034
7030 0.000190
7031 0.000128
7032 0.000070
7033 0.000107
7034 0.000086
7035 0.000067
7036 0.000072
7037 0.000046
7038 0.000147
7039 0.000063
7040 0.000089
7041 0.000078
7042 0.000072
7043 0.000057
7044 0.000090
7045 0.000076
7046 0.000043
7047 0.000104
7048 0.000097
7049 0.000039
7050 0.000103
7051 0.000079
7052 0.000104
7053 0.000123
7054 0.000121
7055 0.000114
7056 0.000074
7057 0.000162
7058 0.000128
7059 0.000177
7060 0.000090
7061 0.000188
7062 0.000047
7063 0.000034
7064 0.000070
7065 0.000075
7066 0.000059
7067 0.000040
7068 0.000239
7069 0.000066
7070 0.000057
7071 0.000047
7072 0.000075
7073 0.000160
7074 0.000097
7075 0.000098
7076 0.000200
7077 0.000214
7078 0.000248
7079 0.000161
7080 0.000195
7081 0.000089
7082 0.000110
7083 0.000134
7084 0.000071
7085 0.000087
7086 0.000128
7087 0.000064
7088 0.000122
7089 0.000068
7090 0.000025
7091 0.000038
7092 0.000069
7093 0.000087
7094 0.000078
7095 0.000055
7096 0.000099
7097 0.000083
7098 0.000169
7099 0.000072
7100 0.000132
7101 0.000085
7102 0.000103
7103 0.000060
7104 0.000023
7105 0.000068
7106 0.000100
7107 0.000112
7108 0.000232
7109 0.000068
7110 0.000082
7111 0.000074
7112 0.000054
7113 0.000098
7114 0.000036
7115 0.000051
7116 0.000057
7117 0.000072
7118 0.000190
7119 0.000096
7120 0.000171
7121 0.000239
7122 0.000091
7123 0.000087
7124 0.000077
7125 0.000199
7126 0.000075
7127 0.000054
7128 0.000072
7129 0.000071
7130 0.000098
7131 0.000146
7132 0.000100
7133 0.000097
7134 0.000164
7135 0.000275
7136 0.000117
7137 0.000224
7138 0.000110
7139 0.000121
7140 0.000135
7141 0.000043
7142 0.000076
7143 0.000052
7144 0.000150
7145 0.000056
7146 0.000047
7147 0.000046
7148 0.000077
7149 0.000057
7150 0.000087
7151 0.000198
7152 0.000071
7153 0.000136
7154 0.000116
7155 0.000169
7156 0.000206
7157 0.000127
7158 0.000074
7159 0.000101
7160 0.000082
7161 0.000077
7162 0.000031
7163 0.000089
7164 0.000185
7165 0.000133
7166 0.000034
7167 0.000021
7168 0.000036
7169 0.000088
7170 0.000104
7171 0.000131
7172 0.000085
7173 0.000104
7174 0.000090
7175 0.000078
7176 0.000141
7177 0.000055
7178 0.000071
7179 0.000092
7180 0.000220
7181 0.000125
7182 0.000136
7183 0.000073
7184 0.000135
7185 0.000048
7186 0.000049
7187 0.000036
7188 0.000065
7189 0.000161
7190 0.000113
7191 0.000106
7192 0.000038
7193 0.000123
7194 0.000075
7195 0.000026
7196 0.000030
7197 0.000106
7198 0.000191
7199 0.000168
7200 0.000070
7201 0.000048
7202 0.000057
7203 0.000027
7204 0.000021
7205 0.000091
7206 0.000146
7207 0.000139
7208 0.000054
7209 0.000192
7210 0.000217
7211 0.000240
7212 0.000144
7213 0.000171
7214 0.000087
7215 0.000142
7216 0.000109
7217 0.000133
7218 0.000044
7219 0.000055
7220 0.000207
7221 0.000074
7222 0.000056
7223 0.000059
7224 0.000076
7225 0.000028
7226 0.000033
7227 0.000078
7228 0.000038
7229 0.000069
7230 0.000086
7231 0.000119
7232 0.000049
7233 0.000104
7234 0.000219
7235 0.000077
7236 0.000058
7237 0.000145
7238 0.000103
7239 0.000108
7240 0.000126
7241 0.000068
7242 0.000094
7243 0.000224
7244 0.000204
7245 0.000058
7246 0.000133
7247 0.000029
7248 0.000036
7249 0.000023
7250 0.000092
7251 0.000035
7252 0.000075
7253 0.000210
7254 0.000167
7255 0.000194
7256 0.000144
7257 0.000137
7258 0.000050
7259 0.000061
7260 0.000041
7261 0.000051
7262 0.000113
7263 0.000135
7264 0.000167
7265 0.000151
7266 0.000082
7267 0.000066
7268 0.000140
7269 0.000094
7270 0.000110
7271 0.000076
7272 0.000031
7273 0.000104
7274 0.000046
7275 0.000080
7276 0.000050
7277 0.000085
7278 0.000166
7279 0.000130
7280 0.000236
7281 0.000116
7282 0.000067
7283 0.000043
7284 0.000067
7285 0.000116
7286 0.000043
7287 0.000093
7288 0.000090
7289 0.000065
7290 0.000145
7291 0.000168
7292 0.000063
7293 0.000081
7294 0.000086
7295 0.000048
7296 0.000239
7297 0.000188
7298 0.000107
7299 0.000174
7300 0.000080
7301 0.000093
7302 0.000177
7303 0.000091
7304 0.000252
7305 0.000122
7306 0.000105
7307 0.000064
7308 0.000105
7309 0.000155
7310 0.000153
7311 0.000135
7312 0.000248
7313 0.000078
7314 0.000142
7315 0.000135
7316 0.000091
7317 0.000041
7318 0.000067
7319 0.000089
7320 0.000053
7321 0.000145
7322 0.000083
7323 0.000127
7324 0.000067
7325 0.000201
7326 0.000234
7327 0.000091
7328 0.000041
7329 0.000089
7330 0.000144
7331 0.000095
7332 0.000168
7333 0.000268
7334 0.000157
7335 0.000042
7336 0.000083
7337 0.000075
7338 0.000079
7339 0.000084
7340 0.000052
7341 0.000144
7342 0.000063
7343 0.000100
7344 0.000143
7345 0.000096
7346 0.000078
7347 0.000065
7348 0.000043
7349 0.000083
7350 0.000061
7351 0.000089
7352 0.000053
7353 0.000066
7354 0.000107
7355 0.000054
7356 0.000131
7357 0.000079
7358 0.000117
7359 0.000086
7360 0.000104
7361 0.000205
7362 0.000251
7363 0.000086
7364 0.000106
7365 0.000076
7366 0.000037
7367 0.000071
7368 0.000098
7369 0.000111
7370 0.000154
7371 0.000228
7372 0.000091
7373 0.000093
7374 0.000109
7375 0.000111
7376 0.000062
7377 0.000174
7378 0.000163
7379 0.000123
7380 0.000146
7381 0.000192
7382 0.000097
7383 0.000098
7384 0.000085
7385 0.000269
7386 0.000134
7387 0.000119
7388 0.000133
7389 0.000038
7390 0.000035
7391 0.000053
7392 0.000145
7393 0.000100
7394 0.000043
7395 0.000050
7396 0.000097
7397 0.000148
7398 0.000198
7399 0.000206
7400 0.000086
7401 0.000057
7402 0.000072
7403 0.000060
7404 0.000064
7405 0.000043
7406 0.000109
7407 0.000079
7408 0.000052
7409 0.000039
7410 0.000066
7411 0.000067
7412 0.000089
7413 0.000034
7414 0.000073
7415 0.000079
7416 0.000032
7417 0.000051
7418 0.000035
7419 0.000054
7420 0.000067
7421 0.000042
7422 0.000046
7423 0.000082
7424 0.000038
7425 0.000063
7426 0.000033
7427 0.000064
7428 0.000037
7429 0.000047
7430 0.000062
7431 0.000033
7432 0.000059
7433 0.000113
7434 0.000127
7435 0.000081
7436 0.000058
7437 0.000044
7438 0.000094
7439 0.000201
7440 0.000162
7441 0.000067
7442 0.000029
7443 0.000069
7444 0.000051
7445 0.000095
7446 0.000085
7447 0.000137
7448 0.000142
7449 0.000142
7450 0.000146
7451 0.000086
7452 0.000092
7453 0.000124
7454 0.000146
7455 0.000095
7456 0.000072
7457 0.000086
7458 0.000137
7459 0.000180
7460 0.000046
7461 0.000064
7462 0.000042
7463 0.000087
7464 0.000121
7465 0.000111
7466 0.000079
7467 0.000116
7468 0.000106
7469 0.000118
7470 0.000095
7471 0.000035
7472 0.000107
7473 0.000038
7474 0.000081
7475 0.000127
7476 0.000116
7477 0.000181
7478 0.000206
7479 0.000224
7480 0.000121
7481 0.000128
7482 0.000124
7483 0.000193
7484 0.000102
7485 0.000118
7486 0.000146
7487 0.000133
7488 0.000053
7489 0.000026
7490 0.000078
7491 0.000081
7492 0.000050
7493 0.000038
7494 0.000082
7495 0.000072
7496 0.000106
7497 0.000104
7498 0.000106
7499 0.000042
7500 0.000100
7501 0.000043
7502 0.000088
7503 0.000128
7504 0.000069
7505 0.000179
7506 0.000159
7507 0.000177
7508 0.000112
7509 0.000223
7510 0.000078
7511 0.000049
7512 0.000033
7513 0.000043
7514 0.000112
7515 0.000084
7516 0.000078
7517 0.000099
7518 0.000057
7519 0.000221
7520 0.000168
7521 0.000103
7522 0.000105
7523 0.000156
7524 0.000112
7525 0.000091
7526 0.000085
7527 0.000052
7528 0.000127
7529 0.000161
7530 0.000130
7531 0.000190
7532 0.000053
7533 0.000221
7534 0.000233
7535 0.000079
7536 0.000082
7537 0.000102
7538 0.000244
7539 0.000241
7540 0.000059
7541 0.000082
7542 0.000038
7543 0.000059
7544 0.000044
7545 0.000115
7546 0.000100
7547 0.000104
7548 0.000115
7549 0.000060
7550 0.000107
7551 0.000128
7552 0.000071
7553 0.000054
7554 0.000137
7555 0.000180
7556 0.000053
7557 0.000103
7558 0.000073
7559 0.000116
7560 0.000075
7561 0.000132
7562 0.000057
7563 0.000068
7564 0.000111
7565 0.000082
7566 0.000095
7567 0.000202
7568 0.000133
7569 0.000082
7570 0.000084
7571 0.000079
7572 0.000041
7573 0.000108
7574 0.000109
7575 0.000071
7576 0.000068
7577 0.000042
7578 0.000035
7579 0.000040
7580 0.000133
7581 0.000160
7582 0.000221
7583 0.000117
7584 0.000115
7585 0.000083
7586 0.000085
7587 0.000112
7588 0.000169
7589 0.000196
7590 0.000081
7591 0.000122
7592 0.000050
7593 0.000112
7594 0.000163
7595 0.000235
7596 0.000077
7597 0.000080
7598 0.000057
7599 0.000038
7600 0.000123
7601 0.000122
7602 0.000099
7603 0.000069
7604 0.000071
7605 0.000080
7606 0.000096
7607 0.000066
7608 0.000068
7609 0.000082
7610 0.000055
7611 0.000150
7612 0.000079
7613 0.000070
7614 0.000092
7615 0.000268
7616 0.000331
7617 0.000107
7618 0.000101
7619 0.000082
7620 0.000181
7621 0.000107
7622 0.000045
7623 0.000080
7624 0.000032
7625 0.000078
7626 0.000078
7627 0.000177
7628 0.000107
7629 0.000106
7630 0.000091
7631 0.000126
7632 0.000078
7633 0.000086
7634 0.000076
7635 0.000107
7636 0.000093
7637 0.000109
7638 0.000100
7639 0.000056
7640 0.000098
7641 0.000059
7642 0.000032
7643 0.000022
7644 0.000077
7645 0.000037
7646 0.000166
7647 0.000044
7648 0.000060
7649 0.000087
7650 0.000069
7651 0.000109
7652 0.000109
7653 0.000087
7654 0.000120
7655 0.000072
7656 0.000025
7657 0.000123
7658 0.000104
7659 0.000187
7660 0.000068
7661 0.000069
7662 0.000208
7663 0.000149
7664 0.000108
7665 0.000038
7666 0.000048
7667 0.000043
7668 0.000069
7669 0.000088
7670 0.000087
7671 0.000063
7672 0.000101
7673 0.000053
7674 0.000128
7675 0.000056
7676 0.000184
7677 0.000117
7678 0.000197
7679 0.000099
7680 0.000213
7681 0.000079
7682 0.000032
7683 0.000080
7684 0.000082
7685 0.000081
7686 0.000049
7687 0.000126
7688 0.000139
7689 0.000238
7690 0.000125
7691 0.000144
7692 0.000096
7693 0.000107
7694 0.000080
7695 0.000068
7696 0.000044
7697 0.000151
7698 0.000079
7699 0.000103
7700 0.000066
7701 0.000043
7702 0.000043
7703 0.000022
7704 0.000096
7705 0.000055
7706 0.000085
7707 0.000109
7708 0.000151
7709 0.000199
7710 0.000057
7711 0.000105
7712 0.000087
7713 0.000153
7714 0.000133
7715 0.000162
7716 0.000117
7717 0.000150
7718 0.000058
7719 0.000152
7720 0.000115
7721 0.000171
7722 0.000079
7723 0.000122
7724 0.000049
7725 0.000022
7726 0.000085
7727 0.000073
7728 0.000046
7729 0.000023
7730 0.000044
7731 0.000061
7732 0.000141
7733 0.000173
7734 0.000124
7735 0.000067
7736 0.000065
7737 0.000072
7738 0.000065
7739 0.000071
7740 0.000078
7741 0.000109
7742 0.000030
7743 0.000175
7744 0.000073
7745 0.000030
7746 0.000160
7747 0.000195
7748 0.000070
7749 0.000055
7750 0.000193
7751 0.000070
7752 0.000118
7753 0.000073
7754 0.000030
7755 0.000019
7756 0.000045
7757 0.000039
7758 0.000084
7759 0.000135
7760 0.000157
7761 0.000177
7762 0.000120
7763 0.000150
7764 0.000099
7765 0.000169
7766 0.000142
7767 0.000074
7768 0.000064
7769 0.000026
7770 0.000096
7771 0.000063
7772 0.000133
7773 0.000072
7774 0.000153
7775 0.000189
7776 0.000224
7777 0.000062
7778 0.000060
7779 0.000032
7780 0.000112
7781 0.000029
7782 0.000108
7783 0.000159
7784 0.000089
7785 0.000144
7786 0.000137
7787 0.000206
7788 0.000150
7789 0.000088
7790 0.000134
7791 0.000088
7792 0.000171
7793 0.000084
7794 0.000194
7795 0.000158
7796 0.000069
7797 0.000110
7798 0.000046
7799 0.000083
7800 0.000046
7801 0.000186
7802 0.000161
7803 0.000093
7804 0.000087
7805 0.000133
7806 0.000058
7807 0.000064
7808 0.000117
7809 0.000065
7810 0.000070
7811 0.000050
7812 0.000043
7813 0.000083
7814 0.000124
7815 0.000150
7816 0.000123
7817 0.000045
7818 0.000036
7819 0.000025
7820 0.000220
7821 0.000235
7822 0.000232
7823 0.000090
7824 0.000071
7825 0.000035
7826 0.000069
7827 0.000055
7828 0.000052
7829 0.000120
7830 0.000084
7831 0.000075
7832 0.000082
7833 0.000067
7834 0.000044
7835 0.000034
7836 0.000081
7837 0.000139
7838 0.000099
7839 0.000100
7840 0.000100
7841 0.000149
7842 0.000099
7843 0.000099
7844 0.000060
7845 0.000133
7846 0.000084
7847 0.000094
7848 0.000035
7849 0.000067
7850 0.000074
7851 0.000031
7852 0.000032
7853 0.000071
7854 0.000140
7855 0.000085
7856 0.000084
7857 0.000134
7858 0.000114
7859 0.000102
7860 0.000037
7861 0.000061
7862 0.000043
7863 0.000095
7864 0.000131
7865 0.000118
7866 0.000040
7867 0.000095
7868 0.000060
7869 0.000093
7870 0.000119
7871 0.000171
7872 0.000137
7873 0.000109
7874 0.000125
7875 0.000142
7876 0.000099
7877 0.000170
7878 0.000119
7879 0.000091
7880 0.000137
7881 0.000079
7882 0.000093
7883 0.000091
7884 0.000068
7885 0.000189
7886 0.000132
7887 0.000245
7888 0.000103
7889 0.000238
7890 0.000186
7891 0.000277
7892 0.000090
7893 0.000070
7894 0.000035
7895 0.000025
7896 0.000168
7897 0.000102
7898 0.000225
7899 0.000252
7900 0.000106
7901 0.000097
7902 0.000068
7903 0.000034
7904 0.000050
7905 0.000044
7906 0.000050
7907 0.000102
7908 0.000058
7909 0.000119
7910 0.000081
7911 0.000058
7912 0.000104
7913 0.000107
7914 0.000087
7915 0.000123
7916 0.000082
7917 0.000094
7918 0.000055
7919 0.000052
7920 0.000059
7921 0.000120
7922 0.000161
7923 0.000191
7924 0.000096
7925 0.000141
7926 0.000076
7927 0.000085
7928 0.000127
7929 0.000061
7930 0.000051
7931 0.000068
7932 0.000095
7933 0.000138
7934 0.000171
7935 0.000099
7936 0.000088
7937 0.000196
7938 0.000057
7939 0.000118
7940 0.000053
7941 0.000099
7942 0.000070
7943 0.000048
7944 0.000056
7945 0.000041
7946 0.000077
7947 0.000146
7948 0.000113
7949 0.000044
7950 0.000062
7951 0.000135
7952 0.000055
7953 0.000085
7954 0.000108
7955 0.000072
7956 0.000142
7957 0.000221
7958 0.000133
7959 0.000207
7960 0.000132
7961 0.000103
7962 0.000163
7963 0.000296
7964 0.000203
7965 0.000069
7966 0.000062
7967 0.000067
7968 0.000081
7969 0.000140
7970 0.000146
7971 0.000166
7972 0.000084
7973 0.000086
7974 0.000051
7975 0.000124
7976 0.000092
7977 0.000129
7978 0.000125
7979 0.000114
7980 0.000177
7981 0.000167
7982 0.000159
7983 0.000063
7984 0.000115
7985 0.000085
7986 0.000073
7987 0.000075
7988 0.000040
7989 0.000340
7990 0.000096
7991 0.000173
7992 0.000105
7993 0.000134
7994 0.000066
7995 0.000158
7996 0.000163
7997 0.000163
7998 0.000095
7999 0.000226
8000 0.000204
8001 0.000116
8002 0.000147
8003 0.000172
8004 0.000123
8005 0.000143
8006 0.000056
8007 0.000039
8008 0.000071
8009 0.000100
8010 0.000061
8011 0.000041
8012 0.000163
8013 0.000115
8014 0.000090
8015 0.000057
8016 0.000064
8017 0.000052
8018 0.000122
8019 0.000098
8020 0.000093
8021 0.000094
8022 0.000115
8023 0.000068
8024 0.000095
8025 0.000084
8026 0.000039
8027 0.000032
8028 0.000038
8029 0.000076
8030 0.000059
8031 0.000028
8032 0.000023
8033 0.000032
8034 0.000121
8035 0.000118
8036 0.000098
8037 0.000141
8038 0.000168
8039 0.000086
8040 0.000060
8041 0.000067
8042 0.000118
8043 0.000121
8044 0.000076
8045 0.000108
8046 0.000060
8047 0.000040
8048 0.000060
8049 0.000066
8050 0.000091
8051 0.000129
8052 0.000173
8053 0.000162
8054 0.000079
8055 0.000049
8056 0.000047
8057 0.000081
8058 0.000085
8059 0.000076
8060 0.000106
8061 0.000080
8062 0.000049
8063 0.000072
8064 0.000093
8065 0.000174
8066 0.000089
8067 0.000049
8068 0.000056
8069 0.000187
8070 0.000068
8071 0.000044
8072 0.000133
8073 0.000156
8074 0.000182
8075 0.000120
8076 0.000180
8077 0.000130
8078 0.000079
8079 0.000075
8080 0.000028
8081 0.000078
8082 0.000052
8083 0.000043
8084 0.000099
8085 0.000149
8086 0.000069
8087 0.000142
8088 0.000061
8089 0.000024
8090 0.000078
8091 0.000037
8092 0.000045
8093 0.000115
8094 0.000265
8095 0.000151
8096 0.000138
8097 0.000333
8098 0.000226
8099 0.000230
8100 0.000136
8101 0.000087
8102 0.000158
8103 0.000084
8104 0.000088
8105 0.000109
8106 0.000209
8107 0.000118
8108 0.000138
8109 0.000074
8110 0.000045
8111 0.000039
8112 0.000086
8113 0.000084
8114 0.000089
8115 0.000065
8116 0.000079
8117 0.000026
8118 0.000033
8119 0.000050
8120 0.000160
8121 0.000207
8122 0.000152
8123 0.000095
8124 0.000109
8125 0.000120
8126 0.000041
8127 0.000027
8128 0.000023
8129 0.000029
8130 0.000048
8131 0.000158
8132 0.000174
8133 0.000101
8134 0.000084
8135 0.000066
8136 0.000063
8137 0.000150
8138 0.000209
8139 0.000170
8140 0.000169
8141 0.000099
8142 0.000169
8143 0.000093
8144 0.000120
8145 0.000116
8146 0.000154
8147 0.000146
8148 0.000112
8149 0.000158
8150 0.000173
8151 0.000052
8152 0.000124
8153 0.000079
8154 0.000037
8155 0.000085
8156 0.000175
8157 0.000199
8158 0.000157
8159 0.000188
8160 0.000129
8161 0.000057
8162 0.000063
8163 0.000126
8164 0.000098
8165 0.000036
8166 0.000023
8167 0.000038
8168 0.000022
8169 0.000021
8170 0.000021
8171 0.000061
8172 0.000053
8173 0.000105
8174 0.000065
8175 0.000043
8176 0.000085
8177 0.000080
8178 0.000072
8179 0.000102
8180 0.000053
8181 0.000031
8182 0.000036
8183 0.000076
8184 0.000122
8185 0.000119
8186 0.000079
8187 0.000037
8188 0.000047
8189 0.000124
8190 0.000216
8191 0.000126
8192 0.000103
8193 0.000069
8194 0.000131
8195 0.000086
8196 0.000096
8197 0.000097
8198 0.000125
8199 0.000050
8200 0.000074
8201 0.000053
8202 0.000053
8203 0.000037
8204 0.000122
8205 0.000090
8206 0.000120
8207 0.000060
8208 0.000168
8209 0.000184
8210 0.000140
8211 0.000157
8212 0.000103
8213 0.000082
8214 0.000102
8215 0.000202
8216 0.000233
8217 0.000064
8218 0.000119
8219 0.000040
8220 0.000083
8221 0.000143
8222 0.000089
8223 0.000122
8224 0.000057
8225 0.000189
8226 0.000182
8227 0.000041
8228 0.000052
8229 0.000037
8230 0.000051
8231 0.000068
8232 0.000034
8233 0.000129
8234 0.000088
8235 0.000040
8236 0.000022
8237 0.000040
8238 0.000035
8239 0.000048
8240 0.000078
8241 0.000064
8242 0.000144
8243 0.000126
8244 0.000082
8245 0.000189
8246 0.000105
8247 0.000069
8248 0.000100
8249 0.000061
8250 0.000087
8251 0.000125
8252 0.000142
8253 0.000058
8254 0.000058
8255 0.000109
8256 0.000157
8257 0.000165
8258 0.000061
8259 0.000094
8260 0.000061
8261 0.000036
8262 0.000030
8263 0.000049
8264 0.000022
8265 0.000128
8266 0.000124
8267 0.000104
8268 0.000059
8269 0.000064
8270 0.000115
8271 0.000107
8272 0.000046
8273 0.000043
8274 0.000064
8275 0.000075
8276 0.000105
8277 0.000036
8278 0.000030
8279 0.000061
8280 0.000122
8281 0.000083
8282 0.000065
8283 0.000231
8284 0.000297
8285 0.000207
8286 0.000054
8287 0.000038
8288 0.000076
8289 0.000047
8290 0.000097
8291 0.000114
8292 0.000072
8293 0.000024
8294 0.000022
8295 0.000070
8296 0.000051
8297 0.000103
8298 0.000166
8299 0.000209
8300 0.000259
8301 0.000063
8302 0.000062
8303 0.000119
8304 0.000127
8305 0.000144
8306 0.000076
8307 0.000096
8308 0.000116
8309 0.000037
8310 0.000023
8311 0.000037
8312 0.000066
8313 0.000107
8314 0.000167
8315 0.000051
8316 0.000086
8317 0.000072
8318 0.000058
8319 0.000027
8320 0.000062
8321 0.000098
8322 0.000146
8323 0.000148
8324 0.000153
8325 0.000233
8326 0.000081
8327 0.000224
8328 0.000259
8329 0.000244
8330 0.000087
8331 0.000040
8332 0.000116
8333 0.000085
8334 0.000044
8335 0.000072
8336 0.000060
8337 0.000139
8338 0.000080
8339 0.000061
8340 0.000052
8341 0.000036
8342 0.000050
8343 0.000060
8344 0.000219
8345 0.000148
8346 0.000073
8347 0.000102
8348 0.000118
8349 0.000057
8350 0.000059
8351 0.000025
8352 0.000093
8353 0.000058
8354 0.000023
8355 0.000052
8356 0.000085
8357 0.000048
8358 0.000054
8359 0.000170
8360 0.000044
8361 0.000113
8362 0.000075
8363 0.000036
8364 0.000152
8365 0.000130
8366 0.000122
8367 0.000092
8368 0.000091
8369 0.000131
8370 0.000066
8371 0.000043
8372 0.000074
8373 0.000069
8374 0.000113
8375 0.000117
8376 0.000032
8377 0.000258
8378 0.000200
8379 0.000058
8380 0.000126
8381 0.000175
8382 0.000200
8383 0.000114
8384 0.000075
8385 0.000076
8386 0.000072
8387 0.000058
8388 0.000043
8389 0.000052
8390 0.000111
8391 0.000052
8392 0.000080
8393 0.000159
8394 0.000062
8395 0.000049
8396 0.000088
8397 0.000090
8398 0.000115
8399 0.000140
8400 0.000045
8401 0.000136
8402 0.000180
8403 0.000199
8404 0.000160
8405 0.000086
8406 0.000222
8407 0.000162
8408 0.000094
8409 0.000091
8410 0.000031
8411 0.000123
8412 0.000147
8413 0.000187
8414 0.000139
8415 0.000164
8416 0.000063
8417 0.000092
8418 0.000113
8419 0.000089
8420 0.000047
8421 0.000025
8422 0.000067
8423 0.000070
8424 0.000169
8425 0.000116
8426 0.000099
8427 0.000062
8428 0.000068
8429 0.000145
8430 0.000079
8431 0.000052
8432 0.000048
8433 0.000083
8434 0.000154
8435 0.000155
8436 0.000099
8437 0.000179
8438 0.000131
8439 0.000073
8440 0.000141
8441 0.000247
8442 0.000085
8443 0.000104
8444 0.000067
8445 0.000128
8446 0.000129
8447 0.000142
8448 0.000252
8449 0.000136
8450 0.000074
8451 0.000082
8452 0.000058
8453 0.000093
8454 0.000067
8455 0.000084
8456 0.000101
8457 0.000044
8458 0.000024
8459 0.000105
8460 0.000123
8461 0.000134
8462 0.000166
8463 0.000155
8464 0.000125
8465 0.000227
8466 0.000111
8467 0.000110
8468 0.000058
8469 0.000069
8470 0.000060
8471 0.000040
8472 0.000071
8473 0.000106
8474 0.000135
8475 0.000223
8476 0.000256
8477 0.000125
8478 0.000131
8479 0.000113
8480 0.000075
8481 0.000055
8482 0.000057
8483 0.000041
8484 0.000072
8485 0.000092
8486 0.000079
8487 0.000092
8488 0.000062
8489 0.000087
8490 0.000067
8491 0.000068
8492 0.000048
8493 0.000108
8494 0.000061
8495 0.000032
8496 0.000029
8497 0.000076
8498 0.000098
8499 0.000080
8500 0.000086
8501 0.000059
8502 0.000113
8503 0.000084
8504 0.000081
8505 0.000066
8506 0.000122
8507 0.000067
8508 0.000072
8509 0.000069
8510 0.000054
8511 0.000057
8512 0.000081
8513 0.000050
8514 0.000135
8515 0.000055
8516 0.000112
8517 0.000130
8518 0.000063
8519 0.000149
8520 0.000089
8521 0.000121
8522 0.000141
8523 0.000118
8524 0.000150
8525 0.000131
8526 0.000147
8527 0.000090
8528 0.000132
8529 0.000153
8530 0.000124
8531 0.000059
8532 0.000040
8533 0.000088
8534 0.000071
8535 0.000121
8536 0.000093
8537 0.000106
8538 0.000079
8539 0.000134
8540 0.000064
8541 0.000052
8542 0.000109
8543 0.000046
8544 0.000094
8545 0.000085
8546 0.000119
8547 0.000104
8548 0.000033
8549 0.000063
8550 0.000104
8551 0.000136
8552 0.000136
8553 0.000136
8554 0.000091
8555 0.000059
8556 0.000038
8557 0.000071
8558 0.000176
8559 0.000065
8560 0.000091
8561 0.000138
8562 0.000082
8563 0.000121
8564 0.000175
8565 0.000147
8566 0.000096
8567 0.000042
8568 0.000111
8569 0.000062
8570 0.000099
8571 0.000156
8572 0.000124
8573 0.000050
8574 0.000067
8575 0.000113
8576 0.000091
8577 0.000106
8578 0.000033
8579 0.000061
8580 0.000057
8581 0.000219
8582 0.000212
8583 0.000283
8584 0.000129
8585 0.000081
8586 0.000106
8587 0.000103
8588 0.000103
8589 0.000044
8590 0.000088
8591 0.000069
8592 0.000065
8593 0.000106
8594 0.000033
8595 0.000125
8596 0.000179
8597 0.000195
8598 0.000090
8599 0.000138
8600 0.000065
8601 0.000042
8602 0.000159
8603 0.000121
8604 0.000102
8605 0.000086
8606 0.000091
8607 0.000073
8608 0.000059
8609 0.000068
8610 0.000109
8611 0.000079
8612 0.000073
8613 0.000071
8614 0.000161
8615 0.000129
8616 0.000169
8617 0.000112
8618 0.000238
8619 0.000101
8620 0.000162
8621 0.000273
8622 0.000141
8623 0.000045
8624 0.000028
8625 0.000060
8626 0.000103
8627 0.000050
8628 0.000120
8629 0.000106
8630 0.000106
8631 0.000134
8632 0.000198
8633 0.000195
8634 0.000121
8635 0.000090
8636 0.000117
8637 0.000111
8638 0.000080
8639 0.000053
8640 0.000097
8641 0.000111
8642 0.000105
8643 0.000095
8644 0.000066
8645 0.000116
8646 0.000184
8647 0.000101
8648 0.000081
8649 0.000067
8650 0.000058
8651 0.000095
8652 0.000146
8653 0.000268
8654 0.000129
8655 0.000070
8656 0.000123
8657 0.000057
8658 0.000169
8659 0.000116
8660 0.000056
8661 0.000063
8662 0.000094
8663 0.000082
8664 0.000038
8665 0.000026
8666 0.000049
8667 0.000066
8668 0.000171
8669 0.000148
8670 0.000158
8671 0.000069
8672 0.000062
8673 0.000127
8674 0.000065
8675 0.000100
8676 0.000115
8677 0.000188
8678 0.000110
8679 0.000150
8680 0.000113
8681 0.000058
8682 0.000119
8683 0.000077
8684 0.000043
8685 0.000086
8686 0.000033
8687 0.000060
8688 0.000170
8689 0.000251
8690 0.000151
8691 0.000097
8692 0.000091
8693 0.000085
8694 0.000086
8695 0.000054
8696 0.000070
8697 0.000120
8698 0.000146
8699 0.000186
8700 0.000104
8701 0.000083
8702 0.000084
8703 0.000141
8704 0.000158
8705 0.000070
8706 0.000096
8707 0.000060
8708 0.000126
8709 0.000129
8710 0.000125
8711 0.000076
8712 0.000058
8713 0.000025
8714 0.000044
8715 0.000231
8716 0.000116
8717 0.000146
8718 0.000181
8719 0.000107
8720 0.000074
8721 0.000131
8722 0.000071
8723 0.000084
8724 0.000086
8725 0.000137
8726 0.000048
8727 0.000092
8728 0.000067
8729 0.000072
8730 0.000102
8731 0.000053
8732 0.000105
8733 0.000088
8734 0.000052
8735 0.000046
8736 0.000063
8737 0.000065
8738 0.000067
8739 0.000101
8740 0.000066
8741 0.000086
8742 0.000123
8743 0.000127
8744 0.000072
8745 0.000113
8746 0.000127
8747 0.000137
8748 0.000073
8749 0.000140
8750 0.000129
8751 0.000082
8752 0.000091
8753 0.000121
8754 0.000218
8755 0.000213
8756 0.000167
8757 0.000122
8758 0.000080
8759 0.000050
8760 0.000130
8761 0.000070
8762 0.000048
8763 0.000076
8764 0.000072
8765 0.000033
8766 0.000157
8767 0.000061
8768 0.000133
8769 0.000058
8770 0.000077
8771 0.000037
8772 0.000178
8773 0.000139
8774 0.000109
8775 0.000062
8776 0.000025
8777 0.000158
8778 0.000127
8779 0.000170
8780 0.000104
8781 0.000177
8782 0.000095
8783 0.000149
8784 0.000094
8785 0.000202
8786 0.000070
8787 0.000204
8788 0.000118
8789 0.000125
8790 0.000094
8791 0.000133
8792 0.000085
8793 0.000180
8794 0.000306
8795 0.000145
8796 0.000079
8797 0.000093
8798 0.000102
8799 0.000091
8800 0.000116
8801 0.000138
8802 0.000102
8803 0.000057
8804 0.000193
8805 0.000064
8806 0.000080
8807 0.000195
8808 0.000086
8809 0.000088
8810 0.000097
8811 0.000159
8812 0.000049
8813 0.000061
8814 0.000063
8815 0.000095
8816 0.000098
8817 0.000068
8818 0.000107
8819 0.000103
8820 0.000085
8821 0.000205
8822 0.000091
8823 0.000071
8824 0.000171
8825 0.000131
8826 0.000112
8827 0.000140
8828 0.000079
8829 0.000100
8830 0.000040
8831 0.000053
8832 0.000042
8833 0.000045
8834 0.000034
8835 0.000022
8836 0.000052
8837 0.000049
8838 0.000089
8839 0.000053
8840 0.000049
8841 0.000088
8842 0.000030
8843 0.000168
8844 0.000095
8845 0.000156
8846 0.000111
8847 0.000106
8848 0.000072
8849 0.000060
8850 0.000099
8851 0.000124
8852 0.000068
8853 0.000096
8854 0.000153
8855 0.000121
8856 0.000042
8857 0.000067
8858 0.000129
8859 0.000074
8860 0.000120
8861 0.000085
8862 0.000164
8863 0.000114
8864 0.000249
8865 0.000114
8866 0.000119
8867 0.000147
8868 0.000093
8869 0.000066
8870 0.000098
8871 0.000086
8872 0.000088
8873 0.000109
8874 0.000101
8875 0.000068
8876 0.000103
8877 0.000073
8878 0.000084
8879 0.000083
8880 0.000064
8881 0.000033
8882 0.000059
8883 0.000069
8884 0.000111
8885 0.000169
8886 0.000202
8887 0.000145
8888 0.000167
8889 0.000062
8890 0.000049
8891 0.000036
8892 0.000110
8893 0.000038
8894 0.000022
8895 0.000055
8896 0.000076
8897 0.000047
8898 0.000143
8899 0.000238
8900 0.000189
8901 0.000099
8902 0.000113
8903 0.000034
8904 0.000171
8905 0.000185
8906 0.000056
8907 0.000101
8908 0.000148
8909 0.000104
8910 0.000129
8911 0.000075
8912 0.000121
8913 0.000119
8914 0.000078
8915 0.000081
8916 0.000067
8917 0.000166
8918 0.000078
8919 0.000062
8920 0.000224
8921 0.000079
8922 0.000028
8923 0.000050
8924 0.000075
8925 0.000122
8926 0.000103
8927 0.000061
8928 0.000041
8929 0.000085
8930 0.000096
8931 0.000126
8932 0.000057
8933 0.000022
8934 0.000053
8935 0.000063
8936 0.000042
8937 0.000067
8938 0.000043
8939 0.000108
8940 0.000148
8941 0.000177
8942 0.000138
8943 0.000097
8944 0.000136
8945 0.000252
8946 0.000100
8947 0.000107
8948 0.000173
8949 0.000166
8950 0.000111
8951 0.000091
8952 0.000051
8953 0.000068
8954 0.000034
8955 0.000138
8956 0.000102
8957 0.000033
8958 0.000042
8959 0.000172
8960 0.000157
8961 0.000059
8962 0.000049
8963 0.000036
8964 0.000182
8965 0.000102
8966 0.000159
8967 0.000163
8968 0.000250
8969 0.000058
8970 0.000120
8971 0.000115
8972 0.000031
8973 0.000059
8974 0.000050
8975 0.000048
8976 0.000044
8977 0.000173
8978 0.000089
8979 0.000082
8980 0.000072
8981 0.000078
8982 0.000136
8983 0.000053
8984 0.000023
8985 0.000110
8986 0.000097
8987 0.000134
8988 0.000141
8989 0.000186
8990 0.000315
8991 0.000152
8992 0.000074
8993 0.000148
8994 0.000046
8995 0.000087
8996 0.000063
8997 0.000123
8998 0.000087
8999 0.000056
9000 0.000078
9001 0.000091
9002 0.000285
9003 0.000275
9004 0.000282
9005 0.000100
9006 0.000109
9007 0.000147
9008 0.000077
9009 0.000121
9010 0.000082
9011 0.000092
9012 0.000122
9013 0.000048
9014 0.000029
9015 0.000054
9016 0.000127
9017 0.000053
9018 0.000026
9019 0.000034
9020 0.000147
9021 0.000079
9022 0.000075
9023 0.000066
9024 0.000026
9025 0.000037
9026 0.000080
9027 0.000055
9028 0.000062
9029 0.000041
9030 0.000052
9031 0.000082
9032 0.000141
9033 0.000100
9034 0.000094
9035 0.000091
9036 0.000089
9037 0.000153
9038 0.000065
9039 0.000084
9040 0.000191
9041 0.000105
9042 0.000062
9043 0.000051
9044 0.000096
9045 0.000130
9046 0.000070
9047 0.000158
9048 0.000082
9049 0.000107
9050 0.000109
9051 0.000088
9052 0.000065
9053 0.000100
9054 0.000132
9055 0.000136
9056 0.000038
9057 0.000134
9058 0.000128
9059 0.000111
9060 0.000163
9061 0.000084
9062 0.000055
9063 0.000070
9064 0.000071
9065 0.000122
9066 0.000030
9067 0.000085
9068 0.000088
9069 0.000114
9070 0.000091
9071 0.000189
9072 0.000088
9073 0.000294
9074 0.000243
9075 0.000093
9076 0.000178
9077 0.000089
9078 0.000117
9079 0.000159
9080 0.000063
9081 0.000186
9082 0.000118
9083 0.000077
9084 0.000035
9085 0.000084
9086 0.000328
9087 0.000158
9088 0.000178
9089 0.000139
9090 0.000099
9091 0.000081
9092 0.000062
9093 0.000079
9094 0.000112
9095 0.000098
9096 0.000168
9097 0.000149
9098 0.000085
9099 0.000072
9100 0.000134
9101 0.000164
9102 0.000065
9103 0.000080
9104 0.000062
9105 0.000067
9106 0.000060
9107 0.000138
9108 0.000137
9109 0.000113
9110 0.000064
9111 0.000095
9112 0.000102
9113 0.000089
9114 0.000063
9115 0.000115
9116 0.000065
9117 0.000070
9118 0.000249
9119 0.000083
9120 0.000162
9121 0.000049
9122 0.000025
9123 0.000063
9124 0.000145
9125 0.000079
9126 0.000102
9127 0.000173
9128 0.000091
9129 0.000105
9130 0.000045
9131 0.000089
9132 0.000101
9133 0.000058
9134 0.000040
9135 0.000042
9136 0.000075
9137 0.000086
9138 0.000119
9139 0.000073
9140 0.000083
9141 0.000185
9142 0.000093
9143 0.000096
9144 0.000201
9145 0.000087
9146 0.000154
9147 0.000177
9148 0.000170
9149 0.000106
9150 0.000060
9151 0.000070
9152 0.000081
9153 0.000047
9154 0.000072
9155 0.000122
9156 0.000065
9157 0.000043
9158 0.000087
9159 0.000103
9160 0.000059
9161 0.000213
9162 0.000112
9163 0.000049
9164 0.000146
9165 0.000052
9166 0.000079
9167 0.000057
9168 0.000156
9169 0.000200
9170 0.000096
9171 0.000157
9172 0.000138
9173 0.000144
9174 0.000100
9175 0.000159
9176 0.000074
9177 0.000025
9178 0.000025
9179 0.000037
9180 0.000095
9181 0.000086
9182 0.000051
9183 0.000026
9184 0.000039
9185 0.000153
9186 0.000115
9187 0.000035
9188 0.000093
9189 0.000050
9190 0.000079
9191 0.000110
9192 0.000065
9193 0.000033
9194 0.000037
9195 0.000079
9196 0.000056
9197 0.000038
9198 0.000040
9199 0.000158
9200 0.000133
9201 0.000284
9202 0.000096
9203 0.000073
9204 0.000046
9205 0.000059
9206 0.000046
9207 0.000129
9208 0.000055
9209 0.000136
9210 0.000178
9211 0.000092
9212 0.000089
9213 0.000070
9214 0.000138
9215 0.000079
9216 0.000093
9217 0.000082
9218 0.000111
9219 0.000118
9220 0.000100
9221 0.000088
9222 0.000030
9223 0.000077
9224 0.000072
9225 0.000133
9226 0.000096
9227 0.000090
9228 0.000034
9229 0.000080
9230 0.000066
9231 0.000118
9232 0.000116
9233 0.000200
9234 0.000184
9235 0.000174
9236 0.000130
9237 0.000103
9238 0.000081
9239 0.000109
9240 0.000069
9241 0.000039
9242 0.000055
9243 0.000099
9244 0.000131
9245 0.000090
9246 0.000132
9247 0.000053
9248 0.000094
9249 0.000096
9250 0.000035
9251 0.000124
9252 0.000068
9253 0.000082
9254 0.000138
9255 0.000044
9256 0.000083
9257 0.000253
9258 0.000113
9259 0.000106
9260 0.000060
9261 0.000028
9262 0.000047
9263 0.000073
9264 0.000031
9265 0.000026
9266 0.000037
9267 0.000059
9268 0.000119
9269 0.000057
9270 0.000135
9271 0.000151
9272 0.000132
9273 0.000067
9274 0.000104
9275 0.000096
9276 0.000114
9277 0.000119
9278 0.000153
9279 0.000110
9280 0.000055
9281 0.000168
9282 0.000176
9283 0.000186
9284 0.000153
9285 0.000142
9286 0.000152
9287 0.000118
9288 0.000065
9289 0.000132
9290 0.000062
9291 0.000044
9292 0.000045
9293 0.000095
9294 0.000102
9295 0.000068
9296 0.000216
9297 0.000290
9298 0.000158
9299 0.000034
9300 0.000059
9301 0.000053
9302 0.000080
9303 0.000032
9304 0.000225
9305 0.000070
9306 0.000134
9307 0.000171
9308 0.000075
9309 0.000059
9310 0.000054
9311 0.000064
9312 0.000058
9313 0.000118
9314 0.000032
9315 0.000084
9316 0.000125
9317 0.000074
9318 0.000154
9319 0.000082
9320 0.000132
9321 0.000155
9322 0.000058
9323 0.000112
9324 0.000177
9325 0.000053
9326 0.000089
9327 0.000050
9328 0.000029
9329 0.000033
9330 0.000029
9331 0.000020
9332 0.000032
9333 0.000043
9334 0.000046
9335 0.000060
9336 0.000138
9337 0.000079
9338 0.000232
9339 0.000083
9340 0.000050
9341 0.000074
9342 0.000098
9343 0.000043
9344 0.000076
9345 0.000097
9346 0.000113
9347 0.000066
9348 0.000044
9349 0.000073
9350 0.000128
9351 0.000062
9352 0.000041
9353 0.000043
9354 0.000041
9355 0.000050
9356 0.000052
9357 0.000037
9358 0.000058
9359 0.000214
9360 0.000113
9361 0.000031
9362 0.000072
9363 0.000140
9364 0.000080
9365 0.000040
9366 0.000096
9367 0.000180
9368 0.000162
9369 0.000161
9370 0.000099
9371 0.000063
9372 0.000033
9373 0.000029
9374 0.000105
9375 0.000096
9376 0.000097
9377 0.000056
9378 0.000104
9379 0.000173
9380 0.000116
9381 0.000074
9382 0.000067
9383 0.000072
9384 0.000158
9385 0.000082
9386 0.000078
9387 0.000113
9388 0.000070
9389 0.000071
9390 0.000045
9391 0.000049
9392 0.000025
9393 0.000080
9394 0.000052
9395 0.000117
9396 0.000108
9397 0.000061
9398 0.000036
9399 0.000021
9400 0.000062
9401 0.000074
9402 0.000077
9403 0.000072
9404 0.000076
9405 0.000128
9406 0.000106
9407 0.000089
9408 0.000117
9409 0.000065
9410 0.000043
9411 0.000034
9412 0.000040
9413 0.000085
9414 0.000085
9415 0.000119
9416 0.000111
9417 0.000153
9418 0.000052
9419 0.000077
9420 0.000077
9421 0.000052
9422 0.000050
9423 0.000023
9424 0.000022
9425 0.000038
9426 0.000069
9427 0.000044
9428 0.000165
9429 0.000126
9430 0.000073
9431 0.000057
9432 0.000140
9433 0.000074
9434 0.000070
9435 0.000070
9436 0.000114
9437 0.000097
9438 0.000142
9439 0.000169
9440 0.000124
9441 0.000149
9442 0.000090
9443 0.000086
9444 0.000088
9445 0.000124
9446 0.000105
9447 0.000078
9448 0.000043
9449 0.000109
9450 0.000066
9451 0.000034
9452 0.000108
9453 0.000137
9454 0.000199
9455 0.000092
9456 0.000041
9457 0.000050
9458 0.000024
9459 0.000033
9460 0.000075
9461 0.000079
9462 0.000036
9463 0.000023
9464 0.000048
9465 0.000023
9466 0.000052
9467 0.000075
9468 0.000053
9469 0.000074
9470 0.000046
9471 0.000051
9472 0.000084
9473 0.000112
9474 0.000167
9475 0.000143
9476 0.000219
9477 0.000077
9478 0.000080
9479 0.000189
9480 0.000205
9481 0.000131
9482 0.000102
9483 0.000084
9484 0.000079
9485 0.000049
9486 0.000023
9487 0.000084
9488 0.000107
9489 0.000129
9490 0.000198
9491 0.000049
9492 0.000048
9493 0.000168
9494 0.000199
9495 0.000252
9496 0.000077
9497 0.000150
9498 0.000117
9499 0.000123
9500 0.000067
9501 0.000099
9502 0.000032
9503 0.000083
9504 0.000134
9505 0.000109
9506 0.000208
9507 0.000256
9508 0.000051
9509 0.000081
9510 0.000094
9511 0.000103
9512 0.000091
9513 0.000125
9514 0.000052
9515 0.000115
9516 0.000054
9517 0.000056
9518 0.000059
9519 0.000027
9520 0.000044
9521 0.000085
9522 0.000084
9523 0.000108
9524 0.000071
9525 0.000048
9526 0.000056
9527 0.000125
9528 0.000109
9529 0.000047
9530 0.000061
9531 0.000101
9532 0.000195
9533 0.000314
9534 0.000159
9535 0.000126
9536 0.000197
9537 0.000057
9538 0.000078
9539 0.000048
9540 0.000082
9541 0.000129
9542 0.000083
9543 0.000075
9544 0.000071
9545 0.000196
9546 0.000124
9547 0.000175
9548 0.000078
9549 0.000089
9550 0.000095
9551 0.000108
9552 0.000106
9553 0.000105
9554 0.000073
9555 0.000110
9556 0.000116
9557 0.000114
9558 0.000082
9559 0.000050
9560 0.000112
9561 0.000163
9562 0.000081
9563 0.000060
9564 0.000082
9565 0.000027
9566 0.000047
9567 0.000139
9568 0.000123
9569 0.000106
9570 0.000197
9571 0.000193
9572 0.000042
9573 0.000054
9574 0.000087
9575 0.000119
9576 0.000179
9577 0.000187
9578 0.000083
9579 0.000085
9580 0.000164
9581 0.000167
9582 0.000128
9583 0.000115
9584 0.000113
9585 0.000102
9586 0.000144
9587 0.000115
9588 0.000064
9589 0.000197
9590 0.000073
9591 0.000074
9592 0.000152
9593 0.000062
9594 0.000090
9595 0.000075
9596 0.000159
9597 0.000175
9598 0.000103
9599 0.000189
9600 0.000082
9601 0.000027
9602 0.000052
9603 0.000112
9604 0.000095
9605 0.000048
9606 0.000056
9607 0.000039
9608 0.000026
9609 0.000021
9610 0.000081
9611 0.000109
9612 0.000108
9613 0.000061
9614 0.000135
9615 0.000083
9616 0.000050
9617 0.000068
9618 0.000167
9619 0.000109
9620 0.000173
9621 0.000152
9622 0.000146
9623 0.000131
9624 0.000199
9625 0.000135
9626 0.000116
9627 0.000109
9628 0.000111
9629 0.000064
9630 0.000045
9631 0.000054
9632 0.000024
9633 0.000020
9634 0.000061
9635 0.000107
9636 0.000074
9637 0.000124
9638 0.000089
9639 0.000081
9640 0.000152
9641 0.000102
9642 0.000044
9643 0.000050
9644 0.000044
9645 0.000039
9646 0.000039
9647 0.000068
9648 0.000060
9649 0.000076
9650 0.000192
9651 0.000254
9652 0.000194
9653 0.000076
9654 0.000125
9655 0.000070
9656 0.000100
9657 0.000058
9658 0.000064
9659 0.000048
9660 0.000035
9661 0.000031
9662 0.000079
9663 0.000143
9664 0.000159
9665 0.000115
9666 0.000095
9667 0.000107
9668 0.000099
9669 0.000115
9670 0.000085
9671 0.000128
9672 0.000100
9673 0.000092
9674 0.000034
9675 0.000073
9676 0.000089
9677 0.000093
9678 0.000054
9679 0.000074
9680 0.000113
9681 0.000073
9682 0.000194
9683 0.000143
9684 0.000076
9685 0.000050
9686 0.000056
9687 0.000038
9688 0.000087
9689 0.000055
9690 0.000097
9691 0.000151
9692 0.000091
9693 0.000151
9694 0.000047
9695 0.000029
9696 0.000027
9697 0.000128
9698 0.000051
9699 0.000079
9700 0.000098
9701 0.000073
9702 0.000078
9703 0.000039
9704 0.000129
9705 0.000139
9706 0.000045
9707 0.000053
9708 0.000034
9709 0.000124
9710 0.000231
9711 0.000181
9712 0.000139
9713 0.000139
9714 0.000054
9715 0.000169
9716 0.000118
9717 0.000113
9718 0.000063
9719 0.000141
9720 0.000123
9721 0.000157
9722 0.000140
9723 0.000075
9724 0.000139
9725 0.000066
9726 0.000061
9727 0.000067
9728 0.000098
9729 0.000076
9730 0.000037
9731 0.000038
9732 0.000031
9733 0.000128
9734 0.000102
9735 0.000075
9736 0.000142
9737 0.000095
9738 0.000097
9739 0.000056
9740 0.000171
9741 0.000115
9742 0.000070
9743 0.000101
9744 0.000117
9745 0.000059
9746 0.000077
9747 0.000134
9748 0.000167
9749 0.000076
9750 0.000076
9751 0.000061
9752 0.000025
9753 0.000089
9754 0.000073
9755 0.000043
9756 0.000038
9757 0.000084
9758 0.000120
9759 0.000054
9760 0.000076
9761 0.000081
9762 0.000046
9763 0.000030
9764 0.000028
9765 0.000079
9766 0.000122
9767 0.000122
9768 0.000080
9769 0.000182
9770 0.000082
9771 0.000248
9772 0.000107
9773 0.000104
9774 0.000042
9775 0.000033
9776 0.000061
9777 0.000123
9778 0.000069
9779 0.000047
9780 0.000062
9781 0.000059
9782 0.000105
9783 0.000033
9784 0.000044
9785 0.000075
9786 0.000075
9787 0.000094
9788 0.000074
9789 0.000073
9790 0.000063
9791 0.000111
9792 0.000082
9793 0.000178
9794 0.000053
9795 0.000037
9796 0.000031
9797 0.000085
9798 0.000039
9799 0.000039
9800 0.000032
9801 0.000036
9802 0.000047
9803 0.000065
9804 0.000043
9805 0.000068
9806 0.000087
9807 0.000062
9808 0.000160
9809 0.000094
9810 0.000184
9811 0.000234
9812 0.000208
9813 0.000083
9814 0.000105
9815 0.000113
9816 0.000139
9817 0.000150
9818 0.000086
9819 0.000052
9820 0.000170
9821 0.000097
9822 0.000175
9823 0.000096
9824 0.000083
9825 0.000043
9826 0.000131
9827 0.000115
9828 0.000072
9829 0.000093
9830 0.000163
9831 0.000185
9832 0.000350
9833 0.000172
9834 0.000060
9835 0.000071
9836 0.000118
9837 0.000178
9838 0.000191
9839 0.000120
9840 0.000090
9841 0.000085
9842 0.000085
9843 0.000082
9844 0.000113
9845 0.000034
9846 0.000039
9847 0.000048
9848 0.000051
9849 0.000086
9850 0.000059
9851 0.000071
9852 0.000073
9853 0.000133
9854 0.000053
9855 0.000104
9856 0.000131
9857 0.000150
9858 0.000153
9859 0.000145
9860 0.000056
9861 0.000023
9862 0.000125
9863 0.000050
9864 0.000110
9865 0.000134
9866 0.000102
9867 0.000094
9868 0.000061
9869 0.000092
9870 0.000035
9871 0.000148
9872 0.000228
9873 0.000083
9874 0.000070
9875 0.000035
9876 0.000025
9877 0.000069
9878 0.000188
9879 0.000115
9880 0.000198
9881 0.000109
9882 0.000128
9883 0.000037
9884 0.000151
9885 0.000147
9886 0.000218
9887 0.000089
9888 0.000090
9889 0.000104
9890 0.000104
9891 0.000066
9892 0.000311
9893 0.000127
9894 0.000164
9895 0.000090
9896 0.000189
9897 0.000208
9898 0.000074
9899 0.000031
9900 0.000104
9901 0.000077
9902 0.000094
9903 0.000068
9904 0.000029
9905 0.000023
9906 0.000085
9907 0.000146
9908 0.000149
9909 0.000114
9910 0.000175
9911 0.000090
9912 0.000154
9913 0.000122
9914 0.000133
9915 0.000092
9916 0.000121
9917 0.000115
9918 0.000125
9919 0.000101
9920 0.000087
9921 0.000030
9922 0.000051
9923 0.000022
9924 0.000140
9925 0.000108
9926 0.000135
9927 0.000072
9928 0.000155
9929 0.000077
9930 0.000077
9931 0.000126
9932 0.000095
9933 0.000058
9934 0.000061
9935 0.000089
9936 0.000090
9937 0.000198
9938 0.000130
9939 0.000087
9940 0.000168
9941 0.000089
9942 0.000062
9943 0.000096
9944 0.000095
9945 0.000143
9946 0.000077
9947 0.000073
9948 0.000048
9949 0.000193
9950 0.000097
9951 0.000088
9952 0.000117
9953 0.000062
9954 0.000041
9955 0.000073
9956 0.000051
9957 0.000083
9958 0.000069
9959 0.000148
9960 0.000107
9961 0.000094
9962 0.000188
9963 0.000112
9964 0.000174
9965 0.000071
9966 0.000095
9967 0.000073
9968 0.000058
9969 0.000032
9970 0.000028
9971 0.000096
9972 0.000139
9973 0.000102
9974 0.000110
9975 0.000107
9976 0.000033
9977 0.000052
9978 0.000083
9979 0.000117
9980 0.000150
9981 0.000209
9982 0.000257
9983 0.000159
9984 0.000056
9985 0.000086
9986 0.000049
9987 0.000023
9988 0.000078
9989 0.000047
9990 0.000063
9991 0.000091
9992 0.000072
9993 0.000096
9994 0.000066
9995 0.000029
9996 0.000023
9997 0.000117
9998 0.000083
9999 0.000085
Sum of ranks: 1.000000
Iterations: 15
Converged: true
Execution time: 1.57236 ms
